update_num,q1_loss,q2_loss,actor_loss,alpha,entropy,td_error
1,0.764456,0.768581,nan,0.200000,nan,1.991100
2,0.592691,0.596255,1.068223,0.200020,-5.204080,1.639915
3,0.599038,0.599568,nan,0.200020,nan,1.650512
4,0.661372,0.660438,1.354410,0.200038,-6.589594,1.787967
5,0.610474,0.609243,nan,0.200038,nan,1.648188
6,0.817149,0.815513,1.460246,0.200057,-7.105027,2.104798
7,0.718528,0.719104,nan,0.200057,nan,1.887599
8,0.501253,0.501343,1.654833,0.200076,-8.050842,1.398006
9,0.520666,0.521666,nan,0.200076,nan,1.479850
10,0.727102,0.728264,2.015502,0.200095,-9.823306,1.915848
11,0.460812,0.461634,nan,0.200095,nan,1.329115
12,0.627380,0.626764,1.563473,0.200115,-7.522686,1.696757
13,0.718351,0.718133,nan,0.200115,nan,1.872307
14,0.745536,0.745284,1.657177,0.200134,-7.959455,1.938035
15,0.492903,0.494030,nan,0.200134,nan,1.410748
16,0.593927,0.594275,1.404455,0.200153,-6.678962,1.603944
17,0.596190,0.596881,nan,0.200153,nan,1.635528
18,0.732241,0.733077,1.444299,0.200172,-6.837869,1.917541
19,0.746033,0.746120,nan,0.200172,nan,1.926686
20,0.668809,0.667993,1.380794,0.200190,-6.437824,1.796571
21,0.603590,0.602812,nan,0.200190,nan,1.665696
22,0.697069,0.696615,1.529987,0.200209,-7.155145,1.841867
23,0.735761,0.736544,nan,0.200209,nan,1.945014
24,0.620417,0.622156,1.798083,0.200228,-8.402042,1.699115
25,0.714557,0.716456,nan,0.200228,nan,1.872668
26,0.797356,0.798184,1.321986,0.200246,-5.972070,2.041365
27,0.487117,0.487552,nan,0.200246,nan,1.390847
28,0.558616,0.558425,2.046131,0.200265,-9.420912,1.594177
29,0.633530,0.634243,nan,0.200265,nan,1.733797
30,0.569544,0.570206,1.713933,0.200285,-7.706904,1.542555
31,0.733967,0.735027,nan,0.200285,nan,1.912865
32,0.543035,0.542854,1.676821,0.200304,-7.306739,1.522948
33,0.572053,0.572106,nan,0.200304,nan,1.586128
34,0.583511,0.584055,1.933380,0.200324,-8.405710,1.603781
35,0.764603,0.764397,nan,0.200324,nan,1.989870
36,0.498526,0.498323,1.816452,0.200343,-7.800622,1.429310
37,0.581809,0.581200,nan,0.200343,nan,1.607799
38,0.484123,0.483456,1.978381,0.200363,-8.340532,1.398399
39,0.534302,0.534576,nan,0.200363,nan,1.525738
40,0.616545,0.617961,1.439132,0.200382,-5.531601,1.668113
41,0.471308,0.471368,nan,0.200382,nan,1.379126
42,0.519726,0.519275,1.744938,0.200401,-7.063310,1.476121
43,0.666538,0.667251,nan,0.200401,nan,1.773365
44,0.625463,0.624643,1.763916,0.200420,-7.283381,1.718498
45,0.676779,0.677986,nan,0.200420,nan,1.783412
46,0.520913,0.521900,1.906486,0.200439,-7.489764,1.483134
47,0.480783,0.482503,nan,0.200439,nan,1.386318
48,0.621753,0.622006,1.735544,0.200457,-6.830182,1.657829
49,0.666040,0.663958,nan,0.200457,nan,1.765413
50,0.454484,0.451670,1.915542,0.200476,-7.502377,1.321979
51,0.519322,0.514563,nan,0.200476,nan,1.454292
52,0.511158,0.507434,1.846592,0.200495,-6.881950,1.453140
53,0.466325,0.463617,nan,0.200495,nan,1.349729
54,0.469738,0.469330,1.910052,0.200513,-6.997811,1.361132
55,0.443330,0.445837,nan,0.200513,nan,1.299823
56,0.521222,0.520970,1.733419,0.200531,-6.340057,1.465607
57,0.547676,0.544993,nan,0.200531,nan,1.515049
58,0.394127,0.391723,2.094951,0.200549,-7.466922,1.207233
59,0.587725,0.584093,nan,0.200549,nan,1.616273
60,0.408396,0.405035,1.872992,0.200567,-5.963943,1.241909
61,0.520718,0.516724,nan,0.200567,nan,1.443158
62,0.518821,0.512783,2.479993,0.200585,-8.678003,1.477620
63,0.484388,0.480959,nan,0.200585,nan,1.391718
64,0.422662,0.416310,2.170538,0.200604,-6.946873,1.268738
65,0.532780,0.524322,nan,0.200604,nan,1.471875
66,0.564884,0.564265,2.218443,0.200622,-7.114970,1.569355
67,0.434898,0.428914,nan,0.200622,nan,1.263877
68,0.384151,0.371576,2.759048,0.200641,-9.418365,1.144947
69,0.492434,0.483349,nan,0.200641,nan,1.414329
70,0.462703,0.456588,2.191248,0.200661,-8.174501,1.342431
71,0.550653,0.543573,nan,0.200661,nan,1.524956
72,0.583881,0.574232,1.980841,0.200680,-6.522540,1.601628
73,0.462526,0.454273,nan,0.200680,nan,1.354989
74,0.518462,0.511498,2.298111,0.200699,-6.923566,1.468300
75,0.415519,0.408400,nan,0.200699,nan,1.245002
76,0.389977,0.380368,1.865868,0.200717,-4.983490,1.175576
77,0.363123,0.357139,nan,0.200717,nan,1.126319
78,0.553150,0.544799,2.651434,0.200736,-9.676922,1.510155
79,0.364682,0.357544,nan,0.200736,nan,1.124690
80,0.443253,0.435328,2.645915,0.200755,-8.741203,1.303754
81,0.424778,0.416055,nan,0.200755,nan,1.278395
82,0.346785,0.330473,2.429796,0.200775,-7.061844,1.066815
83,0.488839,0.476640,nan,0.200775,nan,1.383071
84,0.337491,0.323815,2.869128,0.200795,-9.149124,1.082799
85,0.468327,0.451254,nan,0.200795,nan,1.352063
86,0.500829,0.486609,2.375154,0.200815,-6.692733,1.419996
87,0.457172,0.445697,nan,0.200815,nan,1.309844
88,0.511035,0.500865,2.508470,0.200834,-7.379854,1.448685
89,0.435645,0.427261,nan,0.200834,nan,1.295456
90,0.357715,0.341323,2.984222,0.200854,-8.861278,1.111166
91,0.459310,0.443709,nan,0.200854,nan,1.316792
92,0.429829,0.417444,2.661854,0.200875,-7.367989,1.248168
93,0.377419,0.364529,nan,0.200875,nan,1.164625
94,0.396537,0.385420,2.313343,0.200893,-5.023195,1.186129
95,0.350149,0.343179,nan,0.200893,nan,1.086898
96,0.283587,0.272146,2.451535,0.200911,-5.490035,0.957090
97,0.365636,0.351200,nan,0.200911,nan,1.118147
98,0.349213,0.332830,2.919253,0.200929,-8.274338,1.069309
99,0.364906,0.357866,nan,0.200929,nan,1.101077
100,0.453146,0.447452,2.405662,0.200947,-6.412931,1.305726
101,0.475834,0.474700,nan,0.200947,nan,1.362992
102,0.529267,0.526018,2.370911,0.200964,-5.956195,1.487734
103,0.371471,0.359588,nan,0.200964,nan,1.160810
104,0.293269,0.281619,2.409796,0.200980,-5.765838,0.938293
105,0.386711,0.380370,nan,0.200980,nan,1.180175
106,0.310776,0.298129,2.859981,0.200996,-6.312012,1.007912
107,0.381526,0.370619,nan,0.200996,nan,1.136941
108,0.335650,0.320127,3.208766,0.201012,-7.583670,1.051879
109,0.432388,0.419789,nan,0.201012,nan,1.276336
110,0.363743,0.352451,2.654627,0.201028,-5.935500,1.120730
111,0.350550,0.344580,nan,0.201028,nan,1.087692
112,0.428523,0.430506,2.665606,0.201045,-8.116940,1.251238
113,0.575404,0.596413,nan,0.201045,nan,1.609724
114,0.481533,0.489076,2.225280,0.201062,-6.864115,1.379537
115,0.385085,0.372711,nan,0.201062,nan,1.138674
116,0.452548,0.430281,2.901210,0.201078,-7.487820,1.299222
117,0.424655,0.401156,nan,0.201078,nan,1.244907
118,0.471955,0.472629,2.784842,0.201095,-6.581156,1.350558
119,0.444445,0.406117,nan,0.201095,nan,1.272991
120,0.347466,0.345160,3.520918,0.201113,-7.946680,1.087959
121,0.348938,0.343489,nan,0.201113,nan,1.090041
122,0.456387,0.447120,2.480442,0.201129,-5.612719,1.352279
123,0.454858,0.470871,nan,0.201129,nan,1.317021
124,0.263947,0.275628,2.712433,0.201146,-7.207795,0.879501
125,0.519737,0.557373,nan,0.201146,nan,1.479566
126,0.460413,0.489605,3.084993,0.201163,-7.922918,1.351547
127,0.372978,0.375327,nan,0.201163,nan,1.131743
128,0.333486,0.331382,2.867041,0.201180,-5.965430,1.022522
129,0.278716,0.271164,nan,0.201180,nan,0.949561
130,0.288344,0.293986,2.428064,0.201196,-5.281008,0.958922
131,0.388406,0.380181,nan,0.201196,nan,1.185665
132,0.364882,0.361637,2.793391,0.201212,-7.748699,1.128034
133,0.428396,0.438599,nan,0.201212,nan,1.249606
134,0.284666,0.290534,2.798596,0.201228,-7.282207,0.925859
135,0.438191,0.453956,nan,0.201228,nan,1.292181
136,0.576330,0.574422,2.578998,0.201244,-5.498303,1.578702
137,0.484841,0.488734,nan,0.201244,nan,1.383858
138,0.476755,0.477422,3.113111,0.201260,-6.090692,1.380516
139,0.327638,0.326760,nan,0.201260,nan,1.034972
140,0.298752,0.298993,3.066067,0.201275,-6.249478,0.990430
141,0.339622,0.343013,nan,0.201275,nan,1.060611
142,0.472943,0.465051,2.853935,0.201289,-4.815068,1.369619
143,0.382023,0.393699,nan,0.201289,nan,1.154131
144,0.267675,0.272459,3.052906,0.201302,-5.988138,0.900773
145,0.228961,0.235205,nan,0.201302,nan,0.799283
146,0.285212,0.294932,2.966786,0.201316,-6.440652,0.967582
147,0.432613,0.440200,nan,0.201316,nan,1.248319
148,0.337140,0.342642,2.775970,0.201330,-6.391125,1.078825
149,0.301122,0.302905,nan,0.201330,nan,0.991696
150,0.263410,0.250192,3.096944,0.201344,-7.415445,0.869901
151,0.368560,0.371681,nan,0.201344,nan,1.145536
152,0.333243,0.343391,3.129729,0.201358,-5.839221,1.053240
153,0.330210,0.335025,nan,0.201358,nan,1.044838
154,0.273161,0.298411,3.025715,0.201373,-7.822350,0.943176
155,0.400204,0.427709,nan,0.201373,nan,1.197791
156,0.300966,0.312346,2.787491,0.201388,-5.835333,0.977327
157,0.364705,0.366498,nan,0.201388,nan,1.156651
158,0.460425,0.445787,3.707895,0.201403,-8.175416,1.351442
159,0.312461,0.310873,nan,0.201403,nan,1.031335
160,0.292791,0.319514,3.497987,0.201419,-6.408401,0.951208
161,0.373265,0.377364,nan,0.201419,nan,1.123235
162,0.276310,0.273962,2.604627,0.201433,-5.075266,0.902827
163,0.394935,0.421969,nan,0.201433,nan,1.215321
164,0.390761,0.402334,2.518634,0.201449,-7.556344,1.204814
165,0.387696,0.408663,nan,0.201449,nan,1.179801
166,0.438184,0.465386,2.423866,0.201465,-7.812021,1.279352
167,0.487611,0.484930,nan,0.201465,nan,1.391721
168,0.462678,0.436182,2.523916,0.201479,-4.578866,1.356085
169,0.495094,0.468259,nan,0.201479,nan,1.414754
170,0.346383,0.335843,3.158575,0.201494,-6.905268,1.100355
171,0.268134,0.260147,nan,0.201494,nan,0.926624
172,0.290676,0.299553,3.719450,0.201509,-6.595525,0.965609
173,0.485656,0.477450,nan,0.201509,nan,1.388439
174,0.286604,0.281782,3.295607,0.201524,-6.747300,0.964642
175,0.330693,0.336021,nan,0.201524,nan,1.091399
176,0.250153,0.245740,3.250217,0.201540,-6.665486,0.870865
177,0.223897,0.232302,nan,0.201540,nan,0.816679
178,0.279077,0.280762,3.145669,0.201556,-8.425764,0.949238
179,0.320765,0.317710,nan,0.201556,nan,1.034658
180,0.429028,0.409719,2.692338,0.201572,-6.232027,1.259450
181,0.395685,0.381742,nan,0.201572,nan,1.185168
182,0.401087,0.396505,3.173162,0.201588,-6.351752,1.207646
183,0.397893,0.396073,nan,0.201588,nan,1.207077
184,0.345471,0.351924,3.588176,0.201605,-6.864993,1.056782
185,0.433907,0.432672,nan,0.201605,nan,1.263307
186,0.271560,0.269899,3.893378,0.201621,-7.123847,0.926089
187,0.387568,0.390342,nan,0.201621,nan,1.186974
188,0.237451,0.238033,3.018106,0.201636,-5.059611,0.857485
189,0.303500,0.303034,nan,0.201636,nan,1.017954
190,0.292899,0.297023,3.544982,0.201653,-8.752041,0.979032
191,0.271342,0.282281,nan,0.201653,nan,0.897787
192,0.292304,0.288588,3.279246,0.201670,-6.605403,0.927705
193,0.342356,0.350547,nan,0.201670,nan,1.086995
194,0.297038,0.295113,3.121639,0.201686,-6.714704,0.973628
195,0.440389,0.436003,nan,0.201686,nan,1.296965
196,0.410961,0.407379,2.531327,0.201703,-6.699248,1.252209
197,0.311738,0.307007,nan,0.201703,nan,0.996757
198,0.411851,0.421034,3.379083,0.201721,-9.332211,1.228348
199,0.315891,0.315648,nan,0.201721,nan,1.009196
200,0.342066,0.348695,3.242189,0.201740,-7.742073,1.078174
201,0.243012,0.236888,nan,0.201740,nan,0.870714
202,0.390118,0.392144,3.394837,0.201758,-5.816734,1.165229
203,0.308612,0.316537,nan,0.201758,nan,1.000137
204,0.366325,0.369498,2.887716,0.201774,-4.358078,1.170461
205,0.299762,0.295052,nan,0.201774,nan,1.009716
206,0.405088,0.405175,3.146692,0.201790,-5.472960,1.195486
207,0.318308,0.308717,nan,0.201790,nan,1.006234
208,0.327803,0.323561,4.023996,0.201806,-8.296696,1.061519
209,0.271629,0.267905,nan,0.201806,nan,0.880399
210,0.281395,0.286474,3.415528,0.201821,-4.718585,0.944369
211,0.286357,0.283503,nan,0.201821,nan,0.949808
212,0.122845,0.125655,3.967784,0.201837,-7.857952,0.559309
213,0.175805,0.183000,nan,0.201837,nan,0.692297
214,0.274824,0.277200,3.586615,0.201855,-8.405485,0.913445
215,0.339731,0.346510,nan,0.201855,nan,1.090552
216,0.523209,0.556814,2.839846,0.201872,-7.273251,1.483892
217,0.484964,0.506866,nan,0.201872,nan,1.401853
218,0.361319,0.366516,2.863961,0.201890,-7.217851,1.108027
219,0.355722,0.346453,nan,0.201890,nan,1.100644
220,0.458797,0.450537,3.264250,0.201908,-7.981952,1.343867
221,0.318131,0.311711,nan,0.201908,nan,1.016252
222,0.283895,0.290230,3.381926,0.201926,-5.724751,0.951238
223,0.363791,0.364248,nan,0.201926,nan,1.129277
224,0.407166,0.411491,3.110421,0.201943,-5.439271,1.217287
225,0.223678,0.220460,nan,0.201943,nan,0.837977
226,0.282284,0.290507,2.902907,0.201960,-7.551567,0.952093
227,0.285319,0.282653,nan,0.201960,nan,0.976944
228,0.244377,0.240942,2.583218,0.201976,-5.169583,0.888059
229,0.387208,0.401885,nan,0.201976,nan,1.197179
230,0.422205,0.424200,3.372575,0.201992,-6.264853,1.258473
231,0.267343,0.280184,nan,0.201992,nan,0.896272
232,0.295799,0.299583,2.997014,0.202007,-5.145450,0.979717
233,0.341601,0.345802,nan,0.202007,nan,1.082352
234,0.305099,0.309337,3.544789,0.202021,-6.282727,0.992648
235,0.390740,0.395822,nan,0.202021,nan,1.184088
236,0.380446,0.377354,3.193271,0.202035,-5.553144,1.150611
237,0.277610,0.278458,nan,0.202035,nan,0.929914
238,0.396775,0.396035,3.383693,0.202050,-7.121324,1.194230
239,0.301095,0.298526,nan,0.202050,nan,0.952861
240,0.327548,0.333030,3.595687,0.202065,-7.356432,1.042267
241,0.301046,0.300888,nan,0.202065,nan,0.992469
242,0.326907,0.328456,3.695122,0.202081,-7.262272,1.039843
243,0.308720,0.311481,nan,0.202081,nan,1.001013
244,0.314593,0.311737,3.467619,0.202096,-5.862912,1.027358
245,0.327452,0.335287,nan,0.202096,nan,1.055297
246,0.285776,0.293031,3.425161,0.202113,-7.859261,0.953319
247,0.332824,0.355493,nan,0.202113,nan,1.045086
248,0.358828,0.377600,2.446654,0.202128,-4.845172,1.115401
249,0.286332,0.278662,nan,0.202128,nan,0.969976
250,0.450928,0.436675,3.185752,0.202144,-7.844066,1.300582
251,0.416967,0.388578,nan,0.202144,nan,1.216412
252,0.271583,0.245558,3.326240,0.202159,-6.280609,0.908681
253,0.345986,0.349256,nan,0.202159,nan,1.086154
254,0.335718,0.332059,3.385854,0.202175,-6.067790,1.089606
255,0.330642,0.330375,nan,0.202175,nan,1.034897
256,0.313814,0.316583,3.256428,0.202189,-5.479989,1.013840
257,0.296407,0.284555,nan,0.202189,nan,0.978916
258,0.263625,0.240498,3.205376,0.202203,-4.970424,0.915608
259,0.324272,0.305499,nan,0.202203,nan,1.065123
260,0.305838,0.312569,3.085603,0.202215,-4.102678,0.992243
261,0.330182,0.331403,nan,0.202215,nan,1.084481
262,0.326969,0.290837,4.297831,0.202229,-9.018023,1.079720
263,0.297480,0.338802,nan,0.202229,nan,0.960085
264,0.352474,0.398855,3.154098,0.202243,-4.972507,1.125705
265,0.372032,0.393111,nan,0.202243,nan,1.176043
266,0.285541,0.289952,3.934605,0.202256,-6.450735,0.948854
267,0.240921,0.264802,nan,0.202256,nan,0.853917
268,0.314753,0.325034,3.494850,0.202268,-4.995236,1.039258
269,0.400661,0.402125,nan,0.202268,nan,1.185354
270,0.250723,0.279517,3.662205,0.202282,-7.300543,0.896617
271,0.373054,0.466338,nan,0.202282,nan,1.136184
272,0.271676,0.303507,2.948804,0.202295,-5.808973,0.907679
273,0.300496,0.296534,nan,0.202295,nan,1.004322
274,0.286816,0.291963,3.495656,0.202309,-7.188107,0.948181
275,0.404534,0.387163,nan,0.202309,nan,1.236620
276,0.320284,0.291259,3.101080,0.202322,-5.919772,1.070773
277,0.325650,0.325796,nan,0.202322,nan,1.049504
278,0.346354,0.359050,3.922372,0.202338,-8.525580,1.092087
279,0.206478,0.203248,nan,0.202338,nan,0.783557
280,0.271106,0.276167,3.359288,0.202351,-3.647290,0.937901
281,0.311086,0.308527,nan,0.202351,nan,1.028036
282,0.361106,0.365364,3.365690,0.202363,-5.590669,1.133480
283,0.466616,0.478749,nan,0.202363,nan,1.346214
284,0.391407,0.396192,2.842860,0.202373,-2.654378,1.194541
285,0.380983,0.389107,nan,0.202373,nan,1.182842
286,0.260065,0.257424,3.852285,0.202384,-6.421870,0.924308
287,0.369654,0.383458,nan,0.202384,nan,1.160442
288,0.325579,0.335665,3.369763,0.202394,-4.550892,1.035872
289,0.321195,0.322227,nan,0.202394,nan,1.053668
290,0.352099,0.365745,3.496692,0.202403,-5.735204,1.109729
291,0.367223,0.357907,nan,0.202403,nan,1.120543
292,0.329988,0.327726,3.671631,0.202413,-5.996951,1.071861
293,0.278680,0.278860,nan,0.202413,nan,0.932487
294,0.182024,0.187773,3.352299,0.202422,-4.773038,0.717462
295,0.316088,0.316596,nan,0.202422,nan,1.048690
296,0.377191,0.375410,3.668311,0.202431,-5.286684,1.192424
297,0.287392,0.283700,nan,0.202431,nan,0.950407
298,0.398091,0.397375,3.879570,0.202442,-7.854377,1.207314
299,0.389305,0.387887,nan,0.202442,nan,1.153049
300,0.317524,0.318923,3.773785,0.202453,-6.303932,1.017650
301,0.296722,0.292577,nan,0.202453,nan,0.996108
302,0.237565,0.246942,4.099125,0.202464,-6.978632,0.862233
303,0.300342,0.297136,nan,0.202464,nan,1.003072
304,0.219963,0.220175,3.562382,0.202477,-7.424562,0.796932
305,0.426226,0.428539,nan,0.202477,nan,1.269063
306,0.423217,0.422340,3.672751,0.202492,-7.776749,1.248326
307,0.358030,0.358068,nan,0.202492,nan,1.131871
308,0.409485,0.403427,3.831349,0.202505,-5.651291,1.248949
309,0.319333,0.317639,nan,0.202505,nan,1.043287
310,0.386836,0.385620,4.035491,0.202519,-5.736606,1.165498
311,0.338397,0.342729,nan,0.202519,nan,1.115777
312,0.318219,0.331111,4.284997,0.202532,-6.357011,1.041106
313,0.377113,0.385759,nan,0.202532,nan,1.153373
314,0.333074,0.343356,3.514026,0.202545,-6.084424,1.072235
315,0.365505,0.387671,nan,0.202545,nan,1.129669
316,0.488085,0.481417,2.382701,0.202556,-2.893131,1.407772
317,0.412681,0.403805,nan,0.202556,nan,1.249513
318,0.320261,0.319260,3.384426,0.202567,-6.180603,1.043537
319,0.300972,0.302502,nan,0.202567,nan,1.011207
320,0.251778,0.249551,3.972671,0.202579,-6.860581,0.856235
321,0.199989,0.197478,nan,0.202579,nan,0.767392
322,0.295931,0.292935,3.427302,0.202590,-4.723708,0.975520
323,0.321941,0.307232,nan,0.202590,nan,1.052046
324,0.294991,0.286984,4.076966,0.202600,-5.053227,1.013675
325,0.423392,0.415573,nan,0.202600,nan,1.247926
326,0.313311,0.291904,4.076067,0.202611,-6.142165,0.993296
327,0.420113,0.409294,nan,0.202611,nan,1.271343
328,0.310961,0.320846,3.423603,0.202622,-6.418804,1.017131
329,0.478770,0.472235,nan,0.202622,nan,1.389321
330,0.573748,0.554019,2.930296,0.202633,-5.682394,1.593807
331,0.440803,0.418664,nan,0.202633,nan,1.317350
332,0.333211,0.329341,3.677302,0.202645,-7.059663,1.078391
333,0.258266,0.272503,nan,0.202645,nan,0.888563
334,0.316622,0.300896,4.235261,0.202657,-6.055107,1.058894
335,0.427818,0.426530,nan,0.202657,nan,1.259969
336,0.249736,0.258784,3.882411,0.202669,-5.774926,0.875611
337,0.336844,0.343752,nan,0.202669,nan,1.094485
338,0.388097,0.381958,4.080859,0.202682,-6.882747,1.162259
339,0.376433,0.379822,nan,0.202682,nan,1.105109
340,0.267279,0.262433,3.890861,0.202695,-7.096958,0.906875
341,0.458368,0.455112,nan,0.202695,nan,1.343676
342,0.265107,0.272238,3.489345,0.202708,-4.911242,0.940002
343,0.302378,0.290891,nan,0.202708,nan,1.007996
344,0.277079,0.286457,3.083077,0.202718,-3.661232,0.898987
345,0.297471,0.300401,nan,0.202718,nan,0.982924
346,0.419154,0.423864,2.806343,0.202726,-2.146606,1.243956
347,0.334116,0.340006,nan,0.202726,nan,1.045191
348,0.159763,0.157013,3.847478,0.202735,-6.857309,0.683741
349,0.235383,0.245065,nan,0.202735,nan,0.859004
350,0.331782,0.323452,4.077573,0.202743,-4.900329,1.048734
351,0.359486,0.336746,nan,0.202743,nan,1.139952
352,0.287130,0.280910,3.811651,0.202752,-6.221859,0.976050
353,0.479076,0.478403,nan,0.202752,nan,1.391607
354,0.726225,0.648313,2.582265,0.202761,-5.668031,1.919575
355,0.773564,0.652725,nan,0.202761,nan,1.995825
356,0.755920,0.662127,2.479554,0.202769,-4.644443,1.974349
357,0.727194,0.618928,nan,0.202769,nan,1.913026
358,0.481797,0.420370,3.106165,0.202776,-4.097698,1.360836
359,0.509109,0.508046,nan,0.202776,nan,1.465800
360,0.348306,0.333251,4.095844,0.202784,-5.461241,1.112070
361,0.277171,0.275934,nan,0.202784,nan,0.929043
362,0.236897,0.254826,4.447248,0.202793,-7.831666,0.865574
363,0.331346,0.341362,nan,0.202793,nan,1.057900
364,0.430173,0.353187,3.892670,0.202802,-5.277884,1.288688
365,0.317528,0.306259,nan,0.202802,nan,1.044172
366,0.358605,0.338564,2.935082,0.202808,-2.089379,1.137468
367,0.296470,0.314719,nan,0.202808,nan,1.002338
368,0.266452,0.264459,4.191969,0.202815,-5.879986,0.915826
369,0.281685,0.277530,nan,0.202815,nan,0.945152
370,0.253492,0.255507,3.943597,0.202822,-5.975638,0.916350
371,0.369517,0.369025,nan,0.202822,nan,1.167836
372,0.335901,0.345782,3.185114,0.202828,-4.515997,1.081487
373,0.442837,0.440199,nan,0.202828,nan,1.301298
374,0.349310,0.349950,3.676770,0.202836,-6.356458,1.107196
375,0.458193,0.483920,nan,0.202836,nan,1.386917
376,0.373115,0.433805,3.502810,0.202844,-6.003845,1.146763
377,0.327716,0.341128,nan,0.202844,nan,1.028853
378,0.298426,0.290406,3.790128,0.202851,-4.353523,1.014363
379,0.332041,0.329189,nan,0.202851,nan,1.104412
380,0.365784,0.383403,4.310894,0.202860,-7.264676,1.203934
381,0.273576,0.303328,nan,0.202860,nan,0.924985
382,0.375508,0.382414,4.027339,0.202869,-5.971956,1.135051
383,0.299278,0.283203,nan,0.202869,nan,0.976352
384,0.381086,0.384475,3.720928,0.202877,-5.000102,1.162526
385,0.399634,0.435413,nan,0.202877,nan,1.213563
386,0.294936,0.330153,3.516505,0.202885,-4.663260,0.978973
387,0.374328,0.379349,nan,0.202885,nan,1.129561
388,0.321695,0.333485,3.854044,0.202892,-4.279761,1.066687
389,0.365993,0.401088,nan,0.202892,nan,1.139380
390,0.307435,0.302718,3.877646,0.202899,-5.427632,0.995008
391,0.385660,0.376931,nan,0.202899,nan,1.154968
392,0.374562,0.398586,4.833181,0.202906,-4.901262,1.160792
393,0.367950,0.335964,nan,0.202906,nan,1.132536
394,0.293355,0.283770,3.626667,0.202913,-4.771189,0.998417
395,0.361725,0.356205,nan,0.202913,nan,1.137677
396,0.376632,0.275184,3.865740,0.202919,-5.376776,1.203737
397,0.553830,0.318576,nan,0.202919,nan,1.550269
398,0.497059,0.377828,3.867407,0.202925,-4.096092,1.441352
399,0.230858,0.234175,nan,0.202925,nan,0.856617
400,0.418106,0.420697,4.691325,0.202931,-6.488913,1.253152
401,0.397262,0.303598,nan,0.202931,nan,1.224633
402,0.449471,0.419568,4.166027,0.202938,-5.009752,1.331500
403,0.289523,0.427972,nan,0.202938,nan,0.932766
404,0.524858,0.544646,3.763557,0.202944,-4.537209,1.498888
405,0.311424,0.240047,nan,0.202944,nan,1.018155
406,0.324484,0.277653,3.846051,0.202948,-3.842457,1.089151
407,0.329911,0.336793,nan,0.202948,nan,1.091731
408,0.410095,0.414946,4.245928,0.202954,-5.634736,1.258960
409,0.317423,0.386811,nan,0.202954,nan,1.061602
410,0.293269,0.289920,3.985266,0.202959,-5.221367,1.001808
411,0.348460,0.323757,nan,0.202959,nan,1.083626
412,0.346550,0.320107,4.357585,0.202965,-6.250846,1.107283
413,0.307191,0.308279,nan,0.202965,nan,1.016946
414,0.359299,0.359799,4.353901,0.202971,-4.628398,1.127217
415,0.323178,0.309942,nan,0.202971,nan,1.049987
416,0.315524,0.302403,4.291660,0.202978,-6.668852,1.041263
417,0.262894,0.280044,nan,0.202978,nan,0.931457
418,0.311140,0.306322,4.237284,0.202987,-6.467527,1.021096
419,0.427332,0.420055,nan,0.202987,nan,1.291502
420,0.301732,0.280969,4.520467,0.202996,-6.396441,0.981419
421,0.293577,0.293580,nan,0.202996,nan,0.952585
422,0.408229,0.405465,3.971292,0.203004,-5.041487,1.245190
423,0.346321,0.379842,nan,0.203004,nan,1.136025
424,0.376026,0.408642,3.740001,0.203012,-4.677134,1.166962
425,0.363180,0.316912,nan,0.203012,nan,1.125824
426,0.421126,0.406179,4.441843,0.203021,-6.855745,1.266246
427,0.320563,0.326485,nan,0.203021,nan,1.020282
428,0.272929,0.294036,4.064925,0.203030,-4.870909,0.941175
429,0.280609,0.334675,nan,0.203030,nan,0.944728
430,0.220366,0.230297,3.869888,0.203036,-2.806776,0.797782
431,0.228712,0.208697,nan,0.203036,nan,0.806801
432,0.257363,0.317427,4.259788,0.203043,-5.719646,0.936243
433,0.365605,0.347643,nan,0.203043,nan,1.138194
434,0.351483,0.401812,3.718491,0.203050,-5.472612,1.113041
435,0.326656,0.430029,nan,0.203050,nan,1.051036
436,0.434940,0.436130,4.017846,0.203058,-6.324704,1.302072
437,0.474278,0.398186,nan,0.203058,nan,1.380419
438,0.352884,0.296485,4.398336,0.203067,-6.310623,1.116091
439,0.271379,0.285486,nan,0.203067,nan,0.943660
440,0.256088,0.261919,4.198433,0.203075,-4.807730,0.913319
441,0.321344,0.346871,nan,0.203075,nan,1.037907
442,0.359720,0.415943,3.767492,0.203082,-4.331264,1.143919
443,0.296453,0.298004,nan,0.203082,nan,0.953648
444,0.245588,0.235596,4.486551,0.203090,-5.256518,0.875918
445,0.309839,0.271417,nan,0.203090,nan,1.031214
446,0.430241,0.450629,4.312670,0.203098,-5.992004,1.298398
447,0.381256,0.402860,nan,0.203098,nan,1.174603
448,0.371474,0.364588,3.726478,0.203104,-4.044256,1.159678
449,0.431623,0.406693,nan,0.203104,nan,1.296768
450,0.511633,0.393104,4.160872,0.203111,-4.871903,1.436686
451,0.521571,0.383590,nan,0.203111,nan,1.441625
452,0.434966,0.334018,4.343551,0.203117,-5.151937,1.292045
453,0.213354,0.221531,nan,0.203117,nan,0.810243
454,0.313945,0.298658,4.522169,0.203122,-4.257199,1.026885
455,0.377714,0.406514,nan,0.203122,nan,1.167791
456,0.377931,0.436504,4.448875,0.203129,-6.008287,1.180910
457,0.308608,0.303181,nan,0.203129,nan,1.009128
458,0.392290,0.373027,4.368628,0.203134,-4.426837,1.174944
459,0.391548,0.393796,nan,0.203134,nan,1.161976
460,0.278339,0.246543,3.918300,0.203140,-4.796167,0.973028
461,0.325891,0.400028,nan,0.203140,nan,1.066331
462,0.300732,0.324957,4.021125,0.203145,-4.363150,0.985388
463,0.252900,0.237330,nan,0.203145,nan,0.903420
464,0.426596,0.450524,3.824209,0.203149,-4.545740,1.293760
465,0.399153,0.396178,nan,0.203149,nan,1.235393
466,0.411878,0.416710,3.082741,0.203153,-4.780651,1.245868
467,0.564966,0.558717,nan,0.203153,nan,1.572469
468,0.534666,0.495884,3.339179,0.203157,-4.585840,1.533926
469,0.402049,0.357696,nan,0.203157,nan,1.243046
470,0.360050,0.347159,4.387532,0.203160,-3.913247,1.119089
471,0.331444,0.326751,nan,0.203160,nan,1.076287
472,0.260095,0.256070,4.652955,0.203164,-5.767034,0.918108
473,0.294892,0.316139,nan,0.203164,nan,0.969976
474,0.325779,0.328489,3.834450,0.203167,-3.753875,1.035438
475,0.491208,0.476342,nan,0.203167,nan,1.411864
476,0.372942,0.327493,5.055552,0.203170,-5.820563,1.150697
477,0.300838,0.373642,nan,0.203170,nan,1.006365
478,0.280035,0.302367,4.306465,0.203174,-5.280907,0.944876
479,0.340925,0.499723,nan,0.203174,nan,1.095359
480,0.375642,0.526789,3.926482,0.203179,-5.093786,1.175298
481,0.491261,0.537904,nan,0.203179,nan,1.414257
482,0.388767,0.351568,4.616242,0.203184,-6.390381,1.210199
483,0.357947,0.366280,nan,0.203184,nan,1.148993
484,0.450868,0.371693,4.188965,0.203189,-3.882283,1.330965
485,0.391455,0.424021,nan,0.203189,nan,1.220117
486,0.305837,0.267469,4.540829,0.203195,-6.626111,1.035476
487,0.347554,0.602674,nan,0.203195,nan,1.142278
488,0.308343,0.500513,3.355694,0.203200,-4.110456,1.025217
489,0.424166,0.602374,nan,0.203200,nan,1.285571
490,0.512425,0.528145,3.419789,0.203205,-4.478499,1.444780
491,0.322428,0.275892,nan,0.203205,nan,1.066957
492,0.401796,0.368523,4.937110,0.203210,-5.634661,1.276177
493,0.347913,0.427557,nan,0.203210,nan,1.130836
494,0.482036,0.482293,4.644507,0.203215,-4.590423,1.400908
495,0.431834,0.509533,nan,0.203215,nan,1.323828
496,0.275727,0.334418,3.853230,0.203219,-4.112157,0.985163
497,0.392355,0.393098,nan,0.203219,nan,1.207376
498,0.416270,0.351013,4.425510,0.203222,-4.686327,1.260672
499,0.289514,0.410911,nan,0.203222,nan,0.965421
500,0.362109,0.417218,4.028730,0.203227,-5.579265,1.156669
501,0.335018,0.343923,nan,0.203227,nan,1.073636
502,0.395451,0.469577,4.362334,0.203233,-6.361124,1.203791
503,0.362576,0.512963,nan,0.203233,nan,1.149487
504,0.424390,0.592766,3.981960,0.203239,-5.644044,1.293228
505,0.208275,0.207203,nan,0.203239,nan,0.776431
506,0.381401,0.416501,4.848587,0.203245,-4.888265,1.177029
507,0.370754,0.347166,nan,0.203245,nan,1.163593
508,0.284689,0.324989,4.274100,0.203251,-4.831542,0.960767
509,0.284814,0.353520,nan,0.203251,nan,0.973640
510,0.252586,0.262080,4.309804,0.203256,-4.678020,0.896285
511,0.375102,0.387649,nan,0.203256,nan,1.151608
512,0.368833,0.339899,3.607343,0.203259,-3.021304,1.156826
513,0.398488,0.295345,nan,0.203259,nan,1.206695
514,0.289805,0.336127,4.432164,0.203262,-4.085513,0.981396
515,0.272212,0.271836,nan,0.203262,nan,0.952786
516,0.404882,0.386322,3.936060,0.203265,-4.827393,1.229826
517,0.286693,0.308281,nan,0.203265,nan,0.961032
518,0.342095,0.364407,3.336939,0.203266,-3.067073,1.094628
519,0.417873,0.400824,nan,0.203266,nan,1.275060
520,0.339189,0.286784,4.207750,0.203266,-3.660654,1.095431
521,0.339879,0.356405,nan,0.203266,nan,1.087981
522,0.337207,0.352064,4.599404,0.203267,-4.348525,1.078672
523,0.360405,0.364813,nan,0.203267,nan,1.143014
524,0.292769,0.297982,3.500494,0.203266,-3.521573,0.971014
525,0.375142,0.347193,nan,0.203266,nan,1.187008
526,0.360249,0.328348,3.242177,0.203264,-3.539086,1.133397
527,0.506235,0.517347,nan,0.203264,nan,1.465561
528,0.334667,0.362519,3.840456,0.203262,-3.546630,1.086830
529,0.198699,0.196416,nan,0.203262,nan,0.774357
530,0.296810,0.310940,5.065857,0.203261,-6.396811,1.006514
531,0.284939,0.295228,nan,0.203261,nan,0.989778
532,0.307554,0.324490,3.669087,0.203261,-4.314438,1.003391
533,0.491006,0.524283,nan,0.203261,nan,1.413417
534,0.345255,0.349225,4.309318,0.203262,-6.106927,1.090570
535,0.385534,0.383155,nan,0.203262,nan,1.159910
536,0.308032,0.310816,3.393814,0.203262,-4.083975,1.045894
537,0.348647,0.428890,nan,0.203262,nan,1.100514
538,0.447462,0.480734,3.212531,0.203262,-3.762608,1.327327
539,0.463282,0.429688,nan,0.203262,nan,1.347656
540,0.606652,0.558945,3.848241,0.203262,-4.407604,1.681838
541,0.229100,0.229999,nan,0.203262,nan,0.843653
542,0.279426,0.296117,4.409158,0.203262,-4.624220,0.926443
543,0.336996,0.329801,nan,0.203262,nan,1.068477
544,0.261020,0.240503,3.595436,0.203261,-3.759535,0.894579
545,0.416598,0.401658,nan,0.203261,nan,1.260600
546,0.593165,0.573835,3.604096,0.203260,-4.154990,1.619095
547,0.434499,0.442166,nan,0.203260,nan,1.268095
548,0.339514,0.369381,3.798282,0.203259,-3.874418,1.083613
549,0.431169,0.432808,nan,0.203259,nan,1.283878
550,0.344973,0.363215,4.353381,0.203258,-4.884829,1.061820
551,0.290333,0.287166,nan,0.203258,nan,0.965721
552,0.296433,0.288897,3.844997,0.203257,-4.616940,0.992391
553,0.689191,0.715256,nan,0.203257,nan,1.828904
554,0.603613,0.564071,3.387849,0.203258,-5.933111,1.623895
555,0.773807,0.627766,nan,0.203258,nan,2.007172
556,0.586538,0.407150,3.622116,0.203261,-6.892062,1.632791
557,0.378621,0.338407,nan,0.203261,nan,1.179196
558,0.378696,0.387599,4.343968,0.203264,-4.872739,1.188811
559,0.321269,0.294862,nan,0.203264,nan,1.049908
560,0.377805,0.366522,4.733921,0.203266,-3.811730,1.189731
561,0.231026,0.278533,nan,0.203266,nan,0.807777
562,0.392040,0.412373,4.143813,0.203268,-3.955483,1.214448
563,0.303826,0.293345,nan,0.203268,nan,1.004829
564,0.322917,0.313580,4.469399,0.203270,-5.199250,1.031374
565,0.170456,0.171433,nan,0.203270,nan,0.730630
566,0.332977,0.338801,4.524791,0.203271,-4.147573,1.038015
567,0.356825,0.359524,nan,0.203271,nan,1.147152
568,0.276124,0.269520,3.934180,0.203271,-3.459205,0.948319
569,0.293288,0.282196,nan,0.203271,nan,1.007027
570,0.341245,0.356121,4.122623,0.203272,-5.024356,1.098651
571,0.325369,0.327135,nan,0.203272,nan,1.079918
572,0.296311,0.308422,3.916960,0.203273,-4.216702,0.990058
573,0.308520,0.307805,nan,0.203273,nan,1.008536
574,0.378936,0.356629,4.182545,0.203273,-4.382544,1.174375
575,0.367807,0.365548,nan,0.203273,nan,1.172981
576,0.417411,0.402372,4.762144,0.203276,-6.710557,1.280825
577,0.338017,0.312547,nan,0.203276,nan,1.082484
578,0.338048,0.339338,3.942324,0.203275,-1.378156,1.087260
579,0.313446,0.324670,nan,0.203275,nan,1.066694
580,0.318952,0.326862,3.477065,0.203274,-4.322657,1.038360
581,0.564657,0.608496,nan,0.203274,nan,1.552937
582,0.495683,0.564663,2.888891,0.203273,-4.419868,1.472978
583,0.493793,0.500693,nan,0.203273,nan,1.415244
584,0.394188,0.319386,3.765789,0.203272,-3.881715,1.227513
585,0.303411,0.345257,nan,0.203272,nan,1.036703
586,0.319456,0.322974,4.678770,0.203271,-4.724144,1.057427
587,0.295809,0.255653,nan,0.203271,nan,0.946811
588,0.329566,0.293690,3.358953,0.203268,-3.098231,1.035780
589,0.366629,0.428751,nan,0.203268,nan,1.134203
590,0.593669,0.570134,2.429126,0.203266,-3.977169,1.623246
591,0.475872,0.353657,nan,0.203266,nan,1.398190
592,0.761660,0.547909,3.804358,0.203264,-4.917043,1.997287
593,0.305563,0.287224,nan,0.203264,nan,0.998909
594,0.417968,0.423157,4.420209,0.203264,-5.735842,1.288162
595,0.331247,0.357478,nan,0.203264,nan,1.076115
596,0.358478,0.337784,5.175041,0.203264,-5.681430,1.144594
597,0.415636,0.429622,nan,0.203264,nan,1.237634
598,0.406311,0.386832,4.329114,0.203265,-4.703642,1.231695
599,0.355610,0.340298,nan,0.203265,nan,1.112089
600,0.353025,0.387342,3.244092,0.203266,-4.435697,1.124635
601,0.559821,0.623553,nan,0.203266,nan,1.550110
602,0.501568,0.493074,3.756752,0.203268,-5.972691,1.445096
603,0.452645,0.431757,nan,0.203268,nan,1.316935
604,0.503372,0.520457,3.931470,0.203270,-4.424380,1.442539
605,0.392118,0.399811,nan,0.203270,nan,1.171126
606,0.320908,0.358564,3.723655,0.203271,-2.924575,1.045509
607,0.381319,0.378541,nan,0.203271,nan,1.189805
608,0.264177,0.278944,4.459209,0.203271,-4.839346,0.926730
609,0.391577,0.364874,nan,0.203271,nan,1.197397
610,0.375533,0.417908,3.615602,0.203271,-4.036945,1.148126
611,0.401348,0.459666,nan,0.203271,nan,1.229831
612,0.370146,0.375548,3.885522,0.203272,-5.242970,1.191973
613,0.445557,0.408084,nan,0.203272,nan,1.313943
614,0.327314,0.369363,3.390273,0.203272,-3.335831,1.053009
615,0.298809,0.346974,nan,0.203272,nan,0.974536
616,0.324784,0.321550,4.047558,0.203271,-3.728844,1.066554
617,0.345217,0.392452,nan,0.203271,nan,1.101625
618,0.324031,0.277187,4.200016,0.203270,-4.634379,1.046234
619,0.296744,0.321045,nan,0.203270,nan,1.001508
620,0.367676,0.376847,4.152245,0.203269,-4.204484,1.126726
621,0.279178,0.269713,nan,0.203269,nan,0.935786
622,0.672135,0.593212,4.296573,0.203268,-4.852209,1.791027
623,0.348612,0.511734,nan,0.203268,nan,1.099982
624,0.270432,0.402733,3.387547,0.203268,-4.888007,0.951023
625,0.445856,0.392478,nan,0.203268,nan,1.351264
626,0.402391,0.283704,3.990817,0.203268,-4.572018,1.225278
627,0.391946,0.328594,nan,0.203268,nan,1.182275
628,0.303316,0.339575,4.425299,0.203269,-5.537945,1.005217
629,0.510043,0.487473,nan,0.203269,nan,1.437092
630,0.421447,0.384273,3.556255,0.203269,-3.640795,1.285498
631,0.410151,0.508458,nan,0.203269,nan,1.251854
632,0.476621,0.468500,3.013611,0.203269,-4.414410,1.347894
633,0.676551,0.445896,nan,0.203269,nan,1.810860
634,0.608064,0.472177,4.269544,0.203271,-5.505998,1.661933
635,0.340787,0.254765,nan,0.203271,nan,1.089204
636,0.336545,0.348303,4.410424,0.203274,-6.197915,1.083719
637,0.384726,0.371281,nan,0.203274,nan,1.165017
638,0.465726,0.393568,4.544033,0.203277,-4.755660,1.341218
639,0.371519,0.374179,nan,0.203277,nan,1.181039
640,0.388975,0.353067,4.261409,0.203277,-2.658978,1.161906
641,0.467342,0.483523,nan,0.203277,nan,1.354967
642,0.441407,0.409334,3.693890,0.203278,-4.681376,1.306117
643,0.431466,0.471168,nan,0.203278,nan,1.271045
644,0.417949,0.462002,3.692513,0.203280,-5.379762,1.270744
645,0.425406,0.416715,nan,0.203280,nan,1.251874
646,0.271681,0.380256,3.946332,0.203281,-4.051519,0.922703
647,0.315267,0.332386,nan,0.203281,nan,1.012283
648,0.570952,0.592059,3.337488,0.203281,-3.554093,1.562172
649,0.306849,0.372382,nan,0.203281,nan,1.013414
650,0.337893,0.381103,4.300127,0.203282,-5.313932,1.084379
651,0.266216,0.267472,nan,0.203282,nan,0.897593
652,0.471808,0.453940,4.868266,0.203283,-4.573178,1.395114
653,0.362306,0.376982,nan,0.203283,nan,1.123988
654,0.438868,0.408512,4.688446,0.203283,-4.054326,1.291898
655,0.483860,0.524314,nan,0.203283,nan,1.379628
656,0.441730,0.481851,2.928454,0.203280,-1.398150,1.303011
657,0.397561,0.356329,nan,0.203280,nan,1.231692
658,0.350161,0.336033,3.425841,0.203274,-0.844527,1.094638
659,0.338059,0.337056,nan,0.203274,nan,1.121025
660,0.457096,0.462684,4.473124,0.203268,-4.734165,1.307414
661,0.364642,0.359151,nan,0.203268,nan,1.118219
662,0.254540,0.253239,3.850355,0.203263,-4.210231,0.894804
663,0.688565,0.583318,nan,0.203263,nan,1.815663
664,0.386935,0.306558,3.495995,0.203258,-4.124992,1.194072
665,0.497014,0.403639,nan,0.203258,nan,1.406270
666,0.485788,0.460667,4.181279,0.203254,-5.653915,1.417494
667,0.377321,0.382878,nan,0.203254,nan,1.165048
668,0.391611,0.439212,4.564683,0.203251,-4.539510,1.180947
669,0.473340,0.493303,nan,0.203251,nan,1.388745
670,0.347239,0.340929,3.937305,0.203246,-2.349299,1.107817
671,0.513424,0.558847,nan,0.203246,nan,1.422416
672,0.484527,0.507278,4.613436,0.203242,-4.421254,1.390826
673,0.573269,0.600877,nan,0.203242,nan,1.559067
674,0.569620,0.627369,2.644244,0.203237,-3.528242,1.554378
675,0.488949,0.444598,nan,0.203237,nan,1.412621
676,0.549076,0.434324,4.111423,0.203233,-5.299601,1.489915
677,0.468549,0.383122,nan,0.203233,nan,1.388377
678,0.466056,0.486579,4.373975,0.203230,-5.130838,1.355550
679,0.471463,0.509170,nan,0.203230,nan,1.359205
680,0.566371,0.553629,3.642492,0.203225,-1.065893,1.537352
681,0.517153,0.452498,nan,0.203225,nan,1.449810
682,0.405416,0.405219,4.071716,0.203220,-4.899393,1.167554
683,0.518915,0.458629,nan,0.203220,nan,1.460410
684,0.596902,0.481925,3.108630,0.203213,-2.196099,1.589389
685,0.540591,0.450904,nan,0.203213,nan,1.493697
686,0.586692,0.526575,4.154453,0.203207,-5.029098,1.568034
687,0.459241,0.452470,nan,0.203207,nan,1.318969
688,0.377358,0.377516,4.570168,0.203202,-4.563718,1.160591
689,0.520912,0.479225,nan,0.203202,nan,1.423952
690,0.317754,0.295314,3.941846,0.203200,-6.366275,1.046498
691,0.607879,0.608797,nan,0.203200,nan,1.642699
692,0.930312,0.801455,3.422578,0.203199,-5.632434,2.307845
693,1.053724,0.749713,nan,0.203199,nan,2.563549
694,0.885586,0.578956,3.268953,0.203197,-3.236644,2.241926
695,0.774673,0.534044,nan,0.203197,nan,1.993693
696,0.806286,0.600151,4.392884,0.203194,-4.188887,2.077382
697,0.479005,0.518912,nan,0.203194,nan,1.404513
698,0.558367,0.552779,4.521420,0.203191,-3.559287,1.530549
699,0.416427,0.378992,nan,0.203191,nan,1.232027
700,0.542557,0.477110,4.431887,0.203188,-3.650914,1.494699
701,0.552671,0.597024,nan,0.203188,nan,1.562007
702,0.465781,0.465204,4.206351,0.203184,-4.365551,1.372800
703,0.481478,0.534882,nan,0.203184,nan,1.385868
704,0.418663,0.343265,3.591102,0.203179,-2.747997,1.265902
705,0.409363,0.398105,nan,0.203179,nan,1.229291
706,0.514844,0.501724,3.074310,0.203174,-3.471905,1.432598
707,0.333653,0.343041,nan,0.203174,nan,1.029845
708,0.345446,0.314991,4.121185,0.203169,-4.158878,1.095448
709,0.469923,0.460082,nan,0.203169,nan,1.343271
710,0.506781,0.570235,3.839819,0.203162,-3.190009,1.429997
711,0.528342,0.544900,nan,0.203162,nan,1.467467
712,0.510865,0.505519,4.442099,0.203158,-5.370142,1.433655
713,0.304449,0.323110,nan,0.203158,nan,0.998529
714,0.439826,0.465291,3.944864,0.203153,-3.587832,1.272356
715,0.434581,0.470753,nan,0.203153,nan,1.268908
716,0.362191,0.366738,4.437343,0.203147,-4.059197,1.077658
717,0.459195,0.450801,nan,0.203147,nan,1.331351
718,0.243873,0.248458,4.261025,0.203143,-4.391582,0.880069
719,0.393862,0.419032,nan,0.203143,nan,1.211065
720,0.205490,0.235436,3.597228,0.203138,-4.007095,0.770228
721,0.468509,0.468030,nan,0.203138,nan,1.360681
722,0.671014,0.644724,3.752084,0.203133,-3.604753,1.801597
723,0.310904,0.301298,nan,0.203133,nan,0.976682
724,0.471899,0.500145,3.908503,0.203128,-4.699290,1.346426
725,0.448799,0.497051,nan,0.203128,nan,1.323250
726,0.370347,0.475491,4.086116,0.203123,-3.666800,1.159047
727,0.608337,0.636608,nan,0.203123,nan,1.649629
728,0.241488,0.239273,4.784046,0.203119,-4.394292,0.840295
729,0.469988,0.537112,nan,0.203119,nan,1.390536
730,0.324778,0.465658,4.250462,0.203113,-2.670331,1.005200
731,0.499561,0.500982,nan,0.203113,nan,1.409762
732,0.500855,0.531512,3.449655,0.203107,-3.656725,1.436201
733,0.641297,0.868069,nan,0.203107,nan,1.736393
734,0.766405,0.966427,2.353422,0.203100,-3.249880,2.010426
735,0.543285,0.521039,nan,0.203100,nan,1.500326
736,0.636435,0.477529,3.837230,0.203094,-4.991932,1.724908
737,0.505656,0.391101,nan,0.203094,nan,1.422236
738,0.402677,0.474412,3.968907,0.203087,-3.066410,1.241597
739,0.374739,0.393284,nan,0.203087,nan,1.136792
740,0.489516,0.552964,3.752970,0.203078,-2.079055,1.422281
741,0.339190,0.446189,nan,0.203078,nan,1.053076
742,0.447199,0.612064,3.324538,0.203068,-2.295964,1.345864
743,0.419132,0.443312,nan,0.203068,nan,1.217517
744,0.404634,0.422275,3.674825,0.203058,-3.434190,1.204417
745,0.477349,0.493938,nan,0.203058,nan,1.369738
746,0.506045,0.514291,3.041006,0.203047,-3.210717,1.407811
747,0.507312,0.562606,nan,0.203047,nan,1.414495
748,0.440649,0.560554,3.576068,0.203039,-6.014302,1.246022
749,0.410085,0.447736,nan,0.203039,nan,1.168157
750,0.491823,0.493658,3.583768,0.203031,-4.006716,1.390835
751,0.542328,0.507529,nan,0.203031,nan,1.520679
752,0.482598,0.486268,4.734321,0.203025,-5.305629,1.413519
753,0.439115,0.437414,nan,0.203025,nan,1.316686
754,0.472789,0.497658,4.026607,0.203018,-3.150602,1.365538
755,0.568196,0.557037,nan,0.203018,nan,1.589315
756,0.386021,0.401699,3.576913,0.203010,-2.926099,1.183198
757,0.807728,0.749454,nan,0.203010,nan,2.059943
758,0.468247,0.450362,3.751689,0.203003,-3.981532,1.338217
759,0.315997,0.306435,nan,0.203003,nan,1.066717
760,0.483668,0.476571,3.998012,0.202995,-3.479078,1.394584
761,0.358383,0.346367,nan,0.202995,nan,1.155632
762,0.340258,0.339199,3.393209,0.202987,-4.552670,1.082988
763,0.939661,0.910118,nan,0.202987,nan,2.314085
764,0.940781,0.897078,2.028960,0.202980,-3.497528,2.352662
765,0.899578,0.866789,nan,0.202980,nan,2.277876
766,0.987738,0.976624,2.628301,0.202973,-4.639790,2.445091
767,0.770737,0.816246,nan,0.202973,nan,1.958946
768,0.478786,0.504281,3.193987,0.202965,-2.150553,1.358895
769,0.472383,0.462519,nan,0.202965,nan,1.349627
770,0.388025,0.399861,4.434577,0.202958,-5.768007,1.161998
771,0.564546,0.596776,nan,0.202958,nan,1.560539
772,0.500497,0.494161,4.566606,0.202955,-6.700974,1.428240
773,0.549038,0.587466,nan,0.202955,nan,1.520664
774,0.411808,0.441047,3.556839,0.202953,-4.718410,1.259485
775,0.361900,0.369083,nan,0.202953,nan,1.096828
776,0.506848,0.492073,3.515524,0.202951,-4.983145,1.447361
777,0.604742,0.610507,nan,0.202951,nan,1.669642
778,0.499068,0.502332,3.319598,0.202947,-2.643524,1.389046
779,0.496582,0.501598,nan,0.202947,nan,1.388401
780,0.558046,0.559427,3.715513,0.202942,-2.450306,1.547768
781,0.572350,0.569949,nan,0.202942,nan,1.560400
782,0.417434,0.435888,4.080655,0.202935,-3.167528,1.200143
783,0.457135,0.452218,nan,0.202935,nan,1.337508
784,0.359480,0.371848,3.408473,0.202929,-4.085404,1.134269
785,0.590108,0.586730,nan,0.202929,nan,1.595081
786,0.998870,0.938364,3.144100,0.202920,-1.839550,2.425626
787,0.581955,0.538618,nan,0.202920,nan,1.615712
788,0.408393,0.406522,4.141341,0.202912,-4.582192,1.253449
789,0.535902,0.545334,nan,0.202912,nan,1.498545
790,0.355960,0.355973,4.608004,0.202904,-2.671257,1.088791
791,0.618912,0.623061,nan,0.202904,nan,1.673998
792,0.478411,0.512495,4.444926,0.202896,-4.722678,1.373136
793,0.355976,0.354539,nan,0.202896,nan,1.105695
794,0.429600,0.433968,3.002372,0.202887,-2.570307,1.290196
795,0.558132,0.615026,nan,0.202887,nan,1.557591
796,0.553145,0.594457,2.730387,0.202877,-2.965825,1.512563
797,0.538380,0.544529,nan,0.202877,nan,1.530839
798,0.651478,0.635616,3.442509,0.202868,-4.753275,1.729184
799,0.655918,0.664512,nan,0.202868,nan,1.743809
800,0.535616,0.533993,3.759937,0.202859,-3.337997,1.469736
801,0.393008,0.409086,nan,0.202859,nan,1.202712
802,0.523770,0.500097,4.207908,0.202851,-4.300282,1.470484
803,0.411143,0.420884,nan,0.202851,nan,1.261910
804,0.248238,0.249410,4.240281,0.202841,-2.837554,0.881285
805,0.509623,0.549695,nan,0.202841,nan,1.442631
806,0.415958,0.417809,3.494226,0.202830,-1.987622,1.223094
807,0.427632,0.432052,nan,0.202830,nan,1.255989
808,0.420910,0.456619,3.472850,0.202820,-4.698622,1.253799
809,0.374446,0.401395,nan,0.202820,nan,1.127474
810,0.515970,0.537275,3.629751,0.202810,-3.523842,1.494631
811,0.427530,0.421626,nan,0.202810,nan,1.261295
812,0.329210,0.347295,3.601254,0.202801,-4.385881,1.015446
813,0.456452,0.461086,nan,0.202801,nan,1.315950
814,0.389777,0.421645,3.624599,0.202793,-4.772607,1.201218
815,0.580107,0.589508,nan,0.202793,nan,1.604738
816,0.514274,0.487973,4.046265,0.202786,-4.340877,1.424143
817,0.311464,0.328396,nan,0.202786,nan,1.002592
818,0.424532,0.418821,3.876585,0.202780,-4.507326,1.223336
819,0.430334,0.421654,nan,0.202780,nan,1.284432
820,0.673757,0.667968,2.319798,0.202772,-3.028012,1.775686
821,0.555902,0.528614,nan,0.202772,nan,1.554774
822,0.733874,0.731135,2.117834,0.202765,-3.734421,1.899335
823,0.702154,0.722100,nan,0.202765,nan,1.801258
824,0.543340,0.578330,2.820851,0.202755,-2.526282,1.523518
825,0.471306,0.487533,nan,0.202755,nan,1.369161
826,0.550396,0.559847,4.126796,0.202747,-4.195436,1.572619
827,0.417262,0.420296,nan,0.202747,nan,1.256046
828,0.603163,0.617604,4.121689,0.202740,-4.982334,1.617275
829,0.398403,0.391749,nan,0.202740,nan,1.179388
830,0.374757,0.375139,2.800286,0.202733,-3.891765,1.131394
831,0.682032,0.686595,nan,0.202733,nan,1.789445
832,0.563305,0.543481,2.371568,0.202725,-3.489450,1.531781
833,0.533084,0.528054,nan,0.202725,nan,1.485189
834,0.760254,0.776500,2.926777,0.202718,-3.893812,1.985501
835,0.436654,0.432789,nan,0.202718,nan,1.245951
836,0.512427,0.519448,3.060104,0.202708,-1.824844,1.414918
837,0.476861,0.490568,nan,0.202708,nan,1.395044
838,0.391696,0.400940,3.219972,0.202698,-2.836725,1.138162
839,0.581845,0.585356,nan,0.202698,nan,1.568234
840,0.551086,0.556644,3.043861,0.202686,-2.958982,1.544960
841,0.375055,0.380018,nan,0.202686,nan,1.131524
842,0.560656,0.587207,3.617904,0.202677,-5.076209,1.527295
843,0.489529,0.483521,nan,0.202677,nan,1.380408
844,0.462118,0.467847,2.906595,0.202666,-2.628769,1.344123
845,0.449038,0.434874,nan,0.202666,nan,1.299459
846,0.478740,0.481682,3.557135,0.202658,-5.662411,1.392259
847,0.535473,0.535511,nan,0.202658,nan,1.487469
848,0.452268,0.446804,2.805871,0.202647,-1.571440,1.304538
849,0.590014,0.588808,nan,0.202647,nan,1.611046
850,0.437327,0.430413,3.329181,0.202636,-3.190979,1.230407
851,0.415981,0.428770,nan,0.202636,nan,1.249185
852,0.468211,0.470661,2.534050,0.202626,-4.110050,1.353669
853,0.356242,0.352160,nan,0.202626,nan,1.121275
854,0.489003,0.482671,2.283310,0.202612,-0.847219,1.399395
855,0.451384,0.441442,nan,0.202612,nan,1.321371
856,0.441503,0.426834,3.091245,0.202600,-4.351882,1.287556
857,0.391767,0.390003,nan,0.202600,nan,1.148129
858,0.405198,0.416527,3.123280,0.202587,-3.093846,1.177640
859,0.456539,0.456365,nan,0.202587,nan,1.323795
860,0.457069,0.466796,2.517444,0.202574,-2.883580,1.359400
861,0.516400,0.521905,nan,0.202574,nan,1.446641
862,0.701396,0.704073,2.507276,0.202560,-2.429420,1.825927
863,0.622320,0.622116,nan,0.202560,nan,1.678421
864,0.369062,0.365888,2.907295,0.202543,-0.941986,1.131120
865,0.520632,0.527272,nan,0.202543,nan,1.476957
866,0.329660,0.306196,3.274569,0.202528,-4.396280,1.062404
867,0.578427,0.590626,nan,0.202528,nan,1.590541
868,0.364048,0.362571,2.518264,0.202512,-2.282328,1.125265
869,0.569299,0.562109,nan,0.202512,nan,1.561167
870,0.576108,0.570276,2.787103,0.202496,-3.526682,1.570790
871,0.570434,0.570559,nan,0.202496,nan,1.535454
872,0.444028,0.435236,2.264822,0.202481,-3.150471,1.298231
873,0.305126,0.296305,nan,0.202481,nan,0.974699
874,0.528934,0.507144,2.827220,0.202467,-4.458672,1.486124
875,0.423049,0.413017,nan,0.202467,nan,1.230723
876,0.307537,0.317533,3.548373,0.202455,-4.928880,1.013438
877,0.276499,0.291521,nan,0.202455,nan,0.939986
878,0.589810,0.580951,3.763170,0.202442,-2.966862,1.590230
879,0.447106,0.456991,nan,0.202442,nan,1.288295
880,0.461595,0.482455,2.673586,0.202428,-1.770667,1.381617
881,0.549430,0.548512,nan,0.202428,nan,1.502202
882,0.717416,0.727469,2.256652,0.202413,-3.414079,1.880736
883,0.514169,0.519654,nan,0.202413,nan,1.453272
884,0.490646,0.481678,2.231068,0.202399,-3.101918,1.416435
885,0.567780,0.554901,nan,0.202399,nan,1.579826
886,0.582125,0.597416,2.602544,0.202383,-1.489855,1.604158
887,0.388828,0.390231,nan,0.202383,nan,1.211843
888,0.341435,0.336818,2.956512,0.202366,-2.394454,1.069209
889,0.479260,0.465083,nan,0.202366,nan,1.369798
890,0.459638,0.451805,2.936456,0.202349,-3.194355,1.283606
891,0.385570,0.396019,nan,0.202349,nan,1.178358
892,0.368443,0.368723,2.042566,0.202332,-2.817522,1.141497
893,0.644937,0.639348,nan,0.202332,nan,1.744509
894,0.602759,0.607783,1.571485,0.202315,-2.797130,1.620356
895,0.581487,0.564486,nan,0.202315,nan,1.587032
896,0.836941,0.825271,1.556470,0.202296,-2.047011,2.141891
897,0.465773,0.476091,nan,0.202296,nan,1.336532
898,0.414098,0.428631,2.752782,0.202281,-5.660059,1.235336
899,0.525501,0.531584,nan,0.202281,nan,1.442555
900,0.546954,0.549834,2.859389,0.202265,-1.816915,1.520863
901,0.639561,0.668098,nan,0.202265,nan,1.713512
902,0.312765,0.314892,3.392685,0.202250,-4.851734,1.037337
903,0.406695,0.408573,nan,0.202250,nan,1.255252
904,0.685436,0.697540,2.577560,0.202236,-3.940694,1.784055
905,0.564521,0.571989,nan,0.202236,nan,1.518089
906,0.327981,0.324729,2.425986,0.202221,-2.133319,1.045230
907,0.593885,0.594592,nan,0.202221,nan,1.622183
908,0.521795,0.525096,2.315789,0.202204,-1.382684,1.448980
909,0.428532,0.422316,nan,0.202204,nan,1.257526
910,0.421777,0.418837,2.335458,0.202188,-3.020957,1.255312
911,0.691417,0.685633,nan,0.202188,nan,1.787097
912,0.548767,0.554426,1.974325,0.202170,-2.154019,1.507740
913,0.520073,0.510593,nan,0.202170,nan,1.502830
914,0.570605,0.574687,1.687690,0.202152,-3.282268,1.587487
915,0.714984,0.697970,nan,0.202152,nan,1.863137
916,0.649431,0.640408,1.619158,0.202135,-2.649460,1.731012
917,0.385532,0.381419,nan,0.202135,nan,1.209801
918,0.507584,0.497491,1.848794,0.202115,-0.858804,1.431103
919,0.305366,0.300658,nan,0.202115,nan,1.019930
920,0.569837,0.567575,2.240426,0.202092,-0.330556,1.592653
921,0.414242,0.415338,nan,0.202092,nan,1.242999
922,0.521779,0.521833,2.554981,0.202071,-3.763049,1.444348
923,0.592857,0.573205,nan,0.202071,nan,1.659855
924,0.626822,0.624354,2.479950,0.202051,-3.547657,1.682442
925,0.623219,0.626919,nan,0.202051,nan,1.646686
926,0.447254,0.447003,2.154080,0.202030,-1.888011,1.295796
927,0.481147,0.467083,nan,0.202030,nan,1.410655
928,0.626028,0.629205,2.975688,0.202009,-2.324241,1.708067
929,0.548441,0.548164,nan,0.202009,nan,1.540612
930,0.604448,0.596822,2.043595,0.201986,-1.028791,1.659457
931,0.402151,0.387260,nan,0.201986,nan,1.205775
932,0.567470,0.569950,2.655560,0.201964,-3.136918,1.564296
933,0.584799,0.585989,nan,0.201964,nan,1.605131
934,0.451332,0.463575,2.234026,0.201943,-3.490443,1.341177
935,0.476795,0.465882,nan,0.201943,nan,1.406550
936,0.580213,0.553800,2.372523,0.201921,-2.178404,1.591228
937,0.371157,0.379836,nan,0.201921,nan,1.153012
938,0.325853,0.326139,2.881760,0.201900,-2.926560,1.045743
939,0.618118,0.592878,nan,0.201900,nan,1.690255
940,0.273442,0.275910,2.693438,0.201880,-3.408552,0.941383
941,0.422790,0.406969,nan,0.201880,nan,1.268155
942,0.420409,0.406163,2.207710,0.201861,-3.995526,1.221408
943,0.609958,0.599606,nan,0.201861,nan,1.634398
944,0.367891,0.379844,1.977644,0.201842,-2.448490,1.177224
945,0.608156,0.609933,nan,0.201842,nan,1.633274
946,0.572153,0.581486,2.309690,0.201822,-1.556127,1.571296
947,0.549917,0.549026,nan,0.201822,nan,1.519727
948,0.491462,0.483880,2.598331,0.201801,-2.361121,1.438188
949,0.412813,0.408130,nan,0.201801,nan,1.236438
950,0.585945,0.582134,2.197764,0.201781,-3.439623,1.622758
951,0.496473,0.513798,nan,0.201781,nan,1.429927
952,0.459805,0.482260,2.193481,0.201762,-3.346014,1.331277
953,0.335184,0.332222,nan,0.201762,nan,1.054384
954,0.343415,0.340627,3.168107,0.201745,-4.948402,1.091471
955,0.321188,0.318972,nan,0.201745,nan,1.013171
956,0.576915,0.579070,1.846302,0.201726,-0.823035,1.560832
957,0.452976,0.448495,nan,0.201726,nan,1.319497
958,0.386282,0.388246,2.144157,0.201707,-2.860652,1.201807
959,0.314425,0.314272,nan,0.201707,nan,1.033326
960,0.627787,0.617267,2.423728,0.201689,-3.912169,1.702099
961,0.575025,0.552633,nan,0.201689,nan,1.606250
962,0.591686,0.583805,1.937681,0.201671,-2.170003,1.643182
963,0.581450,0.585046,nan,0.201671,nan,1.622678
964,0.406272,0.421603,1.775460,0.201651,-1.174781,1.242546
965,0.203704,0.203758,nan,0.201651,nan,0.770133
966,0.401818,0.390782,1.881109,0.201632,-3.743103,1.210458
967,0.607499,0.599561,nan,0.201632,nan,1.670202
968,0.527350,0.539448,1.705169,0.201612,-2.013546,1.478350
969,0.673066,0.681646,nan,0.201612,nan,1.791073
970,0.480806,0.477099,3.194805,0.201595,-5.915836,1.374166
971,0.382062,0.378205,nan,0.201595,nan,1.170529
972,0.525168,0.536014,3.082323,0.201580,-4.197334,1.489531
973,0.387987,0.394133,nan,0.201580,nan,1.191458
974,0.460751,0.459205,2.473828,0.201565,-2.841235,1.323817
975,0.309812,0.316711,nan,0.201565,nan,1.032480
976,0.501070,0.509607,1.869899,0.201547,-0.652517,1.460399
977,0.428703,0.435680,nan,0.201547,nan,1.271819
978,0.564918,0.581667,2.021331,0.201528,-2.123407,1.536653
979,0.442742,0.443921,nan,0.201528,nan,1.322007
980,0.425391,0.437372,2.674463,0.201511,-3.454240,1.269760
981,0.334163,0.329655,nan,0.201511,nan,1.050243
982,0.507379,0.501465,1.968369,0.201493,-3.344353,1.450612
983,0.586643,0.591095,nan,0.201493,nan,1.604761
984,0.450399,0.459109,2.068278,0.201476,-3.143111,1.319213
985,0.506848,0.493794,nan,0.201476,nan,1.465150
986,0.536466,0.543889,1.946212,0.201457,-1.423845,1.486168
987,0.496706,0.505074,nan,0.201457,nan,1.406281
988,0.310095,0.304042,2.168749,0.201440,-3.915336,1.055197
989,0.485343,0.473536,nan,0.201440,nan,1.421366
990,0.565544,0.564861,2.153661,0.201422,-2.914485,1.527428
991,0.443999,0.448105,nan,0.201422,nan,1.308744
992,0.513837,0.489690,2.685985,0.201404,-1.992227,1.453690
993,0.480842,0.504102,nan,0.201404,nan,1.375078
994,0.554256,0.529560,2.178932,0.201385,-2.932300,1.551389
995,0.570848,0.538615,nan,0.201385,nan,1.574119
996,0.559412,0.539318,2.083643,0.201367,-2.770579,1.542597
997,0.445113,0.436771,nan,0.201367,nan,1.321185
998,0.443642,0.458922,2.836479,0.201349,-3.598650,1.284221
999,0.362814,0.362718,nan,0.201349,nan,1.106836
1000,0.688976,0.703416,3.354930,0.201333,-4.022303,1.801184
1001,0.439838,0.441760,nan,0.201333,nan,1.310498
1002,0.478438,0.495694,2.094347,0.201314,-0.424113,1.353295
1003,0.333235,0.333286,nan,0.201314,nan,1.077251
1004,0.465848,0.448591,1.981293,0.201297,-4.559486,1.358612
1005,0.738156,0.743503,nan,0.201297,nan,1.922549
1006,0.609494,0.641939,1.344034,0.201279,-2.432035,1.632254
1007,0.512383,0.565742,nan,0.201279,nan,1.459845
1008,0.586431,0.605092,1.880118,0.201261,-2.388879,1.590202
1009,0.341447,0.358490,nan,0.201261,nan,1.078946
1010,0.406068,0.418847,2.474293,0.201242,-1.310971,1.240022
1011,0.312929,0.310851,nan,0.201242,nan,1.034738
1012,0.478590,0.507320,2.240546,0.201222,-2.771301,1.372014
1013,0.461529,0.422519,nan,0.201222,nan,1.338205
1014,0.433460,0.418101,2.276781,0.201204,-4.020535,1.246645
1015,0.297634,0.299557,nan,0.201204,nan,0.946631
1016,0.501671,0.521286,2.195586,0.201185,-2.004032,1.430177
1017,0.590036,0.567266,nan,0.201185,nan,1.606694
1018,0.487560,0.504338,3.027576,0.201166,-3.506609,1.411563
1019,0.583514,0.579675,nan,0.201166,nan,1.599901
1020,0.362954,0.348458,3.061876,0.201148,-2.675126,1.143621
1021,0.393598,0.409748,nan,0.201148,nan,1.168159
1022,0.408005,0.395700,2.609057,0.201129,-2.446369,1.239312
1023,0.521222,0.531670,nan,0.201129,nan,1.466662
1024,0.590071,0.594049,2.170530,0.201109,-1.482996,1.618986
1025,0.616430,0.641633,nan,0.201109,nan,1.677857
1026,0.399252,0.415713,2.360317,0.201088,-1.718524,1.238162
1027,0.353957,0.324404,nan,0.201088,nan,1.102598
1028,0.769850,0.760983,2.044512,0.201068,-3.330698,1.967333
1029,0.415144,0.387699,nan,0.201068,nan,1.183992
1030,0.300345,0.295423,1.808868,0.201048,-3.096292,0.995130
1031,0.586451,0.592839,nan,0.201048,nan,1.580681
1032,0.471520,0.473475,3.275829,0.201029,-3.395398,1.367269
1033,0.519319,0.522175,nan,0.201029,nan,1.456540
1034,0.417225,0.417022,3.220073,0.201010,-3.129803,1.247336
1035,0.503742,0.495061,nan,0.201010,nan,1.420599
1036,0.471226,0.467059,2.795811,0.200991,-1.612972,1.370266
1037,0.363498,0.368096,nan,0.200991,nan,1.133475
1038,0.498480,0.488699,2.985604,0.200971,-2.700502,1.401226
1039,0.391461,0.398793,nan,0.200971,nan,1.165275
1040,0.459369,0.437420,2.094612,0.200949,-1.204761,1.352881
1041,0.778330,0.723209,nan,0.200949,nan,1.984148
1042,0.493615,0.459610,1.508869,0.200928,-2.404888,1.359161
1043,0.740305,0.738783,nan,0.200928,nan,1.924853
1044,0.509458,0.520141,1.882444,0.200905,-1.468234,1.461176
1045,0.400272,0.433597,nan,0.200905,nan,1.217432
1046,0.475086,0.487894,2.253774,0.200881,-0.636000,1.364940
1047,0.593154,0.596908,nan,0.200881,nan,1.624567
1048,0.432143,0.453781,2.503508,0.200857,-2.937162,1.263325
1049,0.514530,0.470083,nan,0.200857,nan,1.455407
1050,0.349406,0.331835,2.254783,0.200834,-2.383493,1.101328
1051,0.440116,0.444280,nan,0.200834,nan,1.317268
1052,0.460434,0.441026,2.508108,0.200811,-2.665138,1.338530
1053,0.557358,0.554176,nan,0.200811,nan,1.523323
1054,0.554696,0.591804,1.914429,0.200786,-1.039600,1.528065
1055,0.424399,0.429665,nan,0.200786,nan,1.250331
1056,0.376365,0.346497,2.939851,0.200762,-2.501798,1.151563
1057,0.469008,0.455602,nan,0.200762,nan,1.345190
1058,0.636700,0.634729,2.734406,0.200739,-3.173314,1.696047
1059,0.535810,0.520201,nan,0.200739,nan,1.463631
1060,0.527295,0.515059,3.190093,0.200717,-3.171731,1.442111
1061,0.516325,0.538854,nan,0.200717,nan,1.472050
1062,0.281421,0.277018,2.139198,0.200693,-1.168579,0.943502
1063,0.536400,0.564840,nan,0.200693,nan,1.472072
1064,0.500578,0.496815,2.246630,0.200672,-3.915903,1.428048
1065,0.747934,0.710861,nan,0.200672,nan,1.960888
1066,0.380824,0.381214,2.679591,0.200650,-2.772808,1.131494
1067,0.599195,0.586847,nan,0.200650,nan,1.584635
1068,0.471518,0.456759,2.365814,0.200628,-1.831168,1.323975
1069,0.567689,0.547501,nan,0.200628,nan,1.566397
1070,0.738326,0.708138,2.825864,0.200607,-3.744057,1.917092
1071,0.383192,0.355869,nan,0.200607,nan,1.177499
1072,0.484694,0.480974,2.593965,0.200585,-0.869965,1.373144
1073,0.419161,0.419316,nan,0.200585,nan,1.211214
1074,0.563592,0.549310,2.363429,0.200562,-1.540352,1.564694
1075,0.464971,0.497667,nan,0.200562,nan,1.344717
1076,0.389948,0.403567,3.184594,0.200541,-4.663795,1.186823
1077,0.452190,0.459981,nan,0.200541,nan,1.322011
1078,0.393840,0.400699,2.911913,0.200520,-2.384226,1.177386
1079,0.420844,0.405957,nan,0.200520,nan,1.244073
1080,0.563665,0.554400,2.924300,0.200499,-2.371598,1.522262
1081,0.358346,0.349276,nan,0.200499,nan,1.101350
1082,0.457849,0.416531,3.906705,0.200480,-4.755812,1.333755
1083,0.563826,0.517177,nan,0.200480,nan,1.567446
1084,0.424368,0.406281,2.620822,0.200461,-2.049014,1.256100
1085,0.366566,0.409809,nan,0.200461,nan,1.082185
1086,0.555608,0.577625,2.204622,0.200443,-4.308965,1.524508
1087,0.533448,0.654713,nan,0.200443,nan,1.494880
1088,0.742336,0.758668,1.726009,0.200426,-3.246242,1.917262
1089,0.701029,0.689754,nan,0.200426,nan,1.827147
1090,0.504559,0.452188,2.665753,0.200409,-3.281261,1.462731
1091,0.413083,0.397558,nan,0.200409,nan,1.250589
1092,0.286280,0.318585,2.543897,0.200390,-1.074437,0.981113
1093,0.298078,0.269867,nan,0.200390,nan,0.970341
1094,0.259869,0.251526,3.219057,0.200371,-2.552269,0.921127
1095,0.381575,0.353887,nan,0.200371,nan,1.188011
1096,0.325354,0.335957,2.254883,0.200351,-0.875224,1.048689
1097,0.428362,0.439608,nan,0.200351,nan,1.269968
1098,0.658261,0.644553,1.851751,0.200331,-3.807084,1.738732
1099,0.572642,0.569356,nan,0.200331,nan,1.585781
1100,0.493589,0.497890,2.201217,0.200312,-3.400003,1.388036
1101,0.422889,0.443576,nan,0.200312,nan,1.246704
1102,0.419620,0.436680,2.543474,0.200292,-1.385431,1.244823
1103,0.448679,0.442836,nan,0.200292,nan,1.340140
1104,0.520610,0.499487,2.507516,0.200268,1.523088,1.481627
1105,0.271548,0.280964,nan,0.200268,nan,0.925654
1106,0.404560,0.384427,2.678792,0.200243,-1.799963,1.211503
1107,0.489776,0.455761,nan,0.200243,nan,1.400765
1108,0.366126,0.372429,2.144216,0.200220,-3.183100,1.139408
1109,0.632066,0.638063,nan,0.200220,nan,1.713071
1110,0.490547,0.498513,2.130466,0.200194,-0.527117,1.415786
1111,0.288580,0.305943,nan,0.200194,nan,0.936521
1112,0.511192,0.526027,2.735532,0.200168,-1.229392,1.451398
1113,0.356441,0.374517,nan,0.200168,nan,1.086086
1114,0.421779,0.424529,4.094677,0.200145,-4.405398,1.265348
1115,0.471839,0.470937,nan,0.200145,nan,1.380758
1116,0.414377,0.391290,2.843999,0.200122,-2.763659,1.236533
1117,0.413596,0.413542,nan,0.200122,nan,1.274740
1118,0.429811,0.421943,2.197670,0.200098,-1.658944,1.234879
1119,0.500396,0.500431,nan,0.200098,nan,1.401759
1120,0.450562,0.477836,3.332381,0.200075,-3.004893,1.307652
1121,0.452619,0.441626,nan,0.200075,nan,1.262547
1122,0.414017,0.429388,2.916701,0.200051,-1.110923,1.236404
1123,0.503032,0.514949,nan,0.200051,nan,1.394698
1124,0.371931,0.398370,2.083440,0.200026,-1.156922,1.160551
1125,0.508022,0.510448,nan,0.200026,nan,1.444694
1126,0.554553,0.582140,1.844429,0.200002,-2.734659,1.538254
1127,0.610222,0.660807,nan,0.200002,nan,1.680256
1128,0.714722,0.741904,2.469442,0.199979,-3.548022,1.873994
1129,0.534252,0.552977,nan,0.199979,nan,1.492696
1130,0.646358,0.629656,2.851402,0.199956,-2.453563,1.701949
1131,0.465885,0.454466,nan,0.199956,nan,1.330332
1132,0.460097,0.469993,2.481095,0.199933,-2.200022,1.331963
1133,0.447022,0.435032,nan,0.199933,nan,1.309875
1134,0.543001,0.542911,2.173567,0.199909,-1.014372,1.522341
1135,0.458336,0.463597,nan,0.199909,nan,1.324937
1136,0.290100,0.290709,2.476723,0.199885,-2.450849,0.973966
1137,0.341233,0.353007,nan,0.199885,nan,1.076990
1138,0.453669,0.468196,2.922043,0.199862,-3.073906,1.337306
1139,0.420792,0.409669,nan,0.199862,nan,1.272885
1140,0.323207,0.317859,2.749002,0.199841,-3.241359,1.044076
1141,0.459521,0.471160,nan,0.199841,nan,1.324463
1142,0.788692,0.818110,1.906566,0.199819,-2.720743,2.031255
1143,0.458296,0.490917,nan,0.199819,nan,1.340831
1144,0.668216,0.645883,1.855249,0.199797,-1.974877,1.782398
1145,0.640468,0.615107,nan,0.199797,nan,1.708753
1146,0.415077,0.416166,1.829145,0.199773,-0.392334,1.240277
1147,0.515305,0.510783,nan,0.199773,nan,1.477434
1148,0.490086,0.500518,3.426015,0.199750,-2.692869,1.418767
1149,0.571209,0.556677,nan,0.199750,nan,1.573311
1150,0.397995,0.404502,2.545250,0.199728,-3.520769,1.207735
1151,0.377803,0.384839,nan,0.199728,nan,1.164135
1152,0.813907,0.797240,1.784292,0.199705,-1.772581,2.091153
1153,0.424360,0.425487,nan,0.199705,nan,1.259478
1154,0.473264,0.452873,2.219950,0.199682,-2.119895,1.360667
1155,0.554427,0.536906,nan,0.199682,nan,1.527194
1156,0.404724,0.399563,2.994832,0.199659,-1.987983,1.175470
1157,0.449819,0.436751,nan,0.199659,nan,1.327815
1158,0.492807,0.472815,3.227324,0.199636,-2.402984,1.433750
1159,0.595154,0.576319,nan,0.199636,nan,1.648561
1160,0.509513,0.521623,2.848474,0.199612,-0.520563,1.394345
1161,0.587540,0.593608,nan,0.199612,nan,1.593196
1162,0.427427,0.423127,1.292020,0.199586,-0.671049,1.302952
1163,0.547565,0.548469,nan,0.199586,nan,1.527344
1164,0.898729,0.899677,0.924779,0.199558,-0.345282,2.248723
1165,0.983875,0.985681,nan,0.199558,nan,2.422895
1166,0.775877,0.767646,1.346216,0.199531,-1.727698,2.004591
1167,0.731545,0.735815,nan,0.199531,nan,1.929862
1168,0.649872,0.682004,1.566468,0.199502,-0.344286,1.762104
1169,0.628880,0.654935,nan,0.199502,nan,1.695038
1170,0.551875,0.545585,2.801254,0.199474,-2.675041,1.529157
1171,0.713915,0.723210,nan,0.199474,nan,1.861305
1172,0.464196,0.462934,3.486401,0.199447,-2.295070,1.343759
1173,0.482558,0.452069,nan,0.199447,nan,1.431972
1174,0.449113,0.423266,2.707001,0.199422,-4.414886,1.325451
1175,0.404566,0.438467,nan,0.199422,nan,1.203352
1176,0.533772,0.563450,1.875870,0.199397,-0.911242,1.475255
1177,0.765168,0.798502,nan,0.199397,nan,1.958563
1178,0.707517,0.665989,1.967042,0.199370,-1.263191,1.877185
1179,0.523124,0.501239,nan,0.199370,nan,1.472135
1180,0.308427,0.311204,2.983814,0.199344,-1.555098,1.002755
1181,0.471886,0.482022,nan,0.199344,nan,1.356116
1182,0.364758,0.345357,2.736540,0.199317,-2.142833,1.109675
1183,0.410945,0.408076,nan,0.199317,nan,1.253162
1184,0.370221,0.380340,1.840327,0.199289,0.302441,1.168615
1185,0.511080,0.514420,nan,0.199289,nan,1.431689
1186,0.486833,0.467207,3.174489,0.199262,-3.695073,1.403353
1187,0.450228,0.445314,nan,0.199262,nan,1.312170
1188,0.526462,0.544154,2.698148,0.199237,-3.129219,1.489004
1189,0.538215,0.544103,nan,0.199237,nan,1.444249
1190,0.451564,0.449594,2.485683,0.199213,-3.346570,1.282937
1191,0.533113,0.534974,nan,0.199213,nan,1.494320
1192,0.483492,0.478120,2.952852,0.199191,-2.983080,1.374895
1193,0.507333,0.498312,nan,0.199191,nan,1.444834
1194,0.627449,0.609705,2.657958,0.199166,-0.847455,1.700741
1195,0.547282,0.545610,nan,0.199166,nan,1.510093
1196,0.466518,0.487192,1.608662,0.199141,-0.531036,1.364743
1197,0.515142,0.555299,nan,0.199141,nan,1.486432
1198,0.431174,0.445646,2.346261,0.199115,-1.927598,1.296200
1199,0.412267,0.423590,nan,0.199115,nan,1.260899
1200,0.570892,0.562264,2.522085,0.199089,-1.827326,1.600897
1201,0.498394,0.516756,nan,0.199089,nan,1.417087
1202,0.630397,0.638882,1.520615,0.199063,-1.470393,1.709046
1203,0.722461,0.717479,nan,0.199063,nan,1.917173
1204,0.751684,0.744274,1.521454,0.199036,-0.806483,1.962167
1205,0.613905,0.608482,nan,0.199036,nan,1.679981
1206,0.369637,0.368155,1.886009,0.199008,-0.582772,1.155287
1207,0.544889,0.542590,nan,0.199008,nan,1.538605
1208,0.511770,0.519965,2.749641,0.198979,-1.135782,1.428260
1209,0.598382,0.613096,nan,0.198979,nan,1.645308
1210,0.542276,0.570805,2.932261,0.198952,-2.847668,1.538107
1211,0.427180,0.392167,nan,0.198952,nan,1.278234
1212,0.403614,0.408347,2.072958,0.198927,-3.700955,1.220615
1213,0.656443,0.638614,nan,0.198927,nan,1.765480
1214,0.576201,0.520373,2.232001,0.198903,-3.542908,1.593339
1215,0.564084,0.500338,nan,0.198903,nan,1.585675
1216,0.530283,0.527778,2.286771,0.198878,-1.044326,1.492850
1217,0.366051,0.382037,nan,0.198878,nan,1.131416
1218,0.499316,0.472350,3.360517,0.198853,-2.166080,1.404431
1219,0.618001,0.596659,nan,0.198853,nan,1.653223
1220,0.424546,0.429337,2.660143,0.198829,-2.207953,1.277404
1221,0.620868,0.607901,nan,0.198829,nan,1.670397
1222,0.576852,0.550494,2.270339,0.198804,-1.757430,1.613589
1223,0.621726,0.585095,nan,0.198804,nan,1.699903
1224,0.367299,0.389876,2.223396,0.198779,-1.324391,1.137092
1225,0.614897,0.621361,nan,0.198779,nan,1.638359
1226,0.685905,0.752793,2.134660,0.198753,-0.607182,1.812745
1227,0.520061,0.590901,nan,0.198753,nan,1.468327
1228,0.608832,0.618537,2.622541,0.198725,-0.455893,1.658267
1229,0.527239,0.521486,nan,0.198725,nan,1.471104
1230,0.820854,0.852343,3.927998,0.198700,-3.906536,2.072624
1231,0.642048,0.733237,nan,0.198700,nan,1.696940
1232,0.655840,0.652634,2.341096,0.198673,-0.782128,1.728920
1233,0.874731,0.861863,nan,0.198673,nan,2.203822
1234,0.713186,0.776136,2.438054,0.198649,-4.292932,1.892039
1235,0.616874,0.734435,nan,0.198649,nan,1.698141
1236,0.301597,0.399305,1.796225,0.198625,-1.796146,0.999445
1237,0.406621,0.423237,nan,0.198625,nan,1.214732
1238,0.687211,0.636817,2.279000,0.198601,-2.222203,1.835507
1239,0.394840,0.388929,nan,0.198601,nan,1.201682
1240,0.465336,0.421448,2.676135,0.198577,-1.761902,1.347150
1241,0.751765,0.776474,nan,0.198577,nan,1.947701
1242,0.887113,0.874552,2.805087,0.198551,-0.328783,2.225618
1243,0.567764,0.541077,nan,0.198551,nan,1.575592
1244,0.528352,0.552823,2.417321,0.198525,-1.738917,1.507948
1245,0.573821,0.579946,nan,0.198525,nan,1.551105
1246,0.720180,0.690706,2.085303,0.198500,-2.453695,1.877579
1247,0.653498,0.603346,nan,0.198500,nan,1.740774
1248,0.602479,0.603757,2.211046,0.198475,-1.980378,1.626996
1249,0.505631,0.519173,nan,0.198475,nan,1.428016
1250,0.418534,0.418238,3.264324,0.198451,-2.951588,1.264632
1251,0.581459,0.586064,nan,0.198451,nan,1.542973
1252,0.626616,0.640249,2.879554,0.198427,-2.451727,1.714731
1253,0.673737,0.708212,nan,0.198427,nan,1.806479
1254,0.498123,0.496790,2.386921,0.198405,-3.088237,1.395009
1255,0.925699,0.904805,nan,0.198405,nan,2.317151
1256,0.420151,0.398659,2.999848,0.198384,-3.711760,1.276665
1257,0.509891,0.520420,nan,0.198384,nan,1.448795
1258,0.488230,0.489657,2.284137,0.198364,-4.412144,1.390607
1259,0.521486,0.505974,nan,0.198364,nan,1.489513
1260,0.786405,0.744796,1.691357,0.198344,-1.150888,2.010011
1261,0.790535,0.748442,nan,0.198344,nan,2.035860
1262,0.666378,0.640655,2.658210,0.198324,-3.026332,1.759090
1263,0.483447,0.489469,nan,0.198324,nan,1.423076
1264,0.802625,0.805865,2.738039,0.198304,-1.553216,2.032127
1265,0.415361,0.418460,nan,0.198304,nan,1.215348
1266,0.567586,0.558828,2.391844,0.198285,-4.222063,1.572531
1267,0.979813,1.005423,nan,0.198285,nan,2.386336
1268,0.896951,0.961465,1.520133,0.198265,-1.528571,2.237159
1269,0.799775,0.841478,nan,0.198265,nan,2.022630
1270,0.853184,0.868360,1.849057,0.198244,-1.723058,2.143259
1271,0.870046,0.866662,nan,0.198244,nan,2.207307
1272,0.565797,0.560706,2.158743,0.198223,-0.986558,1.549209
1273,0.378008,0.394278,nan,0.198223,nan,1.159830
1274,0.439738,0.455198,2.425318,0.198200,-1.304500,1.277925
1275,0.718729,0.729936,nan,0.198200,nan,1.892848
1276,0.662959,0.664192,2.836714,0.198179,-3.651452,1.764132
1277,0.948394,0.927341,nan,0.198179,nan,2.314669
1278,0.469463,0.465114,1.291256,0.198156,-0.502826,1.361414
1279,0.478253,0.490496,nan,0.198156,nan,1.351263
1280,0.850370,0.901041,1.859271,0.198131,-0.318024,2.120204
1281,0.453416,0.434587,nan,0.198131,nan,1.338923
1282,0.496212,0.488054,3.156543,0.198109,-4.047379,1.438872
1283,0.644721,0.641924,nan,0.198109,nan,1.684590
1284,0.597876,0.582695,2.632720,0.198088,-3.468932,1.631878
1285,0.551610,0.544421,nan,0.198088,nan,1.495477
1286,0.489890,0.513708,2.963956,0.198066,-1.637922,1.389904
1287,0.400926,0.401251,nan,0.198066,nan,1.177267
1288,0.528974,0.516174,1.839712,0.198043,-1.435679,1.474082
1289,0.648410,0.661927,nan,0.198043,nan,1.727157
1290,0.512543,0.515066,2.239145,0.198019,-0.494219,1.410106
1291,0.391509,0.405935,nan,0.198019,nan,1.192459
1292,0.486379,0.493753,2.574515,0.197996,-2.928963,1.354900
1293,0.541260,0.516199,nan,0.197996,nan,1.515115
1294,0.781191,0.800231,1.653200,0.197970,1.150902,2.002135
1295,0.607613,0.597623,nan,0.197970,nan,1.672927
1296,0.619852,0.597375,3.089064,0.197944,-1.557902,1.673316
1297,0.543157,0.567993,nan,0.197944,nan,1.535566
1298,0.461229,0.489490,2.839297,0.197918,-2.348083,1.356147
1299,0.317095,0.332829,nan,0.197918,nan,1.014106
1300,0.495767,0.495473,2.670545,0.197892,-0.886618,1.430580
1301,0.597378,0.617948,nan,0.197892,nan,1.634299
1302,0.477081,0.471330,1.460675,0.197866,-2.031164,1.308076
1303,0.574185,0.586386,nan,0.197866,nan,1.597346
1304,0.737498,0.727163,2.140667,0.197838,-0.520898,1.914351
1305,0.538292,0.525958,nan,0.197838,nan,1.512910
1306,0.412661,0.420524,1.911497,0.197810,-0.238728,1.227884
1307,0.479647,0.464101,nan,0.197810,nan,1.357600
1308,0.482257,0.472451,3.271232,0.197782,-1.903433,1.407944
1309,0.369651,0.362085,nan,0.197782,nan,1.158146
1310,0.387930,0.363947,2.297095,0.197756,-3.442005,1.152224
1311,0.512823,0.515114,nan,0.197756,nan,1.459581
1312,0.304144,0.284978,2.529818,0.197729,-1.158674,0.977771
1313,0.884767,0.808715,nan,0.197729,nan,2.234617
1314,0.908573,0.863824,1.466711,0.197703,-1.354829,2.241784
1315,0.564874,0.585395,nan,0.197703,nan,1.551264
1316,0.301643,0.324580,3.242258,0.197678,-4.118038,0.955463
1317,0.490743,0.481866,nan,0.197678,nan,1.394160
1318,0.419197,0.433286,3.087072,0.197652,-0.528484,1.249400
1319,0.621153,0.592028,nan,0.197652,nan,1.689316
1320,0.373118,0.374103,2.264680,0.197627,-1.596801,1.158210
1321,0.396969,0.403257,nan,0.197627,nan,1.217850
1322,0.701409,0.717759,1.189066,0.197600,-0.256148,1.881762
1323,0.583826,0.597722,nan,0.197600,nan,1.572459
1324,0.758840,0.745975,0.879449,0.197573,-1.817718,1.945119
1325,0.709351,0.675261,nan,0.197573,nan,1.849620
1326,0.759576,0.786456,1.416389,0.197545,-0.894283,1.990768
1327,0.687508,0.705496,nan,0.197545,nan,1.797535
1328,0.548101,0.562827,3.169572,0.197519,-2.750825,1.547799
1329,0.406151,0.409857,nan,0.197519,nan,1.216375
1330,0.401565,0.407887,2.735576,0.197493,-1.968885,1.222036
1331,0.615701,0.638171,nan,0.197493,nan,1.665703
1332,0.652046,0.645543,1.183831,0.197466,-1.098334,1.728754
1333,0.754691,0.733642,nan,0.197466,nan,1.977454
1334,0.875704,0.850131,1.410550,0.197440,-1.910393,2.193252
1335,0.711192,0.673192,nan,0.197440,nan,1.852890
1336,0.570205,0.555387,1.876012,0.197415,-2.171352,1.527637
1337,0.529241,0.555916,nan,0.197415,nan,1.459658
1338,0.492995,0.516397,2.420040,0.197387,-0.149411,1.387031
1339,0.395054,0.408721,nan,0.197387,nan,1.222703
1340,0.657464,0.651889,2.191755,0.197361,-2.663583,1.749310
1341,0.419388,0.398152,nan,0.197361,nan,1.283736
1342,0.512846,0.494095,1.763134,0.197335,-0.784609,1.441266
1343,0.494116,0.470027,nan,0.197335,nan,1.420981
1344,0.488209,0.494219,2.301321,0.197307,-0.901072,1.394935
1345,0.531494,0.555997,nan,0.197307,nan,1.498213
1346,0.304809,0.307477,1.958247,0.197280,-1.405414,1.024252
1347,0.425218,0.414849,nan,0.197280,nan,1.254979
1348,0.501494,0.491075,2.623466,0.197254,-2.931950,1.432222
1349,0.503800,0.491141,nan,0.197254,nan,1.438719
1350,0.429266,0.437286,1.929519,0.197227,-1.150154,1.287858
1351,0.359509,0.356084,nan,0.197227,nan,1.105333
1352,0.423567,0.400943,1.341118,0.197200,-0.251761,1.266661
1353,0.803556,0.801157,nan,0.197200,nan,2.043230
1354,0.442599,0.407531,1.451632,0.197172,-1.632798,1.298144
1355,0.588132,0.591493,nan,0.197172,nan,1.625852
1356,0.494073,0.516302,3.033401,0.197145,-2.274392,1.394893
1357,0.497818,0.492086,nan,0.197145,nan,1.432605
1358,0.449708,0.450689,2.786386,0.197117,0.184438,1.332176
1359,0.406931,0.428296,nan,0.197117,nan,1.229742
1360,0.424511,0.407383,2.980191,0.197091,-3.952251,1.279836
1361,0.311006,0.349057,nan,0.197091,nan,1.015927
1362,0.697152,0.671981,2.588812,0.197066,-2.149475,1.838736
1363,0.509919,0.427110,nan,0.197066,nan,1.445773
1364,0.488372,0.432065,1.568250,0.197040,-1.467127,1.395450
1365,0.359066,0.346211,nan,0.197040,nan,1.132029
1366,0.418134,0.417769,3.233673,0.197014,-1.732241,1.247726
1367,0.537284,0.508257,nan,0.197014,nan,1.525916
1368,0.431512,0.434936,2.474133,0.196990,-2.426965,1.265755
1369,0.478015,0.468734,nan,0.196990,nan,1.376304
1370,0.614165,0.576230,2.047580,0.196965,-1.691475,1.693643
1371,0.509601,0.518340,nan,0.196965,nan,1.428393
1372,0.376514,0.399614,1.974361,0.196938,0.740511,1.165447
1373,0.501257,0.505874,nan,0.196938,nan,1.402223
1374,0.392939,0.378842,2.471560,0.196909,0.213236,1.178929
1375,0.486113,0.502713,nan,0.196909,nan,1.354931
1376,0.402661,0.371113,2.337552,0.196881,-1.221830,1.231922
1377,0.494635,0.525191,nan,0.196881,nan,1.391806
1378,0.715798,0.799083,1.026522,0.196852,-0.989449,1.841379
1379,0.450069,0.399591,nan,0.196852,nan,1.338323
1380,0.585920,0.512900,0.996009,0.196822,0.005032,1.596018
1381,0.774951,0.667106,nan,0.196822,nan,2.018828
1382,0.654459,0.553402,2.077691,0.196792,-1.386527,1.754621
1383,0.447308,0.463864,nan,0.196792,nan,1.296492
1384,0.728168,0.730822,4.069252,0.196763,-1.726377,1.906378
1385,0.647442,0.595630,nan,0.196763,nan,1.765104
1386,0.580046,0.569521,3.025304,0.196735,-1.777900,1.598747
1387,0.281009,0.279610,nan,0.196735,nan,0.926511
1388,0.419877,0.424503,1.155797,0.196706,-0.448202,1.245147
1389,0.755724,0.731387,nan,0.196706,nan,1.935187
1390,0.868325,0.788296,0.966124,0.196675,0.019024,2.184015
1391,0.714736,0.578810,nan,0.196675,nan,1.870657
1392,0.999125,0.789455,2.197947,0.196645,-1.406805,2.452889
1393,0.675518,0.554670,nan,0.196645,nan,1.782678
1394,0.505423,0.448396,2.782586,0.196616,-1.583669,1.435302
1395,0.746694,0.708541,nan,0.196616,nan,1.907894
1396,0.440045,0.343261,2.811704,0.196587,-1.442963,1.280222
1397,0.460307,0.453249,nan,0.196587,nan,1.351156
1398,0.489184,0.478200,3.415563,0.196558,-1.576151,1.362081
1399,0.463885,0.454133,nan,0.196558,nan,1.324277
1400,0.460912,0.495032,2.372458,0.196529,-1.453944,1.345706
1401,0.442114,0.453604,nan,0.196529,nan,1.271732
1402,0.531737,0.579699,2.255614,0.196502,-2.782603,1.449932
1403,0.438655,0.527462,nan,0.196502,nan,1.296748
1404,0.561085,0.610211,2.220723,0.196474,-0.664139,1.543937
1405,0.470811,0.463467,nan,0.196474,nan,1.359500
1406,0.353440,0.267830,1.751974,0.196446,-0.561167,1.120057
1407,0.425794,0.443520,nan,0.196446,nan,1.267478
1408,0.460686,0.432531,2.076688,0.196418,-1.974703,1.327503
1409,0.309315,0.318583,nan,0.196418,nan,0.982898
1410,0.420811,0.364040,2.396884,0.196389,0.078027,1.253748
1411,0.428635,0.422140,nan,0.196389,nan,1.259320
1412,0.572658,0.560802,1.550921,0.196361,-1.680203,1.563231
1413,0.451862,0.432450,nan,0.196361,nan,1.345086
1414,0.411550,0.411383,1.031814,0.196331,-0.197428,1.216409
1415,0.386225,0.444760,nan,0.196331,nan,1.127556
1416,0.260942,0.276091,1.899531,0.196300,1.257701,0.911090
1417,0.461861,0.452867,nan,0.196300,nan,1.333064
1418,0.535239,0.546825,2.407197,0.196270,-2.149869,1.469850
1419,0.504087,0.455433,nan,0.196270,nan,1.396764
1420,0.406701,0.393998,2.578031,0.196240,-1.322046,1.237113
1421,0.464452,0.451653,nan,0.196240,nan,1.321880
1422,0.582600,0.681800,1.996202,0.196211,-1.928934,1.577606
1423,0.592969,0.721035,nan,0.196211,nan,1.571677
1424,0.384908,0.550902,2.230210,0.196183,-1.895126,1.187177
1425,0.620132,0.630780,nan,0.196183,nan,1.624091
1426,0.463323,0.452037,3.029837,0.196156,-2.489792,1.304561
1427,0.616979,0.600527,nan,0.196156,nan,1.689650
1428,0.575795,0.589354,2.463896,0.196128,-0.540798,1.555717
1429,0.531885,0.511593,nan,0.196128,nan,1.488506
1430,0.564829,0.515554,1.917912,0.196098,1.344635,1.575064
1431,0.541255,0.541764,nan,0.196098,nan,1.508642
1432,0.505570,0.543967,1.778983,0.196066,1.343338,1.446723
1433,0.439673,0.486463,nan,0.196066,nan,1.288220
1434,0.514185,0.533276,2.476882,0.196036,-2.770485,1.462037
1435,0.615516,0.583202,nan,0.196036,nan,1.676706
1436,0.609205,0.622294,2.013844,0.196006,-1.085662,1.658492
1437,0.594195,0.564973,nan,0.196006,nan,1.604438
1438,0.562917,0.540919,3.155850,0.195977,-2.713706,1.575873
1439,0.509702,0.510682,nan,0.195977,nan,1.469762
1440,0.520417,0.487295,1.671809,0.195949,-1.708823,1.468366
1441,0.552131,0.522253,nan,0.195949,nan,1.531801
1442,0.452043,0.440323,2.571994,0.195920,-0.362579,1.326566
1443,0.405204,0.397935,nan,0.195920,nan,1.213367
1444,0.615365,0.530964,2.112500,0.195891,-0.372069,1.663814
1445,0.462169,0.480695,nan,0.195891,nan,1.326124
1446,0.724037,0.719891,2.195845,0.195863,-2.565261,1.875943
1447,0.624416,0.586316,nan,0.195863,nan,1.687877
1448,0.462640,0.488279,1.407233,0.195836,-1.313183,1.318038
1449,0.575502,0.511306,nan,0.195836,nan,1.584503
1450,0.486691,0.495614,3.311570,0.195808,-1.279833,1.391798
1451,0.350220,0.372903,nan,0.195808,nan,1.108340
1452,0.418035,0.394774,3.145114,0.195781,-2.261265,1.209249
1453,0.465778,0.497946,nan,0.195781,nan,1.374907
1454,0.642388,0.626533,2.771956,0.195754,-0.553218,1.743892
1455,0.603735,0.604151,nan,0.195754,nan,1.613009
1456,0.720413,0.727250,1.541491,0.195726,-1.413915,1.889848
1457,0.787027,0.826724,nan,0.195726,nan,2.058232
1458,0.481165,0.491787,2.019686,0.195698,-0.541594,1.364929
1459,0.610122,0.621790,nan,0.195698,nan,1.672384
1460,0.494032,0.507035,2.923309,0.195670,-0.164356,1.394766
1461,0.446901,0.447946,nan,0.195670,nan,1.303308
1462,0.594015,0.600606,2.573112,0.195641,-0.485462,1.635587
1463,0.608848,0.605379,nan,0.195641,nan,1.621378
1464,0.411117,0.406645,1.998740,0.195613,-2.135304,1.226524
1465,0.712592,0.679364,nan,0.195613,nan,1.878383
1466,0.442621,0.403397,1.758268,0.195583,0.943489,1.269517
1467,0.458137,0.440139,nan,0.195583,nan,1.323192
1468,0.453026,0.474739,3.593863,0.195554,-1.368290,1.343086
1469,0.450260,0.382780,nan,0.195554,nan,1.301276
1470,0.436778,0.413413,2.826029,0.195522,1.230768,1.293768
1471,0.380937,0.385060,nan,0.195522,nan,1.179075
1472,0.365926,0.364938,1.026921,0.195492,-0.893058,1.113621
1473,0.584866,0.552543,nan,0.195492,nan,1.590900
1474,0.850702,0.851713,1.666554,0.195462,-2.449486,2.166061
1475,0.860812,0.884013,nan,0.195462,nan,2.200438
1476,0.752077,0.776226,1.724079,0.195432,0.154585,1.939785
1477,0.312287,0.304522,nan,0.195432,nan,1.035688
1478,0.538463,0.530287,2.990738,0.195401,-0.105240,1.519896
1479,0.651339,0.642038,nan,0.195401,nan,1.706967
1480,0.629485,0.574706,3.902150,0.195372,-2.725604,1.708968
1481,0.477696,0.446330,nan,0.195372,nan,1.421178
1482,0.529316,0.522936,1.999067,0.195341,0.388968,1.496658
1483,0.749378,0.699780,nan,0.195341,nan,1.927905
1484,0.593349,0.520462,1.509257,0.195311,-0.226677,1.610697
1485,0.913812,0.770739,nan,0.195311,nan,2.261971
1486,0.813864,0.664613,2.199476,0.195281,-1.255824,2.060345
1487,0.577150,0.591434,nan,0.195281,nan,1.575113
1488,0.470878,0.543828,2.339010,0.195249,0.968487,1.354729
1489,0.540872,0.553407,nan,0.195249,nan,1.481677
1490,0.579994,0.607378,4.113436,0.195217,-0.025486,1.595276
1491,0.636231,0.651306,nan,0.195217,nan,1.697185
1492,0.393203,0.439541,2.287475,0.195185,0.019040,1.195307
1493,0.508018,0.455068,nan,0.195185,nan,1.417798
1494,0.566225,0.525126,1.837123,0.195153,-0.484113,1.540105
1495,0.619032,0.627861,nan,0.195153,nan,1.659402
1496,0.650156,0.623528,2.167192,0.195120,-0.172517,1.758848
1497,0.667611,0.695141,nan,0.195120,nan,1.757137
1498,0.499652,0.515232,3.096763,0.195088,-1.297840,1.390125
1499,0.575822,0.547291,nan,0.195088,nan,1.590286
1500,0.341187,0.341431,2.984122,0.195057,-1.004069,1.080391
1501,0.276775,0.288823,nan,0.195057,nan,0.937167
1502,0.525493,0.505658,2.226835,0.195025,-0.158868,1.470876
1503,0.681399,0.676984,nan,0.195025,nan,1.797460
1504,0.563004,0.573007,1.750937,0.194993,0.676992,1.534341
1505,0.447955,0.452751,nan,0.194993,nan,1.302939
1506,0.470213,0.456300,2.463851,0.194961,-1.692476,1.347804
1507,0.546625,0.514736,nan,0.194961,nan,1.493579
1508,0.666538,0.643063,3.563810,0.194931,-2.747749,1.776065
1509,0.383473,0.408279,nan,0.194931,nan,1.191723
1510,0.617875,0.620615,1.881207,0.194900,0.653233,1.672235
1511,0.483250,0.468624,nan,0.194900,nan,1.395521
1512,0.516904,0.457289,1.805699,0.194868,0.984206,1.450681
1513,0.619925,0.635618,nan,0.194868,nan,1.701677
1514,0.634823,0.593812,1.842744,0.194837,-1.489023,1.694032
1515,0.427033,0.408625,nan,0.194837,nan,1.292534
1516,0.591116,0.588365,3.209825,0.194807,-2.098287,1.601910
1517,0.474887,0.512370,nan,0.194807,nan,1.369239
1518,0.392597,0.372178,2.901974,0.194777,0.476607,1.207144
1519,0.595814,0.560917,nan,0.194777,nan,1.632616
1520,0.471250,0.483576,1.442204,0.194744,1.629431,1.342628
1521,0.425416,0.454852,nan,0.194744,nan,1.247045
1522,0.499348,0.471788,3.200202,0.194712,-0.719430,1.422056
1523,0.526133,0.489346,nan,0.194712,nan,1.472968
1524,0.502352,0.468303,3.297588,0.194681,-1.309281,1.405196
1525,0.487209,0.492022,nan,0.194681,nan,1.382282
1526,0.617229,0.657274,2.773879,0.194650,-1.088275,1.637554
1527,0.496259,0.432446,nan,0.194650,nan,1.374513
1528,0.460885,0.434818,1.677027,0.194618,0.627031,1.319601
1529,0.599376,0.557055,nan,0.194618,nan,1.616636
1530,0.888847,0.883607,2.478134,0.194585,1.525590,2.222558
1531,0.460242,0.442833,nan,0.194585,nan,1.306597
1532,0.537704,0.501708,2.820193,0.194552,-0.631663,1.531921
1533,0.484049,0.439174,nan,0.194552,nan,1.367913
1534,0.309113,0.284136,3.106290,0.194520,-1.081813,1.032821
1535,0.673507,0.636993,nan,0.194520,nan,1.751099
1536,0.350130,0.297327,2.540397,0.194489,-1.452489,1.119265
1537,0.647141,0.638653,nan,0.194489,nan,1.736773
1538,0.555713,0.527624,1.297225,0.194458,-0.520996,1.512984
1539,0.454137,0.390833,nan,0.194458,nan,1.342381
1540,0.610814,0.592788,2.246852,0.194426,-0.152509,1.670734
1541,0.547046,0.569530,nan,0.194426,nan,1.496006
1542,0.537107,0.548445,2.307629,0.194393,1.781390,1.517272
1543,0.659947,0.639324,nan,0.194393,nan,1.752473
1544,0.371035,0.363455,3.078705,0.194360,0.672615,1.121582
1545,0.427820,0.393289,nan,0.194360,nan,1.302518
1546,0.489087,0.478583,3.022680,0.194327,-1.800020,1.391416
1547,0.497877,0.475355,nan,0.194327,nan,1.419552
1548,0.452223,0.457117,2.353065,0.194296,-0.706519,1.313828
1549,0.470873,0.468040,nan,0.194296,nan,1.320686
1550,0.424928,0.401940,3.004970,0.194264,-1.091189,1.230804
1551,0.589514,0.579932,nan,0.194264,nan,1.598167
1552,0.435008,0.434464,3.194468,0.194232,1.037170,1.294961
1553,0.562646,0.550011,nan,0.194232,nan,1.540340
1554,0.384513,0.379510,2.928891,0.194199,0.815429,1.176103
1555,0.453396,0.445249,nan,0.194199,nan,1.300496
1556,0.496288,0.506529,2.716321,0.194166,0.145798,1.428594
1557,0.411177,0.398310,nan,0.194166,nan,1.215273
1558,0.656229,0.668321,2.793404,0.194133,-0.139719,1.753253
1559,0.770752,0.733319,nan,0.194133,nan,1.968773
1560,0.344140,0.296254,3.262771,0.194100,-0.476465,1.082482
1561,0.388912,0.350665,nan,0.194100,nan,1.174070
1562,0.506507,0.483416,2.287149,0.194067,-0.041877,1.408032
1563,0.540496,0.543696,nan,0.194067,nan,1.516614
1564,0.619418,0.606419,3.142735,0.194034,0.097007,1.679969
1565,0.361701,0.374673,nan,0.194034,nan,1.104990
1566,0.387447,0.334785,3.131697,0.194002,-0.845706,1.171216
1567,0.542776,0.546871,nan,0.194002,nan,1.474850
1568,0.370655,0.378425,1.872281,0.193969,0.289154,1.123041
1569,0.622027,0.622988,nan,0.193969,nan,1.661618
1570,0.537626,0.542230,3.018226,0.193936,0.249774,1.496247
1571,0.554756,0.508331,nan,0.193936,nan,1.533443
1572,0.546951,0.525922,3.078865,0.193904,-0.846668,1.511868
1573,0.359326,0.319653,nan,0.193904,nan,1.121082
1574,0.375991,0.419537,2.678524,0.193872,-0.946427,1.144268
1575,0.543566,0.554099,nan,0.193872,nan,1.499234
1576,0.584047,0.616919,1.736199,0.193839,1.598565,1.587309
1577,0.745930,0.718612,nan,0.193839,nan,1.929182
1578,0.604210,0.604512,2.572164,0.193807,-0.516088,1.638400
1579,0.519154,0.534528,nan,0.193807,nan,1.469893
1580,0.690938,0.668514,2.358095,0.193775,-0.762714,1.810506
1581,0.580213,0.497818,nan,0.193775,nan,1.613575
1582,0.569023,0.505903,3.532996,0.193743,-0.251224,1.575756
1583,0.366486,0.379447,nan,0.193743,nan,1.123348
1584,0.521746,0.533628,3.175004,0.193711,0.255497,1.452431
1585,0.622977,0.560368,nan,0.193711,nan,1.654085
1586,0.455983,0.477591,2.485129,0.193678,0.656666,1.303056
1587,0.395077,0.434301,nan,0.193678,nan,1.149315
1588,0.374272,0.370023,3.292484,0.193645,0.157852,1.141992
1589,0.538161,0.536685,nan,0.193645,nan,1.495853
1590,0.405407,0.380310,2.789196,0.193614,-1.901866,1.218006
1591,0.600851,0.534954,nan,0.193614,nan,1.647859
1592,0.606768,0.550767,2.172549,0.193581,2.198486,1.624982
1593,0.631874,0.563855,nan,0.193581,nan,1.680175
1594,0.561702,0.572425,3.672415,0.193547,1.615229,1.491650
1595,0.498212,0.439120,nan,0.193547,nan,1.391513
1596,0.431681,0.418118,3.235846,0.193513,0.131570,1.254584
1597,0.551556,0.566939,nan,0.193513,nan,1.507375
1598,0.495296,0.527374,3.375742,0.193479,0.681247,1.411984
1599,0.573436,0.581187,nan,0.193479,nan,1.527321
1600,0.434607,0.439072,2.352687,0.193446,-1.499843,1.262319
1601,0.524671,0.558241,nan,0.193446,nan,1.461335
1602,0.437966,0.467647,3.121495,0.193413,-0.589053,1.297955
1603,0.622162,0.628475,nan,0.193413,nan,1.654060
1604,0.486695,0.462204,2.220152,0.193379,2.825418,1.376106
1605,0.454773,0.478814,nan,0.193379,nan,1.309185
1606,0.357754,0.363609,2.230746,0.193344,1.319665,1.093629
1607,0.356867,0.334368,nan,0.193344,nan,1.130068
1608,0.414880,0.392511,2.697100,0.193308,1.933438,1.233098
1609,0.443250,0.502833,nan,0.193308,nan,1.291373
1610,0.647135,0.635532,2.905042,0.193273,-0.949089,1.720813
1611,0.563685,0.547609,nan,0.193273,nan,1.531395
1612,0.501524,0.488877,2.657082,0.193239,-0.495723,1.421766
1613,0.366282,0.365780,nan,0.193239,nan,1.130283
1614,0.487364,0.466879,3.448834,0.193206,-1.594938,1.402400
1615,0.416757,0.409646,nan,0.193206,nan,1.239289
1616,0.479594,0.529170,3.495722,0.193174,-1.133575,1.373641
1617,0.505253,0.531164,nan,0.193174,nan,1.458552
1618,0.491149,0.523067,3.412646,0.193142,0.520826,1.381980
1619,0.583605,0.577689,nan,0.193142,nan,1.593719
1620,0.656095,0.683235,2.623807,0.193110,-0.305008,1.728378
1621,0.567019,0.561664,nan,0.193110,nan,1.542629
1622,0.500572,0.545819,3.158773,0.193078,0.444345,1.412680
1623,0.384317,0.364131,nan,0.193078,nan,1.175274
1624,0.478087,0.459907,3.043134,0.193045,1.262998,1.352798
1625,0.460374,0.459050,nan,0.193045,nan,1.361232
1626,0.600191,0.583797,3.210578,0.193013,-0.702112,1.642985
1627,0.401728,0.441091,nan,0.193013,nan,1.220230
1628,0.463193,0.463187,2.921862,0.192980,0.892083,1.330058
1629,0.509706,0.501462,nan,0.192980,nan,1.443020
1630,0.335218,0.343965,2.502426,0.192948,-0.747311,1.074671
1631,0.425245,0.408936,nan,0.192948,nan,1.253817
1632,0.415932,0.397469,1.927682,0.192915,2.002134,1.217945
1633,0.555346,0.524417,nan,0.192915,nan,1.539672
1634,0.513645,0.524724,2.977496,0.192882,-0.513330,1.454617
1635,0.482614,0.488520,nan,0.192882,nan,1.373334
1636,0.622846,0.617476,3.943315,0.192850,-1.534957,1.660717
1637,0.431531,0.433391,nan,0.192850,nan,1.286606
1638,0.414359,0.414609,3.598577,0.192819,-0.645910,1.212722
1639,0.365345,0.348383,nan,0.192819,nan,1.119817
1640,0.650093,0.648694,3.862756,0.192789,-0.440035,1.745111
1641,0.451956,0.426734,nan,0.192789,nan,1.302856
1642,0.400920,0.384753,2.664133,0.192757,1.099249,1.185005
1643,0.603040,0.561875,nan,0.192757,nan,1.647581
1644,0.637172,0.598801,2.535043,0.192726,-0.119588,1.693777
1645,0.490351,0.466113,nan,0.192726,nan,1.379792
1646,0.652594,0.626866,3.544008,0.192694,1.622172,1.741660
1647,0.499396,0.486637,nan,0.192694,nan,1.410447
1648,0.414860,0.423107,3.805948,0.192662,-0.847755,1.235103
1649,0.452276,0.392233,nan,0.192662,nan,1.317352
1650,0.488130,0.456235,3.131915,0.192631,-1.173331,1.392400
1651,0.640391,0.656259,nan,0.192631,nan,1.716036
1652,0.376878,0.365581,3.030458,0.192600,0.803454,1.163946
1653,0.573343,0.524087,nan,0.192600,nan,1.549052
1654,0.620067,0.545923,3.506842,0.192570,-0.938555,1.679635
1655,0.615512,0.583576,nan,0.192570,nan,1.664808
1656,0.508585,0.479142,3.572402,0.192540,-0.952914,1.454194
1657,0.405101,0.430700,nan,0.192540,nan,1.203074
1658,0.451046,0.465982,2.717377,0.192509,0.766443,1.326514
1659,0.409929,0.394136,nan,0.192509,nan,1.235671
1660,0.622276,0.579666,3.414897,0.192479,-0.369802,1.669819
1661,0.578086,0.565507,nan,0.192479,nan,1.582372
1662,0.365769,0.378919,3.179612,0.192448,0.587789,1.131104
1663,0.484096,0.471098,nan,0.192448,nan,1.380745
1664,0.368577,0.349272,3.759242,0.192419,-1.878102,1.111768
1665,0.457370,0.455085,nan,0.192419,nan,1.332533
1666,0.481634,0.466471,3.489857,0.192391,-1.832064,1.381983
1667,0.646177,0.620194,nan,0.192391,nan,1.720912
1668,0.551201,0.534725,2.997343,0.192362,1.276912,1.524581
1669,0.575688,0.627979,nan,0.192362,nan,1.553804
1670,0.528540,0.502498,4.719364,0.192333,-0.562507,1.450893
1671,0.350077,0.317727,nan,0.192333,nan,1.079683
1672,0.469712,0.489582,2.773412,0.192304,0.016165,1.362583
1673,0.629251,0.633456,nan,0.192304,nan,1.707810
1674,0.889656,0.851473,3.972219,0.192274,-0.013220,2.217115
1675,0.443266,0.503537,nan,0.192274,nan,1.302291
1676,0.475291,0.484707,2.655789,0.192243,2.476278,1.365770
1677,0.419391,0.484726,nan,0.192243,nan,1.228414
1678,0.637170,0.664619,3.926699,0.192213,-0.992792,1.694730
1679,0.503686,0.468379,nan,0.192213,nan,1.449648
1680,0.526126,0.463292,4.400319,0.192185,-3.078563,1.439845
1681,0.490922,0.471011,nan,0.192185,nan,1.405726
1682,0.363580,0.371251,4.201339,0.192156,0.834831,1.101560
1683,0.518091,0.504114,nan,0.192156,nan,1.459804
1684,0.667421,0.662839,2.540110,0.192127,1.145386,1.746618
1685,0.518610,0.546347,nan,0.192127,nan,1.456185
1686,0.411417,0.408077,2.482882,0.192095,3.699478,1.234878
1687,0.734513,0.702728,nan,0.192095,nan,1.893917
1688,0.373337,0.330191,4.203933,0.192063,0.173678,1.119955
1689,0.423699,0.359295,nan,0.192063,nan,1.251836
1690,0.495421,0.453037,3.741672,0.192032,-1.171833,1.406296
1691,0.531221,0.525218,nan,0.192032,nan,1.503248
1692,0.490854,0.449607,3.002363,0.192000,1.663265,1.397741
1693,0.744860,0.657050,nan,0.192000,nan,1.947429
1694,0.444358,0.437768,3.714972,0.191969,-0.010718,1.305695
1695,0.428674,0.398733,nan,0.191969,nan,1.269633
1696,0.454141,0.435512,4.527723,0.191938,-0.602829,1.319486
1697,0.749267,0.729785,nan,0.191938,nan,1.925307
1698,0.289171,0.248046,3.496007,0.191906,0.597432,0.958876
1699,0.595070,0.563846,nan,0.191906,nan,1.620722
1700,0.583316,0.585854,2.805257,0.191875,0.437288,1.605691
1701,0.454805,0.450031,nan,0.191875,nan,1.294027
1702,0.770632,0.730379,2.856911,0.191844,-0.275312,1.987648
1703,0.303195,0.310354,nan,0.191844,nan,1.008255
1704,0.436583,0.458551,3.308551,0.191813,0.763802,1.265292
1705,0.315377,0.308950,nan,0.191813,nan,0.999924
1706,0.560027,0.581831,3.027500,0.191781,1.718206,1.565029
1707,0.557750,0.503969,nan,0.191781,nan,1.546768
1708,0.436939,0.414851,4.071470,0.191749,0.178404,1.290071
1709,0.448703,0.440241,nan,0.191749,nan,1.303226
1710,0.659918,0.670846,3.948689,0.191717,0.622602,1.751809
1711,0.325696,0.307466,nan,0.191717,nan,1.032566
1712,0.584541,0.543738,4.110551,0.191685,0.248169,1.587470
1713,0.490598,0.437040,nan,0.191685,nan,1.386110
1714,0.420192,0.434265,4.174115,0.191654,-0.652772,1.237937
1715,0.473995,0.504992,nan,0.191654,nan,1.383843
1716,0.369681,0.402409,3.581962,0.191622,1.308114,1.161878
1717,0.432330,0.477535,nan,0.191622,nan,1.295153
1718,0.551979,0.546704,3.351318,0.191591,-0.267340,1.546010
1719,0.508960,0.499896,nan,0.191591,nan,1.446353
1720,0.519276,0.494651,3.322918,0.191560,0.177487,1.456552
1721,0.571280,0.570415,nan,0.191560,nan,1.553535
1722,0.574528,0.576969,3.644671,0.191529,0.146861,1.537246
1723,0.711414,0.680914,nan,0.191529,nan,1.871351
1724,0.381096,0.369811,4.150171,0.191499,-1.626680,1.162179
1725,0.490585,0.502739,nan,0.191499,nan,1.413695
1726,0.520596,0.500672,3.692376,0.191468,1.337291,1.443679
1727,0.656745,0.634329,nan,0.191468,nan,1.742016
1728,0.610189,0.570766,3.921844,0.191438,0.385207,1.657355
1729,0.740589,0.688216,nan,0.191438,nan,1.920598
1730,0.814767,0.769231,3.837425,0.191407,1.024530,2.064180
1731,0.550653,0.518512,nan,0.191407,nan,1.531488
1732,0.580131,0.557836,3.371333,0.191375,1.116423,1.561370
1733,0.516311,0.501887,nan,0.191375,nan,1.448337
1734,0.455068,0.450670,3.136375,0.191344,-0.000213,1.323983
1735,0.263425,0.256618,nan,0.191344,nan,0.898242
1736,0.642399,0.590505,3.840279,0.191313,0.451200,1.738260
1737,0.588391,0.549600,nan,0.191313,nan,1.622743
1738,0.501450,0.438710,2.331722,0.191282,-0.188038,1.435222
1739,0.527536,0.521859,nan,0.191282,nan,1.504421
1740,0.632850,0.595997,3.342481,0.191251,0.770387,1.727592
1741,0.422428,0.443142,nan,0.191251,nan,1.244274
1742,0.531491,0.460021,3.204375,0.191220,1.647747,1.501234
1743,0.557017,0.508141,nan,0.191220,nan,1.515760
1744,0.531958,0.535607,4.413523,0.191190,-2.037626,1.490798
1745,0.393731,0.432868,nan,0.191190,nan,1.202749
1746,0.557687,0.522292,3.868176,0.191160,-0.078866,1.540636
1747,0.644596,0.604803,nan,0.191160,nan,1.717795
1748,0.327330,0.371508,4.074647,0.191130,-0.371082,1.036714
1749,0.403427,0.376663,nan,0.191130,nan,1.218627
1750,0.578818,0.569099,4.298091,0.191101,-0.130219,1.618273
1751,0.390981,0.397990,nan,0.191101,nan,1.176670
1752,0.316632,0.361100,3.277065,0.191070,2.799428,1.016679
1753,0.516143,0.524912,nan,0.191070,nan,1.431508
1754,0.530556,0.486045,3.543373,0.191040,-0.552066,1.465564
1755,0.490289,0.564420,nan,0.191040,nan,1.418530
1756,0.595468,0.574227,3.228105,0.191010,0.171049,1.622510
1757,0.358896,0.321897,nan,0.191010,nan,1.134443
1758,0.623894,0.525673,2.731598,0.190978,2.614543,1.686491
1759,0.554491,0.566060,nan,0.190978,nan,1.532808
1760,0.669744,0.659845,2.943076,0.190947,0.986549,1.726752
1761,0.406898,0.449847,nan,0.190947,nan,1.233890
1762,0.328521,0.355566,3.939933,0.190915,1.361075,1.064789
1763,0.555830,0.565598,nan,0.190915,nan,1.542365
1764,0.506224,0.491480,4.923860,0.190883,-0.279212,1.438159
1765,0.326315,0.316035,nan,0.190883,nan,1.060349
1766,0.607704,0.593240,5.172395,0.190853,-1.856522,1.646026
1767,0.403252,0.393734,nan,0.190853,nan,1.218662
1768,0.445800,0.382193,4.200607,0.190823,1.212670,1.314631
1769,0.555055,0.557414,nan,0.190823,nan,1.524535
1770,0.558697,0.549842,3.441868,0.190792,1.119950,1.560075
1771,0.415827,0.442874,nan,0.190792,nan,1.223003
1772,0.485616,0.481540,4.023746,0.190760,2.189953,1.357072
1773,0.349136,0.325287,nan,0.190760,nan,1.111333
1774,0.407017,0.422443,5.188163,0.190729,-1.336986,1.223908
1775,0.569230,0.518163,nan,0.190729,nan,1.575635
1776,0.546382,0.401664,3.517906,0.190699,-0.257400,1.545674
1777,0.548091,0.489443,nan,0.190699,nan,1.504052
1778,0.571140,0.613849,3.813264,0.190669,0.935763,1.565605
1779,0.393439,0.358101,nan,0.190669,nan,1.203350
1780,0.601478,0.558291,3.873744,0.190638,0.959935,1.625767
1781,0.630210,0.563019,nan,0.190638,nan,1.679070
1782,0.538456,0.500895,4.200957,0.190607,1.092040,1.505131
1783,0.538844,0.557500,nan,0.190607,nan,1.483826
1784,0.346246,0.352313,3.587978,0.190576,0.778171,1.100961
1785,0.603165,0.573364,nan,0.190576,nan,1.620450
1786,0.522677,0.485373,3.099472,0.190543,2.665479,1.484138
1787,0.632396,0.600229,nan,0.190543,nan,1.679882
1788,0.512636,0.549622,2.783298,0.190511,1.644138,1.458072
1789,0.410660,0.408462,nan,0.190511,nan,1.234285
1790,0.550947,0.570995,4.507027,0.190479,-1.021337,1.541025
1791,0.462178,0.435784,nan,0.190479,nan,1.335247
1792,0.320084,0.370473,4.805377,0.190447,1.484355,1.042152
1793,0.429725,0.478476,nan,0.190447,nan,1.293521
1794,0.432679,0.408477,4.113329,0.190415,0.006149,1.294604
1795,0.461045,0.372822,nan,0.190415,nan,1.344298
1796,0.570471,0.515129,3.269480,0.190384,0.971682,1.595211
1797,0.583440,0.668213,nan,0.190384,nan,1.574355
1798,0.669215,0.850791,3.280324,0.190351,1.970461,1.784717
1799,0.592442,0.607672,nan,0.190351,nan,1.632899
1800,0.566253,0.516982,3.219848,0.190319,0.633071,1.545553
1801,0.542793,0.521503,nan,0.190319,nan,1.516968
1802,0.373193,0.319463,3.690234,0.190288,0.352297,1.164857
1803,0.577204,0.445267,nan,0.190288,nan,1.594690
1804,0.767652,0.528723,4.893252,0.190255,2.226248,1.996719
1805,0.514357,0.376221,nan,0.190255,nan,1.461349
1806,0.580369,0.572603,4.409585,0.190223,-0.525789,1.582079
1807,0.441127,0.327557,nan,0.190223,nan,1.299253
1808,0.679697,0.465109,4.037859,0.190192,-0.115051,1.809814
1809,0.537417,0.333518,nan,0.190192,nan,1.506686
1810,0.648897,0.616188,3.951667,0.190162,-0.187168,1.737892
1811,0.400310,0.384822,nan,0.190162,nan,1.182808
1812,0.475771,0.349946,4.005762,0.190131,0.086921,1.365668
1813,0.405606,0.354623,nan,0.190131,nan,1.214907
1814,0.516965,0.474429,4.348302,0.190103,-2.032475,1.474196
1815,0.514651,0.529487,nan,0.190103,nan,1.450931
1816,0.624018,0.554892,4.435892,0.190074,0.942992,1.669842
1817,0.484593,0.410531,nan,0.190074,nan,1.366322
1818,0.506976,0.529404,4.194608,0.190045,-0.556516,1.429747
1819,0.511896,0.518376,nan,0.190045,nan,1.441237
1820,0.668942,0.620915,3.297555,0.190017,0.610154,1.768208
1821,0.442645,0.433653,nan,0.190017,nan,1.296640
1822,0.693221,0.607442,3.788774,0.189988,0.504632,1.816960
1823,0.355010,0.329585,nan,0.189988,nan,1.132791
1824,0.378430,0.372880,3.828291,0.189959,0.808121,1.172836
1825,0.303327,0.272761,nan,0.189959,nan,0.978143
1826,0.515428,0.540289,4.231746,0.189930,0.956636,1.438311
1827,0.481977,0.523022,nan,0.189930,nan,1.373514
1828,0.417623,0.436139,3.635448,0.189900,2.249777,1.240623
1829,0.365640,0.375163,nan,0.189900,nan,1.123834
1830,0.507567,0.473375,4.295281,0.189870,-0.140409,1.449342
1831,0.669065,0.654289,nan,0.189870,nan,1.798129
1832,0.458502,0.427849,3.571812,0.189839,1.983517,1.375181
1833,0.493421,0.493453,nan,0.189839,nan,1.413417
1834,0.482364,0.472913,3.186617,0.189808,1.886137,1.372951
1835,0.455440,0.457612,nan,0.189808,nan,1.341994
1836,0.446015,0.471138,4.089405,0.189777,0.112207,1.292520
1837,0.515604,0.495533,nan,0.189777,nan,1.458632
1838,0.351619,0.377867,3.687803,0.189746,2.050498,1.096026
1839,0.436812,0.492302,nan,0.189746,nan,1.303758
1840,0.383326,0.399020,5.493814,0.189716,-0.883813,1.201548
1841,0.666440,0.647994,nan,0.189716,nan,1.767160
1842,0.312543,0.310787,4.856353,0.189685,1.387945,0.997655
1843,0.617557,0.574581,nan,0.189685,nan,1.657595
1844,0.505827,0.550321,4.797487,0.189653,2.517621,1.421595
1845,0.442881,0.438801,nan,0.189653,nan,1.312967
1846,0.465391,0.475884,3.751706,0.189621,1.685270,1.353843
1847,0.512026,0.563594,nan,0.189621,nan,1.460324
1848,0.447915,0.461872,4.109820,0.189589,1.457266,1.297135
1849,0.535985,0.512436,nan,0.189589,nan,1.475928
1850,0.420955,0.398570,3.960840,0.189557,0.879931,1.270669
1851,0.573949,0.542879,nan,0.189557,nan,1.582520
1852,0.480278,0.484714,6.163740,0.189525,-0.311297,1.362147
1853,0.492716,0.394567,nan,0.189525,nan,1.427437
1854,0.590140,0.569983,5.169801,0.189494,0.823256,1.625553
1855,0.393131,0.388583,nan,0.189494,nan,1.190940
1856,0.434679,0.492021,5.860961,0.189463,0.843653,1.271636
1857,0.450383,0.454556,nan,0.189463,nan,1.329357
1858,0.470532,0.491124,4.718998,0.189431,1.910050,1.335156
1859,0.343678,0.378012,nan,0.189431,nan,1.105229
1860,0.420808,0.443975,4.324274,0.189401,-0.328559,1.254091
1861,0.493062,0.502479,nan,0.189401,nan,1.413409
1862,0.440490,0.473786,4.953794,0.189369,1.314179,1.303386
1863,0.403128,0.378130,nan,0.189369,nan,1.222176
1864,0.485841,0.515376,4.191817,0.189338,1.815707,1.398622
1865,0.503358,0.521236,nan,0.189338,nan,1.443819
1866,0.624903,0.639753,3.483004,0.189306,2.089195,1.672418
1867,0.644978,0.654416,nan,0.189306,nan,1.747140
1868,0.487619,0.433215,4.188868,0.189275,-0.730361,1.402037
1869,0.693277,0.578942,nan,0.189275,nan,1.823267
1870,0.615300,0.542149,3.576425,0.189244,0.631190,1.659725
1871,0.645511,0.555843,nan,0.189244,nan,1.745159
1872,0.473357,0.378976,5.235051,0.189214,0.616947,1.366737
1873,0.889393,0.724461,nan,0.189214,nan,2.251302
1874,0.582422,0.449734,5.674937,0.189182,1.949223,1.601357
1875,0.375963,0.337922,nan,0.189182,nan,1.178314
1876,0.458661,0.480578,4.144366,0.189151,1.634595,1.344187
1877,0.412077,0.385651,nan,0.189151,nan,1.230412
1878,0.449237,0.483846,3.939337,0.189120,0.244617,1.329326
1879,0.330054,0.407334,nan,0.189120,nan,1.032715
1880,0.701089,0.668192,4.542447,0.189089,0.971926,1.835235
1881,0.554507,0.476060,nan,0.189089,nan,1.550102
1882,0.425665,0.367061,4.854869,0.189056,4.280504,1.245550
1883,0.615887,0.605977,nan,0.189056,nan,1.653203
1884,0.589345,0.580159,5.917325,0.189024,0.587051,1.601244
1885,0.405289,0.407665,nan,0.189024,nan,1.196826
1886,0.287354,0.239369,4.658199,0.188992,1.768544,0.973508
1887,0.397887,0.361968,nan,0.188992,nan,1.197297
1888,0.549800,0.533666,4.363996,0.188960,-0.442762,1.523460
1889,0.446215,0.421187,nan,0.188960,nan,1.293961
1890,0.454861,0.435788,3.729873,0.188928,3.006920,1.311629
1891,0.742150,0.721285,nan,0.188928,nan,1.940788
1892,0.379667,0.373935,6.137897,0.188897,-1.168133,1.183609
1893,0.600148,0.572935,nan,0.188897,nan,1.599439
1894,0.552355,0.529476,6.180558,0.188867,-0.446205,1.517470
1895,0.583696,0.627337,nan,0.188867,nan,1.590574
1896,0.384863,0.448990,4.868835,0.188836,1.826077,1.173630
1897,0.458963,0.496033,nan,0.188836,nan,1.322395
1898,0.684043,0.758363,4.413802,0.188805,1.384435,1.805772
1899,0.577838,0.548832,nan,0.188805,nan,1.586140
1900,0.525405,0.516526,3.418553,0.188774,2.417668,1.466510
1901,0.659484,0.555611,nan,0.188774,nan,1.769751
1902,0.387269,0.345713,4.842877,0.188742,1.329586,1.204598
1903,0.490354,0.529982,nan,0.188742,nan,1.428530
1904,0.336571,0.328323,6.517204,0.188712,-1.577346,1.081019
1905,0.482535,0.464922,nan,0.188712,nan,1.396388
1906,0.442731,0.423656,4.782464,0.188682,2.558342,1.321298
1907,0.396699,0.353034,nan,0.188682,nan,1.203290
1908,0.341346,0.356522,5.626618,0.188651,0.401551,1.076672
1909,0.403066,0.368595,nan,0.188651,nan,1.203755
1910,0.549378,0.542422,4.370770,0.188621,0.569939,1.544185
1911,0.348110,0.347608,nan,0.188621,nan,1.111205
1912,0.379884,0.459747,4.461472,0.188590,2.102890,1.170091
1913,0.438783,0.422089,nan,0.188590,nan,1.299490
1914,0.279410,0.279199,4.649503,0.188559,1.817124,0.932626
1915,0.321895,0.327054,nan,0.188559,nan,0.991291
1916,0.436023,0.428882,4.666172,0.188528,1.803365,1.268504
1917,0.465705,0.469963,nan,0.188528,nan,1.387945
1918,0.675074,0.678674,3.680031,0.188496,3.349779,1.801630
1919,0.515063,0.517361,nan,0.188496,nan,1.461808
1920,0.537870,0.548202,5.415462,0.188464,-0.756662,1.519169
1921,0.485170,0.491504,nan,0.188464,nan,1.385271
1922,0.492599,0.403607,5.517539,0.188433,0.772592,1.411308
1923,0.489977,0.661227,nan,0.188433,nan,1.383104
1924,0.704616,0.906830,4.744780,0.188403,0.089757,1.851832
1925,0.442895,0.385250,nan,0.188403,nan,1.314406
1926,0.513021,0.606413,5.669937,0.188373,1.797735,1.467788
1927,0.524790,0.535024,nan,0.188373,nan,1.486442
1928,0.562734,0.535599,5.954578,0.188341,2.264823,1.517187
1929,0.678217,0.884112,nan,0.188341,nan,1.804248
1930,0.766383,1.126624,5.289507,0.188311,0.228569,1.993049
1931,0.498159,0.625088,nan,0.188311,nan,1.418593
1932,0.644506,0.692887,5.293974,0.188279,2.852223,1.690616
1933,0.579257,0.764407,nan,0.188279,nan,1.561270
1934,0.319374,0.441803,4.755793,0.188248,0.691572,1.033473
1935,0.453009,0.438494,nan,0.188248,nan,1.283382
1936,0.375654,0.515736,6.212312,0.188218,-0.078489,1.165213
1937,0.681391,0.924919,nan,0.188218,nan,1.803176
1938,0.390987,0.445761,4.180630,0.188187,2.621239,1.185400
1939,0.444018,0.424923,nan,0.188187,nan,1.320052
1940,0.596963,0.516226,4.465398,0.188156,1.248413,1.648883
1941,0.446278,0.509689,nan,0.188156,nan,1.287061
1942,0.537673,0.586955,5.303189,0.188125,0.778146,1.493399
1943,0.487198,0.475234,nan,0.188125,nan,1.403684
1944,0.474829,0.494819,5.218702,0.188094,1.867868,1.365492
1945,0.388471,0.371713,nan,0.188094,nan,1.178910
1946,0.420520,0.436599,5.676316,0.188064,0.358961,1.232165
1947,0.547889,0.528095,nan,0.188064,nan,1.536673
1948,0.571799,0.589153,4.292324,0.188033,2.451215,1.595936
1949,0.558049,0.503034,nan,0.188033,nan,1.526303
1950,0.502566,0.429831,5.743958,0.188002,0.839471,1.431433
1951,0.446129,0.513025,nan,0.188002,nan,1.291252
1952,0.570072,0.578484,5.440703,0.187972,0.253725,1.548997
1953,0.621697,0.549507,nan,0.187972,nan,1.691875
1954,0.669823,0.552784,5.362874,0.187942,1.663093,1.799668
1955,0.502419,0.487548,nan,0.187942,nan,1.406763
1956,0.554342,0.495923,5.743320,0.187911,1.456348,1.537460
1957,0.417168,0.413137,nan,0.187911,nan,1.232208
1958,0.403691,0.393800,5.282541,0.187880,1.666993,1.204938
1959,0.406320,0.454574,nan,0.187880,nan,1.238365
1960,0.664164,0.739964,5.314737,0.187850,2.063433,1.770189
1961,0.600430,0.631190,nan,0.187850,nan,1.574439
1962,0.357351,0.341765,4.732484,0.187819,-0.323458,1.120196
1963,0.457059,0.418221,nan,0.187819,nan,1.272942
1964,0.354747,0.388128,6.016140,0.187790,1.072006,1.100740
1965,0.350432,0.445377,nan,0.187790,nan,1.102050
1966,0.417645,0.402433,4.378375,0.187760,0.783463,1.257901
1967,0.432299,0.495527,nan,0.187760,nan,1.280598
1968,0.348473,0.376023,5.063874,0.187731,0.153924,1.109210
1969,0.627856,0.696843,nan,0.187731,nan,1.701914
1970,0.539738,0.506102,4.260815,0.187701,2.128404,1.500401
1971,0.551782,0.603499,nan,0.187701,nan,1.541085
1972,0.640094,0.670742,4.679431,0.187672,0.433994,1.707515
1973,0.461676,0.568982,nan,0.187672,nan,1.337141
1974,0.488702,0.551392,4.499209,0.187641,3.544764,1.419684
1975,0.450899,0.455277,nan,0.187641,nan,1.306663
1976,0.300615,0.318579,5.034829,0.187611,1.118961,0.957880
1977,0.499105,0.459951,nan,0.187611,nan,1.386111
1978,0.412668,0.448691,5.550919,0.187580,2.287460,1.204679
1979,0.523396,0.475827,nan,0.187580,nan,1.427049
1980,0.658797,0.667463,5.579926,0.187549,1.702039,1.739615
1981,0.435532,0.413826,nan,0.187549,nan,1.286894
1982,0.388968,0.365230,5.323294,0.187519,1.132834,1.187793
1983,0.635946,0.661508,nan,0.187519,nan,1.724677
1984,0.534338,0.527625,4.851178,0.187487,3.289066,1.522702
1985,0.398176,0.380266,nan,0.187487,nan,1.211865
1986,0.437476,0.423601,4.300397,0.187455,2.019641,1.291815
1987,0.406041,0.417210,nan,0.187455,nan,1.216908
1988,0.355966,0.384083,5.403657,0.187424,0.650166,1.122592
1989,0.582726,0.541574,nan,0.187424,nan,1.569828
1990,0.448589,0.446980,5.557025,0.187394,-0.316591,1.323276
1991,0.353603,0.362633,nan,0.187394,nan,1.070799
1992,0.455116,0.463824,6.191514,0.187364,1.813258,1.297197
1993,0.615263,0.618710,nan,0.187364,nan,1.663627
1994,0.543812,0.534663,4.497693,0.187333,1.158819,1.494345
1995,0.419007,0.421298,nan,0.187333,nan,1.234985
1996,0.360072,0.377756,6.087610,0.187303,2.616474,1.131838
1997,0.397126,0.406172,nan,0.187303,nan,1.197307
1998,0.452517,0.477791,5.367606,0.187271,2.630595,1.287519
1999,0.435387,0.432089,nan,0.187271,nan,1.301435
2000,0.700750,0.692419,4.938148,0.187242,-1.950052,1.861104
2001,0.456765,0.498461,nan,0.187242,nan,1.307668
2002,0.422184,0.464383,5.860178,0.187211,3.340687,1.243912
2003,0.506270,0.469112,nan,0.187211,nan,1.424476
2004,0.401706,0.359425,6.096825,0.187181,1.163877,1.197899
2005,0.410954,0.422499,nan,0.187181,nan,1.204406
2006,0.371381,0.378903,5.428799,0.187151,1.547453,1.175911
2007,0.419535,0.428113,nan,0.187151,nan,1.243057
2008,0.541831,0.560169,4.901649,0.187121,0.759847,1.494958
2009,0.555842,0.607565,nan,0.187121,nan,1.545763
2010,0.311367,0.342726,5.155437,0.187091,0.715234,0.994515
2011,0.579796,0.533676,nan,0.187091,nan,1.594893
2012,0.292249,0.235839,5.805985,0.187061,1.807802,1.014662
2013,0.305804,0.284370,nan,0.187061,nan,1.017779
2014,0.333777,0.310998,4.827280,0.187032,1.137321,1.058334
2015,0.536837,0.502764,nan,0.187032,nan,1.524944
2016,0.384145,0.403197,3.529245,0.187002,2.188596,1.164808
2017,0.651931,0.741089,nan,0.187002,nan,1.720860
2018,0.648991,0.646124,4.690706,0.186972,1.099156,1.729681
2019,0.393128,0.471275,nan,0.186972,nan,1.207420
2020,0.475170,0.457184,4.975481,0.186943,0.683561,1.357786
2021,0.487801,0.445370,nan,0.186943,nan,1.386096
2022,0.550469,0.503206,5.551498,0.186913,2.953717,1.511234
2023,0.451991,0.434340,nan,0.186913,nan,1.288828
2024,0.470053,0.417660,3.540383,0.186882,3.117304,1.360056
2025,0.520218,0.519288,nan,0.186882,nan,1.440156
2026,0.469275,0.491805,5.133601,0.186852,-1.164199,1.342093
2027,0.326972,0.442549,nan,0.186852,nan,1.046489
2028,0.362147,0.428079,5.659305,0.186822,4.008216,1.124687
2029,0.364655,0.360661,nan,0.186822,nan,1.140572
2030,0.488634,0.424718,5.897898,0.186790,4.590982,1.387718
2031,0.599354,0.550603,nan,0.186790,nan,1.643257
2032,0.380530,0.357959,5.405656,0.186758,1.460334,1.175589
2033,0.644465,0.553133,nan,0.186758,nan,1.732438
2034,0.573559,0.558668,5.663156,0.186726,2.167562,1.552474
2035,0.519648,0.529020,nan,0.186726,nan,1.453169
2036,0.528171,0.466829,4.735442,0.186694,1.315467,1.494859
2037,0.422921,0.374171,nan,0.186694,nan,1.266501
2038,0.617320,0.579754,5.862536,0.186663,0.820636,1.645082
2039,0.674528,0.666849,nan,0.186663,nan,1.814443
2040,0.741814,0.693068,5.094003,0.186633,1.558775,1.925639
2041,0.569814,0.454044,nan,0.186633,nan,1.578748
2042,0.493298,0.512715,4.935176,0.186602,1.604211,1.402215
2043,0.549677,0.634302,nan,0.186602,nan,1.519944
2044,0.526485,0.441821,4.732584,0.186571,1.833188,1.474269
2045,0.414551,0.493561,nan,0.186571,nan,1.254141
2046,0.584723,0.575162,6.012114,0.186541,0.944123,1.602278
2047,0.503154,0.408603,nan,0.186541,nan,1.427731
2048,0.543703,0.514680,5.976110,0.186510,2.285817,1.506610
2049,0.510840,0.583719,nan,0.186510,nan,1.410361
2050,0.662548,0.541652,5.402265,0.186480,0.802217,1.777473
2051,0.295597,0.335802,nan,0.186480,nan,0.974081
2052,0.433800,0.402659,4.837160,0.186449,3.011042,1.254510
2053,0.313747,0.367434,nan,0.186449,nan,1.004087
2054,0.400794,0.365970,6.334215,0.186420,-1.468750,1.204394
2055,0.373150,0.405000,nan,0.186420,nan,1.130020
2056,0.341685,0.390014,5.845315,0.186391,1.797135,1.086636
2057,0.462168,0.460198,nan,0.186391,nan,1.345107
2058,0.338030,0.366059,4.561409,0.186361,2.221568,1.038138
2059,0.526944,0.569623,nan,0.186361,nan,1.483177
2060,0.536419,0.575955,4.835462,0.186332,2.264775,1.501396
2061,0.579075,0.689910,nan,0.186332,nan,1.590127
2062,0.424215,0.398745,5.057711,0.186301,3.246655,1.247535
2063,0.379204,0.435118,nan,0.186301,nan,1.154322
2064,0.388212,0.403647,6.409986,0.186270,2.777907,1.188252
2065,0.677693,0.741211,nan,0.186270,nan,1.794542
2066,0.471120,0.454300,5.131786,0.186238,3.487669,1.352035
2067,0.519168,0.514459,nan,0.186238,nan,1.474216
2068,0.496275,0.505912,4.706352,0.186206,2.080213,1.358542
2069,0.424739,0.410353,nan,0.186206,nan,1.275082
2070,0.528575,0.528450,5.606301,0.186175,2.785628,1.512010
2071,0.578532,0.818864,nan,0.186175,nan,1.584405
2072,0.396274,0.577247,4.883644,0.186143,1.314705,1.185846
2073,0.517901,0.507196,nan,0.186143,nan,1.489845
2074,0.683563,0.704214,5.745145,0.186111,3.268210,1.819185
2075,0.625324,0.904308,nan,0.186111,nan,1.673739
2076,0.450135,0.557719,6.323237,0.186078,3.553419,1.315393
2077,0.618681,0.621443,nan,0.186078,nan,1.641293
2078,0.390749,0.426664,6.165949,0.186045,3.585440,1.173607
2079,0.392547,0.413811,nan,0.186045,nan,1.202941
2080,0.439809,0.455299,4.997233,0.186012,2.744696,1.295777
2081,0.419175,0.365263,nan,0.186012,nan,1.254614
2082,0.746122,0.780556,4.967490,0.185979,1.161066,1.921485
2083,0.551528,0.574993,nan,0.185979,nan,1.520985
2084,0.542031,0.633034,4.784978,0.185947,1.518083,1.521618
2085,0.356553,0.379277,nan,0.185947,nan,1.136061
2086,0.606983,0.660365,4.951761,0.185916,0.781808,1.674047
2087,0.624765,0.723180,nan,0.185916,nan,1.691095
2088,0.423035,0.552111,6.037341,0.185884,3.141909,1.240147
2089,0.548437,0.615045,nan,0.185884,nan,1.539606
2090,0.491079,0.613462,4.757456,0.185851,3.869739,1.398860
2091,0.734945,0.755624,nan,0.185851,nan,1.902352
2092,0.601695,0.636487,5.159734,0.185819,2.518447,1.657753
2093,0.654248,0.800369,nan,0.185819,nan,1.751526
2094,0.608366,0.805934,5.954016,0.185786,3.001556,1.648265
2095,0.511094,0.693547,nan,0.185786,nan,1.446877
2096,0.479130,0.566177,5.436358,0.185754,1.305980,1.365814
2097,0.410137,0.471908,nan,0.185754,nan,1.209938
2098,0.458698,0.456208,5.318284,0.185722,1.332317,1.333622
2099,0.482557,0.483589,nan,0.185722,nan,1.386338
2100,0.734003,0.672459,5.275233,0.185690,2.202072,1.929202
2101,0.486071,0.426968,nan,0.185690,nan,1.395945
2102,0.318206,0.316465,5.059444,0.185658,3.371587,1.045342
2103,0.464656,0.521159,nan,0.185658,nan,1.326060
2104,0.613246,0.498122,5.741956,0.185626,3.362926,1.679855
2105,0.469558,0.415470,nan,0.185626,nan,1.332355
2106,0.522123,0.665614,4.435033,0.185593,2.249753,1.477069
2107,0.498041,0.488104,nan,0.185593,nan,1.434900
2108,0.623686,0.556606,5.409534,0.185562,1.081725,1.691794
2109,0.598798,0.449393,nan,0.185562,nan,1.632866
2110,0.494152,0.494343,5.583578,0.185531,0.696873,1.394257
2111,0.603434,0.568489,nan,0.185531,nan,1.663055
2112,0.536679,0.549512,5.480320,0.185500,1.765076,1.496294
2113,0.421614,0.433287,nan,0.185500,nan,1.261597
2114,0.337250,0.423613,5.383040,0.185470,1.297555,1.004488
2115,0.559043,0.541468,nan,0.185470,nan,1.546811
2116,0.428378,0.457109,4.745536,0.185439,2.969754,1.283844
2117,0.296451,0.298216,nan,0.185439,nan,0.984784
2118,0.525164,0.468117,5.046943,0.185408,2.961287,1.488449
2119,0.325034,0.310338,nan,0.185408,nan,1.042199
2120,0.731352,0.732405,4.726240,0.185378,0.215984,1.922864
2121,0.470576,0.479620,nan,0.185378,nan,1.366805
2122,0.511626,0.573101,4.491266,0.185348,1.612819,1.448903
2123,0.455694,0.519066,nan,0.185348,nan,1.346137
2124,0.407635,0.410340,6.295041,0.185319,1.260711,1.233265
2125,0.337134,0.369489,nan,0.185319,nan,1.074328
2126,0.303361,0.375634,4.494201,0.185289,3.544867,0.978314
2127,0.481609,0.441361,nan,0.185289,nan,1.370039
2128,0.423204,0.401402,5.138613,0.185258,2.422029,1.240884
2129,0.511030,0.314066,nan,0.185258,nan,1.456992
2130,0.485571,0.496396,5.684029,0.185229,0.365034,1.395560
2131,0.422396,0.369081,nan,0.185229,nan,1.246622
2132,0.483262,0.401711,5.373431,0.185200,0.894743,1.388833
2133,0.529764,0.542536,nan,0.185200,nan,1.471335
2134,0.493918,0.417411,4.391191,0.185170,3.933001,1.401551
2135,0.365192,0.391464,nan,0.185170,nan,1.117915
2136,0.444220,0.470814,6.129811,0.185140,1.828932,1.300287
2137,0.951074,0.842794,nan,0.185140,nan,2.351103
2138,0.723216,0.705885,5.296849,0.185110,2.688831,1.897911
2139,0.412747,0.414056,nan,0.185110,nan,1.240009
2140,0.462511,0.479105,5.434165,0.185079,3.618032,1.333015
2141,0.578989,0.550959,nan,0.185079,nan,1.563434
2142,0.613659,0.705169,4.266339,0.185049,3.007385,1.605015
2143,0.496744,0.473576,nan,0.185049,nan,1.424918
2144,0.479294,0.461029,4.368842,0.185017,3.665137,1.406337
2145,0.444252,0.492642,nan,0.185017,nan,1.299260
2146,0.538673,0.574542,4.385908,0.184985,3.576828,1.511347
2147,0.732256,0.748400,nan,0.184985,nan,1.901287
2148,0.512036,0.553166,6.904933,0.184954,-0.396003,1.463262
2149,0.465571,0.524918,nan,0.184954,nan,1.341388
2150,0.473096,0.442521,4.375966,0.184924,2.392896,1.369120
2151,0.324211,0.327024,nan,0.184924,nan,1.027526
2152,0.576145,0.605671,4.307272,0.184893,3.862771,1.573228
2153,0.637069,0.541138,nan,0.184893,nan,1.721382
2154,0.484985,0.455476,6.209859,0.184861,2.662887,1.384922
2155,0.395945,0.365779,nan,0.184861,nan,1.197388
2156,0.657997,0.597549,4.743372,0.184830,2.797480,1.753389
2157,0.545672,0.501529,nan,0.184830,nan,1.503497
2158,0.536154,0.510184,6.354695,0.184799,1.153327,1.507289
2159,0.631633,0.583156,nan,0.184799,nan,1.702028
2160,0.449098,0.378919,6.229959,0.184768,2.296146,1.272326
2161,0.512962,0.523592,nan,0.184768,nan,1.423807
2162,0.393129,0.378785,5.066442,0.184738,2.916155,1.163933
2163,0.662544,0.600796,nan,0.184738,nan,1.734646
2164,0.631113,0.549257,5.027495,0.184707,2.397637,1.697824
2165,0.629341,0.604700,nan,0.184707,nan,1.696704
2166,0.597481,0.608738,4.923956,0.184676,2.854127,1.628737
2167,0.485369,0.436460,nan,0.184676,nan,1.355392
2168,0.447348,0.398667,5.374994,0.184645,1.694054,1.315407
2169,0.594848,0.459873,nan,0.184645,nan,1.627955
2170,0.472413,0.513004,6.699511,0.184615,0.864393,1.351367
2171,0.327419,0.429346,nan,0.184615,nan,1.041775
2172,0.568463,0.579153,5.806242,0.184585,3.409162,1.554896
2173,0.571529,0.522773,nan,0.184585,nan,1.567093
2174,0.568367,0.547512,5.156924,0.184555,2.224620,1.536144
2175,0.538376,0.371512,nan,0.184555,nan,1.531112
2176,0.681386,0.670928,5.265575,0.184525,1.301005,1.785194
2177,1.103363,0.994543,nan,0.184525,nan,2.672345
2178,0.607721,0.556643,5.656783,0.184495,1.003588,1.672821
2179,0.515548,0.474999,nan,0.184495,nan,1.423120
2180,0.368056,0.353648,5.899192,0.184466,1.923927,1.175774
2181,0.421643,0.559728,nan,0.184466,nan,1.236323
2182,0.591635,0.655251,6.309153,0.184437,2.272813,1.637320
2183,0.567195,0.551443,nan,0.184437,nan,1.534394
2184,0.346972,0.472318,5.959572,0.184408,2.363105,1.082161
2185,0.355710,0.388293,nan,0.184408,nan,1.105924
2186,0.331750,0.292615,4.265808,0.184379,2.062234,1.071458
2187,0.553783,0.619213,nan,0.184379,nan,1.533179
2188,0.459208,0.473009,5.017097,0.184350,2.072475,1.337532
2189,0.552795,0.600703,nan,0.184350,nan,1.542994
2190,0.561441,0.557351,5.671545,0.184321,1.965503,1.567338
2191,0.456634,0.459177,nan,0.184321,nan,1.302646
2192,0.284355,0.288013,5.686135,0.184291,4.468794,0.940102
2193,0.447401,0.344453,nan,0.184291,nan,1.317332
2194,0.452069,0.464164,4.207556,0.184261,0.870595,1.346673
2195,0.605243,0.543956,nan,0.184261,nan,1.651489
2196,0.521559,0.471520,5.948816,0.184232,3.235382,1.483559
2197,0.349498,0.419598,nan,0.184232,nan,1.066913
2198,0.302431,0.324996,5.876629,0.184202,1.223515,0.966881
2199,0.427691,0.494571,nan,0.184202,nan,1.298356
2200,0.454063,0.383416,4.463370,0.184173,3.393399,1.286328
2201,0.382188,0.303830,nan,0.184173,nan,1.143310
2202,0.468048,0.407184,4.934897,0.184143,1.911110,1.350390
2203,0.590216,0.433628,nan,0.184143,nan,1.607362
2204,0.758124,0.622033,5.299902,0.184114,2.871245,1.949336
2205,0.446590,0.481489,nan,0.184114,nan,1.323910
2206,0.640623,0.595048,5.394014,0.184084,2.016899,1.720289
2207,0.501143,0.437626,nan,0.184084,nan,1.442363
2208,0.373155,0.380518,6.021284,0.184055,2.196838,1.166704
2209,0.718096,0.647015,nan,0.184055,nan,1.923220
2210,0.672153,0.592398,5.601405,0.184025,3.929867,1.777394
2211,0.389071,0.414236,nan,0.184025,nan,1.179596
2212,0.457421,0.441866,5.829330,0.183995,1.486853,1.364491
2213,0.780392,0.693139,nan,0.183995,nan,2.008289
2214,0.717886,0.692447,7.125225,0.183966,1.294066,1.878880
2215,0.448259,0.458631,nan,0.183966,nan,1.305765
2216,0.591570,0.556603,5.233156,0.183936,3.341960,1.597552
2217,0.731187,0.780255,nan,0.183936,nan,1.866097
2218,0.821298,0.785035,4.575397,0.183906,4.408866,2.081404
2219,0.693570,0.634810,nan,0.183906,nan,1.801981
2220,0.486326,0.428534,6.001589,0.183875,3.634286,1.397854
2221,0.618387,0.720435,nan,0.183875,nan,1.641489
2222,0.696145,0.659276,6.084193,0.183844,4.891766,1.839431
2223,0.566839,0.671101,nan,0.183844,nan,1.553236
2224,0.621757,0.646981,4.515493,0.183812,2.664187,1.667080
2225,0.739679,0.688374,nan,0.183812,nan,1.937865
2226,0.775123,0.899352,6.299676,0.183782,0.913551,2.024852
2227,0.448692,0.502796,nan,0.183782,nan,1.316877
2228,0.375496,0.385484,6.059021,0.183751,2.805541,1.134829
2229,0.471118,0.491912,nan,0.183751,nan,1.379798
2230,0.480829,0.607344,4.862683,0.183720,3.947030,1.376719
2231,0.522327,0.624785,nan,0.183720,nan,1.485653
2232,0.569902,0.636503,6.222007,0.183690,0.952939,1.594171
2233,0.614439,0.660721,nan,0.183690,nan,1.658934
2234,0.446210,0.449925,5.919197,0.183660,1.324367,1.324643
2235,0.388261,0.460227,nan,0.183660,nan,1.198512
2236,0.741102,0.657164,5.324819,0.183630,3.546384,1.922171
2237,0.479103,0.494252,nan,0.183630,nan,1.405177
2238,0.434111,0.521998,5.189124,0.183599,3.849699,1.276265
2239,0.466131,0.483911,nan,0.183599,nan,1.363388
2240,0.606555,0.628630,5.787948,0.183568,3.623361,1.657547
2241,0.369851,0.398700,nan,0.183568,nan,1.105237
2242,0.732770,0.650700,4.879523,0.183537,3.704713,1.930561
2243,0.482172,0.503140,nan,0.183537,nan,1.393706
2244,0.587787,0.567962,5.962700,0.183506,2.561313,1.626342
2245,0.442682,0.397251,nan,0.183506,nan,1.305889
2246,0.497097,0.497531,5.317868,0.183475,3.512042,1.383189
2247,0.682423,0.666778,nan,0.183475,nan,1.784232
2248,0.376903,0.342555,6.260440,0.183444,2.476659,1.146848
2249,0.560405,0.522011,nan,0.183444,nan,1.528624
2250,0.481814,0.506086,5.397566,0.183414,1.915735,1.411280
2251,0.376022,0.290692,nan,0.183414,nan,1.206003
2252,0.410951,0.405550,5.413414,0.183383,2.921328,1.249610
2253,0.407649,0.521979,nan,0.183383,nan,1.215469
2254,0.420889,0.406942,6.537494,0.183353,2.163341,1.239946
2255,0.397574,0.517295,nan,0.183353,nan,1.205586
2256,0.423252,0.482920,4.819026,0.183323,1.928325,1.261166
2257,0.702253,0.828625,nan,0.183323,nan,1.835412
2258,0.627775,0.882627,5.925040,0.183293,3.838380,1.705386
2259,0.836619,1.047505,nan,0.183293,nan,2.151301
2260,0.795715,1.015823,6.339273,0.183263,1.359141,2.067026
2261,0.825941,0.905625,nan,0.183263,nan,2.132919
2262,0.737283,1.003699,5.328072,0.183233,4.063449,1.922953
2263,0.576906,0.430532,nan,0.183233,nan,1.605113
2264,0.342682,0.350228,5.832359,0.183203,1.917213,1.095449
2265,0.666558,0.693742,nan,0.183203,nan,1.801606
2266,0.556258,0.822602,5.913862,0.183173,3.190213,1.557549
2267,0.548425,0.441480,nan,0.183173,nan,1.533425
2268,0.617874,0.664077,5.356173,0.183143,3.199876,1.652629
2269,0.712525,0.715681,nan,0.183143,nan,1.859043
2270,0.495729,0.413347,5.415111,0.183113,3.511919,1.377921
2271,0.541333,0.690014,nan,0.183113,nan,1.483837
2272,0.505567,0.586943,4.911064,0.183082,4.154866,1.429816
2273,0.419365,0.582604,nan,0.183082,nan,1.231301
2274,0.594556,0.632580,5.765792,0.183051,3.084802,1.645914
2275,0.606520,0.624328,nan,0.183051,nan,1.648172
2276,0.583049,0.708194,5.289761,0.183021,1.731571,1.608227
2277,0.450475,0.411106,nan,0.183021,nan,1.310399
2278,0.644182,0.561266,3.866579,0.182990,3.953313,1.738905
2279,0.601100,0.777826,nan,0.182990,nan,1.624608
2280,0.703184,0.972636,5.473452,0.182960,2.619439,1.826897
2281,0.640385,0.653146,nan,0.182960,nan,1.727358
2282,0.470488,0.608125,6.934658,0.182930,1.546392,1.388871
2283,0.832254,0.791011,nan,0.182930,nan,2.133089
2284,0.302854,0.351553,6.239437,0.182900,3.228959,1.005204
2285,0.403679,0.461096,nan,0.182900,nan,1.200252
2286,0.527800,0.561199,5.699079,0.182869,4.286764,1.461006
2287,0.461715,0.407264,nan,0.182869,nan,1.359119
2288,0.317884,0.312088,6.001135,0.182839,1.517228,1.042127
2289,0.494340,0.537266,nan,0.182839,nan,1.390978
2290,0.690111,0.689065,6.437188,0.182809,3.529821,1.821782
2291,0.438971,0.418941,nan,0.182809,nan,1.288380
2292,0.373804,0.426620,6.310939,0.182780,2.258617,1.170269
2293,0.445603,0.432123,nan,0.182780,nan,1.311227
2294,0.564000,0.566935,4.594653,0.182750,1.471325,1.576784
2295,0.505542,0.521780,nan,0.182750,nan,1.446587
2296,0.519386,0.579344,6.259808,0.182721,2.458566,1.469094
2297,0.451300,0.480822,nan,0.182721,nan,1.335231
2298,0.523187,0.572492,6.296720,0.182692,4.119824,1.480439
2299,0.434540,0.536878,nan,0.182692,nan,1.263634
2300,0.408329,0.495313,6.614051,0.182663,1.020571,1.223223
2301,0.520341,0.563061,nan,0.182663,nan,1.488831
2302,0.576797,0.581515,7.893261,0.182634,2.724071,1.597441
2303,0.574125,0.812956,nan,0.182634,nan,1.584180
2304,0.634444,0.576888,4.180505,0.182604,4.705388,1.730314
2305,0.470526,0.502688,nan,0.182604,nan,1.387737
2306,0.725752,0.659768,6.192122,0.182575,2.274726,1.923277
2307,0.659721,0.648144,nan,0.182575,nan,1.761979
2308,0.659959,0.640664,5.621310,0.182546,3.115680,1.786204
2309,0.564753,0.545888,nan,0.182546,nan,1.595996
2310,0.490367,0.419621,7.074580,0.182517,1.579645,1.423964
2311,0.541503,0.521920,nan,0.182517,nan,1.518773
2312,0.419427,0.411327,5.315243,0.182488,1.676615,1.278143
2313,0.545380,0.696224,nan,0.182488,nan,1.538797
2314,0.808423,0.936112,5.237362,0.182460,2.620507,2.094234
2315,0.849378,0.899637,nan,0.182460,nan,2.185118
2316,0.792705,0.626228,5.049548,0.182431,2.927031,2.044757
2317,0.615072,0.442590,nan,0.182431,nan,1.671935
2318,0.448966,0.297747,7.352432,0.182403,2.227767,1.330724
2319,0.592816,0.558370,nan,0.182403,nan,1.596730
2320,0.398218,0.474080,5.711010,0.182374,3.962957,1.211830
2321,0.537133,0.516103,nan,0.182374,nan,1.533396
2322,0.660661,0.560329,5.895889,0.182346,1.413459,1.767317
2323,0.600935,0.642239,nan,0.182346,nan,1.680089
2324,0.414246,0.428514,6.831173,0.182318,1.993036,1.230920
2325,0.650568,0.566072,nan,0.182318,nan,1.740583
2326,0.553909,0.515816,5.977835,0.182290,2.065355,1.556719
2327,0.777952,0.617742,nan,0.182290,nan,2.001198
2328,0.904907,0.686224,5.478398,0.182261,4.588231,2.292154
2329,0.431522,0.431789,nan,0.182261,nan,1.290991
2330,0.518071,0.441031,6.193020,0.182233,3.329410,1.498925
2331,0.748926,0.530302,nan,0.182233,nan,1.946895
2332,0.525362,0.578983,6.130260,0.182203,4.472365,1.491837
2333,0.550656,0.429042,nan,0.182203,nan,1.544767
2334,0.558990,0.415460,7.077081,0.182173,4.732943,1.565335
2335,0.394125,0.396363,nan,0.182173,nan,1.202679
2336,0.473839,0.387347,7.832075,0.182143,3.340141,1.354410
2337,0.703701,0.692330,nan,0.182143,nan,1.862099
2338,0.478372,0.523750,6.215662,0.182113,4.004189,1.374698
2339,0.492329,0.384681,nan,0.182113,nan,1.444149
2340,0.645212,0.618798,5.179175,0.182082,3.835159,1.717138
2341,0.510704,0.571755,nan,0.182082,nan,1.450469
2342,0.614614,0.621091,6.119942,0.182052,2.914503,1.685451
2343,0.572498,0.542993,nan,0.182052,nan,1.604848
2344,0.956676,0.734367,7.576810,0.182023,0.481804,2.346838
2345,0.657553,0.578490,nan,0.182023,nan,1.744007
2346,0.790521,0.721870,6.279996,0.181993,2.801850,2.044532
2347,0.521699,0.487798,nan,0.181993,nan,1.489576
2348,0.878756,0.419883,5.496758,0.181964,3.773766,2.239141
2349,0.576147,0.397876,nan,0.181964,nan,1.563332
2350,0.469488,0.297646,6.378788,0.181935,2.131165,1.385800
2351,0.380390,0.355317,nan,0.181935,nan,1.142817
2352,0.648547,0.540226,4.793809,0.181906,3.169010,1.779774
2353,0.598119,0.691079,nan,0.181906,nan,1.664790
2354,0.461873,0.611582,6.473154,0.181877,2.987825,1.357977
2355,0.500363,0.441347,nan,0.181877,nan,1.429516
2356,0.482891,0.564928,6.706421,0.181847,3.714476,1.419345
2357,0.440504,0.546463,nan,0.181847,nan,1.326890
2358,0.473240,0.439698,6.318845,0.181818,2.546164,1.340949
2359,0.645690,0.559053,nan,0.181818,nan,1.722627
2360,0.504248,0.401680,5.661235,0.181789,4.721127,1.473343
2361,0.701933,0.773109,nan,0.181789,nan,1.866228
2362,0.612136,0.555816,6.399988,0.181759,4.155632,1.657206
2363,0.645269,0.666670,nan,0.181759,nan,1.736061
2364,0.538421,0.513526,6.332149,0.181728,4.953188,1.524252
2365,0.725560,0.681291,nan,0.181728,nan,1.918007
2366,0.929971,0.957669,4.165971,0.181698,2.627462,2.359816
2367,0.875056,0.929416,nan,0.181698,nan,2.226575
2368,0.726295,0.735662,5.340579,0.181668,2.291620,1.906424
2369,0.685027,0.750505,nan,0.181668,nan,1.821974
2370,0.379419,0.493385,6.322713,0.181638,2.972190,1.133671
2371,0.461332,0.474689,nan,0.181638,nan,1.367649
2372,0.580659,0.586226,6.511478,0.181609,3.553152,1.631822
2373,0.413847,0.428680,nan,0.181609,nan,1.276554
2374,0.489434,0.438664,6.948389,0.181579,1.637774,1.415423
2375,0.384880,0.351195,nan,0.181579,nan,1.193550
2376,0.519892,0.505083,4.989394,0.181550,4.186695,1.488405
2377,0.503255,0.509025,nan,0.181550,nan,1.436236
2378,0.484268,0.618053,6.315008,0.181520,4.764709,1.386841
2379,0.566530,0.425838,nan,0.181520,nan,1.549062
2380,0.721205,0.612071,7.239713,0.181491,1.918934,1.917481
2381,0.402983,0.496312,nan,0.181491,nan,1.243364
2382,0.414353,0.402822,7.084285,0.181461,3.458155,1.270918
2383,0.443332,0.423018,nan,0.181461,nan,1.320376
2384,0.444782,0.364358,6.622029,0.181432,1.304723,1.339012
2385,0.464155,0.483507,nan,0.181432,nan,1.358407
2386,0.418614,0.495074,6.377072,0.181403,3.706657,1.285055
2387,0.549031,0.816869,nan,0.181403,nan,1.551671
2388,0.397214,0.550654,6.046813,0.181375,3.017598,1.225428
2389,0.922869,0.905384,nan,0.181375,nan,2.318296
2390,0.497486,0.475378,8.571239,0.181346,3.420657,1.443181
2391,0.439889,0.454363,nan,0.181346,nan,1.316725
2392,0.519188,0.469489,5.279099,0.181316,3.875652,1.494268
2393,0.608474,0.771702,nan,0.181316,nan,1.682630
2394,0.631468,0.850911,4.136010,0.181287,4.791683,1.724253
2395,0.854341,0.723942,nan,0.181287,nan,2.208348
2396,0.725915,0.548169,6.373053,0.181257,4.293990,1.922672
2397,0.551672,0.482085,nan,0.181257,nan,1.542733
2398,0.663944,0.753646,7.054189,0.181228,1.499918,1.762454
2399,0.623077,0.445479,nan,0.181228,nan,1.676297
2400,0.616279,0.618261,5.868255,0.181198,4.150435,1.692233
2401,0.860597,0.882757,nan,0.181198,nan,2.193283
2402,0.702078,0.657875,4.261824,0.181168,5.453597,1.852065
2403,0.878299,0.691673,nan,0.181168,nan,2.254699
2404,0.880737,0.590135,5.953797,0.181138,2.860380,2.221394
2405,0.805904,0.692481,nan,0.181138,nan,2.050555
2406,0.496660,0.380364,6.952157,0.181108,3.921333,1.439689
2407,0.497096,0.602806,nan,0.181108,nan,1.425750
2408,0.522350,0.479333,5.206654,0.181077,4.234174,1.509780
2409,0.637603,0.548511,nan,0.181077,nan,1.719285
2410,0.429157,0.519707,5.259830,0.181047,5.123285,1.281572
2411,0.556541,0.683348,nan,0.181047,nan,1.564068
2412,0.667932,0.579326,5.140669,0.181016,3.849086,1.793748
2413,0.360360,0.364405,nan,0.181016,nan,1.115436
2414,0.574971,0.357475,6.345332,0.180986,0.899741,1.580814
2415,0.535572,0.483345,nan,0.180986,nan,1.514413
2416,0.561516,0.473684,5.407135,0.180956,4.633693,1.570432
2417,0.592775,0.603262,nan,0.180956,nan,1.625067
2418,0.631681,0.353103,5.761462,0.180926,2.883553,1.717315
2419,0.761359,0.703690,nan,0.180926,nan,1.993525
2420,0.474961,0.409398,5.186667,0.180896,4.581153,1.398930
2421,0.709549,0.611469,nan,0.180896,nan,1.891255
2422,0.657632,0.630987,4.129739,0.180866,4.186135,1.780307
2423,0.625670,0.542083,nan,0.180866,nan,1.700302
2424,0.619152,0.507544,6.833079,0.180837,1.786332,1.666888
2425,0.672465,0.417429,nan,0.180837,nan,1.814548
2426,0.518951,0.459989,5.310637,0.180807,4.528749,1.503137
2427,0.681409,0.613913,nan,0.180807,nan,1.804610
2428,0.512816,0.531329,4.808083,0.180777,3.100185,1.478677
2429,0.588784,0.536431,nan,0.180777,nan,1.629581
2430,0.604944,0.628156,7.406029,0.180747,3.573254,1.647111
2431,0.658273,0.504063,nan,0.180747,nan,1.775159
2432,0.844635,0.734711,5.718532,0.180718,4.113769,2.163100
2433,0.490760,0.393675,nan,0.180718,nan,1.409218
2434,0.452573,0.557096,6.925373,0.180688,2.615588,1.331003
2435,0.848343,0.892836,nan,0.180688,nan,2.141591
2436,0.606906,0.672863,5.145729,0.180660,1.147504,1.644206
2437,0.578881,0.357938,nan,0.180660,nan,1.614926
2438,0.628403,0.465916,6.705750,0.180632,2.276991,1.723397
2439,0.924205,0.730435,nan,0.180632,nan,2.331091
2440,0.659227,0.533804,5.260258,0.180603,4.369446,1.758187
2441,0.585666,0.401813,nan,0.180603,nan,1.580121
2442,0.736288,0.614310,5.007360,0.180575,2.952242,1.944968
2443,0.876409,0.679278,nan,0.180575,nan,2.210627
2444,0.599865,0.746964,4.695753,0.180547,2.692098,1.637295
2445,0.569650,0.539683,nan,0.180547,nan,1.562777
2446,0.620660,0.560403,6.980906,0.180519,2.575942,1.713805
2447,0.837243,0.740120,nan,0.180519,nan,2.150556
2448,0.460354,0.380174,5.806536,0.180491,3.911858,1.362108
2449,0.577351,0.456305,nan,0.180491,nan,1.629763
2450,0.369081,0.418408,3.367625,0.180463,3.923326,1.147321
2451,0.612382,0.740062,nan,0.180463,nan,1.660697
2452,0.605075,0.624610,6.710435,0.180434,3.660804,1.644551
2453,0.731775,0.549303,nan,0.180434,nan,1.925156
2454,0.788455,0.779420,4.501858,0.180406,4.139272,2.041624
2455,0.501222,0.433093,nan,0.180406,nan,1.465558
2456,0.425112,0.716566,7.049115,0.180377,3.894659,1.255482
2457,0.636230,0.650590,nan,0.180377,nan,1.714493
2458,0.459038,0.560044,5.055797,0.180347,5.311018,1.341098
2459,0.786678,0.596817,nan,0.180347,nan,2.043947
2460,0.695365,0.529302,7.038625,0.180318,2.507895,1.836977
2461,0.575127,0.450250,nan,0.180318,nan,1.608439
2462,0.611160,0.635971,5.608473,0.180289,3.756742,1.686069
2463,0.666139,0.745048,nan,0.180289,nan,1.795125
2464,0.425106,0.491560,7.011606,0.180261,2.330719,1.267085
2465,0.390981,0.358929,nan,0.180261,nan,1.230323
2466,0.385693,0.461775,5.329430,0.180233,2.851601,1.184466
2467,1.046568,0.932669,nan,0.180233,nan,2.559318
2468,0.826602,0.884953,4.745085,0.180204,3.605573,2.109058
2469,0.822784,0.603661,nan,0.180204,nan,2.119908
2470,0.565847,0.449185,4.871461,0.180176,3.153856,1.567214
2471,0.563785,0.505358,nan,0.180176,nan,1.555607
2472,0.447272,0.426988,5.713863,0.180148,3.906923,1.302066
2473,0.633671,0.641032,nan,0.180148,nan,1.714822
2474,0.639506,0.514744,5.690501,0.180119,3.922542,1.748563
2475,0.391048,0.437090,nan,0.180119,nan,1.198557
2476,0.828272,0.638970,5.282362,0.180090,4.327698,2.124882
2477,0.553773,0.584150,nan,0.180090,nan,1.539164
2478,0.526434,0.673030,6.073034,0.180062,1.856893,1.515744
2479,0.489572,0.622592,nan,0.180062,nan,1.405352
2480,0.518152,0.421037,6.583592,0.180034,4.308861,1.462026
2481,0.415767,0.475011,nan,0.180034,nan,1.261277
2482,0.480978,0.439836,6.050229,0.180005,4.560010,1.394588
2483,0.543854,0.516123,nan,0.180005,nan,1.544902
2484,0.515226,0.519699,5.489212,0.179976,2.443028,1.460237
2485,0.501254,0.451194,nan,0.179976,nan,1.453290
2486,0.679473,0.638981,4.149666,0.179948,4.022846,1.768389
2487,0.706434,0.753990,nan,0.179948,nan,1.885796
2488,0.763777,0.768643,4.075896,0.179919,5.773321,2.018537
2489,0.776179,0.672949,nan,0.179919,nan,2.019502
2490,0.641338,0.671403,5.938859,0.179889,4.010208,1.719165
2491,0.602919,0.506971,nan,0.179889,nan,1.639612
2492,0.705813,0.509858,5.325956,0.179860,4.148727,1.873944
2493,0.582950,0.610304,nan,0.179860,nan,1.614984
2494,0.467728,0.453561,5.591757,0.179830,4.475173,1.348974
2495,0.531283,0.565230,nan,0.179830,nan,1.477683
2496,0.597339,0.606947,3.499375,0.179801,5.120740,1.645348
2497,0.456759,0.498712,nan,0.179801,nan,1.335950
2498,0.731060,0.857996,3.933056,0.179771,3.169493,1.920879
2499,0.986562,1.041097,nan,0.179771,nan,2.440343
2500,0.720215,0.618603,4.512691,0.179741,3.570651,1.896657
2501,0.655117,0.607382,nan,0.179741,nan,1.767103
2502,0.567276,0.581427,5.479551,0.179712,4.002867,1.581981
2503,0.839053,0.761098,nan,0.179712,nan,2.152528
2504,0.538269,0.435234,7.117237,0.179683,3.419204,1.511168
2505,0.540274,0.508587,nan,0.179683,nan,1.545182
2506,0.564042,0.626632,4.321868,0.179653,4.188765,1.563632
2507,0.638712,0.713381,nan,0.179653,nan,1.717037
2508,0.692789,0.737649,4.522716,0.179624,4.002556,1.837097
2509,0.675515,0.662783,nan,0.179624,nan,1.800369
2510,0.706262,0.718143,4.733267,0.179595,2.940551,1.891139
2511,0.565175,0.549507,nan,0.179595,nan,1.573026
2512,0.667350,0.584982,6.194101,0.179566,4.707536,1.807813
2513,0.723430,0.613467,nan,0.179566,nan,1.921896
2514,0.372544,0.456438,7.363065,0.179537,4.174723,1.168792
2515,0.643343,0.789354,nan,0.179537,nan,1.728718
2516,0.905648,0.622243,5.336201,0.179507,4.468208,2.291303
2517,0.556608,0.545492,nan,0.179507,nan,1.525410
2518,0.596477,0.739099,4.852166,0.179477,7.428948,1.624412
2519,0.615452,0.524837,nan,0.179477,nan,1.660731
2520,0.815653,0.818659,6.248187,0.179446,4.195922,2.084882
2521,0.629403,0.724196,nan,0.179446,nan,1.700778
2522,0.434827,0.533059,5.538602,0.179416,3.839059,1.302154
2523,0.884526,0.714949,nan,0.179416,nan,2.243305
2524,0.610885,0.481367,5.559500,0.179386,4.217632,1.700571
2525,0.624527,0.537641,nan,0.179386,nan,1.702187
2526,0.614823,0.670685,5.592470,0.179356,4.026156,1.705412
2527,0.311969,0.277549,nan,0.179356,nan,1.022325
2528,0.671604,0.616017,5.472432,0.179326,2.084796,1.783649
2529,0.713390,0.509434,nan,0.179326,nan,1.884720
2530,0.449041,0.380890,5.725616,0.179297,3.348530,1.297683
2531,0.632957,0.884865,nan,0.179297,nan,1.708089
2532,0.689227,0.827194,4.861594,0.179268,3.785243,1.847355
2533,0.632462,0.640747,nan,0.179268,nan,1.715587
2534,0.586576,0.614146,5.365038,0.179239,4.390284,1.631287
2535,0.617696,0.728397,nan,0.179239,nan,1.706391
2536,0.659219,0.619191,5.769259,0.179210,5.109853,1.752120
2537,0.611710,0.543699,nan,0.179210,nan,1.665134
2538,0.642613,0.574667,5.115643,0.179180,4.770223,1.767507
2539,0.540468,0.423355,nan,0.179180,nan,1.542924
2540,0.918560,0.718948,4.007565,0.179151,2.088721,2.339649
2541,0.487313,0.394216,nan,0.179151,nan,1.399197
2542,0.562223,0.501363,4.428644,0.179122,4.081193,1.555421
2543,0.607504,0.492259,nan,0.179122,nan,1.675636
2544,0.548817,0.487330,5.375385,0.179094,3.789395,1.514421
2545,0.775475,0.684113,nan,0.179094,nan,2.007409
2546,0.766573,0.614859,5.673904,0.179065,3.520588,1.991390
2547,0.700422,0.497455,nan,0.179065,nan,1.884223
2548,0.948289,0.727708,4.923119,0.179036,6.498205,2.377769
2549,0.534356,0.647836,nan,0.179036,nan,1.494009
2550,0.677661,0.694238,4.855896,0.179006,4.478478,1.805451
2551,0.403866,0.583310,nan,0.179006,nan,1.202368
2552,0.386619,0.465564,7.705727,0.178977,3.546807,1.164688
2553,0.525864,0.593263,nan,0.178977,nan,1.484511
2554,0.491347,0.511003,5.273868,0.178948,4.050082,1.419119
2555,0.408918,0.491311,nan,0.178948,nan,1.242519
2556,0.368766,0.491911,6.228383,0.178918,5.146091,1.145119
2557,0.575377,0.424904,nan,0.178918,nan,1.584159
2558,0.591148,0.739849,6.225510,0.178889,5.170252,1.621969
2559,0.636824,0.609745,nan,0.178889,nan,1.740490
2560,0.499688,0.567905,7.436809,0.178859,3.503952,1.418961
2561,0.438692,0.498397,nan,0.178859,nan,1.302992
2562,0.389303,0.418131,6.334828,0.178830,3.710539,1.157338
2563,0.496956,0.479058,nan,0.178830,nan,1.425047
2564,0.605344,0.619769,5.198511,0.178801,3.443378,1.627695
2565,0.804584,0.647213,nan,0.178801,nan,2.080560
2566,0.566412,0.432138,6.707470,0.178773,2.586804,1.566827
2567,0.596963,0.490638,nan,0.178773,nan,1.650445
2568,0.573764,0.418987,5.859991,0.178745,3.135831,1.587365
2569,0.498262,0.482086,nan,0.178745,nan,1.417434
2570,0.634550,0.621149,5.968470,0.178715,7.276199,1.723412
2571,0.513066,0.604019,nan,0.178715,nan,1.449873
2572,0.742168,0.691142,5.741302,0.178687,3.276644,1.930474
2573,0.695283,0.669157,nan,0.178687,nan,1.856544
2574,0.564146,0.575638,4.776017,0.178657,6.355560,1.547457
2575,0.443821,0.405603,nan,0.178657,nan,1.345063
2576,0.836254,0.847544,6.092333,0.178627,5.595832,2.129116
2577,0.598074,0.688430,nan,0.178627,nan,1.650910
2578,0.552049,0.686659,5.630542,0.178597,5.361440,1.544468
2579,0.307078,0.382260,nan,0.178597,nan,0.994731
2580,0.507646,0.783338,6.085371,0.178567,6.130107,1.412883
2581,0.597722,0.749950,nan,0.178567,nan,1.613842
2582,0.480824,0.456926,5.123827,0.178536,3.562795,1.379437
2583,0.442747,0.445234,nan,0.178536,nan,1.302402
2584,0.735254,0.666922,6.378684,0.178507,1.530549,1.885062
2585,0.761386,0.716222,nan,0.178507,nan,1.983636
2586,0.615201,0.798000,5.300596,0.178479,2.664640,1.729235
2587,0.775502,0.884368,nan,0.178479,nan,2.003275
2588,0.257757,0.410934,5.421942,0.178449,7.555196,0.873688
2589,0.530662,0.598065,nan,0.178449,nan,1.505062
2590,0.747449,0.752364,4.462574,0.178420,4.758928,1.956161
2591,0.523185,0.505530,nan,0.178420,nan,1.465425
2592,0.425356,0.475033,7.868721,0.178390,3.986733,1.257373
2593,0.679218,0.666476,nan,0.178390,nan,1.808402
2594,0.645718,0.646578,4.363037,0.178360,6.850186,1.742032
2595,0.438804,0.487769,nan,0.178360,nan,1.301368
2596,0.611025,0.661018,7.296603,0.178330,5.254436,1.647130
2597,0.488206,0.491823,nan,0.178330,nan,1.410011
2598,0.546762,0.699750,6.184387,0.178299,4.503475,1.524207
2599,0.556137,0.598353,nan,0.178299,nan,1.547430
2600,0.540646,0.549439,7.075577,0.178269,5.496676,1.539374
2601,0.356298,0.530817,nan,0.178269,nan,1.118781
2602,0.537219,0.648908,7.197713,0.178239,5.420455,1.479450
2603,0.529135,0.561427,nan,0.178239,nan,1.471712
2604,0.539514,0.572153,7.541615,0.178208,5.733068,1.515695
2605,0.520790,0.525156,nan,0.178208,nan,1.488558
2606,0.542184,0.602201,8.683677,0.178177,3.896905,1.501611
2607,0.433722,0.380788,nan,0.178177,nan,1.286292
2608,0.591811,0.574051,8.333357,0.178148,2.796073,1.621405
2609,0.546504,0.562722,nan,0.178148,nan,1.555378
2610,0.457633,0.481514,8.244493,0.178118,6.376233,1.298236
2611,0.699424,0.628987,nan,0.178118,nan,1.862699
2612,0.481300,0.598610,8.314537,0.178087,5.716024,1.391366
2613,0.423136,0.417791,nan,0.178087,nan,1.281792
2614,0.729253,0.728935,6.822013,0.178057,5.333300,1.901598
2615,0.620354,0.535358,nan,0.178057,nan,1.672146
2616,0.672945,0.574795,7.028615,0.178026,4.685511,1.795307
2617,0.516086,0.487233,nan,0.178026,nan,1.458559
2618,1.059294,0.845120,7.948898,0.177996,3.963710,2.579443
2619,0.534030,0.598178,nan,0.177996,nan,1.479987
2620,0.513213,0.603624,9.461275,0.177967,2.987696,1.458999
2621,0.634397,0.675244,nan,0.177967,nan,1.726429
2622,0.626184,0.799136,6.255267,0.177938,3.521080,1.683872
2623,0.521521,0.570450,nan,0.177938,nan,1.488322
2624,0.645294,0.595975,8.392504,0.177909,3.876390,1.739993
2625,0.463122,0.446983,nan,0.177909,nan,1.357756
2626,0.509156,0.585449,7.254076,0.177880,5.357357,1.449507
2627,0.528760,0.500700,nan,0.177880,nan,1.493557
2628,0.489216,0.458252,7.482607,0.177851,4.549958,1.399165
2629,0.717729,0.880719,nan,0.177851,nan,1.868309
2630,0.746725,0.675892,5.503580,0.177821,6.549976,1.946643
2631,0.484880,0.425705,nan,0.177821,nan,1.382990
2632,0.546613,0.360134,7.373594,0.177792,4.007693,1.532834
2633,0.669184,0.764691,nan,0.177792,nan,1.794887
2634,0.502694,0.583919,8.123562,0.177763,4.652476,1.462766
2635,0.513901,0.631128,nan,0.177763,nan,1.447213
2636,0.623177,0.622066,5.736824,0.177734,4.054853,1.699121
2637,0.786901,0.664833,nan,0.177734,nan,2.026684
2638,0.779808,0.706799,8.028769,0.177704,5.539395,2.030405
2639,0.666362,0.753060,nan,0.177704,nan,1.766332
2640,0.534312,0.810280,9.388020,0.177676,3.122900,1.480718
2641,0.698497,0.604611,nan,0.177676,nan,1.828625
2642,0.442626,0.578604,10.396128,0.177648,2.689802,1.315142
2643,0.476619,0.671748,nan,0.177648,nan,1.383328
2644,0.440465,0.477993,7.261586,0.177619,6.308395,1.285022
2645,0.554054,0.869873,nan,0.177619,nan,1.519664
2646,0.587506,0.845278,7.611271,0.177590,5.693341,1.619803
2647,0.902486,0.719228,nan,0.177590,nan,2.279688
2648,1.016199,0.666591,7.061506,0.177561,4.360282,2.511904
2649,0.545469,0.459900,nan,0.177561,nan,1.524339
2650,0.377976,0.447062,9.637408,0.177532,6.237382,1.177755
2651,0.356868,0.468077,nan,0.177532,nan,1.137786
2652,0.375824,0.566220,8.409210,0.177502,4.556324,1.161517
2653,0.400151,0.423232,nan,0.177502,nan,1.182405
2654,0.582279,0.712223,9.099222,0.177474,1.762448,1.596729
2655,0.647222,0.656869,nan,0.177474,nan,1.733585
2656,0.452462,0.402637,8.129286,0.177445,6.385304,1.338512
2657,0.447612,0.439777,nan,0.177445,nan,1.344869
2658,0.466061,0.448387,8.100483,0.177417,5.316412,1.346933
2659,0.422112,0.346509,nan,0.177417,nan,1.265113
2660,0.490995,0.529104,8.651438,0.177387,5.111888,1.433202
2661,0.772170,0.606369,nan,0.177387,nan,2.013220
2662,0.804744,0.569327,7.220942,0.177358,4.836852,2.069843
2663,0.775291,0.619964,nan,0.177358,nan,1.997504
2664,0.671574,0.531516,8.820002,0.177330,2.396702,1.772129
2665,0.406341,0.394966,nan,0.177330,nan,1.213402
2666,0.398973,0.319300,8.844591,0.177302,5.393740,1.249087
2667,0.554975,0.434912,nan,0.177302,nan,1.551415
2668,0.422628,0.466339,7.250212,0.177273,6.110445,1.290810
2669,0.770738,0.765253,nan,0.177273,nan,2.003868
2670,0.540380,0.552009,7.198406,0.177244,4.908963,1.492643
2671,0.457015,0.759464,nan,0.177244,nan,1.343389
2672,0.486405,0.516081,8.833581,0.177215,4.294041,1.399042
2673,0.410895,0.594036,nan,0.177215,nan,1.229086
2674,0.473939,0.469685,8.352525,0.177186,5.738682,1.388741
2675,0.686941,0.712971,nan,0.177186,nan,1.810954
2676,0.727347,0.744854,6.832342,0.177157,4.588250,1.907856
2677,0.465779,0.471886,nan,0.177157,nan,1.367280
2678,0.445346,0.710696,9.286014,0.177129,4.405632,1.311135
2679,0.447601,0.402512,nan,0.177129,nan,1.290848
2680,0.385029,0.473325,9.269310,0.177099,6.583482,1.182135
2681,0.447376,0.473626,nan,0.177099,nan,1.335531
2682,0.572765,0.606203,7.296899,0.177070,5.603191,1.575888
2683,0.844059,0.607652,nan,0.177070,nan,2.167532
2684,0.884912,0.739768,6.748116,0.177040,5.566307,2.240030
2685,0.607143,0.957707,nan,0.177040,nan,1.633676
2686,0.622852,1.014409,8.182568,0.177011,3.907988,1.663144
2687,0.470636,0.635225,nan,0.177011,nan,1.356605
2688,0.555660,0.625849,9.453036,0.176983,3.760593,1.534488
2689,0.374269,0.559335,nan,0.176983,nan,1.136559
2690,0.733034,0.553136,9.376209,0.176954,4.121445,1.930233
2691,0.557196,0.397705,nan,0.176954,nan,1.552226
2692,0.579050,0.604127,8.154736,0.176926,2.305862,1.605096
2693,0.459022,0.518628,nan,0.176926,nan,1.326847
2694,0.437096,0.813012,8.129300,0.176899,5.279817,1.295660
2695,0.536395,0.665668,nan,0.176899,nan,1.532016
2696,0.582092,0.758882,8.521213,0.176871,3.911809,1.601349
2697,0.454823,0.406798,nan,0.176871,nan,1.360771
2698,0.455483,0.429321,7.949923,0.176843,6.517783,1.328064
2699,0.435256,0.435539,nan,0.176843,nan,1.278416
2700,0.390285,0.420382,8.762934,0.176815,3.463480,1.189843
2701,0.379265,0.358601,nan,0.176815,nan,1.194491
2702,0.388488,0.361569,7.867217,0.176787,5.448365,1.202299
2703,0.351213,0.405453,nan,0.176787,nan,1.125870
2704,0.400615,0.361596,7.142990,0.176759,4.452736,1.187492
2705,0.439954,0.501491,nan,0.176759,nan,1.300322
2706,0.287540,0.534967,7.825502,0.176731,4.456874,0.960518
2707,0.368080,0.373287,nan,0.176731,nan,1.160548
2708,0.452828,0.442050,9.086142,0.176703,6.383582,1.326380
2709,0.510866,0.401023,nan,0.176703,nan,1.438488
2710,0.544944,0.457288,9.161666,0.176675,4.456103,1.543163
2711,0.409149,0.400842,nan,0.176675,nan,1.268403
2712,0.638923,0.613605,8.815264,0.176647,3.445929,1.681207
2713,0.499204,0.516697,nan,0.176647,nan,1.419810
2714,0.505427,0.486938,9.958118,0.176619,4.362887,1.409750
2715,0.343584,0.360810,nan,0.176619,nan,1.100352
2716,0.533767,0.486238,7.642765,0.176591,6.653234,1.460099
2717,0.542710,0.555919,nan,0.176591,nan,1.505176
2718,0.409284,0.446861,8.664701,0.176563,4.145089,1.246755
2719,0.497046,0.639450,nan,0.176563,nan,1.418177
2720,0.444726,0.668332,8.541159,0.176536,3.466702,1.318332
2721,0.407948,0.760248,nan,0.176536,nan,1.221905
2722,0.593463,0.749803,9.320571,0.176508,4.912639,1.642927
2723,0.519968,0.574059,nan,0.176508,nan,1.435993
2724,0.523207,0.375118,10.538614,0.176481,2.829716,1.471467
2725,0.340673,0.408885,nan,0.176481,nan,1.094330
2726,0.461426,0.600302,7.725995,0.176454,5.718950,1.339109
2727,0.522137,0.729450,nan,0.176454,nan,1.456263
2728,0.522457,0.587994,8.879664,0.176426,3.970596,1.466891
2729,0.899236,0.552577,nan,0.176426,nan,2.261109
2730,0.510858,0.416842,9.949659,0.176400,3.105464,1.487398
2731,0.436295,0.452084,nan,0.176400,nan,1.278898
2732,0.577229,0.445546,9.596239,0.176373,4.464284,1.556835
2733,0.496090,0.487363,nan,0.176373,nan,1.415962
2734,0.271544,0.326568,7.797135,0.176346,5.561853,0.891295
2735,0.535679,0.400826,nan,0.176346,nan,1.488546
2736,0.454631,0.401116,9.419369,0.176319,5.044420,1.332131
2737,0.615837,0.595552,nan,0.176319,nan,1.652062
2738,0.296789,0.297022,9.263151,0.176292,4.792338,0.974610
2739,0.511517,0.499677,nan,0.176292,nan,1.484039
2740,0.503729,0.418979,9.003856,0.176264,4.759477,1.450361
2741,0.464322,0.472514,nan,0.176264,nan,1.312289
2742,0.431192,0.464825,8.101768,0.176237,5.037047,1.230109
2743,0.508430,0.440330,nan,0.176237,nan,1.416066
2744,0.351212,0.478777,10.064393,0.176210,3.622803,1.104479
2745,0.404707,0.443534,nan,0.176210,nan,1.236870
2746,0.360527,0.301387,7.995463,0.176184,2.697434,1.131238
2747,0.450945,0.392762,nan,0.176184,nan,1.297596
2748,0.599184,0.513863,7.953287,0.176157,7.071371,1.611510
2749,0.504501,0.457805,nan,0.176157,nan,1.439849
2750,0.426279,0.413449,8.237068,0.176130,3.578323,1.217474
2751,0.545981,0.502643,nan,0.176130,nan,1.542068
2752,0.368185,0.557650,8.405306,0.176103,4.521830,1.150528
2753,0.485067,0.694437,nan,0.176103,nan,1.361267
2754,0.508222,0.566378,8.981863,0.176077,3.001462,1.439800
2755,0.466349,0.525183,nan,0.176077,nan,1.332864
2756,0.496346,0.344655,8.107491,0.176050,6.763930,1.430340
2757,0.720202,0.496164,nan,0.176050,nan,1.864850
2758,0.606266,0.410270,7.646066,0.176022,5.918841,1.644112
2759,0.603214,0.393700,nan,0.176022,nan,1.663717
2760,0.596572,0.417718,7.625140,0.175995,5.650321,1.602335
2761,0.549855,0.603164,nan,0.175995,nan,1.501342
2762,0.390969,0.411693,8.044066,0.175967,6.375534,1.166693
2763,0.416615,0.512879,nan,0.175967,nan,1.222143
2764,0.592146,0.742719,8.206568,0.175939,5.445086,1.593317
2765,0.268191,0.493621,nan,0.175939,nan,0.924327
2766,0.664432,0.380556,8.554652,0.175910,7.025331,1.767790
2767,0.695085,0.616049,nan,0.175910,nan,1.821622
2768,0.698366,0.314923,8.346651,0.175882,4.519448,1.857235
2769,0.426056,0.451095,nan,0.175882,nan,1.272042
2770,0.436747,0.373470,9.574840,0.175854,3.545584,1.290190
2771,0.485365,0.481357,nan,0.175854,nan,1.411029
2772,0.663770,0.457896,8.448836,0.175826,5.011804,1.751226
2773,0.722633,0.588922,nan,0.175826,nan,1.896288
2774,0.422095,0.524598,8.658301,0.175798,5.081110,1.232532
2775,0.605086,0.275588,nan,0.175798,nan,1.650176
2776,0.701772,0.504643,9.654182,0.175770,4.972522,1.867541
2777,0.522926,0.498870,nan,0.175770,nan,1.450084
2778,0.475616,0.520737,9.154715,0.175743,4.758576,1.358928
2779,0.259326,0.277153,nan,0.175743,nan,0.873827
2780,0.488859,0.650864,8.344599,0.175715,5.182873,1.376207
2781,0.554215,0.523368,nan,0.175715,nan,1.527279
2782,0.479361,0.588678,8.433880,0.175687,5.752970,1.341184
2783,0.339598,0.324281,nan,0.175687,nan,1.083282
2784,0.359721,0.400532,9.319838,0.175660,2.364584,1.113050
2785,0.545369,0.573721,nan,0.175660,nan,1.502589
2786,0.493058,0.439490,9.371723,0.175632,6.548599,1.408010
2787,0.502740,0.432788,nan,0.175632,nan,1.394311
2788,0.476540,0.367418,7.854094,0.175605,6.279092,1.342981
2789,0.712173,0.741575,nan,0.175605,nan,1.867513
2790,0.507041,0.574562,8.553373,0.175577,4.371723,1.370353
2791,0.563656,0.635649,nan,0.175577,nan,1.556879
2792,0.309493,0.535650,9.272793,0.175549,4.430261,0.987987
2793,0.383920,0.298784,nan,0.175549,nan,1.162090
2794,0.560401,0.551623,8.763651,0.175522,5.813459,1.510005
2795,0.502711,0.424978,nan,0.175522,nan,1.427191
2796,0.247863,0.310038,9.853543,0.175494,6.870983,0.869165
2797,0.501327,0.491436,nan,0.175494,nan,1.376595
2798,0.455538,0.346472,9.322714,0.175465,5.669003,1.340785
2799,0.494352,0.358330,nan,0.175465,nan,1.400034
2800,0.314885,0.356633,9.402607,0.175438,3.365647,0.987823
2801,0.411423,0.335577,nan,0.175438,nan,1.227727
2802,0.358794,0.384465,8.798002,0.175410,7.498702,1.111009
2803,0.367843,0.458133,nan,0.175410,nan,1.139358
2804,0.502882,0.561009,9.053753,0.175381,5.817935,1.384048
2805,0.799177,0.648470,nan,0.175381,nan,2.033297
2806,0.273919,0.323459,8.544173,0.175353,5.249887,0.919029
2807,0.431676,0.527838,nan,0.175353,nan,1.229691
2808,0.569646,0.648468,9.720560,0.175325,5.646582,1.549859
2809,0.517848,0.400024,nan,0.175325,nan,1.465921
2810,0.712834,0.434418,10.156673,0.175297,3.798878,1.863894
2811,0.834447,0.537951,nan,0.175297,nan,2.126580
2812,0.628078,0.477396,8.626965,0.175269,6.597751,1.678281
2813,0.614379,0.667674,nan,0.175269,nan,1.656071
2814,0.430112,0.779700,9.506574,0.175241,4.493123,1.283255
2815,0.608467,0.511558,nan,0.175241,nan,1.618662
2816,0.549229,0.414411,9.869793,0.175213,5.203260,1.512217
2817,0.423840,0.515700,nan,0.175213,nan,1.263318
2818,0.423506,0.443925,9.782914,0.175185,3.936693,1.216568
2819,0.342418,0.380260,nan,0.175185,nan,1.043304
2820,0.497634,0.491226,8.949135,0.175158,4.522574,1.389005
2821,0.599684,0.661654,nan,0.175158,nan,1.598237
2822,0.775963,0.611420,7.183873,0.175131,5.378313,1.990390
2823,0.474615,0.494830,nan,0.175131,nan,1.343939
2824,0.469224,0.427632,9.018837,0.175104,3.515230,1.319387
2825,0.738800,0.727200,nan,0.175104,nan,1.896043
2826,0.358659,0.354849,10.785711,0.175077,3.986375,1.115320
2827,0.442991,0.343442,nan,0.175077,nan,1.308983
2828,0.441016,0.434475,9.928991,0.175051,5.172825,1.265210
2829,0.665158,0.683929,nan,0.175051,nan,1.705594
2830,0.424414,0.355338,8.203978,0.175024,5.504470,1.231732
2831,0.599491,0.557903,nan,0.175024,nan,1.603036
2832,0.510322,0.515936,8.844020,0.174997,5.379654,1.416554
2833,0.667641,0.607322,nan,0.174997,nan,1.774571
2834,0.466994,0.497885,10.449781,0.174970,4.416675,1.335011
2835,0.504203,0.435205,nan,0.174970,nan,1.398305
2836,0.454208,0.482658,8.632599,0.174943,6.294188,1.297108
2837,0.418768,0.438417,nan,0.174943,nan,1.212576
2838,0.273437,0.403484,8.569482,0.174917,3.606886,0.883123
2839,0.657370,0.431367,nan,0.174917,nan,1.739461
2840,0.545478,0.442672,7.796007,0.174890,6.984776,1.471244
2841,0.470103,0.603216,nan,0.174890,nan,1.335305
2842,0.627598,0.610086,9.600795,0.174862,8.035186,1.639932
2843,0.465407,0.478392,nan,0.174862,nan,1.322356
2844,0.517532,0.744074,9.152155,0.174834,3.977225,1.424742
2845,0.473842,0.631373,nan,0.174834,nan,1.328477
2846,0.533333,0.828331,10.186703,0.174807,5.152945,1.457059
2847,0.687976,0.379290,nan,0.174807,nan,1.809315
2848,0.819856,0.677788,11.199137,0.174780,4.379449,2.076838
2849,0.419588,0.505877,nan,0.174780,nan,1.191478
2850,0.682474,0.492691,10.091103,0.174753,5.288930,1.783496
2851,0.379694,0.447796,nan,0.174753,nan,1.169327
2852,0.388730,0.480814,10.377672,0.174725,6.357841,1.152471
2853,0.420825,0.480313,nan,0.174725,nan,1.232684
2854,0.368571,0.524759,9.986261,0.174698,7.175059,1.095262
2855,0.386062,0.355396,nan,0.174698,nan,1.161158
2856,0.510157,0.445091,9.742439,0.174670,4.771366,1.408247
2857,0.708177,0.654443,nan,0.174670,nan,1.838510
2858,0.525690,0.415398,10.187314,0.174643,4.020032,1.452642
2859,0.427478,0.429885,nan,0.174643,nan,1.211164
2860,0.548543,0.596391,9.042088,0.174615,5.342692,1.494981
2861,0.411930,0.523016,nan,0.174615,nan,1.186991
2862,0.564033,0.439058,9.509168,0.174588,6.440643,1.539127
2863,0.521937,0.487303,nan,0.174588,nan,1.448799
2864,0.523422,0.562049,10.117443,0.174560,5.472621,1.435627
2865,0.423162,0.529234,nan,0.174560,nan,1.226741
2866,0.461590,0.473148,10.668896,0.174533,6.050808,1.279716
2867,0.437681,0.640827,nan,0.174533,nan,1.257641
2868,0.653094,0.614957,11.353083,0.174505,5.383877,1.705283
2869,0.594909,0.549690,nan,0.174505,nan,1.578079
2870,0.672597,0.369225,11.575058,0.174478,5.070199,1.750878
2871,0.607839,0.566441,nan,0.174478,nan,1.590526
2872,0.514691,0.527200,11.934757,0.174451,3.750765,1.455823
2873,0.558177,0.391739,nan,0.174451,nan,1.520809
2874,0.640191,0.870276,9.904677,0.174424,6.582545,1.651258
2875,0.497319,0.752508,nan,0.174424,nan,1.364210
2876,0.487465,0.441434,10.731719,0.174396,5.956649,1.388457
2877,0.628688,0.654778,nan,0.174396,nan,1.635838
2878,0.497812,0.508552,10.828670,0.174369,5.422001,1.408373
2879,0.605668,0.600467,nan,0.174369,nan,1.593897
2880,0.626195,0.555150,10.398104,0.174341,5.755911,1.657356
2881,0.555258,0.473738,nan,0.174341,nan,1.506980
2882,0.739304,0.431523,9.946264,0.174315,2.968701,1.895340
2883,0.504958,0.502570,nan,0.174315,nan,1.370914
2884,0.564430,0.801079,11.937617,0.174288,4.627716,1.538787
2885,0.541304,0.514415,nan,0.174288,nan,1.470941
2886,0.510572,0.489516,10.584980,0.174262,5.191533,1.394576
2887,0.363713,0.483953,nan,0.174262,nan,1.106036
2888,0.519717,0.383967,9.770988,0.174235,7.108074,1.431307
2889,0.358194,0.317424,nan,0.174235,nan,1.105294
2890,0.420293,0.519616,10.901186,0.174208,3.991330,1.203440
2891,0.339930,0.330036,nan,0.174208,nan,1.045744
2892,0.469765,0.834786,11.817879,0.174181,7.117097,1.320554
2893,0.445593,0.590902,nan,0.174181,nan,1.294064
2894,0.602230,0.586416,11.428584,0.174154,4.256330,1.598806
2895,0.647581,0.896600,nan,0.174154,nan,1.696372
2896,0.570811,0.700759,9.634453,0.174127,6.286658,1.522638
2897,0.666176,0.553182,nan,0.174127,nan,1.738577
2898,0.742576,0.604206,10.030861,0.174100,6.060450,1.897360
2899,0.499710,0.564208,nan,0.174100,nan,1.380594
2900,0.919485,0.795973,11.709346,0.174072,7.231475,2.230864
2901,0.911978,0.701080,nan,0.174072,nan,2.278534
2902,0.644302,0.447224,10.847927,0.174045,6.313113,1.711971
2903,0.774248,0.863012,nan,0.174045,nan,1.951527
2904,0.435145,0.419088,10.967210,0.174017,6.674419,1.229159
2905,0.498361,0.468789,nan,0.174017,nan,1.394359
2906,0.526887,0.505312,10.797846,0.173989,4.030737,1.435030
2907,0.932601,0.582192,nan,0.173989,nan,2.291686
2908,0.540375,0.416530,11.250469,0.173962,7.516641,1.483709
2909,0.505085,0.522382,nan,0.173962,nan,1.398342
2910,0.501040,0.504295,10.644770,0.173933,7.195645,1.398612
2911,0.367443,0.478274,nan,0.173933,nan,1.088628
2912,0.449586,0.569807,11.226442,0.173905,7.071977,1.272195
2913,0.696349,0.477372,nan,0.173905,nan,1.799730
2914,0.559167,0.453993,10.804614,0.173877,4.942268,1.517091
2915,0.336568,0.675855,nan,0.173877,nan,1.031901
2916,0.456413,0.433926,10.405542,0.173848,6.392418,1.338496
2917,0.455048,0.668473,nan,0.173848,nan,1.302902
2918,0.390996,0.421451,12.452375,0.173820,6.359345,1.154837
2919,0.858468,0.632346,nan,0.173820,nan,2.117444
2920,0.605845,0.475251,10.556793,0.173792,5.284513,1.609078
2921,0.695898,0.713525,nan,0.173792,nan,1.774270
2922,0.628387,0.517722,9.726855,0.173764,5.275164,1.675595
2923,0.697746,0.779634,nan,0.173764,nan,1.799575
2924,0.501014,0.517616,12.528392,0.173737,3.455295,1.397750
2925,0.436793,0.442574,nan,0.173737,nan,1.224490
2926,0.687465,0.635732,11.313469,0.173710,4.304528,1.762170
2927,0.385189,0.444791,nan,0.173710,nan,1.137922
2928,0.365589,0.329944,10.952185,0.173684,5.202931,1.078446
2929,0.420648,0.351470,nan,0.173684,nan,1.213684
2930,0.640611,0.588699,10.321781,0.173657,6.055507,1.665825
2931,0.397886,0.414961,nan,0.173657,nan,1.127782
2932,0.573888,0.510120,10.699421,0.173630,5.950125,1.529110
2933,0.515047,0.591348,nan,0.173630,nan,1.403254
2934,0.482341,0.557608,10.592219,0.173603,7.874454,1.283566
2935,0.466902,0.412140,nan,0.173603,nan,1.312698
2936,0.584091,0.491452,11.553620,0.173575,5.305583,1.551752
2937,0.429961,0.365617,nan,0.173575,nan,1.251216
2938,0.645598,0.593390,11.395976,0.173548,6.785549,1.678066
2939,0.463367,0.526163,nan,0.173548,nan,1.263495
2940,0.475470,0.388316,11.013031,0.173520,5.368716,1.352422
2941,0.435063,0.423927,nan,0.173520,nan,1.240980
2942,0.425367,0.403621,9.857756,0.173492,7.988149,1.233235
2943,0.461641,0.611581,nan,0.173492,nan,1.287727
2944,0.513544,0.387486,10.835667,0.173465,5.211984,1.414716
2945,0.577848,0.610231,nan,0.173465,nan,1.540166
2946,0.415065,0.437780,11.517870,0.173437,4.859704,1.189753
2947,0.566155,0.501831,nan,0.173437,nan,1.494015
2948,0.476198,0.479461,12.376379,0.173410,7.356097,1.341903
2949,0.488728,0.698388,nan,0.173410,nan,1.360198
2950,0.414494,0.469837,11.978060,0.173382,8.251545,1.204589
2951,0.386506,0.359174,nan,0.173382,nan,1.119080
2952,0.802837,0.738782,11.376801,0.173354,5.598420,2.007794
2953,0.388197,0.335347,nan,0.173354,nan,1.127472
2954,0.604480,0.654444,11.515994,0.173326,5.788493,1.561849
2955,0.566994,0.698627,nan,0.173326,nan,1.499376
2956,0.515486,0.415804,10.595116,0.173297,9.956924,1.388862
2957,0.469268,0.467514,nan,0.173297,nan,1.294983
2958,0.347734,0.426250,10.989197,0.173268,5.516014,1.051241
2959,0.541119,0.548312,nan,0.173268,nan,1.458497
2960,0.535617,0.617953,10.534269,0.173240,4.592010,1.433814
2961,0.716266,0.697927,nan,0.173240,nan,1.829718
2962,0.473111,0.505206,11.104918,0.173213,4.100110,1.319523
2963,0.321413,0.409369,nan,0.173213,nan,0.972880
2964,0.483558,0.488124,10.529987,0.173185,6.856419,1.332099
2965,0.470087,0.557739,nan,0.173185,nan,1.293042
2966,0.736052,0.685305,10.801996,0.173158,5.056814,1.872759
2967,0.560784,0.492081,nan,0.173158,nan,1.506966
2968,0.598741,0.572498,11.723965,0.173130,6.410239,1.608349
2969,0.657827,0.685954,nan,0.173130,nan,1.705287
2970,0.407054,0.474205,10.910763,0.173103,6.120613,1.156857
2971,0.272951,0.201438,nan,0.173103,nan,0.882801
2972,0.544924,0.542594,11.619709,0.173076,4.716677,1.476378
2973,0.880274,0.533183,nan,0.173076,nan,2.180722
2974,0.717595,0.467269,10.853651,0.173049,5.812256,1.860482
2975,0.474541,0.482952,nan,0.173049,nan,1.344254
2976,0.440767,0.525386,11.461153,0.173021,6.874733,1.259543
2977,0.262509,0.345726,nan,0.173021,nan,0.862195
2978,0.373624,0.394329,10.084519,0.172994,8.311122,1.122609
2979,0.641886,0.334230,nan,0.172994,nan,1.700732
2980,0.690235,0.500376,10.609173,0.172966,6.473035,1.800318
2981,0.476699,0.508573,nan,0.172966,nan,1.340618
2982,0.350103,0.436316,12.865178,0.172938,6.277153,1.037014
2983,0.738468,0.833283,nan,0.172938,nan,1.873578
2984,0.789726,0.646318,12.610567,0.172910,7.070370,1.998491
2985,0.574610,0.599324,nan,0.172910,nan,1.525774
2986,0.634782,0.613330,10.707440,0.172882,7.140689,1.657088
2987,0.800054,0.438032,nan,0.172882,nan,1.995692
2988,0.621285,0.455915,9.651176,0.172854,6.220161,1.626954
2989,0.679457,0.620098,nan,0.172854,nan,1.741005
2990,0.438719,0.487488,12.287308,0.172826,5.192589,1.224563
2991,0.787900,1.103490,nan,0.172826,nan,1.939528
2992,0.555879,0.788637,12.604437,0.172798,7.444676,1.496455
2993,0.562969,0.590460,nan,0.172798,nan,1.491454
2994,0.592595,0.509515,12.527542,0.172771,4.249868,1.555035
2995,0.567163,0.513664,nan,0.172771,nan,1.532101
2996,0.594630,0.888343,11.252571,0.172743,6.515970,1.558841
2997,0.472032,0.597460,nan,0.172743,nan,1.328653
2998,0.443488,0.641639,13.231274,0.172716,6.649283,1.252167
2999,0.442625,0.582635,nan,0.172716,nan,1.246133
3000,0.437097,0.477306,12.474011,0.172689,5.114727,1.219306
3001,0.630464,0.543799,nan,0.172689,nan,1.645550
3002,0.567994,0.778379,11.899246,0.172661,8.399312,1.510190
3003,0.731005,0.428580,nan,0.172661,nan,1.862535
3004,0.516682,0.449224,12.350105,0.172634,5.257670,1.424188
3005,0.575673,0.694873,nan,0.172634,nan,1.518663
3006,0.458558,0.280818,12.472664,0.172606,6.361546,1.290546
3007,0.668408,0.347061,nan,0.172606,nan,1.738216
3008,0.648916,0.460406,12.427499,0.172579,6.692090,1.700873
3009,0.483832,0.485650,nan,0.172579,nan,1.316543
3010,0.512923,0.637292,11.919363,0.172551,7.627363,1.412170
3011,0.540766,0.549431,nan,0.172551,nan,1.417028
3012,0.589436,0.624575,13.334606,0.172524,4.257699,1.518613
3013,0.323598,0.334253,nan,0.172524,nan,0.970580
3014,0.468188,0.552629,13.463484,0.172497,4.753632,1.296986
3015,0.515778,0.484935,nan,0.172497,nan,1.376838
3016,0.464465,0.528386,10.958984,0.172470,5.874860,1.281473
3017,0.682557,0.494932,nan,0.172470,nan,1.739061
3018,0.385776,0.422898,11.033365,0.172443,6.175555,1.121107
3019,0.769532,0.591397,nan,0.172443,nan,1.948093
3020,0.485917,0.352883,14.015446,0.172417,4.267206,1.350761
3021,0.617605,0.543073,nan,0.172417,nan,1.610412
3022,0.413132,0.469275,12.018177,0.172391,5.654523,1.200455
3023,0.420841,0.454010,nan,0.172391,nan,1.192913
3024,0.620078,0.526495,12.716487,0.172365,6.375866,1.641582
3025,0.408304,0.373012,nan,0.172365,nan,1.183486
3026,0.672499,0.720480,12.841997,0.172339,5.022235,1.709254
3027,0.614258,0.543571,nan,0.172339,nan,1.615300
3028,0.675611,0.757858,12.278208,0.172312,7.095462,1.726419
3029,0.498635,0.482777,nan,0.172312,nan,1.349660
3030,0.494077,0.440287,12.674859,0.172286,7.870825,1.362506
3031,0.670236,0.689517,nan,0.172286,nan,1.733599
3032,0.471512,0.691041,12.835159,0.172259,5.981166,1.317508
3033,0.513001,0.511324,nan,0.172259,nan,1.403260
3034,0.516701,0.609150,12.569939,0.172232,7.062788,1.422020
3035,0.485235,0.455584,nan,0.172232,nan,1.323258
3036,0.352974,0.309571,12.040550,0.172205,6.864222,1.073716
3037,0.631859,0.561520,nan,0.172205,nan,1.665256
3038,0.522592,0.684949,13.108658,0.172178,7.201504,1.448489
3039,0.401131,0.400947,nan,0.172178,nan,1.176794
3040,0.412943,0.604681,13.748068,0.172150,6.913585,1.187918
3041,0.508025,0.674255,nan,0.172150,nan,1.383680
3042,0.531632,0.333055,13.723680,0.172123,6.441648,1.443510
3043,0.576198,0.700423,nan,0.172123,nan,1.512768
3044,0.437185,0.432538,13.033394,0.172095,8.320326,1.241767
3045,0.686309,0.491722,nan,0.172095,nan,1.796263
3046,0.519806,0.624859,12.960288,0.172068,7.137853,1.418766
3047,0.483571,0.436025,nan,0.172068,nan,1.364973
3048,0.536280,0.526994,13.642984,0.172040,7.262453,1.471362
3049,0.455227,0.569506,nan,0.172040,nan,1.314605
3050,0.627272,0.484097,13.399347,0.172012,6.150913,1.625682
3051,0.351414,0.406752,nan,0.172012,nan,1.032562
3052,0.586083,0.443894,12.484085,0.171984,8.856643,1.570977
3053,0.712151,0.587073,nan,0.171984,nan,1.831706
3054,0.467282,0.550328,13.666512,0.171956,6.071822,1.315272
3055,0.540683,0.552964,nan,0.171956,nan,1.467928
3056,0.565446,0.698798,12.928709,0.171927,7.758391,1.520088
3057,0.453990,0.577450,nan,0.171927,nan,1.292397
3058,0.727307,0.552212,15.366999,0.171900,5.515974,1.848593
3059,0.350740,0.457384,nan,0.171900,nan,1.068442
3060,0.543846,0.563652,12.841431,0.171872,6.283412,1.475248
3061,0.907559,0.511506,nan,0.171872,nan,2.260972
3062,0.481433,0.471863,14.891001,0.171844,6.432114,1.348527
3063,0.418056,0.544540,nan,0.171844,nan,1.212241
3064,0.596080,0.571850,13.213152,0.171817,6.808804,1.585405
3065,0.622954,0.647305,nan,0.171817,nan,1.681570
3066,0.590206,0.644382,12.924353,0.171789,7.797935,1.602405
3067,0.477829,0.614974,nan,0.171789,nan,1.348475
3068,0.574639,0.852625,12.203313,0.171762,3.903269,1.554292
3069,0.630882,0.502981,nan,0.171762,nan,1.682491
3070,0.519990,0.639280,13.311411,0.171735,7.202709,1.436732
3071,0.279037,0.330590,nan,0.171735,nan,0.943396
3072,0.500029,0.526167,13.265112,0.171708,6.357967,1.390757
3073,0.509429,0.504532,nan,0.171708,nan,1.427871
3074,0.399439,0.540767,13.161097,0.171681,5.756692,1.194367
3075,0.552980,0.498159,nan,0.171681,nan,1.505030
3076,0.570942,0.408722,12.905668,0.171654,5.784484,1.538121
3077,0.539857,0.437342,nan,0.171654,nan,1.470306
3078,0.500122,0.636548,13.807735,0.171627,7.890602,1.357229
3079,0.569894,0.477858,nan,0.171627,nan,1.564240
3080,0.406610,0.432242,11.881771,0.171600,7.030080,1.183013
3081,0.558485,0.564760,nan,0.171600,nan,1.520802
3082,0.552250,0.580871,12.654217,0.171573,6.698720,1.500713
3083,0.432062,0.441940,nan,0.171573,nan,1.266480
3084,0.573635,0.592889,13.945732,0.171546,6.105775,1.569501
3085,0.468680,0.484663,nan,0.171546,nan,1.348673
3086,0.652670,0.429028,13.868566,0.171520,4.224132,1.710824
3087,0.530500,0.483608,nan,0.171520,nan,1.487576
3088,0.498198,0.504667,12.476947,0.171492,10.653633,1.391496
3089,0.655099,0.602447,nan,0.171492,nan,1.745239
3090,0.502003,0.998511,14.164431,0.171465,7.840974,1.419806
3091,0.359270,0.594840,nan,0.171465,nan,1.103677
3092,0.496758,0.501080,12.898987,0.171437,6.264259,1.399184
3093,0.605364,0.629414,nan,0.171437,nan,1.629589
3094,0.386512,0.498415,13.524582,0.171410,7.878586,1.134935
3095,0.496937,0.566367,nan,0.171410,nan,1.396479
3096,0.534875,0.607696,12.647051,0.171382,7.042206,1.493064
3097,0.330364,0.412778,nan,0.171382,nan,1.042217
3098,0.343179,0.433734,14.108431,0.171355,6.312328,1.051490
3099,0.385082,0.394969,nan,0.171355,nan,1.130904
3100,0.490669,0.540671,11.620547,0.171327,5.754675,1.378018
3101,0.377812,0.389461,nan,0.171327,nan,1.129156
3102,0.485392,0.732212,13.740536,0.171300,7.675165,1.384989
3103,0.445021,0.471761,nan,0.171300,nan,1.282972
3104,0.443862,0.644696,13.888510,0.171273,6.400861,1.276890
3105,0.534431,0.541518,nan,0.171273,nan,1.471886
3106,0.518542,0.390911,12.737797,0.171246,7.026298,1.406943
3107,0.523844,0.625579,nan,0.171246,nan,1.478119
3108,0.701546,0.561747,12.755036,0.171218,7.172741,1.843314
3109,0.455813,0.385987,nan,0.171218,nan,1.347727
3110,0.618071,0.355602,13.447062,0.171191,6.809122,1.665834
3111,0.762014,0.529089,nan,0.171191,nan,1.959013
3112,0.441146,0.642408,14.071537,0.171164,5.672498,1.295609
3113,0.515870,0.401115,nan,0.171164,nan,1.444684
3114,0.417316,0.471113,12.375705,0.171137,7.014696,1.229493
3115,0.561827,0.654340,nan,0.171137,nan,1.582626
3116,0.430561,0.508970,11.390984,0.171110,7.687779,1.276946
3117,0.484804,0.579957,nan,0.171110,nan,1.379112
3118,0.551689,0.477022,13.106228,0.171082,9.596196,1.486818
3119,0.433272,0.477364,nan,0.171082,nan,1.279391
3120,0.397670,0.438973,12.167451,0.171055,5.915746,1.191828
3121,0.353004,0.442459,nan,0.171055,nan,1.104707
3122,0.438256,0.466484,13.400052,0.171028,5.525370,1.277176
3123,0.435674,0.321884,nan,0.171028,nan,1.271736
3124,0.478139,0.483064,12.492665,0.171001,5.861157,1.387627
3125,0.581128,0.623087,nan,0.171001,nan,1.594186
3126,0.521780,0.564300,11.362419,0.170974,9.435634,1.459893
3127,0.288241,0.290704,nan,0.170974,nan,0.975674
3128,0.495799,0.518563,12.715105,0.170947,7.289752,1.407976
3129,0.569614,0.593822,nan,0.170947,nan,1.566535
3130,0.482025,0.589951,11.884824,0.170919,7.919125,1.378681
3131,0.480354,0.539277,nan,0.170919,nan,1.374790
3132,0.309565,0.350718,12.724352,0.170891,7.343643,0.999003
3133,0.350627,0.378946,nan,0.170891,nan,1.107872
3134,0.545698,0.553462,12.653174,0.170864,7.110625,1.493303
3135,0.614486,0.632225,nan,0.170864,nan,1.648717
3136,0.502979,0.340410,13.291120,0.170836,7.381760,1.427797
3137,0.477538,0.616503,nan,0.170836,nan,1.384810
3138,0.450858,0.418770,12.812466,0.170808,8.650020,1.315571
3139,0.485773,0.383967,nan,0.170808,nan,1.386809
3140,0.570321,0.555694,13.001876,0.170781,7.001117,1.556610
3141,0.356585,0.424800,nan,0.170781,nan,1.082770
3142,0.425528,0.560338,12.471111,0.170753,7.994077,1.259754
3143,0.714092,0.729786,nan,0.170753,nan,1.858369
3144,0.526910,0.478269,11.941965,0.170725,5.728789,1.484283
3145,0.449521,0.356319,nan,0.170725,nan,1.327268
3146,0.950281,0.833534,9.855431,0.170698,7.569454,2.357712
3147,0.818842,1.070968,nan,0.170698,nan,2.104646
3148,0.851478,1.299613,12.169973,0.170671,2.777809,2.159550
3149,0.317771,0.819197,nan,0.170671,nan,1.017614
3150,0.397312,0.408084,12.308284,0.170645,8.091969,1.159773
3151,0.620780,0.582560,nan,0.170645,nan,1.669624
3152,0.482435,0.357343,12.518264,0.170618,7.274067,1.376912
3153,0.514146,0.458807,nan,0.170618,nan,1.456311
3154,0.504530,0.395267,11.299911,0.170591,7.040022,1.419530
3155,0.572207,0.474578,nan,0.170591,nan,1.584306
3156,0.573042,0.537874,10.106902,0.170564,7.814856,1.579361
3157,0.267361,0.355095,nan,0.170564,nan,0.914012
3158,0.300233,0.372532,12.547375,0.170537,6.576987,0.967527
3159,0.584700,0.405694,nan,0.170537,nan,1.620755
3160,0.671315,0.557787,11.351857,0.170511,5.911992,1.769301
3161,0.472693,0.462623,nan,0.170511,nan,1.370516
3162,0.482479,0.532693,10.634216,0.170484,7.240323,1.347801
3163,0.612300,0.428831,nan,0.170484,nan,1.657611
3164,0.687217,0.461026,10.936827,0.170458,7.125247,1.842132
3165,0.526914,0.549979,nan,0.170458,nan,1.478075
3166,0.460431,0.453442,12.460690,0.170431,8.253502,1.316895
3167,0.513163,0.415102,nan,0.170431,nan,1.435811
3168,0.437498,0.414841,12.440031,0.170405,5.126491,1.267576
3169,0.383601,0.387479,nan,0.170405,nan,1.149588
3170,0.296410,0.381015,10.877270,0.170378,7.448775,0.990844
3171,0.353549,0.488193,nan,0.170378,nan,1.106064
3172,0.525402,0.591303,10.961807,0.170352,5.744897,1.461938
3173,0.437510,0.410895,nan,0.170352,nan,1.264035
3174,0.302593,0.332723,12.810593,0.170325,7.868083,0.984157
3175,0.432868,0.466677,nan,0.170325,nan,1.275167
3176,0.419292,0.489825,10.736994,0.170299,8.544489,1.265956
3177,0.432619,0.608110,nan,0.170299,nan,1.249693
3178,0.412136,0.514155,12.155975,0.170272,6.220649,1.195822
3179,0.479116,0.466985,nan,0.170272,nan,1.410205
3180,0.448367,0.506825,12.620435,0.170246,7.410564,1.315356
3181,0.419354,0.340108,nan,0.170246,nan,1.222510
3182,0.531930,1.077762,13.255292,0.170219,6.852009,1.443170
3183,0.465595,0.593204,nan,0.170219,nan,1.362814
3184,0.406293,0.290454,11.607891,0.170193,6.217154,1.234263
3185,0.507716,0.494563,nan,0.170193,nan,1.426194
3186,0.780657,0.578991,12.121011,0.170166,7.646921,2.018277
3187,0.576217,0.302201,nan,0.170166,nan,1.585565
3188,0.394131,0.447622,11.572632,0.170140,7.637360,1.177759
3189,0.466135,0.508197,nan,0.170140,nan,1.354970
3190,0.313429,0.366429,11.495075,0.170113,7.358117,1.014654
3191,0.616045,0.559151,nan,0.170113,nan,1.649116
3192,0.471919,0.343332,9.755845,0.170086,8.666776,1.353097
3193,0.581928,0.273655,nan,0.170086,nan,1.613226
3194,0.560841,0.296141,10.097800,0.170060,6.138316,1.577487
3195,0.588594,0.641559,nan,0.170060,nan,1.594188
3196,0.619629,0.536866,10.325296,0.170033,8.308739,1.690705
3197,0.471860,0.435526,nan,0.170033,nan,1.380563
3198,0.250957,0.321153,12.315863,0.170006,8.446883,0.868987
3199,0.458888,0.531596,nan,0.170006,nan,1.301242
3200,0.618848,0.566821,12.813617,0.169979,5.578446,1.679293
3201,0.588369,0.603688,nan,0.169979,nan,1.614458
3202,0.341968,0.259327,11.002008,0.169952,8.110760,1.081038
3203,0.605499,0.589356,nan,0.169952,nan,1.644269
3204,0.663843,0.412822,12.764214,0.169925,8.423155,1.781939
3205,0.446359,0.361578,nan,0.169925,nan,1.301104
3206,0.394905,0.328164,12.182350,0.169898,7.178980,1.186760
3207,0.385756,0.496466,nan,0.169898,nan,1.154017
3208,0.578657,0.419272,10.811414,0.169871,7.710901,1.597301
3209,0.535691,0.537071,nan,0.169871,nan,1.508291
3210,0.519315,0.383437,10.188154,0.169845,7.154677,1.458270
3211,0.630094,0.960662,nan,0.169845,nan,1.710894
3212,0.502283,0.957735,9.907338,0.169817,8.722008,1.432760
3213,0.537001,0.457666,nan,0.169817,nan,1.507626
3214,0.531049,0.402188,10.910006,0.169790,6.882776,1.502164
3215,0.403042,0.414061,nan,0.169790,nan,1.198133
3216,0.446943,0.336388,11.571484,0.169764,5.700934,1.314217
3217,0.390978,0.339041,nan,0.169764,nan,1.179777
3218,0.281351,0.470790,10.732199,0.169738,5.641580,0.931158
3219,0.421147,0.349456,nan,0.169738,nan,1.255929
3220,0.514845,0.447195,10.557616,0.169712,5.945811,1.463159
3221,0.381302,0.376720,nan,0.169712,nan,1.168163
3222,0.372921,0.404041,11.864189,0.169685,8.613237,1.158296
3223,0.467599,0.554746,nan,0.169685,nan,1.344460
3224,0.357906,0.424809,11.263207,0.169659,7.774737,1.121090
3225,0.325699,0.279065,nan,0.169659,nan,1.022101
3226,0.357146,0.445260,9.943428,0.169633,7.323061,1.132428
3227,0.833853,0.502801,nan,0.169633,nan,2.120300
3228,0.917825,0.390594,10.619440,0.169607,4.878400,2.313365
3229,0.553559,0.750511,nan,0.169607,nan,1.524195
3230,0.447231,0.768507,11.597455,0.169581,7.824424,1.291751
3231,0.484243,0.483972,nan,0.169581,nan,1.396319
3232,0.542000,0.543687,12.254519,0.169555,7.906601,1.557606
3233,0.487075,0.539217,nan,0.169555,nan,1.385234
3234,0.606538,0.425293,11.826849,0.169529,7.087127,1.663843
3235,0.497732,0.580093,nan,0.169529,nan,1.434673
3236,0.457277,0.483920,11.527678,0.169503,8.081020,1.337317
3237,0.408214,0.538242,nan,0.169503,nan,1.248343
3238,0.437193,0.452021,10.961800,0.169477,5.176004,1.299741
3239,0.491001,0.425546,nan,0.169477,nan,1.434322
3240,0.413736,0.427770,10.745249,0.169451,8.130604,1.242513
3241,0.348755,0.672236,nan,0.169451,nan,1.086264
3242,0.195965,0.347673,11.495268,0.169425,5.363959,0.756820
3243,0.437823,0.516937,nan,0.169425,nan,1.270472
3244,0.513765,0.484021,9.494273,0.169399,10.299419,1.451634
3245,0.538901,0.422142,nan,0.169399,nan,1.539695
3246,0.526726,0.545894,10.630280,0.169373,6.983770,1.472324
3247,0.450237,0.467923,nan,0.169373,nan,1.313952
3248,0.333582,0.438648,11.038458,0.169347,7.752708,1.064403
3249,0.429741,0.385869,nan,0.169347,nan,1.272159
3250,0.394264,0.492758,10.471773,0.169320,7.850755,1.194581
3251,0.341270,0.327476,nan,0.169320,nan,1.110095
3252,0.352838,0.460319,10.169683,0.169294,7.041437,1.119424
3253,0.423292,0.409984,nan,0.169294,nan,1.256302
3254,0.583422,0.749440,11.194672,0.169268,7.966969,1.617146
3255,0.511674,0.766759,nan,0.169268,nan,1.451864
3256,0.261073,0.296119,10.365977,0.169241,9.014071,0.910424
3257,0.460724,0.521463,nan,0.169241,nan,1.373074
3258,0.490156,0.557039,11.881288,0.169215,6.700416,1.420391
3259,0.551777,0.445694,nan,0.169215,nan,1.537804
3260,0.396751,0.378930,11.715512,0.169188,8.233324,1.227603
3261,0.468931,0.461589,nan,0.169188,nan,1.391890
3262,0.481845,0.585679,9.396225,0.169161,7.878024,1.408007
3263,0.321508,0.755850,nan,0.169161,nan,1.048478
3264,0.425256,0.676160,9.569000,0.169135,6.613366,1.252948
3265,0.662181,0.415824,nan,0.169135,nan,1.790823
3266,0.593648,0.450353,10.013326,0.169109,6.379115,1.667970
3267,0.301481,0.327519,nan,0.169109,nan,1.012568
3268,0.539128,0.798676,10.707960,0.169082,9.265110,1.513301
3269,0.437462,0.388570,nan,0.169082,nan,1.312599
3270,0.387975,0.370125,10.409902,0.169056,8.799013,1.205583
3271,0.548126,0.505351,nan,0.169056,nan,1.534368
3272,0.419504,0.372882,9.176371,0.169029,7.678125,1.298533
3273,0.421920,0.528841,nan,0.169029,nan,1.273763
3274,0.389150,0.442645,10.061409,0.169002,9.305200,1.200946
3275,0.321763,0.342671,nan,0.169002,nan,1.052286
3276,0.415438,0.479798,9.416293,0.168975,8.147511,1.254381
3277,0.487717,0.524022,nan,0.168975,nan,1.403649
3278,0.533142,0.561627,9.720999,0.168948,9.174065,1.528407
3279,0.409159,0.539045,nan,0.168948,nan,1.234334
3280,0.366298,0.419387,10.337257,0.168921,5.710120,1.138533
3281,0.369612,0.438373,nan,0.168921,nan,1.162516
3282,0.391639,0.399916,11.236374,0.168894,8.169469,1.209711
3283,0.421628,0.541101,nan,0.168894,nan,1.250177
3284,0.405471,0.443416,10.151008,0.168867,8.763832,1.217148
3285,0.382133,0.387733,nan,0.168867,nan,1.178132
3286,0.533316,0.469768,9.275158,0.168840,8.353437,1.498510
3287,0.528606,0.474152,nan,0.168840,nan,1.483363
3288,0.356947,0.413249,9.403526,0.168813,8.251673,1.129313
3289,0.555087,0.429790,nan,0.168813,nan,1.550422
3290,0.329487,0.327557,10.762112,0.168786,8.547909,1.047679
3291,0.401524,0.430952,nan,0.168786,nan,1.218499
3292,0.427862,0.456371,10.668087,0.168759,7.526221,1.274144
3293,0.424034,0.503144,nan,0.168759,nan,1.298540
3294,0.685619,0.618760,9.789705,0.168732,9.369438,1.843330
3295,0.480190,0.432083,nan,0.168732,nan,1.393429
3296,0.430664,0.303345,10.503134,0.168704,7.807977,1.286803
3297,0.321614,0.326604,nan,0.168704,nan,1.079031
3298,0.430052,0.618074,13.232925,0.168678,4.578882,1.284275
3299,0.446539,0.714475,nan,0.168678,nan,1.347850
3300,0.378603,0.443718,9.611183,0.168652,6.911452,1.181268
3301,0.587156,0.862313,nan,0.168652,nan,1.605494
3302,0.530620,0.997462,8.498972,0.168625,8.966371,1.506193
3303,0.934608,0.690964,nan,0.168625,nan,2.348032
3304,0.680761,0.438106,9.463668,0.168599,6.641142,1.821795
3305,0.404088,0.582483,nan,0.168599,nan,1.241980
3306,0.323322,0.399773,10.073860,0.168573,7.468553,1.066224
3307,0.497878,0.646872,nan,0.168573,nan,1.436660
3308,0.456347,0.446212,12.004783,0.168547,9.647673,1.345533
3309,0.371025,0.417080,nan,0.168547,nan,1.138859
3310,0.380153,0.435659,11.455177,0.168520,7.336842,1.164682
3311,0.509015,0.428938,nan,0.168520,nan,1.455924
3312,0.620060,0.496044,10.776009,0.168494,8.201004,1.674496
3313,0.491115,0.635362,nan,0.168494,nan,1.433133
3314,0.511207,0.345559,10.952679,0.168467,8.528096,1.471647
3315,0.456544,0.520986,nan,0.168467,nan,1.313655
3316,0.227713,0.227765,10.897502,0.168441,7.351154,0.825193
3317,0.327510,0.431073,nan,0.168441,nan,1.068506
3318,0.345918,0.380550,9.098814,0.168414,8.634222,1.120707
3319,0.446896,0.530343,nan,0.168414,nan,1.316113
3320,0.371412,0.369063,9.737084,0.168388,7.808558,1.158862
3321,0.461709,0.481126,nan,0.168388,nan,1.369727
3322,0.417234,0.426690,10.754101,0.168362,7.489011,1.259332
3323,0.474670,0.417472,nan,0.168362,nan,1.400283
3324,0.351129,0.345970,9.934399,0.168335,7.003815,1.097984
3325,0.800957,0.378233,nan,0.168335,nan,2.077332
3326,0.678993,0.394062,9.357903,0.168309,7.615089,1.822499
3327,0.311879,0.569355,nan,0.168309,nan,1.021987
3328,0.438580,0.436144,9.063591,0.168283,7.141845,1.306077
3329,0.422790,0.692467,nan,0.168283,nan,1.310900
3330,0.542098,0.686946,9.939131,0.168258,8.057153,1.524580
3331,0.936576,0.602225,nan,0.168258,nan,2.359893
3332,0.699396,0.519533,9.207254,0.168232,6.959612,1.871022
3333,0.319381,0.424797,nan,0.168232,nan,1.035956
3334,0.351093,0.409787,11.907961,0.168206,7.686821,1.118597
3335,0.324948,0.357553,nan,0.168206,nan,1.063805
3336,0.348563,0.347327,10.698609,0.168180,8.889111,1.116141
3337,0.548958,0.429667,nan,0.168180,nan,1.533684
3338,0.621507,0.478705,8.599602,0.168154,8.095562,1.714738
3339,0.498219,0.585269,nan,0.168154,nan,1.414603
3340,0.396294,0.408228,8.929430,0.168128,9.632168,1.209132
3341,0.351617,0.356862,nan,0.168128,nan,1.091733
3342,0.331001,0.362674,10.703789,0.168101,8.074476,1.051277
3343,0.508472,0.534983,nan,0.168101,nan,1.423545
3344,0.411269,0.435770,8.752028,0.168075,8.536521,1.250881
3345,0.504748,0.527675,nan,0.168075,nan,1.457278
3346,0.506162,0.431234,10.586607,0.168048,8.266056,1.432260
3347,0.395097,0.417079,nan,0.168048,nan,1.182149
3348,0.456211,0.472965,11.295646,0.168022,5.709129,1.327328
3349,0.568565,0.507458,nan,0.168022,nan,1.561457
3350,0.457626,0.437212,9.731611,0.167997,6.825951,1.349737
3351,0.462618,0.535591,nan,0.167997,nan,1.331518
3352,0.428649,0.495748,9.892860,0.167971,8.389344,1.259137
3353,0.589797,0.438354,nan,0.167971,nan,1.658188
3354,0.447349,0.459178,10.947473,0.167945,10.222130,1.307048
3355,0.954883,0.678453,nan,0.167945,nan,2.392900
3356,0.938639,0.499802,10.503012,0.167919,6.594658,2.350632
3357,0.484082,0.562881,nan,0.167919,nan,1.385167
3358,0.322647,0.345377,8.517294,0.167893,7.114473,1.031014
3359,0.519039,0.673033,nan,0.167893,nan,1.486688
3360,0.758176,0.543292,9.188518,0.167868,6.692129,2.010729
3361,0.445501,0.330821,nan,0.167868,nan,1.324798
3362,0.418585,0.523137,11.014151,0.167842,7.407065,1.267615
3363,0.311956,0.379520,nan,0.167842,nan,1.010044
3364,0.410517,0.521895,10.047949,0.167816,8.821163,1.248652
3365,0.480228,0.429005,nan,0.167816,nan,1.358357
3366,0.433807,0.364940,10.066050,0.167791,7.116077,1.264675
3367,0.328529,0.338908,nan,0.167791,nan,1.074858
3368,0.455744,0.434938,8.863375,0.167766,6.444721,1.356997
3369,0.787760,0.441784,nan,0.167766,nan,2.036706
3370,0.699404,0.535642,9.980103,0.167741,7.660707,1.850467
3371,0.529700,0.531392,nan,0.167741,nan,1.530691
3372,0.324908,0.443392,10.618242,0.167716,7.155932,1.052275
3373,0.453046,0.568178,nan,0.167716,nan,1.308671
3374,0.722824,0.492051,10.400128,0.167691,7.411216,1.912663
3375,0.660607,0.513689,nan,0.167691,nan,1.801069
3376,0.527194,0.565555,10.740759,0.167666,6.555287,1.481327
3377,0.663169,0.422974,nan,0.167666,nan,1.810440
3378,0.657883,0.340387,10.166679,0.167641,7.890199,1.786757
3379,0.284554,0.599683,nan,0.167641,nan,0.942430
3380,0.458238,0.594214,10.790695,0.167616,9.305639,1.356057
3381,0.310429,0.368745,nan,0.167616,nan,1.039254
3382,0.447813,0.684796,10.539934,0.167591,8.342299,1.326917
3383,0.427870,0.436520,nan,0.167591,nan,1.274306
3384,0.506512,0.687933,9.458659,0.167565,9.012385,1.430997
3385,0.548762,0.513990,nan,0.167565,nan,1.523989
3386,0.525391,0.382653,10.834133,0.167540,6.387314,1.502689
3387,0.394573,0.642029,nan,0.167540,nan,1.212323
3388,0.455034,0.635065,10.376463,0.167514,9.220909,1.332169
3389,0.384323,0.345604,nan,0.167514,nan,1.194046
3390,0.372975,0.591839,10.965441,0.167489,9.389015,1.163533
3391,0.819381,0.477589,nan,0.167489,nan,2.117938
3392,0.873199,0.279994,12.162016,0.167463,7.639866,2.230381
3393,0.497998,0.724779,nan,0.167463,nan,1.437665
3394,0.576993,0.705710,9.189276,0.167437,8.619458,1.602960
3395,0.330221,0.482390,nan,0.167437,nan,1.059634
3396,0.463031,0.884324,9.591003,0.167412,7.006150,1.364169
3397,0.694951,0.607132,nan,0.167412,nan,1.846395
3398,0.650501,0.347282,10.973330,0.167386,7.819200,1.795457
3399,0.385269,0.349732,nan,0.167386,nan,1.177805
3400,0.578628,0.438463,10.605856,0.167360,10.009855,1.590973
3401,0.541780,0.566403,nan,0.167360,nan,1.537443
3402,0.530684,0.606875,9.421068,0.167334,8.621881,1.498205
3403,0.581559,0.545791,nan,0.167334,nan,1.598751
3404,0.639271,0.548428,9.022187,0.167308,8.260158,1.720931
3405,0.508625,0.795610,nan,0.167308,nan,1.436314
3406,0.526969,0.589755,10.559950,0.167282,8.711031,1.495719
3407,0.301870,0.317211,nan,0.167282,nan,0.993404
3408,0.437513,0.340352,9.955248,0.167257,7.763843,1.289685
3409,0.586137,0.401237,nan,0.167257,nan,1.625670
3410,0.399169,0.355282,10.506666,0.167231,6.039026,1.243702
3411,0.323578,0.368038,nan,0.167231,nan,1.033101
3412,0.431540,0.333246,10.256068,0.167206,6.191594,1.278728
3413,0.363572,0.493308,nan,0.167206,nan,1.115224
3414,0.456244,0.443361,9.257450,0.167181,7.465362,1.323996
3415,0.466792,0.501992,nan,0.167181,nan,1.365435
3416,0.412976,0.426784,12.148546,0.167156,8.447086,1.230553
3417,0.366016,0.650830,nan,0.167156,nan,1.107822
3418,0.421350,0.424959,10.645374,0.167131,8.520660,1.252631
3419,0.548818,0.685752,nan,0.167131,nan,1.532126
3420,0.521666,0.773701,8.856571,0.167106,8.298914,1.480393
3421,0.927552,0.442322,nan,0.167106,nan,2.317391
3422,0.810159,0.596855,9.197184,0.167080,8.308789,2.077876
3423,0.386473,0.685663,nan,0.167080,nan,1.145583
3424,0.504142,0.465223,10.526171,0.167055,9.074255,1.392338
3425,0.621851,0.623188,nan,0.167055,nan,1.678768
3426,0.300587,0.548617,11.161915,0.167030,6.635208,0.946861
3427,0.637205,0.600382,nan,0.167030,nan,1.725090
3428,0.258605,0.520823,10.774316,0.167005,7.231851,0.893416
3429,0.592101,0.343362,nan,0.167005,nan,1.655087
3430,0.530794,0.441495,9.901816,0.166980,8.356111,1.501672
3431,0.594624,0.691308,nan,0.166980,nan,1.619545
3432,0.259828,0.266112,11.179148,0.166954,9.038426,0.912457
3433,0.573154,0.614547,nan,0.166954,nan,1.577822
3434,0.413874,0.581310,9.427744,0.166929,10.093227,1.253292
3435,0.438327,0.394679,nan,0.166929,nan,1.286106
3436,0.310285,0.360977,9.853819,0.166903,9.320408,1.017241
3437,0.652145,0.899374,nan,0.166903,nan,1.755242
3438,0.335301,0.242547,10.499527,0.166877,6.190639,1.092528
3439,0.365305,0.402811,nan,0.166877,nan,1.119617
3440,0.322493,0.345122,13.089796,0.166852,6.390864,1.028716
3441,0.538086,0.971410,nan,0.166852,nan,1.513909
3442,0.454654,0.867469,9.635281,0.166827,9.731651,1.331666
3443,0.590307,0.432275,nan,0.166827,nan,1.598153
3444,0.571348,0.580976,9.914696,0.166801,10.553744,1.591378
3445,0.516858,0.306774,nan,0.166801,nan,1.453557
3446,0.584915,0.361533,10.104340,0.166776,6.351673,1.645093
3447,0.420231,0.495639,nan,0.166776,nan,1.232494
3448,0.291437,0.433410,9.628244,0.166751,8.447073,0.953462
3449,0.394865,0.432272,nan,0.166751,nan,1.208549
3450,0.403926,0.328429,10.537924,0.166725,6.659937,1.227956
3451,0.485956,0.373879,nan,0.166725,nan,1.390673
3452,0.697960,0.439344,10.123133,0.166700,8.265577,1.838652
3453,0.379187,0.400527,nan,0.166700,nan,1.147577
3454,0.325405,0.390453,9.430783,0.166675,8.573357,1.053251
3455,0.548144,0.429966,nan,0.166675,nan,1.518997
3456,0.578810,0.462151,9.651604,0.166650,8.108156,1.567181
3457,0.604211,0.528280,nan,0.166650,nan,1.630458
3458,0.476732,0.489654,10.413191,0.166625,7.963088,1.381521
3459,0.405457,0.388250,nan,0.166625,nan,1.213817
3460,0.422961,0.337622,9.908406,0.166600,7.850549,1.262780
3461,0.324242,0.375823,nan,0.166600,nan,1.053468
3462,0.462377,0.545301,8.558445,0.166575,8.148653,1.332595
3463,0.401480,0.357100,nan,0.166575,nan,1.209685
3464,0.580549,0.512360,10.336676,0.166550,8.795449,1.577315
3465,0.423884,0.365512,nan,0.166550,nan,1.251349
3466,0.357667,0.304379,10.636762,0.166525,8.605971,1.129304
3467,0.427376,0.386125,nan,0.166525,nan,1.276738
3468,0.355561,0.349108,11.526863,0.166500,8.071508,1.121773
3469,0.406982,0.431309,nan,0.166500,nan,1.241708
3470,0.536648,0.472718,8.902056,0.166474,8.509980,1.504404
3471,0.753428,0.471251,nan,0.166474,nan,1.978667
3472,0.845311,0.576436,9.029507,0.166449,7.237104,2.163110
3473,0.382323,0.752375,nan,0.166449,nan,1.148937
3474,0.582546,0.534416,9.190855,0.166424,9.176605,1.584865
3475,0.372462,0.673933,nan,0.166424,nan,1.152233
3476,0.500450,0.834355,10.706470,0.166399,7.393312,1.440482
3477,0.341042,0.324823,nan,0.166399,nan,1.071300
3478,0.432219,0.303823,9.444841,0.166374,9.821219,1.287244
3479,0.396737,0.473048,nan,0.166374,nan,1.206357
3480,0.696114,0.654716,10.577221,0.166349,6.876957,1.834589
3481,0.467693,0.460811,nan,0.166349,nan,1.337921
3482,0.360048,0.420597,8.707060,0.166324,9.171677,1.109863
3483,0.328217,0.450658,nan,0.166324,nan,1.016343
3484,0.518487,0.414628,10.064270,0.166299,8.930977,1.461018
3485,0.409985,0.379373,nan,0.166299,nan,1.237984
3486,0.377730,0.377545,10.599262,0.166274,5.883280,1.160427
3487,0.519631,0.447608,nan,0.166274,nan,1.468195
3488,0.494267,0.472927,10.123392,0.166249,9.062173,1.395679
3489,0.357648,0.271930,nan,0.166249,nan,1.116494
3490,0.531941,0.593815,10.428986,0.166224,6.859971,1.464987
3491,0.392517,0.568168,nan,0.166224,nan,1.160834
3492,0.414940,0.542599,10.294682,0.166200,9.565233,1.238533
3493,0.412847,0.384083,nan,0.166200,nan,1.240268
3494,0.607459,0.579274,11.086163,0.166175,7.150046,1.649591
3495,0.565503,0.611604,nan,0.166175,nan,1.576340
3496,0.240557,0.356202,11.152792,0.166150,7.058031,0.855632
3497,0.476157,0.406406,nan,0.166150,nan,1.377954
3498,0.532862,0.565991,8.305180,0.166126,7.008547,1.479729
3499,0.374655,0.550374,nan,0.166126,nan,1.161135
3500,0.549095,0.612255,9.282068,0.166102,8.912056,1.494972
3501,0.454393,0.437048,nan,0.166102,nan,1.301339
3502,0.443956,0.500936,10.593960,0.166077,8.450003,1.301612
3503,0.447449,0.321669,nan,0.166077,nan,1.338101
3504,0.547413,0.397639,10.080584,0.166053,7.258771,1.562078
3505,0.380893,0.460768,nan,0.166053,nan,1.185401
3506,0.328790,0.343207,9.943764,0.166029,8.507477,1.083224
3507,0.378386,0.334265,nan,0.166029,nan,1.156731
3508,0.495652,0.442205,8.426229,0.166004,8.106029,1.415084
3509,0.293735,0.263420,nan,0.166004,nan,1.000137
3510,0.423930,0.406989,9.345311,0.165980,8.522769,1.240157
3511,0.365838,0.471771,nan,0.165980,nan,1.134629
3512,0.576782,0.471002,10.814931,0.165955,7.815179,1.566312
3513,0.238942,0.369882,nan,0.165955,nan,0.845511
3514,0.498233,0.545961,10.302183,0.165931,6.700816,1.416774
3515,0.832069,0.619091,nan,0.165931,nan,2.105294
3516,0.404914,0.316499,11.093048,0.165907,7.154528,1.206165
3517,0.342335,0.379065,nan,0.165907,nan,1.072016
3518,0.516202,0.412418,8.088820,0.165883,8.705236,1.465674
3519,0.438871,0.344979,nan,0.165883,nan,1.296033
3520,0.663719,0.431319,9.098598,0.165859,8.986875,1.776970
3521,0.305954,0.356267,nan,0.165859,nan,1.002257
3522,0.361620,0.341822,11.025225,0.165834,9.867739,1.116144
3523,0.518256,0.431038,nan,0.165834,nan,1.498820
3524,0.407229,0.360198,9.278553,0.165810,8.121284,1.202224
3525,0.288214,0.290443,nan,0.165810,nan,0.958034
3526,0.434865,0.535332,8.068528,0.165785,9.885942,1.266715
3527,0.874658,0.360236,nan,0.165785,nan,2.234252
3528,0.954570,0.334627,8.946030,0.165760,7.685947,2.382795
3529,0.434262,0.653555,nan,0.165760,nan,1.261221
3530,0.436410,0.737085,10.432222,0.165735,9.201824,1.246021
3531,0.495528,0.526511,nan,0.165735,nan,1.419822
3532,0.460610,0.590220,10.320130,0.165710,10.419596,1.359305
3533,0.725231,0.432630,nan,0.165710,nan,1.906172
3534,0.707822,0.466777,10.405500,0.165685,7.856100,1.885574
3535,0.645139,0.633400,nan,0.165685,nan,1.694800
3536,0.562833,0.750027,10.296741,0.165660,7.309088,1.530235
3537,0.607909,0.628687,nan,0.165660,nan,1.629859
3538,0.536906,0.790411,9.110327,0.165635,8.992702,1.490564
3539,0.619347,0.385530,nan,0.165635,nan,1.667153
3540,0.702524,0.501234,10.347321,0.165611,6.378407,1.843154
3541,0.415570,0.761601,nan,0.165611,nan,1.212946
3542,0.433308,0.528087,9.781404,0.165586,8.588812,1.286530
3543,0.370434,0.567259,nan,0.165586,nan,1.159714
3544,0.418673,0.523057,9.746685,0.165562,8.517139,1.277767
3545,0.315082,0.426813,nan,0.165562,nan,1.043446
3546,0.527110,0.586709,10.554628,0.165537,9.331661,1.469609
3547,0.561531,0.547760,nan,0.165537,nan,1.557075
3548,0.359216,0.384621,11.416121,0.165513,7.529118,1.122553
3549,0.349687,0.345042,nan,0.165513,nan,1.068136
3550,0.374997,0.816340,10.427670,0.165488,8.405612,1.100862
3551,0.387794,0.402695,nan,0.165488,nan,1.159660
3552,0.591810,0.654719,9.925303,0.165464,9.033902,1.591290
3553,0.550981,0.573424,nan,0.165464,nan,1.529188
3554,0.610017,0.426464,10.268266,0.165439,8.283838,1.668779
3555,0.610714,0.371051,nan,0.165439,nan,1.678375
3556,0.479507,0.445358,10.382376,0.165414,9.584642,1.406734
3557,0.307458,0.279636,nan,0.165414,nan,1.018103
3558,0.400548,0.528673,11.505805,0.165390,7.630784,1.200571
3559,0.336013,0.354173,nan,0.165390,nan,1.061085
3560,0.735537,0.387918,10.344899,0.165365,9.533022,1.921239
3561,0.438605,0.406143,nan,0.165365,nan,1.313390
3562,0.938368,0.486268,10.322641,0.165340,7.308881,2.352392
3563,0.899524,0.514705,nan,0.165340,nan,2.259573
3564,0.543353,0.519572,10.241137,0.165316,8.778654,1.520614
3565,0.366780,0.629607,nan,0.165316,nan,1.118961
3566,0.403466,0.362077,9.604829,0.165291,9.921971,1.231938
3567,0.786398,0.504081,nan,0.165291,nan,2.021748
3568,0.321418,0.377731,8.403746,0.165266,10.175455,1.030147
3569,0.528904,0.544915,nan,0.165266,nan,1.476206
3570,0.331133,0.699429,8.853258,0.165241,8.735735,1.043215
3571,0.341903,0.307952,nan,0.165241,nan,1.088804
3572,0.267594,0.315307,9.173937,0.165215,11.930792,0.907673
3573,0.499776,0.498339,nan,0.165215,nan,1.430062
3574,0.468243,0.377661,11.055887,0.165190,8.310051,1.342337
3575,0.370026,0.429246,nan,0.165190,nan,1.179581
3576,0.312730,0.506182,8.053187,0.165164,9.231955,1.008274
3577,0.879582,0.419463,nan,0.165164,nan,2.225780
3578,1.064785,0.608648,8.675646,0.165139,6.479783,2.577547
3579,0.469381,0.723872,nan,0.165139,nan,1.336945
3580,0.453309,0.617645,8.859536,0.165115,7.589506,1.327530
3581,0.478609,0.485194,nan,0.165115,nan,1.387100
3582,0.456346,0.760544,10.250706,0.165090,9.626143,1.332371
3583,0.709285,0.440630,nan,0.165090,nan,1.849300
3584,0.743679,0.454491,12.173299,0.165065,10.439165,1.952818
3585,0.382058,0.548235,nan,0.165065,nan,1.193823
3586,0.502165,0.436521,9.493794,0.165039,10.234375,1.430810
3587,0.346222,0.370081,nan,0.165039,nan,1.061065
3588,0.641051,0.541952,8.754894,0.165014,9.118134,1.709821
3589,0.634507,0.570220,nan,0.165014,nan,1.699305
3590,0.530292,0.411393,10.187696,0.164989,8.543991,1.469606
3591,0.399666,0.412943,nan,0.164989,nan,1.177454
3592,0.370027,0.474433,9.760134,0.164963,10.234270,1.115202
3593,0.199155,0.420891,nan,0.164963,nan,0.778981
3594,0.407337,0.585214,8.849989,0.164938,9.291601,1.224418
3595,0.515543,0.400388,nan,0.164938,nan,1.469335
3596,0.362033,0.438960,10.938360,0.164913,6.571450,1.121654
3597,0.323252,0.334487,nan,0.164913,nan,1.004055
3598,0.386233,0.361305,9.059942,0.164887,9.978406,1.169098
3599,0.395319,0.396385,nan,0.164887,nan,1.179721
3600,0.249165,0.284737,9.781828,0.164862,9.508436,0.878752
3601,0.395617,0.466680,nan,0.164862,nan,1.190886
3602,0.332321,0.413235,9.545145,0.164837,10.007015,1.066406
3603,0.374169,0.282880,nan,0.164837,nan,1.151630
3604,0.357538,0.370835,9.689787,0.164812,8.090112,1.091198
3605,0.494989,0.342024,nan,0.164812,nan,1.411188
3606,0.270138,0.319857,8.661689,0.164787,8.544191,0.913454
3607,0.360694,0.355667,nan,0.164787,nan,1.134225
3608,0.416454,0.321777,10.496721,0.164762,8.120847,1.243975
3609,0.396437,0.436645,nan,0.164762,nan,1.182181
3610,0.364579,0.309337,8.954924,0.164737,9.856670,1.156873
3611,0.576708,0.406180,nan,0.164737,nan,1.575423
3612,0.506019,0.384351,10.888290,0.164712,8.635755,1.417482
3613,0.342384,0.546657,nan,0.164712,nan,1.089578
3614,0.555479,0.529449,9.492763,0.164687,9.169210,1.516468
3615,0.675841,0.773701,nan,0.164687,nan,1.747247
3616,0.345696,0.534861,10.599213,0.164662,7.890326,1.062849
3617,0.781375,0.441707,nan,0.164662,nan,2.008478
3618,0.567969,0.500753,7.816088,0.164637,10.035976,1.560092
3619,0.344561,0.624653,nan,0.164637,nan,1.058667
3620,0.499485,0.438876,9.033638,0.164612,9.476529,1.414036
3621,0.627157,0.556346,nan,0.164612,nan,1.673694
3622,0.412488,0.524046,10.567880,0.164587,9.680159,1.252284
3623,0.354483,0.461032,nan,0.164587,nan,1.113930
3624,0.416112,0.441662,10.079519,0.164562,8.491110,1.247506
3625,0.733625,0.443900,nan,0.164562,nan,1.910487
3626,0.316715,0.301401,9.266383,0.164537,8.174198,1.048032
3627,0.643623,0.700557,nan,0.164537,nan,1.688573
3628,0.428199,0.503804,9.286263,0.164513,8.251902,1.239800
3629,0.623671,0.400390,nan,0.164513,nan,1.685840
3630,0.381318,0.431684,10.302500,0.164488,7.808672,1.152496
3631,0.596367,0.562551,nan,0.164488,nan,1.642634
3632,0.548416,0.390175,8.813629,0.164464,8.768402,1.511847
3633,0.736940,0.371067,nan,0.164464,nan,1.921864
3634,0.508829,0.483789,10.418495,0.164440,5.796759,1.440597
3635,0.397536,0.659511,nan,0.164440,nan,1.186663
3636,0.343669,0.436102,9.478118,0.164416,10.628136,1.057230
3637,0.645050,0.460249,nan,0.164416,nan,1.724393
3638,0.440963,0.640241,9.160724,0.164392,9.088616,1.285511
3639,0.542191,0.536494,nan,0.164392,nan,1.477005
3640,0.264717,0.423624,10.666668,0.164368,8.792971,0.889939
3641,0.570303,0.351661,nan,0.164368,nan,1.588704
3642,0.471430,0.442622,8.794185,0.164343,10.820095,1.373192
3643,0.427866,0.628932,nan,0.164343,nan,1.281917
3644,0.536210,0.475378,9.587692,0.164318,9.176600,1.493675
3645,0.580975,0.383126,nan,0.164318,nan,1.587001
3646,0.356476,0.304937,10.410176,0.164294,8.801041,1.120387
3647,0.514766,0.446720,nan,0.164294,nan,1.445741
3648,0.401637,0.285636,9.161015,0.164269,9.230103,1.208802
3649,0.650229,0.532128,nan,0.164269,nan,1.750615
3650,0.440478,0.278439,11.807570,0.164245,6.780645,1.289119
3651,0.495041,0.603553,nan,0.164245,nan,1.406636
3652,0.374887,0.356321,8.208643,0.164221,11.375231,1.124759
3653,0.555144,0.752341,nan,0.164221,nan,1.523194
3654,0.462401,0.444352,9.518930,0.164196,9.995151,1.329125
3655,0.474866,0.495895,nan,0.164196,nan,1.377884
3656,0.326843,0.373265,8.291212,0.164171,11.267834,1.024899
3657,0.649910,0.350237,nan,0.164171,nan,1.764095
3658,0.521289,0.279496,9.643147,0.164146,8.127689,1.483298
3659,0.402009,0.423801,nan,0.164146,nan,1.181767
3660,0.417757,0.358610,10.636839,0.164121,8.822727,1.212199
3661,0.494302,0.715117,nan,0.164121,nan,1.412930
3662,0.482614,0.420194,10.655960,0.164096,9.662449,1.384538
3663,0.567226,0.653577,nan,0.164096,nan,1.552241
3664,0.302903,0.439480,9.157978,0.164071,10.403927,0.964780
3665,0.725768,0.532891,nan,0.164071,nan,1.899733
3666,0.423953,0.470866,9.698233,0.164046,9.498762,1.245703
3667,0.421144,0.570352,nan,0.164046,nan,1.232708
3668,0.401728,0.407087,10.154680,0.164021,8.634838,1.175286
3669,0.482738,0.825411,nan,0.164021,nan,1.362529
3670,0.428735,0.458378,8.805791,0.163997,8.733099,1.277376
3671,0.479741,0.449290,nan,0.163997,nan,1.354722
3672,0.307165,0.375884,8.905481,0.163972,8.335819,0.973110
3673,0.801411,0.406181,nan,0.163972,nan,2.060525
3674,0.415946,0.414853,9.463322,0.163947,9.553682,1.237954
3675,0.498067,0.540542,nan,0.163947,nan,1.413589
3676,0.589639,0.431463,9.903624,0.163923,7.686781,1.594206
3677,0.350761,0.313490,nan,0.163923,nan,1.098466
3678,0.384280,0.386488,8.884077,0.163898,10.242537,1.123821
3679,0.400179,0.693111,nan,0.163898,nan,1.159069
3680,0.413035,0.742326,9.351741,0.163874,9.227042,1.188918
3681,0.583786,0.411860,nan,0.163874,nan,1.609615
3682,0.290191,0.209146,11.170038,0.163850,8.797201,0.982461
3683,0.592316,0.443267,nan,0.163850,nan,1.585464
3684,0.332956,0.551074,10.459707,0.163825,8.757923,1.060253
3685,0.373079,0.341984,nan,0.163825,nan,1.120442
3686,0.458036,0.403592,9.281485,0.163801,8.492317,1.281783
3687,0.650824,0.460656,nan,0.163801,nan,1.749368
3688,0.499662,0.475748,10.480575,0.163777,8.773983,1.445025
3689,0.420294,0.472894,nan,0.163777,nan,1.262723
3690,0.364985,0.430738,10.830553,0.163753,9.353039,1.112020
3691,0.466301,0.351369,nan,0.163753,nan,1.366746
3692,0.681251,0.387102,10.233276,0.163728,9.315421,1.809184
3693,0.475571,0.414417,nan,0.163728,nan,1.359639
3694,0.550129,0.523366,7.970150,0.163704,8.744892,1.496700
3695,0.459302,0.590397,nan,0.163704,nan,1.338968
3696,0.466778,0.489301,8.249287,0.163680,12.114037,1.369595
3697,0.404167,0.420370,nan,0.163680,nan,1.190349
3698,0.478441,0.476547,9.355583,0.163655,9.122158,1.382710
3699,0.435567,0.566630,nan,0.163655,nan,1.267240
3700,0.380116,0.320947,9.449553,0.163630,10.204952,1.136271
3701,0.414977,0.495654,nan,0.163630,nan,1.218478
3702,0.468983,0.374205,8.334362,0.163606,9.145476,1.390037
3703,0.362462,0.598161,nan,0.163606,nan,1.108435
3704,0.454619,0.442042,8.717460,0.163581,8.612139,1.324677
3705,0.289984,0.358275,nan,0.163581,nan,0.958676
3706,0.575348,0.350472,10.093015,0.163556,9.626549,1.576059
3707,0.362831,0.327736,nan,0.163556,nan,1.142084
3708,0.498842,0.752830,9.166417,0.163531,13.468256,1.405796
3709,0.521528,0.381805,nan,0.163531,nan,1.473101
3710,0.313962,0.662545,9.267653,0.163506,12.231945,1.010893
3711,0.304726,0.603001,nan,0.163506,nan,1.038842
3712,0.474202,0.457510,9.036232,0.163480,9.509103,1.376231
3713,0.281251,0.315035,nan,0.163480,nan,0.935668
3714,0.416020,0.322006,9.500542,0.163455,9.661665,1.238593
3715,0.553904,0.538250,nan,0.163455,nan,1.513657
3716,0.516329,0.408939,7.763766,0.163429,11.624678,1.431506
3717,0.583659,0.527613,nan,0.163429,nan,1.604573
3718,0.402409,0.333724,9.960810,0.163403,8.707652,1.183945
3719,0.560081,0.394879,nan,0.163403,nan,1.580612
3720,0.451758,0.563212,10.220140,0.163378,9.708279,1.340243
3721,0.387013,0.246756,nan,0.163378,nan,1.185974
3722,0.455683,0.471600,8.738550,0.163353,10.655718,1.335847
3723,0.966561,0.342317,nan,0.163353,nan,2.415329
3724,0.710632,0.517587,7.711154,0.163327,11.241035,1.851107
3725,0.371399,0.630842,nan,0.163327,nan,1.156829
3726,0.306090,0.299867,8.808983,0.163301,10.316059,1.017113
3727,0.589879,0.436480,nan,0.163301,nan,1.614505
3728,0.436613,0.396940,9.354950,0.163276,8.690941,1.295624
3729,0.316711,0.662056,nan,0.163276,nan,0.995369
3730,0.350572,0.367860,8.108818,0.163250,10.106108,1.086582
3731,0.583467,0.594817,nan,0.163250,nan,1.610737
3732,0.416923,0.425478,10.218269,0.163225,8.649807,1.269819
3733,0.656346,0.420813,nan,0.163225,nan,1.771610
3734,0.627827,0.318782,9.479622,0.163200,7.875245,1.726228
3735,0.400179,0.742588,nan,0.163200,nan,1.210716
3736,0.448319,0.525685,7.486754,0.163176,9.908823,1.293807
3737,0.552143,0.562625,nan,0.163176,nan,1.534431
3738,0.294641,0.361672,9.312140,0.163151,9.669140,0.971977
3739,0.543490,0.492423,nan,0.163151,nan,1.520048
3740,0.542207,0.410845,9.470602,0.163126,11.482924,1.524185
3741,0.357698,0.708816,nan,0.163126,nan,1.076241
3742,0.372280,0.364616,10.347910,0.163100,11.791998,1.140821
3743,0.522445,0.743944,nan,0.163100,nan,1.468381
3744,0.279951,0.637683,8.011093,0.163076,7.917216,0.936499
3745,0.674006,0.403733,nan,0.163076,nan,1.779574
3746,0.747171,0.497001,8.578610,0.163051,8.670085,1.949867
3747,0.491990,0.588901,nan,0.163051,nan,1.438510
3748,0.497343,0.564538,9.091672,0.163026,10.223429,1.426555
3749,0.661383,0.430264,nan,0.163026,nan,1.762485
3750,0.612166,0.302739,8.446424,0.163001,9.832697,1.676297
3751,0.255599,0.216524,nan,0.163001,nan,0.901553
3752,0.360161,0.357889,9.419495,0.162977,8.541052,1.138243
3753,0.389509,0.291732,nan,0.162977,nan,1.178951
3754,0.369847,0.340699,7.306040,0.162952,8.534717,1.168475
3755,0.587869,0.615587,nan,0.162952,nan,1.642694
3756,0.407853,0.426285,6.944554,0.162928,9.614186,1.201641
3757,0.515065,0.340118,nan,0.162928,nan,1.483489
3758,0.385490,0.391399,7.676035,0.162904,9.587341,1.162718
3759,0.417944,0.320417,nan,0.162904,nan,1.239207
3760,0.333381,0.343471,8.212234,0.162879,10.783689,1.036569
3761,0.376860,0.563510,nan,0.162879,nan,1.164628
3762,0.303844,0.377892,10.335276,0.162855,9.674057,0.983804
3763,0.496426,1.016421,nan,0.162855,nan,1.415370
3764,0.487205,0.906375,7.273962,0.162830,8.772453,1.392547
3765,0.969554,0.396169,nan,0.162830,nan,2.415977
3766,1.426423,0.662603,10.192296,0.162806,10.847460,3.339299
3767,1.263543,0.414386,nan,0.162806,nan,3.003792
3768,0.555208,0.669929,9.381783,0.162782,8.921041,1.581538
3769,0.591389,0.885197,nan,0.162782,nan,1.583448
3770,0.483196,0.344939,8.828520,0.162757,9.632952,1.364575
3771,0.438023,0.858768,nan,0.162757,nan,1.289338
3772,0.360788,0.886468,10.865023,0.162733,9.971930,1.105297
3773,0.499083,0.306009,nan,0.162733,nan,1.406996
3774,0.522717,0.470754,8.050577,0.162709,9.569521,1.452693
3775,0.932649,0.579133,nan,0.162709,nan,2.315956
3776,0.854383,0.606440,8.713326,0.162684,9.930193,2.168056
3777,0.331463,0.438040,nan,0.162684,nan,1.055401
3778,0.479080,0.297982,9.358975,0.162660,7.408570,1.400536
3779,0.569921,0.391490,nan,0.162660,nan,1.573228
3780,0.386005,0.274155,9.204439,0.162636,10.117157,1.178111
3781,0.444649,0.533110,nan,0.162636,nan,1.272754
3782,0.529899,0.393509,7.463946,0.162613,8.199860,1.463398
3783,0.751350,0.465661,nan,0.162613,nan,1.990313
3784,0.801883,0.449267,7.557079,0.162589,9.061941,2.089039
3785,0.696402,0.963896,nan,0.162589,nan,1.858748
3786,0.489516,0.527810,8.344826,0.162565,9.722650,1.394071
3787,0.347424,0.284643,nan,0.162565,nan,1.075579
3788,0.808226,0.391712,9.423468,0.162542,7.955647,2.076669
3789,0.457182,0.500855,nan,0.162542,nan,1.321620
3790,0.407852,0.697071,8.490557,0.162518,9.846653,1.228113
3791,0.526679,0.592831,nan,0.162518,nan,1.459972
3792,0.404329,0.656882,7.792111,0.162495,8.576128,1.197121
3793,0.497279,0.458837,nan,0.162495,nan,1.417207
3794,0.449421,0.448928,9.356520,0.162471,8.914198,1.301121
3795,0.344897,0.343656,nan,0.162471,nan,1.090428
3796,0.335476,0.282673,9.503099,0.162448,8.759350,1.038077
3797,0.339547,0.287839,nan,0.162448,nan,1.044029
3798,0.297053,0.466988,10.443674,0.162425,8.928558,0.972745
3799,0.333892,0.377019,nan,0.162425,nan,1.057160
3800,0.484423,0.605652,8.496265,0.162401,10.265781,1.390418
3801,0.577222,0.718700,nan,0.162401,nan,1.553118
3802,0.603546,0.477925,7.476797,0.162378,10.700027,1.616315
3803,0.379575,0.270238,nan,0.162378,nan,1.151679
3804,0.503811,0.543227,10.737944,0.162354,11.865536,1.452816
3805,0.517686,0.336074,nan,0.162354,nan,1.456399
3806,0.484404,0.819837,10.794964,0.162330,8.334431,1.394382
3807,0.441429,0.392718,nan,0.162330,nan,1.294812
3808,0.525923,0.495547,8.926702,0.162306,11.376583,1.505885
3809,0.361941,0.906177,nan,0.162306,nan,1.130294
3810,0.669329,0.456611,9.368571,0.162282,9.275852,1.812062
3811,0.714072,0.462155,nan,0.162282,nan,1.840488
3812,0.446781,0.442626,9.654953,0.162258,10.187113,1.313819
3813,0.689217,0.502527,nan,0.162258,nan,1.823425
3814,0.433898,0.848656,8.738416,0.162234,9.438807,1.267099
3815,0.302979,0.417502,nan,0.162234,nan,0.984839
3816,0.482439,0.356347,8.022856,0.162210,10.754465,1.383044
3817,0.724688,0.392199,nan,0.162210,nan,1.907490
3818,0.786458,0.464558,6.917244,0.162186,9.253017,2.018436
3819,0.347377,0.709633,nan,0.162186,nan,1.058611
3820,0.416703,0.557395,8.154787,0.162162,10.877142,1.217921
3821,0.526083,0.369794,nan,0.162162,nan,1.496448
3822,0.432975,0.427431,8.519526,0.162138,9.288916,1.286050
3823,0.668473,0.513254,nan,0.162138,nan,1.776231
3824,0.419640,0.457334,10.367191,0.162114,7.836443,1.225239
3825,0.361867,0.430685,nan,0.162114,nan,1.128130
3826,0.578934,0.468116,8.038030,0.162091,8.115511,1.622664
3827,0.441099,0.667610,nan,0.162091,nan,1.289351
3828,0.748146,0.912571,7.805837,0.162067,8.709552,1.928070
3829,0.498848,0.414565,nan,0.162067,nan,1.423820
3830,0.494763,0.399392,7.745777,0.162044,10.900666,1.403402
3831,0.482177,0.457829,nan,0.162044,nan,1.385969
3832,0.393158,0.504306,10.110627,0.162020,8.984580,1.160310
3833,0.685846,0.348866,nan,0.162020,nan,1.798251
3834,0.489844,0.400514,8.883679,0.161997,11.445607,1.377011
3835,0.537315,0.521590,nan,0.161997,nan,1.494280
3836,0.329174,0.344858,10.170980,0.161973,8.423375,1.035513
3837,0.556799,0.485288,nan,0.161973,nan,1.558920
3838,0.469868,0.535977,9.073339,0.161949,11.033399,1.370721
3839,0.820824,0.538743,nan,0.161949,nan,2.099508
3840,0.614487,0.543351,11.072597,0.161926,9.541958,1.663359
3841,0.335566,0.628340,nan,0.161926,nan,1.056164
3842,0.499090,0.588462,6.603613,0.161902,11.525844,1.416542
3843,0.409258,0.525247,nan,0.161902,nan,1.225671
3844,0.519129,0.491405,8.914448,0.161878,9.865421,1.446918
3845,0.755187,0.599209,nan,0.161878,nan,1.945754
3846,0.905972,0.406331,8.050421,0.161854,9.172071,2.294940
3847,0.358091,0.669239,nan,0.161854,nan,1.111972
3848,0.502050,0.587647,8.771252,0.161830,10.854339,1.391594
3849,0.603667,0.446415,nan,0.161830,nan,1.639204
3850,0.346907,0.331436,10.041087,0.161806,8.169795,1.084134
3851,1.104188,0.528431,nan,0.161806,nan,2.675076
3852,0.809888,0.519880,9.189355,0.161783,10.332951,2.052213
3853,0.477597,0.536674,nan,0.161783,nan,1.367664
3854,0.359885,0.353729,7.574746,0.161759,10.143620,1.122878
3855,0.290346,0.465742,nan,0.161759,nan,0.957706
3856,0.444295,0.450864,9.006676,0.161735,10.041734,1.293080
3857,0.592359,0.595738,nan,0.161735,nan,1.626470
3858,0.260437,0.381744,10.771393,0.161712,6.707126,0.881500
3859,1.042319,0.533380,nan,0.161712,nan,2.575941
3860,1.066531,0.387524,8.077915,0.161688,9.728409,2.581234
3861,0.529198,0.438657,nan,0.161688,nan,1.491978
3862,0.611088,0.609618,8.389564,0.161665,9.460964,1.645037
3863,0.438607,0.610391,nan,0.161665,nan,1.283860
3864,0.396847,0.372333,7.646453,0.161642,9.490922,1.201548
3865,0.387933,0.512600,nan,0.161642,nan,1.138811
3866,0.474179,0.500892,7.587694,0.161619,9.494650,1.317003
3867,0.524396,0.422053,nan,0.161619,nan,1.449462
3868,0.340774,0.357093,7.270988,0.161595,11.706413,1.066715
3869,0.428109,0.524315,nan,0.161595,nan,1.267985
3870,0.569505,0.632235,9.063097,0.161572,8.828754,1.554961
3871,0.411207,0.430947,nan,0.161572,nan,1.216933
3872,0.455622,0.381593,8.259056,0.161549,7.222447,1.298852
3873,0.331635,0.410568,nan,0.161549,nan,1.028168
3874,0.379957,0.621242,7.761920,0.161526,10.569363,1.166865
3875,0.397207,0.641648,nan,0.161526,nan,1.206868
3876,0.744152,0.382300,7.631358,0.161503,8.135956,1.948179
3877,0.413455,0.363132,nan,0.161503,nan,1.240551
3878,0.552554,0.557325,9.568108,0.161480,9.916127,1.527075
3879,0.797461,0.529602,nan,0.161480,nan,2.027566
3880,0.376052,0.604223,10.336081,0.161457,10.510022,1.164069
3881,0.359061,0.448585,nan,0.161457,nan,1.138523
3882,0.489735,0.534019,9.212409,0.161434,10.304543,1.367804
3883,0.484056,0.736353,nan,0.161434,nan,1.363757
3884,0.818116,0.540954,8.718039,0.161410,10.875710,2.081683
3885,0.667977,0.356029,nan,0.161410,nan,1.780915
3886,0.298180,0.472736,10.564947,0.161387,9.319632,0.938151
3887,0.527889,0.376706,nan,0.161387,nan,1.447126
3888,0.291930,0.882520,10.942574,0.161364,10.411421,0.981509
3889,0.385370,0.706304,nan,0.161364,nan,1.139394
3890,0.362511,0.418419,9.646439,0.161340,10.613801,1.125986
3891,0.509177,0.500974,nan,0.161340,nan,1.412202
3892,0.567652,0.473143,9.419292,0.161317,8.817772,1.577137
3893,0.574114,0.348292,nan,0.161317,nan,1.577245
3894,0.265533,0.495127,9.469809,0.161294,8.762561,0.881784
3895,0.325946,0.378546,nan,0.161294,nan,1.054249
3896,0.444058,0.437995,10.151075,0.161271,9.262188,1.308121
3897,0.468792,0.373013,nan,0.161271,nan,1.383924
3898,0.488686,0.462566,8.653861,0.161248,9.118085,1.378878
3899,0.492225,0.370116,nan,0.161248,nan,1.396398
3900,0.440781,0.464662,10.314187,0.161225,9.774303,1.252337
3901,0.517341,0.514694,nan,0.161225,nan,1.419504
3902,0.514785,0.557027,8.657576,0.161201,10.789649,1.439431
3903,0.451783,0.743143,nan,0.161201,nan,1.274352
3904,0.472633,0.411907,8.675659,0.161178,11.182646,1.329908
3905,0.454067,0.552553,nan,0.161178,nan,1.314388
3906,0.698470,0.558952,7.537683,0.161155,8.999390,1.828523
3907,0.357393,0.528151,nan,0.161155,nan,1.115972
3908,0.701823,0.412841,9.193886,0.161132,8.771187,1.842565
3909,0.418255,0.360382,nan,0.161132,nan,1.243004
3910,0.395828,0.442073,8.655642,0.161109,10.804471,1.189495
3911,0.491561,0.504846,nan,0.161109,nan,1.392388
3912,0.576307,0.785563,8.852602,0.161085,9.949924,1.596622
3913,0.447181,0.510750,nan,0.161085,nan,1.321130
3914,0.355157,0.340956,9.149002,0.161062,8.466910,1.116308
3915,0.393691,0.353393,nan,0.161062,nan,1.165392
3916,0.558709,0.478133,7.577705,0.161040,8.406093,1.515352
3917,0.508890,0.276033,nan,0.161040,nan,1.441527
3918,0.487849,0.745236,10.159307,0.161017,8.917758,1.376976
3919,0.493765,0.708822,nan,0.161017,nan,1.388409
3920,0.421178,0.401594,7.450138,0.160994,11.479950,1.263897
3921,0.618617,0.560794,nan,0.160994,nan,1.638462
3922,0.321328,0.343627,9.473985,0.160971,9.933284,0.979006
3923,0.371726,0.282262,nan,0.160971,nan,1.137520
3924,0.469812,0.483219,7.064445,0.160948,11.010528,1.325219
3925,0.301401,0.321560,nan,0.160948,nan,0.970631
3926,0.323273,0.289910,9.923166,0.160925,9.002180,1.045820
3927,0.457017,0.455527,nan,0.160925,nan,1.312130
3928,0.349842,0.535592,8.795721,0.160902,9.440752,1.055972
3929,0.496425,0.513015,nan,0.160902,nan,1.378015
3930,0.527458,0.566353,8.024959,0.160879,10.318879,1.457741
3931,0.371488,0.320606,nan,0.160879,nan,1.133679
3932,0.677015,0.797827,7.896489,0.160856,11.106021,1.748723
3933,0.455826,0.637898,nan,0.160856,nan,1.312210
3934,0.466282,0.683882,9.871569,0.160832,9.663944,1.343259
3935,0.578066,0.395498,nan,0.160832,nan,1.573518
3936,0.186900,0.337534,9.560691,0.160809,11.198175,0.706432
3937,0.464039,0.565684,nan,0.160809,nan,1.335358
3938,0.563681,0.883473,8.209353,0.160786,9.611235,1.553518
3939,0.705264,0.674085,nan,0.160786,nan,1.854403
3940,0.497016,0.572310,7.391259,0.160763,9.440102,1.380838
3941,0.449333,0.496373,nan,0.160763,nan,1.257832
3942,0.488762,0.546385,9.413709,0.160739,11.255219,1.416724
3943,0.496270,0.500006,nan,0.160739,nan,1.376718
3944,0.394932,0.329146,9.243459,0.160716,10.929277,1.167263
3945,0.749967,0.544531,nan,0.160716,nan,1.929463
3946,0.715203,0.518768,9.160667,0.160693,9.001538,1.869592
3947,0.551995,0.672869,nan,0.160693,nan,1.516570
3948,0.409031,0.661033,8.309825,0.160669,10.608727,1.192893
3949,0.639807,0.416769,nan,0.160669,nan,1.711756
3950,0.386799,0.363722,9.297823,0.160646,11.935225,1.151878
3951,0.738004,0.964676,nan,0.160646,nan,1.902970
3952,0.641091,0.722115,8.708122,0.160622,7.592989,1.724770
3953,0.440842,0.507603,nan,0.160622,nan,1.285058
3954,0.342376,0.320150,9.292273,0.160599,10.936874,1.089054
3955,0.741423,0.653363,nan,0.160599,nan,1.930218
3956,0.596688,0.509562,9.313322,0.160576,9.788153,1.605474
3957,0.692357,0.508596,nan,0.160576,nan,1.814153
3958,0.557331,0.522770,9.525694,0.160553,10.414514,1.523842
3959,0.660231,0.422646,nan,0.160553,nan,1.751889
3960,0.367513,0.410665,9.361363,0.160529,10.984803,1.127398
3961,0.735669,0.699733,nan,0.160529,nan,1.929395
3962,0.705993,0.371951,8.452340,0.160506,9.158422,1.832397
3963,0.428854,0.475070,nan,0.160506,nan,1.226451
3964,0.535598,0.541396,9.119730,0.160482,12.208059,1.494327
3965,0.562674,0.736237,nan,0.160482,nan,1.559784
3966,0.483433,0.421571,7.060928,0.160459,12.105725,1.380104
3967,0.419928,0.410022,nan,0.160459,nan,1.223194
3968,0.402154,0.397510,6.426277,0.160435,10.979511,1.218830
3969,0.285536,0.611926,nan,0.160435,nan,0.950018
3970,0.525927,0.671109,7.629283,0.160411,10.133362,1.470600
3971,0.550846,0.515179,nan,0.160411,nan,1.497129
3972,0.395591,0.465871,9.486736,0.160387,11.388213,1.178906
3973,0.657850,0.586683,nan,0.160387,nan,1.739242
3974,0.576464,0.480861,9.607183,0.160363,13.178031,1.570206
3975,0.401839,0.461742,nan,0.160363,nan,1.169440
3976,0.308147,0.450782,7.551446,0.160339,11.529664,0.987825
3977,0.433577,0.824945,nan,0.160339,nan,1.265025
3978,0.496022,0.902294,6.213678,0.160314,11.568433,1.392110
3979,0.675577,0.727913,nan,0.160314,nan,1.787009
3980,0.491480,0.404516,8.365151,0.160290,12.189468,1.400826
3981,0.427977,0.465961,nan,0.160290,nan,1.241638
3982,0.481750,0.567791,8.528303,0.160265,13.807322,1.349847
3983,0.873234,0.367880,nan,0.160265,nan,2.224083
3984,0.891731,0.460828,9.830590,0.160240,10.233233,2.193169
3985,0.624004,0.689417,nan,0.160240,nan,1.659331
3986,0.558241,0.711356,7.569867,0.160215,12.106558,1.539940
3987,0.502778,0.630040,nan,0.160215,nan,1.392818
3988,0.422036,0.767577,8.184578,0.160190,10.162128,1.253770
3989,0.301706,0.477600,nan,0.160190,nan,0.970351
3990,0.430473,0.408051,8.438315,0.160166,11.004473,1.240781
3991,0.658473,0.434856,nan,0.160166,nan,1.760761
3992,0.877043,0.494828,9.005880,0.160141,11.699561,2.180256
3993,0.434109,0.506239,nan,0.160141,nan,1.260753
3994,0.575754,0.462695,8.030875,0.160116,10.189144,1.570558
3995,0.458789,0.592193,nan,0.160116,nan,1.277916
3996,0.410071,0.679476,7.455761,0.160092,10.772854,1.192704
3997,0.566389,0.525743,nan,0.160092,nan,1.554827
3998,0.525601,0.561732,8.343584,0.160067,11.740516,1.475534
3999,0.378689,0.500082,nan,0.160067,nan,1.089863
4000,0.406077,0.392907,9.522393,0.160043,10.617394,1.211482
4001,0.468898,0.667235,nan,0.160043,nan,1.304576
4002,0.514487,0.446693,8.228830,0.160019,9.390995,1.416766
4003,0.333351,0.467521,nan,0.160019,nan,0.989949
4004,0.375312,0.331563,8.701475,0.159995,12.440056,1.139701
4005,0.659019,0.528376,nan,0.159995,nan,1.716543
4006,0.331621,0.304994,11.098448,0.159970,10.959501,1.041310
4007,1.281498,0.891956,nan,0.159970,nan,3.037211
4008,0.926504,0.613603,9.775124,0.159946,12.130773,2.306040
4009,0.623638,0.809685,nan,0.159946,nan,1.649442
4010,1.171752,1.144091,11.279638,0.159922,9.968219,2.794410
4011,0.701641,0.717333,nan,0.159922,nan,1.822019
4012,0.633486,0.751402,9.661871,0.159897,12.259341,1.687669
4013,1.029621,1.040549,nan,0.159897,nan,2.508458
4014,0.463854,0.726088,8.403549,0.159873,11.336840,1.305542
4015,1.355383,0.765824,nan,0.159873,nan,3.140674
4016,1.267065,0.599011,9.134222,0.159849,10.107912,2.971772
4017,0.342302,0.628296,nan,0.159849,nan,1.063866
4018,0.910210,0.774847,9.144983,0.159825,12.532799,2.262938
4019,0.459162,0.652655,nan,0.159825,nan,1.284485
4020,0.893485,0.742806,11.754419,0.159800,10.474227,2.224807
4021,0.912591,1.096289,nan,0.159800,nan,2.256603
4022,0.466340,0.763841,9.725761,0.159776,10.374383,1.309623
4023,1.266851,1.113918,nan,0.159776,nan,2.987036
4024,1.249116,0.744934,8.087811,0.159752,11.689339,2.961044
4025,0.765176,0.638535,nan,0.159752,nan,1.971411
4026,0.869056,0.870960,9.826969,0.159728,10.909089,2.179035
4027,0.798974,0.786861,nan,0.159728,nan,2.022628
4028,1.091247,0.794363,10.570089,0.159704,9.923815,2.608198
4029,1.172465,0.515522,nan,0.159704,nan,2.800887
4030,0.463063,0.511071,10.938162,0.159680,10.881718,1.304193
4031,0.994039,1.704429,nan,0.159680,nan,2.430472
4032,1.156730,1.551060,11.619796,0.159656,11.124554,2.750479
4033,0.497772,0.602908,nan,0.159656,nan,1.364013
4034,1.034585,0.886106,11.737064,0.159632,11.839802,2.530743
4035,1.577397,1.612787,nan,0.159632,nan,3.621878
4036,0.668384,1.468551,6.541090,0.159608,11.502394,1.756123
4037,1.564649,0.581977,nan,0.159608,nan,3.567526
4038,2.008035,0.651873,9.387567,0.159585,10.314318,4.474192
4039,2.079175,0.589924,nan,0.159585,nan,4.617429
4040,1.314960,0.772935,8.699100,0.159561,9.215319,3.061057
4041,0.668624,1.282878,nan,0.159561,nan,1.755865
4042,0.723935,1.188214,10.668367,0.159537,10.626231,1.875923
4043,0.548872,0.521336,nan,0.159537,nan,1.489075
4044,0.627355,0.761896,9.718053,0.159514,9.120079,1.660553
4045,0.893716,0.568310,nan,0.159514,nan,2.220029
4046,0.906358,0.510771,9.939587,0.159491,8.855021,2.248590
4047,0.638023,0.365846,nan,0.159491,nan,1.704626
4048,0.711111,0.563144,8.256550,0.159468,10.966928,1.852272
4049,0.687183,0.842357,nan,0.159468,nan,1.768148
4050,0.532954,0.818954,7.837132,0.159445,8.806682,1.453716
4051,0.742537,0.565413,nan,0.159445,nan,1.905623
4052,0.537107,0.608935,9.089017,0.159423,12.062754,1.441247
4053,0.558413,0.571592,nan,0.159423,nan,1.511046
4054,0.641336,0.748168,9.774460,0.159399,12.238064,1.651241
4055,0.323798,0.470616,nan,0.159399,nan,0.999976
4056,0.531209,0.483447,9.398190,0.159376,9.562789,1.445880
4057,0.912431,0.731065,nan,0.159376,nan,2.250975
4058,1.021779,0.807049,8.676110,0.159353,10.010255,2.452952
4059,0.822640,0.859683,nan,0.159353,nan,2.055159
4060,0.578659,0.581042,9.511890,0.159331,9.909582,1.562896
4061,0.738755,0.826055,nan,0.159331,nan,1.847188
4062,0.899174,0.730965,10.001091,0.159308,11.287671,2.221859
4063,0.778485,0.942354,nan,0.159308,nan,1.980610
4064,0.797078,0.714626,8.427324,0.159285,12.351351,1.979606
4065,0.894048,0.798710,nan,0.159285,nan,2.182487
4066,0.923222,0.713841,7.474116,0.159261,11.788249,2.272255
4067,0.511682,0.672504,nan,0.159261,nan,1.384304
4068,0.704918,0.623015,7.410930,0.159238,10.080301,1.817209
4069,0.517982,0.560378,nan,0.159238,nan,1.402310
4070,0.897487,0.585104,9.788417,0.159215,10.077022,2.210665
4071,0.724734,0.858144,nan,0.159215,nan,1.830422
4072,0.650082,0.594084,9.387836,0.159192,10.325821,1.687023
4073,0.952542,0.818622,nan,0.159192,nan,2.346866
4074,0.610383,0.399783,8.953451,0.159169,10.866776,1.630098
4075,0.532459,0.559931,nan,0.159169,nan,1.459977
4076,0.304465,0.451423,7.784492,0.159146,10.885377,0.975387
4077,0.442297,0.403867,nan,0.159146,nan,1.246681
4078,0.435662,0.391100,9.471016,0.159123,12.461456,1.229133
4079,0.372674,0.467502,nan,0.159123,nan,1.135266
4080,0.559368,0.538060,7.949024,0.159100,10.973436,1.513465
4081,0.708714,0.488580,nan,0.159100,nan,1.810566
4082,0.564329,0.540488,8.172243,0.159077,9.157371,1.535186
4083,0.357263,0.667134,nan,0.159077,nan,1.075632
4084,0.572098,0.345747,9.933075,0.159054,10.869127,1.542728
4085,0.557797,0.354860,nan,0.159054,nan,1.491817
4086,0.712811,0.464894,9.904553,0.159031,9.418107,1.853875
4087,0.499996,0.965254,nan,0.159031,nan,1.363039
4088,0.421469,0.449109,8.320316,0.159008,8.877669,1.198941
4089,0.724293,0.443693,nan,0.159008,nan,1.900734
4090,0.607447,0.618447,7.234481,0.158986,9.792572,1.607926
4091,0.447860,0.984007,nan,0.158986,nan,1.265516
4092,0.495914,0.538074,8.792341,0.158964,10.891831,1.400551
4093,0.735464,1.215076,nan,0.158964,nan,1.888578
4094,0.465248,0.692205,11.319589,0.158941,10.377728,1.354561
4095,1.228169,0.347317,nan,0.158941,nan,2.919677
4096,0.789062,0.418467,9.958372,0.158919,9.067097,1.982024
4097,0.671247,0.681676,nan,0.158919,nan,1.758955
4098,0.569628,0.634785,9.064944,0.158897,9.989231,1.541776
4099,0.857210,1.159260,nan,0.158897,nan,2.153505
4100,0.574446,1.194725,8.582372,0.158875,11.363014,1.561961
4101,1.153151,0.624552,nan,0.158875,nan,2.744807
4102,1.644963,0.680936,9.327042,0.158852,10.424712,3.747405
4103,0.790309,0.628155,nan,0.158852,nan,1.993370
4104,0.546436,1.514965,9.935698,0.158830,10.860976,1.464877
4105,0.474080,0.799772,nan,0.158830,nan,1.356761
4106,0.671349,0.649988,10.902718,0.158808,10.716597,1.754354
4107,0.479033,0.817797,nan,0.158808,nan,1.310552
4108,1.253254,0.604976,11.290091,0.158785,9.866999,2.968016
4109,0.828373,0.528880,nan,0.158785,nan,2.102720
4110,0.406805,0.636852,9.800445,0.158763,9.210302,1.169827
4111,0.353246,0.480745,nan,0.158763,nan,1.050792
4112,0.453254,0.768391,8.725424,0.158741,11.505734,1.250710
4113,0.414109,0.955024,nan,0.158741,nan,1.201528
4114,0.787264,0.483623,10.114529,0.158719,11.501064,2.003013
4115,0.584999,0.383163,nan,0.158719,nan,1.583739
4116,0.713083,0.460907,10.382767,0.158696,12.112350,1.836402
4117,0.984807,0.839912,nan,0.158696,nan,2.408515
4118,0.491659,0.801579,9.278591,0.158674,9.093626,1.345220
4119,0.456866,0.459533,nan,0.158674,nan,1.321779
4120,0.391065,0.468821,10.898754,0.158651,10.704735,1.164873
4121,0.490083,0.490609,nan,0.158651,nan,1.361166
4122,0.462942,0.476189,7.333941,0.158628,12.645905,1.302553
4123,0.434211,0.649995,nan,0.158628,nan,1.240142
4124,0.367332,0.512279,9.363152,0.158606,9.631207,1.100363
4125,0.431312,0.682315,nan,0.158606,nan,1.239374
4126,0.445967,0.498559,9.650770,0.158584,8.413593,1.289137
4127,0.552692,0.491238,nan,0.158584,nan,1.510579
4128,0.683946,0.410345,9.004255,0.158561,13.285370,1.756611
4129,0.503001,0.581129,nan,0.158561,nan,1.395865
4130,0.348169,0.348189,11.544599,0.158539,11.319116,1.045811
4131,0.494939,0.443385,nan,0.158539,nan,1.384609
4132,0.561149,0.501838,9.035213,0.158516,11.676649,1.543246
4133,0.375060,0.394136,nan,0.158516,nan,1.114227
4134,0.765150,0.681703,10.841921,0.158493,11.759155,1.957625
4135,0.709849,0.802637,nan,0.158493,nan,1.850266
4136,0.408243,0.328895,12.170010,0.158470,9.035025,1.163946
4137,1.575915,0.788303,nan,0.158470,nan,3.614872
4138,1.342258,0.452721,9.479225,0.158448,11.114225,3.158739
4139,0.622414,1.197362,nan,0.158448,nan,1.630944
4140,0.803795,2.100690,11.473887,0.158425,12.680256,2.015624
4141,0.447594,1.021507,nan,0.158425,nan,1.278999
4142,0.750093,0.430074,9.943866,0.158402,11.600913,1.934473
4143,0.765520,0.586969,nan,0.158402,nan,1.964181
4144,0.622390,0.674692,8.067730,0.158379,10.051310,1.649769
4145,0.961703,0.615569,nan,0.158379,nan,2.377867
4146,0.714263,0.577267,9.045670,0.158356,13.010143,1.848696
4147,0.475036,0.704250,nan,0.158356,nan,1.341615
4148,0.494899,0.676132,8.275097,0.158333,12.025532,1.392319
4149,0.410186,0.670514,nan,0.158333,nan,1.195310
4150,0.369754,0.444546,11.156637,0.158310,9.834117,1.097473
4151,1.104774,0.536907,nan,0.158310,nan,2.656994
4152,0.441620,0.689072,5.589359,0.158287,11.639206,1.262805
4153,0.838217,0.475315,nan,0.158287,nan,2.104161
4154,0.549164,0.514847,9.818909,0.158264,9.728106,1.501407
4155,0.590819,0.578082,nan,0.158264,nan,1.585410
4156,0.512449,0.498738,11.035229,0.158242,9.924939,1.419677
4157,0.783885,0.946700,nan,0.158242,nan,1.997823
4158,0.594852,0.768044,8.369427,0.158219,12.962992,1.586237
4159,0.447748,0.383968,nan,0.158219,nan,1.284443
4160,0.394726,0.417896,8.757195,0.158195,14.024172,1.147177
4161,0.443998,0.353862,nan,0.158195,nan,1.301520
4162,0.733080,0.317594,11.531407,0.158172,11.780256,1.899061
4163,0.482045,0.566769,nan,0.158172,nan,1.355946
4164,0.322282,0.478350,8.955483,0.158149,11.790255,1.014083
4165,0.446143,0.444846,nan,0.158149,nan,1.284211
4166,0.463265,0.449649,8.966833,0.158126,9.953230,1.311905
4167,0.409450,0.456970,nan,0.158126,nan,1.172935
4168,0.349600,0.649620,9.730886,0.158102,11.472004,1.021683
4169,0.454262,0.395451,nan,0.158102,nan,1.291083
4170,0.412287,0.432440,7.552280,0.158079,13.126092,1.206052
4171,0.418863,0.540092,nan,0.158079,nan,1.214038
4172,0.796689,0.585213,8.360722,0.158056,11.338487,2.026024
4173,0.349657,0.767608,nan,0.158056,nan,1.055819
4174,0.311730,0.687356,8.991849,0.158032,14.608162,0.986347
4175,0.414549,0.418706,nan,0.158032,nan,1.169333
4176,0.618147,0.592480,7.014075,0.158008,14.614986,1.634347
4177,0.693876,0.633895,nan,0.158008,nan,1.819856
4178,0.510340,0.446163,8.240055,0.157984,10.012238,1.399932
4179,0.559772,0.951263,nan,0.157984,nan,1.501805
4180,0.391739,0.643411,8.003315,0.157961,10.089369,1.178228
4181,0.470751,0.433148,nan,0.157961,nan,1.325670
4182,0.389899,0.500980,10.271498,0.157937,13.094349,1.157935
4183,0.627491,0.366565,nan,0.157937,nan,1.654228
4184,0.678749,0.751394,8.885455,0.157913,13.002342,1.796059
4185,0.760765,0.632692,nan,0.157913,nan,1.943586
4186,0.385607,0.564798,9.616533,0.157890,9.777536,1.138609
4187,0.795199,0.590684,nan,0.157890,nan,2.024666
4188,0.629595,0.473601,9.505560,0.157866,12.009289,1.687555
4189,0.900711,0.696110,nan,0.157866,nan,2.246456
4190,0.378239,0.465613,11.299509,0.157843,9.323576,1.104937
4191,0.787457,0.648388,nan,0.157843,nan,2.027975
4192,0.538630,0.699670,9.483379,0.157820,11.578110,1.505432
4193,0.822138,0.496098,nan,0.157820,nan,2.083594
4194,0.412818,0.404130,8.865336,0.157797,11.754133,1.202263
4195,0.669306,1.017225,nan,0.157797,nan,1.769133
4196,0.741977,0.741421,8.284049,0.157773,12.342072,1.903810
4197,0.541162,0.593547,nan,0.157773,nan,1.488959
4198,0.394715,0.387025,9.517901,0.157750,11.486351,1.191658
4199,0.679983,0.438339,nan,0.157750,nan,1.783219
4200,0.329340,0.364768,8.916977,0.157726,15.232251,1.034138
4201,0.545017,0.499482,nan,0.157726,nan,1.490336
4202,0.379946,0.514175,9.411203,0.157703,11.796473,1.132224
4203,0.357827,0.396657,nan,0.157703,nan,1.090063
4204,0.359073,0.423459,8.991263,0.157679,11.633303,1.103009
4205,0.464093,0.364359,nan,0.157679,nan,1.322766
4206,0.691505,0.762923,11.192760,0.157655,13.118008,1.813888
4207,0.330004,0.514242,nan,0.157655,nan,1.022205
4208,0.698274,0.718122,10.591006,0.157632,11.602600,1.834013
4209,0.666602,1.123717,nan,0.157632,nan,1.748431
4210,0.631958,0.687228,9.322530,0.157608,13.230543,1.672746
4211,1.214208,0.609906,nan,0.157608,nan,2.901999
4212,0.570394,0.559499,8.557779,0.157584,11.566044,1.556454
4213,0.732371,0.626512,nan,0.157584,nan,1.908581
4214,0.748241,0.413344,9.116596,0.157560,12.145842,1.940208
4215,0.614561,0.573965,nan,0.157560,nan,1.678125
4216,0.519829,0.515308,8.971313,0.157537,12.815314,1.423634
4217,0.910360,0.672416,nan,0.157537,nan,2.282238
4218,0.592589,0.720585,7.478251,0.157513,13.272198,1.615166
4219,0.744636,0.505621,nan,0.157513,nan,1.907414
4220,0.471171,0.509546,9.523232,0.157489,11.122442,1.332270
4221,0.710947,0.597166,nan,0.157489,nan,1.832676
4222,0.561341,0.456314,11.163326,0.157465,10.981909,1.479066
4223,0.926336,1.143941,nan,0.157465,nan,2.310795
4224,0.973091,0.795081,8.561510,0.157442,11.158772,2.406138
4225,0.850038,0.965637,nan,0.157442,nan,2.104089
4226,1.274859,1.390759,10.539200,0.157418,11.950985,3.020921
4227,0.275979,0.983484,nan,0.157418,nan,0.900363
4228,0.711419,0.414893,8.518553,0.157395,13.099107,1.830924
4229,0.991206,0.590590,nan,0.157395,nan,2.437479
4230,0.656671,0.478048,10.130033,0.157371,11.459021,1.716642
4231,1.027133,1.287605,nan,0.157371,nan,2.489704
4232,1.257234,1.014774,10.790274,0.157348,11.209404,2.979100
4233,0.595398,0.543641,nan,0.157348,nan,1.605969
4234,1.020933,1.098574,9.205682,0.157325,11.167746,2.507870
4235,0.511528,0.515243,nan,0.157325,nan,1.407077
4236,1.165395,0.760345,11.773993,0.157302,9.838543,2.797215
4237,1.207951,1.070248,nan,0.157302,nan,2.880256
4238,0.638478,0.730730,7.447412,0.157279,11.846642,1.684479
4239,0.949562,0.954062,nan,0.157279,nan,2.329566
4240,0.921052,0.678263,6.553113,0.157256,11.595299,2.278001
4241,0.522935,1.005863,nan,0.157256,nan,1.391423
4242,0.648557,1.400836,9.250335,0.157233,12.607371,1.703319
4243,0.585972,0.846817,nan,0.157233,nan,1.565560
4244,0.960491,0.585521,10.000237,0.157210,12.890515,2.348027
4245,0.677994,0.555121,nan,0.157210,nan,1.776077
4246,0.474262,0.360901,8.928936,0.157187,12.466699,1.342513
4247,0.473843,0.427279,nan,0.157187,nan,1.322727
4248,0.581933,0.437698,10.306793,0.157164,10.882197,1.589589
4249,0.556774,0.513270,nan,0.157164,nan,1.511904
4250,0.425762,0.901023,12.082238,0.157141,10.313404,1.218436
4251,0.688205,0.914593,nan,0.157141,nan,1.775257
4252,0.491490,0.488752,9.098000,0.157118,11.439128,1.382727
4253,0.660279,0.521334,nan,0.157118,nan,1.773383
4254,0.387861,0.362647,11.954159,0.157096,12.086967,1.131318
4255,1.448524,0.909036,nan,0.157096,nan,3.380648
4256,1.606866,0.620554,9.288613,0.157073,11.972414,3.689160
4257,0.465260,0.899201,nan,0.157073,nan,1.303880
4258,0.733592,1.016856,10.019496,0.157050,10.127348,1.901170
4259,0.499811,0.582804,nan,0.157050,nan,1.423971
4260,0.724729,0.676092,9.500120,0.157028,11.434139,1.833049
4261,0.776218,1.222249,nan,0.157028,nan,2.002482
4262,0.410905,1.041465,8.920761,0.157005,12.131425,1.211418
4263,1.118697,0.461915,nan,0.157005,nan,2.688841
4264,0.930004,0.584806,8.800644,0.156983,10.985298,2.308989
4265,0.528390,0.581101,nan,0.156983,nan,1.479218
4266,0.435352,0.509189,9.788284,0.156960,13.721561,1.212166
4267,0.395086,0.332246,nan,0.156960,nan,1.173716
4268,0.612695,0.638224,8.047341,0.156937,11.202815,1.653795
4269,0.511256,0.528260,nan,0.156937,nan,1.436298
4270,0.834610,0.557462,8.462736,0.156914,12.784708,2.121043
4271,1.040135,0.562134,nan,0.156914,nan,2.517480
4272,0.446564,0.565399,10.070438,0.156891,11.982609,1.240219
4273,0.586758,0.424026,nan,0.156891,nan,1.586639
4274,0.432186,0.393628,10.784464,0.156869,9.568785,1.250122
4275,0.621782,0.531176,nan,0.156869,nan,1.656093
4276,0.463345,0.606431,9.029743,0.156846,13.108123,1.289454
4277,0.455813,0.453342,nan,0.156846,nan,1.286205
4278,0.387281,0.403147,10.976477,0.156824,11.108653,1.162807
4279,0.586353,0.993180,nan,0.156824,nan,1.592862
4280,0.744153,1.019932,9.021738,0.156801,10.592340,1.923088
4281,0.489960,0.493531,nan,0.156801,nan,1.374329
4282,0.321569,0.408029,7.318269,0.156779,12.107758,1.001107
4283,0.597467,0.567359,nan,0.156779,nan,1.596530
4284,0.451459,0.690343,7.092987,0.156756,12.590391,1.291758
4285,0.576476,0.657611,nan,0.156756,nan,1.557093
4286,0.397976,0.641842,8.541433,0.156734,10.565507,1.200643
4287,0.484103,0.792334,nan,0.156734,nan,1.332542
4288,0.480802,0.641320,11.185267,0.156711,13.108463,1.366220
4289,0.452686,0.652925,nan,0.156711,nan,1.304665
4290,0.404949,0.405236,9.331157,0.156689,12.383936,1.176312
4291,0.745621,0.611491,nan,0.156689,nan,1.923587
4292,0.549726,0.488999,8.495303,0.156666,13.804766,1.507988
4293,0.898403,1.046329,nan,0.156666,nan,2.232124
4294,0.721071,0.871299,7.180882,0.156643,12.023662,1.849748
4295,0.893951,0.790087,nan,0.156643,nan,2.261038
4296,1.597965,1.243969,10.095278,0.156620,11.581024,3.679410
4297,0.852474,0.535713,nan,0.156620,nan,2.169030
4298,0.567060,1.138936,10.815077,0.156597,11.219521,1.533607
4299,0.938860,1.122428,nan,0.156597,nan,2.358090
4300,0.660210,0.804463,9.501802,0.156575,11.248471,1.723930
4301,1.189940,0.812193,nan,0.156575,nan,2.851812
4302,0.880524,0.690687,7.231807,0.156552,11.638935,2.212798
4303,0.792908,0.949488,nan,0.156552,nan,1.983793
4304,1.144951,1.018685,9.564562,0.156530,12.049543,2.756733
4305,0.380670,0.409854,nan,0.156530,nan,1.154642
4306,0.831486,0.962887,11.031260,0.156507,13.193359,2.084380
4307,1.326057,1.333768,nan,0.156507,nan,3.128141
4308,0.927342,0.497875,10.501410,0.156484,12.448095,2.316899
4309,0.543758,1.054707,nan,0.156484,nan,1.488767
4310,0.580125,1.122930,7.037270,0.156461,13.141562,1.566029
4311,0.813771,0.718088,nan,0.156461,nan,2.072802
4312,1.325686,0.934914,9.879169,0.156438,11.600165,3.124390
4313,0.705300,0.668048,nan,0.156438,nan,1.865171
4314,1.000040,0.814926,10.417959,0.156416,11.662292,2.478764
4315,1.356713,1.184972,nan,0.156416,nan,3.162970
4316,0.596083,0.669353,12.133148,0.156393,11.439009,1.602992
4317,1.012612,0.993065,nan,0.156393,nan,2.484537
4318,0.838120,0.980849,8.933394,0.156370,12.435108,2.123291
4319,0.792486,0.773563,nan,0.156370,nan,2.009913
4320,0.665306,1.130188,8.358910,0.156347,13.916624,1.763060
4321,0.611595,0.774012,nan,0.156347,nan,1.652189
4322,0.658071,0.788081,9.586610,0.156324,11.562373,1.756509
4323,0.706566,0.856531,nan,0.156324,nan,1.835418
4324,0.438639,0.456503,8.112767,0.156301,13.178892,1.289575
4325,0.687694,0.601947,nan,0.156301,nan,1.816104
4326,0.472361,0.520218,7.536163,0.156279,11.879361,1.342862
4327,0.604179,0.492588,nan,0.156279,nan,1.650695
4328,0.429974,0.456097,9.245024,0.156256,12.444783,1.268967
4329,0.401325,0.446359,nan,0.156256,nan,1.179678
4330,0.380046,0.481903,8.347515,0.156233,11.801803,1.158162
4331,0.412325,0.431952,nan,0.156233,nan,1.237082
4332,0.731291,0.540935,7.438593,0.156210,11.393944,1.888304
4333,0.320110,0.451844,nan,0.156210,nan,1.026540
4334,0.624742,0.587792,6.994229,0.156187,12.992298,1.685378
4335,0.464075,0.562468,nan,0.156187,nan,1.340136
4336,0.675921,0.520110,6.715370,0.156165,9.108870,1.804433
4337,0.313661,0.298901,nan,0.156165,nan,0.982181
4338,0.441912,0.486457,6.938499,0.156143,11.398458,1.274210
4339,0.730398,0.457494,nan,0.156143,nan,1.927927
4340,0.378005,0.421085,9.835850,0.156121,11.017529,1.170788
4341,0.915322,0.520702,nan,0.156121,nan,2.304071
4342,0.661133,0.534497,8.840513,0.156098,11.998750,1.768738
4343,0.676273,0.538968,nan,0.156098,nan,1.768910
4344,0.530233,0.761682,7.622167,0.156076,14.489346,1.465763
4345,0.696509,0.430769,nan,0.156076,nan,1.838457
4346,0.486936,0.479908,8.569089,0.156053,12.432966,1.400222
4347,0.549840,0.417493,nan,0.156053,nan,1.553782
4348,0.395275,0.395086,7.970898,0.156031,11.455731,1.217891
4349,0.478817,0.679795,nan,0.156031,nan,1.374789
4350,0.487852,0.556031,8.575369,0.156008,14.907070,1.392960
4351,0.369683,0.452322,nan,0.156008,nan,1.116079
4352,0.627960,0.447630,8.952429,0.155985,12.910929,1.660029
4353,0.529512,0.524276,nan,0.155985,nan,1.482694
4354,0.432211,0.367924,8.128142,0.155963,11.352064,1.280798
4355,0.613585,0.460141,nan,0.155963,nan,1.654169
4356,0.366990,0.630726,8.364792,0.155940,10.938675,1.139097
4357,0.483945,0.438431,nan,0.155940,nan,1.380593
4358,0.406311,0.659598,8.713858,0.155918,12.245764,1.218444
4359,0.728364,0.422680,nan,0.155918,nan,1.903699
4360,1.151377,0.407396,8.196540,0.155895,13.833664,2.793308
4361,0.594225,1.178086,nan,0.155895,nan,1.621538
4362,0.857639,0.951723,7.042871,0.155872,12.217262,2.195715
4363,0.449752,0.545933,nan,0.155872,nan,1.327526
4364,0.426569,0.732789,6.816050,0.155850,10.817068,1.232545
4365,0.790078,0.433916,nan,0.155850,nan,2.038952
4366,0.521755,0.586954,7.747820,0.155827,12.159756,1.453289
4367,0.551620,0.833182,nan,0.155827,nan,1.503460
4368,1.000686,0.720670,8.232042,0.155805,13.576696,2.483077
4369,0.397822,0.378613,nan,0.155805,nan,1.197006
4370,0.555835,0.625414,8.610833,0.155782,11.458321,1.563146
4371,0.408773,0.460611,nan,0.155782,nan,1.211301
4372,0.431244,0.323056,9.343801,0.155760,13.799852,1.268098
4373,0.438984,0.530060,nan,0.155760,nan,1.283599
4374,0.827616,0.484100,7.507725,0.155737,12.255508,2.112459
4375,0.540927,0.523831,nan,0.155737,nan,1.504843
4376,0.465746,0.534030,9.203281,0.155714,11.357261,1.314421
4377,0.482297,0.493659,nan,0.155714,nan,1.387000
4378,0.416432,0.514542,10.500051,0.155692,12.021784,1.247153
4379,0.460375,0.465969,nan,0.155692,nan,1.351707
4380,0.674075,0.837894,10.177734,0.155670,11.735991,1.746924
4381,0.587057,1.114990,nan,0.155670,nan,1.582266
4382,0.362528,0.336829,7.907130,0.155647,12.947960,1.123690
4383,0.905949,0.569958,nan,0.155647,nan,2.273874
4384,0.486413,0.440492,9.623307,0.155625,13.050729,1.370337
4385,0.823435,1.023412,nan,0.155625,nan,2.112442
4386,0.750745,0.808008,7.910126,0.155602,11.800117,1.943916
4387,0.659771,0.801456,nan,0.155602,nan,1.764598
4388,1.336936,1.054244,9.700558,0.155580,10.730896,3.162466
4389,0.694017,0.421969,nan,0.155580,nan,1.858969
4390,0.411088,0.857918,8.501324,0.155558,13.189844,1.193020
4391,0.771336,1.306283,nan,0.155558,nan,1.970385
4392,0.323155,0.693065,9.443769,0.155535,12.432026,1.049503
4393,1.202898,0.546107,nan,0.155535,nan,2.900630
4394,1.064056,0.455097,7.151553,0.155513,11.934931,2.612969
4395,0.287721,0.999431,nan,0.155513,nan,0.912544
4396,0.976101,0.970742,8.622643,0.155491,11.278502,2.404597
4397,0.513203,0.553757,nan,0.155491,nan,1.418868
4398,0.841825,0.774693,10.003910,0.155468,13.987217,2.155295
4399,1.233118,1.146527,nan,0.155468,nan,2.923747
4400,0.601815,0.746418,7.527496,0.155446,12.844116,1.670180
4401,0.557473,1.041120,nan,0.155446,nan,1.515412
4402,0.661713,0.808733,8.108819,0.155423,13.057454,1.770788
4403,0.960836,0.491360,nan,0.155423,nan,2.392554
4404,1.000540,0.912310,8.563772,0.155401,13.629717,2.450286
4405,0.447896,0.401762,nan,0.155401,nan,1.306592
4406,0.621941,1.011683,10.570282,0.155378,11.497519,1.697805
4407,1.227010,1.010207,nan,0.155378,nan,2.931420
4408,0.427017,0.780615,10.199284,0.155356,10.491525,1.234481
4409,0.889353,0.846435,nan,0.155356,nan,2.260798
4410,0.805561,0.693682,6.170969,0.155334,13.975927,2.058184
4411,0.598850,0.884042,nan,0.155334,nan,1.647084
4412,0.831023,1.008764,7.922536,0.155311,12.207882,2.102691
4413,0.540994,0.697822,nan,0.155311,nan,1.506544
4414,0.760018,0.841453,8.953926,0.155289,12.381632,1.981076
4415,0.813041,0.822526,nan,0.155289,nan,2.108365
4416,0.534881,0.615742,9.094938,0.155266,12.231199,1.481415
4417,1.198808,0.996227,nan,0.155266,nan,2.868997
4418,1.130446,0.936229,7.150497,0.155244,13.205647,2.738489
4419,0.623689,0.517636,nan,0.155244,nan,1.651457
4420,0.806758,0.670800,7.352320,0.155221,14.749393,2.071576
4421,0.537831,0.510864,nan,0.155221,nan,1.498146
4422,0.719295,0.590171,11.512683,0.155199,12.058597,1.865061
4423,0.982380,0.536444,nan,0.155199,nan,2.432938
4424,0.449892,0.468839,8.309544,0.155176,12.019203,1.283546
4425,0.447063,0.464199,nan,0.155176,nan,1.329844
4426,0.474807,0.674245,7.625200,0.155154,10.897131,1.344207
4427,0.396752,0.508750,nan,0.155154,nan,1.223570
4428,0.510659,0.427071,8.420258,0.155131,14.737897,1.462342
4429,0.467594,0.549827,nan,0.155131,nan,1.345862
4430,0.937681,0.568510,7.771256,0.155109,14.308521,2.346664
4431,0.657464,0.588132,nan,0.155109,nan,1.766980
4432,0.800618,0.536420,8.581725,0.155086,12.137472,2.064139
4433,0.924064,0.624953,nan,0.155086,nan,2.304925
4434,0.330909,0.337988,8.326761,0.155064,12.529030,1.044588
4435,0.330686,0.395003,nan,0.155064,nan,1.062989
4436,0.289635,0.277544,7.629158,0.155041,12.815362,0.924463
4437,0.379359,0.411371,nan,0.155041,nan,1.138395
4438,0.310843,0.296983,7.792707,0.155018,13.762584,0.989514
4439,0.426549,0.413761,nan,0.155018,nan,1.244105
4440,0.878375,0.660042,8.033576,0.154996,12.626238,2.208429
4441,0.587075,0.527479,nan,0.154996,nan,1.570521
4442,0.822667,0.746853,9.344173,0.154973,12.118357,2.092782
4443,0.559404,0.584798,nan,0.154973,nan,1.523544
4444,0.346029,0.455195,9.301786,0.154950,13.649363,1.088471
4445,0.525138,0.584922,nan,0.154950,nan,1.475099
4446,0.602584,0.594780,6.585667,0.154928,11.734829,1.636896
4447,0.320097,0.469549,nan,0.154928,nan,1.005059
4448,1.003476,0.388922,8.211779,0.154905,12.920800,2.468917
4449,0.734171,0.738892,nan,0.154905,nan,1.896519
4450,0.492595,0.681560,6.642271,0.154883,14.134429,1.415289
4451,0.876059,0.565010,nan,0.154883,nan,2.186608
4452,0.437122,0.395328,7.351674,0.154860,12.877564,1.315988
4453,0.552980,0.660621,nan,0.154860,nan,1.531921
4454,0.530207,0.479933,7.971402,0.154837,13.434474,1.429161
4455,0.633111,0.775836,nan,0.154837,nan,1.683361
4456,0.447589,0.421096,8.164474,0.154815,12.012451,1.296480
4457,0.923116,1.059002,nan,0.154815,nan,2.310210
4458,1.075577,0.577958,5.654068,0.154792,12.238643,2.608873
4459,0.405708,1.429270,nan,0.154792,nan,1.202358
4460,0.683512,1.705852,7.442665,0.154770,10.922312,1.812257
4461,0.464945,1.394234,nan,0.154770,nan,1.336625
4462,0.845969,0.540394,7.468687,0.154748,11.530281,2.156092
4463,0.591018,0.820467,nan,0.154748,nan,1.582827
4464,0.386626,0.532252,8.013190,0.154726,12.605830,1.183725
4465,0.561681,0.540307,nan,0.154726,nan,1.530807
4466,0.532573,0.647021,7.408245,0.154704,11.967457,1.473693
4467,0.743229,0.647052,nan,0.154704,nan,1.921515
4468,0.576787,0.961964,8.113955,0.154682,12.095810,1.572058
4469,0.565018,1.112861,nan,0.154682,nan,1.541022
4470,0.493817,0.626729,6.316271,0.154660,13.410677,1.379359
4471,0.455944,0.299885,nan,0.154660,nan,1.322714
4472,0.426505,0.551425,10.598819,0.154638,11.465893,1.212357
4473,0.456007,0.475215,nan,0.154638,nan,1.318428
4474,0.344052,0.401271,9.378465,0.154616,13.410805,1.066775
4475,0.462159,0.583024,nan,0.154616,nan,1.335913
4476,0.539378,0.411570,5.942405,0.154594,12.066908,1.497073
4477,0.593215,0.683131,nan,0.154594,nan,1.619333
4478,0.363031,0.564357,5.738301,0.154572,12.526473,1.120557
4479,0.306175,0.337951,nan,0.154572,nan,0.993618
4480,0.384045,0.591183,7.517363,0.154551,11.931081,1.143267
4481,0.807824,0.399364,nan,0.154551,nan,2.077420
4482,0.441536,0.447914,7.104531,0.154529,11.736403,1.279320
4483,0.305710,0.266587,nan,0.154529,nan,0.980721
4484,0.620889,0.380159,7.733171,0.154507,13.983395,1.645731
4485,0.796037,0.403501,nan,0.154507,nan,2.039114
4486,0.891646,0.432644,6.405094,0.154485,11.974553,2.229175
4487,0.496865,0.473879,nan,0.154485,nan,1.394544
4488,0.638654,0.390997,4.468613,0.154463,11.910402,1.715560
4489,0.564924,0.941603,nan,0.154463,nan,1.570913
4490,0.505655,0.496957,5.846334,0.154442,12.522573,1.448801
4491,0.556875,0.462894,nan,0.154442,nan,1.541363
4492,0.595292,0.501435,6.982319,0.154420,14.137458,1.626878
4493,0.483195,0.501972,nan,0.154420,nan,1.378839
4494,0.667346,0.659778,5.561502,0.154398,12.784633,1.761452
4495,0.865722,0.593070,nan,0.154398,nan,2.183635
4496,0.267331,0.284268,8.646008,0.154376,13.867033,0.887984
4497,1.025126,0.433256,nan,0.154376,nan,2.514288
4498,0.512706,0.508418,8.495600,0.154353,13.470106,1.437055
4499,0.543284,0.527474,nan,0.154353,nan,1.511664
4500,0.552288,0.517490,6.673251,0.154331,12.610973,1.520966
4501,0.481260,0.789329,nan,0.154331,nan,1.383015
4502,0.875866,0.388179,7.870194,0.154309,13.232553,2.220852
4503,0.479074,0.392105,nan,0.154309,nan,1.374339
4504,1.311388,0.556067,8.239094,0.154287,13.129443,3.107210
4505,1.232364,0.517381,nan,0.154287,nan,2.964192
4506,0.792816,0.620303,7.740756,0.154265,13.720129,2.042060
4507,1.014885,1.180265,nan,0.154265,nan,2.484991
4508,1.165434,0.552214,6.305080,0.154243,12.010952,2.824275
4509,0.353635,1.304639,nan,0.154243,nan,1.093820
4510,0.377281,1.538412,5.242579,0.154220,13.044751,1.110989
4511,1.352835,0.994400,nan,0.154220,nan,3.178115
4512,1.317500,0.963078,6.409641,0.154198,11.772671,3.104958
4513,0.622840,0.883784,nan,0.154198,nan,1.664533
4514,0.669152,0.638161,7.329153,0.154176,13.841604,1.750066
4515,0.521652,1.212139,nan,0.154176,nan,1.444530
4516,0.547037,1.718318,9.046987,0.154154,12.742486,1.535069
4517,1.602451,0.558365,nan,0.154154,nan,3.695834
4518,1.987982,0.390425,8.887347,0.154132,14.299116,4.463274
4519,0.589472,0.533998,nan,0.154132,nan,1.617522
4520,0.566787,0.341495,4.785964,0.154109,15.013103,1.587719
4521,0.574721,0.576340,nan,0.154109,nan,1.552925
4522,0.664353,0.473441,7.057526,0.154087,16.036860,1.760132
4523,0.408058,0.506620,nan,0.154087,nan,1.226498
4524,0.549443,0.337706,6.108684,0.154064,12.925356,1.529110
4525,0.605294,0.456569,nan,0.154064,nan,1.647528
4526,0.640366,0.499876,6.461978,0.154041,11.961739,1.724025
4527,0.302786,0.333494,nan,0.154041,nan,0.975492
4528,0.282479,0.514450,7.192867,0.154019,13.453804,0.937474
4529,0.616007,0.355757,nan,0.154019,nan,1.696565
4530,0.742336,0.549367,7.073616,0.153996,13.439238,1.903619
4531,0.806766,0.698179,nan,0.153996,nan,2.068890
4532,0.697585,0.478422,6.451275,0.153974,13.530941,1.857520
4533,0.542116,0.470961,nan,0.153974,nan,1.480348
4534,0.578246,0.553807,6.295883,0.153951,12.592486,1.585413
4535,0.427990,0.547074,nan,0.153951,nan,1.254006
4536,0.499897,0.438214,7.689814,0.153929,14.383424,1.403643
4537,0.471413,0.621434,nan,0.153929,nan,1.352060
4538,0.690514,0.499848,7.042330,0.153906,13.418854,1.836910
4539,0.536855,0.785382,nan,0.153906,nan,1.500389
4540,0.511925,0.692252,8.257782,0.153884,12.349035,1.465624
4541,0.621196,0.680220,nan,0.153884,nan,1.656737
4542,1.355952,0.429722,8.066845,0.153861,14.827726,3.198696
4543,0.692239,0.663028,nan,0.153861,nan,1.805994
4544,0.926163,0.472685,6.591546,0.153839,13.808273,2.315053
4545,1.210868,0.682889,nan,0.153839,nan,2.896534
4546,0.617301,1.043982,6.819088,0.153816,13.515320,1.683814
4547,0.654138,0.717247,nan,0.153816,nan,1.720732
4548,0.467587,0.450643,6.578489,0.153794,11.635397,1.336072
4549,0.419683,0.448112,nan,0.153794,nan,1.217614
4550,0.760337,0.602146,6.887662,0.153771,12.489996,1.953708
4551,0.484728,0.593349,nan,0.153771,nan,1.370371
4552,0.685526,0.617614,5.561730,0.153749,15.542700,1.816725
4553,0.789390,0.603572,nan,0.153749,nan,2.017962
4554,0.404516,0.456218,4.954845,0.153726,13.996008,1.228867
4555,0.397853,0.495094,nan,0.153726,nan,1.206182
4556,0.630539,0.595914,7.158994,0.153704,13.077581,1.658258
4557,0.531341,0.490832,nan,0.153704,nan,1.495226
4558,0.976536,0.536710,7.836289,0.153681,14.086338,2.422405
4559,0.960287,0.411916,nan,0.153681,nan,2.368142
4560,0.384138,0.427358,6.122386,0.153659,13.232172,1.176530
4561,0.471612,0.401700,nan,0.153659,nan,1.358899
4562,0.561388,0.617231,6.745399,0.153636,12.892678,1.560172
4563,0.414003,0.324065,nan,0.153636,nan,1.205561
4564,0.375173,0.339272,8.442216,0.153614,13.272099,1.154854
4565,0.517526,0.488082,nan,0.153614,nan,1.439733
4566,0.537680,0.445049,6.948561,0.153592,12.121564,1.506676
4567,0.347966,0.341360,nan,0.153592,nan,1.046452
4568,0.571979,0.466815,5.540669,0.153570,12.537917,1.575597
4569,0.419335,0.390576,nan,0.153570,nan,1.234748
4570,0.549312,0.651798,5.004004,0.153548,12.603006,1.490557
4571,0.394817,0.455594,nan,0.153548,nan,1.176612
4572,0.708532,0.505111,6.052994,0.153526,12.409184,1.873740
4573,0.625485,0.541427,nan,0.153526,nan,1.679460
4574,0.568234,0.326705,8.217928,0.153504,13.378649,1.557561
4575,0.371983,0.279276,nan,0.153504,nan,1.159754
4576,0.396535,0.341801,5.297787,0.153482,13.832488,1.197283
4577,0.542435,0.456752,nan,0.153482,nan,1.520967
4578,0.505405,0.465281,6.048084,0.153460,13.269653,1.416585
4579,0.492999,0.522806,nan,0.153460,nan,1.380715
4580,0.532548,0.431646,5.635921,0.153438,14.143479,1.467364
4581,0.482805,0.385365,nan,0.153438,nan,1.372354
4582,0.408206,0.293024,6.840150,0.153416,12.938592,1.187301
4583,0.658443,0.402878,nan,0.153416,nan,1.755376
4584,0.385761,0.381413,4.670041,0.153394,15.045094,1.162556
4585,0.682215,0.523123,nan,0.153394,nan,1.804632
4586,0.733009,0.613640,7.330057,0.153372,12.282740,1.896149
4587,0.474492,0.471637,nan,0.153372,nan,1.298999
4588,0.503214,0.317156,8.020193,0.153350,13.792933,1.408654
4589,0.732485,0.622661,nan,0.153350,nan,1.893689
4590,0.412647,0.417091,4.956737,0.153328,11.730297,1.211108
4591,0.883733,0.622534,nan,0.153328,nan,2.220191
4592,1.097267,0.716042,4.076360,0.153306,13.798632,2.653387
4593,0.753202,0.780392,nan,0.153306,nan,1.964346
4594,0.550083,0.523978,6.069287,0.153284,12.339792,1.543082
4595,0.372662,0.299456,nan,0.153284,nan,1.161803
4596,0.452611,0.708019,6.842429,0.153262,12.662413,1.279046
4597,0.823033,0.363126,nan,0.153262,nan,2.118476
4598,0.528638,0.350312,5.809845,0.153241,12.542316,1.512253
4599,0.821734,0.438462,nan,0.153241,nan,2.107577
4600,0.609376,0.452457,5.374864,0.153219,14.322513,1.645627
4601,0.646195,1.049980,nan,0.153219,nan,1.719051
4602,0.428166,0.861073,6.855355,0.153197,12.810512,1.233395
4603,0.668984,0.620540,nan,0.153197,nan,1.757493
4604,0.507896,0.677302,5.373679,0.153175,14.807341,1.430756
4605,0.890231,0.648727,nan,0.153175,nan,2.244010
4606,0.585869,0.359340,5.993383,0.153153,14.884361,1.592938
4607,0.682626,0.965610,nan,0.153153,nan,1.807300
4608,0.920064,0.361050,6.068544,0.153131,12.527749,2.293916
4609,0.427660,0.765979,nan,0.153131,nan,1.264286
4610,0.481534,0.525177,6.027411,0.153109,13.667831,1.364243
4611,0.837116,0.748417,nan,0.153109,nan,2.118500
4612,0.587911,0.757662,5.345536,0.153087,11.814356,1.604422
4613,0.600284,0.659418,nan,0.153087,nan,1.634542
4614,0.599632,0.456963,6.709166,0.153066,12.265732,1.614415
4615,0.797887,0.565455,nan,0.153066,nan,2.043332
4616,0.622097,0.371300,4.524438,0.153044,13.453382,1.697582
4617,0.651530,0.815117,nan,0.153044,nan,1.709451
4618,0.364114,0.756671,7.063593,0.153023,12.071723,1.100509
4619,0.593650,0.615837,nan,0.153023,nan,1.602646
4620,0.331109,0.456325,6.759877,0.153001,11.904146,1.060613
4621,1.151367,0.669778,nan,0.153001,nan,2.758164
4622,0.468160,0.576302,7.009691,0.152980,13.895672,1.319424
4623,0.588970,0.439576,nan,0.152980,nan,1.585122
4624,0.599506,0.506448,6.398861,0.152959,11.922129,1.633377
4625,0.661134,0.647901,nan,0.152959,nan,1.737148
4626,0.509950,0.414132,6.283068,0.152937,15.005642,1.412210
4627,0.959249,0.758109,nan,0.152937,nan,2.339177
4628,0.763037,0.603065,4.745583,0.152915,13.932688,1.972296
4629,0.399828,0.683821,nan,0.152915,nan,1.175844
4630,0.447265,0.512455,5.690007,0.152894,12.384942,1.258451
4631,0.419052,0.446051,nan,0.152894,nan,1.239859
4632,0.853159,0.521866,7.295456,0.152872,13.303324,2.125265
4633,0.528468,0.468718,nan,0.152872,nan,1.455087
4634,0.587064,0.461744,5.548621,0.152851,13.251758,1.617778
4635,0.645396,0.822098,nan,0.152851,nan,1.723164
4636,0.618909,0.828732,4.748904,0.152829,12.855792,1.620063
4637,0.844917,0.621696,nan,0.152829,nan,2.139919
4638,0.602441,0.633892,5.864883,0.152808,12.652842,1.665995
4639,1.071098,0.473238,nan,0.152808,nan,2.589915
4640,1.428918,0.413155,5.816540,0.152787,12.855963,3.352872
4641,0.469751,0.636501,nan,0.152787,nan,1.370815
4642,0.328548,0.663849,5.234465,0.152765,12.316932,1.001911
4643,0.477719,0.931628,nan,0.152765,nan,1.326576
4644,0.344235,0.981082,5.399606,0.152744,12.752413,1.064845
4645,0.847318,0.451405,nan,0.152744,nan,2.133303
4646,1.060305,0.605858,4.048691,0.152723,13.009503,2.593956
4647,0.620387,0.653845,nan,0.152723,nan,1.665034
4648,0.506325,0.443854,6.140053,0.152702,11.365328,1.409676
4649,0.533598,0.539039,nan,0.152702,nan,1.483777
4650,0.392493,0.375373,5.684739,0.152681,12.792603,1.158686
4651,0.251505,0.508194,nan,0.152681,nan,0.851366
4652,0.447020,0.513091,5.574017,0.152660,13.472163,1.262026
4653,0.822045,0.887176,nan,0.152660,nan,2.054693
4654,0.706445,0.814706,5.724823,0.152639,13.546175,1.867127
4655,0.342574,0.478985,nan,0.152639,nan,1.051593
4656,0.566498,0.385059,4.740218,0.152618,14.355038,1.534067
4657,0.543577,0.501303,nan,0.152618,nan,1.454556
4658,0.486067,0.441679,5.357136,0.152596,13.244458,1.352801
4659,0.671784,0.390344,nan,0.152596,nan,1.784809
4660,0.567518,0.524910,5.843651,0.152575,14.567822,1.551929
4661,0.642319,0.571152,nan,0.152575,nan,1.719055
4662,0.468937,0.716425,4.930025,0.152554,9.430820,1.356167
4663,0.682070,0.773201,nan,0.152554,nan,1.801613
4664,0.364565,0.469382,5.919983,0.152533,11.961775,1.079740
4665,0.437125,0.459784,nan,0.152533,nan,1.265396
4666,0.474530,0.359747,4.488419,0.152512,13.052005,1.360071
4667,0.596979,0.790564,nan,0.152512,nan,1.608439
4668,0.449620,0.513342,5.535378,0.152492,12.112175,1.314816
4669,0.511349,0.544916,nan,0.152492,nan,1.450684
4670,0.353925,0.513716,5.785199,0.152471,13.666470,1.090689
4671,0.724338,0.503095,nan,0.152471,nan,1.889884
4672,0.487397,0.570751,4.616135,0.152450,12.672050,1.352264
4673,0.362761,0.386563,nan,0.152450,nan,1.103286
4674,0.439138,0.756718,4.560414,0.152429,14.384592,1.237835
4675,0.554688,0.513467,nan,0.152429,nan,1.535706
4676,0.480367,0.485484,5.744193,0.152408,13.986185,1.346690
4677,0.485467,0.533890,nan,0.152408,nan,1.344757
4678,0.400900,0.657835,5.853524,0.152387,12.640865,1.170176
4679,0.510366,0.392216,nan,0.152387,nan,1.431509
4680,0.397959,0.345510,4.723191,0.152366,12.961265,1.183318
4681,0.784707,0.503003,nan,0.152366,nan,1.996608
4682,0.432166,0.663441,3.395920,0.152344,14.947104,1.239281
4683,0.515328,0.606611,nan,0.152344,nan,1.444227
4684,0.481077,0.408063,5.956081,0.152323,15.210016,1.350397
4685,0.560986,0.777040,nan,0.152323,nan,1.519519
4686,0.435112,0.467010,4.943555,0.152302,10.831400,1.272096
4687,0.291778,0.507361,nan,0.152302,nan,0.940950
4688,0.410753,0.487044,4.291900,0.152281,13.507054,1.204568
4689,0.437350,0.550601,nan,0.152281,nan,1.256537
4690,0.523240,0.572606,6.001743,0.152260,13.175349,1.465161
4691,0.424763,0.361474,nan,0.152260,nan,1.249292
4692,0.286957,0.328736,3.351440,0.152238,13.705173,0.935471
4693,0.423657,0.437505,nan,0.152238,nan,1.260436
4694,0.549239,0.535478,5.919175,0.152217,12.366308,1.499448
4695,0.617249,0.580154,nan,0.152217,nan,1.653493
4696,0.364472,0.292466,5.334078,0.152196,13.465171,1.126222
4697,0.455439,0.508370,nan,0.152196,nan,1.294632
4698,0.581525,0.329202,4.824336,0.152175,14.645189,1.585386
4699,0.576223,0.426833,nan,0.152175,nan,1.594815
4700,0.491284,0.459662,4.329747,0.152154,12.411312,1.383759
4701,0.484321,0.489989,nan,0.152154,nan,1.346422
4702,0.318904,0.478471,4.810479,0.152133,13.793939,1.001086
4703,0.417542,0.492331,nan,0.152133,nan,1.253101
4704,0.429200,0.373213,4.239651,0.152112,12.300453,1.260483
4705,0.420965,0.435246,nan,0.152112,nan,1.209475
4706,0.502034,0.343156,5.857510,0.152090,13.710577,1.436777
4707,0.454130,0.400653,nan,0.152090,nan,1.321157
4708,0.524769,0.528198,5.876367,0.152069,13.348258,1.455222
4709,0.582688,0.470613,nan,0.152069,nan,1.588302
4710,0.539342,0.393644,5.187335,0.152048,14.269152,1.513029
4711,0.533063,0.504566,nan,0.152048,nan,1.472959
4712,0.407614,0.475833,3.327839,0.152027,16.031847,1.197650
4713,0.630795,0.619518,nan,0.152027,nan,1.656171
4714,0.693553,0.341915,4.863722,0.152005,14.350068,1.841788
4715,0.476841,0.492674,nan,0.152005,nan,1.362152
4716,0.892112,0.817248,6.948956,0.151983,15.122406,2.234102
4717,1.046952,0.554689,nan,0.151983,nan,2.537035
4718,0.571969,0.588555,4.948043,0.151961,16.044342,1.561692
4719,0.957313,0.500700,nan,0.151961,nan,2.377541
4720,0.637076,0.652426,3.426762,0.151939,13.652845,1.684047
4721,0.338968,1.542684,nan,0.151939,nan,1.051524
4722,0.412779,0.698101,5.845796,0.151918,14.486807,1.192402
4723,0.521242,1.102381,nan,0.151918,nan,1.457583
4724,0.451759,1.405025,6.602813,0.151896,13.952803,1.266865
4725,0.794715,0.506078,nan,0.151896,nan,2.025980
4726,0.294747,0.302547,3.959153,0.151874,14.720395,0.932729
4727,0.654356,0.746868,nan,0.151874,nan,1.713582
4728,0.516067,1.062254,3.416152,0.151852,15.467760,1.449109
4729,0.392295,0.330409,nan,0.151852,nan,1.152680
4730,0.506895,0.369767,6.942177,0.151829,14.705992,1.393564
4731,0.581869,0.479274,nan,0.151829,nan,1.559439
4732,0.363269,0.359701,4.808161,0.151807,14.337318,1.095393
4733,0.495194,0.536172,nan,0.151807,nan,1.383571
4734,0.474700,0.529183,5.293900,0.151785,14.212553,1.352398
4735,0.396750,0.649271,nan,0.151785,nan,1.142030
4736,0.580699,0.425839,5.913182,0.151763,15.214642,1.572113
4737,0.424308,0.426110,nan,0.151763,nan,1.236012
4738,0.334029,0.302770,2.870700,0.151741,14.237080,1.036428
4739,0.775973,0.671702,nan,0.151741,nan,2.013677
4740,0.525886,0.797580,4.495468,0.151719,13.903679,1.464579
4741,0.656925,0.481422,nan,0.151719,nan,1.752029
4742,0.324227,0.560460,4.972382,0.151697,13.562136,1.019990
4743,0.695971,0.385364,nan,0.151697,nan,1.815808
4744,0.474515,0.547495,4.951534,0.151675,15.247061,1.345076
4745,0.383745,0.549569,nan,0.151675,nan,1.136782
4746,0.467207,0.609506,3.956233,0.151653,12.163967,1.343662
4747,0.456152,0.336554,nan,0.151653,nan,1.337375
4748,0.595662,0.369571,5.399324,0.151631,11.852893,1.612008
4749,0.623242,0.727269,nan,0.151631,nan,1.689844
4750,0.277160,0.542402,3.349641,0.151610,13.115978,0.928079
4751,0.371519,0.334980,nan,0.151610,nan,1.136124
4752,0.374888,0.336953,4.904650,0.151588,13.812545,1.135910
4753,0.429353,0.501022,nan,0.151588,nan,1.224804
4754,0.406677,0.487367,3.626796,0.151567,12.977230,1.202631
4755,0.721482,0.419296,nan,0.151567,nan,1.898219
4756,0.758249,0.683420,4.748519,0.151546,12.607952,1.953639
4757,0.763050,0.725310,nan,0.151546,nan,1.951288
4758,0.391485,0.366423,5.586581,0.151525,13.092239,1.175568
4759,0.899629,0.701117,nan,0.151525,nan,2.258516
4760,0.815798,0.675589,5.084348,0.151504,15.017536,2.074586
4761,0.380451,0.376938,nan,0.151504,nan,1.135857
4762,0.623002,0.573209,2.729760,0.151483,13.100214,1.661746
4763,0.456750,0.718468,nan,0.151483,nan,1.323598
4764,0.336267,0.408750,5.828378,0.151461,13.843000,1.020134
4765,0.357495,0.720511,nan,0.151461,nan,1.082159
4766,0.627782,0.455375,3.300090,0.151440,14.590851,1.695046
4767,0.468943,0.475889,nan,0.151440,nan,1.324383
4768,1.143356,0.219232,4.686133,0.151419,13.543886,2.764229
4769,0.947503,0.388442,nan,0.151419,nan,2.353774
4770,0.497297,0.993783,5.363223,0.151398,15.542933,1.375819
4771,0.805206,0.383311,nan,0.151398,nan,2.070173
4772,0.470275,0.929668,7.201735,0.151376,12.397846,1.330788
4773,0.367800,0.677309,nan,0.151376,nan,1.125519
4774,0.654671,0.515132,3.936385,0.151355,14.640107,1.730369
4775,0.424583,0.686917,nan,0.151355,nan,1.227881
4776,0.647988,0.401535,4.330519,0.151334,13.260643,1.743101
4777,0.593777,0.499370,nan,0.151334,nan,1.621214
4778,0.885328,0.603897,5.642504,0.151312,15.241131,2.233359
4779,0.811953,0.407797,nan,0.151312,nan,2.064005
4780,0.350115,0.654062,6.098524,0.151291,15.126810,1.069270
4781,0.501564,0.520744,nan,0.151291,nan,1.392022
4782,0.673755,0.834076,3.669120,0.151269,15.973055,1.764250
4783,0.416177,0.648741,nan,0.151269,nan,1.237586
4784,0.704142,0.387350,5.170409,0.151248,9.804197,1.860414
4785,0.555389,0.350449,nan,0.151248,nan,1.553030
4786,0.575796,0.555258,5.687843,0.151227,12.508688,1.582113
4787,0.929514,0.581792,nan,0.151227,nan,2.327266
4788,0.376829,0.562040,7.112091,0.151206,14.066174,1.141724
4789,0.418273,0.362423,nan,0.151206,nan,1.248713
4790,0.579069,0.830525,4.765669,0.151185,16.079624,1.561777
4791,0.287251,0.621670,nan,0.151185,nan,0.950332
4792,0.571540,0.510760,3.812329,0.151163,15.060509,1.579913
4793,0.466942,0.392426,nan,0.151163,nan,1.334855
4794,0.473050,0.772049,5.794538,0.151142,13.145741,1.330065
4795,0.615008,0.579126,nan,0.151142,nan,1.655563
4796,0.639726,0.923328,4.134343,0.151121,16.297968,1.695997
4797,0.533411,0.665513,nan,0.151121,nan,1.466543
4798,0.514633,0.743790,5.065414,0.151099,14.389277,1.423567
4799,0.427400,0.518678,nan,0.151099,nan,1.252798
4800,0.599510,0.745570,5.015742,0.151078,14.484034,1.640827
4801,0.446688,0.468106,nan,0.151078,nan,1.295392
4802,0.688303,0.411204,5.042155,0.151056,13.441697,1.799985
4803,0.630681,0.485436,nan,0.151056,nan,1.663601
4804,0.470089,0.561007,3.581557,0.151035,14.844081,1.352691
4805,0.851634,0.547179,nan,0.151035,nan,2.183959
4806,0.436257,0.523313,3.706095,0.151013,14.120974,1.262319
4807,0.470420,0.389020,nan,0.151013,nan,1.344571
4808,0.400740,0.436787,4.478280,0.150991,16.615341,1.186913
4809,0.526198,0.566638,nan,0.150991,nan,1.459641
4810,0.356010,0.356828,3.056302,0.150970,13.924332,1.114604
4811,0.738094,0.445759,nan,0.150970,nan,1.923126
4812,0.698885,0.552284,4.066522,0.150948,14.592958,1.850561
4813,0.476823,0.439159,nan,0.150948,nan,1.346521
4814,0.466395,0.481727,5.455223,0.150926,14.225821,1.319900
4815,0.325942,0.327657,nan,0.150926,nan,0.985979
4816,0.586824,0.514803,4.731583,0.150905,12.324741,1.555146
4817,0.966553,0.460384,nan,0.150905,nan,2.390577
4818,0.778215,0.485671,3.459965,0.150884,14.695060,2.009500
4819,0.404245,0.454420,nan,0.150884,nan,1.217110
4820,0.516900,0.425071,4.625033,0.150862,13.690992,1.434441
4821,0.577991,0.549185,nan,0.150862,nan,1.566370
4822,0.407969,0.535785,3.074647,0.150841,14.388683,1.221060
4823,0.508771,0.524106,nan,0.150841,nan,1.435801
4824,0.346735,0.440552,3.261590,0.150820,15.648533,1.077357
4825,0.432748,0.618313,nan,0.150820,nan,1.253041
4826,0.409387,0.468437,2.614415,0.150798,14.328398,1.206515
4827,0.486955,0.467667,nan,0.150798,nan,1.403968
4828,0.394960,0.371359,5.886458,0.150777,14.035143,1.164865
4829,0.410045,0.418025,nan,0.150777,nan,1.243305
4830,0.587813,0.674453,1.606713,0.150755,16.039356,1.626404
4831,0.591753,0.495474,nan,0.150755,nan,1.617260
4832,0.485160,0.660889,2.621398,0.150734,13.875645,1.412752
4833,0.619267,0.326217,nan,0.150734,nan,1.679991
4834,0.405960,0.385053,4.767474,0.150712,13.546471,1.218131
4835,0.686220,0.628020,nan,0.150712,nan,1.813643
4836,0.629244,0.382537,5.801179,0.150691,14.761130,1.676553
4837,0.739942,1.304059,nan,0.150691,nan,1.911712
4838,0.645368,0.602428,2.351637,0.150669,13.213051,1.708468
4839,0.453739,1.365510,nan,0.150669,nan,1.295658
4840,0.509209,1.050643,1.478242,0.150648,14.950546,1.436238
4841,0.640024,0.458026,nan,0.150648,nan,1.711978
4842,0.551005,0.530647,2.129988,0.150627,14.902914,1.517438
4843,0.448258,0.402288,nan,0.150627,nan,1.288270
4844,0.360710,0.436556,1.748726,0.150605,14.727600,1.096223
4845,0.614528,0.568781,nan,0.150605,nan,1.641335
4846,0.344758,0.334318,3.194085,0.150584,14.586453,1.081468
4847,0.425393,0.309856,nan,0.150584,nan,1.226250
4848,0.513409,0.506830,3.510913,0.150563,13.673012,1.452057
4849,0.420260,0.438916,nan,0.150563,nan,1.216771
4850,0.639769,0.489386,3.313452,0.150541,13.182596,1.716695
4851,0.644525,0.520564,nan,0.150541,nan,1.705296
4852,0.523376,0.591214,2.864463,0.150520,14.732403,1.474557
4853,0.570109,0.341240,nan,0.150520,nan,1.554841
4854,0.655901,0.523438,4.053877,0.150499,14.914455,1.706103
4855,0.560518,0.837254,nan,0.150499,nan,1.543574
4856,0.530227,0.742844,3.756204,0.150478,14.271856,1.469425
4857,0.528183,0.736598,nan,0.150478,nan,1.487423
4858,0.852653,0.574087,3.896626,0.150457,14.719363,2.144999
4859,0.493027,0.569067,nan,0.150457,nan,1.423279
4860,0.649424,0.496061,4.269712,0.150435,14.939585,1.714660
4861,0.563075,0.449568,nan,0.150435,nan,1.552747
4862,0.194612,0.181194,4.660923,0.150414,14.612421,0.743884
4863,0.729832,0.415765,nan,0.150414,nan,1.914513
4864,0.595708,0.524797,3.125166,0.150393,14.622417,1.614450
4865,0.511865,0.970742,nan,0.150393,nan,1.455151
4866,0.423934,0.479298,5.260414,0.150371,13.005813,1.245574
4867,0.776269,1.249334,nan,0.150371,nan,1.991076
4868,0.630072,1.371230,3.141796,0.150350,13.900914,1.695073
4869,1.608115,0.517360,nan,0.150350,nan,3.678392
4870,2.370712,0.803422,5.297597,0.150329,16.192608,5.238926
4871,1.067701,0.401262,nan,0.150329,nan,2.610147
4872,0.474608,0.600540,6.330995,0.150308,15.288866,1.354500
4873,0.912989,0.787221,nan,0.150308,nan,2.288216
4874,0.520180,0.345046,3.645507,0.150286,16.398087,1.465261
4875,0.802670,1.406074,nan,0.150286,nan,2.038662
4876,1.107122,1.119339,1.668973,0.150264,16.746946,2.692571
4877,0.881247,0.471575,nan,0.150264,nan,2.229274
4878,1.149562,0.755250,3.600336,0.150243,13.332035,2.763954
4879,0.612996,0.501921,nan,0.150243,nan,1.649820
4880,0.918561,0.644453,5.260560,0.150221,14.074332,2.301920
4881,1.065867,0.588172,nan,0.150221,nan,2.593524
4882,0.500382,0.429185,4.391416,0.150200,16.628483,1.370916
4883,1.112424,1.214977,nan,0.150200,nan,2.678038
4884,1.004737,0.831825,2.229734,0.150178,14.736227,2.451124
4885,0.564566,1.352566,nan,0.150178,nan,1.529748
4886,0.832933,1.624816,4.208674,0.150157,15.628401,2.085815
4887,0.609492,1.188489,nan,0.150157,nan,1.622103
4888,1.070728,0.674486,3.880124,0.150135,16.141636,2.593401
4889,1.033443,0.738314,nan,0.150135,nan,2.527347
4890,0.376235,0.454985,5.088486,0.150113,14.667511,1.144943
4891,1.460239,0.562072,nan,0.150113,nan,3.398365
4892,1.420897,0.487668,3.865695,0.150091,17.418409,3.314673
4893,0.405415,0.981011,nan,0.150091,nan,1.221997
4894,0.634385,1.239854,3.685149,0.150069,14.874043,1.708685
4895,0.543750,0.426911,nan,0.150069,nan,1.494480
4896,0.887947,0.797014,3.319961,0.150047,14.633553,2.195504
4897,0.720853,1.420517,nan,0.150047,nan,1.869588
4898,0.493722,0.890684,1.937549,0.150026,14.132975,1.374969
4899,1.061297,0.624506,nan,0.150026,nan,2.570165
4900,0.963417,0.517142,1.115704,0.150004,12.650509,2.385860
4901,0.464159,0.959517,nan,0.150004,nan,1.341994
4902,0.539011,1.149198,2.273268,0.149983,15.426706,1.480217
4903,0.453605,0.506285,nan,0.149983,nan,1.327365
4904,0.631353,0.924561,5.842610,0.149961,12.912868,1.707778
4905,0.576602,1.405395,nan,0.149961,nan,1.573602
4906,0.477707,0.795306,4.367259,0.149940,14.211048,1.380013
4907,1.073442,0.722291,nan,0.149940,nan,2.614303
4908,1.018109,0.787724,2.224333,0.149919,16.580706,2.473825
4909,0.773427,0.537268,nan,0.149919,nan,1.978192
4910,1.068052,0.511131,2.718315,0.149898,15.506296,2.596200
4911,0.552105,0.572610,nan,0.149898,nan,1.525989
4912,1.036358,0.816477,4.395442,0.149876,14.328772,2.515556
4913,0.876214,0.725730,nan,0.149876,nan,2.193587
4914,0.527010,0.611729,3.478758,0.149855,16.147993,1.455359
4915,0.837583,1.622906,nan,0.149855,nan,2.119467
4916,1.031229,1.278516,3.213566,0.149833,13.869186,2.533439
4917,0.467447,0.498815,nan,0.149833,nan,1.325080
4918,0.528012,0.753894,3.996960,0.149812,14.835365,1.479002
4919,0.467113,0.583637,nan,0.149812,nan,1.313307
4920,0.308957,0.387456,2.375494,0.149791,15.048131,0.988299
4921,0.565766,0.490923,nan,0.149791,nan,1.540915
4922,0.610414,0.501471,4.598061,0.149770,12.724470,1.634002
4923,0.377066,0.443743,nan,0.149770,nan,1.153513
4924,0.621589,0.573686,2.214710,0.149748,17.107735,1.651636
4925,0.575168,0.558726,nan,0.149748,nan,1.563159
4926,0.461511,0.499085,3.756507,0.149727,16.049915,1.341725
4927,0.446616,0.502766,nan,0.149727,nan,1.279471
4928,0.408469,0.417751,4.955731,0.149705,14.543327,1.178310
4929,0.431301,0.365621,nan,0.149705,nan,1.259151
4930,0.687345,0.537164,2.838801,0.149684,12.544729,1.804287
4931,0.530536,0.608429,nan,0.149684,nan,1.443603
4932,0.442550,0.540914,2.416429,0.149663,15.143180,1.311865
4933,0.527810,0.440220,nan,0.149663,nan,1.492033
4934,0.660873,0.555037,2.128596,0.149642,13.530458,1.732831
4935,0.307595,0.469033,nan,0.149642,nan,0.961648
4936,0.412817,0.398070,3.302371,0.149621,14.293683,1.242873
4937,0.500495,0.439349,nan,0.149621,nan,1.383348
4938,0.521785,0.411565,4.352015,0.149601,12.236619,1.465393
4939,0.455057,0.413766,nan,0.149601,nan,1.289357
4940,0.515478,0.460732,3.868382,0.149580,14.003281,1.419635
4941,0.660710,0.404989,nan,0.149580,nan,1.734255
4942,0.548868,0.487237,3.863674,0.149559,14.794176,1.526302
4943,0.350197,0.391391,nan,0.149559,nan,1.096642
4944,0.427191,0.864184,4.683526,0.149539,16.133198,1.249819
4945,0.532265,0.673126,nan,0.149539,nan,1.470676
4946,0.368184,0.321060,2.409819,0.149518,13.701250,1.123803
4947,0.397178,0.432862,nan,0.149518,nan,1.203031
4948,0.400722,0.402264,2.846009,0.149497,15.177521,1.188159
4949,0.371184,0.389286,nan,0.149497,nan,1.103063
4950,0.300641,0.372105,2.045663,0.149476,15.762594,0.966055
4951,0.470801,0.563129,nan,0.149476,nan,1.355108
4952,0.429205,0.612430,1.210772,0.149455,14.895744,1.218953
4953,0.503967,0.476175,nan,0.149455,nan,1.410239
4954,0.557525,0.438881,2.630325,0.149434,16.384411,1.519669
4955,0.556898,0.491835,nan,0.149434,nan,1.497754
4956,0.793029,0.336903,4.202519,0.149413,14.782343,2.002348
4957,0.714995,0.653699,nan,0.149413,nan,1.859533
4958,0.544461,0.450321,0.329623,0.149392,16.450867,1.532915
4959,0.514306,0.935204,nan,0.149392,nan,1.423757
4960,0.458392,0.705491,2.261071,0.149371,15.207212,1.321900
4961,0.486193,0.481833,nan,0.149371,nan,1.353340
4962,0.388606,0.713708,1.348278,0.149350,16.417048,1.142229
4963,0.792300,0.403751,nan,0.149350,nan,2.010709
4964,0.582732,0.375271,3.963634,0.149329,12.473557,1.575084
4965,0.361434,0.410696,nan,0.149329,nan,1.107414
4966,0.394182,0.579152,1.247848,0.149308,13.467163,1.186993
4967,0.445547,0.397803,nan,0.149308,nan,1.259483
4968,0.452860,0.611372,1.501212,0.149287,15.397591,1.287806
4969,0.627236,0.442280,nan,0.149287,nan,1.666544
4970,0.479389,0.392672,0.334404,0.149266,16.058741,1.341728
4971,0.377056,0.273461,nan,0.149266,nan,1.125000
4972,0.373703,0.414973,1.948312,0.149245,13.999171,1.124020
4973,0.579836,0.491874,nan,0.149245,nan,1.571999
4974,0.357003,0.316459,3.334430,0.149224,15.170454,1.059665
4975,0.566704,0.767083,nan,0.149224,nan,1.551356
4976,0.489289,0.711426,0.705471,0.149203,15.309369,1.391281
4977,0.796001,0.658859,nan,0.149203,nan,2.010467
4978,0.571276,0.478969,3.151374,0.149182,15.157731,1.557378
4979,0.717028,0.503943,nan,0.149182,nan,1.869196
4980,0.390598,1.056378,3.244289,0.149161,13.873699,1.173083
4981,0.646646,0.759121,nan,0.149161,nan,1.689366
4982,0.513129,0.467250,1.539530,0.149140,15.999514,1.411466
4983,0.362452,0.466112,nan,0.149140,nan,1.084715
4984,0.570791,0.565917,1.815952,0.149119,14.221874,1.542954
4985,0.321723,0.264541,nan,0.149119,nan,1.022419
4986,0.407791,0.901090,3.902298,0.149098,16.127169,1.201160
4987,0.436517,0.894089,nan,0.149098,nan,1.270240
4988,0.397909,0.386275,1.818762,0.149077,13.230953,1.140888
4989,0.427116,0.501858,nan,0.149077,nan,1.231576
4990,0.818770,0.491722,1.946539,0.149057,14.848943,2.079843
4991,0.813725,0.446194,nan,0.149057,nan,2.074409
4992,0.464709,0.704804,2.247284,0.149036,13.608034,1.336638
4993,0.618606,0.597294,nan,0.149036,nan,1.652164
4994,0.395708,0.530067,1.630037,0.149015,15.458306,1.150677
4995,0.666953,0.564003,nan,0.149015,nan,1.754032
4996,0.340205,0.283119,1.063031,0.148995,12.732104,1.027599
4997,0.240393,0.367509,nan,0.148995,nan,0.799635
4998,0.395435,0.391746,1.541696,0.148974,15.426566,1.168052
4999,0.531445,0.473682,nan,0.148974,nan,1.495929
5000,0.362875,0.524483,0.416932,0.148954,15.448016,1.127413
5001,0.349322,0.340054,nan,0.148954,nan,1.059530
5002,1.019783,0.660801,5.069465,0.148933,15.252542,2.495949
5003,1.075762,0.742397,nan,0.148933,nan,2.602920
5004,0.662420,0.393860,1.515839,0.148913,14.043026,1.720279
5005,1.640414,0.760876,nan,0.148913,nan,3.761001
5006,1.901037,0.802924,0.852051,0.148892,16.621155,4.274337
5007,1.032146,0.693473,nan,0.148892,nan,2.518646
5008,0.390406,1.154385,2.725042,0.148871,15.299805,1.158776
5009,0.672259,1.163412,nan,0.148871,nan,1.739085
5010,0.426576,0.462564,2.409845,0.148850,13.413122,1.242350
5011,0.678511,1.098533,nan,0.148850,nan,1.787613
5012,0.636217,1.010123,2.516633,0.148830,15.620711,1.691437
5013,0.290246,0.405452,nan,0.148830,nan,0.957009
5014,0.632985,0.555286,1.930127,0.148809,14.305151,1.688694
5015,0.702947,0.480788,nan,0.148809,nan,1.820995
5016,0.426518,0.407680,1.464447,0.148788,15.433059,1.249747
5017,0.406124,0.396965,nan,0.148788,nan,1.172862
5018,0.443960,0.460885,1.543951,0.148768,15.428501,1.274200
5019,0.522528,0.457439,nan,0.148768,nan,1.463133
5020,0.612055,0.491613,1.119174,0.148747,12.630232,1.641962
5021,0.518382,0.451704,nan,0.148747,nan,1.442424
5022,0.406839,0.321867,1.387398,0.148727,14.912954,1.200403
5023,0.464995,0.447311,nan,0.148727,nan,1.318327
5024,0.285736,0.277563,1.133235,0.148707,13.700521,0.952475
5025,0.637893,0.560158,nan,0.148707,nan,1.705878
5026,0.486249,0.474048,2.476974,0.148686,13.953472,1.358171
5027,0.417751,0.405757,nan,0.148686,nan,1.229496
5028,0.614906,0.466075,1.034960,0.148666,17.784363,1.657406
5029,0.439470,0.509737,nan,0.148666,nan,1.283457
5030,0.296107,0.413656,1.692650,0.148645,14.255442,0.958907
5031,0.397546,0.481878,nan,0.148645,nan,1.211911
5032,0.343908,0.328218,1.020374,0.148625,15.987210,1.059293
5033,0.349757,0.633178,nan,0.148625,nan,1.062443
5034,0.432924,0.374341,1.174376,0.148604,15.023268,1.228152
5035,0.366745,0.413902,nan,0.148604,nan,1.110734
5036,0.406949,0.350011,3.829091,0.148583,14.633343,1.191135
5037,0.515125,1.053685,nan,0.148583,nan,1.419793
5038,0.240033,0.403412,2.215986,0.148563,14.298183,0.809496
5039,0.795794,1.128711,nan,0.148563,nan,2.031478
5040,0.513344,0.982452,1.013624,0.148543,14.726029,1.412704
5041,1.288602,0.724771,nan,0.148543,nan,3.014816
5042,1.413007,0.659874,0.694221,0.148522,14.690807,3.295844
5043,0.907359,0.660651,nan,0.148522,nan,2.254164
5044,0.637206,0.971843,2.226692,0.148502,14.508133,1.695346
5045,0.670312,0.568061,nan,0.148502,nan,1.763600
5046,0.542231,0.813354,3.287163,0.148481,14.695692,1.469494
5047,0.362504,0.577862,nan,0.148481,nan,1.085213
5048,0.586766,0.399635,2.806405,0.148461,14.376324,1.553756
5049,0.427745,0.459227,nan,0.148461,nan,1.231511
5050,0.896516,0.695548,0.829734,0.148441,15.333670,2.207714
5051,0.724777,0.322023,nan,0.148441,nan,1.889846
5052,0.420573,0.601314,0.704046,0.148420,16.720825,1.239723
5053,0.250543,0.518901,nan,0.148420,nan,0.834174
5054,0.545529,0.646699,3.774078,0.148400,15.008047,1.478773
5055,0.318274,0.365601,nan,0.148400,nan,1.003216
5056,0.875090,0.471406,2.777098,0.148379,13.566862,2.197411
5057,0.659121,0.858401,nan,0.148379,nan,1.697075
5058,0.616816,0.400959,1.909949,0.148359,17.761026,1.672690
5059,0.479671,0.513375,nan,0.148359,nan,1.365905
5060,0.390810,0.425553,1.706344,0.148338,13.660133,1.145606
5061,0.559706,0.576700,nan,0.148338,nan,1.549762
5062,0.402217,0.444353,1.066942,0.148318,16.038200,1.140155
5063,0.433963,0.435008,nan,0.148318,nan,1.256773
5064,0.366227,0.325044,1.106477,0.148297,15.484190,1.121032
5065,0.365190,0.610859,nan,0.148297,nan,1.098263
5066,0.519330,0.335320,0.893169,0.148276,15.969535,1.442721
5067,0.558607,0.415432,nan,0.148276,nan,1.505171
5068,0.494831,0.372212,2.265224,0.148256,15.285516,1.355669
5069,0.417675,0.573187,nan,0.148256,nan,1.211487
5070,0.354066,0.353830,3.240575,0.148235,14.776873,1.041508
5071,0.464366,0.280852,nan,0.148235,nan,1.290741
5072,0.335053,0.347796,1.134591,0.148214,17.575283,1.017241
5073,0.530944,0.585936,nan,0.148214,nan,1.449382
5074,0.465259,0.542662,1.291339,0.148193,15.504594,1.315384
5075,0.410434,0.491915,nan,0.148193,nan,1.202859
5076,0.358908,0.358587,-0.604527,0.148172,17.242287,1.079498
5077,0.461412,0.400861,nan,0.148172,nan,1.300629
5078,0.674124,0.773453,0.972142,0.148151,14.777801,1.754463
5079,0.591903,0.286754,nan,0.148151,nan,1.587624
5080,0.404830,0.424308,3.409172,0.148130,16.838272,1.201684
5081,1.439382,1.390539,nan,0.148130,nan,3.363833
5082,1.062935,0.938811,2.804219,0.148109,14.967041,2.598887
5083,0.538289,0.866895,nan,0.148109,nan,1.470667
5084,0.465356,0.422231,-0.269454,0.148088,15.252604,1.319287
5085,1.189104,0.891045,nan,0.148088,nan,2.826314
5086,1.195001,0.863424,-0.811751,0.148067,16.533499,2.845752
5087,1.039306,1.180606,nan,0.148067,nan,2.538601
5088,0.665879,1.027216,1.198850,0.148047,13.008231,1.762709
5089,0.522172,0.511137,nan,0.148047,nan,1.442115
5090,0.681406,0.478115,1.974644,0.148026,16.242369,1.782292
5091,0.547212,0.738920,nan,0.148026,nan,1.482730
5092,0.552171,0.539917,1.447293,0.148005,15.780447,1.482827
5093,0.716440,0.657784,nan,0.148005,nan,1.850458
5094,0.330841,0.387037,3.453911,0.147984,17.031693,1.004734
5095,0.690626,1.404858,nan,0.147984,nan,1.813465
5096,0.895892,1.192046,0.535386,0.147963,17.280619,2.226231
5097,0.450786,0.820791,nan,0.147963,nan,1.284378
5098,0.719020,1.046081,2.079630,0.147942,16.242983,1.845450
5099,0.720927,0.743601,nan,0.147942,nan,1.869082
5100,0.542444,0.659990,1.681965,0.147921,15.930960,1.482845
5101,1.013092,1.036950,nan,0.147921,nan,2.505270
5102,0.515580,0.971190,1.770102,0.147900,15.722075,1.423228
5103,0.501957,0.282112,nan,0.147900,nan,1.408617
5104,0.270504,0.268063,3.121806,0.147879,14.980256,0.917956
5105,0.700578,0.694825,nan,0.147879,nan,1.846780
5106,0.465785,0.485964,1.954904,0.147858,15.785289,1.329759
5107,0.651311,0.947677,nan,0.147858,nan,1.750431
5108,0.607318,0.850842,1.590045,0.147837,16.020657,1.632209
5109,0.363528,0.679626,nan,0.147837,nan,1.125713
5110,0.524478,0.467776,2.051507,0.147816,16.369694,1.471529
5111,0.704166,0.933392,nan,0.147816,nan,1.849102
5112,0.526278,0.430868,3.103878,0.147795,15.159586,1.506055
5113,1.065459,0.820333,nan,0.147795,nan,2.614774
5114,1.059461,0.345954,2.232013,0.147774,17.224472,2.598726
5115,0.626498,0.875174,nan,0.147774,nan,1.680629
5116,0.704553,0.692005,1.067143,0.147753,14.700096,1.834440
5117,0.562456,0.931046,nan,0.147753,nan,1.544281
5118,0.392139,0.755659,-0.583236,0.147732,17.642883,1.147893
5119,1.041690,0.398507,nan,0.147732,nan,2.553304
5120,0.770279,0.413940,0.422206,0.147711,16.332008,1.999062
5121,0.667032,0.701406,nan,0.147711,nan,1.771029
5122,0.629410,0.369789,2.963663,0.147690,14.075735,1.681880
5123,0.742347,0.565092,nan,0.147690,nan,1.961435
5124,0.657478,0.272673,1.171911,0.147669,15.266172,1.766871
5125,0.707379,0.708090,nan,0.147669,nan,1.845935
5126,0.573095,0.406806,0.526107,0.147648,16.643795,1.576463
5127,0.712474,0.670097,nan,0.147648,nan,1.873675
5128,0.515352,0.571736,0.897115,0.147628,12.626540,1.393392
5129,0.398011,0.811128,nan,0.147628,nan,1.205259
5130,0.336312,0.589147,1.277822,0.147607,13.739992,1.065168
5131,0.544773,0.582561,nan,0.147607,nan,1.492167
5132,0.437320,0.419795,3.078007,0.147587,14.183626,1.288523
5133,1.422714,0.765086,nan,0.147587,nan,3.309767
5134,0.952922,0.501767,1.802275,0.147567,15.403061,2.387321
5135,0.471977,0.500746,nan,0.147567,nan,1.386001
5136,0.732472,0.355488,0.253351,0.147546,19.229485,1.927732
5137,0.704666,0.745555,nan,0.147546,nan,1.833849
5138,0.649288,0.666447,1.532394,0.147526,12.327134,1.736871
5139,0.448514,0.536861,nan,0.147526,nan,1.312428
5140,0.940028,0.411132,2.802395,0.147506,16.178810,2.345022
5141,0.345516,0.285098,nan,0.147506,nan,1.089898
5142,0.471286,0.490014,1.029050,0.147485,15.819300,1.377050
5143,0.393942,0.377740,nan,0.147485,nan,1.206311
5144,0.419305,0.395174,-0.907633,0.147465,15.743758,1.211864
5145,0.623285,0.585117,nan,0.147465,nan,1.681209
5146,0.587188,0.502059,-0.044816,0.147444,17.701506,1.573106
5147,0.416275,0.374092,nan,0.147444,nan,1.226177
5148,0.450552,0.461022,0.305250,0.147424,17.003077,1.333734
5149,0.702112,0.657255,nan,0.147424,nan,1.846551
5150,0.604445,0.631472,-0.120506,0.147403,14.722588,1.663436
5151,0.582708,0.543207,nan,0.147403,nan,1.599158
5152,0.800317,0.549875,1.352438,0.147382,17.258953,2.034601
5153,1.172785,0.284649,nan,0.147382,nan,2.842552
5154,1.128027,0.414136,2.148515,0.147362,15.903056,2.728912
5155,0.512487,0.416404,nan,0.147362,nan,1.446319
5156,0.692285,0.430601,0.474221,0.147341,17.080416,1.839798
5157,0.535098,0.701510,nan,0.147341,nan,1.473419
5158,0.615691,0.776338,1.174457,0.147320,18.113876,1.671703
5159,0.521068,0.735025,nan,0.147320,nan,1.460576
5160,0.513259,0.586548,0.913659,0.147299,14.215361,1.423442
5161,0.543612,0.437473,nan,0.147299,nan,1.515316
5162,0.378579,0.380412,-0.673684,0.147278,14.497887,1.155948
5163,0.267192,0.992400,nan,0.147278,nan,0.890357
5164,0.654303,1.173736,-0.234613,0.147258,14.336710,1.730882
5165,0.687620,0.732882,nan,0.147258,nan,1.821311
5166,0.521789,0.460613,2.474086,0.147238,12.728558,1.453529
5167,0.802280,0.495144,nan,0.147238,nan,2.055762
5168,0.377503,0.989553,2.013724,0.147217,16.126160,1.134186
5169,0.605393,0.525261,nan,0.147217,nan,1.635116
5170,0.425522,0.399970,1.223662,0.147197,15.345390,1.230484
5171,0.527213,0.502433,nan,0.147197,nan,1.487242
5172,0.381987,0.323884,1.186510,0.147177,16.396317,1.165059
5173,0.362913,0.439001,nan,0.147177,nan,1.113605
5174,0.535967,0.499183,0.694309,0.147156,16.130711,1.503808
5175,0.449236,0.431967,nan,0.147156,nan,1.271765
5176,0.544235,0.435314,1.270174,0.147136,15.281460,1.517946
5177,0.962966,0.543485,nan,0.147136,nan,2.401724
5178,0.780123,0.554952,-0.199641,0.147116,15.055979,2.004259
5179,0.598625,0.355466,nan,0.147116,nan,1.653962
5180,0.657965,0.504104,-0.390715,0.147096,15.509767,1.790125
5181,0.610817,0.634098,nan,0.147096,nan,1.658407
5182,0.359446,0.343689,1.193777,0.147076,16.145712,1.083102
5183,0.775033,0.855864,nan,0.147076,nan,2.030532
5184,0.611073,1.129785,2.180199,0.147055,13.868424,1.665817
5185,1.109553,0.533586,nan,0.147055,nan,2.703880
5186,0.893061,0.725749,-0.597945,0.147035,16.279709,2.253185
5187,0.590631,0.617369,nan,0.147035,nan,1.573242
5188,0.365117,0.443122,0.409503,0.147015,15.831882,1.140031
5189,0.527205,0.517495,nan,0.147015,nan,1.457139
5190,0.492359,0.420100,-0.038354,0.146995,17.886436,1.393272
5191,0.531556,0.526823,nan,0.146995,nan,1.516329
5192,0.382068,0.336875,0.663569,0.146974,14.496162,1.168286
5193,0.456791,0.414525,nan,0.146974,nan,1.298373
5194,0.444207,0.364271,1.003943,0.146954,17.276726,1.299234
5195,0.332472,0.431635,nan,0.146954,nan,1.030819
5196,0.600452,0.542232,1.963750,0.146934,16.012548,1.639028
5197,0.556189,0.356000,nan,0.146934,nan,1.545616
5198,0.680955,0.539528,0.192968,0.146913,17.533684,1.794425
5199,0.550473,0.314983,nan,0.146913,nan,1.535811
5200,0.493271,0.782511,0.347242,0.146893,14.760693,1.391549
5201,0.432690,0.733922,nan,0.146893,nan,1.293163
5202,0.501121,0.911583,-4.490190,0.146872,13.794600,1.415962
5203,0.385559,0.376715,nan,0.146872,nan,1.148848
5204,0.337083,0.357352,-5.673159,0.146852,14.539799,1.031923
5205,0.411949,0.367092,nan,0.146852,nan,1.199261
5206,0.302263,0.399758,-5.422520,0.146832,15.663227,0.955803
5207,0.301942,0.423544,nan,0.146832,nan,0.970701
5208,0.246797,0.331351,-5.637500,0.146812,16.803165,0.840106
5209,0.321033,0.330198,nan,0.146812,nan,1.039416
5210,0.264508,0.226217,-6.165496,0.146792,16.709887,0.913805
5211,0.349093,0.304068,nan,0.146792,nan,1.110083
5212,0.410967,0.496848,-4.836195,0.146772,14.977038,1.248155
5213,0.393315,0.361859,nan,0.146772,nan,1.235590
5214,0.360851,0.355093,-4.978977,0.146751,17.831421,1.166813
5215,0.450823,0.286743,nan,0.146751,nan,1.365731
5216,0.304765,0.315750,-6.616962,0.146731,15.865552,1.023831
5217,0.459098,0.341480,nan,0.146731,nan,1.382600
5218,0.303122,0.283415,-5.291646,0.146711,15.640692,1.032923
5219,0.336491,0.244157,nan,0.146711,nan,1.111151
5220,0.283578,0.331315,-5.826910,0.146690,15.459749,0.995079
5221,0.275236,0.316307,nan,0.146690,nan,0.975668
5222,0.333355,0.336906,-6.543568,0.146670,17.804800,1.087053
5223,0.476555,0.286047,nan,0.146670,nan,1.373906
5224,0.357702,0.389150,-5.739929,0.146650,15.020073,1.125021
5225,0.342026,0.345334,nan,0.146650,nan,1.094757
5226,0.189142,0.201576,-5.222119,0.146630,14.121614,0.723950
5227,0.364944,0.333140,nan,0.146630,nan,1.165843
5228,0.265522,0.298770,-6.754927,0.146609,17.101990,0.918094
5229,0.346802,0.292694,nan,0.146609,nan,1.112267
5230,0.338119,0.283709,-5.113242,0.146589,15.195534,1.104136
5231,0.404973,0.317496,nan,0.146589,nan,1.239731
5232,0.273043,0.244881,-5.083390,0.146569,15.800945,0.960087
5233,0.718716,0.833880,nan,0.146569,nan,1.935711
5234,0.626275,0.583425,-6.883179,0.146549,15.575752,1.724663
5235,0.452232,0.601492,nan,0.146549,nan,1.336994
5236,0.572967,0.903370,-5.696386,0.146529,14.758641,1.599209
5237,0.277146,0.671245,nan,0.146529,nan,0.960320
5238,0.444972,0.323087,-5.896179,0.146509,15.823721,1.308249
5239,0.439102,0.500995,nan,0.146509,nan,1.286832
5240,0.376200,0.325978,-5.846101,0.146489,16.211418,1.203299
5241,0.341501,0.279785,nan,0.146489,nan,1.111473
5242,0.347731,0.374940,-6.899839,0.146469,16.383760,1.133893
5243,0.188440,0.244913,nan,0.146469,nan,0.745126
5244,0.286166,0.281798,-7.210258,0.146449,15.606741,0.990144
5245,0.440248,0.330816,nan,0.146449,nan,1.321768
5246,0.207170,0.217028,-6.248620,0.146429,15.056397,0.806848
5247,0.456371,0.278671,nan,0.146429,nan,1.353299
5248,0.354503,0.355670,-5.188432,0.146409,15.151726,1.138944
5249,0.381079,0.736443,nan,0.146409,nan,1.178138
5250,0.385145,0.688574,-6.923063,0.146389,15.660521,1.208354
5251,0.495715,0.389627,nan,0.146389,nan,1.455443
5252,0.408310,0.348651,-6.997079,0.146369,14.345405,1.254985
5253,0.362922,0.394690,nan,0.146369,nan,1.148724
5254,0.588075,0.300276,-6.787900,0.146349,16.403797,1.623765
5255,0.343561,0.245851,nan,0.146349,nan,1.128973
5256,0.381466,0.265161,-6.019310,0.146329,16.897343,1.216869
5257,0.432461,0.251605,nan,0.146329,nan,1.292258
5258,0.252246,0.255600,-6.641842,0.146309,16.937771,0.897039
5259,0.194476,0.208069,nan,0.146309,nan,0.762408
5260,0.169527,0.398323,-7.460424,0.146289,17.333445,0.732612
5261,0.221997,0.280991,nan,0.146289,nan,0.823012
5262,0.319027,0.277555,-6.607122,0.146269,16.350496,1.022173
5263,0.261963,0.284625,nan,0.146269,nan,0.908614
5264,0.365234,0.265692,-6.115972,0.146249,14.990057,1.153083
5265,0.457279,0.388303,nan,0.146249,nan,1.339895
5266,0.288118,0.294111,-7.190963,0.146229,15.905207,0.991934
5267,0.271663,0.255250,nan,0.146229,nan,0.967563
5268,0.211640,0.296528,-7.556377,0.146209,16.511477,0.804777
5269,0.361889,0.470817,nan,0.146209,nan,1.136134
5270,0.283786,0.293093,-7.437481,0.146189,15.394634,0.964871
5271,0.293621,0.287410,nan,0.146189,nan,1.027787
5272,0.280764,0.344101,-7.779250,0.146169,16.767691,0.973971
5273,0.296708,0.294747,nan,0.146169,nan,0.996455
5274,0.258501,0.224766,-6.985290,0.146149,16.185932,0.937038
5275,0.212720,0.267399,nan,0.146149,nan,0.801167
5276,0.419229,0.220381,-6.592616,0.146128,17.979294,1.302034
5277,0.356915,0.268597,nan,0.146128,nan,1.133967
5278,0.324024,0.322262,-6.898879,0.146108,16.707575,1.067931
5279,0.427365,0.358487,nan,0.146108,nan,1.301041
5280,0.277797,0.289172,-7.165221,0.146088,15.677898,0.936332
5281,0.390650,0.336869,nan,0.146088,nan,1.204576
5282,0.371811,0.232474,-8.001608,0.146067,16.885153,1.150976
5283,0.282125,0.305886,nan,0.146067,nan,0.991138
5284,0.245581,0.242491,-8.624207,0.146047,16.149906,0.915998
5285,0.326620,0.391190,nan,0.146047,nan,1.077374
5286,0.241699,0.234873,-7.474640,0.146027,16.128956,0.896479
5287,0.440105,0.365803,nan,0.146027,nan,1.312046
5288,0.486209,0.384907,-7.442682,0.146007,15.618890,1.419455
5289,0.169869,0.202294,nan,0.146007,nan,0.732848
5290,0.225581,0.237594,-8.531326,0.145987,16.826420,0.839056
5291,0.313838,0.219493,nan,0.145987,nan,1.067669
5292,0.275977,0.255934,-6.688391,0.145967,14.429946,0.952181
5293,0.369229,0.229587,nan,0.145967,nan,1.170659
5294,0.214358,0.177766,-7.300458,0.145947,15.237989,0.817198
5295,0.471959,0.301643,nan,0.145947,nan,1.383748
5296,0.375203,0.236405,-7.988038,0.145927,14.176699,1.176039
5297,0.407528,0.379708,nan,0.145927,nan,1.275288
5298,0.225051,0.207785,-8.237045,0.145907,17.518627,0.862846
5299,0.334729,0.312531,nan,0.145907,nan,1.082363
5300,0.333723,0.242705,-7.991994,0.145887,14.352549,1.083947
5301,0.204912,0.416174,nan,0.145887,nan,0.811448
5302,0.258009,0.256997,-7.268260,0.145868,15.999078,0.879495
5303,0.373100,0.551642,nan,0.145868,nan,1.180931
5304,0.251013,0.420135,-7.795560,0.145848,16.515625,0.879005
5305,0.276908,0.313001,nan,0.145848,nan,0.942138
5306,0.182562,0.201996,-8.234978,0.145828,17.430408,0.767957
5307,0.239177,0.307711,nan,0.145828,nan,0.887070
5308,0.247229,0.246421,-8.490785,0.145808,15.587996,0.908290
5309,0.315616,0.276965,nan,0.145808,nan,1.027462
5310,0.353849,0.367591,-8.705792,0.145788,17.098299,1.183970
5311,0.216432,0.375832,nan,0.145788,nan,0.810484
5312,0.247568,0.246722,-7.981237,0.145768,15.070663,0.880240
5313,0.214095,0.402272,nan,0.145768,nan,0.823291
5314,0.355686,0.313522,-8.397374,0.145748,15.905119,1.123544
5315,0.274635,0.316503,nan,0.145748,nan,0.955861
5316,0.265427,0.327138,-8.100557,0.145729,15.688753,0.940189
5317,0.203885,0.352370,nan,0.145729,nan,0.753868
5318,0.171249,0.241210,-8.784742,0.145709,15.474895,0.687572
5319,0.280339,0.362438,nan,0.145709,nan,0.981850
5320,0.216739,0.214946,-7.808446,0.145689,17.295654,0.807121
5321,0.687274,0.405729,nan,0.145689,nan,1.831794
5322,0.431123,0.554130,-7.479359,0.145669,16.847759,1.321797
5323,0.334143,0.405939,nan,0.145669,nan,1.077111
5324,0.283709,0.268176,-8.164598,0.145649,17.079800,0.960082
5325,0.530896,0.398129,nan,0.145649,nan,1.515654
5326,0.293485,0.438894,-9.192484,0.145629,16.265875,0.973308
5327,0.396329,0.335783,nan,0.145629,nan,1.203818
5328,0.325888,0.299041,-8.241028,0.145609,16.508202,1.043000
5329,0.313020,0.231567,nan,0.145609,nan,1.041615
5330,0.255330,0.265206,-8.627626,0.145589,16.757736,0.915658
5331,0.180820,0.191874,nan,0.145589,nan,0.732295
5332,0.173766,0.202031,-8.444105,0.145569,18.056564,0.690546
5333,0.219179,0.272512,nan,0.145569,nan,0.823846
5334,0.321845,0.267361,-8.658701,0.145549,16.641392,1.077064
5335,0.303879,0.359696,nan,0.145549,nan,1.020483
5336,0.232574,0.203022,-8.753038,0.145529,14.781738,0.854155
5337,0.328506,0.333986,nan,0.145529,nan,1.066743
5338,0.310636,0.314309,-9.111094,0.145509,16.762510,1.040381
5339,0.258830,0.251707,nan,0.145509,nan,0.921660
5340,0.462934,0.235673,-8.085876,0.145489,17.355267,1.372726
5341,0.324237,0.508466,nan,0.145489,nan,1.069571
5342,0.193421,0.370070,-8.892463,0.145468,16.925344,0.735835
5343,0.373043,0.465886,nan,0.145468,nan,1.154788
5344,0.407623,0.366797,-9.089261,0.145448,16.438969,1.244866
5345,0.362483,0.240075,nan,0.145448,nan,1.133728
5346,0.393613,0.319192,-9.540356,0.145428,17.355057,1.235700
5347,0.249395,0.321010,nan,0.145428,nan,0.868766
5348,0.454201,0.377005,-9.078732,0.145408,15.980099,1.361381
5349,0.469845,0.315805,nan,0.145408,nan,1.373827
5350,0.352400,0.402299,-8.423298,0.145388,14.632213,1.116802
5351,0.317788,0.342297,nan,0.145388,nan,1.029762
5352,0.432653,0.277946,-8.895102,0.145368,17.172573,1.309246
5353,0.255490,0.284870,nan,0.145368,nan,0.899973
5354,0.346771,0.313362,-9.523684,0.145348,17.307962,1.100197
5355,0.272579,0.304966,nan,0.145348,nan,0.938757
5356,0.305357,0.339931,-8.455727,0.145328,13.974356,1.047790
5357,0.270544,0.381565,nan,0.145328,nan,0.887309
5358,0.443220,0.405169,-7.988437,0.145308,16.307884,1.313944
5359,0.388212,0.227278,nan,0.145308,nan,1.220021
5360,0.276294,0.273392,-10.031078,0.145289,17.074188,0.953233
5361,0.470102,0.469776,nan,0.145289,nan,1.364548
5362,0.224746,0.323779,-9.094714,0.145269,16.279331,0.829045
5363,0.489390,0.561755,nan,0.145269,nan,1.389308
5364,0.350472,0.373276,-9.244462,0.145249,15.683544,1.106972
5365,0.309390,0.465478,nan,0.145249,nan,1.031212
5366,0.478273,0.556218,-9.135130,0.145229,15.697891,1.398296
5367,0.268427,0.329185,nan,0.145229,nan,0.936718
5368,0.263321,0.313534,-9.173853,0.145210,14.534166,0.915194
5369,0.314424,0.381484,nan,0.145210,nan,1.037061
5370,0.369902,0.319347,-9.738332,0.145190,14.440466,1.155367
5371,0.446769,0.476015,nan,0.145190,nan,1.276476
5372,0.433863,0.416795,-9.185211,0.145171,17.455883,1.296848
5373,0.325965,0.283472,nan,0.145171,nan,1.037995
5374,0.398163,0.393114,-9.829433,0.145151,16.292015,1.206610
5375,0.537304,0.331460,nan,0.145151,nan,1.496370
5376,0.596719,0.375234,-10.133442,0.145132,18.215218,1.640334
5377,0.425658,0.527839,nan,0.145132,nan,1.270330
5378,0.370684,0.393385,-8.588285,0.145112,15.852571,1.165152
5379,0.225679,0.368447,nan,0.145112,nan,0.830975
5380,0.456748,0.322035,-8.472219,0.145092,16.521204,1.348551
5381,0.564177,0.418349,nan,0.145092,nan,1.578197
5382,0.261617,0.269533,-8.919410,0.145072,19.632221,0.902891
5383,0.563844,0.630020,nan,0.145072,nan,1.593168
5384,0.548697,0.562837,-9.901281,0.145052,16.997749,1.532605
5385,0.246226,0.718293,nan,0.145052,nan,0.899888
5386,0.549029,0.612296,-9.362797,0.145032,17.111597,1.547547
5387,0.276641,0.349350,nan,0.145032,nan,0.954674
5388,0.503905,0.487613,-8.956774,0.145012,17.735752,1.458091
5389,0.512441,0.489054,nan,0.145012,nan,1.460261
5390,0.419285,0.343967,-10.071499,0.144992,20.325886,1.253846
5391,0.683730,0.417821,nan,0.144992,nan,1.847320
5392,0.397986,0.524777,-9.588799,0.144971,17.207359,1.214725
5393,0.254016,0.241922,nan,0.144971,nan,0.899986
5394,0.263939,0.459165,-9.005276,0.144951,16.256603,0.907109
5395,0.368821,0.440454,nan,0.144951,nan,1.148093
5396,0.221529,0.260691,-9.669542,0.144931,16.516907,0.830461
5397,0.342671,0.280852,nan,0.144931,nan,1.105896
5398,0.304228,0.244908,-10.144720,0.144911,15.721024,1.025831
5399,0.505183,0.380881,nan,0.144911,nan,1.441241
5400,0.335379,0.318154,-9.449259,0.144891,14.984272,1.084451
5401,0.198176,0.209775,nan,0.144891,nan,0.761906
5402,0.379241,0.411807,-9.946728,0.144871,18.342945,1.165507
5403,0.280340,0.287239,nan,0.144871,nan,0.963154
5404,0.422568,0.414330,-9.810385,0.144851,15.577828,1.249268
5405,0.220320,0.240625,nan,0.144851,nan,0.808413
5406,0.312817,0.373703,-10.357538,0.144830,18.219673,1.035232
5407,0.342561,0.390070,nan,0.144830,nan,1.082045
5408,0.312443,0.311532,-9.289518,0.144811,14.508795,1.043128
5409,0.310553,0.351534,nan,0.144811,nan,1.040246
5410,0.337944,0.326308,-10.546942,0.144791,17.329369,1.087499
5411,0.400781,0.525655,nan,0.144791,nan,1.213352
5412,0.225500,0.222306,-10.205753,0.144771,16.778254,0.809551
5413,0.286596,0.298836,nan,0.144771,nan,0.981313
5414,0.423843,0.314865,-9.547091,0.144751,16.559952,1.286201
5415,0.300124,0.294659,nan,0.144751,nan,1.013247
5416,0.232486,0.294422,-10.001293,0.144731,17.294500,0.829004
5417,0.321313,0.397306,nan,0.144731,nan,1.059325
5418,0.259900,0.303308,-10.640294,0.144711,17.511856,0.914156
5419,0.396166,0.356516,nan,0.144711,nan,1.210054
5420,0.186398,0.193373,-9.649980,0.144691,17.372654,0.746152
5421,0.497705,0.295496,nan,0.144691,nan,1.436360
5422,0.222044,0.218571,-9.932997,0.144671,16.658533,0.843589
5423,0.445604,0.424361,nan,0.144671,nan,1.322805
5424,0.306252,0.352114,-10.218861,0.144651,15.604149,1.021225
5425,0.281846,0.336532,nan,0.144651,nan,0.963415
5426,0.335273,0.326188,-9.598029,0.144631,16.609159,1.070549
5427,0.292477,0.272665,nan,0.144631,nan,0.965466
5428,0.367643,0.323046,-9.887493,0.144611,17.839962,1.142143
5429,0.153863,0.228737,nan,0.144611,nan,0.654225
5430,0.266103,0.317717,-10.448437,0.144591,18.712477,0.930205
5431,0.270744,0.272507,nan,0.144591,nan,0.896862
5432,0.391232,0.288499,-10.896102,0.144571,18.578415,1.181111
5433,0.501749,0.468925,nan,0.144571,nan,1.440163
5434,0.417311,0.513262,-9.856061,0.144551,18.655415,1.266281
5435,0.395047,0.436661,nan,0.144551,nan,1.224226
5436,0.318358,0.371120,-9.955778,0.144531,16.949924,1.044974
5437,0.432179,0.387347,nan,0.144531,nan,1.305369
5438,0.272739,0.253325,-11.219865,0.144510,17.687809,0.909305
5439,0.565057,0.417687,nan,0.144510,nan,1.571501
5440,0.347665,0.276703,-11.361824,0.144490,18.657036,1.107160
5441,0.542731,0.462771,nan,0.144490,nan,1.514157
5442,0.550443,0.541223,-9.693262,0.144470,17.050102,1.556416
5443,0.262488,0.343349,nan,0.144470,nan,0.923319
5444,0.330106,0.235714,-11.247318,0.144449,18.716362,1.082116
5445,0.398979,0.515163,nan,0.144449,nan,1.228601
5446,0.642143,0.569662,-10.829998,0.144429,18.767323,1.726094
5447,0.745807,0.551489,nan,0.144429,nan,1.963708
5448,0.554928,0.356495,-11.299417,0.144408,16.545132,1.559846
5449,0.277217,0.534042,nan,0.144408,nan,0.950295
5450,0.328065,0.391919,-10.655680,0.144388,16.451012,1.051143
5451,0.289331,0.308980,nan,0.144388,nan,0.970349
5452,0.410734,0.354879,-9.726575,0.144368,14.098655,1.221977
5453,0.409178,0.426131,nan,0.144368,nan,1.235081
5454,0.456242,0.451948,-10.600998,0.144348,16.307785,1.334486
5455,0.428355,0.395104,nan,0.144348,nan,1.265435
5456,0.586516,0.476958,-9.627400,0.144328,14.979940,1.637753
5457,0.447622,0.290950,nan,0.144328,nan,1.310666
5458,0.270028,0.261802,-11.121187,0.144308,17.314850,0.925942
5459,0.355242,0.337338,nan,0.144308,nan,1.098217
5460,0.343889,0.470386,-11.716792,0.144288,19.174305,1.096094
5461,0.438667,0.340807,nan,0.144288,nan,1.275207
5462,0.378912,0.303848,-10.914382,0.144268,17.105951,1.165514
5463,0.305602,0.369937,nan,0.144268,nan,1.035018
5464,0.348436,0.343692,-11.447603,0.144249,17.009655,1.137353
5465,0.374643,0.482673,nan,0.144249,nan,1.174814
5466,0.385885,0.385904,-11.010021,0.144229,17.024700,1.149895
5467,0.245722,0.465296,nan,0.144229,nan,0.863932
5468,0.384630,0.641544,-11.252460,0.144209,18.030664,1.181580
5469,0.352590,0.445694,nan,0.144209,nan,1.088922
5470,0.425330,0.392972,-10.547649,0.144189,17.935017,1.269430
5471,0.629225,0.700219,nan,0.144189,nan,1.718602
5472,0.534083,0.460403,-10.658886,0.144169,16.333481,1.490341
5473,0.435611,0.641361,nan,0.144169,nan,1.309537
5474,0.320819,0.314921,-10.733268,0.144149,17.495506,1.065471
5475,0.436977,0.491438,nan,0.144149,nan,1.299321
5476,0.303567,0.479725,-11.502014,0.144129,16.136265,0.965821
5477,0.483150,0.317230,nan,0.144129,nan,1.406100
5478,0.439152,0.372486,-11.475368,0.144109,16.748100,1.251585
5479,0.376129,0.427508,nan,0.144109,nan,1.161208
5480,0.520289,0.483390,-9.464016,0.144089,16.398769,1.470860
5481,0.402424,1.026902,nan,0.144089,nan,1.233287
5482,0.442775,1.121397,-9.541417,0.144070,16.907291,1.306779
5483,0.852508,0.448453,nan,0.144070,nan,2.196430
5484,0.513459,0.400596,-10.884244,0.144050,18.105850,1.490942
5485,0.348454,0.401125,nan,0.144050,nan,1.092469
5486,0.319538,0.311578,-12.501531,0.144030,18.860352,1.026146
5487,0.575335,0.571652,nan,0.144030,nan,1.615044
5488,0.485226,0.388733,-11.328457,0.144010,17.872898,1.399921
5489,0.633043,0.415058,nan,0.144010,nan,1.734476
5490,0.368255,0.378783,-10.777455,0.143990,18.137976,1.127923
5491,0.554246,0.527010,nan,0.143990,nan,1.541740
5492,0.529347,0.318529,-10.850014,0.143970,16.177925,1.519893
5493,0.350898,0.465899,nan,0.143970,nan,1.108635
5494,0.384023,0.351145,-11.037040,0.143950,16.958897,1.173029
5495,0.394570,0.404368,nan,0.143950,nan,1.176919
5496,0.291102,0.406183,-11.108198,0.143930,18.241631,0.960524
5497,0.288827,0.310368,nan,0.143930,nan,0.974121
5498,0.448401,0.694185,-11.582458,0.143910,16.527246,1.313786
5499,0.394750,0.700920,nan,0.143910,nan,1.227136
5500,0.441097,0.352557,-9.509481,0.143891,17.368050,1.288400
5501,0.387936,0.932367,nan,0.143891,nan,1.161726
5502,0.352850,0.737729,-11.072932,0.143871,18.062239,1.097290
5503,0.571385,0.350530,nan,0.143871,nan,1.600151
5504,0.616275,0.589418,-10.743663,0.143851,16.952810,1.692299
5505,0.438044,0.525484,nan,0.143851,nan,1.291101
5506,0.385470,0.486771,-10.677323,0.143831,16.506952,1.160000
5507,0.395605,0.466456,nan,0.143831,nan,1.246952
5508,0.461883,0.475892,-11.201187,0.143811,17.286079,1.338912
5509,0.471409,0.464810,nan,0.143811,nan,1.375884
5510,0.254544,0.256837,-11.305002,0.143792,17.082590,0.892987
5511,0.305543,0.551136,nan,0.143792,nan,1.019830
5512,0.424527,0.408427,-12.014170,0.143772,16.818674,1.286087
5513,0.527299,0.692967,nan,0.143772,nan,1.495353
5514,0.308259,0.559540,-12.193649,0.143752,16.765099,1.023211
5515,0.359729,0.329663,nan,0.143752,nan,1.138296
5516,0.450252,0.415414,-10.396845,0.143732,19.558729,1.323953
5517,0.604562,0.500741,nan,0.143732,nan,1.655709
5518,0.826665,0.373697,-10.597219,0.143713,17.866142,2.133019
5519,0.574128,0.347599,nan,0.143713,nan,1.623913
5520,0.309260,0.307178,-11.652493,0.143693,17.884995,1.013816
5521,0.547280,0.310561,nan,0.143693,nan,1.548969
5522,0.630278,0.506775,-12.631088,0.143673,16.645000,1.695414
5523,0.553911,0.617347,nan,0.143673,nan,1.566303
5524,0.457174,0.518746,-11.189264,0.143653,15.972866,1.334405
5525,0.329200,0.305340,nan,0.143653,nan,1.028236
5526,0.516924,0.526850,-10.020071,0.143633,17.822353,1.484437
5527,0.677271,0.465510,nan,0.143633,nan,1.825711
5528,0.535803,0.473952,-10.326677,0.143614,15.807224,1.532858
5529,0.491945,0.531665,nan,0.143614,nan,1.410049
5530,0.497939,0.501504,-11.638811,0.143595,14.534472,1.416069
5531,0.620745,0.700870,nan,0.143595,nan,1.649400
5532,0.312516,0.325642,-12.439646,0.143575,17.724138,1.010161
5533,0.578223,0.536871,nan,0.143575,nan,1.592674
5534,0.484012,0.501055,-11.462405,0.143556,17.026201,1.396701
5535,0.353866,0.412527,nan,0.143556,nan,1.100402
5536,0.520645,0.554672,-11.718151,0.143536,20.917938,1.497191
5537,0.490775,0.522152,nan,0.143536,nan,1.424070
5538,0.386856,0.371949,-11.865863,0.143516,18.367565,1.213542
5539,0.433004,0.436730,nan,0.143516,nan,1.296685
5540,0.371884,0.408066,-12.103674,0.143496,19.775715,1.149106
5541,0.391826,0.442419,nan,0.143496,nan,1.226424
5542,0.419814,0.445720,-11.466600,0.143476,14.995871,1.263530
5543,0.328452,0.378664,nan,0.143476,nan,1.053013
5544,0.334470,0.437603,-10.682188,0.143457,17.364407,1.086382
5545,0.286377,0.367058,nan,0.143457,nan,0.952032
5546,0.440383,0.487812,-11.827836,0.143437,19.354849,1.307273
5547,0.325790,0.471790,nan,0.143437,nan,1.067826
5548,0.283004,0.356053,-11.054873,0.143417,18.875271,0.984872
5549,0.396062,0.433605,nan,0.143417,nan,1.210378
5550,0.546717,0.552107,-12.049526,0.143397,17.152241,1.543982
5551,0.443751,0.539070,nan,0.143397,nan,1.318418
5552,0.669490,0.479667,-11.605856,0.143377,18.913921,1.784694
5553,0.437235,0.390100,nan,0.143377,nan,1.284932
5554,0.471550,0.477720,-10.832067,0.143357,15.951359,1.370029
5555,0.425255,0.341746,nan,0.143357,nan,1.293422
5556,0.489442,0.521049,-10.528047,0.143338,13.938072,1.411388
5557,0.386030,0.419704,nan,0.143338,nan,1.159092
5558,0.614911,0.707980,-12.170124,0.143318,19.410175,1.678399
5559,0.539850,0.448199,nan,0.143318,nan,1.501232
5560,0.431311,0.428420,-11.540928,0.143298,17.650734,1.288364
5561,0.466505,0.567545,nan,0.143298,nan,1.354031
5562,0.571715,0.606447,-9.993471,0.143279,14.957407,1.618936
5563,0.605971,0.443572,nan,0.143279,nan,1.687269
5564,0.371194,0.219459,-12.376846,0.143259,18.923977,1.180672
5565,0.466338,0.435108,nan,0.143259,nan,1.334731
5566,0.694093,0.747944,-12.749634,0.143240,16.081635,1.833033
5567,0.271654,0.357726,nan,0.143240,nan,0.931023
5568,0.419428,0.406243,-11.787176,0.143220,18.458427,1.228620
5569,0.451541,0.661139,nan,0.143220,nan,1.320726
5570,0.544505,0.528790,-12.529001,0.143201,16.989462,1.508624
5571,0.487477,0.478638,nan,0.143201,nan,1.414126
5572,0.569713,0.414397,-10.911501,0.143182,16.269001,1.560201
5573,0.481028,0.516567,nan,0.143182,nan,1.403158
5574,0.421612,0.457553,-11.727598,0.143162,18.158642,1.284204
5575,0.431531,0.460139,nan,0.143162,nan,1.278552
5576,0.350191,0.492049,-12.280147,0.143142,19.668468,1.107561
5577,0.446266,0.440192,nan,0.143142,nan,1.306553
5578,0.517448,0.775812,-11.528394,0.143123,16.078981,1.482031
5579,0.439976,0.586094,nan,0.143123,nan,1.311868
5580,0.566932,0.514744,-10.140541,0.143103,17.647257,1.599227
5581,0.548007,0.772539,nan,0.143103,nan,1.528477
5582,0.617083,0.600868,-10.200188,0.143084,18.151505,1.693379
5583,0.660640,0.589750,nan,0.143084,nan,1.790043
5584,0.493776,0.511948,-11.828171,0.143064,15.735236,1.391697
5585,0.406818,0.498883,nan,0.143064,nan,1.203455
5586,0.630686,0.574312,-12.513896,0.143045,16.938166,1.712481
5587,0.500470,0.657873,nan,0.143045,nan,1.432679
5588,0.394021,0.394680,-11.396425,0.143026,18.253359,1.205142
5589,0.325930,0.617964,nan,0.143026,nan,1.056990
5590,0.417128,0.536475,-10.893036,0.143006,16.184925,1.252151
5591,0.490105,0.340628,nan,0.143006,nan,1.429461
5592,0.439972,0.435866,-12.549477,0.142987,19.029648,1.319973
5593,0.409806,0.340861,nan,0.142987,nan,1.231238
5594,0.587240,0.419132,-13.391479,0.142967,18.590029,1.593110
5595,0.405650,0.400148,nan,0.142967,nan,1.249530
5596,0.487176,0.440543,-11.372040,0.142948,16.536283,1.402215
5597,0.421916,0.378203,nan,0.142948,nan,1.270050
5598,0.381854,0.348447,-12.865876,0.142928,18.463501,1.179817
5599,0.353015,0.394233,nan,0.142928,nan,1.144529
5600,0.401335,0.393017,-12.307370,0.142909,17.186405,1.231221
5601,0.390472,0.403504,nan,0.142909,nan,1.205522
5602,0.517978,0.466517,-12.410562,0.142889,18.415926,1.481467
5603,0.606329,0.711696,nan,0.142889,nan,1.647470
5604,0.363044,0.365983,-11.792252,0.142870,16.738661,1.112464
5605,0.423943,0.390297,nan,0.142870,nan,1.283365
5606,0.386988,0.415795,-11.583562,0.142851,18.095304,1.202742
5607,0.644171,0.479723,nan,0.142851,nan,1.763382
5608,0.504888,0.442882,-12.913740,0.142831,18.353596,1.430173
5609,0.436688,0.448014,nan,0.142831,nan,1.256794
5610,0.476324,0.416705,-12.270862,0.142812,14.992126,1.378070
5611,0.573992,0.470957,nan,0.142812,nan,1.609688
5612,0.456019,0.392846,-12.108922,0.142793,15.537550,1.332194
5613,0.282067,0.265467,nan,0.142793,nan,0.929746
5614,0.393572,0.385752,-12.773760,0.142773,18.582193,1.208739
5615,0.369771,0.456228,nan,0.142773,nan,1.133534
5616,0.499218,0.500177,-11.732487,0.142754,18.340445,1.421328
5617,0.358449,0.390930,nan,0.142754,nan,1.135227
5618,0.651391,0.504419,-11.803646,0.142735,14.917570,1.767892
5619,0.569982,0.486999,nan,0.142735,nan,1.588069
5620,0.461313,0.442291,-13.283567,0.142716,19.603224,1.333919
5621,0.411127,0.469604,nan,0.142716,nan,1.232776
5622,0.426919,0.499368,-12.881647,0.142696,17.056675,1.258831
5623,0.512892,0.483097,nan,0.142696,nan,1.434036
5624,0.414313,0.334935,-12.251715,0.142677,17.228374,1.257715
5625,0.560579,0.468309,nan,0.142677,nan,1.555130
5626,0.516224,0.468954,-10.912403,0.142658,17.763828,1.463127
5627,0.398573,0.604529,nan,0.142658,nan,1.217526
5628,0.406809,0.456942,-12.259563,0.142639,16.436226,1.244818
5629,0.757429,0.743457,nan,0.142639,nan,1.979965
5630,0.472129,0.562305,-12.978800,0.142620,16.289625,1.386734
5631,0.611417,0.412894,nan,0.142620,nan,1.680566
5632,0.389936,0.264962,-12.311628,0.142601,17.726421,1.187909
5633,0.592908,0.480493,nan,0.142601,nan,1.644909
5634,0.478214,0.319874,-11.484713,0.142582,18.382629,1.397593
5635,0.548386,0.746250,nan,0.142582,nan,1.525909
5636,0.319142,0.495487,-13.562599,0.142562,16.958839,1.048374
5637,0.613889,0.652407,nan,0.142562,nan,1.650332
5638,0.745800,0.744495,-13.067765,0.142543,19.350838,1.926917
5639,0.417410,0.429065,nan,0.142543,nan,1.267569
5640,0.436639,0.393913,-12.471011,0.142524,17.758385,1.259704
5641,0.465372,0.533407,nan,0.142524,nan,1.372485
5642,0.547105,0.554350,-12.747307,0.142505,16.084055,1.479980
5643,0.388429,0.389756,nan,0.142505,nan,1.200798
5644,0.388704,0.479948,-12.687506,0.142485,18.954361,1.204285
5645,0.364328,0.369742,nan,0.142485,nan,1.152719
5646,0.506920,0.483443,-12.740515,0.142466,16.745087,1.410073
5647,0.378219,0.393361,nan,0.142466,nan,1.184140
5648,0.439576,0.467963,-11.779579,0.142447,19.226326,1.308806
5649,0.397973,0.384140,nan,0.142447,nan,1.215215
5650,0.365853,0.366671,-13.353374,0.142428,18.072140,1.122063
5651,0.507045,0.470912,nan,0.142428,nan,1.454763
5652,0.712336,0.534917,-14.200012,0.142408,16.748837,1.858032
5653,0.575815,0.554478,nan,0.142408,nan,1.545035
5654,0.671437,0.731339,-13.297909,0.142389,18.122211,1.784213
5655,0.688399,0.692580,nan,0.142389,nan,1.798638
5656,0.780777,0.859304,-11.980688,0.142370,17.774361,2.019179
5657,0.915789,0.601107,nan,0.142370,nan,2.301265
5658,0.863308,0.680385,-12.798764,0.142350,18.368595,2.193528
5659,0.654537,0.660150,nan,0.142350,nan,1.730731
5660,0.593882,0.585224,-14.100928,0.142331,18.439735,1.635537
5661,0.632680,0.612497,nan,0.142331,nan,1.695117
5662,0.543142,0.431092,-12.609234,0.142312,17.474327,1.516309
5663,0.456897,0.497462,nan,0.142312,nan,1.305312
5664,0.644094,0.555037,-12.741133,0.142292,18.584780,1.700973
5665,0.504035,0.487366,nan,0.142292,nan,1.420521
5666,0.492585,0.481552,-13.613372,0.142273,18.813049,1.401503
5667,0.426534,0.413389,nan,0.142273,nan,1.251685
5668,0.433489,0.358429,-13.255138,0.142253,17.779327,1.278116
5669,0.603529,0.589907,nan,0.142253,nan,1.662750
5670,0.709540,0.657502,-13.182087,0.142234,18.444433,1.873748
5671,0.501290,0.524344,nan,0.142234,nan,1.453189
5672,0.477603,0.396688,-13.933592,0.142214,18.853146,1.370779
5673,0.869466,0.431194,nan,0.142214,nan,2.200452
5674,0.600167,0.547848,-13.862241,0.142195,18.496979,1.625228
5675,0.497892,0.497506,nan,0.142195,nan,1.440573
5676,0.701436,0.386493,-13.128479,0.142175,20.211550,1.859441
5677,0.555441,0.567192,nan,0.142175,nan,1.550514
5678,0.649596,0.418543,-12.649334,0.142156,16.503853,1.749714
5679,0.422147,0.564498,nan,0.142156,nan,1.239066
5680,0.473022,0.590245,-12.581984,0.142136,19.083061,1.330771
5681,0.874724,0.800111,nan,0.142136,nan,2.188048
5682,0.464077,0.460187,-12.049364,0.142116,18.538237,1.359808
5683,0.666230,0.556504,nan,0.142116,nan,1.776860
5684,0.574391,0.626774,-12.662812,0.142097,17.294384,1.555835
5685,0.467258,0.425171,nan,0.142097,nan,1.340682
5686,0.582896,0.876250,-12.747168,0.142077,16.630337,1.601905
5687,0.495735,0.895722,nan,0.142077,nan,1.408288
5688,0.525558,0.578941,-12.092337,0.142058,18.016663,1.467600
5689,0.595430,0.582156,nan,0.142058,nan,1.635158
5690,0.712971,0.929745,-11.693916,0.142039,16.223286,1.839753
5691,0.950256,0.391025,nan,0.142039,nan,2.379770
5692,0.823827,0.340795,-13.034512,0.142020,16.909237,2.118576
5693,0.439935,0.442538,nan,0.142020,nan,1.284569
5694,0.356563,0.531771,-14.059740,0.142001,15.537371,1.101474
5695,0.975062,0.821488,nan,0.142001,nan,2.392931
5696,0.655168,0.514361,-13.046966,0.141982,16.734509,1.749667
5697,0.466999,0.392025,nan,0.141982,nan,1.353335
5698,0.646549,0.653350,-12.863319,0.141963,18.852871,1.731172
5699,0.484012,0.512407,nan,0.141963,nan,1.391405
5700,0.691819,0.665372,-14.552047,0.141944,18.806330,1.816878
5701,0.555624,0.473522,nan,0.141944,nan,1.522846
5702,0.451832,0.334613,-14.301480,0.141925,17.293562,1.338280
5703,0.496537,0.543281,nan,0.141925,nan,1.411644
5704,0.373774,0.467871,-12.317254,0.141906,18.865566,1.174431
5705,0.695828,0.658386,nan,0.141906,nan,1.827998
5706,0.598192,0.559354,-13.355299,0.141886,20.297720,1.612091
5707,0.491748,0.489208,nan,0.141886,nan,1.377987
5708,0.573911,0.594509,-13.964760,0.141867,16.863605,1.580934
5709,0.649578,0.557434,nan,0.141867,nan,1.734208
5710,1.163930,0.830698,-13.901312,0.141848,18.199867,2.796701
5711,0.503078,0.466667,nan,0.141848,nan,1.422015
5712,0.637784,0.560327,-12.739020,0.141829,19.075089,1.716122
5713,0.723323,0.622666,nan,0.141829,nan,1.889651
5714,0.460171,0.650544,-12.881935,0.141809,17.683691,1.355069
5715,0.630802,0.619219,nan,0.141809,nan,1.706299
5716,1.082524,1.015935,-13.660067,0.141790,16.639805,2.635625
5717,0.889485,0.885519,nan,0.141790,nan,2.233443
5718,0.513065,0.538080,-13.209803,0.141771,15.775887,1.411751
5719,0.389170,0.386588,nan,0.141771,nan,1.228092
5720,0.541480,0.569359,-13.223143,0.141752,17.768761,1.502751
5721,0.724981,0.733342,nan,0.141752,nan,1.930743
5722,0.374702,0.462546,-13.032837,0.141733,16.629890,1.135465
5723,0.475547,0.560739,nan,0.141733,nan,1.376325
5724,0.520638,0.503091,-13.305255,0.141715,19.025581,1.473552
5725,0.542597,0.602862,nan,0.141715,nan,1.514631
5726,0.482527,0.549011,-12.606222,0.141696,17.700315,1.391914
5727,0.609699,0.584148,nan,0.141696,nan,1.627319
5728,0.457938,0.505370,-13.572157,0.141677,16.901266,1.334592
5729,0.516369,0.645702,nan,0.141677,nan,1.444074
5730,0.507200,0.513400,-13.835217,0.141658,20.620766,1.499735
5731,0.724361,0.774937,nan,0.141658,nan,1.866024
5732,0.669148,0.738004,-13.637578,0.141638,19.136234,1.802705
5733,0.724752,0.626425,nan,0.141638,nan,1.911677
5734,0.491374,0.392637,-13.086069,0.141619,17.627132,1.429374
5735,0.609294,0.484235,nan,0.141619,nan,1.651656
5736,0.447219,0.466668,-12.989255,0.141600,18.184082,1.299786
5737,1.088694,0.334568,nan,0.141600,nan,2.661871
5738,1.013981,1.011746,-13.312126,0.141581,17.971846,2.468195
5739,0.739133,0.628847,nan,0.141581,nan,1.943037
5740,0.803909,0.763768,-13.173632,0.141562,18.966776,2.063871
5741,0.697281,0.641406,nan,0.141562,nan,1.832037
5742,0.860470,0.838561,-12.497759,0.141543,17.285744,2.169641
5743,0.802722,0.619875,nan,0.141543,nan,2.046251
5744,0.545039,0.430009,-13.145256,0.141524,18.284779,1.518255
5745,0.595410,0.750425,nan,0.141524,nan,1.652379
5746,0.739679,0.949078,-13.090030,0.141505,17.130909,1.927545
5747,0.571799,0.583759,nan,0.141505,nan,1.584541
5748,0.594125,0.605938,-12.844140,0.141486,18.075724,1.650508
5749,0.658278,0.615925,nan,0.141486,nan,1.782403
5750,0.591445,0.608089,-14.445148,0.141466,18.182789,1.628451
5751,0.851186,0.752997,nan,0.141466,nan,2.139981
5752,0.620138,0.674698,-13.854591,0.141448,16.417210,1.669000
5753,0.545806,0.602615,nan,0.141448,nan,1.519289
5754,0.493161,0.745917,-12.898878,0.141429,15.638391,1.382287
5755,0.907539,0.784059,nan,0.141429,nan,2.276409
5756,0.633929,0.498070,-13.216635,0.141410,16.704926,1.713724
5757,0.466606,0.481078,nan,0.141410,nan,1.350249
5758,1.209141,0.993661,-14.196018,0.141392,18.094662,2.860851
5759,0.888429,0.941912,nan,0.141392,nan,2.230837
5760,0.579756,0.541079,-13.379882,0.141373,18.314291,1.620839
5761,0.709847,0.682366,nan,0.141373,nan,1.887371
5762,0.703024,0.717597,-13.043182,0.141354,18.070774,1.869194
5763,0.572346,0.530993,nan,0.141354,nan,1.607457
5764,0.669424,0.651297,-13.528057,0.141335,18.159557,1.806310
5765,0.682712,0.735550,nan,0.141335,nan,1.807384
5766,0.756951,0.735432,-14.803976,0.141316,20.761557,1.969929
5767,0.336471,0.385869,nan,0.141316,nan,1.064951
5768,0.572019,0.561239,-14.497301,0.141297,18.521233,1.597410
5769,0.389648,0.367179,nan,0.141297,nan,1.192548
5770,0.920610,0.760487,-14.055876,0.141278,19.679033,2.288103
5771,0.622563,0.593565,nan,0.141278,nan,1.701368
5772,0.701273,0.860471,-14.030638,0.141259,18.856846,1.833034
5773,0.574054,0.520598,nan,0.141259,nan,1.623369
5774,0.400403,0.380004,-13.822046,0.141240,19.372868,1.218865
5775,0.712242,0.487563,nan,0.141240,nan,1.873516
5776,0.913393,0.803123,-14.686563,0.141221,18.340784,2.250750
5777,0.520440,0.656187,nan,0.141221,nan,1.446598
5778,0.479279,0.520870,-13.127988,0.141201,18.551632,1.401595
5779,0.587299,0.553533,nan,0.141201,nan,1.639929
5780,0.589513,0.378211,-14.247197,0.141182,18.709946,1.645364
5781,0.624983,0.594982,nan,0.141182,nan,1.714452
5782,0.680520,0.559416,-14.006765,0.141163,17.433647,1.811180
5783,0.855268,0.745483,nan,0.141163,nan,2.194448
5784,0.757771,0.897259,-12.849739,0.141144,19.100973,1.971024
5785,0.629316,0.729342,nan,0.141144,nan,1.682823
5786,0.857788,0.808083,-13.905699,0.141125,17.985781,2.173348
5787,0.826217,0.825578,nan,0.141125,nan,2.073968
5788,0.574203,0.647537,-15.095604,0.141106,18.411270,1.546096
5789,1.123868,0.863169,nan,0.141106,nan,2.718909
5790,0.855150,0.812698,-12.880821,0.141087,16.789497,2.148823
5791,0.693808,0.696423,nan,0.141087,nan,1.823048
5792,0.834489,1.064161,-11.988752,0.141068,18.517220,2.156271
5793,0.660728,0.703800,nan,0.141068,nan,1.755960
5794,0.824050,0.616385,-13.269982,0.141049,19.086298,2.148129
5795,0.599714,0.624928,nan,0.141049,nan,1.650485
5796,0.964816,0.743766,-12.985424,0.141029,18.624336,2.379688
5797,1.195690,0.827194,nan,0.141029,nan,2.859116
5798,0.747997,0.719914,-13.294077,0.141010,17.980402,1.956018
5799,0.616255,0.601386,nan,0.141010,nan,1.695814
5800,0.696874,0.751639,-13.621439,0.140991,18.326302,1.833496
5801,0.496644,0.538759,nan,0.140991,nan,1.443803
5802,0.438460,0.542246,-15.256118,0.140972,21.232475,1.320748
5803,0.649728,0.470859,nan,0.140972,nan,1.745319
5804,0.685535,0.485484,-14.789055,0.140953,19.154793,1.814599
5805,0.731117,0.755921,nan,0.140953,nan,1.915289
5806,0.636981,0.619529,-13.249321,0.140934,17.661831,1.706091
5807,0.710467,0.674051,nan,0.140934,nan,1.854451
5808,0.664203,0.585017,-14.072592,0.140915,16.102421,1.788017
5809,0.575173,0.433045,nan,0.140915,nan,1.623839
5810,0.425113,0.451513,-13.086633,0.140896,19.849529,1.291932
5811,0.667096,0.728402,nan,0.140896,nan,1.793650
5812,0.472668,0.501236,-12.518995,0.140877,16.526337,1.379211
5813,0.709489,0.961694,nan,0.140877,nan,1.870411
5814,0.638266,0.717831,-14.339118,0.140858,20.300253,1.726865
5815,0.803501,0.733043,nan,0.140858,nan,2.082112
5816,0.755102,0.808710,-13.446711,0.140839,17.321627,1.970793
5817,0.707605,0.809410,nan,0.140839,nan,1.854224
5818,0.579162,0.592636,-11.998527,0.140819,19.620502,1.607020
5819,0.931589,0.751917,nan,0.140819,nan,2.327078
5820,0.723082,0.631101,-13.053273,0.140800,19.753206,1.928776
5821,0.645083,0.573444,nan,0.140800,nan,1.717921
5822,0.641709,0.575471,-14.046754,0.140781,20.189655,1.736399
5823,0.772552,0.865472,nan,0.140781,nan,1.971609
5824,0.524104,0.581348,-13.159502,0.140762,20.545628,1.476915
5825,0.467317,0.405710,nan,0.140762,nan,1.382329
5826,0.693766,0.709516,-13.985424,0.140742,17.529978,1.821047
5827,1.158716,0.923869,nan,0.140742,nan,2.783841
5828,0.395618,0.405442,-12.892088,0.140723,18.947582,1.207518
5829,0.749927,0.507039,nan,0.140723,nan,1.946354
5830,0.688538,0.570585,-13.855565,0.140704,18.919615,1.837634
5831,0.745713,0.735917,nan,0.140704,nan,1.916805
5832,0.618718,0.565556,-14.680529,0.140685,17.970303,1.682801
5833,0.597607,0.559125,nan,0.140685,nan,1.606831
5834,0.574300,0.449881,-13.217653,0.140665,19.273434,1.578763
5835,0.876069,0.869218,nan,0.140665,nan,2.174630
5836,0.793775,0.806879,-11.277353,0.140646,19.293083,2.034676
5837,1.041202,0.960364,nan,0.140646,nan,2.551779
5838,0.842640,0.644736,-14.657140,0.140627,18.628571,2.163132
5839,0.712430,0.436201,nan,0.140627,nan,1.869648
5840,1.321933,1.198376,-15.306958,0.140608,17.712650,3.090103
5841,1.243788,1.452640,nan,0.140608,nan,2.948529
5842,1.102144,1.150758,-12.603355,0.140589,17.025366,2.660127
5843,0.817963,0.905596,nan,0.140589,nan,2.098905
5844,1.169034,0.991473,-11.762638,0.140570,18.095840,2.796753
5845,0.882539,0.959947,nan,0.140570,nan,2.230041
5846,1.161910,1.170210,-13.369434,0.140551,17.223839,2.798409
5847,0.849579,0.833950,nan,0.140551,nan,2.154505
5848,0.753616,0.744698,-13.922108,0.140532,19.604961,1.921136
5849,0.732941,0.722936,nan,0.140532,nan,1.888738
5850,0.704418,0.642777,-13.509754,0.140513,19.546299,1.845917
5851,0.665808,0.848228,nan,0.140513,nan,1.746863
5852,0.702109,0.513630,-14.007063,0.140494,18.300360,1.824057
5853,0.505759,0.561609,nan,0.140494,nan,1.442979
5854,0.637772,0.571213,-13.142982,0.140475,18.819948,1.725192
5855,0.691866,0.955606,nan,0.140475,nan,1.787716
5856,0.749114,0.649336,-14.432679,0.140456,18.669193,1.952593
5857,1.085528,0.980632,nan,0.140456,nan,2.626795
5858,0.650418,0.535940,-13.780149,0.140437,16.578419,1.723748
5859,0.935796,0.976435,nan,0.140437,nan,2.325271
5860,0.763506,0.593411,-13.114916,0.140419,18.448202,1.992918
5861,0.628311,0.639659,nan,0.140419,nan,1.694075
5862,0.521622,0.672202,-14.157332,0.140400,18.744356,1.478482
5863,0.918557,0.719193,nan,0.140400,nan,2.281590
5864,0.921140,0.988672,-13.830468,0.140381,18.812069,2.262630
5865,0.772349,0.841185,nan,0.140381,nan,2.003372
5866,0.883035,0.877291,-13.425150,0.140362,18.377234,2.221670
5867,0.723939,0.762253,nan,0.140362,nan,1.863313
5868,0.529515,0.644059,-14.848090,0.140343,19.805553,1.443453
5869,0.823987,0.685707,nan,0.140343,nan,2.079705
5870,0.795861,0.886870,-12.537640,0.140325,17.514423,2.011429
5871,0.936965,1.536188,nan,0.140325,nan,2.301897
5872,0.953893,1.420828,-12.268421,0.140306,20.778191,2.363004
5873,0.691993,0.756414,nan,0.140306,nan,1.800249
5874,0.616342,0.682186,-14.288155,0.140287,18.916862,1.630782
5875,0.937422,0.808057,nan,0.140287,nan,2.282729
5876,0.662734,0.490108,-15.283791,0.140268,17.803408,1.763115
5877,1.009454,1.031040,nan,0.140268,nan,2.463528
5878,1.008660,1.010969,-13.712482,0.140249,18.705160,2.450469
5879,0.644046,0.759571,nan,0.140249,nan,1.699533
5880,1.131917,0.994648,-12.023603,0.140230,17.500946,2.725425
5881,0.753809,0.697313,nan,0.140230,nan,1.933744
5882,0.798160,0.586704,-14.338911,0.140211,18.541231,2.046362
5883,0.651910,0.609895,nan,0.140211,nan,1.730143
5884,0.691739,0.600091,-14.741881,0.140193,19.304018,1.796838
5885,0.540592,0.635026,nan,0.140193,nan,1.490160
5886,0.757562,0.709315,-13.644857,0.140174,20.075382,1.964795
5887,0.467596,0.563129,nan,0.140174,nan,1.339051
5888,0.617494,0.758995,-13.870025,0.140155,17.519861,1.648576
5889,0.565691,0.572854,nan,0.140155,nan,1.563967
5890,0.755585,0.861654,-15.060192,0.140136,18.810974,1.943360
5891,0.580574,0.771293,nan,0.140136,nan,1.601507
5892,0.805232,0.672771,-13.230648,0.140117,18.091328,2.045644
5893,0.782040,0.794080,nan,0.140117,nan,2.004431
5894,0.570366,0.691171,-12.082558,0.140099,17.499382,1.562867
5895,0.664400,0.583918,nan,0.140099,nan,1.755857
5896,0.631219,0.509158,-14.667389,0.140080,19.485455,1.694718
5897,0.762704,0.672424,nan,0.140080,nan,1.960757
5898,0.664346,0.710661,-13.489880,0.140061,18.310080,1.749398
5899,0.727174,0.857874,nan,0.140061,nan,1.878407
5900,0.628654,0.622706,-13.187476,0.140043,18.710060,1.670551
5901,0.951138,0.837320,nan,0.140043,nan,2.344909
5902,0.671969,0.597633,-13.972673,0.140024,19.310713,1.737412
5903,0.755134,1.223016,nan,0.140024,nan,1.941031
5904,0.529435,1.004631,-14.687887,0.140005,18.159073,1.465060
5905,0.665422,0.736426,nan,0.140005,nan,1.761761
5906,0.469699,0.434945,-14.451264,0.139986,21.168800,1.336763
5907,0.565790,0.573938,nan,0.139986,nan,1.553508
5908,0.536444,0.494467,-14.635361,0.139967,19.045414,1.488273
5909,0.500479,0.521181,nan,0.139967,nan,1.411176
5910,0.456576,0.480575,-15.091047,0.139948,19.024368,1.311364
5911,0.745921,0.685205,nan,0.139948,nan,1.916415
5912,0.606480,0.595523,-14.633051,0.139930,19.846952,1.616020
5913,0.652554,0.665093,nan,0.139930,nan,1.734464
5914,0.724707,0.669010,-13.647196,0.139910,21.790993,1.867817
5915,0.748489,0.749930,nan,0.139910,nan,1.924847
5916,0.804213,1.129609,-11.998371,0.139891,18.556786,2.053042
5917,0.923028,0.761286,nan,0.139891,nan,2.278907
5918,0.755212,0.549381,-14.414303,0.139872,20.520012,1.966137
5919,0.757796,0.771394,nan,0.139872,nan,1.930614
5920,0.967433,0.807547,-15.394686,0.139853,18.718147,2.378795
5921,0.994697,0.972761,nan,0.139853,nan,2.441425
5922,0.839896,0.723884,-14.239826,0.139834,19.003506,2.114175
5923,1.014354,0.838763,nan,0.139834,nan,2.496980
5924,0.924652,0.810755,-13.724871,0.139815,19.102001,2.301383
5925,0.664228,0.958614,nan,0.139815,nan,1.767933
5926,0.471617,0.977580,-15.503420,0.139796,19.646742,1.327439
5927,0.629985,1.000120,nan,0.139796,nan,1.664574
5928,0.777378,1.363264,-16.289127,0.139776,22.441410,1.986892
5929,0.965111,0.788906,nan,0.139776,nan,2.367029
5930,1.048394,0.755890,-13.284372,0.139757,18.777664,2.546531
5931,0.621981,0.559807,nan,0.139757,nan,1.665419
5932,0.929326,0.753075,-14.419918,0.139738,20.719013,2.317390
5933,0.808111,0.632883,nan,0.139738,nan,2.067891
5934,0.591825,0.650572,-15.182153,0.139718,19.727209,1.629830
5935,0.728157,0.713715,nan,0.139718,nan,1.866528
5936,0.604059,0.713677,-14.078951,0.139699,17.106426,1.638595
5937,0.560604,0.670726,nan,0.139699,nan,1.548319
5938,0.805955,0.793975,-13.845893,0.139680,17.811068,2.029582
5939,1.005335,1.031585,nan,0.139680,nan,2.474463
5940,0.540435,0.592363,-14.266307,0.139661,18.652634,1.505116
5941,0.595903,0.456913,nan,0.139661,nan,1.614254
5942,0.468552,0.474307,-14.277191,0.139642,20.162987,1.336356
5943,0.895796,0.638364,nan,0.139642,nan,2.237241
5944,0.927044,0.666463,-15.078918,0.139623,19.556202,2.301406
5945,0.517658,0.735886,nan,0.139623,nan,1.458906
5946,0.632364,0.653142,-14.099262,0.139604,18.817846,1.683626
5947,0.507624,0.533530,nan,0.139604,nan,1.404093
5948,0.911387,1.152902,-14.642028,0.139585,19.582342,2.234036
5949,0.632866,0.737389,nan,0.139585,nan,1.694515
5950,0.523161,0.733768,-13.231016,0.139566,19.260345,1.434274
5951,0.889466,1.074758,nan,0.139566,nan,2.217879
5952,1.008183,0.593767,-13.574108,0.139547,19.311152,2.481487
5953,0.913403,0.654144,nan,0.139547,nan,2.293810
5954,0.820961,0.614948,-15.086492,0.139528,19.282784,2.059445
5955,0.828917,0.733456,nan,0.139528,nan,2.069163
5956,1.031969,1.294872,-14.187645,0.139509,20.060198,2.518699
5957,0.902346,0.843671,nan,0.139509,nan,2.257219
5958,0.778345,0.904742,-13.980917,0.139490,18.118027,1.985741
5959,0.605142,0.714570,nan,0.139490,nan,1.643354
5960,0.661096,0.758763,-15.747737,0.139471,21.675434,1.724409
5961,0.544041,0.587603,nan,0.139471,nan,1.520113
5962,0.448132,0.574436,-13.556317,0.139452,18.507940,1.300756
5963,0.810301,0.748691,nan,0.139452,nan,2.048601
5964,0.946529,0.696970,-12.683224,0.139433,18.590298,2.346378
5965,0.917747,0.569670,nan,0.139433,nan,2.280991
5966,0.571650,0.623732,-14.678167,0.139414,20.176956,1.560223
5967,0.542040,0.496856,nan,0.139414,nan,1.468942
5968,0.847091,0.901942,-15.299769,0.139395,18.935106,2.138799
5969,1.179247,1.009663,nan,0.139395,nan,2.801136
5970,0.846092,0.702599,-13.024845,0.139377,19.308899,2.112207
5971,0.716226,0.701242,nan,0.139377,nan,1.876937
5972,1.034550,0.662986,-14.203013,0.139358,20.162920,2.517916
5973,0.625724,0.617660,nan,0.139358,nan,1.678051
5974,0.685613,0.769197,-13.981022,0.139339,20.060356,1.770502
5975,0.977406,0.519934,nan,0.139339,nan,2.386958
5976,0.676921,0.680977,-14.764643,0.139320,19.967342,1.760002
5977,0.556823,0.543351,nan,0.139320,nan,1.514244
5978,0.698712,0.836992,-14.050911,0.139301,19.583775,1.829477
5979,0.682693,0.741060,nan,0.139301,nan,1.786572
5980,0.762112,0.558235,-14.899177,0.139281,20.139729,1.968729
5981,0.617125,1.026638,nan,0.139281,nan,1.648296
5982,0.649110,0.580434,-15.664186,0.139262,19.182943,1.724354
5983,0.918926,0.897499,nan,0.139262,nan,2.269998
5984,1.029462,0.876067,-14.265566,0.139243,20.332140,2.494362
5985,0.593176,0.776189,nan,0.139243,nan,1.596593
5986,0.732796,0.829520,-14.754343,0.139224,18.775795,1.905118
5987,0.796872,0.863573,nan,0.139224,nan,2.024677
5988,0.991696,0.860798,-14.679436,0.139205,19.966270,2.417635
5989,0.587762,0.530711,nan,0.139205,nan,1.575807
5990,0.865035,0.663905,-13.462871,0.139186,20.269312,2.167206
5991,0.820191,0.666065,nan,0.139186,nan,2.066801
5992,0.645120,0.728630,-13.933441,0.139167,18.140730,1.710258
5993,0.665295,0.667098,nan,0.139167,nan,1.732502
5994,0.536406,0.995867,-15.755890,0.139149,18.994240,1.467378
5995,0.885222,1.215989,nan,0.139149,nan,2.202432
5996,0.741166,0.458844,-15.368969,0.139130,20.092121,1.909978
5997,0.865794,0.642163,nan,0.139130,nan,2.144155
5998,0.715438,0.727990,-14.325747,0.139111,19.558113,1.856240
5999,0.862688,0.908725,nan,0.139111,nan,2.156414
6000,0.690115,0.768258,-14.272300,0.139092,19.348804,1.812091
6001,0.699329,0.748983,nan,0.139092,nan,1.828222
6002,0.737955,1.033191,-13.913582,0.139073,18.030169,1.889711
6003,0.690395,0.703851,nan,0.139073,nan,1.810461
6004,0.431165,0.446617,-15.463356,0.139054,20.962332,1.280809
6005,0.643409,0.648727,nan,0.139054,nan,1.706004
6006,0.918755,0.789162,-15.505520,0.139036,17.962341,2.251143
6007,0.811072,1.407476,nan,0.139036,nan,2.028977
6008,0.694642,1.300779,-16.070192,0.139017,17.537308,1.800921
6009,0.802309,0.654644,nan,0.139017,nan,2.011823
6010,0.696420,0.817768,-15.005807,0.138998,20.631325,1.779191
6011,1.080751,0.805472,nan,0.138998,nan,2.604781
6012,0.803925,0.772900,-14.195997,0.138980,17.848948,2.023796
6013,0.815046,0.933642,nan,0.138980,nan,2.049715
6014,0.728612,0.823935,-15.771230,0.138961,19.587378,1.878947
6015,0.811603,0.824829,nan,0.138961,nan,2.052847
6016,1.091782,1.387537,-15.910273,0.138943,18.674582,2.628606
6017,1.064235,0.839854,nan,0.138943,nan,2.545978
6018,0.754645,0.978495,-15.063807,0.138924,20.493084,1.896893
6019,1.120159,1.099014,nan,0.138924,nan,2.691629
6020,0.942987,1.054400,-14.672178,0.138905,19.379570,2.305888
6021,0.564214,0.710689,nan,0.138905,nan,1.525093
6022,0.583668,0.782440,-15.184031,0.138887,17.543373,1.557485
6023,0.750355,0.729671,nan,0.138887,nan,1.908272
6024,0.786779,0.813058,-15.846153,0.138869,19.232975,1.969246
6025,0.642643,0.619856,nan,0.138869,nan,1.680669
6026,0.686820,0.755843,-13.439474,0.138850,16.990301,1.779721
6027,0.756432,1.153448,nan,0.138850,nan,1.940084
6028,0.705095,1.114771,-14.576966,0.138832,19.124304,1.799754
6029,0.670528,0.764493,nan,0.138832,nan,1.770427
6030,0.635901,0.656054,-16.241745,0.138814,18.047523,1.689371
6031,0.571537,0.573373,nan,0.138814,nan,1.542927
6032,0.659928,0.766658,-15.645348,0.138795,19.386707,1.704596
6033,0.632534,0.618740,nan,0.138795,nan,1.645042
6034,0.888815,1.292992,-13.972179,0.138777,20.370544,2.236950
6035,0.886024,0.584431,nan,0.138777,nan,2.189390
6036,0.801263,0.789370,-13.858928,0.138759,19.166439,2.058265
6037,0.698884,0.741425,nan,0.138759,nan,1.810009
6038,0.705355,0.515264,-15.729696,0.138740,20.172241,1.827061
6039,0.819013,0.856584,nan,0.138740,nan,2.076841
6040,0.904039,0.723734,-14.567163,0.138722,18.753750,2.236188
6041,0.907520,0.633696,nan,0.138722,nan,2.228738
6042,0.708307,0.788194,-14.009726,0.138704,19.890808,1.851189
6043,0.761572,0.631753,nan,0.138704,nan,1.955650
6044,0.707648,0.794614,-14.057035,0.138685,22.435688,1.841300
6045,0.662523,0.564936,nan,0.138685,nan,1.699490
6046,0.876442,0.790800,-15.029840,0.138666,20.537607,2.189483
6047,0.668077,0.818040,nan,0.138666,nan,1.760580
6048,0.576410,0.483529,-15.066726,0.138647,18.634550,1.543913
6049,0.700293,0.729943,nan,0.138647,nan,1.818271
6050,0.714326,0.662607,-14.271877,0.138629,18.273252,1.870095
6051,0.689058,0.776233,nan,0.138629,nan,1.808286
6052,0.559532,0.622250,-14.838039,0.138610,20.055878,1.516737
6053,0.525187,0.769229,nan,0.138610,nan,1.440240
6054,0.689899,0.732161,-15.373270,0.138592,19.042988,1.805185
6055,0.805243,0.813793,nan,0.138592,nan,2.031932
6056,1.018644,0.814663,-14.873449,0.138573,22.184345,2.453747
6057,0.949824,0.669963,nan,0.138573,nan,2.317563
6058,0.567913,0.537831,-15.780008,0.138554,21.169296,1.526890
6059,0.737228,0.794425,nan,0.138554,nan,1.911825
6060,0.840181,1.029039,-13.132169,0.138536,17.700031,2.129527
6061,0.665986,0.814400,nan,0.138536,nan,1.769728
6062,0.781259,0.422979,-14.590261,0.138517,17.292130,2.008269
6063,0.600067,0.778320,nan,0.138517,nan,1.638767
6064,0.858362,0.712463,-15.516387,0.138499,18.609489,2.142239
6065,0.878814,0.683636,nan,0.138499,nan,2.163787
6066,0.879616,0.925080,-14.889904,0.138480,21.448128,2.188272
6067,0.714791,0.699105,nan,0.138480,nan,1.872030
6068,0.512713,0.727221,-14.601419,0.138462,18.942009,1.433050
6069,0.674458,0.656661,nan,0.138462,nan,1.761442
6070,0.465331,0.438296,-16.903509,0.138443,20.440212,1.322701
6071,0.976177,0.742881,nan,0.138443,nan,2.358472
6072,1.233456,0.960791,-16.613064,0.138425,19.426964,2.906250
6073,0.617637,0.622092,nan,0.138425,nan,1.655006
6074,0.724390,0.756786,-15.021456,0.138406,18.492014,1.867044
6075,0.676538,0.714498,nan,0.138406,nan,1.764899
6076,0.669855,0.687266,-14.821909,0.138388,19.135365,1.757233
6077,0.890586,0.722628,nan,0.138388,nan,2.201752
6078,0.712081,0.633071,-14.104547,0.138369,20.130646,1.838577
6079,1.543255,0.666211,nan,0.138369,nan,3.543373
6080,1.364830,0.874154,-14.318725,0.138351,19.807941,3.163208
6081,0.907750,0.959182,nan,0.138351,nan,2.241357
6082,0.568790,0.512273,-14.078919,0.138332,19.950365,1.531549
6083,0.927903,0.618912,nan,0.138332,nan,2.279270
6084,0.772455,1.016234,-13.783431,0.138314,20.100540,1.966678
6085,0.724295,0.677604,nan,0.138314,nan,1.879348
6086,0.796036,0.717129,-16.350632,0.138295,18.941711,2.016225
6087,0.744187,0.743748,nan,0.138295,nan,1.894125
6088,1.007195,1.083363,-15.111265,0.138277,21.214052,2.443202
6089,0.568179,0.755157,nan,0.138277,nan,1.524459
6090,0.713160,0.755835,-15.063749,0.138258,19.757061,1.837570
6091,0.673370,0.637687,nan,0.138258,nan,1.742186
6092,0.709140,0.715103,-14.678493,0.138240,18.847256,1.843591
6093,0.726919,0.687428,nan,0.138240,nan,1.851591
6094,0.587041,0.763815,-14.377172,0.138221,19.519314,1.606041
6095,0.612542,0.560782,nan,0.138221,nan,1.645789
6096,0.761352,0.603215,-14.304224,0.138203,20.709568,1.935217
6097,0.668797,0.692356,nan,0.138203,nan,1.766586
6098,0.877580,0.510735,-14.516909,0.138184,19.502609,2.207957
6099,0.841309,0.662800,nan,0.138184,nan,2.120437
6100,0.636636,0.628464,-14.507393,0.138166,16.967232,1.689509
6101,0.798580,0.764098,nan,0.138166,nan,2.028980
6102,0.870284,0.711968,-15.470628,0.138147,19.912149,2.203060
6103,0.792243,0.765127,nan,0.138147,nan,2.034906
6104,0.401450,0.406231,-14.993980,0.138129,18.940773,1.223801
6105,0.626810,0.767822,nan,0.138129,nan,1.704857
6106,0.772448,0.778417,-15.194830,0.138111,19.885494,1.965911
6107,0.895596,0.796263,nan,0.138111,nan,2.212659
6108,1.013083,0.826171,-15.719433,0.138092,22.081253,2.488628
6109,0.596102,0.605747,nan,0.138092,nan,1.615393
6110,0.689205,0.690122,-14.625164,0.138074,19.207659,1.798753
6111,0.516505,0.691892,nan,0.138074,nan,1.420817
6112,0.863631,0.747821,-13.842022,0.138055,19.912231,2.130894
6113,0.689802,0.539777,nan,0.138055,nan,1.804217
6114,0.763728,0.730485,-16.096264,0.138037,19.962921,1.976988
6115,0.676371,0.723415,nan,0.138037,nan,1.761412
6116,0.540548,0.475365,-15.919374,0.138018,22.138041,1.518940
6117,0.758900,0.719223,nan,0.138018,nan,1.950838
6118,0.604518,0.601735,-15.040108,0.138000,18.775932,1.654321
6119,0.701964,0.751195,nan,0.138000,nan,1.832658
6120,0.615367,0.635035,-16.940105,0.137981,21.744154,1.668244
6121,0.808139,0.911760,nan,0.137981,nan,2.017716
6122,1.206167,0.969123,-15.685326,0.137962,19.839861,2.852023
6123,1.046585,0.887923,nan,0.137962,nan,2.546305
6124,0.520827,0.522594,-14.733013,0.137944,22.700436,1.485068
6125,0.912105,1.213087,nan,0.137944,nan,2.264003
6126,1.071926,0.950530,-14.810129,0.137925,19.269249,2.592245
6127,0.795961,0.902910,nan,0.137925,nan,2.013700
6128,0.707484,0.745724,-15.805389,0.137906,19.269638,1.838859
6129,0.732855,0.724185,nan,0.137906,nan,1.887316
6130,0.595108,0.657168,-16.348320,0.137888,19.119125,1.612490
6131,0.738114,0.740143,nan,0.137888,nan,1.910518
6132,0.615351,0.623235,-15.748844,0.137869,22.980490,1.671727
6133,0.603390,0.578031,nan,0.137869,nan,1.625185
6134,0.733497,0.673136,-16.367756,0.137850,21.622892,1.904912
6135,0.480404,0.488945,nan,0.137850,nan,1.374914
6136,1.321481,0.916651,-16.853996,0.137831,21.750259,3.094847
6137,1.107445,0.832739,nan,0.137831,nan,2.654583
6138,0.773160,0.724649,-16.430468,0.137812,20.003536,1.980892
6139,0.722574,0.713596,nan,0.137812,nan,1.868513
6140,0.649046,0.613091,-15.691504,0.137793,19.155697,1.738758
6141,0.572358,0.572988,nan,0.137793,nan,1.573995
6142,0.573358,0.501741,-16.364952,0.137774,21.232283,1.563215
6143,0.704778,0.915573,nan,0.137774,nan,1.821184
6144,0.676592,0.643605,-15.603917,0.137756,21.134861,1.789642
6145,0.785904,0.690056,nan,0.137756,nan,1.992327
6146,0.766055,0.804272,-15.137384,0.137737,21.434696,1.989686
6147,1.063716,1.029748,nan,0.137737,nan,2.582901
6148,0.865704,0.748369,-15.127663,0.137718,21.505999,2.192014
6149,0.521196,0.786522,nan,0.137718,nan,1.445540
6150,1.178754,0.882185,-16.748188,0.137699,20.292610,2.805669
6151,0.832337,1.094358,nan,0.137699,nan,2.115282
6152,0.659969,0.712558,-15.260193,0.137680,19.649055,1.756924
6153,0.591150,0.690825,nan,0.137680,nan,1.595276
6154,0.566185,0.563315,-15.351385,0.137661,20.492159,1.566813
6155,0.619182,0.629740,nan,0.137661,nan,1.660615
6156,0.713321,0.863216,-16.212887,0.137642,19.457552,1.900274
6157,0.764684,0.712751,nan,0.137642,nan,1.946947
6158,0.608672,0.597699,-15.429158,0.137623,19.579079,1.637992
6159,0.650643,0.542403,nan,0.137623,nan,1.751070
6160,0.682168,0.557850,-14.833425,0.137605,21.733360,1.805934
6161,0.997420,0.808078,nan,0.137605,nan,2.450100
6162,0.700206,0.780955,-16.028238,0.137586,20.923647,1.825398
6163,0.591118,0.684901,nan,0.137586,nan,1.635088
6164,0.734367,0.930395,-15.542625,0.137567,18.453129,1.898951
6165,0.707836,0.677012,nan,0.137567,nan,1.872481
6166,0.567373,0.638747,-14.475477,0.137549,18.503517,1.561586
6167,0.680382,0.988564,nan,0.137549,nan,1.788599
6168,0.600895,0.866220,-15.969945,0.137530,20.528261,1.624953
6169,0.619048,0.789634,nan,0.137530,nan,1.670406
6170,0.735750,0.701919,-15.971501,0.137512,20.207809,1.922102
6171,0.586709,0.597285,nan,0.137512,nan,1.623229
6172,0.748511,0.853184,-14.608332,0.137493,21.534685,1.946147
6173,0.658275,0.687195,nan,0.137493,nan,1.773302
6174,0.861518,0.770240,-15.512251,0.137475,20.764864,2.169115
6175,0.382937,0.505300,nan,0.137475,nan,1.194030
6176,0.706699,0.614061,-14.978666,0.137456,18.150883,1.862790
6177,1.235460,0.844147,nan,0.137456,nan,2.912799
6178,0.611770,0.608649,-16.072674,0.137438,21.350666,1.666428
6179,0.678486,0.722598,nan,0.137438,nan,1.832417
6180,0.715076,0.828140,-16.220610,0.137419,19.256346,1.904408
6181,0.621544,0.597080,nan,0.137419,nan,1.662598
6182,0.772732,0.665953,-15.503275,0.137401,19.222679,1.989187
6183,0.847912,0.721556,nan,0.137401,nan,2.165815
6184,0.655875,0.781245,-14.530751,0.137383,17.624994,1.746599
6185,0.594543,0.651674,nan,0.137383,nan,1.620952
6186,0.675787,0.739074,-15.339411,0.137365,20.704634,1.759118
6187,0.589444,0.572735,nan,0.137365,nan,1.598801
6188,0.733893,0.768183,-14.503586,0.137346,20.570274,1.910026
6189,0.809793,0.622870,nan,0.137346,nan,2.081421
6190,0.686428,0.734974,-15.135183,0.137328,22.581299,1.820301
6191,0.915697,0.955334,nan,0.137328,nan,2.283322
6192,0.734031,0.727442,-16.230253,0.137310,19.123764,1.909388
6193,0.786550,0.789438,nan,0.137310,nan,1.986283
6194,0.627547,0.646270,-14.934815,0.137291,20.640831,1.681761
6195,0.617454,1.021631,nan,0.137291,nan,1.684720
6196,0.751489,0.784808,-15.511841,0.137273,20.969837,1.924744
6197,0.618143,0.836215,nan,0.137273,nan,1.681876
6198,0.526006,0.807696,-15.524323,0.137254,19.896900,1.488350
6199,0.834361,0.665080,nan,0.137254,nan,2.095987
6200,0.788364,0.511488,-15.185120,0.137236,20.993731,2.035717
6201,0.721761,0.635726,nan,0.137236,nan,1.883988
6202,0.702796,0.777799,-16.242493,0.137217,21.756668,1.856702
6203,0.635927,0.559167,nan,0.137217,nan,1.705330
6204,0.505396,0.480703,-16.065228,0.137199,19.263947,1.436857
6205,0.670755,0.511537,nan,0.137199,nan,1.773459
6206,0.691639,0.723861,-15.168159,0.137181,21.222462,1.833844
6207,0.608694,0.855264,nan,0.137181,nan,1.633577
6208,0.687551,0.903657,-15.646311,0.137162,20.885422,1.826751
6209,0.576817,0.580643,nan,0.137162,nan,1.570002
6210,0.605014,0.592262,-16.246124,0.137144,19.847904,1.653933
6211,0.683221,0.710382,nan,0.137144,nan,1.805765
6212,0.971974,1.015798,-15.995256,0.137125,19.536541,2.399740
6213,0.731688,0.538581,nan,0.137125,nan,1.901538
6214,0.542002,0.913181,-15.718689,0.137107,19.063564,1.513414
6215,0.719580,0.726327,nan,0.137107,nan,1.877900
6216,0.777836,0.702159,-15.080646,0.137089,22.185516,1.997830
6217,0.681684,0.720360,nan,0.137089,nan,1.831569
6218,0.626238,0.620994,-14.856389,0.137070,17.503078,1.704796
6219,0.641684,0.592413,nan,0.137070,nan,1.738130
6220,0.511601,0.537949,-16.756163,0.137052,21.281868,1.425165
6221,0.788339,0.925458,nan,0.137052,nan,2.015265
6222,0.809156,0.803164,-16.606157,0.137034,22.205843,2.035440
6223,0.745204,0.795038,nan,0.137034,nan,1.939101
6224,0.769949,0.757976,-13.799538,0.137015,19.137810,1.992977
6225,0.645580,0.741265,nan,0.137015,nan,1.750872
6226,0.572119,0.588063,-15.758600,0.136997,18.869461,1.580122
6227,0.677730,1.671474,nan,0.136997,nan,1.808150
6228,0.566878,1.252761,-16.710140,0.136979,19.731972,1.559156
6229,0.824707,0.614781,nan,0.136979,nan,2.102538
6230,0.603032,0.519583,-13.969420,0.136961,20.674850,1.651089
6231,1.321318,0.653135,nan,0.136961,nan,3.115405
6232,1.165681,0.902655,-13.417748,0.136943,22.225042,2.796332
6233,0.711713,0.934998,nan,0.136943,nan,1.884114
6234,0.674158,0.671706,-13.760851,0.136924,21.890198,1.776598
6235,1.355537,1.170565,nan,0.136924,nan,3.198742
6236,0.943903,0.607305,-16.385283,0.136906,19.197741,2.348121
6237,0.740837,0.736472,nan,0.136906,nan,1.917416
6238,0.710479,0.641510,-16.654682,0.136888,19.006676,1.875271
6239,0.978454,0.814378,nan,0.136888,nan,2.414291
6240,1.016768,0.775417,-15.858556,0.136869,20.108597,2.474222
6241,0.630562,0.681032,nan,0.136869,nan,1.701002
6242,0.828767,0.904333,-14.170328,0.136851,20.363518,2.090611
6243,0.789938,0.951332,nan,0.136851,nan,2.040597
6244,0.576241,0.601031,-14.205912,0.136833,20.165297,1.580540
6245,0.867105,0.670530,nan,0.136833,nan,2.181826
6246,0.937303,0.855484,-15.029051,0.136815,20.802288,2.313343
6247,0.781837,0.714438,nan,0.136815,nan,1.984649
6248,0.597739,0.476986,-16.356579,0.136797,21.915504,1.610203
6249,0.640153,1.318251,nan,0.136797,nan,1.717919
6250,0.616631,1.186305,-16.507053,0.136778,19.752640,1.675493
6251,0.954193,0.647661,nan,0.136778,nan,2.333186
6252,0.755347,0.787878,-16.197727,0.136760,20.154053,1.936340
6253,0.987431,0.889761,nan,0.136760,nan,2.402200
6254,0.564197,0.960425,-15.035817,0.136742,18.471626,1.517978
6255,0.847326,0.995538,nan,0.136742,nan,2.127006
6256,0.764599,0.832166,-15.377047,0.136724,18.075256,1.970184
6257,0.793842,0.699866,nan,0.136724,nan,2.030960
6258,0.810506,0.810798,-16.332737,0.136706,19.310417,2.062026
6259,0.685534,0.528978,nan,0.136706,nan,1.789657
6260,0.672049,0.633771,-17.228867,0.136688,21.129414,1.738424
6261,0.654996,0.728123,nan,0.136688,nan,1.719329
6262,1.018952,1.061805,-16.350834,0.136671,20.178064,2.481102
6263,0.443449,0.421818,nan,0.136671,nan,1.298927
6264,0.751896,0.677979,-16.030802,0.136653,19.893454,1.966215
6265,0.627968,0.623665,nan,0.136653,nan,1.672082
6266,0.718268,0.795791,-15.622607,0.136635,19.851730,1.885507
6267,0.620523,0.636669,nan,0.136635,nan,1.662436
6268,0.664255,0.651606,-16.155144,0.136617,19.659842,1.749964
6269,0.589199,0.632008,nan,0.136617,nan,1.603238
6270,0.997110,0.420693,-15.348223,0.136599,19.354841,2.459710
6271,0.775900,0.671651,nan,0.136599,nan,1.999325
6272,0.459190,0.531920,-15.736378,0.136581,21.808872,1.321095
6273,0.706271,0.689792,nan,0.136581,nan,1.834347
6274,0.702664,0.696129,-16.311329,0.136563,22.762388,1.831595
6275,0.674916,0.760562,nan,0.136563,nan,1.795279
6276,0.775421,0.862506,-17.058222,0.136545,21.633284,1.963965
6277,0.624695,0.690968,nan,0.136545,nan,1.682505
6278,0.654195,0.652922,-15.315302,0.136527,20.089672,1.734082
6279,0.788452,0.676996,nan,0.136527,nan,2.018896
6280,0.864810,0.794626,-16.667624,0.136509,20.657433,2.182176
6281,0.500885,0.638121,nan,0.136509,nan,1.415064
6282,0.517905,0.502988,-15.744146,0.136490,20.288839,1.459001
6283,0.947968,0.663375,nan,0.136490,nan,2.318141
6284,0.571193,0.618364,-15.019998,0.136472,22.578794,1.559928
6285,1.076643,0.846038,nan,0.136472,nan,2.599064
6286,0.674863,0.997356,-15.598114,0.136454,19.776405,1.766172
6287,0.626106,0.610324,nan,0.136454,nan,1.691735
6288,0.470484,0.501203,-15.520426,0.136436,21.911797,1.354806
6289,1.141222,1.099177,nan,0.136436,nan,2.729136
6290,0.892416,0.941370,-16.032454,0.136417,21.638107,2.190612
6291,0.898099,0.928807,nan,0.136417,nan,2.227731
6292,0.661958,0.762604,-17.008335,0.136399,19.962763,1.724248
6293,0.961560,1.176373,nan,0.136399,nan,2.357336
6294,0.693754,0.766429,-15.960905,0.136381,21.770197,1.816066
6295,0.658651,0.696235,nan,0.136381,nan,1.739835
6296,0.750343,0.784354,-14.831628,0.136363,18.968140,1.951483
6297,0.679891,0.647358,nan,0.136363,nan,1.793491
6298,0.869386,0.810387,-14.550085,0.136344,19.988501,2.168118
6299,0.832546,1.055926,nan,0.136344,nan,2.118537
6300,0.741892,0.936589,-15.599472,0.136326,20.362591,1.932587
6301,0.431504,0.671426,nan,0.136326,nan,1.274123
6302,0.640633,0.795983,-16.401085,0.136308,20.266632,1.692498
6303,0.825485,0.744293,nan,0.136308,nan,2.077190
6304,0.491420,0.576089,-15.950629,0.136290,21.370752,1.387886
6305,0.584982,1.218491,nan,0.136290,nan,1.598863
6306,0.679320,0.784908,-16.417459,0.136272,21.209023,1.807124
6307,0.496815,0.626246,nan,0.136272,nan,1.394737
6308,0.647950,0.736534,-16.372751,0.136254,21.149462,1.721269
6309,0.830334,1.159106,nan,0.136254,nan,2.128577
6310,0.862661,0.968150,-16.065414,0.136236,19.548115,2.145868
6311,0.721773,0.734692,nan,0.136236,nan,1.837262
6312,0.467037,0.544733,-15.832624,0.136218,21.047737,1.364857
6313,0.687507,0.882567,nan,0.136218,nan,1.819008
6314,0.668099,0.683873,-16.007097,0.136199,21.917822,1.770412
6315,0.972421,0.870839,nan,0.136199,nan,2.365739
6316,0.636492,0.684517,-16.433220,0.136181,20.954872,1.672331
6317,0.601861,0.794133,nan,0.136181,nan,1.621815
6318,0.672952,0.657979,-15.687601,0.136163,19.139282,1.775652
6319,0.726933,0.623890,nan,0.136163,nan,1.852012
6320,0.762377,0.779294,-16.521687,0.136145,23.710958,1.936155
6321,0.895783,1.014740,nan,0.136145,nan,2.223827
6322,0.703345,0.698871,-14.785736,0.136127,18.383785,1.853838
6323,0.733801,0.786673,nan,0.136127,nan,1.895706
6324,0.616977,0.692919,-16.017517,0.136109,21.312305,1.674587
6325,0.625370,0.504348,nan,0.136109,nan,1.681653
6326,0.588221,0.532512,-16.380245,0.136090,21.619658,1.601753
6327,0.951878,0.893345,nan,0.136090,nan,2.331709
6328,1.014661,0.799844,-17.268341,0.136072,21.000299,2.430557
6329,0.777333,0.953992,nan,0.136072,nan,1.974885
6330,0.576177,0.625754,-16.786196,0.136054,23.089588,1.568474
6331,0.648927,0.710469,nan,0.136054,nan,1.698828
6332,0.670160,0.667126,-15.906024,0.136036,20.088043,1.778326
6333,1.063802,0.936454,nan,0.136036,nan,2.563378
6334,0.844905,0.773064,-14.626000,0.136017,19.812027,2.108781
6335,1.403895,0.597828,nan,0.136017,nan,3.264405
6336,1.106640,0.832893,-14.909725,0.135999,20.935011,2.668877
6337,0.615843,0.854351,nan,0.135999,nan,1.657208
6338,0.573548,0.608520,-16.878691,0.135981,19.774405,1.546259
6339,0.819405,1.504125,nan,0.135981,nan,2.051259
6340,0.939294,1.539294,-18.542727,0.135963,23.094608,2.302318
6341,1.385582,1.061949,nan,0.135963,nan,3.215572
6342,0.873404,0.591994,-14.457866,0.135945,20.500202,2.166936
6343,1.681008,0.921037,nan,0.135945,nan,3.819083
6344,1.275499,1.257363,-12.780525,0.135927,20.560400,2.999826
6345,0.857742,1.928603,nan,0.135927,nan,2.136055
6346,0.823437,1.308303,-17.299368,0.135908,23.218422,2.063104
6347,0.826969,0.639434,nan,0.135908,nan,2.090150
6348,0.891550,1.715305,-17.871077,0.135890,19.783743,2.222404
6349,1.101682,1.605584,nan,0.135890,nan,2.612525
6350,1.104717,0.745510,-16.462009,0.135872,20.539074,2.639648
6351,1.133562,0.708854,nan,0.135872,nan,2.700520
6352,0.607654,0.720620,-15.145790,0.135854,20.777954,1.616758
6353,1.342719,1.107745,nan,0.135854,nan,3.130159
6354,1.404175,0.658754,-14.928904,0.135836,22.647329,3.260593
6355,0.600147,1.110156,nan,0.135836,nan,1.613356
6356,0.577004,1.278010,-15.792612,0.135817,22.663460,1.559947
6357,0.737498,0.809664,nan,0.135817,nan,1.895853
6358,0.964882,1.278261,-16.788376,0.135799,20.604382,2.383100
6359,0.579145,1.773918,nan,0.135799,nan,1.583421
6360,0.775102,1.523072,-17.826464,0.135781,21.064859,1.955195
6361,0.905241,0.694840,nan,0.135781,nan,2.210493
6362,0.946048,0.641909,-16.707960,0.135762,21.014130,2.295864
6363,0.640220,0.779341,nan,0.135762,nan,1.696418
6364,1.016967,0.684925,-16.122816,0.135744,20.283117,2.473134
6365,0.551525,0.616043,nan,0.135744,nan,1.500349
6366,0.661214,0.936918,-16.778839,0.135726,20.167736,1.738085
6367,0.671441,0.640739,nan,0.135726,nan,1.775288
6368,0.612036,0.844850,-18.340981,0.135708,22.826733,1.628569
6369,1.000492,0.699107,nan,0.135708,nan,2.420370
6370,0.962212,0.792366,-16.800528,0.135690,19.448618,2.357223
6371,0.929931,1.123842,nan,0.135690,nan,2.292090
6372,0.803608,0.854182,-16.185528,0.135672,21.160358,2.045060
6373,0.618860,0.874992,nan,0.135672,nan,1.671885
6374,0.605701,0.972381,-16.051525,0.135654,20.315866,1.633936
6375,0.845072,0.587285,nan,0.135654,nan,2.141549
6376,0.817528,1.132849,-16.975410,0.135636,21.197842,2.061698
6377,0.829152,0.594644,nan,0.135636,nan,2.056830
6378,0.668831,0.652259,-16.838047,0.135618,22.710104,1.737606
6379,0.888403,1.004120,nan,0.135618,nan,2.216688
6380,0.776832,0.659384,-16.011744,0.135599,21.757027,1.979035
6381,0.666046,1.076398,nan,0.135599,nan,1.757104
6382,0.758619,0.934387,-17.090786,0.135581,23.884275,1.948472
6383,0.717050,1.022784,nan,0.135581,nan,1.838741
6384,0.769369,0.912578,-16.638231,0.135563,22.180298,1.957366
6385,0.519454,0.593701,nan,0.135563,nan,1.431681
6386,0.661314,0.808142,-17.644737,0.135544,20.866398,1.719746
6387,0.640734,0.719690,nan,0.135544,nan,1.719919
6388,0.445318,0.598456,-16.715677,0.135526,23.535835,1.261347
6389,0.723607,0.776650,nan,0.135526,nan,1.882950
6390,0.803681,0.901169,-15.523549,0.135507,21.225464,2.019466
6391,0.682722,0.733984,nan,0.135507,nan,1.801085
6392,0.654508,0.612479,-15.851382,0.135489,21.601978,1.732980
6393,0.601474,0.604160,nan,0.135489,nan,1.642690
6394,0.601808,0.752090,-17.097466,0.135471,19.670698,1.628276
6395,0.931124,0.931803,nan,0.135471,nan,2.294695
6396,0.583055,0.632472,-16.503271,0.135452,21.810972,1.598694
6397,0.671263,0.704198,nan,0.135452,nan,1.775540
6398,0.721318,0.725726,-17.830648,0.135434,21.408985,1.853316
6399,0.775623,0.806301,nan,0.135434,nan,1.982545
6400,0.827077,0.795525,-17.168797,0.135416,20.270821,2.056274
6401,0.795561,0.825580,nan,0.135416,nan,2.020270
6402,0.808129,0.756768,-16.031698,0.135398,20.669678,2.056144
6403,0.755144,0.760099,nan,0.135398,nan,1.933450
6404,0.655993,0.602828,-16.459198,0.135380,19.883579,1.733816
6405,0.481368,0.516811,nan,0.135380,nan,1.340457
6406,0.619327,0.499506,-18.329021,0.135362,20.153164,1.614009
6407,0.764436,0.638531,nan,0.135362,nan,1.933194
6408,0.948214,0.814380,-15.823278,0.135344,21.510475,2.314300
6409,0.463242,0.438314,nan,0.135344,nan,1.312993
6410,0.565778,0.508882,-15.130871,0.135326,21.449059,1.540863
6411,0.543129,0.847712,nan,0.135326,nan,1.493690
6412,0.749056,0.681521,-15.610033,0.135308,22.350231,1.944675
6413,0.842861,1.007282,nan,0.135308,nan,2.130421
6414,0.606837,0.670018,-16.424711,0.135290,21.810122,1.617937
6415,1.088087,0.778674,nan,0.135290,nan,2.601633
6416,1.075799,0.634765,-17.434582,0.135272,21.607218,2.570734
6417,0.929460,0.949072,nan,0.135272,nan,2.297955
6418,1.133961,1.066213,-15.473901,0.135254,20.346470,2.695215
6419,0.681141,0.709799,nan,0.135254,nan,1.782861
6420,0.736164,1.469795,-12.017420,0.135236,19.812471,1.911037
6421,0.733483,1.800641,nan,0.135236,nan,1.898867
6422,0.699107,1.263137,-15.412682,0.135218,21.343548,1.824736
6423,1.121535,0.812303,nan,0.135218,nan,2.674785
6424,0.951295,0.756380,-17.541164,0.135200,21.482141,2.353987
6425,0.848202,0.844016,nan,0.135200,nan,2.116837
6426,0.975574,0.776970,-17.116179,0.135182,22.668427,2.371701
6427,0.623440,0.618036,nan,0.135182,nan,1.655775
6428,0.841034,0.812670,-16.455509,0.135164,22.292807,2.124507
6429,0.604544,0.521214,nan,0.135164,nan,1.646315
6430,0.771693,0.709870,-16.308090,0.135146,21.304474,1.986494
6431,0.847955,0.606216,nan,0.135146,nan,2.148126
6432,0.604589,0.596024,-16.623505,0.135128,20.665495,1.650205
6433,0.654759,0.626503,nan,0.135128,nan,1.694840
6434,1.044187,1.096192,-17.048874,0.135110,22.701181,2.511178
6435,0.749183,0.773330,nan,0.135110,nan,1.926870
6436,0.987359,1.040749,-15.250824,0.135092,20.990847,2.403084
6437,0.700737,0.681170,nan,0.135092,nan,1.821124
6438,0.570279,0.710790,-16.432444,0.135074,22.325779,1.566085
6439,0.939236,1.007899,nan,0.135074,nan,2.309774
6440,0.675560,0.789565,-15.154867,0.135055,22.826130,1.779223
6441,0.673398,0.788084,nan,0.135055,nan,1.774912
6442,0.671795,0.724044,-17.156517,0.135037,23.474060,1.763078
6443,0.667450,0.635013,nan,0.135037,nan,1.778332
6444,0.640623,0.766864,-16.718962,0.135019,20.310337,1.687877
6445,0.704143,0.745076,nan,0.135019,nan,1.835755
6446,0.883103,0.846158,-14.158813,0.135001,21.048895,2.197496
6447,1.141689,0.964078,nan,0.135001,nan,2.728262
6448,0.668209,0.970100,-17.191061,0.134983,22.380119,1.764633
6449,0.758910,1.012148,nan,0.134983,nan,1.942828
6450,1.162335,1.192041,-16.834414,0.134965,21.137154,2.723384
6451,0.776445,0.882477,nan,0.134965,nan,1.983351
6452,0.992669,0.834498,-15.065187,0.134946,22.420765,2.434349
6453,0.835290,0.929638,nan,0.134946,nan,2.106541
6454,0.828497,0.761718,-17.395735,0.134928,20.690540,2.092394
6455,0.892181,0.852142,nan,0.134928,nan,2.220593
6456,1.186031,0.967671,-16.154367,0.134910,22.407925,2.808593
6457,0.659493,0.748451,nan,0.134910,nan,1.776687
6458,0.842887,0.765256,-15.440532,0.134892,23.263577,2.142625
6459,0.652266,0.687845,nan,0.134892,nan,1.749355
6460,0.663540,0.724814,-17.410328,0.134874,20.432201,1.789152
6461,0.865231,1.209174,nan,0.134874,nan,2.193608
6462,0.938465,1.062508,-14.146555,0.134856,19.070421,2.360343
6463,0.865281,0.858295,nan,0.134856,nan,2.185948
6464,0.593306,1.029068,-15.092825,0.134838,22.441349,1.625975
6465,0.771544,0.705784,nan,0.134838,nan,1.992226
6466,0.596406,0.632945,-16.707243,0.134820,21.741224,1.635911
6467,0.907055,0.789026,nan,0.134820,nan,2.234945
6468,0.683248,0.801876,-16.006908,0.134802,22.519371,1.799774
6469,0.486409,0.664363,nan,0.134802,nan,1.383958
6470,0.531428,0.566883,-15.339947,0.134784,21.750347,1.470697
6471,1.000296,0.991593,nan,0.134784,nan,2.451372
6472,0.683811,0.772695,-15.241681,0.134766,20.807320,1.799343
6473,0.947716,0.885454,nan,0.134766,nan,2.317110
6474,0.911434,1.022617,-15.831896,0.134748,21.161610,2.252952
6475,0.883855,0.749836,nan,0.134748,nan,2.219126
6476,0.682975,0.732322,-16.622950,0.134730,23.493799,1.805210
6477,0.965224,0.496188,nan,0.134730,nan,2.382132
6478,1.101801,0.892627,-17.059837,0.134712,22.929893,2.647642
6479,0.741066,0.962295,nan,0.134712,nan,1.925893
6480,0.778961,0.807088,-15.427389,0.134694,19.311056,2.019032
6481,0.889147,0.590620,nan,0.134694,nan,2.199722
6482,0.802786,0.802756,-15.293225,0.134676,21.394722,2.031718
6483,0.683146,0.784258,nan,0.134676,nan,1.799490
6484,0.683399,0.858295,-16.198477,0.134658,23.787949,1.795268
6485,0.562254,0.987258,nan,0.134658,nan,1.568971
6486,0.612193,0.878406,-16.331282,0.134640,21.079933,1.656586
6487,0.627092,0.718022,nan,0.134640,nan,1.691183
6488,0.656093,0.681990,-16.214094,0.134622,21.305210,1.730678
6489,1.164234,0.726738,nan,0.134622,nan,2.764189
6490,0.874526,0.938590,-16.320017,0.134604,19.999859,2.151655
6491,0.684897,0.725842,nan,0.134604,nan,1.809902
6492,0.757677,0.607825,-16.180035,0.134586,22.789803,1.941339
6493,0.554567,0.755596,nan,0.134586,nan,1.498406
6494,0.927941,0.797491,-17.055756,0.134568,21.506618,2.318063
6495,0.705831,0.677309,nan,0.134568,nan,1.873448
6496,0.703630,0.597804,-16.055317,0.134550,22.796049,1.841432
6497,0.884437,0.874089,nan,0.134550,nan,2.220611
6498,1.092423,1.149856,-16.916100,0.134532,19.393955,2.635941
6499,0.627165,0.819208,nan,0.134532,nan,1.682051
6500,1.090113,0.903576,-17.834377,0.134514,22.401937,2.604867
6501,0.537127,0.946984,nan,0.134514,nan,1.508176
6502,0.626028,0.733196,-16.176559,0.134497,20.460438,1.698511
6503,1.068852,0.982221,nan,0.134497,nan,2.574750
6504,0.681381,0.896819,-16.362679,0.134479,22.501144,1.822106
6505,0.790680,0.808640,nan,0.134479,nan,2.026293
6506,1.021830,0.788843,-15.734225,0.134461,21.466312,2.515048
6507,0.797473,0.740520,nan,0.134461,nan,2.046385
6508,1.274631,0.750979,-14.874428,0.134443,21.778431,3.010201
6509,0.970514,0.739802,nan,0.134443,nan,2.400178
6510,0.926936,1.171194,-15.403252,0.134425,20.558832,2.283864
6511,0.807089,0.676061,nan,0.134425,nan,2.042252
6512,0.787835,0.877123,-16.409678,0.134408,22.833122,2.031594
6513,0.783063,0.841050,nan,0.134408,nan,2.016037
6514,0.870675,0.672366,-14.285034,0.134390,22.494568,2.172826
6515,0.744621,0.963740,nan,0.134390,nan,1.918800
6516,0.823700,0.628957,-14.946419,0.134372,19.830395,2.100977
6517,0.663439,0.694111,nan,0.134372,nan,1.750876
6518,0.792885,1.089698,-15.844067,0.134354,21.932999,1.981873
6519,0.717862,0.586217,nan,0.134354,nan,1.868589
6520,0.746778,0.807105,-16.705906,0.134336,23.460922,1.923028
6521,0.785846,1.069453,nan,0.134336,nan,1.975857
6522,0.619251,0.726228,-15.541931,0.134319,20.412167,1.665342
6523,0.604677,0.609415,nan,0.134319,nan,1.629271
6524,0.766440,0.782482,-17.203243,0.134301,21.679409,1.948803
6525,0.946133,0.797050,nan,0.134301,nan,2.326734
6526,1.235562,0.693174,-16.069077,0.134283,22.802773,2.913741
6527,0.679861,0.625298,nan,0.134283,nan,1.781297
6528,0.822257,1.111004,-13.115296,0.134265,22.969322,2.081384
6529,1.184572,0.519585,nan,0.134265,nan,2.835337
6530,0.681303,0.781158,-15.378834,0.134247,22.331825,1.800579
6531,0.736929,0.648618,nan,0.134247,nan,1.928244
6532,0.992732,0.850421,-17.520447,0.134229,23.452263,2.430816
6533,0.500219,0.542296,nan,0.134229,nan,1.407924
6534,1.141989,0.783112,-15.453671,0.134211,22.157869,2.733259
6535,0.832863,0.554000,nan,0.134211,nan,2.115516
6536,0.801793,0.672515,-15.417272,0.134193,21.884998,2.042166
6537,0.898610,0.786984,nan,0.134193,nan,2.254271
6538,0.905560,1.101425,-14.610606,0.134175,20.122452,2.251352
6539,0.583932,0.622760,nan,0.134175,nan,1.576146
6540,0.644942,0.842664,-15.862217,0.134158,21.579760,1.727965
6541,0.514079,0.822841,nan,0.134158,nan,1.432467
6542,0.767609,0.692947,-14.835136,0.134140,20.695515,1.969504
6543,0.829685,1.087193,nan,0.134140,nan,2.065803
6544,0.670545,1.586976,-15.612595,0.134122,22.971437,1.771845
6545,0.966031,0.854053,nan,0.134122,nan,2.364066
6546,0.709159,0.703231,-17.333477,0.134104,21.479315,1.870622
6547,1.022989,0.987151,nan,0.134104,nan,2.458272
6548,1.098566,0.746959,-16.519651,0.134086,22.201012,2.636863
6549,0.936470,0.918103,nan,0.134086,nan,2.326118
6550,0.956695,0.724128,-13.957266,0.134069,22.214474,2.364661
6551,0.965958,0.896297,nan,0.134069,nan,2.409206
6552,0.594229,0.750871,-16.236271,0.134051,22.028847,1.612837
6553,0.995088,0.806788,nan,0.134051,nan,2.451892
6554,0.721441,0.766083,-16.461826,0.134033,22.437260,1.859424
6555,0.707138,0.759621,nan,0.134033,nan,1.841335
6556,0.829095,0.886253,-16.197659,0.134015,22.792511,2.080015
6557,0.490498,0.483586,nan,0.134015,nan,1.360764
6558,0.755470,1.082933,-15.569435,0.133997,20.215988,1.964920
6559,0.937911,0.951186,nan,0.133997,nan,2.326428
6560,0.626643,0.730594,-15.854563,0.133980,21.498188,1.714483
6561,0.657234,0.668062,nan,0.133980,nan,1.744145
6562,0.763580,0.863828,-16.692078,0.133962,22.902653,1.963722
6563,0.646622,0.640822,nan,0.133962,nan,1.715818
6564,0.825625,1.079044,-14.888945,0.133944,21.733810,2.058587
6565,0.781530,0.875984,nan,0.133944,nan,1.992887
6566,1.120761,0.847359,-14.314175,0.133926,21.531788,2.677131
6567,0.827636,0.776611,nan,0.133926,nan,2.064031
6568,0.575521,0.629741,-15.931187,0.133909,22.267761,1.544070
6569,0.841339,0.636722,nan,0.133909,nan,2.129797
6570,0.754209,0.724789,-15.769983,0.133891,22.095798,1.893837
6571,0.679781,0.684747,nan,0.133891,nan,1.770361
6572,0.795271,0.917826,-16.506058,0.133873,21.659235,2.001536
6573,0.580095,0.505899,nan,0.133873,nan,1.561027
6574,0.990667,0.688704,-17.396687,0.133855,23.169468,2.389105
6575,0.816216,0.887469,nan,0.133855,nan,2.067897
6576,0.736549,0.765062,-16.416615,0.133838,21.829163,1.912169
6577,0.765527,0.686802,nan,0.133838,nan,1.964749
6578,0.621283,0.709190,-15.692072,0.133820,21.541912,1.668281
6579,0.949449,0.822700,nan,0.133820,nan,2.345479
6580,0.933162,0.694704,-16.175835,0.133802,20.698036,2.293811
6581,0.849113,0.835446,nan,0.133802,nan,2.139807
6582,0.826004,0.621149,-15.312727,0.133785,20.191673,2.096936
6583,0.878740,0.959925,nan,0.133785,nan,2.193242
6584,0.724458,0.654123,-16.824718,0.133767,21.993740,1.860892
6585,0.896549,0.601145,nan,0.133767,nan,2.207890
6586,0.517604,0.666475,-15.674496,0.133749,22.706814,1.426628
6587,0.786016,0.502110,nan,0.133749,nan,1.975057
6588,0.571627,0.538198,-16.781368,0.133732,21.327768,1.535712
6589,0.777341,0.850804,nan,0.133732,nan,1.962971
6590,0.503426,0.693108,-16.223995,0.133714,24.339802,1.374015
6591,0.901750,0.803116,nan,0.133714,nan,2.239051
6592,0.891446,0.839298,-16.160803,0.133697,21.204506,2.232911
6593,0.647617,0.574632,nan,0.133697,nan,1.707662
6594,0.603439,0.602303,-14.890445,0.133679,22.860580,1.640935
6595,0.977089,0.907944,nan,0.133679,nan,2.363077
6596,0.841110,0.811127,-15.734579,0.133661,25.059031,2.085920
6597,0.658705,0.775832,nan,0.133661,nan,1.718604
6598,0.662710,0.653368,-16.871708,0.133643,20.832413,1.766363
6599,0.869642,0.704543,nan,0.133643,nan,2.161077
6600,0.957549,0.739841,-16.764442,0.133626,21.103863,2.314152
6601,0.938901,0.777851,nan,0.133626,nan,2.322171
6602,0.598013,0.537136,-13.515761,0.133608,22.243797,1.605591
6603,1.049138,0.924002,nan,0.133608,nan,2.549983
6604,1.325436,0.942895,-13.698074,0.133590,21.677048,3.121154
6605,0.736356,1.265379,nan,0.133590,nan,1.905993
6606,0.869066,0.866723,-15.950911,0.133573,20.732424,2.203827
6607,0.704606,0.843962,nan,0.133573,nan,1.862818
6608,0.783992,0.814110,-17.698851,0.133555,23.465120,1.991967
6609,1.184917,0.803101,nan,0.133555,nan,2.807446
6610,0.782687,0.786559,-15.903503,0.133537,21.583218,2.001582
6611,0.707536,0.762727,nan,0.133537,nan,1.866850
6612,0.900185,0.748114,-16.459412,0.133520,20.846741,2.254511
6613,0.823874,0.745514,nan,0.133520,nan,2.074558
6614,0.831136,0.683645,-15.900240,0.133502,21.719212,2.079982
6615,0.706319,0.996038,nan,0.133502,nan,1.846017
6616,0.537112,0.686930,-15.819983,0.133485,22.682034,1.491567
6617,0.885288,0.742564,nan,0.133485,nan,2.218818
6618,0.700158,0.803439,-12.235834,0.133467,19.881203,1.815304
6619,1.359077,0.672409,nan,0.133467,nan,3.179948
6620,1.220275,0.977553,-15.602254,0.133450,21.815571,2.872288
6621,0.707831,1.070495,nan,0.133450,nan,1.857894
6622,0.987467,0.759561,-17.036636,0.133432,22.991703,2.426562
6623,0.655087,0.618232,nan,0.133432,nan,1.724565
6624,0.841389,0.942720,-15.890249,0.133415,23.498615,2.106218
6625,0.853162,1.255413,nan,0.133415,nan,2.151942
6626,0.548317,0.699680,-14.886094,0.133397,22.935917,1.512781
6627,1.023293,0.652542,nan,0.133397,nan,2.516662
6628,0.541734,0.760613,-16.746716,0.133380,21.147930,1.511436
6629,1.134314,0.615173,nan,0.133380,nan,2.723146
6630,0.875574,0.589495,-15.411167,0.133362,21.238544,2.212274
6631,0.888235,0.962080,nan,0.133362,nan,2.223123
6632,0.659985,0.631138,-15.802297,0.133345,21.255554,1.769736
6633,0.768965,0.747855,nan,0.133345,nan,1.995275
6634,0.963160,0.939115,-15.592745,0.133327,20.953213,2.372876
6635,0.817946,0.884232,nan,0.133327,nan,2.086341
6636,0.748573,0.792470,-17.075693,0.133310,24.142803,1.951825
6637,0.621735,0.569617,nan,0.133310,nan,1.670622
6638,0.526096,0.488491,-16.034866,0.133292,21.735523,1.506656
6639,0.681601,0.720192,nan,0.133292,nan,1.816062
6640,0.712581,0.681010,-16.039515,0.133275,22.173834,1.846983
6641,0.744093,0.582853,nan,0.133275,nan,1.942937
6642,0.607096,0.568567,-15.751861,0.133257,23.891218,1.648502
6643,1.283954,0.952005,nan,0.133257,nan,3.008260
6644,0.729674,0.634269,-14.545371,0.133240,22.727535,1.891291
6645,1.272922,0.650636,nan,0.133240,nan,3.017920
6646,1.078128,0.785538,-14.922915,0.133222,22.296867,2.608183
6647,0.687181,0.994921,nan,0.133222,nan,1.819063
6648,0.656404,0.622276,-15.679228,0.133205,21.250828,1.745514
6649,0.730944,0.955122,nan,0.133205,nan,1.935587
6650,0.921689,1.056111,-15.897153,0.133187,22.844212,2.304542
6651,0.795120,0.927254,nan,0.133187,nan,2.027702
6652,0.852543,0.722184,-15.079960,0.133169,22.286053,2.150981
6653,0.586132,0.816714,nan,0.133169,nan,1.611631
6654,0.794501,0.735395,-14.952692,0.133152,21.950926,2.036706
6655,0.896658,0.645626,nan,0.133152,nan,2.244070
6656,0.751020,0.893154,-15.271770,0.133134,22.662722,1.959190
6657,0.563225,0.749405,nan,0.133134,nan,1.554367
6658,0.560827,0.653877,-14.481705,0.133117,21.556957,1.559811
6659,0.729862,1.121040,nan,0.133117,nan,1.912910
6660,0.597283,0.645567,-14.937702,0.133099,21.997124,1.635510
6661,0.734514,0.647061,nan,0.133099,nan,1.924789
6662,0.803301,1.002861,-16.251240,0.133082,22.774725,2.057860
6663,0.758555,0.572298,nan,0.133082,nan,1.974776
6664,0.821753,0.699238,-14.569912,0.133064,22.746136,2.094804
6665,0.732455,0.523950,nan,0.133064,nan,1.934400
6666,0.529474,0.526242,-15.953695,0.133047,22.096825,1.488517
6667,0.654951,0.684420,nan,0.133047,nan,1.761296
6668,0.773860,0.923864,-16.649563,0.133029,22.896015,2.007461
6669,0.842997,0.655472,nan,0.133029,nan,2.146188
6670,0.713363,0.838312,-16.283779,0.133012,23.071205,1.899544
6671,0.730820,0.753407,nan,0.133012,nan,1.896879
6672,0.567570,0.522669,-16.632360,0.132994,23.427410,1.608064
6673,0.718435,0.685838,nan,0.132994,nan,1.873978
6674,0.835744,0.835123,-14.012310,0.132976,23.370296,2.130361
6675,0.820700,0.992869,nan,0.132976,nan,2.133288
6676,0.876976,0.967511,-15.680493,0.132959,21.909782,2.233826
6677,0.617033,0.651022,nan,0.132959,nan,1.694365
6678,0.713980,0.710850,-15.639526,0.132941,23.296490,1.898106
6679,0.537177,0.697794,nan,0.132941,nan,1.519653
6680,0.877535,0.648965,-13.764817,0.132923,20.756475,2.208112
6681,0.507793,0.562802,nan,0.132923,nan,1.429245
6682,0.725402,0.563942,-15.877945,0.132906,22.691576,1.898065
6683,0.927744,0.906272,nan,0.132906,nan,2.328979
6684,0.893195,0.682879,-15.090015,0.132888,22.056923,2.257996
6685,0.649898,0.580120,nan,0.132888,nan,1.753477
6686,0.551049,0.492696,-14.771563,0.132871,22.058159,1.537840
6687,0.570549,0.582353,nan,0.132871,nan,1.584997
6688,0.697616,0.677415,-15.930283,0.132853,22.255934,1.855199
6689,0.673590,0.639305,nan,0.132853,nan,1.830025
6690,0.514998,0.673438,-14.094990,0.132836,22.829742,1.462471
6691,0.740422,0.855218,nan,0.132836,nan,1.932917
6692,0.859106,0.805413,-15.876095,0.132818,21.240223,2.166605
6693,0.834377,0.564334,nan,0.132818,nan,2.097285
6694,0.623066,0.647863,-16.616322,0.132801,23.456381,1.665826
6695,0.914191,1.060482,nan,0.132801,nan,2.298244
6696,0.990458,0.711067,-15.032444,0.132783,23.763603,2.447176
6697,0.547645,0.700777,nan,0.132783,nan,1.531494
6698,0.890815,0.998389,-15.784749,0.132766,20.391083,2.264192
6699,0.759147,0.799978,nan,0.132766,nan,1.975446
6700,0.743447,0.747568,-15.410504,0.132748,22.254665,1.965789
6701,0.621302,0.622187,nan,0.132748,nan,1.710125
6702,0.579167,0.538851,-14.684016,0.132731,22.596531,1.583304
6703,0.631899,0.685149,nan,0.132731,nan,1.710819
6704,0.664026,0.821987,-15.400198,0.132713,24.622335,1.778904
6705,0.651626,0.572958,nan,0.132713,nan,1.770369
6706,0.753644,0.785416,-16.735853,0.132696,24.498959,1.971787
6707,0.685148,0.678480,nan,0.132696,nan,1.832797
6708,0.578357,0.542334,-15.970367,0.132678,24.570763,1.600303
6709,0.539434,0.578562,nan,0.132678,nan,1.511626
6710,0.556473,0.659360,-15.104918,0.132660,22.691677,1.531016
6711,0.699860,0.678330,nan,0.132660,nan,1.871648
6712,0.486432,0.595341,-15.487556,0.132642,24.424206,1.373082
6713,0.575325,0.592397,nan,0.132642,nan,1.597879
6714,0.806216,0.710509,-16.342632,0.132625,22.746319,2.045607
6715,0.908357,1.127573,nan,0.132625,nan,2.278753
6716,0.591233,0.982126,-14.522367,0.132607,22.921146,1.599668
6717,0.806099,0.816315,nan,0.132607,nan,2.054622
6718,0.767650,1.047127,-14.496185,0.132589,23.428926,1.976528
6719,1.102942,0.663165,nan,0.132589,nan,2.697264
6720,0.902021,0.603594,-17.166187,0.132571,25.224020,2.273631
6721,0.905317,0.698764,nan,0.132571,nan,2.271853
6722,1.008351,0.666203,-16.824207,0.132553,24.768490,2.462693
6723,1.063008,1.070134,nan,0.132553,nan,2.603159
6724,0.740897,0.782255,-13.723283,0.132535,23.689177,1.924103
6725,0.835659,0.788912,nan,0.132535,nan,2.113523
6726,0.720145,0.947865,-13.799076,0.132517,20.501389,1.862811
6727,0.942091,0.915579,nan,0.132517,nan,2.336674
6728,0.780151,0.829546,-15.475908,0.132500,22.256676,2.010120
6729,0.572227,0.622835,nan,0.132500,nan,1.576158
6730,0.826658,0.846574,-15.164296,0.132482,21.935314,2.095463
6731,0.517730,0.539334,nan,0.132482,nan,1.460839
6732,0.795522,1.053577,-14.479732,0.132464,23.067501,2.058168
6733,0.856776,0.774287,nan,0.132464,nan,2.159957
6734,0.588481,0.605018,-15.750973,0.132446,24.245213,1.592379
6735,0.686267,0.622099,nan,0.132446,nan,1.817901
6736,0.782716,0.830355,-15.422043,0.132429,22.627333,2.015471
6737,0.808786,0.646910,nan,0.132429,nan,2.048092
6738,0.872874,1.228747,-14.570995,0.132411,21.889585,2.215692
6739,0.662965,0.628877,nan,0.132411,nan,1.739231
6740,0.741784,1.292883,-14.530313,0.132394,21.518860,1.898702
6741,0.571947,0.920105,nan,0.132394,nan,1.564157
6742,0.698333,0.640815,-15.669348,0.132376,23.847996,1.829037
6743,0.507774,0.688689,nan,0.132376,nan,1.436321
6744,0.453491,0.451244,-15.992315,0.132358,23.365257,1.342133
6745,0.653436,0.691826,nan,0.132358,nan,1.722988
6746,0.761970,0.647558,-15.999212,0.132341,22.962606,1.942710
6747,0.737618,0.640504,nan,0.132341,nan,1.899620
6748,0.663447,0.679548,-14.254501,0.132323,23.560890,1.772056
6749,0.799431,0.929975,nan,0.132323,nan,2.051640
6750,0.863335,0.744691,-14.807475,0.132306,22.045187,2.170729
6751,0.823398,0.674578,nan,0.132306,nan,2.084442
6752,0.699011,0.642422,-17.444786,0.132288,23.550945,1.826709
6753,0.966073,1.026573,nan,0.132288,nan,2.397948
6754,0.716490,1.039432,-17.176846,0.132271,21.576523,1.877834
6755,0.908485,0.751085,nan,0.132271,nan,2.253927
6756,0.614997,0.790152,-15.462239,0.132253,20.855146,1.645712
6757,1.356853,0.906887,nan,0.132253,nan,3.144518
6758,0.904206,0.666475,-15.856710,0.132236,20.570484,2.235530
6759,0.576448,0.547590,nan,0.132236,nan,1.580586
6760,0.708917,0.754252,-15.074703,0.132219,24.635292,1.869264
6761,0.568774,0.545218,nan,0.132219,nan,1.559567
6762,0.735263,0.661698,-15.627319,0.132201,22.930214,1.903793
6763,0.905001,0.737769,nan,0.132201,nan,2.262187
6764,0.773355,0.766690,-14.713442,0.132184,22.693806,1.989210
6765,0.768323,0.607810,nan,0.132184,nan,1.963292
6766,1.015459,1.080382,-15.785637,0.132167,22.325623,2.481284
6767,0.605992,0.514605,nan,0.132167,nan,1.640939
6768,0.830558,0.754637,-17.874577,0.132149,23.976318,2.117557
6769,1.006918,1.009398,nan,0.132149,nan,2.462406
6770,1.104632,0.920959,-16.001635,0.132132,24.542067,2.644520
6771,0.804216,0.815120,nan,0.132132,nan,2.043912
6772,0.857803,0.570424,-15.210840,0.132114,21.863104,2.146423
6773,0.611346,0.549589,nan,0.132114,nan,1.648221
6774,0.995367,0.920354,-16.415085,0.132097,19.910805,2.422039
6775,0.838970,0.766065,nan,0.132097,nan,2.106077
6776,0.858096,0.790198,-15.329632,0.132080,22.288887,2.151546
6777,0.819028,0.760073,nan,0.132080,nan,2.072737
6778,0.836655,0.562402,-14.982223,0.132063,24.502283,2.110639
6779,0.764385,0.626650,nan,0.132063,nan,1.956795
6780,0.748850,0.593182,-15.846143,0.132045,23.182003,1.909189
6781,0.758620,0.761998,nan,0.132045,nan,1.953029
6782,0.615890,0.593732,-15.025644,0.132028,22.172829,1.635280
6783,0.819289,0.701185,nan,0.132028,nan,2.075652
6784,0.681960,0.627196,-14.187271,0.132011,25.636908,1.776189
6785,1.272497,0.882932,nan,0.132011,nan,2.979448
6786,1.092975,0.796150,-15.923700,0.131993,22.822704,2.633878
6787,0.662415,0.953508,nan,0.131993,nan,1.731589
6788,1.054134,1.102395,-15.815104,0.131976,23.470503,2.543230
6789,1.020680,0.897142,nan,0.131976,nan,2.464162
6790,0.728413,0.997160,-15.812650,0.131958,24.329487,1.882740
6791,0.679682,0.942357,nan,0.131958,nan,1.771438
6792,0.800134,0.903666,-13.604833,0.131941,23.291069,2.038731
6793,0.925458,1.032105,nan,0.131941,nan,2.270172
6794,1.397739,0.893312,-15.140841,0.131923,23.328367,3.239112
6795,1.004862,0.855662,nan,0.131923,nan,2.464438
6796,0.576950,0.575366,-17.367338,0.131906,24.767773,1.575422
6797,1.127830,1.079262,nan,0.131906,nan,2.685165
6798,0.483566,0.638368,-15.837130,0.131888,21.558350,1.370980
6799,0.789278,0.834183,nan,0.131888,nan,2.016331
6800,0.629569,0.620326,-16.102348,0.131871,21.069138,1.695832
6801,0.629402,0.691055,nan,0.131871,nan,1.671380
6802,0.605543,0.698184,-16.591715,0.131854,21.976875,1.635334
6803,0.754484,0.512758,nan,0.131854,nan,1.931104
6804,0.838802,0.771727,-15.819071,0.131836,21.263998,2.128897
6805,0.727597,0.680180,nan,0.131836,nan,1.867234
6806,0.879325,0.880280,-16.279625,0.131819,23.639217,2.207194
6807,0.663410,0.695421,nan,0.131819,nan,1.731594
6808,0.413201,0.365811,-15.147338,0.131802,22.013298,1.221654
6809,0.528745,0.674303,nan,0.131802,nan,1.472890
6810,1.011571,1.008241,-14.525523,0.131785,23.542097,2.474939
6811,0.709347,1.061702,nan,0.131785,nan,1.846931
6812,0.741996,0.744786,-15.343409,0.131768,23.723942,1.901234
6813,0.665906,0.648432,nan,0.131768,nan,1.757927
6814,0.939112,1.038604,-16.573832,0.131750,21.822865,2.317582
6815,0.808167,0.990509,nan,0.131750,nan,2.043995
6816,0.760680,1.057130,-14.832973,0.131733,22.093704,1.965053
6817,0.952024,0.967823,nan,0.131733,nan,2.357220
6818,0.749215,0.968413,-15.872165,0.131716,21.773163,1.927485
6819,0.613472,0.612849,nan,0.131716,nan,1.650970
6820,0.867862,1.008214,-17.260872,0.131699,24.219488,2.174026
6821,0.953259,0.861296,nan,0.131699,nan,2.348636
6822,0.906930,0.634791,-16.684849,0.131682,22.058168,2.255651
6823,0.572728,0.921965,nan,0.131682,nan,1.559581
6824,1.283399,0.851096,-14.538931,0.131665,22.614693,3.017062
6825,0.633721,0.796435,nan,0.131665,nan,1.681645
6826,0.774384,1.108220,-15.554712,0.131648,21.610439,1.981980
6827,1.034233,0.729927,nan,0.131648,nan,2.525669
6828,0.875314,0.836469,-17.591745,0.131631,25.591818,2.190241
6829,0.680602,0.640728,nan,0.131631,nan,1.788455
6830,1.051092,0.883095,-16.220585,0.131613,22.599781,2.534747
6831,0.686102,0.615573,nan,0.131613,nan,1.808111
6832,0.609669,0.615316,-14.060190,0.131596,22.185968,1.626614
6833,1.102762,1.117882,nan,0.131596,nan,2.637475
6834,0.730419,0.824649,-15.545485,0.131579,24.286961,1.893860
6835,0.599229,0.647958,nan,0.131579,nan,1.593045
6836,0.821756,0.774956,-16.012741,0.131562,24.400040,2.062360
6837,0.722152,0.700111,nan,0.131562,nan,1.866473
6838,0.664936,0.712566,-15.060322,0.131545,22.638159,1.760925
6839,0.647872,0.701095,nan,0.131545,nan,1.708151
6840,0.824236,0.707304,-15.852029,0.131527,23.002712,2.061891
6841,0.820189,0.672737,nan,0.131527,nan,2.060602
6842,0.896208,0.930554,-17.148605,0.131510,23.136147,2.226796
6843,0.898193,0.812298,nan,0.131510,nan,2.215379
6844,0.597490,0.528089,-15.161222,0.131493,23.653801,1.631983
6845,0.729195,0.697806,nan,0.131493,nan,1.888978
6846,0.541977,0.763196,-15.313807,0.131476,21.558384,1.511425
6847,0.842417,0.763784,nan,0.131476,nan,2.140962
6848,0.504340,0.584231,-16.288424,0.131458,25.180271,1.431347
6849,0.660816,0.561423,nan,0.131458,nan,1.747518
6850,0.567132,0.511441,-15.674601,0.131441,23.167765,1.555195
6851,0.738704,0.800311,nan,0.131441,nan,1.890353
6852,0.674951,0.778064,-15.056305,0.131424,22.321995,1.780382
6853,0.689489,0.703285,nan,0.131424,nan,1.791132
6854,0.988343,0.910069,-16.125156,0.131407,21.742970,2.391696
6855,0.843208,0.527039,nan,0.131407,nan,2.137615
6856,0.988390,0.805564,-15.436117,0.131390,23.644371,2.401461
6857,0.711281,0.740088,nan,0.131390,nan,1.829234
6858,1.120928,0.893850,-15.603065,0.131373,23.109873,2.694277
6859,0.543242,1.097968,nan,0.131373,nan,1.449984
6860,0.667168,1.002778,-15.958925,0.131355,22.155037,1.744399
6861,0.702185,0.740946,nan,0.131355,nan,1.826089
6862,0.667828,0.941292,-17.513153,0.131338,23.108089,1.781804
6863,0.802554,0.731510,nan,0.131338,nan,2.056244
6864,0.753553,0.735304,-16.148130,0.131321,23.630243,1.940012
6865,0.843301,0.913301,nan,0.131321,nan,2.128272
6866,0.807516,0.503764,-15.526364,0.131304,25.779194,2.043789
6867,0.804128,0.832141,nan,0.131304,nan,2.040142
6868,0.664852,0.769584,-15.573626,0.131287,23.489672,1.773036
6869,0.468986,0.487602,nan,0.131287,nan,1.290805
6870,0.824027,0.920924,-16.779715,0.131269,23.299326,2.042787
6871,0.674699,0.592157,nan,0.131269,nan,1.799742
6872,0.775915,0.805361,-15.706516,0.131252,22.365402,1.983453
6873,0.689042,0.851362,nan,0.131252,nan,1.790684
6874,0.863091,0.881252,-16.207247,0.131235,23.185692,2.146094
6875,0.606799,0.618781,nan,0.131235,nan,1.623280
6876,0.527171,0.694909,-16.621599,0.131218,23.960449,1.456972
6877,0.756378,0.532309,nan,0.131218,nan,1.932584
6878,0.675994,0.718408,-14.641985,0.131201,23.265182,1.781463
6879,0.669884,0.676835,nan,0.131201,nan,1.735533
6880,0.689214,0.699653,-15.636175,0.131183,23.074734,1.784274
6881,0.914267,0.956911,nan,0.131183,nan,2.243104
6882,0.783768,0.810292,-16.422829,0.131166,21.933559,1.994454
6883,0.633806,0.675254,nan,0.131166,nan,1.694327
6884,0.521373,0.512486,-16.224415,0.131149,25.983154,1.465364
6885,0.553350,0.600632,nan,0.131149,nan,1.529129
6886,0.663173,0.550217,-16.438740,0.131132,21.706841,1.735181
6887,0.759175,0.605030,nan,0.131132,nan,1.953093
6888,0.725186,0.624492,-15.753412,0.131115,21.860924,1.873651
6889,0.522856,0.476469,nan,0.131115,nan,1.457790
6890,0.572883,0.597129,-15.887856,0.131097,26.117577,1.551050
6891,0.606463,0.864060,nan,0.131097,nan,1.641778
6892,0.692465,0.723748,-15.984678,0.131080,21.609577,1.753828
6893,0.765900,0.825162,nan,0.131080,nan,1.947158
6894,0.679598,0.728559,-16.679920,0.131063,23.348602,1.775580
6895,0.746403,0.783229,nan,0.131063,nan,1.901281
6896,0.731840,0.646628,-16.642071,0.131046,23.872692,1.886719
6897,0.563958,0.555486,nan,0.131046,nan,1.535087
6898,0.485861,0.615036,-14.391806,0.131029,22.667124,1.357511
6899,0.693128,0.544827,nan,0.131029,nan,1.812457
6900,0.605433,0.858325,-14.513918,0.131012,23.477612,1.623217
6901,0.724520,0.667785,nan,0.131012,nan,1.881979
6902,0.596202,0.595629,-16.188091,0.130995,24.168648,1.611300
6903,0.575970,0.719512,nan,0.130995,nan,1.576556
6904,0.689151,0.448043,-14.810774,0.130978,22.383587,1.822546
6905,0.870645,0.937883,nan,0.130978,nan,2.177790
6906,0.830132,0.820892,-14.897300,0.130960,24.483120,2.090468
6907,0.651680,0.524356,nan,0.130960,nan,1.724947
6908,0.517592,0.797534,-15.714242,0.130943,23.813416,1.439142
6909,1.065008,1.002609,nan,0.130943,nan,2.579571
6910,0.809158,0.835038,-16.173916,0.130926,24.458527,2.037674
6911,0.927300,0.924078,nan,0.130926,nan,2.269409
6912,0.652427,0.686491,-14.926563,0.130909,25.333870,1.724357
6913,1.173393,1.077167,nan,0.130909,nan,2.800629
6914,1.148352,0.625099,-15.125994,0.130891,24.193577,2.747123
6915,0.810093,0.784703,nan,0.130891,nan,2.072042
6916,0.664903,0.410359,-16.200226,0.130874,23.240376,1.762044
6917,0.741931,0.731277,nan,0.130874,nan,1.895235
6918,0.823626,0.902861,-15.956596,0.130857,21.825533,2.071465
6919,1.004274,1.165849,nan,0.130857,nan,2.466679
6920,0.849240,0.834084,-15.826346,0.130840,24.496223,2.121613
6921,0.693396,0.706601,nan,0.130840,nan,1.806649
6922,0.675799,0.633972,-16.377918,0.130822,24.113155,1.756902
6923,0.632898,0.593990,nan,0.130822,nan,1.683768
6924,0.627514,0.559136,-16.087223,0.130805,23.223680,1.648662
6925,0.669516,0.645307,nan,0.130805,nan,1.762046
6926,0.691396,0.695589,-17.107685,0.130788,23.584003,1.816313
6927,0.841033,0.733439,nan,0.130788,nan,2.088811
6928,0.861508,0.672138,-15.691019,0.130771,23.241184,2.151654
6929,0.441450,0.484969,nan,0.130771,nan,1.297422
6930,0.718132,0.590270,-15.626203,0.130754,23.350689,1.870274
6931,0.868368,0.857191,nan,0.130754,nan,2.164553
6932,0.546859,0.530256,-16.376339,0.130736,25.266853,1.529881
6933,0.677552,0.648859,nan,0.130736,nan,1.784804
6934,0.600245,0.643816,-16.011017,0.130719,24.869125,1.596696
6935,0.574791,0.703176,nan,0.130719,nan,1.531394
6936,0.706046,0.721511,-16.068272,0.130702,21.833782,1.807345
6937,0.762760,0.601034,nan,0.130702,nan,1.952101
6938,0.678378,0.721444,-15.253362,0.130685,25.276588,1.769523
6939,0.675535,0.690211,nan,0.130685,nan,1.771334
6940,0.993891,1.040219,-15.182602,0.130667,25.066679,2.397917
6941,0.466196,0.814130,nan,0.130667,nan,1.324764
6942,0.772945,0.676804,-15.003559,0.130650,23.427519,1.983671
6943,0.948565,0.651708,nan,0.130650,nan,2.324293
6944,0.775477,0.764126,-16.295975,0.130633,22.751816,1.981449
6945,0.829812,0.604982,nan,0.130633,nan,2.100886
6946,0.971142,0.706059,-15.588123,0.130616,23.999397,2.378546
6947,0.573101,0.530871,nan,0.130616,nan,1.556993
6948,0.561610,0.520543,-16.244764,0.130598,24.263813,1.533558
6949,0.586373,0.560504,nan,0.130598,nan,1.577387
6950,0.658349,0.695430,-17.503754,0.130581,23.008287,1.730184
6951,0.887178,1.406278,nan,0.130581,nan,2.182498
6952,0.555218,0.842025,-16.351904,0.130564,23.005579,1.534682
6953,0.674834,0.595928,nan,0.130564,nan,1.762417
6954,0.763167,0.911228,-15.322043,0.130547,24.089622,1.933368
6955,0.584902,0.476359,nan,0.130547,nan,1.576838
6956,0.485868,0.587076,-16.541752,0.130530,25.151302,1.351029
6957,0.589379,0.534547,nan,0.130530,nan,1.606217
6958,0.807889,0.802743,-16.478508,0.130512,23.506910,2.030229
6959,0.472058,0.478318,nan,0.130512,nan,1.336462
6960,0.492480,0.539768,-14.687930,0.130495,22.250820,1.381736
6961,0.575702,0.562992,nan,0.130495,nan,1.544126
6962,0.561828,0.569462,-16.310150,0.130478,22.550915,1.514879
6963,0.675100,0.885832,nan,0.130478,nan,1.770444
6964,0.830138,0.806143,-16.074877,0.130461,23.354055,2.076826
6965,0.770803,0.539157,nan,0.130461,nan,1.968041
6966,0.743733,0.576755,-15.478644,0.130444,23.047056,1.901990
6967,0.766041,1.034010,nan,0.130444,nan,1.883541
6968,0.714447,0.624030,-14.483902,0.130427,24.095028,1.824324
6969,0.442650,0.967581,nan,0.130427,nan,1.281507
6970,0.649799,0.765532,-16.028927,0.130410,24.128786,1.682306
6971,0.748340,0.834202,nan,0.130410,nan,1.905241
6972,0.608207,0.612702,-16.216719,0.130393,24.913132,1.616346
6973,0.539608,0.520940,nan,0.130393,nan,1.479464
6974,0.770224,0.481001,-14.610670,0.130376,22.629467,1.937997
6975,0.730222,0.704186,nan,0.130376,nan,1.856886
6976,0.777589,0.903010,-15.479159,0.130359,24.567629,1.928782
6977,0.746552,0.535167,nan,0.130359,nan,1.919247
6978,0.517376,0.440538,-16.741404,0.130342,23.717419,1.415738
6979,0.786991,0.744289,nan,0.130342,nan,2.005316
6980,0.869695,0.873622,-16.722073,0.130325,25.412813,2.181991
6981,0.600182,0.636126,nan,0.130325,nan,1.577684
6982,0.592952,0.651837,-14.420103,0.130308,24.095886,1.574121
6983,0.702045,0.705932,nan,0.130308,nan,1.792038
6984,0.666221,0.899891,-15.478171,0.130291,26.030899,1.743398
6985,0.649380,0.693877,nan,0.130291,nan,1.704537
6986,0.588922,0.609570,-16.050648,0.130273,23.183271,1.579284
6987,0.620714,0.532210,nan,0.130273,nan,1.664817
6988,0.589123,0.699850,-15.044085,0.130256,24.527319,1.548173
6989,0.646361,0.781515,nan,0.130256,nan,1.627549
6990,0.648983,1.003764,-14.544683,0.130239,21.687096,1.688057
6991,0.595724,0.614422,nan,0.130239,nan,1.569379
6992,0.929485,0.938064,-16.123440,0.130222,23.428812,2.269847
6993,0.638048,0.711964,nan,0.130222,nan,1.679751
6994,1.004322,0.731841,-15.024647,0.130205,21.711502,2.424831
6995,0.853866,0.682637,nan,0.130205,nan,2.106647
6996,1.134506,0.804040,-13.630098,0.130188,23.676146,2.684524
6997,1.140486,0.706038,nan,0.130188,nan,2.724676
6998,0.635955,0.651083,-16.071634,0.130171,24.516417,1.671172
6999,0.878101,0.775792,nan,0.130171,nan,2.180413
7000,0.606548,0.762332,-15.731474,0.130154,24.087370,1.624006
7001,0.888904,0.975642,nan,0.130154,nan,2.189153
7002,0.836009,1.027889,-14.712837,0.130137,24.613285,2.065951
7003,0.688436,0.804943,nan,0.130137,nan,1.774507
7004,0.696452,0.595551,-15.287474,0.130120,22.858395,1.791275
7005,0.747786,0.667737,nan,0.130120,nan,1.934836
7006,0.620830,0.570128,-15.418684,0.130104,23.396563,1.642292
7007,0.491107,0.533609,nan,0.130104,nan,1.372621
7008,0.653998,0.686254,-16.100609,0.130087,21.890968,1.743755
7009,0.760697,0.741386,nan,0.130087,nan,1.924012
7010,0.465687,0.437706,-15.977000,0.130070,25.023399,1.313016
7011,0.543252,0.594278,nan,0.130070,nan,1.496974
7012,0.512717,0.513687,-15.979221,0.130053,24.109221,1.430717
7013,0.634124,0.738232,nan,0.130053,nan,1.645439
7014,0.674825,0.591008,-15.807138,0.130036,22.351719,1.755576
7015,0.815407,0.715846,nan,0.130036,nan,2.056752
7016,1.055247,0.952841,-16.362803,0.130019,24.069901,2.542849
7017,0.500910,0.430038,nan,0.130019,nan,1.411862
7018,0.621362,0.554211,-15.853636,0.130002,23.077206,1.651205
7019,0.586195,0.576792,nan,0.130002,nan,1.581737
7020,0.776873,0.635205,-14.849001,0.129986,20.844059,1.969627
7021,0.589297,0.543876,nan,0.129986,nan,1.578597
7022,0.601822,0.721983,-14.332438,0.129969,25.044115,1.604115
7023,1.035986,0.769544,nan,0.129969,nan,2.500657
7024,0.691306,0.627341,-15.987679,0.129952,26.870224,1.755484
7025,0.950121,0.712623,nan,0.129952,nan,2.334196
7026,0.676148,0.522224,-15.303505,0.129935,22.623348,1.779743
7027,0.833120,0.582855,nan,0.129935,nan,2.103679
7028,0.544688,0.448825,-14.912701,0.129919,24.897474,1.502481
7029,0.589769,0.537200,nan,0.129919,nan,1.593516
7030,0.577562,0.529496,-14.374994,0.129902,24.295067,1.548884
7031,0.662281,0.647113,nan,0.129902,nan,1.734877
7032,0.579276,0.544931,-16.714212,0.129885,26.296854,1.575147
7033,0.836271,0.928391,nan,0.129885,nan,2.089481
7034,0.630273,0.721704,-15.037930,0.129867,24.549189,1.685899
7035,0.466879,0.462178,nan,0.129867,nan,1.310181
7036,0.829667,0.730897,-15.258914,0.129850,24.441105,2.078353
7037,0.797231,0.885509,nan,0.129850,nan,2.012311
7038,0.531855,0.605524,-15.583803,0.129833,21.942091,1.459314
7039,0.569753,0.815933,nan,0.129833,nan,1.571372
7040,0.715866,0.883405,-15.291913,0.129817,24.161642,1.837244
7041,0.548230,0.815244,nan,0.129817,nan,1.518245
7042,0.492119,0.480839,-15.341132,0.129800,23.859743,1.381012
7043,0.537968,0.536060,nan,0.129800,nan,1.456171
7044,0.759976,0.720323,-16.054235,0.129783,22.359436,1.926040
7045,0.827893,0.872641,nan,0.129783,nan,2.060626
7046,0.650779,0.785240,-15.631108,0.129766,25.383320,1.677947
7047,0.573500,0.643630,nan,0.129766,nan,1.561430
7048,0.683117,0.692752,-15.307714,0.129749,24.865791,1.769119
7049,0.756321,0.711644,nan,0.129749,nan,1.925338
7050,0.633563,0.598928,-15.205824,0.129732,22.870838,1.649410
7051,0.783974,0.769811,nan,0.129732,nan,1.985897
7052,0.683198,0.577690,-15.594054,0.129715,23.890053,1.791556
7053,0.775633,0.605064,nan,0.129715,nan,2.004341
7054,0.655076,0.609764,-15.590844,0.129698,24.045406,1.734640
7055,0.308100,0.363623,nan,0.129698,nan,1.020733
7056,0.950644,0.813551,-14.099863,0.129682,23.054464,2.343801
7057,0.549613,0.911839,nan,0.129682,nan,1.531031
7058,0.690343,0.770979,-14.506565,0.129665,22.579445,1.793799
7059,0.663776,0.685913,nan,0.129665,nan,1.762434
7060,0.615489,0.731683,-14.998689,0.129648,23.925325,1.663272
7061,1.106898,1.221457,nan,0.129648,nan,2.664930
7062,0.846159,0.564213,-15.414538,0.129631,24.103825,2.141891
7063,0.537296,0.608167,nan,0.129631,nan,1.488927
7064,0.724400,0.799491,-14.860653,0.129615,24.492413,1.890184
7065,0.603652,0.705871,nan,0.129615,nan,1.639814
7066,0.594733,0.611034,-16.105167,0.129598,25.148926,1.604787
7067,0.828582,0.771618,nan,0.129598,nan,2.091786
7068,0.805532,0.803468,-15.616010,0.129581,23.239178,2.044817
7069,0.616902,0.661995,nan,0.129581,nan,1.651809
7070,1.038213,0.656485,-14.249252,0.129564,22.618553,2.530896
7071,0.649006,0.977780,nan,0.129564,nan,1.704589
7072,0.545277,0.633026,-15.612703,0.129548,24.096233,1.503970
7073,0.724634,0.684154,nan,0.129548,nan,1.866960
7074,0.620046,0.721698,-14.801764,0.129531,22.194214,1.650242
7075,0.825765,0.921938,nan,0.129531,nan,2.082360
7076,0.707380,0.889686,-14.984455,0.129514,22.780560,1.812494
7077,0.769691,0.788337,nan,0.129514,nan,1.959999
7078,0.855322,0.771513,-16.265158,0.129498,25.653448,2.123855
7079,0.697006,0.770782,nan,0.129498,nan,1.829479
7080,0.637576,0.735266,-14.771532,0.129481,23.544167,1.673218
7081,0.763926,0.777079,nan,0.129481,nan,1.942186
7082,0.907819,0.951976,-14.511994,0.129464,23.954937,2.251885
7083,0.717606,0.770010,nan,0.129464,nan,1.851441
7084,0.663298,0.719106,-16.124407,0.129448,25.189339,1.751410
7085,0.779634,0.877089,nan,0.129448,nan,1.990045
7086,0.758901,0.718754,-14.782703,0.129431,23.974764,1.938612
7087,1.077674,0.886672,nan,0.129431,nan,2.626827
7088,0.848752,0.636291,-14.880797,0.129414,23.836336,2.134123
7089,0.628352,0.564672,nan,0.129414,nan,1.672019
7090,0.838849,0.606864,-14.769096,0.129398,22.250156,2.107001
7091,0.592211,0.596308,nan,0.129398,nan,1.621729
7092,0.589957,0.563885,-13.946081,0.129381,22.519869,1.613569
7093,0.682266,0.726668,nan,0.129381,nan,1.819639
7094,0.727995,0.588039,-14.868473,0.129365,24.801701,1.893114
7095,0.727254,0.739091,nan,0.129365,nan,1.869662
7096,0.515105,0.594334,-15.214138,0.129348,25.035332,1.442919
7097,0.915498,0.863468,nan,0.129348,nan,2.287014
7098,0.683080,0.745225,-15.994912,0.129331,23.667664,1.803264
7099,1.274386,1.088591,nan,0.129331,nan,3.013753
7100,0.990043,0.529932,-14.848463,0.129315,25.065758,2.430705
7101,0.690598,0.549841,nan,0.129315,nan,1.811839
7102,1.020559,0.865360,-13.613684,0.129298,26.386938,2.508687
7103,1.119969,0.577384,nan,0.129298,nan,2.708717
7104,0.847028,0.806274,-14.861700,0.129281,25.412516,2.148078
7105,0.650116,0.581903,nan,0.129281,nan,1.747571
7106,0.546027,0.520649,-16.038197,0.129264,25.266033,1.512760
7107,0.893875,0.873535,nan,0.129264,nan,2.249209
7108,0.869629,0.796557,-15.636702,0.129247,25.476887,2.176072
7109,0.696242,0.688989,nan,0.129247,nan,1.802496
7110,0.842257,0.940952,-13.791159,0.129230,23.521469,2.109335
7111,0.678264,0.497293,nan,0.129230,nan,1.785378
7112,0.517216,0.495873,-16.298523,0.129213,24.563000,1.443016
7113,0.816594,0.869855,nan,0.129213,nan,2.079765
7114,1.122427,0.997077,-15.567173,0.129196,24.854443,2.689416
7115,1.011533,0.608445,nan,0.129196,nan,2.474981
7116,0.699123,0.784686,-14.054245,0.129179,25.544085,1.829477
7117,0.820934,0.914221,nan,0.129179,nan,2.094834
7118,1.109795,0.960435,-13.304806,0.129162,23.069157,2.675431
7119,0.910897,0.830682,nan,0.129162,nan,2.249453
7120,0.677802,0.747524,-15.475879,0.129145,24.458469,1.770612
7121,0.586501,0.690831,nan,0.129145,nan,1.591125
7122,0.743926,0.814672,-14.948483,0.129129,24.859406,1.910460
7123,0.457979,0.509795,nan,0.129129,nan,1.303266
7124,0.655848,0.453383,-14.606910,0.129112,23.098042,1.736142
7125,0.680187,0.530075,nan,0.129112,nan,1.803881
7126,0.575814,0.480131,-15.960153,0.129095,24.604576,1.584901
7127,0.671178,0.819669,nan,0.129095,nan,1.804125
7128,0.581658,0.862364,-14.999022,0.129078,23.953365,1.579852
7129,0.565786,0.482640,nan,0.129078,nan,1.553007
7130,0.624624,0.692926,-14.136106,0.129061,24.320869,1.670753
7131,0.612396,0.625117,nan,0.129061,nan,1.650186
7132,0.532707,0.499058,-15.131749,0.129045,25.432322,1.485180
7133,0.568800,0.465582,nan,0.129045,nan,1.573276
7134,0.831202,0.777352,-14.996071,0.129028,23.739754,2.095879
7135,0.505807,0.610030,nan,0.129028,nan,1.412876
7136,0.576804,0.594294,-13.429604,0.129011,24.719582,1.576391
7137,0.606085,1.014669,nan,0.129011,nan,1.647889
7138,0.698643,1.071415,-13.602414,0.128994,24.909573,1.813878
7139,0.798064,0.486541,nan,0.128994,nan,2.040704
7140,0.628245,0.386804,-15.781912,0.128977,26.605068,1.694003
7141,0.657550,0.587216,nan,0.128977,nan,1.741685
7142,0.698104,0.660387,-15.949146,0.128960,26.031815,1.857565
7143,0.889021,0.830453,nan,0.128960,nan,2.226950
7144,0.593381,0.756169,-14.937232,0.128943,25.077629,1.618966
7145,0.608335,0.604954,nan,0.128943,nan,1.649768
7146,0.681516,0.546198,-15.462834,0.128926,26.501482,1.835137
7147,0.431523,0.448604,nan,0.128926,nan,1.270985
7148,0.630509,0.642427,-16.353962,0.128909,26.474451,1.719010
7149,0.702144,0.712217,nan,0.128909,nan,1.841835
7150,0.765713,0.649606,-14.673195,0.128892,23.062859,1.990332
7151,0.597523,0.597356,nan,0.128892,nan,1.589151
7152,0.642532,0.543947,-13.685028,0.128875,26.958382,1.729478
7153,0.884983,0.906260,nan,0.128875,nan,2.218094
7154,0.608840,0.739431,-15.213402,0.128858,24.923023,1.636122
7155,0.463860,0.583869,nan,0.128858,nan,1.344555
7156,0.640106,0.683772,-15.723927,0.128841,24.650501,1.703401
7157,0.700598,0.721645,nan,0.128841,nan,1.843696
7158,0.764471,0.837004,-15.181612,0.128824,23.528671,1.954982
7159,0.510643,0.656241,nan,0.128824,nan,1.437650
7160,0.797203,0.882193,-14.246165,0.128807,24.766933,2.025016
7161,0.952940,0.779265,nan,0.128807,nan,2.343575
7162,0.658680,0.547230,-14.793493,0.128790,24.270618,1.754460
7163,0.766553,0.726968,nan,0.128790,nan,1.944274
7164,0.675033,0.707041,-15.319418,0.128773,26.263945,1.776898
7165,0.465856,0.488155,nan,0.128773,nan,1.333410
7166,0.504347,0.650147,-14.576560,0.128756,25.078459,1.419211
7167,0.711659,0.709277,nan,0.128756,nan,1.854645
7168,0.670213,0.721363,-15.144637,0.128739,24.363169,1.771773
7169,0.777285,0.776038,nan,0.128739,nan,1.983608
7170,0.547157,0.729204,-14.300260,0.128722,26.292208,1.508552
7171,0.720598,0.587582,nan,0.128722,nan,1.840863
7172,0.834232,0.785823,-15.275734,0.128705,24.330261,2.105510
7173,0.611466,0.649825,nan,0.128705,nan,1.656996
7174,0.754697,0.633967,-15.812307,0.128688,26.591503,1.944284
7175,0.554282,0.762613,nan,0.128688,nan,1.519355
7176,0.918309,0.964772,-13.614368,0.128671,22.882660,2.282170
7177,0.777457,0.754670,nan,0.128671,nan,1.992866
7178,0.542163,0.815467,-14.064754,0.128654,24.290123,1.482173
7179,0.750780,0.559410,nan,0.128654,nan,1.930936
7180,0.589064,0.566954,-15.033592,0.128637,24.538691,1.596160
7181,0.709291,0.640429,nan,0.128637,nan,1.844315
7182,0.607614,0.672172,-14.116533,0.128620,23.756847,1.641737
7183,0.691790,0.719948,nan,0.128620,nan,1.826638
7184,0.547844,0.542137,-13.545825,0.128603,26.997822,1.519631
7185,0.907944,0.847764,nan,0.128603,nan,2.268466
7186,0.616888,1.086229,-14.705418,0.128586,24.211449,1.656818
7187,0.559162,0.548091,nan,0.128586,nan,1.574207
7188,0.883887,0.775702,-15.125671,0.128570,22.117275,2.239261
7189,0.489319,0.559435,nan,0.128570,nan,1.394860
7190,0.820654,0.601169,-14.498537,0.128553,25.451666,2.055242
7191,0.657733,0.527690,nan,0.128553,nan,1.758902
7192,0.740601,0.766813,-14.427565,0.128536,24.173161,1.890978
7193,0.447138,0.471882,nan,0.128536,nan,1.275957
7194,0.484037,0.490040,-15.362363,0.128520,25.693001,1.385670
7195,0.826168,0.786614,nan,0.128520,nan,2.110665
7196,0.473600,0.495976,-14.719309,0.128503,24.837273,1.375955
7197,0.848730,0.816686,nan,0.128503,nan,2.147437
7198,0.635259,0.547153,-14.122398,0.128486,23.988691,1.688548
7199,0.607828,0.633484,nan,0.128486,nan,1.626246
7200,0.620829,0.616126,-14.899672,0.128470,23.428572,1.690181
7201,0.800496,0.828805,nan,0.128470,nan,2.042899
7202,0.598185,0.551668,-15.581601,0.128453,25.945709,1.633724
7203,0.513183,0.515902,nan,0.128453,nan,1.477830
7204,0.518749,0.561587,-14.704597,0.128436,24.090038,1.471548
7205,0.555648,0.567795,nan,0.128436,nan,1.539076
7206,0.939584,0.749506,-15.387244,0.128420,24.970764,2.347068
7207,0.921638,0.689764,nan,0.128420,nan,2.298761
7208,0.444665,0.367932,-14.580083,0.128403,24.127823,1.308242
7209,0.423136,0.514608,nan,0.128403,nan,1.248091
7210,0.581471,0.605646,-15.004623,0.128386,26.769337,1.599394
7211,0.823303,0.804316,nan,0.128386,nan,2.071528
7212,0.699335,0.661701,-14.101692,0.128370,24.598221,1.841764
7213,0.453038,0.442831,nan,0.128370,nan,1.317310
7214,0.862827,0.839737,-14.495064,0.128353,24.976170,2.164798
7215,0.637123,0.677832,nan,0.128353,nan,1.723248
7216,0.525404,0.512415,-15.517302,0.128336,27.182806,1.479668
7217,0.493686,0.409462,nan,0.128336,nan,1.412699
7218,0.492655,0.620290,-14.767963,0.128319,25.360481,1.386300
7219,0.383423,0.427166,nan,0.128319,nan,1.191182
7220,0.924286,0.943503,-15.120468,0.128302,23.580971,2.311871
7221,0.702840,0.747458,nan,0.128302,nan,1.825197
7222,0.309233,0.334784,-15.496157,0.128286,27.122519,0.990767
7223,0.718428,0.592710,nan,0.128286,nan,1.894497
7224,0.579024,0.601303,-14.100442,0.128269,23.901222,1.626262
7225,0.668049,0.681188,nan,0.128269,nan,1.799826
7226,0.392784,0.431189,-13.666647,0.128252,22.715460,1.176678
7227,0.563235,0.555823,nan,0.128252,nan,1.574811
7228,0.430695,0.443820,-15.095560,0.128235,26.543243,1.269185
7229,0.588249,0.557402,nan,0.128235,nan,1.613352
7230,0.705694,0.821456,-14.265995,0.128219,24.626478,1.846016
7231,0.652819,0.664645,nan,0.128219,nan,1.742089
7232,0.949886,0.961367,-13.205864,0.128202,25.215012,2.364318
7233,0.568862,0.671563,nan,0.128202,nan,1.598166
7234,0.424867,0.383185,-15.576563,0.128185,26.166031,1.273978
7235,0.534536,0.469065,nan,0.128185,nan,1.504789
7236,0.573062,0.619040,-15.086237,0.128168,25.768465,1.570495
7237,0.673999,0.655931,nan,0.128168,nan,1.793054
7238,0.694961,0.669933,-14.716101,0.128152,23.960098,1.858487
7239,0.552705,0.457252,nan,0.128152,nan,1.534352
7240,0.917066,0.909460,-13.941844,0.128135,24.046455,2.317534
7241,0.426301,0.409746,nan,0.128135,nan,1.276092
7242,0.753520,0.736055,-13.992146,0.128118,27.885479,1.944625
7243,0.777947,0.817840,nan,0.128118,nan,2.023321
7244,0.725346,0.786256,-14.099771,0.128101,25.734295,1.889616
7245,0.534999,0.601887,nan,0.128101,nan,1.493825
7246,0.669464,0.674572,-15.240273,0.128085,24.419102,1.793250
7247,0.487810,0.512590,nan,0.128085,nan,1.403389
7248,0.630752,0.740430,-14.341726,0.128068,23.446177,1.731114
7249,0.340484,0.479366,nan,0.128068,nan,1.087281
7250,0.605317,0.581231,-14.136374,0.128051,25.523289,1.665497
7251,0.509193,0.654888,nan,0.128051,nan,1.469172
7252,0.541127,0.533912,-13.964750,0.128035,24.534288,1.502843
7253,0.486132,0.488743,nan,0.128035,nan,1.400429
7254,0.816195,0.691673,-12.708726,0.128018,23.308636,2.101418
7255,0.650516,0.871636,nan,0.128018,nan,1.733189
7256,0.574422,0.576247,-13.900669,0.128002,25.564873,1.595539
7257,0.511799,0.561406,nan,0.128002,nan,1.460884
7258,0.438674,0.452017,-14.497540,0.127985,24.428616,1.308120
7259,0.537440,0.575511,nan,0.127985,nan,1.528116
7260,0.507932,0.566059,-14.564077,0.127968,25.100620,1.442789
7261,0.595399,0.602163,nan,0.127968,nan,1.606095
7262,0.729839,0.754795,-15.481134,0.127952,23.960384,1.909793
7263,1.070647,0.863390,nan,0.127952,nan,2.616738
7264,0.807267,0.697484,-14.679966,0.127936,24.001303,2.082227
7265,0.585676,0.571578,nan,0.127936,nan,1.593541
7266,0.659465,0.620081,-12.837143,0.127919,25.071152,1.763002
7267,0.636089,0.928861,nan,0.127919,nan,1.731917
7268,0.768384,0.921825,-14.384483,0.127903,26.314411,1.993627
7269,0.530951,0.613838,nan,0.127903,nan,1.524378
7270,0.397849,0.473287,-14.310945,0.127886,24.595085,1.203840
7271,0.504580,0.511338,nan,0.127886,nan,1.439217
7272,0.539237,0.576181,-14.488251,0.127870,24.931805,1.508192
7273,0.468774,0.626096,nan,0.127870,nan,1.364287
7274,0.539470,0.745960,-14.596771,0.127853,25.603806,1.528367
7275,0.512141,0.597429,nan,0.127853,nan,1.482796
7276,0.433427,0.606866,-13.655171,0.127836,25.333309,1.281180
7277,0.412744,0.459194,nan,0.127836,nan,1.227013
7278,0.735994,0.900622,-14.318725,0.127820,25.096161,1.917490
7279,0.577922,0.621856,nan,0.127820,nan,1.573799
7280,0.481629,0.503370,-13.427193,0.127803,24.755596,1.401203
7281,0.444910,0.509236,nan,0.127803,nan,1.306224
7282,0.619602,0.543161,-13.369581,0.127787,23.452654,1.696052
7283,0.397218,0.453935,nan,0.127787,nan,1.215277
7284,0.569925,0.585971,-14.529411,0.127771,23.375683,1.572305
7285,0.937824,0.729616,nan,0.127771,nan,2.317016
7286,0.784476,0.692177,-13.838373,0.127754,24.259485,2.006561
7287,0.612474,0.598955,nan,0.127754,nan,1.669773
7288,0.489145,0.492074,-13.845110,0.127738,25.837128,1.400360
7289,0.556035,0.680750,nan,0.127738,nan,1.517325
7290,0.648938,0.654769,-14.038418,0.127722,25.400501,1.730350
7291,0.836272,0.760935,nan,0.127722,nan,2.123246
7292,0.554697,0.508219,-13.953271,0.127705,25.392403,1.546668
7293,0.640201,0.652990,nan,0.127705,nan,1.731897
7294,0.461268,0.436980,-14.416792,0.127689,25.970383,1.356181
7295,0.523061,0.446384,nan,0.127689,nan,1.494712
7296,0.497366,0.551832,-14.157089,0.127672,26.587704,1.441698
7297,0.622890,0.531438,nan,0.127672,nan,1.687690
7298,0.676371,0.701982,-13.393421,0.127655,25.821800,1.800713
7299,0.399875,0.383474,nan,0.127655,nan,1.231500
7300,0.630450,0.656426,-14.468723,0.127639,24.488174,1.715900
7301,0.769920,0.609633,nan,0.127639,nan,1.994967
7302,0.645311,0.640333,-15.202236,0.127622,26.876146,1.723897
7303,0.677493,0.873697,nan,0.127622,nan,1.786556
7304,0.601581,0.624188,-12.375853,0.127606,24.188021,1.615192
7305,0.537744,1.114888,nan,0.127606,nan,1.480774
7306,0.600554,0.899281,-13.229143,0.127589,25.924923,1.641140
7307,0.854198,0.853816,nan,0.127589,nan,2.169730
7308,0.562933,0.593415,-14.060424,0.127573,25.055504,1.538785
7309,0.674529,0.558413,nan,0.127573,nan,1.763606
7310,0.649630,0.656680,-14.034878,0.127556,24.847431,1.714642
7311,0.659488,0.610479,nan,0.127556,nan,1.751282
7312,0.580040,0.638275,-13.958402,0.127540,25.596775,1.614995
7313,0.497121,0.461257,nan,0.127540,nan,1.424321
7314,0.715226,0.748018,-13.981407,0.127523,25.210588,1.864887
7315,0.545685,0.556701,nan,0.127523,nan,1.504742
7316,0.569258,0.542890,-13.861178,0.127506,25.154308,1.583445
7317,0.517876,0.506864,nan,0.127506,nan,1.462006
7318,0.518220,0.553413,-13.680267,0.127490,27.306288,1.452739
7319,0.582952,0.450239,nan,0.127490,nan,1.604999
7320,0.590629,0.610111,-13.585579,0.127473,25.663052,1.622365
7321,0.966201,0.818732,nan,0.127473,nan,2.391766
7322,0.608178,0.680000,-13.450087,0.127457,25.900393,1.662543
7323,0.566873,0.498779,nan,0.127457,nan,1.577249
7324,0.522034,0.421922,-13.742348,0.127440,26.486322,1.491995
7325,0.777831,0.717441,nan,0.127440,nan,2.006585
7326,0.556922,0.481666,-14.343342,0.127423,26.504913,1.556457
7327,0.524025,0.502550,nan,0.127423,nan,1.476016
7328,0.617986,0.674724,-14.918764,0.127406,24.208838,1.680634
7329,0.472655,0.421575,nan,0.127406,nan,1.344412
7330,0.908723,0.903478,-12.114906,0.127390,26.325510,2.267807
7331,0.812621,1.041820,nan,0.127390,nan,2.061035
7332,0.727409,0.942563,-13.502477,0.127373,25.167206,1.908375
7333,0.519806,0.551280,nan,0.127373,nan,1.439249
7334,0.571522,0.489472,-14.353867,0.127357,24.079906,1.571337
7335,0.631735,0.725071,nan,0.127357,nan,1.712237
7336,0.580591,0.774340,-14.093414,0.127340,24.345541,1.580196
7337,0.669866,0.658252,nan,0.127340,nan,1.767891
7338,0.524665,0.498078,-13.037390,0.127324,27.339287,1.474035
7339,0.560410,0.583426,nan,0.127324,nan,1.542048
7340,0.525365,0.523861,-14.533441,0.127307,25.173088,1.468349
7341,0.866092,0.876007,nan,0.127307,nan,2.193010
7342,0.918986,0.963671,-14.732678,0.127290,24.097057,2.307425
7343,1.019921,1.121957,nan,0.127290,nan,2.506790
7344,0.391203,0.377847,-14.029987,0.127274,27.453648,1.188993
7345,0.509702,0.721070,nan,0.127274,nan,1.439086
7346,0.648088,0.676536,-12.566046,0.127257,26.402843,1.717045
7347,0.744934,0.631930,nan,0.127257,nan,1.921523
7348,0.639510,0.595268,-13.845795,0.127241,27.664671,1.688682
7349,0.638186,0.587127,nan,0.127241,nan,1.722567
7350,0.537358,0.519427,-12.642294,0.127224,24.093950,1.487339
7351,0.811123,0.682622,nan,0.127224,nan,2.057615
7352,0.470413,0.497146,-12.773897,0.127207,25.527729,1.342857
7353,1.024269,0.806023,nan,0.127207,nan,2.514738
7354,0.441456,0.797439,-13.351824,0.127191,24.878651,1.336015
7355,0.733542,0.743108,nan,0.127191,nan,1.902236
7356,0.764335,0.823275,-13.997758,0.127174,27.015778,1.948689
7357,0.551015,0.563916,nan,0.127174,nan,1.537406
7358,0.612469,0.390857,-12.646089,0.127157,26.128696,1.676673
7359,0.558405,0.594654,nan,0.127157,nan,1.539840
7360,0.858910,0.725916,-12.005411,0.127141,23.112459,2.117235
7361,0.535057,0.630713,nan,0.127141,nan,1.468746
7362,0.837315,0.769967,-12.498824,0.127125,24.968275,2.124190
7363,0.986246,1.068454,nan,0.127125,nan,2.404836
7364,0.693922,0.698067,-12.812199,0.127108,24.799952,1.805781
7365,0.456160,0.465947,nan,0.127108,nan,1.312997
7366,0.563841,0.606602,-13.300149,0.127092,26.775913,1.528675
7367,0.569732,0.597444,nan,0.127092,nan,1.561673
7368,0.795528,0.803998,-13.252459,0.127075,25.235510,2.034199
7369,0.539799,0.612874,nan,0.127075,nan,1.522918
7370,0.622969,0.599915,-13.204432,0.127059,25.803535,1.691938
7371,0.510650,0.558227,nan,0.127059,nan,1.459477
7372,0.696595,0.744109,-12.654106,0.127042,25.791969,1.808407
7373,0.712957,0.665478,nan,0.127042,nan,1.816433
7374,0.752260,0.930806,-12.883126,0.127026,24.958035,1.884527
7375,0.925831,0.977801,nan,0.127026,nan,2.255062
7376,0.597647,0.663827,-13.386332,0.127009,24.621138,1.561167
7377,0.654243,0.659678,nan,0.127009,nan,1.706291
7378,0.677010,0.687696,-12.858534,0.126993,27.405861,1.748195
7379,0.510069,0.515610,nan,0.126993,nan,1.349687
7380,0.633544,0.725572,-11.717764,0.126977,22.923893,1.640123
7381,0.595657,0.616073,nan,0.126977,nan,1.557480
7382,0.869756,0.379408,-11.137083,0.126960,26.481888,2.161740
7383,0.997773,0.464804,nan,0.126960,nan,2.427469
7384,0.795916,0.800351,-13.498541,0.126944,28.409492,2.008609
7385,0.674884,0.571248,nan,0.126944,nan,1.809023
7386,0.550661,0.576042,-11.307915,0.126927,25.391560,1.527710
7387,0.987239,0.664117,nan,0.126927,nan,2.377822
7388,0.942287,0.437364,-12.448996,0.126911,26.757267,2.317029
7389,0.516438,0.405749,nan,0.126911,nan,1.436201
7390,0.675499,0.677648,-12.603184,0.126894,28.115421,1.747612
7391,0.767322,0.979508,nan,0.126894,nan,1.858733
7392,0.820191,0.684094,-12.568285,0.126878,23.259380,2.046855
7393,0.799575,0.645707,nan,0.126878,nan,2.028901
7394,0.663657,0.738222,-13.329657,0.126861,25.620537,1.727491
7395,0.890164,1.020272,nan,0.126861,nan,2.189972
7396,0.462003,0.494884,-11.689167,0.126845,25.824141,1.256136
7397,0.689544,0.722138,nan,0.126845,nan,1.781909
7398,0.702115,0.679853,-13.208120,0.126828,27.226242,1.826324
7399,0.677222,0.745295,nan,0.126828,nan,1.801727
7400,0.731484,0.748613,-13.343996,0.126811,26.504036,1.895106
7401,0.776744,0.753747,nan,0.126811,nan,2.034162
7402,0.511436,0.494751,-12.841019,0.126795,27.847376,1.495196
7403,0.723604,0.736315,nan,0.126795,nan,1.898027
7404,0.790757,0.804331,-13.573320,0.126778,25.810459,2.021646
7405,1.053632,0.912427,nan,0.126778,nan,2.588995
7406,0.843941,0.812473,-13.355815,0.126761,27.070084,2.148363
7407,1.005893,1.001529,nan,0.126761,nan,2.460765
7408,0.676133,0.690611,-11.910341,0.126745,24.376081,1.748501
7409,0.605639,0.735327,nan,0.126745,nan,1.580435
7410,0.908571,0.804179,-12.469826,0.126728,26.250053,2.202252
7411,0.728790,0.720703,nan,0.126728,nan,1.840181
7412,0.629380,0.648467,-12.659358,0.126712,24.616272,1.642434
7413,0.806011,0.773997,nan,0.126712,nan,2.020314
7414,0.609733,0.666525,-12.171085,0.126695,25.472124,1.638316
7415,0.614514,0.681949,nan,0.126695,nan,1.671237
7416,0.711553,0.693350,-12.785627,0.126679,26.735748,1.841380
7417,0.750216,0.658121,nan,0.126679,nan,1.976396
7418,0.733461,0.684194,-12.476864,0.126662,26.504578,1.877156
7419,0.803739,0.709445,nan,0.126662,nan,2.052985
7420,0.661894,0.689565,-11.488386,0.126646,26.159307,1.766388
7421,0.612332,0.502675,nan,0.126646,nan,1.642291
7422,1.012841,1.043190,-11.621729,0.126629,25.563608,2.451928
7423,0.889057,1.017054,nan,0.126629,nan,2.213390
7424,0.683494,0.596569,-12.024088,0.126613,24.662601,1.792978
7425,0.813118,0.764165,nan,0.126613,nan,2.056846
7426,0.620358,0.622567,-12.402565,0.126596,25.926277,1.636025
7427,0.800884,0.642961,nan,0.126596,nan,2.053848
7428,0.617650,0.463058,-11.736060,0.126580,26.621092,1.674503
7429,0.973185,0.857618,nan,0.126580,nan,2.348238
7430,0.761794,0.723621,-11.201344,0.126563,26.239790,1.861102
7431,0.768695,0.769419,nan,0.126563,nan,1.962923
7432,0.608619,0.723380,-12.247909,0.126547,23.681244,1.613838
7433,0.691642,0.752108,nan,0.126547,nan,1.805046
7434,0.615646,0.659338,-13.152359,0.126531,27.419106,1.687366
7435,0.707900,0.728653,nan,0.126531,nan,1.866647
7436,0.577203,0.596281,-13.285145,0.126514,28.464432,1.581360
7437,0.901380,0.951138,nan,0.126514,nan,2.209296
7438,0.558479,0.520581,-12.135761,0.126498,24.552807,1.540514
7439,0.928933,0.794592,nan,0.126498,nan,2.295785
7440,0.911113,0.931114,-14.486511,0.126481,29.163382,2.283684
7441,0.770103,0.567978,nan,0.126481,nan,1.989920
7442,0.501094,0.423986,-12.437967,0.126464,28.285440,1.416692
7443,0.731585,0.858504,nan,0.126464,nan,1.897281
7444,0.700033,0.634921,-11.730198,0.126448,26.114662,1.799472
7445,0.601292,0.728798,nan,0.126448,nan,1.601554
7446,0.603245,0.504537,-11.888645,0.126431,25.195763,1.524122
7447,0.656872,0.617160,nan,0.126431,nan,1.767753
7448,0.645691,0.552493,-12.949514,0.126414,29.057579,1.725935
7449,0.782365,0.713099,nan,0.126414,nan,2.017571
7450,0.645666,0.611656,-11.879263,0.126398,26.111668,1.683318
7451,0.957205,0.913801,nan,0.126398,nan,2.349497
7452,0.851760,0.875943,-13.377516,0.126381,25.205009,2.141413
7453,0.893563,1.112297,nan,0.126381,nan,2.247088
7454,0.568002,0.703987,-13.183649,0.126365,25.749140,1.580585
7455,0.809194,0.861247,nan,0.126365,nan,2.054759
7456,0.705210,0.821619,-11.901521,0.126348,25.342854,1.844192
7457,0.628851,0.662337,nan,0.126348,nan,1.679256
7458,0.535319,0.625702,-12.401885,0.126331,28.133091,1.469257
7459,0.715269,0.723699,nan,0.126331,nan,1.846184
7460,0.565012,0.596453,-13.001330,0.126315,26.316483,1.567811
7461,0.826642,0.630249,nan,0.126315,nan,2.121036
7462,0.586379,0.643077,-13.061359,0.126298,24.936546,1.639137
7463,0.562404,0.497938,nan,0.126298,nan,1.564322
7464,0.696584,0.887826,-11.733677,0.126282,28.558002,1.836324
7465,0.627639,0.593795,nan,0.126282,nan,1.669396
7466,0.879839,1.207317,-11.438489,0.126265,24.266525,2.206229
7467,0.770122,0.653053,nan,0.126265,nan,1.984084
7468,0.740901,0.626280,-12.015612,0.126249,27.287598,1.904086
7469,0.632843,0.810724,nan,0.126249,nan,1.712790
7470,0.658585,0.629677,-12.974332,0.126232,25.248871,1.745785
7471,0.948337,1.049229,nan,0.126232,nan,2.365405
7472,0.808455,0.682183,-11.089106,0.126216,23.701237,2.076382
7473,0.634004,0.679198,nan,0.126216,nan,1.690874
7474,0.758045,0.770804,-11.697501,0.126200,26.280058,1.944890
7475,0.645889,0.690905,nan,0.126200,nan,1.751470
7476,0.712707,0.735958,-12.449638,0.126183,27.191444,1.897818
7477,0.517895,0.446076,nan,0.126183,nan,1.502455
7478,0.718561,0.770303,-12.646892,0.126167,26.223866,1.884135
7479,0.786283,0.755789,nan,0.126167,nan,2.001474
7480,0.780697,0.707255,-12.779514,0.126151,26.067070,2.019466
7481,0.829746,1.036380,nan,0.126151,nan,2.102435
7482,0.765604,0.608312,-12.774900,0.126134,24.628437,1.975021
7483,0.685501,0.606661,nan,0.126134,nan,1.805562
7484,0.671727,0.734137,-12.257542,0.126118,25.686016,1.799946
7485,0.586760,0.575516,nan,0.126118,nan,1.612612
7486,0.668786,0.743555,-12.189672,0.126102,24.691406,1.780930
7487,0.799845,0.727094,nan,0.126102,nan,2.015488
7488,0.748858,0.592850,-12.516031,0.126086,25.909536,1.960824
7489,0.955181,0.884812,nan,0.126086,nan,2.372900
7490,0.949192,0.905037,-13.525051,0.126069,27.149113,2.339153
7491,0.979970,0.922315,nan,0.126069,nan,2.427627
7492,0.761755,0.751176,-12.584579,0.126053,24.075123,2.002305
7493,0.465309,0.417116,nan,0.126053,nan,1.366957
7494,0.874926,1.045555,-11.250605,0.126037,26.688309,2.196118
7495,0.987877,0.865147,nan,0.126037,nan,2.420828
7496,1.054337,0.924027,-13.703354,0.126021,26.131735,2.557035
7497,1.140802,1.020135,nan,0.126021,nan,2.725706
7498,1.314417,1.235968,-14.181981,0.126005,27.092695,3.125209
7499,1.039124,0.945929,nan,0.126005,nan,2.545498
7500,1.081553,1.077143,-12.717497,0.125989,24.990993,2.631207
7501,0.936753,0.900847,nan,0.125989,nan,2.328951
7502,0.616474,0.522853,-13.165201,0.125972,25.786266,1.681767
7503,0.761195,0.783016,nan,0.125972,nan,1.958943
7504,0.858223,1.271649,-12.349395,0.125956,26.295532,2.143455
7505,0.451393,0.550887,nan,0.125956,nan,1.311957
7506,0.710360,0.834124,-12.351854,0.125940,25.234985,1.855670
7507,0.908329,0.784602,nan,0.125940,nan,2.262140
7508,0.729429,0.702862,-11.547634,0.125924,25.687567,1.874015
7509,0.724878,0.691762,nan,0.125924,nan,1.890598
7510,0.701309,0.662420,-12.433276,0.125908,26.494724,1.823998
7511,0.745504,0.883713,nan,0.125908,nan,1.914160
7512,0.540128,0.537430,-12.944930,0.125892,28.131969,1.519087
7513,0.715826,0.694885,nan,0.125892,nan,1.862693
7514,0.745891,0.703692,-12.671761,0.125876,25.847645,1.926982
7515,0.607041,0.647704,nan,0.125876,nan,1.621451
7516,0.833464,0.645648,-12.538113,0.125859,25.449427,2.092198
7517,0.770100,0.870164,nan,0.125859,nan,1.946226
7518,0.822088,0.794773,-12.926876,0.125843,27.508636,2.077856
7519,0.921944,0.939543,nan,0.125843,nan,2.295768
7520,0.696641,0.644823,-13.528648,0.125827,26.945499,1.816297
7521,0.828281,0.730276,nan,0.125827,nan,2.073494
7522,0.980737,1.034738,-13.589210,0.125811,25.757307,2.382574
7523,0.931738,0.978753,nan,0.125811,nan,2.277523
7524,0.847169,0.836377,-12.281622,0.125794,26.332760,2.100399
7525,0.530327,0.526739,nan,0.125794,nan,1.465786
7526,0.792040,0.619569,-13.121904,0.125778,25.141479,2.005322
7527,0.752392,0.717578,nan,0.125778,nan,1.939885
7528,0.964244,0.921476,-13.500235,0.125762,26.267262,2.361476
7529,0.813432,0.905515,nan,0.125762,nan,2.059979
7530,0.785842,0.894673,-12.961407,0.125746,26.094570,2.018277
7531,1.035991,1.050376,nan,0.125746,nan,2.508840
7532,0.954594,1.048655,-12.153519,0.125730,27.438751,2.355592
7533,0.603649,0.567212,nan,0.125730,nan,1.631585
7534,0.661301,0.591541,-12.558636,0.125713,27.315838,1.746205
7535,0.715477,0.665818,nan,0.125713,nan,1.840995
7536,0.620462,0.586496,-12.720085,0.125697,27.349976,1.645741
7537,0.680504,0.789510,nan,0.125697,nan,1.787985
7538,0.743968,0.734144,-12.950999,0.125681,27.599987,1.901388
7539,0.944054,0.961204,nan,0.125681,nan,2.303361
7540,0.722867,0.869529,-12.503694,0.125664,25.726299,1.855613
7541,0.669107,0.701039,nan,0.125664,nan,1.743212
7542,0.606286,0.843544,-11.631679,0.125648,27.071100,1.621628
7543,0.551073,0.604012,nan,0.125648,nan,1.493947
7544,1.019110,0.935348,-11.840017,0.125632,24.257141,2.466995
7545,0.663349,0.817682,nan,0.125632,nan,1.751892
7546,0.829624,0.790700,-12.888670,0.125616,24.757854,2.085873
7547,0.759360,0.653846,nan,0.125616,nan,1.923102
7548,0.478500,0.570716,-12.330468,0.125600,27.029827,1.345495
7549,0.624819,0.679285,nan,0.125600,nan,1.644078
7550,0.744493,0.734276,-12.894131,0.125583,26.907053,1.913718
7551,0.496345,0.563364,nan,0.125583,nan,1.398248
7552,0.573294,0.573945,-12.354133,0.125567,25.396477,1.562120
7553,0.717528,0.977241,nan,0.125567,nan,1.833753
7554,0.749937,0.877419,-11.968618,0.125551,26.131592,1.908342
7555,0.770573,0.882978,nan,0.125551,nan,1.940248
7556,0.665916,0.846517,-12.892191,0.125535,26.914560,1.744793
7557,0.979013,0.889924,nan,0.125535,nan,2.390446
7558,0.902957,0.771219,-13.334558,0.125519,26.643616,2.225006
7559,0.647288,0.755902,nan,0.125519,nan,1.681338
7560,0.689237,0.699737,-12.605707,0.125503,26.367044,1.811505
7561,0.422049,0.498222,nan,0.125503,nan,1.244054
7562,0.909621,0.994138,-13.827187,0.125487,27.289141,2.256707
7563,0.916763,0.956140,nan,0.125487,nan,2.267059
7564,0.491203,0.414849,-12.226446,0.125470,26.419960,1.377647
7565,1.202858,1.007652,nan,0.125470,nan,2.832536
7566,0.545673,0.588061,-12.991766,0.125454,26.171101,1.511866
7567,0.758639,0.758310,nan,0.125454,nan,1.930614
7568,0.828797,0.724401,-13.483814,0.125438,26.020023,2.105173
7569,0.576695,0.635583,nan,0.125438,nan,1.579787
7570,0.675536,0.574201,-12.182507,0.125422,24.663260,1.752244
7571,0.690015,0.650522,nan,0.125422,nan,1.790467
7572,0.592653,0.543439,-12.730352,0.125406,25.929420,1.601660
7573,0.661866,0.573081,nan,0.125406,nan,1.752335
7574,0.725913,0.648154,-13.939530,0.125390,26.687340,1.880181
7575,0.753337,0.974510,nan,0.125390,nan,1.938764
7576,0.669260,0.654879,-13.352783,0.125374,25.738121,1.773731
7577,0.724161,0.782918,nan,0.125374,nan,1.879245
7578,0.783923,0.766560,-13.974502,0.125358,27.768005,1.986236
7579,0.878657,0.853697,nan,0.125358,nan,2.201304
7580,0.797524,0.615666,-12.792591,0.125342,24.837318,2.020902
7581,0.796795,0.747077,nan,0.125342,nan,2.038993
7582,0.779930,0.745899,-13.587431,0.125326,25.807491,1.976624
7583,0.826958,0.909673,nan,0.125326,nan,2.080070
7584,0.758727,0.720226,-12.594498,0.125310,27.602478,1.925384
7585,0.794704,0.839309,nan,0.125310,nan,2.017147
7586,0.732053,0.599150,-12.665205,0.125294,27.215569,1.894275
7587,0.602900,0.520067,nan,0.125294,nan,1.633131
7588,0.629819,0.606764,-13.903225,0.125278,28.477848,1.660449
7589,0.687984,0.818098,nan,0.125278,nan,1.811460
7590,0.757530,0.787558,-13.150854,0.125262,25.334240,1.961213
7591,0.476390,0.429674,nan,0.125262,nan,1.354853
7592,0.849938,0.830577,-13.652756,0.125246,27.202545,2.114758
7593,0.800283,0.683192,nan,0.125246,nan,2.028096
7594,0.912268,0.730048,-12.942379,0.125229,26.001818,2.265631
7595,1.040609,1.037413,nan,0.125229,nan,2.520556
7596,0.672058,0.660826,-15.151728,0.125213,28.329117,1.748077
7597,0.769350,0.853352,nan,0.125213,nan,1.947628
7598,0.646188,0.645925,-11.460203,0.125197,26.800850,1.725061
7599,1.060049,1.032734,nan,0.125197,nan,2.574914
7600,1.145190,1.324165,-11.678091,0.125181,27.513222,2.723588
7601,0.695324,0.706602,nan,0.125181,nan,1.805432
7602,0.570107,0.555081,-13.467655,0.125165,25.329060,1.548890
7603,0.729581,0.686622,nan,0.125165,nan,1.897463
7604,0.870224,0.922283,-14.150253,0.125149,26.375360,2.177273
7605,0.545901,0.549596,nan,0.125149,nan,1.513287
7606,0.953125,0.989464,-13.071186,0.125132,27.414783,2.364899
7607,0.480608,0.585006,nan,0.125132,nan,1.382955
7608,1.015458,0.892577,-14.157071,0.125116,24.988060,2.457819
7609,0.527431,0.429864,nan,0.125116,nan,1.448406
7610,0.898625,0.795647,-14.044505,0.125100,27.086878,2.221647
7611,0.854693,0.900005,nan,0.125100,nan,2.125909
7612,0.488340,0.503278,-12.988104,0.125084,27.234735,1.384840
7613,0.604360,0.801616,nan,0.125084,nan,1.609131
7614,0.530942,0.590454,-13.227927,0.125068,26.041931,1.458369
7615,0.723392,1.040675,nan,0.125068,nan,1.859022
7616,0.789201,0.861018,-13.615867,0.125052,25.681870,2.004021
7617,1.010627,0.683192,nan,0.125052,nan,2.439872
7618,0.743580,0.605298,-13.258126,0.125036,26.496698,1.909300
7619,0.717792,0.574323,nan,0.125036,nan,1.858321
7620,0.646193,0.504271,-13.239342,0.125020,25.875416,1.709420
7621,0.737173,0.683711,nan,0.125020,nan,1.874356
7622,0.782173,0.717285,-14.234591,0.125004,25.672663,1.997313
7623,0.772895,0.663680,nan,0.125004,nan,1.967388
7624,0.777298,0.721161,-13.973079,0.124988,25.308298,1.967217
7625,0.845930,0.828061,nan,0.124988,nan,2.120616
7626,0.526089,0.709592,-13.688349,0.124973,26.408464,1.441723
7627,0.891397,0.873288,nan,0.124973,nan,2.176664
7628,0.458724,0.557924,-12.032588,0.124957,26.323938,1.304156
7629,0.892590,0.838453,nan,0.124957,nan,2.192039
7630,0.907180,0.870861,-14.449159,0.124941,27.776579,2.256224
7631,0.671001,0.614941,nan,0.124941,nan,1.761691
7632,0.641258,0.609062,-14.836713,0.124925,27.525064,1.661773
7633,0.835248,0.761085,nan,0.124925,nan,2.085595
7634,0.773562,0.726675,-13.590416,0.124909,25.736647,1.960523
7635,0.521235,0.549813,nan,0.124909,nan,1.436755
7636,1.016773,0.964363,-13.662903,0.124893,24.659643,2.458974
7637,0.631280,0.598305,nan,0.124893,nan,1.652721
7638,0.748807,0.644823,-14.348171,0.124877,27.386692,1.890397
7639,0.758653,0.854581,nan,0.124877,nan,1.921607
7640,0.647355,0.609037,-12.645639,0.124861,27.294331,1.681696
7641,0.873932,0.894434,nan,0.124861,nan,2.166913
7642,0.956838,0.875338,-13.032871,0.124845,27.697842,2.351046
7643,1.318918,0.979691,nan,0.124845,nan,3.087973
7644,0.962535,1.047690,-13.331541,0.124829,26.577019,2.319234
7645,0.624197,0.756911,nan,0.124829,nan,1.638860
7646,0.795201,0.519794,-14.589461,0.124813,27.015282,2.012358
7647,0.708333,0.841116,nan,0.124813,nan,1.843681
7648,1.087479,0.936784,-13.507912,0.124797,27.455643,2.610411
7649,0.659695,0.749612,nan,0.124797,nan,1.752507
7650,0.709271,0.832065,-13.822847,0.124781,26.985729,1.823463
7651,0.888170,0.741512,nan,0.124781,nan,2.211731
7652,0.678587,0.799971,-15.142876,0.124765,26.709984,1.770990
7653,0.683089,0.682441,nan,0.124765,nan,1.778574
7654,0.627634,0.682861,-13.584392,0.124749,25.561253,1.649988
7655,0.739596,0.844901,nan,0.124749,nan,1.893003
7656,0.764168,0.735948,-14.216125,0.124733,27.588726,1.930736
7657,1.029670,1.028244,nan,0.124733,nan,2.497461
7658,0.799255,0.777967,-15.201326,0.124717,27.030378,2.000575
7659,0.781403,0.748744,nan,0.124717,nan,1.981407
7660,0.601188,0.744753,-14.522235,0.124701,27.682940,1.601474
7661,1.009780,0.980728,nan,0.124701,nan,2.434898
7662,0.668776,0.860799,-13.313903,0.124685,25.539913,1.707446
7663,0.488856,0.449306,nan,0.124685,nan,1.374634
7664,0.480393,0.540493,-13.886082,0.124669,25.601002,1.350450
7665,0.676952,0.611110,nan,0.124669,nan,1.766841
7666,0.481024,0.503118,-14.056278,0.124653,27.471846,1.355301
7667,0.695689,0.699324,nan,0.124653,nan,1.803733
7668,0.682559,0.709948,-15.046389,0.124637,26.052410,1.789748
7669,0.779001,0.905751,nan,0.124637,nan,1.972329
7670,0.995538,0.985182,-14.420507,0.124622,26.494347,2.416983
7671,0.998316,1.177952,nan,0.124622,nan,2.413075
7672,0.613836,0.600807,-14.090929,0.124606,30.104202,1.612293
7673,0.510274,0.513771,nan,0.124606,nan,1.417766
7674,0.502720,0.488103,-13.762383,0.124589,27.282940,1.403201
7675,0.809463,0.645026,nan,0.124589,nan,2.030162
7676,0.598551,0.512788,-14.783041,0.124573,27.004454,1.591794
7677,0.783171,0.807934,nan,0.124573,nan,1.990895
7678,0.888901,0.819659,-14.438730,0.124557,29.243763,2.208992
7679,0.732208,0.715658,nan,0.124557,nan,1.870243
7680,0.627970,0.632720,-14.282060,0.124541,26.813702,1.672356
7681,0.743903,0.697586,nan,0.124541,nan,1.899113
7682,0.707787,0.721897,-15.132696,0.124525,28.311975,1.838693
7683,0.496101,0.595347,nan,0.124525,nan,1.393055
7684,0.585340,0.657099,-14.769346,0.124509,27.798950,1.552832
7685,0.910874,0.878091,nan,0.124509,nan,2.264325
7686,0.722588,0.570382,-13.786957,0.124493,25.585276,1.865327
7687,0.671377,0.521953,nan,0.124493,nan,1.783661
7688,0.884435,0.475987,-14.991667,0.124477,26.446609,2.210892
7689,0.698083,0.685908,nan,0.124477,nan,1.818265
7690,0.590372,0.434153,-14.754925,0.124461,26.493938,1.590700
7691,0.739985,0.665683,nan,0.124461,nan,1.912171
7692,0.709363,0.716839,-14.090971,0.124444,28.128576,1.830960
7693,1.057436,1.143771,nan,0.124444,nan,2.526396
7694,0.625525,0.602708,-15.044516,0.124429,24.203535,1.674872
7695,0.803184,0.897076,nan,0.124429,nan,2.035265
7696,0.730691,0.761525,-14.549084,0.124413,28.308411,1.909167
7697,0.931628,0.725726,nan,0.124413,nan,2.316864
7698,0.697548,0.497446,-14.098504,0.124396,29.313242,1.833309
7699,0.437529,0.469416,nan,0.124396,nan,1.294806
7700,1.077319,0.847417,-14.086042,0.124380,27.902672,2.600951
7701,0.489550,0.548354,nan,0.124380,nan,1.405153
7702,0.466728,0.532403,-14.105626,0.124364,28.638134,1.346711
7703,0.995241,0.813559,nan,0.124364,nan,2.454387
7704,0.640187,0.591896,-14.488144,0.124348,28.324415,1.669192
7705,0.591347,0.533018,nan,0.124348,nan,1.623873
7706,0.390912,0.432796,-15.108038,0.124332,27.250261,1.182672
7707,0.679215,0.629913,nan,0.124332,nan,1.786286
7708,0.622772,0.652512,-14.634232,0.124316,26.618153,1.637010
7709,0.820239,0.873605,nan,0.124316,nan,2.047911
7710,0.516402,0.488965,-14.542062,0.124299,27.938465,1.441351
7711,0.661708,0.644074,nan,0.124299,nan,1.785358
7712,0.488699,0.542859,-14.838537,0.124283,26.242857,1.407387
7713,0.714437,0.743856,nan,0.124283,nan,1.881495
7714,0.695920,0.661071,-14.825228,0.124267,25.510769,1.828606
7715,0.814714,0.742527,nan,0.124267,nan,2.085643
7716,0.676450,0.681261,-13.955529,0.124251,29.451809,1.803725
7717,0.674578,0.758511,nan,0.124251,nan,1.793096
7718,0.623353,0.622353,-15.775148,0.124235,29.592617,1.692259
7719,0.508896,0.752160,nan,0.124235,nan,1.450010
7720,0.613167,0.842211,-14.784039,0.124219,27.238319,1.651851
7721,1.126226,1.314352,nan,0.124219,nan,2.686113
7722,1.025620,1.003367,-16.123550,0.124203,27.499039,2.508769
7723,0.514403,0.541319,nan,0.124203,nan,1.462591
7724,0.569077,0.569789,-14.773736,0.124187,27.327978,1.551202
7725,0.742231,0.792607,nan,0.124187,nan,1.924498
7726,0.639851,0.687597,-15.849897,0.124170,26.242004,1.724753
7727,0.903313,1.037489,nan,0.124170,nan,2.299636
7728,0.851145,0.988561,-15.049763,0.124154,25.995707,2.155736
7729,0.543012,0.621464,nan,0.124154,nan,1.521885
7730,0.582478,0.589924,-13.969096,0.124139,26.268570,1.594149
7731,1.095337,1.275995,nan,0.124139,nan,2.664482
7732,1.095808,1.052684,-15.352947,0.124123,28.894794,2.642939
7733,0.484661,0.540345,nan,0.124123,nan,1.386468
7734,0.765652,0.686268,-15.878593,0.124107,26.313782,1.957130
7735,0.674403,0.561239,nan,0.124107,nan,1.800761
7736,0.491981,0.578274,-15.605207,0.124091,26.967762,1.418407
7737,0.429704,0.470675,nan,0.124091,nan,1.283106
7738,0.705430,0.693368,-16.251848,0.124075,28.339619,1.860344
7739,0.624035,0.633233,nan,0.124075,nan,1.651589
7740,0.476082,0.498655,-15.511312,0.124059,29.612408,1.357831
7741,0.732024,0.716691,nan,0.124059,nan,1.886276
7742,0.655545,0.694549,-16.868065,0.124042,28.336432,1.757435
7743,0.797923,0.841948,nan,0.124042,nan,2.037804
7744,0.682633,0.695159,-15.764294,0.124026,29.365231,1.820950
7745,0.403898,0.449431,nan,0.124026,nan,1.218969
7746,0.528194,0.481873,-14.657413,0.124010,28.219704,1.481828
7747,0.555796,0.572693,nan,0.124010,nan,1.568710
7748,0.603973,0.623123,-16.359619,0.123994,27.063791,1.666863
7749,0.657211,0.708757,nan,0.123994,nan,1.757479
7750,0.682862,0.654773,-16.994808,0.123978,28.556742,1.824324
7751,0.572129,0.532921,nan,0.123978,nan,1.552977
7752,0.745504,0.649930,-15.654593,0.123961,28.369770,1.940775
7753,0.550393,0.573799,nan,0.123961,nan,1.530061
7754,0.804822,0.706655,-14.951458,0.123945,26.753141,2.050723
7755,0.633918,0.628877,nan,0.123945,nan,1.707783
7756,0.548291,0.529760,-15.990488,0.123929,26.662123,1.500271
7757,0.899517,0.655881,nan,0.123929,nan,2.248610
7758,0.819193,0.722738,-15.717796,0.123913,27.743244,2.089730
7759,0.833230,0.811722,nan,0.123913,nan,2.126961
7760,0.664044,0.713044,-15.357216,0.123897,26.334366,1.784913
7761,0.595909,0.620830,nan,0.123897,nan,1.635205
7762,0.644112,0.624326,-15.816092,0.123881,26.851944,1.743407
7763,0.725877,0.647459,nan,0.123881,nan,1.895264
7764,0.825247,0.698690,-16.188690,0.123865,28.049801,2.118372
7765,0.599659,0.588002,nan,0.123865,nan,1.643589
7766,0.523544,0.462164,-15.425866,0.123849,27.283869,1.490995
7767,0.586600,0.577485,nan,0.123849,nan,1.605555
7768,0.485276,0.482968,-15.968789,0.123833,27.790861,1.385981
7769,0.532373,0.537984,nan,0.123833,nan,1.503641
7770,0.545562,0.579716,-16.728823,0.123817,27.437208,1.512186
7771,0.826072,0.972846,nan,0.123817,nan,2.111699
7772,1.010483,1.065856,-16.219713,0.123801,27.044214,2.515715
7773,0.729505,0.755408,nan,0.123801,nan,1.899192
7774,0.378133,0.409809,-15.727783,0.123785,30.506538,1.141880
7775,1.220416,0.915148,nan,0.123785,nan,2.926031
7776,0.969431,0.745092,-14.612347,0.123769,27.442766,2.428511
7777,0.710427,0.549430,nan,0.123769,nan,1.895118
7778,0.648206,0.667819,-16.214645,0.123753,29.632931,1.764901
7779,0.683355,0.548621,nan,0.123753,nan,1.796536
7780,0.534300,0.529010,-15.845394,0.123737,27.137604,1.481002
7781,0.578825,0.595280,nan,0.123737,nan,1.534026
7782,0.719360,0.740722,-15.377832,0.123721,27.247696,1.863930
7783,0.663195,0.659644,nan,0.123721,nan,1.726242
7784,1.009938,1.048135,-16.625519,0.123705,25.705845,2.444691
7785,1.004920,1.086849,nan,0.123705,nan,2.497288
7786,0.912761,0.919865,-16.813629,0.123689,28.588062,2.295854
7787,0.921394,1.050119,nan,0.123689,nan,2.329395
7788,0.710498,0.795399,-16.046810,0.123673,29.694923,1.872122
7789,0.511156,0.480176,nan,0.123673,nan,1.479336
7790,0.887163,0.988617,-15.032500,0.123657,25.194019,2.257724
7791,0.704179,0.742879,nan,0.123657,nan,1.878706
7792,0.835405,0.839576,-16.347847,0.123641,26.501720,2.107470
7793,0.542472,0.499904,nan,0.123641,nan,1.554110
7794,0.939740,0.931538,-16.298210,0.123625,27.540386,2.373273
7795,0.928624,0.912374,nan,0.123625,nan,2.306266
7796,0.596730,0.633417,-16.365538,0.123610,26.992895,1.618434
7797,0.722521,0.736540,nan,0.123610,nan,1.829385
7798,0.617871,0.595638,-15.274452,0.123594,25.016544,1.711648
7799,0.634613,0.633137,nan,0.123594,nan,1.716903
7800,0.545751,0.524615,-16.432207,0.123578,26.335350,1.537563
7801,0.663817,0.782880,nan,0.123578,nan,1.783990
7802,0.609694,0.742806,-14.764978,0.123563,27.101082,1.670197
7803,0.456257,0.461457,nan,0.123563,nan,1.356240
7804,0.926242,1.087374,-14.782418,0.123547,28.983871,2.305967
7805,0.513456,0.459734,nan,0.123547,nan,1.451186
7806,0.775612,0.725098,-15.683455,0.123531,26.477448,1.999478
7807,0.563837,0.557213,nan,0.123531,nan,1.561576
7808,0.710577,0.743095,-15.659723,0.123515,26.424316,1.846113
7809,0.402479,0.475635,nan,0.123515,nan,1.213001
7810,0.959903,1.150406,-13.758327,0.123500,26.290459,2.344239
7811,0.833116,0.700110,nan,0.123500,nan,2.112489
7812,0.874354,0.541734,-15.493668,0.123484,26.849327,2.200071
7813,0.778360,0.778661,nan,0.123484,nan,2.000006
7814,0.868716,0.583486,-14.529831,0.123469,27.194260,2.195404
7815,0.547247,0.471555,nan,0.123469,nan,1.524893
7816,0.723809,0.650799,-14.326515,0.123453,26.907742,1.882845
7817,0.524796,0.466431,nan,0.123453,nan,1.491693
7818,0.567738,0.538963,-15.402878,0.123438,28.828796,1.573931
7819,0.559596,0.562501,nan,0.123438,nan,1.547027
7820,0.417369,0.434009,-14.788308,0.123422,26.758587,1.237335
7821,0.413635,0.440696,nan,0.123422,nan,1.214566
7822,0.632180,0.697872,-15.406452,0.123406,27.590687,1.647603
7823,0.539787,0.591025,nan,0.123406,nan,1.499995
7824,0.755457,0.807406,-16.065605,0.123391,28.129860,1.957811
7825,0.501002,0.517892,nan,0.123391,nan,1.396201
7826,0.452417,0.478487,-14.758970,0.123375,28.459671,1.335694
7827,0.542745,0.548739,nan,0.123375,nan,1.503925
7828,0.567466,0.561054,-15.209061,0.123359,25.924999,1.573199
7829,0.312500,0.322199,nan,0.123359,nan,1.012841
7830,0.700693,0.657692,-15.758440,0.123344,27.688942,1.849193
7831,1.231528,1.211765,nan,0.123344,nan,2.907343
7832,0.517665,0.520495,-14.652824,0.123328,28.221748,1.458925
7833,0.379220,0.434062,nan,0.123328,nan,1.160050
7834,0.698298,0.652894,-15.051464,0.123312,26.354429,1.811441
7835,0.753271,0.731066,nan,0.123312,nan,1.919333
7836,0.743788,0.671609,-15.046157,0.123297,26.102669,1.929912
7837,0.869251,0.878529,nan,0.123297,nan,2.128319
7838,0.632221,0.607509,-13.743448,0.123281,24.960472,1.674759
7839,0.823743,0.882331,nan,0.123281,nan,2.043743
7840,0.858569,0.899670,-15.393033,0.123266,25.821587,2.122302
7841,0.514300,0.576049,nan,0.123266,nan,1.428902
7842,0.748263,0.691673,-14.881832,0.123251,28.074268,1.907766
7843,0.704222,0.731101,nan,0.123251,nan,1.852211
7844,0.460724,0.475499,-14.236470,0.123235,28.528927,1.331011
7845,0.631735,0.638585,nan,0.123235,nan,1.698219
7846,0.716990,0.892215,-14.863064,0.123220,28.358406,1.859478
7847,0.725449,0.704766,nan,0.123220,nan,1.899749
7848,0.675714,0.752632,-14.493698,0.123204,26.773975,1.765347
7849,0.553541,0.643487,nan,0.123204,nan,1.530483
7850,0.530196,0.527995,-15.553852,0.123188,30.097383,1.445251
7851,0.869123,0.881550,nan,0.123188,nan,2.157859
7852,0.588640,0.538288,-15.482258,0.123173,25.567341,1.633261
7853,0.553599,0.588178,nan,0.123173,nan,1.515669
7854,0.407772,0.528211,-14.762736,0.123157,31.458012,1.209081
7855,0.390789,0.413533,nan,0.123157,nan,1.185614
7856,0.399524,0.423617,-15.200508,0.123141,26.383551,1.214354
7857,0.284939,0.437620,nan,0.123141,nan,0.954109
7858,0.807580,0.827688,-14.325460,0.123126,26.690434,2.035490
7859,0.508831,0.374504,nan,0.123126,nan,1.442800
7860,0.812507,0.841908,-14.461836,0.123110,30.489639,2.052788
7861,0.628079,0.572194,nan,0.123110,nan,1.703398
7862,0.842730,0.817385,-14.556379,0.123094,30.336447,2.110053
7863,0.997268,1.057529,nan,0.123094,nan,2.449476
7864,0.677986,0.640130,-15.868509,0.123078,27.736320,1.766580
7865,0.905427,1.063558,nan,0.123078,nan,2.244509
7866,0.446433,0.709308,-14.620652,0.123062,27.654295,1.310313
7867,0.622352,0.672079,nan,0.123062,nan,1.659740
7868,0.624461,0.792008,-14.502209,0.123047,28.189823,1.659388
7869,0.551989,0.604392,nan,0.123047,nan,1.492891
7870,0.661027,0.806820,-15.917521,0.123031,28.136925,1.732927
7871,0.822784,0.848682,nan,0.123031,nan,2.095783
7872,0.463029,0.469636,-15.924494,0.123015,27.368168,1.357765
7873,0.519767,0.517859,nan,0.123015,nan,1.455758
7874,0.683151,0.784123,-14.338155,0.122999,29.105171,1.755985
7875,0.682499,0.837238,nan,0.122999,nan,1.761438
7876,0.637527,0.936178,-15.286453,0.122983,29.244747,1.685181
7877,0.968485,0.903405,nan,0.122983,nan,2.363373
7878,0.586874,0.708683,-15.790750,0.122967,27.365791,1.600588
7879,0.761775,0.697985,nan,0.122967,nan,1.960716
7880,0.681721,0.554325,-14.973740,0.122952,26.420500,1.804401
7881,0.838442,0.779594,nan,0.122952,nan,2.126826
7882,0.605978,0.613857,-15.379665,0.122936,28.017767,1.641135
7883,0.693861,0.722193,nan,0.122936,nan,1.805870
7884,0.617588,0.728669,-15.088024,0.122920,27.625671,1.636577
7885,0.517393,0.591717,nan,0.122920,nan,1.432888
7886,0.668134,0.779545,-15.328831,0.122904,27.006775,1.730855
7887,0.488995,0.540655,nan,0.122904,nan,1.366058
7888,0.648668,0.691916,-14.961700,0.122889,26.599548,1.687655
7889,0.738519,0.683844,nan,0.122889,nan,1.915393
7890,0.516155,0.525658,-15.533969,0.122873,29.013140,1.434285
7891,0.484986,0.499684,nan,0.122873,nan,1.368869
7892,0.466469,0.474962,-15.318357,0.122857,29.172926,1.330676
7893,0.620493,0.667547,nan,0.122857,nan,1.665682
7894,0.579360,0.651104,-14.964680,0.122842,29.594912,1.552088
7895,0.846960,0.903100,nan,0.122842,nan,2.081037
7896,0.863569,0.796899,-16.112286,0.122826,27.540785,2.124193
7897,0.804445,0.855484,nan,0.122826,nan,2.044274
7898,0.856280,0.940349,-16.173447,0.122810,27.531115,2.168109
7899,0.732874,0.697129,nan,0.122810,nan,1.903290
7900,0.653664,0.690050,-15.244450,0.122794,27.648581,1.705418
7901,0.455224,0.434841,nan,0.122794,nan,1.272878
7902,0.597819,0.598202,-15.608500,0.122779,29.030266,1.579984
7903,0.753989,0.785131,nan,0.122779,nan,1.934978
7904,0.551230,0.554029,-16.272045,0.122763,26.480682,1.487572
7905,0.671855,0.624132,nan,0.122763,nan,1.774335
7906,0.450499,0.377145,-14.845942,0.122747,27.586596,1.316796
7907,0.969516,0.940721,nan,0.122747,nan,2.358046
7908,0.279970,0.383698,-14.808331,0.122732,28.009279,0.917500
7909,0.566811,0.705486,nan,0.122732,nan,1.547161
7910,0.490990,0.504898,-15.151469,0.122716,29.564232,1.367810
7911,0.448682,0.524514,nan,0.122716,nan,1.317960
7912,0.586677,0.635320,-14.850385,0.122700,28.420746,1.578733
7913,1.157861,1.025902,nan,0.122700,nan,2.746760
7914,0.757951,0.690438,-16.829920,0.122684,28.048971,1.978306
7915,0.899565,0.814121,nan,0.122684,nan,2.261688
7916,0.655465,0.573102,-15.451200,0.122669,27.679810,1.756028
7917,0.836860,0.917509,nan,0.122669,nan,2.088428
7918,0.689331,0.672917,-15.689281,0.122653,27.022850,1.789530
7919,0.741292,0.758244,nan,0.122653,nan,1.893654
7920,0.605719,0.624018,-15.948747,0.122637,27.754700,1.629808
7921,0.547681,0.675525,nan,0.122637,nan,1.477811
7922,0.505602,0.535816,-14.741419,0.122622,26.394691,1.443636
7923,0.611106,0.495905,nan,0.122622,nan,1.654077
7924,0.776964,0.735176,-15.670852,0.122606,29.284143,1.989473
7925,0.715134,0.749329,nan,0.122606,nan,1.840203
7926,0.773122,0.808675,-15.034640,0.122591,28.401096,1.986727
7927,0.568559,0.594918,nan,0.122591,nan,1.548682
7928,0.310885,0.407006,-15.462553,0.122575,29.064991,1.027655
7929,0.860108,0.976611,nan,0.122575,nan,2.152548
7930,0.879864,0.914366,-16.180851,0.122559,28.574152,2.179698
7931,0.947101,0.973037,nan,0.122559,nan,2.347329
7932,0.408581,0.412856,-16.086143,0.122543,29.693916,1.211435
7933,0.384108,0.434575,nan,0.122543,nan,1.144818
7934,0.563796,0.670479,-14.122318,0.122528,27.300232,1.506185
7935,0.648334,0.615609,nan,0.122528,nan,1.689535
7936,0.637441,0.620753,-15.814325,0.122512,29.556633,1.666787
7937,0.825853,0.832042,nan,0.122512,nan,2.056871
7938,0.456782,0.446643,-15.801979,0.122496,28.007710,1.304132
7939,0.744855,0.776929,nan,0.122496,nan,1.910134
7940,0.414594,0.447151,-15.264715,0.122481,27.406916,1.245709
7941,0.492828,0.523923,nan,0.122481,nan,1.369664
7942,0.635831,0.649460,-15.435932,0.122465,28.775608,1.682899
7943,0.634682,0.652903,nan,0.122465,nan,1.669936
7944,0.509431,0.599353,-14.783745,0.122449,25.930450,1.389085
7945,0.646765,0.711699,nan,0.122449,nan,1.694467
7946,0.676470,0.743583,-16.658329,0.122434,28.178822,1.790373
7947,0.465078,0.513669,nan,0.122434,nan,1.316207
7948,0.506576,0.501983,-15.149090,0.122418,28.030235,1.406077
7949,0.832773,0.841708,nan,0.122418,nan,2.087558
7950,0.558877,0.655452,-15.897465,0.122403,28.480206,1.512766
7951,0.477420,0.507635,nan,0.122403,nan,1.338301
7952,0.359791,0.460045,-15.434484,0.122387,28.160843,1.104010
7953,0.412328,0.517881,nan,0.122387,nan,1.192898
7954,0.532255,0.605489,-15.877107,0.122371,29.527500,1.436063
7955,0.486521,0.574503,nan,0.122371,nan,1.353080
7956,0.574258,0.582329,-15.121888,0.122356,26.496521,1.558470
7957,0.576180,0.686599,nan,0.122356,nan,1.563194
7958,0.555457,0.596923,-15.929109,0.122340,30.246037,1.456931
7959,0.996055,1.090286,nan,0.122340,nan,2.399822
7960,0.636002,0.671232,-15.666418,0.122324,28.933550,1.673921
7961,0.586962,0.526994,nan,0.122324,nan,1.572164
7962,0.694776,0.689662,-15.655790,0.122309,28.944698,1.814730
7963,0.600496,0.776366,nan,0.122309,nan,1.606974
7964,0.460748,0.448026,-15.524635,0.122293,27.347858,1.324420
7965,0.711762,0.617002,nan,0.122293,nan,1.879113
7966,0.671908,0.671701,-15.520275,0.122277,27.882614,1.766608
7967,0.409395,0.348291,nan,0.122277,nan,1.186878
7968,0.480046,0.472971,-16.131481,0.122262,29.951645,1.358402
7969,0.656770,0.560365,nan,0.122262,nan,1.717277
7970,0.475208,0.539279,-15.464527,0.122246,28.696938,1.350620
7971,0.404920,0.420278,nan,0.122246,nan,1.210351
7972,0.835732,0.822954,-15.160558,0.122230,27.637184,2.113295
7973,0.330879,0.387718,nan,0.122230,nan,1.040129
7974,0.551378,0.554279,-15.104345,0.122215,29.214670,1.508808
7975,0.534805,0.509101,nan,0.122215,nan,1.481611
7976,0.779387,0.892093,-15.697094,0.122199,28.780743,1.982870
7977,0.527337,0.671308,nan,0.122199,nan,1.443045
7978,0.622060,0.663123,-15.519835,0.122183,28.248362,1.646628
7979,0.815845,0.954141,nan,0.122183,nan,2.044145
7980,0.493384,0.577030,-16.062021,0.122168,29.832973,1.374851
7981,0.686673,0.633203,nan,0.122168,nan,1.817772
7982,0.803344,0.784835,-15.996731,0.122152,30.694248,2.045180
7983,0.477011,0.498013,nan,0.122152,nan,1.332940
7984,0.406726,0.440053,-15.493935,0.122136,27.434259,1.195359
7985,0.702109,0.832758,nan,0.122136,nan,1.824872
7986,0.528433,0.409907,-15.503597,0.122120,27.723026,1.463862
7987,0.837483,0.987960,nan,0.122120,nan,2.078974
7988,0.572373,0.585547,-15.338387,0.122105,25.943398,1.545189
7989,0.411847,0.419899,nan,0.122105,nan,1.234897
7990,0.751160,0.833303,-16.110207,0.122089,28.790409,1.911275
7991,0.476713,0.634401,nan,0.122089,nan,1.365991
7992,0.569634,0.609992,-15.886426,0.122074,31.660110,1.528266
7993,0.286835,0.331649,nan,0.122074,nan,0.944442
7994,0.640298,0.679160,-16.007519,0.122058,27.543869,1.689144
7995,0.525567,0.527173,nan,0.122058,nan,1.473649
7996,0.498602,0.434413,-15.844896,0.122042,28.904694,1.433443
7997,0.520983,0.515294,nan,0.122042,nan,1.434079
7998,0.556731,0.538562,-15.825283,0.122027,28.061401,1.500800
7999,0.250641,0.263897,nan,0.122027,nan,0.868227
8000,0.679326,0.711551,-16.117622,0.122011,29.025280,1.749759
8001,0.556176,0.379062,nan,0.122011,nan,1.521201
8002,0.525306,0.546949,-15.256490,0.121995,27.402565,1.447453
8003,0.405466,0.427616,nan,0.121995,nan,1.211147
8004,0.466025,0.529007,-15.302988,0.121980,27.259182,1.331875
8005,0.702124,0.745272,nan,0.121980,nan,1.805483
8006,0.584303,0.734959,-15.113318,0.121964,26.912603,1.595203
8007,0.513626,0.553448,nan,0.121964,nan,1.443612
8008,0.758749,0.548523,-15.221535,0.121949,29.257215,1.954926
8009,0.866081,0.860548,nan,0.121949,nan,2.150669
8010,0.510793,0.647115,-15.528245,0.121933,28.512877,1.400658
8011,0.664708,0.713633,nan,0.121933,nan,1.748545
8012,0.543232,0.559520,-16.855364,0.121918,27.566046,1.515471
8013,0.812353,0.872987,nan,0.121918,nan,2.093817
8014,0.681606,0.619351,-17.014606,0.121902,28.033739,1.820234
8015,0.809662,0.709144,nan,0.121902,nan,1.992337
8016,0.551414,0.504358,-15.129329,0.121887,27.578648,1.510769
8017,0.452291,0.469509,nan,0.121887,nan,1.310528
8018,0.506013,0.585932,-15.998983,0.121872,27.043816,1.448752
8019,0.376236,0.383369,nan,0.121872,nan,1.198470
8020,0.654481,0.682710,-15.219709,0.121856,28.795532,1.711037
8021,0.378036,0.352200,nan,0.121856,nan,1.162143
8022,0.560402,0.557787,-16.268463,0.121841,27.392921,1.545840
8023,0.526021,0.470599,nan,0.121841,nan,1.478707
8024,0.436352,0.554461,-15.885023,0.121826,27.811693,1.277439
8025,0.543804,0.518513,nan,0.121826,nan,1.493262
8026,0.730489,0.820943,-14.452318,0.121810,27.652466,1.867699
8027,0.731402,0.715336,nan,0.121810,nan,1.864295
8028,0.590748,0.626448,-15.528874,0.121795,28.107059,1.568895
8029,0.574224,0.574798,nan,0.121795,nan,1.538863
8030,0.929464,1.064023,-16.137573,0.121780,30.075518,2.277805
8031,0.502938,0.681302,nan,0.121780,nan,1.432332
8032,0.543613,0.643449,-15.429497,0.121764,29.297405,1.514400
8033,0.642765,0.769286,nan,0.121764,nan,1.668175
8034,0.495285,0.551839,-16.360405,0.121749,28.291971,1.370281
8035,0.638823,0.708742,nan,0.121749,nan,1.684205
8036,0.531703,0.469511,-15.922804,0.121734,29.450024,1.472267
8037,0.432514,0.509439,nan,0.121734,nan,1.239543
8038,0.559325,0.526479,-15.912107,0.121718,26.760178,1.533862
8039,0.680798,0.761347,nan,0.121718,nan,1.804616
8040,0.611243,0.573854,-15.979376,0.121703,26.634712,1.664964
8041,0.606789,0.565884,nan,0.121703,nan,1.663355
8042,0.390977,0.300585,-15.586845,0.121688,28.856354,1.199807
8043,0.757591,0.750177,nan,0.121688,nan,1.949004
8044,0.637072,0.611694,-15.793264,0.121672,29.244335,1.692121
8045,0.544665,0.560705,nan,0.121672,nan,1.485220
8046,0.360227,0.377893,-15.963476,0.121657,28.259605,1.075898
8047,0.422813,0.479606,nan,0.121657,nan,1.238343
8048,0.607250,0.673133,-15.469416,0.121642,27.958584,1.594614
8049,0.362080,0.406170,nan,0.121642,nan,1.092278
8050,0.392557,0.418487,-16.009909,0.121626,29.065079,1.135551
8051,0.706964,0.714899,nan,0.121626,nan,1.793430
8052,0.620787,0.537179,-16.162184,0.121611,27.226303,1.682714
8053,0.826290,0.759987,nan,0.121611,nan,2.101425
8054,0.609881,0.446626,-15.474449,0.121595,30.042782,1.655807
8055,0.535011,0.566107,nan,0.121595,nan,1.453586
8056,0.571081,0.459673,-15.535757,0.121580,27.425907,1.558384
8057,0.460497,0.509239,nan,0.121580,nan,1.318851
8058,0.297827,0.401042,-15.482630,0.121565,27.995924,0.967825
8059,0.472421,0.471824,nan,0.121565,nan,1.345559
8060,0.457395,0.527822,-15.425509,0.121549,29.512501,1.310625
8061,0.451478,0.472705,nan,0.121549,nan,1.301298
8062,0.488785,0.601443,-15.858190,0.121534,27.599300,1.346408
8063,0.555811,0.640663,nan,0.121534,nan,1.504069
8064,0.650448,0.691187,-16.708755,0.121519,28.440603,1.690243
8065,0.795494,0.692339,nan,0.121519,nan,2.039377
8066,0.716761,0.457676,-15.461462,0.121503,27.929337,1.893588
8067,0.333362,0.336796,nan,0.121503,nan,1.049638
8068,0.406710,0.366814,-14.408777,0.121488,27.225628,1.194688
8069,0.630097,0.717030,nan,0.121488,nan,1.675019
8070,0.823738,0.858342,-16.108856,0.121473,28.999928,2.074777
8071,0.556303,0.592865,nan,0.121473,nan,1.539057
8072,0.786011,0.810231,-16.730986,0.121458,28.956749,2.012956
8073,0.657047,0.656548,nan,0.121458,nan,1.747849
8074,0.388083,0.392627,-14.586807,0.121442,28.019468,1.163020
8075,0.368224,0.914846,nan,0.121442,nan,1.102680
8076,0.509018,0.629661,-14.816118,0.121427,30.409992,1.436011
8077,0.680461,0.581851,nan,0.121427,nan,1.785001
8078,0.452848,0.440449,-16.026274,0.121412,28.431049,1.300078
8079,0.597490,0.675005,nan,0.121412,nan,1.599607
8080,0.960077,0.882671,-16.564857,0.121396,28.073706,2.358538
8081,0.961762,0.810932,nan,0.121396,nan,2.405106
8082,0.659246,0.714808,-15.879850,0.121381,24.528185,1.725770
8083,0.607549,0.577216,nan,0.121381,nan,1.652657
8084,0.740419,0.720387,-15.544538,0.121366,28.029491,1.900631
8085,0.550658,0.606281,nan,0.121366,nan,1.510211
8086,0.607973,0.532090,-16.744743,0.121351,28.633202,1.613757
8087,0.682728,0.568176,nan,0.121351,nan,1.788316
8088,0.636667,0.595031,-16.573977,0.121336,30.492022,1.698359
8089,0.546356,0.614691,nan,0.121336,nan,1.459906
8090,0.816978,0.846129,-16.095978,0.121321,28.606075,2.059933
8091,0.660902,0.708348,nan,0.121321,nan,1.755280
8092,0.291821,0.322314,-16.014835,0.121305,26.332550,0.992472
8093,0.572661,0.657387,nan,0.121305,nan,1.556838
8094,0.584069,0.630133,-16.523632,0.121290,29.317406,1.538717
8095,0.779545,0.735730,nan,0.121290,nan,2.013718
8096,0.540341,0.557518,-16.061806,0.121275,27.800327,1.465912
8097,0.384239,0.440884,nan,0.121275,nan,1.175821
8098,0.510734,0.470343,-16.544006,0.121260,28.595781,1.408576
8099,0.636185,0.559596,nan,0.121260,nan,1.715934
8100,0.584372,0.471461,-15.676580,0.121245,29.090012,1.590204
8101,0.507897,0.415635,nan,0.121245,nan,1.424577
8102,0.774297,0.711817,-15.677812,0.121229,27.609104,1.993366
8103,0.728883,0.755824,nan,0.121229,nan,1.891378
8104,0.354877,0.362600,-16.002083,0.121214,26.457546,1.107686
8105,0.543021,0.613541,nan,0.121214,nan,1.463606
8106,0.503311,0.582582,-15.638441,0.121199,30.580219,1.411103
8107,0.713179,0.720363,nan,0.121199,nan,1.831002
8108,0.482437,0.522362,-16.495832,0.121184,29.282681,1.349377
8109,0.693964,0.719711,nan,0.121184,nan,1.813441
8110,0.778416,0.921028,-15.284229,0.121169,26.727894,1.957354
8111,0.680127,0.642632,nan,0.121169,nan,1.781621
8112,0.523759,0.629638,-14.918541,0.121154,28.307848,1.451979
8113,0.455444,0.566307,nan,0.121154,nan,1.287508
8114,0.739739,0.611901,-15.317492,0.121138,28.442236,1.904600
8115,0.384566,0.631544,nan,0.121138,nan,1.118284
8116,0.967215,1.053584,-16.300461,0.121123,28.758392,2.369485
8117,0.400148,0.374630,nan,0.121123,nan,1.188652
8118,0.718088,0.709545,-14.512239,0.121108,27.575090,1.857549
8119,0.595845,0.504640,nan,0.121108,nan,1.615679
8120,0.797923,0.830545,-15.308510,0.121093,29.009247,1.995290
8121,0.880097,0.888387,nan,0.121093,nan,2.189649
8122,0.583523,0.585721,-16.217865,0.121078,27.293438,1.595548
8123,0.618235,0.698408,nan,0.121078,nan,1.680007
8124,0.787448,0.833383,-16.032320,0.121063,29.340565,1.981545
8125,0.698427,0.701196,nan,0.121063,nan,1.797836
8126,0.772096,0.811698,-16.227327,0.121048,28.403006,1.977103
8127,0.454005,0.486566,nan,0.121048,nan,1.285410
8128,0.494202,0.445567,-15.886433,0.121033,29.665009,1.390231
8129,0.838449,0.887427,nan,0.121033,nan,2.079236
8130,0.594226,0.543453,-16.213076,0.121017,29.779140,1.626790
8131,0.601766,0.568725,nan,0.121017,nan,1.631781
8132,0.727180,0.675683,-16.913296,0.121002,31.504337,1.881533
8133,0.902011,0.980846,nan,0.121002,nan,2.218171
8134,0.773408,0.700653,-14.949200,0.120987,28.625469,1.968813
8135,0.447793,0.510084,nan,0.120987,nan,1.268006
8136,0.801233,0.773777,-16.480255,0.120971,31.540230,2.025003
8137,0.691197,0.731094,nan,0.120971,nan,1.809526
8138,0.572583,0.525160,-16.249615,0.120956,31.670452,1.594483
8139,0.605093,0.718090,nan,0.120956,nan,1.611324
8140,0.522444,0.517325,-15.208626,0.120940,28.872257,1.446495
8141,0.664560,0.711286,nan,0.120940,nan,1.739530
8142,0.367677,0.336369,-15.478946,0.120925,30.007828,1.146291
8143,0.963270,0.800103,nan,0.120925,nan,2.364990
8144,0.460871,0.486969,-15.532350,0.120909,29.667517,1.320520
8145,0.724240,0.562649,nan,0.120909,nan,1.901252
8146,0.688575,0.732970,-14.618694,0.120893,29.491257,1.778750
8147,0.816808,0.595522,nan,0.120893,nan,2.084931
8148,0.515458,0.454931,-16.326931,0.120878,28.448530,1.475253
8149,0.861968,0.644066,nan,0.120878,nan,2.191524
8150,0.621367,0.382298,-16.363585,0.120862,30.152491,1.694727
8151,0.490709,0.542525,nan,0.120862,nan,1.378556
8152,0.520392,0.493253,-15.460073,0.120847,30.467085,1.450278
8153,0.342302,0.396338,nan,0.120847,nan,1.070954
8154,0.465019,0.432037,-16.511517,0.120831,29.888855,1.337513
8155,0.541673,0.565794,nan,0.120831,nan,1.492349
8156,0.528605,0.697156,-15.482627,0.120816,28.805471,1.469938
8157,0.950343,1.243185,nan,0.120816,nan,2.326289
8158,0.420970,0.594869,-15.033262,0.120800,28.833275,1.244224
8159,0.589838,0.784116,nan,0.120800,nan,1.569764
8160,0.901467,0.583216,-15.432798,0.120785,29.760544,2.217494
8161,0.489938,0.590247,nan,0.120785,nan,1.406111
8162,0.407756,0.495703,-14.534046,0.120769,30.102692,1.213827
8163,1.137823,0.968759,nan,0.120769,nan,2.749606
8164,0.533287,0.484083,-14.824590,0.120754,29.004299,1.499529
8165,0.795227,0.670782,nan,0.120754,nan,2.044102
8166,0.620052,0.620140,-15.388020,0.120738,29.713451,1.695661
8167,0.586674,0.465488,nan,0.120738,nan,1.617054
8168,0.520726,0.631437,-16.402933,0.120723,30.320091,1.480658
8169,0.703786,0.652793,nan,0.120723,nan,1.836351
8170,0.550169,0.564860,-15.800592,0.120707,29.543140,1.514790
8171,0.545085,0.558454,nan,0.120707,nan,1.487737
8172,0.472903,0.649025,-15.932112,0.120692,28.956177,1.352277
8173,0.428062,0.450877,nan,0.120692,nan,1.273203
8174,0.481441,0.648588,-14.853415,0.120676,26.325193,1.354138
8175,0.386858,0.419359,nan,0.120676,nan,1.180340
8176,0.638906,0.832478,-15.225908,0.120661,29.524614,1.694323
8177,0.499368,0.459162,nan,0.120661,nan,1.431859
8178,0.703617,0.565703,-15.267654,0.120646,29.245674,1.837182
8179,0.881436,0.964166,nan,0.120646,nan,2.190337
8180,0.518747,0.528022,-15.140835,0.120630,29.618328,1.463418
8181,0.559350,0.508194,nan,0.120630,nan,1.562428
8182,0.910561,0.621614,-14.353455,0.120615,29.699423,2.230765
8183,0.733532,0.703690,nan,0.120615,nan,1.898268
8184,0.532036,0.565064,-16.171949,0.120599,29.821976,1.510441
8185,0.538070,0.489343,nan,0.120599,nan,1.522508
8186,0.788123,0.770310,-15.148584,0.120584,30.033163,2.013062
8187,0.806923,0.838726,nan,0.120584,nan,2.049784
8188,0.447489,1.055602,-13.739513,0.120569,28.190809,1.302738
8189,0.437735,0.702632,nan,0.120569,nan,1.282994
8190,0.674983,0.800721,-15.787883,0.120553,28.482777,1.769856
8191,0.584819,0.612084,nan,0.120553,nan,1.616161
8192,0.803813,0.907379,-17.365597,0.120538,31.354580,2.054444
8193,1.038230,0.962693,nan,0.120538,nan,2.553964
8194,0.736454,0.759019,-15.490003,0.120523,31.247694,1.918429
8195,0.464062,0.621498,nan,0.120523,nan,1.321870
8196,0.574477,0.585724,-13.475235,0.120507,26.128052,1.566848
8197,0.737305,0.781399,nan,0.120507,nan,1.901606
8198,0.475127,0.439936,-15.994640,0.120492,29.395370,1.333412
8199,0.521141,0.519216,nan,0.120492,nan,1.427235
8200,0.418872,0.461621,-15.523197,0.120477,29.292933,1.229270
8201,0.476057,0.449708,nan,0.120477,nan,1.397132
8202,0.704407,0.732903,-14.538472,0.120461,30.719112,1.821560
8203,0.705845,0.685714,nan,0.120461,nan,1.863724
8204,0.768510,0.851968,-15.792212,0.120446,28.340052,1.990970
8205,0.642753,0.613389,nan,0.120446,nan,1.714206
8206,0.416734,0.422583,-15.575812,0.120431,31.027386,1.256716
8207,0.418555,0.442477,nan,0.120431,nan,1.267389
8208,0.770557,0.829960,-14.410144,0.120415,30.317963,1.932332
8209,0.672952,0.691631,nan,0.120415,nan,1.801021
8210,0.662323,0.675962,-16.347240,0.120400,29.592278,1.747734
8211,0.485123,0.482964,nan,0.120400,nan,1.369278
8212,0.589857,0.548374,-16.171305,0.120384,30.115650,1.642113
8213,0.641167,0.701980,nan,0.120384,nan,1.666700
8214,0.532054,0.608240,-15.393429,0.120369,30.158556,1.453339
8215,0.339917,0.351482,nan,0.120369,nan,1.051088
8216,0.670706,0.675058,-15.899542,0.120354,29.174862,1.764905
8217,0.636873,0.645905,nan,0.120354,nan,1.702008
8218,0.593426,0.612845,-14.878877,0.120338,29.166855,1.603114
8219,0.745434,0.786979,nan,0.120338,nan,1.917446
8220,0.564723,0.650548,-16.406216,0.120323,30.175510,1.541612
8221,0.791242,0.861770,nan,0.120323,nan,2.024085
8222,0.794652,0.826832,-13.854180,0.120308,30.504637,1.992767
8223,0.501377,0.776210,nan,0.120308,nan,1.414217
8224,0.709127,0.734978,-15.627486,0.120292,29.928017,1.838160
8225,0.679931,0.781169,nan,0.120292,nan,1.765956
8226,0.397462,0.378830,-15.219661,0.120277,29.278412,1.192128
8227,0.398316,0.398793,nan,0.120277,nan,1.201042
8228,0.664491,0.835821,-15.726279,0.120261,31.087990,1.768994
8229,0.603537,0.729669,nan,0.120261,nan,1.621348
8230,0.474513,0.584749,-15.112907,0.120246,30.861609,1.342777
8231,0.746396,0.863229,nan,0.120246,nan,1.876070
8232,0.404553,0.498474,-14.809565,0.120230,28.946907,1.160390
8233,0.642215,0.790177,nan,0.120230,nan,1.666613
8234,0.574347,0.607105,-16.168385,0.120215,30.104839,1.580180
8235,0.798635,0.904055,nan,0.120215,nan,2.010410
8236,0.898975,1.114933,-14.769484,0.120199,30.810637,2.238087
8237,0.359603,0.426341,nan,0.120199,nan,1.089230
8238,0.847229,0.846020,-15.491903,0.120184,29.871277,2.140332
8239,0.444486,0.520665,nan,0.120184,nan,1.321884
8240,0.573627,0.596077,-15.806417,0.120169,28.403008,1.542243
8241,0.882247,1.034643,nan,0.120169,nan,2.176896
8242,0.676259,0.882412,-13.991327,0.120153,29.264517,1.785136
8243,0.904155,0.852690,nan,0.120153,nan,2.262849
8244,0.600045,1.113730,-13.476580,0.120138,30.711733,1.566862
8245,0.653411,1.044096,nan,0.120138,nan,1.721933
8246,0.778559,0.532144,-14.902969,0.120122,30.407303,2.021235
8247,0.531160,0.623352,nan,0.120122,nan,1.462565
8248,0.726890,0.930185,-15.426383,0.120107,29.658346,1.905916
8249,0.660316,0.778169,nan,0.120107,nan,1.741485
8250,0.738607,0.802722,-15.287056,0.120092,30.889278,1.936728
8251,0.521894,0.626268,nan,0.120092,nan,1.438495
8252,1.086337,0.922487,-14.730889,0.120076,30.342472,2.635606
8253,0.359525,0.413191,nan,0.120076,nan,1.137515
8254,0.489986,0.736004,-15.005251,0.120061,30.367538,1.374426
8255,0.601154,0.763361,nan,0.120061,nan,1.655580
8256,0.587097,0.656888,-15.246718,0.120045,29.776800,1.561786
8257,0.753236,0.986344,nan,0.120045,nan,1.894227
8258,0.541534,0.977397,-14.891598,0.120030,29.538475,1.464349
8259,0.554216,0.599452,nan,0.120030,nan,1.478575
8260,0.490976,0.731393,-16.043308,0.120015,30.786280,1.405483
8261,0.579396,0.542777,nan,0.120015,nan,1.581036
8262,0.529223,0.575257,-13.888635,0.119999,28.413536,1.439986
8263,0.688198,0.813728,nan,0.119999,nan,1.775021
8264,0.594532,0.706578,-15.189481,0.119984,30.595181,1.576216
8265,0.643082,0.717215,nan,0.119984,nan,1.699286
8266,0.615544,0.716082,-13.673396,0.119969,27.621258,1.635227
8267,0.905428,0.785655,nan,0.119969,nan,2.271263
8268,0.568650,0.733881,-14.741034,0.119953,29.434174,1.548004
8269,0.614400,0.608349,nan,0.119953,nan,1.630011
8270,0.592124,0.762228,-14.254478,0.119938,27.768692,1.604529
8271,0.497931,0.708397,nan,0.119938,nan,1.391864
8272,0.774032,0.899341,-16.146671,0.119923,31.618334,1.967952
8273,0.759696,0.746857,nan,0.119923,nan,1.940645
8274,0.564227,0.783950,-15.546137,0.119908,27.934708,1.545325
8275,0.527855,0.639709,nan,0.119908,nan,1.460706
8276,0.939006,1.199440,-13.880323,0.119893,29.406776,2.281717
8277,0.540891,0.793279,nan,0.119893,nan,1.488479
8278,0.638246,0.613312,-15.936371,0.119877,29.814678,1.672746
8279,1.108776,1.140351,nan,0.119877,nan,2.625154
8280,0.849894,1.203404,-14.473780,0.119862,27.591393,2.149989
8281,0.614670,0.676338,nan,0.119862,nan,1.639039
8282,0.489517,0.553904,-14.833716,0.119847,30.692112,1.369091
8283,1.015166,0.702679,nan,0.119847,nan,2.449244
8284,1.009155,0.889864,-13.984776,0.119832,31.776199,2.460535
8285,0.486090,0.469229,nan,0.119832,nan,1.409442
8286,0.683984,0.721852,-14.993296,0.119817,30.175505,1.781075
8287,0.575115,0.608447,nan,0.119817,nan,1.593091
8288,0.875969,0.959338,-14.833879,0.119802,30.808472,2.172806
8289,0.687929,0.890956,nan,0.119802,nan,1.789829
8290,0.884831,0.985861,-14.741494,0.119786,28.856390,2.215294
8291,0.805382,0.932081,nan,0.119786,nan,1.995148
8292,0.461326,0.425143,-14.662544,0.119771,29.022030,1.310213
8293,0.684366,0.903156,nan,0.119771,nan,1.742443
8294,0.559076,0.692423,-15.297584,0.119756,29.959255,1.517066
8295,0.506405,0.581871,nan,0.119756,nan,1.419373
8296,0.752497,0.580833,-14.985622,0.119741,30.245022,1.972851
8297,0.527469,0.718889,nan,0.119741,nan,1.439298
8298,0.667940,0.910989,-15.117631,0.119726,30.282909,1.736074
8299,0.575869,0.631959,nan,0.119726,nan,1.536961
8300,0.515976,0.655056,-15.828889,0.119710,31.590973,1.432186
8301,0.527557,0.598779,nan,0.119710,nan,1.474593
8302,0.506810,0.600739,-13.670399,0.119695,28.388605,1.413977
8303,0.658295,0.624136,nan,0.119695,nan,1.726589
8304,0.355733,0.413916,-14.242160,0.119680,30.800835,1.085673
8305,0.733525,0.473863,nan,0.119680,nan,1.911608
8306,1.007437,0.905193,-15.334270,0.119665,28.897501,2.446980
8307,0.890105,0.909954,nan,0.119665,nan,2.187510
8308,0.651268,0.679279,-14.789003,0.119650,30.740290,1.697457
8309,0.899820,1.155541,nan,0.119650,nan,2.199125
8310,0.499677,0.796622,-15.723512,0.119634,30.779831,1.389837
8311,0.782356,0.831220,nan,0.119634,nan,1.985241
8312,0.604592,0.734093,-15.000689,0.119619,28.903069,1.607409
8313,0.666826,0.717949,nan,0.119619,nan,1.715901
8314,0.774909,0.759773,-14.225225,0.119604,29.313507,1.949401
8315,0.861734,0.911260,nan,0.119604,nan,2.090526
8316,0.847956,0.750480,-14.752544,0.119589,30.098244,2.109092
8317,0.722971,0.713703,nan,0.119589,nan,1.867114
8318,0.792207,0.826641,-13.567295,0.119574,30.569933,1.938501
8319,0.490935,0.569002,nan,0.119574,nan,1.372527
8320,0.644853,0.663399,-13.940032,0.119559,29.258423,1.691798
8321,0.728041,0.846288,nan,0.119559,nan,1.852676
8322,0.620530,0.760819,-14.814713,0.119544,29.624294,1.624469
8323,0.771070,0.886411,nan,0.119544,nan,1.931733
8324,0.880591,0.741108,-14.609212,0.119528,29.568014,2.196820
8325,0.707754,0.707935,nan,0.119528,nan,1.783399
8326,1.176275,0.811221,-13.152358,0.119513,28.115177,2.822921
8327,1.048577,1.274060,nan,0.119513,nan,2.516067
8328,0.802305,0.998495,-13.719791,0.119498,27.854111,2.004958
8329,0.586717,0.669329,nan,0.119498,nan,1.516566
8330,0.655310,0.699669,-13.925838,0.119484,29.057419,1.689172
8331,0.703819,0.843755,nan,0.119484,nan,1.783718
8332,0.620662,0.798968,-12.449212,0.119469,28.869045,1.598157
8333,0.489363,0.599664,nan,0.119469,nan,1.377340
8334,0.511500,0.597979,-13.868036,0.119454,30.284960,1.347154
8335,0.585273,0.612719,nan,0.119454,nan,1.572047
8336,0.708927,1.027519,-12.906836,0.119439,28.925308,1.790459
8337,0.906266,1.063514,nan,0.119439,nan,2.224302
8338,0.655162,0.802836,-11.632767,0.119424,29.014336,1.680049
8339,0.732554,1.243954,nan,0.119424,nan,1.874014
8340,0.754573,0.815164,-13.698124,0.119409,30.240181,1.913624
8341,0.761567,0.813134,nan,0.119409,nan,1.936318
8342,0.985701,0.912135,-13.828322,0.119394,31.226456,2.326801
8343,0.962436,0.818922,nan,0.119394,nan,2.377676
8344,0.720537,0.706740,-14.770935,0.119379,29.228010,1.843212
8345,0.634950,0.607246,nan,0.119379,nan,1.659127
8346,0.594344,0.780561,-12.804254,0.119364,29.094898,1.570429
8347,0.874224,0.870213,nan,0.119364,nan,2.136552
8348,0.618385,0.727745,-15.154133,0.119349,30.531456,1.590419
8349,1.133696,1.132448,nan,0.119349,nan,2.608256
8350,0.904903,0.970822,-14.586311,0.119334,31.729025,2.203619
8351,1.063189,1.021523,nan,0.119334,nan,2.520322
8352,0.591236,0.730376,-13.812984,0.119319,29.932541,1.558338
8353,0.458491,0.599089,nan,0.119319,nan,1.265719
8354,0.763569,0.768880,-14.112173,0.119304,29.488989,1.942791
8355,0.875657,0.948642,nan,0.119304,nan,2.101353
8356,0.526099,0.599795,-13.625866,0.119289,28.573837,1.405209
8357,1.062860,0.957064,nan,0.119289,nan,2.477392
8358,0.904930,0.866779,-13.164781,0.119274,30.766253,2.165416
8359,0.622521,0.536120,nan,0.119274,nan,1.596502
8360,0.687353,0.539512,-13.258286,0.119259,29.703392,1.716448
8361,0.946183,0.901416,nan,0.119259,nan,2.283907
8362,0.776566,0.787138,-14.467077,0.119244,31.395313,1.962980
8363,0.866706,0.853388,nan,0.119244,nan,2.110211
8364,0.904382,0.800402,-12.275933,0.119229,29.913116,2.094812
8365,0.749601,0.666208,nan,0.119229,nan,1.825909
8366,0.482949,0.496635,-13.249294,0.119214,31.792139,1.327797
8367,0.495784,0.574857,nan,0.119214,nan,1.293165
8368,0.537393,0.624782,-13.049547,0.119199,31.744184,1.402166
8369,0.908346,0.766166,nan,0.119199,nan,2.112830
8370,0.604075,0.487745,-14.126889,0.119184,30.495525,1.603743
8371,0.940115,0.909922,nan,0.119184,nan,2.232483
8372,0.913902,0.666699,-12.973974,0.119168,30.168530,2.189325
8373,0.775618,0.834395,nan,0.119168,nan,1.897168
8374,0.542790,0.651505,-13.801026,0.119153,29.899122,1.448587
8375,0.668368,0.731742,nan,0.119153,nan,1.705925
8376,0.452971,0.480493,-12.335192,0.119138,32.300331,1.229184
8377,0.667267,0.732288,nan,0.119138,nan,1.683094
8378,0.786502,0.790993,-12.889896,0.119123,30.761532,1.906252
8379,0.771280,0.743660,nan,0.119123,nan,1.943112
8380,0.579144,0.606066,-13.968370,0.119108,31.244148,1.508062
8381,0.720371,0.695120,nan,0.119108,nan,1.835492
8382,0.922753,0.921719,-13.460909,0.119092,30.331512,2.212729
8383,0.554685,0.613784,nan,0.119092,nan,1.456358
8384,0.664091,0.681544,-13.651166,0.119077,31.644556,1.698723
8385,0.722116,0.693925,nan,0.119077,nan,1.814183
8386,0.427448,0.443223,-12.960167,0.119062,29.521126,1.153650
8387,0.566410,0.505067,nan,0.119062,nan,1.511851
8388,0.948889,1.006033,-11.087189,0.119047,30.481823,2.210169
8389,1.218498,0.913193,nan,0.119047,nan,2.857083
8390,1.168358,0.974191,-12.813804,0.119031,30.562214,2.714566
8391,0.693044,0.786731,nan,0.119031,nan,1.759634
8392,0.641906,0.791265,-13.924151,0.119016,30.707481,1.659719
8393,0.735228,0.891322,nan,0.119016,nan,1.806141
8394,0.754372,0.968740,-11.575914,0.119001,31.412901,1.914900
8395,0.769083,1.280139,nan,0.119001,nan,1.879883
8396,0.868160,0.753582,-11.930558,0.118986,30.456078,2.078617
8397,0.739089,0.824669,nan,0.118986,nan,1.784310
8398,0.982981,0.851870,-12.586298,0.118971,29.801987,2.347540
8399,1.092695,1.094491,nan,0.118971,nan,2.564660
8400,0.897657,0.877703,-11.350058,0.118956,29.488499,2.166616
8401,0.734445,0.731832,nan,0.118956,nan,1.774891
8402,0.735664,0.617674,-13.263479,0.118940,29.794815,1.870271
8403,0.393202,0.687485,nan,0.118940,nan,1.124418
8404,0.536177,0.505759,-12.243196,0.118925,31.568935,1.425950
8405,0.632568,0.788963,nan,0.118925,nan,1.604284
8406,0.931356,0.767766,-12.462893,0.118910,30.909071,2.194521
8407,1.170889,1.074756,nan,0.118910,nan,2.686590
8408,0.852277,0.933733,-13.194794,0.118895,28.083096,2.077833
8409,0.627180,0.608739,nan,0.118895,nan,1.649011
8410,0.700411,0.642895,-14.003828,0.118880,30.841930,1.811009
8411,0.912482,0.762806,nan,0.118880,nan,2.181739
8412,1.029227,0.966125,-12.329494,0.118865,30.416765,2.403322
8413,0.667323,0.752521,nan,0.118865,nan,1.682969
8414,0.940509,0.871523,-12.277758,0.118850,31.157158,2.244082
8415,0.582578,0.696172,nan,0.118850,nan,1.511316
8416,0.723831,0.719411,-10.965425,0.118835,32.339027,1.762686
8417,0.663222,0.682468,nan,0.118835,nan,1.691554
8418,0.780163,0.632063,-11.417734,0.118820,29.559319,1.931910
8419,0.912592,0.878610,nan,0.118820,nan,2.166608
8420,0.606883,0.890085,-12.768329,0.118805,29.318764,1.577996
8421,0.902158,0.660426,nan,0.118805,nan,2.234968
8422,0.696618,0.777276,-13.574005,0.118790,30.014509,1.773652
8423,1.082177,1.208230,nan,0.118790,nan,2.523055
8424,0.760211,0.756678,-11.443457,0.118775,30.520576,1.914388
8425,0.964780,0.838108,nan,0.118775,nan,2.324871
8426,0.721979,0.997817,-11.522883,0.118760,30.656521,1.797931
8427,0.940079,0.774149,nan,0.118760,nan,2.227252
8428,0.558638,0.570925,-14.948477,0.118744,32.607986,1.510388
8429,0.790470,0.952697,nan,0.118744,nan,1.995118
8430,0.623670,0.644578,-11.541428,0.118729,30.555542,1.596435
8431,0.695980,0.579661,nan,0.118729,nan,1.765101
8432,0.667683,0.536059,-13.139170,0.118714,32.411598,1.706073
8433,0.745669,0.777843,nan,0.118714,nan,1.829079
8434,0.668379,0.570752,-10.700647,0.118699,30.343159,1.627325
8435,0.686945,0.654134,nan,0.118699,nan,1.734158
8436,0.645505,0.617844,-13.267172,0.118684,32.111343,1.680861
8437,0.742359,0.713535,nan,0.118684,nan,1.790437
8438,0.779878,0.747966,-12.043460,0.118669,30.195282,1.930107
8439,0.505542,0.667490,nan,0.118669,nan,1.403100
8440,0.936175,0.910669,-11.259917,0.118654,30.339300,2.241334
8441,0.741988,0.881521,nan,0.118654,nan,1.861116
8442,0.946672,1.046890,-12.892767,0.118638,30.033432,2.292063
8443,0.650742,1.021187,nan,0.118638,nan,1.685152
8444,0.719824,0.723751,-12.042528,0.118623,32.109535,1.797991
8445,0.731758,0.775440,nan,0.118623,nan,1.845807
8446,0.576201,0.650740,-12.918522,0.118608,32.560745,1.511979
8447,0.738381,0.529489,nan,0.118608,nan,1.861245
8448,0.718307,0.801343,-12.189821,0.118593,30.293982,1.808004
8449,0.769502,0.795288,nan,0.118593,nan,1.889335
8450,0.544259,0.565578,-11.227564,0.118578,30.856277,1.450155
8451,0.690714,0.643487,nan,0.118578,nan,1.768972
8452,0.709766,0.587933,-11.443208,0.118563,30.614120,1.796972
8453,0.743102,0.918236,nan,0.118563,nan,1.875438
8454,0.740941,0.828271,-12.992794,0.118547,30.517849,1.856891
8455,0.886171,0.878426,nan,0.118547,nan,2.172247
8456,0.602258,0.676089,-11.562645,0.118532,30.120789,1.538548
8457,0.679319,0.670188,nan,0.118532,nan,1.757767
8458,0.828925,0.797114,-11.145436,0.118517,30.504581,1.952722
8459,0.793553,0.708275,nan,0.118517,nan,1.965466
8460,0.551929,0.616780,-10.338711,0.118502,30.744318,1.450843
8461,1.024857,0.971362,nan,0.118502,nan,2.416050
8462,0.760915,0.661535,-11.615768,0.118487,29.818199,1.884903
8463,0.766009,0.654354,nan,0.118487,nan,1.939221
8464,0.944752,0.938358,-11.742195,0.118472,29.535896,2.231188
8465,0.670380,0.578058,nan,0.118472,nan,1.719486
8466,0.574132,0.536835,-14.180334,0.118457,33.699482,1.515172
8467,0.625488,0.705449,nan,0.118457,nan,1.609923
8468,0.607970,0.569404,-11.247729,0.118442,31.574484,1.590729
8469,1.061379,0.882398,nan,0.118442,nan,2.509175
8470,0.650456,0.534639,-11.531065,0.118427,30.586048,1.650687
8471,0.783159,0.686583,nan,0.118427,nan,1.931674
8472,1.017326,0.912553,-13.011421,0.118412,31.451656,2.432162
8473,0.741919,0.751354,nan,0.118412,nan,1.899528
8474,0.607146,0.635351,-10.412962,0.118397,30.977531,1.570838
8475,0.612758,0.693965,nan,0.118397,nan,1.586490
8476,0.659965,0.628413,-10.948233,0.118382,30.319210,1.694168
8477,0.674875,0.912830,nan,0.118382,nan,1.707801
8478,0.819830,0.882554,-13.054710,0.118367,30.064194,2.036464
8479,1.009072,0.897964,nan,0.118367,nan,2.442033
8480,0.889395,0.862992,-10.852070,0.118352,29.538216,2.211219
8481,0.954129,0.845539,nan,0.118352,nan,2.297127
8482,0.887934,0.840800,-12.858547,0.118337,31.700283,2.192446
8483,1.205245,1.123276,nan,0.118337,nan,2.838496
8484,0.620532,0.552717,-12.580826,0.118322,28.512138,1.678785
8485,0.754032,0.634849,nan,0.118322,nan,1.886743
8486,0.711942,0.793203,-10.929235,0.118307,32.216816,1.803534
8487,0.727822,0.640350,nan,0.118307,nan,1.876350
8488,0.609840,0.469476,-12.626936,0.118292,30.199921,1.618067
8489,0.719187,0.513271,nan,0.118292,nan,1.853116
8490,0.676466,0.674431,-10.205064,0.118277,31.106754,1.765557
8491,1.220337,1.135123,nan,0.118277,nan,2.835250
8492,0.737951,0.602568,-12.979285,0.118262,30.377777,1.921515
8493,0.654465,0.492941,nan,0.118262,nan,1.722087
8494,0.873314,0.866826,-13.251488,0.118247,30.335518,2.179121
8495,0.641889,0.618212,nan,0.118247,nan,1.650942
8496,0.805208,0.722579,-13.537963,0.118232,29.957314,2.050468
8497,0.716814,0.359226,nan,0.118232,nan,1.856442
8498,0.900810,0.953433,-13.003532,0.118218,29.160381,2.233117
8499,0.703710,0.704217,nan,0.118218,nan,1.812303
8500,0.756902,0.990071,-12.341372,0.118203,31.786089,1.915253
8501,0.785129,0.898165,nan,0.118203,nan,1.968392
8502,1.067596,0.864330,-13.192963,0.118188,31.229874,2.586196
8503,0.752149,0.671583,nan,0.118188,nan,1.926514
8504,0.933604,0.797077,-12.139509,0.118173,31.866434,2.292618
8505,0.992912,0.852725,nan,0.118173,nan,2.441687
8506,0.627795,0.547432,-12.752081,0.118158,31.684948,1.661421
8507,1.284833,1.119372,nan,0.118158,nan,2.997737
8508,0.629535,0.632807,-12.671605,0.118143,30.832626,1.650563
8509,0.964441,0.714096,nan,0.118143,nan,2.322749
8510,0.817297,0.723583,-8.769068,0.118128,32.043240,1.999640
8511,0.982662,0.843681,nan,0.118128,nan,2.426047
8512,0.749363,0.948561,-11.104722,0.118113,31.566898,1.863867
8513,0.978355,0.790372,nan,0.118113,nan,2.321533
8514,0.709742,0.610123,-11.470755,0.118098,30.839985,1.777306
8515,0.748963,0.705636,nan,0.118098,nan,1.888305
8516,1.077071,1.059008,-10.028995,0.118083,30.115715,2.560933
8517,1.106131,1.097657,nan,0.118083,nan,2.630430
8518,0.910477,0.828479,-10.544364,0.118068,29.161514,2.221715
8519,0.757312,0.610936,nan,0.118068,nan,1.894123
8520,0.531535,0.460994,-10.656282,0.118053,30.447828,1.471932
8521,0.722370,0.685481,nan,0.118053,nan,1.866807
8522,0.804995,0.874550,-12.580204,0.118039,29.249157,1.991839
8523,0.778459,0.831281,nan,0.118039,nan,1.989848
8524,0.740916,0.981575,-12.414668,0.118024,30.775505,1.914272
8525,1.070454,0.865839,nan,0.118024,nan,2.551912
8526,0.889458,0.813982,-11.293512,0.118009,33.872734,2.194542
8527,0.787290,1.131678,nan,0.118009,nan,1.949832
8528,0.540638,0.678671,-12.385813,0.117994,31.767761,1.500192
8529,0.700788,0.719993,nan,0.117994,nan,1.800347
8530,0.459453,0.510347,-13.252234,0.117979,32.459976,1.337678
8531,0.703198,0.748189,nan,0.117979,nan,1.819964
8532,0.860026,0.773404,-11.059356,0.117964,30.042320,2.118577
8533,0.661067,0.672024,nan,0.117964,nan,1.709227
8534,0.960932,0.939899,-11.929859,0.117949,29.854404,2.349569
8535,1.125826,0.722783,nan,0.117949,nan,2.651348
8536,0.717020,0.760911,-7.971802,0.117934,29.698730,1.772972
8537,0.872379,0.744891,nan,0.117934,nan,2.110694
8538,0.834423,1.027204,-11.426313,0.117920,29.165295,2.087193
8539,1.171142,0.943424,nan,0.117920,nan,2.740596
8540,0.776743,0.794842,-12.916105,0.117905,31.843807,1.963285
8541,0.850774,0.969578,nan,0.117905,nan,2.108751
8542,0.670802,0.818163,-8.399103,0.117890,27.659374,1.713781
8543,0.762813,0.744939,nan,0.117890,nan,1.958549
8544,1.531058,1.003742,-8.110541,0.117875,29.029335,3.516206
8545,1.020614,1.180739,nan,0.117875,nan,2.483582
8546,0.655884,0.867600,-13.608685,0.117861,30.669365,1.743926
8547,0.787692,1.012297,nan,0.117861,nan,2.009412
8548,0.816939,1.485144,-11.899516,0.117846,33.239319,2.041364
8549,0.680333,0.836820,nan,0.117846,nan,1.767810
8550,0.716466,1.057717,-11.159605,0.117831,30.802086,1.868001
8551,0.715457,0.798328,nan,0.117831,nan,1.841532
8552,1.383485,1.054916,-10.597261,0.117817,31.710707,3.250487
8553,1.201828,0.950887,nan,0.117817,nan,2.870016
8554,0.810801,0.623878,-12.551191,0.117802,30.493326,2.079466
8555,0.719628,0.614902,nan,0.117802,nan,1.855429
8556,0.877709,0.983857,-10.307402,0.117787,30.174377,2.149873
8557,1.001021,0.828925,nan,0.117787,nan,2.437181
8558,0.686222,0.567081,-10.174596,0.117772,32.046444,1.784766
8559,0.765036,0.772990,nan,0.117772,nan,1.926992
8560,0.927596,0.806158,-13.848581,0.117758,30.531637,2.315888
8561,0.620736,0.653227,nan,0.117758,nan,1.622362
8562,0.759869,0.680707,-12.289405,0.117743,31.112484,1.979481
8563,0.827690,0.654908,nan,0.117743,nan,2.082471
8564,0.616480,0.791915,-11.907984,0.117728,31.714714,1.670637
8565,0.839647,0.891340,nan,0.117728,nan,2.099359
8566,0.850978,1.023693,-10.915289,0.117713,31.287792,2.138706
8567,0.517965,0.782512,nan,0.117713,nan,1.425998
8568,0.895333,0.968652,-10.822401,0.117698,32.834538,2.220882
8569,0.876121,0.991053,nan,0.117698,nan,2.170495
8570,0.820751,0.883694,-10.791098,0.117684,28.673496,2.079816
8571,1.220030,0.965206,nan,0.117684,nan,2.890223
8572,0.849704,0.884596,-10.760788,0.117669,29.961018,2.142898
8573,1.168937,1.043575,nan,0.117669,nan,2.789167
8574,0.882345,0.865142,-11.645924,0.117654,30.544193,2.236361
8575,0.686270,0.701002,nan,0.117654,nan,1.740067
8576,0.957799,1.126504,-11.279570,0.117640,29.998451,2.346469
8577,0.671717,0.753435,nan,0.117640,nan,1.776052
8578,0.821819,0.838660,-9.295123,0.117625,30.068127,2.077549
8579,0.635029,0.673262,nan,0.117625,nan,1.676039
8580,0.898524,0.766612,-11.832447,0.117610,32.115917,2.262007
8581,0.621890,0.663705,nan,0.117610,nan,1.664229
8582,0.515814,0.556706,-12.122019,0.117595,31.951653,1.453610
8583,0.758966,0.785098,nan,0.117595,nan,1.947692
8584,0.862292,0.926715,-8.986714,0.117581,34.147133,2.091148
8585,0.807189,0.801198,nan,0.117581,nan,2.036583
8586,0.848505,0.702059,-12.784540,0.117566,31.843840,2.150894
8587,0.862677,0.819461,nan,0.117566,nan,2.166972
8588,0.512815,0.556975,-10.894690,0.117551,32.301270,1.436807
8589,1.040366,0.867957,nan,0.117551,nan,2.507663
8590,0.601420,0.574336,-11.191456,0.117536,29.731346,1.614698
8591,0.810816,0.783150,nan,0.117536,nan,2.072109
8592,0.748957,0.780209,-11.954535,0.117521,30.756828,1.930025
8593,0.790844,0.703498,nan,0.117521,nan,1.981847
8594,0.790297,0.831732,-10.017529,0.117506,29.301895,2.006832
8595,0.816212,0.752845,nan,0.117506,nan,2.071067
8596,0.631733,0.600063,-12.462683,0.117492,31.504646,1.672413
8597,0.734323,0.674624,nan,0.117492,nan,1.922399
8598,0.849189,0.851719,-10.967578,0.117477,32.012085,2.150521
8599,1.234674,1.142552,nan,0.117477,nan,2.938299
8600,0.700125,0.750654,-11.784660,0.117462,29.840332,1.855893
8601,0.818392,1.093621,nan,0.117462,nan,2.083626
8602,0.860832,1.029097,-10.888579,0.117447,31.879143,2.170834
8603,0.599991,0.700633,nan,0.117447,nan,1.642177
8604,0.980282,1.032429,-11.272144,0.117433,31.370758,2.363777
8605,0.750149,0.596855,nan,0.117433,nan,1.917942
8606,0.859893,0.873884,-10.022712,0.117418,31.661671,2.149572
8607,0.629270,0.749342,nan,0.117418,nan,1.690853
8608,0.768925,0.864227,-10.860415,0.117403,30.787262,1.961478
8609,0.805810,1.051281,nan,0.117403,nan,2.052527
8610,0.505341,0.672578,-11.297129,0.117388,28.920403,1.412429
8611,0.907162,0.835573,nan,0.117388,nan,2.240913
8612,1.077452,1.089466,-9.317757,0.117374,29.140427,2.569963
8613,0.751725,0.934169,nan,0.117374,nan,1.961168
8614,0.785879,0.833986,-10.088764,0.117359,30.378922,1.990477
8615,0.648826,0.675373,nan,0.117359,nan,1.729406
8616,0.810150,0.794151,-11.420932,0.117345,33.255821,2.028317
8617,1.115465,0.629960,nan,0.117345,nan,2.679852
8618,0.860344,0.844982,-9.030401,0.117330,33.029770,2.139370
8619,1.351878,0.982433,nan,0.117330,nan,3.155807
8620,0.822281,0.424643,-10.462648,0.117315,31.138632,2.104397
8621,1.033565,0.865952,nan,0.117315,nan,2.501060
8622,0.784478,0.590335,-12.135015,0.117300,30.450895,2.042314
8623,1.028348,1.221919,nan,0.117300,nan,2.516851
8624,0.712383,1.052364,-11.066159,0.117286,30.659826,1.845080
8625,0.939656,1.057173,nan,0.117286,nan,2.334915
8626,0.730758,0.689055,-10.152237,0.117271,30.129065,1.931435
8627,1.094979,0.818751,nan,0.117271,nan,2.675871
8628,0.999337,1.001706,-9.651831,0.117257,29.336252,2.443591
8629,0.848958,0.968123,nan,0.117257,nan,2.103236
8630,1.032080,0.796741,-11.559588,0.117242,31.898430,2.498075
8631,0.835958,0.996603,nan,0.117242,nan,2.094738
8632,1.008226,1.153641,-9.689354,0.117228,30.638134,2.425884
8633,1.267666,0.953430,nan,0.117228,nan,2.983730
8634,0.637028,0.753176,-11.867193,0.117213,31.669613,1.702707
8635,0.681513,0.562010,nan,0.117213,nan,1.822597
8636,0.651414,0.734661,-11.110626,0.117198,29.370106,1.733455
8637,0.399638,0.531912,nan,0.117198,nan,1.229973
8638,0.884777,0.911891,-13.390655,0.117184,32.702675,2.208482
8639,0.985083,1.027290,nan,0.117184,nan,2.435322
8640,1.008496,1.110336,-11.292134,0.117169,32.154411,2.463160
8641,0.690914,0.724646,nan,0.117169,nan,1.798295
8642,0.682170,0.590474,-8.212347,0.117155,29.509409,1.770704
8643,0.897103,0.773639,nan,0.117155,nan,2.201564
8644,0.796320,0.974766,-8.708567,0.117140,31.969204,2.019660
8645,0.586955,0.579926,nan,0.117140,nan,1.559745
8646,0.778932,0.801426,-11.264593,0.117125,31.160511,1.991118
8647,0.702624,0.698311,nan,0.117125,nan,1.827301
8648,0.668161,0.917623,-11.366514,0.117111,31.792454,1.768414
8649,0.732719,0.748432,nan,0.117111,nan,1.893223
8650,0.907112,0.837806,-11.216751,0.117096,28.555777,2.218170
8651,0.790751,0.838490,nan,0.117096,nan,1.967708
8652,0.829466,1.060163,-8.659332,0.117082,31.077570,2.050697
8653,1.412801,1.171829,nan,0.117082,nan,3.263038
8654,0.986957,1.011580,-11.067411,0.117067,31.026138,2.427530
8655,0.689009,0.526646,nan,0.117067,nan,1.816549
8656,0.519832,0.657907,-11.764620,0.117053,30.980680,1.424875
8657,0.622389,0.623670,nan,0.117053,nan,1.674419
8658,0.752867,0.660424,-11.970790,0.117038,30.512878,1.961070
8659,0.679052,0.806390,nan,0.117038,nan,1.765876
8660,0.899846,0.588301,-11.047396,0.117024,29.818531,2.275676
8661,0.754970,0.769972,nan,0.117024,nan,1.933044
8662,0.537652,0.741089,-11.076870,0.117009,31.363440,1.479481
8663,0.539000,0.755879,nan,0.117009,nan,1.500154
8664,0.593994,0.627537,-10.562332,0.116995,31.184069,1.589086
8665,0.771290,0.834049,nan,0.116995,nan,1.968756
8666,0.554603,0.565931,-8.952818,0.116980,31.553295,1.517730
8667,1.430914,1.235296,nan,0.116980,nan,3.317801
8668,1.070499,1.220341,-8.481447,0.116966,31.936508,2.555404
8669,0.770093,0.977761,nan,0.116966,nan,1.951983
8670,0.801165,0.872506,-10.593071,0.116951,31.830713,2.028076
8671,1.046619,0.877190,nan,0.116951,nan,2.496484
8672,0.751172,0.733233,-11.572963,0.116937,30.938099,1.963562
8673,0.816457,0.851969,nan,0.116937,nan,2.050901
8674,0.551935,0.676802,-10.742907,0.116922,30.109444,1.524999
8675,0.666099,0.690582,nan,0.116922,nan,1.748888
8676,0.936245,0.942810,-11.249073,0.116908,32.343597,2.314189
8677,0.762019,0.558446,nan,0.116908,nan,1.941581
8678,0.687736,0.661416,-9.463150,0.116893,30.332680,1.802413
8679,0.974585,0.698481,nan,0.116893,nan,2.353232
8680,0.707843,0.606834,-11.324291,0.116879,30.897251,1.832808
8681,0.935965,1.023618,nan,0.116879,nan,2.282395
8682,0.800720,0.710163,-9.229273,0.116864,31.532520,2.011261
8683,0.752172,0.721315,nan,0.116864,nan,1.948269
8684,0.781078,0.597407,-11.535921,0.116849,33.196312,1.995793
8685,1.051603,0.947161,nan,0.116849,nan,2.539407
8686,0.536682,0.629684,-11.683400,0.116835,31.062147,1.473341
8687,0.778716,0.676303,nan,0.116835,nan,1.989512
8688,0.808561,0.860134,-8.966259,0.116820,33.766537,2.054649
8689,0.896563,0.977586,nan,0.116820,nan,2.232097
8690,0.522567,0.581029,-11.949839,0.116806,31.553135,1.453178
8691,0.733454,0.759101,nan,0.116806,nan,1.905056
8692,1.004313,0.953883,-12.283708,0.116791,31.430490,2.477366
8693,0.722816,0.711920,nan,0.116791,nan,1.857149
8694,1.199318,0.846572,-12.445840,0.116776,31.809296,2.867411
8695,0.835349,0.797246,nan,0.116776,nan,2.114683
8696,0.845997,0.618106,-10.707532,0.116762,31.214437,2.133297
8697,0.768790,0.653956,nan,0.116762,nan,1.973282
8698,0.627206,0.527476,-13.053825,0.116747,32.810604,1.691204
8699,0.481188,0.479974,nan,0.116747,nan,1.386003
8700,1.033291,0.813482,-11.173063,0.116732,31.734066,2.523596
8701,0.853879,0.899575,nan,0.116732,nan,2.121165
8702,1.063081,0.712272,-12.332174,0.116717,32.117767,2.559046
8703,0.923717,0.789566,nan,0.116717,nan,2.267316
8704,1.023109,0.802110,-9.921349,0.116703,29.772568,2.477565
8705,0.873778,0.872676,nan,0.116703,nan,2.213662
8706,0.930676,0.953773,-14.365995,0.116688,32.808304,2.310465
8707,0.549676,0.699722,nan,0.116688,nan,1.482489
8708,0.652480,0.666974,-11.592602,0.116674,31.308329,1.739987
8709,1.006632,0.634130,nan,0.116674,nan,2.445161
8710,0.504171,0.435395,-10.853585,0.116659,32.268429,1.405563
8711,1.093426,1.052376,nan,0.116659,nan,2.608165
8712,0.594216,0.800125,-11.459373,0.116644,33.559711,1.600433
8713,0.575316,0.735010,nan,0.116644,nan,1.567944
8714,0.536580,0.808443,-10.210926,0.116629,32.902771,1.478639
8715,0.879405,0.895625,nan,0.116629,nan,2.186084
8716,0.934090,0.959056,-12.349957,0.116615,32.907890,2.286212
8717,0.900201,1.110852,nan,0.116615,nan,2.206114
8718,0.687173,0.953896,-10.545295,0.116600,33.151749,1.792006
8719,0.583675,0.702570,nan,0.116600,nan,1.574114
8720,0.548389,0.691692,-11.868677,0.116585,32.010708,1.493156
8721,0.715193,0.627207,nan,0.116585,nan,1.860909
8722,0.812086,1.209155,-11.572079,0.116570,33.764359,2.046750
8723,1.137962,0.989955,nan,0.116570,nan,2.730988
8724,0.995389,0.687261,-9.651997,0.116555,32.294418,2.444800
8725,0.895619,0.709783,nan,0.116555,nan,2.215862
8726,0.884315,0.702665,-11.130617,0.116540,34.489471,2.192468
8727,0.710225,0.631861,nan,0.116540,nan,1.855237
8728,0.673539,0.605188,-13.120576,0.116525,29.598221,1.772396
8729,0.658927,0.566422,nan,0.116525,nan,1.736603
8730,0.731900,0.806957,-10.228134,0.116511,31.488190,1.875800
8731,0.669752,1.071124,nan,0.116511,nan,1.726431
8732,1.394322,1.695697,-12.527204,0.116496,30.023026,3.211552
8733,1.089603,0.881736,nan,0.116496,nan,2.614632
8734,0.748810,0.957821,-13.363806,0.116481,32.801834,1.906363
8735,0.953227,0.840142,nan,0.116481,nan,2.329414
8736,0.851886,0.745798,-10.041546,0.116467,30.981207,2.124384
8737,0.682466,0.591421,nan,0.116467,nan,1.740353
8738,0.758762,0.690945,-10.569439,0.116452,32.800293,1.943409
8739,0.716485,0.974509,nan,0.116452,nan,1.870809
8740,0.741338,0.848966,-10.692910,0.116437,31.852085,1.896988
8741,0.669896,0.714953,nan,0.116437,nan,1.729904
8742,0.782334,0.770130,-11.873523,0.116422,32.606712,1.982564
8743,1.141411,0.960752,nan,0.116422,nan,2.685819
8744,1.005523,0.652211,-12.311867,0.116408,32.818531,2.452890
8745,0.828069,0.768060,nan,0.116408,nan,2.064374
8746,0.821156,0.620157,-12.534545,0.116393,30.681896,2.046996
8747,0.900256,0.871737,nan,0.116393,nan,2.245444
8748,0.627181,0.918896,-11.396643,0.116378,32.475967,1.657523
8749,0.851756,0.904815,nan,0.116378,nan,2.162450
8750,0.732836,0.618158,-12.646147,0.116364,32.041626,1.890995
8751,1.028918,0.867939,nan,0.116364,nan,2.472660
8752,0.927715,0.688024,-11.573463,0.116349,29.487734,2.272651
8753,0.791168,0.785048,nan,0.116349,nan,2.007808
8754,0.676552,0.692974,-11.640692,0.116334,32.291862,1.764898
8755,0.597959,0.611601,nan,0.116334,nan,1.637168
8756,1.028934,0.931148,-11.989331,0.116320,31.413454,2.501698
8757,0.778343,0.831292,nan,0.116320,nan,1.976821
8758,0.613571,0.500730,-12.769880,0.116305,30.515944,1.645665
8759,0.703931,0.732430,nan,0.116305,nan,1.805248
8760,0.899452,0.742904,-11.177185,0.116291,33.336617,2.239352
8761,0.766839,0.677364,nan,0.116291,nan,1.946673
8762,0.525342,0.659457,-12.827929,0.116276,32.393845,1.463459
8763,0.745440,0.668278,nan,0.116276,nan,1.900657
8764,0.662201,0.703119,-11.774963,0.116262,29.844479,1.747247
8765,0.648526,0.737222,nan,0.116262,nan,1.711526
8766,0.907127,0.957984,-11.316220,0.116247,31.419052,2.256923
8767,0.732693,0.702003,nan,0.116247,nan,1.880305
8768,0.812424,0.768067,-11.962565,0.116233,32.564243,2.031000
8769,0.601349,0.725646,nan,0.116233,nan,1.593530
8770,0.778247,0.621340,-11.314289,0.116218,32.314110,1.976606
8771,0.937346,0.786987,nan,0.116218,nan,2.304732
8772,0.720026,0.467817,-11.450814,0.116204,32.782166,1.852475
8773,0.836176,0.755992,nan,0.116204,nan,2.093486
8774,0.853863,0.653298,-10.607327,0.116189,31.701084,2.099848
8775,0.730800,0.658680,nan,0.116189,nan,1.879209
8776,0.804528,0.484149,-12.903728,0.116175,34.460373,2.041721
8777,0.840654,0.693236,nan,0.116175,nan,2.103146
8778,0.781976,0.758433,-9.774145,0.116160,32.316093,1.978434
8779,1.117715,1.151935,nan,0.116160,nan,2.689837
8780,1.019941,1.108206,-12.261265,0.116145,32.427620,2.441010
8781,0.873904,0.917556,nan,0.116145,nan,2.113344
8782,0.960825,0.863198,-11.180858,0.116131,30.309862,2.319170
8783,0.669723,0.543201,nan,0.116131,nan,1.757484
8784,0.824232,0.644858,-10.333292,0.116116,31.304619,2.034324
8785,0.871370,0.662765,nan,0.116116,nan,2.149233
8786,0.859657,0.813576,-11.285209,0.116101,34.005928,2.152458
8787,0.902115,0.737282,nan,0.116101,nan,2.199097
8788,0.920708,0.898908,-10.898536,0.116087,32.549652,2.243374
8789,0.966725,1.051371,nan,0.116087,nan,2.367900
8790,0.984994,0.785514,-12.191006,0.116072,32.478168,2.395735
8791,0.715539,0.640908,nan,0.116072,nan,1.832651
8792,0.969193,0.941749,-10.160630,0.116058,33.111488,2.353538
8793,0.898807,0.640071,nan,0.116058,nan,2.233117
8794,0.863365,0.721147,-12.854837,0.116043,33.595890,2.142945
8795,1.046652,0.930271,nan,0.116043,nan,2.530248
8796,1.050512,0.919844,-10.714972,0.116028,31.508131,2.534401
8797,1.114305,0.890146,nan,0.116028,nan,2.632892
8798,0.943381,0.757327,-11.661243,0.116014,31.783802,2.339446
8799,1.147666,1.024206,nan,0.116014,nan,2.702536
8800,0.911379,0.595020,-10.614161,0.115999,31.725580,2.235418
8801,0.629769,0.351914,nan,0.115999,nan,1.682087
8802,0.702492,0.532292,-11.935455,0.115984,32.526295,1.855395
8803,0.662268,0.659877,nan,0.115984,nan,1.723343
8804,0.586631,0.645432,-12.255007,0.115970,30.875692,1.584360
8805,0.755719,0.778159,nan,0.115970,nan,1.912454
8806,0.904269,0.802377,-13.074603,0.115955,33.027988,2.244533
8807,0.485281,0.513451,nan,0.115955,nan,1.383275
8808,1.010422,0.916864,-13.095106,0.115941,35.145157,2.438984
8809,1.039753,1.109778,nan,0.115941,nan,2.541342
8810,0.722844,0.707435,-10.737564,0.115926,31.574570,1.852411
8811,0.826971,0.962125,nan,0.115926,nan,2.036761
8812,0.890207,0.726658,-10.830786,0.115911,32.146675,2.187131
8813,0.561879,0.531844,nan,0.115911,nan,1.527391
8814,0.812480,0.759036,-12.415016,0.115897,32.916931,2.025934
8815,0.560101,0.684968,nan,0.115897,nan,1.526206
8816,0.561351,0.605533,-14.277306,0.115882,31.167789,1.517698
8817,0.626694,0.512130,nan,0.115882,nan,1.650264
8818,0.444318,0.477198,-12.189384,0.115868,32.811501,1.304747
8819,0.602053,0.743940,nan,0.115868,nan,1.615216
8820,0.716479,0.834614,-11.119324,0.115853,28.747742,1.830063
8821,0.663673,0.561236,nan,0.115853,nan,1.748974
8822,0.757815,0.689746,-13.721367,0.115839,33.115238,1.940006
8823,0.856675,0.736559,nan,0.115839,nan,2.127431
8824,0.833770,0.771481,-11.069860,0.115824,33.299431,2.069215
8825,0.685081,0.641627,nan,0.115824,nan,1.751533
8826,0.764220,0.685009,-10.904465,0.115810,31.423151,1.950966
8827,0.668669,0.706630,nan,0.115810,nan,1.735800
8828,1.009659,0.924269,-12.067950,0.115795,32.606270,2.414290
8829,1.015252,0.991517,nan,0.115795,nan,2.476280
8830,1.171680,1.261837,-10.675079,0.115781,29.886301,2.731197
8831,0.862992,0.788203,nan,0.115781,nan,2.134603
8832,1.034254,0.784552,-11.539646,0.115766,29.615307,2.479451
8833,0.713353,1.094271,nan,0.115766,nan,1.825301
8834,1.283033,1.337200,-10.755569,0.115752,31.621569,2.990088
8835,0.880668,0.747077,nan,0.115752,nan,2.136460
8836,1.064489,0.827448,-10.828480,0.115738,31.463156,2.548503
8837,0.839339,0.760578,nan,0.115738,nan,2.071185
8838,1.070207,0.862860,-11.101397,0.115724,29.604208,2.569400
8839,0.662643,0.940328,nan,0.115724,nan,1.708066
8840,0.969581,0.957639,-11.912834,0.115709,32.730141,2.365790
8841,0.855162,0.986272,nan,0.115709,nan,2.084127
8842,0.844299,0.889883,-10.421246,0.115695,33.324638,2.091677
8843,1.242793,1.120475,nan,0.115695,nan,2.911214
8844,0.567548,0.824391,-11.919511,0.115681,31.856804,1.503829
8845,0.914071,0.840329,nan,0.115681,nan,2.215559
8846,0.695023,0.651713,-13.182047,0.115666,31.786442,1.771898
8847,0.989455,1.005280,nan,0.115666,nan,2.385650
8848,0.657825,0.725716,-11.758150,0.115652,32.318916,1.731588
8849,0.769895,0.733966,nan,0.115652,nan,1.935140
8850,1.182767,1.025033,-10.447474,0.115638,29.850964,2.801097
8851,1.154965,1.258595,nan,0.115638,nan,2.697992
8852,0.565357,0.611379,-14.106919,0.115624,33.225029,1.475681
8853,0.709478,0.602687,nan,0.115624,nan,1.831408
8854,1.147384,0.993427,-12.033928,0.115609,31.654037,2.720874
8855,0.818833,1.067182,nan,0.115609,nan,2.016178
8856,1.051289,1.231686,-9.548300,0.115595,34.324909,2.485174
8857,1.017794,0.976500,nan,0.115595,nan,2.479259
8858,1.286497,1.058325,-13.395612,0.115581,32.616459,3.010737
8859,1.288239,1.408135,nan,0.115581,nan,2.969615
8860,0.800498,0.666654,-10.318571,0.115566,31.624134,1.961522
8861,0.615910,0.665396,nan,0.115566,nan,1.598382
8862,0.654773,0.869492,-8.968141,0.115552,33.005901,1.647004
8863,0.961625,0.862941,nan,0.115552,nan,2.319481
8864,0.488486,0.677012,-11.875783,0.115538,32.258503,1.366151
8865,1.616542,1.332533,nan,0.115538,nan,3.634986
8866,1.184264,1.285489,-13.579124,0.115523,32.869835,2.785060
8867,0.663166,0.849139,nan,0.115523,nan,1.682791
8868,1.009148,0.850517,-11.901200,0.115509,31.307629,2.435134
8869,0.688275,0.691455,nan,0.115509,nan,1.729294
8870,0.779212,0.789529,-10.646528,0.115494,33.802124,1.938344
8871,0.885905,0.759216,nan,0.115494,nan,2.178224
8872,0.797180,0.543521,-11.033737,0.115480,32.709984,2.009432
8873,0.874227,1.078346,nan,0.115480,nan,2.132816
8874,0.739907,0.911528,-13.012587,0.115465,34.740448,1.828942
8875,1.013607,0.764125,nan,0.115465,nan,2.427141
8876,0.699767,0.841891,-10.504584,0.115451,30.952110,1.777727
8877,0.739212,0.967357,nan,0.115451,nan,1.830360
8878,0.691438,0.694810,-11.893013,0.115436,32.256866,1.725496
8879,0.898626,0.829920,nan,0.115436,nan,2.204300
8880,1.167025,1.102880,-12.811563,0.115422,34.084282,2.727828
8881,0.935380,0.844846,nan,0.115422,nan,2.258052
8882,0.850845,0.652668,-8.877233,0.115408,30.760124,2.118257
8883,0.999313,1.242966,nan,0.115408,nan,2.362182
8884,0.783585,0.855589,-10.389596,0.115393,33.178341,1.940878
8885,0.620167,0.621300,nan,0.115393,nan,1.593270
8886,0.631655,0.775887,-12.996103,0.115379,31.293114,1.640336
8887,0.710138,0.769770,nan,0.115379,nan,1.791446
8888,0.885798,0.813994,-10.231836,0.115364,34.243858,2.163384
8889,0.843271,0.922817,nan,0.115364,nan,2.045299
8890,1.220747,0.694997,-10.079204,0.115350,32.125271,2.834135
8891,0.808218,0.744602,nan,0.115350,nan,2.023239
8892,0.711151,0.686440,-14.041892,0.115335,34.909180,1.810201
8893,0.544086,0.568231,nan,0.115335,nan,1.461003
8894,0.508679,0.514463,-11.053872,0.115321,31.201059,1.372908
8895,0.715140,0.806899,nan,0.115321,nan,1.792253
8896,0.680842,0.727684,-12.010674,0.115306,33.351028,1.746544
8897,0.792525,0.853378,nan,0.115306,nan,1.959538
8898,0.750626,0.695645,-11.535234,0.115292,31.910160,1.929045
8899,0.664753,0.645065,nan,0.115292,nan,1.695725
8900,0.616400,0.818948,-11.374046,0.115277,31.590649,1.602192
8901,0.519837,0.772880,nan,0.115277,nan,1.373357
8902,0.922954,0.992616,-12.431231,0.115263,32.651413,2.232483
8903,1.026132,1.042142,nan,0.115263,nan,2.445304
8904,0.547595,0.916517,-9.435940,0.115249,30.297327,1.433330
8905,0.733558,0.713104,nan,0.115249,nan,1.837872
8906,1.013777,1.009959,-11.335857,0.115234,33.922852,2.431225
8907,0.951240,1.031044,nan,0.115234,nan,2.301589
8908,0.887412,0.714564,-10.651797,0.115220,30.063168,2.167567
8909,0.952639,0.868401,nan,0.115220,nan,2.317075
8910,0.580630,0.687053,-11.147561,0.115206,33.822266,1.507571
8911,0.829770,0.813162,nan,0.115206,nan,2.040004
8912,0.783059,1.035276,-11.245094,0.115191,32.605911,1.959815
8913,0.596826,0.786908,nan,0.115191,nan,1.563317
8914,0.652870,0.594416,-13.648341,0.115177,34.137592,1.689171
8915,0.868824,1.047673,nan,0.115177,nan,2.150131
8916,1.023969,0.901350,-13.250021,0.115163,32.924210,2.455802
8917,0.970190,0.767740,nan,0.115163,nan,2.397440
8918,0.509527,0.458058,-8.947216,0.115148,30.675932,1.376654
8919,1.186638,0.764157,nan,0.115148,nan,2.768482
8920,1.829312,1.290404,-11.048455,0.115134,32.868076,4.133132
8921,0.922701,1.107781,nan,0.115134,nan,2.223546
8922,1.064701,1.173729,-12.044880,0.115120,32.496628,2.550861
8923,0.763317,0.763502,nan,0.115120,nan,1.919160
8924,0.891913,0.791919,-13.093990,0.115105,32.100922,2.197098
8925,1.563157,1.471764,nan,0.115105,nan,3.571945
8926,0.937261,0.887254,-14.304916,0.115091,33.673698,2.291108
8927,0.842907,1.020219,nan,0.115091,nan,2.082448
8928,0.913627,0.952355,-10.727408,0.115077,32.026573,2.180925
8929,0.745895,1.054832,nan,0.115077,nan,1.863158
8930,0.612368,1.030256,-8.200470,0.115062,33.538948,1.527586
8931,1.057247,0.562326,nan,0.115062,nan,2.531691
8932,0.679441,0.699337,-12.553465,0.115048,32.945396,1.752195
8933,1.164770,0.837855,nan,0.115048,nan,2.763839
8934,1.460472,0.796574,-12.445700,0.115034,33.585922,3.351176
8935,1.687734,1.358008,nan,0.115034,nan,3.786421
8936,0.474878,0.455241,-11.093575,0.115019,32.930573,1.270890
8937,0.947658,0.774384,nan,0.115019,nan,2.313083
8938,1.237127,1.121838,-10.567249,0.115005,32.616486,2.890005
8939,0.949535,0.983520,nan,0.115005,nan,2.308927
8940,0.926091,0.718713,-13.130085,0.114990,31.484306,2.266730
8941,0.618449,0.716828,nan,0.114990,nan,1.629098
8942,0.996733,0.868806,-12.324136,0.114976,30.595455,2.419419
8943,1.184353,1.145067,nan,0.114976,nan,2.810088
8944,0.963386,0.963656,-10.729342,0.114962,34.134624,2.283610
8945,0.979966,0.999720,nan,0.114962,nan,2.362409
8946,0.512458,0.924382,-11.249680,0.114948,31.622375,1.377886
8947,0.800103,0.907344,nan,0.114948,nan,1.982352
8948,0.518572,0.520289,-12.810548,0.114933,32.962944,1.412337
8949,1.059758,0.929210,nan,0.114933,nan,2.480599
8950,1.160834,0.924015,-13.267948,0.114919,33.266479,2.753753
8951,0.818137,0.804541,nan,0.114919,nan,1.988808
8952,0.826881,0.725123,-11.831095,0.114905,32.028946,2.032939
8953,0.587044,0.568082,nan,0.114905,nan,1.533380
8954,0.986764,0.970545,-9.294752,0.114890,32.258224,2.368196
8955,0.885862,0.804415,nan,0.114890,nan,2.158001
8956,0.822083,0.632361,-10.256697,0.114876,33.309814,1.999290
8957,0.731158,0.721027,nan,0.114876,nan,1.854934
8958,0.804056,0.614194,-12.490019,0.114862,32.740578,2.032217
8959,1.128788,0.958750,nan,0.114862,nan,2.671780
8960,0.611855,0.641566,-11.643214,0.114848,31.580772,1.594341
8961,0.687500,0.705284,nan,0.114848,nan,1.713210
8962,0.603042,0.481105,-10.688971,0.114833,31.754194,1.600642
8963,0.735120,0.720666,nan,0.114833,nan,1.843210
8964,0.839453,0.706068,-13.784986,0.114819,36.360130,2.054585
8965,0.948675,0.708284,nan,0.114819,nan,2.300374
8966,1.183941,1.072018,-8.192776,0.114805,31.707714,2.771523
8967,0.907303,1.031053,nan,0.114805,nan,2.231006
8968,0.787248,0.890688,-12.231550,0.114790,31.990120,1.966851
8969,1.076331,1.421250,nan,0.114790,nan,2.530034
8970,0.803791,0.691347,-12.888180,0.114776,33.704544,2.040544
8971,0.524177,0.549201,nan,0.114776,nan,1.415653
8972,0.922157,1.119987,-10.379776,0.114762,32.534546,2.242044
8973,1.102505,0.679991,nan,0.114762,nan,2.635669
8974,0.680930,0.681307,-12.999839,0.114748,35.149521,1.761537
8975,0.726133,0.529936,nan,0.114748,nan,1.854226
8976,0.584707,0.453681,-10.690087,0.114733,34.480278,1.536138
8977,1.050099,0.602489,nan,0.114733,nan,2.521279
8978,1.121187,1.120580,-10.482851,0.114719,32.605011,2.649415
8979,1.017742,1.046588,nan,0.114719,nan,2.445021
8980,0.602792,0.502841,-11.760025,0.114704,33.499916,1.587849
8981,0.767111,0.774196,nan,0.114704,nan,1.896378
8982,0.783719,0.725644,-11.196008,0.114690,32.317135,1.954453
8983,1.364132,0.986788,nan,0.114690,nan,3.168613
8984,0.856567,0.864232,-9.788565,0.114676,32.169556,2.127686
8985,0.565884,0.549388,nan,0.114676,nan,1.475797
8986,0.597215,0.638902,-11.409603,0.114661,34.181789,1.600391
8987,0.530058,0.601677,nan,0.114661,nan,1.398711
8988,0.668094,0.872761,-10.962280,0.114647,34.473412,1.666117
8989,1.022755,1.082147,nan,0.114647,nan,2.452166
8990,1.094974,1.285449,-12.865146,0.114632,33.817875,2.582528
8991,0.772587,0.655509,nan,0.114632,nan,1.958635
8992,0.563568,0.582761,-12.873631,0.114618,34.791515,1.497514
8993,0.739894,0.681838,nan,0.114618,nan,1.882211
8994,0.811449,0.823381,-11.760546,0.114603,31.163151,2.023468
8995,0.691825,0.926276,nan,0.114603,nan,1.773010
8996,0.536139,0.999530,-12.109013,0.114589,32.661987,1.422535
8997,0.898968,0.866921,nan,0.114589,nan,2.185389
8998,0.675817,0.841155,-12.484945,0.114575,32.355171,1.737826
8999,0.701744,0.847138,nan,0.114575,nan,1.801300
9000,0.859182,0.882626,-10.218954,0.114560,32.908997,2.099221
9001,0.915126,1.020111,nan,0.114560,nan,2.211588
9002,0.616776,0.598091,-12.289113,0.114546,34.016315,1.612194
9003,0.734986,1.101555,nan,0.114546,nan,1.818965
9004,0.810354,0.817151,-12.089272,0.114532,30.519400,2.003047
9005,0.918274,1.001325,nan,0.114532,nan,2.220276
9006,1.136481,1.183465,-10.932675,0.114518,33.303825,2.679067
9007,1.018958,1.103583,nan,0.114518,nan,2.451777
9008,1.170186,1.117332,-12.313433,0.114503,32.110783,2.745804
9009,0.710281,0.847726,nan,0.114503,nan,1.790734
9010,0.841141,1.003194,-11.434618,0.114489,34.151207,2.066188
9011,0.983463,0.750773,nan,0.114489,nan,2.367633
9012,0.781619,0.823308,-10.769320,0.114475,32.400726,1.943664
9013,0.795861,0.710086,nan,0.114475,nan,2.020375
9014,0.759911,0.559793,-13.815328,0.114461,32.541309,1.941112
9015,0.861137,0.595639,nan,0.114461,nan,2.120583
9016,0.882563,0.705833,-13.702837,0.114446,35.517971,2.181263
9017,0.863296,0.902455,nan,0.114446,nan,2.138982
9018,0.837641,0.812724,-9.882793,0.114432,31.278660,2.026103
9019,0.792263,0.711541,nan,0.114432,nan,1.997692
9020,0.517405,0.525444,-11.779100,0.114418,29.808928,1.381534
9021,0.761452,0.816266,nan,0.114418,nan,1.881108
9022,0.605151,0.654572,-12.405774,0.114404,32.951607,1.601101
9023,0.971974,1.015455,nan,0.114404,nan,2.331157
9024,0.738394,0.965866,-12.110729,0.114390,32.356758,1.870988
9025,0.775360,0.752250,nan,0.114390,nan,1.961941
9026,1.112505,0.849151,-10.276588,0.114376,34.354820,2.644863
9027,0.686012,0.767904,nan,0.114376,nan,1.705486
9028,1.259602,0.661999,-12.830755,0.114361,31.501339,2.960435
9029,0.579753,0.726845,nan,0.114361,nan,1.527726
9030,1.727037,1.303585,-8.695765,0.114347,31.650993,3.907499
9031,1.049206,0.619569,nan,0.114347,nan,2.531269
9032,0.993564,1.065801,-10.540493,0.114333,34.072990,2.369302
9033,1.504546,1.295093,nan,0.114333,nan,3.440169
9034,0.579723,0.963346,-10.811736,0.114319,30.961494,1.549237
9035,1.525350,0.871510,nan,0.114319,nan,3.502108
9036,1.565921,1.324621,-14.069658,0.114305,33.789497,3.606957
9037,1.131938,0.882821,nan,0.114305,nan,2.657306
9038,1.332520,0.866751,-11.606513,0.114291,34.380356,3.091308
9039,1.647846,0.975138,nan,0.114291,nan,3.770390
9040,1.703034,0.984666,-12.835188,0.114277,30.737352,3.874476
9041,1.283904,0.967566,nan,0.114277,nan,2.982923
9042,0.622990,0.953054,-9.698767,0.114263,33.996582,1.609259
9043,1.727872,1.255584,nan,0.114263,nan,3.902330
9044,1.744704,0.930714,-10.508242,0.114249,35.150459,3.964375
9045,0.970445,1.123896,nan,0.114249,nan,2.323708
9046,0.763164,0.920440,-12.466930,0.114234,32.826622,1.907611
9047,1.104277,0.765502,nan,0.114234,nan,2.619141
9048,1.564109,0.865656,-11.646433,0.114220,33.902809,3.557580
9049,1.081338,0.743534,nan,0.114220,nan,2.574436
9050,0.719022,0.506809,-12.336844,0.114206,31.927198,1.833704
9051,0.906641,0.987588,nan,0.114206,nan,2.198516
9052,0.756436,0.470315,-9.917688,0.114192,32.553726,1.918954
9053,0.853984,0.780255,nan,0.114192,nan,2.128647
9054,1.130141,1.110301,-11.030344,0.114178,34.332840,2.650174
9055,1.402818,1.340243,nan,0.114178,nan,3.222369
9056,0.761469,0.712903,-11.423641,0.114164,31.937122,1.906390
9057,1.044058,1.031214,nan,0.114164,nan,2.518744
9058,0.672332,0.607605,-12.126781,0.114150,33.365120,1.731223
9059,0.965367,0.866942,nan,0.114150,nan,2.356678
9060,0.951193,0.858037,-11.243305,0.114135,32.935398,2.313886
9061,1.327838,1.161982,nan,0.114135,nan,3.084367
9062,1.123919,0.669146,-12.054684,0.114121,33.649559,2.695689
9063,0.598272,0.708264,nan,0.114121,nan,1.576188
9064,0.704891,0.818729,-12.644690,0.114107,33.063889,1.837466
9065,0.866526,0.615115,nan,0.114107,nan,2.146559
9066,1.000596,0.884601,-11.939005,0.114093,34.112980,2.437914
9067,1.133591,1.175852,nan,0.114093,nan,2.692154
9068,1.001769,0.799381,-12.718775,0.114079,32.695435,2.433840
9069,0.557186,0.595000,nan,0.114079,nan,1.436841
9070,0.759735,0.786838,-12.307314,0.114065,33.322891,1.905308
9071,0.573299,0.664634,nan,0.114065,nan,1.522739
9072,0.633538,0.751455,-10.577259,0.114050,32.727402,1.662179
9073,0.738632,0.785599,nan,0.114050,nan,1.861016
9074,0.602689,0.530463,-11.333169,0.114036,33.722015,1.601622
9075,0.659449,0.594106,nan,0.114036,nan,1.719446
9076,0.841907,1.069694,-12.464815,0.114022,33.105770,2.093343
9077,0.878394,0.841151,nan,0.114022,nan,2.169258
9078,0.723163,0.693968,-11.899193,0.114008,34.318325,1.874073
9079,0.676324,0.594975,nan,0.114008,nan,1.772617
9080,1.177395,1.091455,-9.403831,0.113994,30.943439,2.788142
9081,1.180901,1.161166,nan,0.113994,nan,2.806725
9082,0.867249,0.740099,-10.646264,0.113980,32.747761,2.127457
9083,0.571953,0.627657,nan,0.113980,nan,1.522570
9084,0.923925,0.939409,-9.229340,0.113966,31.824490,2.284682
9085,1.680115,1.503606,nan,0.113966,nan,3.809532
9086,0.702122,1.221314,-9.518470,0.113952,32.317413,1.780305
9087,0.483884,0.450540,nan,0.113952,nan,1.362293
9088,0.879056,1.082515,-8.673691,0.113938,32.177750,2.202677
9089,0.752847,0.751590,nan,0.113938,nan,1.890826
9090,0.578095,0.800053,-12.328283,0.113924,34.128296,1.534878
9091,0.766844,0.723768,nan,0.113924,nan,1.887625
9092,1.015355,0.902142,-12.218472,0.113910,34.341461,2.410118
9093,0.657473,0.859298,nan,0.113910,nan,1.709463
9094,1.157422,0.811376,-9.858246,0.113896,32.189705,2.763691
9095,1.269242,1.194584,nan,0.113896,nan,2.968642
9096,0.593656,0.810316,-11.318997,0.113882,31.958555,1.567969
9097,0.657460,0.455900,nan,0.113882,nan,1.736120
9098,0.612083,0.492762,-13.023369,0.113868,33.121780,1.626632
9099,0.668041,0.555294,nan,0.113868,nan,1.752065
9100,0.982751,0.803110,-12.102570,0.113854,33.793510,2.412940
9101,0.475199,0.501930,nan,0.113854,nan,1.343169
9102,1.258632,0.874145,-10.245026,0.113840,33.627403,2.973254
9103,1.164442,0.615972,nan,0.113840,nan,2.773177
9104,0.961442,0.889118,-9.601576,0.113826,31.955860,2.355314
9105,1.006027,1.071259,nan,0.113826,nan,2.449685
9106,0.779437,0.805519,-13.042799,0.113812,32.313148,1.942483
9107,0.996056,1.065696,nan,0.113812,nan,2.403725
9108,1.229490,1.023305,-13.241092,0.113798,32.678234,2.884389
9109,1.292276,1.372438,nan,0.113798,nan,3.021986
9110,1.219241,0.877600,-9.961939,0.113784,32.316055,2.890563
9111,1.388466,0.529798,nan,0.113784,nan,3.227112
9112,0.730365,0.878680,-12.105873,0.113770,35.055176,1.856778
9113,0.851803,0.725924,nan,0.113770,nan,2.109825
9114,1.201856,1.174909,-9.393217,0.113756,33.519928,2.827477
9115,0.960500,0.802212,nan,0.113756,nan,2.338472
9116,0.594183,0.517397,-11.534433,0.113742,34.969685,1.593991
9117,1.052225,1.073296,nan,0.113742,nan,2.534161
9118,1.113457,0.829101,-13.292073,0.113728,34.897751,2.665138
9119,1.418605,1.528118,nan,0.113728,nan,3.281669
9120,0.775826,1.432136,-11.581220,0.113713,34.878372,1.953970
9121,0.917412,1.233017,nan,0.113713,nan,2.211944
9122,0.928683,0.933497,-11.078155,0.113699,32.004066,2.255976
9123,0.986932,1.126648,nan,0.113699,nan,2.374379
9124,0.480453,0.813445,-11.989847,0.113685,33.209286,1.345644
9125,1.355159,1.080872,nan,0.113685,nan,3.152426
9126,1.061000,1.141876,-13.379532,0.113671,34.390373,2.550009
9127,1.088394,0.951611,nan,0.113671,nan,2.600570
9128,0.730933,0.825617,-12.499619,0.113657,34.041275,1.853916
9129,0.891801,0.850276,nan,0.113657,nan,2.173642
9130,0.868854,0.601690,-13.791928,0.113643,31.509689,2.152197
9131,0.648460,0.686954,nan,0.113643,nan,1.691972
9132,0.904936,0.831327,-10.657358,0.113629,34.119038,2.218899
9133,0.857861,0.762874,nan,0.113629,nan,2.111688
9134,0.866705,1.026476,-10.710821,0.113615,32.651150,2.140861
9135,0.729723,0.868788,nan,0.113615,nan,1.861620
9136,0.479744,0.447103,-13.043716,0.113601,33.638741,1.343487
9137,0.709148,0.760184,nan,0.113601,nan,1.810594
9138,0.654596,0.985151,-12.890043,0.113587,33.850761,1.699051
9139,1.069026,1.001632,nan,0.113587,nan,2.531132
9140,0.595202,0.705015,-10.306634,0.113572,34.995461,1.569997
9141,0.737203,0.692268,nan,0.113572,nan,1.876085
9142,0.989176,0.796233,-10.483257,0.113558,31.552485,2.390692
9143,1.093047,1.638735,nan,0.113558,nan,2.590259
9144,1.149673,0.916556,-12.507630,0.113544,33.157677,2.706929
9145,0.814086,0.858370,nan,0.113544,nan,2.039827
9146,0.945626,0.751311,-11.544182,0.113530,33.929455,2.267498
9147,0.792176,0.805343,nan,0.113530,nan,1.978302
9148,0.929835,0.908305,-12.535947,0.113516,33.407631,2.288782
9149,0.553162,0.548506,nan,0.113516,nan,1.500306
9150,1.089850,1.171656,-11.769903,0.113502,34.782436,2.562544
9151,0.953484,1.022923,nan,0.113502,nan,2.321708
9152,0.697835,0.671499,-11.774862,0.113488,32.810867,1.804799
9153,0.744134,0.736144,nan,0.113488,nan,1.871613
9154,0.650136,0.633492,-11.236122,0.113474,33.075096,1.668482
9155,0.900490,1.017735,nan,0.113474,nan,2.223795
9156,0.599438,0.549494,-11.550051,0.113460,33.111244,1.618911
9157,0.880565,1.242269,nan,0.113460,nan,2.136624
9158,0.676276,0.855436,-13.060719,0.113446,33.942459,1.729188
9159,0.814008,0.870501,nan,0.113446,nan,2.024394
9160,0.866989,0.819312,-9.159334,0.113432,33.463478,2.133469
9161,1.384413,1.876445,nan,0.113432,nan,3.202233
9162,1.526197,2.092117,-10.045286,0.113418,31.727077,3.504843
9163,0.803798,0.835846,nan,0.113418,nan,2.017345
9164,0.889579,0.788276,-12.050462,0.113404,32.549850,2.194123
9165,0.673509,0.695994,nan,0.113404,nan,1.738744
9166,0.891271,0.567444,-12.746360,0.113390,33.628235,2.190376
9167,0.655114,0.923261,nan,0.113390,nan,1.680338
9168,0.943025,0.936715,-13.384535,0.113376,33.012810,2.292688
9169,0.671924,1.013587,nan,0.113376,nan,1.729616
9170,0.802454,1.035569,-11.487391,0.113362,34.951443,2.010582
9171,0.602528,0.555199,nan,0.113362,nan,1.557601
9172,0.800116,0.790538,-12.481597,0.113348,35.206284,2.006649
9173,0.619990,0.648444,nan,0.113348,nan,1.614004
9174,0.794174,0.700564,-11.272176,0.113334,34.292053,1.997141
9175,0.619484,0.779833,nan,0.113334,nan,1.611845
9176,1.029551,1.161468,-9.882671,0.113320,34.186417,2.467725
9177,0.661823,0.654852,nan,0.113320,nan,1.751534
9178,0.810464,0.879164,-11.924762,0.113306,35.101242,2.006023
9179,1.137864,1.095612,nan,0.113306,nan,2.696356
9180,0.862076,0.740912,-12.905037,0.113292,34.650085,2.142090
9181,0.722892,0.593337,nan,0.113292,nan,1.854427
9182,0.771859,0.638745,-12.516385,0.113278,33.831627,1.965609
9183,0.820613,0.822808,nan,0.113278,nan,2.046490
9184,0.918522,0.936743,-8.429741,0.113264,33.843330,2.245949
9185,1.222804,1.017652,nan,0.113264,nan,2.887308
9186,1.358642,1.178125,-10.994331,0.113249,33.957417,3.151558
9187,0.978400,0.727590,nan,0.113249,nan,2.372440
9188,0.815327,0.657606,-12.719901,0.113235,32.187706,2.043072
9189,1.265408,0.975891,nan,0.113235,nan,2.953458
9190,1.299278,0.845519,-11.053946,0.113221,33.294281,3.032489
9191,0.881476,0.710963,nan,0.113221,nan,2.165339
9192,0.850464,0.735460,-10.074400,0.113207,33.370243,2.099801
9193,0.813855,0.885692,nan,0.113207,nan,2.055840
9194,0.690255,0.693211,-10.994057,0.113193,33.895992,1.781588
9195,0.995842,0.941039,nan,0.113193,nan,2.394511
9196,0.629173,0.835765,-10.733757,0.113179,33.528622,1.647081
9197,1.075468,0.972677,nan,0.113179,nan,2.532377
9198,0.774681,1.105381,-12.607129,0.113165,33.563007,1.904372
9199,0.689526,0.845104,nan,0.113165,nan,1.784848
9200,0.790450,0.813226,-11.665384,0.113151,34.448723,1.970303
9201,0.861198,0.620690,nan,0.113151,nan,2.128209
9202,0.914470,0.922755,-11.510479,0.113137,34.110741,2.227678
9203,0.826994,0.777665,nan,0.113137,nan,2.056880
9204,0.799303,0.721340,-11.827900,0.113123,34.168312,1.970537
9205,0.953886,0.699825,nan,0.113123,nan,2.327985
9206,0.614038,0.843487,-12.612331,0.113109,34.051140,1.618470
9207,0.755960,0.945185,nan,0.113109,nan,1.912985
9208,0.555554,0.957722,-12.558290,0.113095,33.712963,1.475219
9209,0.426980,0.663300,nan,0.113095,nan,1.213921
9210,1.201163,0.827108,-8.205738,0.113081,35.049622,2.777408
9211,1.179571,1.431907,nan,0.113081,nan,2.769981
9212,0.670294,0.750764,-12.401703,0.113067,33.851334,1.717719
9213,0.778727,0.790502,nan,0.113067,nan,1.959678
9214,0.941665,1.070019,-11.186806,0.113053,34.407562,2.273427
9215,1.059480,1.040393,nan,0.113053,nan,2.495797
9216,0.913574,0.788587,-9.337213,0.113039,33.834457,2.223684
9217,1.306244,0.972199,nan,0.113039,nan,3.065897
9218,0.667008,0.787900,-10.431507,0.113025,34.819542,1.687094
9219,1.545814,0.895954,nan,0.113025,nan,3.533392
9220,1.595659,0.912650,-11.796463,0.113011,34.472633,3.634114
9221,0.607277,0.880436,nan,0.113011,nan,1.551196
9222,1.479584,0.890543,-10.963341,0.112997,33.641777,3.386110
9223,0.644486,0.517180,nan,0.112997,nan,1.625843
9224,0.744344,0.523977,-12.161083,0.112982,34.014797,1.884785
9225,0.884977,0.532496,nan,0.112982,nan,2.211971
9226,1.239996,0.891406,-12.655788,0.112968,34.852577,2.903240
9227,0.706235,0.941036,nan,0.112968,nan,1.792211
9228,0.934245,0.966398,-12.081072,0.112954,32.368279,2.284717
9229,0.546961,0.451171,nan,0.112954,nan,1.488630
9230,0.787167,0.736255,-10.251181,0.112940,32.374474,1.949297
9231,0.693023,0.753443,nan,0.112940,nan,1.785182
9232,0.828275,0.858898,-12.108954,0.112926,35.279037,2.037318
9233,0.978764,1.009167,nan,0.112926,nan,2.336160
9234,0.921139,0.872643,-11.298851,0.112912,32.052643,2.252616
9235,0.962988,0.737047,nan,0.112912,nan,2.342634
9236,0.967768,0.873522,-12.623032,0.112899,33.384109,2.331895
9237,0.516601,0.583780,nan,0.112899,nan,1.405827
9238,0.522807,0.511995,-12.703930,0.112885,33.743134,1.422370
9239,0.439224,0.460520,nan,0.112885,nan,1.235235
9240,0.581882,0.568537,-13.072016,0.112871,32.989258,1.551332
9241,1.014933,1.013216,nan,0.112871,nan,2.418227
9242,1.196755,0.950573,-11.946959,0.112857,32.144966,2.806228
9243,0.722664,0.757782,nan,0.112857,nan,1.811078
9244,0.683203,0.488411,-12.169725,0.112843,33.311657,1.773495
9245,0.729768,0.610925,nan,0.112843,nan,1.870622
9246,1.179177,0.927309,-12.586914,0.112829,35.505379,2.784034
9247,1.058659,0.896273,nan,0.112829,nan,2.546292
9248,0.874273,0.513778,-11.420049,0.112815,33.247566,2.181004
9249,0.879909,0.843843,nan,0.112815,nan,2.117348
9250,0.426704,0.428591,-12.016836,0.112801,35.828785,1.186240
9251,0.685846,0.592264,nan,0.112801,nan,1.751733
9252,0.728187,0.681312,-13.171717,0.112787,35.451214,1.812956
9253,0.673920,0.728342,nan,0.112787,nan,1.736035
9254,1.157404,0.733826,-11.389774,0.112774,33.258324,2.749190
9255,0.835998,0.784633,nan,0.112774,nan,2.084591
9256,0.483577,0.416525,-11.897205,0.112760,34.772373,1.331458
9257,1.313473,0.892871,nan,0.112760,nan,3.040905
9258,0.823656,0.878304,-12.836744,0.112746,33.967590,2.092580
9259,0.599441,0.557732,nan,0.112746,nan,1.620080
9260,0.520154,0.602840,-13.052979,0.112732,34.618706,1.401455
9261,0.561071,0.591950,nan,0.112732,nan,1.459626
9262,0.748079,0.750093,-11.375284,0.112718,33.187634,1.862098
9263,0.893606,0.592178,nan,0.112718,nan,2.181059
9264,0.648861,0.558029,-12.353302,0.112704,35.750618,1.663990
9265,0.648913,0.552842,nan,0.112704,nan,1.678896
9266,0.394432,0.535873,-12.657743,0.112690,34.030716,1.143262
9267,0.898147,0.814788,nan,0.112690,nan,2.217009
9268,0.639452,0.850402,-11.383305,0.112676,37.376717,1.644622
9269,0.587698,0.788989,nan,0.112676,nan,1.532401
9270,0.881373,0.845400,-12.422562,0.112661,36.572182,2.147809
9271,0.762914,0.609133,nan,0.112661,nan,1.918694
9272,0.803059,0.846746,-11.576634,0.112647,36.030708,1.966521
9273,1.130184,1.319111,nan,0.112647,nan,2.654445
9274,0.714749,0.977903,-9.695805,0.112633,34.367886,1.769641
9275,0.460042,0.573840,nan,0.112633,nan,1.293380
9276,0.722135,0.634764,-11.444672,0.112619,32.815399,1.823593
9277,0.777435,0.853942,nan,0.112619,nan,1.969967
9278,0.742860,0.737415,-12.776900,0.112605,36.165932,1.891383
9279,0.662183,0.772144,nan,0.112605,nan,1.714924
9280,0.728902,0.673366,-11.571979,0.112591,34.503231,1.841098
9281,0.811685,0.952334,nan,0.112591,nan,2.001160
9282,0.582286,0.628270,-12.786955,0.112576,34.360500,1.529531
9283,0.704585,0.532048,nan,0.112576,nan,1.791570
9284,0.795759,0.651802,-12.405910,0.112562,35.057430,2.002518
9285,0.623405,0.637789,nan,0.112562,nan,1.632087
9286,0.923576,0.900755,-10.884514,0.112548,33.564716,2.191596
9287,0.682476,0.670733,nan,0.112548,nan,1.744264
9288,0.850349,0.880065,-11.460688,0.112534,35.569672,2.096469
9289,0.920254,0.836446,nan,0.112534,nan,2.244094
9290,0.876079,0.866654,-11.173856,0.112520,32.931171,2.156203
9291,0.913803,0.833243,nan,0.112520,nan,2.246205
9292,0.644568,0.580014,-10.399934,0.112506,34.650623,1.635367
9293,1.128979,0.964609,nan,0.112506,nan,2.727171
9294,0.786636,0.850747,-11.894317,0.112492,33.087700,1.991763
9295,0.825097,0.801547,nan,0.112492,nan,2.052650
9296,1.150500,0.809615,-11.350796,0.112478,34.427048,2.746441
9297,0.590974,0.502921,nan,0.112478,nan,1.606232
9298,0.544648,0.428584,-12.010128,0.112464,32.131226,1.486961
9299,0.462399,0.584785,nan,0.112464,nan,1.227411
9300,0.518525,0.435154,-11.200673,0.112450,35.962116,1.419574
9301,0.881096,0.878690,nan,0.112450,nan,2.175973
9302,0.484760,0.599252,-13.069290,0.112436,35.093643,1.366835
9303,0.963967,0.905326,nan,0.112436,nan,2.318626
9304,0.760192,0.667937,-12.359762,0.112422,36.363098,1.897291
9305,0.478790,0.433775,nan,0.112422,nan,1.321364
9306,0.527673,0.494053,-11.120272,0.112408,34.107666,1.438967
9307,0.957299,0.812785,nan,0.112408,nan,2.317884
9308,1.157557,1.062042,-10.825089,0.112394,34.545963,2.770452
9309,1.147929,1.151591,nan,0.112394,nan,2.704873
9310,0.387985,0.605945,-13.834018,0.112380,34.349041,1.094656
9311,1.391075,1.409216,nan,0.112380,nan,3.228346
9312,0.889333,0.931131,-13.241817,0.112366,35.287411,2.194546
9313,0.611525,1.021848,nan,0.112366,nan,1.619655
9314,0.996676,1.688162,-10.415416,0.112352,34.139412,2.393315
9315,0.599527,0.736005,nan,0.112352,nan,1.610796
9316,0.658396,0.783650,-11.399387,0.112338,33.527283,1.726325
9317,0.577809,0.697790,nan,0.112338,nan,1.553121
9318,1.467283,1.072732,-9.716737,0.112324,35.597008,3.401866
9319,1.048615,1.677974,nan,0.112324,nan,2.531522
9320,1.054987,2.042928,-8.839413,0.112310,34.169899,2.530261
9321,1.767884,1.300072,nan,0.112310,nan,3.989649
9322,1.467699,1.081911,-10.597927,0.112296,33.359749,3.357082
9323,0.889561,0.560011,nan,0.112296,nan,2.211015
9324,0.573216,0.850015,-11.695014,0.112282,35.741386,1.494904
9325,0.791443,0.625489,nan,0.112282,nan,1.985235
9326,0.842526,0.869891,-12.727192,0.112268,34.361191,2.101872
9327,0.822521,1.108634,nan,0.112268,nan,2.053531
9328,1.013722,1.264725,-13.240234,0.112254,34.014275,2.390293
9329,0.804660,0.872862,nan,0.112254,nan,1.984200
9330,0.948093,0.779942,-12.634573,0.112241,33.854126,2.269466
9331,0.729837,0.767520,nan,0.112241,nan,1.856669
9332,0.532484,0.658921,-11.629636,0.112227,34.999336,1.421079
9333,0.515466,0.412907,nan,0.112227,nan,1.398768
9334,0.365691,0.360723,-11.583960,0.112213,35.269283,1.108513
9335,1.109239,0.686548,nan,0.112213,nan,2.648560
9336,0.799953,0.636907,-11.497559,0.112199,31.365995,2.006250
9337,0.962474,1.017200,nan,0.112199,nan,2.319563
9338,0.611051,0.590112,-13.613796,0.112185,34.352615,1.615112
9339,0.757597,0.815792,nan,0.112185,nan,1.896842
9340,0.498261,0.621467,-11.278377,0.112171,34.711613,1.317089
9341,0.399451,0.531939,nan,0.112171,nan,1.185250
9342,0.590187,0.813304,-11.459989,0.112157,34.678066,1.585157
9343,0.562425,0.440489,nan,0.112157,nan,1.538331
9344,0.614830,0.574143,-13.183676,0.112144,34.361206,1.620268
9345,0.680286,0.813860,nan,0.112144,nan,1.766044
9346,0.577400,0.575539,-12.563237,0.112130,34.930641,1.541982
9347,0.622044,0.612903,nan,0.112130,nan,1.600280
9348,0.613253,0.722332,-12.144676,0.112116,34.292660,1.609874
9349,0.655059,0.623522,nan,0.112116,nan,1.689579
9350,1.030485,0.858473,-11.773649,0.112102,35.573299,2.454060
9351,0.691093,0.609039,nan,0.112102,nan,1.787530
9352,0.727713,0.524358,-12.870521,0.112088,33.662548,1.863628
9353,0.605985,0.591129,nan,0.112088,nan,1.582045
9354,0.669109,0.600321,-12.416308,0.112074,35.077003,1.711164
9355,0.890827,0.900684,nan,0.112074,nan,2.169208
9356,1.024172,0.656925,-11.171190,0.112060,34.535789,2.489618
9357,0.565518,0.427770,nan,0.112060,nan,1.528608
9358,0.379385,0.553658,-11.787483,0.112047,33.866768,1.110850
9359,0.764580,0.670258,nan,0.112047,nan,1.933989
9360,0.666856,0.834186,-11.609682,0.112033,34.406357,1.690076
9361,0.905504,0.741246,nan,0.112033,nan,2.216963
9362,0.495350,0.409841,-11.603136,0.112019,33.221600,1.350491
9363,1.476439,1.419358,nan,0.112019,nan,3.410946
9364,1.000818,0.709069,-13.049471,0.112005,35.410568,2.454379
9365,1.026363,0.784939,nan,0.112005,nan,2.491679
9366,0.749130,0.647152,-12.346256,0.111991,35.071823,1.936832
9367,0.550788,0.622432,nan,0.111991,nan,1.457121
9368,0.871886,0.771597,-11.535940,0.111978,33.916252,2.172781
9369,0.728408,0.659309,nan,0.111978,nan,1.860119
9370,0.832086,1.019660,-11.862540,0.111964,36.149887,2.053468
9371,0.565276,0.587815,nan,0.111964,nan,1.529514
9372,0.694849,0.738709,-14.032688,0.111950,32.451572,1.774087
9373,0.791065,0.809535,nan,0.111950,nan,1.977647
9374,0.868166,0.990998,-12.084595,0.111936,34.610840,2.153038
9375,0.575468,0.550675,nan,0.111936,nan,1.569185
9376,0.683737,0.833593,-10.794906,0.111922,32.280586,1.731463
9377,0.724372,0.757781,nan,0.111922,nan,1.805439
9378,0.624426,0.778279,-10.970739,0.111909,34.201332,1.611265
9379,0.762909,0.637124,nan,0.111909,nan,1.966715
9380,0.814435,0.690945,-11.876016,0.111895,34.154484,2.050295
9381,1.249979,1.062575,nan,0.111895,nan,2.942152
9382,0.984993,0.915102,-13.345018,0.111881,33.905231,2.387762
9383,0.744249,0.729952,nan,0.111881,nan,1.886761
9384,0.795801,0.745060,-13.172867,0.111868,34.592827,2.022763
9385,0.819110,0.978695,nan,0.111868,nan,2.064659
9386,0.711611,0.582446,-11.300611,0.111854,35.373844,1.811824
9387,0.857886,0.793951,nan,0.111854,nan,2.127269
9388,0.567397,0.899439,-10.454626,0.111840,33.638306,1.550465
9389,0.847730,0.800635,nan,0.111840,nan,2.121386
9390,1.030561,1.287927,-11.549131,0.111827,33.913563,2.477349
9391,0.877640,0.819364,nan,0.111827,nan,2.189703
9392,0.674479,0.799347,-11.219185,0.111813,34.453621,1.747068
9393,0.392578,0.720932,nan,0.111813,nan,1.153751
9394,0.968277,0.975365,-12.707366,0.111799,35.636635,2.333963
9395,1.207807,1.186552,nan,0.111799,nan,2.855444
9396,0.606860,0.600270,-10.837156,0.111785,36.053528,1.617751
9397,0.756131,0.485471,nan,0.111785,nan,1.929756
9398,0.848207,0.804397,-10.991236,0.111772,36.291466,2.097618
9399,0.347967,0.926657,nan,0.111772,nan,1.073335
9400,0.746997,0.800959,-12.629560,0.111758,35.438438,1.914053
9401,0.756213,0.887656,nan,0.111758,nan,1.908938
9402,0.677729,0.838551,-13.487419,0.111744,34.634266,1.761161
9403,0.385933,0.587955,nan,0.111744,nan,1.152092
9404,0.547046,0.559682,-11.963705,0.111730,35.863045,1.453672
9405,0.742966,0.880642,nan,0.111730,nan,1.887617
9406,0.683411,0.641654,-11.629515,0.111716,34.093201,1.808868
9407,0.986836,0.746209,nan,0.111716,nan,2.409446
9408,0.863293,0.719589,-13.300006,0.111702,33.346031,2.148369
9409,0.818140,0.931836,nan,0.111702,nan,2.059384
9410,0.833915,0.791166,-13.572168,0.111689,35.744152,2.088156
9411,0.877956,0.790840,nan,0.111689,nan,2.181463
9412,0.376638,0.522200,-10.385051,0.111675,34.828712,1.102061
9413,1.036016,0.714197,nan,0.111675,nan,2.515554
9414,0.738355,0.906198,-10.707022,0.111661,34.838394,1.897800
9415,0.867828,0.991676,nan,0.111661,nan,2.122363
9416,0.498974,0.588083,-12.997330,0.111647,35.699654,1.389246
9417,0.814708,0.940191,nan,0.111647,nan,2.004450
9418,0.608492,0.529527,-12.605188,0.111633,33.764641,1.617580
9419,0.807793,0.667638,nan,0.111633,nan,2.033699
9420,0.489551,0.617743,-9.360680,0.111620,34.616768,1.337820
9421,1.772070,0.940288,nan,0.111620,nan,4.018779
9422,1.659571,1.011297,-11.443048,0.111606,35.327423,3.810337
9423,0.732689,1.140329,nan,0.111606,nan,1.844218
9424,0.705100,0.742932,-12.260563,0.111592,37.672287,1.802386
9425,0.625282,0.690803,nan,0.111592,nan,1.635086
9426,0.684478,0.839134,-11.780806,0.111578,35.807919,1.756865
9427,0.831485,0.913916,nan,0.111578,nan,2.079208
9428,0.633331,0.514093,-11.651423,0.111564,36.429836,1.678462
9429,0.888652,1.143877,nan,0.111564,nan,2.166708
9430,0.596146,0.630926,-9.349390,0.111550,33.665436,1.574748
9431,0.681907,0.638024,nan,0.111550,nan,1.763177
9432,0.861946,0.895995,-12.787670,0.111536,32.546562,2.155425
9433,0.879782,0.533215,nan,0.111536,nan,2.197285
9434,0.802106,0.617378,-13.931080,0.111523,35.676311,1.994903
9435,0.883185,0.715669,nan,0.111523,nan,2.199810
9436,0.730316,0.587965,-12.804655,0.111509,33.031223,1.876919
9437,0.630031,0.906592,nan,0.111509,nan,1.639861
9438,0.602914,0.678337,-11.713943,0.111495,32.800667,1.567502
9439,0.814513,0.967654,nan,0.111495,nan,2.005316
9440,0.493830,0.680868,-11.191624,0.111482,34.026287,1.367955
9441,1.081456,1.003315,nan,0.111482,nan,2.606546
9442,0.632931,0.871424,-11.766132,0.111468,35.187931,1.647987
9443,0.856174,0.851206,nan,0.111468,nan,2.130756
9444,0.840585,0.753420,-13.122546,0.111454,35.959099,2.097267
9445,0.607871,0.796630,nan,0.111454,nan,1.615080
9446,1.174952,1.373811,-9.580684,0.111441,34.800766,2.766324
9447,0.832444,0.842275,nan,0.111441,nan,2.081759
9448,0.447480,0.600860,-11.172457,0.111427,36.508827,1.281402
9449,0.629976,0.640223,nan,0.111427,nan,1.650398
9450,0.590240,0.596513,-9.862419,0.111413,31.324303,1.568712
9451,0.932093,0.963647,nan,0.111413,nan,2.278508
9452,0.516564,0.521468,-11.736806,0.111400,35.592922,1.377346
9453,0.553415,0.592333,nan,0.111400,nan,1.477930
9454,0.479899,0.506850,-11.612892,0.111386,33.855789,1.298562
9455,0.808981,0.849961,nan,0.111386,nan,2.013423
9456,0.931921,1.020312,-11.646537,0.111372,34.997932,2.291580
9457,0.674485,0.996775,nan,0.111372,nan,1.768378
9458,0.727690,0.868126,-12.050522,0.111359,33.495781,1.878165
9459,0.865953,0.883268,nan,0.111359,nan,2.154781
9460,0.634093,0.781269,-10.895302,0.111345,33.559914,1.632654
9461,0.484919,0.476755,nan,0.111345,nan,1.353173
9462,0.966249,0.746413,-11.718333,0.111332,34.365082,2.371691
9463,1.252865,1.142951,nan,0.111332,nan,2.929730
9464,0.528603,0.597587,-11.283646,0.111318,35.458439,1.422737
9465,0.594921,0.713999,nan,0.111318,nan,1.619241
9466,0.464314,0.664116,-12.907554,0.111304,35.696114,1.300189
9467,1.001164,1.043270,nan,0.111304,nan,2.424668
9468,0.577925,0.763714,-12.325957,0.111291,36.257164,1.564198
9469,0.611382,0.698927,nan,0.111291,nan,1.604324
9470,0.670587,0.805864,-12.486600,0.111277,35.134552,1.768492
9471,0.858019,0.931101,nan,0.111277,nan,2.120633
9472,0.423382,0.564286,-10.494705,0.111263,32.980354,1.222986
9473,0.684525,0.786132,nan,0.111263,nan,1.737976
9474,0.614489,0.695807,-13.317684,0.111250,35.444511,1.618533
9475,0.517086,0.646836,nan,0.111250,nan,1.399216
9476,0.522014,0.584765,-11.580016,0.111236,35.107014,1.414526
9477,0.366595,0.454869,nan,0.111236,nan,1.116440
9478,0.876056,1.038580,-11.868850,0.111223,35.557053,2.143718
9479,0.500789,0.574719,nan,0.111223,nan,1.395797
9480,0.521113,0.684424,-12.581044,0.111209,36.005470,1.391133
9481,0.653728,0.765644,nan,0.111209,nan,1.692640
9482,0.727927,0.911657,-12.163671,0.111195,36.828342,1.815175
9483,0.714352,0.761398,nan,0.111195,nan,1.803287
9484,0.663970,0.713530,-10.732340,0.111181,34.832291,1.761541
9485,0.395867,0.355185,nan,0.111181,nan,1.163555
9486,0.527048,0.518473,-11.843990,0.111168,35.862896,1.411348
9487,0.431632,0.500546,nan,0.111168,nan,1.241395
9488,0.997538,0.733512,-13.048109,0.111154,34.971844,2.408500
9489,0.907684,0.785903,nan,0.111154,nan,2.222844
9490,0.666491,0.590766,-12.738234,0.111140,37.179688,1.730201
9491,0.390983,0.293106,nan,0.111140,nan,1.120936
9492,0.500553,0.563511,-10.956558,0.111126,33.727623,1.360102
9493,1.073899,0.885404,nan,0.111126,nan,2.561003
9494,0.505332,0.517057,-11.452818,0.111113,36.795280,1.392927
9495,0.670171,0.665899,nan,0.111113,nan,1.734210
9496,0.839789,0.733303,-10.566442,0.111099,35.275383,2.105410
9497,0.457992,0.490636,nan,0.111099,nan,1.259557
9498,1.147770,0.586329,-10.595020,0.111085,36.104267,2.772582
9499,0.673516,0.599500,nan,0.111085,nan,1.738377
9500,0.821316,0.789233,-11.721270,0.111071,34.520927,2.020445
9501,0.955718,0.772492,nan,0.111071,nan,2.349161
9502,0.584602,0.527494,-12.221779,0.111058,32.678352,1.531653
9503,0.504439,0.569961,nan,0.111058,nan,1.381947
9504,0.564265,0.604871,-12.072289,0.111044,36.606491,1.521452
9505,0.651737,0.622788,nan,0.111044,nan,1.651854
9506,0.890206,0.461051,-11.111016,0.111030,36.351929,2.216095
9507,0.614916,0.827666,nan,0.111030,nan,1.636495
9508,0.347979,0.319709,-12.591787,0.111016,35.700043,1.033444
9509,0.705333,0.678516,nan,0.111016,nan,1.772742
9510,0.457109,0.590248,-11.234265,0.111003,35.286079,1.224437
9511,0.467517,0.469935,nan,0.111003,nan,1.315045
9512,0.695949,0.641479,-10.995113,0.110989,34.883381,1.754823
9513,0.817485,0.990130,nan,0.110989,nan,2.010267
9514,0.631600,0.724047,-10.975346,0.110975,34.285362,1.616364
9515,0.960388,0.831178,nan,0.110975,nan,2.294513
9516,1.092234,0.883996,-11.602470,0.110961,34.809246,2.614295
9517,0.603602,0.887898,nan,0.110961,nan,1.589803
9518,0.676628,0.955100,-12.902480,0.110948,37.156143,1.732080
9519,0.575346,0.658546,nan,0.110948,nan,1.533394
9520,0.478838,0.879309,-12.082535,0.110934,36.174957,1.348495
9521,0.545848,0.935087,nan,0.110934,nan,1.462539
9522,0.461926,0.815995,-10.746960,0.110920,35.052052,1.262465
9523,0.657155,0.910160,nan,0.110920,nan,1.686248
9524,0.477170,0.579597,-10.573322,0.110907,35.946320,1.298052
9525,0.581932,0.877459,nan,0.110907,nan,1.531226
9526,0.867828,0.907744,-11.373501,0.110893,35.844616,2.168869
9527,0.435545,0.336171,nan,0.110893,nan,1.201593
9528,0.913890,0.992618,-10.923332,0.110879,36.331596,2.228120
9529,0.822213,0.577054,nan,0.110879,nan,2.058419
9530,0.902981,0.437344,-10.207895,0.110865,32.299248,2.230244
9531,0.739169,1.476212,nan,0.110865,nan,1.875206
9532,1.291939,1.784871,-10.188515,0.110852,35.394768,3.001990
9533,0.634007,0.501567,nan,0.110852,nan,1.669465
9534,0.771719,1.020318,-11.240335,0.110838,35.860046,1.929134
9535,0.926037,0.773538,nan,0.110838,nan,2.260259
9536,0.500411,0.463645,-10.356733,0.110824,34.269264,1.375806
9537,1.361280,0.833325,nan,0.110824,nan,3.178814
9538,0.715287,0.883048,-12.925486,0.110811,35.632900,1.821265
9539,1.012261,1.146508,nan,0.110811,nan,2.456702
9540,0.754255,0.766709,-14.037038,0.110797,36.838879,1.922040
9541,0.898278,0.916534,nan,0.110797,nan,2.223933
9542,1.246835,0.815083,-10.856484,0.110783,35.236084,2.939724
9543,0.996836,0.703921,nan,0.110783,nan,2.388127
9544,1.109026,1.427833,-12.569279,0.110770,36.379028,2.652628
9545,1.021743,0.904851,nan,0.110770,nan,2.476138
9546,0.805588,0.641820,-12.996523,0.110756,35.290085,2.009348
9547,0.753295,0.968017,nan,0.110756,nan,1.913027
9548,0.811101,0.741468,-10.580421,0.110742,34.851028,2.039596
9549,0.483658,0.730783,nan,0.110742,nan,1.341740
9550,1.021886,1.288425,-11.443979,0.110729,35.851089,2.418021
9551,0.791849,0.681104,nan,0.110729,nan,1.992383
9552,0.925771,0.898356,-12.006632,0.110715,37.059792,2.251140
9553,0.514661,0.553132,nan,0.110715,nan,1.408386
9554,0.639240,0.379588,-12.946994,0.110701,36.567596,1.695577
9555,0.544153,0.739428,nan,0.110701,nan,1.441975
9556,0.587978,0.852398,-12.283684,0.110687,35.648163,1.498097
9557,0.577421,0.707637,nan,0.110687,nan,1.526009
9558,0.769859,0.735563,-10.654135,0.110674,36.420639,1.880739
9559,1.010263,1.045785,nan,0.110674,nan,2.408798
9560,0.712456,0.404785,-12.087170,0.110660,36.704208,1.858336
9561,0.894377,0.535797,nan,0.110660,nan,2.202075
9562,0.790476,0.493845,-13.159641,0.110646,36.487595,1.995693
9563,0.825443,0.791892,nan,0.110646,nan,2.031121
9564,0.683867,0.629385,-11.676138,0.110632,36.023003,1.741600
9565,0.722031,0.621195,nan,0.110632,nan,1.836603
9566,0.455450,0.497074,-11.396145,0.110619,34.892502,1.300657
9567,0.585661,0.765285,nan,0.110619,nan,1.548313
9568,0.518910,0.537699,-11.828104,0.110605,37.200253,1.422270
9569,0.714176,0.456344,nan,0.110605,nan,1.835553
9570,0.710100,0.798587,-12.306866,0.110591,36.783794,1.807022
9571,0.601144,0.674761,nan,0.110591,nan,1.584368
9572,0.880817,0.825051,-12.939529,0.110577,38.079880,2.169764
9573,1.069443,0.753438,nan,0.110577,nan,2.552135
9574,0.520051,0.451355,-12.689029,0.110563,35.860222,1.408693
9575,0.661680,0.842435,nan,0.110563,nan,1.713243
9576,0.581627,0.522984,-11.671900,0.110549,36.620266,1.532014
9577,0.897487,0.668154,nan,0.110549,nan,2.197336
9578,0.654348,0.685100,-10.302734,0.110535,34.551918,1.670799
9579,1.238425,0.901886,nan,0.110535,nan,2.897212
9580,0.453630,0.618584,-10.676184,0.110522,35.147194,1.247294
9581,0.650733,0.689275,nan,0.110522,nan,1.712816
9582,0.360579,0.316451,-9.029676,0.110508,34.933434,1.053438
9583,1.741747,0.801045,nan,0.110508,nan,3.941240
9584,1.110188,0.556937,-12.095716,0.110494,35.310318,2.687414
9585,0.800746,0.503996,nan,0.110494,nan,2.010289
9586,1.312629,1.004153,-10.865757,0.110481,36.106407,3.022763
9587,1.322872,0.618365,nan,0.110481,nan,3.057788
9588,0.811005,0.609840,-9.750782,0.110467,34.420494,2.050103
9589,2.335655,1.516913,nan,0.110467,nan,5.140725
9590,2.516472,1.306415,-10.984991,0.110453,35.496754,5.503695
9591,0.732046,1.093636,nan,0.110453,nan,1.863744
9592,0.823934,0.783784,-10.723196,0.110440,35.170837,2.018473
9593,1.049760,1.203991,nan,0.110440,nan,2.481040
9594,0.674057,0.460871,-11.123386,0.110426,34.129532,1.753170
9595,1.270675,0.979192,nan,0.110426,nan,2.975128
9596,0.915912,0.702838,-12.276157,0.110413,34.557140,2.247633
9597,0.602007,0.693766,nan,0.110413,nan,1.532165
9598,0.563085,0.617175,-11.369452,0.110399,37.170235,1.532515
9599,0.557490,0.799940,nan,0.110399,nan,1.493594
9600,0.626305,0.632115,-11.932550,0.110385,36.714470,1.629759
9601,0.614477,0.823016,nan,0.110385,nan,1.601597
9602,0.287942,0.426483,-11.049456,0.110372,37.570374,0.926714
9603,0.854031,0.842156,nan,0.110372,nan,2.126100
9604,0.640484,0.765797,-10.968575,0.110358,33.615341,1.630273
9605,0.555535,0.478450,nan,0.110358,nan,1.441706
9606,0.453700,0.458666,-11.468943,0.110344,36.646317,1.276477
9607,0.513787,0.571335,nan,0.110344,nan,1.396590
9608,0.711546,0.643799,-11.920680,0.110331,36.557373,1.843107
9609,0.510862,0.589281,nan,0.110331,nan,1.383139
9610,0.486132,0.526316,-11.080219,0.110317,35.204758,1.320303
9611,0.377238,0.370298,nan,0.110317,nan,1.109861
9612,0.497877,0.519197,-11.984232,0.110304,34.655228,1.325016
9613,0.512466,0.479058,nan,0.110304,nan,1.394415
9614,0.375030,0.632623,-11.011560,0.110290,35.990826,1.125560
9615,0.786446,0.548480,nan,0.110290,nan,2.001391
9616,0.576782,0.711879,-11.147455,0.110277,34.090443,1.556584
9617,0.717465,0.735026,nan,0.110277,nan,1.791492
9618,0.534943,0.453154,-12.392142,0.110263,35.331112,1.467852
9619,0.421482,0.375020,nan,0.110263,nan,1.220031
9620,0.545623,0.651130,-10.459889,0.110250,35.796486,1.461133
9621,0.815865,0.892119,nan,0.110250,nan,2.038761
9622,0.714499,1.099958,-10.883032,0.110236,35.045063,1.831275
9623,0.651446,0.657809,nan,0.110236,nan,1.700513
9624,0.575303,0.621417,-11.863027,0.110223,35.203651,1.556172
9625,0.509534,0.435831,nan,0.110223,nan,1.409642
9626,0.608192,0.513829,-12.066690,0.110209,33.652512,1.594838
9627,0.529827,0.565751,nan,0.110209,nan,1.449084
9628,0.632160,0.523402,-10.077524,0.110196,35.856819,1.681612
9629,0.631068,0.673231,nan,0.110196,nan,1.628801
9630,0.701755,0.618857,-11.695704,0.110182,36.197117,1.811121
9631,0.874024,0.975678,nan,0.110182,nan,2.140254
9632,0.735732,0.906946,-9.941145,0.110169,35.192520,1.872529
9633,1.216296,0.724858,nan,0.110169,nan,2.892577
9634,1.222704,0.999163,-12.327559,0.110155,34.204994,2.849000
9635,0.841744,0.675762,nan,0.110155,nan,2.107566
9636,1.732991,0.354081,-7.497027,0.110142,35.877350,3.918832
9637,2.005827,0.643273,nan,0.110142,nan,4.448164
9638,1.088327,0.417372,-11.822221,0.110129,36.525623,2.616196
9639,0.612792,0.562717,nan,0.110129,nan,1.610121
9640,1.603358,0.723662,-8.982950,0.110115,34.571968,3.658355
9641,1.250003,0.737174,nan,0.110115,nan,2.948869
9642,0.607697,1.122746,-11.660996,0.110102,34.449245,1.594321
9643,1.069559,1.302961,nan,0.110102,nan,2.566238
9644,0.779363,0.956514,-11.494322,0.110088,36.731251,1.940818
9645,0.437596,0.731609,nan,0.110088,nan,1.219161
9646,0.663545,0.757995,-10.091044,0.110075,33.815540,1.695126
9647,0.746350,0.760991,nan,0.110075,nan,1.905584
9648,0.863140,0.825217,-11.288511,0.110062,38.357773,2.140996
9649,0.786828,0.821973,nan,0.110062,nan,1.913939
9650,0.567900,0.537132,-13.869769,0.110048,34.418957,1.512631
9651,0.785858,0.782631,nan,0.110048,nan,1.932794
9652,1.042805,0.831478,-12.945009,0.110035,35.994591,2.469732
9653,1.239023,0.859062,nan,0.110035,nan,2.890219
9654,0.752904,0.637157,-11.263996,0.110021,36.016575,1.898605
9655,0.807702,0.848695,nan,0.110021,nan,2.035591
9656,1.159860,0.771706,-11.867612,0.110008,36.771084,2.762199
9657,0.579477,0.673877,nan,0.110008,nan,1.550355
9658,0.583937,0.422240,-12.779236,0.109994,35.436611,1.552247
9659,0.447542,0.666141,nan,0.109994,nan,1.225658
9660,0.874133,0.977301,-11.867419,0.109981,34.596268,2.130831
9661,0.601682,0.616515,nan,0.109981,nan,1.572826
9662,0.545170,0.534918,-11.897812,0.109968,36.013378,1.468192
9663,0.614695,0.590741,nan,0.109968,nan,1.628134
9664,0.555172,0.537038,-11.912951,0.109954,39.161320,1.495322
9665,0.572024,0.525691,nan,0.109954,nan,1.497494
9666,0.630315,0.813423,-12.563411,0.109940,36.572655,1.656054
9667,0.642693,0.639393,nan,0.109940,nan,1.668059
9668,0.601774,0.679241,-11.425112,0.109927,35.770481,1.546127
9669,0.546961,0.636282,nan,0.109927,nan,1.460292
9670,0.605253,0.619741,-10.315952,0.109913,35.935425,1.543717
9671,0.540554,0.891731,nan,0.109913,nan,1.479999
9672,0.544847,1.050167,-10.862433,0.109900,36.465763,1.488990
9673,0.715309,0.722128,nan,0.109900,nan,1.804555
9674,0.453492,0.492148,-11.677031,0.109886,35.359978,1.253599
9675,0.543519,0.683193,nan,0.109886,nan,1.447483
9676,0.643573,0.810311,-12.295832,0.109873,35.052475,1.698151
9677,0.628908,0.560976,nan,0.109873,nan,1.655159
9678,0.525568,0.636725,-10.910013,0.109859,36.004890,1.411665
9679,0.501656,0.336942,nan,0.109859,nan,1.389043
9680,0.631639,0.676584,-12.248013,0.109846,36.389668,1.641351
9681,0.701657,0.656520,nan,0.109846,nan,1.764769
9682,0.599601,0.697364,-12.936295,0.109832,35.724747,1.606372
9683,0.784029,0.686487,nan,0.109832,nan,1.960707
9684,0.490448,0.441575,-11.222515,0.109819,35.515881,1.379358
9685,0.757873,0.743251,nan,0.109819,nan,1.884843
9686,0.603002,0.507588,-11.231247,0.109805,35.440651,1.609396
9687,0.369946,0.366927,nan,0.109805,nan,1.087768
9688,0.705200,0.647349,-13.495602,0.109792,35.879211,1.794547
9689,0.742945,0.748927,nan,0.109792,nan,1.883417
9690,0.519426,0.406107,-12.669100,0.109779,36.082085,1.414547
9691,0.563545,0.597294,nan,0.109779,nan,1.514634
9692,0.665813,0.742911,-11.623281,0.109765,36.199749,1.681899
9693,0.570982,0.536554,nan,0.109765,nan,1.510333
9694,0.558751,0.526398,-12.591608,0.109752,36.134319,1.517765
9695,0.484546,0.597303,nan,0.109752,nan,1.358212
9696,0.734138,0.551677,-12.281990,0.109738,35.315189,1.864076
9697,0.469737,0.558318,nan,0.109738,nan,1.303887
9698,0.696574,0.592705,-12.551437,0.109725,34.338238,1.773200
9699,0.640586,0.614156,nan,0.109725,nan,1.656408
9700,0.498362,0.434224,-11.665255,0.109712,35.647896,1.382005
9701,0.472904,0.515643,nan,0.109712,nan,1.286714
9702,0.633414,0.365287,-10.576360,0.109698,35.273666,1.658828
9703,0.729614,0.700705,nan,0.109698,nan,1.843708
9704,0.537651,0.647133,-11.843401,0.109685,35.984955,1.444867
9705,0.835092,0.919082,nan,0.109685,nan,2.062737
9706,0.793413,0.848285,-10.699835,0.109671,34.406158,1.978043
9707,1.051543,0.872142,nan,0.109671,nan,2.496377
9708,0.726066,0.593868,-12.794188,0.109658,37.458977,1.859728
9709,0.693542,0.821748,nan,0.109658,nan,1.785141
9710,0.619386,0.712699,-12.689413,0.109645,35.949329,1.605078
9711,0.818151,0.635103,nan,0.109645,nan,2.008262
9712,0.586088,0.628094,-13.535025,0.109631,37.652283,1.553789
9713,0.663488,0.745960,nan,0.109631,nan,1.711539
9714,0.678921,0.753169,-12.705456,0.109618,36.599655,1.728746
9715,0.519474,0.571952,nan,0.109618,nan,1.417756
9716,0.505161,0.366912,-12.798258,0.109604,36.774956,1.375464
9717,0.680823,0.682550,nan,0.109604,nan,1.768786
9718,0.546432,0.520637,-11.960367,0.109591,35.638836,1.438046
9719,0.400765,0.416735,nan,0.109591,nan,1.162461
9720,0.349146,0.361898,-12.284542,0.109578,37.628456,1.052166
9721,0.622996,0.523175,nan,0.109578,nan,1.663639
9722,0.499976,0.498456,-11.140816,0.109564,36.286552,1.346622
9723,0.741340,0.459752,nan,0.109564,nan,1.889262
9724,0.745456,0.519237,-11.942441,0.109551,38.153465,1.910544
9725,0.291747,0.448189,nan,0.109551,nan,0.903134
9726,0.526668,0.401675,-11.875650,0.109537,35.753475,1.430884
9727,0.771909,1.063421,nan,0.109537,nan,1.925935
9728,0.560180,0.548232,-13.182710,0.109524,35.803745,1.503883
9729,0.678903,0.714754,nan,0.109524,nan,1.737842
9730,0.561112,0.688824,-12.773855,0.109510,38.411976,1.520162
9731,0.726936,0.579908,nan,0.109510,nan,1.870068
9732,0.857698,0.699115,-11.724739,0.109496,37.124546,2.133605
9733,0.750462,0.485876,nan,0.109496,nan,1.927466
9734,0.505498,0.941778,-10.805606,0.109483,36.782799,1.358467
9735,0.681868,0.616913,nan,0.109483,nan,1.764612
9736,0.526682,0.499662,-13.036340,0.109469,36.850334,1.441103
9737,0.384161,0.596370,nan,0.109469,nan,1.149943
9738,0.502106,0.793502,-13.355518,0.109456,37.326168,1.355012
9739,0.523267,0.420330,nan,0.109456,nan,1.450391
9740,0.644229,0.669219,-9.486750,0.109442,36.932831,1.649115
9741,1.488675,1.111105,nan,0.109442,nan,3.432361
9742,1.608084,1.682680,-9.941685,0.109429,36.918976,3.681561
9743,0.685881,0.914062,nan,0.109429,nan,1.782424
9744,0.777833,0.518025,-11.739859,0.109415,37.581509,1.974201
9745,0.708432,0.675451,nan,0.109415,nan,1.826606
9746,0.911362,0.757741,-13.572672,0.109401,38.203480,2.231129
9747,1.099614,0.778240,nan,0.109401,nan,2.648150
9748,1.232549,0.853455,-12.383465,0.109388,38.178211,2.910383
9749,0.960231,0.614129,nan,0.109388,nan,2.322937
9750,0.769901,0.691946,-12.971298,0.109374,37.728996,1.944209
9751,0.534792,0.422499,nan,0.109374,nan,1.439755
9752,0.399997,0.465361,-11.296040,0.109360,36.550751,1.162632
9753,0.544690,0.750673,nan,0.109360,nan,1.470472
9754,0.822366,0.925652,-12.285375,0.109346,39.389297,2.016728
9755,0.499413,0.649541,nan,0.109346,nan,1.396263
9756,0.742571,0.916149,-12.688061,0.109333,38.515938,1.890088
9757,0.559731,0.567727,nan,0.109333,nan,1.524345
9758,0.774569,0.710444,-11.499710,0.109319,34.614841,1.935430
9759,0.706289,1.129613,nan,0.109319,nan,1.768821
9760,0.463692,0.469096,-12.348009,0.109305,37.016861,1.292320
9761,0.758523,0.683919,nan,0.109305,nan,1.895856
9762,0.525927,0.797641,-11.293844,0.109292,36.050533,1.448807
9763,1.163870,0.796526,nan,0.109292,nan,2.775366
9764,1.097446,0.486538,-13.626184,0.109278,35.283367,2.639764
9765,0.664837,0.677179,nan,0.109278,nan,1.700107
9766,0.807394,0.647340,-11.505029,0.109264,35.853493,2.012329
9767,0.727337,0.464784,nan,0.109264,nan,1.868194
9768,1.097681,0.598334,-11.877581,0.109251,36.330990,2.622597
9769,0.592395,0.763845,nan,0.109251,nan,1.567005
9770,0.558831,0.442847,-12.483376,0.109237,36.858837,1.501757
9771,0.372021,0.414503,nan,0.109237,nan,1.103936
9772,0.438611,0.612821,-12.289999,0.109224,35.610001,1.240621
9773,0.684435,0.619491,nan,0.109224,nan,1.781046
9774,1.765871,0.827550,-8.656512,0.109211,34.251667,3.992296
9775,1.072936,0.906149,nan,0.109211,nan,2.586292
9776,0.832281,0.522359,-10.055967,0.109197,35.437553,2.081902
9777,0.769481,0.512083,nan,0.109197,nan,1.950416
9778,0.503180,0.665655,-10.272404,0.109184,34.356583,1.392109
9779,1.289299,0.609006,nan,0.109184,nan,3.039999
9780,0.833356,0.657317,-12.963723,0.109171,35.423477,2.050119
9781,0.682066,0.759442,nan,0.109171,nan,1.774357
9782,0.824293,0.485894,-12.411173,0.109157,35.194839,2.066904
9783,0.825407,0.828940,nan,0.109157,nan,2.057421
9784,0.566343,0.622073,-11.476884,0.109144,38.041885,1.523047
9785,1.505481,0.801466,nan,0.109144,nan,3.488816
9786,1.017691,1.304962,-11.650824,0.109131,38.670013,2.443154
9787,0.877936,0.664062,nan,0.109131,nan,2.180688
9788,0.697636,0.555577,-11.184398,0.109117,35.627617,1.781653
9789,0.926893,0.502933,nan,0.109117,nan,2.257827
9790,0.766188,0.636949,-11.218685,0.109104,39.020840,1.964570
9791,0.863430,0.778805,nan,0.109104,nan,2.127326
9792,0.385512,0.527544,-11.945473,0.109091,34.920410,1.134220
9793,0.822429,0.788918,nan,0.109091,nan,2.061822
9794,0.688141,0.579122,-11.695261,0.109077,37.277344,1.749933
9795,0.837306,0.847542,nan,0.109077,nan,2.087675
9796,0.495932,0.467955,-13.748021,0.109064,39.077675,1.396733
9797,0.548122,0.495755,nan,0.109064,nan,1.485694
9798,0.403173,0.416386,-11.762138,0.109050,37.561123,1.185454
9799,0.480456,0.603118,nan,0.109050,nan,1.332805
9800,0.376538,0.370610,-11.842667,0.109037,36.365868,1.144292
9801,0.414473,0.356662,nan,0.109037,nan,1.212205
9802,0.329100,0.423534,-12.470610,0.109023,35.945007,1.024018
9803,0.738530,0.801981,nan,0.109023,nan,1.827159
9804,0.732125,0.608130,-12.252338,0.109010,35.080418,1.894926
9805,0.897556,0.672167,nan,0.109010,nan,2.190402
9806,0.490477,0.396970,-13.024517,0.108997,37.714653,1.360278
9807,0.679274,0.709637,nan,0.108997,nan,1.784116
9808,1.000987,0.827577,-12.554565,0.108983,34.869057,2.425167
9809,0.452271,0.491454,nan,0.108983,nan,1.266838
9810,1.073550,1.025668,-11.640527,0.108970,38.009712,2.535876
9811,0.545076,0.618654,nan,0.108970,nan,1.482274
9812,0.775138,0.686904,-12.722794,0.108956,35.892853,1.939921
9813,0.377693,0.432685,nan,0.108956,nan,1.142983
9814,0.661934,0.569120,-12.779943,0.108943,38.332970,1.745990
9815,0.621286,0.484677,nan,0.108943,nan,1.626849
9816,0.588262,0.552109,-12.769318,0.108930,36.817871,1.562688
9817,0.591661,0.635605,nan,0.108930,nan,1.538459
9818,0.714048,0.731948,-11.499477,0.108916,36.087383,1.819791
9819,0.547733,0.625238,nan,0.108916,nan,1.473074
9820,0.438329,0.754646,-11.602609,0.108903,35.902897,1.269832
9821,0.538097,0.626400,nan,0.108903,nan,1.457985
9822,0.483795,0.522050,-12.369124,0.108890,37.755005,1.360007
9823,0.499534,0.632639,nan,0.108890,nan,1.394578
9824,0.558675,1.009463,-11.210430,0.108876,36.751907,1.488018
9825,0.392281,0.751081,nan,0.108876,nan,1.125627
9826,0.361517,0.465768,-12.267687,0.108863,36.319290,1.063674
9827,0.307146,0.558439,nan,0.108863,nan,0.970336
9828,0.379162,0.771192,-11.698158,0.108849,37.521496,1.141488
9829,0.446392,0.760560,nan,0.108849,nan,1.299485
9830,0.509724,0.572106,-12.600536,0.108836,34.528446,1.405335
9831,0.523584,0.657429,nan,0.108836,nan,1.421519
9832,0.460406,0.448359,-11.067973,0.108823,36.790535,1.283581
9833,1.633842,0.693561,nan,0.108823,nan,3.740562
9834,1.168819,0.579985,-10.824143,0.108810,37.209015,2.796061
9835,0.763384,0.745524,nan,0.108810,nan,1.963921
9836,0.692937,0.827478,-10.752020,0.108796,37.106476,1.788991
9837,0.737036,0.976175,nan,0.108796,nan,1.895661
9838,0.696925,0.819005,-12.907278,0.108783,36.716846,1.791671
9839,0.478700,0.867489,nan,0.108783,nan,1.368277
9840,0.593413,1.066347,-11.947113,0.108770,33.640396,1.594106
9841,0.899744,1.042382,nan,0.108770,nan,2.195892
9842,0.702634,0.818646,-11.700373,0.108756,37.890877,1.815634
9843,0.410997,0.619448,nan,0.108756,nan,1.210528
9844,0.479433,0.670429,-12.018152,0.108743,37.406338,1.345895
9845,0.484655,0.610016,nan,0.108743,nan,1.348972
9846,0.851831,0.813384,-11.995917,0.108730,33.250069,2.108487
9847,0.640276,0.630991,nan,0.108730,nan,1.642318
9848,0.386627,0.399706,-12.940009,0.108717,35.231201,1.166380
9849,0.788247,0.926991,nan,0.108717,nan,1.956239
9850,0.897950,0.634514,-12.318388,0.108704,36.439281,2.218663
9851,0.798326,0.875987,nan,0.108704,nan,1.988489
9852,0.698089,0.652022,-12.122091,0.108690,35.602932,1.775542
9853,1.060777,1.040452,nan,0.108690,nan,2.530855
9854,0.720294,0.835732,-12.627224,0.108677,36.471382,1.855858
9855,0.668015,0.759275,nan,0.108677,nan,1.729332
9856,0.570656,0.587385,-12.316841,0.108664,36.777004,1.531888
9857,0.879862,0.979521,nan,0.108664,nan,2.151812
9858,0.718301,0.830350,-11.474843,0.108651,38.120716,1.812366
9859,0.594896,0.500134,nan,0.108651,nan,1.574639
9860,0.466415,0.493680,-12.793956,0.108638,36.442780,1.288623
9861,0.696869,0.611550,nan,0.108638,nan,1.800422
9862,0.542060,0.641973,-12.036696,0.108625,34.623035,1.471038
9863,0.608389,0.553957,nan,0.108625,nan,1.624295
9864,0.503732,0.582520,-10.990730,0.108612,36.787899,1.364941
9865,0.969611,0.594255,nan,0.108612,nan,2.382714
9866,0.756718,0.969229,-10.842810,0.108598,34.814922,1.940600
9867,1.046196,0.567189,nan,0.108598,nan,2.538039
9868,0.562040,0.438077,-11.976829,0.108585,37.519981,1.547951
9869,0.480009,0.443532,nan,0.108585,nan,1.361984
9870,0.446798,0.429871,-13.686495,0.108572,37.682533,1.285775
9871,0.811422,0.830881,nan,0.108572,nan,2.039649
9872,0.384461,0.463666,-12.702481,0.108559,38.881474,1.146156
9873,0.616042,0.544100,nan,0.108559,nan,1.644909
9874,0.435662,0.447225,-11.746158,0.108546,35.837696,1.272303
9875,0.412472,0.475722,nan,0.108546,nan,1.222068
9876,0.624249,0.577482,-12.380173,0.108532,38.372726,1.651404
9877,0.377596,0.423512,nan,0.108532,nan,1.130711
9878,0.405311,0.431518,-12.531031,0.108519,36.356880,1.179060
9879,0.342155,0.315182,nan,0.108519,nan,1.034548
9880,0.640025,0.522217,-12.432873,0.108506,38.491985,1.666191
9881,0.463387,0.616740,nan,0.108506,nan,1.293602
9882,0.699625,0.600079,-11.488770,0.108493,35.073845,1.792653
9883,0.598442,0.466651,nan,0.108493,nan,1.586625
9884,0.822232,0.781726,-10.830049,0.108479,39.092751,2.029021
9885,0.975456,0.563377,nan,0.108479,nan,2.382029
9886,0.914488,1.020749,-13.264528,0.108466,37.999184,2.223250
9887,0.562570,0.284584,nan,0.108466,nan,1.508148
9888,0.743526,0.627785,-13.087793,0.108453,37.371803,1.870933
9889,0.506181,0.387193,nan,0.108453,nan,1.403181
9890,0.860266,0.626884,-12.998524,0.108439,37.929535,2.134588
9891,0.602445,0.391854,nan,0.108439,nan,1.625797
9892,0.429708,0.403022,-12.263176,0.108426,36.762894,1.211966
9893,0.457689,0.552487,nan,0.108426,nan,1.295821
9894,0.902277,0.748479,-11.607048,0.108413,35.922318,2.221597
9895,0.709736,0.698150,nan,0.108413,nan,1.822067
9896,0.855162,0.783622,-12.791670,0.108399,36.612652,2.117520
9897,0.495277,0.452935,nan,0.108399,nan,1.382079
9898,0.307083,0.327308,-13.534308,0.108386,38.194748,0.917085
9899,0.682264,0.581933,nan,0.108386,nan,1.798222
9900,0.420731,0.363200,-12.085644,0.108373,37.857506,1.238281
9901,0.441272,0.600551,nan,0.108373,nan,1.244417
9902,0.800970,0.660186,-11.457520,0.108359,38.803795,2.006261
9903,0.607796,0.653213,nan,0.108359,nan,1.606335
9904,0.478138,0.461106,-11.885412,0.108346,37.674942,1.341229
9905,1.028647,0.959798,nan,0.108346,nan,2.490010
9906,0.441850,0.501326,-13.102396,0.108333,38.556599,1.262140
9907,0.606818,0.638221,nan,0.108333,nan,1.612767
9908,0.894039,0.884436,-13.053372,0.108319,37.185471,2.203001
9909,0.439960,0.402006,nan,0.108319,nan,1.263749
9910,0.753737,0.767032,-10.916828,0.108306,37.010216,1.932496
9911,0.943783,0.604382,nan,0.108306,nan,2.326862
9912,0.467676,1.085558,-10.278743,0.108292,36.393471,1.289679
9913,0.577357,0.670586,nan,0.108292,nan,1.535879
9914,0.398090,0.572393,-12.176649,0.108279,36.797112,1.191410
9915,0.418274,0.474026,nan,0.108279,nan,1.211246
9916,0.467431,0.579040,-13.548702,0.108266,37.443501,1.311073
9917,0.433582,0.630758,nan,0.108266,nan,1.264836
9918,0.793935,0.766111,-11.798678,0.108252,36.566013,2.002559
9919,0.530095,0.608336,nan,0.108252,nan,1.474348
9920,0.617913,0.659150,-10.221687,0.108239,37.815666,1.668977
9921,0.904920,0.735373,nan,0.108239,nan,2.256376
9922,0.490047,0.724151,-11.798806,0.108226,37.831390,1.347917
9923,1.020631,0.726191,nan,0.108226,nan,2.459361
9924,0.750409,0.627233,-11.933567,0.108213,34.427319,1.877743
9925,0.628082,0.402394,nan,0.108213,nan,1.652048
9926,0.488464,0.413207,-12.868416,0.108199,35.703762,1.387680
9927,0.551290,0.373936,nan,0.108199,nan,1.511479
9928,0.988874,0.734476,-10.888821,0.108186,34.484188,2.414391
9929,0.744586,0.703028,nan,0.108186,nan,1.894717
9930,0.675558,0.639014,-12.473994,0.108173,37.674622,1.771638
9931,0.499964,0.683084,nan,0.108173,nan,1.383662
9932,0.591332,0.434846,-12.510574,0.108160,36.137245,1.593550
9933,0.790074,0.788017,nan,0.108160,nan,2.000947
9934,0.687119,0.673010,-12.591340,0.108147,38.035236,1.761692
9935,0.666361,0.511853,nan,0.108147,nan,1.740917
9936,0.435629,0.386517,-11.120569,0.108134,38.642250,1.273611
9937,1.059869,0.781165,nan,0.108134,nan,2.554829
9938,1.105876,0.594704,-11.674299,0.108120,38.617470,2.675971
9939,0.731179,0.557191,nan,0.108120,nan,1.895492
9940,0.330317,0.608464,-11.582436,0.108107,34.798485,1.054313
9941,0.860960,0.757184,nan,0.108107,nan,2.162198
9942,0.866063,0.819148,-13.708035,0.108094,40.696747,2.125122
9943,0.725939,0.640198,nan,0.108094,nan,1.866242
9944,0.638549,0.585016,-13.888389,0.108081,36.372086,1.702055
9945,0.885975,0.782996,nan,0.108081,nan,2.226826
9946,0.677164,0.639498,-12.311551,0.108068,38.334007,1.766774
9947,0.397553,0.495307,nan,0.108068,nan,1.180908
9948,1.086721,0.792392,-11.443597,0.108054,38.135056,2.635127
9949,0.551106,0.528010,nan,0.108054,nan,1.521518
9950,0.832702,0.477864,-11.814954,0.108041,38.023499,2.100032
9951,0.581183,0.468091,nan,0.108041,nan,1.581802
9952,0.444272,0.539859,-12.982210,0.108028,35.708927,1.255306
9953,0.739040,0.529473,nan,0.108028,nan,1.888319
9954,0.456962,0.442715,-13.542177,0.108014,38.269920,1.322587
9955,0.339837,0.382811,nan,0.108014,nan,1.052558
9956,0.757000,0.618964,-11.978174,0.108001,39.833023,1.928719
9957,0.757943,0.644133,nan,0.108001,nan,1.942632
9958,0.572002,0.323519,-12.501179,0.107988,39.262268,1.528448
9959,0.453007,0.555996,nan,0.107988,nan,1.263089
9960,0.584439,0.660239,-13.178026,0.107974,37.271858,1.560026
9961,0.505838,0.578462,nan,0.107974,nan,1.349126
9962,0.500091,0.580346,-12.910747,0.107961,38.013824,1.361254
9963,0.324403,0.444026,nan,0.107961,nan,1.035739
9964,0.576225,0.789592,-11.884963,0.107948,35.615906,1.538271
9965,0.426630,0.494178,nan,0.107948,nan,1.246512
9966,0.584251,0.444813,-12.998331,0.107934,37.033409,1.564937
9967,0.566698,0.641923,nan,0.107934,nan,1.511373
9968,0.459419,0.500364,-13.425033,0.107921,36.828575,1.302747
9969,0.777542,0.737512,nan,0.107921,nan,1.952180
9970,0.664340,0.356715,-12.267078,0.107908,39.782211,1.741244
9971,0.467572,0.477934,nan,0.107908,nan,1.344169
9972,0.490265,0.520711,-12.515431,0.107895,38.439621,1.348096
9973,0.604232,0.620236,nan,0.107895,nan,1.592150
9974,0.438646,0.433608,-12.872086,0.107881,37.978027,1.243284
9975,0.717147,0.638191,nan,0.107881,nan,1.847088
9976,0.505870,0.449684,-12.992781,0.107868,36.586002,1.424382
9977,0.344927,0.392184,nan,0.107868,nan,1.056091
9978,0.667393,0.620330,-12.951002,0.107855,38.249008,1.729501
9979,0.393461,0.406479,nan,0.107855,nan,1.172777
9980,0.461546,0.456658,-11.845078,0.107841,35.537048,1.310536
9981,0.668675,0.743632,nan,0.107841,nan,1.727136
9982,0.854321,0.495987,-11.921667,0.107828,38.373589,2.145715
9983,0.779692,0.695618,nan,0.107828,nan,1.977074
9984,0.631951,0.408844,-13.506172,0.107815,37.486496,1.644855
9985,0.570413,0.375422,nan,0.107815,nan,1.547851
9986,0.827710,0.477963,-13.257766,0.107802,35.633312,2.073022
9987,0.840276,0.771744,nan,0.107802,nan,2.120771
9988,0.670983,0.518643,-13.827110,0.107788,37.497128,1.738772
9989,0.752093,0.841921,nan,0.107788,nan,1.930686
9990,0.627143,0.539729,-12.538309,0.107775,37.223068,1.673070
9991,0.534968,0.702900,nan,0.107775,nan,1.431933
9992,0.588678,0.690230,-13.840454,0.107762,36.985748,1.577895
9993,0.583088,0.526038,nan,0.107762,nan,1.574110
9994,0.413044,0.482287,-12.478067,0.107749,36.895363,1.211336
9995,0.498303,0.459735,nan,0.107749,nan,1.360063
9996,0.516067,0.490859,-12.023727,0.107736,36.229332,1.439338
9997,0.518719,0.315471,nan,0.107736,nan,1.468122
9998,0.427432,0.459675,-12.011274,0.107723,35.234421,1.229399
9999,0.701199,0.491420,nan,0.107723,nan,1.830443
10000,0.418331,0.399063,-12.333712,0.107710,37.168999,1.241777
10001,0.431677,0.407696,nan,0.107710,nan,1.252012
10002,0.627672,0.491472,-12.951637,0.107697,38.765518,1.702323
10003,0.704182,0.842147,nan,0.107697,nan,1.799381
10004,0.924319,0.789275,-11.743092,0.107684,37.432255,2.290691
10005,0.671001,0.682254,nan,0.107684,nan,1.761794
10006,0.505816,0.481955,-11.712828,0.107671,35.586716,1.408335
10007,1.331440,0.979204,nan,0.107671,nan,3.112656
10008,1.384372,0.828823,-9.845432,0.107658,37.080441,3.243281
10009,0.548749,0.349446,nan,0.107658,nan,1.528427
10010,0.580405,0.654915,-13.220757,0.107645,37.878658,1.553239
10011,0.712651,0.587462,nan,0.107645,nan,1.847610
10012,0.559267,0.691391,-13.196243,0.107632,38.642181,1.508940
10013,0.728882,0.736644,nan,0.107632,nan,1.857335
10014,0.473799,0.495334,-12.109728,0.107618,37.454937,1.342979
10015,0.390463,0.499386,nan,0.107618,nan,1.138176
10016,0.551994,0.419413,-12.808964,0.107605,37.952126,1.511247
10017,0.744415,0.600357,nan,0.107605,nan,1.923294
10018,0.496996,0.565663,-12.838617,0.107592,37.554783,1.369219
10019,0.476272,0.482946,nan,0.107592,nan,1.319498
10020,0.587328,0.414422,-12.949035,0.107579,36.180660,1.573358
10021,0.555028,0.577095,nan,0.107579,nan,1.528373
10022,0.886677,0.868580,-12.964313,0.107566,36.164215,2.156826
10023,0.551242,0.776602,nan,0.107566,nan,1.525313
10024,0.505137,0.742360,-12.739746,0.107553,36.081856,1.396265
10025,0.465398,0.465317,nan,0.107553,nan,1.319977
10026,0.329238,0.357176,-11.685450,0.107540,38.820923,1.017597
10027,0.447878,0.691135,nan,0.107540,nan,1.282961
10028,0.402096,0.422482,-12.668798,0.107527,37.075645,1.210838
10029,0.389621,0.470263,nan,0.107527,nan,1.189124
10030,0.715221,0.729092,-12.563036,0.107514,39.642338,1.878617
10031,0.643307,0.665586,nan,0.107514,nan,1.685174
10032,0.962203,0.514046,-12.190584,0.107501,36.013580,2.360369
10033,1.001643,0.825856,nan,0.107501,nan,2.445716
10034,0.550807,0.332876,-13.758260,0.107488,36.683716,1.513316
10035,0.571625,0.569168,nan,0.107488,nan,1.521354
10036,0.602613,0.822525,-11.493591,0.107475,38.782055,1.598390
10037,0.561560,0.360216,nan,0.107475,nan,1.548024
10038,0.819213,0.460521,-11.853621,0.107462,37.612354,2.085823
10039,0.488547,0.555182,nan,0.107462,nan,1.372232
10040,0.746351,0.882356,-12.542982,0.107449,39.816132,1.918264
10041,0.568753,0.629729,nan,0.107449,nan,1.547503
10042,0.808913,0.846208,-13.357180,0.107436,38.319656,2.037850
10043,0.632341,0.893337,nan,0.107436,nan,1.664271
10044,0.550930,0.682385,-12.265121,0.107422,38.137714,1.511813
10045,0.483483,0.491388,nan,0.107422,nan,1.392878
10046,0.377436,0.418689,-13.813230,0.107409,37.472305,1.134207
10047,0.504200,0.490921,nan,0.107409,nan,1.416920
10048,0.581628,0.610365,-13.364907,0.107396,37.091125,1.566893
10049,0.437791,0.527678,nan,0.107396,nan,1.255527
10050,0.358480,0.361116,-12.879104,0.107383,38.329491,1.093684
10051,0.419805,0.403549,nan,0.107383,nan,1.220154
10052,0.411720,0.338320,-13.457123,0.107370,39.961220,1.208850
10053,0.892476,0.591974,nan,0.107370,nan,2.219152
10054,0.489045,0.537133,-13.264847,0.107357,38.759766,1.343148
10055,0.663869,0.637846,nan,0.107357,nan,1.729140
10056,0.406656,0.306363,-12.245753,0.107343,38.265331,1.188598
10057,0.585160,0.387986,nan,0.107343,nan,1.584946
10058,0.492318,0.665679,-13.960073,0.107330,37.981438,1.383521
10059,0.547294,0.439105,nan,0.107330,nan,1.503585
10060,0.797817,0.682144,-13.596863,0.107317,39.161079,1.999623
10061,0.771480,0.863556,nan,0.107317,nan,1.966988
10062,0.495272,0.470831,-12.672461,0.107304,37.053665,1.390238
10063,0.971268,0.937306,nan,0.107304,nan,2.375594
10064,0.775201,0.453217,-11.386847,0.107290,37.019833,2.001112
10065,0.722696,0.482248,nan,0.107290,nan,1.882959
10066,0.583404,0.479385,-12.165817,0.107277,36.054398,1.613326
10067,0.725810,0.687425,nan,0.107277,nan,1.859028
10068,0.515411,0.482029,-13.402693,0.107264,37.988369,1.422697
10069,0.609877,0.601654,nan,0.107264,nan,1.623086
10070,0.572135,0.692699,-12.928412,0.107251,37.229660,1.513440
10071,0.410641,0.366566,nan,0.107251,nan,1.167298
10072,0.522265,0.539757,-12.904584,0.107238,39.390038,1.464057
10073,0.753164,0.631687,nan,0.107238,nan,1.936816
10074,0.318759,0.322410,-11.690956,0.107225,39.567131,0.990386
10075,0.431646,0.459832,nan,0.107225,nan,1.204327
10076,0.554868,0.757899,-13.639019,0.107212,37.459408,1.518027
10077,0.617055,0.597252,nan,0.107212,nan,1.635322
10078,0.611448,0.497079,-13.367733,0.107199,38.199532,1.646971
10079,0.314464,0.349521,nan,0.107199,nan,1.028016
10080,0.721623,0.753986,-13.533002,0.107185,37.967834,1.818083
10081,1.005968,0.975075,nan,0.107185,nan,2.456129
10082,0.769022,0.589214,-11.743284,0.107172,36.894978,1.955945
10083,0.872286,0.869474,nan,0.107172,nan,2.146017
10084,0.824462,0.697833,-13.403343,0.107159,38.708656,2.091094
10085,0.913984,0.620141,nan,0.107159,nan,2.265062
10086,0.648486,0.674574,-13.630440,0.107146,36.750401,1.700091
10087,0.679432,0.524989,nan,0.107146,nan,1.774376
10088,0.766916,0.665827,-14.134626,0.107133,38.753975,1.940589
10089,0.714023,0.673904,nan,0.107133,nan,1.850973
10090,0.602844,0.677467,-12.847952,0.107120,38.917130,1.620185
10091,0.713506,0.449586,nan,0.107120,nan,1.838799
10092,0.802789,0.853083,-12.560305,0.107107,38.168999,1.994640
10093,0.573259,0.505591,nan,0.107107,nan,1.541345
10094,0.505880,0.550638,-13.961068,0.107094,37.841423,1.380174
10095,0.880062,0.961725,nan,0.107094,nan,2.175290
10096,0.828104,0.881902,-12.818760,0.107081,36.289688,2.077800
10097,0.502686,0.507333,nan,0.107081,nan,1.402085
10098,0.626989,0.655125,-14.147961,0.107067,39.001167,1.651001
10099,0.604959,0.603752,nan,0.107067,nan,1.635201
10100,0.446436,0.518984,-12.090475,0.107054,37.361275,1.305807
10101,1.193425,1.059201,nan,0.107054,nan,2.819473
10102,0.539106,0.952826,-12.402803,0.107041,37.747711,1.472884
10103,0.602950,0.541564,nan,0.107041,nan,1.615113
10104,0.795214,0.413103,-12.309404,0.107028,36.181587,2.042698
10105,0.648477,0.335020,nan,0.107028,nan,1.735254
10106,0.535704,0.566747,-13.483313,0.107015,37.393795,1.434356
10107,0.533215,0.495897,nan,0.107015,nan,1.465315
10108,0.687256,0.411354,-13.111057,0.107002,38.945282,1.788623
10109,0.812279,0.721081,nan,0.107002,nan,2.055541
10110,0.429761,0.359626,-12.185452,0.106989,38.248680,1.244329
10111,0.988353,0.689846,nan,0.106989,nan,2.429099
10112,0.833214,0.593428,-12.190632,0.106976,39.001961,2.109689
10113,0.542306,0.742347,nan,0.106976,nan,1.454386
10114,0.364879,0.381532,-14.161928,0.106963,37.852917,1.084417
10115,0.213615,0.207544,nan,0.106963,nan,0.787468
10116,0.442154,0.460163,-11.371307,0.106950,35.157990,1.240150
10117,0.526667,0.459548,nan,0.106950,nan,1.481332
10118,0.709854,0.577989,-12.303448,0.106937,36.111706,1.813899
10119,0.626013,0.758531,nan,0.106937,nan,1.675974
10120,0.374114,0.448144,-12.415699,0.106924,37.886776,1.118677
10121,0.634715,0.553524,nan,0.106924,nan,1.709104
10122,0.446923,0.784417,-12.743187,0.106911,37.865944,1.278373
10123,0.261346,0.474226,nan,0.106911,nan,0.902282
10124,0.623269,0.434538,-13.644524,0.106899,36.724739,1.664904
10125,1.082751,0.943494,nan,0.106899,nan,2.629755
10126,0.607192,0.594935,-12.402793,0.106886,37.346794,1.645498
10127,0.432932,0.448058,nan,0.106886,nan,1.258088
10128,0.389015,0.429889,-12.149960,0.106873,35.195293,1.197771
10129,0.470731,0.569019,nan,0.106873,nan,1.313924
10130,0.433573,0.455496,-12.808567,0.106860,38.488033,1.279046
10131,0.530543,0.498623,nan,0.106860,nan,1.456046
10132,0.414443,0.315390,-13.258602,0.106847,37.718601,1.219952
10133,0.673884,0.488016,nan,0.106847,nan,1.742094
10134,0.776945,0.741330,-14.429850,0.106834,37.688644,1.933717
10135,0.523866,0.593446,nan,0.106834,nan,1.434152
10136,0.561109,0.273293,-12.315899,0.106822,36.131264,1.523056
10137,0.511006,0.675106,nan,0.106822,nan,1.421296
10138,0.519314,0.487629,-12.882158,0.106809,36.604843,1.439416
10139,0.576096,0.563671,nan,0.106809,nan,1.560227
10140,0.381810,0.408975,-13.110724,0.106796,36.265709,1.143394
10141,0.650516,0.983376,nan,0.106796,nan,1.711103
10142,0.452708,0.611370,-13.811466,0.106783,38.293533,1.308420
10143,0.770502,0.539809,nan,0.106783,nan,1.987870
10144,0.690959,0.576013,-12.758969,0.106770,39.606140,1.783824
10145,0.425743,0.474499,nan,0.106770,nan,1.267657
10146,0.436862,0.461541,-13.898138,0.106757,39.381947,1.284958
10147,0.532393,0.506550,nan,0.106757,nan,1.447186
10148,0.726002,0.576942,-13.556750,0.106745,39.392658,1.864765
10149,0.905956,0.872204,nan,0.106745,nan,2.253553
10150,0.501804,0.441000,-13.930779,0.106732,38.151665,1.383720
10151,0.824932,0.766218,nan,0.106732,nan,2.077795
10152,0.689405,0.701450,-13.393603,0.106719,39.358040,1.792944
10153,0.724123,0.638206,nan,0.106719,nan,1.858962
10154,0.631526,0.856316,-12.763954,0.106706,38.294289,1.652277
10155,0.401354,0.461939,nan,0.106706,nan,1.174622
10156,0.867618,0.845703,-14.276541,0.106693,38.729782,2.146937
10157,0.632286,0.501801,nan,0.106693,nan,1.692174
10158,0.538807,0.540986,-12.487368,0.106680,37.653732,1.488456
10159,0.932101,0.749952,nan,0.106680,nan,2.305705
10160,0.379093,0.442577,-14.267640,0.106667,38.227379,1.155812
10161,0.705449,0.750993,nan,0.106667,nan,1.833025
10162,0.641294,0.480175,-13.577509,0.106654,37.843803,1.699538
10163,0.698031,0.727894,nan,0.106654,nan,1.842967
10164,0.434210,0.551742,-12.845602,0.106641,39.883194,1.260929
10165,0.445006,0.491998,nan,0.106641,nan,1.310110
10166,0.323505,0.539401,-12.869925,0.106628,39.060387,1.024497
10167,0.482146,0.601461,nan,0.106628,nan,1.336659
10168,0.485989,0.417071,-13.646935,0.106615,35.986977,1.352958
10169,0.631132,0.624082,nan,0.106615,nan,1.684568
10170,1.045382,0.395400,-11.717583,0.106602,39.750000,2.555926
10171,0.532595,0.403035,nan,0.106602,nan,1.470696
10172,0.685259,0.652352,-8.973138,0.106589,37.878117,1.810486
10173,3.040061,0.384361,nan,0.106589,nan,6.578489
10174,3.127082,0.780292,-9.589283,0.106576,37.705330,6.753262
10175,0.740238,1.647432,nan,0.106576,nan,1.928540
10176,0.586560,1.103473,-11.969733,0.106563,38.547592,1.605971
10177,0.876855,0.411189,nan,0.106563,nan,2.208336
10178,0.783611,0.769978,-14.962131,0.106550,37.609058,1.993999
10179,0.726283,0.971427,nan,0.106550,nan,1.873874
10180,1.036564,0.890314,-12.425963,0.106537,39.239594,2.551858
10181,0.959576,0.828922,nan,0.106537,nan,2.369397
10182,1.056789,0.765544,-13.836426,0.106524,37.662392,2.550908
10183,0.743956,0.604418,nan,0.106524,nan,1.930882
10184,0.622555,0.694942,-11.738953,0.106511,38.061089,1.644830
10185,0.768146,0.450863,nan,0.106511,nan,1.976871
10186,0.590985,0.521359,-13.090286,0.106498,39.835945,1.622598
10187,0.489003,0.814625,nan,0.106498,nan,1.404980
10188,0.764527,0.800207,-13.173744,0.106485,37.931595,1.969235
10189,0.910948,0.870801,nan,0.106485,nan,2.252272
10190,0.395055,0.555403,-13.750050,0.106472,37.982147,1.176026
10191,0.514585,0.710591,nan,0.106472,nan,1.409248
10192,0.608579,0.815554,-12.476591,0.106459,36.877686,1.637126
10193,0.838567,0.672196,nan,0.106459,nan,2.125860
10194,0.575483,1.249930,-11.764076,0.106446,40.045166,1.584969
10195,0.553179,0.756924,nan,0.106446,nan,1.516995
10196,0.370574,0.351536,-13.259666,0.106433,37.136711,1.142669
10197,0.656899,0.862675,nan,0.106433,nan,1.749047
10198,0.785695,0.878973,-13.208863,0.106420,38.058792,1.999935
10199,0.461221,0.540091,nan,0.106420,nan,1.338801
10200,0.807940,0.777341,-14.156003,0.106407,40.421429,2.041179
10201,0.571136,0.774430,nan,0.106407,nan,1.560021
10202,0.567289,0.858907,-12.774698,0.106394,37.558762,1.550164
10203,0.740239,0.773967,nan,0.106394,nan,1.904523
10204,0.570207,0.634405,-13.601219,0.106381,38.205627,1.560259
10205,0.690630,0.627120,nan,0.106381,nan,1.813718
10206,0.644433,0.409720,-13.615551,0.106368,39.239395,1.731690
10207,0.677701,0.609668,nan,0.106368,nan,1.790458
10208,0.620638,0.561356,-12.242403,0.106355,38.496437,1.669307
10209,0.925306,1.176802,nan,0.106355,nan,2.280992
10210,0.594484,0.499526,-13.930947,0.106342,37.551231,1.616957
10211,0.375245,0.271406,nan,0.106342,nan,1.162762
10212,0.582072,0.664906,-14.255614,0.106329,39.249184,1.557610
10213,0.477235,0.777601,nan,0.106329,nan,1.343050
10214,0.628942,0.719877,-13.012383,0.106316,39.950050,1.630499
10215,0.502601,0.575435,nan,0.106316,nan,1.422705
10216,0.734013,0.778442,-12.250945,0.106303,36.686569,1.886271
10217,0.420065,0.504260,nan,0.106303,nan,1.241719
10218,0.515994,0.407215,-12.984380,0.106291,36.273018,1.456555
10219,0.416478,0.677429,nan,0.106291,nan,1.202711
10220,0.671456,0.784188,-13.534443,0.106278,38.621536,1.753706
10221,0.673635,0.930368,nan,0.106278,nan,1.770477
10222,0.786112,0.847676,-14.615995,0.106265,38.877747,1.976331
10223,0.596139,0.585359,nan,0.106265,nan,1.592277
10224,0.504550,0.550547,-12.969503,0.106252,37.229622,1.432620
10225,0.552051,0.778595,nan,0.106252,nan,1.513499
10226,0.517648,0.840071,-13.852785,0.106239,38.842812,1.451572
10227,0.536908,0.770937,nan,0.106239,nan,1.477345
10228,0.420450,0.613739,-12.731193,0.106226,37.639015,1.233518
10229,0.434550,0.502381,nan,0.106226,nan,1.268241
10230,0.571387,0.518227,-14.802395,0.106213,37.357334,1.537937
10231,0.398103,0.414531,nan,0.106213,nan,1.211825
10232,0.960888,0.834731,-13.435584,0.106201,36.779449,2.325481
10233,0.497384,0.499260,nan,0.106201,nan,1.381962
10234,0.393180,0.422187,-12.552967,0.106188,38.136944,1.210581
10235,0.874321,0.675292,nan,0.106188,nan,2.212918
10236,0.698335,0.571781,-12.806925,0.106175,38.118279,1.840832
10237,0.413611,0.410706,nan,0.106175,nan,1.219117
10238,0.374541,0.293020,-13.749372,0.106162,37.141113,1.127013
10239,0.355685,0.406506,nan,0.106162,nan,1.089236
10240,0.468504,0.470583,-13.521783,0.106150,38.148598,1.321983
10241,0.604746,0.616345,nan,0.106150,nan,1.606537
10242,0.889964,0.984001,-13.353215,0.106137,38.309040,2.217989
10243,0.530522,0.509391,nan,0.106137,nan,1.460610
10244,0.503318,0.601879,-12.502164,0.106124,37.725376,1.427712
10245,0.656157,0.495693,nan,0.106124,nan,1.734594
10246,0.421879,0.479172,-13.538328,0.106111,39.004517,1.221881
10247,0.396655,0.290207,nan,0.106111,nan,1.209394
10248,0.588320,0.526673,-14.125061,0.106099,37.462364,1.588268
10249,0.520072,0.633232,nan,0.106099,nan,1.428142
10250,0.614142,0.587257,-14.496326,0.106086,39.421394,1.636167
10251,0.320147,0.369293,nan,0.106086,nan,1.037997
10252,0.500670,0.522007,-13.356285,0.106073,38.468124,1.399000
10253,0.364310,0.308931,nan,0.106073,nan,1.134022
10254,0.584673,0.570805,-14.018787,0.106060,38.768433,1.551695
10255,0.459723,0.353114,nan,0.106060,nan,1.337529
10256,0.368156,0.305690,-13.921395,0.106047,37.346691,1.114777
10257,0.413651,0.529765,nan,0.106047,nan,1.214956
10258,1.155426,0.494079,-12.528542,0.106035,39.290428,2.781636
10259,0.640976,0.709440,nan,0.106035,nan,1.684096
10260,0.455617,0.466943,-13.627482,0.106022,39.300079,1.297255
10261,0.432473,0.303637,nan,0.106022,nan,1.283016
10262,0.698397,0.580676,-14.067243,0.106009,39.610741,1.826606
10263,0.524871,0.423392,nan,0.106009,nan,1.416160
10264,0.531705,0.425594,-13.628521,0.105996,37.906036,1.472232
10265,0.521993,0.478997,nan,0.105996,nan,1.458308
10266,0.407262,0.388472,-12.068575,0.105983,36.519600,1.224331
10267,0.520754,0.584477,nan,0.105983,nan,1.472923
10268,0.469076,0.498870,-14.011320,0.105970,38.405746,1.318568
10269,0.595241,0.528362,nan,0.105970,nan,1.582783
10270,0.509863,0.485486,-12.532183,0.105958,38.922752,1.439610
10271,0.648433,0.405571,nan,0.105958,nan,1.735383
10272,0.347505,0.433374,-12.938946,0.105945,39.353020,1.081123
10273,0.998830,0.387940,nan,0.105945,nan,2.433310
10274,0.858668,0.482466,-14.014269,0.105932,40.295181,2.167432
10275,0.422031,0.493443,nan,0.105932,nan,1.241020
10276,0.390327,0.553918,-13.792131,0.105919,39.186283,1.157336
10277,0.378579,0.376816,nan,0.105919,nan,1.154599
10278,0.546456,0.671297,-13.026739,0.105906,37.494564,1.521205
10279,0.820800,0.751465,nan,0.105906,nan,2.057221
10280,0.505687,0.669871,-14.067431,0.105893,37.979301,1.408470
10281,0.551903,0.626465,nan,0.105893,nan,1.521492
10282,0.663456,0.655827,-14.602325,0.105880,39.125694,1.772596
10283,1.066812,0.968815,nan,0.105880,nan,2.607462
10284,0.588700,0.475968,-13.607189,0.105868,39.250851,1.583600
10285,0.763179,0.793362,nan,0.105868,nan,1.948254
10286,0.461622,0.299087,-13.663710,0.105855,36.963547,1.359934
10287,0.606116,0.554441,nan,0.105855,nan,1.635836
10288,0.380984,0.506650,-13.948837,0.105842,38.479240,1.139908
10289,0.394133,0.448375,nan,0.105842,nan,1.175822
10290,0.362513,0.346100,-14.025161,0.105829,38.763512,1.109738
10291,0.585074,0.541544,nan,0.105829,nan,1.588395
10292,0.415201,0.365338,-14.397504,0.105816,37.663918,1.243997
10293,0.344748,0.386659,nan,0.105816,nan,1.084355
10294,0.659565,0.529460,-13.737620,0.105804,40.541275,1.752356
10295,0.604465,0.503699,nan,0.105804,nan,1.634296
10296,0.391891,0.375617,-12.923804,0.105791,40.702843,1.161321
10297,0.876391,0.826034,nan,0.105791,nan,2.195552
10298,0.365284,0.346670,-12.439906,0.105778,36.999207,1.110945
10299,0.781605,0.735788,nan,0.105778,nan,2.014785
10300,0.483202,1.199604,-12.863111,0.105765,36.750484,1.341130
10301,0.442774,0.366044,nan,0.105765,nan,1.303452
10302,0.406035,0.412839,-14.037896,0.105752,39.814503,1.250650
10303,0.498154,0.517529,nan,0.105752,nan,1.429266
10304,0.505902,0.638622,-13.705685,0.105740,39.597862,1.421494
10305,0.551119,0.669070,nan,0.105740,nan,1.523853
10306,0.534732,0.538066,-14.612705,0.105727,37.422710,1.487651
10307,0.592743,0.868452,nan,0.105727,nan,1.615641
10308,0.697196,0.774781,-14.087852,0.105714,37.997093,1.800182
10309,0.376982,0.725664,nan,0.105714,nan,1.168038
10310,0.442636,0.784493,-12.868956,0.105701,38.632557,1.259502
10311,0.543715,0.847481,nan,0.105701,nan,1.524086
10312,0.502758,0.890212,-13.462194,0.105688,39.874123,1.404423
10313,0.719490,1.253758,nan,0.105688,nan,1.864862
10314,0.807064,0.972759,-14.753019,0.105676,41.107391,2.040356
10315,0.871402,1.441980,nan,0.105676,nan,2.178627
10316,0.634780,1.037162,-13.421942,0.105663,38.343586,1.682565
10317,0.416731,0.586329,nan,0.105663,nan,1.242338
10318,0.400728,0.553123,-13.505964,0.105650,39.403809,1.235639
10319,0.558597,0.735338,nan,0.105650,nan,1.569752
10320,0.379149,0.541410,-13.750840,0.105637,38.244125,1.179726
10321,0.691658,0.712704,nan,0.105637,nan,1.798663
10322,0.403368,0.329041,-14.660018,0.105624,37.808586,1.210148
10323,0.661900,0.551889,nan,0.105624,nan,1.799326
10324,0.653294,0.540802,-14.122237,0.105611,37.349045,1.767781
10325,0.942705,0.709014,nan,0.105611,nan,2.358839
10326,0.452174,0.483458,-13.365208,0.105599,39.831978,1.324934
10327,0.850631,0.652571,nan,0.105599,nan,2.157799
10328,0.918743,0.651276,-11.777709,0.105586,41.761154,2.301503
10329,0.756269,0.730415,nan,0.105586,nan,1.942508
10330,0.968189,1.013573,-14.794094,0.105573,39.486546,2.368856
10331,0.488171,0.497768,nan,0.105573,nan,1.379105
10332,0.550601,0.775144,-14.138285,0.105560,41.386467,1.537972
10333,0.365908,0.652267,nan,0.105560,nan,1.123050
10334,0.713322,0.786262,-13.032944,0.105547,39.346085,1.831179
10335,0.828466,1.283937,nan,0.105547,nan,2.105070
10336,0.375469,0.605163,-13.623245,0.105534,38.949181,1.146055
10337,0.610740,0.891595,nan,0.105534,nan,1.658438
10338,0.943450,1.065487,-12.826546,0.105521,37.877617,2.354199
10339,0.516587,0.547803,nan,0.105521,nan,1.461668
10340,0.578857,0.809601,-14.018858,0.105508,40.847744,1.577317
10341,0.565582,0.549962,nan,0.105508,nan,1.525890
10342,0.519925,0.561746,-12.371271,0.105495,38.544525,1.439863
10343,0.998889,0.707838,nan,0.105495,nan,2.411400
10344,0.648779,0.559080,-14.502343,0.105482,40.514595,1.683672
10345,0.658355,0.528119,nan,0.105482,nan,1.763725
10346,0.586425,0.664141,-13.112154,0.105469,40.753685,1.582601
10347,0.770816,0.604357,nan,0.105469,nan,1.983732
10348,0.738379,0.696988,-13.862278,0.105457,37.427315,1.919057
10349,0.552416,0.453153,nan,0.105457,nan,1.519945
10350,0.472937,0.416100,-14.521143,0.105444,37.381042,1.373333
10351,0.372389,0.373140,nan,0.105444,nan,1.148104
10352,0.415460,0.405055,-14.227448,0.105431,39.789955,1.237697
10353,0.748709,0.746482,nan,0.105431,nan,1.927791
10354,0.726633,0.751563,-14.228984,0.105418,39.359451,1.863097
10355,0.377909,0.482273,nan,0.105418,nan,1.127854
10356,0.742214,0.697376,-14.616283,0.105405,40.842293,1.892472
10357,0.522759,0.577571,nan,0.105405,nan,1.463897
10358,0.379648,0.479740,-13.893341,0.105392,40.267498,1.124809
10359,0.279847,0.334981,nan,0.105392,nan,0.957272
10360,0.380063,0.386455,-14.425897,0.105379,39.154720,1.132842
10361,0.667074,0.757071,nan,0.105379,nan,1.755611
10362,0.532764,0.522756,-14.037921,0.105366,39.812836,1.488101
10363,0.405342,0.396483,nan,0.105366,nan,1.233627
10364,0.711003,0.723382,-15.655802,0.105353,42.059761,1.834239
10365,0.558616,0.598841,nan,0.105353,nan,1.555247
10366,0.676222,0.474805,-13.869381,0.105340,37.296135,1.795034
10367,0.922960,0.945108,nan,0.105340,nan,2.261002
10368,0.909092,0.585871,-13.708069,0.105328,40.645226,2.294444
10369,0.465811,0.456167,nan,0.105328,nan,1.350405
10370,0.524579,0.494861,-13.671026,0.105315,40.112053,1.447817
10371,0.541487,0.556912,nan,0.105315,nan,1.496677
10372,0.829776,0.798171,-14.811905,0.105302,39.340141,2.081979
10373,0.366352,0.504594,nan,0.105302,nan,1.126107
10374,0.531401,0.587591,-14.757825,0.105289,39.055939,1.521019
10375,0.497288,0.541554,nan,0.105289,nan,1.411720
10376,0.422469,0.431853,-14.093349,0.105276,40.786476,1.279020
10377,0.396857,0.570000,nan,0.105276,nan,1.206629
10378,0.381837,0.546477,-14.401524,0.105263,37.286255,1.161539
10379,0.280158,0.374889,nan,0.105263,nan,0.953683
10380,0.446829,0.698001,-14.275387,0.105250,39.292824,1.302208
10381,0.417265,0.550767,nan,0.105250,nan,1.265880
10382,0.518465,0.722747,-12.818298,0.105237,37.828156,1.456418
10383,0.568608,0.780302,nan,0.105237,nan,1.541843
10384,0.478790,0.470281,-14.040975,0.105224,39.016739,1.328845
10385,0.724828,0.785186,nan,0.105224,nan,1.824209
10386,0.713398,0.803241,-14.198698,0.105212,38.395164,1.835361
10387,0.512769,0.495519,nan,0.105212,nan,1.446072
10388,0.393988,0.518194,-14.035145,0.105199,39.860687,1.147399
10389,0.477127,0.657150,nan,0.105199,nan,1.305482
10390,0.897039,0.947777,-13.011258,0.105186,39.567818,2.185266
10391,0.233337,0.355333,nan,0.105186,nan,0.860097
10392,0.685827,0.676058,-14.151403,0.105173,38.777832,1.798947
10393,0.272954,0.404897,nan,0.105173,nan,0.895540
10394,0.606220,0.875055,-13.422464,0.105160,39.687935,1.633160
10395,0.720169,0.779054,nan,0.105160,nan,1.847735
10396,0.492411,0.582828,-13.157055,0.105148,39.146782,1.411074
10397,0.662691,0.697362,nan,0.105148,nan,1.739284
10398,0.486376,0.551218,-14.253645,0.105135,39.998055,1.400993
10399,0.413716,0.527644,nan,0.105135,nan,1.212675
10400,0.533133,0.521067,-14.144020,0.105122,38.878143,1.481510
10401,0.718694,0.960020,nan,0.105122,nan,1.857685
10402,0.575069,0.797020,-17.244511,0.105109,37.246704,1.562804
10403,0.532093,0.536770,nan,0.105109,nan,1.479157
10404,0.576644,0.677735,-18.943174,0.105097,42.303741,1.563628
10405,0.722963,0.881170,nan,0.105097,nan,1.860228
10406,0.527663,0.654117,-17.314671,0.105084,39.040386,1.455867
10407,0.635713,0.790031,nan,0.105084,nan,1.674724
10408,0.479903,0.606406,-16.995087,0.105071,39.209488,1.349981
10409,0.518281,0.525996,nan,0.105071,nan,1.463491
10410,0.623724,0.697240,-17.942736,0.105058,39.774025,1.644029
10411,0.560019,0.567847,nan,0.105058,nan,1.543159
10412,0.501212,0.492507,-17.155991,0.105046,39.124680,1.431072
10413,0.441508,0.579322,nan,0.105046,nan,1.277684
10414,0.330047,0.421396,-17.498796,0.105033,38.395683,1.028263
10415,0.650708,0.742580,nan,0.105033,nan,1.712108
10416,0.538835,0.652605,-17.452374,0.105020,37.617722,1.485849
10417,0.572737,0.697747,nan,0.105020,nan,1.530956
10418,0.332094,0.469366,-18.346521,0.105007,40.004341,1.074088
10419,0.557655,0.534263,nan,0.105007,nan,1.520844
10420,0.493191,0.618254,-18.053417,0.104995,38.504021,1.391662
10421,0.486110,0.601040,nan,0.104995,nan,1.377370
10422,0.340463,0.449681,-17.256239,0.104982,38.473053,1.075930
10423,0.487727,0.594448,nan,0.104982,nan,1.389886
10424,0.532251,0.493199,-18.297588,0.104969,37.071331,1.485899
10425,0.448599,0.377513,nan,0.104969,nan,1.271664
10426,0.354107,0.414017,-18.062338,0.104957,39.475418,1.068020
10427,0.447794,0.462997,nan,0.104957,nan,1.265756
10428,0.425243,0.417369,-17.815472,0.104944,37.302052,1.218021
10429,0.303813,0.355297,nan,0.104944,nan,0.988953
10430,0.529125,0.506950,-18.448452,0.104932,39.955986,1.467917
10431,0.452175,0.491083,nan,0.104932,nan,1.278284
10432,0.454829,0.392859,-17.657820,0.104919,40.103989,1.312855
10433,0.361513,0.499671,nan,0.104919,nan,1.102260
10434,0.389553,0.355617,-18.042252,0.104907,37.900116,1.154499
10435,0.323902,0.356939,nan,0.104907,nan,1.007653
10436,0.334840,0.401156,-18.584671,0.104894,37.544582,1.048497
10437,0.374892,0.378574,nan,0.104894,nan,1.143572
10438,0.666720,0.554052,-17.748550,0.104882,37.214035,1.764961
10439,0.316346,0.428642,nan,0.104882,nan,1.025324
10440,0.251988,0.317294,-17.757832,0.104869,36.738571,0.873593
10441,0.436616,0.444252,nan,0.104869,nan,1.297387
10442,0.378892,0.376350,-19.007092,0.104857,38.238705,1.154015
10443,0.387301,0.265986,nan,0.104857,nan,1.180769
10444,0.506233,0.437240,-18.147850,0.104844,38.157318,1.422287
10445,0.562831,0.429808,nan,0.104844,nan,1.547532
10446,0.491861,0.352098,-19.385811,0.104832,41.589394,1.405008
10447,0.386904,0.284627,nan,0.104832,nan,1.168801
10448,0.451494,0.359550,-18.444149,0.104819,38.402981,1.302571
10449,0.509282,0.469404,nan,0.104819,nan,1.410950
10450,0.359651,0.444116,-18.169449,0.104807,38.971527,1.115116
10451,0.303383,0.315136,nan,0.104807,nan,0.976867
10452,0.378754,0.685525,-18.170025,0.104794,38.140785,1.124588
10453,0.418620,0.408632,nan,0.104794,nan,1.209698
10454,0.400314,0.485333,-19.036827,0.104782,39.603096,1.167366
10455,0.400160,0.451660,nan,0.104782,nan,1.152261
10456,0.524841,0.402600,-18.639832,0.104769,40.241707,1.437178
10457,0.311507,0.475126,nan,0.104769,nan,0.956489
10458,0.458509,0.423355,-19.233234,0.104757,40.381630,1.318622
10459,0.382264,0.414438,nan,0.104757,nan,1.149142
10460,0.446920,0.415534,-19.356091,0.104744,38.560036,1.291322
10461,0.319793,0.297328,nan,0.104744,nan,1.026568
10462,0.541014,0.504574,-19.616772,0.104732,38.428802,1.476038
10463,0.416994,0.481798,nan,0.104732,nan,1.222564
10464,0.341604,0.285370,-19.213909,0.104719,41.404663,1.064491
10465,0.344884,0.436522,nan,0.104719,nan,1.068913
10466,0.620448,0.547229,-19.506006,0.104706,39.835403,1.636138
10467,0.316406,0.405890,nan,0.104706,nan,1.002608
10468,0.290983,0.272762,-18.923622,0.104694,40.854912,0.942522
10469,0.218545,0.365241,nan,0.104694,nan,0.821300
10470,0.497579,0.479240,-19.147022,0.104681,38.011265,1.380075
10471,0.325057,0.383898,nan,0.104681,nan,1.028942
10472,0.474895,0.508302,-19.836563,0.104669,37.659119,1.346005
10473,0.421224,0.405640,nan,0.104669,nan,1.195587
10474,0.593899,0.580939,-19.911600,0.104656,38.843971,1.547980
10475,0.498130,0.481920,nan,0.104656,nan,1.371650
10476,0.415831,0.439511,-19.430611,0.104643,39.171566,1.213010
10477,0.390924,0.387047,nan,0.104643,nan,1.151793
10478,0.430826,0.423406,-20.328381,0.104631,39.491333,1.237536
10479,0.239189,0.246473,nan,0.104631,nan,0.813830
10480,0.258182,0.266018,-19.286900,0.104618,39.879704,0.876473
10481,0.367242,0.330392,nan,0.104618,nan,1.153477
10482,0.459342,0.436680,-19.684914,0.104606,40.317154,1.320231
10483,0.578366,0.598809,nan,0.104606,nan,1.557125
10484,0.458669,0.433720,-20.495951,0.104593,37.442154,1.300503
10485,0.560676,0.559434,nan,0.104593,nan,1.506470
10486,0.530433,0.524387,-20.185322,0.104581,38.733646,1.441137
10487,0.492375,0.384713,nan,0.104581,nan,1.401369
10488,0.334575,0.375089,-19.684559,0.104568,41.645866,1.016695
10489,0.315085,0.356582,nan,0.104568,nan,0.977515
10490,0.310193,0.321266,-20.139441,0.104556,38.295654,0.993730
10491,0.405007,0.393359,nan,0.104556,nan,1.182396
10492,0.273513,0.335163,-19.991198,0.104543,39.807320,0.943531
10493,0.481581,0.494147,nan,0.104543,nan,1.345438
10494,0.351735,0.363993,-20.378693,0.104530,40.678986,1.088049
10495,0.524331,0.559382,nan,0.104530,nan,1.435247
10496,0.368701,0.368695,-19.740734,0.104518,40.042107,1.123522
10497,0.442283,0.448847,nan,0.104518,nan,1.284784
10498,0.331452,0.390045,-20.683411,0.104505,38.306496,1.020072
10499,0.519451,0.407511,nan,0.104505,nan,1.415772
10500,0.381592,0.409270,-20.149254,0.104493,38.574051,1.108887
10501,0.619376,0.671266,nan,0.104493,nan,1.614322
10502,0.412757,0.495270,-20.226473,0.104480,40.113800,1.203595
10503,0.334035,0.341766,nan,0.104480,nan,1.040944
10504,0.368681,0.358652,-20.553749,0.104467,40.530121,1.100592
10505,0.335240,0.397413,nan,0.104467,nan,1.057819
10506,0.531715,0.581623,-19.549452,0.104455,39.640335,1.438244
10507,0.423289,0.660611,nan,0.104455,nan,1.234978
10508,0.306867,0.304628,-20.525723,0.104442,40.228394,0.989250
10509,0.303118,0.454508,nan,0.104442,nan,0.992298
10510,0.325929,0.484196,-20.667139,0.104430,39.259590,1.048592
10511,0.391140,0.440789,nan,0.104430,nan,1.165249
10512,0.389927,0.378614,-20.441132,0.104417,39.497551,1.180460
10513,0.424527,0.393553,nan,0.104417,nan,1.213187
10514,0.389283,0.408120,-20.924980,0.104404,39.805550,1.160214
10515,0.436968,0.443951,nan,0.104404,nan,1.254528
10516,0.388517,0.369188,-20.426619,0.104392,38.865135,1.159100
10517,0.219745,0.288388,nan,0.104392,nan,0.777737
10518,0.418399,0.442023,-20.158377,0.104379,38.175270,1.235861
10519,0.425652,0.297608,nan,0.104379,nan,1.260222
10520,0.389211,0.416514,-20.476807,0.104367,40.035152,1.133935
10521,0.277919,0.309876,nan,0.104367,nan,0.912222
10522,0.331032,0.417064,-21.480658,0.104354,41.146065,1.032100
10523,0.599638,0.636968,nan,0.104354,nan,1.584440
10524,0.519933,0.571558,-20.795145,0.104342,39.700993,1.449948
10525,0.459347,0.528443,nan,0.104342,nan,1.345605
10526,0.559608,0.631107,-21.233465,0.104329,39.650261,1.521481
10527,0.341965,0.358379,nan,0.104329,nan,1.066593
10528,0.548333,0.603016,-21.387024,0.104316,39.324699,1.487474
10529,0.635936,0.555757,nan,0.104316,nan,1.705154
10530,0.320703,0.386264,-20.680317,0.104304,40.517715,1.031559
10531,0.528015,0.578458,nan,0.104304,nan,1.447934
10532,0.491518,0.504825,-21.267052,0.104291,41.310230,1.365658
10533,0.588379,0.737483,nan,0.104291,nan,1.559240
10534,0.229702,0.413350,-21.107634,0.104279,39.596550,0.817693
10535,0.524963,0.455132,nan,0.104279,nan,1.446162
10536,0.432766,0.565388,-20.311855,0.104266,39.774616,1.279214
10537,0.433857,0.462975,nan,0.104266,nan,1.289838
10538,0.357754,0.311526,-21.965370,0.104253,38.901684,1.134066
10539,0.375277,0.322726,nan,0.104253,nan,1.121265
10540,0.493439,0.358608,-20.223087,0.104241,38.260834,1.399555
10541,0.355163,0.466693,nan,0.104241,nan,1.107532
10542,0.348354,0.393320,-20.410339,0.104228,38.671310,1.097876
10543,0.404733,0.412969,nan,0.104228,nan,1.218596
10544,0.336041,0.347031,-21.961699,0.104216,40.644890,1.068224
10545,0.322202,0.297957,nan,0.104216,nan,1.019706
10546,0.731045,0.494850,-20.952936,0.104203,37.607887,1.896478
10547,0.382720,0.336975,nan,0.104203,nan,1.155222
10548,0.540664,0.492170,-20.669895,0.104191,41.278126,1.495189
10549,0.551327,0.395067,nan,0.104191,nan,1.524621
10550,0.511550,0.672992,-20.964378,0.104178,39.926537,1.431849
10551,0.488442,0.493987,nan,0.104178,nan,1.376604
10552,0.339434,0.482372,-21.760719,0.104166,40.907902,1.073305
10553,0.419954,0.784432,nan,0.104166,nan,1.237529
10554,0.531768,0.565399,-20.727356,0.104153,40.689220,1.472142
10555,0.582117,0.724570,nan,0.104153,nan,1.602995
10556,0.560438,0.791053,-20.901272,0.104140,40.091377,1.532916
10557,0.356342,0.361512,nan,0.104140,nan,1.111939
10558,0.468447,0.546853,-22.500332,0.104128,38.118187,1.341414
10559,0.594618,0.770937,nan,0.104128,nan,1.614278
10560,0.525596,0.492238,-21.249226,0.104115,38.726715,1.461419
10561,0.754170,0.767756,nan,0.104115,nan,1.936451
10562,0.637740,0.626995,-21.367254,0.104103,40.056854,1.703868
10563,0.505847,0.412221,nan,0.104103,nan,1.422018
10564,0.408826,0.424255,-21.838802,0.104090,39.048412,1.199514
10565,0.528153,0.456023,nan,0.104090,nan,1.440409
10566,0.409195,0.370107,-21.462526,0.104078,40.175468,1.209154
10567,0.400310,0.411498,nan,0.104078,nan,1.189931
10568,0.524948,0.572971,-22.028616,0.104065,37.821846,1.456936
10569,0.496968,0.689579,nan,0.104065,nan,1.403967
10570,0.535535,0.551726,-21.590904,0.104053,37.273270,1.507950
10571,0.482879,0.600467,nan,0.104053,nan,1.392341
10572,0.785645,0.603957,-21.327953,0.104041,37.923325,2.024090
10573,0.608037,0.525446,nan,0.104041,nan,1.656312
10574,0.360554,0.364848,-21.033306,0.104028,41.497021,1.148686
10575,0.438173,0.324087,nan,0.104028,nan,1.333576
10576,0.535507,0.495094,-21.961967,0.104016,37.984177,1.523675
10577,0.627077,0.312268,nan,0.104016,nan,1.698297
10578,0.665859,0.493487,-22.078423,0.104003,40.024536,1.760211
10579,0.442023,0.365223,nan,0.104003,nan,1.293228
10580,0.461341,0.471584,-21.799419,0.103991,42.578438,1.329876
10581,0.581467,0.655396,nan,0.103991,nan,1.558706
10582,0.394969,0.297259,-21.950068,0.103978,40.662842,1.194545
10583,0.471618,0.541894,nan,0.103978,nan,1.368288
10584,0.467164,0.394071,-22.116295,0.103966,41.858253,1.366093
10585,0.451929,0.454734,nan,0.103966,nan,1.317297
10586,0.291453,0.275398,-22.242073,0.103953,41.101307,0.957748
10587,0.657667,0.603495,nan,0.103953,nan,1.715829
10588,0.429741,0.454200,-23.290012,0.103941,39.658318,1.287397
10589,0.534812,0.538391,nan,0.103941,nan,1.497361
10590,0.420213,0.530241,-22.490904,0.103928,39.332294,1.253059
10591,0.454469,0.457879,nan,0.103928,nan,1.336679
10592,0.618636,0.766642,-20.671305,0.103916,39.603844,1.699575
10593,0.493139,0.812494,nan,0.103916,nan,1.431831
10594,0.519344,0.648615,-22.576752,0.103903,39.014427,1.474476
10595,0.277068,0.325147,nan,0.103903,nan,0.952633
10596,0.590757,0.663028,-22.714752,0.103891,40.937908,1.617109
10597,0.414590,0.456535,nan,0.103891,nan,1.252890
10598,0.472455,0.434079,-22.196692,0.103878,41.045494,1.338644
10599,0.449441,0.429493,nan,0.103878,nan,1.316483
10600,0.558426,0.439351,-22.428219,0.103866,39.168797,1.561294
10601,0.388883,0.384836,nan,0.103866,nan,1.159518
10602,0.409897,0.268265,-22.565771,0.103853,40.711746,1.235173
10603,0.454391,0.461357,nan,0.103853,nan,1.345325
10604,0.477819,0.322761,-21.902260,0.103840,40.590107,1.414104
10605,0.499804,0.565119,nan,0.103840,nan,1.416285
10606,0.442892,0.511637,-22.920801,0.103828,38.478233,1.307757
10607,0.428665,0.547583,nan,0.103828,nan,1.277866
10608,0.428092,0.574298,-22.634920,0.103815,39.720196,1.275878
10609,0.395245,0.384617,nan,0.103815,nan,1.193517
10610,0.343546,0.417543,-21.728214,0.103803,40.283806,1.123057
10611,0.643002,0.707500,nan,0.103803,nan,1.763345
10612,0.523598,0.473160,-23.239899,0.103790,39.797131,1.492741
10613,0.306469,0.381419,nan,0.103790,nan,1.019876
10614,0.502963,0.521372,-21.794453,0.103778,37.605286,1.424432
10615,0.617049,0.504612,nan,0.103778,nan,1.702798
10616,0.566325,0.653114,-22.641123,0.103766,39.470772,1.550831
10617,0.666453,0.704628,nan,0.103766,nan,1.758801
10618,0.321131,0.463922,-22.985489,0.103753,41.719704,1.011932
10619,0.403484,0.422171,nan,0.103753,nan,1.246776
10620,0.301576,0.352790,-22.497355,0.103741,38.728779,1.004538
10621,0.404451,0.373259,nan,0.103741,nan,1.208551
10622,0.203966,0.384548,-23.449825,0.103728,39.237129,0.764833
10623,0.550581,0.642361,nan,0.103728,nan,1.526237
10624,0.336806,0.360843,-22.789341,0.103716,40.482216,1.089993
10625,0.483713,0.459692,nan,0.103716,nan,1.411413
10626,0.538931,0.482838,-22.651272,0.103703,39.279072,1.525105
10627,0.443012,0.430312,nan,0.103703,nan,1.304994
10628,0.532143,0.531125,-23.522552,0.103691,41.215591,1.503307
10629,0.501518,0.530306,nan,0.103691,nan,1.443285
10630,0.443444,0.430192,-22.490456,0.103679,40.290436,1.296919
10631,0.516087,0.486877,nan,0.103679,nan,1.511011
10632,0.446187,0.285029,-22.346741,0.103666,38.681870,1.349988
10633,0.392598,0.373589,nan,0.103666,nan,1.200356
10634,0.246918,0.263562,-23.869793,0.103654,41.784557,0.852019
10635,0.342443,0.385649,nan,0.103654,nan,1.064231
10636,0.627218,0.729491,-22.848904,0.103641,39.611008,1.687167
10637,0.527905,0.617786,nan,0.103641,nan,1.481057
10638,0.433780,0.485407,-23.044685,0.103629,39.491299,1.301837
10639,0.510958,0.504931,nan,0.103629,nan,1.434786
10640,0.316594,0.282718,-23.789278,0.103616,40.330635,1.011156
10641,0.599085,0.445569,nan,0.103616,nan,1.647397
10642,0.569162,0.508888,-22.880983,0.103604,38.598812,1.549584
10643,0.413952,0.341456,nan,0.103604,nan,1.284718
10644,0.632450,0.514649,-22.754650,0.103591,40.473557,1.725809
10645,0.511898,0.391289,nan,0.103591,nan,1.477061
10646,0.261008,0.269658,-23.114347,0.103579,41.427486,0.924264
10647,0.622589,0.536085,nan,0.103579,nan,1.666468
10648,0.591466,0.435182,-23.479609,0.103567,38.462578,1.604304
10649,0.362708,0.478969,nan,0.103567,nan,1.136060
10650,0.343557,0.450590,-23.086454,0.103554,40.443775,1.111996
10651,0.559350,0.464848,nan,0.103554,nan,1.578957
10652,0.321184,0.395475,-23.221483,0.103542,40.434536,1.057650
10653,0.459315,0.496494,nan,0.103542,nan,1.323916
10654,0.451081,0.542690,-23.952536,0.103529,40.165421,1.315666
10655,0.473801,0.577286,nan,0.103529,nan,1.361465
10656,0.303901,0.308605,-23.455345,0.103517,42.049625,1.005036
10657,0.355692,0.391802,nan,0.103517,nan,1.114515
10658,0.468431,0.425685,-24.139908,0.103504,43.066368,1.380961
10659,0.318112,0.327628,nan,0.103504,nan,1.008547
10660,0.477372,0.409699,-24.446457,0.103492,40.311157,1.360552
10661,0.596459,0.526030,nan,0.103492,nan,1.624314
10662,0.594221,0.652474,-22.688398,0.103479,40.581131,1.631220
10663,0.652771,0.517599,nan,0.103479,nan,1.751819
10664,0.591949,0.915110,-22.050865,0.103467,40.918877,1.637410
10665,0.424928,0.645679,nan,0.103467,nan,1.255176
10666,0.366650,0.433300,-23.686657,0.103454,42.113724,1.144450
10667,0.480295,0.460386,nan,0.103454,nan,1.387283
10668,0.403211,0.458631,-24.100380,0.103442,39.824188,1.214727
10669,0.657345,0.647637,nan,0.103442,nan,1.734001
10670,0.573664,0.611026,-23.984329,0.103429,41.138855,1.579624
10671,0.554736,0.553722,nan,0.103429,nan,1.532375
10672,0.702778,0.588815,-24.495552,0.103416,40.123951,1.843013
10673,0.594648,0.552987,nan,0.103416,nan,1.613398
10674,0.474449,0.511984,-23.869110,0.103404,40.972603,1.364598
10675,0.290750,0.356962,nan,0.103404,nan,0.972047
10676,0.293525,0.296982,-23.864567,0.103391,40.396706,0.987127
10677,0.420513,0.521634,nan,0.103391,nan,1.270555
10678,0.380376,0.379845,-23.675108,0.103379,40.919121,1.184926
10679,0.288029,0.416879,nan,0.103379,nan,0.970335
10680,0.553059,0.690960,-23.950336,0.103366,41.071980,1.568902
10681,0.380095,0.409367,nan,0.103366,nan,1.144328
10682,0.319060,0.349748,-24.689640,0.103354,41.754440,1.059711
10683,0.408474,0.452322,nan,0.103354,nan,1.269531
10684,0.382549,0.397264,-23.839802,0.103341,38.702171,1.188582
10685,0.464563,0.473790,nan,0.103341,nan,1.359414
10686,0.483288,0.523496,-24.654461,0.103329,38.951633,1.341753
10687,0.466128,0.519695,nan,0.103329,nan,1.363420
10688,0.462694,0.610447,-24.040932,0.103316,41.264801,1.349768
10689,0.374250,0.377389,nan,0.103316,nan,1.193561
10690,0.498791,0.613438,-24.248304,0.103304,41.056980,1.405098
10691,0.375500,0.368388,nan,0.103304,nan,1.143438
10692,0.432367,0.440630,-24.327089,0.103291,41.181854,1.291223
10693,0.389485,0.486063,nan,0.103291,nan,1.185883
10694,0.399381,0.470615,-23.726978,0.103279,42.142570,1.223568
10695,0.503459,0.553702,nan,0.103279,nan,1.453474
10696,0.452753,0.411679,-25.165192,0.103266,40.637444,1.377671
10697,0.538927,0.538155,nan,0.103266,nan,1.527973
10698,0.549070,0.518031,-24.339569,0.103254,40.643436,1.525615
10699,0.695610,0.691227,nan,0.103254,nan,1.836190
10700,0.649110,0.604191,-24.100731,0.103241,39.252613,1.723995
10701,0.403576,0.395858,nan,0.103241,nan,1.214285
10702,0.556505,0.542298,-25.490808,0.103229,39.961395,1.530944
10703,0.397338,0.505657,nan,0.103229,nan,1.200442
10704,0.502881,0.698050,-24.416431,0.103216,39.032799,1.427373
10705,0.539438,0.571707,nan,0.103216,nan,1.522058
10706,0.338890,0.369308,-24.056814,0.103204,40.474129,1.109675
10707,0.325996,0.380333,nan,0.103204,nan,1.076573
10708,0.423397,0.474644,-25.089029,0.103191,39.360882,1.274199
10709,0.714887,0.650511,nan,0.103191,nan,1.884589
10710,0.312771,0.352888,-24.920317,0.103179,40.849342,1.009738
10711,0.412274,0.431776,nan,0.103179,nan,1.238686
10712,0.345413,0.327362,-24.909031,0.103167,41.821167,1.120246
10713,0.292980,0.496746,nan,0.103167,nan,0.968085
10714,0.299681,0.334515,-25.301022,0.103154,43.009560,1.007506
10715,0.517185,0.542067,nan,0.103154,nan,1.459187
10716,0.297080,0.326831,-24.065813,0.103142,41.320839,1.001994
10717,0.389392,0.421045,nan,0.103142,nan,1.201107
10718,0.522704,0.556787,-24.800865,0.103129,42.659775,1.499849
10719,0.427104,0.475215,nan,0.103129,nan,1.282197
10720,0.345098,0.383675,-24.952740,0.103117,38.060509,1.091704
10721,0.302854,0.293707,nan,0.103117,nan,0.997407
10722,0.520856,0.513155,-24.461412,0.103104,41.522045,1.463588
10723,0.592335,0.509554,nan,0.103104,nan,1.643287
10724,0.552155,0.525588,-24.452934,0.103092,38.564438,1.553104
10725,0.375322,0.380613,nan,0.103092,nan,1.172669
10726,0.497084,0.553422,-24.786949,0.103079,41.411499,1.412611
10727,0.466365,0.472716,nan,0.103079,nan,1.373995
10728,0.556570,0.562635,-24.499266,0.103067,42.531460,1.546220
10729,0.453868,0.392855,nan,0.103067,nan,1.323258
10730,0.392853,0.360371,-24.680529,0.103054,40.403168,1.203427
10731,0.393667,0.381070,nan,0.103054,nan,1.222732
10732,0.304774,0.301110,-24.943695,0.103042,43.080032,1.011911
10733,0.401313,0.417551,nan,0.103042,nan,1.188119
10734,0.369742,0.373339,-24.336143,0.103029,40.494816,1.148004
10735,0.371302,0.451621,nan,0.103029,nan,1.167262
10736,0.420558,0.417055,-23.468262,0.103017,41.895458,1.295622
10737,0.442985,0.680449,nan,0.103017,nan,1.342290
10738,0.482364,0.660260,-25.104864,0.103004,42.394302,1.413469
10739,0.482672,0.485106,nan,0.103004,nan,1.402665
10740,0.552191,0.506180,-25.544636,0.102992,42.072880,1.550252
10741,0.350291,0.334351,nan,0.102992,nan,1.109800
10742,0.355279,0.351361,-25.057961,0.102979,42.166523,1.107425
10743,0.355841,0.351799,nan,0.102979,nan,1.126040
10744,0.436445,0.433939,-24.796051,0.102966,41.601536,1.307809
10745,0.332379,0.410769,nan,0.102966,nan,1.080427
10746,0.438973,0.470411,-24.702892,0.102954,41.306648,1.290165
10747,0.455689,0.552926,nan,0.102954,nan,1.333137
10748,0.264791,0.318240,-24.811407,0.102941,41.955479,0.928276
10749,0.390800,0.552604,nan,0.102941,nan,1.187081
10750,0.382109,0.460850,-24.975870,0.102929,40.218163,1.177957
10751,0.557285,0.587613,nan,0.102929,nan,1.542638
10752,0.339313,0.341086,-24.814520,0.102916,41.202751,1.089109
10753,0.272863,0.358255,nan,0.102916,nan,0.929087
10754,0.421392,0.435459,-24.847439,0.102904,38.875187,1.279648
10755,0.378357,0.503772,nan,0.102904,nan,1.184587
10756,0.431413,0.459060,-24.653919,0.102891,40.441837,1.275980
10757,0.678206,0.608463,nan,0.102891,nan,1.813995
10758,0.477175,0.541557,-24.702982,0.102879,38.998596,1.372895
10759,0.313745,0.424062,nan,0.102879,nan,1.041017
10760,0.598974,0.652737,-24.881605,0.102866,40.783058,1.637134
10761,0.330454,0.543060,nan,0.102866,nan,1.059186
10762,0.586292,0.679242,-25.575430,0.102854,40.750221,1.599251
10763,0.395231,0.552600,nan,0.102854,nan,1.216110
10764,0.477676,0.528201,-24.611147,0.102842,38.855286,1.401361
10765,0.491657,0.597565,nan,0.102842,nan,1.406994
10766,0.509220,0.529877,-25.427242,0.102829,40.679234,1.466780
10767,0.420732,0.400279,nan,0.102829,nan,1.253817
10768,0.480220,0.495326,-25.200840,0.102817,39.652470,1.394174
10769,0.476386,0.491088,nan,0.102817,nan,1.395298
10770,0.336689,0.349929,-25.308285,0.102805,42.260796,1.072366
10771,0.462140,0.464278,nan,0.102805,nan,1.355488
10772,0.434250,0.423991,-26.014614,0.102792,41.019516,1.284498
10773,0.385988,0.374660,nan,0.102792,nan,1.159876
10774,0.653866,0.689579,-24.923069,0.102780,39.214378,1.743896
10775,0.442340,0.459712,nan,0.102780,nan,1.307492
10776,0.623871,0.893407,-23.451225,0.102768,38.748840,1.714865
10777,0.610562,0.464148,nan,0.102768,nan,1.687009
10778,1.065754,0.695310,-24.320190,0.102755,38.009888,2.605968
10779,0.528311,0.777899,nan,0.102755,nan,1.484686
10780,0.523619,0.566555,-25.169582,0.102743,42.308441,1.467112
10781,0.627678,0.553620,nan,0.102743,nan,1.686800
10782,0.528275,0.621969,-25.355347,0.102731,42.704678,1.483148
10783,0.691577,0.769073,nan,0.102731,nan,1.842380
10784,0.568523,0.556528,-24.982967,0.102719,38.599167,1.575075
10785,0.463701,0.446229,nan,0.102719,nan,1.360722
10786,0.364548,0.359490,-25.313328,0.102706,40.884987,1.137246
10787,0.363697,0.364043,nan,0.102706,nan,1.141956
10788,0.381076,0.347984,-25.268251,0.102694,40.223381,1.179668
10789,0.585964,0.529246,nan,0.102694,nan,1.585028
10790,0.399042,0.385018,-25.370159,0.102682,42.114647,1.187927
10791,0.625233,0.624075,nan,0.102682,nan,1.704342
10792,0.571226,0.639568,-25.998634,0.102670,41.844379,1.578607
10793,0.581401,0.588156,nan,0.102670,nan,1.569893
10794,0.504143,0.532777,-25.289158,0.102657,40.665520,1.428302
10795,0.612152,0.622359,nan,0.102657,nan,1.666680
10796,0.567461,0.608962,-25.283087,0.102645,42.218208,1.588451
10797,0.492855,0.469863,nan,0.102645,nan,1.409616
10798,0.442779,0.453491,-25.670677,0.102633,39.767715,1.306256
10799,0.380410,0.477450,nan,0.102633,nan,1.187659
10800,0.392756,0.436854,-26.205242,0.102620,40.593487,1.222538
10801,0.426800,0.412577,nan,0.102620,nan,1.254796
10802,0.461339,0.396079,-25.514687,0.102608,43.077850,1.341930
10803,0.583153,0.564394,nan,0.102608,nan,1.643066
10804,0.512658,0.483078,-25.299984,0.102596,39.704834,1.488307
10805,0.394809,0.432048,nan,0.102596,nan,1.203662
10806,0.580054,0.559352,-26.117537,0.102583,39.351486,1.555467
10807,0.625730,0.738373,nan,0.102583,nan,1.722098
10808,0.450939,0.489447,-25.984400,0.102571,39.137276,1.313487
10809,0.767361,0.731173,nan,0.102571,nan,1.986408
10810,0.316112,0.503184,-25.600464,0.102559,40.262192,1.049082
10811,0.409155,0.409813,nan,0.102559,nan,1.253644
10812,0.333830,0.492268,-25.718878,0.102547,42.701546,1.100409
10813,0.567618,0.620620,nan,0.102547,nan,1.578051
10814,0.382226,0.408753,-25.702377,0.102534,40.743694,1.190998
10815,0.257487,0.260244,nan,0.102534,nan,0.886319
10816,0.451582,0.466235,-26.090092,0.102522,42.240826,1.307884
10817,0.461549,0.439833,nan,0.102522,nan,1.326167
10818,0.232751,0.258270,-26.637741,0.102510,42.716255,0.842660
10819,0.481981,0.489549,nan,0.102510,nan,1.380588
10820,0.549650,0.538950,-26.068459,0.102497,41.269669,1.523844
10821,0.639508,0.611428,nan,0.102497,nan,1.727493
10822,0.517317,0.523077,-25.535660,0.102485,39.875965,1.485082
10823,0.467979,0.430748,nan,0.102485,nan,1.359932
10824,0.376906,0.372854,-26.754986,0.102473,40.222961,1.171061
10825,0.679723,0.665392,nan,0.102473,nan,1.802822
10826,0.703142,0.850122,-25.691246,0.102460,43.000790,1.844476
10827,0.623484,0.583186,nan,0.102460,nan,1.672581
10828,0.355652,0.504379,-25.599487,0.102448,40.900658,1.138605
10829,0.339455,0.331069,nan,0.102448,nan,1.073693
10830,0.652756,0.638043,-26.141504,0.102436,41.866982,1.745960
10831,0.602243,0.616101,nan,0.102436,nan,1.615639
10832,0.541932,0.554728,-25.675121,0.102423,42.861603,1.519897
10833,0.461490,0.531730,nan,0.102423,nan,1.349470
10834,0.513366,0.593210,-26.134129,0.102411,41.470596,1.458507
10835,0.353092,0.404615,nan,0.102411,nan,1.116233
10836,0.386085,0.470499,-26.223545,0.102398,41.520920,1.201349
10837,0.384677,0.398809,nan,0.102398,nan,1.154457
10838,0.461787,0.458168,-25.922611,0.102386,42.120777,1.362035
10839,0.445261,0.470023,nan,0.102386,nan,1.289947
10840,0.526195,0.605079,-25.446363,0.102374,43.093674,1.480022
10841,0.576886,0.661760,nan,0.102374,nan,1.575073
10842,0.367973,0.374275,-26.238911,0.102361,42.427666,1.144827
10843,0.317154,0.289190,nan,0.102361,nan,1.022425
10844,0.374178,0.481308,-25.885704,0.102349,43.827827,1.139115
10845,0.539565,0.504299,nan,0.102349,nan,1.525790
10846,0.350681,0.579276,-24.391190,0.102336,41.663795,1.108792
10847,0.426692,0.356465,nan,0.102336,nan,1.288964
10848,0.639315,0.432277,-25.704435,0.102324,39.921688,1.739828
10849,0.485893,0.529487,nan,0.102324,nan,1.355679
10850,0.639126,0.652042,-26.947147,0.102311,41.938049,1.687360
10851,0.474754,0.472334,nan,0.102311,nan,1.356982
10852,0.723579,0.775506,-25.870699,0.102299,40.499424,1.882239
10853,0.328125,0.408523,nan,0.102299,nan,1.062062
10854,0.456494,0.523482,-24.902939,0.102286,40.856441,1.335706
10855,0.613647,0.713388,nan,0.102286,nan,1.666770
10856,0.538990,0.583128,-26.353603,0.102274,41.722450,1.497259
10857,0.443336,0.543014,nan,0.102274,nan,1.311011
10858,0.578985,0.530292,-26.153107,0.102262,42.700050,1.609804
10859,0.464931,0.567100,nan,0.102262,nan,1.355801
10860,0.598849,0.673218,-25.014086,0.102249,40.476578,1.610689
10861,0.471880,0.534909,nan,0.102249,nan,1.357378
10862,0.391121,0.547962,-25.768276,0.102237,40.225121,1.172567
10863,0.575123,0.598775,nan,0.102237,nan,1.595196
10864,0.562164,0.606765,-25.800426,0.102224,41.914333,1.562288
10865,0.675931,0.704980,nan,0.102224,nan,1.793812
10866,0.546223,0.616232,-24.888054,0.102212,40.306992,1.478168
10867,0.630179,0.616500,nan,0.102212,nan,1.697170
10868,0.539404,0.552676,-25.903864,0.102200,38.971451,1.484257
10869,0.469336,0.520895,nan,0.102200,nan,1.356723
10870,0.521618,0.513374,-25.527117,0.102188,40.170067,1.462998
10871,0.295891,0.314745,nan,0.102188,nan,1.004255
10872,0.456481,0.393133,-26.103811,0.102175,40.011887,1.343549
10873,0.278433,0.278379,nan,0.102175,nan,0.936338
10874,0.387543,0.455196,-25.417917,0.102163,42.492508,1.181724
10875,0.621732,0.651764,nan,0.102163,nan,1.676617
10876,0.504004,0.645860,-25.161816,0.102151,41.338890,1.418532
10877,0.525726,0.486776,nan,0.102151,nan,1.455790
10878,0.359929,0.372244,-25.069647,0.102139,42.091019,1.123872
10879,0.426367,0.353345,nan,0.102139,nan,1.271311
10880,0.383391,0.403453,-25.695950,0.102127,42.010971,1.180090
10881,0.433351,0.433896,nan,0.102127,nan,1.273572
10882,0.508470,0.542872,-26.007832,0.102114,39.956665,1.434459
10883,0.688933,0.838049,nan,0.102114,nan,1.817833
10884,0.491691,0.442291,-25.721134,0.102102,40.032967,1.420922
10885,0.493597,0.479165,nan,0.102102,nan,1.409083
10886,0.500311,0.535497,-25.647160,0.102090,41.714790,1.427346
10887,0.515274,0.491580,nan,0.102090,nan,1.449406
10888,0.444815,0.450299,-25.954748,0.102078,40.975269,1.264745
10889,0.456630,0.498832,nan,0.102078,nan,1.323470
10890,0.471368,0.499319,-24.874012,0.102065,43.598827,1.394541
10891,0.542632,0.589395,nan,0.102065,nan,1.533846
10892,0.563146,0.549792,-25.549522,0.102053,42.683266,1.548954
10893,0.546502,0.601902,nan,0.102053,nan,1.528839
10894,0.495637,0.531156,-25.342035,0.102041,40.257664,1.407611
10895,0.452381,0.447676,nan,0.102041,nan,1.313433
10896,0.594534,0.613618,-25.799217,0.102029,41.447960,1.630188
10897,0.482289,0.446198,nan,0.102029,nan,1.351200
10898,0.443522,0.448190,-25.306341,0.102016,39.432915,1.274216
10899,0.453432,0.419988,nan,0.102016,nan,1.314233
10900,0.476494,0.463106,-25.342663,0.102004,40.761433,1.381263
10901,0.452444,0.391453,nan,0.102004,nan,1.305340
10902,0.394445,0.309936,-25.540508,0.101992,39.812302,1.190846
10903,0.610811,0.639362,nan,0.101992,nan,1.639074
10904,0.382063,0.441004,-26.721632,0.101980,41.311275,1.167037
10905,0.358903,0.455196,nan,0.101980,nan,1.098744
10906,0.440633,0.605476,-26.543491,0.101968,42.637741,1.300790
10907,0.582112,0.663468,nan,0.101968,nan,1.579717
10908,0.444494,0.445142,-24.559147,0.101955,40.228458,1.288718
10909,0.626188,0.577334,nan,0.101955,nan,1.691125
10910,0.598923,0.894160,-24.293335,0.101943,40.225124,1.611540
10911,0.454384,0.588911,nan,0.101943,nan,1.299438
10912,0.637454,0.843727,-24.698162,0.101931,40.322971,1.691855
10913,0.413391,0.569116,nan,0.101931,nan,1.242313
10914,0.411947,0.675714,-25.070734,0.101919,40.573898,1.212446
10915,0.589380,0.606858,nan,0.101919,nan,1.610428
10916,0.474391,0.683792,-24.830849,0.101907,39.135635,1.350312
10917,0.479129,0.550514,nan,0.101907,nan,1.365170
10918,0.429376,0.518672,-25.453857,0.101895,40.991692,1.278017
10919,0.453820,0.546880,nan,0.101895,nan,1.315065
10920,0.430917,0.527062,-25.019630,0.101883,40.050140,1.278411
10921,0.556875,0.607170,nan,0.101883,nan,1.544430
10922,0.335301,0.374659,-25.648735,0.101871,44.046242,1.064656
10923,0.395760,0.443746,nan,0.101871,nan,1.187706
10924,0.481802,0.509722,-25.702465,0.101859,42.692490,1.382386
10925,0.367988,0.398317,nan,0.101859,nan,1.126077
10926,0.524186,0.555118,-25.189922,0.101846,41.661583,1.483734
10927,0.554144,0.629032,nan,0.101846,nan,1.548720
10928,0.374015,0.394257,-26.453058,0.101834,42.095490,1.155687
10929,0.508959,0.499674,nan,0.101834,nan,1.437550
10930,0.581943,0.640036,-26.146973,0.101822,41.763802,1.554229
10931,0.371508,0.480642,nan,0.101822,nan,1.136842
10932,0.794011,0.660427,-24.331547,0.101810,39.360428,2.019797
10933,0.547443,0.472699,nan,0.101810,nan,1.485677
10934,0.432357,0.508704,-25.985901,0.101798,40.489708,1.266655
10935,0.468136,0.507779,nan,0.101798,nan,1.333388
10936,0.508156,0.537527,-25.339783,0.101786,39.727272,1.434685
10937,0.826339,0.762090,nan,0.101786,nan,2.059493
10938,0.545091,0.588497,-25.926014,0.101774,42.356277,1.507903
10939,0.327587,0.382413,nan,0.101774,nan,1.046279
10940,0.825767,0.807961,-25.879633,0.101762,39.968124,2.075573
10941,0.431363,0.521502,nan,0.101762,nan,1.264025
10942,0.611647,0.571061,-25.283501,0.101749,41.907623,1.654872
10943,0.580084,0.575959,nan,0.101749,nan,1.583727
10944,0.348277,0.346145,-25.310917,0.101737,40.594860,1.100718
10945,0.436424,0.397974,nan,0.101737,nan,1.267990
10946,0.567026,0.643696,-25.624174,0.101725,40.792137,1.546828
10947,0.588449,0.591706,nan,0.101725,nan,1.596923
10948,0.433706,0.452669,-25.542465,0.101713,40.493484,1.262508
10949,0.495244,0.522743,nan,0.101713,nan,1.397034
10950,0.507439,0.519638,-24.832150,0.101701,40.646420,1.416873
10951,0.500394,0.498455,nan,0.101701,nan,1.402527
10952,0.360496,0.427131,-27.327362,0.101689,41.900002,1.137674
10953,0.601219,0.629968,nan,0.101689,nan,1.646133
10954,0.620757,0.769089,-26.030621,0.101677,42.338814,1.690920
10955,0.445577,0.401581,nan,0.101677,nan,1.315059
10956,0.632107,0.627765,-26.186325,0.101665,42.008488,1.699700
10957,0.918965,0.364043,nan,0.101665,nan,2.301134
10958,0.708605,0.509123,-25.927038,0.101653,43.739300,1.861284
10959,0.508187,0.377426,nan,0.101653,nan,1.428064
10960,0.501618,0.428105,-26.255550,0.101641,40.850601,1.417891
10961,0.521329,0.605955,nan,0.101641,nan,1.456149
10962,0.729771,0.439328,-27.044491,0.101628,43.054802,1.910094
10963,0.578448,0.513298,nan,0.101628,nan,1.556986
10964,0.558366,0.691996,-25.714138,0.101616,39.926540,1.506946
10965,0.539518,0.433293,nan,0.101616,nan,1.506160
10966,0.465004,0.462787,-26.001839,0.101604,40.911316,1.344334
10967,0.549934,0.563082,nan,0.101604,nan,1.517748
10968,0.595962,0.757602,-25.513908,0.101592,38.877369,1.607887
10969,0.446298,0.380713,nan,0.101592,nan,1.301128
10970,0.533727,0.500871,-27.134708,0.101580,40.831459,1.479249
10971,0.373807,0.462388,nan,0.101580,nan,1.134767
10972,0.437268,0.452976,-27.182758,0.101568,43.784805,1.270766
10973,0.786129,0.771937,nan,0.101568,nan,2.006051
10974,0.508285,0.483942,-25.645947,0.101556,40.621834,1.430712
10975,0.661621,0.555438,nan,0.101556,nan,1.741200
10976,0.410337,0.405151,-26.540804,0.101544,42.113289,1.232675
10977,0.422336,0.464217,nan,0.101544,nan,1.266022
10978,0.592641,0.580135,-26.434237,0.101532,40.510490,1.624027
10979,0.377600,0.407988,nan,0.101532,nan,1.171108
10980,0.329959,0.398163,-25.737877,0.101520,42.787598,1.061292
10981,0.484841,0.446390,nan,0.101520,nan,1.364764
10982,0.355388,0.483237,-26.223331,0.101507,42.993591,1.123514
10983,0.583816,0.465971,nan,0.101507,nan,1.597687
10984,0.577938,0.525638,-26.278543,0.101495,41.197060,1.567789
10985,0.381846,0.335930,nan,0.101495,nan,1.152085
10986,0.529244,0.525648,-25.952997,0.101483,40.313148,1.488493
10987,0.486153,0.514530,nan,0.101483,nan,1.409665
10988,0.406959,0.510641,-26.965357,0.101471,42.366524,1.230005
10989,0.519385,0.531139,nan,0.101471,nan,1.439966
10990,0.577073,0.663203,-26.952978,0.101459,43.945499,1.557149
10991,0.628340,0.623417,nan,0.101459,nan,1.660887
10992,0.491565,0.710421,-25.941376,0.101447,42.647362,1.394820
10993,0.445219,0.442153,nan,0.101447,nan,1.297404
10994,0.517133,0.523619,-27.214437,0.101434,41.755283,1.446041
10995,0.566525,0.666665,nan,0.101434,nan,1.534073
10996,0.463947,0.425793,-25.985062,0.101422,40.930744,1.344770
10997,0.762710,0.771086,nan,0.101422,nan,1.935255
10998,0.571555,0.564840,-26.129030,0.101410,40.937565,1.577446
10999,0.675546,0.592062,nan,0.101410,nan,1.780054
11000,0.488591,0.588861,-26.560440,0.101398,40.604317,1.397019
11001,0.413310,0.439547,nan,0.101398,nan,1.237761
11002,0.423501,0.408186,-26.405777,0.101386,41.736351,1.262869
11003,0.457431,0.457166,nan,0.101386,nan,1.322014
11004,0.664383,0.670970,-25.768631,0.101374,38.385620,1.707252
11005,0.544646,0.592590,nan,0.101374,nan,1.485415
11006,0.572051,0.572016,-24.978741,0.101362,40.247719,1.563380
11007,0.496594,0.487102,nan,0.101362,nan,1.366188
11008,0.482560,0.748516,-25.256527,0.101350,41.688290,1.358623
11009,0.507660,0.588084,nan,0.101350,nan,1.398081
11010,0.599770,0.649419,-25.851927,0.101338,41.549835,1.568151
11011,0.678488,0.697445,nan,0.101338,nan,1.737838
11012,0.527465,0.431093,-26.992504,0.101326,43.416969,1.440642
11013,0.600657,0.474017,nan,0.101326,nan,1.594456
11014,0.700174,0.724655,-25.363907,0.101314,40.629829,1.804938
11015,0.932934,0.618224,nan,0.101314,nan,2.270468
11016,0.623863,0.502401,-25.946655,0.101302,42.781952,1.657665
11017,0.532198,0.550502,nan,0.101302,nan,1.481704
11018,0.402477,0.421666,-26.508064,0.101290,41.892582,1.208317
11019,0.428778,0.503623,nan,0.101290,nan,1.225532
11020,0.531391,0.473757,-26.638783,0.101278,40.155640,1.451915
11021,0.510841,0.530493,nan,0.101278,nan,1.417756
11022,0.418331,0.441620,-27.396360,0.101266,39.659580,1.222755
11023,0.533478,0.524252,nan,0.101266,nan,1.472204
11024,0.575702,0.490786,-24.568375,0.101254,41.496967,1.558161
11025,0.423118,0.818419,nan,0.101254,nan,1.255464
11026,0.367795,0.448135,-26.262875,0.101242,41.787315,1.112008
11027,0.458950,0.402467,nan,0.101242,nan,1.313474
11028,0.437160,0.518534,-26.083181,0.101230,40.383415,1.261260
11029,0.694167,0.737465,nan,0.101230,nan,1.797379
11030,0.458378,0.505449,-26.012939,0.101218,40.931564,1.334876
11031,0.549855,0.526484,nan,0.101218,nan,1.515740
11032,0.465497,0.433355,-27.001938,0.101206,42.890881,1.336076
11033,0.609072,0.628695,nan,0.101206,nan,1.625282
11034,0.486929,0.502040,-25.998470,0.101194,42.665386,1.393108
11035,0.497788,0.506592,nan,0.101194,nan,1.367545
11036,0.743071,0.761085,-25.588728,0.101182,41.279434,1.866561
11037,0.699653,0.603012,nan,0.101182,nan,1.806373
11038,0.429104,0.404624,-26.626472,0.101170,43.310375,1.234453
11039,0.671647,0.645667,nan,0.101170,nan,1.752652
11040,0.438334,0.428908,-26.202063,0.101158,41.958378,1.282839
11041,0.486542,0.510686,nan,0.101158,nan,1.376963
11042,0.647945,0.598740,-26.528198,0.101146,40.299538,1.725200
11043,0.667691,0.742240,nan,0.101146,nan,1.745987
11044,0.929092,0.562328,-25.558578,0.101134,41.072948,2.319392
11045,0.548534,0.584840,nan,0.101134,nan,1.476231
11046,0.724333,0.631195,-25.993748,0.101122,41.520363,1.872492
11047,0.577575,0.504622,nan,0.101122,nan,1.568450
11048,0.474273,0.443258,-26.368782,0.101110,43.153908,1.347340
11049,0.803356,0.752587,nan,0.101110,nan,2.029910
11050,0.443939,0.435825,-26.980005,0.101098,42.268749,1.285701
11051,0.539934,0.519924,nan,0.101098,nan,1.480414
11052,0.584806,0.716902,-26.553885,0.101086,39.485367,1.569286
11053,0.617530,0.615880,nan,0.101086,nan,1.620147
11054,0.642095,0.664994,-26.845976,0.101074,42.403442,1.712440
11055,0.569992,0.563359,nan,0.101074,nan,1.557001
11056,0.623290,0.768242,-26.471165,0.101061,43.791725,1.668378
11057,0.586633,0.604240,nan,0.101061,nan,1.579502
11058,0.576800,0.531710,-26.519451,0.101049,39.308277,1.550863
11059,0.591869,0.683892,nan,0.101049,nan,1.601159
11060,0.585613,0.545477,-26.469086,0.101037,42.971352,1.592911
11061,0.496660,0.587626,nan,0.101037,nan,1.409900
11062,0.660090,0.676092,-26.608284,0.101025,43.713165,1.761097
11063,0.441202,0.484295,nan,0.101025,nan,1.272205
11064,0.377984,0.392039,-27.066528,0.101013,43.370468,1.164642
11065,0.637197,0.651358,nan,0.101013,nan,1.669072
11066,0.573249,0.647470,-27.873991,0.101001,41.751148,1.536608
11067,0.856249,0.857006,nan,0.101001,nan,2.157688
11068,0.775307,0.672541,-26.966248,0.100989,41.435020,1.956939
11069,0.902833,0.919026,nan,0.100989,nan,2.227503
11070,0.647700,0.460680,-25.990610,0.100977,41.882034,1.728380
11071,0.596877,0.718369,nan,0.100977,nan,1.612138
11072,0.705592,0.791401,-26.530920,0.100965,39.667465,1.860553
11073,0.578046,0.545029,nan,0.100965,nan,1.598163
11074,0.502751,0.588008,-26.895435,0.100953,40.812935,1.409338
11075,0.406161,0.453693,nan,0.100953,nan,1.206202
11076,0.481320,0.482904,-27.686562,0.100941,43.269173,1.359531
11077,0.646357,0.684380,nan,0.100941,nan,1.700373
11078,0.437772,0.440484,-27.242172,0.100929,41.073582,1.237919
11079,0.381250,0.391937,nan,0.100929,nan,1.137397
11080,0.608727,0.694454,-26.594660,0.100917,43.383789,1.632767
11081,0.642864,0.645953,nan,0.100917,nan,1.711984
11082,0.614374,0.544753,-26.390526,0.100905,41.613167,1.664629
11083,0.651861,0.633152,nan,0.100905,nan,1.735174
11084,0.652226,0.570213,-27.000530,0.100893,43.614491,1.722640
11085,0.582083,0.601673,nan,0.100893,nan,1.592088
11086,0.586222,0.494889,-26.573841,0.100881,44.566059,1.570669
11087,0.515967,0.538817,nan,0.100881,nan,1.442536
11088,0.537384,0.498254,-26.905054,0.100869,43.674744,1.496553
11089,0.486402,0.482020,nan,0.100869,nan,1.393424
11090,0.816609,0.637042,-26.819981,0.100856,43.057949,2.061372
11091,0.530207,0.432152,nan,0.100856,nan,1.477066
11092,0.731123,0.743101,-26.709854,0.100844,40.637169,1.876510
11093,0.507756,0.490378,nan,0.100844,nan,1.388204
11094,0.453825,0.465099,-27.121565,0.100832,41.916801,1.289486
11095,0.733475,0.771603,nan,0.100832,nan,1.873510
11096,0.935473,0.920396,-27.455976,0.100820,40.467102,2.284981
11097,0.676804,0.688154,nan,0.100820,nan,1.770866
11098,0.576709,0.547471,-27.977671,0.100808,42.296448,1.566960
11099,0.830822,0.732511,nan,0.100808,nan,2.084095
11100,0.635488,0.620549,-26.964939,0.100796,44.463326,1.695154
11101,0.697290,0.695922,nan,0.100796,nan,1.804646
11102,0.671228,0.575885,-27.196442,0.100784,43.629906,1.779259
11103,0.630334,0.654176,nan,0.100784,nan,1.681480
11104,0.466074,0.492574,-27.627483,0.100772,41.420525,1.309952
11105,0.492578,0.504965,nan,0.100772,nan,1.396358
11106,0.545396,0.586858,-26.719021,0.100760,42.310646,1.499899
11107,0.686202,0.652371,nan,0.100760,nan,1.816253
11108,0.674334,0.721425,-27.374346,0.100748,43.693069,1.792042
11109,0.800911,0.777143,nan,0.100748,nan,2.038148
11110,0.499464,0.617493,-28.361210,0.100735,43.078693,1.404768
11111,0.799378,0.812734,nan,0.100735,nan,2.026159
11112,0.617794,0.597504,-27.416336,0.100723,41.049294,1.660675
11113,0.448229,0.487880,nan,0.100723,nan,1.288828
11114,0.683263,0.566051,-26.485008,0.100711,42.655388,1.817827
11115,0.758861,0.746814,nan,0.100711,nan,1.980451
11116,0.492284,0.540493,-27.398952,0.100699,42.087929,1.415128
11117,0.592946,0.588544,nan,0.100699,nan,1.623727
11118,0.545884,0.599393,-27.394783,0.100687,43.200474,1.528864
11119,0.561783,0.605370,nan,0.100687,nan,1.549096
11120,0.531417,0.526195,-26.695213,0.100675,41.027260,1.485301
11121,0.604170,0.671651,nan,0.100675,nan,1.626986
11122,0.506447,0.549431,-27.097908,0.100663,43.171272,1.427838
11123,0.474493,0.486281,nan,0.100663,nan,1.356294
11124,0.594098,0.684554,-27.734509,0.100651,41.787865,1.622751
11125,0.512600,0.577333,nan,0.100651,nan,1.427413
11126,0.604093,0.605337,-27.749111,0.100639,41.506123,1.627643
11127,0.586021,0.588966,nan,0.100639,nan,1.595421
11128,0.404473,0.444937,-27.875565,0.100627,41.403206,1.221359
11129,0.677398,0.688896,nan,0.100627,nan,1.790338
11130,0.555522,0.554300,-27.460064,0.100615,43.136013,1.530119
11131,0.732622,0.741622,nan,0.100615,nan,1.896664
11132,0.537739,0.593732,-26.004564,0.100603,41.455990,1.513335
11133,0.565637,0.490807,nan,0.100603,nan,1.555346
11134,0.722053,0.719929,-28.538322,0.100591,42.757683,1.857932
11135,0.908459,0.743958,nan,0.100591,nan,2.280895
11136,0.863622,0.734062,-28.559690,0.100579,43.056103,2.181551
11137,0.743833,0.671682,nan,0.100579,nan,1.940021
11138,0.594987,0.611570,-27.220503,0.100567,42.794537,1.628611
11139,0.758937,0.807622,nan,0.100567,nan,1.951018
11140,0.571800,0.558520,-28.567976,0.100555,43.037437,1.560443
11141,0.758768,0.735467,nan,0.100555,nan,1.937546
11142,0.972356,0.826887,-26.672295,0.100542,43.459358,2.387468
11143,0.667433,0.719538,nan,0.100542,nan,1.771857
11144,0.701784,0.717365,-27.419258,0.100530,41.311325,1.838025
11145,0.879012,0.889074,nan,0.100530,nan,2.210476
11146,0.597850,0.540594,-28.321590,0.100518,42.700188,1.637826
11147,0.556777,0.650950,nan,0.100518,nan,1.553242
11148,0.738579,0.659581,-27.760769,0.100506,42.601097,1.943054
11149,0.564219,0.530603,nan,0.100506,nan,1.588314
11150,0.791808,0.797073,-27.691536,0.100494,41.153458,2.038923
11151,0.587638,0.631179,nan,0.100494,nan,1.606681
11152,0.543750,0.516287,-27.837040,0.100482,41.897312,1.533701
11153,0.710786,0.729837,nan,0.100482,nan,1.856277
11154,0.595278,0.619460,-27.792164,0.100470,42.936527,1.594669
11155,0.494892,0.598339,nan,0.100470,nan,1.408111
11156,0.646928,0.732039,-27.606709,0.100458,42.606373,1.742094
11157,0.394329,0.376431,nan,0.100458,nan,1.205962
11158,0.494466,0.587140,-27.567871,0.100446,43.559662,1.422790
11159,0.624188,0.685720,nan,0.100446,nan,1.701155
11160,0.673689,0.689312,-28.860249,0.100434,43.905563,1.829848
11161,0.707860,0.762467,nan,0.100434,nan,1.876779
11162,0.600441,0.657581,-27.618326,0.100422,43.043983,1.663114
11163,0.478622,0.604327,nan,0.100422,nan,1.390242
11164,0.592729,0.614356,-28.459572,0.100410,42.144112,1.635345
11165,0.481072,0.494066,nan,0.100410,nan,1.395501
11166,0.605082,0.632821,-27.896082,0.100398,42.250099,1.660365
11167,0.611654,0.654003,nan,0.100398,nan,1.672789
11168,0.542257,0.719617,-27.670563,0.100386,42.526199,1.518515
11169,0.492650,0.534775,nan,0.100386,nan,1.399125
11170,0.554224,0.621482,-27.897453,0.100374,42.699402,1.510285
11171,0.592946,0.647679,nan,0.100374,nan,1.604796
11172,0.449929,0.432886,-27.603060,0.100362,40.894302,1.325060
11173,0.938862,0.873868,nan,0.100362,nan,2.329131
11174,0.617680,0.617288,-28.478458,0.100350,41.064552,1.668697
11175,0.447942,0.473899,nan,0.100350,nan,1.326565
11176,0.786097,0.813377,-27.769426,0.100338,40.357834,2.027920
11177,0.753001,0.768862,nan,0.100338,nan,1.930009
11178,0.496655,0.511497,-28.646938,0.100326,42.694298,1.462301
11179,0.475429,0.489611,nan,0.100326,nan,1.400567
11180,0.414669,0.415111,-28.884106,0.100314,42.676769,1.265064
11181,0.717795,0.722037,nan,0.100314,nan,1.913591
11182,0.563164,0.577955,-27.235256,0.100303,41.326553,1.546537
11183,0.745387,0.714831,nan,0.100303,nan,1.919105
11184,0.610326,0.647349,-27.356924,0.100291,41.933765,1.659662
11185,0.718552,0.637364,nan,0.100291,nan,1.908619
11186,0.517192,0.558368,-29.193371,0.100279,40.363426,1.452973
11187,0.615675,0.701071,nan,0.100279,nan,1.675329
11188,0.741824,0.878483,-28.249247,0.100267,40.273563,1.951877
11189,0.606024,0.530281,nan,0.100267,nan,1.676543
11190,0.703897,0.594458,-28.343075,0.100255,42.447716,1.881388
11191,0.615654,0.643088,nan,0.100255,nan,1.680846
11192,0.547788,0.553114,-28.225437,0.100243,42.427399,1.557384
11193,0.736695,0.748125,nan,0.100243,nan,1.943836
11194,0.593655,0.607314,-26.652752,0.100232,41.825245,1.636771
11195,0.748732,0.638599,nan,0.100232,nan,1.980026
11196,0.714226,0.815861,-27.042213,0.100220,39.479237,1.892057
11197,0.601021,0.699959,nan,0.100220,nan,1.647492
11198,0.639660,0.628745,-28.925241,0.100208,45.162552,1.733136
11199,0.536376,0.661342,nan,0.100208,nan,1.486755
11200,0.505300,0.573055,-28.654402,0.100196,42.493504,1.469542
11201,0.683935,0.759946,nan,0.100196,nan,1.797019
11202,0.722526,0.816931,-28.333178,0.100184,40.350933,1.885630
11203,0.654825,0.689820,nan,0.100184,nan,1.738358
11204,0.671706,0.641331,-28.694298,0.100173,42.073898,1.807906
11205,0.625308,0.688954,nan,0.100173,nan,1.690304
11206,0.526704,0.559378,-29.221151,0.100161,43.909893,1.502604
11207,0.534958,0.570892,nan,0.100161,nan,1.524328
11208,0.508612,0.603312,-27.549009,0.100149,43.870670,1.467696
11209,0.773490,0.882263,nan,0.100149,nan,2.016100
11210,0.639853,0.674475,-28.600979,0.100137,43.293381,1.756447
11211,0.605377,0.686858,nan,0.100137,nan,1.659227
11212,0.701104,0.788178,-29.104179,0.100125,42.571152,1.826782
11213,0.511766,0.576430,nan,0.100125,nan,1.443907
11214,0.590337,0.692626,-28.089489,0.100113,41.367172,1.638577
11215,0.680499,0.796426,nan,0.100113,nan,1.822333
11216,0.454039,0.481135,-29.096142,0.100101,42.510868,1.373113
11217,0.633663,0.683976,nan,0.100101,nan,1.714602
11218,0.581433,0.621900,-29.332226,0.100090,42.697105,1.585143
11219,0.656361,0.666448,nan,0.100090,nan,1.756457
11220,0.650617,0.647451,-28.325470,0.100078,42.061852,1.758533
11221,0.573054,0.605198,nan,0.100078,nan,1.586815
11222,0.539850,0.508176,-28.094162,0.100066,41.823551,1.534280
11223,0.490057,0.499049,nan,0.100066,nan,1.429620
11224,0.474918,0.494150,-29.467617,0.100054,41.527557,1.383760
11225,0.646915,0.659166,nan,0.100054,nan,1.735378
11226,0.697720,0.751582,-29.811424,0.100042,39.426247,1.849534
11227,0.701082,0.709912,nan,0.100042,nan,1.848302
11228,0.639536,0.770220,-28.157267,0.100030,44.151463,1.749965
11229,0.767401,0.753437,nan,0.100030,nan,2.014033
11230,0.569130,0.982119,-27.469614,0.100019,43.210983,1.573808
11231,0.666746,0.814337,nan,0.100019,nan,1.754355
11232,0.578783,0.613188,-28.839741,0.100007,42.768753,1.600329
11233,0.728888,0.698417,nan,0.100007,nan,1.933481
11234,0.595695,0.835632,-28.695393,0.099995,40.580017,1.635252
11235,0.487670,0.468859,nan,0.099995,nan,1.391160
11236,0.659661,0.534367,-28.626190,0.099983,43.241566,1.764522
11237,0.553899,0.556114,nan,0.099983,nan,1.567847
11238,0.560570,0.461057,-28.871410,0.099971,43.318741,1.588090
11239,0.539502,0.589468,nan,0.099971,nan,1.486248
11240,0.349817,0.397522,-30.421474,0.099959,45.004448,1.100687
11241,0.646316,0.613674,nan,0.099959,nan,1.709794
11242,0.782755,0.821827,-30.258720,0.099948,42.652786,2.009400
11243,0.910822,0.964606,nan,0.099948,nan,2.307215
11244,0.583428,0.655051,-28.937168,0.099936,43.829407,1.625650
11245,0.551776,0.671663,nan,0.099936,nan,1.553881
11246,0.530905,0.619084,-28.866726,0.099924,42.959923,1.517123
11247,0.601426,0.644510,nan,0.099924,nan,1.637361
11248,0.509182,0.544515,-28.991611,0.099912,42.716515,1.461476
11249,0.645939,0.620471,nan,0.099912,nan,1.718048
11250,0.654124,0.644590,-28.666662,0.099900,42.329815,1.746175
11251,0.597705,0.633983,nan,0.099900,nan,1.626786
11252,0.728676,0.726751,-28.612530,0.099888,41.287643,1.914956
11253,0.569141,0.665065,nan,0.099888,nan,1.580209
11254,0.510423,0.481062,-29.067993,0.099876,42.903625,1.435055
11255,0.563744,0.544525,nan,0.099876,nan,1.568515
11256,0.739592,0.614341,-28.987013,0.099864,43.648960,1.951959
11257,0.875647,0.960970,nan,0.099864,nan,2.212259
11258,0.588400,0.691985,-27.879013,0.099852,43.007851,1.619717
11259,0.374255,0.416100,nan,0.099852,nan,1.173384
11260,0.640935,0.701327,-28.942905,0.099840,41.156937,1.732234
11261,0.576865,0.553745,nan,0.099840,nan,1.577108
11262,0.571332,0.577829,-28.759907,0.099829,41.867382,1.588642
11263,0.567614,0.657101,nan,0.099829,nan,1.560918
11264,0.566093,0.531904,-28.108828,0.099817,41.702114,1.577955
11265,0.770761,0.767542,nan,0.099817,nan,2.015477
11266,0.974153,0.772351,-28.849564,0.099805,42.872177,2.426885
11267,0.589747,0.580208,nan,0.099805,nan,1.575429
11268,0.606634,0.604998,-29.771893,0.099793,42.070068,1.634763
11269,0.517731,0.594003,nan,0.099793,nan,1.465644
11270,0.611147,0.520351,-29.564068,0.099781,42.190670,1.681729
11271,0.591993,0.586172,nan,0.099781,nan,1.622858
11272,0.584615,0.724862,-28.931564,0.099770,42.650105,1.580043
11273,0.467381,0.521112,nan,0.099770,nan,1.375195
11274,0.656147,0.702612,-29.094738,0.099758,43.067196,1.783346
11275,0.528784,0.553935,nan,0.099758,nan,1.490988
11276,0.647159,0.658625,-28.705755,0.099746,42.895607,1.725004
11277,0.639681,0.609049,nan,0.099746,nan,1.704435
11278,0.714634,0.612327,-30.262215,0.099734,43.451965,1.871594
11279,0.791280,0.858914,nan,0.099734,nan,2.034187
11280,0.709342,0.571748,-28.907188,0.099722,42.316422,1.876086
11281,0.606564,0.592161,nan,0.099722,nan,1.670860
11282,0.669053,0.683246,-29.549585,0.099711,42.562313,1.777654
11283,0.829972,0.747329,nan,0.099711,nan,2.096519
11284,0.463020,0.596075,-28.699856,0.099699,42.703392,1.313183
11285,0.584720,0.583194,nan,0.099699,nan,1.626249
11286,0.689201,0.811175,-29.141506,0.099687,43.335209,1.835391
11287,0.576561,0.539663,nan,0.099687,nan,1.610325
11288,0.523517,0.534884,-29.213575,0.099675,44.364071,1.475847
11289,0.681754,0.707595,nan,0.099675,nan,1.805973
11290,0.594245,0.610839,-29.384598,0.099663,42.735123,1.603810
11291,0.413293,0.451443,nan,0.099663,nan,1.229316
11292,0.549530,0.548314,-28.687263,0.099651,43.107491,1.550841
11293,0.646627,0.591073,nan,0.099651,nan,1.737559
11294,0.830416,0.932229,-28.967922,0.099639,42.720913,2.123109
11295,0.667902,0.612480,nan,0.099639,nan,1.750035
11296,0.537919,0.569705,-28.939102,0.099628,41.155067,1.479023
11297,0.467965,0.510770,nan,0.099628,nan,1.347060
11298,0.533846,0.567941,-27.434977,0.099616,40.680832,1.470601
11299,0.653673,0.604980,nan,0.099616,nan,1.771530
11300,0.639679,0.608355,-28.893208,0.099604,42.779282,1.730291
11301,0.587541,0.619144,nan,0.099604,nan,1.593054
11302,0.577663,0.564793,-28.797609,0.099592,41.990891,1.563901
11303,0.560962,0.619936,nan,0.099592,nan,1.523891
11304,0.479526,0.508130,-28.929806,0.099581,44.117340,1.367749
11305,0.579568,0.590706,nan,0.099581,nan,1.580742
11306,0.676968,0.713443,-29.465828,0.099569,43.447075,1.773584
11307,0.628927,0.671181,nan,0.099569,nan,1.683841
11308,0.497968,0.517490,-29.623501,0.099557,43.940083,1.426505
11309,0.601748,0.621119,nan,0.099557,nan,1.651466
11310,0.623483,0.712464,-30.381786,0.099545,42.134674,1.686067
11311,0.749615,0.845716,nan,0.099545,nan,1.951339
11312,0.544874,0.755644,-28.874069,0.099533,42.610718,1.527483
11313,0.657422,0.618675,nan,0.099533,nan,1.751164
11314,0.628113,0.684300,-28.742132,0.099522,40.829254,1.696980
11315,0.797201,0.568274,nan,0.099522,nan,2.033429
11316,0.644969,0.665231,-29.456175,0.099510,43.131325,1.726059
11317,0.659101,0.492619,nan,0.099510,nan,1.756242
11318,0.544954,0.637232,-29.784122,0.099498,44.342869,1.514341
11319,0.527228,0.541102,nan,0.099498,nan,1.457830
11320,0.617364,0.619397,-29.101059,0.099486,41.159691,1.648342
11321,0.553474,0.542953,nan,0.099486,nan,1.525961
11322,0.594882,0.602734,-28.577162,0.099475,42.237972,1.639901
11323,0.591200,0.656894,nan,0.099475,nan,1.618091
11324,0.446193,0.483652,-30.025667,0.099463,43.843452,1.310391
11325,0.569931,0.612836,nan,0.099463,nan,1.558057
11326,0.597563,0.638700,-29.921192,0.099451,44.991135,1.623346
11327,0.468853,0.487381,nan,0.099451,nan,1.335066
11328,0.521237,0.524271,-28.653439,0.099439,41.468021,1.462149
11329,0.587724,0.910135,nan,0.099439,nan,1.615170
11330,0.527076,0.608860,-29.545816,0.099428,41.626026,1.487450
11331,0.612248,0.619700,nan,0.099428,nan,1.661973
11332,0.738567,0.832681,-29.546005,0.099416,44.060684,1.945908
11333,0.490907,0.620093,nan,0.099416,nan,1.420749
11334,0.533091,0.609045,-28.974339,0.099404,40.683273,1.508535
11335,0.381709,0.442554,nan,0.099404,nan,1.182926
11336,0.618418,0.645817,-29.519371,0.099392,42.383327,1.646225
11337,0.402648,0.519591,nan,0.099392,nan,1.213225
11338,0.532966,0.585224,-30.094646,0.099381,42.683769,1.469919
11339,0.595432,0.653992,nan,0.099381,nan,1.608838
11340,0.584759,0.649514,-30.321430,0.099369,41.975319,1.603158
11341,0.673102,0.683008,nan,0.099369,nan,1.800234
11342,0.554839,0.563738,-28.735224,0.099357,45.615158,1.540351
11343,0.659647,0.802168,nan,0.099357,nan,1.753440
11344,0.604337,0.784577,-29.099453,0.099345,43.196106,1.659539
11345,0.454126,0.515224,nan,0.099345,nan,1.335974
11346,0.534414,0.555575,-30.747135,0.099334,43.606506,1.512357
11347,0.498263,0.717158,nan,0.099334,nan,1.426228
11348,0.570968,0.740444,-29.741096,0.099322,43.623051,1.575958
11349,0.600066,0.717822,nan,0.099322,nan,1.605403
11350,0.668696,0.721068,-28.813133,0.099310,42.525646,1.768586
11351,0.656546,0.728678,nan,0.099310,nan,1.761350
11352,0.615439,0.563489,-29.891102,0.099298,43.022369,1.665932
11353,0.492375,0.526147,nan,0.099298,nan,1.405328
11354,0.666648,0.717976,-30.478899,0.099287,42.789242,1.772881
11355,0.797478,0.837595,nan,0.099287,nan,2.060963
11356,0.478788,0.509481,-30.582949,0.099275,45.307335,1.412543
11357,0.435932,0.488283,nan,0.099275,nan,1.299433
11358,0.623344,0.622521,-29.461952,0.099263,44.194080,1.712295
11359,0.649199,0.649443,nan,0.099263,nan,1.759134
11360,0.577258,0.627391,-30.613525,0.099251,46.807682,1.607692
11361,0.627034,0.621617,nan,0.099251,nan,1.719738
11362,0.543754,0.658681,-30.206688,0.099239,44.045361,1.533587
11363,0.608148,0.646678,nan,0.099239,nan,1.678352
11364,0.708341,0.667615,-29.078604,0.099227,42.668232,1.893189
11365,0.890224,0.976924,nan,0.099227,nan,2.254076
11366,0.756533,0.796272,-29.435261,0.099215,44.060833,1.964837
11367,0.646724,0.627904,nan,0.099215,nan,1.733038
11368,0.471612,0.543287,-30.626808,0.099203,44.219269,1.385985
11369,0.628770,0.706067,nan,0.099203,nan,1.716635
11370,0.714260,0.707135,-29.775402,0.099192,43.373299,1.880121
11371,0.432244,0.440517,nan,0.099192,nan,1.292752
11372,0.834966,0.638838,-29.920025,0.099180,42.725929,2.137358
11373,0.493512,0.514885,nan,0.099180,nan,1.420771
11374,0.552451,0.574283,-30.065895,0.099168,43.986328,1.540131
11375,0.472480,0.491298,nan,0.099168,nan,1.370900
11376,0.560874,0.561555,-28.702507,0.099156,42.645191,1.563843
11377,0.631729,0.607002,nan,0.099156,nan,1.735164
11378,0.535026,0.553337,-30.108730,0.099144,43.639870,1.526292
11379,0.633116,0.687424,nan,0.099144,nan,1.723309
11380,0.798596,0.558379,-28.564365,0.099132,42.980652,2.062337
11381,0.577724,0.599930,nan,0.099132,nan,1.605201
11382,0.609648,0.634441,-29.619328,0.099120,41.443169,1.646744
11383,0.648176,0.560093,nan,0.099120,nan,1.740012
11384,0.590143,0.686913,-29.379459,0.099109,43.518833,1.656012
11385,0.504070,0.553176,nan,0.099109,nan,1.461774
11386,0.592427,0.675655,-29.406179,0.099097,43.409889,1.636292
11387,0.627087,0.667415,nan,0.099097,nan,1.708103
11388,0.605432,0.568535,-30.048611,0.099085,44.338264,1.660816
11389,0.508994,0.525336,nan,0.099085,nan,1.457355
11390,0.535599,0.575951,-28.712547,0.099073,44.167175,1.487761
11391,0.542267,0.764473,nan,0.099073,nan,1.525131
11392,0.582989,0.674912,-30.761242,0.099061,45.240101,1.616767
11393,0.659683,0.654791,nan,0.099061,nan,1.765274
11394,0.705259,0.763408,-29.869049,0.099049,44.795815,1.871263
11395,0.608693,0.764439,nan,0.099049,nan,1.647629
11396,0.683190,0.685344,-30.058578,0.099038,44.204422,1.824313
11397,0.587483,0.589970,nan,0.099038,nan,1.619234
11398,0.609991,0.618965,-30.394146,0.099026,40.096886,1.664056
11399,0.656205,0.657470,nan,0.099026,nan,1.754642
11400,0.505033,0.538682,-29.251625,0.099014,42.467537,1.424918
11401,0.504644,0.608416,nan,0.099014,nan,1.435311
11402,0.705439,0.807641,-29.064278,0.099002,39.770046,1.860942
11403,0.597289,0.638945,nan,0.099002,nan,1.639960
11404,0.647097,0.732693,-31.342388,0.098991,45.144218,1.766848
11405,0.811744,0.805325,nan,0.098991,nan,2.100577
11406,0.748628,0.715899,-30.177120,0.098979,44.129700,1.956819
11407,0.559465,0.650573,nan,0.098979,nan,1.565400
11408,0.736651,0.692400,-28.380875,0.098967,45.347958,1.918210
11409,0.650434,0.548534,nan,0.098967,nan,1.738370
11410,0.599511,0.672925,-30.125299,0.098955,42.886299,1.642611
11411,0.530478,0.628774,nan,0.098955,nan,1.485719
11412,0.524613,0.552751,-30.691856,0.098943,45.041389,1.462015
11413,0.590109,0.595063,nan,0.098943,nan,1.613001
11414,0.628625,0.538461,-30.552044,0.098932,43.661171,1.676040
11415,0.614005,0.581020,nan,0.098932,nan,1.656040
11416,0.530941,0.573348,-28.417921,0.098920,45.679031,1.468662
11417,1.163460,0.853470,nan,0.098920,nan,2.807076
11418,0.803332,0.632162,-30.284252,0.098908,42.972893,2.011731
11419,0.513330,0.551946,nan,0.098908,nan,1.463226
11420,0.564354,0.620630,-32.122307,0.098896,43.645630,1.572836
11421,0.694966,0.761717,nan,0.098896,nan,1.864410
11422,0.782204,0.923838,-32.047302,0.098884,46.252235,2.027636
11423,0.583946,0.591980,nan,0.098884,nan,1.620242
11424,0.629321,0.775131,-29.683884,0.098872,43.418049,1.719460
11425,0.512340,0.544261,nan,0.098872,nan,1.480920
11426,0.604336,0.537593,-30.792837,0.098860,43.621616,1.669706
11427,0.560954,0.529495,nan,0.098860,nan,1.599317
11428,0.600955,0.477067,-30.352211,0.098849,42.560356,1.680409
11429,0.605731,0.586179,nan,0.098849,nan,1.689195
11430,0.460419,0.479728,-30.154072,0.098837,43.328754,1.378531
11431,0.447873,0.468735,nan,0.098837,nan,1.322474
11432,0.477024,0.493836,-30.344276,0.098825,42.959991,1.388874
11433,0.602485,0.608333,nan,0.098825,nan,1.686748
11434,0.673151,0.712195,-31.612305,0.098813,43.782333,1.814359
11435,0.739227,0.730662,nan,0.098813,nan,1.957476
11436,0.632257,0.628117,-29.911768,0.098801,43.440239,1.720328
11437,0.634877,0.467244,nan,0.098801,nan,1.705657
11438,0.746006,0.739995,-30.143959,0.098790,44.273712,1.947828
11439,0.662174,0.634423,nan,0.098790,nan,1.760141
11440,0.675008,0.662276,-30.858307,0.098778,43.530685,1.771008
11441,0.553070,0.646855,nan,0.098778,nan,1.535355
11442,0.495748,0.464161,-31.102409,0.098766,44.416359,1.447940
11443,0.526735,0.561784,nan,0.098766,nan,1.511830
11444,0.861876,0.731873,-31.438457,0.098754,43.249199,2.207581
11445,0.532406,0.549626,nan,0.098754,nan,1.518839
11446,0.525458,0.546931,-30.361515,0.098743,40.882645,1.508186
11447,0.586144,0.621689,nan,0.098743,nan,1.629768
11448,0.674960,0.825388,-30.617149,0.098731,42.639725,1.805240
11449,0.653313,0.526772,nan,0.098731,nan,1.764547
11450,0.602080,0.603583,-30.547747,0.098719,45.614952,1.650562
11451,0.567911,0.664475,nan,0.098719,nan,1.576421
11452,0.538570,0.518176,-29.603027,0.098708,41.913063,1.518486
11453,0.589736,0.690659,nan,0.098708,nan,1.596115
11454,0.458385,0.567828,-30.995441,0.098696,43.478893,1.328354
11455,0.527717,0.560436,nan,0.098696,nan,1.492890
11456,0.620299,0.598541,-31.012785,0.098684,44.243286,1.692398
11457,0.513731,0.562814,nan,0.098684,nan,1.491346
11458,0.751363,0.747371,-30.260883,0.098673,44.521870,1.937650
11459,0.805431,0.766430,nan,0.098673,nan,2.087361
11460,0.779981,0.867968,-30.886507,0.098661,42.957264,2.044917
11461,1.007771,0.659558,nan,0.098661,nan,2.503691
11462,0.660463,0.597946,-31.045311,0.098649,42.855446,1.768008
11463,0.691236,0.768358,nan,0.098649,nan,1.849468
11464,0.668148,0.741736,-30.113800,0.098637,43.888561,1.789904
11465,0.561344,0.639984,nan,0.098637,nan,1.582119
11466,0.776655,0.924919,-30.772377,0.098626,44.030029,2.016358
11467,0.504274,0.565497,nan,0.098626,nan,1.433606
11468,0.558098,0.603584,-31.112713,0.098614,46.363014,1.554547
11469,0.581978,0.591239,nan,0.098614,nan,1.636558
11470,0.524213,0.618125,-30.725555,0.098602,43.646076,1.467261
11471,0.759226,0.782976,nan,0.098602,nan,1.954289
11472,0.676869,0.709851,-30.232595,0.098591,43.043064,1.806654
11473,0.712378,0.659389,nan,0.098591,nan,1.915608
11474,0.543053,0.572963,-31.368565,0.098579,45.227081,1.564522
11475,0.648724,0.653230,nan,0.098579,nan,1.768803
11476,0.772312,0.777125,-31.588799,0.098567,44.662941,2.028717
11477,0.791714,0.717498,nan,0.098567,nan,2.072324
11478,0.513755,0.494931,-30.970356,0.098555,42.854553,1.473768
11479,0.551225,0.571512,nan,0.098555,nan,1.543188
11480,0.672815,0.740563,-30.366594,0.098543,43.970001,1.794386
11481,0.756243,0.923615,nan,0.098543,nan,1.982996
11482,0.529704,0.435591,-30.146397,0.098532,43.025448,1.517096
11483,0.540044,0.657727,nan,0.098532,nan,1.520225
11484,0.615558,0.718365,-30.351223,0.098520,44.565346,1.663960
11485,0.547780,0.552737,nan,0.098520,nan,1.550163
11486,0.573884,0.518474,-31.120270,0.098508,45.257202,1.597941
11487,0.644285,0.712535,nan,0.098508,nan,1.743158
11488,0.739433,0.813363,-30.947704,0.098497,42.669037,1.959234
11489,0.571563,0.574610,nan,0.098497,nan,1.579093
11490,0.818928,0.865689,-31.179045,0.098485,43.187035,2.104493
11491,0.594158,0.627602,nan,0.098485,nan,1.632224
11492,0.517059,0.530483,-31.700756,0.098473,43.543030,1.485688
11493,0.485336,0.523684,nan,0.098473,nan,1.419497
11494,0.483906,0.489498,-31.899742,0.098461,43.431953,1.448616
11495,0.719414,0.679321,nan,0.098461,nan,1.924197
11496,0.683341,0.648892,-30.163681,0.098450,43.763336,1.854159
11497,0.694256,0.808763,nan,0.098450,nan,1.893005
11498,0.936850,0.893256,-30.551590,0.098438,41.606850,2.382629
11499,0.582476,0.649833,nan,0.098438,nan,1.625565
11500,0.731058,0.910699,-30.724121,0.098426,43.756901,1.949771
11501,0.568135,0.589440,nan,0.098426,nan,1.590191
11502,1.273557,0.905619,-29.247648,0.098415,43.694710,3.012624
11503,0.557264,1.078798,nan,0.098415,nan,1.583764
11504,0.738534,0.898602,-30.469627,0.098403,41.272598,1.931664
11505,0.533470,0.679976,nan,0.098403,nan,1.521385
11506,0.598768,0.894102,-31.621792,0.098392,46.975853,1.652846
11507,0.471659,0.547755,nan,0.098392,nan,1.355057
11508,0.643527,0.643897,-31.562878,0.098380,46.163593,1.740295
11509,0.481483,0.465057,nan,0.098380,nan,1.406494
11510,0.534338,0.533128,-30.992077,0.098368,43.722794,1.508850
11511,0.639308,0.660208,nan,0.098368,nan,1.736505
11512,0.642796,0.693309,-31.065258,0.098357,44.403416,1.763937
11513,0.899214,0.920380,nan,0.098357,nan,2.277119
11514,0.736770,0.784383,-31.290039,0.098345,44.181747,1.954255
11515,0.599179,0.653678,nan,0.098345,nan,1.653308
11516,0.539508,0.557688,-30.509899,0.098333,43.400406,1.541225
11517,0.586700,0.692396,nan,0.098333,nan,1.638162
11518,0.746469,0.764905,-30.605461,0.098321,44.496956,1.950797
11519,0.670401,0.717822,nan,0.098321,nan,1.785898
11520,0.517898,0.504776,-31.697184,0.098310,42.694435,1.491482
11521,0.734113,0.763458,nan,0.098310,nan,1.913325
11522,0.727588,0.781803,-31.096268,0.098298,44.160286,1.918250
11523,0.484316,0.587028,nan,0.098298,nan,1.415928
11524,0.561406,0.591454,-30.718189,0.098286,41.226166,1.607035
11525,0.623732,0.651356,nan,0.098286,nan,1.727559
11526,0.520994,0.536782,-31.598854,0.098275,43.416569,1.513703
11527,0.653992,0.629097,nan,0.098275,nan,1.770661
11528,0.586413,0.690951,-31.002077,0.098263,45.076756,1.638787
11529,0.548365,0.599686,nan,0.098263,nan,1.547943
11530,0.752599,0.850774,-31.194489,0.098252,45.817562,1.983006
11531,0.703306,0.701356,nan,0.098252,nan,1.897298
11532,0.551419,0.625964,-31.306532,0.098240,46.398537,1.553501
11533,0.487208,0.531954,nan,0.098240,nan,1.420179
11534,0.667710,0.665389,-31.709282,0.098228,43.519554,1.788361
11535,0.630707,0.659049,nan,0.098228,nan,1.692121
11536,0.404616,0.419538,-31.883041,0.098216,43.317112,1.241691
11537,0.566281,0.571919,nan,0.098216,nan,1.542074
11538,0.807219,0.818865,-31.100584,0.098205,45.673203,2.068372
11539,0.524331,0.533807,nan,0.098205,nan,1.504666
11540,0.787441,0.709111,-31.326118,0.098193,45.462715,2.055229
11541,0.690052,0.663505,nan,0.098193,nan,1.850360
11542,0.647210,0.662348,-31.490948,0.098181,44.951897,1.730852
11543,0.654711,0.735150,nan,0.098181,nan,1.767354
11544,0.600766,0.614321,-31.996342,0.098170,43.372833,1.652896
11545,0.533997,0.469404,nan,0.098170,nan,1.519195
11546,0.492398,0.487403,-31.646225,0.098158,44.988884,1.425140
11547,0.631600,0.634493,nan,0.098158,nan,1.735478
11548,0.549270,0.587607,-31.944389,0.098146,42.709076,1.541529
11549,0.889378,0.916550,nan,0.098146,nan,2.268485
11550,0.637431,0.614296,-30.938622,0.098134,42.658600,1.777325
11551,0.665740,0.740943,nan,0.098134,nan,1.814855
11552,0.536314,0.501377,-31.172037,0.098123,44.869873,1.552275
11553,0.628310,0.689876,nan,0.098123,nan,1.741299
11554,0.610624,0.639856,-31.284719,0.098111,44.357559,1.663209
11555,0.932609,0.748231,nan,0.098111,nan,2.298788
11556,0.608680,0.875929,-30.757397,0.098099,43.987389,1.637587
11557,0.623333,0.642180,nan,0.098099,nan,1.652870
11558,0.487744,0.517252,-31.534939,0.098088,44.445915,1.358005
11559,0.428276,0.422523,nan,0.098088,nan,1.274389
11560,0.711021,0.688598,-31.100044,0.098076,43.604656,1.861005
11561,0.487717,0.454974,nan,0.098076,nan,1.421102
11562,0.628271,0.453749,-32.078850,0.098064,44.407070,1.723344
11563,0.575797,0.605466,nan,0.098064,nan,1.616348
11564,0.503658,0.475015,-31.148308,0.098053,44.756004,1.463738
11565,0.466141,0.489789,nan,0.098053,nan,1.401412
11566,0.503816,0.636821,-31.061317,0.098041,42.584660,1.462068
11567,0.590243,0.599934,nan,0.098041,nan,1.661838
11568,0.613538,0.674801,-31.832771,0.098029,45.748928,1.688771
11569,0.689987,0.726333,nan,0.098029,nan,1.842695
11570,0.550886,0.580630,-31.467091,0.098018,41.420696,1.557813
11571,0.478785,0.472810,nan,0.098018,nan,1.393102
11572,0.710677,0.724465,-31.866869,0.098006,46.156990,1.898684
11573,0.619594,0.635456,nan,0.098006,nan,1.687782
11574,0.523253,0.499198,-32.123356,0.097995,44.956589,1.500345
11575,0.450189,0.490078,nan,0.097995,nan,1.323630
11576,0.723529,0.749105,-32.027756,0.097983,42.942997,1.899268
11577,0.734221,0.655419,nan,0.097983,nan,1.874480
11578,0.510574,0.558484,-30.979088,0.097971,43.845860,1.447144
11579,0.537757,0.637839,nan,0.097971,nan,1.516467
11580,0.518445,0.565957,-31.001970,0.097960,44.800201,1.501995
11581,0.638595,0.656929,nan,0.097960,nan,1.755195
11582,0.565335,0.579404,-32.052197,0.097948,44.043915,1.606692
11583,0.473559,0.467864,nan,0.097948,nan,1.398745
11584,0.708951,0.755406,-31.757439,0.097937,44.472000,1.884446
11585,0.758887,0.757976,nan,0.097937,nan,1.985604
11586,0.488790,0.495746,-30.636236,0.097925,45.649902,1.420663
11587,0.620524,0.787956,nan,0.097925,nan,1.709482
11588,0.695897,0.730846,-31.109541,0.097913,44.875439,1.851209
11589,0.662423,0.647310,nan,0.097913,nan,1.810282
11590,0.684067,0.775514,-31.608891,0.097902,44.568062,1.832459
11591,0.757603,0.854374,nan,0.097902,nan,1.987792
11592,0.579245,0.533878,-29.991030,0.097890,43.259563,1.597834
11593,0.616828,0.864797,nan,0.097890,nan,1.686724
11594,0.496260,0.826978,-30.547665,0.097878,42.008636,1.395062
11595,0.525770,0.615132,nan,0.097878,nan,1.487885
11596,0.602011,0.625628,-32.438232,0.097867,44.061882,1.640566
11597,0.621628,0.696720,nan,0.097867,nan,1.681686
11598,0.521702,0.690505,-30.471916,0.097855,45.002220,1.514473
11599,0.734031,0.666306,nan,0.097855,nan,1.961630
11600,0.652736,0.809325,-30.708481,0.097844,44.842598,1.780923
11601,0.369316,0.681460,nan,0.097844,nan,1.216181
11602,0.684851,0.775906,-31.485939,0.097832,43.564156,1.840542
11603,0.490876,0.659239,nan,0.097832,nan,1.444360
11604,0.794423,1.066461,-31.295649,0.097820,45.529160,2.041405
11605,0.553560,0.548463,nan,0.097820,nan,1.547655
11606,0.959685,0.769704,-30.253580,0.097809,42.540905,2.351216
11607,0.523082,0.676069,nan,0.097809,nan,1.505612
11608,0.682516,0.602097,-31.167112,0.097797,43.407299,1.853654
11609,0.590435,0.607164,nan,0.097797,nan,1.646126
11610,0.527731,0.431070,-32.092842,0.097786,44.661621,1.512412
11611,0.849402,0.741360,nan,0.097786,nan,2.167489
11612,0.608173,0.590717,-29.618160,0.097774,45.253815,1.696463
11613,0.933491,0.769730,nan,0.097774,nan,2.369219
11614,1.048397,0.866845,-30.652172,0.097763,41.548946,2.620200
11615,0.488600,0.639395,nan,0.097763,nan,1.437541
11616,0.501310,0.528306,-32.418098,0.097751,45.769997,1.424153
11617,0.570888,0.858038,nan,0.097751,nan,1.596257
11618,0.538310,0.879070,-31.436956,0.097740,44.339714,1.507952
11619,0.419682,0.483700,nan,0.097740,nan,1.292061
11620,0.542874,0.579935,-31.196381,0.097728,44.791534,1.554801
11621,0.582832,0.708729,nan,0.097728,nan,1.631275
11622,0.448648,0.465040,-31.974909,0.097716,47.415459,1.354203
11623,0.625749,0.637409,nan,0.097716,nan,1.717207
11624,0.746622,0.669076,-32.476170,0.097705,44.070702,1.992024
11625,0.498740,0.481730,nan,0.097705,nan,1.453531
11626,0.610503,0.589173,-32.412262,0.097693,45.315552,1.685532
11627,0.841918,0.771235,nan,0.097693,nan,2.161457
11628,0.557406,0.532758,-30.671204,0.097681,43.877525,1.575035
11629,0.698731,0.702798,nan,0.097681,nan,1.863127
11630,0.532817,0.522449,-31.670528,0.097670,45.932266,1.523745
11631,0.506691,0.542226,nan,0.097670,nan,1.481680
11632,0.712932,0.764356,-31.393806,0.097658,42.946136,1.890195
11633,0.449169,0.536015,nan,0.097658,nan,1.333203
11634,0.469115,0.465404,-32.061474,0.097647,44.699364,1.414762
11635,0.517487,0.558616,nan,0.097647,nan,1.512589
11636,0.679771,0.701909,-31.511570,0.097635,43.170139,1.848499
11637,0.510544,0.503202,nan,0.097635,nan,1.499034
11638,0.428971,0.450781,-31.777967,0.097623,45.732285,1.304527
11639,0.777991,0.790542,nan,0.097623,nan,1.995367
11640,0.505162,0.548516,-31.627907,0.097612,42.751556,1.451482
11641,0.566836,0.601877,nan,0.097612,nan,1.585975
11642,0.562991,0.580100,-31.763084,0.097600,46.969078,1.592627
11643,0.629808,0.650581,nan,0.097600,nan,1.744240
11644,0.577532,0.568498,-32.752754,0.097589,44.776306,1.645697
11645,0.582949,0.554490,nan,0.097589,nan,1.618427
11646,0.606795,0.538568,-32.832108,0.097577,44.742210,1.659815
11647,0.679609,0.645106,nan,0.097577,nan,1.812843
11648,0.776910,0.773790,-31.725716,0.097566,44.766220,2.032482
11649,0.687200,0.689824,nan,0.097566,nan,1.838141
11650,0.542520,0.520864,-31.587166,0.097554,43.531883,1.550308
11651,0.441075,0.451430,nan,0.097554,nan,1.320762
11652,0.666482,0.712161,-32.208214,0.097542,43.526131,1.820879
11653,0.562158,0.560048,nan,0.097542,nan,1.595263
11654,0.576823,0.605225,-30.527876,0.097531,43.916889,1.625563
11655,0.727522,0.581963,nan,0.097531,nan,1.945374
11656,0.623601,0.748401,-31.265299,0.097519,44.420307,1.698303
11657,0.609927,0.599428,nan,0.097519,nan,1.695253
11658,0.485335,0.474032,-31.770294,0.097508,41.031948,1.430760
11659,0.553415,0.630559,nan,0.097508,nan,1.548425
11660,0.615348,0.562420,-31.454624,0.097496,41.475418,1.680902
11661,0.420686,0.490875,nan,0.097496,nan,1.304336
11662,0.692096,0.683613,-32.383289,0.097485,45.901375,1.867193
11663,0.503115,0.505366,nan,0.097485,nan,1.462455
11664,0.470060,0.482058,-31.671892,0.097474,43.447697,1.423206
11665,0.650298,0.643384,nan,0.097474,nan,1.783074
11666,0.774713,0.588001,-30.595013,0.097462,45.206303,2.032742
11667,0.731537,0.758192,nan,0.097462,nan,1.942861
11668,0.507699,0.644411,-32.036926,0.097451,46.451241,1.488357
11669,0.686485,0.649963,nan,0.097451,nan,1.821982
11670,0.770136,0.852749,-32.560280,0.097439,45.870335,2.018259
11671,0.517166,0.471119,nan,0.097439,nan,1.491117
11672,0.649318,0.649457,-32.470276,0.097428,45.098732,1.765012
11673,0.838440,0.730619,nan,0.097428,nan,2.141320
11674,0.577244,0.550664,-30.872349,0.097416,45.305569,1.598009
11675,0.515398,0.487920,nan,0.097416,nan,1.498938
11676,0.748787,0.758474,-31.981066,0.097405,45.624794,1.979537
11677,0.532959,0.537333,nan,0.097405,nan,1.546469
11678,0.635139,0.631025,-32.590523,0.097393,44.452797,1.741439
11679,0.903965,0.830549,nan,0.097393,nan,2.291446
11680,0.711612,0.800406,-31.341595,0.097381,44.681084,1.912433
11681,0.686437,0.429674,nan,0.097381,nan,1.857888
11682,0.496541,0.602461,-32.853844,0.097370,42.981346,1.452347
11683,0.601553,0.680204,nan,0.097370,nan,1.667248
11684,0.490343,0.549758,-31.906309,0.097358,44.528618,1.414035
11685,0.532502,0.577831,nan,0.097358,nan,1.546697
11686,0.567264,0.588774,-32.238571,0.097347,46.292381,1.607473
11687,0.358047,0.383666,nan,0.097347,nan,1.181497
11688,0.527879,0.547101,-32.265259,0.097335,44.947567,1.548305
11689,0.542477,0.566570,nan,0.097335,nan,1.546895
11690,0.578421,0.577367,-32.541656,0.097324,46.894608,1.621165
11691,0.606734,0.650478,nan,0.097324,nan,1.687871
11692,0.598233,0.619914,-32.068470,0.097312,45.697220,1.676967
11693,0.310288,0.409153,nan,0.097312,nan,1.052259
11694,0.497501,0.523933,-32.796452,0.097300,46.631882,1.477892
11695,0.619101,0.636229,nan,0.097300,nan,1.706498
11696,0.464686,0.421643,-31.328342,0.097289,43.607994,1.395019
11697,0.500855,0.572949,nan,0.097289,nan,1.454527
11698,0.571373,0.812376,-31.691944,0.097277,44.570595,1.610073
11699,0.646348,0.533223,nan,0.097277,nan,1.738249
11700,0.506917,0.547943,-32.038677,0.097266,44.471691,1.471539
11701,0.597757,0.690447,nan,0.097266,nan,1.678971
11702,0.541263,0.670906,-31.958759,0.097254,47.035919,1.559246
11703,0.511538,0.561801,nan,0.097254,nan,1.491726
11704,0.525874,0.599424,-31.718918,0.097242,43.627052,1.527066
11705,0.530124,0.507708,nan,0.097242,nan,1.536433
11706,0.548240,0.603400,-33.082764,0.097231,44.210556,1.565710
11707,0.587043,0.682910,nan,0.097231,nan,1.625135
11708,0.532794,0.674570,-31.603130,0.097219,44.294334,1.528318
11709,0.555594,0.678584,nan,0.097219,nan,1.584340
11710,0.448029,0.570083,-32.152016,0.097208,44.921566,1.344198
11711,0.619979,0.639045,nan,0.097208,nan,1.710050
11712,0.415785,0.432572,-32.459126,0.097196,46.206047,1.287724
11713,0.658099,0.683933,nan,0.097196,nan,1.797315
11714,0.432699,0.410591,-32.370361,0.097185,44.822399,1.320040
11715,0.749443,0.745423,nan,0.097185,nan,1.967779
11716,0.557631,0.581973,-31.788307,0.097173,45.226463,1.591555
11717,0.597416,0.562863,nan,0.097173,nan,1.665916
11718,0.523654,0.514814,-32.651936,0.097162,44.919601,1.504781
11719,0.432700,0.430562,nan,0.097162,nan,1.332151
11720,0.664379,0.649866,-32.521156,0.097150,45.406254,1.779459
11721,0.471517,0.490932,nan,0.097150,nan,1.390049
11722,0.594451,0.619103,-32.460743,0.097138,46.945568,1.675625
11723,0.529149,0.607888,nan,0.097138,nan,1.523715
11724,0.543215,0.571030,-31.471680,0.097127,44.076332,1.562796
11725,0.715138,0.674835,nan,0.097127,nan,1.907291
11726,0.518832,0.491999,-31.967016,0.097115,42.075054,1.520438
11727,0.579413,0.688464,nan,0.097115,nan,1.643677
11728,0.625686,0.622421,-32.071960,0.097104,44.247303,1.734390
11729,0.348502,0.381812,nan,0.097104,nan,1.134351
11730,0.702673,0.728133,-31.783102,0.097092,44.969643,1.872502
11731,0.661052,0.768411,nan,0.097092,nan,1.793412
11732,0.507028,0.542453,-31.346735,0.097081,45.775246,1.475508
11733,0.591310,0.636398,nan,0.097081,nan,1.678659
11734,0.494491,0.544808,-32.606445,0.097069,47.280807,1.446946
11735,0.615856,0.689274,nan,0.097069,nan,1.681435
11736,0.515273,0.518943,-31.942642,0.097058,45.976498,1.466687
11737,0.581366,0.705339,nan,0.097058,nan,1.612724
11738,0.649177,0.598138,-32.097420,0.097046,42.079079,1.768487
11739,0.408159,0.499268,nan,0.097046,nan,1.234553
11740,0.506201,0.627324,-32.056786,0.097035,45.174427,1.483467
11741,0.551524,0.495355,nan,0.097035,nan,1.575550
11742,0.526803,0.512521,-31.828302,0.097023,45.739872,1.521311
11743,0.471470,0.479466,nan,0.097023,nan,1.405792
11744,0.593605,0.607160,-31.495106,0.097012,43.945450,1.650853
11745,0.644038,0.622836,nan,0.097012,nan,1.760689
11746,0.662232,0.636044,-32.305336,0.097000,45.829681,1.808591
11747,0.631145,0.630688,nan,0.097000,nan,1.715399
11748,0.563612,0.471009,-32.535488,0.096989,41.697788,1.614114
11749,0.611776,0.550774,nan,0.096989,nan,1.670217
11750,0.568406,0.589434,-32.753048,0.096977,46.726933,1.557942
11751,0.482511,0.512035,nan,0.096977,nan,1.431243
11752,0.578221,0.520061,-31.383572,0.096966,45.354393,1.624889
11753,0.593791,0.597127,nan,0.096966,nan,1.655913
11754,0.527847,0.687373,-31.830667,0.096954,45.911015,1.525430
11755,0.576257,0.577278,nan,0.096954,nan,1.606971
11756,0.546697,0.479817,-30.881058,0.096943,44.393124,1.543980
11757,0.599336,0.585254,nan,0.096943,nan,1.660394
11758,0.555690,0.592822,-31.965046,0.096931,43.913628,1.574485
11759,0.636347,0.612518,nan,0.096931,nan,1.724982
11760,0.762700,0.681598,-31.241959,0.096920,43.263657,1.995785
11761,0.502800,0.490886,nan,0.096920,nan,1.441378
11762,0.494627,0.431739,-31.792782,0.096909,43.911171,1.426416
11763,0.544811,0.573965,nan,0.096909,nan,1.577114
11764,0.592414,0.565742,-31.184669,0.096897,44.063042,1.615093
11765,0.533902,0.517096,nan,0.096897,nan,1.520754
11766,0.577212,0.578521,-31.141823,0.096886,47.258667,1.618746
11767,0.684610,0.531494,nan,0.096886,nan,1.839247
11768,0.677459,0.647277,-32.463421,0.096874,45.858879,1.824258
11769,0.638353,0.560650,nan,0.096874,nan,1.747388
11770,0.657384,0.689082,-32.521149,0.096863,44.617592,1.765567
11771,0.539073,0.553262,nan,0.096863,nan,1.508831
11772,0.459200,0.503704,-31.843792,0.096851,47.224239,1.320045
11773,0.581139,0.492677,nan,0.096851,nan,1.573549
11774,0.459429,0.508559,-32.198444,0.096840,47.474457,1.356180
11775,0.535895,0.432443,nan,0.096840,nan,1.527367
11776,0.804856,0.818725,-32.569267,0.096828,46.267342,2.079070
11777,0.690494,0.843178,nan,0.096828,nan,1.811346
11778,0.761461,0.794695,-31.837862,0.096817,44.831902,1.986304
11779,0.614815,0.668359,nan,0.096817,nan,1.674793
11780,0.563571,0.549274,-32.377205,0.096805,46.104248,1.573225
11781,0.791878,0.811915,nan,0.096805,nan,2.060410
11782,0.731857,0.701571,-31.934757,0.096794,44.106110,1.926054
11783,0.458296,0.445355,nan,0.096794,nan,1.354255
11784,0.453413,0.472617,-33.204433,0.096782,46.017067,1.358954
11785,0.795594,0.762881,nan,0.096782,nan,2.044467
11786,0.703801,0.708183,-31.764954,0.096771,45.894810,1.810226
11787,0.514131,0.432642,nan,0.096771,nan,1.454107
11788,0.504857,0.602479,-31.286724,0.096759,45.374126,1.448217
11789,0.598790,0.862581,nan,0.096759,nan,1.626068
11790,0.511153,0.371961,-32.607826,0.096748,45.523781,1.429480
11791,0.632220,0.736410,nan,0.096748,nan,1.647645
11792,0.549621,0.554504,-32.333473,0.096736,44.779457,1.534548
11793,0.677864,0.580025,nan,0.096736,nan,1.782822
11794,0.565669,0.632407,-32.066154,0.096725,43.712109,1.579334
11795,0.417122,0.496158,nan,0.096725,nan,1.281630
11796,0.725348,0.722181,-31.329802,0.096713,44.840511,1.873737
11797,0.581820,0.564887,nan,0.096713,nan,1.588314
11798,0.730578,0.760859,-31.981209,0.096702,47.824272,1.923840
11799,0.442080,0.463954,nan,0.096702,nan,1.321615
11800,0.503894,0.557212,-32.179993,0.096690,46.444435,1.480548
11801,0.542926,0.565632,nan,0.096690,nan,1.533087
11802,0.481663,0.463021,-32.095116,0.096679,45.751610,1.393414
11803,0.745109,0.502674,nan,0.096679,nan,1.939371
11804,0.587912,0.599426,-32.308830,0.096667,45.494835,1.609067
11805,0.557887,0.548025,nan,0.096667,nan,1.517300
11806,0.511153,0.508783,-31.525368,0.096655,44.543755,1.432521
11807,0.610247,0.883297,nan,0.096655,nan,1.678790
11808,0.608980,0.706726,-30.968031,0.096644,45.101120,1.670915
11809,0.703857,0.711464,nan,0.096644,nan,1.869921
11810,0.554454,0.562136,-31.988209,0.096632,46.669556,1.543029
11811,0.521655,0.514246,nan,0.096632,nan,1.452770
11812,0.691743,0.546349,-31.203106,0.096621,45.255302,1.791814
11813,0.406670,0.422504,nan,0.096621,nan,1.186300
11814,0.705308,0.775468,-31.148151,0.096610,43.750462,1.819691
11815,0.538645,0.482931,nan,0.096610,nan,1.498451
11816,0.479723,0.532594,-31.509050,0.096598,47.424217,1.369948
11817,0.474529,0.578880,nan,0.096598,nan,1.360977
11818,0.620615,0.642300,-32.285076,0.096587,44.346722,1.668222
11819,0.496378,0.468556,nan,0.096587,nan,1.446648
11820,0.480500,0.572948,-32.970539,0.096575,45.197304,1.371229
11821,0.783575,0.773768,nan,0.096575,nan,1.989461
11822,0.877328,0.827136,-32.227325,0.096564,46.076530,2.177575
11823,0.700633,0.603295,nan,0.096564,nan,1.843757
11824,0.733945,0.628090,-31.354633,0.096552,45.454247,1.883691
11825,0.658576,0.651843,nan,0.096552,nan,1.756298
11826,0.570024,0.640298,-31.578066,0.096541,45.758968,1.561739
11827,0.589719,0.630836,nan,0.096541,nan,1.625631
11828,0.664499,0.646128,-30.976149,0.096529,43.588642,1.773008
11829,0.445262,0.380683,nan,0.096529,nan,1.333544
11830,0.491637,0.523869,-32.590740,0.096518,46.764801,1.412832
11831,0.651547,0.617337,nan,0.096518,nan,1.739368
11832,0.573462,0.543953,-32.243107,0.096506,46.013714,1.531791
11833,0.724487,0.739835,nan,0.096506,nan,1.866738
11834,0.598339,0.605460,-31.695522,0.096495,45.702530,1.597971
11835,0.495916,0.474368,nan,0.096495,nan,1.411038
11836,0.527532,0.570979,-32.269894,0.096483,44.106667,1.502761
11837,0.513167,0.562039,nan,0.096483,nan,1.470792
11838,0.535885,0.525665,-32.319801,0.096472,46.559021,1.526921
11839,0.511548,0.570943,nan,0.096472,nan,1.442079
11840,0.688760,0.620979,-31.006332,0.096461,44.910500,1.813072
11841,0.750151,0.580885,nan,0.096461,nan,1.962773
11842,0.734294,0.724313,-31.562542,0.096449,43.805740,1.885520
11843,0.662481,0.647921,nan,0.096449,nan,1.743297
11844,0.585848,0.617414,-32.270760,0.096438,45.664200,1.611006
11845,0.633883,0.629584,nan,0.096438,nan,1.719698
11846,0.532004,0.425004,-31.577980,0.096426,46.549793,1.513590
11847,0.557894,0.558444,nan,0.096426,nan,1.570340
11848,0.638843,0.519031,-31.676996,0.096415,43.679993,1.739994
11849,0.624721,0.543648,nan,0.096415,nan,1.686347
11850,0.603572,0.574332,-32.045105,0.096404,45.788643,1.664802
11851,0.485003,0.516366,nan,0.096404,nan,1.416578
11852,0.450252,0.457729,-32.302292,0.096392,44.398537,1.339060
11853,0.433138,0.455291,nan,0.096392,nan,1.267817
11854,0.566783,0.532445,-30.982082,0.096381,45.468056,1.579911
11855,0.682106,0.648984,nan,0.096381,nan,1.818133
11856,0.571761,0.535531,-31.277149,0.096370,41.428329,1.585709
11857,0.551857,0.551071,nan,0.096370,nan,1.533601
11858,0.567948,0.572002,-32.091972,0.096358,48.293594,1.569679
11859,0.591113,0.595669,nan,0.096358,nan,1.638576
11860,0.559949,0.505332,-31.403625,0.096347,45.040764,1.547989
11861,0.513052,0.516719,nan,0.096347,nan,1.443591
11862,0.538117,0.536873,-31.207254,0.096336,44.022472,1.507945
11863,0.643138,0.615039,nan,0.096336,nan,1.750473
11864,0.584868,0.578567,-32.149193,0.096324,46.562065,1.609946
11865,0.657554,0.679893,nan,0.096324,nan,1.748915
11866,0.537599,0.536096,-32.056732,0.096313,44.870800,1.544013
11867,0.532761,0.505280,nan,0.096313,nan,1.521453
11868,0.453512,0.497479,-31.011213,0.096302,43.698547,1.332626
11869,0.462297,0.443216,nan,0.096302,nan,1.312026
11870,0.534235,0.529781,-31.782881,0.096290,45.129307,1.502243
11871,0.590868,0.697789,nan,0.096290,nan,1.603264
11872,0.506114,0.483834,-32.276733,0.096279,45.856361,1.446294
11873,0.741689,0.709748,nan,0.096279,nan,1.910624
11874,0.448717,0.471029,-31.037724,0.096268,44.449154,1.330179
11875,0.451125,0.409306,nan,0.096268,nan,1.295960
11876,0.667503,0.706798,-31.489544,0.096256,45.217789,1.775083
11877,0.606204,0.658694,nan,0.096256,nan,1.655383
11878,0.457555,0.514301,-31.876564,0.096245,44.562901,1.357577
11879,0.758751,0.674612,nan,0.096245,nan,1.952379
11880,0.644566,0.631278,-31.293892,0.096234,46.602715,1.724697
11881,0.670525,0.663501,nan,0.096234,nan,1.774619
11882,0.504351,0.568075,-32.446777,0.096223,46.997021,1.417621
11883,0.444177,0.431260,nan,0.096223,nan,1.318858
11884,0.481960,0.496851,-31.663404,0.096211,46.578690,1.410387
11885,0.472869,0.528179,nan,0.096211,nan,1.384158
11886,0.750707,0.581536,-30.874172,0.096200,46.585369,1.968309
11887,0.644814,0.565605,nan,0.096200,nan,1.719057
11888,0.545109,0.614301,-32.255898,0.096188,46.284988,1.510757
11889,0.872484,0.809850,nan,0.096188,nan,2.184644
11890,0.750342,0.609801,-31.981964,0.096177,47.900848,1.909631
11891,0.607033,0.545348,nan,0.096177,nan,1.613763
11892,0.858018,0.635414,-30.700514,0.096166,44.538952,2.154200
11893,0.528087,0.526510,nan,0.096166,nan,1.487643
11894,0.574302,0.508564,-31.371632,0.096154,44.681664,1.564896
11895,0.528201,0.586872,nan,0.096154,nan,1.478823
11896,0.686337,0.627982,-31.717873,0.096143,44.981724,1.804141
11897,0.633697,0.597166,nan,0.096143,nan,1.699857
11898,0.598151,0.578267,-31.910988,0.096131,44.298126,1.633817
11899,0.543533,0.570953,nan,0.096131,nan,1.513712
11900,0.540509,0.522053,-32.050835,0.096120,43.684422,1.522065
11901,0.755508,0.701797,nan,0.096120,nan,1.934536
11902,0.588226,0.587767,-32.754704,0.096109,46.793739,1.595088
11903,0.581646,0.602308,nan,0.096109,nan,1.595739
11904,0.406960,0.462809,-31.871387,0.096097,46.752331,1.222249
11905,0.535244,0.598580,nan,0.096097,nan,1.512363
11906,0.629312,0.669093,-31.407757,0.096086,46.858189,1.683004
11907,0.668952,0.640126,nan,0.096086,nan,1.775086
11908,0.707745,0.618414,-31.124249,0.096075,44.457886,1.820848
11909,0.729249,0.737527,nan,0.096075,nan,1.891380
11910,0.590834,0.534496,-31.758224,0.096063,46.259018,1.602821
11911,0.569916,0.580556,nan,0.096063,nan,1.577172
11912,0.483455,0.477713,-32.689442,0.096052,47.084625,1.412265
11913,0.445424,0.528042,nan,0.096052,nan,1.299937
11914,0.615632,0.695692,-31.564949,0.096041,43.764030,1.633753
11915,0.533228,0.510146,nan,0.096041,nan,1.481002
11916,0.625670,1.001519,-31.562260,0.096029,44.470551,1.655433
11917,0.589658,0.556852,nan,0.096029,nan,1.615716
11918,0.485713,0.535714,-32.375336,0.096018,47.927402,1.370219
11919,0.559475,0.570501,nan,0.096018,nan,1.542475
11920,0.497409,0.504391,-32.539932,0.096007,45.559631,1.437401
11921,0.754012,0.900399,nan,0.096007,nan,1.937707
11922,0.456476,0.493329,-32.583260,0.095995,44.516136,1.351972
11923,0.841044,0.861547,nan,0.095995,nan,2.110439
11924,0.587388,0.501781,-32.159451,0.095984,43.688965,1.631895
11925,0.448412,0.519639,nan,0.095984,nan,1.325616
11926,0.754989,0.708794,-31.485956,0.095973,44.400520,1.965638
11927,0.827491,0.883330,nan,0.095973,nan,2.079723
11928,1.217884,0.663778,-29.400032,0.095962,41.435852,2.887113
11929,0.980891,0.832641,nan,0.095962,nan,2.423101
11930,0.711342,0.748118,-31.678251,0.095951,44.106857,1.872043
11931,0.532670,0.505802,nan,0.095951,nan,1.488494
11932,0.725608,0.815185,-32.312271,0.095939,47.907280,1.869972
11933,0.603820,0.691402,nan,0.095939,nan,1.636994
11934,0.735941,0.777161,-31.705320,0.095928,46.646221,1.921399
11935,0.618359,0.681723,nan,0.095928,nan,1.671619
11936,0.917373,0.938689,-30.899559,0.095917,46.073017,2.262505
11937,0.767359,0.770666,nan,0.095917,nan,1.951687
11938,0.676909,0.679947,-32.031895,0.095906,45.353477,1.753271
11939,0.495973,0.456139,nan,0.095906,nan,1.375023
11940,0.572327,0.587989,-31.742069,0.095894,45.498867,1.505555
11941,0.522616,0.565331,nan,0.095894,nan,1.463740
11942,0.749663,0.667563,-31.103821,0.095883,45.532291,1.928945
11943,0.755851,0.772873,nan,0.095883,nan,1.957286
11944,0.656322,0.527817,-30.467552,0.095872,46.859894,1.738383
11945,0.671007,0.740389,nan,0.095872,nan,1.754886
11946,0.573405,0.802424,-31.245047,0.095861,45.216995,1.596605
11947,0.646857,0.695348,nan,0.095861,nan,1.715860
11948,0.536563,0.669102,-31.799116,0.095849,44.668732,1.481230
11949,0.545133,0.860997,nan,0.095849,nan,1.488262
11950,0.666167,0.742107,-31.329475,0.095838,47.125328,1.738639
11951,0.758431,0.788484,nan,0.095838,nan,1.931458
11952,0.601920,0.716461,-30.600279,0.095827,46.768456,1.622832
11953,0.748467,0.802809,nan,0.095827,nan,1.903009
11954,0.692360,0.759558,-31.951563,0.095815,47.522835,1.795108
11955,0.849134,0.726900,nan,0.095815,nan,2.108773
11956,0.471295,0.458500,-31.968697,0.095804,46.294582,1.364790
11957,0.713922,0.744377,nan,0.095804,nan,1.830140
11958,0.580810,0.599582,-31.283733,0.095793,46.911705,1.578156
11959,0.730576,0.712088,nan,0.095793,nan,1.864590
11960,0.919758,0.650182,-30.260582,0.095781,46.701977,2.263189
11961,0.794086,0.668570,nan,0.095781,nan,2.000464
11962,0.616848,0.665590,-31.750294,0.095770,45.500137,1.592176
11963,0.850513,0.679872,nan,0.095770,nan,2.138723
11964,0.807616,0.816636,-29.941315,0.095759,46.738960,2.015107
11965,0.834270,0.752874,nan,0.095759,nan,2.114439
11966,0.644387,0.669219,-30.443600,0.095747,44.641685,1.672767
11967,0.601385,0.675483,nan,0.095747,nan,1.587028
11968,0.642568,0.708061,-31.914749,0.095736,46.576950,1.708597
11969,0.531543,0.660184,nan,0.095736,nan,1.468738
11970,0.590876,0.502799,-32.156181,0.095725,46.317413,1.618693
11971,0.507024,0.463891,nan,0.095725,nan,1.417844
11972,0.496927,0.471400,-31.337633,0.095713,43.378693,1.395292
11973,0.600896,0.612707,nan,0.095713,nan,1.606741
11974,0.795729,0.700843,-30.884378,0.095702,47.613171,1.995502
11975,0.680007,0.681393,nan,0.095702,nan,1.774347
11976,0.606958,0.634666,-32.320541,0.095691,45.449650,1.606110
11977,0.880774,0.810224,nan,0.095691,nan,2.157545
11978,0.584061,0.604761,-32.258026,0.095679,47.394829,1.579866
11979,0.795447,0.818458,nan,0.095679,nan,2.002310
11980,0.524280,0.533291,-30.502073,0.095668,47.191887,1.441693
11981,0.509839,0.623249,nan,0.095668,nan,1.411715
11982,0.643073,0.550114,-30.731529,0.095657,46.439339,1.676742
11983,0.759705,0.665108,nan,0.095657,nan,1.920257
11984,0.591481,0.558389,-31.429253,0.095645,44.919716,1.613447
11985,0.780339,0.809480,nan,0.095645,nan,1.913860
11986,0.852154,0.800078,-32.104759,0.095634,45.219421,2.117883
11987,0.652426,0.671660,nan,0.095634,nan,1.703900
11988,0.742915,0.809259,-30.500620,0.095623,46.553864,1.905449
11989,0.604409,0.681735,nan,0.095623,nan,1.569492
11990,0.674854,0.796938,-30.701395,0.095612,45.570984,1.726060
11991,0.604882,0.627057,nan,0.095612,nan,1.629923
11992,0.588420,0.581721,-32.131569,0.095600,43.404083,1.584298
11993,0.674582,0.568588,nan,0.095600,nan,1.767709
11994,0.869357,0.715453,-31.165413,0.095589,46.650108,2.182610
11995,0.618035,0.616963,nan,0.095589,nan,1.643942
11996,0.725687,0.663151,-30.286892,0.095578,46.283672,1.834603
11997,0.592210,0.547588,nan,0.095578,nan,1.609760
11998,0.676079,0.705268,-31.416538,0.095567,44.916985,1.773147
11999,0.571599,0.498955,nan,0.095567,nan,1.588853
12000,0.920191,0.796669,-30.707821,0.095555,44.004837,2.230029
12001,0.838870,0.848204,nan,0.095555,nan,2.033111
12002,0.798414,0.681784,-30.198753,0.095544,47.702560,1.919715
12003,0.828015,0.764269,nan,0.095544,nan,2.090295
12004,0.835971,0.760684,-31.514122,0.095533,47.016594,2.114868
12005,0.850611,0.756912,nan,0.095533,nan,2.165459
12006,0.660579,0.643161,-31.192616,0.095522,47.418076,1.708296
12007,0.756545,0.695799,nan,0.095522,nan,1.918622
12008,1.116474,0.980711,-31.026157,0.095510,46.574661,2.649559
12009,0.565015,0.599146,nan,0.095510,nan,1.527632
12010,0.762266,0.761665,-30.394325,0.095499,45.584999,1.945717
12011,0.574364,0.531444,nan,0.095499,nan,1.588791
12012,0.737326,0.748133,-29.567541,0.095488,47.509392,1.770376
12013,0.678673,0.661175,nan,0.095488,nan,1.719755
12014,0.709987,0.690318,-30.106327,0.095476,46.591343,1.730681
12015,0.596187,0.658455,nan,0.095476,nan,1.625218
12016,0.657947,0.669856,-32.006927,0.095465,47.725708,1.713769
12017,0.761756,0.754900,nan,0.095465,nan,1.959350
12018,0.808040,0.782898,-32.122200,0.095454,45.509357,2.060175
12019,0.666453,0.738544,nan,0.095454,nan,1.761962
12020,0.520568,0.551917,-31.064140,0.095443,45.529610,1.485560
12021,0.732145,0.674639,nan,0.095443,nan,1.912149
12022,0.730738,0.677074,-31.366261,0.095431,46.511040,1.871260
12023,0.557014,0.543996,nan,0.095431,nan,1.431051
12024,0.734869,0.700277,-30.578465,0.095420,44.155785,1.895302
12025,0.660618,0.681466,nan,0.095420,nan,1.675946
12026,0.558071,0.519874,-31.573357,0.095409,47.173164,1.520454
12027,0.673350,0.596046,nan,0.095409,nan,1.788157
12028,0.581458,0.555514,-32.073936,0.095397,45.790298,1.555123
12029,0.562324,0.496998,nan,0.095397,nan,1.461650
12030,1.099916,1.024794,-31.424002,0.095386,47.724579,2.608868
12031,0.718736,0.628546,nan,0.095386,nan,1.825755
12032,1.052961,0.864398,-30.530743,0.095375,46.931793,2.552150
12033,0.759001,0.694522,nan,0.095375,nan,1.964209
12034,0.769488,0.772089,-31.407825,0.095364,46.959297,1.932492
12035,0.567871,0.525871,nan,0.095364,nan,1.559389
12036,1.166982,1.233567,-31.115524,0.095352,46.300026,2.736242
12037,0.637178,0.687398,nan,0.095352,nan,1.728598
12038,0.780248,0.754056,-30.367996,0.095341,47.079987,1.967636
12039,0.764312,0.707675,nan,0.095341,nan,1.996354
12040,0.606501,0.669248,-31.245251,0.095330,45.485191,1.586797
12041,0.668933,0.547559,nan,0.095330,nan,1.718885
12042,0.752147,0.577395,-31.073233,0.095318,47.739750,1.920844
12043,0.699634,0.697882,nan,0.095318,nan,1.798362
12044,1.363529,1.355789,-28.235785,0.095307,45.481792,2.890055
12045,0.646220,0.623884,nan,0.095307,nan,1.738503
12046,1.191020,1.182586,-30.734257,0.095296,47.047195,2.829695
12047,0.783914,0.727339,nan,0.095296,nan,1.932701
12048,1.371019,1.341259,-30.206249,0.095285,45.633007,3.150858
12049,0.821261,0.714483,nan,0.095285,nan,2.038479
12050,0.867890,0.746464,-30.372498,0.095273,46.268951,2.108904
12051,0.922085,0.836771,nan,0.095273,nan,2.197894
12052,0.787318,0.790762,-31.791590,0.095262,45.577419,1.976246
12053,0.910239,0.866250,nan,0.095262,nan,2.162636
12054,0.675286,0.652343,-30.522446,0.095251,46.911488,1.740639
12055,0.739798,0.647720,nan,0.095251,nan,1.805432
12056,1.336558,1.453211,-30.913090,0.095239,47.403183,3.140735
12057,0.553503,0.546626,nan,0.095239,nan,1.512650
12058,0.765306,0.740734,-29.133583,0.095228,45.066029,1.847458
12059,0.696983,0.683103,nan,0.095228,nan,1.805720
12060,1.615443,1.535432,-30.504549,0.095217,45.139153,3.699660
12061,1.744617,1.595283,nan,0.095217,nan,3.941069
12062,0.716041,0.631919,-29.830826,0.095206,48.652390,1.828808
12063,1.497973,1.451567,nan,0.095206,nan,3.325058
12064,0.727935,0.628317,-28.637100,0.095195,45.212349,1.840884
12065,1.367668,1.374951,nan,0.095195,nan,3.201363
12066,1.407065,1.457360,-29.724987,0.095183,48.477509,3.151010
12067,0.859329,0.670960,nan,0.095183,nan,2.141255
12068,1.315465,1.200497,-30.868114,0.095172,44.611679,3.064322
12069,1.808076,1.769794,nan,0.095172,nan,4.012650
12070,0.852406,0.828704,-30.437962,0.095161,48.954910,2.162396
12071,0.813630,0.785713,nan,0.095161,nan,2.116856
12072,0.708351,0.605663,-29.316471,0.095149,47.109875,1.713674
12073,1.263581,1.261745,nan,0.095149,nan,2.956563
12074,0.650976,0.704003,-30.528547,0.095138,44.569336,1.744506
12075,0.688615,0.609956,nan,0.095138,nan,1.749143
12076,2.232573,2.152529,-27.784691,0.095127,46.405251,4.784901
12077,1.189516,1.188538,nan,0.095127,nan,2.786866
12078,1.578998,1.364690,-30.356850,0.095116,48.614784,3.598858
12079,0.682654,0.628304,nan,0.095116,nan,1.786590
12080,0.579837,0.563283,-30.747765,0.095104,45.410385,1.607101
12081,0.707829,0.592253,nan,0.095104,nan,1.891094
12082,0.762074,0.670445,-31.372265,0.095093,46.070507,1.996481
12083,1.491755,1.374359,nan,0.095093,nan,3.352804
12084,0.769711,0.638847,-29.214794,0.095082,49.203915,1.950136
12085,0.624134,0.609330,nan,0.095082,nan,1.720396
12086,0.636946,0.586862,-31.281565,0.095071,45.382835,1.718199
12087,0.459042,0.484517,nan,0.095071,nan,1.336844
12088,0.907814,0.732961,-30.702465,0.095059,46.668159,2.274318
12089,0.758624,0.736426,nan,0.095059,nan,1.978429
12090,0.564653,0.578254,-29.704426,0.095048,45.416767,1.571426
12091,0.681127,0.719604,nan,0.095048,nan,1.688283
12092,0.611613,0.616719,-31.572966,0.095037,44.400970,1.636226
12093,0.966348,0.921369,nan,0.095037,nan,2.388572
12094,2.327840,2.326720,-29.265659,0.095026,45.906616,5.036271
12095,1.345501,1.373055,nan,0.095026,nan,3.081633
12096,0.712528,0.719760,-30.858208,0.095015,45.700836,1.844342
12097,1.031490,0.945156,nan,0.095015,nan,2.475753
12098,0.467383,0.443916,-29.486584,0.095004,47.058796,1.259877
12099,1.030529,0.993351,nan,0.095004,nan,2.544414
12100,0.731153,0.650529,-30.656826,0.094992,47.365055,1.927798
12101,0.975324,1.136049,nan,0.094992,nan,2.434531
12102,1.292490,1.390769,-28.791586,0.094981,46.502869,3.032596
12103,0.718133,0.800670,nan,0.094981,nan,1.853729
12104,1.356305,1.421525,-28.377422,0.094970,48.269478,3.111999
12105,0.652808,0.621620,nan,0.094970,nan,1.701895
12106,0.757634,0.769380,-30.164673,0.094959,46.915222,1.942227
12107,1.600656,1.530863,nan,0.094959,nan,3.612534
12108,0.672800,0.695291,-26.910095,0.094948,45.989910,1.723142
12109,0.707543,0.781575,nan,0.094948,nan,1.818979
12110,0.675426,0.696352,-30.496950,0.094936,47.620441,1.803478
12111,1.370127,1.301038,nan,0.094936,nan,3.188752
12112,0.569121,0.504877,-30.257780,0.094925,46.423996,1.565437
12113,0.711168,0.584181,nan,0.094925,nan,1.857023
12114,0.661579,0.801556,-29.376411,0.094914,46.897949,1.704618
12115,0.665293,0.661080,nan,0.094914,nan,1.740696
12116,0.725749,0.602639,-29.030304,0.094903,44.526920,1.892795
12117,0.913085,1.063226,nan,0.094903,nan,2.306680
12118,0.808034,0.818719,-29.087498,0.094892,46.877258,2.115224
12119,0.609185,0.747663,nan,0.094892,nan,1.698048
12120,0.856070,0.868286,-28.714537,0.094880,44.668701,2.120560
12121,1.061868,1.069194,nan,0.094880,nan,2.540486
12122,0.877805,0.956907,-30.536251,0.094869,47.143173,2.163892
12123,0.765173,0.730635,nan,0.094869,nan,1.965821
12124,0.720227,0.746188,-30.364311,0.094858,44.894196,1.840483
12125,0.661344,0.770875,nan,0.094858,nan,1.765237
12126,0.879709,0.812702,-27.045448,0.094847,46.112457,2.157326
12127,0.900130,0.773471,nan,0.094847,nan,2.278009
12128,0.829786,0.893386,-28.855307,0.094836,47.032394,2.101333
12129,0.699883,0.729658,nan,0.094836,nan,1.916751
12130,1.005276,0.980054,-29.942091,0.094825,47.311821,2.512800
12131,1.136532,1.110737,nan,0.094825,nan,2.767674
12132,0.692284,0.657047,-29.685163,0.094814,47.831894,1.813259
12133,0.644576,0.641704,nan,0.094814,nan,1.719695
12134,0.611170,0.596843,-29.762741,0.094803,45.390503,1.677012
12135,0.656512,0.581877,nan,0.094803,nan,1.732187
12136,0.869084,0.852083,-27.832428,0.094791,46.236397,2.159402
12137,0.919917,0.803886,nan,0.094791,nan,2.288214
12138,0.979376,0.871311,-28.600647,0.094780,46.520241,2.455587
12139,0.634572,0.556502,nan,0.094780,nan,1.655185
12140,0.711283,0.819287,-29.163582,0.094769,47.563496,1.889172
12141,1.154656,1.378870,nan,0.094769,nan,2.781577
12142,1.222590,1.230857,-28.487556,0.094758,46.513130,2.903895
12143,1.155265,1.216847,nan,0.094758,nan,2.724955
12144,1.272414,1.266132,-29.263708,0.094747,48.358170,2.960662
12145,1.290771,1.266539,nan,0.094747,nan,2.988090
12146,0.859905,0.903895,-27.448273,0.094736,46.556778,2.174718
12147,1.285331,1.257483,nan,0.094736,nan,3.089944
12148,0.800052,0.798532,-28.888067,0.094724,47.703983,2.040787
12149,0.616676,0.701340,nan,0.094724,nan,1.680017
12150,0.774574,0.734657,-28.900038,0.094713,46.424294,1.998568
12151,0.733560,0.684011,nan,0.094713,nan,1.933930
12152,0.900131,0.990123,-27.730465,0.094702,46.915970,2.243444
12153,0.690882,0.692475,nan,0.094702,nan,1.816218
12154,0.716527,0.687606,-28.554581,0.094691,44.723793,1.838096
12155,0.681662,0.666748,nan,0.094691,nan,1.746617
12156,0.679138,0.613115,-29.488941,0.094680,49.006195,1.756137
12157,0.810762,0.950811,nan,0.094680,nan,2.093218
12158,0.841635,0.748082,-30.323112,0.094669,46.775604,2.148055
12159,0.714387,0.875080,nan,0.094669,nan,1.904487
12160,0.733102,0.752939,-27.398056,0.094658,46.451859,1.922606
12161,0.737023,0.582192,nan,0.094658,nan,1.949085
12162,1.194650,1.085319,-28.183331,0.094646,46.959816,2.888899
12163,0.733593,0.688616,nan,0.094646,nan,1.928809
12164,0.598879,0.657152,-27.409866,0.094635,47.377953,1.611146
12165,0.903919,0.883869,nan,0.094635,nan,2.281096
12166,0.966267,0.930316,-28.966549,0.094624,45.585442,2.348273
12167,0.716225,0.648350,nan,0.094624,nan,1.873133
12168,0.902404,0.925733,-27.027317,0.094613,44.552555,2.234251
12169,0.888390,0.853968,nan,0.094613,nan,2.208092
12170,0.824247,0.763760,-29.359499,0.094602,46.190464,2.106150
12171,0.863617,0.771188,nan,0.094602,nan,2.184919
12172,0.947700,0.813021,-27.310169,0.094591,49.411469,2.348232
12173,0.616799,0.668395,nan,0.094591,nan,1.714431
12174,0.773151,0.802127,-30.513779,0.094580,45.422195,2.020574
12175,1.045678,0.973096,nan,0.094580,nan,2.560664
12176,0.701851,0.712823,-28.298573,0.094568,47.421478,1.786309
12177,0.747018,0.694071,nan,0.094568,nan,1.898024
12178,0.754390,0.707711,-28.280310,0.094557,46.333797,1.964666
12179,0.837889,0.840314,nan,0.094557,nan,2.154679
12180,0.768234,0.690295,-29.081982,0.094546,45.765385,2.016973
12181,0.735606,0.752203,nan,0.094546,nan,1.934428
12182,0.873748,0.726608,-27.438719,0.094535,47.621933,2.250529
12183,0.654525,0.671736,nan,0.094535,nan,1.808963
12184,0.781986,0.703915,-28.708160,0.094524,48.052135,2.049688
12185,0.575830,0.544819,nan,0.094524,nan,1.608289
12186,0.777632,1.024273,-29.810482,0.094513,47.001419,1.987318
12187,0.756901,0.771231,nan,0.094513,nan,1.960191
12188,0.670312,0.572820,-30.627542,0.094502,46.064152,1.765147
12189,0.757832,0.649508,nan,0.094502,nan,1.959943
12190,0.980200,0.821973,-30.725498,0.094491,47.441780,2.414325
12191,0.710546,0.710380,nan,0.094491,nan,1.863905
12192,0.717511,0.662260,-30.759626,0.094480,47.588173,1.881395
12193,0.748710,0.785550,nan,0.094480,nan,1.977131
12194,0.653501,0.684079,-27.480528,0.094468,47.416889,1.773668
12195,0.796179,0.640360,nan,0.094468,nan,2.059319
12196,0.587104,0.546826,-29.754745,0.094457,48.254597,1.626078
12197,0.701967,0.560058,nan,0.094457,nan,1.879186
12198,0.720340,0.663208,-30.161226,0.094446,48.480972,1.871399
12199,1.058929,0.921905,nan,0.094446,nan,2.591960
12200,0.959085,0.978642,-26.256041,0.094435,47.673409,2.391102
12201,0.640805,0.611289,nan,0.094435,nan,1.735228
12202,0.631495,0.525291,-29.734625,0.094424,46.000999,1.727522
12203,0.631786,0.707905,nan,0.094424,nan,1.701874
12204,0.710494,0.646933,-28.900051,0.094413,45.847881,1.847061
12205,0.682227,0.664853,nan,0.094413,nan,1.793960
12206,0.824348,0.722212,-27.547600,0.094401,46.684193,2.118861
12207,0.701738,0.674746,nan,0.094401,nan,1.825634
12208,0.609486,0.522857,-27.098745,0.094390,47.385319,1.661286
12209,0.807638,0.838253,nan,0.094390,nan,2.110299
12210,0.630286,0.723049,-28.346443,0.094379,46.414585,1.730237
12211,1.093899,1.117820,nan,0.094379,nan,2.678072
12212,0.909100,0.859652,-29.398809,0.094368,47.209778,2.321159
12213,0.857468,0.762293,nan,0.094368,nan,2.219916
12214,0.657637,0.745235,-29.270134,0.094357,45.157242,1.793499
12215,0.807516,0.749513,nan,0.094357,nan,2.104178
12216,0.807193,0.822020,-29.320854,0.094346,46.549103,2.092729
12217,0.947440,0.991345,nan,0.094346,nan,2.412153
12218,0.609381,0.611784,-30.624527,0.094335,45.286385,1.702648
12219,0.615811,0.635968,nan,0.094335,nan,1.659006
12220,0.679782,0.614462,-27.906267,0.094324,48.692764,1.801975
12221,0.702157,0.761317,nan,0.094324,nan,1.897163
12222,0.833140,0.803316,-27.133089,0.094313,48.664639,2.129967
12223,0.987745,0.892324,nan,0.094313,nan,2.512919
12224,0.869568,0.839871,-27.558678,0.094302,43.769924,2.213515
12225,0.809531,0.656366,nan,0.094302,nan,2.096519
12226,0.830417,1.078660,-28.095213,0.094291,47.950706,2.082841
12227,0.969081,0.965856,nan,0.094291,nan,2.402696
12228,0.675843,0.830839,-27.481426,0.094280,46.311974,1.772861
12229,0.867910,1.106460,nan,0.094280,nan,2.187515
12230,0.716949,0.747942,-29.528717,0.094269,45.613525,1.867176
12231,0.944552,0.921698,nan,0.094269,nan,2.318048
12232,0.995789,0.851175,-24.987101,0.094258,46.584541,2.459398
12233,0.790464,0.782992,nan,0.094258,nan,2.037345
12234,0.641447,0.583245,-27.839022,0.094247,47.340202,1.723092
12235,0.943825,0.917992,nan,0.094247,nan,2.371850
12236,0.987823,0.933361,-28.332197,0.094236,46.709724,2.492784
12237,1.079816,1.013792,nan,0.094236,nan,2.661914
12238,0.785201,0.700814,-27.255814,0.094224,49.968727,2.024470
12239,0.791087,0.829919,nan,0.094224,nan,2.044636
12240,0.879885,0.852561,-27.499275,0.094213,48.235779,2.223905
12241,0.992897,0.973053,nan,0.094213,nan,2.463179
12242,0.882188,1.076831,-29.052847,0.094202,48.093742,2.216576
12243,0.799680,0.888734,nan,0.094202,nan,2.026431
12244,0.960949,1.004909,-27.311575,0.094191,50.562084,2.375609
12245,0.728528,0.658378,nan,0.094191,nan,1.887338
12246,0.916637,0.895800,-26.410892,0.094180,47.565834,2.331123
12247,0.532694,0.504329,nan,0.094180,nan,1.477992
12248,0.828860,0.888240,-25.153046,0.094169,45.913239,2.103122
12249,0.778262,0.853904,nan,0.094169,nan,2.054465
12250,0.998890,0.883731,-29.058989,0.094158,45.936165,2.464227
12251,0.780231,0.800918,nan,0.094158,nan,2.008689
12252,1.075331,1.013161,-27.386786,0.094147,47.769909,2.633095
12253,0.881433,0.931092,nan,0.094147,nan,2.242023
12254,0.687979,0.727862,-24.714737,0.094135,48.349609,1.828075
12255,0.741794,0.789182,nan,0.094135,nan,1.946148
12256,0.718274,0.695980,-26.194721,0.094124,47.939636,1.905190
12257,0.891905,0.813670,nan,0.094124,nan,2.284764
12258,0.742578,0.707087,-27.552053,0.094113,46.259552,1.970920
12259,0.703877,0.585841,nan,0.094113,nan,1.896580
12260,0.681699,0.639132,-29.467247,0.094102,45.217319,1.767193
12261,0.937248,0.882934,nan,0.094102,nan,2.339980
12262,0.798264,0.860215,-27.893345,0.094091,48.935551,2.043739
12263,0.936118,0.890665,nan,0.094091,nan,2.384638
12264,0.561509,0.695560,-27.292778,0.094080,48.903107,1.573670
12265,1.085892,1.019807,nan,0.094080,nan,2.655329
12266,0.987075,0.886887,-27.871674,0.094069,46.396324,2.441645
12267,0.796593,0.742475,nan,0.094069,nan,2.049785
12268,0.746017,0.740075,-24.622768,0.094058,45.972767,1.976279
12269,0.538567,0.518028,nan,0.094058,nan,1.538080
12270,0.811981,0.693565,-28.224323,0.094047,45.035599,2.112122
12271,0.961047,0.976653,nan,0.094047,nan,2.436337
12272,0.821954,0.829028,-29.539989,0.094036,48.938576,2.137740
12273,0.953937,0.944352,nan,0.094036,nan,2.400079
12274,1.016120,1.035183,-27.611202,0.094025,47.435547,2.530574
12275,0.592048,0.531354,nan,0.094025,nan,1.649794
12276,0.673924,0.667958,-25.990257,0.094014,45.287491,1.830175
12277,0.907073,1.303212,nan,0.094014,nan,2.341565
12278,0.895278,1.007545,-28.361946,0.094003,45.768475,2.295288
12279,0.783937,0.748267,nan,0.094003,nan,2.045865
12280,0.798324,0.670166,-30.750076,0.093992,47.929241,2.076165
12281,0.916650,0.837181,nan,0.093992,nan,2.333082
12282,0.817173,0.783423,-27.243958,0.093981,45.370541,2.096557
12283,0.709126,0.711718,nan,0.093981,nan,1.882686
12284,1.069870,0.908595,-27.036964,0.093970,49.496475,2.609447
12285,0.925652,0.869990,nan,0.093970,nan,2.315750
12286,0.751812,0.704564,-26.947929,0.093959,47.412411,1.985327
12287,0.654833,0.606093,nan,0.093959,nan,1.780015
12288,1.011456,0.913160,-26.918875,0.093948,46.686729,2.526317
12289,0.922513,0.922689,nan,0.093948,nan,2.305812
12290,0.814220,0.836658,-25.741785,0.093937,47.099121,2.067686
12291,0.938943,0.833278,nan,0.093937,nan,2.370801
12292,1.139605,1.055431,-25.452263,0.093926,47.261086,2.774027
12293,0.648821,0.615369,nan,0.093926,nan,1.746652
12294,0.995557,0.950357,-29.375689,0.093915,49.143616,2.477794
12295,1.092465,0.977394,nan,0.093915,nan,2.708047
12296,0.900911,0.758601,-27.132952,0.093903,46.924461,2.314932
12297,0.770047,0.685824,nan,0.093903,nan,2.057126
12298,0.631125,0.550827,-26.477665,0.093892,47.347851,1.757500
12299,0.718941,0.829670,nan,0.093892,nan,1.935400
12300,1.170632,1.051282,-26.608658,0.093881,48.685143,2.835664
12301,0.778308,0.867287,nan,0.093881,nan,2.016717
12302,1.046731,1.044919,-27.248093,0.093870,46.817940,2.559319
12303,0.916001,0.850167,nan,0.093870,nan,2.276942
12304,0.584900,0.661906,-27.713089,0.093859,47.088936,1.594075
12305,0.859504,0.806041,nan,0.093859,nan,2.230196
12306,0.829980,0.765838,-29.631481,0.093848,49.886250,2.134414
12307,0.749899,0.682865,nan,0.093848,nan,2.003253
12308,0.826721,0.707587,-27.094730,0.093837,46.611969,2.176817
12309,1.123140,0.913976,nan,0.093837,nan,2.780865
12310,1.017333,0.920565,-27.744663,0.093826,44.829933,2.590998
12311,1.193373,1.016594,nan,0.093826,nan,2.932122
12312,0.774379,0.765538,-28.733908,0.093815,47.739902,2.045258
12313,0.822907,0.690782,nan,0.093815,nan,2.151881
12314,0.842954,0.826701,-25.980711,0.093804,45.521881,2.193462
12315,0.965464,0.823280,nan,0.093804,nan,2.437367
12316,0.927905,0.745169,-28.493586,0.093793,48.715385,2.317037
12317,1.048170,0.900748,nan,0.093793,nan,2.590567
12318,0.869597,0.776224,-27.719553,0.093782,50.575260,2.184787
12319,0.712029,0.704602,nan,0.093782,nan,1.881173
12320,0.940686,0.886728,-25.409218,0.093771,46.634914,2.372977
12321,0.974371,0.975807,nan,0.093771,nan,2.410709
12322,0.813130,0.843461,-28.046648,0.093760,45.615540,2.092708
12323,0.800098,0.931213,nan,0.093760,nan,2.055301
12324,0.996323,1.025036,-27.237083,0.093749,48.701523,2.489695
12325,0.750937,0.711790,nan,0.093749,nan,1.957902
12326,0.798110,0.929479,-23.069939,0.093738,47.386742,2.103900
12327,0.810068,0.980957,nan,0.093738,nan,2.097792
12328,0.884017,0.733514,-24.462767,0.093727,47.410095,2.288668
12329,1.035505,0.860496,nan,0.093727,nan,2.587516
12330,0.942367,0.744139,-27.948059,0.093716,49.636719,2.393351
12331,0.660812,0.704268,nan,0.093716,nan,1.829636
12332,1.180619,1.099312,-28.790176,0.093705,48.582253,2.884120
12333,0.745590,0.740501,nan,0.093705,nan,1.945620
12334,0.892894,0.867516,-25.702486,0.093694,47.774258,2.257756
12335,0.880197,0.764653,nan,0.093694,nan,2.276537
12336,0.930411,0.853013,-25.077364,0.093683,47.867542,2.366065
12337,0.982963,1.001440,nan,0.093683,nan,2.415209
12338,0.796908,0.805903,-26.447056,0.093672,48.222527,2.071160
12339,1.142182,1.059800,nan,0.093672,nan,2.812945
12340,1.037496,0.962300,-28.387733,0.093661,47.305550,2.603437
12341,1.359714,1.225691,nan,0.093661,nan,3.269753
12342,0.876885,0.831405,-26.274376,0.093650,49.338444,2.302552
12343,0.806274,0.747879,nan,0.093650,nan,2.130879
12344,1.209773,1.219049,-25.393358,0.093639,46.933792,2.927572
12345,1.149696,1.046584,nan,0.093639,nan,2.818871
12346,1.013595,0.895700,-27.272503,0.093627,47.030041,2.516921
12347,1.105469,0.951845,nan,0.093627,nan,2.665138
12348,1.022642,0.761474,-25.410210,0.093616,48.436768,2.513153
12349,0.969099,0.860781,nan,0.093616,nan,2.410677
12350,0.954819,0.854563,-25.952517,0.093605,46.018177,2.410875
12351,0.940131,0.878709,nan,0.093605,nan,2.406607
12352,0.972736,1.005651,-26.289621,0.093594,48.821281,2.452551
12353,0.709395,0.674853,nan,0.093594,nan,1.908367
12354,0.742386,0.787350,-28.495571,0.093583,49.290718,1.994256
12355,1.123994,1.051475,nan,0.093583,nan,2.721126
12356,1.509685,1.333199,-28.588799,0.093572,46.178413,3.554020
12357,0.869273,0.797641,nan,0.093572,nan,2.233002
12358,0.654021,0.541603,-25.772602,0.093561,49.453568,1.801412
12359,1.038286,0.909248,nan,0.093561,nan,2.610881
12360,0.947979,0.813520,-25.547352,0.093550,46.087467,2.370584
12361,0.740392,0.602480,nan,0.093550,nan,1.971652
12362,0.921789,0.784423,-23.769421,0.093539,47.939053,2.347281
12363,0.730898,0.725956,nan,0.093539,nan,1.927533
12364,0.794605,0.702502,-27.805738,0.093528,46.604862,2.105194
12365,1.058257,1.031298,nan,0.093528,nan,2.664844
12366,0.676904,0.675856,-24.412621,0.093517,47.841331,1.845384
12367,0.973371,1.022658,nan,0.093517,nan,2.417804
12368,0.897266,0.786064,-23.882671,0.093506,47.518429,2.273133
12369,0.762587,0.741970,nan,0.093506,nan,2.017604
12370,0.882331,0.824484,-25.156757,0.093495,45.552132,2.280088
12371,1.211467,1.274961,nan,0.093495,nan,2.965395
12372,0.917583,0.771437,-28.663445,0.093484,50.281067,2.348481
12373,1.302657,0.883910,nan,0.093484,nan,3.159494
12374,0.828289,0.701221,-27.098406,0.093473,50.006653,2.161546
12375,1.056400,1.038382,nan,0.093473,nan,2.582785
12376,0.842107,0.782388,-28.101673,0.093462,48.696484,2.180367
12377,1.500163,1.325077,nan,0.093462,nan,3.568682
12378,1.150208,0.893124,-23.878256,0.093451,47.870243,2.845062
12379,1.001847,1.070562,nan,0.093451,nan,2.493168
12380,0.724160,0.696945,-25.435150,0.093440,47.695114,1.921387
12381,0.781458,0.828792,nan,0.093440,nan,2.034699
12382,1.209852,1.290625,-25.336693,0.093429,47.168335,2.950354
12383,0.875019,0.995033,nan,0.093429,nan,2.241639
12384,0.841725,0.831295,-25.829586,0.093418,49.068283,2.196750
12385,1.045072,1.147322,nan,0.093418,nan,2.607423
12386,1.001124,1.091972,-23.042437,0.093407,47.006989,2.499062
12387,1.585559,1.686237,nan,0.093407,nan,3.719116
12388,2.119791,2.153015,-26.149097,0.093396,48.076649,4.828994
12389,1.307577,1.420080,nan,0.093396,nan,3.150896
12390,0.714642,0.677808,-25.800005,0.093385,46.606274,1.905269
12391,1.037984,1.168621,nan,0.093385,nan,2.563984
12392,1.069092,1.010072,-24.501205,0.093374,46.946712,2.615504
12393,1.299294,1.287100,nan,0.093374,nan,3.152056
12394,1.372617,1.495373,-26.380711,0.093363,47.715565,3.247906
12395,1.018923,1.021492,nan,0.093363,nan,2.571490
12396,0.913929,0.866232,-23.351549,0.093352,47.265465,2.316796
12397,0.730461,1.059140,nan,0.093352,nan,1.953214
12398,1.151695,1.641441,-23.026161,0.093341,47.035503,2.846145
12399,0.860462,0.863126,nan,0.093341,nan,2.218204
12400,1.170426,1.071352,-26.859077,0.093330,49.936962,2.860702
12401,0.676645,0.675190,nan,0.093330,nan,1.889759
12402,1.047563,1.012741,-24.918470,0.093319,48.382973,2.599180
12403,0.907430,0.909820,nan,0.093319,nan,2.308263
12404,0.921954,0.994095,-25.313219,0.093308,48.295174,2.307861
12405,1.174600,0.933067,nan,0.093308,nan,2.912785
12406,0.942537,1.019080,-23.207575,0.093297,48.161598,2.405411
12407,1.161385,1.112789,nan,0.093297,nan,2.863639
12408,0.598674,0.538629,-24.515467,0.093286,46.908180,1.664203
12409,0.917667,0.930124,nan,0.093286,nan,2.333915
12410,0.989459,0.995223,-24.915501,0.093275,49.037666,2.474172
12411,1.222878,1.116373,nan,0.093275,nan,3.011512
12412,1.462015,1.412247,-27.204472,0.093265,45.676544,3.448248
12413,1.041528,0.923158,nan,0.093265,nan,2.612099
12414,1.171227,1.007672,-20.581522,0.093254,46.879368,2.846731
12415,1.665230,1.294624,nan,0.093254,nan,3.877243
12416,1.926811,1.625710,-25.819532,0.093243,49.979362,4.357531
12417,1.159866,1.023153,nan,0.093243,nan,2.856692
12418,1.210752,1.144603,-25.009029,0.093232,47.380470,2.981088
12419,1.091916,0.958655,nan,0.093232,nan,2.713613
12420,1.166605,1.152632,-21.666130,0.093221,48.955441,2.805865
12421,1.194706,1.182368,nan,0.093221,nan,2.899858
12422,0.866654,0.833845,-25.603323,0.093210,47.410767,2.196346
12423,1.106818,1.044190,nan,0.093210,nan,2.727464
12424,1.370855,1.274319,-25.811392,0.093199,46.541107,3.246116
12425,1.106877,1.006765,nan,0.093199,nan,2.712966
12426,1.090521,1.055290,-24.040878,0.093188,48.332951,2.708600
12427,1.086639,0.982226,nan,0.093188,nan,2.709513
12428,1.598940,1.484584,-22.422413,0.093177,48.047035,3.752895
12429,1.123558,1.048142,nan,0.093177,nan,2.767799
12430,1.155782,1.008969,-21.236237,0.093166,50.740063,2.813834
12431,0.983283,0.792458,nan,0.093166,nan,2.501216
12432,1.540247,1.301460,-21.336262,0.093155,50.147434,3.621903
12433,1.083896,0.964072,nan,0.093155,nan,2.690080
12434,1.089481,1.033300,-20.518547,0.093144,46.091019,2.718616
12435,1.468349,1.249126,nan,0.093144,nan,3.499017
12436,0.890901,0.755206,-26.380074,0.093133,47.925812,2.292157
12437,1.226141,1.093084,nan,0.093133,nan,3.025531
12438,1.152793,1.031520,-21.102100,0.093122,49.016563,2.831449
12439,1.246600,1.100094,nan,0.093122,nan,2.985523
12440,1.297299,1.233511,-22.041470,0.093111,47.123413,3.137662
12441,0.990342,0.993544,nan,0.093111,nan,2.515580
12442,1.137441,1.203579,-22.895168,0.093100,49.708893,2.817714
12443,1.346895,1.189110,nan,0.093100,nan,3.224000
12444,0.727328,1.050888,-19.518471,0.093089,48.613510,1.892860
12445,0.786041,0.720918,nan,0.093089,nan,2.037719
12446,1.370663,1.492484,-22.799551,0.093078,48.580021,3.225052
12447,1.116147,0.890849,nan,0.093078,nan,2.743461
12448,1.388995,1.145083,-22.666203,0.093067,49.247925,3.300737
12449,1.226565,1.204259,nan,0.093067,nan,2.960238
12450,1.402238,1.479604,-21.718817,0.093056,48.230503,3.288758
12451,1.442640,0.949082,nan,0.093056,nan,3.433456
12452,1.214598,1.219949,-22.621946,0.093045,47.942863,2.944080
12453,0.891954,0.793123,nan,0.093045,nan,2.247944
12454,0.936169,0.859065,-25.119169,0.093034,47.738365,2.373020
12455,0.831164,0.928827,nan,0.093034,nan,2.115339
12456,1.092937,1.037022,-23.932003,0.093023,50.245399,2.729332
12457,1.253817,1.193206,nan,0.093023,nan,3.017276
12458,0.967161,0.769071,-21.290455,0.093012,48.929760,2.448198
12459,1.153884,1.352973,nan,0.093012,nan,2.880713
12460,1.210938,1.237644,-20.347364,0.093001,48.761856,2.971752
12461,2.143818,2.038798,nan,0.093001,nan,4.879891
12462,1.411097,1.398877,-25.288946,0.092990,50.263504,3.366481
12463,1.476522,1.157998,nan,0.092990,nan,3.495775
12464,2.810043,2.392035,-21.942247,0.092979,50.216129,6.215957
12465,2.160209,1.696535,nan,0.092979,nan,4.876468
12466,1.871635,1.559177,-20.292686,0.092968,48.775597,4.320551
12467,1.254082,1.283627,nan,0.092968,nan,2.993506
12468,1.209003,1.145744,-18.778332,0.092957,48.830139,2.891223
12469,1.244560,1.063805,nan,0.092957,nan,2.999409
12470,1.485021,1.626441,-22.090229,0.092946,46.617393,3.503868
12471,1.942271,2.031331,nan,0.092946,nan,4.465853
12472,1.493229,1.439223,-23.855305,0.092935,47.339310,3.556832
12473,1.489608,1.587045,nan,0.092935,nan,3.519812
12474,1.326309,1.232565,-25.081240,0.092924,48.931000,3.173442
12475,1.205416,1.234327,nan,0.092924,nan,2.940170
12476,1.384304,1.307916,-21.435766,0.092913,49.982307,3.344770
12477,1.573477,1.551434,nan,0.092913,nan,3.660105
12478,1.236566,1.341838,-20.583897,0.092902,46.883881,2.963311
12479,1.356470,1.403994,nan,0.092902,nan,3.248840
12480,1.112925,1.146706,-21.742018,0.092891,48.251068,2.712217
12481,1.589352,1.193084,nan,0.092891,nan,3.700581
12482,1.542217,1.441207,-21.691090,0.092880,47.735489,3.612081
12483,1.204177,1.223602,nan,0.092880,nan,2.888716
12484,1.156359,1.100783,-15.560580,0.092869,47.335602,2.771633
12485,1.388901,1.385928,nan,0.092869,nan,3.220195
12486,1.243478,1.237214,-21.643791,0.092858,46.784050,2.974757
12487,1.554365,1.438028,nan,0.092858,nan,3.670219
12488,2.034957,2.082909,-19.074886,0.092847,49.490009,4.633212
12489,1.274767,1.267817,nan,0.092847,nan,3.077428
12490,1.281093,1.263382,-16.508522,0.092836,47.714951,3.078726
12491,1.810359,2.418617,nan,0.092836,nan,4.181569
12492,0.885690,2.078901,-21.305908,0.092826,48.556396,2.312478
12493,2.071603,2.180105,nan,0.092826,nan,4.702783
12494,1.845004,1.596369,-20.592175,0.092815,46.262924,4.257981
12495,2.142310,2.630989,nan,0.092815,nan,4.840963
12496,1.036263,1.688885,-15.882244,0.092804,48.162567,2.625640
12497,1.613828,1.006685,nan,0.092804,nan,3.761161
12498,1.601766,1.606015,-18.592215,0.092793,46.931347,3.716485
12499,2.543092,1.609448,nan,0.092793,nan,5.654011
12500,3.570900,2.502470,-19.761942,0.092782,47.529106,7.710940
12501,1.898171,1.606807,nan,0.092782,nan,4.336061
12502,2.651392,2.385853,-17.800934,0.092771,46.617737,5.837203
12503,1.781034,1.708897,nan,0.092771,nan,4.132441
12504,1.368281,1.130513,-19.776890,0.092761,50.314156,3.261828
12505,0.991526,1.348272,nan,0.092761,nan,2.440362
12506,1.588454,1.277902,-20.006927,0.092750,51.687923,3.657363
12507,2.621663,2.423967,nan,0.092750,nan,5.751843
12508,1.747405,1.626875,-17.752533,0.092739,47.411694,3.961019
12509,1.952385,1.885813,nan,0.092739,nan,4.411786
12510,2.035369,1.735689,-19.784252,0.092728,48.246849,4.588234
12511,2.192986,2.088092,nan,0.092728,nan,4.916030
12512,1.278503,1.554371,-22.515156,0.092717,47.417892,3.074555
12513,1.171559,1.227111,nan,0.092717,nan,2.798925
12514,1.254488,1.016962,-17.629805,0.092706,48.210884,2.960954
12515,1.346827,1.379757,nan,0.092706,nan,3.139969
12516,1.846545,1.758836,-25.249561,0.092695,48.263916,4.244542
12517,2.969013,2.409472,nan,0.092695,nan,6.496524
12518,1.925905,1.049602,-22.450878,0.092685,48.807472,4.397781
12519,3.243749,2.000705,nan,0.092685,nan,7.060389
12520,2.492045,1.628091,-16.954927,0.092674,49.445572,5.488654
12521,1.759320,2.228524,nan,0.092674,nan,4.053298
12522,2.079970,1.919476,-19.481743,0.092663,46.190285,4.688337
12523,2.306293,1.782541,nan,0.092663,nan,5.140554
12524,1.527930,1.512457,-21.742025,0.092652,47.578377,3.601893
12525,1.413755,1.455090,nan,0.092652,nan,3.334150
12526,1.162856,1.288285,-17.196621,0.092641,48.854618,2.787046
12527,1.338591,1.358979,nan,0.092641,nan,3.145292
12528,1.860513,1.754511,-17.376934,0.092630,50.777748,4.194711
12529,1.607091,1.570100,nan,0.092630,nan,3.737489
12530,1.138292,1.280420,-15.306145,0.092619,51.759361,2.735080
12531,1.247159,1.229977,nan,0.092619,nan,2.984982
12532,2.092031,2.095730,-18.571949,0.092608,49.617516,4.714474
12533,1.325539,1.598184,nan,0.092608,nan,3.194088
12534,1.305860,1.506139,-18.567902,0.092597,50.379700,3.121044
12535,2.296867,2.466346,nan,0.092597,nan,5.132697
12536,1.177809,1.338302,-18.419979,0.092586,50.979294,2.848277
12537,1.613484,1.540673,nan,0.092586,nan,3.739830
12538,1.327756,1.141866,-19.061201,0.092575,49.623215,3.173776
12539,1.812824,1.780792,nan,0.092575,nan,4.122296
12540,1.623641,1.244686,-19.596247,0.092564,47.651123,3.749042
12541,1.470005,1.483611,nan,0.092564,nan,3.472974
12542,1.590848,1.444279,-17.167995,0.092553,50.635368,3.684489
12543,1.249715,1.289794,nan,0.092553,nan,2.997212
12544,1.521709,1.844329,-15.329538,0.092542,49.407425,3.538768
12545,1.820315,1.537859,nan,0.092542,nan,4.162514
12546,2.001661,2.065044,-17.105898,0.092531,48.087280,4.516190
12547,1.824598,1.844007,nan,0.092531,nan,4.158043
12548,1.610738,1.719573,-22.398235,0.092520,46.855461,3.702446
12549,1.184845,1.330464,nan,0.092520,nan,2.788783
12550,1.426698,1.274049,-17.459068,0.092509,51.065136,3.278097
12551,1.643544,1.573792,nan,0.092509,nan,3.755003
12552,1.733117,1.793655,-19.978470,0.092498,48.676476,3.943128
12553,1.365009,1.182893,nan,0.092498,nan,3.142487
12554,1.584351,1.674817,-15.526672,0.092487,48.765533,3.585239
12555,1.520980,1.326173,nan,0.092487,nan,3.472663
12556,1.501302,1.482958,-17.244476,0.092477,48.249146,3.411516
12557,1.445188,1.538533,nan,0.092477,nan,3.335588
12558,1.501332,1.561030,-19.820494,0.092466,51.520645,3.430362
12559,1.323430,1.804676,nan,0.092466,nan,3.049572
12560,1.715229,1.298059,-16.579166,0.092455,49.460938,3.909052
12561,2.244022,2.278068,nan,0.092455,nan,4.985903
12562,1.835231,2.150915,-15.838442,0.092444,49.809090,4.105509
12563,2.034458,1.812746,nan,0.092444,nan,4.541956
12564,3.056008,2.820949,-17.836014,0.092433,49.892792,6.571649
12565,2.037589,2.073602,nan,0.092433,nan,4.560739
12566,1.545677,1.925743,-11.503503,0.092422,48.134724,3.495069
12567,1.425696,1.389405,nan,0.092422,nan,3.201450
12568,1.759919,1.554908,-19.768764,0.092411,46.669724,3.930345
12569,1.418449,1.805066,nan,0.092411,nan,3.293445
12570,1.777369,1.804012,-21.009113,0.092400,48.653992,3.979484
12571,2.031140,1.792826,nan,0.092400,nan,4.522810
12572,2.710617,1.870858,-11.958899,0.092389,48.543674,5.864615
12573,1.715978,3.072321,nan,0.092389,nan,3.789498
12574,2.702421,3.127320,-15.816738,0.092378,47.347279,5.846707
12575,2.914357,2.603089,nan,0.092378,nan,6.219377
12576,2.617103,2.703095,-17.218189,0.092367,46.723747,5.578835
12577,4.446648,4.131736,nan,0.092367,nan,9.284782
12578,2.910560,2.908788,-13.436769,0.092356,49.894341,6.213759
12579,3.057137,3.260099,nan,0.092356,nan,6.532890
12580,2.489214,2.414715,-13.946724,0.092346,47.298199,5.371900
12581,1.683192,1.523535,nan,0.092346,nan,3.617381
12582,2.077686,1.871506,-15.803539,0.092335,49.702072,4.562457
12583,2.354809,2.264443,nan,0.092335,nan,5.169111
12584,1.556605,1.269739,-20.525236,0.092324,50.906361,3.542121
12585,2.775388,2.436655,nan,0.092324,nan,6.079094
12586,3.659536,3.366406,-14.553247,0.092313,47.386871,7.829869
12587,2.421326,2.245700,nan,0.092313,nan,5.429453
12588,2.478710,1.736382,-12.088211,0.092302,47.234741,5.365489
12589,1.883554,1.851613,nan,0.092302,nan,4.323138
12590,2.689362,2.617100,-11.336408,0.092291,49.170204,5.795521
12591,1.949488,2.001751,nan,0.092291,nan,4.458633
12592,2.101844,2.062716,-16.273605,0.092281,49.470455,4.743546
12593,1.833516,1.823191,nan,0.092281,nan,4.217730
12594,3.418298,2.749108,-10.764154,0.092270,49.823959,7.439117
12595,3.328660,3.577659,nan,0.092270,nan,7.193493
12596,2.278054,2.359742,-18.532597,0.092259,51.204781,5.082667
12597,5.017310,4.978482,nan,0.092259,nan,10.596342
12598,4.057300,4.610101,-17.983103,0.092248,48.156013,8.747936
12599,3.023017,2.595889,nan,0.092248,nan,6.653592
12600,2.920236,2.853344,-9.077904,0.092237,51.297768,6.434239
12601,3.026603,3.474186,nan,0.092237,nan,6.680021
12602,4.015363,3.209245,-6.299493,0.092226,50.880699,8.660536
12603,2.406692,2.162420,nan,0.092226,nan,5.508201
12604,3.049949,2.919772,-16.032764,0.092215,48.242268,6.792314
12605,3.047591,2.683767,nan,0.092215,nan,6.784550
12606,3.677620,4.633285,-11.606608,0.092204,52.540382,7.992534
12607,2.963249,3.568327,nan,0.092204,nan,6.628341
12608,3.850980,4.346821,-7.887152,0.092193,50.530334,8.403725
12609,2.689760,3.189194,nan,0.092193,nan,5.982536
12610,3.788884,3.876468,-4.245348,0.092182,48.738670,8.242786
12611,3.468606,3.606492,nan,0.092182,nan,7.640278
12612,3.351562,3.757528,-12.503886,0.092171,50.747494,7.213856
12613,4.158036,4.249727,nan,0.092171,nan,8.992039
12614,3.470509,4.223693,-8.978000,0.092160,48.511406,7.589903
12615,2.555008,2.737805,nan,0.092160,nan,5.757303
12616,3.840886,3.449407,-10.520143,0.092149,50.433960,8.354130
12617,2.792415,2.860147,nan,0.092149,nan,6.125068
12618,3.425212,3.526508,-5.187850,0.092138,51.385437,7.405081
12619,4.901186,4.781685,nan,0.092138,nan,10.394393
12620,2.613122,2.556208,-4.811174,0.092127,50.935150,5.849475
12621,4.568515,4.664215,nan,0.092127,nan,9.711492
12622,3.286713,3.325636,-6.729428,0.092116,49.958885,7.326342
12623,3.205619,2.950151,nan,0.092116,nan,7.123787
12624,3.300739,3.038515,-7.587227,0.092105,47.247292,7.396167
12625,2.907198,2.801818,nan,0.092105,nan,6.532263
12626,3.406361,3.412001,-2.872731,0.092094,48.835503,7.521662
12627,3.164280,3.086228,nan,0.092094,nan,6.944319
12628,3.705850,3.811569,-7.512300,0.092084,49.985664,8.111786
12629,3.005311,3.209988,nan,0.092084,nan,6.673779
12630,3.775301,4.180868,-9.183963,0.092073,47.565380,8.172857
12631,3.252961,3.276990,nan,0.092073,nan,7.169663
12632,3.580873,3.149684,-6.441421,0.092062,51.752861,7.882853
12633,2.667201,2.735416,nan,0.092062,nan,5.955139
12634,3.179278,3.666541,-7.870161,0.092051,50.066944,6.877880
12635,3.543774,3.418268,nan,0.092051,nan,7.672955
12636,3.009098,2.930968,-11.473811,0.092040,48.472496,6.649014
12637,5.219424,5.116401,nan,0.092040,nan,11.060833
12638,4.258953,4.729272,-0.438201,0.092029,47.364624,9.251256
12639,4.989061,4.252294,nan,0.092029,nan,10.575070
12640,5.555751,4.691712,-2.521838,0.092018,46.593620,11.778782
12641,2.941290,3.225572,nan,0.092018,nan,6.667360
12642,4.236429,3.784945,-4.154691,0.092007,49.644165,9.112312
12643,3.423427,3.499162,nan,0.092007,nan,7.456276
12644,4.230654,4.296629,-6.437052,0.091997,46.885155,9.054594
12645,4.041574,4.310959,nan,0.091997,nan,8.733441
12646,3.092701,3.187727,-6.013513,0.091986,50.551872,6.827456
12647,4.017208,4.027518,nan,0.091986,nan,8.712584
12648,3.533813,3.863162,-7.081170,0.091975,49.258457,7.686955
12649,2.931140,2.991457,nan,0.091975,nan,6.444685
12650,3.027563,3.044763,-7.970556,0.091964,51.321251,6.707143
12651,2.930823,3.188580,nan,0.091964,nan,6.525633
12652,3.486333,3.569876,-7.837464,0.091953,49.293327,7.749413
12653,3.558930,3.653581,nan,0.091953,nan,7.794295
12654,3.793003,4.026832,-7.264592,0.091942,47.838104,8.331791
12655,2.975063,2.845513,nan,0.091942,nan,6.706949
12656,2.492929,3.005009,-11.256743,0.091932,49.303017,5.651521
12657,3.177196,2.785972,nan,0.091932,nan,6.976465
12658,2.648475,2.717431,-6.666327,0.091921,47.744061,5.940751
12659,3.497543,2.691135,nan,0.091921,nan,7.658295
12660,3.159582,3.414348,-9.472044,0.091910,49.148685,7.007316
12661,2.790920,2.408767,nan,0.091910,nan,6.302152
12662,1.944085,2.180171,-5.585821,0.091899,46.804871,4.689830
12663,3.230091,2.626191,nan,0.091899,nan,7.084680
12664,3.960924,3.558730,-7.706426,0.091889,50.124420,8.598941
12665,2.731700,3.040630,nan,0.091889,nan,6.159725
12666,2.391621,2.381790,-10.702690,0.091878,51.655571,5.520025
12667,2.265031,2.428149,nan,0.091878,nan,5.182509
12668,2.007702,2.338257,-13.793839,0.091867,49.659817,4.738107
12669,2.919012,2.233188,nan,0.091867,nan,6.485670
12670,2.806370,2.825481,-11.852901,0.091856,50.235405,6.307922
12671,2.156951,2.189655,nan,0.091856,nan,4.959745
12672,2.758053,2.961931,-9.446985,0.091845,50.350098,6.119656
12673,1.874218,2.531569,nan,0.091845,nan,4.281565
12674,2.116892,2.258728,-11.654097,0.091835,48.568489,4.697254
12675,1.673794,1.747667,nan,0.091835,nan,3.793314
12676,1.728223,2.068313,-16.458862,0.091824,49.391113,3.947579
12677,2.667699,2.545551,nan,0.091824,nan,5.913877
12678,1.466796,1.501291,-14.226532,0.091813,49.053680,3.514911
12679,2.483356,2.332520,nan,0.091813,nan,5.525632
12680,1.593654,1.564014,-15.564370,0.091802,48.815899,3.790385
12681,2.920276,2.372179,nan,0.091802,nan,6.430295
12682,2.420279,3.099984,-11.571547,0.091791,49.982101,5.368856
12683,2.910340,3.374561,nan,0.091791,nan,6.377709
12684,1.565342,1.976731,-16.285213,0.091781,49.365601,3.679657
12685,1.839816,1.929970,nan,0.091781,nan,4.255860
12686,2.735719,2.850787,-14.696491,0.091770,49.585342,6.002897
12687,1.839197,2.446466,nan,0.091770,nan,4.126970
12688,1.973245,2.063472,-16.526138,0.091759,50.858803,4.404830
12689,2.831273,3.505320,nan,0.091759,nan,6.106658
12690,1.737845,1.726010,-16.806484,0.091748,48.199436,3.953209
12691,1.414648,1.537476,nan,0.091748,nan,3.347392
12692,1.650140,1.796510,-17.597414,0.091737,50.236862,3.864767
12693,1.564933,1.631501,nan,0.091737,nan,3.770694
12694,2.117258,2.178395,-17.247274,0.091727,46.704735,4.800988
12695,1.360020,1.502290,nan,0.091727,nan,3.247309
12696,1.578031,1.731914,-16.274532,0.091716,47.987625,3.642219
12697,1.742545,1.931327,nan,0.091716,nan,3.946954
12698,1.139233,1.421343,-19.083965,0.091705,50.190887,2.675132
12699,1.760317,1.784114,nan,0.091705,nan,3.895118
12700,2.843815,3.085907,-16.829575,0.091694,49.510483,6.121531
12701,1.790836,1.821041,nan,0.091694,nan,3.968922
12702,1.284635,1.472033,-17.171978,0.091684,50.288586,2.960431
12703,1.912204,2.007658,nan,0.091684,nan,4.281300
12704,1.546561,1.407359,-14.700596,0.091673,47.464619,3.592980
12705,1.693011,1.948551,nan,0.091673,nan,3.866083
12706,1.815791,1.825020,-16.116112,0.091662,48.072826,4.072467
12707,1.506536,1.747439,nan,0.091662,nan,3.419521
12708,1.543792,1.653318,-17.280014,0.091652,49.234909,3.557223
12709,2.221026,2.208176,nan,0.091652,nan,4.952601
12710,1.932189,1.715436,-19.251917,0.091641,48.183365,4.319859
12711,1.550969,1.624532,nan,0.091641,nan,3.568943
12712,1.341496,1.362172,-17.574532,0.091630,47.591187,3.124697
12713,1.486290,1.574119,nan,0.091630,nan,3.380265
12714,1.758680,1.197799,-14.839340,0.091620,50.171959,3.954279
12715,2.069619,1.417492,nan,0.091620,nan,4.601233
12716,1.438518,1.522444,-18.118414,0.091609,49.574112,3.250409
12717,1.498759,1.451793,nan,0.091609,nan,3.442600
12718,1.295872,1.362068,-18.433907,0.091598,49.888939,3.061439
12719,1.013670,0.967431,nan,0.091598,nan,2.377540
12720,1.483146,1.278726,-18.501667,0.091588,49.704247,3.414168
12721,1.543000,1.429231,nan,0.091588,nan,3.542215
12722,1.431691,1.373995,-17.612577,0.091577,48.358662,3.340297
12723,1.231260,1.380424,nan,0.091577,nan,2.889827
12724,1.238371,1.178973,-16.894793,0.091566,49.055397,2.885996
12725,1.864198,1.671235,nan,0.091566,nan,4.167263
12726,1.420665,1.278971,-18.177887,0.091556,47.883331,3.245302
12727,1.713725,1.563377,nan,0.091556,nan,3.812056
12728,2.001022,1.748140,-18.873880,0.091545,50.354008,4.432980
12729,1.413423,1.283674,nan,0.091545,nan,3.237472
12730,1.218053,1.319286,-19.760532,0.091534,48.401100,2.824020
12731,1.681645,1.549957,nan,0.091534,nan,3.807013
12732,1.398511,1.163171,-18.737026,0.091524,49.079556,3.216835
12733,1.354519,1.266540,nan,0.091524,nan,3.114077
12734,1.272568,1.204329,-19.528328,0.091513,50.852985,2.902246
12735,1.132498,1.306113,nan,0.091513,nan,2.613332
12736,0.895518,1.097494,-16.053995,0.091502,49.999279,2.134752
12737,1.535889,1.519440,nan,0.091502,nan,3.475593
12738,1.156168,1.379244,-19.132099,0.091491,51.272549,2.648350
12739,1.198405,1.249456,nan,0.091491,nan,2.762521
12740,1.158560,1.318310,-19.767899,0.091481,49.605740,2.641685
12741,1.358444,1.672503,nan,0.091481,nan,3.045173
12742,0.993654,1.152419,-18.641914,0.091470,53.535553,2.345333
12743,1.161314,1.266553,nan,0.091470,nan,2.685212
12744,1.199929,1.460122,-17.811321,0.091459,50.939621,2.772326
12745,1.238927,1.528553,nan,0.091459,nan,2.890982
12746,1.450434,1.526121,-19.015329,0.091448,49.846207,3.342799
12747,0.963424,1.134273,nan,0.091448,nan,2.331036
12748,1.075596,1.282705,-18.495350,0.091437,51.117893,2.508947
12749,0.997334,1.040504,nan,0.091437,nan,2.384070
12750,1.137850,1.188078,-18.189482,0.091427,49.012329,2.686963
12751,1.234892,1.254318,nan,0.091427,nan,2.895124
12752,0.897765,0.913786,-20.871082,0.091416,49.820419,2.207336
12753,1.122280,1.231973,nan,0.091416,nan,2.728606
12754,1.070432,1.255205,-21.225414,0.091405,51.959557,2.612108
12755,1.094935,1.036956,nan,0.091405,nan,2.649052
12756,0.980651,0.867559,-17.621996,0.091394,52.330059,2.416872
12757,1.317006,1.295930,nan,0.091394,nan,3.104911
12758,1.123883,0.827696,-18.076498,0.091383,51.396759,2.708148
12759,1.103004,1.167152,nan,0.091383,nan,2.679208
12760,1.003577,1.048532,-21.677485,0.091372,50.499275,2.442308
12761,1.188921,1.212294,nan,0.091372,nan,2.833605
12762,1.219130,1.424830,-20.686459,0.091361,51.835243,2.911954
12763,0.884885,1.086442,nan,0.091361,nan,2.222347
12764,1.030552,1.108597,-18.071850,0.091350,50.540882,2.543467
12765,1.007103,1.314688,nan,0.091350,nan,2.536649
12766,0.890656,1.033968,-21.521908,0.091340,50.520844,2.265315
12767,1.132267,1.171704,nan,0.091340,nan,2.769155
12768,1.196167,1.304389,-20.321066,0.091329,48.608681,2.941488
12769,1.115294,1.015573,nan,0.091329,nan,2.750389
12770,0.914638,0.985726,-19.264008,0.091318,51.444221,2.350187
12771,0.923154,0.892267,nan,0.091318,nan,2.389184
12772,1.058420,1.006825,-20.536253,0.091307,48.176567,2.624636
12773,1.029839,0.923472,nan,0.091307,nan,2.519696
12774,0.915618,0.863527,-20.571770,0.091296,51.041550,2.312193
12775,0.965811,0.955586,nan,0.091296,nan,2.438571
12776,1.008234,1.041248,-20.159540,0.091285,49.861599,2.526772
12777,0.911049,0.920023,nan,0.091285,nan,2.301363
12778,0.999227,1.076463,-20.956360,0.091275,48.313000,2.511405
12779,1.109585,0.978832,nan,0.091275,nan,2.705960
12780,0.864515,0.989316,-20.214703,0.091264,48.946934,2.165649
12781,0.860225,0.868439,nan,0.091264,nan,2.157690
12782,0.806926,0.795070,-20.180614,0.091253,48.633873,2.064958
12783,1.042048,1.036140,nan,0.091253,nan,2.553337
12784,0.736373,0.775515,-19.976112,0.091242,50.023476,1.908524
12785,0.930604,0.878370,nan,0.091242,nan,2.320843
12786,0.857095,0.833346,-21.849728,0.091232,49.654255,2.190184
12787,0.837474,0.823040,nan,0.091232,nan,2.134801
12788,1.044765,0.825187,-19.634045,0.091221,49.300957,2.575522
12789,1.193275,1.023993,nan,0.091221,nan,2.889167
12790,0.858120,0.823952,-18.480997,0.091210,50.103394,2.156096
12791,1.430781,1.083254,nan,0.091210,nan,3.353554
12792,1.285175,0.872439,-20.130404,0.091200,48.291710,3.092213
12793,0.636198,0.668794,nan,0.091200,nan,1.760535
12794,0.850131,0.697982,-19.679663,0.091189,51.417507,2.181398
12795,0.854560,0.915889,nan,0.091189,nan,2.201641
12796,0.948683,0.898017,-21.039839,0.091178,49.930870,2.412479
12797,0.888428,0.865206,nan,0.091178,nan,2.278559
12798,1.061876,1.064088,-19.190037,0.091167,50.147224,2.575266
12799,1.065434,1.091027,nan,0.091167,nan,2.621927
12800,1.142168,1.091662,-20.812014,0.091157,52.227242,2.797969
12801,0.835454,0.916850,nan,0.091157,nan,2.152863
12802,0.815768,0.935923,-21.695364,0.091146,49.825859,2.125320
12803,0.701366,0.735815,nan,0.091146,nan,1.876222
12804,0.747632,0.774639,-21.193535,0.091135,50.573151,1.981722
12805,0.887294,0.840443,nan,0.091135,nan,2.274896
12806,0.856439,0.853525,-19.601353,0.091124,47.660248,2.209986
12807,0.981158,1.326942,nan,0.091124,nan,2.443541
12808,1.098163,0.950843,-20.836288,0.091114,48.477333,2.666344
12809,1.117575,1.727560,nan,0.091114,nan,2.691453
12810,1.063517,1.248620,-22.359509,0.091103,47.622478,2.621359
12811,0.994981,0.985042,nan,0.091103,nan,2.524123
12812,1.404528,1.055372,-18.880859,0.091093,50.154621,3.344005
12813,1.363958,1.614073,nan,0.091093,nan,3.252231
12814,0.966070,1.088010,-22.489271,0.091082,51.746689,2.424798
12815,0.946606,0.895158,nan,0.091082,nan,2.414320
12816,0.724434,1.044368,-21.893648,0.091071,49.215729,1.961588
12817,0.943006,1.090073,nan,0.091071,nan,2.389707
12818,0.791803,1.139236,-20.708233,0.091061,53.215919,2.063944
12819,0.969112,1.000572,nan,0.091061,nan,2.455280
12820,1.025282,0.950781,-21.442484,0.091050,48.519730,2.525595
12821,0.860400,0.770142,nan,0.091050,nan,2.224335
12822,0.829489,0.809158,-21.758642,0.091039,49.940460,2.184947
12823,0.897395,0.812888,nan,0.091039,nan,2.303551
12824,0.982871,0.949622,-21.381516,0.091029,47.587345,2.469776
12825,0.862252,0.850250,nan,0.091029,nan,2.196396
12826,1.065608,1.047219,-21.920330,0.091018,50.471573,2.648376
12827,0.958120,0.935763,nan,0.091018,nan,2.410332
12828,0.899993,0.890477,-22.719494,0.091007,49.106255,2.316519
12829,0.878870,1.001557,nan,0.091007,nan,2.231608
12830,0.791412,0.828652,-22.213131,0.090997,49.835609,2.058439
12831,0.857033,0.831624,nan,0.090997,nan,2.190225
12832,0.884189,1.226027,-20.888588,0.090986,49.732002,2.210955
12833,0.774335,0.744292,nan,0.090986,nan,2.007395
12834,0.877609,0.924890,-22.285927,0.090975,50.891823,2.219040
12835,0.519434,0.558667,nan,0.090975,nan,1.481036
12836,0.927844,0.920336,-21.627312,0.090965,50.605343,2.338188
12837,0.702601,0.719247,nan,0.090965,nan,1.880507
12838,0.760246,0.851058,-22.913956,0.090954,52.131287,1.980414
12839,1.003648,1.056207,nan,0.090954,nan,2.523890
12840,0.921265,0.911620,-22.936874,0.090943,51.488304,2.344455
12841,0.526352,0.585954,nan,0.090943,nan,1.497310
12842,0.825533,0.783215,-20.338198,0.090933,48.955921,2.124084
12843,0.839160,0.937029,nan,0.090933,nan,2.190961
12844,1.094769,1.040069,-21.875481,0.090922,50.839989,2.699093
12845,1.020761,0.958823,nan,0.090922,nan,2.551081
12846,0.832486,0.740955,-21.716034,0.090911,51.916107,2.200680
12847,0.814085,0.791691,nan,0.090911,nan,2.131097
12848,0.829756,0.702135,-22.086117,0.090901,48.952106,2.185830
12849,0.753519,0.684355,nan,0.090901,nan,1.996840
12850,0.598851,0.599784,-22.121904,0.090890,48.093590,1.663444
12851,0.676553,0.629670,nan,0.090890,nan,1.830087
12852,0.848085,0.781949,-22.487972,0.090879,49.387886,2.191720
12853,0.917077,0.929805,nan,0.090879,nan,2.319194
12854,1.124285,1.258817,-21.790827,0.090869,49.904541,2.711950
12855,0.708217,0.702305,nan,0.090869,nan,1.860488
12856,0.781648,0.886727,-22.900320,0.090858,50.808994,2.027278
12857,0.815272,0.983491,nan,0.090858,nan,2.103890
12858,0.713773,0.826471,-20.874208,0.090847,52.394081,1.869439
12859,0.669237,1.027000,nan,0.090847,nan,1.813352
12860,0.706288,0.881693,-22.601171,0.090837,50.673107,1.889114
12861,1.050039,0.953739,nan,0.090837,nan,2.615805
12862,0.733190,0.734840,-22.245865,0.090826,49.358307,1.954456
12863,0.822119,0.862598,nan,0.090826,nan,2.158864
12864,0.920997,0.880346,-22.316925,0.090815,52.003338,2.371547
12865,0.739407,0.765032,nan,0.090815,nan,1.976970
12866,0.677610,0.650253,-22.348083,0.090805,49.001858,1.847725
12867,1.074481,1.066416,nan,0.090805,nan,2.666307
12868,0.802100,0.825328,-23.475967,0.090794,51.497303,2.058852
12869,0.718492,0.765365,nan,0.090794,nan,1.933103
12870,0.736873,0.726626,-23.446651,0.090783,49.973274,1.985403
12871,0.886528,0.903134,nan,0.090783,nan,2.306673
12872,0.764973,0.751977,-21.803070,0.090773,49.127842,2.123723
12873,0.669411,0.829179,nan,0.090773,nan,1.917147
12874,0.826371,0.830049,-22.208897,0.090762,49.069656,2.187654
12875,0.668746,0.692855,nan,0.090762,nan,1.818585
12876,0.789445,0.747768,-23.351419,0.090751,50.377228,2.084067
12877,0.598261,0.629695,nan,0.090751,nan,1.677200
12878,0.802321,0.874640,-23.588856,0.090741,51.438110,2.114341
12879,0.602113,0.630312,nan,0.090741,nan,1.701528
12880,0.775526,0.780166,-22.407520,0.090730,50.989136,2.027146
12881,0.561142,0.581059,nan,0.090730,nan,1.584932
12882,0.670059,0.741331,-22.610474,0.090719,52.807762,1.805452
12883,0.536146,0.545781,nan,0.090719,nan,1.522053
12884,0.709267,0.683227,-23.331676,0.090709,50.891159,1.878127
12885,0.747920,0.715641,nan,0.090709,nan,1.942684
12886,0.462326,0.478725,-23.160692,0.090698,49.426014,1.347083
12887,0.760984,0.782924,nan,0.090698,nan,2.027288
12888,0.632337,0.619178,-23.189060,0.090687,49.506897,1.690109
12889,0.723258,0.767991,nan,0.090687,nan,1.943698
12890,0.794485,0.813385,-22.398401,0.090677,50.648792,2.041482
12891,0.517021,0.566813,nan,0.090677,nan,1.501332
12892,0.662997,0.734000,-22.914667,0.090666,50.908253,1.821635
12893,0.673353,0.692748,nan,0.090666,nan,1.830414
12894,0.774047,0.736553,-22.860992,0.090655,50.259987,2.034715
12895,0.546574,0.591241,nan,0.090655,nan,1.512560
12896,0.627111,0.684153,-22.955597,0.090645,50.319489,1.692641
12897,0.633372,0.649129,nan,0.090645,nan,1.739899
12898,0.577569,0.591238,-23.910622,0.090634,49.416176,1.641653
12899,0.755307,0.682300,nan,0.090634,nan,2.009826
12900,0.702457,0.750333,-23.620077,0.090623,48.874912,1.930761
12901,0.914645,0.812919,nan,0.090623,nan,2.345142
12902,0.752321,0.907800,-22.710369,0.090613,50.787388,2.007287
12903,0.711159,0.832024,nan,0.090613,nan,1.897695
12904,0.852257,0.833123,-23.750908,0.090602,52.208000,2.194395
12905,0.994369,0.971616,nan,0.090602,nan,2.501076
12906,0.965194,0.870800,-21.775354,0.090591,49.153442,2.394148
12907,0.667076,0.820624,nan,0.090591,nan,1.808948
12908,0.916077,0.883183,-23.260408,0.090581,52.361652,2.343464
12909,0.736995,0.652333,nan,0.090581,nan,1.973929
12910,0.604828,0.702668,-24.059788,0.090570,49.037231,1.692500
12911,0.734718,0.787997,nan,0.090570,nan,1.950844
12912,0.801778,0.783155,-23.220432,0.090560,50.747517,2.053304
12913,0.685495,0.731334,nan,0.090560,nan,1.856582
12914,0.877505,0.904673,-22.784552,0.090549,49.755905,2.239712
12915,0.711609,0.700203,nan,0.090549,nan,1.932374
12916,0.591479,0.562842,-24.211809,0.090538,51.902004,1.666375
12917,1.124541,1.026160,nan,0.090538,nan,2.754345
12918,0.924862,0.885886,-22.004230,0.090528,52.491829,2.346092
12919,0.929426,1.079194,nan,0.090528,nan,2.331095
12920,0.812090,1.239282,-22.852003,0.090517,50.253948,2.114151
12921,0.982640,0.842573,nan,0.090517,nan,2.463591
12922,0.856873,0.901808,-23.741562,0.090506,50.792625,2.177175
12923,0.761989,0.697385,nan,0.090506,nan,1.992449
12924,0.973833,0.847865,-23.028534,0.090496,51.751846,2.441536
12925,0.847890,0.702445,nan,0.090496,nan,2.182463
12926,0.761838,0.719253,-22.381384,0.090485,51.561546,1.998261
12927,0.917173,0.777784,nan,0.090485,nan,2.294634
12928,0.703284,0.623631,-22.946791,0.090474,49.238678,1.821721
12929,0.656854,0.668510,nan,0.090474,nan,1.755218
12930,0.887528,0.881347,-23.862171,0.090464,49.340359,2.266041
12931,0.808270,1.175508,nan,0.090464,nan,2.125037
12932,0.801028,0.859686,-22.253511,0.090453,51.881165,2.117289
12933,0.864466,1.258671,nan,0.090453,nan,2.266520
12934,0.918045,1.068185,-23.538637,0.090442,49.738892,2.360301
12935,0.701833,0.811774,nan,0.090442,nan,1.915047
12936,0.906065,0.985574,-23.212570,0.090432,48.824905,2.326765
12937,0.623892,0.604869,nan,0.090432,nan,1.719974
12938,0.761831,0.765429,-22.526442,0.090421,51.925240,2.036192
12939,0.792229,0.929545,nan,0.090421,nan,2.072078
12940,0.874892,0.994670,-23.997150,0.090411,48.354095,2.269456
12941,0.709902,0.797540,nan,0.090411,nan,1.907469
12942,0.703042,0.895562,-23.483055,0.090400,52.873535,1.927729
12943,0.902161,0.954596,nan,0.090400,nan,2.317678
12944,0.917312,0.781148,-23.778282,0.090389,50.178631,2.347786
12945,0.633659,0.792547,nan,0.090389,nan,1.779015
12946,0.821504,0.898906,-22.999229,0.090379,50.513691,2.122328
12947,0.793697,0.795993,nan,0.090379,nan,2.080266
12948,0.645699,0.708749,-24.142031,0.090368,51.252674,1.758765
12949,0.824280,0.946898,nan,0.090368,nan,2.121093
12950,0.700426,0.651626,-22.864464,0.090358,52.736397,1.909384
12951,0.781474,0.821837,nan,0.090358,nan,2.075889
12952,0.817243,0.691101,-23.102709,0.090347,50.343708,2.119561
12953,0.938913,0.869984,nan,0.090347,nan,2.362816
12954,0.914657,0.862802,-22.958712,0.090336,51.572891,2.339411
12955,0.731681,0.860848,nan,0.090336,nan,1.971086
12956,0.675229,0.699261,-23.919724,0.090326,50.581116,1.872115
12957,0.994476,0.940970,nan,0.090326,nan,2.515728
12958,0.656922,0.720256,-24.033964,0.090315,50.639503,1.797874
12959,0.782768,0.831785,nan,0.090315,nan,2.065168
12960,0.745478,0.810476,-22.816021,0.090305,50.530289,1.997574
12961,0.792215,0.930143,nan,0.090305,nan,2.061295
12962,0.660650,0.607430,-23.974936,0.090294,50.586197,1.809348
12963,0.939094,0.948784,nan,0.090294,nan,2.321682
12964,0.533906,0.532855,-23.376659,0.090283,50.058949,1.529455
12965,0.847826,0.873944,nan,0.090283,nan,2.184005
12966,0.839322,0.791373,-23.749725,0.090273,51.665230,2.165112
12967,0.785925,0.735102,nan,0.090273,nan,2.065976
12968,0.775106,0.639772,-22.381226,0.090262,49.523430,1.999710
12969,0.846209,0.758256,nan,0.090262,nan,2.143732
12970,1.287954,0.837951,-22.049919,0.090252,51.402893,3.059959
12971,0.908171,0.782059,nan,0.090252,nan,2.316537
12972,0.630854,0.532605,-24.218872,0.090241,51.612537,1.713816
12973,1.005689,1.019303,nan,0.090241,nan,2.498354
12974,1.322065,0.875883,-23.985292,0.090230,50.327415,3.165008
12975,0.876194,0.828026,nan,0.090230,nan,2.234367
12976,0.837219,0.728484,-24.868769,0.090220,52.145161,2.178720
12977,0.918975,1.066819,nan,0.090220,nan,2.362191
12978,0.779579,1.029105,-23.073460,0.090209,49.811287,2.052571
12979,0.807715,0.717088,nan,0.090209,nan,2.087263
12980,0.973771,0.746559,-24.694017,0.090199,50.662113,2.416684
12981,1.001224,1.151829,nan,0.090199,nan,2.483776
12982,0.719718,0.793174,-23.600243,0.090188,50.206261,1.920822
12983,0.828432,0.731888,nan,0.090188,nan,2.164294
12984,0.680862,0.668455,-23.449795,0.090177,52.576393,1.845302
12985,0.843103,0.889681,nan,0.090177,nan,2.154864
12986,0.650816,0.795231,-23.373381,0.090167,49.838074,1.778770
12987,0.683403,0.986345,nan,0.090167,nan,1.798442
12988,0.586961,0.689299,-23.221001,0.090156,49.893677,1.613652
12989,0.890001,0.983474,nan,0.090156,nan,2.197207
12990,0.593136,0.735318,-24.295082,0.090146,51.669342,1.616683
12991,0.748242,0.770336,nan,0.090146,nan,1.938244
12992,0.797706,0.957232,-24.769054,0.090135,52.035301,2.075490
12993,0.852435,0.900807,nan,0.090135,nan,2.202430
12994,0.718103,0.684605,-23.274338,0.090125,50.732780,1.928567
12995,0.774851,0.809858,nan,0.090125,nan,2.033432
12996,0.484866,0.492736,-23.016571,0.090114,51.754204,1.449538
12997,1.275224,0.935242,nan,0.090114,nan,3.071387
12998,1.186509,1.059900,-23.958118,0.090103,51.181400,2.890597
12999,0.525290,0.656935,nan,0.090103,nan,1.513161
13000,0.595287,0.572901,-23.221905,0.090093,51.283401,1.665140
13001,0.686023,0.661598,nan,0.090093,nan,1.808333
13002,0.763845,0.649521,-22.489746,0.090082,50.528736,1.993913
13003,0.804451,0.609113,nan,0.090082,nan,2.063619
13004,0.957590,0.929924,-24.198708,0.090072,51.491173,2.367442
13005,0.912449,0.945221,nan,0.090072,nan,2.301342
13006,0.823124,0.883276,-23.914906,0.090061,49.048096,2.113295
13007,0.771698,0.837359,nan,0.090061,nan,1.977237
13008,0.594057,0.668168,-22.688641,0.090050,50.423309,1.642161
13009,0.710428,0.709845,nan,0.090050,nan,1.866112
13010,0.717334,0.677596,-23.284412,0.090040,47.929691,1.884743
13011,0.996523,1.054591,nan,0.090040,nan,2.480679
13012,0.711603,0.689810,-23.407221,0.090030,49.909950,1.907092
13013,0.857526,0.802841,nan,0.090030,nan,2.219194
13014,0.980200,0.872505,-23.649979,0.090019,49.839756,2.419811
13015,0.439309,0.426148,nan,0.090019,nan,1.293748
13016,0.726133,0.691407,-23.802118,0.090009,51.353142,1.897817
13017,0.666858,0.677148,nan,0.090009,nan,1.767307
13018,0.740792,0.718466,-22.835567,0.089998,51.305099,1.901820
13019,0.563637,0.525256,nan,0.089998,nan,1.559122
13020,0.663199,0.715287,-23.832140,0.089988,50.621918,1.788994
13021,0.821223,0.872491,nan,0.089988,nan,2.116203
13022,0.804186,0.811782,-23.341827,0.089977,51.307343,2.077370
13023,0.575550,0.538590,nan,0.089977,nan,1.595595
13024,0.464046,0.456085,-23.679949,0.089967,50.834915,1.374506
13025,0.621505,0.675348,nan,0.089967,nan,1.689492
13026,0.492607,0.610137,-22.504776,0.089956,50.823967,1.425393
13027,0.519338,0.555282,nan,0.089956,nan,1.499510
13028,0.649330,0.575684,-23.122429,0.089946,52.265137,1.742113
13029,0.683873,0.645623,nan,0.089946,nan,1.821581
13030,0.517245,0.581751,-23.249605,0.089935,52.036011,1.462752
13031,0.514044,0.580676,nan,0.089935,nan,1.448360
13032,0.804923,0.650008,-22.821075,0.089925,51.328304,2.083447
13033,0.707307,0.696157,nan,0.089925,nan,1.890086
13034,0.451179,0.471536,-23.166769,0.089914,51.778008,1.329961
13035,0.779984,0.806489,nan,0.089914,nan,2.012432
13036,0.817160,0.817209,-22.120190,0.089904,49.922867,2.092322
13037,0.639030,0.710422,nan,0.089904,nan,1.713717
13038,1.019505,0.931149,-22.382631,0.089893,49.839626,2.503814
13039,0.555506,0.542226,nan,0.089893,nan,1.541802
13040,0.859738,0.865713,-23.656828,0.089883,52.279709,2.178697
13041,0.696704,0.598780,nan,0.089883,nan,1.846191
13042,0.458196,0.384397,-22.330997,0.089872,48.441879,1.380587
13043,0.844672,0.712834,nan,0.089872,nan,2.174401
13044,0.905785,0.680180,-22.641346,0.089862,49.041252,2.298837
13045,0.729634,0.742171,nan,0.089862,nan,1.908688
13046,0.672243,0.666510,-23.780254,0.089851,50.587456,1.772704
13047,0.537642,0.545907,nan,0.089851,nan,1.501405
13048,0.716875,0.776830,-22.894836,0.089841,50.604511,1.856671
13049,0.749981,0.732844,nan,0.089841,nan,1.912132
13050,0.455217,0.430417,-22.920967,0.089830,49.491940,1.317522
13051,0.636066,0.653650,nan,0.089830,nan,1.723913
13052,0.819397,0.751734,-23.001694,0.089820,52.039650,2.096526
13053,0.457505,0.461237,nan,0.089820,nan,1.330695
13054,0.505157,0.514422,-22.652138,0.089809,50.104164,1.446319
13055,0.746645,0.628383,nan,0.089809,nan,1.950955
13056,0.523859,0.522571,-23.378187,0.089799,53.297573,1.474128
13057,0.617649,0.645283,nan,0.089799,nan,1.683397
13058,0.805385,0.761720,-23.251598,0.089788,53.616737,2.081431
13059,0.419138,0.438312,nan,0.089788,nan,1.272495
13060,0.637651,0.802577,-22.358965,0.089778,52.695343,1.732388
13061,0.924454,1.132182,nan,0.089778,nan,2.307002
13062,0.718801,0.673527,-23.085243,0.089767,51.531410,1.899928
13063,0.683465,0.733864,nan,0.089767,nan,1.801974
13064,0.670294,0.686706,-22.702375,0.089757,52.314323,1.789337
13065,0.734693,0.813882,nan,0.089757,nan,1.894908
13066,1.139238,1.080970,-23.787466,0.089746,52.220711,2.749823
13067,0.834427,0.881872,nan,0.089746,nan,2.139342
13068,0.591527,0.699130,-23.564676,0.089736,53.132538,1.623497
13069,0.657808,0.691069,nan,0.089736,nan,1.763346
13070,0.627284,0.673377,-23.567095,0.089725,50.832130,1.704207
13071,0.735847,0.885422,nan,0.089725,nan,1.942681
13072,0.938527,0.965265,-22.967247,0.089714,52.222885,2.353829
13073,0.749554,0.802632,nan,0.089714,nan,1.951778
13074,0.892711,0.921751,-23.017101,0.089704,51.397179,2.246001
13075,0.720833,0.737444,nan,0.089704,nan,1.882720
13076,0.906483,0.855708,-23.206593,0.089693,50.325188,2.264596
13077,0.819649,0.862475,nan,0.089693,nan,2.099811
13078,0.758440,0.843930,-22.529699,0.089683,49.538086,1.969818
13079,0.803367,0.845691,nan,0.089683,nan,2.043015
13080,0.814289,0.684765,-22.603527,0.089672,50.502884,2.084310
13081,0.686252,0.766902,nan,0.089672,nan,1.794220
13082,0.692160,0.699607,-22.156239,0.089662,50.841854,1.843938
13083,0.460486,0.793333,nan,0.089662,nan,1.319670
13084,0.627751,0.708210,-23.074877,0.089651,51.966339,1.665646
13085,0.428644,0.516664,nan,0.089651,nan,1.262718
13086,0.700649,0.702647,-22.784861,0.089641,51.411766,1.800748
13087,0.703873,0.654281,nan,0.089641,nan,1.844982
13088,0.883294,0.984777,-22.145136,0.089630,51.467392,2.206511
13089,0.575833,0.616417,nan,0.089630,nan,1.587556
13090,0.662566,0.585863,-22.297417,0.089620,50.616230,1.752300
13091,0.548902,0.602191,nan,0.089620,nan,1.537007
13092,0.796478,0.827410,-22.688505,0.089609,50.611507,2.060906
13093,0.621126,0.569524,nan,0.089609,nan,1.697080
13094,0.784321,0.751360,-21.890619,0.089599,52.129471,2.024055
13095,0.942769,0.916925,nan,0.089599,nan,2.333052
13096,0.712721,0.686308,-22.286602,0.089588,49.020660,1.856237
13097,0.578173,0.580950,nan,0.089588,nan,1.573173
13098,0.841697,0.962592,-22.883411,0.089578,50.863144,2.118810
13099,0.891033,0.927328,nan,0.089578,nan,2.223358
13100,0.753655,0.699170,-21.580746,0.089567,51.949989,1.945782
13101,1.228677,0.960978,nan,0.089567,nan,2.925443
13102,1.027008,0.821356,-22.902481,0.089557,50.734196,2.504355
13103,1.045393,1.105084,nan,0.089557,nan,2.576466
13104,1.065959,0.848636,-20.923908,0.089547,52.126686,2.617140
13105,0.837931,0.846695,nan,0.089547,nan,2.148496
13106,1.132955,1.077203,-21.707142,0.089536,51.084862,2.753267
13107,0.819098,0.797037,nan,0.089536,nan,2.107683
13108,0.870384,1.280409,-22.385954,0.089526,51.497406,2.184763
13109,1.042407,0.943710,nan,0.089526,nan,2.519604
13110,0.776517,0.814280,-22.261898,0.089515,51.077881,1.971536
13111,0.754245,0.762280,nan,0.089515,nan,1.918260
13112,0.888018,0.951319,-22.631771,0.089505,53.118530,2.185934
13113,1.136358,1.003951,nan,0.089505,nan,2.774746
13114,0.785140,0.878773,-21.270327,0.089494,50.282307,2.020679
13115,0.712964,0.865050,nan,0.089494,nan,1.829134
13116,1.133988,0.952932,-21.528667,0.089484,51.777504,2.671198
13117,0.693521,0.505470,nan,0.089484,nan,1.831983
13118,0.912786,0.761742,-21.454811,0.089473,51.113220,2.272393
13119,0.793050,0.658489,nan,0.089473,nan,1.948061
13120,0.604988,0.548744,-22.575401,0.089463,51.760750,1.547568
13121,0.707260,0.867263,nan,0.089463,nan,1.877377
13122,0.959014,0.765974,-21.523121,0.089452,54.890034,2.401479
13123,1.025802,0.808603,nan,0.089452,nan,2.542465
13124,1.210140,1.035241,-21.753218,0.089442,53.370262,2.885559
13125,0.935202,0.902885,nan,0.089442,nan,2.340593
13126,1.009212,0.873770,-20.471657,0.089431,53.240707,2.504966
13127,0.951889,0.994275,nan,0.089431,nan,2.377249
13128,0.756472,0.748820,-21.686226,0.089421,51.347168,1.969668
13129,0.649299,0.682229,nan,0.089421,nan,1.776331
13130,0.755997,0.906318,-21.421360,0.089410,52.858242,1.982414
13131,0.941537,0.883868,nan,0.089410,nan,2.343024
13132,0.733712,0.728390,-21.881418,0.089400,51.172565,1.919693
13133,0.856109,0.715871,nan,0.089400,nan,2.202484
13134,0.872251,0.813174,-21.377531,0.089389,52.235271,2.231780
13135,0.651476,0.700101,nan,0.089389,nan,1.761047
13136,0.758313,0.603774,-21.535358,0.089378,52.586044,1.940595
13137,0.743783,0.675289,nan,0.089378,nan,1.937661
13138,0.996267,0.930213,-21.385540,0.089368,50.876949,2.437535
13139,0.461074,0.441616,nan,0.089368,nan,1.324877
13140,0.845831,0.750311,-21.070370,0.089357,53.250778,2.097765
13141,0.778283,0.783986,nan,0.089357,nan,1.965966
13142,0.732055,0.672158,-21.254520,0.089347,52.842552,1.916458
13143,0.611793,0.543026,nan,0.089347,nan,1.658152
13144,0.586553,0.568920,-20.692883,0.089336,52.038609,1.590831
13145,0.667410,0.629628,nan,0.089336,nan,1.760268
13146,0.847083,0.794466,-21.102982,0.089326,51.669704,2.129609
13147,0.765089,0.734910,nan,0.089326,nan,1.962924
13148,0.682426,0.636661,-20.453222,0.089315,51.146194,1.773097
13149,0.780481,0.738226,nan,0.089315,nan,1.991320
13150,0.737068,0.634049,-20.992550,0.089305,52.366600,1.921106
13151,0.801554,0.712794,nan,0.089305,nan,2.095619
13152,0.899383,0.788583,-21.475739,0.089294,52.083660,2.287682
13153,0.852359,0.732768,nan,0.089294,nan,2.192272
13154,0.728429,0.647746,-21.029779,0.089283,52.343872,1.906269
13155,0.643032,0.523718,nan,0.089283,nan,1.748964
13156,0.872536,0.795863,-19.888256,0.089273,52.412106,2.205608
13157,0.748637,0.791199,nan,0.089273,nan,1.933268
13158,0.842526,0.726993,-21.828449,0.089262,53.832626,2.140515
13159,0.978958,0.743030,nan,0.089262,nan,2.429046
13160,0.861236,0.598007,-20.686699,0.089252,52.690262,2.163549
13161,0.866087,0.726786,nan,0.089252,nan,2.174077
13162,0.768000,0.717320,-20.489128,0.089241,53.221855,1.962662
13163,0.840984,0.796980,nan,0.089241,nan,2.138732
13164,0.664790,0.708758,-20.014740,0.089231,53.563114,1.777290
13165,0.547415,0.555041,nan,0.089231,nan,1.503536
13166,0.891392,0.924894,-20.072014,0.089220,50.170357,2.234917
13167,0.820777,0.756717,nan,0.089220,nan,2.129147
13168,0.821567,0.804400,-20.854038,0.089209,52.754036,2.120430
13169,0.976891,0.919457,nan,0.089209,nan,2.433944
13170,0.663369,0.623630,-18.699818,0.089199,50.752987,1.782311
13171,1.010975,0.985531,nan,0.089199,nan,2.501685
13172,0.722408,0.850045,-20.042616,0.089188,51.179764,1.874469
13173,1.216089,0.993735,nan,0.089188,nan,2.913600
13174,1.301807,1.223034,-21.522514,0.089178,53.506882,3.091316
13175,1.216681,1.334807,nan,0.089178,nan,2.942673
13176,1.019688,1.105363,-19.130737,0.089167,50.373177,2.522660
13177,0.635382,0.602317,nan,0.089167,nan,1.772952
13178,1.119152,0.751943,-18.742767,0.089157,51.230179,2.765109
13179,0.715646,0.653062,nan,0.089157,nan,1.936262
13180,0.679129,0.681815,-20.156666,0.089146,56.024536,1.837427
13181,1.058738,0.882458,nan,0.089146,nan,2.589748
13182,0.900294,0.755691,-19.215273,0.089136,50.349728,2.269497
13183,0.901017,0.837747,nan,0.089136,nan,2.261712
13184,0.992168,0.968567,-18.436771,0.089125,53.383274,2.427655
13185,0.755049,0.699736,nan,0.089125,nan,1.973662
13186,0.613446,0.667598,-17.904079,0.089115,51.544380,1.669761
13187,0.768869,1.229701,nan,0.089115,nan,1.938392
13188,0.675178,0.750775,-18.827082,0.089104,51.690651,1.728312
13189,0.811997,0.795622,nan,0.089104,nan,2.055450
13190,0.658017,0.631168,-19.202229,0.089094,52.007973,1.780328
13191,0.926496,0.847169,nan,0.089094,nan,2.371522
13192,0.832592,0.815022,-19.792675,0.089083,52.054176,2.184283
13193,1.047208,1.167578,nan,0.089083,nan,2.592953
13194,0.930471,0.941754,-19.342348,0.089073,52.063473,2.376123
13195,0.824446,0.896924,nan,0.089073,nan,2.161409
13196,0.775367,0.729480,-18.471027,0.089062,52.642746,2.058924
13197,0.811360,0.704481,nan,0.089062,nan,2.180872
13198,0.822483,0.869956,-18.895832,0.089052,52.688931,2.151903
13199,0.953415,1.101472,nan,0.089052,nan,2.398086
13200,0.871705,1.050417,-19.015270,0.089041,54.176132,2.232265
13201,0.670250,0.767059,nan,0.089041,nan,1.812196
13202,0.630782,0.732478,-17.733784,0.089031,52.357399,1.700336
13203,0.642270,0.839285,nan,0.089031,nan,1.671106
13204,0.773472,0.861108,-17.623730,0.089020,51.765446,1.896760
13205,0.852871,0.657794,nan,0.089020,nan,2.165375
13206,0.851225,0.833064,-18.580385,0.089010,52.318951,2.160339
13207,0.725206,0.813712,nan,0.089010,nan,1.923364
13208,0.705783,0.718315,-17.366516,0.088999,51.316021,1.830538
13209,1.054427,1.189863,nan,0.088999,nan,2.570932
13210,0.689915,0.677116,-18.369152,0.088989,50.091198,1.834087
13211,1.121346,1.072128,nan,0.088989,nan,2.725986
13212,1.117923,1.245979,-19.422554,0.088978,52.554611,2.726804
13213,1.089701,1.064061,nan,0.088978,nan,2.656971
13214,0.827533,0.737999,-16.769968,0.088968,50.966270,2.127988
13215,0.687497,0.795507,nan,0.088968,nan,1.759404
13216,0.989344,0.878599,-16.870052,0.088958,50.762970,2.387251
13217,0.911770,1.066439,nan,0.088958,nan,2.272319
13218,0.969299,1.095841,-18.150707,0.088947,51.920502,2.412287
13219,1.100832,1.109222,nan,0.088947,nan,2.713609
13220,1.010875,0.952645,-16.474474,0.088937,50.580879,2.560072
13221,0.881655,1.068247,nan,0.088937,nan,2.332272
13222,0.883371,0.767928,-16.981434,0.088926,51.353348,2.300398
13223,0.789561,1.016873,nan,0.088926,nan,2.111172
13224,0.924396,1.102685,-16.846985,0.088916,53.878761,2.368911
13225,0.860587,0.945205,nan,0.088916,nan,2.181335
13226,1.152497,1.302126,-16.306419,0.088906,52.680733,2.762304
13227,0.702939,0.674853,nan,0.088906,nan,1.860273
13228,0.871827,0.865997,-18.211725,0.088895,53.971634,2.179538
13229,1.116996,1.131551,nan,0.088895,nan,2.732248
13230,1.142920,1.079474,-16.553793,0.088885,51.631466,2.810339
13231,0.943111,0.932590,nan,0.088885,nan,2.407863
13232,1.129140,1.097712,-17.371464,0.088874,53.151115,2.788928
13233,0.950929,1.160382,nan,0.088874,nan,2.438790
13234,0.798668,0.973951,-17.521135,0.088864,53.266930,2.131115
13235,0.752871,0.794176,nan,0.088864,nan,2.018991
13236,0.849789,0.845234,-16.278172,0.088853,52.486992,2.165019
13237,1.046446,0.974095,nan,0.088853,nan,2.556815
13238,0.786322,0.774043,-16.547781,0.088843,53.277542,2.036878
13239,0.877946,0.828876,nan,0.088843,nan,2.280636
13240,0.702024,0.648972,-15.729593,0.088832,52.458126,1.934545
13241,0.857617,0.741244,nan,0.088832,nan,2.225258
13242,0.803836,0.717566,-16.246437,0.088822,52.268700,2.085922
13243,1.103313,0.940875,nan,0.088822,nan,2.700261
13244,0.811177,0.729957,-17.306986,0.088812,53.646790,2.101801
13245,0.727271,0.899058,nan,0.088812,nan,1.967358
13246,0.703087,0.740251,-16.319918,0.088801,53.328964,1.907456
13247,0.733936,0.771323,nan,0.088801,nan,1.953517
13248,0.629961,0.756601,-14.937071,0.088790,52.948341,1.661891
13249,0.823976,0.732705,nan,0.088790,nan,2.098693
13250,0.809875,0.785438,-16.295612,0.088780,53.129181,2.119999
13251,0.805062,0.756801,nan,0.088780,nan,2.119101
13252,0.885346,0.915336,-16.866413,0.088769,54.880058,2.304311
13253,1.019802,0.983020,nan,0.088769,nan,2.627318
13254,0.585474,0.636285,-13.896900,0.088759,53.270264,1.797978
13255,0.861881,1.039034,nan,0.088759,nan,2.297738
13256,1.241196,1.171764,-15.154552,0.088748,50.986874,2.994705
13257,0.765719,1.006009,nan,0.088748,nan,2.087816
13258,0.810810,0.860048,-15.678465,0.088738,52.082718,2.149358
13259,0.824697,0.827787,nan,0.088738,nan,2.179678
13260,0.886830,0.871591,-15.996206,0.088727,51.603809,2.319513
13261,0.919411,0.947704,nan,0.088727,nan,2.430521
13262,0.834434,0.838606,-15.295005,0.088717,50.770771,2.300748
13263,0.960829,0.845207,nan,0.088717,nan,2.595126
13264,0.908802,0.796662,-15.783829,0.088707,52.081596,2.485146
13265,0.810923,0.662371,nan,0.088707,nan,2.258868
13266,1.231171,1.235007,-14.518978,0.088696,50.285080,2.920084
13267,1.103552,0.881434,nan,0.088696,nan,2.602088
13268,0.766138,0.747406,-16.194048,0.088686,51.099487,1.933263
13269,0.982363,1.023009,nan,0.088686,nan,2.473464
13270,0.901795,0.942888,-14.828093,0.088676,51.264355,2.302025
13271,0.869632,0.897699,nan,0.088676,nan,2.228573
13272,0.834854,0.841538,-15.149651,0.088665,53.991096,2.125707
13273,0.947365,0.868158,nan,0.088665,nan,2.351051
13274,0.825624,0.747155,-16.414383,0.088655,52.011589,2.189711
13275,0.907676,1.154829,nan,0.088655,nan,2.528018
13276,0.979935,1.111966,-15.928434,0.088644,50.433525,2.685088
13277,0.881543,0.764259,nan,0.088644,nan,2.543083
13278,0.920743,1.064448,-14.338301,0.088634,54.569027,2.657847
13279,0.855219,0.796130,nan,0.088634,nan,2.425851
13280,0.811339,0.775312,-15.341402,0.088624,48.285038,2.197930
13281,0.941044,0.898133,nan,0.088624,nan,2.337227
13282,0.697484,0.695338,-15.108946,0.088614,50.401001,1.684146
13283,0.871947,0.847593,nan,0.088614,nan,2.179683
13284,1.063275,1.074618,-15.467999,0.088603,52.446510,2.633598
13285,0.832852,0.837438,nan,0.088603,nan,2.234411
13286,0.905187,0.897863,-15.645815,0.088593,53.030254,2.440294
13287,0.757947,0.793625,nan,0.088593,nan,2.176576
13288,1.100223,1.073130,-16.077105,0.088583,53.210018,2.872792
13289,0.860303,0.847435,nan,0.088583,nan,2.327218
13290,0.765308,0.754234,-14.803165,0.088572,52.069855,2.127225
13291,0.651256,0.609406,nan,0.088572,nan,1.882942
13292,0.663552,0.821595,-16.289995,0.088562,51.909714,1.845066
13293,0.829462,0.800220,nan,0.088562,nan,2.237598
13294,0.905040,0.933243,-16.505550,0.088552,52.171509,2.387148
13295,0.839319,0.781803,nan,0.088552,nan,2.193620
13296,0.721128,0.771760,-16.073679,0.088541,54.307739,1.892341
13297,0.720470,0.676666,nan,0.088541,nan,1.922096
13298,0.642052,0.683752,-16.006790,0.088531,51.693153,1.745449
13299,0.638755,0.641100,nan,0.088531,nan,1.751655
13300,0.843189,0.833501,-15.446683,0.088521,52.144997,2.212874
13301,0.626225,0.569371,nan,0.088521,nan,1.815705
13302,0.835296,0.898843,-16.149700,0.088510,52.392227,2.262479
13303,0.737816,0.712549,nan,0.088510,nan,2.080013
13304,0.752620,0.703285,-16.429104,0.088500,52.411949,2.088887
13305,0.667723,0.611420,nan,0.088500,nan,1.864186
13306,0.802415,0.703179,-14.871344,0.088490,53.661400,2.122438
13307,0.813744,0.757451,nan,0.088490,nan,2.158869
13308,0.884262,0.822624,-16.578777,0.088479,52.405228,2.371861
13309,0.990662,1.024650,nan,0.088479,nan,2.574477
13310,0.693546,0.758968,-16.313255,0.088469,52.825275,1.949485
13311,0.596743,0.590395,nan,0.088469,nan,1.718338
13312,0.711198,0.594347,-16.150694,0.088459,52.707886,1.946703
13313,0.774641,0.838415,nan,0.088459,nan,2.046784
13314,0.919149,0.873283,-15.867955,0.088448,52.007462,2.415056
13315,0.978705,0.859315,nan,0.088448,nan,2.568720
13316,1.055523,0.955195,-15.556491,0.088438,53.008194,2.681396
13317,0.913350,0.759287,nan,0.088438,nan,2.359557
13318,0.988157,0.897170,-16.005972,0.088428,50.004154,2.538668
13319,0.827876,0.795066,nan,0.088428,nan,2.267211
13320,0.619409,0.558452,-16.445183,0.088417,51.001015,1.797827
13321,0.736746,0.754805,nan,0.088417,nan,2.040570
13322,0.955890,0.840021,-15.653399,0.088407,51.676403,2.500552
13323,0.598422,0.547452,nan,0.088407,nan,1.703471
13324,0.555243,0.565619,-16.110352,0.088397,53.591995,1.621766
13325,0.749132,0.713752,nan,0.088397,nan,2.023750
13326,1.067128,1.158539,-16.439802,0.088386,52.273483,2.663150
13327,1.430276,1.085159,nan,0.088386,nan,3.466256
13328,0.879614,0.928507,-15.885970,0.088376,53.859459,2.344101
13329,1.171072,1.062535,nan,0.088376,nan,2.926365
13330,0.783450,0.778646,-15.869826,0.088366,52.806034,2.105546
13331,0.839845,0.954155,nan,0.088366,nan,2.176124
13332,0.662521,0.673691,-16.467167,0.088355,52.277283,1.805243
13333,1.184260,0.925745,nan,0.088355,nan,2.918359
13334,1.164227,0.841087,-15.612322,0.088345,54.112846,2.883461
13335,1.026044,1.090436,nan,0.088345,nan,2.563849
13336,0.745578,0.685025,-15.817073,0.088335,52.418301,1.981867
13337,0.997361,0.813694,nan,0.088335,nan,2.526000
13338,0.887086,0.876809,-16.003281,0.088324,53.931042,2.319248
13339,0.969718,0.890891,nan,0.088324,nan,2.542072
13340,0.806706,0.762033,-17.122921,0.088314,53.027328,2.197051
13341,0.946434,1.153239,nan,0.088314,nan,2.504992
13342,0.847625,0.872931,-14.753981,0.088304,52.522820,2.302836
13343,0.818393,1.074297,nan,0.088304,nan,2.184947
13344,0.977111,1.042840,-16.528025,0.088293,53.681110,2.481878
13345,0.754520,1.074054,nan,0.088293,nan,2.003466
13346,1.066515,1.285135,-16.975496,0.088283,53.258873,2.676337
13347,0.970468,1.202471,nan,0.088283,nan,2.436087
13348,0.789884,0.933714,-14.429177,0.088273,53.087112,2.064260
13349,1.113315,1.220984,nan,0.088273,nan,2.722187
13350,0.922757,1.108088,-15.784008,0.088262,52.068069,2.357045
13351,0.931044,1.050281,nan,0.088262,nan,2.439403
13352,0.624617,0.727476,-15.195250,0.088252,52.718651,1.833470
13353,1.064265,1.108042,nan,0.088252,nan,2.749125
13354,0.895909,1.070273,-16.839401,0.088242,51.535751,2.387768
13355,0.725606,0.963127,nan,0.088242,nan,2.039512
13356,0.858248,0.956460,-15.050875,0.088231,51.353050,2.329529
13357,0.902471,1.072945,nan,0.088231,nan,2.349712
13358,0.900512,1.004151,-16.225090,0.088221,52.997765,2.333967
13359,0.696094,0.881387,nan,0.088221,nan,1.943052
13360,0.664966,1.023942,-16.000210,0.088211,53.142731,1.896041
13361,0.875271,0.836082,nan,0.088211,nan,2.322614
13362,0.940287,1.072981,-15.592220,0.088200,52.195499,2.460814
13363,0.860241,0.814887,nan,0.088200,nan,2.289880
13364,1.288261,1.211525,-16.650867,0.088190,50.155716,3.088280
13365,1.290356,1.273088,nan,0.088190,nan,3.081290
13366,0.966855,0.920652,-16.629921,0.088180,53.131084,2.422901
13367,0.795656,0.772159,nan,0.088180,nan,2.003661
13368,0.960132,0.863496,-14.969234,0.088170,52.248699,2.325914
13369,1.021322,1.019224,nan,0.088170,nan,2.494586
13370,1.179510,1.143229,-16.480072,0.088159,52.696705,2.902828
13371,0.851327,0.667960,nan,0.088159,nan,2.238158
13372,1.177769,1.203940,-15.730387,0.088149,50.721626,2.902083
13373,0.832339,0.822531,nan,0.088149,nan,2.170426
13374,0.878903,0.882065,-15.867064,0.088139,54.729736,2.310503
13375,0.886469,0.877736,nan,0.088139,nan,2.348830
13376,1.080128,0.962673,-16.512230,0.088128,54.130348,2.706972
13377,1.086181,0.984700,nan,0.088128,nan,2.748168
13378,0.971132,0.934515,-16.883738,0.088118,52.140110,2.500893
13379,1.016283,0.868661,nan,0.088118,nan,2.612612
13380,0.749033,0.663993,-16.439365,0.088108,52.050243,2.012366
13381,0.854586,0.880369,nan,0.088108,nan,2.257261
13382,0.728084,0.682668,-15.296470,0.088098,53.320599,2.030993
13383,0.984151,1.040851,nan,0.088098,nan,2.552533
13384,1.262481,1.165490,-16.228535,0.088087,52.046989,3.131213
13385,0.875965,1.131721,nan,0.088087,nan,2.393473
13386,1.024284,1.038889,-14.620185,0.088077,51.248985,2.702162
13387,1.007071,1.230072,nan,0.088077,nan,2.632158
13388,0.822675,1.033536,-16.119431,0.088067,53.171120,2.177846
13389,0.870017,0.878266,nan,0.088067,nan,2.246095
13390,0.728652,0.746577,-16.174015,0.088057,52.301178,1.992099
13391,0.913768,0.868092,nan,0.088057,nan,2.358418
13392,1.141280,1.066534,-16.689159,0.088046,52.114639,2.817243
13393,1.082556,1.091016,nan,0.088046,nan,2.668226
13394,0.887049,0.905332,-16.035042,0.088036,50.335030,2.294456
13395,1.069384,1.084559,nan,0.088036,nan,2.705166
13396,0.729356,0.743350,-15.615284,0.088026,54.043655,2.017973
13397,0.758551,0.758329,nan,0.088026,nan,2.083002
13398,0.970645,0.971588,-16.326874,0.088016,54.249977,2.536787
13399,0.758253,0.785149,nan,0.088016,nan,2.089991
13400,0.886191,0.858343,-15.607026,0.088005,52.470943,2.364163
13401,0.812833,0.820069,nan,0.088005,nan,2.191401
13402,0.986203,0.891606,-16.063572,0.087995,53.845253,2.541790
13403,0.621959,0.739438,nan,0.087995,nan,1.805016
13404,0.993760,1.012188,-15.882305,0.087985,52.035118,2.562805
13405,0.885099,0.951089,nan,0.087985,nan,2.291881
13406,0.920922,0.940824,-16.467224,0.087975,53.998211,2.381689
13407,0.841862,0.787934,nan,0.087975,nan,2.209753
13408,0.685716,0.698594,-15.889805,0.087964,53.644386,1.856226
13409,0.965934,0.942198,nan,0.087964,nan,2.497356
13410,0.909630,0.885028,-16.151861,0.087954,51.953621,2.378028
13411,0.937874,0.929906,nan,0.087954,nan,2.411018
13412,0.873519,0.996528,-16.960228,0.087944,50.889160,2.321033
13413,0.922364,1.174309,nan,0.087944,nan,2.444417
13414,0.929567,0.993387,-16.355618,0.087934,51.782150,2.460645
13415,0.978645,1.019126,nan,0.087934,nan,2.539796
13416,0.797336,0.778079,-16.134148,0.087923,51.983601,2.180405
13417,1.070719,1.076132,nan,0.087923,nan,2.705334
13418,0.793054,0.765471,-16.516724,0.087913,51.968056,2.109260
13419,0.766259,0.768916,nan,0.087913,nan,2.088206
13420,0.939309,0.948478,-16.188271,0.087903,54.054680,2.430346
13421,0.737695,0.747779,nan,0.087903,nan,1.977400
13422,1.012931,1.036992,-16.209438,0.087893,52.603798,2.552775
13423,1.137443,1.159197,nan,0.087893,nan,2.831421
13424,1.032141,0.969138,-16.140430,0.087883,52.830116,2.599781
13425,1.361091,1.378281,nan,0.087883,nan,3.270291
13426,0.735879,0.757443,-16.874142,0.087872,55.002682,2.006419
13427,0.706774,0.688673,nan,0.087872,nan,1.971473
13428,0.935835,0.908285,-15.694866,0.087862,54.887108,2.403260
13429,0.698692,0.712552,nan,0.087862,nan,1.911246
13430,0.932775,0.844407,-16.510605,0.087852,55.410488,2.390381
13431,0.662410,0.705840,nan,0.087852,nan,1.867484
13432,0.578880,0.727407,-16.293606,0.087841,50.787243,1.710864
13433,0.922350,0.848095,nan,0.087841,nan,2.406570
13434,0.807236,0.776387,-15.286390,0.087831,51.057320,2.153793
13435,1.032270,1.062433,nan,0.087831,nan,2.578061
13436,0.888643,0.834360,-16.398083,0.087821,52.222061,2.278904
13437,1.007037,0.957014,nan,0.087821,nan,2.554843
13438,1.176353,1.196632,-17.124645,0.087811,53.592010,2.926454
13439,0.930177,0.952032,nan,0.087811,nan,2.443424
13440,0.957030,0.938245,-16.445164,0.087801,51.852661,2.467371
13441,0.718849,0.689434,nan,0.087801,nan,1.959915
13442,1.045852,1.081401,-16.963676,0.087790,50.928185,2.629351
13443,0.903979,0.987033,nan,0.087790,nan,2.398685
13444,0.989282,0.991803,-17.054964,0.087780,54.068466,2.551785
13445,1.152135,1.087459,nan,0.087780,nan,2.864691
13446,0.961253,0.893237,-16.033615,0.087770,53.031425,2.440790
13447,0.575503,0.603148,nan,0.087770,nan,1.656815
13448,0.748914,0.736988,-16.524282,0.087760,53.949657,2.011902
13449,0.734639,0.773071,nan,0.087760,nan,2.009503
13450,0.896306,0.832383,-16.297550,0.087750,54.848324,2.299137
13451,0.862405,0.837429,nan,0.087750,nan,2.251415
13452,0.829312,0.862442,-17.111053,0.087739,53.970657,2.161915
13453,1.076096,0.951846,nan,0.087739,nan,2.707372
13454,1.242860,1.214969,-17.108341,0.087729,52.235710,3.020075
13455,1.113611,1.002888,nan,0.087729,nan,2.803312
13456,0.867767,0.824522,-15.762470,0.087719,53.441532,2.332838
13457,1.249497,1.298994,nan,0.087719,nan,3.015170
13458,1.453752,1.272275,-16.394032,0.087708,54.399857,3.446052
13459,1.127152,1.327130,nan,0.087708,nan,2.811140
13460,0.997506,1.269539,-17.865648,0.087698,52.553043,2.547681
13461,1.043710,1.053023,nan,0.087698,nan,2.684242
13462,0.839999,1.011313,-16.698524,0.087688,53.856319,2.261230
13463,0.815374,0.903260,nan,0.087688,nan,2.157075
13464,1.080935,0.986702,-17.058960,0.087678,54.116951,2.678102
13465,0.938017,0.982985,nan,0.087678,nan,2.416196
13466,0.981245,0.926140,-17.117416,0.087667,54.772133,2.519273
13467,0.924325,0.959513,nan,0.087667,nan,2.393511
13468,0.860722,0.931832,-16.083321,0.087657,53.601303,2.227291
13469,1.026477,0.948283,nan,0.087657,nan,2.560205
13470,1.235114,1.230246,-16.572151,0.087647,52.356663,2.975203
13471,0.857508,0.938476,nan,0.087647,nan,2.215446
13472,0.970226,0.969179,-17.633661,0.087636,53.559933,2.456004
13473,0.650028,0.652518,nan,0.087636,nan,1.817752
13474,0.736912,0.708226,-16.793911,0.087626,56.361988,1.968392
13475,1.015010,1.020852,nan,0.087626,nan,2.492535
13476,1.036098,1.030121,-17.610802,0.087616,54.043198,2.573055
13477,0.834157,1.009968,nan,0.087616,nan,2.165292
13478,0.712622,0.875939,-17.228600,0.087605,55.434486,1.940526
13479,0.601125,0.586934,nan,0.087605,nan,1.653312
13480,1.240967,0.841362,-15.536690,0.087595,52.189606,2.971336
13481,0.679500,0.639768,nan,0.087595,nan,1.821327
13482,0.885231,0.855935,-18.081135,0.087585,52.177879,2.295229
13483,0.913997,1.008440,nan,0.087585,nan,2.351256
13484,1.049077,1.294815,-18.035732,0.087575,52.580467,2.615655
13485,1.065320,1.025500,nan,0.087575,nan,2.644580
13486,0.941467,0.998413,-16.483139,0.087564,52.762878,2.381614
13487,0.848067,0.790932,nan,0.087564,nan,2.209502
13488,0.925938,0.897017,-17.480879,0.087554,51.110916,2.342594
13489,1.009833,0.865195,nan,0.087554,nan,2.519080
13490,0.783476,0.753327,-17.284119,0.087544,51.911308,1.986678
13491,1.119186,0.949679,nan,0.087544,nan,2.721949
13492,0.661483,0.651654,-16.061586,0.087534,53.056141,1.743116
13493,1.013863,1.073344,nan,0.087534,nan,2.507854
13494,1.251485,1.141226,-17.229717,0.087524,53.245564,2.993249
13495,0.697309,0.844213,nan,0.087524,nan,1.808382
13496,0.681758,0.721785,-17.216486,0.087513,52.228989,1.785955
13497,0.908362,0.837824,nan,0.087513,nan,2.265403
13498,0.949448,0.951927,-16.233425,0.087503,52.194420,2.319727
13499,1.234632,1.431251,nan,0.087503,nan,2.957798
13500,1.057843,1.005131,-17.034443,0.087493,54.146935,2.591446
13501,1.073578,0.998802,nan,0.087493,nan,2.665175
13502,0.862891,0.745440,-17.642296,0.087483,53.043167,2.228559
13503,0.700495,0.603794,nan,0.087483,nan,1.890161
13504,0.790688,0.729894,-17.439125,0.087473,53.363747,2.030944
13505,1.088357,1.081722,nan,0.087473,nan,2.659784
13506,0.882377,0.763656,-16.542191,0.087463,52.223114,2.249527
13507,0.977569,1.014693,nan,0.087463,nan,2.459716
13508,0.756567,0.693669,-17.238054,0.087452,55.256729,1.999365
13509,0.760206,0.699696,nan,0.087452,nan,2.022670
13510,0.919399,0.801344,-17.644201,0.087442,53.081348,2.316815
13511,0.780265,0.680369,nan,0.087442,nan,2.008319
13512,0.920724,0.788453,-17.928982,0.087432,54.548443,2.271895
13513,1.079340,0.997599,nan,0.087432,nan,2.607624
13514,1.098710,0.987481,-16.737202,0.087422,53.791958,2.653994
13515,0.780509,0.741213,nan,0.087422,nan,1.964188
13516,1.246491,0.993627,-17.890667,0.087412,52.268204,2.928869
13517,0.932899,0.959285,nan,0.087412,nan,2.340606
13518,0.783317,0.663984,-15.992592,0.087401,52.112560,2.028512
13519,0.897675,0.611472,nan,0.087401,nan,2.226950
13520,0.686634,0.981069,-16.701622,0.087391,54.288727,1.787951
13521,1.383871,0.991311,nan,0.087391,nan,3.185153
13522,0.775972,0.619251,-18.640345,0.087381,54.565910,1.931328
13523,0.982226,0.930365,nan,0.087381,nan,2.402039
13524,0.869728,0.642076,-16.989523,0.087371,52.068222,2.197234
13525,0.947747,0.835718,nan,0.087371,nan,2.356192
13526,0.882747,0.975309,-17.152632,0.087361,54.742699,2.189399
13527,0.872122,0.778470,nan,0.087361,nan,2.184634
13528,0.864416,0.894229,-17.585117,0.087351,52.262352,2.160086
13529,0.807358,0.805831,nan,0.087351,nan,2.059393
13530,0.651133,0.643467,-18.150967,0.087340,56.192238,1.752911
13531,1.027500,1.011041,nan,0.087340,nan,2.512506
13532,0.939380,0.910837,-17.662502,0.087330,54.223457,2.329492
13533,0.605682,0.612591,nan,0.087330,nan,1.637915
13534,0.900360,0.917221,-17.340809,0.087320,54.171135,2.233850
13535,0.642048,0.598547,nan,0.087320,nan,1.703008
13536,0.611462,0.607898,-18.053963,0.087310,52.740067,1.644881
13537,0.911491,0.844225,nan,0.087310,nan,2.290313
13538,0.896868,0.795982,-18.427259,0.087299,52.490997,2.247010
13539,1.103986,1.068716,nan,0.087299,nan,2.650666
13540,0.938210,0.831202,-17.778595,0.087289,51.943588,2.322447
13541,0.982979,0.900526,nan,0.087289,nan,2.404099
13542,0.592519,0.631422,-18.169224,0.087279,54.553421,1.564633
13543,0.722513,0.867662,nan,0.087279,nan,1.837301
13544,0.720628,0.671820,-17.297729,0.087269,54.309662,1.868071
13545,0.743690,0.743783,nan,0.087269,nan,1.876558
13546,0.929746,0.880080,-17.902020,0.087259,52.307434,2.279307
13547,0.840885,0.788234,nan,0.087259,nan,2.121799
13548,1.173414,1.089870,-17.286213,0.087249,53.801773,2.804050
13549,0.823102,0.749077,nan,0.087249,nan,2.063628
13550,0.798921,0.794414,-18.099901,0.087238,53.556969,2.023535
13551,1.104142,1.074052,nan,0.087238,nan,2.635199
13552,0.752092,0.652013,-17.929104,0.087228,52.485153,1.940820
13553,1.271050,0.588005,nan,0.087228,nan,2.942291
13554,0.850003,0.770737,-17.342545,0.087218,54.753716,2.098419
13555,0.668191,0.484540,nan,0.087218,nan,1.710798
13556,1.410990,1.291812,-19.505756,0.087208,55.226532,3.248530
13557,1.257228,1.296746,nan,0.087208,nan,2.979350
13558,1.512782,1.201105,-17.346239,0.087198,51.617134,3.495466
13559,1.128448,0.766588,nan,0.087198,nan,2.690892
13560,0.852123,0.648809,-18.071609,0.087188,52.934990,2.106958
13561,0.943366,0.869575,nan,0.087188,nan,2.216429
13562,1.256271,1.004931,-17.138069,0.087177,52.382103,2.876729
13563,1.232545,1.070108,nan,0.087177,nan,2.881846
13564,0.678462,0.542830,-17.663689,0.087167,53.591061,1.804837
13565,0.858279,0.801651,nan,0.087167,nan,2.217047
13566,1.171553,1.024933,-17.915382,0.087157,51.426785,2.828926
13567,0.660400,0.654773,nan,0.087157,nan,1.759845
13568,0.904330,0.780190,-17.723846,0.087147,54.565891,2.233929
13569,1.125850,0.994943,nan,0.087147,nan,2.643168
13570,1.035055,0.906037,-18.056049,0.087137,51.500923,2.427182
13571,1.083647,1.081781,nan,0.087137,nan,2.582890
13572,0.710347,0.655329,-18.342945,0.087127,53.494053,1.831188
13573,0.675584,0.617314,nan,0.087127,nan,1.777537
13574,0.587861,0.561959,-18.445311,0.087117,53.953506,1.601334
13575,1.042896,0.880394,nan,0.087117,nan,2.508958
13576,0.635850,0.574685,-18.553677,0.087107,52.801033,1.695147
13577,0.585213,0.534333,nan,0.087107,nan,1.582436
13578,1.105850,1.083838,-18.292469,0.087097,52.854874,2.648020
13579,0.864570,0.818562,nan,0.087097,nan,2.155212
13580,0.978524,0.829543,-19.091822,0.087087,54.260757,2.388684
13581,1.036031,0.992190,nan,0.087087,nan,2.463313
13582,0.856231,0.731249,-18.002415,0.087076,51.617302,2.094683
13583,0.952572,0.804938,nan,0.087076,nan,2.292599
13584,0.944814,0.851113,-19.187317,0.087066,52.055061,2.291067
13585,0.667339,0.863528,nan,0.087066,nan,1.754554
13586,1.020327,0.800792,-17.102272,0.087056,52.791237,2.488964
13587,0.880198,0.930961,nan,0.087056,nan,2.237201
13588,0.678286,0.665441,-17.884501,0.087046,54.094704,1.813756
13589,1.145046,0.911690,nan,0.087046,nan,2.748309
13590,0.655432,0.730103,-18.816193,0.087036,54.164925,1.726235
13591,0.827326,0.731120,nan,0.087036,nan,2.042274
13592,0.774628,0.757322,-18.113689,0.087026,54.547852,1.901445
13593,0.863518,0.739350,nan,0.087026,nan,2.110006
13594,0.695808,0.703214,-17.776014,0.087016,52.350853,1.809992
13595,0.808722,0.697832,nan,0.087016,nan,2.092273
13596,1.063647,0.999010,-17.824625,0.087006,52.377674,2.536467
13597,0.984784,0.999933,nan,0.087006,nan,2.426759
13598,0.585111,0.579822,-19.154528,0.086996,53.417442,1.624493
13599,0.849747,0.857984,nan,0.086996,nan,2.135595
13600,1.062362,1.032081,-19.122011,0.086986,55.243965,2.547387
13601,0.734108,0.702807,nan,0.086986,nan,1.829713
13602,0.596432,0.612301,-17.761299,0.086976,54.936390,1.577189
13603,0.824740,0.766835,nan,0.086976,nan,2.115724
13604,0.883096,0.857107,-18.978214,0.086966,50.908951,2.236988
13605,0.923100,0.984244,nan,0.086966,nan,2.369588
13606,0.918011,0.887614,-18.346375,0.086956,54.093163,2.356575
13607,0.867793,0.771468,nan,0.086956,nan,2.242644
13608,0.816433,0.787658,-18.099054,0.086946,52.229919,2.122830
13609,0.889800,0.722677,nan,0.086946,nan,2.224787
13610,0.899812,0.815938,-19.541321,0.086936,55.853283,2.242889
13611,0.737222,0.740294,nan,0.086936,nan,1.883231
13612,1.167429,1.021705,-18.086088,0.086926,53.094971,2.772645
13613,1.121252,1.313029,nan,0.086926,nan,2.692987
13614,1.161382,1.139216,-19.357859,0.086915,52.628529,2.778607
13615,0.931215,0.909368,nan,0.086915,nan,2.240100
13616,1.024361,0.918291,-18.813501,0.086905,54.387222,2.441957
13617,0.892137,0.793432,nan,0.086905,nan,2.191446
13618,1.131281,0.965649,-18.657873,0.086895,49.895233,2.690487
13619,0.935215,0.894653,nan,0.086895,nan,2.297199
13620,0.925785,0.902084,-18.904882,0.086885,55.165146,2.290643
13621,1.135226,1.073591,nan,0.086885,nan,2.757041
13622,0.811135,0.706481,-18.005951,0.086875,52.442802,2.125227
13623,1.058708,0.964818,nan,0.086875,nan,2.590669
13624,0.927814,0.889123,-19.715309,0.086865,52.637138,2.296601
13625,0.892295,0.935740,nan,0.086865,nan,2.229353
13626,1.066954,0.932932,-18.545240,0.086855,52.324181,2.587675
13627,0.866670,0.794450,nan,0.086855,nan,2.201180
13628,0.718426,0.709146,-19.249325,0.086845,54.365559,1.975142
13629,0.904816,1.023387,nan,0.086845,nan,2.247634
13630,0.921201,0.982683,-19.297226,0.086835,52.926548,2.219924
13631,0.811038,0.747543,nan,0.086835,nan,2.008681
13632,0.957308,0.958523,-18.555691,0.086825,56.317287,2.305578
13633,0.748829,0.823701,nan,0.086825,nan,1.869302
13634,0.720648,0.773967,-18.714827,0.086815,54.630718,1.826578
13635,1.364035,1.195183,nan,0.086815,nan,3.170438
13636,0.779932,0.806338,-18.218380,0.086805,51.439774,1.959703
13637,0.893220,0.818373,nan,0.086805,nan,2.175046
13638,0.940856,0.883835,-19.474934,0.086795,55.523277,2.251709
13639,0.611249,0.626304,nan,0.086795,nan,1.575679
13640,1.039157,0.955193,-19.238136,0.086785,55.149292,2.514839
13641,0.813047,0.733334,nan,0.086785,nan,2.064576
13642,0.675100,0.641958,-18.135777,0.086775,52.053764,1.828767
13643,0.905748,0.891238,nan,0.086775,nan,2.262537
13644,0.796433,0.786157,-18.899900,0.086765,51.204315,2.058455
13645,0.783986,0.792045,nan,0.086765,nan,2.077319
13646,0.762707,0.735470,-18.745584,0.086755,53.947754,2.053139
13647,0.986796,0.943832,nan,0.086755,nan,2.442168
13648,0.767243,0.748920,-18.307291,0.086745,52.743744,1.942283
13649,0.729022,0.750017,nan,0.086745,nan,1.844393
13650,0.867806,0.785731,-20.136757,0.086735,53.978249,2.114076
13651,0.907803,0.914638,nan,0.086735,nan,2.208493
13652,0.988902,0.955142,-18.633389,0.086725,54.444016,2.412527
13653,1.109255,1.175528,nan,0.086725,nan,2.701113
13654,0.591476,0.606327,-18.591749,0.086715,53.690887,1.672341
13655,0.922877,0.939872,nan,0.086715,nan,2.278008
13656,0.729575,0.779510,-20.152489,0.086705,55.082306,1.849175
13657,0.837417,0.909061,nan,0.086705,nan,2.099305
13658,0.991380,0.994115,-19.807398,0.086695,56.158005,2.351446
13659,0.764370,0.718770,nan,0.086695,nan,1.948036
13660,0.975385,0.913934,-19.309231,0.086685,52.645592,2.420646
13661,0.750220,0.749135,nan,0.086685,nan,1.969416
13662,1.037022,1.071418,-18.754196,0.086674,54.211906,2.621831
13663,0.742280,0.647400,nan,0.086674,nan,2.057271
13664,0.896077,0.879223,-19.687103,0.086664,53.160107,2.315156
13665,1.127905,1.034216,nan,0.086664,nan,2.696617
13666,0.887051,0.766334,-18.447340,0.086654,54.130634,2.207107
13667,1.182340,0.886973,nan,0.086654,nan,2.838530
13668,1.046572,0.667567,-19.669897,0.086644,54.566216,2.620228
13669,1.057473,1.094359,nan,0.086644,nan,2.500519
13670,1.082388,0.946788,-19.617949,0.086634,55.014961,2.589361
13671,0.827435,0.746492,nan,0.086634,nan,2.062275
13672,0.690870,0.700016,-18.989817,0.086624,54.083298,1.917337
13673,1.059740,0.934894,nan,0.086624,nan,2.692811
13674,0.776626,0.807504,-19.511889,0.086614,53.662254,2.129692
13675,1.104724,1.017078,nan,0.086614,nan,2.657735
13676,1.110304,0.873543,-19.291759,0.086604,53.380348,2.665332
13677,0.748175,0.536045,nan,0.086604,nan,1.845196
13678,0.898865,0.755907,-19.746489,0.086594,52.191574,2.168113
13679,0.855696,0.739379,nan,0.086594,nan,2.224486
13680,1.036595,0.923015,-19.045135,0.086584,55.647762,2.571632
13681,0.857325,0.800815,nan,0.086584,nan,2.160280
13682,0.776268,0.762064,-20.110825,0.086574,53.823540,1.962649
13683,0.904318,0.937268,nan,0.086574,nan,2.200081
13684,0.936574,0.724385,-18.548889,0.086564,53.646690,2.215000
13685,0.919336,0.906638,nan,0.086564,nan,2.268633
13686,1.022422,0.867924,-19.825884,0.086554,54.867867,2.539430
13687,0.772853,1.024101,nan,0.086554,nan,2.083078
13688,0.935768,1.486816,-20.311550,0.086544,52.968430,2.401062
13689,1.118140,1.055629,nan,0.086544,nan,2.704404
13690,0.616620,0.866289,-19.368437,0.086534,54.515915,1.647821
13691,0.630408,0.699431,nan,0.086534,nan,1.730744
13692,0.777633,0.771156,-20.786417,0.086524,55.553890,2.054763
13693,0.799960,0.927489,nan,0.086524,nan,2.060542
13694,0.961544,0.952905,-20.561100,0.086513,54.238697,2.398756
13695,0.948782,0.878265,nan,0.086513,nan,2.280614
13696,0.741423,0.695356,-19.924622,0.086503,53.610920,1.909809
13697,0.862111,0.823788,nan,0.086503,nan,2.238598
13698,0.914797,0.823999,-20.363670,0.086493,54.549026,2.403884
13699,0.885068,0.792244,nan,0.086493,nan,2.241104
13700,0.755417,0.778242,-20.397223,0.086483,54.084145,1.947388
13701,0.907372,0.933594,nan,0.086483,nan,2.237831
13702,0.806862,0.779331,-19.180885,0.086473,51.494598,1.965391
13703,0.899024,0.920714,nan,0.086473,nan,2.189976
13704,0.786875,0.715975,-20.371897,0.086463,52.281708,1.969785
13705,0.691359,0.630830,nan,0.086463,nan,1.898244
13706,0.914430,0.891333,-20.661331,0.086453,54.726944,2.272265
13707,0.805684,0.676618,nan,0.086453,nan,2.101448
13708,0.807324,0.805288,-20.076000,0.086443,54.718422,2.118176
13709,0.798694,0.691145,nan,0.086443,nan,2.113030
13710,0.888524,0.786018,-20.351871,0.086433,53.984280,2.297521
13711,0.693763,0.729337,nan,0.086433,nan,1.839427
13712,0.639926,0.625728,-20.205940,0.086423,55.207767,1.661468
13713,0.690418,0.688595,nan,0.086423,nan,1.869458
13714,0.637258,0.637905,-20.400753,0.086413,52.776382,1.735485
13715,0.960779,0.917848,nan,0.086413,nan,2.411571
13716,0.804202,0.781248,-20.474163,0.086403,53.405033,2.124628
13717,0.690397,0.647480,nan,0.086403,nan,1.825846
13718,0.811439,0.779356,-20.248520,0.086393,56.850494,2.089819
13719,0.788576,0.778835,nan,0.086393,nan,2.045019
13720,0.683253,0.647886,-20.532337,0.086383,54.168270,1.776987
13721,0.892633,0.870255,nan,0.086383,nan,2.235094
13722,0.826725,0.818233,-20.798244,0.086373,54.168053,2.123274
13723,0.813202,0.777176,nan,0.086373,nan,2.103358
13724,0.705482,0.650272,-20.628975,0.086363,53.092281,1.835442
13725,0.862517,0.931953,nan,0.086363,nan,2.107504
13726,0.503994,0.513165,-20.875082,0.086353,57.014847,1.382621
13727,0.975817,0.927046,nan,0.086353,nan,2.422408
13728,0.760597,0.730810,-19.977604,0.086343,54.360729,2.003700
13729,0.591402,0.565218,nan,0.086343,nan,1.643222
13730,0.817914,0.624319,-19.996563,0.086333,53.257942,2.046301
13731,0.758555,0.743348,nan,0.086333,nan,2.006245
13732,0.827381,0.810248,-20.524124,0.086323,53.974785,2.194598
13733,0.811964,0.729898,nan,0.086323,nan,2.150041
13734,0.666189,0.525486,-20.168594,0.086313,54.992004,1.927845
13735,0.794220,0.727548,nan,0.086313,nan,2.068820
13736,0.874474,0.908785,-21.244986,0.086303,53.775364,2.239116
13737,1.045472,0.967646,nan,0.086303,nan,2.594478
13738,0.920436,0.816277,-20.837605,0.086293,54.216782,2.320153
13739,0.641931,0.689411,nan,0.086293,nan,1.810591
13740,0.935648,0.801762,-20.458597,0.086283,54.512604,2.437293
13741,0.584034,0.579838,nan,0.086283,nan,1.660346
13742,0.734062,0.710987,-21.453304,0.086273,54.685547,1.915458
13743,0.756001,0.869879,nan,0.086273,nan,1.856140
13744,1.011337,0.817584,-19.347179,0.086263,54.777481,2.467867
13745,0.854908,1.004949,nan,0.086263,nan,2.159075
13746,0.708238,0.754933,-20.452858,0.086253,55.013336,1.921950
13747,0.832795,1.086413,nan,0.086253,nan,2.246118
13748,0.610987,0.680520,-20.719002,0.086243,54.798222,1.763854
13749,0.851078,0.843462,nan,0.086243,nan,2.175303
13750,0.807581,0.726583,-21.160057,0.086233,55.280819,2.094532
13751,0.928566,1.030291,nan,0.086233,nan,2.298489
13752,0.997175,0.954881,-21.723930,0.086222,54.813515,2.479188
13753,0.884660,0.771535,nan,0.086222,nan,2.154084
13754,0.790479,1.021726,-20.183819,0.086212,54.867645,2.046189
13755,0.836440,0.704685,nan,0.086212,nan,2.185013
13756,0.636727,0.745201,-21.010712,0.086202,54.258266,1.733334
13757,0.936082,0.895442,nan,0.086202,nan,2.280994
13758,0.784412,0.675847,-21.571484,0.086192,53.899689,1.992687
13759,0.828908,0.946474,nan,0.086192,nan,2.060720
13760,0.878691,0.804828,-20.949648,0.086182,54.179176,2.265771
13761,0.716505,0.707375,nan,0.086182,nan,1.913705
13762,0.840777,0.751490,-21.521851,0.086172,51.710217,2.211957
13763,0.735014,0.801828,nan,0.086172,nan,1.877382
13764,0.684719,0.689449,-20.905167,0.086162,54.937649,1.820632
13765,0.855083,0.759879,nan,0.086162,nan,2.127384
13766,0.877594,0.897564,-21.107258,0.086152,55.471306,2.230133
13767,0.588728,0.876294,nan,0.086152,nan,1.701441
13768,0.765054,0.807878,-20.985195,0.086142,52.217232,2.096559
13769,1.031882,0.919499,nan,0.086142,nan,2.582854
13770,0.679059,0.805078,-21.229462,0.086132,55.158401,1.983251
13771,0.723335,0.892699,nan,0.086132,nan,2.016930
13772,1.039369,1.078739,-20.841202,0.086122,53.690987,2.618779
13773,0.788866,0.907745,nan,0.086122,nan,2.127313
13774,0.861823,0.875469,-21.848495,0.086112,54.796276,2.225655
13775,0.707641,0.805308,nan,0.086112,nan,1.818993
13776,0.893129,0.835721,-20.665337,0.086102,55.765587,2.206578
13777,1.692937,1.101017,nan,0.086102,nan,3.857498
13778,0.683095,0.822044,-20.309830,0.086092,54.539017,1.908987
13779,0.781111,0.731997,nan,0.086092,nan,1.987518
13780,0.866186,0.780219,-22.871807,0.086082,54.102760,2.125717
13781,0.837023,0.916219,nan,0.086082,nan,2.045165
13782,0.822073,0.785668,-21.574619,0.086072,54.459152,2.075440
13783,0.762998,0.814874,nan,0.086072,nan,2.017324
13784,0.866882,0.908090,-21.313602,0.086062,52.730499,2.229545
13785,0.776390,0.872826,nan,0.086062,nan,2.108926
13786,0.557086,0.609617,-20.684719,0.086052,56.890755,1.619445
13787,0.996201,1.038653,nan,0.086052,nan,2.576662
13788,0.878796,0.866669,-21.275829,0.086042,54.269974,2.366189
13789,0.866914,0.870797,nan,0.086042,nan,2.241791
13790,0.793950,0.772290,-21.931681,0.086032,55.299980,2.023899
13791,0.888262,0.691850,nan,0.086032,nan,2.142731
13792,0.612377,0.570099,-21.367046,0.086022,56.713890,1.689039
13793,0.939402,0.744514,nan,0.086022,nan,2.446925
13794,0.628627,0.587536,-20.835884,0.086012,55.995384,1.746504
13795,0.671537,0.488763,nan,0.086012,nan,1.814305
13796,0.607664,0.538597,-21.750151,0.086002,55.268314,1.696184
13797,0.844154,0.839622,nan,0.086002,nan,2.162347
13798,0.833848,0.844204,-22.290007,0.085992,53.608353,2.129091
13799,0.826950,0.809337,nan,0.085992,nan,2.135940
13800,0.719644,0.670260,-21.388962,0.085982,55.234123,1.918202
13801,0.679629,0.725126,nan,0.085982,nan,1.779130
13802,0.699739,0.696113,-21.316277,0.085972,55.396095,1.764393
13803,0.740828,0.649574,nan,0.085972,nan,1.940707
13804,1.037149,0.981957,-22.405674,0.085962,53.991051,2.517905
13805,0.859023,0.944370,nan,0.085962,nan,2.113885
13806,0.776666,0.682566,-21.019436,0.085952,53.922523,1.906942
13807,0.699055,0.614439,nan,0.085952,nan,1.781420
13808,0.957156,0.881214,-22.719978,0.085942,55.085316,2.410306
13809,0.795775,0.817906,nan,0.085942,nan,2.127584
13810,0.754348,0.705428,-21.881865,0.085932,57.867043,2.083311
13811,0.839108,0.717369,nan,0.085932,nan,2.181862
13812,0.619066,0.541878,-21.292568,0.085922,54.076622,1.762531
13813,0.794208,0.733200,nan,0.085922,nan,2.075233
13814,0.757378,0.689630,-22.396236,0.085912,56.200157,1.968815
13815,0.782149,0.990376,nan,0.085912,nan,2.000665
13816,0.749884,0.966880,-22.004408,0.085902,54.865234,1.949380
13817,0.790795,0.773983,nan,0.085902,nan,2.020993
13818,0.745215,0.798567,-20.320185,0.085892,53.124912,2.032440
13819,0.982066,0.983471,nan,0.085892,nan,2.529911
13820,0.666178,0.635122,-21.902016,0.085882,54.216026,1.831072
13821,0.869917,0.926503,nan,0.085882,nan,2.074549
13822,0.936113,0.850508,-21.516796,0.085872,53.679382,2.198690
13823,0.746444,0.532427,nan,0.085872,nan,1.732162
13824,0.811406,0.772113,-21.089033,0.085862,53.119179,1.894127
13825,0.929816,0.781394,nan,0.085862,nan,2.292931
13826,1.007647,0.840277,-21.811413,0.085852,54.089836,2.570814
13827,0.726092,0.670302,nan,0.085852,nan,1.892558
13828,0.956402,0.840414,-21.847021,0.085842,55.282852,2.281922
13829,0.881725,0.681936,nan,0.085842,nan,2.025181
13830,0.638380,0.500065,-21.319025,0.085832,54.543602,1.486218
13831,1.097600,0.990777,nan,0.085832,nan,2.686867
13832,0.805541,0.680218,-21.892591,0.085822,55.208603,2.091688
13833,0.764883,0.757357,nan,0.085822,nan,2.004211
13834,0.715455,0.657839,-22.035831,0.085812,53.841095,1.934824
13835,0.876425,0.741316,nan,0.085812,nan,2.143463
13836,0.694950,0.629025,-22.169128,0.085802,55.925350,1.841872
13837,0.467135,0.404950,nan,0.085802,nan,1.499870
13838,0.766341,0.769485,-21.987123,0.085792,55.657543,1.982542
13839,0.667751,0.709256,nan,0.085792,nan,1.753674
13840,0.964450,0.901138,-22.607830,0.085782,52.849430,2.385980
13841,0.764215,0.893014,nan,0.085782,nan,1.958177
13842,0.793988,0.820601,-22.388409,0.085772,57.275604,2.055996
13843,0.591418,0.544286,nan,0.085772,nan,1.647535
13844,1.213199,1.267263,-21.189970,0.085762,53.928707,2.954908
13845,1.047677,1.017954,nan,0.085762,nan,2.601344
13846,0.512491,0.523656,-22.712467,0.085752,55.687500,1.508245
13847,0.830040,0.763015,nan,0.085752,nan,2.119588
13848,0.690703,0.643607,-22.986847,0.085742,57.923794,1.749819
13849,0.695122,0.654649,nan,0.085742,nan,1.769550
13850,1.052086,1.008078,-21.754215,0.085732,54.266644,2.526936
13851,1.092728,0.944519,nan,0.085732,nan,2.623636
13852,0.923041,0.821695,-23.429752,0.085722,54.100975,2.295427
13853,0.838443,0.903526,nan,0.085722,nan,2.135645
13854,0.810818,0.762379,-22.088392,0.085712,54.581600,1.927420
13855,0.751277,0.717321,nan,0.085712,nan,1.870257
13856,1.313640,1.150755,-21.689131,0.085702,54.685196,3.126117
13857,0.916875,0.799198,nan,0.085702,nan,2.221704
13858,0.687802,0.691499,-22.770689,0.085692,53.930908,1.796470
13859,0.778720,0.810526,nan,0.085692,nan,2.076240
13860,0.853983,0.982565,-23.092752,0.085683,54.150154,2.184567
13861,1.061916,0.998854,nan,0.085683,nan,2.636302
13862,0.883695,0.885215,-22.167784,0.085673,54.741379,2.303323
13863,0.803781,0.771367,nan,0.085673,nan,2.084679
13864,0.569960,0.556122,-22.052423,0.085663,54.609543,1.578686
13865,0.612473,0.608013,nan,0.085663,nan,1.563859
13866,0.677832,0.651822,-22.110962,0.085653,55.630936,1.703311
13867,0.702209,0.663425,nan,0.085653,nan,1.861428
13868,0.804099,0.853413,-23.073929,0.085643,55.159786,2.019165
13869,0.657148,0.699182,nan,0.085643,nan,1.590125
13870,0.773350,0.719802,-22.712070,0.085633,53.942871,1.846537
13871,0.803398,0.801808,nan,0.085633,nan,1.916240
13872,0.847515,0.942524,-22.429283,0.085623,54.993069,2.164413
13873,0.866858,0.790569,nan,0.085623,nan,2.196987
13874,0.852257,0.823813,-23.242027,0.085613,53.889641,2.192556
13875,0.855505,0.958555,nan,0.085613,nan,2.086843
13876,1.021068,0.865581,-22.304539,0.085603,53.978539,2.385255
13877,0.856812,0.739662,nan,0.085603,nan,1.994932
13878,0.784573,0.748914,-21.978174,0.085593,53.765736,1.852538
13879,0.730505,0.692244,nan,0.085593,nan,1.953027
13880,1.038874,0.848706,-22.803061,0.085583,55.095734,2.611404
13881,0.880230,0.835474,nan,0.085583,nan,2.321784
13882,0.909460,0.909666,-23.042706,0.085573,54.946709,2.383660
13883,0.818913,0.896397,nan,0.085573,nan,2.118097
13884,0.769058,0.762627,-22.861103,0.085564,55.978226,1.987656
13885,0.892465,0.921444,nan,0.085564,nan,2.220993
13886,0.808161,0.835605,-23.373281,0.085554,56.581406,2.077553
13887,0.667882,0.782408,nan,0.085554,nan,1.816457
13888,0.568812,0.572356,-22.060722,0.085544,55.556900,1.658565
13889,0.834251,1.061256,nan,0.085544,nan,2.201886
13890,0.935373,1.044639,-22.905239,0.085534,55.903164,2.366088
13891,0.852599,0.862526,nan,0.085534,nan,2.046135
13892,0.882500,0.984145,-23.016964,0.085524,53.791023,2.009300
13893,0.892111,0.845519,nan,0.085524,nan,1.982556
13894,0.895276,0.851302,-22.812933,0.085514,55.669399,2.108257
13895,0.711147,0.701157,nan,0.085514,nan,1.724004
13896,0.796347,0.733837,-22.791979,0.085504,56.836952,2.019869
13897,0.531694,0.508253,nan,0.085504,nan,1.509509
13898,0.705019,0.708353,-23.131769,0.085494,56.406548,1.799025
13899,0.705401,0.682195,nan,0.085494,nan,1.765071
13900,0.817586,0.746781,-23.146671,0.085484,54.557949,2.007807
13901,0.741792,0.716651,nan,0.085484,nan,1.832784
13902,0.686005,0.604603,-23.302868,0.085474,53.466671,1.860930
13903,0.716343,0.765905,nan,0.085474,nan,1.917905
13904,0.870321,0.850569,-23.300770,0.085464,54.453506,2.217577
13905,0.797357,0.795775,nan,0.085464,nan,2.016761
13906,0.648758,0.616336,-22.171963,0.085454,55.023312,1.686867
13907,0.641597,0.652923,nan,0.085454,nan,1.692152
13908,0.940296,0.951719,-23.331356,0.085444,56.963940,2.316121
13909,0.729126,0.814630,nan,0.085444,nan,1.879718
13910,0.846353,0.770358,-23.184196,0.085434,55.568401,2.110363
13911,0.699754,0.639053,nan,0.085434,nan,1.853970
13912,0.697479,0.621166,-23.039232,0.085424,53.528744,1.852185
13913,0.800595,0.811150,nan,0.085424,nan,2.022007
13914,0.774567,0.766167,-23.288126,0.085415,54.330853,1.900741
13915,0.825034,0.827986,nan,0.085415,nan,2.009260
13916,0.800048,0.745224,-22.944695,0.085405,53.738785,1.931409
13917,0.779194,0.787494,nan,0.085405,nan,1.976779
13918,1.018661,0.973732,-23.734699,0.085395,54.265846,2.442872
13919,1.313561,1.330242,nan,0.085395,nan,2.921918
13920,0.791411,0.799007,-22.194628,0.085385,55.180561,1.986165
13921,0.829203,0.757595,nan,0.085385,nan,2.140793
13922,1.225196,1.247843,-22.425945,0.085375,54.517410,2.782922
13923,0.495143,0.480944,nan,0.085375,nan,1.343558
13924,0.639181,0.666339,-22.816240,0.085365,55.305450,1.631344
13925,0.412473,0.437743,nan,0.085365,nan,1.219198
13926,0.998679,1.278212,-23.022583,0.085355,56.257614,2.420398
13927,0.847241,0.867430,nan,0.085355,nan,2.079513
13928,0.927906,0.909644,-23.310329,0.085345,57.185349,2.267567
13929,1.032376,1.019611,nan,0.085345,nan,2.473470
13930,0.773762,0.799336,-23.314766,0.085336,55.385300,1.918771
13931,0.543066,0.635954,nan,0.085336,nan,1.440521
13932,0.743137,0.770972,-23.396696,0.085326,53.612186,1.872131
13933,0.951277,0.999031,nan,0.085326,nan,2.313820
13934,0.720595,0.842146,-22.947134,0.085316,54.301750,1.854628
13935,0.665611,0.765007,nan,0.085316,nan,1.740440
13936,0.766334,1.060521,-24.063316,0.085306,56.660534,1.949977
13937,0.647197,0.680018,nan,0.085306,nan,1.728703
13938,0.589748,0.803434,-22.866587,0.085296,54.840019,1.635700
13939,0.686890,0.907841,nan,0.085296,nan,1.791722
13940,0.674918,0.662529,-22.932625,0.085286,55.187767,1.785610
13941,0.576606,0.620259,nan,0.085286,nan,1.574259
13942,0.761558,0.679765,-22.853806,0.085276,54.037392,2.020988
13943,0.802625,0.841792,nan,0.085276,nan,2.116374
13944,0.653370,0.747706,-23.724478,0.085266,56.862518,1.783517
13945,0.523195,0.538210,nan,0.085266,nan,1.527121
13946,0.587921,0.630862,-23.119699,0.085256,54.620670,1.661868
13947,0.583675,0.613695,nan,0.085256,nan,1.618654
13948,0.673355,0.782140,-22.944834,0.085247,56.094872,1.792321
13949,0.737767,0.694971,nan,0.085247,nan,1.895694
13950,1.044797,0.733944,-22.267151,0.085237,55.283623,2.522887
13951,0.740181,0.623548,nan,0.085237,nan,1.858087
13952,0.901245,0.849367,-23.330315,0.085227,55.439705,2.201453
13953,0.754027,0.621919,nan,0.085227,nan,1.901866
13954,0.457752,0.440814,-22.769951,0.085217,54.040878,1.281822
13955,0.489891,0.475487,nan,0.085217,nan,1.422153
13956,0.727595,0.715547,-23.537693,0.085207,54.282646,1.935693
13957,0.721817,0.665166,nan,0.085207,nan,1.810149
13958,0.809328,0.783867,-23.938435,0.085197,54.743473,1.969417
13959,0.525509,0.487490,nan,0.085197,nan,1.425304
13960,0.726386,0.743739,-22.617800,0.085187,55.248322,1.885614
13961,0.774508,0.743983,nan,0.085187,nan,2.017653
13962,0.782025,0.837189,-23.576788,0.085177,55.671989,2.036523
13963,0.600892,0.606558,nan,0.085177,nan,1.625399
13964,0.737332,0.766873,-23.277752,0.085168,56.356190,1.918262
13965,0.442293,0.457063,nan,0.085168,nan,1.264667
13966,0.657569,0.599128,-23.296928,0.085158,56.032028,1.699697
13967,0.552812,0.574851,nan,0.085158,nan,1.448159
13968,0.573240,0.559807,-24.020685,0.085148,54.781967,1.492392
13969,0.509286,0.652508,nan,0.085148,nan,1.370847
13970,0.483745,0.652527,-22.505039,0.085138,57.270294,1.351250
13971,0.707486,0.885462,nan,0.085138,nan,1.884150
13972,0.801077,1.174341,-23.540821,0.085128,57.397293,2.073645
13973,1.207500,1.198295,nan,0.085128,nan,2.897691
13974,0.536740,0.714879,-24.177444,0.085118,54.697872,1.511921
13975,0.715802,0.734054,nan,0.085118,nan,1.856211
13976,1.073820,0.860662,-22.831627,0.085108,54.372593,2.619089
13977,0.671173,0.661187,nan,0.085108,nan,1.732998
13978,0.903872,0.852252,-23.309406,0.085098,55.557423,2.291838
13979,0.732747,0.823649,nan,0.085098,nan,1.874490
13980,0.528897,0.783612,-22.143421,0.085088,57.010773,1.505577
13981,0.937143,1.125655,nan,0.085088,nan,2.330302
13982,1.407386,0.586981,-22.778625,0.085079,54.180073,3.268368
13983,0.674728,0.912711,nan,0.085079,nan,1.774592
13984,0.713547,0.762573,-23.893803,0.085069,55.716324,1.843417
13985,1.015427,1.041141,nan,0.085069,nan,2.461955
13986,0.842785,0.708838,-23.921131,0.085059,54.813679,2.093352
13987,0.879813,0.824829,nan,0.085059,nan,2.181085
13988,0.936595,0.905989,-23.556637,0.085049,54.212582,2.309409
13989,0.733180,0.741476,nan,0.085049,nan,1.867375
13990,0.731967,0.688591,-24.011875,0.085039,54.042763,1.817955
13991,0.809586,0.850237,nan,0.085039,nan,2.011021
13992,0.793049,0.842513,-23.583939,0.085029,53.747280,1.975995
13993,0.696951,0.698924,nan,0.085029,nan,1.782054
13994,0.805906,0.801852,-23.449081,0.085020,55.311775,2.073823
13995,0.462499,0.443307,nan,0.085020,nan,1.298237
13996,0.698305,0.692181,-24.576590,0.085010,56.692173,1.784517
13997,0.610751,0.639113,nan,0.085010,nan,1.607202
13998,0.811089,0.847514,-23.416891,0.085000,57.168346,2.003287
13999,0.796020,0.743639,nan,0.085000,nan,2.015234
14000,0.850633,1.071878,-23.491968,0.084990,54.612396,2.125102
14001,0.613750,0.516152,nan,0.084990,nan,1.654584
14002,0.692419,0.704305,-23.778339,0.084980,55.352844,1.865982
14003,0.697860,0.691727,nan,0.084980,nan,1.847865
14004,0.460402,0.544506,-23.446127,0.084970,56.890800,1.376206
14005,0.716001,0.782776,nan,0.084970,nan,1.873405
14006,0.694621,0.786553,-23.511314,0.084961,55.926476,1.825705
14007,0.786406,0.919728,nan,0.084961,nan,1.986157
14008,0.510568,0.532413,-23.298658,0.084951,55.211304,1.395577
14009,0.768574,0.871709,nan,0.084951,nan,1.920850
14010,0.788315,0.865320,-23.882469,0.084941,56.892319,1.964213
14011,0.529536,0.580202,nan,0.084941,nan,1.420731
14012,0.541933,0.529495,-23.095871,0.084931,55.248581,1.438896
14013,0.555102,0.488697,nan,0.084931,nan,1.468557
14014,0.552456,0.575898,-23.272167,0.084921,57.207047,1.493060
14015,0.703599,0.788737,nan,0.084921,nan,1.809202
14016,0.662831,0.631316,-23.165716,0.084911,54.361713,1.726574
14017,0.668029,0.667991,nan,0.084911,nan,1.721698
14018,0.753636,0.719681,-24.167276,0.084902,52.527206,1.881946
14019,0.861581,0.849299,nan,0.084902,nan,2.150661
14020,0.722130,0.654458,-24.237001,0.084892,55.062729,1.852020
14021,0.529276,0.539111,nan,0.084892,nan,1.411329
14022,0.889690,0.789903,-22.960062,0.084882,55.500748,2.229029
14023,0.364238,0.384621,nan,0.084882,nan,1.117740
14024,0.494318,0.507316,-24.498993,0.084872,56.273376,1.343038
14025,0.780761,0.791241,nan,0.084872,nan,1.994486
14026,0.737006,0.670962,-23.492065,0.084862,56.612759,1.899411
14027,0.630888,0.639404,nan,0.084862,nan,1.670735
14028,0.629696,0.536331,-23.657303,0.084852,55.842903,1.694061
14029,0.894475,0.836097,nan,0.084852,nan,2.199883
14030,0.626403,0.465657,-23.401821,0.084843,56.502563,1.661770
14031,0.885932,0.873639,nan,0.084843,nan,2.171393
14032,0.534087,0.474584,-23.106510,0.084833,54.069633,1.480207
14033,0.795089,0.680478,nan,0.084833,nan,2.036010
14034,0.647330,0.580338,-23.286964,0.084823,55.491077,1.731686
14035,0.543230,0.529922,nan,0.084823,nan,1.473694
14036,0.617090,0.550461,-24.005260,0.084813,54.196869,1.576555
14037,0.720785,0.726914,nan,0.084813,nan,1.804446
14038,0.454657,0.418716,-22.850090,0.084803,56.486240,1.334036
14039,0.524575,0.512748,nan,0.084803,nan,1.456320
14040,0.428596,0.411085,-22.992645,0.084794,54.516331,1.215871
14041,0.892613,0.933639,nan,0.084794,nan,2.135105
14042,0.881564,0.886824,-24.351135,0.084784,54.821945,2.154911
14043,0.712819,0.718062,nan,0.084784,nan,1.799656
14044,0.573342,0.544924,-23.354921,0.084774,53.874916,1.535126
14045,0.470857,0.485229,nan,0.084774,nan,1.315034
14046,0.606252,0.600770,-24.680042,0.084764,58.367775,1.634390
14047,0.560383,0.569845,nan,0.084764,nan,1.495698
14048,0.813635,0.844256,-24.119686,0.084755,55.863708,2.026619
14049,0.836923,0.842363,nan,0.084755,nan,2.042817
14050,0.755839,0.773364,-23.676975,0.084745,55.839531,1.870877
14051,0.768151,0.769082,nan,0.084745,nan,1.928236
14052,0.614468,0.640024,-24.459541,0.084735,54.377159,1.601240
14053,0.814272,0.814186,nan,0.084735,nan,2.060236
14054,0.520045,0.515030,-23.091896,0.084725,56.960876,1.419948
14055,1.068926,0.884462,nan,0.084725,nan,2.640234
14056,0.540829,0.636648,-23.454098,0.084715,56.825546,1.492038
14057,0.731917,0.716598,nan,0.084715,nan,1.889491
14058,0.650854,0.682997,-24.819723,0.084705,56.120651,1.715374
14059,0.570803,0.555782,nan,0.084705,nan,1.573984
14060,0.474637,0.474072,-22.510349,0.084696,55.878765,1.374322
14061,0.762859,0.631556,nan,0.084696,nan,1.983866
14062,0.548504,0.540511,-24.740742,0.084686,58.793945,1.512803
14063,0.536452,0.555676,nan,0.084686,nan,1.415948
14064,0.513454,0.579795,-24.187168,0.084676,56.623550,1.423704
14065,0.537613,0.623529,nan,0.084676,nan,1.483202
14066,0.665150,0.680019,-23.702908,0.084666,55.280190,1.721741
14067,0.679203,0.639950,nan,0.084666,nan,1.762157
14068,0.603383,0.606811,-24.840149,0.084656,57.408699,1.588206
14069,0.605314,0.622707,nan,0.084656,nan,1.569316
14070,0.475068,0.504809,-23.260006,0.084646,54.933033,1.302728
14071,0.709083,0.681275,nan,0.084646,nan,1.782042
14072,0.590873,0.571157,-24.111315,0.084637,56.462372,1.524557
14073,0.675041,0.696623,nan,0.084637,nan,1.702108
14074,0.428810,0.454965,-24.254461,0.084627,57.675686,1.187747
14075,0.780837,0.767496,nan,0.084627,nan,1.977256
14076,0.823729,0.803363,-25.163492,0.084617,55.788898,2.051012
14077,0.668337,0.730841,nan,0.084617,nan,1.752284
14078,0.750803,0.733181,-23.661064,0.084607,55.126369,1.921010
14079,0.631727,0.673091,nan,0.084607,nan,1.714548
14080,0.841426,0.782926,-24.474209,0.084597,58.006996,2.136270
14081,0.579494,0.650280,nan,0.084597,nan,1.542356
14082,0.510306,0.474702,-23.018267,0.084587,54.132477,1.401304
14083,0.761017,0.776002,nan,0.084587,nan,1.933773
14084,0.524593,0.543627,-23.834309,0.084577,54.726517,1.395230
14085,0.473325,0.485926,nan,0.084577,nan,1.314020
14086,0.761929,0.813242,-23.598553,0.084568,55.037529,1.946382
14087,0.551425,0.593715,nan,0.084568,nan,1.475129
14088,0.622134,0.705447,-23.857552,0.084558,54.070587,1.651166
14089,0.516017,0.558042,nan,0.084558,nan,1.409891
14090,0.631326,0.687106,-23.746214,0.084548,57.033707,1.644974
14091,0.590473,0.530038,nan,0.084548,nan,1.569596
14092,0.416761,0.401135,-24.129116,0.084538,55.388245,1.180123
14093,0.596719,0.654384,nan,0.084538,nan,1.593185
14094,0.720929,0.888685,-24.100718,0.084529,55.371658,1.879953
14095,0.503162,0.525751,nan,0.084529,nan,1.414321
14096,0.525644,0.557654,-23.666260,0.084519,55.779633,1.452545
14097,1.005246,0.941139,nan,0.084519,nan,2.462737
14098,0.670525,0.635624,-24.204897,0.084509,55.567307,1.776758
14099,0.506464,0.362888,nan,0.084509,nan,1.431680
14100,0.794382,0.819242,-23.475071,0.084499,56.020576,2.032009
14101,0.879378,0.740078,nan,0.084499,nan,2.207671
14102,0.780089,0.819736,-24.043644,0.084490,55.441170,1.995506
14103,0.538990,0.468999,nan,0.084490,nan,1.415782
14104,0.583022,0.525354,-23.739006,0.084480,54.100555,1.519001
14105,0.593949,0.625322,nan,0.084480,nan,1.517833
14106,0.499445,0.544150,-23.168041,0.084470,55.653862,1.360166
14107,0.524929,0.539942,nan,0.084470,nan,1.428208
14108,0.559861,0.564607,-24.354429,0.084460,54.992332,1.481973
14109,0.556297,0.516890,nan,0.084460,nan,1.458622
14110,0.699356,0.668724,-23.642124,0.084451,56.348785,1.776093
14111,0.620076,0.567750,nan,0.084451,nan,1.599360
14112,0.681717,0.728434,-24.547775,0.084441,57.068977,1.700646
14113,0.490924,0.464465,nan,0.084441,nan,1.347999
14114,0.592702,0.637178,-23.829456,0.084431,54.814430,1.573522
14115,0.552694,0.526293,nan,0.084431,nan,1.450987
14116,0.729696,0.755232,-24.176857,0.084421,58.143486,1.854623
14117,0.404379,0.388848,nan,0.084421,nan,1.172153
14118,0.643926,0.578257,-24.161385,0.084412,56.229385,1.661461
14119,0.545528,0.509955,nan,0.084412,nan,1.469205
14120,0.813300,0.703089,-24.322420,0.084402,55.665138,2.035230
14121,0.643984,0.490861,nan,0.084402,nan,1.684946
14122,0.694358,0.648854,-24.663486,0.084392,53.997593,1.774857
14123,0.480369,0.344757,nan,0.084392,nan,1.371893
14124,0.795164,0.604694,-23.160229,0.084382,56.115616,2.022123
14125,0.484180,0.412553,nan,0.084382,nan,1.358798
14126,0.533603,0.427270,-23.921162,0.084373,56.593536,1.474498
14127,0.513915,0.429705,nan,0.084373,nan,1.401088
14128,0.653867,0.665476,-24.534718,0.084363,57.783623,1.698453
14129,0.583924,0.567395,nan,0.084363,nan,1.540549
14130,0.703652,0.651715,-23.724461,0.084353,57.952034,1.799907
14131,0.454992,0.443826,nan,0.084353,nan,1.240118
14132,0.530195,0.530325,-23.891880,0.084343,56.776543,1.412529
14133,0.622197,0.583055,nan,0.084343,nan,1.635761
14134,0.637778,0.643613,-24.075363,0.084334,56.756020,1.667360
14135,0.432020,0.442481,nan,0.084334,nan,1.250736
14136,0.696380,0.701936,-24.209736,0.084324,55.954971,1.773309
14137,0.427076,0.473274,nan,0.084324,nan,1.160437
14138,0.329956,0.301809,-23.816654,0.084314,56.537228,0.979114
14139,0.666679,0.642717,nan,0.084314,nan,1.707737
14140,0.518890,0.562181,-23.835579,0.084304,56.706146,1.410923
14141,0.395207,0.412322,nan,0.084304,nan,1.122083
14142,0.745484,0.738180,-24.856171,0.084294,55.014030,1.859690
14143,0.584282,0.542314,nan,0.084294,nan,1.517258
14144,0.609409,0.619591,-23.947964,0.084285,58.191879,1.593836
14145,0.379346,0.414724,nan,0.084285,nan,1.160029
14146,0.611750,0.559262,-23.596880,0.084275,58.595608,1.637845
14147,0.561610,0.547316,nan,0.084275,nan,1.486825
14148,0.650463,0.667455,-24.856949,0.084265,55.486259,1.682328
14149,0.773655,0.745114,nan,0.084265,nan,1.960065
14150,0.578428,0.569688,-24.569019,0.084255,56.987671,1.521394
14151,0.540198,0.522154,nan,0.084255,nan,1.436929
14152,0.808070,0.816793,-24.383661,0.084245,56.053177,2.019267
14153,0.747927,0.705754,nan,0.084245,nan,1.914686
14154,0.590483,0.576572,-23.946184,0.084236,54.815086,1.577065
14155,0.593547,0.564981,nan,0.084236,nan,1.568993
14156,0.661883,0.656709,-24.200096,0.084226,56.893337,1.672732
14157,0.519304,0.559248,nan,0.084226,nan,1.413706
14158,0.511072,0.577962,-23.362194,0.084216,56.510098,1.409734
14159,0.558249,0.472480,nan,0.084216,nan,1.510439
14160,0.942795,0.960813,-25.051226,0.084206,56.772118,2.312671
14161,0.786823,0.841765,nan,0.084206,nan,1.987226
14162,0.743863,0.741205,-23.937248,0.084196,58.365723,1.899218
14163,0.554007,0.422104,nan,0.084196,nan,1.508665
14164,0.651071,0.779359,-23.070965,0.084187,57.753178,1.728755
14165,0.859645,0.670342,nan,0.084187,nan,2.142620
14166,0.461250,0.516912,-24.352955,0.084177,56.997627,1.279611
14167,0.593618,0.664100,nan,0.084177,nan,1.595736
14168,0.468557,0.560036,-23.241716,0.084167,56.120255,1.332188
14169,0.701722,0.757266,nan,0.084167,nan,1.802214
14170,0.462493,0.584770,-23.758072,0.084157,56.916191,1.298676
14171,0.522921,0.586404,nan,0.084157,nan,1.410384
14172,0.515777,0.579528,-23.912094,0.084147,54.996910,1.408786
14173,0.675225,0.699375,nan,0.084147,nan,1.732846
14174,0.449298,0.569468,-23.316845,0.084138,54.287331,1.223603
14175,0.770901,0.820813,nan,0.084138,nan,1.955467
14176,0.660184,0.662018,-23.210615,0.084128,56.664913,1.758140
14177,0.638145,0.685092,nan,0.084128,nan,1.689216
14178,0.801709,0.826449,-24.855747,0.084118,56.049767,2.025099
14179,0.618991,0.661368,nan,0.084118,nan,1.659164
14180,0.606828,0.588300,-22.700724,0.084108,56.649555,1.590309
14181,0.649422,0.545413,nan,0.084108,nan,1.626957
14182,1.035569,0.857331,-23.238005,0.084099,55.814514,2.472870
14183,0.701617,0.700447,nan,0.084099,nan,1.751153
14184,0.652274,0.599272,-24.777172,0.084089,55.458961,1.641016
14185,0.695390,0.762465,nan,0.084089,nan,1.795789
14186,0.557018,0.613251,-23.933805,0.084079,56.960560,1.506069
14187,0.726124,0.739640,nan,0.084079,nan,1.878281
14188,0.703933,0.785334,-24.528448,0.084070,54.542213,1.839056
14189,0.550839,0.607143,nan,0.084070,nan,1.509351
14190,0.541407,0.572460,-23.681522,0.084060,56.679451,1.503571
14191,0.606641,0.762834,nan,0.084060,nan,1.623345
14192,0.514266,0.590522,-24.295408,0.084050,54.680618,1.408124
14193,0.717687,0.786249,nan,0.084050,nan,1.822249
14194,0.598283,0.581354,-23.846001,0.084040,56.287605,1.605975
14195,0.685288,0.740861,nan,0.084040,nan,1.748872
14196,0.686419,0.669889,-23.493496,0.084031,53.879246,1.771099
14197,0.505465,0.499301,nan,0.084031,nan,1.387484
14198,0.535922,0.646147,-23.681608,0.084021,57.163033,1.461363
14199,0.638911,0.591055,nan,0.084021,nan,1.666725
14200,0.471588,0.494742,-22.872715,0.084011,55.839256,1.302848
14201,0.667584,0.649863,nan,0.084011,nan,1.714603
14202,0.757337,0.754107,-24.095177,0.084002,57.183296,1.935529
14203,0.652572,0.690465,nan,0.084002,nan,1.729355
14204,0.611287,0.635257,-24.334641,0.083992,57.240902,1.621525
14205,0.528655,0.570224,nan,0.083992,nan,1.427423
14206,0.720243,0.972928,-23.274998,0.083982,56.155621,1.853059
14207,0.742212,0.771019,nan,0.083982,nan,1.914480
14208,0.403442,0.444460,-24.172962,0.083973,54.788479,1.178071
14209,0.413282,0.415016,nan,0.083973,nan,1.213454
14210,0.506940,0.528003,-23.723812,0.083963,52.454971,1.422989
14211,0.508016,0.498993,nan,0.083963,nan,1.412793
14212,0.603998,0.612500,-23.448627,0.083954,56.752697,1.620666
14213,0.446438,0.471723,nan,0.083954,nan,1.247759
14214,0.651665,0.556776,-23.522835,0.083944,56.253654,1.691546
14215,0.494485,0.535408,nan,0.083944,nan,1.329127
14216,0.630042,0.663995,-23.777615,0.083934,55.881477,1.633048
14217,0.572930,0.571991,nan,0.083934,nan,1.508758
14218,0.476377,0.427968,-24.008221,0.083925,56.538704,1.315672
14219,0.513822,0.551967,nan,0.083925,nan,1.406001
14220,0.628430,0.593391,-23.545891,0.083915,55.821548,1.666383
14221,0.506543,0.457665,nan,0.083915,nan,1.388208
14222,0.478058,0.472755,-23.078505,0.083906,55.259705,1.328352
14223,0.489954,0.493096,nan,0.083906,nan,1.365989
14224,0.809346,0.719592,-23.458645,0.083896,55.637398,2.034458
14225,0.727385,0.669364,nan,0.083896,nan,1.852327
14226,0.535988,0.384407,-23.067455,0.083886,57.075844,1.435749
14227,0.435387,0.331732,nan,0.083886,nan,1.225419
14228,0.536494,0.482661,-23.863832,0.083877,56.661922,1.436777
14229,0.387291,0.339198,nan,0.083877,nan,1.123168
14230,0.678714,0.629905,-24.476902,0.083867,55.829544,1.737481
14231,0.696846,0.734531,nan,0.083867,nan,1.801930
14232,0.336520,0.311725,-22.826433,0.083857,56.809219,1.042918
14233,0.605591,0.559246,nan,0.083857,nan,1.597186
14234,0.656554,0.787850,-22.904123,0.083848,58.131989,1.718540
14235,0.618959,0.653782,nan,0.083848,nan,1.630048
14236,0.659537,0.740378,-23.955397,0.083838,55.752975,1.723541
14237,0.536605,0.706538,nan,0.083838,nan,1.461236
14238,0.628510,0.677819,-23.460693,0.083829,55.755871,1.658730
14239,0.631136,0.679269,nan,0.083829,nan,1.681081
14240,0.681953,0.685908,-24.240425,0.083819,56.345211,1.754375
14241,0.632528,0.633101,nan,0.083819,nan,1.669550
14242,0.739883,0.817535,-24.516056,0.083809,53.712887,1.898466
14243,0.582857,0.658525,nan,0.083809,nan,1.573956
14244,0.462583,0.420170,-23.385593,0.083800,58.233162,1.290447
14245,0.429600,0.531268,nan,0.083800,nan,1.210157
14246,0.478498,0.499555,-23.844135,0.083790,54.279427,1.374834
14247,0.603921,0.646422,nan,0.083790,nan,1.616982
14248,0.743201,0.766699,-23.693323,0.083780,56.240299,1.889330
14249,0.840957,0.901684,nan,0.083780,nan,2.120137
14250,0.465395,0.497913,-23.246677,0.083771,56.414024,1.324132
14251,0.796238,0.758290,nan,0.083771,nan,2.013298
14252,0.626221,0.639486,-24.821497,0.083761,58.010159,1.648209
14253,0.723922,0.819360,nan,0.083761,nan,1.913404
14254,0.659156,0.643695,-24.037178,0.083752,57.363419,1.754457
14255,0.552990,0.588707,nan,0.083752,nan,1.504269
14256,0.747327,0.822100,-22.842518,0.083742,57.500633,1.922700
14257,0.345573,0.405938,nan,0.083742,nan,1.049505
14258,0.476972,0.463470,-24.428442,0.083732,57.831982,1.335624
14259,0.769891,0.876774,nan,0.083732,nan,1.959779
14260,0.476466,0.469729,-23.678600,0.083723,54.539989,1.362647
14261,0.416533,0.441683,nan,0.083723,nan,1.242187
14262,0.668360,0.739183,-23.224979,0.083713,57.731991,1.756550
14263,0.686555,0.663464,nan,0.083713,nan,1.779531
14264,0.552687,0.570547,-23.850819,0.083703,54.463112,1.484410
14265,0.610546,0.592513,nan,0.083703,nan,1.636682
14266,0.818490,0.712273,-24.022148,0.083694,56.567261,2.086766
14267,0.738442,0.699981,nan,0.083694,nan,1.907004
14268,0.580007,0.539606,-23.269655,0.083684,56.695904,1.587207
14269,0.441879,0.427970,nan,0.083684,nan,1.284113
14270,0.684262,0.595267,-24.765848,0.083674,59.424782,1.792746
14271,0.622570,0.628791,nan,0.083674,nan,1.680595
14272,0.629642,0.628780,-23.815496,0.083665,57.605331,1.662778
14273,0.511252,0.538926,nan,0.083665,nan,1.443008
14274,0.615743,0.683169,-24.054108,0.083655,56.952354,1.633290
14275,0.639803,0.659240,nan,0.083655,nan,1.711345
14276,0.782279,0.717749,-24.176262,0.083645,56.251129,2.010982
14277,0.496989,0.579222,nan,0.083645,nan,1.431281
14278,0.615642,0.610925,-23.158545,0.083636,55.587414,1.663489
14279,0.530142,0.468307,nan,0.083636,nan,1.454104
14280,0.586421,0.494571,-22.350775,0.083626,54.625015,1.605838
14281,0.634284,0.543229,nan,0.083626,nan,1.695268
14282,0.522404,0.509468,-23.683464,0.083616,55.363907,1.430067
14283,0.539464,0.513149,nan,0.083616,nan,1.471291
14284,0.630043,0.654824,-23.704800,0.083607,55.559273,1.671376
14285,0.820763,0.647445,nan,0.083607,nan,2.087508
14286,0.573512,0.445957,-22.337471,0.083597,56.137486,1.569927
14287,0.623002,0.578802,nan,0.083597,nan,1.653160
14288,0.485569,0.519965,-24.596821,0.083588,56.052559,1.352529
14289,0.523595,0.632583,nan,0.083588,nan,1.478661
14290,0.667050,0.678397,-22.739563,0.083578,56.425758,1.769561
14291,0.683464,0.676793,nan,0.083578,nan,1.795571
14292,0.531472,0.627125,-23.777351,0.083569,56.951248,1.463737
14293,0.380835,0.378977,nan,0.083569,nan,1.130425
14294,0.614369,0.572956,-24.601280,0.083559,56.656010,1.654162
14295,0.514498,0.408273,nan,0.083559,nan,1.474153
14296,0.508901,0.544564,-23.065559,0.083549,56.837700,1.401609
14297,0.423133,0.605532,nan,0.083549,nan,1.247500
14298,0.535575,0.480368,-22.520029,0.083540,54.045135,1.510494
14299,0.578753,0.567379,nan,0.083540,nan,1.584445
14300,0.443666,0.408840,-24.048584,0.083530,58.870178,1.320271
14301,0.642231,0.687027,nan,0.083530,nan,1.707055
14302,0.581426,0.608460,-22.942913,0.083521,56.925255,1.588436
14303,0.650688,0.643129,nan,0.083521,nan,1.743120
14304,0.453815,0.437828,-23.220570,0.083511,57.510391,1.316545
14305,0.606725,0.606893,nan,0.083511,nan,1.641389
14306,0.626053,0.562847,-23.730101,0.083501,58.127380,1.703387
14307,0.756556,0.770558,nan,0.083501,nan,1.972656
14308,0.867576,0.813077,-24.207369,0.083492,56.956505,2.210443
14309,0.782421,0.751806,nan,0.083492,nan,2.010940
14310,0.438471,0.388726,-22.790527,0.083482,57.765175,1.269698
14311,0.612558,0.576858,nan,0.083482,nan,1.645373
14312,0.701326,0.673539,-23.853971,0.083473,54.074951,1.815156
14313,0.642050,0.628760,nan,0.083473,nan,1.685658
14314,0.703333,0.688858,-23.396208,0.083463,58.417862,1.862402
14315,0.482104,0.507079,nan,0.083463,nan,1.394552
14316,0.880528,0.927770,-23.198254,0.083453,58.175339,2.216875
14317,0.502456,0.462805,nan,0.083453,nan,1.431131
14318,0.445367,0.534034,-23.486082,0.083444,56.065239,1.318277
14319,0.610431,0.682050,nan,0.083444,nan,1.711060
14320,0.350631,0.435349,-23.421259,0.083434,57.122818,1.125426
14321,0.593103,0.668644,nan,0.083434,nan,1.628908
14322,0.468441,0.585353,-22.243626,0.083424,56.726219,1.342398
14323,0.810323,0.760221,nan,0.083424,nan,2.042793
14324,0.328447,0.340450,-23.987736,0.083415,59.421940,0.994854
14325,0.687014,0.776468,nan,0.083415,nan,1.794886
14326,0.764492,0.736567,-23.687069,0.083405,56.812618,1.972512
14327,0.493432,0.466461,nan,0.083405,nan,1.411973
14328,0.688287,0.785390,-21.939148,0.083395,56.578156,1.786124
14329,0.543478,0.516964,nan,0.083395,nan,1.512368
14330,0.595243,0.651615,-23.215317,0.083386,57.428963,1.608765
14331,0.468839,0.557626,nan,0.083386,nan,1.366894
14332,0.682315,0.680859,-23.871056,0.083376,57.257000,1.799402
14333,0.559115,0.582109,nan,0.083376,nan,1.591718
14334,0.489165,0.595012,-23.207005,0.083366,56.205257,1.414783
14335,0.760002,0.681194,nan,0.083366,nan,1.974179
14336,0.687430,0.722264,-22.912483,0.083357,58.463783,1.851495
14337,0.479572,0.466325,nan,0.083357,nan,1.384618
14338,0.517198,0.513973,-23.079815,0.083347,55.570438,1.424138
14339,0.464089,0.537668,nan,0.083347,nan,1.324520
14340,0.477511,0.504451,-23.242073,0.083338,56.656563,1.377067
14341,0.724036,0.650884,nan,0.083338,nan,1.904196
14342,0.390350,0.450207,-22.722996,0.083328,56.695015,1.193179
14343,0.561824,0.485125,nan,0.083328,nan,1.555947
14344,0.463888,0.525352,-23.499073,0.083318,57.077393,1.335284
14345,0.529314,0.619689,nan,0.083318,nan,1.485202
14346,0.778824,0.821449,-22.919106,0.083309,56.780235,2.016908
14347,0.496394,0.570026,nan,0.083309,nan,1.439074
14348,0.452428,0.515373,-23.374620,0.083299,58.235130,1.313977
14349,0.560215,0.549930,nan,0.083299,nan,1.548549
14350,0.707724,0.726200,-23.394968,0.083289,58.414013,1.864773
14351,0.427414,0.533357,nan,0.083289,nan,1.253895
14352,0.448760,0.566645,-22.006397,0.083280,57.347477,1.334292
14353,0.523294,0.456781,nan,0.083280,nan,1.485162
14354,0.745716,0.899975,-22.338085,0.083270,57.573170,1.951594
14355,0.550650,0.628395,nan,0.083270,nan,1.515468
14356,0.495242,0.584050,-23.348064,0.083260,55.349380,1.412147
14357,0.363994,0.534461,nan,0.083260,nan,1.134038
14358,0.499054,0.494383,-22.198616,0.083251,57.398872,1.428268
14359,0.342912,0.508245,nan,0.083251,nan,1.070952
14360,0.945781,1.054190,-23.044533,0.083241,56.586708,2.347575
14361,0.683952,0.751131,nan,0.083241,nan,1.772428
14362,0.726633,0.825720,-23.559282,0.083232,57.762398,1.938687
14363,0.653052,0.657023,nan,0.083232,nan,1.763727
14364,0.743855,0.786898,-24.335304,0.083222,57.461288,1.958076
14365,0.732403,0.766380,nan,0.083222,nan,1.923279
14366,0.557798,0.547311,-22.290249,0.083212,57.182766,1.528926
14367,0.845472,0.787741,nan,0.083212,nan,2.136402
14368,0.808023,0.708364,-22.909004,0.083203,56.291115,2.059956
14369,0.501019,0.465372,nan,0.083203,nan,1.424448
14370,0.480101,0.463698,-23.058640,0.083193,56.176926,1.383274
14371,0.566668,0.643696,nan,0.083193,nan,1.585029
14372,0.624324,0.602492,-23.196756,0.083184,56.488998,1.711582
14373,0.455308,0.460122,nan,0.083184,nan,1.369369
14374,0.402290,0.587287,-21.996851,0.083174,57.381470,1.243692
14375,0.470339,0.500018,nan,0.083174,nan,1.375201
14376,0.525958,0.595080,-23.076094,0.083165,55.989799,1.477919
14377,0.457560,0.543281,nan,0.083165,nan,1.364696
14378,0.733057,0.852208,-23.814445,0.083155,55.229225,1.923268
14379,0.458249,0.556310,nan,0.083155,nan,1.380706
14380,0.537776,0.480164,-23.193092,0.083145,56.144638,1.526072
14381,0.595203,0.627299,nan,0.083145,nan,1.612353
14382,0.487461,0.560320,-22.388985,0.083136,56.694485,1.425489
14383,0.682463,0.629239,nan,0.083136,nan,1.822602
14384,0.697246,0.605859,-23.596992,0.083126,55.168724,1.865455
14385,0.708892,0.734587,nan,0.083126,nan,1.878201
14386,0.663238,0.603201,-22.782463,0.083117,57.199612,1.820033
14387,0.905144,0.819042,nan,0.083117,nan,2.301848
14388,0.679484,0.621943,-22.558371,0.083107,57.476254,1.793124
14389,0.738596,0.608227,nan,0.083107,nan,1.942783
14390,0.622397,0.524660,-22.421574,0.083098,56.515224,1.680654
14391,0.454833,0.498629,nan,0.083098,nan,1.346820
14392,0.497611,0.453034,-22.435171,0.083088,55.986404,1.447722
14393,0.596838,0.689577,nan,0.083088,nan,1.626264
14394,0.730544,0.703525,-22.168629,0.083079,57.317696,1.903558
14395,0.690581,0.658575,nan,0.083079,nan,1.824864
14396,0.662033,0.630351,-23.381104,0.083069,56.461681,1.755772
14397,0.489298,0.649935,nan,0.083069,nan,1.401334
14398,0.524655,0.673986,-21.339647,0.083060,56.123440,1.453283
14399,0.800981,0.852563,nan,0.083060,nan,2.051698
14400,0.617569,0.759486,-22.973764,0.083051,56.112583,1.664201
14401,0.475270,0.489127,nan,0.083051,nan,1.393460
14402,0.607617,0.654831,-22.440809,0.083041,56.945446,1.657013
14403,0.519243,0.570790,nan,0.083041,nan,1.436938
14404,0.640588,0.645648,-23.343073,0.083032,57.944267,1.706153
14405,0.451754,0.508651,nan,0.083032,nan,1.325123
14406,0.560704,0.509515,-22.182167,0.083022,59.448730,1.575350
14407,0.452806,0.463815,nan,0.083022,nan,1.338683
14408,0.770500,0.617934,-22.699547,0.083012,57.029716,1.993538
14409,0.718396,0.745193,nan,0.083012,nan,1.865515
14410,0.595544,0.572188,-23.393574,0.083003,56.619564,1.593222
14411,0.717998,0.648317,nan,0.083003,nan,1.896527
14412,0.753024,0.546262,-22.891710,0.082993,58.617104,1.959142
14413,0.686433,0.484283,nan,0.082993,nan,1.827912
14414,0.408076,0.411591,-21.776026,0.082984,57.042450,1.189275
14415,0.634427,0.672898,nan,0.082984,nan,1.716467
14416,1.032503,0.889354,-21.971813,0.082974,58.944061,2.549895
14417,0.681599,0.682882,nan,0.082974,nan,1.785025
14418,0.655273,0.640913,-23.315067,0.082965,56.594536,1.769173
14419,0.524068,0.570421,nan,0.082965,nan,1.487188
14420,0.319317,0.309420,-22.799759,0.082955,55.348705,1.040561
14421,0.749671,0.748526,nan,0.082955,nan,1.905703
14422,0.497531,0.564194,-23.322418,0.082946,56.934700,1.410792
14423,0.498095,0.581061,nan,0.082946,nan,1.378146
14424,0.487556,0.567252,-22.618408,0.082936,58.213249,1.367167
14425,0.443131,0.480845,nan,0.082936,nan,1.275146
14426,0.387641,0.423677,-22.359497,0.082927,56.226227,1.147310
14427,0.557405,0.581064,nan,0.082927,nan,1.535767
14428,0.454836,0.493949,-22.516918,0.082917,56.732597,1.299370
14429,0.599006,0.617109,nan,0.082917,nan,1.596579
14430,0.669676,0.691958,-22.482496,0.082908,58.259552,1.775570
14431,0.510054,0.508108,nan,0.082908,nan,1.447997
14432,0.653492,0.641081,-23.117611,0.082898,56.576611,1.776745
14433,0.520257,0.627768,nan,0.082898,nan,1.483336
14434,0.449368,0.459226,-22.502157,0.082888,56.043804,1.323129
14435,0.404335,0.516894,nan,0.082888,nan,1.180430
14436,0.622366,0.709333,-21.643330,0.082879,56.036789,1.610237
14437,0.412873,0.447443,nan,0.082879,nan,1.200298
14438,0.567533,0.665163,-21.823195,0.082870,56.800144,1.513239
14439,0.742520,0.858891,nan,0.082870,nan,1.923951
14440,0.513060,0.569735,-22.677849,0.082860,58.668968,1.394590
14441,0.593952,0.644050,nan,0.082860,nan,1.606079
14442,0.379779,0.379829,-21.416496,0.082851,55.270943,1.161991
14443,1.020508,0.918927,nan,0.082851,nan,2.473491
14444,0.571278,0.602942,-22.466648,0.082841,56.326435,1.580439
14445,0.642720,0.643988,nan,0.082841,nan,1.667408
14446,0.622119,0.734765,-22.476805,0.082832,57.686356,1.643080
14447,0.474551,0.626579,nan,0.082832,nan,1.375270
14448,0.488466,0.610827,-22.101763,0.082822,57.659443,1.372210
14449,0.539558,0.587570,nan,0.082822,nan,1.477536
14450,0.665859,1.088569,-22.150486,0.082813,56.450974,1.747369
14451,0.778345,0.851006,nan,0.082813,nan,1.981453
14452,0.430629,0.604585,-22.473942,0.082803,58.632744,1.231410
14453,0.522989,0.628573,nan,0.082803,nan,1.439836
14454,0.664199,0.702269,-23.432892,0.082794,57.891594,1.758359
14455,0.404612,0.497535,nan,0.082794,nan,1.200011
14456,0.389059,0.453726,-20.811617,0.082784,54.618202,1.164749
14457,0.798714,0.772172,nan,0.082784,nan,1.984590
14458,0.606027,0.693446,-21.995190,0.082775,57.845665,1.605233
14459,0.810698,0.953274,nan,0.082775,nan,2.012304
14460,0.733182,0.769990,-23.225607,0.082765,58.206200,1.885910
14461,0.698341,0.710313,nan,0.082765,nan,1.872721
14462,0.698530,0.801493,-22.107946,0.082756,58.208466,1.852611
14463,0.574430,0.651489,nan,0.082756,nan,1.554375
14464,0.547455,0.584753,-22.717022,0.082746,59.143776,1.489292
14465,0.517159,0.505825,nan,0.082746,nan,1.390276
14466,0.553969,0.567519,-22.416271,0.082737,56.981564,1.489332
14467,0.509069,0.618876,nan,0.082737,nan,1.419221
14468,0.467671,0.462398,-22.405701,0.082727,57.212593,1.346800
14469,0.544392,0.547273,nan,0.082727,nan,1.501364
14470,0.554748,0.645422,-21.398060,0.082718,57.477394,1.479173
14471,0.630134,0.717288,nan,0.082718,nan,1.641802
14472,0.470556,0.694004,-21.917461,0.082708,57.677883,1.271018
14473,0.516557,0.574945,nan,0.082708,nan,1.424035
14474,0.421988,0.743623,-20.956959,0.082699,55.431221,1.209408
14475,0.505143,0.578014,nan,0.082699,nan,1.383418
14476,0.594685,0.812502,-23.049610,0.082689,55.515930,1.579932
14477,0.406554,0.738495,nan,0.082689,nan,1.200317
14478,0.549064,0.634817,-22.132076,0.082680,58.708847,1.470553
14479,0.407037,0.510303,nan,0.082680,nan,1.138450
14480,0.626712,0.500623,-21.647665,0.082670,56.297852,1.607886
14481,0.575770,0.571915,nan,0.082670,nan,1.513483
14482,0.755500,0.820112,-22.602503,0.082661,55.859177,1.894956
14483,0.697186,0.640831,nan,0.082661,nan,1.828628
14484,0.563041,0.610616,-22.962523,0.082651,56.882809,1.506101
14485,0.360188,0.402867,nan,0.082651,nan,1.075137
14486,0.358831,0.392234,-21.386093,0.082642,56.452286,1.086889
14487,0.644403,0.617926,nan,0.082642,nan,1.707343
14488,0.359487,0.460267,-22.968533,0.082633,55.697418,1.091810
14489,0.726021,0.741161,nan,0.082633,nan,1.870792
14490,0.765468,0.707568,-21.873747,0.082623,58.091000,1.920362
14491,0.738710,0.734871,nan,0.082623,nan,1.900347
14492,0.575105,0.526267,-21.959763,0.082614,57.392254,1.536357
14493,0.861571,0.851204,nan,0.082614,nan,2.126928
14494,0.445625,0.483625,-22.229443,0.082604,60.105881,1.261713
14495,0.651860,0.623076,nan,0.082604,nan,1.709081
14496,0.461621,0.458594,-22.024010,0.082595,56.006397,1.272083
14497,0.761505,0.684555,nan,0.082595,nan,1.914998
14498,0.771937,0.709885,-22.749641,0.082585,55.894943,1.934286
14499,0.353889,0.475670,nan,0.082585,nan,1.054976
14500,0.730629,0.710532,-21.454659,0.082576,58.263012,1.849211
14501,0.637029,0.629997,nan,0.082576,nan,1.669708
14502,0.741306,0.520742,-22.125439,0.082566,57.355198,1.891613
14503,0.583393,0.571065,nan,0.082566,nan,1.558527
14504,0.461782,0.399679,-21.710918,0.082557,57.978977,1.274200
14505,0.600051,0.561335,nan,0.082557,nan,1.551134
14506,0.449697,0.387170,-20.721691,0.082548,56.636192,1.218233
14507,0.588852,0.620581,nan,0.082548,nan,1.505092
14508,0.601692,0.609248,-21.847115,0.082538,57.058228,1.538106
14509,0.427760,0.431604,nan,0.082538,nan,1.214943
14510,0.726485,0.827535,-23.193130,0.082529,58.097385,1.847713
14511,0.604684,0.623476,nan,0.082529,nan,1.608333
14512,0.631819,0.644932,-21.960575,0.082519,56.003853,1.658092
14513,0.592057,0.557583,nan,0.082519,nan,1.569899
14514,0.550910,0.625835,-21.753941,0.082510,57.925049,1.469202
14515,0.588466,0.505222,nan,0.082510,nan,1.552852
14516,0.683075,0.753239,-21.959869,0.082500,56.978458,1.741014
14517,0.540429,0.585610,nan,0.082500,nan,1.486995
14518,0.702296,0.712753,-20.290037,0.082491,58.926670,1.801652
14519,0.590934,0.590044,nan,0.082491,nan,1.579168
14520,0.667257,0.683399,-22.327763,0.082481,57.697968,1.695786
14521,0.477923,0.514782,nan,0.082481,nan,1.319092
14522,0.553718,0.633886,-21.924582,0.082472,58.527351,1.464104
14523,0.505970,0.612241,nan,0.082472,nan,1.368701
14524,0.708672,0.813129,-21.426823,0.082463,57.754257,1.803430
14525,0.575258,0.608663,nan,0.082463,nan,1.517149
14526,0.848718,0.951429,-21.592209,0.082453,58.571960,2.110676
14527,0.576918,0.579011,nan,0.082453,nan,1.497254
14528,0.554921,0.594113,-22.870285,0.082444,58.834976,1.472265
14529,0.622270,0.697892,nan,0.082444,nan,1.656104
14530,0.557934,0.530696,-22.785976,0.082434,57.610344,1.543498
14531,0.638202,0.659200,nan,0.082434,nan,1.693050
14532,0.712017,0.732657,-21.671661,0.082425,58.225521,1.805452
14533,0.632495,0.591618,nan,0.082425,nan,1.651354
14534,0.776557,0.741521,-21.559006,0.082415,54.923256,1.944041
14535,0.608362,0.721145,nan,0.082415,nan,1.570504
14536,0.373342,0.394401,-21.691887,0.082406,57.445427,1.129354
14537,0.582780,0.617760,nan,0.082406,nan,1.558135
14538,0.584185,0.528305,-21.495102,0.082396,57.103870,1.511890
14539,0.450952,0.539184,nan,0.082396,nan,1.253397
14540,0.656371,0.808394,-22.768394,0.082387,57.909187,1.707867
14541,0.653623,0.801789,nan,0.082387,nan,1.658869
14542,0.695167,0.737714,-22.589365,0.082377,56.174774,1.791720
14543,0.612817,0.563756,nan,0.082377,nan,1.598604
14544,0.771182,0.974280,-21.396492,0.082368,58.207298,1.935265
14545,0.711751,0.699225,nan,0.082368,nan,1.825370
14546,0.583947,0.541910,-23.353392,0.082358,59.093189,1.563798
14547,0.473006,0.485597,nan,0.082358,nan,1.327728
14548,0.509642,0.528511,-21.050884,0.082349,59.355934,1.351318
14549,0.628550,0.661013,nan,0.082349,nan,1.608946
14550,0.566736,0.619181,-21.696880,0.082340,58.047539,1.494098
14551,0.755548,0.814591,nan,0.082340,nan,1.896178
14552,0.647776,0.590752,-21.793610,0.082330,56.988174,1.703694
14553,0.634454,0.617202,nan,0.082330,nan,1.653531
14554,0.448781,0.517202,-21.654442,0.082321,58.483177,1.288640
14555,0.580172,0.560249,nan,0.082321,nan,1.587953
14556,0.680388,0.666351,-22.030037,0.082311,55.853184,1.755094
14557,0.420730,0.435101,nan,0.082311,nan,1.242627
14558,0.512694,0.578196,-21.867516,0.082302,57.364788,1.419809
14559,0.524109,0.572573,nan,0.082302,nan,1.423434
14560,0.570670,0.587622,-21.308899,0.082292,58.719208,1.526631
14561,0.613582,0.600183,nan,0.082292,nan,1.614452
14562,0.619257,0.619447,-22.538471,0.082283,59.539268,1.612659
14563,0.487548,0.598926,nan,0.082283,nan,1.342313
14564,0.426812,0.437924,-21.193909,0.082273,57.942711,1.226376
14565,0.449332,0.474212,nan,0.082273,nan,1.261758
14566,0.358592,0.526806,-21.876320,0.082264,60.219666,1.065591
14567,0.510560,0.546649,nan,0.082264,nan,1.384560
14568,0.497125,0.570659,-20.185211,0.082254,56.791100,1.331775
14569,0.522024,0.533542,nan,0.082254,nan,1.415622
14570,0.623170,0.712856,-21.775846,0.082245,59.797089,1.617658
14571,0.687090,0.738738,nan,0.082245,nan,1.762424
14572,0.600571,0.647675,-21.961805,0.082235,59.697449,1.600344
14573,0.409641,0.394952,nan,0.082235,nan,1.174466
14574,0.701014,0.855961,-22.690029,0.082226,57.995491,1.744873
14575,0.672804,0.707383,nan,0.082226,nan,1.714066
14576,0.438970,0.446910,-20.872051,0.082216,56.700256,1.217695
14577,0.506477,0.595411,nan,0.082216,nan,1.366202
14578,0.519657,0.591233,-21.343258,0.082207,59.422695,1.379148
14579,0.624050,0.880687,nan,0.082207,nan,1.640367
14580,0.555090,0.602336,-20.980003,0.082197,58.821392,1.502762
14581,0.503486,0.545358,nan,0.082197,nan,1.411094
14582,0.611947,0.696659,-22.621334,0.082188,59.042873,1.635346
14583,0.869981,0.994485,nan,0.082188,nan,2.150203
14584,0.535207,0.733015,-21.629276,0.082178,57.409042,1.459556
14585,0.614408,0.778950,nan,0.082178,nan,1.611280
14586,0.627111,0.757872,-21.858315,0.082169,57.599449,1.618632
14587,0.506928,0.691771,nan,0.082169,nan,1.391706
14588,0.585990,0.697761,-22.054560,0.082159,56.394722,1.555559
14589,0.495115,0.459863,nan,0.082159,nan,1.365918
14590,0.460669,0.525981,-21.523375,0.082150,57.620689,1.274442
14591,0.543076,0.581584,nan,0.082150,nan,1.433963
14592,0.550618,0.678408,-21.374296,0.082140,59.170982,1.461574
14593,0.496746,0.459343,nan,0.082140,nan,1.351324
14594,0.499313,0.588627,-20.462879,0.082131,59.344604,1.342325
14595,0.778403,0.754898,nan,0.082131,nan,1.951412
14596,0.456914,0.474681,-22.904133,0.082121,57.357639,1.281926
14597,0.707310,0.836071,nan,0.082121,nan,1.829469
14598,0.752282,0.818390,-21.290234,0.082112,56.146866,1.935526
14599,0.775237,0.871935,nan,0.082112,nan,1.984248
14600,0.688694,0.679133,-22.057718,0.082103,60.226658,1.810264
14601,0.576303,0.558845,nan,0.082103,nan,1.552516
14602,0.677117,0.739683,-20.873333,0.082093,56.045334,1.761902
14603,0.493777,0.579559,nan,0.082093,nan,1.373095
14604,0.483954,0.537263,-21.668316,0.082084,57.881664,1.327502
14605,0.343942,0.433116,nan,0.082084,nan,1.040185
14606,0.490521,0.628264,-21.271519,0.082074,59.620758,1.352467
14607,0.543058,0.490282,nan,0.082074,nan,1.463811
14608,0.476886,0.506134,-22.583496,0.082065,59.549721,1.326195
14609,0.488071,0.637940,nan,0.082065,nan,1.355081
14610,0.565122,0.621500,-21.909962,0.082055,54.729889,1.519296
14611,0.829432,0.859830,nan,0.082055,nan,2.066514
14612,0.582741,0.600950,-21.546246,0.082046,59.801788,1.559153
14613,0.552040,0.559272,nan,0.082046,nan,1.475539
14614,0.593704,0.634493,-22.279228,0.082037,57.981750,1.554545
14615,0.556744,0.670263,nan,0.082037,nan,1.501984
14616,0.711065,0.717674,-21.750683,0.082027,58.258656,1.815153
14617,0.624501,0.666117,nan,0.082027,nan,1.644698
14618,0.629568,0.668059,-21.972370,0.082018,58.898499,1.661076
14619,0.642626,0.844066,nan,0.082018,nan,1.659349
14620,0.594844,0.587864,-21.458820,0.082008,57.889412,1.579909
14621,0.739768,0.829892,nan,0.082008,nan,1.895918
14622,0.674372,0.692371,-23.034554,0.081999,58.291706,1.747019
14623,0.674170,1.017389,nan,0.081999,nan,1.766899
14624,0.705407,0.874132,-21.699707,0.081989,57.335007,1.814929
14625,0.456889,0.498170,nan,0.081989,nan,1.297383
14626,0.771043,1.072778,-20.430624,0.081980,57.532383,1.962867
14627,0.637478,0.619101,nan,0.081980,nan,1.653889
14628,0.467757,0.566386,-21.646105,0.081971,57.717373,1.302529
14629,0.517857,0.600500,nan,0.081971,nan,1.418951
14630,0.477909,0.651142,-21.472292,0.081961,58.614048,1.345530
14631,0.480490,0.551860,nan,0.081961,nan,1.324203
14632,0.399599,0.423967,-20.659304,0.081952,57.480415,1.169201
14633,0.478150,0.433987,nan,0.081952,nan,1.331410
14634,0.633589,0.644629,-22.247219,0.081942,56.407532,1.662214
14635,0.643875,0.842818,nan,0.081942,nan,1.697985
14636,0.818571,0.802723,-21.512077,0.081933,59.396420,2.070002
14637,0.785181,0.719616,nan,0.081933,nan,1.988894
14638,0.403379,0.482592,-20.183174,0.081924,59.550026,1.180674
14639,0.642292,0.484382,nan,0.081924,nan,1.681614
14640,0.659213,0.613955,-21.662296,0.081914,58.496403,1.710033
14641,0.746803,0.761992,nan,0.081914,nan,1.890171
14642,0.660361,0.664833,-22.388203,0.081905,59.354496,1.727536
14643,0.476646,0.541491,nan,0.081905,nan,1.336412
14644,0.445526,0.455841,-20.974485,0.081895,58.939182,1.278414
14645,0.605068,0.606765,nan,0.081895,nan,1.593856
14646,0.525401,0.553706,-21.956310,0.081886,59.452011,1.448249
14647,0.543138,0.583520,nan,0.081886,nan,1.486851
14648,0.409506,0.393708,-21.461554,0.081876,56.730080,1.189720
14649,0.517683,0.597884,nan,0.081876,nan,1.423044
14650,0.583253,0.618344,-20.674139,0.081867,58.800575,1.553387
14651,0.770205,0.770748,nan,0.081867,nan,1.929972
14652,0.407784,0.432421,-21.669231,0.081858,58.878796,1.226596
14653,0.594130,0.584974,nan,0.081858,nan,1.614775
14654,0.590967,0.575552,-21.340061,0.081848,58.002678,1.594339
14655,0.806487,0.858988,nan,0.081848,nan,2.015856
14656,0.571700,0.556308,-20.973888,0.081839,57.871361,1.564619
14657,0.654112,0.728260,nan,0.081839,nan,1.705818
14658,0.538184,0.565487,-21.450714,0.081829,57.696976,1.499914
14659,0.806127,0.782824,nan,0.081829,nan,2.046143
14660,0.556782,0.596206,-20.528933,0.081820,59.117893,1.510444
14661,0.552649,0.549240,nan,0.081820,nan,1.508651
14662,0.661179,0.664202,-20.905804,0.081810,58.265152,1.753919
14663,0.552514,0.536178,nan,0.081810,nan,1.495989
14664,0.568152,0.607465,-21.765987,0.081801,55.896400,1.542380
14665,0.661816,0.709967,nan,0.081801,nan,1.741938
14666,0.703420,0.695817,-20.680180,0.081792,59.196632,1.846364
14667,0.504645,0.618749,nan,0.081792,nan,1.423728
14668,0.632865,0.653733,-21.154902,0.081782,57.982346,1.675657
14669,0.374488,0.464858,nan,0.081782,nan,1.173586
14670,0.550140,0.615280,-21.659344,0.081773,58.506893,1.502480
14671,0.627190,0.660503,nan,0.081773,nan,1.685881
14672,0.731083,0.610609,-20.763096,0.081764,59.602833,1.904861
14673,0.666046,0.682625,nan,0.081764,nan,1.772912
14674,0.513597,0.544827,-21.220650,0.081754,57.814827,1.464246
14675,0.393715,0.448478,nan,0.081754,nan,1.185233
14676,0.540692,0.643436,-21.032862,0.081745,58.067963,1.521679
14677,0.422476,0.530671,nan,0.081745,nan,1.290614
14678,0.590702,0.627994,-23.197361,0.081735,59.152248,1.662152
14679,0.570553,0.785331,nan,0.081735,nan,1.612560
14680,0.721455,0.704286,-21.196783,0.081726,58.488018,1.893826
14681,0.986004,1.017474,nan,0.081726,nan,2.429096
14682,0.620137,0.643369,-20.610909,0.081717,59.876915,1.643839
14683,0.501516,0.406039,nan,0.081717,nan,1.467059
14684,0.457636,0.550162,-21.334171,0.081707,58.994682,1.338214
14685,0.534287,0.628993,nan,0.081707,nan,1.519883
14686,0.595039,0.728288,-21.571283,0.081698,58.950272,1.643376
14687,0.577987,0.662845,nan,0.081698,nan,1.606443
14688,0.545323,0.631395,-20.730251,0.081688,58.020973,1.561952
14689,0.601759,0.660140,nan,0.081688,nan,1.640629
14690,0.647315,0.768466,-21.394939,0.081679,57.255150,1.756841
14691,0.546948,0.727484,nan,0.081679,nan,1.546559
14692,0.434447,0.568951,-20.504997,0.081670,60.667587,1.299502
14693,0.484064,0.643327,nan,0.081670,nan,1.411278
14694,0.491793,0.577179,-21.261023,0.081660,57.365067,1.437401
14695,0.754605,0.815075,nan,0.081660,nan,1.930284
14696,0.486633,0.512309,-22.488806,0.081651,58.261238,1.424682
14697,0.651259,0.763529,nan,0.081651,nan,1.738166
14698,0.426281,0.525757,-20.672483,0.081641,58.001686,1.280989
14699,0.580747,0.649831,nan,0.081641,nan,1.608020
14700,0.455206,0.540922,-20.524220,0.081632,56.635315,1.361392
14701,0.514864,0.583352,nan,0.081632,nan,1.485673
14702,0.458128,0.502382,-21.493277,0.081623,60.118164,1.358015
14703,0.601832,0.740779,nan,0.081623,nan,1.660800
14704,0.512050,0.558965,-20.484173,0.081613,56.454689,1.488609
14705,0.389126,0.454597,nan,0.081613,nan,1.223091
14706,0.440342,0.480254,-21.292591,0.081604,57.516670,1.306362
14707,0.394497,0.510757,nan,0.081604,nan,1.249710
14708,0.561771,0.615574,-20.969681,0.081595,56.586170,1.551607
14709,0.494127,0.672025,nan,0.081595,nan,1.406999
14710,0.490470,0.659305,-20.547577,0.081585,57.555634,1.377614
14711,0.540251,0.672605,nan,0.081585,nan,1.516748
14712,0.529094,0.632205,-21.277203,0.081576,59.936493,1.497272
14713,0.527280,0.621965,nan,0.081576,nan,1.518295
14714,0.354251,0.530375,-20.856537,0.081567,58.872925,1.134950
14715,0.387178,0.523801,nan,0.081567,nan,1.219900
14716,0.394825,0.489070,-20.168129,0.081558,56.469620,1.191107
14717,0.677444,0.726999,nan,0.081558,nan,1.830291
14718,0.274252,0.296262,-21.014912,0.081548,56.408672,0.967534
14719,0.379108,0.453386,nan,0.081548,nan,1.166140
14720,0.666152,0.717860,-22.656805,0.081539,59.687103,1.791622
14721,0.580312,0.781599,nan,0.081539,nan,1.641457
14722,0.632497,0.776848,-21.024641,0.081530,57.250328,1.745851
14723,0.545335,0.676547,nan,0.081530,nan,1.543452
14724,0.296434,0.366224,-21.105713,0.081520,57.434891,1.015659
14725,0.448263,0.521644,nan,0.081520,nan,1.330383
14726,0.618190,0.689117,-21.024706,0.081511,59.263184,1.605921
14727,0.587374,0.685691,nan,0.081511,nan,1.600917
14728,0.327752,0.468845,-20.858959,0.081502,59.546471,1.021038
14729,0.570968,0.544571,nan,0.081502,nan,1.606921
14730,0.642515,0.632889,-20.980110,0.081492,60.494946,1.746796
14731,0.578534,0.490843,nan,0.081492,nan,1.620266
14732,0.708238,0.697761,-21.864594,0.081483,57.718445,1.892150
14733,0.638860,0.664743,nan,0.081483,nan,1.733835
14734,0.750421,0.825486,-21.990067,0.081474,59.323292,1.947716
14735,3.718974,0.499806,nan,0.081474,nan,7.874374
14736,0.675068,0.616882,-21.079708,0.081464,56.593773,1.786810
14737,0.492421,0.421094,nan,0.081464,nan,1.383570
14738,0.612007,0.576398,-21.396900,0.081455,58.909035,1.616052
14739,0.584805,0.707396,nan,0.081455,nan,1.576396
14740,0.415156,0.525525,-21.046886,0.081446,56.062187,1.232284
14741,0.597233,0.676956,nan,0.081446,nan,1.613187
14742,0.627688,0.715217,-21.732700,0.081437,59.210991,1.694273
14743,0.419065,0.500757,nan,0.081437,nan,1.257432
14744,0.392283,0.509862,-21.724464,0.081427,57.859123,1.205774
14745,0.493238,0.580630,nan,0.081427,nan,1.415584
14746,0.490501,0.540285,-21.506523,0.081418,59.555542,1.358847
14747,0.583367,0.725752,nan,0.081418,nan,1.587959
14748,0.312760,0.372327,-20.423584,0.081409,58.687668,1.024366
14749,0.657595,0.738363,nan,0.081409,nan,1.749586
14750,0.441902,0.521547,-21.217903,0.081400,55.840599,1.302046
14751,0.554834,0.668023,nan,0.081400,nan,1.554609
14752,0.445243,0.420685,-21.167253,0.081390,55.573803,1.308154
14753,0.693447,0.752530,nan,0.081390,nan,1.818813
14754,0.473093,0.531314,-20.974613,0.081381,57.403694,1.339145
14755,0.498983,0.540296,nan,0.081381,nan,1.422324
14756,0.365931,0.398524,-21.243374,0.081372,60.792156,1.139646
14757,0.357724,0.478197,nan,0.081372,nan,1.128487
14758,0.661211,0.764745,-21.551731,0.081363,57.263542,1.754045
14759,0.526139,0.612008,nan,0.081363,nan,1.465679
14760,0.680908,0.760057,-22.665709,0.081353,57.777294,1.786122
14761,0.514597,0.612710,nan,0.081353,nan,1.466714
14762,0.594208,0.528035,-20.402733,0.081344,59.030029,1.620207
14763,0.530508,0.727838,nan,0.081344,nan,1.449049
14764,0.611038,0.658622,-20.822533,0.081335,60.429321,1.642148
14765,0.421186,0.479772,nan,0.081335,nan,1.240980
14766,0.513055,0.616226,-21.411713,0.081326,59.869148,1.419200
14767,0.729795,0.740894,nan,0.081326,nan,1.900198
14768,0.640524,0.660501,-21.818176,0.081316,58.512871,1.707256
14769,0.582673,0.723215,nan,0.081316,nan,1.552836
14770,0.548029,0.666744,-22.003784,0.081307,58.239555,1.469765
14771,0.598962,0.624785,nan,0.081307,nan,1.610504
14772,0.514483,0.566765,-21.386173,0.081298,58.488216,1.446318
14773,0.687370,0.683712,nan,0.081298,nan,1.806661
14774,0.684300,0.683796,-20.863419,0.081288,56.907642,1.801721
14775,0.378810,0.538777,nan,0.081288,nan,1.142472
14776,0.450436,0.473020,-20.849457,0.081279,58.406811,1.312062
14777,0.579613,0.569375,nan,0.081279,nan,1.574073
14778,0.628615,0.593755,-21.476238,0.081270,58.713181,1.681876
14779,0.482570,0.626244,nan,0.081270,nan,1.355295
14780,0.600463,0.712932,-22.204124,0.081261,59.484409,1.585730
14781,0.386175,0.497233,nan,0.081261,nan,1.134623
14782,0.494118,0.569592,-21.217272,0.081251,59.435799,1.378225
14783,0.302420,0.350692,nan,0.081251,nan,0.962000
14784,0.407090,0.502744,-20.568077,0.081242,58.149357,1.221075
14785,0.616477,0.705847,nan,0.081242,nan,1.635775
14786,0.423836,0.535280,-20.920790,0.081233,59.127693,1.255249
14787,0.503812,0.565183,nan,0.081233,nan,1.416148
14788,0.415837,0.492156,-21.500525,0.081223,59.823025,1.230179
14789,0.585567,0.668483,nan,0.081223,nan,1.584535
14790,0.342630,0.448683,-20.540730,0.081214,60.410995,1.046487
14791,0.430726,0.511513,nan,0.081214,nan,1.248292
14792,0.582548,0.709881,-21.188595,0.081205,59.461082,1.565222
14793,0.468586,0.598821,nan,0.081205,nan,1.336499
14794,0.613546,0.750856,-20.443733,0.081195,57.685699,1.613022
14795,0.459655,0.611666,nan,0.081195,nan,1.306987
14796,0.509261,0.893140,-19.924433,0.081186,57.978241,1.388530
14797,0.414065,0.603519,nan,0.081186,nan,1.225731
14798,0.704173,0.754915,-22.055372,0.081177,58.424911,1.810165
14799,0.743942,0.946432,nan,0.081177,nan,1.890286
14800,0.465410,0.878303,-22.010635,0.081168,60.528099,1.320806
14801,0.601798,0.603078,nan,0.081168,nan,1.632225
14802,0.598313,0.641677,-19.654270,0.081158,57.923134,1.625678
14803,0.243212,0.331597,nan,0.081158,nan,0.824641
14804,0.735977,0.608823,-21.615128,0.081149,58.980579,1.885897
14805,0.488450,0.600620,nan,0.081149,nan,1.354715
14806,0.571228,0.600551,-20.428270,0.081140,59.287788,1.514612
14807,0.623300,0.679135,nan,0.081140,nan,1.652834
14808,0.398875,0.423833,-21.143913,0.081130,59.608437,1.162870
14809,0.499482,0.738436,nan,0.081130,nan,1.392921
14810,0.592012,0.675215,-20.376970,0.081121,56.497269,1.578548
14811,0.694779,0.835227,nan,0.081121,nan,1.781533
14812,0.441151,0.561759,-22.926224,0.081112,58.746658,1.267701
14813,0.518043,0.704275,nan,0.081112,nan,1.472480
14814,0.684101,0.689191,-22.410975,0.081103,57.633728,1.790794
14815,0.803230,0.858864,nan,0.081103,nan,2.046260
14816,0.467864,0.431291,-20.202364,0.081093,56.750801,1.344673
14817,0.852664,0.920139,nan,0.081093,nan,2.137084
14818,0.761349,0.721755,-20.877060,0.081084,58.619904,1.959023
14819,0.802168,0.815849,nan,0.081084,nan,1.993334
14820,0.581167,0.674209,-22.094444,0.081075,58.241627,1.530180
14821,0.520740,0.574958,nan,0.081075,nan,1.465775
14822,0.656150,0.703721,-22.086918,0.081066,59.285751,1.745636
14823,0.445799,0.513734,nan,0.081066,nan,1.301198
14824,0.362888,0.475300,-20.376127,0.081056,60.403164,1.093407
14825,0.418957,0.437311,nan,0.081056,nan,1.211970
14826,0.460945,0.577616,-21.048828,0.081047,57.862175,1.302045
14827,0.563878,0.646774,nan,0.081047,nan,1.525136
14828,0.557272,0.657243,-21.084953,0.081038,58.900017,1.480454
14829,0.590717,0.584742,nan,0.081038,nan,1.588156
14830,0.430846,0.513121,-20.796162,0.081029,60.269394,1.240932
14831,0.387572,0.573258,nan,0.081029,nan,1.165919
14832,0.488884,0.557117,-20.657358,0.081019,58.727474,1.373378
14833,0.687639,0.712471,nan,0.081019,nan,1.756421
14834,0.632383,0.744913,-21.828716,0.081010,60.389236,1.666194
14835,0.608619,0.682947,nan,0.081010,nan,1.636540
14836,0.613384,0.663843,-20.713224,0.081001,57.256981,1.658502
14837,0.593965,0.562238,nan,0.081001,nan,1.608800
14838,0.629859,0.637450,-21.679886,0.080992,61.036179,1.636398
14839,0.415639,0.527073,nan,0.080992,nan,1.172235
14840,0.461966,0.549850,-21.465874,0.080982,59.298325,1.310521
14841,0.833011,0.769437,nan,0.080982,nan,2.112003
14842,0.686984,0.700351,-22.955624,0.080973,60.147125,1.793867
14843,0.556987,0.670470,nan,0.080973,nan,1.517566
14844,0.371841,0.471461,-20.440517,0.080964,57.426247,1.108251
14845,0.607225,0.674948,nan,0.080964,nan,1.593621
14846,0.643911,0.709899,-20.999296,0.080954,60.004189,1.694067
14847,0.273252,0.376806,nan,0.080954,nan,0.899407
14848,0.586031,0.642889,-21.943708,0.080945,59.462170,1.509800
14849,0.522045,0.512471,nan,0.080945,nan,1.441785
14850,0.504821,0.579396,-21.087519,0.080936,58.417461,1.400477
14851,0.688342,0.789312,nan,0.080936,nan,1.765769
14852,0.368544,0.446880,-21.299538,0.080927,59.810516,1.124326
14853,0.389161,0.473168,nan,0.080927,nan,1.177546
14854,0.578102,0.608329,-21.289482,0.080917,60.177204,1.551889
14855,0.475076,0.595390,nan,0.080917,nan,1.319131
14856,0.330987,0.465070,-21.086481,0.080908,60.109215,1.022792
14857,0.458852,0.504099,nan,0.080908,nan,1.276712
14858,0.493385,0.586467,-21.480402,0.080899,57.618031,1.343232
14859,0.533620,0.744901,nan,0.080899,nan,1.422000
14860,0.326283,0.457562,-20.466827,0.080889,58.453274,0.982011
14861,0.413680,0.537816,nan,0.080889,nan,1.134930
14862,0.582572,0.652947,-22.382181,0.080880,56.342457,1.492397
14863,0.578045,0.725125,nan,0.080880,nan,1.544325
14864,0.664769,0.669067,-21.128653,0.080871,59.602264,1.720648
14865,0.564094,0.571743,nan,0.080871,nan,1.527775
14866,0.449086,0.500389,-21.434418,0.080862,59.991585,1.250130
14867,0.453883,0.492746,nan,0.080862,nan,1.270383
14868,0.523333,0.565631,-20.514408,0.080852,57.510155,1.426940
14869,0.557631,0.659603,nan,0.080852,nan,1.482433
14870,0.305291,0.474737,-20.975773,0.080843,59.345261,0.939400
14871,0.763341,0.786627,nan,0.080843,nan,1.900227
14872,0.382856,0.530325,-21.365534,0.080834,58.821526,1.123061
14873,0.434024,0.509222,nan,0.080834,nan,1.243336
14874,0.716908,0.743923,-22.318018,0.080825,58.578194,1.845385
14875,0.626400,0.651204,nan,0.080825,nan,1.655923
14876,0.621532,0.718807,-21.971056,0.080816,59.277084,1.601709
14877,0.611838,0.622515,nan,0.080816,nan,1.634214
14878,0.593248,0.796540,-21.289724,0.080806,59.614250,1.590077
14879,0.650259,0.534016,nan,0.080806,nan,1.691243
14880,0.600658,0.522923,-20.967548,0.080797,59.400066,1.608598
14881,0.551287,0.714863,nan,0.080797,nan,1.477350
14882,0.633143,0.631304,-21.206606,0.080788,57.081017,1.632555
14883,0.607380,0.668382,nan,0.080788,nan,1.585775
14884,0.491160,0.516470,-22.305393,0.080779,62.059917,1.329772
14885,0.615176,0.794247,nan,0.080779,nan,1.638607
14886,0.618201,0.790444,-21.927881,0.080769,58.824425,1.609920
14887,0.492178,0.568122,nan,0.080769,nan,1.356103
14888,0.745678,0.654865,-20.742201,0.080760,61.790558,1.911580
14889,0.488490,0.533812,nan,0.080760,nan,1.317752
14890,0.580873,0.569154,-22.168564,0.080751,59.229763,1.524556
14891,0.642812,0.740390,nan,0.080751,nan,1.677587
14892,0.763606,0.739486,-21.638805,0.080742,59.248497,1.950649
14893,0.544758,0.665436,nan,0.080742,nan,1.467690
14894,0.967755,0.952954,-19.404709,0.080732,58.945019,2.378506
14895,0.978832,1.068586,nan,0.080732,nan,2.382832
14896,0.560969,0.563151,-21.738792,0.080723,59.162048,1.510714
14897,0.451031,0.432751,nan,0.080723,nan,1.292343
14898,0.741425,0.750583,-21.748613,0.080714,57.690002,1.853500
14899,0.748361,0.742937,nan,0.080714,nan,1.883436
14900,0.600976,0.670333,-22.020023,0.080705,61.122093,1.594298
14901,0.455898,0.490245,nan,0.080705,nan,1.294053
14902,0.437436,0.510127,-20.332314,0.080695,58.338726,1.236578
14903,0.566322,0.573027,nan,0.080695,nan,1.505857
14904,0.426440,0.411490,-21.680952,0.080686,60.656574,1.228777
14905,0.494642,0.528341,nan,0.080686,nan,1.367011
14906,0.400538,0.466678,-21.130117,0.080677,59.205082,1.140946
14907,0.362925,0.509628,nan,0.080677,nan,1.059569
14908,0.455676,0.515099,-19.656284,0.080668,58.747101,1.252578
14909,0.416857,0.470288,nan,0.080668,nan,1.174620
14910,0.408511,0.454994,-21.362167,0.080658,58.005260,1.199475
14911,0.630232,0.731614,nan,0.080658,nan,1.637164
14912,0.569526,0.630054,-21.236092,0.080649,60.341324,1.532952
14913,0.539636,0.532569,nan,0.080649,nan,1.463168
14914,0.491966,0.532923,-21.542919,0.080640,59.081825,1.373280
14915,0.486722,0.519785,nan,0.080640,nan,1.357685
14916,0.425418,0.542593,-21.364460,0.080631,60.244392,1.219542
14917,0.566788,0.763892,nan,0.080631,nan,1.513367
14918,0.625121,0.696195,-20.514275,0.080621,56.875839,1.617329
14919,0.374935,0.439999,nan,0.080621,nan,1.077687
14920,0.581240,0.692506,-21.536491,0.080612,61.201180,1.508482
14921,0.590305,0.738039,nan,0.080612,nan,1.561346
14922,0.425551,0.524676,-21.873558,0.080603,58.584335,1.197694
14923,0.500654,0.469704,nan,0.080603,nan,1.392877
14924,0.655792,0.887261,-21.111256,0.080594,59.514458,1.699462
14925,0.608110,0.596540,nan,0.080594,nan,1.594998
14926,0.470251,0.535282,-22.173460,0.080585,59.354393,1.332710
14927,0.484524,0.553826,nan,0.080585,nan,1.336806
14928,0.531092,0.594338,-20.318188,0.080575,57.047516,1.447479
14929,0.369772,0.451571,nan,0.080575,nan,1.081216
14930,0.405117,0.512908,-20.658852,0.080566,58.312683,1.180520
14931,0.762891,0.639439,nan,0.080566,nan,1.943484
14932,0.552309,0.665199,-21.703964,0.080557,61.594669,1.479327
14933,0.587437,0.724546,nan,0.080557,nan,1.548851
14934,0.612382,0.838806,-20.537062,0.080548,60.000778,1.622330
14935,0.531884,0.650542,nan,0.080548,nan,1.443530
14936,0.725599,0.845473,-22.098730,0.080539,58.807877,1.828295
14937,0.690796,0.762925,nan,0.080539,nan,1.728346
14938,0.450991,0.503436,-20.264587,0.080529,58.139378,1.278544
14939,0.843763,0.885580,nan,0.080529,nan,2.094756
14940,0.345761,0.434490,-21.124701,0.080520,58.833534,1.056554
14941,0.655816,0.733391,nan,0.080520,nan,1.720917
14942,0.738644,0.620085,-20.357372,0.080511,57.141365,1.921771
14943,0.495526,0.532334,nan,0.080511,nan,1.369034
14944,0.671644,0.518558,-20.897938,0.080502,58.147324,1.750783
14945,0.649401,0.687829,nan,0.080502,nan,1.656579
14946,0.582599,0.632738,-21.262104,0.080493,59.752522,1.535845
14947,0.700045,0.759985,nan,0.080493,nan,1.861142
14948,0.544082,0.676034,-21.923210,0.080484,61.391685,1.496719
14949,0.682097,0.665642,nan,0.080484,nan,1.758816
14950,0.567311,0.668787,-21.456959,0.080475,58.831295,1.508447
14951,0.685548,0.598145,nan,0.080475,nan,1.745375
14952,0.569674,0.575188,-21.824610,0.080465,59.847694,1.506966
14953,0.471823,0.590017,nan,0.080465,nan,1.334853
14954,0.306022,0.446316,-20.817581,0.080456,61.166946,0.973330
14955,0.398209,0.596990,nan,0.080456,nan,1.174095
14956,0.566675,0.697235,-22.025225,0.080447,57.919163,1.535638
14957,0.651064,0.814164,nan,0.080447,nan,1.683085
14958,0.639300,0.717879,-21.293873,0.080438,59.964584,1.636444
14959,0.772190,0.833268,nan,0.080438,nan,1.918357
14960,0.572837,0.644314,-21.467142,0.080429,57.758705,1.496909
14961,0.393888,0.514846,nan,0.080429,nan,1.130451
14962,0.584240,0.548928,-21.140553,0.080419,59.129677,1.549391
14963,0.309159,0.374632,nan,0.080419,nan,0.965559
14964,0.295995,0.372704,-21.086042,0.080410,58.090004,0.921328
14965,0.516696,0.550123,nan,0.080410,nan,1.397712
14966,0.680776,0.767699,-22.160793,0.080401,60.678257,1.752617
14967,0.523093,0.620051,nan,0.080401,nan,1.434518
14968,0.494171,0.522435,-21.510479,0.080392,59.454185,1.369357
14969,0.387518,0.474637,nan,0.080392,nan,1.132926
14970,0.550854,0.606222,-21.324703,0.080383,60.812263,1.477938
14971,0.444128,0.500417,nan,0.080383,nan,1.248744
14972,0.336838,0.403223,-21.856915,0.080374,59.880520,1.030305
14973,0.519211,0.547962,nan,0.080374,nan,1.407713
14974,0.455700,0.448654,-21.143999,0.080365,57.143013,1.280660
14975,0.539570,0.565977,nan,0.080365,nan,1.433679
14976,0.399878,0.428701,-22.412365,0.080355,59.563984,1.111614
14977,0.449590,0.510684,nan,0.080355,nan,1.248945
14978,0.499838,0.554147,-21.531849,0.080346,59.864075,1.367189
14979,0.411376,0.417624,nan,0.080346,nan,1.153702
14980,0.400026,0.471890,-21.895460,0.080337,61.015713,1.115055
14981,0.354832,0.388973,nan,0.080337,nan,1.075732
14982,0.480461,0.545155,-22.309830,0.080328,60.313343,1.348464
14983,0.530599,0.640382,nan,0.080328,nan,1.439376
14984,0.410221,0.468332,-20.717154,0.080319,58.301643,1.202985
14985,0.401650,0.515014,nan,0.080319,nan,1.153872
14986,0.705906,0.757317,-23.182968,0.080309,60.685352,1.807765
14987,0.673634,0.722220,nan,0.080309,nan,1.749064
14988,0.242346,0.388523,-20.235256,0.080300,57.956184,0.799440
14989,0.499595,0.560814,nan,0.080300,nan,1.338507
14990,0.461083,0.546003,-22.914507,0.080291,58.320213,1.275939
14991,0.497729,0.649844,nan,0.080291,nan,1.351611
14992,0.469418,0.588432,-21.411243,0.080282,60.036896,1.306921
14993,0.601969,0.625127,nan,0.080282,nan,1.564453
14994,0.374309,0.499605,-21.235889,0.080273,59.939102,1.082257
14995,0.395270,0.521612,nan,0.080273,nan,1.126094
14996,0.465354,0.539637,-21.893387,0.080264,61.639721,1.275258
14997,0.571335,0.608780,nan,0.080264,nan,1.519838
14998,0.376731,0.427100,-21.281507,0.080255,56.915390,1.104491
14999,0.404848,0.451080,nan,0.080255,nan,1.163545
15000,0.378281,0.407755,-21.175438,0.080245,59.910873,1.122568
15001,0.590117,0.673454,nan,0.080245,nan,1.527557
15002,0.771530,0.824273,-22.400692,0.080236,58.369965,1.917763
15003,0.636857,0.684971,nan,0.080236,nan,1.674763
15004,0.483795,0.461614,-21.242945,0.080227,60.931664,1.357784
15005,0.389403,0.432525,nan,0.080227,nan,1.111035
15006,0.497875,0.539428,-21.446981,0.080218,58.068405,1.362090
15007,0.357489,0.438123,nan,0.080218,nan,1.049048
15008,0.506145,0.545747,-21.360926,0.080209,58.776299,1.348044
15009,0.589151,0.604185,nan,0.080209,nan,1.540614
15010,0.418328,0.522839,-21.260323,0.080200,59.714710,1.136436
15011,0.636619,0.728169,nan,0.080200,nan,1.625495
15012,0.534761,0.593866,-21.006149,0.080191,60.868164,1.411338
15013,0.443016,0.509298,nan,0.080191,nan,1.229083
15014,0.664367,0.719467,-21.930567,0.080181,60.682098,1.708735
15015,0.459326,0.580990,nan,0.080181,nan,1.267718
15016,0.636528,0.641786,-21.856224,0.080172,63.379631,1.653365
15017,0.506880,0.552311,nan,0.080172,nan,1.382077
15018,0.491958,0.705700,-20.370762,0.080163,57.830856,1.315390
15019,0.700964,0.757944,nan,0.080163,nan,1.769938
15020,0.714355,0.730220,-21.992922,0.080154,59.944004,1.810331
15021,0.731320,0.647809,nan,0.080154,nan,1.851424
15022,0.341612,0.427187,-21.511021,0.080145,60.757702,1.031874
15023,0.400147,0.476507,nan,0.080145,nan,1.176864
15024,0.663606,0.641841,-21.588184,0.080136,59.041862,1.697508
15025,0.423306,0.462328,nan,0.080136,nan,1.210857
15026,0.573662,0.623456,-22.505613,0.080126,61.735985,1.514114
15027,0.574297,0.644068,nan,0.080126,nan,1.529282
15028,0.533069,0.671062,-21.319708,0.080117,58.313187,1.364903
15029,0.399901,0.454834,nan,0.080117,nan,1.135488
15030,0.631952,0.713344,-21.188076,0.080108,57.757420,1.592753
15031,0.364393,0.429389,nan,0.080108,nan,1.064353
15032,0.663135,0.733951,-21.793594,0.080099,58.755917,1.695592
15033,0.743358,0.720852,nan,0.080099,nan,1.880625
15034,0.653107,0.760490,-21.901073,0.080090,58.293415,1.646324
15035,0.383152,0.442323,nan,0.080090,nan,1.096464
15036,0.315454,0.371582,-19.842617,0.080081,59.958118,0.952434
15037,0.397311,0.369644,nan,0.080081,nan,1.175792
15038,0.572527,0.660531,-20.519730,0.080072,60.565346,1.525116
15039,0.449145,0.526454,nan,0.080072,nan,1.246931
15040,0.580836,0.718629,-21.875805,0.080062,59.756214,1.508998
15041,0.757982,0.634822,nan,0.080062,nan,1.920882
15042,0.524470,0.572707,-21.965000,0.080053,58.700943,1.431786
15043,0.629066,0.696996,nan,0.080053,nan,1.644741
15044,0.556983,0.488064,-21.386557,0.080044,62.817581,1.481942
15045,0.520546,0.519126,nan,0.080044,nan,1.404895
15046,0.652118,0.675990,-22.172382,0.080035,61.610191,1.652120
15047,0.562831,0.540640,nan,0.080035,nan,1.468394
15048,0.438458,0.501707,-21.160858,0.080026,60.036411,1.222329
15049,0.321209,0.331326,nan,0.080026,nan,0.970347
15050,0.465071,0.487049,-21.010458,0.080017,61.692348,1.257802
15051,0.464647,0.512072,nan,0.080017,nan,1.257790
15052,0.559419,0.589172,-21.800098,0.080008,57.742332,1.448965
15053,0.598228,0.522656,nan,0.080008,nan,1.577126
15054,0.381647,0.349387,-20.982220,0.079998,62.593399,1.150266
15055,0.440472,0.539598,nan,0.079998,nan,1.247917
15056,0.767238,0.699215,-21.395630,0.079989,58.994335,1.893236
15057,0.561954,0.482228,nan,0.079989,nan,1.477463
15058,0.453560,0.488526,-22.330441,0.079980,60.368385,1.256181
15059,0.785339,0.726884,nan,0.079980,nan,1.976519
15060,0.773108,0.580835,-21.223911,0.079971,60.538376,1.986622
15061,0.595411,0.560470,nan,0.079971,nan,1.528928
15062,0.543665,0.495769,-20.800293,0.079962,58.322044,1.415527
15063,0.511665,0.518016,nan,0.079962,nan,1.351165
15064,0.598170,0.628239,-21.947338,0.079953,60.183685,1.563332
15065,0.743554,0.685387,nan,0.079953,nan,1.902824
15066,0.502969,0.488722,-21.391426,0.079943,60.542389,1.406697
15067,0.470983,0.506907,nan,0.079943,nan,1.330629
15068,0.450821,0.587240,-20.616360,0.079934,60.534767,1.297668
15069,0.550409,0.651552,nan,0.079934,nan,1.441650
15070,0.497724,0.526353,-22.221394,0.079925,58.431282,1.301620
15071,0.685419,0.667182,nan,0.079925,nan,1.781332
15072,0.600122,0.691652,-22.333921,0.079916,59.850243,1.578813
15073,0.594910,0.559984,nan,0.079916,nan,1.570034
15074,0.561051,0.632700,-20.506920,0.079907,58.428131,1.445519
15075,0.462220,0.483990,nan,0.079907,nan,1.269412
15076,0.490888,0.516071,-22.024452,0.079898,61.657318,1.352189
15077,0.687690,0.686778,nan,0.079898,nan,1.777653
15078,0.539160,0.568142,-22.094517,0.079889,60.211960,1.461921
15079,0.563444,0.617884,nan,0.079889,nan,1.514897
15080,0.633288,0.647376,-21.288746,0.079879,60.007122,1.623589
15081,0.538190,0.762744,nan,0.079879,nan,1.465318
15082,0.460354,0.592440,-21.777462,0.079870,59.511532,1.276541
15083,0.511078,0.527385,nan,0.079870,nan,1.365803
15084,0.480990,0.496752,-21.561058,0.079861,59.372765,1.310068
15085,0.594536,0.507004,nan,0.079861,nan,1.572053
15086,0.677271,0.682973,-21.711342,0.079852,60.097408,1.693753
15087,0.392922,0.433243,nan,0.079852,nan,1.074543
15088,0.481149,0.494165,-21.910370,0.079843,60.674938,1.268236
15089,0.488414,0.516976,nan,0.079843,nan,1.312195
15090,0.418926,0.494308,-21.680403,0.079834,61.913738,1.191894
15091,0.393450,0.407500,nan,0.079834,nan,1.133672
15092,0.553702,0.621989,-21.007072,0.079825,58.878784,1.477227
15093,0.814749,0.950030,nan,0.079825,nan,1.996360
15094,0.420126,0.443215,-21.039202,0.079816,62.488201,1.187101
15095,0.560079,0.534460,nan,0.079816,nan,1.477898
15096,0.553996,0.515673,-22.680103,0.079806,60.811447,1.441750
15097,0.535437,0.546466,nan,0.079806,nan,1.440787
15098,0.531758,0.530713,-21.179041,0.079797,62.218594,1.445646
15099,0.591109,0.587288,nan,0.079797,nan,1.498346
15100,0.509020,0.456563,-22.005219,0.079788,60.685150,1.355457
15101,0.540737,0.539136,nan,0.079788,nan,1.429038
15102,0.361990,0.423381,-21.160866,0.079779,58.982166,1.039896
15103,0.570398,0.560155,nan,0.079779,nan,1.515751
15104,0.561302,0.602984,-22.011415,0.079770,57.503418,1.447014
15105,0.435650,0.446243,nan,0.079770,nan,1.205376
15106,0.481255,0.442160,-20.254410,0.079761,59.531616,1.314264
15107,0.569479,0.543074,nan,0.079761,nan,1.463726
15108,0.448816,0.540370,-21.471024,0.079752,58.132454,1.215255
15109,0.643930,0.592798,nan,0.079752,nan,1.647304
15110,0.288821,0.456184,-21.228596,0.079743,62.087303,0.922431
15111,0.611773,0.578748,nan,0.079743,nan,1.590633
15112,0.679941,0.747850,-22.124474,0.079734,57.989029,1.691081
15113,0.565081,0.453465,nan,0.079734,nan,1.503592
15114,0.503398,0.471418,-21.520332,0.079724,59.216370,1.341614
15115,0.653168,0.609359,nan,0.079724,nan,1.659357
15116,0.722537,0.689038,-22.539925,0.079715,62.818562,1.834045
15117,0.759117,0.635510,nan,0.079715,nan,1.916085
15118,0.635627,0.636723,-22.223988,0.079706,59.565044,1.643993
15119,0.768827,0.655917,nan,0.079706,nan,1.908989
15120,0.412762,0.408701,-21.914165,0.079697,61.010319,1.126870
15121,0.533217,0.550420,nan,0.079697,nan,1.403770
15122,0.459164,0.483404,-21.771503,0.079688,60.113403,1.268181
15123,0.460326,0.411108,nan,0.079688,nan,1.302302
15124,0.600242,0.480087,-22.066822,0.079679,61.037773,1.607574
15125,0.533726,0.478045,nan,0.079679,nan,1.407897
15126,0.663576,0.538088,-21.574228,0.079670,60.642311,1.677883
15127,0.525553,0.544366,nan,0.079670,nan,1.379458
15128,0.502588,0.502268,-21.723583,0.079661,61.804520,1.328393
15129,0.567373,0.582629,nan,0.079661,nan,1.486547
15130,0.543029,0.618965,-22.163418,0.079652,59.558861,1.470210
15131,0.776507,0.748182,nan,0.079652,nan,1.913468
15132,0.532270,0.536213,-22.697598,0.079642,59.515327,1.418300
15133,0.749166,0.698142,nan,0.079642,nan,1.848534
15134,0.479841,0.504412,-22.017149,0.079633,60.816048,1.303156
15135,0.435831,0.507574,nan,0.079633,nan,1.194939
15136,0.534163,0.547432,-21.056604,0.079624,59.576263,1.430383
15137,0.492602,0.529721,nan,0.079624,nan,1.329857
15138,0.738224,0.546184,-21.643501,0.079615,61.368942,1.872216
15139,0.584366,0.595957,nan,0.079615,nan,1.539900
15140,0.586183,0.707777,-22.159492,0.079606,60.643349,1.521857
15141,0.794438,0.751252,nan,0.079606,nan,1.976836
15142,0.671071,0.647766,-22.342924,0.079597,60.042423,1.691492
15143,0.570565,0.565745,nan,0.079597,nan,1.506576
15144,0.741358,0.759496,-21.835896,0.079588,61.317314,1.861418
15145,0.494046,0.493806,nan,0.079588,nan,1.336172
15146,0.507311,0.465672,-21.853533,0.079579,60.183182,1.341418
15147,0.621781,0.661086,nan,0.079579,nan,1.629212
15148,1.127112,0.737701,-23.244015,0.079570,61.392273,2.668282
15149,0.748125,0.737120,nan,0.079570,nan,1.883949
15150,0.461414,0.477633,-20.644135,0.079560,61.372147,1.261004
15151,0.540882,0.447172,nan,0.079560,nan,1.436130
15152,0.745977,0.835378,-22.372414,0.079551,63.996597,1.827510
15153,0.589918,0.652470,nan,0.079551,nan,1.472794
15154,0.445234,0.489242,-22.979607,0.079542,60.140144,1.223503
15155,0.724680,0.646477,nan,0.079542,nan,1.856332
15156,0.623630,0.515976,-22.308357,0.079533,61.397724,1.658457
15157,0.613928,0.558747,nan,0.079533,nan,1.626849
15158,0.757714,0.545244,-21.475822,0.079524,61.891109,1.916609
15159,0.536452,0.674038,nan,0.079524,nan,1.442570
15160,0.611295,0.700576,-23.538483,0.079515,60.660713,1.554727
15161,0.734853,0.676870,nan,0.079515,nan,1.869582
15162,0.820488,0.822019,-23.090542,0.079506,58.589363,2.010873
15163,0.584261,0.588571,nan,0.079506,nan,1.512576
15164,0.743395,0.803287,-21.660542,0.079496,60.660999,1.797582
15165,0.455037,0.424869,nan,0.079496,nan,1.250782
15166,0.631609,0.612260,-21.532917,0.079487,59.176804,1.646317
15167,0.715378,0.674930,nan,0.079487,nan,1.811863
15168,0.785371,0.661905,-22.169151,0.079478,60.733727,1.945986
15169,0.421165,0.510699,nan,0.079478,nan,1.200894
15170,0.450292,0.506706,-21.674828,0.079469,58.499992,1.243188
15171,0.500098,0.485024,nan,0.079469,nan,1.318094
15172,0.484118,0.474390,-21.295498,0.079460,61.677834,1.274662
15173,0.719907,0.676065,nan,0.079460,nan,1.797926
15174,0.705366,0.702984,-22.644577,0.079451,59.389122,1.747762
15175,0.549077,0.608194,nan,0.079451,nan,1.448598
15176,0.513699,0.525793,-22.209139,0.079442,60.127644,1.352240
15177,0.382687,0.402921,nan,0.079442,nan,1.075298
15178,0.500879,0.472645,-22.432037,0.079433,60.177364,1.312018
15179,0.419760,0.390015,nan,0.079433,nan,1.220514
15180,0.570399,0.511780,-21.495834,0.079424,61.122589,1.519185
15181,0.462963,0.505025,nan,0.079424,nan,1.278229
15182,0.341839,0.366906,-22.217846,0.079415,60.606651,1.034628
15183,0.694519,0.629564,nan,0.079415,nan,1.754102
15184,0.530418,0.558452,-21.524237,0.079406,60.528572,1.402380
15185,0.561226,0.598529,nan,0.079406,nan,1.443883
15186,0.381536,0.336481,-22.055731,0.079397,61.723724,1.096506
15187,0.412017,0.450763,nan,0.079397,nan,1.113497
15188,0.528207,0.536402,-20.790108,0.079387,60.065281,1.344922
15189,0.576155,0.671204,nan,0.079387,nan,1.497301
15190,0.752020,0.867111,-21.991714,0.079378,63.332802,1.842087
15191,0.657757,0.650525,nan,0.079378,nan,1.701166
15192,0.400435,0.404394,-21.005230,0.079369,62.298248,1.163369
15193,0.407169,0.435310,nan,0.079369,nan,1.173332
15194,0.510112,0.516639,-21.357449,0.079360,60.402256,1.355121
15195,0.685103,0.656465,nan,0.079360,nan,1.701001
15196,0.769035,0.749905,-22.675480,0.079351,59.208832,1.869584
15197,0.583308,0.593795,nan,0.079351,nan,1.529178
15198,0.680385,0.615763,-20.978291,0.079342,60.193802,1.683168
15199,0.770709,0.722616,nan,0.079342,nan,1.870848
15200,0.600943,0.571068,-22.491817,0.079333,59.199703,1.560262
15201,0.667059,0.680383,nan,0.079333,nan,1.730487
15202,0.621255,0.706685,-21.732250,0.079324,61.919006,1.607105
15203,0.706559,0.733767,nan,0.079324,nan,1.773443
15204,0.764917,0.690510,-22.845068,0.079315,58.800892,1.900389
15205,0.540733,0.509665,nan,0.079315,nan,1.482836
15206,0.724499,0.653850,-21.727974,0.079306,61.893684,1.857960
15207,0.483343,0.566098,nan,0.079306,nan,1.328551
15208,0.652116,0.639632,-20.886923,0.079297,62.782433,1.704081
15209,0.564994,0.626145,nan,0.079297,nan,1.487438
15210,0.316000,0.358391,-22.953041,0.079288,62.038109,0.902663
15211,0.915975,0.908597,nan,0.079288,nan,2.247322
15212,0.690312,0.681862,-22.729721,0.079278,60.674480,1.778185
15213,0.650577,0.601732,nan,0.079278,nan,1.679139
15214,0.452488,0.537501,-21.122494,0.079269,61.821350,1.240278
15215,0.454206,0.492239,nan,0.079269,nan,1.243389
15216,0.654933,0.614055,-21.310434,0.079260,61.600014,1.638828
15217,0.566763,0.558886,nan,0.079260,nan,1.527053
15218,0.736130,0.601277,-23.127174,0.079251,61.797207,1.867072
15219,0.642176,0.569875,nan,0.079251,nan,1.649679
15220,0.723462,0.567272,-21.989368,0.079242,61.231438,1.813055
15221,0.258958,0.351173,nan,0.079242,nan,0.803970
15222,0.469621,0.567538,-21.195206,0.079233,58.433258,1.264815
15223,0.502679,0.452325,nan,0.079233,nan,1.378085
15224,0.665077,0.379830,-21.041767,0.079224,61.054375,1.673841
15225,0.523101,0.580286,nan,0.079224,nan,1.376537
15226,0.491502,0.512696,-21.234818,0.079215,60.309212,1.311269
15227,0.683098,0.668112,nan,0.079215,nan,1.751034
15228,0.623551,0.624588,-21.238029,0.079206,59.492012,1.622626
15229,0.464071,0.561272,nan,0.079206,nan,1.288294
15230,0.803756,0.620366,-20.959290,0.079197,59.633575,1.961402
15231,0.562908,0.637696,nan,0.079197,nan,1.491426
15232,0.532453,0.655344,-22.569172,0.079188,60.991257,1.387601
15233,0.816096,0.859573,nan,0.079188,nan,2.047889
15234,0.639801,0.729249,-23.171116,0.079179,63.338406,1.692917
15235,0.631567,0.729627,nan,0.079179,nan,1.677523
15236,0.416418,0.431228,-21.291588,0.079170,58.592201,1.195245
15237,0.428710,0.464782,nan,0.079170,nan,1.217710
15238,0.537488,0.540820,-22.412621,0.079161,58.386826,1.404502
15239,0.745098,0.696941,nan,0.079161,nan,1.903104
15240,0.521762,0.467378,-22.314430,0.079152,60.414368,1.426886
15241,0.479273,0.500189,nan,0.079152,nan,1.315445
15242,0.666124,0.599740,-21.051525,0.079143,59.759602,1.711787
15243,0.446092,0.505947,nan,0.079143,nan,1.239807
15244,0.850499,0.768283,-22.956242,0.079134,63.082146,2.093344
15245,0.557638,0.557074,nan,0.079134,nan,1.524421
15246,0.577984,0.582284,-22.179655,0.079125,61.669857,1.569237
15247,0.390530,0.399433,nan,0.079125,nan,1.175264
15248,0.762013,0.783830,-21.611229,0.079116,59.687122,1.927607
15249,0.496817,0.585499,nan,0.079116,nan,1.366269
15250,0.529267,0.571595,-23.052628,0.079106,62.732788,1.406822
15251,0.741686,0.727244,nan,0.079106,nan,1.886118
15252,0.550435,0.781290,-21.753933,0.079097,58.513416,1.485449
15253,0.576529,0.786241,nan,0.079097,nan,1.556796
15254,0.423392,0.579429,-20.740778,0.079089,59.543999,1.230943
15255,0.617639,0.644803,nan,0.079089,nan,1.618637
15256,0.582223,0.600153,-22.666838,0.079080,60.425285,1.516473
15257,0.624986,0.536620,nan,0.079080,nan,1.606490
15258,0.592848,0.491815,-22.212030,0.079071,60.565025,1.580338
15259,0.626594,0.641025,nan,0.079071,nan,1.601271
15260,0.483694,0.336020,-20.585325,0.079062,60.253944,1.355343
15261,0.445920,0.410209,nan,0.079062,nan,1.265499
15262,0.568738,0.599556,-22.975315,0.079053,60.124321,1.545815
15263,0.618833,0.446494,nan,0.079053,nan,1.681177
15264,0.633874,0.617557,-21.875084,0.079044,62.880295,1.684080
15265,0.790155,0.733252,nan,0.079044,nan,1.994515
15266,0.698308,0.721925,-21.899166,0.079035,60.451069,1.763138
15267,0.616993,0.549611,nan,0.079035,nan,1.627491
15268,0.517263,0.523390,-21.829327,0.079026,61.991806,1.402856
15269,0.471376,0.472083,nan,0.079026,nan,1.322391
15270,0.515982,0.663258,-22.185318,0.079017,62.068493,1.442939
15271,0.692170,0.647337,nan,0.079017,nan,1.805559
15272,0.785249,0.741732,-21.586037,0.079008,61.160080,2.017951
15273,0.435140,0.430631,nan,0.079008,nan,1.258554
15274,0.633931,0.636397,-22.230038,0.078999,59.069351,1.688628
15275,0.344783,0.383745,nan,0.078999,nan,1.074555
15276,0.360932,0.325471,-22.316099,0.078990,60.447395,1.094908
15277,0.614322,0.701979,nan,0.078990,nan,1.649898
15278,0.389489,0.358162,-21.842791,0.078981,62.827347,1.179817
15279,0.623331,0.680658,nan,0.078981,nan,1.651708
15280,0.665626,0.680495,-22.368591,0.078972,63.129433,1.763516
15281,0.471990,0.402707,nan,0.078972,nan,1.338286
15282,0.625420,0.612129,-22.620647,0.078962,62.449944,1.634347
15283,0.560084,0.514670,nan,0.078962,nan,1.515604
15284,0.797554,0.720433,-23.543447,0.078953,61.654613,2.007125
15285,0.602966,0.503489,nan,0.078953,nan,1.620658
15286,0.582970,0.540747,-21.370113,0.078944,60.108566,1.558839
15287,0.570270,0.571300,nan,0.078944,nan,1.541995
15288,0.469414,0.428591,-23.102516,0.078935,60.101231,1.347369
15289,0.491226,0.483010,nan,0.078935,nan,1.404346
15290,0.668956,0.667070,-22.337259,0.078926,60.528809,1.753536
15291,0.913650,0.851981,nan,0.078926,nan,2.252028
15292,0.514383,0.541069,-21.891251,0.078917,59.708706,1.438931
15293,0.341763,0.419552,nan,0.078917,nan,1.050327
15294,0.387783,0.386387,-22.274395,0.078908,62.656479,1.177971
15295,0.336360,0.385776,nan,0.078908,nan,1.070281
15296,0.698176,0.909640,-22.586811,0.078899,60.513489,1.816120
15297,0.387587,0.417682,nan,0.078899,nan,1.172032
15298,0.635042,0.584453,-22.675114,0.078890,59.604523,1.699487
15299,0.368852,0.447747,nan,0.078890,nan,1.136869
15300,0.643653,0.672395,-22.896280,0.078881,60.580116,1.699647
15301,0.506025,0.539946,nan,0.078881,nan,1.420044
15302,0.374119,0.523706,-22.624302,0.078872,63.069279,1.136546
15303,0.676185,0.714121,nan,0.078872,nan,1.761294
15304,0.535462,0.618727,-22.291550,0.078863,63.668098,1.456517
15305,0.585708,0.562941,nan,0.078863,nan,1.618121
15306,0.423479,0.533115,-22.109735,0.078854,61.985039,1.264771
15307,0.482689,0.475201,nan,0.078854,nan,1.382041
15308,0.334465,0.384797,-22.572968,0.078845,62.543549,1.054555
15309,0.555257,0.549875,nan,0.078845,nan,1.550968
15310,0.531972,0.568856,-23.321424,0.078836,60.679359,1.441139
15311,0.549108,0.612077,nan,0.078836,nan,1.494126
15312,0.436555,0.498672,-21.939465,0.078827,62.905720,1.292692
15313,0.539718,0.459161,nan,0.078827,nan,1.478239
15314,0.530761,0.637762,-22.071896,0.078818,59.379196,1.505298
15315,0.483457,0.481069,nan,0.078818,nan,1.375632
15316,0.577800,0.601102,-22.527624,0.078809,59.648834,1.566249
15317,0.452017,0.410467,nan,0.078809,nan,1.284314
15318,0.347885,0.362952,-21.724869,0.078800,60.606541,1.072809
15319,0.553223,0.538790,nan,0.078800,nan,1.505084
15320,0.438937,0.455164,-23.082293,0.078791,62.586781,1.270765
15321,0.732275,0.716738,nan,0.078791,nan,1.913454
15322,0.478132,0.474971,-22.468983,0.078782,61.681858,1.358641
15323,0.279154,0.317231,nan,0.078782,nan,0.936132
15324,0.348271,0.360569,-21.608425,0.078773,61.439533,1.099027
15325,0.452655,0.507705,nan,0.078773,nan,1.306555
15326,0.553558,0.654593,-22.000374,0.078764,60.092590,1.506904
15327,0.621539,0.598213,nan,0.078764,nan,1.670410
15328,0.520983,0.629199,-21.905449,0.078755,62.459938,1.462159
15329,0.428594,0.461026,nan,0.078755,nan,1.242630
15330,0.413751,0.428181,-22.920387,0.078746,63.419735,1.237476
15331,0.528062,0.474250,nan,0.078746,nan,1.479374
15332,0.488099,0.487544,-23.196976,0.078737,61.830238,1.400193
15333,0.463144,0.427473,nan,0.078737,nan,1.345767
15334,0.680992,0.650157,-22.640766,0.078728,60.974846,1.771160
15335,0.486284,0.354619,nan,0.078728,nan,1.389828
15336,0.448313,0.412980,-23.332878,0.078719,60.984634,1.314675
15337,0.327133,0.372001,nan,0.078719,nan,1.031356
15338,0.337576,0.431714,-22.496639,0.078710,61.864399,1.075214
15339,0.465542,0.442181,nan,0.078710,nan,1.346306
15340,0.730860,0.628687,-23.010952,0.078701,62.355568,1.928130
15341,0.400483,0.361231,nan,0.078701,nan,1.214463
15342,0.413304,0.334799,-22.604187,0.078692,63.675758,1.239910
15343,0.663129,0.624458,nan,0.078692,nan,1.749032
15344,0.379429,0.330426,-21.578766,0.078683,61.252518,1.154950
15345,0.457024,0.451084,nan,0.078683,nan,1.334718
15346,0.515509,0.431518,-22.390629,0.078674,60.404980,1.479405
15347,0.456926,0.494837,nan,0.078674,nan,1.294371
15348,0.847256,0.891500,-23.041437,0.078665,62.178429,2.137109
15349,0.628423,0.477004,nan,0.078665,nan,1.704532
15350,0.791351,0.529141,-21.877399,0.078656,61.575062,2.027514
15351,0.548018,0.487434,nan,0.078656,nan,1.523382
15352,0.690938,0.635524,-22.188648,0.078647,60.100563,1.814943
15353,0.694190,0.520876,nan,0.078647,nan,1.808454
15354,0.352473,0.362096,-21.633184,0.078638,62.807903,1.075385
15355,0.611971,0.523358,nan,0.078638,nan,1.647801
15356,0.541632,0.534438,-22.549747,0.078629,61.672989,1.467843
15357,0.642672,0.643577,nan,0.078629,nan,1.696661
15358,0.367445,0.396455,-21.582705,0.078620,62.627190,1.107169
15359,0.474366,0.443374,nan,0.078620,nan,1.338509
15360,0.535794,0.524569,-22.814529,0.078611,62.464417,1.485703
15361,0.720300,0.692443,nan,0.078611,nan,1.874917
15362,0.713035,0.652475,-22.636385,0.078601,62.861275,1.846788
15363,0.277510,0.276494,nan,0.078601,nan,0.958254
15364,0.467714,0.518905,-22.617752,0.078592,60.197178,1.328761
15365,0.688078,0.678981,nan,0.078592,nan,1.829768
15366,0.433884,0.470277,-22.318192,0.078583,61.100513,1.273820
15367,0.351479,0.355202,nan,0.078583,nan,1.127429
15368,0.838149,0.763629,-22.370651,0.078574,61.937485,2.129139
15369,0.390306,0.434488,nan,0.078574,nan,1.186053
15370,0.450954,0.464944,-23.068035,0.078565,61.266335,1.325406
15371,0.427672,0.489506,nan,0.078565,nan,1.265487
15372,0.496444,0.649940,-21.950104,0.078556,59.883003,1.402346
15373,0.524424,0.555125,nan,0.078556,nan,1.434747
15374,0.294704,0.273036,-22.405596,0.078547,63.119144,0.962252
15375,0.366283,0.336494,nan,0.078547,nan,1.135459
15376,0.537173,0.557004,-22.601833,0.078538,60.933159,1.499355
15377,0.525892,0.457617,nan,0.078538,nan,1.480967
15378,0.567883,0.721913,-22.759766,0.078530,61.713593,1.593736
15379,0.597771,0.583925,nan,0.078530,nan,1.650785
15380,0.639858,0.635903,-23.334801,0.078521,62.294846,1.722373
15381,0.826201,0.809895,nan,0.078521,nan,2.095506
15382,0.647723,0.684373,-22.477043,0.078512,61.276661,1.734672
15383,0.559430,0.610750,nan,0.078512,nan,1.529254
15384,0.486473,0.408217,-22.377609,0.078503,63.045300,1.366201
15385,0.688717,0.558118,nan,0.078503,nan,1.844137
15386,0.467906,0.373740,-23.576134,0.078494,62.220383,1.319468
15387,0.461441,0.434978,nan,0.078494,nan,1.347951
15388,0.556845,0.627479,-23.013006,0.078484,64.287628,1.517254
15389,0.733935,0.686140,nan,0.078484,nan,1.910185
15390,0.446283,0.434956,-23.495251,0.078475,62.014786,1.318433
15391,0.747614,0.562958,nan,0.078475,nan,1.942112
15392,0.378860,0.365354,-22.383709,0.078466,61.373421,1.176736
15393,0.489951,0.501258,nan,0.078466,nan,1.394598
15394,0.597928,0.595238,-23.559853,0.078457,62.764977,1.603435
15395,0.566883,0.490106,nan,0.078457,nan,1.554435
15396,0.603397,0.557638,-22.405048,0.078448,61.890263,1.625796
15397,0.551421,0.579238,nan,0.078448,nan,1.533047
15398,0.870587,0.779180,-24.585857,0.078439,62.156647,2.175920
15399,0.461010,0.543408,nan,0.078439,nan,1.342085
15400,0.726368,0.694709,-22.856888,0.078430,62.635647,1.892790
15401,0.654135,0.607925,nan,0.078430,nan,1.746233
15402,0.797710,0.530521,-22.260742,0.078421,62.117790,2.061125
15403,0.823807,0.764851,nan,0.078421,nan,2.085781
15404,0.640481,0.444191,-21.860504,0.078412,62.427559,1.714370
15405,0.705930,0.639092,nan,0.078412,nan,1.872218
15406,0.471415,0.406680,-21.572330,0.078403,63.687943,1.361811
15407,0.855931,0.863330,nan,0.078403,nan,2.201095
15408,0.851001,0.756960,-23.349579,0.078394,59.984718,2.182900
15409,0.546894,0.591268,nan,0.078394,nan,1.516972
15410,0.570532,0.550364,-22.410984,0.078385,61.025764,1.563271
15411,0.610274,0.432576,nan,0.078385,nan,1.666845
15412,0.424209,0.388750,-22.160862,0.078376,60.800900,1.231171
15413,0.451972,0.556578,nan,0.078376,nan,1.349674
15414,0.433550,0.593506,-22.876535,0.078367,61.257103,1.267844
15415,0.559574,0.440750,nan,0.078367,nan,1.569744
15416,0.578202,0.458842,-22.677010,0.078358,60.266319,1.598236
15417,0.439535,0.431944,nan,0.078358,nan,1.269393
15418,0.394622,0.301263,-22.239639,0.078349,59.816360,1.212505
15419,0.425063,0.432752,nan,0.078349,nan,1.276219
15420,0.618203,0.523760,-22.899586,0.078341,60.335457,1.662489
15421,0.720966,0.759511,nan,0.078341,nan,1.888758
15422,0.338175,0.553647,-21.861217,0.078332,62.491749,1.075081
15423,0.323816,0.354648,nan,0.078332,nan,1.032920
15424,0.529596,0.705532,-21.090698,0.078323,61.946102,1.489574
15425,0.595273,0.759442,nan,0.078323,nan,1.614370
15426,0.788771,0.696856,-23.269930,0.078314,62.583328,2.019941
15427,0.678844,0.640785,nan,0.078314,nan,1.770169
15428,0.540158,0.681469,-22.437815,0.078305,62.081360,1.480804
15429,0.398475,0.475942,nan,0.078305,nan,1.171297
15430,0.623691,0.582310,-22.927673,0.078296,61.870781,1.677080
15431,0.857038,0.943455,nan,0.078296,nan,2.133029
15432,0.439992,0.429359,-22.140522,0.078287,61.802219,1.290328
15433,0.539372,0.583808,nan,0.078287,nan,1.505383
15434,0.465762,0.427650,-22.760201,0.078278,60.568848,1.355208
15435,0.521457,0.561756,nan,0.078278,nan,1.465780
15436,0.484472,0.373766,-23.741959,0.078269,61.126366,1.415673
15437,0.673215,0.601939,nan,0.078269,nan,1.770506
15438,0.533130,0.519666,-23.032913,0.078260,61.726849,1.474142
15439,0.590619,0.516125,nan,0.078260,nan,1.594015
15440,0.555428,0.562871,-22.714466,0.078251,60.408173,1.484491
15441,0.595215,0.569759,nan,0.078251,nan,1.622137
15442,0.512713,0.488491,-23.184208,0.078243,61.722260,1.446186
15443,0.640428,0.620736,nan,0.078243,nan,1.698701
15444,0.415951,0.519859,-22.875597,0.078234,60.899410,1.225408
15445,0.462784,0.451694,nan,0.078234,nan,1.319640
15446,0.574759,0.569283,-23.943016,0.078225,62.132507,1.566921
15447,0.465909,0.642906,nan,0.078225,nan,1.312672
15448,0.448457,0.475576,-23.274567,0.078216,62.490692,1.295083
15449,0.404031,0.385168,nan,0.078216,nan,1.171789
15450,0.605789,0.570333,-23.133671,0.078207,61.496986,1.619609
15451,0.574858,0.588775,nan,0.078207,nan,1.587736
15452,0.582271,0.564472,-22.725498,0.078198,62.677155,1.569273
15453,0.662881,0.638850,nan,0.078198,nan,1.739566
15454,0.342118,0.366949,-22.904440,0.078189,62.229736,1.026487
15455,0.396401,0.438715,nan,0.078189,nan,1.167179
15456,0.828428,0.754021,-23.839504,0.078180,60.465733,2.070949
15457,0.614863,0.627594,nan,0.078180,nan,1.637256
15458,0.366778,0.428698,-22.610844,0.078171,60.731922,1.119763
15459,0.419088,0.446247,nan,0.078171,nan,1.215032
15460,0.617334,0.515404,-23.024748,0.078162,62.318321,1.643834
15461,0.412587,0.425398,nan,0.078162,nan,1.256474
15462,0.439556,0.485081,-23.935661,0.078154,61.272232,1.272540
15463,0.841362,0.785800,nan,0.078154,nan,2.108767
15464,0.747389,0.704295,-23.683456,0.078145,64.420639,1.921505
15465,0.538925,0.527908,nan,0.078145,nan,1.490177
15466,0.604509,0.324935,-21.225536,0.078136,62.546841,1.599994
15467,0.802847,0.517668,nan,0.078136,nan,2.013565
15468,0.610417,0.514057,-23.076714,0.078127,60.956848,1.571889
15469,0.767229,0.426081,nan,0.078127,nan,1.999601
15470,0.768885,0.433177,-23.519184,0.078118,65.363373,1.983009
15471,1.102499,0.773712,nan,0.078118,nan,2.686828
15472,0.978331,0.679100,-23.993488,0.078109,61.658562,2.419943
15473,0.553945,0.559676,nan,0.078109,nan,1.534574
15474,0.448837,0.392769,-22.757826,0.078100,62.793388,1.309347
15475,0.880073,0.702705,nan,0.078100,nan,2.185152
15476,0.695955,0.599553,-24.428591,0.078091,62.254253,1.796740
15477,0.819879,0.713713,nan,0.078091,nan,2.081048
15478,0.694445,0.663952,-23.056377,0.078082,62.473892,1.766030
15479,0.507846,0.443023,nan,0.078082,nan,1.412865
15480,0.789726,0.876204,-23.455151,0.078073,63.777649,2.002644
15481,0.390550,0.317320,nan,0.078073,nan,1.142463
15482,0.411755,0.425287,-23.550671,0.078064,61.870850,1.210432
15483,0.512339,0.546648,nan,0.078064,nan,1.417772
15484,0.426953,0.635591,-23.823195,0.078055,62.228714,1.246804
15485,0.514312,0.458130,nan,0.078055,nan,1.431572
15486,0.315599,0.287316,-23.157850,0.078046,60.365463,1.023244
15487,0.531322,0.491021,nan,0.078046,nan,1.442627
15488,0.368550,0.414101,-23.478188,0.078037,63.160824,1.095214
15489,0.388986,0.451110,nan,0.078037,nan,1.133061
15490,0.525700,0.462098,-23.028099,0.078028,62.892136,1.455776
15491,0.537916,0.493407,nan,0.078028,nan,1.502273
15492,0.636209,0.532313,-23.853271,0.078019,62.473686,1.677042
15493,0.676604,0.600985,nan,0.078019,nan,1.804178
15494,0.866884,0.704448,-24.032726,0.078010,63.556602,2.176673
15495,0.698558,0.627881,nan,0.078010,nan,1.835282
15496,0.391027,0.369739,-22.952993,0.078002,62.367882,1.160863
15497,0.705614,0.676495,nan,0.078002,nan,1.812057
15498,0.696461,0.636564,-23.926723,0.077993,62.082691,1.789038
15499,0.516086,0.528254,nan,0.077993,nan,1.443974
15500,0.385451,0.348080,-22.980848,0.077984,63.485126,1.153367
15501,0.689195,0.635430,nan,0.077984,nan,1.786571
15502,0.482930,0.442519,-23.736719,0.077975,62.490456,1.385062
15503,0.448579,0.463622,nan,0.077975,nan,1.312025
15504,0.384915,0.363222,-24.623306,0.077966,62.664772,1.175557
15505,0.444663,0.368862,nan,0.077966,nan,1.318031
15506,0.632116,0.613951,-23.224335,0.077957,63.213737,1.674306
15507,0.732920,0.599718,nan,0.077957,nan,1.888590
15508,0.413350,0.413044,-23.909958,0.077948,61.614677,1.193848
15509,0.581056,0.404082,nan,0.077948,nan,1.572677
15510,0.566875,0.501431,-23.485323,0.077939,62.678673,1.530099
15511,0.600379,0.494344,nan,0.077939,nan,1.609181
15512,0.456536,0.371262,-23.031973,0.077930,60.113579,1.310238
15513,0.588433,0.415277,nan,0.077930,nan,1.585682
15514,0.645691,0.464754,-23.340359,0.077921,62.269669,1.739100
15515,0.413195,0.391465,nan,0.077921,nan,1.230824
15516,0.716666,0.724570,-23.664236,0.077912,61.641056,1.860340
15517,0.551279,0.651693,nan,0.077912,nan,1.497656
15518,0.374918,0.395588,-23.986115,0.077903,63.053123,1.104168
15519,0.573767,0.624617,nan,0.077903,nan,1.532091
15520,0.604795,0.787016,-23.611774,0.077894,63.003944,1.623583
15521,0.491240,0.503493,nan,0.077894,nan,1.398779
15522,0.419586,0.377362,-23.214359,0.077885,61.775925,1.234948
15523,0.416070,0.437277,nan,0.077885,nan,1.226793
15524,0.527872,0.453491,-24.300571,0.077876,63.115299,1.458937
15525,0.437682,0.448357,nan,0.077876,nan,1.242946
15526,0.460366,0.424820,-24.549927,0.077868,64.676254,1.311319
15527,0.388014,0.400072,nan,0.077868,nan,1.156488
15528,0.542867,0.561374,-24.076571,0.077859,62.028938,1.448565
15529,0.592286,0.568194,nan,0.077859,nan,1.600650
15530,0.370289,0.384345,-23.466024,0.077850,63.386272,1.110678
15531,0.430302,0.434588,nan,0.077850,nan,1.255062
15532,0.477648,0.519313,-24.891842,0.077841,62.423138,1.347421
15533,0.535999,0.494219,nan,0.077841,nan,1.504132
15534,0.683610,0.603754,-23.051044,0.077832,59.198029,1.808331
15535,0.611231,0.550472,nan,0.077832,nan,1.643963
15536,0.706878,0.562712,-23.570404,0.077823,64.420273,1.857771
15537,0.573889,0.560739,nan,0.077823,nan,1.537401
15538,0.407752,0.428651,-24.119083,0.077814,61.985733,1.190459
15539,0.435828,0.431523,nan,0.077814,nan,1.254738
15540,0.465786,0.427123,-22.635864,0.077805,60.665150,1.325892
15541,0.347068,0.346760,nan,0.077805,nan,1.057910
15542,0.459385,0.436200,-23.630680,0.077796,63.096577,1.280906
15543,0.379679,0.414393,nan,0.077796,nan,1.115976
15544,0.456834,0.439220,-23.970875,0.077787,62.011131,1.289869
15545,0.659399,0.692090,nan,0.077787,nan,1.721721
15546,0.621127,0.648312,-24.258240,0.077778,62.390289,1.665906
15547,0.608314,0.633892,nan,0.077778,nan,1.645061
15548,0.469407,0.518994,-24.734825,0.077770,63.851723,1.320588
15549,0.550483,0.564072,nan,0.077770,nan,1.479031
15550,0.480724,0.550980,-23.520237,0.077761,63.788300,1.352395
15551,0.461636,0.354423,nan,0.077761,nan,1.298215
15552,0.460671,0.533043,-23.721640,0.077752,60.511368,1.301933
15553,0.481615,0.465662,nan,0.077752,nan,1.340787
15554,0.734758,0.764754,-24.197044,0.077743,61.217667,1.905873
15555,0.535435,0.496212,nan,0.077743,nan,1.478923
15556,0.684103,0.759177,-23.638464,0.077734,62.219734,1.781281
15557,0.509838,0.577385,nan,0.077734,nan,1.400826
15558,0.427375,0.453014,-23.804901,0.077725,63.009644,1.208225
15559,0.647518,0.492912,nan,0.077725,nan,1.715932
15560,0.385233,0.350929,-23.916954,0.077716,61.087791,1.168153
15561,0.427136,0.472471,nan,0.077716,nan,1.237027
15562,0.827533,0.876771,-24.237629,0.077707,64.716202,2.058319
15563,0.565132,0.531499,nan,0.077707,nan,1.553660
15564,0.396913,0.404568,-22.492584,0.077699,61.713120,1.188652
15565,0.501959,0.353101,nan,0.077699,nan,1.435196
15566,0.284599,0.408976,-24.146536,0.077690,61.902561,0.956682
15567,0.605244,0.638127,nan,0.077690,nan,1.615155
15568,0.335472,0.362359,-23.078106,0.077681,63.426804,1.031398
15569,0.758851,0.801333,nan,0.077681,nan,1.918036
15570,0.356937,0.304427,-23.995565,0.077672,60.995640,1.064457
15571,0.502515,0.474831,nan,0.077672,nan,1.414981
15572,0.447302,0.386449,-23.371244,0.077663,63.573601,1.284828
15573,0.359415,0.290449,nan,0.077663,nan,1.107573
15574,0.530723,0.428295,-23.612518,0.077654,64.211174,1.468301
15575,0.458816,0.354249,nan,0.077654,nan,1.332107
15576,0.491481,0.441008,-23.866816,0.077645,61.872955,1.387742
15577,0.546965,0.438417,nan,0.077645,nan,1.512177
15578,0.581736,0.539894,-23.519661,0.077637,61.894531,1.561530
15579,0.354557,0.356974,nan,0.077637,nan,1.089132
15580,0.314112,0.283068,-24.137783,0.077628,61.653347,1.005093
15581,1.241608,1.209273,nan,0.077628,nan,2.907104
15582,0.535430,0.564997,-23.286427,0.077619,61.346390,1.464403
15583,0.361721,0.380951,nan,0.077619,nan,1.098031
15584,1.157240,1.097144,-23.366053,0.077610,63.886833,2.745252
15585,0.591440,0.532228,nan,0.077610,nan,1.589339
15586,0.532425,0.522311,-24.498392,0.077601,61.785492,1.447065
15587,0.432614,0.331020,nan,0.077601,nan,1.269230
15588,0.641519,0.606686,-23.296358,0.077592,62.504387,1.685428
15589,0.739969,0.692873,nan,0.077592,nan,1.908020
15590,0.434214,0.342044,-23.942478,0.077583,61.406685,1.250312
15591,0.429840,0.413920,nan,0.077583,nan,1.217496
15592,0.495098,0.460848,-23.063761,0.077575,62.896378,1.384466
15593,0.387177,0.320807,nan,0.077575,nan,1.155434
15594,1.154797,0.891988,-22.837978,0.077566,61.444283,2.765234
15595,0.427733,0.352491,nan,0.077566,nan,1.252659
15596,0.573209,0.500597,-23.382202,0.077557,64.814827,1.570191
15597,0.555075,0.400153,nan,0.077557,nan,1.530129
15598,0.593040,0.360723,-24.079374,0.077548,61.962105,1.628521
15599,0.768990,0.651863,nan,0.077548,nan,1.944444
15600,0.791265,0.744937,-23.812050,0.077539,62.708897,1.967590
