update_num,q1_loss,q2_loss,actor_loss,alpha,entropy,td_error
1,0.732702,0.737889,nan,0.200000,nan,1.935179
2,0.638509,0.643278,1.368025,0.200020,-6.678075,1.731742
3,0.742332,0.743450,nan,0.200020,nan,1.938506
4,0.654351,0.653401,1.540042,0.200040,-7.517442,1.751468
5,0.626125,0.622298,nan,0.200040,nan,1.715589
6,0.549724,0.547085,1.622592,0.200060,-7.894057,1.532633
7,0.660810,0.660027,nan,0.200060,nan,1.771990
8,0.592686,0.593135,1.725411,0.200080,-8.385986,1.588422
9,0.647552,0.648732,nan,0.200080,nan,1.706798
10,0.610655,0.611696,1.612841,0.200100,-7.802417,1.671591
11,0.657801,0.659292,nan,0.200100,nan,1.769396
12,0.708997,0.709270,1.296202,0.200119,-6.177641,1.883403
13,0.581292,0.581147,nan,0.200119,nan,1.612777
14,0.778688,0.778204,1.786547,0.200139,-8.583727,2.007362
15,0.672455,0.671809,nan,0.200139,nan,1.815775
16,0.457728,0.457747,1.517962,0.200158,-7.149154,1.313481
17,0.632594,0.633459,nan,0.200158,nan,1.697746
18,0.650023,0.649780,1.861441,0.200178,-8.831974,1.755683
19,0.660457,0.660703,nan,0.200178,nan,1.794068
20,0.493684,0.493064,1.469319,0.200198,-6.776066,1.422093
21,0.543491,0.542728,nan,0.200198,nan,1.551980
22,0.581680,0.581011,1.395003,0.200216,-6.372712,1.612963
23,0.712891,0.712901,nan,0.200216,nan,1.886827
24,0.635522,0.637294,1.327102,0.200234,-5.829961,1.758305
25,0.805740,0.805901,nan,0.200234,nan,2.096898
26,0.673723,0.672514,1.453001,0.200252,-6.440384,1.800061
27,0.618678,0.616989,nan,0.200252,nan,1.705029
28,0.765765,0.763445,1.632441,0.200270,-7.113975,2.003826
29,0.624256,0.624376,nan,0.200270,nan,1.712356
30,0.625507,0.627332,1.560532,0.200288,-6.553156,1.705347
31,0.624806,0.624720,nan,0.200288,nan,1.694462
32,0.680558,0.679556,1.954102,0.200306,-8.335678,1.814902
33,0.595617,0.592799,nan,0.200306,nan,1.647412
34,0.483001,0.482572,1.737219,0.200325,-7.137437,1.398836
35,0.523233,0.523839,nan,0.200325,nan,1.467994
36,0.607292,0.609243,1.344424,0.200342,-4.972323,1.671184
37,0.561852,0.561024,nan,0.200342,nan,1.530176
38,0.509045,0.506196,1.783784,0.200359,-7.099524,1.453544
39,0.536037,0.529998,nan,0.200359,nan,1.475954
40,0.742259,0.736540,1.277558,0.200375,-4.408809,1.951796
41,0.539137,0.536894,nan,0.200375,nan,1.508260
42,0.464525,0.463313,1.327302,0.200389,-4.164072,1.343980
43,0.633542,0.632323,nan,0.200389,nan,1.711277
44,0.594264,0.596330,2.300396,0.200405,-8.951447,1.639057
45,0.662277,0.658342,nan,0.200405,nan,1.786683
46,0.469290,0.462062,1.679463,0.200419,-5.444194,1.369216
47,0.533415,0.526455,nan,0.200419,nan,1.486376
48,0.415936,0.408183,2.139907,0.200435,-7.922085,1.279905
49,0.598622,0.594570,nan,0.200435,nan,1.646551
50,0.495445,0.493291,1.949134,0.200451,-6.214377,1.418606
51,0.477589,0.476409,nan,0.200451,nan,1.385139
52,0.444096,0.442721,2.028732,0.200466,-6.684728,1.323714
53,0.535576,0.533512,nan,0.200466,nan,1.505673
54,0.583272,0.580503,2.157472,0.200483,-7.096468,1.620136
55,0.470600,0.463521,nan,0.200483,nan,1.382662
56,0.598537,0.593094,2.661472,0.200500,-9.351297,1.642518
57,0.456151,0.454262,nan,0.200500,nan,1.323961
58,0.413671,0.409985,1.975739,0.200517,-5.873946,1.239883
59,0.443461,0.441811,nan,0.200517,nan,1.317348
60,0.576994,0.575602,2.125757,0.200534,-6.700650,1.592937
61,0.496007,0.499343,nan,0.200534,nan,1.412388
62,0.501555,0.501219,2.410286,0.200552,-8.611325,1.450430
63,0.442191,0.440634,nan,0.200552,nan,1.323435
64,0.436286,0.434071,2.236459,0.200570,-7.237087,1.299882
65,0.500388,0.499227,nan,0.200570,nan,1.454825
66,0.379300,0.377864,2.597216,0.200589,-8.929375,1.158108
67,0.326184,0.324290,nan,0.200589,nan,1.026638
68,0.570842,0.568798,1.991256,0.200607,-5.740289,1.582793
69,0.402195,0.400939,nan,0.200607,nan,1.199236
70,0.493712,0.492928,2.864332,0.200627,-9.351738,1.394372
71,0.413231,0.412866,nan,0.200627,nan,1.222631
72,0.493800,0.491406,2.337060,0.200646,-7.021772,1.414839
73,0.364390,0.362459,nan,0.200646,nan,1.134459
74,0.365549,0.364147,2.436707,0.200665,-6.620194,1.155307
75,0.302283,0.300382,nan,0.200665,nan,0.993638
76,0.457574,0.451081,3.061683,0.200685,-9.148462,1.324899
77,0.372500,0.369256,nan,0.200685,nan,1.132226
78,0.395357,0.395148,2.460032,0.200704,-6.018961,1.199816
79,0.456763,0.455318,nan,0.200704,nan,1.318407
80,0.341186,0.335285,1.975098,0.200721,-4.892386,1.059572
81,0.482729,0.482901,nan,0.200721,nan,1.392552
82,0.438911,0.434727,2.654211,0.200740,-8.442662,1.309502
83,0.491448,0.489632,nan,0.200740,nan,1.402994
84,0.435514,0.435325,2.310220,0.200758,-7.197157,1.293439
85,0.425286,0.423143,nan,0.200758,nan,1.278860
86,0.332690,0.328944,1.993960,0.200776,-6.029863,1.049806
87,0.277919,0.275291,nan,0.200776,nan,0.932016
88,0.371140,0.369015,2.670883,0.200794,-7.408988,1.114992
89,0.435102,0.431333,nan,0.200794,nan,1.291735
90,0.512845,0.507248,2.565727,0.200812,-7.195163,1.441817
91,0.538349,0.534353,nan,0.200812,nan,1.537259
92,0.416419,0.411170,3.323113,0.200831,-9.392039,1.224681
93,0.438369,0.434681,nan,0.200831,nan,1.306158
94,0.408549,0.405999,3.156172,0.200851,-7.950200,1.247419
95,0.321135,0.316808,nan,0.200851,nan,1.056964
96,0.379131,0.375589,3.345330,0.200871,-8.517599,1.150398
97,0.400091,0.397260,nan,0.200871,nan,1.193275
98,0.378662,0.376394,3.338775,0.200892,-8.769056,1.174377
99,0.395935,0.394063,nan,0.200892,nan,1.193376
100,0.335193,0.334046,3.060956,0.200913,-7.306345,1.075776
101,0.340505,0.336985,nan,0.200913,nan,1.085653
102,0.332873,0.328572,2.683105,0.200932,-5.163166,1.029774
103,0.372790,0.368176,nan,0.200932,nan,1.167323
104,0.350252,0.346906,2.829784,0.200951,-6.986724,1.097044
105,0.432022,0.434502,nan,0.200951,nan,1.281999
106,0.346438,0.344296,3.530717,0.200972,-9.938913,1.112184
107,0.335137,0.332582,nan,0.200972,nan,1.026407
108,0.406360,0.405688,2.955669,0.200991,-6.052981,1.240738
109,0.304680,0.302035,nan,0.200991,nan,0.993482
110,0.455504,0.451834,2.943791,0.201010,-6.176194,1.351447
111,0.392730,0.394014,nan,0.201010,nan,1.183824
112,0.374726,0.377573,2.884837,0.201028,-6.403399,1.173730
113,0.395744,0.400658,nan,0.201028,nan,1.192070
114,0.378065,0.377413,2.905191,0.201046,-5.421739,1.172484
115,0.306141,0.304330,nan,0.201046,nan,1.018487
116,0.370896,0.368764,3.094936,0.201063,-6.868493,1.131470
117,0.432638,0.430136,nan,0.201063,nan,1.271127
118,0.354818,0.353742,3.345502,0.201081,-9.155722,1.136245
119,0.446581,0.443660,nan,0.201081,nan,1.302554
120,0.354052,0.352699,2.629489,0.201098,-4.998668,1.107015
121,0.315653,0.316155,nan,0.201098,nan,1.028415
122,0.378003,0.376978,2.645610,0.201114,-4.929035,1.175023
123,0.376580,0.375825,nan,0.201114,nan,1.181909
124,0.376406,0.372455,3.345961,0.201130,-8.391901,1.154909
125,0.267798,0.268006,nan,0.201130,nan,0.920789
126,0.313039,0.311652,3.203792,0.201148,-7.645482,1.048964
127,0.318995,0.317530,nan,0.201148,nan,1.064944
128,0.285662,0.286720,3.250008,0.201165,-7.690965,0.961987
129,0.323260,0.326795,nan,0.201165,nan,1.053834
130,0.349469,0.352319,2.949462,0.201183,-6.576352,1.099526
131,0.282444,0.279579,nan,0.201183,nan,0.944733
132,0.396330,0.398678,3.206880,0.201201,-8.513397,1.209685
133,0.480309,0.487291,nan,0.201201,nan,1.431092
134,0.331569,0.328415,2.719839,0.201219,-7.629940,1.056672
135,0.384077,0.380197,nan,0.201219,nan,1.205417
136,0.303572,0.291624,3.074830,0.201238,-7.458744,1.029329
137,0.335348,0.333009,nan,0.201238,nan,1.079337
138,0.417657,0.413735,2.577700,0.201255,-5.143030,1.207121
139,0.468871,0.468099,nan,0.201255,nan,1.406426
140,0.312759,0.312078,2.976746,0.201272,-5.657243,1.054144
141,0.230355,0.230105,nan,0.201272,nan,0.808210
142,0.353411,0.355528,2.901621,0.201287,-4.690456,1.126803
143,0.321153,0.320722,nan,0.201287,nan,1.051206
144,0.423707,0.424891,3.196758,0.201302,-6.650040,1.277907
145,0.407642,0.408183,nan,0.201302,nan,1.238365
146,0.364860,0.363318,3.616327,0.201318,-7.575472,1.153727
147,0.350607,0.352705,nan,0.201318,nan,1.125080
148,0.542878,0.531730,3.316419,0.201334,-7.434954,1.521031
149,0.394082,0.398407,nan,0.201334,nan,1.221116
150,0.261720,0.261831,2.840032,0.201349,-5.782520,0.926761
151,0.448768,0.452440,nan,0.201349,nan,1.311119
152,0.210456,0.211956,3.125252,0.201365,-6.383013,0.782993
153,0.417128,0.416804,nan,0.201365,nan,1.251644
154,0.310103,0.309329,3.569273,0.201380,-6.952193,1.045635
155,0.286649,0.284585,nan,0.201380,nan,0.966833
156,0.243772,0.251178,3.484914,0.201395,-6.408757,0.902854
157,0.377350,0.380191,nan,0.201395,nan,1.171668
158,0.319457,0.319175,3.894262,0.201413,-9.665045,1.046073
159,0.357844,0.361446,nan,0.201413,nan,1.122814
160,0.167333,0.169309,3.521271,0.201429,-6.365551,0.700849
161,0.331898,0.332116,nan,0.201429,nan,1.032052
162,0.293811,0.291970,3.433686,0.201447,-7.433679,0.991449
163,0.313330,0.309511,nan,0.201447,nan,1.028247
164,0.317115,0.317867,3.203857,0.201463,-6.257626,1.062142
165,0.323989,0.322680,nan,0.201463,nan,1.083198
166,0.278135,0.278607,3.272880,0.201480,-6.772447,0.962655
167,0.349458,0.345754,nan,0.201480,nan,1.110775
168,0.385564,0.384401,3.296414,0.201496,-5.452534,1.161904
169,0.260800,0.255169,nan,0.201496,nan,0.925997
170,0.350793,0.350179,3.934249,0.201513,-7.814460,1.092279
171,0.431439,0.430905,nan,0.201513,nan,1.285327
172,0.316730,0.321738,3.442623,0.201529,-7.455132,1.006916
173,0.300274,0.301608,nan,0.201529,nan,0.992121
174,0.487302,0.472095,3.246990,0.201546,-6.506421,1.399398
175,0.356641,0.354889,nan,0.201546,nan,1.126059
176,0.323819,0.307586,3.473085,0.201563,-6.558511,1.045715
177,0.296943,0.295668,nan,0.201563,nan,0.971976
178,0.360825,0.364246,3.991036,0.201580,-8.097572,1.158637
179,0.266826,0.268782,nan,0.201580,nan,0.946243
180,0.652020,0.648472,3.892990,0.201598,-7.373945,1.743929
181,0.332111,0.331346,nan,0.201598,nan,1.084525
182,0.386436,0.386280,3.845217,0.201615,-6.506788,1.163406
183,0.401609,0.400594,nan,0.201615,nan,1.227206
184,0.308899,0.309792,3.579800,0.201632,-5.614663,1.016954
185,0.340296,0.339654,nan,0.201632,nan,1.075188
186,0.416994,0.403769,3.736946,0.201649,-7.546625,1.255327
187,0.296509,0.299453,nan,0.201649,nan,1.030069
188,0.410333,0.405474,2.775566,0.201664,-5.182325,1.205138
189,0.428480,0.425278,nan,0.201664,nan,1.291366
190,0.422188,0.420711,3.552094,0.201681,-7.397342,1.283042
191,0.320443,0.323160,nan,0.201681,nan,1.060854
192,0.376880,0.375038,3.734738,0.201697,-6.918872,1.182130
193,0.394876,0.394780,nan,0.201697,nan,1.191135
194,0.277835,0.284909,4.173761,0.201713,-6.676218,0.959159
195,0.288142,0.283728,nan,0.201713,nan,0.960190
196,0.271792,0.271597,4.401151,0.201731,-7.785066,0.950968
197,0.371621,0.368619,nan,0.201731,nan,1.151164
198,0.331108,0.330722,3.483769,0.201747,-6.058087,1.052889
199,0.457896,0.458364,nan,0.201747,nan,1.339391
200,0.448278,0.455254,3.063891,0.201764,-7.119460,1.308491
201,0.632366,0.628658,nan,0.201764,nan,1.728710
202,0.534942,0.529278,3.481351,0.201782,-8.395559,1.548880
203,0.528397,0.502822,nan,0.201782,nan,1.522651
204,0.340402,0.325185,3.518663,0.201799,-6.209787,1.081286
205,0.373407,0.369207,nan,0.201799,nan,1.147056
206,0.279218,0.273388,4.316515,0.201817,-7.611753,0.967869
207,0.370945,0.372080,nan,0.201817,nan,1.148245
208,0.433811,0.430110,3.697339,0.201834,-6.541908,1.296312
209,0.427348,0.425568,nan,0.201834,nan,1.272209
210,0.390731,0.386936,3.586151,0.201852,-8.033359,1.215725
211,0.326871,0.325239,nan,0.201852,nan,1.059833
212,0.415922,0.411198,2.732635,0.201869,-4.586606,1.247322
213,0.328477,0.333878,nan,0.201869,nan,1.039146
214,0.551583,0.549091,3.026141,0.201886,-6.919319,1.557988
215,0.436735,0.426393,nan,0.201886,nan,1.274345
216,0.528303,0.523260,3.444098,0.201903,-8.000443,1.470368
217,0.411742,0.419227,nan,0.201903,nan,1.261947
218,0.304552,0.305784,3.253852,0.201920,-5.610198,1.035511
219,0.384848,0.386017,nan,0.201920,nan,1.224040
220,0.383484,0.374333,4.421524,0.201937,-7.447062,1.201823
221,0.415133,0.409963,nan,0.201937,nan,1.239690
222,0.236334,0.243316,3.641279,0.201953,-5.091650,0.839878
223,0.460053,0.437943,nan,0.201953,nan,1.355182
224,0.307038,0.310410,3.544903,0.201967,-5.198135,1.015443
225,0.305948,0.310495,nan,0.201967,nan,0.990256
226,0.461126,0.441405,2.751370,0.201980,-3.139482,1.356373
227,0.451312,0.434432,nan,0.201980,nan,1.347357
228,0.451757,0.433932,3.430138,0.201992,-6.164474,1.341636
229,0.383538,0.371964,nan,0.201992,nan,1.150726
230,0.325227,0.319224,4.007804,0.202005,-6.841599,1.078948
231,0.431585,0.420049,nan,0.202005,nan,1.320755
232,0.334924,0.330865,3.394682,0.202016,-4.222220,1.069086
233,0.432975,0.439055,nan,0.202016,nan,1.271324
234,0.338821,0.330292,3.407972,0.202027,-5.736993,1.087620
235,0.367724,0.369673,nan,0.202027,nan,1.127481
236,0.444825,0.437693,2.895859,0.202039,-6.389019,1.331742
237,0.504000,0.482774,nan,0.202039,nan,1.454930
238,0.542540,0.538043,3.883944,0.202051,-7.385629,1.494891
239,0.407908,0.392097,nan,0.202051,nan,1.212346
240,0.328988,0.319596,4.051651,0.202066,-9.585154,1.071229
241,0.458959,0.452848,nan,0.202066,nan,1.357260
242,0.374639,0.375648,3.655797,0.202081,-6.234847,1.168787
243,0.295218,0.300447,nan,0.202081,nan,0.964781
244,0.329173,0.342569,4.058221,0.202096,-7.097673,1.056759
245,0.218045,0.222682,nan,0.202096,nan,0.807238
246,0.409113,0.397816,4.283286,0.202112,-7.209403,1.231863
247,0.484028,0.476637,nan,0.202112,nan,1.391774
248,0.277884,0.271329,3.958666,0.202127,-6.093609,0.969238
249,0.434907,0.442832,nan,0.202127,nan,1.304106
250,0.344201,0.357590,4.176395,0.202143,-7.668485,1.119379
251,0.308716,0.311468,nan,0.202143,nan,1.009081
252,0.317333,0.324620,3.597801,0.202159,-6.385915,1.069962
253,0.349218,0.365147,nan,0.202159,nan,1.086737
254,0.383271,0.387973,2.862931,0.202174,-5.365587,1.170827
255,0.397368,0.391744,nan,0.202174,nan,1.212008
256,0.314299,0.295988,3.855919,0.202189,-7.094959,1.040558
257,0.431247,0.423438,nan,0.202189,nan,1.297214
258,0.277474,0.279555,3.851572,0.202204,-6.155433,0.935122
259,0.300083,0.305577,nan,0.202204,nan,1.005896
260,0.301963,0.292787,3.850388,0.202220,-6.989550,0.991438
261,0.349160,0.345144,nan,0.202220,nan,1.100136
262,0.361560,0.344921,3.078812,0.202234,-5.571617,1.162715
263,0.442148,0.446809,nan,0.202234,nan,1.300458
264,0.469590,0.462940,3.411863,0.202249,-5.827172,1.368585
265,0.528514,0.503760,nan,0.202249,nan,1.502992
266,0.518843,0.477326,2.907855,0.202263,-5.657131,1.476869
267,0.414904,0.376286,nan,0.202263,nan,1.280501
268,0.505229,0.468641,3.404655,0.202276,-5.850017,1.433654
269,0.371751,0.361245,nan,0.202276,nan,1.156701
270,0.304516,0.305142,3.835057,0.202288,-4.691087,1.000231
271,0.405741,0.401043,nan,0.202288,nan,1.246652
272,0.472868,0.467454,4.693915,0.202301,-6.784124,1.369440
273,0.352536,0.324083,nan,0.202301,nan,1.122452
274,0.409214,0.397038,3.641981,0.202314,-6.404624,1.250077
275,0.255100,0.275959,nan,0.202314,nan,0.902022
276,0.276513,0.297196,4.218538,0.202328,-8.124299,0.929148
277,0.511842,0.492475,nan,0.202328,nan,1.484266
278,0.360670,0.337463,3.626300,0.202343,-7.120564,1.146267
279,0.407003,0.364445,nan,0.202343,nan,1.261021
280,0.308133,0.288063,4.232799,0.202358,-6.761862,1.033940
281,0.305806,0.303292,nan,0.202358,nan,0.977720
282,0.374978,0.364471,4.488996,0.202374,-7.263593,1.201040
283,0.377881,0.362649,nan,0.202374,nan,1.148523
284,0.350013,0.371071,4.130990,0.202389,-5.040512,1.144802
285,0.469653,0.443765,nan,0.202389,nan,1.370997
286,0.418834,0.401747,4.806948,0.202404,-7.565497,1.244967
287,0.333137,0.316310,nan,0.202404,nan,1.082971
288,0.334496,0.357478,3.676743,0.202421,-8.228691,1.074929
289,0.550444,0.566250,nan,0.202421,nan,1.532398
290,0.639164,0.585452,2.898318,0.202438,-6.972759,1.735093
291,0.508771,0.463001,nan,0.202438,nan,1.428460
292,0.592798,0.500288,2.937669,0.202455,-6.289976,1.642553
293,0.583632,0.483413,nan,0.202455,nan,1.618556
294,0.467295,0.414097,3.332470,0.202471,-6.045939,1.341069
295,0.394721,0.367742,nan,0.202471,nan,1.200724
296,0.403154,0.392757,4.123452,0.202487,-7.452492,1.253711
297,0.299214,0.305146,nan,0.202487,nan,0.993853
298,0.341890,0.331278,5.025653,0.202506,-9.594243,1.087743
299,0.325048,0.313296,nan,0.202506,nan,1.071164
300,0.255585,0.260095,4.111101,0.202525,-6.205344,0.899107
301,0.395798,0.418348,nan,0.202525,nan,1.205864
302,0.316845,0.342174,3.641222,0.202541,-5.084361,0.987201
303,0.454429,0.442297,nan,0.202541,nan,1.352724
304,0.295775,0.259281,4.089711,0.202558,-5.706353,0.976154
305,0.611128,0.545860,nan,0.202558,nan,1.681861
306,0.494486,0.479667,4.178220,0.202572,-4.630802,1.436069
307,0.359419,0.368004,nan,0.202572,nan,1.129712
308,0.420570,0.408716,4.045721,0.202586,-5.120117,1.286765
309,0.368697,0.359177,nan,0.202586,nan,1.157281
310,0.330790,0.364087,4.576018,0.202600,-6.364120,1.054096
311,0.510915,0.456726,nan,0.202600,nan,1.479030
312,0.269579,0.245280,4.225585,0.202614,-6.643701,0.925805
313,0.386580,0.387511,nan,0.202614,nan,1.218411
314,0.514487,0.545956,3.516201,0.202628,-6.176292,1.453683
315,0.298339,0.297618,nan,0.202628,nan,0.995934
316,0.327836,0.303403,4.395334,0.202642,-6.556247,1.048436
317,0.437385,0.406161,nan,0.202642,nan,1.318323
318,0.259063,0.259367,4.237874,0.202655,-5.306345,0.912882
319,0.338589,0.343895,nan,0.202655,nan,1.088572
320,0.414919,0.410047,3.853858,0.202668,-5.842820,1.267201
321,0.293761,0.310903,nan,0.202668,nan,0.973145
322,0.303838,0.308637,3.405525,0.202681,-4.971915,0.984980
323,0.237992,0.262117,nan,0.202681,nan,0.876921
324,0.353741,0.348462,3.888174,0.202692,-4.765071,1.070975
325,0.339725,0.335254,nan,0.202692,nan,1.045129
326,0.355072,0.330862,4.953039,0.202705,-9.036142,1.110727
327,0.311768,0.320108,nan,0.202705,nan,0.993064
328,0.241512,0.257342,3.966157,0.202717,-4.250914,0.818045
329,0.417224,0.411298,nan,0.202717,nan,1.249728
330,0.469403,0.483200,4.112667,0.202731,-8.123216,1.369822
331,0.442270,0.482610,nan,0.202731,nan,1.290319
332,0.406732,0.449516,4.360191,0.202744,-4.918511,1.228327
333,0.336414,0.339127,nan,0.202744,nan,1.063640
334,0.285179,0.275915,4.379257,0.202757,-6.767901,0.942693
335,0.358802,0.354235,nan,0.202757,nan,1.107641
336,0.378209,0.368648,3.420656,0.202769,-5.519227,1.131752
337,0.334285,0.336920,nan,0.202769,nan,1.053352
338,0.294306,0.325900,4.256451,0.202782,-6.590648,0.975289
339,0.371036,0.392467,nan,0.202782,nan,1.165044
340,0.397623,0.408592,4.170365,0.202795,-5.542359,1.191473
341,0.348800,0.350679,nan,0.202795,nan,1.095430
342,0.378586,0.387840,4.050670,0.202806,-4.523875,1.173453
343,0.571425,0.533677,nan,0.202806,nan,1.572667
344,0.445760,0.443855,4.436868,0.202818,-6.393828,1.331673
345,0.370160,0.362814,nan,0.202818,nan,1.130809
346,0.349924,0.356006,4.533350,0.202829,-5.915072,1.131579
347,0.307715,0.310677,nan,0.202829,nan,1.027389
348,0.477039,0.461925,4.173803,0.202841,-5.768101,1.374371
349,0.507054,0.511639,nan,0.202841,nan,1.442988
350,0.514841,0.512516,4.414620,0.202850,-3.134187,1.460769
351,0.461560,0.444678,nan,0.202850,nan,1.369510
352,0.356805,0.383316,5.255526,0.202861,-7.737311,1.086661
353,0.400359,0.396286,nan,0.202861,nan,1.169457
354,0.562933,0.567066,3.426170,0.202872,-5.687110,1.551155
355,0.491572,0.475605,nan,0.202872,nan,1.417763
356,0.539676,0.560464,2.781864,0.202882,-5.210072,1.528330
357,0.744150,0.746706,nan,0.202882,nan,1.931562
358,0.496647,0.488873,3.507679,0.202892,-6.005658,1.440773
359,0.595221,0.584594,nan,0.202892,nan,1.660563
360,0.415571,0.387409,3.945260,0.202902,-4.939340,1.252005
361,0.562767,0.519825,nan,0.202902,nan,1.576285
362,0.347117,0.343133,4.951996,0.202912,-6.538387,1.056909
363,0.354342,0.364276,nan,0.202912,nan,1.102951
364,0.404018,0.393440,4.670756,0.202923,-6.595584,1.210974
365,0.267225,0.289917,nan,0.202923,nan,0.908964
366,0.484540,0.506618,4.066000,0.202934,-4.768450,1.375969
367,0.405731,0.402782,nan,0.202934,nan,1.232124
368,0.401175,0.404339,4.444830,0.202944,-6.796034,1.228628
369,0.271964,0.263631,nan,0.202944,nan,0.890826
370,0.424544,0.408316,5.561895,0.202957,-7.603678,1.270802
371,0.395065,0.411764,nan,0.202957,nan,1.203458
372,0.384557,0.386100,5.398904,0.202969,-5.925807,1.193053
373,0.294669,0.295340,nan,0.202969,nan,0.991212
374,0.345637,0.368225,4.366321,0.202981,-5.812346,1.086326
375,0.523686,0.540782,nan,0.202981,nan,1.482397
376,0.442873,0.455006,3.243209,0.202992,-4.549145,1.299050
377,0.473667,0.464946,nan,0.202992,nan,1.318226
378,0.398647,0.386889,4.552138,0.203003,-5.917902,1.231750
379,0.291420,0.261755,nan,0.203003,nan,0.968079
380,0.282850,0.286129,4.738574,0.203014,-5.827919,0.960002
381,0.245121,0.243069,nan,0.203014,nan,0.869890
382,0.460917,0.448207,4.266634,0.203025,-5.890081,1.357128
383,0.453468,0.500647,nan,0.203025,nan,1.309514
384,0.550666,0.581275,2.652073,0.203035,-3.551817,1.526621
385,0.651255,0.690695,nan,0.203035,nan,1.735186
386,0.379058,0.374630,3.281972,0.203043,-5.052570,1.125935
387,0.475931,0.461723,nan,0.203043,nan,1.391422
388,0.401075,0.368905,3.630103,0.203050,-3.080871,1.211541
389,0.291173,0.279063,nan,0.203050,nan,0.982220
390,0.323728,0.305280,5.463420,0.203058,-6.598186,1.060073
391,0.600658,0.582369,nan,0.203058,nan,1.656151
392,0.543398,0.529891,4.895336,0.203065,-5.661911,1.520450
393,0.483129,0.437448,nan,0.203065,nan,1.376238
394,0.288021,0.273180,4.435269,0.203073,-5.310947,0.953926
395,0.411351,0.426790,nan,0.203073,nan,1.258283
396,0.423413,0.462880,3.322383,0.203080,-4.606674,1.278787
397,0.588317,0.564603,nan,0.203080,nan,1.603927
398,0.706128,0.656658,4.299428,0.203091,-9.283288,1.854416
399,0.587115,0.551172,nan,0.203091,nan,1.619628
400,0.342497,0.328132,3.940822,0.203101,-5.941704,1.045542
401,0.596702,0.552321,nan,0.203101,nan,1.654122
402,0.463206,0.448423,5.024442,0.203113,-7.187095,1.363889
403,0.396830,0.398541,nan,0.203113,nan,1.209809
404,0.313117,0.305156,5.167787,0.203125,-6.398707,1.059647
405,0.436660,0.429607,nan,0.203125,nan,1.304637
406,0.354482,0.359162,4.186754,0.203136,-5.384862,1.111275
407,0.477169,0.488431,nan,0.203136,nan,1.382158
408,0.351399,0.354660,4.355247,0.203148,-6.940543,1.092518
409,0.412467,0.399601,nan,0.203148,nan,1.234244
410,0.536894,0.540374,3.259391,0.203161,-5.786975,1.502477
411,0.570552,0.577954,nan,0.203161,nan,1.589723
412,0.430947,0.441321,3.170644,0.203173,-5.730778,1.278076
413,0.550104,0.557163,nan,0.203173,nan,1.537572
414,0.441058,0.457005,4.259242,0.203185,-6.501506,1.316279
415,0.377538,0.366992,nan,0.203185,nan,1.177295
416,0.370695,0.365980,3.992257,0.203195,-2.974688,1.164569
417,0.503487,0.509681,nan,0.203195,nan,1.471716
418,0.470530,0.466247,5.580987,0.203206,-6.462863,1.356071
419,0.353670,0.354819,nan,0.203206,nan,1.136368
420,0.336563,0.343799,5.311649,0.203217,-6.356688,1.045716
421,0.366391,0.379330,nan,0.203217,nan,1.147962
422,0.254488,0.256923,4.373745,0.203229,-6.571057,0.902828
423,0.274122,0.279373,nan,0.203229,nan,0.942259
424,0.366127,0.365518,4.041548,0.203242,-7.625640,1.155114
425,0.504905,0.523124,nan,0.203242,nan,1.463990
426,0.378848,0.377147,3.608212,0.203256,-7.360870,1.149609
427,0.564448,0.558652,nan,0.203256,nan,1.585932
428,0.415424,0.394932,4.024515,0.203271,-7.181727,1.246034
429,0.473022,0.474384,nan,0.203271,nan,1.365925
430,0.359114,0.371338,4.327916,0.203285,-5.842336,1.153177
431,0.319601,0.324310,nan,0.203285,nan,1.083214
432,0.348292,0.348833,3.931642,0.203299,-4.840703,1.090123
433,0.427562,0.415596,nan,0.203299,nan,1.276961
434,0.419227,0.413910,4.351607,0.203311,-4.429171,1.265534
435,0.383026,0.390901,nan,0.203311,nan,1.167932
436,0.464548,0.460000,4.356731,0.203324,-6.647929,1.339396
437,0.622101,0.614767,nan,0.203324,nan,1.676730
438,0.864631,0.836496,4.066338,0.203336,-5.330975,2.194028
439,0.544165,0.530446,nan,0.203336,nan,1.503786
440,0.348869,0.349721,3.958174,0.203347,-5.011587,1.089305
441,0.468109,0.469247,nan,0.203347,nan,1.377289
442,0.347070,0.349919,5.181410,0.203358,-6.036412,1.064308
443,0.449895,0.429011,nan,0.203358,nan,1.323935
444,0.421021,0.432745,4.251843,0.203369,-5.414321,1.245346
445,0.364480,0.356447,nan,0.203369,nan,1.144476
446,0.323723,0.334892,4.710917,0.203382,-7.722960,1.068441
447,0.599936,0.640142,nan,0.203382,nan,1.656810
448,0.488626,0.509094,3.023157,0.203395,-6.588911,1.409171
449,0.503425,0.516953,nan,0.203395,nan,1.401101
450,0.607487,0.592211,3.305767,0.203408,-5.094963,1.677446
451,0.716236,0.664643,nan,0.203408,nan,1.882237
452,0.410774,0.389965,4.581868,0.203421,-7.469893,1.242492
453,0.523967,0.507277,nan,0.203421,nan,1.484383
454,0.409178,0.410370,5.576062,0.203436,-7.150588,1.194811
455,0.346151,0.337277,nan,0.203436,nan,1.099756
456,0.368695,0.354813,4.030480,0.203451,-6.964933,1.151682
457,0.461893,0.482057,nan,0.203451,nan,1.325431
458,0.392613,0.397664,3.648942,0.203465,-5.423950,1.181337
459,0.504014,0.500296,nan,0.203465,nan,1.434755
460,0.601920,0.552175,4.077240,0.203480,-6.325441,1.679108
461,0.586981,0.532949,nan,0.203480,nan,1.629062
462,0.499542,0.441520,4.009250,0.203493,-4.362689,1.440119
463,0.510283,0.492062,nan,0.203493,nan,1.440697
464,0.375913,0.362067,3.954774,0.203504,-4.221773,1.173088
465,0.421126,0.420427,nan,0.203504,nan,1.259969
466,0.441454,0.401666,3.776107,0.203514,-3.995711,1.318708
467,0.373015,0.370798,nan,0.203514,nan,1.188886
468,0.379262,0.368287,3.760530,0.203524,-5.103051,1.152877
469,0.276710,0.255392,nan,0.203524,nan,0.945979
470,0.326653,0.321941,4.004938,0.203532,-3.959059,1.064761
471,0.487188,0.434784,nan,0.203532,nan,1.404472
472,0.465278,0.385198,2.753181,0.203537,-2.851794,1.384747
473,0.574423,0.548874,nan,0.203537,nan,1.598080
474,0.463819,0.475154,3.450839,0.203543,-5.245435,1.366155
475,0.430201,0.444991,nan,0.203543,nan,1.270175
476,0.363476,0.377240,4.329973,0.203549,-5.073641,1.145936
477,0.440180,0.431567,nan,0.203549,nan,1.318159
478,0.448072,0.456804,4.336219,0.203554,-4.517186,1.325134
479,0.363469,0.357145,nan,0.203554,nan,1.127407
480,0.409242,0.407089,4.385899,0.203560,-5.865028,1.219310
481,0.407285,0.414072,nan,0.203560,nan,1.179357
482,0.461435,0.456782,3.281297,0.203566,-6.430903,1.309377
483,0.516422,0.526160,nan,0.203566,nan,1.470820
484,0.359666,0.372532,3.335367,0.203572,-3.807588,1.135094
485,0.367629,0.390166,nan,0.203572,nan,1.165352
486,0.442608,0.449209,3.678877,0.203578,-6.023268,1.353200
487,0.393903,0.409231,nan,0.203578,nan,1.214643
488,0.405330,0.398945,4.352775,0.203584,-5.074783,1.234468
489,0.548817,0.530266,nan,0.203584,nan,1.518283
490,0.471461,0.458402,3.979965,0.203589,-3.731661,1.378921
491,0.329876,0.312486,nan,0.203589,nan,1.073851
492,0.328352,0.332833,3.590208,0.203593,-3.225950,1.079458
493,0.341021,0.345189,nan,0.203593,nan,1.134884
494,0.291483,0.300777,4.509547,0.203596,-5.708180,0.966422
495,0.311659,0.336672,nan,0.203596,nan,1.019225
496,0.317554,0.325234,4.096397,0.203602,-7.042921,1.025182
497,0.435618,0.444723,nan,0.203602,nan,1.312144
498,0.400594,0.405112,4.633670,0.203610,-7.016331,1.209895
499,0.314331,0.324058,nan,0.203610,nan,1.042229
500,0.374966,0.383674,4.784751,0.203618,-6.487798,1.154041
501,0.474493,0.458973,nan,0.203618,nan,1.394700
502,0.494206,0.484694,4.300191,0.203626,-4.978004,1.422375
503,0.462997,0.482505,nan,0.203626,nan,1.379642
504,0.368181,0.392048,3.409083,0.203634,-4.999623,1.134223
505,0.431886,0.409496,nan,0.203634,nan,1.316913
506,0.566065,0.518224,4.702812,0.203642,-5.826531,1.587657
507,0.550049,0.533569,nan,0.203642,nan,1.545918
508,0.522209,0.523049,4.486192,0.203648,-3.977933,1.456648
509,0.321545,0.332837,nan,0.203648,nan,1.043589
510,0.378526,0.407182,4.180739,0.203654,-4.148606,1.177935
511,0.384728,0.391837,nan,0.203654,nan,1.205662
512,0.349349,0.343377,4.353907,0.203659,-4.604667,1.099547
513,0.366563,0.372906,nan,0.203659,nan,1.139358
514,0.302494,0.308030,4.496099,0.203664,-4.268318,1.019171
515,0.403984,0.425291,nan,0.203664,nan,1.209508
516,0.355514,0.362846,3.402665,0.203668,-4.377362,1.133051
517,0.386889,0.379163,nan,0.203668,nan,1.192620
518,0.407949,0.402166,3.769273,0.203671,-4.350487,1.259455
519,0.508468,0.510999,nan,0.203671,nan,1.448622
520,0.330833,0.339586,3.946743,0.203676,-6.302610,1.025863
521,0.366469,0.380453,nan,0.203676,nan,1.127170
522,0.429323,0.447235,3.480160,0.203680,-4.648491,1.261076
523,0.335804,0.323877,nan,0.203680,nan,1.071158
524,0.455084,0.439343,4.327087,0.203685,-5.429090,1.347897
525,0.428041,0.418813,nan,0.203685,nan,1.265798
526,0.394091,0.406730,5.533981,0.203690,-5.624970,1.218677
527,0.409546,0.407278,nan,0.203690,nan,1.269890
528,0.329812,0.312721,4.226412,0.203697,-6.855020,1.034813
529,0.304944,0.325318,nan,0.203697,nan,0.978275
530,0.397924,0.413065,4.389787,0.203704,-5.881310,1.217332
531,0.494780,0.482366,nan,0.203704,nan,1.430028
532,0.411964,0.387676,4.650678,0.203711,-5.285888,1.258375
533,0.331538,0.315534,nan,0.203711,nan,1.074444
534,0.484534,0.497397,3.914572,0.203718,-4.365154,1.384588
535,0.362379,0.321684,nan,0.203718,nan,1.176071
536,0.359553,0.314094,5.330256,0.203724,-4.971545,1.119143
537,0.377737,0.393101,nan,0.203724,nan,1.189715
538,0.346587,0.366686,3.031358,0.203730,-5.513389,1.103925
539,0.516877,0.485462,nan,0.203730,nan,1.471802
540,0.496299,0.446780,4.171209,0.203735,-3.102069,1.403649
541,0.472720,0.430130,nan,0.203735,nan,1.393278
542,0.387451,0.357169,5.413601,0.203740,-5.217952,1.189962
543,0.328203,0.339331,nan,0.203740,nan,1.055913
544,0.409250,0.368398,4.581519,0.203742,-2.880063,1.212091
545,0.290346,0.397124,nan,0.203742,nan,0.986508
546,0.403993,0.412874,4.081604,0.203745,-4.503417,1.245600
547,0.435797,0.423828,nan,0.203745,nan,1.295666
548,0.427702,0.404590,5.243998,0.203751,-8.400550,1.265632
549,0.405767,0.327610,nan,0.203751,nan,1.220110
550,0.358341,0.249716,5.120587,0.203758,-6.972144,1.133266
551,0.323394,0.349188,nan,0.203758,nan,1.023754
552,0.413416,0.420011,5.518299,0.203766,-6.287316,1.253859
553,0.439448,0.495443,nan,0.203766,nan,1.308438
554,0.387230,0.454877,4.193247,0.203776,-6.820342,1.214011
555,0.302557,0.398322,nan,0.203776,nan,1.013255
556,0.534838,0.582130,3.643862,0.203786,-5.710363,1.490435
557,0.463006,0.474554,nan,0.203786,nan,1.354831
558,0.396430,0.391120,4.721002,0.203794,-4.228988,1.216531
559,0.395949,0.390183,nan,0.203794,nan,1.188904
560,0.326124,0.317899,4.694824,0.203803,-6.072833,1.085707
561,0.393493,0.382762,nan,0.203803,nan,1.206029
562,0.497337,0.490190,5.283481,0.203813,-6.460059,1.418448
563,0.386446,0.383112,nan,0.203813,nan,1.195183
564,0.424990,0.444846,3.509645,0.203823,-5.398678,1.257367
565,0.349064,0.358124,nan,0.203823,nan,1.121381
566,0.654314,0.675259,3.098682,0.203831,-4.235608,1.769650
567,0.518085,0.523274,nan,0.203831,nan,1.467294
568,0.399736,0.394187,3.971633,0.203838,-3.359313,1.151019
569,0.445391,0.437724,nan,0.203838,nan,1.310565
570,0.499805,0.479017,5.127892,0.203844,-4.972821,1.409795
571,0.304484,0.284752,nan,0.203844,nan,0.986192
572,0.349603,0.386082,5.109893,0.203850,-4.794263,1.127864
573,0.379446,0.368725,nan,0.203850,nan,1.147313
574,0.457914,0.466446,4.119819,0.203854,-2.900616,1.337430
575,0.464645,0.504788,nan,0.203854,nan,1.360086
576,0.636117,0.634107,3.948643,0.203858,-5.050050,1.714714
577,0.414956,0.435725,nan,0.203858,nan,1.263178
578,0.332052,0.324767,3.994000,0.203861,-3.382602,1.029046
579,0.264758,0.272510,nan,0.203861,nan,0.897329
580,0.407178,0.404875,3.008473,0.203863,-4.796455,1.282412
581,0.391141,0.409370,nan,0.203863,nan,1.202881
582,0.461235,0.502089,4.837228,0.203866,-5.238353,1.346638
583,0.280981,0.271744,nan,0.203866,nan,0.959777
584,0.440082,0.422460,5.124707,0.203870,-5.605579,1.312696
585,0.440954,0.442315,nan,0.203870,nan,1.279710
586,0.306132,0.304459,4.386671,0.203874,-5.462005,0.965507
587,0.418271,0.443399,nan,0.203874,nan,1.254254
588,0.461312,0.479679,3.322258,0.203878,-4.749844,1.365391
589,0.499415,0.526421,nan,0.203878,nan,1.436408
590,0.419519,0.425655,3.943662,0.203882,-5.479657,1.292632
591,0.459992,0.465531,nan,0.203882,nan,1.362100
592,0.489471,0.494782,4.427212,0.203885,-3.267118,1.383873
593,0.433620,0.432503,nan,0.203885,nan,1.319067
594,0.375398,0.404595,3.269569,0.203888,-4.555123,1.174576
595,0.483509,0.567852,nan,0.203888,nan,1.404717
596,0.661586,0.752163,3.386678,0.203891,-5.873666,1.771486
597,0.496710,0.514468,nan,0.203891,nan,1.444839
598,0.492219,0.442499,3.238777,0.203892,-2.260793,1.417989
599,0.418241,0.357136,nan,0.203892,nan,1.238409
600,0.495576,0.470208,4.518967,0.203893,-4.082527,1.424035
601,0.302096,0.323457,nan,0.203893,nan,0.984647
602,0.425800,0.426988,5.834508,0.203894,-5.576128,1.274793
603,0.358305,0.341593,nan,0.203894,nan,1.128656
604,0.382571,0.421178,2.788435,0.203894,-2.438030,1.163605
605,0.588668,0.657841,nan,0.203894,nan,1.641682
606,0.636802,0.668578,1.901711,0.203893,-4.054657,1.758206
607,0.609852,0.603914,nan,0.203893,nan,1.653859
608,0.756812,0.696142,3.597020,0.203892,-4.910203,1.944816
609,0.447055,0.412049,nan,0.203892,nan,1.288129
610,0.367364,0.367882,3.868206,0.203891,-3.973357,1.136883
611,0.274897,0.277587,nan,0.203891,nan,0.946933
612,0.288863,0.279490,5.116440,0.203889,-3.533324,0.972534
613,0.487299,0.474069,nan,0.203889,nan,1.396788
614,0.393420,0.381093,4.782701,0.203886,-3.240631,1.178699
615,0.365814,0.385515,nan,0.203886,nan,1.150437
616,0.405425,0.395777,4.460533,0.203882,-3.618085,1.218805
617,0.517066,0.510816,nan,0.203882,nan,1.483005
618,0.349688,0.360718,3.756225,0.203880,-5.705544,1.113159
619,0.375436,0.398008,nan,0.203880,nan,1.175028
620,0.360869,0.357137,3.706332,0.203877,-3.489192,1.121792
621,0.357253,0.346673,nan,0.203877,nan,1.136784
622,0.304166,0.305707,5.253447,0.203875,-4.395582,0.987368
623,0.389342,0.390943,nan,0.203875,nan,1.199765
624,0.411632,0.408914,4.802938,0.203873,-5.023941,1.222185
625,0.456278,0.477222,nan,0.203873,nan,1.310877
626,0.355882,0.357662,3.983089,0.203869,-2.931095,1.119342
627,0.408390,0.388040,nan,0.203869,nan,1.231768
628,0.356933,0.342462,4.091379,0.203865,-3.614921,1.129406
629,0.411668,0.414711,nan,0.203865,nan,1.241470
630,0.322243,0.323886,4.925687,0.203863,-6.002044,1.065582
631,0.337397,0.343409,nan,0.203863,nan,1.109128
632,0.403406,0.393030,3.585113,0.203862,-4.960396,1.239175
633,0.378602,0.391440,nan,0.203862,nan,1.182593
634,0.396186,0.394445,4.410501,0.203860,-3.782070,1.201362
635,0.565949,0.560728,nan,0.203860,nan,1.578060
636,0.473988,0.481484,4.004852,0.203857,-3.075053,1.390956
637,0.384157,0.370329,nan,0.203857,nan,1.195033
638,0.500639,0.505144,5.559973,0.203856,-6.760301,1.437685
639,0.472053,0.476118,nan,0.203856,nan,1.379856
640,0.350514,0.367034,4.448316,0.203854,-3.539824,1.103691
641,0.436970,0.469563,nan,0.203854,nan,1.274253
642,0.558996,0.628440,3.203884,0.203852,-3.828169,1.580347
643,0.579077,0.611464,nan,0.203852,nan,1.564375
644,0.647269,0.642398,2.645480,0.203849,-3.906011,1.760437
645,0.630700,0.603889,nan,0.203849,nan,1.725599
646,0.780911,0.748790,3.711092,0.203848,-5.176031,1.999858
647,0.599380,0.586996,nan,0.203848,nan,1.660082
648,0.494025,0.501591,4.057700,0.203844,-2.088856,1.421672
649,0.385719,0.397818,nan,0.203844,nan,1.200066
650,0.605225,0.560562,4.806499,0.203839,-3.638087,1.654605
651,0.439441,0.404772,nan,0.203839,nan,1.269948
652,0.349286,0.331356,3.343132,0.203836,-5.037477,1.088162
653,0.400883,0.419650,nan,0.203836,nan,1.228119
654,0.344915,0.338427,3.682785,0.203833,-4.793338,1.069118
655,0.718258,0.655491,nan,0.203833,nan,1.906118
656,0.531040,0.458599,4.014040,0.203830,-4.663811,1.504337
657,0.733912,0.674336,nan,0.203830,nan,1.926514
658,0.524252,0.465244,3.642245,0.203828,-3.969136,1.470780
659,0.323079,0.325768,nan,0.203828,nan,1.072235
660,0.495712,0.502431,5.443981,0.203825,-4.836957,1.429957
661,0.430575,0.408139,nan,0.203825,nan,1.256738
662,0.422569,0.419171,4.746298,0.203825,-5.868034,1.274239
663,0.470558,0.480386,nan,0.203825,nan,1.320768
664,0.436972,0.427635,4.033852,0.203822,-2.666095,1.290764
665,0.310250,0.303736,nan,0.203822,nan,1.014740
666,0.273720,0.272259,4.582281,0.203821,-5.210420,0.964183
667,0.418685,0.425972,nan,0.203821,nan,1.270370
668,0.487649,0.489884,4.095760,0.203818,-2.869635,1.398633
669,0.630239,0.637126,nan,0.203818,nan,1.701487
670,0.548249,0.522458,4.853857,0.203814,-3.573773,1.554847
671,0.299880,0.297655,nan,0.203814,nan,0.989427
672,0.228560,0.228578,4.090208,0.203810,-3.452208,0.837393
673,0.472027,0.495365,nan,0.203810,nan,1.359617
674,0.506803,0.526225,4.290576,0.203804,-3.228503,1.462836
675,0.494350,0.522067,nan,0.203804,nan,1.453073
676,0.514790,0.516928,3.968834,0.203800,-5.017579,1.455642
677,0.430078,0.436991,nan,0.203800,nan,1.274436
678,0.419899,0.420692,4.493285,0.203794,-2.771882,1.259439
679,0.384072,0.383204,nan,0.203794,nan,1.141788
680,0.478703,0.473777,4.170567,0.203787,-2.192472,1.346437
681,0.490473,0.499768,nan,0.203787,nan,1.411966
682,0.455330,0.461523,3.750129,0.203780,-4.357890,1.321215
683,0.497766,0.495473,nan,0.203780,nan,1.468695
684,0.291319,0.290647,4.830340,0.203775,-5.040388,0.974111
685,0.420499,0.420946,nan,0.203775,nan,1.250651
686,0.453678,0.463080,4.515666,0.203768,-3.535344,1.324102
687,0.412039,0.431743,nan,0.203768,nan,1.260746
688,0.416290,0.413525,3.842836,0.203764,-5.537101,1.277470
689,0.509425,0.515906,nan,0.203764,nan,1.449636
690,0.409323,0.410248,3.644482,0.203759,-3.413556,1.254904
691,0.310636,0.318358,nan,0.203759,nan,1.027050
692,0.373446,0.367656,5.240756,0.203757,-7.034525,1.143842
693,0.443287,0.436957,nan,0.203757,nan,1.291591
694,0.322702,0.331803,6.116054,0.203756,-5.832496,1.035544
695,0.301408,0.296277,nan,0.203756,nan,0.987136
696,0.308997,0.310367,3.732431,0.203755,-3.730768,1.000192
697,0.510832,0.510265,nan,0.203755,nan,1.475957
698,0.306915,0.300863,4.536284,0.203752,-2.966340,1.024539
699,0.368090,0.370088,nan,0.203752,nan,1.173409
700,0.277982,0.275758,4.890807,0.203750,-5.065181,0.937417
701,0.327385,0.314137,nan,0.203750,nan,1.089771
702,0.276169,0.280611,4.471621,0.203749,-5.566736,0.939186
703,0.273730,0.280267,nan,0.203749,nan,0.972185
704,0.530417,0.527295,3.601064,0.203749,-4.525719,1.506803
705,0.602908,0.604070,nan,0.203749,nan,1.689898
706,0.690508,0.699373,3.283075,0.203749,-5.605687,1.842998
707,0.566717,0.553225,nan,0.203749,nan,1.585794
708,0.745052,0.704240,4.533944,0.203750,-5.349160,1.913163
709,0.372102,0.354646,nan,0.203750,nan,1.133218
710,0.561071,0.549943,4.664309,0.203751,-4.305993,1.561452
711,0.376952,0.373738,nan,0.203751,nan,1.164952
712,0.372194,0.361074,4.884944,0.203753,-5.275147,1.161610
713,0.367429,0.353388,nan,0.203753,nan,1.130571
714,0.345396,0.349057,3.495309,0.203753,-3.527239,1.070977
715,0.438548,0.423720,nan,0.203753,nan,1.285589
716,0.755358,0.735103,3.604455,0.203755,-6.064078,1.970054
717,0.531875,0.520858,nan,0.203755,nan,1.499432
718,0.561318,0.548018,4.109306,0.203756,-4.035745,1.580486
719,0.446437,0.446785,nan,0.203756,nan,1.330733
720,0.412218,0.412090,4.881684,0.203758,-4.802835,1.253255
721,0.401521,0.403204,nan,0.203758,nan,1.231952
722,0.622351,0.613740,3.567197,0.203757,-2.634413,1.696436
723,0.472927,0.457174,nan,0.203757,nan,1.391914
724,0.424545,0.427850,3.620145,0.203757,-5.373035,1.259245
725,0.551149,0.559976,nan,0.203757,nan,1.535715
726,0.693165,0.690579,3.021080,0.203759,-5.795605,1.852420
727,0.536665,0.530322,nan,0.203759,nan,1.518616
728,0.439103,0.448873,3.721337,0.203760,-4.843652,1.336737
729,0.648448,0.648163,nan,0.203760,nan,1.762436
730,0.423167,0.425635,5.252048,0.203763,-5.200314,1.279344
731,0.391223,0.388049,nan,0.203763,nan,1.194004
732,0.368999,0.356536,4.489348,0.203762,-2.468553,1.160082
733,0.303960,0.315325,nan,0.203762,nan,0.988345
734,0.467492,0.460082,3.601078,0.203762,-4.100183,1.370489
735,0.445779,0.447555,nan,0.203762,nan,1.312866
736,0.402265,0.412496,3.100402,0.203760,-3.710805,1.216851
737,0.519948,0.501985,nan,0.203760,nan,1.472468
738,0.427977,0.426072,5.519753,0.203760,-4.860139,1.275621
739,0.320587,0.316500,nan,0.203760,nan,1.041212
740,0.433361,0.432082,4.191743,0.203759,-4.597474,1.291178
741,0.475958,0.473010,nan,0.203759,nan,1.362256
742,0.627677,0.622847,3.288265,0.203757,-3.141132,1.661557
743,0.748259,0.740148,nan,0.203757,nan,1.954410
744,0.739330,0.748260,2.359643,0.203755,-4.331682,1.931023
745,0.598608,0.598706,nan,0.203755,nan,1.643728
746,0.535463,0.543612,3.545795,0.203752,-4.060320,1.522029
747,0.422598,0.427695,nan,0.203752,nan,1.250957
748,0.416019,0.417925,3.553869,0.203750,-4.206070,1.236314
749,0.381728,0.380061,nan,0.203750,nan,1.163257
750,0.389813,0.382983,4.065403,0.203749,-5.865608,1.203019
751,0.565587,0.562148,nan,0.203749,nan,1.542275
752,0.566498,0.571815,3.781566,0.203747,-3.734894,1.604802
753,0.553698,0.579062,nan,0.203747,nan,1.514377
754,0.542026,0.568956,3.996421,0.203746,-4.862944,1.553898
755,0.523751,0.530724,nan,0.203746,nan,1.481149
756,0.352150,0.374235,4.643627,0.203745,-4.111116,1.082431
757,0.403083,0.388185,nan,0.203745,nan,1.253263
758,0.458123,0.459848,4.107103,0.203741,-1.790095,1.381988
759,0.504889,0.514951,nan,0.203741,nan,1.443775
760,0.371534,0.377888,4.000213,0.203735,-2.746822,1.147143
761,0.448276,0.435552,nan,0.203735,nan,1.351480
762,0.507496,0.490056,3.727147,0.203729,-3.614244,1.449369
763,0.488628,0.483078,nan,0.203729,nan,1.383250
764,0.277091,0.277397,4.710393,0.203722,-3.496810,0.944669
765,0.500242,0.508327,nan,0.203722,nan,1.436548
766,0.364227,0.358696,4.078869,0.203715,-3.234010,1.132768
767,0.420592,0.430937,nan,0.203715,nan,1.211638
768,0.501988,0.528360,3.506614,0.203708,-4.028617,1.446978
769,0.284804,0.273178,nan,0.203708,nan,0.937052
770,0.420287,0.424624,2.112914,0.203698,-1.280087,1.247873
771,0.465631,0.441611,nan,0.203698,nan,1.382072
772,0.378015,0.375494,3.702911,0.203690,-4.684012,1.144332
773,0.530316,0.527739,nan,0.203690,nan,1.522757
774,0.417803,0.419415,3.595636,0.203681,-3.681073,1.280294
775,0.552255,0.553409,nan,0.203681,nan,1.563736
776,0.424402,0.434823,3.600607,0.203672,-3.581030,1.264883
777,0.281555,0.273583,nan,0.203672,nan,0.949372
778,0.447529,0.437160,2.814649,0.203661,-1.573493,1.315230
779,0.272768,0.280266,nan,0.203661,nan,0.935913
780,0.405630,0.408716,3.702389,0.203651,-3.918301,1.201345
781,0.455547,0.444525,nan,0.203651,nan,1.358710
782,0.470513,0.458147,3.646477,0.203641,-4.272991,1.380985
783,0.384992,0.388480,nan,0.203641,nan,1.177087
784,0.390040,0.396339,3.580388,0.203630,-2.784803,1.178373
785,0.444080,0.432116,nan,0.203630,nan,1.334009
786,0.299149,0.297235,3.951215,0.203619,-3.252539,1.005133
787,0.499980,0.495405,nan,0.203619,nan,1.436463
788,0.380846,0.398211,4.781642,0.203610,-4.879045,1.193031
789,0.447447,0.441077,nan,0.203610,nan,1.336303
790,0.220617,0.228214,4.305029,0.203599,-2.675469,0.807057
791,0.337679,0.343208,nan,0.203599,nan,1.101076
792,0.369993,0.364351,3.928216,0.203587,-2.061946,1.135981
793,0.309751,0.300552,nan,0.203587,nan,1.002844
794,0.493042,0.503327,4.482575,0.203576,-4.028553,1.421201
795,0.425054,0.432971,nan,0.203576,nan,1.277825
796,0.407218,0.385871,4.685750,0.203565,-4.425490,1.218906
797,0.396712,0.393946,nan,0.203565,nan,1.228262
798,0.400754,0.395763,3.873107,0.203556,-4.433939,1.207690
799,0.390236,0.386296,nan,0.203556,nan,1.222222
800,0.323314,0.324153,4.797856,0.203548,-5.093998,1.047848
801,0.420295,0.429473,nan,0.203548,nan,1.246350
802,0.417475,0.428314,3.657467,0.203541,-4.880884,1.231330
803,0.406817,0.395839,nan,0.203541,nan,1.251143
804,0.504835,0.500165,4.321929,0.203533,-2.782023,1.439986
805,0.346289,0.331160,nan,0.203533,nan,1.098013
806,0.304873,0.288473,4.938128,0.203527,-5.228771,1.007666
807,0.553571,0.531458,nan,0.203527,nan,1.571269
808,0.457498,0.452573,4.005641,0.203521,-4.317647,1.353665
809,0.307287,0.311207,nan,0.203521,nan,1.015340
810,0.648072,0.645801,2.863048,0.203515,-4.224428,1.740731
811,0.445871,0.461721,nan,0.203515,nan,1.298353
812,0.696165,0.689602,2.665162,0.203510,-4.766111,1.833313
813,0.430160,0.443862,nan,0.203510,nan,1.311858
814,0.412677,0.422400,2.550594,0.203504,-3.437660,1.231112
815,0.390749,0.402677,nan,0.203504,nan,1.209187
816,0.365220,0.372942,3.754729,0.203498,-2.962660,1.115761
817,0.397844,0.393711,nan,0.203498,nan,1.195881
818,0.515734,0.520107,2.970345,0.203490,-2.666184,1.462594
819,0.518976,0.540906,nan,0.203490,nan,1.449393
820,0.668309,0.678187,2.112805,0.203480,-2.756628,1.802078
821,0.788002,0.811865,nan,0.203480,nan,2.051149
822,0.778663,0.780291,2.992141,0.203471,-3.567314,1.996441
823,0.533120,0.548502,nan,0.203471,nan,1.509040
824,0.556680,0.575549,4.344053,0.203461,-3.096180,1.538120
825,0.354894,0.357823,nan,0.203461,nan,1.109712
826,0.346069,0.350804,3.466481,0.203451,-3.485263,1.099470
827,0.423516,0.420221,nan,0.203451,nan,1.268252
828,0.332634,0.358948,1.720403,0.203441,-3.813411,1.091492
829,0.527209,0.523557,nan,0.203441,nan,1.486764
830,0.430426,0.434912,3.356007,0.203432,-4.234441,1.290362
831,0.342316,0.348776,nan,0.203432,nan,1.098836
832,0.370561,0.376937,4.199797,0.203426,-6.099740,1.144465
833,0.397164,0.406214,nan,0.203426,nan,1.231199
834,0.472991,0.488256,3.370633,0.203415,-0.461839,1.382142
835,0.369858,0.377465,nan,0.203415,nan,1.147873
836,0.306068,0.301854,3.042536,0.203403,-1.445276,1.041620
837,0.394512,0.393468,nan,0.203403,nan,1.200554
838,0.380310,0.387248,3.635121,0.203391,-3.946639,1.167983
839,0.684102,0.706663,nan,0.203391,nan,1.826941
840,0.766080,0.816541,1.680089,0.203379,-3.309024,1.991527
841,0.689431,0.729646,nan,0.203379,nan,1.830051
842,1.029516,1.040224,1.325224,0.203367,-3.795757,2.538733
843,0.643423,0.642228,nan,0.203367,nan,1.739026
844,0.635111,0.624343,3.327331,0.203356,-3.852609,1.737415
845,0.547266,0.548614,nan,0.203356,nan,1.518655
846,0.365398,0.351274,4.331946,0.203347,-5.687315,1.146789
847,0.447529,0.451249,nan,0.203347,nan,1.308054
848,0.378623,0.369471,4.886133,0.203339,-3.816056,1.139507
849,0.464331,0.460145,nan,0.203339,nan,1.349479
850,0.412529,0.436112,3.962260,0.203332,-5.547282,1.253920
851,0.502371,0.513167,nan,0.203332,nan,1.431023
852,0.399700,0.399357,2.660987,0.203323,-2.142045,1.202162
853,0.305034,0.307947,nan,0.203323,nan,0.989221
854,0.335351,0.345202,4.052884,0.203317,-5.857885,1.065902
855,0.382789,0.378610,nan,0.203317,nan,1.167133
856,0.333277,0.336261,3.788039,0.203310,-3.719557,1.096629
857,0.426702,0.429830,nan,0.203310,nan,1.263784
858,0.390774,0.403212,2.287074,0.203304,-4.049867,1.180247
859,0.375876,0.382973,nan,0.203304,nan,1.166727
860,0.475295,0.442599,2.126245,0.203295,-1.910241,1.385456
861,0.572625,0.539710,nan,0.203295,nan,1.591741
862,0.280288,0.281079,2.023669,0.203289,-6.118851,0.979567
863,0.357781,0.367293,nan,0.203289,nan,1.145801
864,0.290213,0.300028,2.784708,0.203281,-2.049168,0.975606
865,0.389317,0.398151,nan,0.203281,nan,1.220921
866,0.391947,0.393333,4.806257,0.203272,-3.379435,1.211778
867,0.542637,0.560089,nan,0.203272,nan,1.523985
868,0.417507,0.429115,2.679060,0.203265,-5.120828,1.267921
869,0.408026,0.413626,nan,0.203265,nan,1.225425
870,0.334981,0.355124,2.661357,0.203257,-3.176524,1.055369
871,0.311766,0.326028,nan,0.203257,nan,1.029234
872,0.484011,0.502853,2.717260,0.203249,-3.372102,1.422124
873,0.344549,0.357104,nan,0.203249,nan,1.082406
874,0.573325,0.548828,2.791413,0.203239,-2.105950,1.587187
875,0.529819,0.548928,nan,0.203239,nan,1.491209
876,0.460443,0.472950,3.408176,0.203228,-3.306570,1.364920
877,0.588502,0.586015,nan,0.203228,nan,1.630452
878,0.465601,0.461449,4.663122,0.203220,-5.194042,1.348840
879,0.339309,0.344612,nan,0.203220,nan,1.056560
880,0.265839,0.287637,2.757434,0.203211,-3.413943,0.928853
881,0.430706,0.431197,nan,0.203211,nan,1.315153
882,0.419635,0.417625,3.772756,0.203203,-5.022282,1.270496
883,0.359629,0.358330,nan,0.203203,nan,1.115697
884,0.488336,0.493458,3.026638,0.203197,-5.095275,1.379687
885,0.341452,0.356304,nan,0.203197,nan,1.100664
886,0.382339,0.400904,3.722077,0.203192,-5.168725,1.137452
887,0.326868,0.346905,nan,0.203192,nan,1.015816
888,0.485718,0.493230,2.069574,0.203187,-3.885509,1.408359
889,0.435180,0.449636,nan,0.203187,nan,1.275841
890,0.431145,0.452039,2.439148,0.203182,-4.616168,1.260880
891,0.371754,0.369002,nan,0.203182,nan,1.137510
892,0.426863,0.430223,3.376262,0.203175,-1.843484,1.273070
893,0.370153,0.361600,nan,0.203175,nan,1.139557
894,0.351335,0.363584,3.702928,0.203168,-3.450339,1.102494
895,0.486922,0.484430,nan,0.203168,nan,1.412627
896,0.467142,0.455126,2.710016,0.203161,-4.570665,1.364889
897,0.624880,0.628164,nan,0.203161,nan,1.699133
898,0.578509,0.572293,2.438779,0.203153,-3.127783,1.599327
899,0.439112,0.420483,nan,0.203153,nan,1.315264
900,0.417090,0.421713,3.329527,0.203149,-6.876875,1.281828
901,0.435322,0.452861,nan,0.203149,nan,1.255420
902,0.322697,0.343351,2.458303,0.203145,-3.925764,1.032872
903,0.340306,0.343218,nan,0.203145,nan,1.076844
904,0.392277,0.368174,3.548686,0.203139,-3.478990,1.196848
905,0.466437,0.441113,nan,0.203139,nan,1.360658
906,0.445019,0.455471,2.684932,0.203133,-3.073702,1.328210
907,0.298072,0.323073,nan,0.203133,nan,0.971526
908,0.534880,0.504917,2.460881,0.203126,-3.528778,1.514962
909,0.286517,0.275056,nan,0.203126,nan,0.956047
910,0.291817,0.296977,2.821412,0.203120,-3.996651,0.953470
911,0.386069,0.381807,nan,0.203120,nan,1.176202
912,0.335998,0.358208,2.864290,0.203113,-3.756844,1.068608
913,0.430523,0.429103,nan,0.203113,nan,1.281164
914,0.417572,0.404519,3.177172,0.203104,-2.364088,1.246958
915,0.428245,0.449766,nan,0.203104,nan,1.273076
916,0.299556,0.306108,2.902206,0.203094,-2.410277,1.011150
917,0.536485,0.548076,nan,0.203094,nan,1.493481
918,0.648972,0.664282,1.963046,0.203085,-4.024916,1.749007
919,0.613773,0.651372,nan,0.203085,nan,1.672531
920,0.629275,0.639817,1.465244,0.203074,-3.117484,1.727575
921,0.597158,0.611324,nan,0.203074,nan,1.651846
922,0.411093,0.421810,3.996781,0.203064,-3.129370,1.221597
923,0.374567,0.384441,nan,0.203064,nan,1.161732
924,0.321738,0.331802,3.536993,0.203053,-3.780746,1.042790
925,0.423289,0.419963,nan,0.203053,nan,1.267920
926,0.315053,0.316100,3.259049,0.203044,-4.682797,1.059687
927,0.459530,0.447681,nan,0.203044,nan,1.346810
928,0.499074,0.494461,2.580019,0.203032,-1.483008,1.438403
929,0.426410,0.417098,nan,0.203032,nan,1.269030
930,0.443469,0.457475,1.335889,0.203019,-1.659454,1.346940
931,0.505290,0.506596,nan,0.203019,nan,1.419028
932,0.366510,0.393937,1.957607,0.203004,-2.383273,1.157344
933,0.415752,0.420917,nan,0.203004,nan,1.270457
934,0.592392,0.596113,1.246134,0.202987,-0.600030,1.624904
935,0.404124,0.391949,nan,0.202987,nan,1.242717
936,0.567305,0.562769,3.662380,0.202971,-4.774291,1.581551
937,0.441969,0.449652,nan,0.202971,nan,1.318606
938,0.408559,0.432874,1.994202,0.202957,-4.204066,1.242009
939,0.330810,0.336428,nan,0.202957,nan,1.066986
940,0.315168,0.302251,2.912762,0.202943,-3.306458,1.031539
941,0.210376,0.204940,nan,0.202943,nan,0.788346
942,0.401355,0.400772,1.994322,0.202928,-2.144773,1.203043
943,0.365523,0.357931,nan,0.202928,nan,1.121669
944,0.419026,0.414915,1.447582,0.202909,-0.418906,1.269958
945,0.391441,0.382304,nan,0.202909,nan,1.188596
946,0.555939,0.541052,2.143835,0.202890,-1.905205,1.540108
947,0.454483,0.424586,nan,0.202890,nan,1.305256
948,0.480194,0.468927,3.335411,0.202872,-3.356239,1.384307
949,0.462880,0.463262,nan,0.202872,nan,1.322528
950,0.363354,0.346170,2.476076,0.202852,-1.807293,1.148416
951,0.480431,0.515445,nan,0.202852,nan,1.401068
952,0.428120,0.440173,1.758984,0.202832,-2.175281,1.298329
953,0.335247,0.329350,nan,0.202832,nan,1.103131
954,0.476309,0.441768,1.100355,0.202811,-2.066766,1.390949
955,0.479218,0.448825,nan,0.202811,nan,1.381440
956,0.310373,0.310765,0.725263,0.202793,-4.832519,1.026507
957,0.298336,0.307287,nan,0.202793,nan,0.963706
958,0.352595,0.345253,2.030108,0.202774,-3.111081,1.112478
959,0.389307,0.399137,nan,0.202774,nan,1.146361
960,0.464101,0.451511,2.422552,0.202758,-4.941116,1.348692
961,0.398858,0.409644,nan,0.202758,nan,1.212292
962,0.399318,0.418658,2.233712,0.202743,-3.432625,1.222385
963,0.371709,0.379857,nan,0.202743,nan,1.163297
964,0.621911,0.631629,2.275141,0.202726,-1.714030,1.664967
965,0.416778,0.390871,nan,0.202726,nan,1.225769
966,0.399906,0.392141,2.417239,0.202708,-2.506059,1.213915
967,0.484776,0.469915,nan,0.202708,nan,1.376885
968,0.374668,0.369257,2.746750,0.202692,-4.235077,1.160478
969,0.310936,0.291782,nan,0.202692,nan,1.038969
970,0.366291,0.370890,2.267374,0.202676,-3.110876,1.153271
971,0.510105,0.443610,nan,0.202676,nan,1.446299
972,0.493539,0.434001,1.686025,0.202661,-4.098195,1.408454
973,0.635255,0.626137,nan,0.202661,nan,1.740346
974,0.454158,0.464908,2.916889,0.202646,-3.103119,1.340013
975,0.460191,0.459873,nan,0.202646,nan,1.361168
976,0.349199,0.353453,2.264977,0.202630,-1.837183,1.093670
977,0.373060,0.376272,nan,0.202630,nan,1.147231
978,0.373705,0.367093,2.843628,0.202615,-3.967652,1.164963
979,0.562480,0.566596,nan,0.202615,nan,1.533568
980,0.289468,0.301020,2.554096,0.202600,-3.724214,0.970932
981,0.329859,0.321284,nan,0.202600,nan,1.036811
982,0.422414,0.429928,3.084075,0.202586,-4.310032,1.243727
983,0.335764,0.331685,nan,0.202586,nan,1.080146
984,0.474923,0.478978,2.478698,0.202573,-3.233998,1.367019
985,0.421315,0.415591,nan,0.202573,nan,1.280580
986,0.326081,0.329002,2.774810,0.202558,-2.420233,1.044806
987,0.333255,0.328575,nan,0.202558,nan,1.080433
988,0.339410,0.361318,2.789926,0.202546,-5.320446,1.057122
989,0.303685,0.306078,nan,0.202546,nan,1.003502
990,0.389633,0.394312,1.216855,0.202533,-2.301280,1.164307
991,0.442832,0.435657,nan,0.202533,nan,1.293610
992,0.271597,0.270974,1.341179,0.202520,-3.626617,0.950523
993,0.382275,0.368950,nan,0.202520,nan,1.184725
994,0.403920,0.411810,1.518613,0.202506,-2.825245,1.228779
995,0.502342,0.508008,nan,0.202506,nan,1.446063
996,0.404237,0.421750,1.621584,0.202491,-2.382943,1.232856
997,0.544214,0.554322,nan,0.202491,nan,1.518564
998,0.489952,0.510421,1.390320,0.202478,-3.996614,1.434996
999,0.398431,0.419286,nan,0.202478,nan,1.208735
1000,0.344927,0.364547,1.040724,0.202462,-1.610871,1.109354
1001,0.549538,0.568415,nan,0.202462,nan,1.557347
1002,0.491792,0.481590,1.445535,0.202447,-3.946416,1.395165
1003,0.363097,0.355593,nan,0.202447,nan,1.115670
1004,0.386940,0.373801,1.213404,0.202432,-2.683984,1.220290
1005,0.487706,0.471470,nan,0.202432,nan,1.410607
1006,0.357951,0.365788,1.161769,0.202417,-2.905719,1.135285
1007,0.343982,0.337928,nan,0.202417,nan,1.091084
1008,0.402087,0.403481,1.359422,0.202400,-2.097905,1.208738
1009,0.538714,0.520973,nan,0.202400,nan,1.498859
1010,0.497649,0.502499,1.620103,0.202386,-5.302588,1.402477
1011,0.479878,0.478286,nan,0.202386,nan,1.363857
1012,0.400347,0.453505,1.561081,0.202370,-1.042402,1.219711
1013,0.343818,0.347372,nan,0.202370,nan,1.071127
1014,0.478027,0.470301,2.838061,0.202354,-3.507421,1.383980
1015,0.434950,0.461262,nan,0.202354,nan,1.309647
1016,0.502247,0.516016,2.403975,0.202339,-4.002835,1.435429
1017,0.240657,0.239692,nan,0.202339,nan,0.871915
1018,0.301818,0.320017,2.756631,0.202326,-4.934810,0.997522
1019,0.314389,0.329252,nan,0.202326,nan,1.025411
1020,0.283034,0.287786,0.441382,0.202312,-2.352235,0.966672
1021,0.456934,0.434407,nan,0.202312,nan,1.302009
1022,0.469390,0.491265,1.115614,0.202298,-3.044088,1.374537
1023,0.333320,0.346912,nan,0.202298,nan,1.067725
1024,0.308397,0.292498,0.687033,0.202282,-2.047790,1.027988
1025,0.464714,0.471984,nan,0.202282,nan,1.368201
1026,0.420427,0.435892,1.168637,0.202267,-3.041279,1.240932
1027,0.441609,0.444346,nan,0.202267,nan,1.315932
1028,0.398504,0.417875,1.280964,0.202250,-2.339330,1.194511
1029,0.407640,0.428508,nan,0.202250,nan,1.252465
1030,0.388095,0.390895,1.045815,0.202232,-1.738610,1.158840
1031,0.490177,0.492936,nan,0.202232,nan,1.430128
1032,0.389942,0.404414,3.075083,0.202218,-5.837968,1.189716
1033,0.519680,0.538788,nan,0.202218,nan,1.461215
1034,0.476803,0.489631,1.163183,0.202202,-2.221806,1.370186
1035,0.416928,0.436206,nan,0.202202,nan,1.267392
1036,0.308421,0.335734,0.693891,0.202187,-3.616916,0.984918
1037,0.360652,0.337636,nan,0.202187,nan,1.138436
1038,0.296348,0.300912,3.048708,0.202171,-2.700960,0.997737
1039,0.547924,0.527088,nan,0.202171,nan,1.506267
1040,0.336409,0.345865,1.781472,0.202156,-3.325085,1.078076
1041,0.405993,0.395490,nan,0.202156,nan,1.254684
1042,0.479218,0.486459,2.116545,0.202140,-2.054148,1.376515
1043,0.448492,0.478317,nan,0.202140,nan,1.313754
1044,0.491116,0.491443,1.939359,0.202122,-2.153836,1.382107
1045,0.340044,0.344692,nan,0.202122,nan,1.103002
1046,0.544127,0.529662,2.603091,0.202105,-2.779363,1.541049
1047,0.494895,0.514849,nan,0.202105,nan,1.404195
1048,0.522066,0.538663,0.389943,0.202086,-1.943084,1.480049
1049,0.469552,0.461219,nan,0.202086,nan,1.373868
1050,0.418692,0.417663,0.045732,0.202066,-1.001409,1.271512
1051,0.598019,0.609508,nan,0.202066,nan,1.601309
1052,0.459000,0.493938,1.150862,0.202045,-2.383720,1.328743
1053,0.439303,0.580178,nan,0.202045,nan,1.326417
1054,0.480611,0.505441,1.039908,0.202022,-0.514516,1.376293
1055,0.404268,0.417082,nan,0.202022,nan,1.200178
1056,0.310248,0.309217,0.772220,0.201998,-1.553388,1.020476
1057,0.435439,0.507134,nan,0.201998,nan,1.282881
1058,0.428663,0.450474,0.953222,0.201975,-2.852622,1.258395
1059,0.550707,0.528575,nan,0.201975,nan,1.530538
1060,0.453455,0.393768,1.703356,0.201952,-2.566791,1.340164
1061,0.312873,0.305653,nan,0.201952,nan,0.976854
1062,0.427254,0.419560,2.460626,0.201931,-3.994098,1.247390
1063,0.387755,0.399568,nan,0.201931,nan,1.215959
1064,0.472571,0.447410,1.763839,0.201910,-2.996863,1.381034
1065,0.453061,0.514149,nan,0.201910,nan,1.314254
1066,0.513969,0.523286,1.113829,0.201888,-1.383707,1.455930
1067,0.549052,0.542002,nan,0.201888,nan,1.507002
1068,0.663630,0.644382,0.911035,0.201864,-1.348181,1.749809
1069,0.592508,0.630669,nan,0.201864,nan,1.624490
1070,0.453355,0.467058,1.781528,0.201842,-3.505491,1.285610
1071,0.436570,0.464820,nan,0.201842,nan,1.289464
1072,0.592951,0.588442,2.070982,0.201820,-2.462154,1.625619
1073,0.580466,0.477575,nan,0.201820,nan,1.627131
1074,0.496286,0.423149,-0.061123,0.201800,-3.673281,1.395362
1075,0.498494,0.563219,nan,0.201800,nan,1.455037
1076,0.832478,0.777853,1.150812,0.201782,-5.830849,2.119763
1077,0.894459,0.763789,nan,0.201782,nan,2.257779
1078,0.997941,0.723601,0.667502,0.201766,-3.735344,2.479702
1079,0.624304,0.507676,nan,0.201766,nan,1.683868
1080,0.783810,0.649318,-0.387954,0.201747,-0.802652,2.041210
1081,0.705111,0.781418,nan,0.201747,nan,1.884450
1082,0.475096,0.543066,2.466673,0.201729,-3.444198,1.389351
1083,0.301379,0.387087,nan,0.201729,nan,0.993522
1084,0.487198,0.529312,0.316988,0.201711,-2.983616,1.417973
1085,0.507219,0.517298,nan,0.201711,nan,1.434860
1086,0.463004,0.464169,1.977500,0.201692,-1.378816,1.311344
1087,0.429231,0.490476,nan,0.201692,nan,1.283594
1088,0.308304,0.293374,1.822207,0.201670,-0.653739,1.052742
1089,0.471820,0.564607,nan,0.201670,nan,1.361498
1090,0.434559,0.477174,1.981389,0.201649,-2.573635,1.262478
1091,0.408356,0.432026,nan,0.201649,nan,1.213027
1092,0.378157,0.374462,1.846396,0.201628,-2.869707,1.140088
1093,0.466426,0.495716,nan,0.201628,nan,1.328437
1094,0.366084,0.349042,0.749607,0.201605,-0.688369,1.131549
1095,0.299907,0.322720,nan,0.201605,nan,1.002801
1096,0.460544,0.483141,1.688564,0.201583,-3.891495,1.365417
1097,0.553320,0.565620,nan,0.201583,nan,1.573026
1098,0.533643,0.637863,0.228719,0.201562,-2.206118,1.520708
1099,0.708282,0.756915,nan,0.201562,nan,1.881807
1100,0.366976,0.378214,1.273375,0.201540,-2.646784,1.142091
1101,0.582744,0.575890,nan,0.201540,nan,1.618322
1102,0.356343,0.342049,2.324411,0.201520,-4.276575,1.059968
1103,0.259843,0.256110,nan,0.201520,nan,0.914381
1104,0.451221,0.437473,1.642426,0.201500,-2.221447,1.365380
1105,0.334188,0.327954,nan,0.201500,nan,1.062649
1106,0.525683,0.536216,1.162648,0.201481,-2.970717,1.512104
1107,0.353432,0.355313,nan,0.201481,nan,1.101492
1108,0.385702,0.405426,0.064308,0.201461,-2.826591,1.184133
1109,0.244293,0.231608,nan,0.201461,nan,0.858052
1110,0.369024,0.384865,1.149726,0.201443,-3.979258,1.147534
1111,0.401580,0.414811,nan,0.201443,nan,1.217919
1112,0.347476,0.345098,1.771237,0.201423,-1.700162,1.102103
1113,0.713220,0.718656,nan,0.201423,nan,1.875543
1114,0.498024,0.534723,1.268269,0.201405,-4.079229,1.433348
1115,0.584533,0.552283,nan,0.201405,nan,1.631369
1116,0.303567,0.293366,-0.024575,0.201386,-1.936295,0.960757
1117,0.422942,0.414559,nan,0.201386,nan,1.270992
1118,0.493604,0.496563,0.724864,0.201366,-1.696526,1.422160
1119,0.559022,0.571810,nan,0.201366,nan,1.518771
1120,0.489401,0.504426,1.681810,0.201347,-3.316740,1.413452
1121,0.442650,0.474345,nan,0.201347,nan,1.332144
1122,0.307086,0.317183,-0.068124,0.201326,-0.613599,1.000295
1123,0.403331,0.397123,nan,0.201326,nan,1.238323
1124,0.628025,0.652135,0.241517,0.201306,-4.510196,1.693214
1125,0.682875,0.716170,nan,0.201306,nan,1.810953
1126,0.820850,0.829264,-0.435556,0.201287,-2.376114,2.096805
1127,0.887141,0.851963,nan,0.201287,nan,2.245314
1128,0.640741,0.605041,-0.327024,0.201268,-3.221245,1.740394
1129,0.473029,0.504920,nan,0.201268,nan,1.361995
1130,0.676506,0.690088,1.289977,0.201249,-2.902605,1.776036
1131,0.383295,0.401424,nan,0.201249,nan,1.173319
1132,0.503819,0.515859,1.582535,0.201230,-2.737225,1.428884
1133,0.443374,0.513795,nan,0.201230,nan,1.339375
1134,0.400285,0.394749,0.386359,0.201210,-1.603761,1.204702
1135,0.420465,0.455615,nan,0.201210,nan,1.261687
1136,0.608062,0.680100,-0.206831,0.201189,-1.874338,1.666290
1137,0.711222,0.747453,nan,0.201189,nan,1.874452
1138,0.741073,0.735373,0.821169,0.201168,-2.532634,1.946658
1139,0.660170,0.612691,nan,0.201168,nan,1.782021
1140,0.467717,0.456005,0.218349,0.201144,0.118366,1.323691
1141,0.442891,0.453343,nan,0.201144,nan,1.302966
1142,0.383724,0.409548,1.802962,0.201122,-3.525889,1.162061
1143,0.370374,0.373990,nan,0.201122,nan,1.136160
1144,0.422128,0.436685,1.329646,0.201099,-1.816111,1.266458
1145,0.486719,0.508999,nan,0.201099,nan,1.408563
1146,0.454166,0.497905,1.268082,0.201078,-3.480819,1.349396
1147,0.377456,0.383313,nan,0.201078,nan,1.172110
1148,0.512735,0.555677,1.139773,0.201057,-2.971928,1.467315
1149,0.511962,0.548100,nan,0.201057,nan,1.432683
1150,0.382653,0.404243,1.252722,0.201035,-2.620338,1.146166
1151,0.731921,0.802624,nan,0.201035,nan,1.919377
1152,0.488768,0.492145,1.392766,0.201014,-2.349009,1.411583
1153,0.419771,0.402333,nan,0.201014,nan,1.248423
1154,0.512715,0.517658,-1.176205,0.200991,-0.483599,1.442963
1155,0.501158,0.493012,nan,0.200991,nan,1.453019
1156,0.393559,0.382730,1.260004,0.200967,-1.099534,1.183771
1157,0.287266,0.316191,nan,0.200967,nan,0.986851
1158,0.470656,0.475710,0.146631,0.200944,-3.762396,1.383113
1159,0.482478,0.462657,nan,0.200944,nan,1.406632
1160,0.469660,0.454396,-0.300003,0.200919,-0.728941,1.374964
1161,0.560325,0.607632,nan,0.200919,nan,1.551741
1162,0.337032,0.349429,0.605743,0.200894,-1.024614,1.077071
1163,0.570967,0.502947,nan,0.200894,nan,1.583364
1164,0.438217,0.445188,0.879214,0.200869,-3.080492,1.290537
1165,0.513243,0.499680,nan,0.200869,nan,1.456144
1166,0.536966,0.529946,1.200359,0.200845,-2.478034,1.513523
1167,0.476929,0.483689,nan,0.200845,nan,1.360190
1168,0.459731,0.468886,1.079893,0.200822,-2.827509,1.357667
1169,0.447419,0.467546,nan,0.200822,nan,1.307450
1170,0.377958,0.392598,1.054813,0.200798,-2.363512,1.191356
1171,0.446390,0.439713,nan,0.200798,nan,1.344649
1172,0.432133,0.415355,1.304122,0.200776,-2.889261,1.278377
1173,0.374847,0.417220,nan,0.200776,nan,1.150995
1174,0.325778,0.345487,1.022739,0.200754,-3.630721,1.073071
1175,0.459515,0.432184,nan,0.200754,nan,1.357384
1176,0.491568,0.471112,0.189281,0.200733,-2.327025,1.433133
1177,0.441077,0.452108,nan,0.200733,nan,1.317594
1178,0.513211,0.501441,0.393432,0.200709,0.003081,1.492571
1179,0.386818,0.360660,nan,0.200709,nan,1.194124
1180,0.491490,0.455504,1.295117,0.200685,-2.557137,1.398424
1181,0.441668,0.450579,nan,0.200685,nan,1.308434
1182,0.301278,0.356121,1.138226,0.200661,-1.843006,0.982951
1183,0.414371,0.429668,nan,0.200661,nan,1.252904
1184,0.519008,0.562120,-0.586735,0.200637,-1.749695,1.489657
1185,0.583032,0.565893,nan,0.200637,nan,1.616146
1186,0.575398,0.625734,0.878991,0.200613,-3.134916,1.600879
1187,0.450808,0.427109,nan,0.200613,nan,1.342188
1188,0.477528,0.489735,0.627541,0.200591,-4.017076,1.388347
1189,0.471376,0.486964,nan,0.200591,nan,1.392226
1190,0.398555,0.418309,0.875550,0.200569,-1.850533,1.229761
1191,0.495979,0.484594,nan,0.200569,nan,1.401640
1192,0.537540,0.553788,0.656111,0.200545,-0.582707,1.518296
1193,0.397092,0.392180,nan,0.200545,nan,1.244377
1194,0.492301,0.472638,-1.039734,0.200522,-2.574722,1.424855
1195,0.529660,0.549816,nan,0.200522,nan,1.515039
1196,0.392156,0.395951,0.527862,0.200499,-3.457831,1.209556
1197,0.503430,0.504100,nan,0.200499,nan,1.440748
1198,0.489195,0.444912,0.658129,0.200476,-1.579825,1.436476
1199,0.426389,0.402437,nan,0.200476,nan,1.277760
1200,0.432273,0.410058,0.717689,0.200453,-1.971515,1.272336
1201,0.414192,0.423142,nan,0.200453,nan,1.257975
1202,0.448171,0.473404,1.304855,0.200428,-0.867611,1.320553
1203,0.314108,0.360495,nan,0.200428,nan,1.024747
1204,0.407306,0.446884,0.256416,0.200402,-0.934148,1.236070
1205,0.458544,0.443964,nan,0.200402,nan,1.368570
1206,0.484026,0.443544,0.167687,0.200374,0.558871,1.413960
1207,0.370967,0.362170,nan,0.200374,nan,1.168472
1208,0.373239,0.346518,0.188387,0.200345,-0.719443,1.152069
1209,0.618307,0.630061,nan,0.200345,nan,1.673480
1210,0.441998,0.483545,0.176291,0.200317,-3.198423,1.322396
1211,0.365140,0.372017,nan,0.200317,nan,1.097655
1212,0.346569,0.357161,0.741784,0.200291,-2.996498,1.123236
1213,0.285521,0.283836,nan,0.200291,nan,0.997565
1214,0.507109,0.500966,-0.145385,0.200265,-2.021935,1.460340
1215,0.322636,0.351535,nan,0.200265,nan,1.048655
1216,0.546088,0.535552,0.167592,0.200239,-2.480223,1.520025
1217,0.529020,0.587603,nan,0.200239,nan,1.481910
1218,0.521836,0.543289,1.017730,0.200214,-2.815380,1.471159
1219,0.355570,0.381711,nan,0.200214,nan,1.118583
1220,0.435981,0.440041,1.123572,0.200189,-1.415786,1.281978
1221,0.383645,0.430208,nan,0.200189,nan,1.163486
1222,0.398487,0.383078,0.575494,0.200163,-1.682903,1.191450
1223,0.480242,0.477187,nan,0.200163,nan,1.380206
1224,0.427838,0.428428,-1.208576,0.200135,0.409361,1.290918
1225,0.561850,0.558020,nan,0.200135,nan,1.581555
1226,0.474088,0.544228,0.293826,0.200107,-1.819666,1.398003
1227,0.463912,0.521115,nan,0.200107,nan,1.363633
1228,0.424987,0.442181,0.059633,0.200080,-1.991335,1.277701
1229,0.422403,0.487098,nan,0.200080,nan,1.300601
1230,0.346899,0.345765,-0.385636,0.200051,-0.870618,1.124798
1231,0.399823,0.450677,nan,0.200051,nan,1.216216
1232,0.422145,0.430662,1.280504,0.200023,-1.879675,1.272528
1233,0.445049,0.450917,nan,0.200023,nan,1.318165
1234,0.309826,0.312800,1.009424,0.199994,-1.269363,1.035229
1235,0.729623,0.707090,nan,0.199994,nan,1.929261
1236,0.481007,0.492873,0.558845,0.199968,-4.084523,1.358381
1237,0.390827,0.401400,nan,0.199968,nan,1.200154
1238,0.421471,0.453135,1.370445,0.199942,-2.020932,1.259260
1239,0.518071,0.486855,nan,0.199942,nan,1.505120
1240,0.499085,0.499918,0.373911,0.199915,-0.827764,1.397686
1241,0.367947,0.392347,nan,0.199915,nan,1.133153
1242,0.482137,0.446665,-0.808537,0.199888,-1.975394,1.384316
1243,0.467456,0.477021,nan,0.199888,nan,1.375801
1244,0.419652,0.452651,0.800410,0.199864,-3.984507,1.258795
1245,0.374589,0.397160,nan,0.199864,nan,1.149435
1246,0.595075,0.575494,-0.085722,0.199838,-0.934499,1.649887
1247,0.504290,0.547737,nan,0.199838,nan,1.447637
1248,0.521779,0.558383,-0.272280,0.199811,-0.525246,1.473891
1249,0.306911,0.308199,nan,0.199811,nan,1.002558
1250,0.381246,0.391876,0.452127,0.199785,-2.810812,1.207094
1251,0.338064,0.345180,nan,0.199785,nan,1.065430
1252,0.349814,0.359073,0.675311,0.199760,-2.716952,1.119415
1253,0.420976,0.426004,nan,0.199760,nan,1.286462
1254,0.413073,0.440935,-0.767445,0.199733,0.142327,1.243149
1255,0.426280,0.431227,nan,0.199733,nan,1.267307
1256,0.355575,0.368375,0.472897,0.199705,-1.436008,1.148290
1257,0.304329,0.343840,nan,0.199705,nan,1.014308
1258,0.309737,0.309662,2.113753,0.199678,-2.136347,1.014188
1259,0.419836,0.457753,nan,0.199678,nan,1.243682
1260,0.375069,0.404146,1.098965,0.199651,-1.485920,1.132918
1261,0.389210,0.392446,nan,0.199651,nan,1.189147
1262,0.386193,0.383931,-0.277213,0.199625,-2.698766,1.195840
1263,0.411304,0.437630,nan,0.199625,nan,1.273461
1264,0.483151,0.513349,1.379866,0.199601,-4.557418,1.390358
1265,0.373156,0.364502,nan,0.199601,nan,1.131005
1266,0.456383,0.476906,0.147832,0.199575,0.290734,1.331084
1267,0.418879,0.430650,nan,0.199575,nan,1.278194
1268,0.288889,0.316674,0.678517,0.199550,-2.292771,0.974023
1269,0.447182,0.436273,nan,0.199550,nan,1.303256
1270,0.355691,0.433182,0.744813,0.199524,-1.884610,1.135058
1271,0.412729,0.429815,nan,0.199524,nan,1.270410
1272,0.497992,0.403827,0.946794,0.199498,-0.710506,1.453921
1273,0.624688,0.588921,nan,0.199498,nan,1.673534
1274,0.420749,0.411299,0.084625,0.199470,-0.215506,1.242624
1275,0.337897,0.329201,nan,0.199470,nan,1.087375
1276,0.350608,0.343614,-0.443672,0.199440,0.700585,1.121866
1277,0.291618,0.284720,nan,0.199440,nan,0.978606
1278,0.597299,0.541504,0.442126,0.199409,-0.766578,1.658602
1279,0.598969,0.572970,nan,0.199409,nan,1.618512
1280,0.488700,0.525142,0.388507,0.199379,-1.213079,1.439885
1281,0.517848,0.498802,nan,0.199379,nan,1.467893
1282,0.491678,0.476053,-0.141237,0.199346,0.851299,1.409477
1283,0.551987,0.507411,nan,0.199346,nan,1.556092
1284,0.357437,0.353968,0.449173,0.199313,0.028493,1.110471
1285,0.415622,0.426080,nan,0.199313,nan,1.269115
1286,0.315773,0.367393,-0.413090,0.199280,-1.336523,1.048479
1287,0.298605,0.304518,nan,0.199280,nan,0.973827
1288,0.467462,0.388505,2.448688,0.199249,-3.680824,1.333366
1289,0.538343,0.578444,nan,0.199249,nan,1.510058
1290,0.375261,0.403964,2.302129,0.199221,-4.091849,1.162048
1291,0.584308,0.522032,nan,0.199221,nan,1.606713
1292,0.496159,0.461147,1.022451,0.199193,-1.397471,1.394461
1293,0.331899,0.366606,nan,0.199193,nan,1.047473
1294,0.437128,0.447882,0.606492,0.199166,-2.012400,1.277586
1295,0.666340,0.621126,nan,0.199166,nan,1.792577
1296,0.627787,0.594681,-0.785988,0.199137,-0.468028,1.681877
1297,0.548481,0.533678,nan,0.199137,nan,1.497400
1298,0.437502,0.428203,-0.267460,0.199108,-0.657244,1.296679
1299,0.500773,0.563287,nan,0.199108,nan,1.425013
1300,0.663075,0.649372,1.358817,0.199080,-3.499852,1.784832
1301,0.673342,0.642002,nan,0.199080,nan,1.779181
1302,0.283584,0.307330,1.371080,0.199054,-2.804508,0.942757
1303,0.456669,0.507923,nan,0.199054,nan,1.336450
1304,0.325236,0.317893,0.774391,0.199026,-0.171638,1.033106
1305,0.389439,0.388858,nan,0.199026,nan,1.204808
1306,0.474320,0.412450,-0.230998,0.198999,-1.454834,1.395449
1307,0.651519,0.649166,nan,0.198999,nan,1.772956
1308,0.479784,0.476639,0.010471,0.198971,-1.095004,1.395439
1309,0.573352,0.497725,nan,0.198971,nan,1.589495
1310,0.369388,0.383458,0.499554,0.198942,-1.406497,1.138577
1311,0.336757,0.402363,nan,0.198942,nan,1.085819
1312,0.493068,0.513377,-0.014588,0.198912,1.312585,1.400721
1313,0.370779,0.384677,nan,0.198912,nan,1.145281
1314,0.444430,0.444763,0.906010,0.198883,-2.774119,1.299135
1315,0.407696,0.413312,nan,0.198883,nan,1.216778
1316,0.354822,0.324599,-0.500191,0.198853,-0.737592,1.119849
1317,0.570670,0.574063,nan,0.198853,nan,1.570777
1318,0.411238,0.382725,1.010940,0.198825,-2.778637,1.250862
1319,0.481928,0.468309,nan,0.198825,nan,1.384559
1320,0.305355,0.316881,0.584550,0.198797,-2.111152,1.010532
1321,0.297538,0.303042,nan,0.198797,nan,0.998177
1322,0.385914,0.391517,1.252466,0.198773,-5.657468,1.196777
1323,0.357945,0.353398,nan,0.198773,nan,1.141683
1324,0.357509,0.336679,-0.636204,0.198747,0.813459,1.140083
1325,0.268752,0.271775,nan,0.198747,nan,0.932570
1326,0.313538,0.338131,0.841312,0.198721,-1.838717,0.991020
1327,0.441037,0.492333,nan,0.198721,nan,1.296279
1328,0.440464,0.495983,1.352443,0.198696,-3.072111,1.313100
1329,0.424915,0.414165,nan,0.198696,nan,1.273901
1330,0.451906,0.395058,0.990075,0.198672,-2.688330,1.309021
1331,0.413356,0.376337,nan,0.198672,nan,1.281326
1332,0.564671,0.500093,-0.424576,0.198648,-2.346991,1.538305
1333,0.588352,0.465695,nan,0.198648,nan,1.619613
1334,0.485294,0.429489,0.203815,0.198622,0.586489,1.391739
1335,0.318186,0.343177,nan,0.198622,nan,1.039154
1336,0.347921,0.328890,0.693169,0.198596,-1.179199,1.112333
1337,0.415778,0.422937,nan,0.198596,nan,1.223933
1338,0.396286,0.373468,0.852292,0.198571,-2.926445,1.220172
1339,0.453145,0.393584,nan,0.198571,nan,1.343507
1340,0.385709,0.382693,-0.263763,0.198544,0.110336,1.201024
1341,0.428767,0.422030,nan,0.198544,nan,1.294104
1342,0.431048,0.454783,0.851214,0.198518,-3.085218,1.258195
1343,0.460313,0.511662,nan,0.198518,nan,1.338062
1344,0.380979,0.384574,-0.034654,0.198491,1.034496,1.180156
1345,0.452694,0.491137,nan,0.198491,nan,1.352817
1346,0.559390,0.588938,0.005936,0.198462,-0.137409,1.569248
1347,0.357768,0.421429,nan,0.198462,nan,1.111723
1348,0.364175,0.440257,0.161994,0.198433,-1.194840,1.151576
1349,0.316403,0.312510,nan,0.198433,nan,0.985590
1350,0.306662,0.297806,0.795780,0.198404,-1.848986,1.022062
1351,0.372404,0.418639,nan,0.198404,nan,1.124358
1352,0.244606,0.238569,1.691216,0.198376,-1.002864,0.868466
1353,0.399968,0.374959,nan,0.198376,nan,1.214308
1354,0.431527,0.406950,0.894115,0.198348,-2.478231,1.269635
1355,0.430216,0.388997,nan,0.198348,nan,1.287555
1356,0.327699,0.325915,1.521609,0.198322,-3.046661,1.048266
1357,0.486069,0.486067,nan,0.198322,nan,1.402231
1358,0.347586,0.357482,0.779078,0.198297,-3.196240,1.091820
1359,0.472416,0.438907,nan,0.198297,nan,1.406537
1360,0.284977,0.256083,0.667117,0.198273,-2.830858,0.957602
1361,0.347285,0.348551,nan,0.198273,nan,1.077628
1362,0.305620,0.290881,0.210431,0.198249,-2.103914,1.017319
1363,0.420602,0.464023,nan,0.198249,nan,1.266864
1364,0.380994,0.436657,0.339465,0.198226,-2.237804,1.183545
1365,0.319169,0.308129,nan,0.198226,nan,1.031217
1366,0.374583,0.320760,0.921858,0.198202,-1.394576,1.176730
1367,0.374328,0.331159,nan,0.198202,nan,1.170230
1368,0.383992,0.449357,1.189384,0.198177,-1.114441,1.203749
1369,0.484745,0.402366,nan,0.198177,nan,1.409261
1370,0.504222,0.500980,0.925834,0.198153,-1.567493,1.419976
1371,0.446514,0.403344,nan,0.198153,nan,1.300306
1372,0.538954,0.485571,0.721858,0.198128,-1.460817,1.512707
1373,0.591485,0.474211,nan,0.198128,nan,1.599736
1374,0.569196,0.495844,-0.017453,0.198102,-0.342422,1.573319
1375,0.527569,0.526578,nan,0.198102,nan,1.494828
1376,0.445037,0.338748,-0.632197,0.198074,0.551336,1.334411
1377,0.406159,0.353433,nan,0.198074,nan,1.200005
1378,0.402463,0.390316,0.853816,0.198046,-1.250494,1.224278
1379,0.549858,0.555917,nan,0.198046,nan,1.489934
1380,0.324525,0.316111,0.415793,0.198016,1.001482,1.021680
1381,0.554061,0.591762,nan,0.198016,nan,1.532291
1382,0.385833,0.368847,0.353242,0.197987,-2.200796,1.212178
1383,0.352983,0.312299,nan,0.197987,nan,1.123276
1384,0.456024,0.351700,0.194036,0.197957,-0.299546,1.342639
1385,0.356663,0.393173,nan,0.197957,nan,1.129407
1386,0.453175,0.541843,0.438698,0.197928,-2.041281,1.335213
1387,0.587645,0.464308,nan,0.197928,nan,1.610705
1388,0.328957,0.345132,0.608792,0.197898,0.731538,1.071796
1389,0.393065,0.423651,nan,0.197898,nan,1.208283
1390,0.351097,0.442585,0.593572,0.197867,-0.618453,1.103864
1391,0.373241,0.410128,nan,0.197867,nan,1.124547
1392,0.439396,0.418945,-0.871593,0.197836,-0.907101,1.274714
1393,0.525193,0.538643,nan,0.197836,nan,1.493762
1394,0.531754,0.476063,0.312972,0.197805,-0.646871,1.513052
1395,0.433111,0.427557,nan,0.197805,nan,1.259636
1396,0.450064,0.414980,0.578580,0.197776,-3.422091,1.299902
1397,0.364425,0.367400,nan,0.197776,nan,1.122128
1398,0.377781,0.482715,0.340173,0.197747,-0.715684,1.167672
1399,0.306507,0.319203,nan,0.197747,nan,0.985578
1400,0.334412,0.346209,0.951722,0.197717,-0.792172,1.033626
1401,0.326626,0.317009,nan,0.197717,nan,1.044977
1402,0.465870,0.419637,0.984777,0.197688,-2.367939,1.354144
1403,0.407743,0.385066,nan,0.197688,nan,1.222334
1404,0.410164,0.466888,0.637737,0.197659,-0.495363,1.241624
1405,0.533220,0.448393,nan,0.197659,nan,1.468165
1406,0.662523,0.647069,1.478560,0.197630,-0.958542,1.755593
1407,0.364719,0.381992,nan,0.197630,nan,1.099913
1408,0.408732,0.384012,-0.204519,0.197599,0.899563,1.232996
1409,0.520917,0.485543,nan,0.197599,nan,1.473688
1410,0.386619,0.370444,-0.772593,0.197568,-0.438373,1.181153
1411,0.411623,0.393940,nan,0.197568,nan,1.244377
1412,0.317040,0.295884,0.659498,0.197538,-1.608283,1.006975
1413,0.240414,0.243406,nan,0.197538,nan,0.849999
1414,0.431237,0.340551,-0.068882,0.197506,0.265522,1.294637
1415,0.396453,0.424852,nan,0.197506,nan,1.214707
1416,0.382278,0.346247,0.775937,0.197475,-1.536536,1.136631
1417,0.445693,0.451470,nan,0.197475,nan,1.312395
1418,0.379568,0.322566,1.257655,0.197445,-2.088166,1.167180
1419,0.344762,0.336196,nan,0.197445,nan,1.114254
1420,0.480463,0.448734,0.929303,0.197415,-0.806461,1.368187
1421,0.454102,0.407253,nan,0.197415,nan,1.327175
1422,0.489252,0.471773,-0.318913,0.197385,-0.915347,1.408301
1423,0.429256,0.349750,nan,0.197385,nan,1.278645
1424,0.569747,0.486724,-0.005142,0.197355,-0.292133,1.597884
1425,0.477838,0.367592,nan,0.197355,nan,1.389578
1426,0.325118,0.298348,1.083966,0.197324,-1.557467,1.019735
1427,0.491550,0.528432,nan,0.197324,nan,1.376247
1428,0.528352,0.482277,0.573946,0.197292,1.894277,1.483440
1429,0.288129,0.331460,nan,0.197292,nan,0.955112
1430,0.514946,0.340755,0.572597,0.197259,0.118240,1.456305
1431,0.485053,0.462694,nan,0.197259,nan,1.402232
1432,0.331748,0.278298,0.486596,0.197227,-0.794599,1.028802
1433,0.429745,0.400215,nan,0.197227,nan,1.284709
1434,0.323312,0.293757,1.010963,0.197195,-1.596458,1.008152
1435,0.483981,0.506170,nan,0.197195,nan,1.386037
1436,0.317010,0.329251,0.505967,0.197163,-0.462639,1.056211
1437,0.380085,0.399603,nan,0.197163,nan,1.197178
1438,0.504484,0.446577,0.442941,0.197132,-2.412098,1.442419
1439,0.501400,0.495379,nan,0.197132,nan,1.416965
1440,0.374478,0.442610,0.322443,0.197103,-2.459486,1.144830
1441,0.510230,0.487792,nan,0.197103,nan,1.422820
1442,0.449879,0.391106,-0.247818,0.197072,1.164591,1.321965
1443,0.572775,0.533929,nan,0.197072,nan,1.599522
1444,0.604057,0.575329,0.639722,0.197043,-3.118354,1.644176
1445,0.370336,0.345608,nan,0.197043,nan,1.153893
1446,0.419376,0.416330,0.620311,0.197015,-2.188189,1.224251
1447,0.355724,0.387569,nan,0.197015,nan,1.098711
1448,0.334835,0.419460,0.957321,0.196987,-0.439755,1.061211
1449,0.276771,0.261437,nan,0.196987,nan,0.915855
1450,0.326842,0.361707,0.689660,0.196957,0.246759,1.025705
1451,0.549117,0.578485,nan,0.196957,nan,1.535224
1452,0.517239,0.541371,0.329343,0.196927,0.029712,1.443278
1453,0.607805,0.555865,nan,0.196927,nan,1.650650
1454,0.654861,0.590921,-0.158681,0.196897,-2.010399,1.762048
1455,0.477889,0.428281,nan,0.196897,nan,1.375932
1456,0.502618,0.448154,0.111685,0.196867,0.745088,1.427232
1457,0.520042,0.537190,nan,0.196867,nan,1.489164
1458,0.554957,0.491672,1.980917,0.196835,0.467724,1.505049
1459,0.427070,0.422637,nan,0.196835,nan,1.261947
1460,0.486218,0.514547,1.290710,0.196805,-2.755301,1.376543
1461,0.504950,0.510427,nan,0.196805,nan,1.403773
1462,0.568682,0.464298,0.933086,0.196776,-1.526400,1.557828
1463,0.622677,0.588959,nan,0.196776,nan,1.661760
1464,0.678389,0.592721,0.272807,0.196746,-1.019992,1.802729
1465,0.680097,0.657653,nan,0.196746,nan,1.797725
1466,0.769491,0.665964,0.765236,0.196720,-4.102562,1.985340
1467,0.499574,0.491908,nan,0.196720,nan,1.432766
1468,0.632080,0.607869,0.806137,0.196693,-0.766411,1.699463
1469,0.397408,0.383697,nan,0.196693,nan,1.211926
1470,0.506114,0.509897,0.817894,0.196666,-1.215055,1.430684
1471,0.455662,0.410358,nan,0.196666,nan,1.320574
1472,0.432127,0.418144,0.399528,0.196639,-1.714786,1.274445
1473,0.616367,0.593527,nan,0.196639,nan,1.687801
1474,0.409329,0.372286,1.175557,0.196614,-2.840168,1.224116
1475,0.358152,0.337199,nan,0.196614,nan,1.090540
1476,0.424632,0.414572,0.745513,0.196587,-0.477068,1.251105
1477,0.481360,0.451207,nan,0.196587,nan,1.399349
1478,0.409237,0.388347,0.855963,0.196560,0.261642,1.239754
1479,0.240680,0.235920,nan,0.196560,nan,0.807360
1480,0.436396,0.421605,0.110117,0.196533,-1.082701,1.254146
1481,0.425185,0.427281,nan,0.196533,nan,1.297864
1482,0.394024,0.421702,0.114999,0.196505,-0.302754,1.189061
1483,0.221317,0.206070,nan,0.196505,nan,0.799263
1484,0.403084,0.425122,0.905489,0.196476,-0.181031,1.212277
1485,0.400830,0.411122,nan,0.196476,nan,1.180794
1486,0.383071,0.371856,0.236103,0.196447,-0.559819,1.196530
1487,0.358839,0.341900,nan,0.196447,nan,1.090945
1488,0.320096,0.362655,0.575935,0.196419,-1.374223,1.015552
1489,0.398366,0.419513,nan,0.196419,nan,1.195041
1490,0.439311,0.442590,0.544270,0.196391,-1.543376,1.255513
1491,0.478362,0.483619,nan,0.196391,nan,1.365731
1492,0.465262,0.416322,0.664184,0.196363,-1.889091,1.310861
1493,0.386380,0.377648,nan,0.196363,nan,1.161683
1494,0.433471,0.420663,-0.550290,0.196334,0.828231,1.271060
1495,0.411289,0.481308,nan,0.196334,nan,1.207213
1496,0.457100,0.526140,0.685712,0.196305,-0.140581,1.320773
1497,0.297993,0.287783,nan,0.196305,nan,0.983846
1498,0.397604,0.594537,2.123175,0.196275,-0.236973,1.200714
1499,0.490989,0.553134,nan,0.196275,nan,1.374454
1500,0.315969,0.274391,1.918478,0.196246,-2.191178,1.033691
1501,0.449480,0.475515,nan,0.196246,nan,1.304071
1502,0.509797,0.550346,0.259389,0.196217,-0.477527,1.435385
1503,0.488177,0.428010,nan,0.196217,nan,1.382484
1504,0.297675,0.295679,-0.302114,0.196188,-0.376071,0.969048
1505,0.575727,0.541326,nan,0.196188,nan,1.588910
1506,0.410860,0.371690,0.101194,0.196158,0.069574,1.243209
1507,0.491633,0.473163,nan,0.196158,nan,1.389587
1508,0.293128,0.313202,0.833599,0.196128,-1.006868,0.963277
1509,0.470931,0.533102,nan,0.196128,nan,1.354236
1510,0.405172,0.401997,0.372001,0.196098,-1.315592,1.205775
1511,0.402736,0.441282,nan,0.196098,nan,1.207524
1512,0.285091,0.336318,0.919964,0.196070,-1.320374,0.953467
1513,0.360555,0.337859,nan,0.196070,nan,1.111781
1514,0.359283,0.352811,0.570565,0.196040,-0.364374,1.116317
1515,0.348041,0.423699,nan,0.196040,nan,1.105449
1516,0.363590,0.323731,1.251594,0.196010,0.583351,1.098140
1517,0.656868,0.625301,nan,0.196010,nan,1.727884
1518,0.317105,0.297935,1.252600,0.195980,-1.364176,1.004268
1519,0.314665,0.360545,nan,0.195980,nan,1.028045
1520,0.578455,0.611018,1.373939,0.195952,-2.217951,1.579353
1521,0.307735,0.326858,nan,0.195952,nan,0.993633
1522,0.370302,0.347972,0.990040,0.195923,-0.681708,1.148682
1523,0.480513,0.456287,nan,0.195923,nan,1.378961
1524,0.370399,0.333151,0.751938,0.195894,-1.181979,1.124761
1525,0.612004,0.618188,nan,0.195894,nan,1.653511
1526,0.485932,0.424786,0.356198,0.195867,-1.717602,1.399375
1527,0.564003,0.573575,nan,0.195867,nan,1.567649
1528,0.533160,0.426230,-0.703662,0.195838,-0.526290,1.479501
1529,0.624913,0.637707,nan,0.195838,nan,1.681827
1530,0.461860,0.488779,0.360064,0.195809,0.449873,1.320301
1531,0.494808,0.478632,nan,0.195809,nan,1.429332
1532,0.343615,0.338268,1.515783,0.195780,-0.860917,1.082296
1533,0.592970,0.441591,nan,0.195780,nan,1.607889
1534,0.743469,0.452946,1.042244,0.195751,-0.011980,1.941244
1535,0.318901,0.237579,nan,0.195751,nan,1.036640
1536,0.446467,0.556228,0.847228,0.195721,-1.055534,1.294535
1537,0.474670,0.406732,nan,0.195721,nan,1.341361
1538,0.425774,0.328156,0.124600,0.195692,-0.336724,1.238613
1539,0.674340,0.592895,nan,0.195692,nan,1.791770
1540,0.640702,0.590896,-0.228718,0.195660,2.323276,1.733315
1541,0.378514,0.316413,nan,0.195660,nan,1.148055
1542,0.535559,0.546671,0.977626,0.195628,0.182229,1.505349
1543,0.503908,0.489147,nan,0.195628,nan,1.426975
1544,0.537749,0.494148,-0.154002,0.195594,1.482453,1.511967
1545,0.437392,0.424171,nan,0.195594,nan,1.292545
1546,0.462482,0.525414,-0.552576,0.195561,-0.458931,1.344597
1547,0.642850,0.676425,nan,0.195561,nan,1.722817
1548,0.440678,0.388316,0.487418,0.195530,-2.354343,1.289186
1549,0.590120,0.421696,nan,0.195530,nan,1.619171
1550,0.647395,0.523664,0.373758,0.195497,0.696680,1.739577
1551,0.572109,0.529465,nan,0.195497,nan,1.565205
1552,0.908891,0.731932,0.605823,0.195463,2.614680,2.287556
1553,0.486354,0.379036,nan,0.195463,nan,1.393720
1554,0.456683,0.515305,1.909552,0.195430,-1.640994,1.304538
1555,0.428863,0.523430,nan,0.195430,nan,1.286080
1556,0.542997,0.538853,1.618575,0.195398,-1.577729,1.501855
1557,0.537870,0.553762,nan,0.195398,nan,1.504300
1558,0.408604,0.365309,0.655339,0.195366,0.055963,1.251944
1559,0.425600,0.495839,nan,0.195366,nan,1.286193
1560,0.407197,0.448101,0.688545,0.195335,-1.414819,1.229213
1561,0.460621,0.532109,nan,0.195335,nan,1.358535
1562,0.327852,0.311005,0.986439,0.195303,-0.117481,1.029162
1563,0.435497,0.400279,nan,0.195303,nan,1.303886
1564,0.390072,0.383798,0.577453,0.195273,-1.531477,1.176492
1565,0.466674,0.496647,nan,0.195273,nan,1.343040
1566,0.406954,0.425577,0.534201,0.195244,-2.002470,1.232591
1567,0.438143,0.387435,nan,0.195244,nan,1.290326
1568,0.512536,0.518506,0.033458,0.195214,0.378078,1.456415
1569,0.290650,0.346610,nan,0.195214,nan,1.001738
1570,0.319508,0.326964,1.229901,0.195185,-1.984785,1.054258
1571,0.471292,0.471472,nan,0.195185,nan,1.384821
1572,0.459036,0.462517,0.918935,0.195157,-1.844929,1.346289
1573,0.387712,0.441923,nan,0.195157,nan,1.186275
1574,0.395642,0.341637,0.041014,0.195129,-1.563200,1.192822
1575,0.449546,0.429509,nan,0.195129,nan,1.308907
1576,0.448279,0.399891,0.980122,0.195101,-0.601400,1.328091
1577,0.425187,0.438121,nan,0.195101,nan,1.245546
1578,0.483255,0.486847,1.071290,0.195074,-0.562391,1.379213
1579,0.340615,0.353355,nan,0.195074,nan,1.063755
1580,0.588510,0.586385,-0.027244,0.195044,1.772237,1.598397
1581,0.413403,0.385065,nan,0.195044,nan,1.231609
1582,0.413149,0.420316,-0.282396,0.195013,1.378963,1.208054
1583,0.533634,0.612814,nan,0.195013,nan,1.492992
1584,0.488770,0.528192,0.755178,0.194984,-2.519626,1.395841
1585,0.302712,0.276148,nan,0.194984,nan,1.005441
1586,0.504585,0.566250,1.110535,0.194955,-1.406928,1.419854
1587,0.495623,0.520286,nan,0.194955,nan,1.387342
1588,0.355517,0.292192,-0.103820,0.194925,0.810750,1.082047
1589,0.498816,0.490731,nan,0.194925,nan,1.455383
1590,0.326750,0.292072,0.940022,0.194896,-1.187065,1.041384
1591,0.530322,0.529296,nan,0.194896,nan,1.482775
1592,0.448583,0.445529,0.019210,0.194865,2.545577,1.328989
1593,0.281376,0.279099,nan,0.194865,nan,0.950744
1594,0.304974,0.289702,1.081363,0.194834,-1.711222,0.992885
1595,0.454451,0.438653,nan,0.194834,nan,1.287814
1596,0.517298,0.451578,0.596507,0.194802,2.247716,1.455470
1597,0.397996,0.374448,nan,0.194802,nan,1.182961
1598,0.399902,0.401974,-0.368445,0.194770,0.587266,1.217184
1599,0.373317,0.352869,nan,0.194770,nan,1.140028
1600,0.422274,0.421046,0.049036,0.194737,0.789359,1.267277
1601,0.527848,0.531277,nan,0.194737,nan,1.475407
1602,0.407436,0.397797,1.237662,0.194705,-1.952319,1.204102
1603,0.496656,0.484728,nan,0.194705,nan,1.410581
1604,0.453042,0.464131,0.559858,0.194674,-0.875630,1.335908
1605,0.383218,0.323672,nan,0.194674,nan,1.180738
1606,0.436252,0.398580,1.066435,0.194642,1.419449,1.285603
1607,0.468389,0.470022,nan,0.194642,nan,1.343483
1608,0.389568,0.341839,0.136408,0.194611,-1.396648,1.213915
1609,0.398061,0.477690,nan,0.194611,nan,1.205176
1610,0.367641,0.431698,0.334182,0.194580,-0.690090,1.155900
1611,0.250406,0.256737,nan,0.194580,nan,0.851819
1612,0.298731,0.211733,1.326413,0.194550,-0.915134,0.995746
1613,0.412651,0.431223,nan,0.194550,nan,1.224375
1614,0.434192,0.409806,0.837436,0.194519,-0.611627,1.298524
1615,0.376239,0.399374,nan,0.194519,nan,1.161537
1616,0.430046,0.454336,0.988346,0.194489,0.543811,1.254845
1617,0.339469,0.268536,nan,0.194489,nan,1.064599
1618,0.349236,0.339436,0.301141,0.194457,1.324935,1.097986
1619,0.254609,0.253439,nan,0.194457,nan,0.870668
1620,0.404894,0.273843,-0.154475,0.194424,1.216377,1.228482
1621,0.402031,0.429331,nan,0.194424,nan,1.203014
1622,0.483630,0.506166,-0.158502,0.194390,3.365260,1.388649
1623,0.508086,0.493701,nan,0.194390,nan,1.426848
1624,0.408873,0.395986,-0.167344,0.194355,1.131176,1.248386
1625,0.344405,0.334892,nan,0.194355,nan,1.095771
1626,0.261020,0.263415,0.375727,0.194319,0.834948,0.907785
1627,0.485349,0.491512,nan,0.194319,nan,1.367758
1628,0.523677,0.474690,1.038233,0.194285,-1.515961,1.460707
1629,0.496955,0.477574,nan,0.194285,nan,1.417004
1630,0.627525,0.601272,0.714790,0.194252,-0.803766,1.699286
1631,0.532095,0.489783,nan,0.194252,nan,1.485779
1632,0.339471,0.340612,1.562039,0.194219,0.131361,1.094603
1633,0.449979,0.490253,nan,0.194219,nan,1.303516
1634,0.497887,0.495107,-0.317314,0.194186,-0.078992,1.416936
1635,0.527912,0.525331,nan,0.194186,nan,1.486525
1636,0.506151,0.512483,0.759365,0.194154,-0.637520,1.436000
1637,0.470782,0.452669,nan,0.194154,nan,1.352098
1638,0.438076,0.411714,0.524452,0.194122,0.814148,1.295479
1639,0.424147,0.405073,nan,0.194122,nan,1.270098
1640,0.581059,0.510633,1.563881,0.194090,-1.084266,1.597119
1641,0.397844,0.456346,nan,0.194090,nan,1.194140
1642,0.443086,0.505264,1.082256,0.194058,-0.277179,1.272658
1643,0.643680,0.634904,nan,0.194058,nan,1.693356
1644,0.669675,0.706499,0.052250,0.194026,0.539672,1.764507
1645,0.491250,0.456409,nan,0.194026,nan,1.402375
1646,0.422885,0.379319,0.760425,0.193995,-1.011660,1.258353
1647,0.654723,0.630992,nan,0.193995,nan,1.739938
1648,0.480163,0.415684,1.101340,0.193964,-0.224262,1.392385
1649,0.506655,0.496462,nan,0.193964,nan,1.396636
1650,0.602347,0.645611,0.464532,0.193932,2.118037,1.612273
1651,0.479348,0.476858,nan,0.193932,nan,1.328980
1652,0.394054,0.407185,0.983725,0.193900,0.148791,1.169909
1653,0.516832,0.469366,nan,0.193900,nan,1.456665
1654,0.366047,0.340303,1.232479,0.193868,-0.394422,1.145291
1655,0.377803,0.402560,nan,0.193868,nan,1.147453
1656,0.378339,0.423723,0.821908,0.193836,0.371747,1.140960
1657,0.451770,0.403279,nan,0.193836,nan,1.329680
1658,0.482786,0.421620,0.951899,0.193805,-1.405761,1.389143
1659,0.462592,0.431277,nan,0.193805,nan,1.313699
1660,0.480927,0.459867,-0.292587,0.193773,1.643386,1.399159
1661,0.542536,0.514998,nan,0.193773,nan,1.490251
1662,0.653652,0.667931,0.737032,0.193740,1.447231,1.716826
1663,0.462777,0.456647,nan,0.193740,nan,1.333341
1664,0.312477,0.327092,0.134126,0.193707,1.351103,1.019732
1665,0.418645,0.438557,nan,0.193707,nan,1.234774
1666,0.569262,0.539303,2.577688,0.193673,0.459781,1.587403
1667,0.585227,0.577199,nan,0.193673,nan,1.608978
1668,0.412528,0.416650,0.223419,0.193639,1.558344,1.214445
1669,0.290059,0.340175,nan,0.193639,nan,0.979849
1670,0.513966,0.476761,0.519338,0.193606,-0.513858,1.464327
1671,0.430971,0.413805,nan,0.193606,nan,1.289544
1672,0.476411,0.397627,0.240755,0.193572,1.271149,1.370978
1673,0.358211,0.385287,nan,0.193572,nan,1.121431
1674,0.590748,0.608224,1.940190,0.193538,-0.037341,1.616214
1675,0.434202,0.430171,nan,0.193538,nan,1.276680
1676,0.624471,0.629772,1.435856,0.193505,0.663981,1.668441
1677,0.313875,0.308656,nan,0.193505,nan,0.984484
1678,0.306885,0.333176,1.802971,0.193472,-0.723467,1.020217
1679,0.398438,0.399495,nan,0.193472,nan,1.165020
1680,0.449189,0.399928,0.248682,0.193439,1.166307,1.328360
1681,0.631237,0.626234,nan,0.193439,nan,1.698508
1682,0.369974,0.343514,-0.353210,0.193405,0.949606,1.139225
1683,0.536065,0.525750,nan,0.193405,nan,1.486948
1684,0.529802,0.537548,0.403433,0.193373,-0.774967,1.458963
1685,0.423798,0.416419,nan,0.193373,nan,1.255862
1686,0.305932,0.312296,1.201810,0.193341,-0.677691,1.003261
1687,0.417563,0.509496,nan,0.193341,nan,1.240748
1688,0.522968,0.550242,0.659102,0.193309,0.256667,1.467650
1689,0.476283,0.470090,nan,0.193309,nan,1.340626
1690,0.291867,0.268459,0.450402,0.193277,0.768544,0.967769
1691,0.414216,0.368028,nan,0.193277,nan,1.242523
1692,0.406746,0.454030,-0.200815,0.193244,0.658533,1.220980
1693,0.435851,0.485425,nan,0.193244,nan,1.294134
1694,0.512188,0.614218,0.049987,0.193212,-0.099739,1.441089
1695,0.505175,0.501925,nan,0.193212,nan,1.415345
1696,0.608411,0.633020,2.089318,0.193180,0.794776,1.651828
1697,0.491574,0.510408,nan,0.193180,nan,1.412656
1698,0.738360,0.645301,1.873845,0.193149,-0.702855,1.907252
1699,0.559948,0.497947,nan,0.193149,nan,1.540868
1700,0.415022,0.472025,0.802199,0.193117,0.616138,1.200835
1701,0.571054,0.584315,nan,0.193117,nan,1.567850
1702,0.599086,0.615491,0.704401,0.193086,-1.431687,1.625363
1703,0.416207,0.421290,nan,0.193086,nan,1.231563
1704,0.461247,0.438486,1.477014,0.193056,0.415477,1.333491
1705,0.362316,0.393095,nan,0.193056,nan,1.139172
1706,0.435842,0.413641,1.583881,0.193025,0.426095,1.268987
1707,0.482810,0.487145,nan,0.193025,nan,1.399411
1708,0.490857,0.514393,2.211841,0.192994,0.221760,1.378206
1709,0.557203,0.559479,nan,0.192994,nan,1.551551
1710,0.547467,0.549869,1.155655,0.192962,1.480734,1.492585
1711,0.403816,0.442151,nan,0.192962,nan,1.208190
1712,0.509432,0.558620,1.127867,0.192932,-1.458914,1.447800
1713,0.527266,0.499522,nan,0.192932,nan,1.466192
1714,0.501175,0.467835,1.738541,0.192901,0.116671,1.410545
1715,0.322020,0.337108,nan,0.192901,nan,1.003965
1716,0.376549,0.388732,0.498954,0.192870,1.402061,1.145051
1717,0.324867,0.326691,nan,0.192870,nan,1.026960
1718,0.415803,0.448109,1.238995,0.192838,1.738692,1.238001
1719,0.381909,0.400868,nan,0.192838,nan,1.143468
1720,0.475877,0.431023,1.116907,0.192805,2.141613,1.369186
1721,0.410400,0.475682,nan,0.192805,nan,1.236281
1722,0.568135,0.603588,1.572317,0.192773,-0.993905,1.531951
1723,0.515808,0.452673,nan,0.192773,nan,1.462295
1724,0.399348,0.418106,1.688284,0.192741,0.274878,1.177091
1725,0.393934,0.346344,nan,0.192741,nan,1.155984
1726,0.375034,0.385419,1.639132,0.192709,0.447477,1.140526
1727,0.418586,0.437979,nan,0.192709,nan,1.224056
1728,0.353032,0.362804,1.083033,0.192678,-0.634760,1.101531
1729,0.278946,0.339367,nan,0.192678,nan,0.948477
1730,0.437928,0.440334,1.454214,0.192647,0.586095,1.264271
1731,0.398496,0.395041,nan,0.192647,nan,1.187553
1732,0.476198,0.523579,1.358636,0.192616,0.477760,1.336506
1733,0.439835,0.481427,nan,0.192616,nan,1.303363
1734,0.595665,0.582442,1.367897,0.192585,0.214869,1.621819
1735,0.411315,0.418241,nan,0.192585,nan,1.225260
1736,0.432167,0.444178,1.359895,0.192554,-0.867182,1.260060
1737,0.455979,0.457931,nan,0.192554,nan,1.328579
1738,0.423381,0.364625,0.154875,0.192523,1.793465,1.247038
1739,0.504925,0.479441,nan,0.192523,nan,1.444514
1740,0.468051,0.525793,0.733870,0.192491,1.790090,1.360910
1741,0.655649,0.624658,nan,0.192491,nan,1.725042
1742,0.428719,0.386826,1.398914,0.192458,2.122201,1.248388
1743,0.539847,0.546072,nan,0.192458,nan,1.484380
1744,0.516668,0.452744,1.384872,0.192424,1.642677,1.452552
1745,0.427183,0.425886,nan,0.192424,nan,1.244685
1746,0.456705,0.423061,0.407995,0.192392,-1.061659,1.290073
1747,0.377469,0.352175,nan,0.192392,nan,1.157441
1748,0.385775,0.417746,0.710552,0.192360,0.096533,1.164837
1749,0.351143,0.300258,nan,0.192360,nan,1.099996
1750,0.487464,0.489164,1.104432,0.192327,1.305676,1.392311
1751,0.434149,0.382250,nan,0.192327,nan,1.263750
1752,0.340520,0.386579,1.451104,0.192295,0.009489,1.053285
1753,0.381378,0.407254,nan,0.192295,nan,1.157986
1754,0.435263,0.536436,1.195857,0.192263,2.075105,1.268574
1755,0.399327,0.299570,nan,0.192263,nan,1.186880
1756,0.512303,0.488345,0.579039,0.192230,0.353118,1.442575
1757,0.472645,0.557224,nan,0.192230,nan,1.350737
1758,0.569090,0.583627,0.385071,0.192196,2.584102,1.565207
1759,0.411725,0.459045,nan,0.192196,nan,1.222804
1760,0.489587,0.541167,1.312869,0.192163,-0.088099,1.371209
1761,0.562055,0.588344,nan,0.192163,nan,1.505703
1762,0.410759,0.369217,0.655769,0.192129,2.649933,1.215004
1763,0.380041,0.384714,nan,0.192129,nan,1.161325
1764,0.502500,0.517989,1.725854,0.192097,-1.384629,1.399093
1765,0.551706,0.559676,nan,0.192097,nan,1.526001
1766,0.499378,0.504870,2.007190,0.192064,1.246915,1.383355
1767,0.391181,0.375606,nan,0.192064,nan,1.171074
1768,0.686509,0.729282,1.308826,0.192032,-0.624277,1.801223
1769,0.499266,0.462079,nan,0.192032,nan,1.395532
1770,0.446331,0.400719,1.217127,0.192001,-0.329692,1.272107
1771,0.670824,0.620566,nan,0.192001,nan,1.788241
1772,0.452198,0.454520,1.927063,0.191970,-0.660688,1.322965
1773,0.391830,0.369027,nan,0.191970,nan,1.145751
1774,0.435686,0.472287,1.826369,0.191940,0.203775,1.262656
1775,0.357615,0.296560,nan,0.191940,nan,1.104341
1776,0.525158,0.437029,2.028441,0.191910,-1.411689,1.468286
1777,0.364589,0.354482,nan,0.191910,nan,1.073000
1778,0.530435,0.538109,0.664123,0.191880,1.180010,1.471367
1779,0.427952,0.404298,nan,0.191880,nan,1.234054
1780,0.539628,0.601526,1.696335,0.191850,1.783828,1.489209
1781,0.480959,0.635914,nan,0.191850,nan,1.366691
1782,0.618989,0.650351,0.819597,0.191819,0.764819,1.659751
1783,0.537488,0.480229,nan,0.191819,nan,1.486109
1784,0.434443,0.415019,0.918499,0.191787,2.627325,1.268457
1785,0.555254,0.549439,nan,0.191787,nan,1.516060
1786,0.543264,0.460953,2.231468,0.191755,0.602945,1.498039
1787,0.347068,0.340127,nan,0.191755,nan,1.063663
1788,0.459584,0.425519,1.886512,0.191724,-0.057365,1.322053
1789,0.489780,0.503640,nan,0.191724,nan,1.385000
1790,0.322545,0.290513,1.511214,0.191692,1.573338,1.024797
1791,0.489790,0.455234,nan,0.191692,nan,1.360146
1792,0.329082,0.371378,1.988044,0.191660,0.692976,1.036781
1793,0.357126,0.354119,nan,0.191660,nan,1.100717
1794,0.436718,0.441708,1.955594,0.191629,0.313320,1.275629
1795,0.312678,0.374038,nan,0.191629,nan,1.017744
1796,0.442401,0.394661,1.073860,0.191597,0.532704,1.295529
1797,0.451606,0.415494,nan,0.191597,nan,1.290087
1798,0.510903,0.517191,1.402359,0.191566,0.370763,1.418444
1799,0.529128,0.551326,nan,0.191566,nan,1.458186
1800,0.497855,0.505248,2.818245,0.191536,-0.779843,1.407413
1801,0.350704,0.370404,nan,0.191536,nan,1.058947
1802,0.442193,0.369173,1.893665,0.191506,0.083336,1.274744
1803,0.405066,0.387833,nan,0.191506,nan,1.196183
1804,0.475211,0.444392,1.244384,0.191475,1.572477,1.344059
1805,0.569272,0.564485,nan,0.191475,nan,1.558336
1806,0.505007,0.468099,0.461032,0.191443,2.639684,1.405305
1807,0.379003,0.418851,nan,0.191443,nan,1.135454
1808,0.463757,0.474247,0.882536,0.191411,2.005623,1.345420
1809,0.542883,0.494393,nan,0.191411,nan,1.509889
1810,0.485031,0.454298,1.579744,0.191379,0.416762,1.329659
1811,0.470941,0.469271,nan,0.191379,nan,1.310011
1812,0.479024,0.420201,1.485786,0.191346,2.447913,1.367026
1813,0.476201,0.475033,nan,0.191346,nan,1.338263
1814,0.493251,0.508614,1.764226,0.191314,-0.590785,1.414071
1815,0.322371,0.331300,nan,0.191314,nan,1.030118
1816,0.364408,0.287887,2.010698,0.191282,0.668142,1.108855
1817,0.381076,0.382739,nan,0.191282,nan,1.149957
1818,0.478816,0.380059,1.645566,0.191250,1.855351,1.374920
1819,0.418963,0.510325,nan,0.191250,nan,1.243275
1820,0.493933,0.480240,1.244247,0.191217,1.443192,1.413024
1821,0.402604,0.376229,nan,0.191217,nan,1.192447
1822,0.404886,0.393142,0.563519,0.191185,1.318855,1.203806
1823,0.303620,0.304119,nan,0.191185,nan,0.973235
1824,0.547227,0.539729,1.413369,0.191153,-0.088007,1.501024
1825,0.417161,0.389061,nan,0.191153,nan,1.235291
1826,0.427299,0.413662,0.948668,0.191121,0.757593,1.249169
1827,0.495680,0.478433,nan,0.191121,nan,1.388067
1828,0.411823,0.406102,0.444254,0.191089,0.944609,1.201149
1829,0.285037,0.348928,nan,0.191089,nan,0.925033
1830,0.318724,0.284573,2.002438,0.191058,-0.727127,1.000785
1831,0.427460,0.460935,nan,0.191058,nan,1.271015
1832,0.289489,0.282975,1.738808,0.191027,1.535181,0.929208
1833,0.418793,0.443263,nan,0.191027,nan,1.254165
1834,0.366193,0.357559,1.235620,0.190996,0.299600,1.141109
1835,0.466291,0.469799,nan,0.190996,nan,1.344494
1836,0.540345,0.516635,1.287597,0.190965,1.050771,1.495984
1837,0.479930,0.534735,nan,0.190965,nan,1.372085
1838,0.378217,0.366876,1.595506,0.190934,0.132291,1.162292
1839,0.284758,0.261615,nan,0.190934,nan,0.963003
1840,0.356396,0.348956,0.789923,0.190904,0.488644,1.134797
1841,0.347920,0.319649,nan,0.190904,nan,1.051562
1842,0.505965,0.506063,1.740157,0.190873,0.366914,1.428675
1843,0.437728,0.379985,nan,0.190873,nan,1.244825
1844,0.442027,0.417964,1.140947,0.190842,2.204737,1.305152
1845,0.491055,0.459252,nan,0.190842,nan,1.385730
1846,0.364991,0.380260,1.275698,0.190811,1.525240,1.101221
1847,0.419377,0.468847,nan,0.190811,nan,1.208063
1848,0.352748,0.360528,0.820123,0.190780,0.043491,1.076908
1849,0.476011,0.470945,nan,0.190780,nan,1.377656
1850,0.354341,0.300260,0.728930,0.190748,2.289999,1.096270
1851,0.316776,0.289176,nan,0.190748,nan,1.008891
1852,0.320325,0.338269,1.522546,0.190717,0.186939,1.006867
1853,0.383470,0.369238,nan,0.190717,nan,1.161329
1854,0.345927,0.316558,1.652382,0.190688,-1.902268,1.073766
1855,0.491626,0.470051,nan,0.190688,nan,1.410216
1856,0.358655,0.352595,1.308680,0.190658,0.924396,1.097838
1857,0.529964,0.531175,nan,0.190658,nan,1.459373
1858,0.422492,0.495092,1.931359,0.190627,2.438995,1.253658
1859,0.416019,0.431409,nan,0.190627,nan,1.232944
1860,0.472739,0.534108,1.185019,0.190596,1.432436,1.355268
1861,0.407436,0.389984,nan,0.190596,nan,1.208136
1862,0.434040,0.440141,1.722794,0.190565,1.773582,1.253466
1863,0.342793,0.320727,nan,0.190565,nan,1.066693
1864,0.390106,0.472353,0.250955,0.190533,2.468129,1.179787
1865,0.408150,0.397117,nan,0.190533,nan,1.204397
1866,0.380541,0.382154,1.772300,0.190501,-0.327068,1.163794
1867,0.316769,0.362622,nan,0.190501,nan,1.016648
1868,0.481136,0.303226,1.346676,0.190471,-0.005839,1.400379
1869,0.373547,0.418291,nan,0.190471,nan,1.155621
1870,0.390999,0.471244,1.986740,0.190440,-0.089509,1.176013
1871,0.345915,0.310064,nan,0.190440,nan,1.066670
1872,0.442096,0.462926,1.613630,0.190410,0.713148,1.270600
1873,0.446183,0.405913,nan,0.190410,nan,1.302644
1874,0.324760,0.301990,1.299459,0.190380,1.526300,1.046774
1875,0.360098,0.330366,nan,0.190380,nan,1.107504
1876,0.581910,0.481745,2.501481,0.190350,-0.479517,1.590153
1877,0.286761,0.313076,nan,0.190350,nan,0.952868
1878,0.458918,0.433987,2.166878,0.190319,2.852023,1.347224
1879,0.411594,0.394148,nan,0.190319,nan,1.212329
1880,0.458461,0.393449,1.652033,0.190289,-0.108687,1.328462
1881,0.359002,0.352576,nan,0.190289,nan,1.137826
1882,0.375794,0.348350,1.909103,0.190258,2.634013,1.166083
1883,0.475140,0.441886,nan,0.190258,nan,1.350338
1884,0.581429,0.609612,1.206918,0.190227,1.458784,1.606024
1885,0.531279,0.562678,nan,0.190227,nan,1.473046
1886,0.380209,0.383009,0.948502,0.190196,1.044843,1.177430
1887,0.471008,0.463818,nan,0.190196,nan,1.344909
1888,0.449462,0.441599,0.561103,0.190164,2.386419,1.310945
1889,0.344677,0.361099,nan,0.190164,nan,1.105856
1890,0.358951,0.367518,2.122146,0.190132,1.230110,1.133496
1891,0.550344,0.582919,nan,0.190132,nan,1.549163
1892,0.364154,0.373187,0.967027,0.190099,2.254408,1.102053
1893,0.499124,0.465481,nan,0.190099,nan,1.414320
1894,0.503169,0.495217,0.754257,0.190066,2.740066,1.405036
1895,0.453109,0.500660,nan,0.190066,nan,1.323811
1896,0.360614,0.358561,1.213709,0.190034,-0.507140,1.153106
1897,0.514768,0.522604,nan,0.190034,nan,1.448951
1898,0.517678,0.513225,1.477827,0.190003,-0.118446,1.475287
1899,0.518374,0.539561,nan,0.190003,nan,1.443008
1900,0.355695,0.351867,2.004393,0.189972,0.825777,1.098591
1901,0.492430,0.454351,nan,0.189972,nan,1.429399
1902,0.417543,0.454603,0.964104,0.189941,0.069399,1.241080
1903,0.408824,0.352797,nan,0.189941,nan,1.223077
1904,0.373112,0.450530,1.657922,0.189910,2.333544,1.131163
1905,0.458086,0.461217,nan,0.189910,nan,1.336122
1906,0.357390,0.387958,1.343147,0.189879,0.737647,1.079050
1907,0.314520,0.445460,nan,0.189879,nan,1.048570
1908,0.369997,0.379329,0.915120,0.189849,1.253192,1.137974
1909,0.513541,0.533358,nan,0.189849,nan,1.446597
1910,0.451198,0.485927,1.049166,0.189818,0.563090,1.319590
1911,0.542255,0.533264,nan,0.189818,nan,1.533441
1912,0.483257,0.440611,1.185068,0.189788,-0.936245,1.412503
1913,0.409091,0.427355,nan,0.189788,nan,1.233636
1914,0.413578,0.409141,1.708593,0.189759,1.183647,1.266292
1915,0.401682,0.392008,nan,0.189759,nan,1.222835
1916,0.516831,0.517283,1.904685,0.189728,2.397812,1.464400
1917,0.389468,0.393583,nan,0.189728,nan,1.209112
1918,0.422092,0.372689,1.839425,0.189697,2.374688,1.262036
1919,0.409485,0.315926,nan,0.189697,nan,1.238136
1920,0.416886,0.382756,1.630243,0.189667,0.257079,1.239665
1921,0.300307,0.317646,nan,0.189667,nan,0.985831
1922,0.488221,0.519086,2.046747,0.189637,-1.071670,1.375769
1923,0.583282,0.601348,nan,0.189637,nan,1.613509
1924,0.349785,0.363388,1.223538,0.189607,3.148391,1.072912
1925,0.591062,0.537661,nan,0.189607,nan,1.646642
1926,0.377082,0.363714,1.695974,0.189577,-0.056862,1.138003
1927,0.385733,0.442505,nan,0.189577,nan,1.185326
1928,0.533870,0.524523,0.312088,0.189547,1.394756,1.500257
1929,0.369580,0.433145,nan,0.189547,nan,1.151675
1930,0.255475,0.282211,0.804315,0.189517,1.789860,0.879998
1931,0.595254,0.611360,nan,0.189517,nan,1.604989
1932,0.408517,0.428466,1.402197,0.189486,1.111216,1.213797
1933,0.404510,0.462083,nan,0.189486,nan,1.181774
1934,0.379922,0.429185,2.828564,0.189457,0.041999,1.141337
1935,0.477097,0.471269,nan,0.189457,nan,1.348307
1936,0.432470,0.472007,1.520247,0.189426,1.912904,1.290368
1937,0.457141,0.441906,nan,0.189426,nan,1.324139
1938,0.391700,0.397827,0.839095,0.189395,3.993728,1.194796
1939,0.379571,0.409913,nan,0.189395,nan,1.159316
1940,0.440513,0.442267,1.267894,0.189362,3.159006,1.286924
1941,0.418621,0.397718,nan,0.189362,nan,1.238559
1942,0.389674,0.377672,2.049693,0.189330,1.942432,1.168203
1943,0.347034,0.345850,nan,0.189330,nan,1.079639
1944,0.300304,0.297860,2.065014,0.189296,2.607374,0.976417
1945,0.336897,0.371087,nan,0.189296,nan,1.061046
1946,0.417482,0.394271,1.364387,0.189264,0.811383,1.255364
1947,0.418535,0.430602,nan,0.189264,nan,1.246055
1948,0.392518,0.379910,1.733699,0.189232,-0.331768,1.198855
1949,0.422306,0.417961,nan,0.189232,nan,1.240237
1950,0.344350,0.358309,0.579224,0.189200,4.049115,1.085722
1951,0.388825,0.437737,nan,0.189200,nan,1.179361
1952,0.322628,0.321315,2.369274,0.189168,-1.482869,1.041549
1953,0.473818,0.483457,nan,0.189168,nan,1.370963
1954,0.474246,0.463434,1.595512,0.189137,2.514443,1.360420
1955,0.479724,0.509142,nan,0.189137,nan,1.383249
1956,0.438269,0.469543,1.507686,0.189105,1.890614,1.275579
1957,0.406802,0.437881,nan,0.189105,nan,1.195304
1958,0.333081,0.384618,1.721153,0.189073,1.209283,1.033654
1959,0.505619,0.498893,nan,0.189073,nan,1.417484
1960,0.487159,0.498453,1.174951,0.189041,2.112355,1.376736
1961,0.422823,0.414027,nan,0.189041,nan,1.240098
1962,0.457512,0.475075,1.646858,0.189010,0.240113,1.302268
1963,0.427514,0.439764,nan,0.189010,nan,1.233547
1964,0.428201,0.475913,0.972568,0.188979,1.987281,1.257357
1965,0.566744,0.506339,nan,0.188979,nan,1.560066
1966,0.434458,0.473108,1.951399,0.188948,-0.251068,1.267370
1967,0.317738,0.335791,nan,0.188948,nan,0.992559
1968,0.505615,0.571219,1.906145,0.188918,1.163904,1.442623
1969,0.435669,0.451735,nan,0.188918,nan,1.277357
1970,0.299467,0.378394,0.989515,0.188886,3.384812,0.986353
1971,0.388647,0.378865,nan,0.188886,nan,1.169167
1972,0.487309,0.526627,1.941081,0.188856,0.624290,1.363376
1973,0.505026,0.597461,nan,0.188856,nan,1.403800
1974,0.459826,0.410908,0.812026,0.188824,2.521207,1.344585
1975,0.317489,0.382025,nan,0.188824,nan,1.016196
1976,0.310245,0.429762,2.374408,0.188793,1.561773,0.971080
1977,0.476210,0.439952,nan,0.188793,nan,1.343332
1978,0.422772,0.464294,1.531591,0.188762,1.048097,1.254574
1979,0.392355,0.403749,nan,0.188762,nan,1.196616
1980,0.558445,0.533629,2.200468,0.188731,0.068141,1.530984
1981,0.524909,0.528940,nan,0.188731,nan,1.452279
1982,0.527858,0.474976,1.787234,0.188702,0.324571,1.483888
1983,0.473991,0.473182,nan,0.188702,nan,1.330037
1984,0.324883,0.322935,2.161157,0.188672,1.611913,1.023396
1985,0.514425,0.499273,nan,0.188672,nan,1.466273
1986,0.440325,0.415489,2.220142,0.188641,1.872059,1.294846
1987,0.416125,0.414550,nan,0.188641,nan,1.234802
1988,0.501274,0.487345,1.455113,0.188610,3.217781,1.405726
1989,0.356054,0.359025,nan,0.188610,nan,1.094424
1990,0.477668,0.495287,1.938223,0.188579,1.950781,1.373206
1991,0.356849,0.363258,nan,0.188579,nan,1.120776
1992,0.366416,0.394849,2.034942,0.188548,1.702078,1.118672
1993,0.397034,0.420509,nan,0.188548,nan,1.188283
1994,0.370037,0.390195,2.229071,0.188516,2.263910,1.132860
1995,0.289748,0.278692,nan,0.188516,nan,0.971390
1996,0.522466,0.584467,2.439647,0.188485,1.458450,1.460541
1997,0.405758,0.429768,nan,0.188485,nan,1.192721
1998,0.318289,0.307595,1.746288,0.188453,3.584841,1.012285
1999,0.382518,0.425433,nan,0.188453,nan,1.153252
2000,0.367959,0.344519,1.582881,0.188421,0.425846,1.117414
2001,0.538458,0.516286,nan,0.188421,nan,1.480047
2002,0.391462,0.352247,0.885017,0.188388,3.725435,1.204588
2003,0.386841,0.396013,nan,0.188388,nan,1.186259
2004,0.348444,0.364908,2.319160,0.188357,0.472567,1.079764
2005,0.412543,0.318463,nan,0.188357,nan,1.218565
2006,0.363625,0.320378,0.992939,0.188324,3.762062,1.112986
2007,0.447542,0.428867,nan,0.188324,nan,1.327890
2008,0.318258,0.335148,2.349844,0.188292,1.040818,1.011012
2009,0.471493,0.451724,nan,0.188292,nan,1.335332
2010,0.323253,0.353363,0.825706,0.188259,2.490494,1.039100
2011,0.581617,0.482724,nan,0.188259,nan,1.587623
2012,0.341415,0.362627,0.950398,0.188226,3.607178,1.054929
2013,0.476158,0.467815,nan,0.188226,nan,1.354606
2014,0.357443,0.364682,0.533537,0.188193,3.358352,1.104820
2015,0.315487,0.320498,nan,0.188193,nan,1.000741
2016,0.418985,0.435059,1.702127,0.188159,2.013145,1.252851
2017,0.331305,0.329005,nan,0.188159,nan,1.060451
2018,0.429357,0.423386,0.847039,0.188126,0.934439,1.261293
2019,0.363213,0.378235,nan,0.188126,nan,1.133457
2020,0.360099,0.378034,2.161536,0.188094,0.924967,1.102992
2021,0.354110,0.391607,nan,0.188094,nan,1.103339
2022,0.375549,0.443687,1.981220,0.188062,0.380118,1.122089
2023,0.427817,0.429153,nan,0.188062,nan,1.294060
2024,0.396177,0.383360,2.265001,0.188031,0.990380,1.184557
2025,0.267692,0.310918,nan,0.188031,nan,0.864735
2026,0.278545,0.330690,1.291385,0.188001,0.190463,0.941545
2027,0.417742,0.477689,nan,0.188001,nan,1.240496
2028,0.266826,0.268653,1.702634,0.187970,2.659010,0.910277
2029,0.436308,0.432279,nan,0.187970,nan,1.265343
2030,0.266658,0.255893,1.827472,0.187939,2.157183,0.890718
2031,0.441035,0.439882,nan,0.187939,nan,1.282566
2032,0.407792,0.360099,2.353683,0.187908,3.154376,1.227289
2033,0.554562,0.482999,nan,0.187908,nan,1.528481
2034,0.283520,0.338745,2.308188,0.187877,0.771887,0.957350
2035,0.333016,0.299814,nan,0.187877,nan,1.058884
2036,0.414502,0.424547,1.760222,0.187846,2.619286,1.220480
2037,0.480790,0.435593,nan,0.187846,nan,1.365154
2038,0.264112,0.254986,2.444820,0.187815,-0.214719,0.898292
2039,0.379101,0.355848,nan,0.187815,nan,1.165217
2040,0.438688,0.425457,1.447719,0.187784,3.184768,1.256930
2041,0.314882,0.375640,nan,0.187784,nan,0.997659
2042,0.367095,0.368161,2.494220,0.187754,-0.148176,1.127000
2043,0.417880,0.520188,nan,0.187754,nan,1.228333
2044,0.514247,0.442465,2.108216,0.187725,1.087194,1.439304
2045,0.491166,0.448755,nan,0.187725,nan,1.376562
2046,0.387105,0.360425,2.920656,0.187695,2.011953,1.154467
2047,0.331311,0.304969,nan,0.187695,nan,1.054267
2048,0.235620,0.253513,2.496467,0.187664,2.923734,0.829242
2049,0.476955,0.429641,nan,0.187664,nan,1.362758
2050,0.346009,0.365079,1.781070,0.187634,2.059892,1.086178
2051,0.396194,0.489327,nan,0.187634,nan,1.174426
2052,0.332969,0.351018,1.779251,0.187602,2.987276,1.045582
2053,0.465277,0.471915,nan,0.187602,nan,1.356956
2054,0.387453,0.391862,1.329994,0.187572,1.110425,1.165847
2055,0.667734,0.376487,nan,0.187572,nan,1.772144
2056,0.606559,0.507256,0.823348,0.187541,1.530113,1.645488
2057,0.531628,0.678490,nan,0.187541,nan,1.453451
2058,0.484047,0.625168,1.205841,0.187511,1.515892,1.371114
2059,0.477596,0.508204,nan,0.187511,nan,1.370123
2060,0.411614,0.388797,1.425612,0.187481,0.829425,1.257134
2061,0.485476,0.417982,nan,0.187481,nan,1.368102
2062,0.425493,0.424007,2.014282,0.187451,0.282736,1.241096
2063,0.570532,0.498083,nan,0.187451,nan,1.539268
2064,0.594405,0.556180,2.735926,0.187422,2.798624,1.645992
2065,0.361558,0.378299,nan,0.187422,nan,1.129338
2066,0.327005,0.385682,1.408445,0.187392,0.937930,1.041506
2067,0.570117,0.604875,nan,0.187392,nan,1.566934
2068,0.571885,0.571285,1.910135,0.187363,1.502510,1.579821
2069,0.261511,0.264864,nan,0.187363,nan,0.903822
2070,0.452055,0.485903,1.791591,0.187334,1.766266,1.314735
2071,0.433294,0.449841,nan,0.187334,nan,1.248658
2072,0.456463,0.441692,1.734028,0.187304,2.453950,1.301127
2073,0.538723,0.456732,nan,0.187304,nan,1.477592
2074,0.405981,0.406273,1.070575,0.187274,2.306870,1.202356
2075,0.461882,0.465869,nan,0.187274,nan,1.332294
2076,0.528549,0.452589,0.005161,0.187243,3.800576,1.476700
2077,0.565479,0.621472,nan,0.187243,nan,1.560514
2078,0.379166,0.563438,1.811399,0.187212,2.395749,1.129538
2079,0.422164,0.394843,nan,0.187212,nan,1.278389
2080,0.468949,0.470618,3.339824,0.187181,0.848466,1.303221
2081,0.568431,0.639446,nan,0.187181,nan,1.552960
2082,0.270863,0.225993,1.269601,0.187151,0.529425,0.898432
2083,0.399339,0.376027,nan,0.187151,nan,1.229484
2084,0.380832,0.342096,1.422424,0.187121,2.363250,1.131893
2085,0.349667,0.423652,nan,0.187121,nan,1.088988
2086,0.549484,0.432212,1.875019,0.187091,2.711675,1.524646
2087,0.438053,0.494771,nan,0.187091,nan,1.267971
2088,0.446453,0.470136,1.968777,0.187061,0.303700,1.302727
2089,0.538032,0.472094,nan,0.187061,nan,1.474592
2090,0.372712,0.389373,0.997864,0.187032,1.358033,1.130820
2091,0.469858,0.313229,nan,0.187032,nan,1.353281
2092,0.479889,0.342940,1.509629,0.187003,1.005611,1.395298
2093,0.478021,0.430905,nan,0.187003,nan,1.357261
2094,0.329174,0.331152,2.446211,0.186973,2.764312,1.052482
2095,0.598490,0.551299,nan,0.186973,nan,1.606992
2096,0.353495,0.426643,2.236991,0.186943,1.652698,1.082014
2097,0.596032,0.406714,nan,0.186943,nan,1.621361
2098,0.506486,0.581418,1.210292,0.186914,2.350900,1.439800
2099,0.340010,0.415483,nan,0.186914,nan,1.087843
2100,0.383574,0.457901,1.230560,0.186884,2.118281,1.155484
2101,0.489863,0.411019,nan,0.186884,nan,1.391907
2102,0.395611,0.363407,2.477821,0.186853,4.326238,1.173594
2103,0.370048,0.395360,nan,0.186853,nan,1.146530
2104,0.390104,0.409128,1.559041,0.186822,1.483274,1.185348
2105,0.351618,0.459960,nan,0.186822,nan,1.107742
2106,0.343677,0.310180,0.920244,0.186791,3.283543,1.089545
2107,0.319747,0.331644,nan,0.186791,nan,1.026025
2108,0.337862,0.327303,2.223088,0.186761,0.730401,1.032634
2109,0.397220,0.401996,nan,0.186761,nan,1.219629
2110,0.287484,0.333335,1.587284,0.186730,2.511854,0.967199
2111,0.390767,0.370184,nan,0.186730,nan,1.179389
2112,0.360416,0.380064,1.258044,0.186700,1.707144,1.108294
2113,0.647866,0.798023,nan,0.186700,nan,1.744503
2114,0.410853,0.446809,1.490008,0.186669,2.185232,1.220616
2115,0.488674,0.473106,nan,0.186669,nan,1.380819
2116,0.484868,0.418441,1.457518,0.186639,1.353049,1.383729
2117,0.373445,0.384223,nan,0.186639,nan,1.137289
2118,0.513163,0.490556,1.500417,0.186608,3.275398,1.459288
2119,0.416829,0.476978,nan,0.186608,nan,1.223702
2120,0.302004,0.317596,2.001446,0.186577,3.039292,0.983063
2121,0.430912,0.400803,nan,0.186577,nan,1.237368
2122,0.497926,0.545884,2.308796,0.186546,2.921088,1.417031
2123,0.410637,0.389089,nan,0.186546,nan,1.232735
2124,0.450821,0.514793,0.965228,0.186515,2.737467,1.335624
2125,0.400141,0.431065,nan,0.186515,nan,1.219730
2126,0.369047,0.366598,1.936287,0.186483,1.822954,1.131186
2127,0.330161,0.336136,nan,0.186483,nan,1.052847
2128,0.479676,0.575025,1.606962,0.186452,3.233947,1.395502
2129,0.420454,0.378263,nan,0.186452,nan,1.254515
2130,0.509312,0.448465,1.094194,0.186420,1.945692,1.448011
2131,0.383904,0.364225,nan,0.186420,nan,1.190777
2132,0.381338,0.395559,1.033370,0.186389,2.642586,1.155381
2133,0.512078,0.508338,nan,0.186389,nan,1.451686
2134,0.424041,0.414942,1.287648,0.186358,1.792648,1.247621
2135,0.470982,0.507843,nan,0.186358,nan,1.359042
2136,0.397556,0.382897,1.158780,0.186327,2.778450,1.189556
2137,0.464458,0.459283,nan,0.186327,nan,1.348996
2138,0.332728,0.315471,1.463430,0.186295,4.140128,1.030231
2139,0.371501,0.383195,nan,0.186295,nan,1.159827
2140,0.473123,0.398906,1.268166,0.186263,1.796344,1.382837
2141,0.363259,0.392200,nan,0.186263,nan,1.116999
2142,0.421006,0.438616,0.919937,0.186230,4.790340,1.257307
2143,0.396502,0.436735,nan,0.186230,nan,1.182750
2144,0.429601,0.466853,2.083860,0.186198,2.873197,1.255718
2145,0.450266,0.457243,nan,0.186198,nan,1.310697
2146,0.450429,0.435935,1.753657,0.186165,3.045434,1.320734
2147,0.377378,0.391309,nan,0.186165,nan,1.157514
2148,0.373060,0.324364,2.145671,0.186133,1.086724,1.138343
2149,0.495333,0.432450,nan,0.186133,nan,1.393108
2150,0.465359,0.454414,1.692090,0.186101,1.882565,1.347207
2151,0.404502,0.354700,nan,0.186101,nan,1.226762
2152,0.417741,0.383012,1.070988,0.186069,4.154450,1.234994
2153,0.394830,0.440831,nan,0.186069,nan,1.172563
2154,0.435245,0.407635,1.560983,0.186037,1.051544,1.256905
2155,0.470949,0.414555,nan,0.186037,nan,1.338918
2156,0.377258,0.361092,1.982981,0.186006,3.107832,1.171096
2157,0.470646,0.445917,nan,0.186006,nan,1.362386
2158,0.379655,0.353580,1.377225,0.185974,2.793156,1.166411
2159,0.516743,0.552163,nan,0.185974,nan,1.471702
2160,0.398701,0.394849,1.074616,0.185942,2.199557,1.203266
2161,0.334606,0.332116,nan,0.185942,nan,1.064383
2162,0.460165,0.432181,1.608622,0.185911,1.585734,1.358859
2163,0.402712,0.409726,nan,0.185911,nan,1.219879
2164,0.350452,0.322950,1.575450,0.185881,1.353155,1.091359
2165,0.347402,0.327486,nan,0.185881,nan,1.110359
2166,0.482298,0.384053,2.905296,0.185851,0.835562,1.400544
2167,0.295234,0.294616,nan,0.185851,nan,0.978852
2168,0.318268,0.415030,0.402061,0.185820,3.844678,1.042017
2169,0.413997,0.461182,nan,0.185820,nan,1.236869
2170,0.394552,0.417310,1.167423,0.185789,3.370701,1.203706
2171,0.359745,0.378793,nan,0.185789,nan,1.087957
2172,0.444942,0.496189,1.679706,0.185759,0.754724,1.300206
2173,0.415635,0.397735,nan,0.185759,nan,1.261536
2174,0.406935,0.399783,1.620777,0.185729,3.105399,1.215822
2175,0.394394,0.364037,nan,0.185729,nan,1.221818
2176,0.399033,0.415257,0.525791,0.185698,2.457858,1.189587
2177,0.386913,0.383440,nan,0.185698,nan,1.135096
2178,0.412596,0.360120,0.969502,0.185668,1.840703,1.246697
2179,0.554756,0.598514,nan,0.185668,nan,1.548896
2180,0.547628,0.716784,2.134408,0.185638,2.953468,1.534998
2181,0.454558,0.443088,nan,0.185638,nan,1.339227
2182,0.492436,0.527113,1.139098,0.185606,4.739901,1.394462
2183,0.672068,0.743545,nan,0.185606,nan,1.781951
2184,0.391531,0.456047,1.487920,0.185575,2.488691,1.187846
2185,0.438116,0.375660,nan,0.185575,nan,1.282503
2186,0.457000,0.532950,0.862147,0.185543,4.689622,1.309410
2187,0.474251,0.396034,nan,0.185543,nan,1.346814
2188,0.524308,0.487408,1.612700,0.185512,1.392568,1.492772
2189,0.346664,0.377786,nan,0.185512,nan,1.063179
2190,0.489148,0.463517,1.878467,0.185481,1.220692,1.426704
2191,0.469171,0.556350,nan,0.185481,nan,1.355715
2192,0.397412,0.478536,1.406921,0.185451,1.060933,1.210919
2193,0.368039,0.397231,nan,0.185451,nan,1.132515
2194,0.309490,0.396914,1.760106,0.185421,2.980841,1.000219
2195,0.384028,0.425454,nan,0.185421,nan,1.183361
2196,0.503477,0.402043,1.034916,0.185390,4.678737,1.402246
2197,0.528953,0.526624,nan,0.185390,nan,1.480442
2198,0.438954,0.471143,1.743784,0.185358,3.756289,1.298329
2199,0.437033,0.454623,nan,0.185358,nan,1.281090
2200,0.455630,0.462453,1.221600,0.185326,2.840728,1.343687
2201,0.550956,0.370904,nan,0.185326,nan,1.556321
2202,0.540504,0.419143,2.288316,0.185295,2.156576,1.534326
2203,0.474834,0.432749,nan,0.185295,nan,1.398646
2204,0.517991,0.477136,2.576718,0.185264,3.076666,1.428207
2205,0.461189,0.418642,nan,0.185264,nan,1.320950
2206,0.468152,0.404903,2.300946,0.185233,0.499593,1.371997
2207,0.448173,0.405345,nan,0.185233,nan,1.306865
2208,0.410900,0.434786,0.376747,0.185202,4.718329,1.231011
2209,0.601501,0.441237,nan,0.185202,nan,1.635093
2210,0.450600,0.433594,1.387348,0.185171,3.481035,1.347806
2211,0.438206,0.428456,nan,0.185171,nan,1.321917
2212,0.397421,0.451472,1.081225,0.185138,5.993206,1.220058
2213,0.514502,0.539230,nan,0.185138,nan,1.459761
2214,0.494621,0.455948,2.863081,0.185107,-0.159769,1.407200
2215,0.285859,0.394242,nan,0.185107,nan,0.964157
2216,0.583727,0.551344,1.451847,0.185076,2.629192,1.581388
2217,0.397600,0.432538,nan,0.185076,nan,1.228244
2218,0.432691,0.414087,1.241424,0.185045,1.609117,1.297641
2219,0.360371,0.315301,nan,0.185045,nan,1.119517
2220,0.404005,0.442852,1.343012,0.185014,2.988416,1.219873
2221,0.495739,0.506663,nan,0.185014,nan,1.422796
2222,0.432452,0.481174,0.449186,0.184983,4.152537,1.284105
2223,0.554035,0.587437,nan,0.184983,nan,1.540532
2224,0.478458,0.444488,1.802447,0.184951,4.417687,1.378374
2225,0.534589,0.514517,nan,0.184951,nan,1.507000
2226,0.415444,0.377708,2.812196,0.184920,1.700597,1.217493
2227,0.403343,0.487222,nan,0.184920,nan,1.198160
2228,0.487927,0.567064,1.909060,0.184889,2.948670,1.423573
2229,0.277157,0.278129,nan,0.184889,nan,0.940253
2230,0.450210,0.452356,1.820184,0.184858,2.796878,1.317438
2231,0.482911,0.455605,nan,0.184858,nan,1.385235
2232,0.564570,0.508999,1.660691,0.184827,3.061012,1.553591
2233,0.468454,0.495229,nan,0.184827,nan,1.373575
2234,0.442576,0.398344,1.703171,0.184796,0.824257,1.274938
2235,0.428969,0.466763,nan,0.184796,nan,1.265525
2236,0.307478,0.367207,2.560516,0.184766,2.727472,1.006985
2237,0.466410,0.511499,nan,0.184766,nan,1.335230
2238,0.436830,0.391895,1.451828,0.184736,2.610553,1.322911
2239,0.484156,0.536935,nan,0.184736,nan,1.361133
2240,0.580693,0.552277,1.921804,0.184706,0.773539,1.599057
2241,0.501074,0.618070,nan,0.184706,nan,1.428803
2242,0.380231,0.568236,1.730487,0.184677,3.524007,1.157097
2243,0.297837,0.409505,nan,0.184677,nan,0.991979
2244,0.293828,0.283306,3.249657,0.184647,2.247349,0.983965
2245,0.440701,0.444288,nan,0.184647,nan,1.324548
2246,0.548240,0.552176,2.684520,0.184618,2.211920,1.525464
2247,0.548158,0.484367,nan,0.184618,nan,1.506397
2248,0.406469,0.468791,1.394565,0.184588,4.295508,1.220972
2249,0.535838,0.489717,nan,0.184588,nan,1.496396
2250,0.405862,0.389385,1.681123,0.184558,1.732181,1.228547
2251,0.503646,0.539492,nan,0.184558,nan,1.417635
2252,0.356664,0.515540,2.050611,0.184528,3.278277,1.130969
2253,0.454857,0.404043,nan,0.184528,nan,1.341854
2254,0.432079,0.437327,2.191695,0.184498,3.034516,1.262668
2255,0.452330,0.456566,nan,0.184498,nan,1.333550
2256,0.323451,0.374555,4.243495,0.184469,1.068222,1.038430
2257,0.620858,0.554459,nan,0.184469,nan,1.665485
2258,0.349828,0.394680,1.473538,0.184439,3.314522,1.114259
2259,0.599652,0.601612,nan,0.184439,nan,1.644389
2260,0.603763,0.599492,1.266726,0.184409,3.598899,1.640312
2261,0.517144,0.535512,nan,0.184409,nan,1.435002
2262,0.499189,0.551038,2.319709,0.184381,0.380601,1.426794
2263,0.480847,0.485429,nan,0.184381,nan,1.401470
2264,0.495761,0.409350,2.767702,0.184352,2.938626,1.375076
2265,0.491130,0.500378,nan,0.184352,nan,1.371789
2266,0.640604,0.644032,1.172683,0.184321,5.322623,1.710595
2267,0.408886,0.496708,nan,0.184321,nan,1.248644
2268,0.561743,0.525846,2.511481,0.184291,3.816157,1.546814
2269,0.549827,0.539320,nan,0.184291,nan,1.511652
2270,0.439789,0.377423,2.254642,0.184260,4.450131,1.303222
2271,0.394251,0.470127,nan,0.184260,nan,1.166106
2272,0.417804,0.406277,1.502439,0.184228,5.676866,1.241110
2273,0.408591,0.504290,nan,0.184228,nan,1.211548
2274,0.390236,0.489588,2.944884,0.184197,1.872553,1.189709
2275,0.503295,0.490969,nan,0.184197,nan,1.442945
2276,0.586280,0.522146,3.644883,0.184166,2.491083,1.584282
2277,0.573014,0.517668,nan,0.184166,nan,1.551628
2278,0.552807,0.448053,4.129366,0.184135,2.499818,1.527837
2279,0.329885,0.394475,nan,0.184135,nan,1.061059
2280,0.581119,0.622928,1.828139,0.184104,4.301298,1.571249
2281,0.759289,0.681654,nan,0.184104,nan,1.941672
2282,0.647973,0.470392,1.165436,0.184072,3.468661,1.721008
2283,0.520451,0.612825,nan,0.184072,nan,1.472212
2284,0.331086,0.455690,2.735903,0.184042,1.193217,1.041094
2285,0.351575,0.335633,nan,0.184042,nan,1.073070
2286,0.486997,0.482814,1.437876,0.184011,5.240406,1.376663
2287,0.435476,0.479232,nan,0.184011,nan,1.280485
2288,0.540166,0.552449,3.346392,0.183979,3.811635,1.485383
2289,0.368510,0.417405,nan,0.183979,nan,1.120108
2290,0.387754,0.459831,2.634569,0.183948,2.533543,1.188728
2291,0.337778,0.358943,nan,0.183948,nan,1.072360
2292,0.523678,0.433788,1.841847,0.183917,3.400562,1.456504
2293,0.533255,0.522585,nan,0.183917,nan,1.496326
2294,0.421639,0.474615,1.040121,0.183886,4.452173,1.251245
2295,0.269268,0.296745,nan,0.183886,nan,0.886869
2296,0.501340,0.579334,3.666155,0.183854,2.824673,1.425140
2297,0.500245,0.523813,nan,0.183854,nan,1.391819
2298,0.332277,0.467763,3.732595,0.183823,2.772591,1.046578
2299,0.521751,0.408450,nan,0.183823,nan,1.456881
2300,0.469648,0.484577,3.046983,0.183792,3.704612,1.357160
2301,0.576699,0.599124,nan,0.183792,nan,1.566838
2302,0.403578,0.496722,3.082899,0.183761,3.246365,1.218588
2303,0.367558,0.531214,nan,0.183761,nan,1.112134
2304,0.634011,0.496428,2.807532,0.183729,4.473039,1.694659
2305,0.393245,0.347278,nan,0.183729,nan,1.196297
2306,0.480573,0.524120,3.734729,0.183698,3.602667,1.347905
2307,0.563719,0.480175,nan,0.183698,nan,1.528028
2308,0.552597,0.508761,3.707047,0.183667,2.257090,1.497766
2309,0.393913,0.367947,nan,0.183667,nan,1.172148
2310,0.536565,0.478689,3.512820,0.183636,3.380261,1.495612
2311,0.492828,0.683159,nan,0.183636,nan,1.404839
2312,0.454574,0.357590,3.487817,0.183605,2.597028,1.337240
2313,0.449157,0.592514,nan,0.183605,nan,1.306663
2314,0.461105,0.459245,2.131829,0.183574,5.295398,1.331309
2315,0.347815,0.347627,nan,0.183574,nan,1.077957
2316,0.414437,0.374276,3.458840,0.183542,4.187333,1.227407
2317,0.362111,0.305729,nan,0.183542,nan,1.121891
2318,0.429738,0.551398,2.754189,0.183510,4.180945,1.257405
2319,0.446234,0.496715,nan,0.183510,nan,1.298577
2320,0.561684,0.550145,3.082372,0.183478,3.824972,1.513855
2321,0.480726,0.473626,nan,0.183478,nan,1.370407
2322,0.422834,0.459406,4.125948,0.183447,2.424743,1.233906
2323,0.496946,0.574352,nan,0.183447,nan,1.392861
2324,0.431281,0.323173,4.215375,0.183416,2.289234,1.263520
2325,0.437552,0.385065,nan,0.183416,nan,1.278983
2326,0.535440,0.480615,2.943684,0.183385,4.202688,1.494332
2327,0.446606,0.416209,nan,0.183385,nan,1.281736
2328,0.383097,0.384608,2.880085,0.183354,2.550768,1.166095
2329,0.542609,0.545951,nan,0.183354,nan,1.493943
2330,0.445524,0.517597,3.720967,0.183324,2.234343,1.298481
2331,0.301636,0.298380,nan,0.183324,nan,0.980799
2332,0.494870,0.397731,3.712742,0.183294,3.813650,1.396608
2333,0.433207,0.440864,nan,0.183294,nan,1.261744
2334,0.472247,0.414672,2.888167,0.183263,4.049235,1.353626
2335,0.658796,0.684137,nan,0.183263,nan,1.742258
2336,0.520390,0.594803,2.920128,0.183232,4.875263,1.456675
2337,0.566993,0.706419,nan,0.183232,nan,1.556059
2338,0.464012,0.435980,3.662702,0.183201,3.110878,1.343947
2339,0.560218,0.503660,nan,0.183201,nan,1.522022
2340,0.392480,0.447262,3.922619,0.183170,2.120326,1.198608
2341,0.459095,0.515303,nan,0.183170,nan,1.278820
2342,0.506313,0.477987,5.111285,0.183140,3.090889,1.403988
2343,0.451138,0.453359,nan,0.183140,nan,1.319269
2344,0.571915,0.582793,5.696011,0.183111,0.707384,1.570300
2345,0.576605,0.454981,nan,0.183111,nan,1.600058
2346,0.487658,0.479122,4.152429,0.183082,2.196695,1.386434
2347,0.564370,0.497997,nan,0.183082,nan,1.532643
2348,0.883935,0.713533,3.733877,0.183053,2.827461,2.209966
2349,0.957032,0.656281,nan,0.183053,nan,2.361198
2350,0.750383,0.550161,4.204348,0.183024,3.448396,1.935912
2351,0.373812,0.421755,nan,0.183024,nan,1.141253
2352,0.566408,0.608548,4.632874,0.182995,4.243497,1.548224
2353,0.505330,0.431589,nan,0.182995,nan,1.417107
2354,0.475591,0.466557,5.088365,0.182966,3.044886,1.378692
2355,0.555672,0.555064,nan,0.182966,nan,1.537898
2356,0.448234,0.467148,4.994479,0.182936,3.245059,1.303699
2357,0.512604,0.498929,nan,0.182936,nan,1.450576
2358,0.423552,0.503880,3.518634,0.182907,4.034424,1.239258
2359,0.408081,0.449261,nan,0.182907,nan,1.224300
2360,0.549136,0.442767,4.961044,0.182876,5.467981,1.526352
2361,0.553231,0.631356,nan,0.182876,nan,1.515440
2362,0.364354,0.417565,4.228590,0.182846,2.699245,1.123747
2363,0.491369,0.543565,nan,0.182846,nan,1.393740
2364,0.386843,0.397249,4.269430,0.182816,3.832845,1.199094
2365,0.682764,0.646451,nan,0.182816,nan,1.785352
2366,0.434718,0.425931,3.956108,0.182786,4.229670,1.276512
2367,0.435155,0.397965,nan,0.182786,nan,1.291807
2368,0.412806,0.355635,5.292508,0.182756,1.954299,1.237142
2369,0.559263,0.436655,nan,0.182756,nan,1.527033
2370,0.581670,0.491353,4.855012,0.182726,4.208492,1.551662
2371,0.419861,0.403830,nan,0.182726,nan,1.237098
2372,0.446344,0.533229,5.031492,0.182696,3.627176,1.309534
2373,0.543810,0.531690,nan,0.182696,nan,1.516231
2374,0.419731,0.506971,5.486423,0.182666,3.001938,1.246618
2375,0.439788,0.379116,nan,0.182666,nan,1.295230
2376,0.466097,0.583594,4.368929,0.182636,3.736522,1.344421
2377,0.349526,0.404660,nan,0.182636,nan,1.082124
2378,0.494961,0.469376,5.077209,0.182605,4.624454,1.416280
2379,0.320667,0.378640,nan,0.182605,nan,1.059692
2380,0.532996,0.570083,5.475897,0.182575,2.772462,1.501570
2381,0.443832,0.416120,nan,0.182575,nan,1.292166
2382,0.553317,0.534627,4.629361,0.182545,4.838656,1.542200
2383,0.458522,0.376089,nan,0.182545,nan,1.323812
2384,0.399619,0.416335,5.978281,0.182515,2.059467,1.196316
2385,0.472467,0.487339,nan,0.182515,nan,1.364527
2386,0.434362,0.377734,6.202810,0.182485,2.864681,1.263979
2387,0.513063,0.501355,nan,0.182485,nan,1.456530
2388,0.373817,0.376711,5.082153,0.182456,2.338625,1.139621
2389,0.548260,0.595550,nan,0.182456,nan,1.502227
2390,0.468811,0.558784,4.080037,0.182426,4.130434,1.377031
2391,0.513482,0.367350,nan,0.182426,nan,1.457231
2392,0.572809,0.536631,4.108211,0.182397,3.045559,1.584131
2393,0.573980,0.524915,nan,0.182397,nan,1.579842
2394,0.424582,0.384035,5.042470,0.182368,4.022401,1.249271
2395,0.468766,0.486658,nan,0.182368,nan,1.364391
2396,0.467195,0.367986,5.544494,0.182338,3.832039,1.366051
2397,0.489851,0.533345,nan,0.182338,nan,1.409786
2398,0.411200,0.376660,5.780297,0.182308,3.563323,1.217098
2399,0.454297,0.465407,nan,0.182308,nan,1.320442
2400,0.389625,0.352396,3.668286,0.182279,3.156282,1.161952
2401,0.489448,0.475555,nan,0.182279,nan,1.401830
2402,0.526064,0.520948,4.820093,0.182249,4.930296,1.475020
2403,0.467353,0.575649,nan,0.182249,nan,1.359117
2404,0.492181,0.580310,6.568715,0.182219,2.727750,1.428397
2405,0.425410,0.510575,nan,0.182219,nan,1.252170
2406,0.364712,0.396193,5.092149,0.182190,3.385082,1.140712
2407,0.471942,0.382612,nan,0.182190,nan,1.361199
2408,0.427662,0.526212,5.785636,0.182160,4.062444,1.260697
2409,0.457888,0.500740,nan,0.182160,nan,1.331797
2410,0.503410,0.491673,5.766538,0.182130,3.949006,1.406243
2411,0.316533,0.352730,nan,0.182130,nan,1.003222
2412,0.687083,0.608667,5.455303,0.182100,3.661596,1.811966
2413,0.453139,0.448150,nan,0.182100,nan,1.326234
2414,0.358514,0.370488,4.574962,0.182071,2.125961,1.130106
2415,0.378390,0.405316,nan,0.182071,nan,1.158983
2416,0.337048,0.354145,5.268824,0.182041,5.354893,1.073914
2417,0.327133,0.381103,nan,0.182041,nan,1.073316
2418,0.465081,0.510139,4.884418,0.182011,4.590557,1.351318
2419,0.428331,0.435310,nan,0.182011,nan,1.266555
2420,0.408453,0.336499,5.293818,0.181981,3.933622,1.255236
2421,0.442684,0.428232,nan,0.181981,nan,1.304124
2422,0.365091,0.342782,4.678369,0.181951,2.457509,1.134141
2423,0.497132,0.687987,nan,0.181951,nan,1.431639
2424,0.486025,0.537730,4.803164,0.181922,1.619925,1.391176
2425,0.553185,0.484755,nan,0.181922,nan,1.564584
2426,0.428430,0.273503,5.608173,0.181893,4.563487,1.284600
2427,0.542915,0.531969,nan,0.181893,nan,1.508070
2428,0.342576,0.309385,7.217102,0.181864,4.060482,1.096880
2429,0.292656,0.325757,nan,0.181864,nan,0.983123
2430,0.370350,0.503925,6.100409,0.181834,5.243377,1.157574
2431,0.257914,0.261299,nan,0.181834,nan,0.893850
2432,0.357273,0.372945,6.144631,0.181804,2.880616,1.103934
2433,0.505587,0.617699,nan,0.181804,nan,1.436918
2434,0.429620,0.464084,5.469279,0.181774,3.512659,1.285623
2435,0.644364,0.474860,nan,0.181774,nan,1.743519
2436,0.539985,0.449869,5.663964,0.181745,2.454231,1.529932
2437,0.432668,0.369991,nan,0.181745,nan,1.282039
2438,0.339215,0.388995,4.666959,0.181716,5.014506,1.024821
2439,0.468218,0.398703,nan,0.181716,nan,1.370769
2440,0.514754,0.542962,5.894091,0.181686,5.198867,1.471001
2441,0.480031,0.476758,nan,0.181686,nan,1.413336
2442,0.450207,0.492273,5.820665,0.181655,4.119280,1.313537
2443,0.346059,0.295460,nan,0.181655,nan,1.085697
2444,0.522541,0.418336,5.663662,0.181626,2.849635,1.480237
2445,0.539880,0.520346,nan,0.181626,nan,1.532255
2446,0.367365,0.332296,5.958853,0.181596,2.925562,1.124805
2447,0.415662,0.462260,nan,0.181596,nan,1.244952
2448,0.342256,0.336819,6.711522,0.181567,4.814293,1.069582
2449,0.317112,0.387476,nan,0.181567,nan,1.031865
2450,0.508317,0.505429,4.928164,0.181537,4.292263,1.442011
2451,0.474473,0.651072,nan,0.181537,nan,1.383300
2452,0.497175,0.696792,4.899503,0.181507,2.727782,1.431946
2453,0.438613,0.480008,nan,0.181507,nan,1.272032
2454,0.386025,0.258121,6.130427,0.181477,5.373906,1.165679
2455,0.489793,0.310004,nan,0.181477,nan,1.449651
2456,0.464459,0.385416,6.766488,0.181448,2.917332,1.339915
2457,0.592353,0.475743,nan,0.181448,nan,1.610355
2458,0.460532,0.311038,5.964371,0.181418,3.541419,1.342227
2459,0.398326,0.364780,nan,0.181418,nan,1.231044
2460,0.377077,0.361473,6.482620,0.181389,3.721576,1.155315
2461,0.530368,0.443819,nan,0.181389,nan,1.498122
2462,0.480856,0.543014,6.069068,0.181360,1.986254,1.369653
2463,0.379567,0.332351,nan,0.181360,nan,1.194379
2464,0.397542,0.417068,5.549727,0.181331,2.939213,1.220810
2465,0.317870,0.274485,nan,0.181331,nan,1.051008
2466,0.478221,0.522650,7.276868,0.181303,2.132029,1.406367
2467,0.452476,0.383890,nan,0.181303,nan,1.325474
2468,0.464429,0.425024,6.422002,0.181276,2.567213,1.361436
2469,0.605993,0.499968,nan,0.181276,nan,1.679985
2470,0.829526,0.518765,4.455492,0.181248,4.584021,2.128518
2471,0.493343,0.287961,nan,0.181248,nan,1.418092
2472,0.503407,0.452073,5.235232,0.181220,2.512941,1.406380
2473,0.501193,0.459927,nan,0.181220,nan,1.447724
2474,0.631546,0.592928,6.129980,0.181192,3.917232,1.713899
2475,0.385178,0.397555,nan,0.181192,nan,1.215774
2476,0.482155,0.500748,5.955131,0.181164,3.866315,1.406641
2477,0.482597,0.394317,nan,0.181164,nan,1.418698
2478,0.521246,0.511178,5.629034,0.181135,4.547695,1.457489
2479,0.232214,0.266230,nan,0.181135,nan,0.850452
2480,0.230771,0.275037,6.566499,0.181107,3.501632,0.854261
2481,0.426907,0.440095,nan,0.181107,nan,1.275074
2482,0.489758,0.552308,6.418324,0.181079,3.364623,1.430412
2483,0.380611,0.492097,nan,0.181079,nan,1.178777
2484,0.365800,0.421901,4.849014,0.181051,3.734240,1.154246
2485,0.366180,0.315526,nan,0.181051,nan,1.154303
2486,0.470270,0.486434,5.596308,0.181022,5.194326,1.357210
2487,0.259376,0.331088,nan,0.181022,nan,0.915968
2488,0.365545,0.332095,6.309393,0.180993,2.706801,1.141356
2489,0.292712,0.363400,nan,0.180993,nan,0.969154
2490,0.418220,0.413746,7.035152,0.180965,4.289926,1.237531
2491,0.666425,0.590648,nan,0.180965,nan,1.811440
2492,0.421065,0.459735,6.032981,0.180936,5.287384,1.274711
2493,0.388518,0.463484,nan,0.180936,nan,1.197383
2494,0.431857,0.387401,5.251649,0.180907,3.936790,1.276771
2495,0.388161,0.367080,nan,0.180907,nan,1.216542
2496,0.473363,0.462619,5.276171,0.180877,4.670569,1.392447
2497,0.489807,0.358925,nan,0.180877,nan,1.410108
2498,0.531588,0.518220,6.874891,0.180848,3.028376,1.479247
2499,0.491533,0.543001,nan,0.180848,nan,1.443443
2500,0.383927,0.472017,5.911481,0.180819,3.130617,1.184717
2501,0.428326,0.491968,nan,0.180819,nan,1.272918
2502,0.410780,0.386534,5.750274,0.180791,3.838708,1.230646
2503,0.476000,0.486447,nan,0.180791,nan,1.390783
2504,0.451090,0.478562,7.788425,0.180762,3.084119,1.350505
2505,0.453083,0.507461,nan,0.180762,nan,1.338388
2506,0.428413,0.431151,6.369143,0.180733,5.337955,1.304685
2507,0.344630,0.365160,nan,0.180733,nan,1.090109
2508,0.324803,0.289921,5.788162,0.180704,5.749680,1.053927
2509,0.395634,0.478993,nan,0.180704,nan,1.222992
2510,0.454956,0.592231,6.843904,0.180673,6.676344,1.339937
2511,0.562095,0.554040,nan,0.180673,nan,1.528528
2512,0.505535,0.403954,7.252071,0.180644,2.343733,1.452123
2513,0.563964,0.512114,nan,0.180644,nan,1.550537
2514,0.442905,0.447426,7.637612,0.180614,5.133542,1.284171
2515,0.361769,0.357260,nan,0.180614,nan,1.124196
2516,0.369721,0.353458,7.105095,0.180584,3.342849,1.195037
2517,0.329998,0.329032,nan,0.180584,nan,1.056606
2518,0.370337,0.432787,8.526994,0.180555,3.969573,1.165127
2519,0.396745,0.537583,nan,0.180555,nan,1.197720
2520,0.344934,0.381071,5.656941,0.180524,5.882102,1.089834
2521,0.423359,0.468883,nan,0.180524,nan,1.274449
2522,0.465693,0.466644,5.706689,0.180494,4.630922,1.364765
2523,0.343123,0.480243,nan,0.180494,nan,1.129676
2524,0.420667,0.556208,6.810893,0.180464,4.021536,1.279485
2525,0.276326,0.318366,nan,0.180464,nan,0.932320
2526,0.441205,0.490420,7.833556,0.180435,3.821679,1.309099
2527,0.263559,0.227532,nan,0.180435,nan,0.917319
2528,0.524698,0.525677,4.936600,0.180405,3.704615,1.494438
2529,0.286559,0.276197,nan,0.180405,nan,0.972812
2530,0.214999,0.230910,5.963416,0.180375,6.230652,0.814495
2531,0.455860,0.486660,nan,0.180375,nan,1.311724
2532,0.456677,0.406066,7.941421,0.180345,4.420320,1.352384
2533,0.301504,0.291494,nan,0.180345,nan,1.003207
2534,0.333839,0.302532,7.835041,0.180315,4.168317,1.098434
2535,0.335114,0.320003,nan,0.180315,nan,1.077129
2536,0.302979,0.316850,6.263296,0.180284,5.699399,0.971431
2537,0.419017,0.406314,nan,0.180284,nan,1.267020
2538,0.342191,0.335951,7.806905,0.180253,5.497174,1.099126
2539,0.319229,0.317093,nan,0.180253,nan,1.062162
2540,0.294198,0.328115,7.766009,0.180222,5.965461,0.982090
2541,0.367536,0.371835,nan,0.180222,nan,1.178416
2542,0.283722,0.299547,5.776247,0.180191,5.973473,0.964728
2543,0.269719,0.365488,nan,0.180191,nan,0.933721
2544,0.256079,0.298555,6.055580,0.180159,5.343060,0.911517
2545,0.622083,0.690651,nan,0.180159,nan,1.672259
2546,0.264876,0.264300,5.289849,0.180128,3.971753,0.924747
2547,0.318109,0.430781,nan,0.180128,nan,1.046233
2548,0.568787,0.594765,6.868020,0.180097,4.480951,1.597395
2549,0.498800,0.489571,nan,0.180097,nan,1.419334
2550,0.400507,0.427813,8.587599,0.180066,5.052561,1.193870
2551,0.542805,0.436230,nan,0.180066,nan,1.539565
2552,0.368181,0.443316,7.646777,0.180036,2.572374,1.148115
2553,0.341946,0.551663,nan,0.180036,nan,1.114606
2554,0.312018,0.409421,6.331299,0.180005,5.727370,1.004124
2555,0.473500,0.447484,nan,0.180005,nan,1.369647
2556,0.389659,0.352793,7.870118,0.179975,3.244849,1.207670
2557,0.405268,0.408546,nan,0.179975,nan,1.242751
2558,0.490309,0.612965,7.444693,0.179945,4.783463,1.392600
2559,0.488535,0.628968,nan,0.179945,nan,1.396695
2560,0.409134,0.441233,5.960773,0.179915,4.519403,1.242803
2561,0.480024,0.484082,nan,0.179915,nan,1.388395
2562,0.377971,0.407972,7.291072,0.179885,5.227709,1.182505
2563,0.545261,0.534638,nan,0.179885,nan,1.503159
2564,0.403443,0.359120,6.172353,0.179855,3.803992,1.194744
2565,0.628888,0.574661,nan,0.179855,nan,1.724976
2566,0.412524,0.392151,7.648051,0.179825,5.326621,1.229924
2567,0.357486,0.337794,nan,0.179825,nan,1.152821
2568,0.450559,0.479451,9.731775,0.179796,1.386264,1.307703
2569,0.327604,0.327609,nan,0.179796,nan,1.077867
2570,0.413570,0.404471,7.829760,0.179767,3.130844,1.232870
2571,0.423462,0.439327,nan,0.179767,nan,1.253147
2572,0.499922,0.440555,7.766623,0.179739,3.220607,1.433945
2573,0.337604,0.366295,nan,0.179739,nan,1.094753
2574,0.412208,0.522687,7.994290,0.179710,5.851044,1.247563
2575,0.398953,0.425760,nan,0.179710,nan,1.230270
2576,0.375090,0.406826,9.874037,0.179681,4.419810,1.155869
2577,0.410575,0.505093,nan,0.179681,nan,1.257746
2578,0.383631,0.403611,6.421726,0.179652,4.070400,1.173602
2579,0.325664,0.342423,nan,0.179652,nan,1.027095
2580,0.463324,0.481863,7.694687,0.179623,4.524309,1.374004
2581,0.474785,0.526607,nan,0.179623,nan,1.379758
2582,0.491342,0.566252,7.176023,0.179594,5.350646,1.395971
2583,0.390745,0.314441,nan,0.179594,nan,1.177369
2584,0.251795,0.458218,8.025381,0.179565,4.194335,0.869675
2585,0.413350,0.462511,nan,0.179565,nan,1.259223
2586,0.405438,0.437831,6.961056,0.179536,4.120319,1.210411
2587,0.489652,0.455546,nan,0.179536,nan,1.404496
2588,0.570728,0.463024,9.062788,0.179507,5.356934,1.587229
2589,0.441388,0.424812,nan,0.179507,nan,1.312634
2590,0.443503,0.474087,7.331941,0.179478,4.364539,1.290720
2591,0.511087,0.469208,nan,0.179478,nan,1.439830
2592,0.514963,0.471209,8.191998,0.179450,3.531689,1.442947
2593,0.417163,0.504431,nan,0.179450,nan,1.270296
2594,0.399746,0.464523,5.187404,0.179421,4.177534,1.200042
2595,0.686764,0.899460,nan,0.179421,nan,1.841857
2596,0.671467,1.012143,4.788341,0.179392,6.208282,1.767229
2597,0.942169,1.014795,nan,0.179392,nan,2.340881
2598,1.054250,0.977094,6.274939,0.179363,2.612740,2.558433
2599,0.576983,0.438066,nan,0.179363,nan,1.602965
2600,0.384754,0.355129,7.181828,0.179334,5.999161,1.186430
2601,0.359045,0.360675,nan,0.179334,nan,1.138581
2602,0.346234,0.413647,6.799082,0.179305,3.151991,1.093851
2603,0.538970,0.553517,nan,0.179305,nan,1.475736
2604,0.371249,0.398102,7.637517,0.179277,4.944804,1.138110
2605,0.514983,0.626463,nan,0.179277,nan,1.445740
2606,0.495713,0.518861,9.400839,0.179248,3.696102,1.419084
2607,0.360349,0.393403,nan,0.179248,nan,1.116118
2608,0.464987,0.497907,11.519958,0.179220,4.417709,1.349945
2609,0.316443,0.474456,nan,0.179220,nan,1.031255
2610,0.336982,0.393029,7.829066,0.179191,4.901302,1.067208
2611,0.656954,0.651099,nan,0.179191,nan,1.749431
2612,0.538813,0.501341,6.435365,0.179162,6.064087,1.464180
2613,0.685789,0.703434,nan,0.179162,nan,1.802768
2614,0.516329,0.462722,10.233456,0.179133,3.926311,1.454301
2615,0.470516,0.437284,nan,0.179133,nan,1.359348
2616,0.420477,0.487354,9.118865,0.179104,4.499872,1.243623
2617,0.375954,0.480127,nan,0.179104,nan,1.173148
2618,0.494276,0.481155,8.061899,0.179075,5.878220,1.399072
2619,0.656851,0.736685,nan,0.179075,nan,1.739167
2620,0.643726,0.819234,9.997709,0.179046,5.260932,1.717953
2621,0.616304,0.644193,nan,0.179046,nan,1.679536
2622,0.505079,0.548539,9.008299,0.179017,4.212830,1.452891
2623,0.571846,0.613361,nan,0.179017,nan,1.585228
2624,0.588034,0.706730,8.805813,0.178988,4.308660,1.609764
2625,0.405954,0.478776,nan,0.178988,nan,1.222367
2626,0.570120,0.539619,11.650562,0.178959,4.809802,1.585900
2627,0.287757,0.434767,nan,0.178959,nan,0.944859
2628,0.695721,0.710260,12.443910,0.178930,2.255531,1.827261
2629,0.501862,0.557601,nan,0.178930,nan,1.404023
2630,0.441827,0.524306,8.594843,0.178902,5.406083,1.295203
2631,0.442509,0.564163,nan,0.178902,nan,1.258670
2632,0.546817,0.709401,8.890659,0.178873,4.564850,1.523784
2633,0.539277,0.650136,nan,0.178873,nan,1.494046
2634,0.446800,0.418008,9.527048,0.178845,4.926394,1.274302
2635,0.317702,0.353938,nan,0.178845,nan,1.032221
2636,0.471599,0.508820,10.765886,0.178817,2.917629,1.351976
2637,0.399025,0.468242,nan,0.178817,nan,1.205879
2638,0.453710,0.478292,11.198756,0.178788,5.416837,1.314428
2639,0.569951,0.545246,nan,0.178788,nan,1.582982
2640,0.554278,0.563120,10.053883,0.178760,3.164074,1.551276
2641,0.507341,0.439338,nan,0.178760,nan,1.465895
2642,0.443200,0.459976,9.757356,0.178733,3.108037,1.291816
2643,0.524514,0.555112,nan,0.178733,nan,1.482262
2644,0.440087,0.453366,8.846917,0.178706,2.848144,1.293770
2645,0.560743,0.712632,nan,0.178706,nan,1.538189
2646,0.471558,0.559829,11.354652,0.178679,4.422777,1.365124
2647,0.426025,0.455037,nan,0.178679,nan,1.270935
2648,0.523417,0.619912,10.285200,0.178652,3.618231,1.477283
2649,0.324774,0.328241,nan,0.178652,nan,1.043677
2650,0.411322,0.436358,8.239822,0.178625,3.933234,1.215085
2651,0.560844,0.527593,nan,0.178625,nan,1.573056
2652,0.450403,0.541049,9.408348,0.178598,5.590663,1.344433
2653,0.331961,0.329450,nan,0.178598,nan,1.061360
2654,0.374310,0.337731,7.337516,0.178570,6.799816,1.152751
2655,0.332638,0.361120,nan,0.178570,nan,1.061473
2656,0.289641,0.360100,7.772091,0.178541,5.667571,0.968219
2657,0.369320,0.283838,nan,0.178541,nan,1.134129
2658,0.325395,0.278692,8.275492,0.178513,4.360503,1.037008
2659,0.423054,0.421739,nan,0.178513,nan,1.281107
2660,0.321846,0.378669,9.758169,0.178484,5.452024,1.008914
2661,0.457017,0.433448,nan,0.178484,nan,1.342527
2662,0.516025,0.515300,8.267036,0.178455,6.710090,1.444713
2663,0.294737,0.409832,nan,0.178455,nan,0.991076
2664,0.449622,0.480041,9.532478,0.178426,4.750648,1.345309
2665,0.473466,0.455692,nan,0.178426,nan,1.354387
2666,0.456389,0.527632,13.162800,0.178398,4.113450,1.342032
2667,0.783411,0.776573,nan,0.178398,nan,2.021677
2668,0.575303,0.656746,8.142579,0.178368,6.480796,1.609988
2669,0.539266,0.661400,nan,0.178368,nan,1.516176
2670,0.510722,0.555463,8.699095,0.178339,5.953542,1.462629
2671,0.442474,0.471527,nan,0.178339,nan,1.278701
2672,0.547668,0.633374,10.491050,0.178310,3.530689,1.511972
2673,0.419035,0.536562,nan,0.178310,nan,1.248133
2674,0.352126,0.462599,9.795929,0.178281,5.026623,1.095419
2675,0.367175,0.519412,nan,0.178281,nan,1.115113
2676,0.475848,0.561020,11.692154,0.178252,4.525898,1.366537
2677,0.563556,0.463585,nan,0.178252,nan,1.565999
2678,0.641143,0.615104,9.382745,0.178223,5.361286,1.712323
2679,0.474925,0.638426,nan,0.178223,nan,1.372542
2680,0.455341,0.568054,10.042855,0.178195,4.152897,1.306033
2681,0.451739,0.465624,nan,0.178195,nan,1.339372
2682,0.514556,0.531705,12.744541,0.178166,3.920014,1.459765
2683,0.482946,0.542843,nan,0.178166,nan,1.374613
2684,0.357797,0.408670,11.828812,0.178138,5.385957,1.109150
2685,0.483557,0.533705,nan,0.178138,nan,1.388662
2686,0.453428,0.465372,9.584160,0.178109,4.325281,1.296838
2687,0.489555,0.357247,nan,0.178109,nan,1.417588
2688,0.704414,0.674259,11.006739,0.178080,6.853680,1.868396
2689,0.452666,0.411600,nan,0.178080,nan,1.321685
2690,0.485352,0.438483,9.188478,0.178051,5.280354,1.384867
2691,0.375277,0.400430,nan,0.178051,nan,1.162607
2692,0.431835,0.625779,8.276060,0.178022,6.553621,1.271361
2693,0.474430,0.775694,nan,0.178022,nan,1.393180
2694,0.393915,0.878802,10.934591,0.177993,3.487882,1.184816
2695,0.763518,0.599306,nan,0.177993,nan,1.962379
2696,0.656493,0.406043,10.411858,0.177964,4.505666,1.760919
2697,0.443790,0.485137,nan,0.177964,nan,1.302240
2698,0.507019,0.534703,11.389279,0.177936,4.646705,1.448454
2699,0.425590,0.414608,nan,0.177936,nan,1.274248
2700,0.451365,0.486714,9.765466,0.177907,6.847688,1.345996
2701,0.424481,0.472044,nan,0.177907,nan,1.246402
2702,0.470286,0.461904,11.831281,0.177878,4.026233,1.359572
2703,0.537360,0.499534,nan,0.177878,nan,1.522729
2704,0.320838,0.426235,10.419165,0.177849,6.690255,1.012264
2705,0.462509,0.315540,nan,0.177849,nan,1.332934
2706,0.520900,0.458674,11.040951,0.177820,4.014271,1.466410
2707,0.808825,0.680336,nan,0.177820,nan,2.064479
2708,0.818586,0.771147,9.709944,0.177791,5.375815,2.107853
2709,0.501882,0.768783,nan,0.177791,nan,1.421402
2710,0.465927,0.546341,11.515246,0.177762,4.731489,1.348358
2711,0.607315,0.642933,nan,0.177762,nan,1.646356
2712,0.387843,0.456519,9.153913,0.177734,4.255176,1.172030
2713,0.493950,0.452757,nan,0.177734,nan,1.423156
2714,0.548936,0.553661,10.098669,0.177705,5.369459,1.527853
2715,0.494784,0.422830,nan,0.177705,nan,1.416991
2716,0.617942,0.454644,10.566347,0.177677,6.298735,1.684150
2717,0.434664,0.491854,nan,0.177677,nan,1.281800
2718,0.292856,0.401561,9.494188,0.177648,4.125243,0.968054
2719,0.783725,0.596750,nan,0.177648,nan,2.022119
2720,0.480047,0.581166,8.547775,0.177619,6.089676,1.392223
2721,0.492996,0.489390,nan,0.177619,nan,1.407496
2722,0.505541,0.502280,10.332964,0.177590,4.920597,1.419846
2723,0.360691,0.397214,nan,0.177590,nan,1.106654
2724,0.326359,0.207606,10.953594,0.177562,3.634298,1.058285
2725,0.407187,0.406087,nan,0.177562,nan,1.228603
2726,0.517298,0.332894,9.785263,0.177534,6.591592,1.445408
2727,0.544837,0.635636,nan,0.177534,nan,1.529268
2728,0.510401,0.559443,10.416115,0.177504,6.567734,1.436116
2729,0.315149,0.296225,nan,0.177504,nan,0.997582
2730,0.384530,0.313950,12.146590,0.177476,4.411263,1.156808
2731,0.444583,0.385568,nan,0.177476,nan,1.293293
2732,0.444470,0.442958,9.101122,0.177447,6.229705,1.309160
2733,0.848081,0.652761,nan,0.177447,nan,2.137637
2734,0.432769,0.464836,9.334328,0.177418,4.613838,1.279636
2735,0.613610,0.526477,nan,0.177418,nan,1.650445
2736,0.445180,0.427437,12.512104,0.177389,6.312410,1.313017
2737,0.424549,0.433167,nan,0.177389,nan,1.273392
2738,0.447030,0.458347,10.812544,0.177360,4.346069,1.322304
2739,0.291088,0.329858,nan,0.177360,nan,0.964851
2740,0.423815,0.621256,11.123618,0.177331,5.093931,1.249427
2741,0.470511,0.689871,nan,0.177331,nan,1.388829
2742,0.419454,0.515340,10.436535,0.177302,8.311655,1.234203
2743,0.427074,0.481609,nan,0.177302,nan,1.266896
2744,0.656228,0.413404,12.745511,0.177272,6.354012,1.773108
2745,0.547252,0.585774,nan,0.177272,nan,1.517347
2746,0.513622,0.490607,12.841789,0.177243,4.089704,1.449440
2747,0.595203,0.421782,nan,0.177243,nan,1.593349
2748,0.678251,0.469790,10.826220,0.177213,6.358122,1.794896
2749,0.435187,0.547885,nan,0.177213,nan,1.284524
2750,0.383545,0.470884,11.370441,0.177184,5.260135,1.165737
2751,0.604397,0.692528,nan,0.177184,nan,1.657076
2752,0.335649,0.575465,11.650794,0.177155,4.806482,1.077432
2753,0.402861,0.481460,nan,0.177155,nan,1.200400
2754,0.634944,0.591627,12.734709,0.177126,5.778784,1.693871
2755,0.521724,0.450856,nan,0.177126,nan,1.448496
2756,0.383976,0.422065,9.714526,0.177097,6.319569,1.174607
2757,0.640739,0.591134,nan,0.177097,nan,1.706864
2758,0.566385,0.825374,12.539463,0.177067,6.561823,1.565195
2759,0.496822,0.574334,nan,0.177067,nan,1.423790
2760,0.376041,0.363770,11.014256,0.177038,4.507612,1.131884
2761,0.407559,0.379886,nan,0.177038,nan,1.215220
2762,0.543960,0.475955,12.259222,0.177009,3.787046,1.508527
2763,0.424116,0.396166,nan,0.177009,nan,1.274929
2764,0.530344,0.447025,9.675442,0.176981,2.037169,1.448203
2765,0.469195,0.441600,nan,0.176981,nan,1.360485
2766,0.576541,0.470357,12.262651,0.176953,6.033340,1.574018
2767,0.505009,0.436385,nan,0.176953,nan,1.436294
2768,0.691474,0.555105,11.791548,0.176926,4.784331,1.815111
2769,0.423019,0.484494,nan,0.176926,nan,1.266604
2770,0.432142,0.447773,8.994295,0.176898,4.298452,1.272304
2771,0.448515,0.438365,nan,0.176898,nan,1.309844
2772,0.420668,0.384720,10.854490,0.176871,4.833679,1.231368
2773,0.418007,0.503076,nan,0.176871,nan,1.220619
2774,0.398526,0.383679,13.085674,0.176843,5.507667,1.191151
2775,0.335611,0.314723,nan,0.176843,nan,1.057981
2776,0.432114,0.421520,14.332821,0.176815,6.514602,1.270530
2777,0.420737,0.397357,nan,0.176815,nan,1.244523
2778,0.510638,0.431703,14.287640,0.176787,5.417235,1.462899
2779,0.408370,0.332125,nan,0.176787,nan,1.204065
2780,0.412054,0.348484,10.156195,0.176759,6.296730,1.219216
2781,0.660951,0.723653,nan,0.176759,nan,1.743529
2782,0.548824,0.891102,11.690531,0.176731,3.856818,1.512546
2783,0.595422,0.773350,nan,0.176731,nan,1.625806
2784,0.621020,0.670851,12.175280,0.176703,7.405662,1.649257
2785,0.522636,0.385356,nan,0.176703,nan,1.438997
2786,0.511835,0.416842,10.702452,0.176674,6.018596,1.429609
2787,0.468599,0.427319,nan,0.176674,nan,1.378310
2788,0.609743,0.506437,13.264516,0.176646,5.193779,1.619689
2789,0.701643,0.450716,nan,0.176646,nan,1.849989
2790,0.659733,0.350356,11.086758,0.176617,6.991892,1.742293
2791,0.718774,0.424080,nan,0.176617,nan,1.858165
2792,0.595950,0.353862,11.456594,0.176588,5.913275,1.630404
2793,0.423328,0.640299,nan,0.176588,nan,1.266565
2794,0.414279,0.477606,11.175720,0.176559,6.430836,1.230151
2795,0.522583,0.525241,nan,0.176559,nan,1.457731
2796,0.517975,0.546594,12.959028,0.176531,3.245158,1.445120
2797,0.682673,0.831625,nan,0.176531,nan,1.802725
2798,1.071524,0.595280,10.261492,0.176502,6.204840,2.616327
2799,0.532082,1.082191,nan,0.176502,nan,1.495103
2800,0.522143,1.025748,11.497074,0.176474,5.324456,1.483689
2801,0.673498,0.652672,nan,0.176474,nan,1.789969
2802,1.169327,0.423862,14.112592,0.176445,5.599907,2.804194
2803,0.584679,0.842204,nan,0.176445,nan,1.603030
2804,0.663350,0.760528,14.749603,0.176417,4.273563,1.751683
2805,0.770302,0.512995,nan,0.176417,nan,1.977657
2806,0.421919,0.367132,11.448624,0.176389,5.370776,1.244020
2807,0.862717,0.772577,nan,0.176389,nan,2.166289
2808,0.617585,0.554428,13.554129,0.176361,6.487999,1.669666
2809,0.568134,0.652780,nan,0.176361,nan,1.567998
2810,0.638028,0.553192,11.623161,0.176333,4.707335,1.695197
2811,0.398316,0.577453,nan,0.176333,nan,1.187239
2812,0.483251,0.599697,11.168264,0.176305,4.452461,1.386711
2813,0.480120,0.433429,nan,0.176305,nan,1.366965
2814,0.368335,0.306252,11.190042,0.176277,6.041624,1.122271
2815,0.423716,0.411277,nan,0.176277,nan,1.262612
2816,0.353638,0.376062,12.337755,0.176249,5.923432,1.081083
2817,0.500767,0.431290,nan,0.176249,nan,1.413278
2818,0.498331,0.424226,13.869904,0.176221,5.700462,1.427977
2819,0.415667,0.363762,nan,0.176221,nan,1.232059
2820,0.369402,0.445311,9.974056,0.176193,7.403351,1.138070
2821,0.463786,0.430898,nan,0.176193,nan,1.365461
2822,0.590992,0.644700,10.284443,0.176165,4.615431,1.608580
2823,0.481389,0.590029,nan,0.176165,nan,1.384370
2824,0.581147,0.549162,10.753417,0.176137,4.019395,1.563691
2825,0.398055,0.349338,nan,0.176137,nan,1.185959
2826,0.381894,0.689227,14.282597,0.176109,8.179807,1.173534
2827,0.521049,0.589343,nan,0.176109,nan,1.461720
2828,0.426990,0.502865,11.803226,0.176080,7.394272,1.268875
2829,1.031707,0.783356,nan,0.176080,nan,2.517048
2830,1.447668,0.764171,14.356061,0.176051,5.932153,3.372104
2831,0.721953,0.903633,nan,0.176051,nan,1.872699
2832,0.533737,0.725054,11.576480,0.176022,5.808437,1.511412
2833,0.612815,0.448954,nan,0.176022,nan,1.675339
2834,0.407876,0.837028,10.133305,0.175994,4.456784,1.236200
2835,0.734096,0.445243,nan,0.175994,nan,1.903189
2836,0.600900,0.424509,14.455471,0.175966,4.195949,1.622602
2837,0.513148,0.501274,nan,0.175966,nan,1.462954
2838,0.669527,0.830267,11.994845,0.175938,5.342773,1.789765
2839,0.754766,1.080581,nan,0.175938,nan,1.955550
2840,0.537185,0.694275,13.846348,0.175910,5.899820,1.489402
2841,0.392736,0.390293,nan,0.175910,nan,1.169323
2842,0.679138,0.445493,12.289573,0.175882,4.931848,1.805712
2843,0.599272,0.824222,nan,0.175882,nan,1.634546
2844,0.455015,0.783275,12.475097,0.175855,5.320339,1.313132
2845,0.698424,0.842844,nan,0.175855,nan,1.849313
2846,0.641444,1.165668,12.378469,0.175827,6.327589,1.732688
2847,0.917347,0.728644,nan,0.175827,nan,2.266514
2848,0.979823,0.402151,10.712377,0.175799,7.512506,2.429046
2849,0.566967,0.499002,nan,0.175799,nan,1.579264
2850,0.639457,0.430706,14.243746,0.175770,6.016429,1.735057
2851,0.529989,0.519895,nan,0.175770,nan,1.474512
2852,0.438596,0.764814,13.049791,0.175742,6.293212,1.304429
2853,0.410496,0.475830,nan,0.175742,nan,1.213112
2854,0.635638,0.470918,13.661430,0.175714,5.058045,1.718488
2855,0.622523,0.616905,nan,0.175714,nan,1.682142
2856,0.667678,0.498634,14.041422,0.175686,6.414274,1.790045
2857,0.480277,0.590953,nan,0.175686,nan,1.373997
2858,0.400680,0.387261,10.756290,0.175657,6.939090,1.228885
2859,0.689315,0.650995,nan,0.175657,nan,1.817624
2860,0.407399,0.361115,11.045250,0.175628,6.376682,1.202053
2861,0.503316,0.468367,nan,0.175628,nan,1.438846
2862,0.430180,0.515285,12.229962,0.175600,4.623100,1.256295
2863,0.455734,0.375897,nan,0.175600,nan,1.341127
2864,0.405559,0.384855,13.409678,0.175572,4.957355,1.215741
2865,1.178001,0.474712,nan,0.175572,nan,2.831461
2866,1.042938,0.656163,12.095646,0.175544,4.916841,2.552390
2867,0.588192,0.614474,nan,0.175544,nan,1.608015
2868,0.398709,0.460362,11.966059,0.175517,5.663138,1.199951
2869,0.504675,0.512318,nan,0.175517,nan,1.421057
2870,0.627759,0.480127,14.202658,0.175489,4.483459,1.697256
2871,0.471440,0.415166,nan,0.175489,nan,1.393046
2872,0.402196,0.469808,11.991596,0.175462,6.886493,1.230014
2873,0.500120,0.517117,nan,0.175462,nan,1.430611
2874,0.465410,0.584331,12.631246,0.175434,5.520226,1.346968
2875,0.403300,0.376349,nan,0.175434,nan,1.190818
2876,0.349446,0.288287,12.676727,0.175407,5.070456,1.113533
2877,0.541254,0.540195,nan,0.175407,nan,1.515611
2878,0.330628,0.307394,12.678457,0.175380,4.185514,1.047741
2879,0.639833,0.460464,nan,0.175380,nan,1.706053
2880,0.780349,0.637670,13.020870,0.175353,3.683673,2.015680
2881,0.497043,0.417596,nan,0.175353,nan,1.409699
2882,0.582849,0.560012,12.436514,0.175326,6.244324,1.593954
2883,0.554106,0.694854,nan,0.175326,nan,1.538458
2884,0.351603,0.459970,13.712818,0.175300,2.949234,1.094816
2885,0.629336,0.382071,nan,0.175300,nan,1.704942
2886,0.506692,0.502225,11.073656,0.175274,5.182026,1.435169
2887,0.551951,0.554122,nan,0.175274,nan,1.530906
2888,0.380143,0.451753,10.029099,0.175248,5.064339,1.179339
2889,0.804239,0.553983,nan,0.175248,nan,2.063850
2890,0.311718,0.371423,10.267423,0.175222,5.641286,0.992086
2891,0.375163,0.412636,nan,0.175222,nan,1.130498
2892,0.338824,0.448566,12.373315,0.175197,3.273137,1.080929
2893,0.451074,0.579639,nan,0.175197,nan,1.309871
2894,0.401051,0.403558,14.616802,0.175172,3.663699,1.202502
2895,0.584597,0.468933,nan,0.175172,nan,1.596872
2896,0.549980,0.560376,13.391903,0.175146,6.484686,1.512535
2897,0.349919,0.500045,nan,0.175146,nan,1.085927
2898,0.517948,0.612456,13.878691,0.175120,7.270716,1.454285
2899,0.480702,0.384865,nan,0.175120,nan,1.387374
2900,0.451925,0.456694,12.063257,0.175094,5.565055,1.300160
2901,0.799539,0.462617,nan,0.175094,nan,2.041354
2902,0.442413,0.350270,12.738049,0.175067,5.178164,1.296468
2903,0.536619,0.464637,nan,0.175067,nan,1.491822
2904,0.290295,0.388963,12.715935,0.175041,6.190119,0.948570
2905,0.363916,0.373810,nan,0.175041,nan,1.137777
2906,0.299218,0.338041,10.018120,0.175014,8.845300,0.961807
2907,0.424034,0.313235,nan,0.175014,nan,1.259103
2908,0.479839,0.598362,11.247417,0.174986,6.500685,1.393344
2909,0.432377,0.483968,nan,0.174986,nan,1.295700
2910,0.465889,0.505848,14.178343,0.174959,5.170019,1.352529
2911,0.392810,0.434284,nan,0.174959,nan,1.200476
2912,0.542237,0.539464,11.763199,0.174932,5.697173,1.507104
2913,0.928913,0.774240,nan,0.174932,nan,2.299298
2914,0.851806,0.920083,11.923943,0.174905,5.841241,2.160285
2915,1.134348,0.903118,nan,0.174905,nan,2.746974
2916,0.692446,0.618837,12.597689,0.174877,6.101759,1.818001
2917,0.477961,0.508422,nan,0.174877,nan,1.376157
2918,0.625731,0.337837,14.027336,0.174850,8.188406,1.680936
2919,0.564813,0.595139,nan,0.174850,nan,1.553687
2920,0.497491,0.343164,13.076563,0.174822,4.799590,1.400697
2921,0.388427,0.496269,nan,0.174822,nan,1.177006
2922,0.588052,0.394668,16.164005,0.174795,5.392783,1.620127
2923,0.577857,0.498909,nan,0.174795,nan,1.590347
2924,0.416278,0.397257,12.901916,0.174767,5.438825,1.230806
2925,0.413516,0.381963,nan,0.174767,nan,1.251458
2926,0.591043,0.548462,13.624138,0.174740,5.995424,1.623265
2927,0.413838,0.518673,nan,0.174740,nan,1.224988
2928,0.454512,0.682111,11.365454,0.174713,4.825184,1.312754
2929,0.416547,0.442256,nan,0.174713,nan,1.253062
2930,0.463373,0.477508,12.552338,0.174686,6.026103,1.321312
2931,0.446957,0.480879,nan,0.174686,nan,1.315503
2932,0.588703,0.477117,13.349944,0.174659,5.245031,1.605386
2933,0.722365,0.486696,nan,0.174659,nan,1.882460
2934,0.640096,0.386772,11.500944,0.174632,6.788527,1.726830
2935,0.443283,0.474825,nan,0.174632,nan,1.298342
2936,0.343046,0.325562,12.981304,0.174605,5.413264,1.101444
2937,0.478078,0.433731,nan,0.174605,nan,1.378672
2938,0.435123,0.400058,12.621525,0.174579,4.157055,1.282573
2939,0.547840,0.461107,nan,0.174579,nan,1.513777
2940,0.430827,0.484051,13.739022,0.174552,5.693764,1.283172
2941,0.353995,0.542781,nan,0.174552,nan,1.103916
2942,0.281744,0.304535,13.212713,0.174526,5.275130,0.943145
2943,0.516105,0.471881,nan,0.174526,nan,1.454242
2944,0.384927,0.393883,10.855640,0.174499,6.988490,1.170472
2945,0.381484,0.359977,nan,0.174499,nan,1.165834
2946,0.453025,0.493656,12.359379,0.174472,8.385780,1.313003
2947,0.466938,0.733445,nan,0.174472,nan,1.360480
2948,0.316889,0.481512,14.736820,0.174445,4.403908,1.027123
2949,0.865669,0.822855,nan,0.174445,nan,2.184217
2950,0.408349,0.581830,12.533035,0.174418,7.286823,1.233130
2951,0.720132,0.799939,nan,0.174418,nan,1.858775
2952,0.557943,0.709273,12.906119,0.174391,5.441372,1.538661
2953,0.818352,0.314023,nan,0.174391,nan,2.088897
2954,0.586562,0.457628,13.487766,0.174363,7.840446,1.596138
2955,0.562451,0.869673,nan,0.174363,nan,1.543636
2956,0.582624,0.373596,12.722280,0.174335,6.500900,1.584053
2957,0.715823,0.573004,nan,0.174335,nan,1.884058
2958,0.660815,0.484932,13.738905,0.174308,7.035305,1.766319
2959,0.712069,0.456866,nan,0.174308,nan,1.863628
2960,0.432911,0.426261,12.328348,0.174280,6.210266,1.255261
2961,1.052745,0.587911,nan,0.174280,nan,2.565990
2962,0.512289,0.530512,12.371262,0.174252,5.510793,1.440007
2963,0.540144,0.823176,nan,0.174252,nan,1.500076
2964,0.522822,0.635161,10.971035,0.174224,6.852711,1.458868
2965,0.624151,0.523730,nan,0.174224,nan,1.673179
2966,0.484579,0.493808,14.474091,0.174197,6.905180,1.377117
2967,0.538004,0.447611,nan,0.174197,nan,1.510134
2968,0.408053,0.526856,12.521563,0.174169,6.286158,1.226485
2969,0.503142,0.496917,nan,0.174169,nan,1.411229
2970,0.541574,0.685342,11.341234,0.174142,3.401841,1.514920
2971,0.568950,0.470959,nan,0.174142,nan,1.565254
2972,0.423284,0.390062,15.223265,0.174115,6.293039,1.239047
2973,0.375874,0.382715,nan,0.174115,nan,1.159855
2974,0.369397,0.613627,13.770979,0.174088,5.943481,1.159885
2975,0.383058,0.332385,nan,0.174088,nan,1.178168
2976,0.648714,0.630169,13.950359,0.174061,5.538597,1.732423
2977,0.342617,0.355978,nan,0.174061,nan,1.084517
2978,0.500494,0.597930,14.273071,0.174034,7.051660,1.422371
2979,0.513659,0.496166,nan,0.174034,nan,1.471050
2980,0.439178,0.433863,15.030458,0.174007,3.976845,1.286663
2981,0.588545,0.364502,nan,0.174007,nan,1.620768
2982,0.517613,0.558881,14.000379,0.173981,5.040830,1.465827
2983,0.520259,0.481374,nan,0.173981,nan,1.458920
2984,0.357527,0.316247,13.294455,0.173955,5.189181,1.106263
2985,0.571809,0.625318,nan,0.173955,nan,1.583411
2986,0.717097,0.624758,13.487839,0.173928,5.812516,1.863155
2987,0.538418,0.593436,nan,0.173928,nan,1.501024
2988,0.470490,0.405680,14.555177,0.173902,6.243669,1.374783
2989,0.319737,0.473731,nan,0.173902,nan,1.020592
2990,0.402948,0.267283,13.763641,0.173876,7.733790,1.239534
2991,0.518471,0.398636,nan,0.173876,nan,1.469511
2992,0.333332,0.372326,14.356434,0.173849,6.216529,1.061820
2993,0.391219,0.349207,nan,0.173849,nan,1.189280
2994,0.406045,0.729215,13.897837,0.173822,7.056376,1.234590
2995,0.636014,0.568863,nan,0.173822,nan,1.669420
2996,0.500340,0.504537,14.950891,0.173795,6.515363,1.431817
2997,0.810654,0.667119,nan,0.173795,nan,2.066757
2998,0.424631,0.413147,13.062651,0.173767,8.321970,1.265398
2999,0.865137,0.544012,nan,0.173767,nan,2.179948
3000,0.554282,0.557801,14.096768,0.173739,8.524851,1.518359
3001,0.676201,0.829336,nan,0.173739,nan,1.789383
3002,0.494901,0.422784,12.567961,0.173712,5.144223,1.399395
3003,0.589253,1.325930,nan,0.173712,nan,1.607347
3004,0.553467,1.320572,11.994123,0.173684,8.244815,1.543768
3005,1.616968,0.620065,nan,0.173684,nan,3.700506
3006,1.867299,0.454001,12.721622,0.173655,6.669960,4.214224
3007,0.999622,0.714587,nan,0.173655,nan,2.453331
3008,0.562453,0.783260,16.064970,0.173627,7.891261,1.554932
3009,1.110276,0.614972,nan,0.173627,nan,2.687674
3010,0.607922,0.916174,15.563166,0.173599,5.168699,1.645457
3011,1.063556,0.615584,nan,0.173599,nan,2.565799
3012,0.552188,0.355423,14.179770,0.173571,7.440609,1.529753
3013,0.943007,1.001050,nan,0.173571,nan,2.334476
3014,1.081127,0.980720,12.810077,0.173544,4.972568,2.620383
3015,1.129679,0.876789,nan,0.173544,nan,2.697800
3016,1.687139,1.021665,16.615484,0.173516,6.229961,3.845920
3017,0.986784,0.695966,nan,0.173516,nan,2.435987
3018,0.587828,0.911180,18.023579,0.173489,5.448882,1.605069
3019,1.252990,0.843093,nan,0.173489,nan,2.960917
3020,0.558789,0.624187,16.532345,0.173462,6.559385,1.533206
3021,0.669291,1.299319,nan,0.173462,nan,1.771696
3022,0.933587,1.130573,14.287752,0.173435,4.916962,2.295705
3023,1.042678,0.492093,nan,0.173435,nan,2.544993
3024,0.887695,0.968756,16.302450,0.173408,6.474688,2.226701
3025,0.658688,0.593810,nan,0.173408,nan,1.757728
3026,1.047274,0.476445,13.923351,0.173381,7.944407,2.540678
3027,1.000710,0.628900,nan,0.173381,nan,2.446790
3028,0.653053,0.438438,17.871893,0.173354,4.997681,1.723435
3029,0.668407,0.603725,nan,0.173354,nan,1.755069
3030,0.654273,0.726676,18.945429,0.173328,4.937106,1.739924
3031,0.837427,0.722544,nan,0.173328,nan,2.126846
3032,0.580121,0.539448,15.281408,0.173301,8.273588,1.587637
3033,0.368226,0.484595,nan,0.173301,nan,1.147691
3034,0.847553,0.704478,14.939009,0.173274,6.439033,2.137657
3035,0.637357,0.511971,nan,0.173274,nan,1.709106
3036,0.667710,0.570090,13.988783,0.173247,8.337461,1.776232
3037,0.617448,0.637934,nan,0.173247,nan,1.646327
3038,0.597865,0.573336,12.685389,0.173219,7.933107,1.611536
3039,0.456042,0.691257,nan,0.173219,nan,1.306782
3040,0.447321,0.675149,11.476087,0.173191,5.744163,1.304543
3041,0.541105,0.609257,nan,0.173191,nan,1.485809
3042,0.573642,0.796511,12.458548,0.173164,7.900196,1.567688
3043,0.548888,0.554915,nan,0.173164,nan,1.498398
3044,0.455425,0.359175,12.200517,0.173136,6.449328,1.324857
3045,0.722280,0.602816,nan,0.173136,nan,1.889467
3046,0.490525,0.567937,14.381292,0.173109,5.905346,1.381447
3047,0.588747,0.540601,nan,0.173109,nan,1.571683
3048,0.671389,0.679885,14.557204,0.173082,6.404484,1.778551
3049,0.715294,0.716035,nan,0.173082,nan,1.865755
3050,0.465982,0.490299,16.238235,0.173054,7.704426,1.348745
3051,0.608118,0.498372,nan,0.173054,nan,1.625445
3052,0.597467,0.597430,14.038833,0.173026,7.183937,1.622853
3053,0.376376,0.425273,nan,0.173026,nan,1.162333
3054,0.861968,0.636045,14.777649,0.172999,6.780067,2.169116
3055,0.551197,0.846293,nan,0.172999,nan,1.493389
3056,0.587283,0.785827,13.057021,0.172972,5.058559,1.557041
3057,0.697145,0.681686,nan,0.172972,nan,1.811855
3058,0.374016,0.342355,14.528612,0.172945,6.658712,1.116754
3059,0.897611,0.454915,nan,0.172945,nan,2.242931
3060,0.513120,0.485066,13.519464,0.172918,5.083948,1.443575
3061,0.699612,0.444280,nan,0.172918,nan,1.809135
3062,1.047877,0.684756,16.326000,0.172891,6.432274,2.553520
3063,0.996807,0.827287,nan,0.172891,nan,2.451901
3064,0.506626,0.553747,14.527281,0.172864,7.961175,1.438766
3065,0.545124,0.599848,nan,0.172864,nan,1.508103
3066,0.418547,0.358242,12.926943,0.172838,5.950201,1.213727
3067,0.714471,0.440500,nan,0.172838,nan,1.856756
3068,0.478034,0.507394,11.274216,0.172811,7.313680,1.390022
3069,0.823780,0.459861,nan,0.172811,nan,2.087250
3070,0.889883,0.737009,15.432719,0.172784,4.448300,2.216272
3071,0.788692,0.484996,nan,0.172784,nan,2.025887
3072,0.912270,1.008366,12.978600,0.172758,7.446356,2.245665
3073,0.290223,0.291881,nan,0.172758,nan,0.958784
3074,0.658158,0.652941,12.042126,0.172731,7.325679,1.727351
3075,0.715229,0.665431,nan,0.172731,nan,1.854526
3076,0.551545,0.526775,13.771432,0.172704,7.255687,1.530628
3077,0.613073,0.839188,nan,0.172704,nan,1.637331
3078,0.506906,0.667500,14.522707,0.172677,7.085081,1.432756
3079,0.533811,0.522726,nan,0.172677,nan,1.458744
3080,0.396908,0.405448,12.808054,0.172650,7.653899,1.190679
3081,0.806905,0.654793,nan,0.172650,nan,2.022814
3082,0.495583,0.604131,13.090782,0.172623,6.859617,1.403073
3083,0.520702,0.488881,nan,0.172623,nan,1.446360
3084,0.557507,0.471906,14.086227,0.172596,6.376481,1.523620
3085,1.021738,0.960852,nan,0.172596,nan,2.483413
3086,0.343685,0.331121,17.087723,0.172568,7.696089,1.094701
3087,1.073137,1.212425,nan,0.172568,nan,2.593148
3088,0.729314,1.103620,14.430945,0.172541,6.635067,1.879189
3089,1.015146,1.059229,nan,0.172541,nan,2.458883
3090,1.603300,1.012989,17.457516,0.172514,6.111086,3.661779
3091,0.672398,0.814587,nan,0.172514,nan,1.761735
3092,1.084309,0.742212,16.096573,0.172487,7.136323,2.620300
3093,0.917268,0.951026,nan,0.172487,nan,2.254029
3094,0.606600,0.506282,17.040169,0.172460,6.907830,1.629719
3095,1.511718,1.208346,nan,0.172460,nan,3.465788
3096,1.594464,1.332755,11.827378,0.172433,6.167989,3.628867
3097,0.872284,0.666842,nan,0.172433,nan,2.170192
3098,0.951935,0.887883,13.892757,0.172406,8.921762,2.347545
3099,0.649955,0.474125,nan,0.172406,nan,1.723460
3100,0.915425,1.126750,15.974429,0.172379,5.718264,2.258803
3101,0.694414,0.691526,nan,0.172379,nan,1.810194
3102,0.355155,0.384115,15.709574,0.172352,6.340354,1.100174
3103,1.805477,1.389637,nan,0.172352,nan,4.080179
3104,1.549566,1.203975,16.688931,0.172326,4.687643,3.569994
3105,0.536881,0.467257,nan,0.172326,nan,1.493350
3106,0.604545,1.238694,16.783833,0.172300,6.871264,1.632041
3107,1.317613,1.287993,nan,0.172300,nan,3.080748
3108,0.909159,0.596933,15.645462,0.172273,7.252421,2.254697
3109,1.000116,0.900455,nan,0.172273,nan,2.443694
3110,1.165159,0.959030,13.488796,0.172247,6.420181,2.781422
3111,0.541955,0.594809,nan,0.172247,nan,1.485651
3112,0.506978,0.730011,13.861788,0.172220,6.950776,1.410086
3113,0.618664,0.602700,nan,0.172220,nan,1.669119
3114,0.591355,0.548673,16.654016,0.172194,7.572172,1.608717
3115,1.018965,0.793121,nan,0.172194,nan,2.472493
3116,0.612478,0.367848,14.396524,0.172167,7.416260,1.630597
3117,0.960043,0.678892,nan,0.172167,nan,2.357627
3118,1.006092,0.702510,13.890467,0.172140,7.328693,2.458094
3119,0.849934,0.822516,nan,0.172140,nan,2.140008
3120,0.594757,0.600971,14.108505,0.172113,7.129585,1.593157
3121,0.798327,1.148544,nan,0.172113,nan,2.004209
3122,0.522899,0.811795,15.598665,0.172086,7.707432,1.445018
3123,0.649897,0.572392,nan,0.172086,nan,1.716166
3124,0.745317,0.678318,14.081533,0.172059,7.061213,1.916772
3125,0.670108,0.841913,nan,0.172059,nan,1.746452
3126,0.731595,1.232944,12.281555,0.172031,9.644249,1.888059
3127,0.888683,0.603474,nan,0.172031,nan,2.210800
3128,0.738599,0.694232,14.846508,0.172004,8.261662,1.895285
3129,0.658863,0.725963,nan,0.172004,nan,1.733182
3130,0.320920,0.631618,13.990723,0.171976,8.382539,1.001191
3131,0.547135,0.524982,nan,0.171976,nan,1.527112
3132,0.642072,0.595701,12.371504,0.171948,6.122702,1.695135
3133,0.649971,0.387927,nan,0.171948,nan,1.725838
3134,0.710363,0.934758,13.258451,0.171921,5.729530,1.837449
3135,0.431188,0.449863,nan,0.171921,nan,1.271778
3136,0.618410,0.793524,14.954607,0.171894,4.579561,1.633137
3137,0.429579,0.537752,nan,0.171894,nan,1.256364
3138,0.656463,0.588084,13.144717,0.171867,6.734607,1.722239
3139,0.809896,0.847895,nan,0.171867,nan,2.039137
3140,0.747693,1.034296,13.819675,0.171841,6.770706,1.900454
3141,0.955035,0.585604,nan,0.171841,nan,2.333373
3142,0.782136,0.732795,13.961838,0.171814,5.872729,1.978465
3143,0.650568,0.641883,nan,0.171814,nan,1.727370
3144,0.350363,0.388140,13.568270,0.171788,8.311790,1.090491
3145,0.495402,0.471293,nan,0.171788,nan,1.384254
3146,0.362372,0.409725,14.014008,0.171761,8.164006,1.119768
3147,0.461255,0.554675,nan,0.171761,nan,1.306904
3148,0.558451,0.594581,14.290251,0.171734,7.065672,1.523572
3149,0.786160,0.674505,nan,0.171734,nan,2.007837
3150,0.743339,0.848985,15.393295,0.171708,5.705088,1.905217
3151,0.819793,0.560973,nan,0.171708,nan,2.076329
3152,0.628616,0.582574,15.761778,0.171681,6.683518,1.661326
3153,0.641157,0.592903,nan,0.171681,nan,1.692577
3154,0.495459,0.495720,14.126248,0.171655,5.897855,1.387758
3155,0.450207,0.379603,nan,0.171655,nan,1.293267
3156,0.681139,0.848839,14.964228,0.171628,9.067812,1.755337
3157,0.405417,0.393540,nan,0.171628,nan,1.204370
3158,0.548743,0.734286,15.328473,0.171601,8.927050,1.505126
3159,0.759958,0.470333,nan,0.171601,nan,1.943971
3160,0.703118,0.669475,14.412887,0.171574,7.906108,1.817023
3161,0.397691,0.807456,nan,0.171574,nan,1.165239
3162,0.651506,0.500662,13.188726,0.171547,7.653635,1.708663
3163,0.844768,0.870286,nan,0.171547,nan,2.093723
3164,0.770625,0.833809,15.238754,0.171520,6.494999,1.963692
3165,0.477129,0.560574,nan,0.171520,nan,1.347462
3166,0.876584,0.505750,17.166998,0.171493,6.057905,2.192231
3167,0.993458,0.579716,nan,0.171493,nan,2.426610
3168,0.508247,0.543878,16.661469,0.171466,7.578176,1.401449
3169,0.661078,0.548450,nan,0.171466,nan,1.716649
3170,0.349014,0.803959,15.843590,0.171439,8.414800,1.080138
3171,0.481190,0.557632,nan,0.171439,nan,1.370997
3172,0.712050,0.566768,18.277405,0.171412,6.560355,1.852476
3173,0.635467,0.762515,nan,0.171412,nan,1.668966
3174,0.798008,0.725591,14.590164,0.171386,7.270771,2.010709
3175,0.558011,0.435952,nan,0.171386,nan,1.521043
3176,0.634107,0.690329,15.690907,0.171359,5.719323,1.676912
3177,0.666892,0.629222,nan,0.171359,nan,1.769582
3178,0.827943,0.387795,14.431023,0.171333,7.683421,2.100706
3179,0.895630,0.511145,nan,0.171333,nan,2.212387
3180,0.362104,0.648061,16.109806,0.171306,6.319699,1.121544
3181,0.676133,0.886716,nan,0.171306,nan,1.771366
3182,0.567700,0.692993,16.279427,0.171280,6.556067,1.545988
3183,0.814724,0.944111,nan,0.171280,nan,2.056883
3184,1.047586,0.553455,16.649616,0.171253,8.538780,2.516144
3185,0.714126,0.606107,nan,0.171253,nan,1.843597
3186,0.694375,0.563817,14.680838,0.171227,6.747077,1.808127
3187,0.999203,0.816313,nan,0.171227,nan,2.433825
3188,0.773933,0.745058,14.054426,0.171201,6.003027,1.966874
3189,0.474941,0.520936,nan,0.171201,nan,1.337531
3190,0.598009,0.749386,15.859320,0.171174,7.831105,1.610048
3191,0.814537,0.769838,nan,0.171174,nan,2.048907
3192,0.416698,0.426412,14.585066,0.171148,8.828498,1.214566
3193,0.575690,0.525220,nan,0.171148,nan,1.543970
3194,0.650662,0.667713,12.784496,0.171121,6.404463,1.711818
3195,0.844800,0.702814,nan,0.171121,nan,2.133831
3196,0.617270,0.483179,15.049969,0.171095,7.332622,1.632121
3197,0.679671,0.801258,nan,0.171095,nan,1.790858
3198,0.595433,0.590854,16.884628,0.171068,7.706223,1.602588
3199,0.514608,0.504383,nan,0.171068,nan,1.437761
3200,1.154264,0.365569,16.645050,0.171042,5.806895,2.772338
3201,0.864462,0.663108,nan,0.171042,nan,2.158195
3202,0.520905,0.714612,17.002483,0.171016,6.579040,1.446448
3203,0.881665,0.534503,nan,0.171016,nan,2.201817
3204,0.582898,0.808915,14.947365,0.170990,7.539776,1.587384
3205,0.554547,0.687679,nan,0.170990,nan,1.506716
3206,0.824512,0.731208,14.898664,0.170964,6.206944,2.073574
3207,0.660628,0.746274,nan,0.170964,nan,1.724790
3208,0.769339,0.836971,13.351265,0.170937,8.483097,1.958443
3209,0.638333,0.516612,nan,0.170937,nan,1.701788
3210,0.866647,0.635424,11.932036,0.170911,7.924701,2.169756
3211,0.789148,0.659923,nan,0.170911,nan,2.010777
3212,0.483106,0.379493,13.879810,0.170884,8.785438,1.391001
3213,0.643280,0.474805,nan,0.170884,nan,1.699443
3214,0.753955,0.694811,14.276465,0.170858,3.947479,1.930485
3215,0.533663,0.642522,nan,0.170858,nan,1.492543
3216,0.737421,0.553358,14.127032,0.170832,8.395403,1.894161
3217,0.450012,0.652083,nan,0.170832,nan,1.303008
3218,0.639850,0.492087,15.473042,0.170806,8.939934,1.689645
3219,0.791901,1.099343,nan,0.170806,nan,2.016542
3220,0.710869,0.934674,14.353336,0.170779,6.708956,1.843578
3221,0.659470,0.748832,nan,0.170779,nan,1.739307
3222,0.640450,0.650007,13.766654,0.170753,7.628550,1.695051
3223,0.969302,0.681620,nan,0.170753,nan,2.378218
3224,0.778425,0.603752,15.976385,0.170726,10.676428,1.984425
3225,0.720084,0.593304,nan,0.170726,nan,1.861488
3226,0.419085,0.618686,16.645424,0.170699,5.885187,1.230704
3227,0.651007,0.485293,nan,0.170699,nan,1.712216
3228,0.471622,0.486190,15.242966,0.170672,8.940543,1.329911
3229,1.110632,0.886485,nan,0.170672,nan,2.641133
3230,0.600030,0.804650,16.012386,0.170645,6.699889,1.598380
3231,0.642174,0.701314,nan,0.170645,nan,1.688899
3232,0.557601,0.906434,15.383427,0.170618,9.333988,1.535003
3233,0.776001,0.992810,nan,0.170618,nan,1.972450
3234,0.591139,0.530170,14.193942,0.170591,9.079208,1.586560
3235,0.725847,0.587965,nan,0.170591,nan,1.857408
3236,0.718890,0.577336,15.297050,0.170564,6.169301,1.848315
3237,0.883535,1.037987,nan,0.170564,nan,2.195884
3238,0.846224,0.834723,13.941793,0.170537,5.768535,2.120297
3239,0.694320,0.581687,nan,0.170537,nan,1.799053
3240,0.549790,0.480614,16.245113,0.170511,5.776382,1.499551
3241,0.735982,0.763740,nan,0.170511,nan,1.894806
3242,0.928526,0.803197,16.058632,0.170485,7.619803,2.287205
3243,0.686377,0.771645,nan,0.170485,nan,1.798509
3244,0.444968,0.447466,20.518265,0.170459,7.920086,1.311365
3245,0.519860,0.836716,nan,0.170459,nan,1.435710
3246,0.665902,0.639219,15.420670,0.170432,8.852385,1.743955
3247,0.696205,0.830532,nan,0.170432,nan,1.797562
3248,0.607108,0.488911,15.524865,0.170406,6.102889,1.639434
3249,0.691170,0.881793,nan,0.170406,nan,1.795487
3250,0.699645,0.661063,15.573103,0.170380,7.730643,1.801124
3251,0.544262,0.548968,nan,0.170380,nan,1.479338
3252,0.614864,0.559023,16.031601,0.170353,8.082479,1.640769
3253,0.477088,0.789850,nan,0.170353,nan,1.320420
3254,0.356045,0.473535,16.954002,0.170327,8.954134,1.065046
3255,0.642851,0.596747,nan,0.170327,nan,1.691189
3256,0.770631,0.471779,15.746325,0.170300,6.121630,1.980625
3257,0.685419,0.899811,nan,0.170300,nan,1.775275
3258,0.420936,0.551893,17.633984,0.170274,7.554605,1.235409
3259,0.423475,0.468097,nan,0.170274,nan,1.202832
3260,0.718138,0.499017,18.082788,0.170248,6.697651,1.841408
3261,0.520967,0.614853,nan,0.170248,nan,1.411939
3262,0.704498,0.689516,17.087982,0.170222,7.460464,1.801786
3263,0.661589,0.859856,nan,0.170222,nan,1.714965
3264,0.661817,0.465751,16.532150,0.170196,8.249959,1.750199
3265,0.334204,0.360028,nan,0.170196,nan,1.048904
3266,0.826852,0.621716,16.796099,0.170169,8.195195,2.075945
3267,0.413385,0.489994,nan,0.170169,nan,1.223818
3268,0.737651,0.599208,14.321699,0.170143,7.770790,1.875685
3269,0.460353,0.692615,nan,0.170143,nan,1.302014
3270,0.522311,0.837854,14.453894,0.170117,7.955076,1.458853
3271,0.942276,0.494358,nan,0.170117,nan,2.332396
3272,0.897765,0.405200,17.148338,0.170090,7.022309,2.229627
3273,0.422601,0.423638,nan,0.170090,nan,1.225926
3274,0.694171,0.670410,17.110107,0.170065,5.655189,1.787451
3275,0.486122,0.534632,nan,0.170065,nan,1.380235
3276,0.563288,0.614158,17.607113,0.170039,6.372925,1.523083
3277,0.732002,0.538699,nan,0.170039,nan,1.880383
3278,0.794225,0.761046,16.284920,0.170014,7.247216,2.008796
3279,0.695303,0.868802,nan,0.170014,nan,1.807757
3280,0.516392,0.543868,17.210894,0.169988,6.451078,1.425472
3281,0.515629,0.526547,nan,0.169988,nan,1.402595
3282,0.879422,0.388795,17.020660,0.169963,7.338863,2.211381
3283,0.580019,0.478977,nan,0.169963,nan,1.578261
3284,0.860050,1.198581,15.838249,0.169938,6.175497,2.128973
3285,1.163948,0.568567,nan,0.169938,nan,2.774938
3286,0.564461,0.728845,15.599825,0.169913,7.565082,1.537899
3287,0.672068,0.766539,nan,0.169913,nan,1.765277
3288,0.682476,0.578713,16.065353,0.169888,5.796667,1.791763
3289,0.722835,0.850494,nan,0.169888,nan,1.842525
3290,0.753182,0.912301,19.798372,0.169863,7.450205,1.935829
3291,0.730882,0.771188,nan,0.169863,nan,1.854191
3292,0.683746,0.519495,18.177589,0.169838,8.962383,1.778640
3293,0.666749,0.548811,nan,0.169838,nan,1.761577
3294,0.644758,0.513303,19.203959,0.169812,7.679052,1.729560
3295,0.527322,0.490199,nan,0.169812,nan,1.462086
3296,0.790413,0.568049,20.132357,0.169787,6.012165,2.028547
3297,0.480399,1.081318,nan,0.169787,nan,1.356697
3298,0.536786,0.534035,16.082655,0.169762,7.871324,1.453534
3299,0.422309,0.396031,nan,0.169762,nan,1.251425
3300,0.535023,0.494997,15.566615,0.169736,9.013597,1.481707
3301,0.578710,0.627908,nan,0.169736,nan,1.579043
3302,0.528160,0.498784,14.200910,0.169711,8.703390,1.476394
3303,0.645917,0.476981,nan,0.169711,nan,1.724404
3304,0.497324,0.633635,15.501726,0.169685,8.304337,1.406639
3305,0.541910,0.641263,nan,0.169685,nan,1.501734
3306,0.656680,0.735693,17.046358,0.169659,8.568836,1.722413
3307,0.542811,0.660496,nan,0.169659,nan,1.492497
3308,0.756506,0.688693,15.627086,0.169632,8.821959,1.937719
3309,0.571549,0.533662,nan,0.169632,nan,1.557934
3310,0.629476,0.541337,15.416799,0.169606,8.626310,1.700242
3311,0.417834,0.572360,nan,0.169606,nan,1.239592
3312,0.900357,0.653331,16.841831,0.169579,8.903226,2.222405
3313,0.509219,0.509508,nan,0.169579,nan,1.423198
3314,0.556731,0.488215,14.795461,0.169553,8.719637,1.524431
3315,0.972027,0.752023,nan,0.169553,nan,2.403246
3316,0.661421,0.672786,17.120907,0.169526,7.096239,1.742290
3317,0.589807,0.543799,nan,0.169526,nan,1.582499
3318,0.299557,0.361985,17.604969,0.169499,9.101943,0.986200
3319,0.533305,0.555928,nan,0.169499,nan,1.459016
3320,0.488293,0.582159,16.017569,0.169473,6.133848,1.371454
3321,0.547857,0.493889,nan,0.169473,nan,1.524772
3322,0.569206,0.465709,16.813412,0.169447,9.665387,1.552116
3323,0.629011,0.648524,nan,0.169447,nan,1.692809
3324,0.712602,0.677338,15.423165,0.169420,6.542181,1.861721
3325,0.470445,0.446170,nan,0.169420,nan,1.350715
3326,0.540524,0.401266,16.458485,0.169394,9.456200,1.483208
3327,0.508105,0.487894,nan,0.169394,nan,1.418092
3328,0.638296,0.536263,15.762596,0.169368,6.152009,1.713321
3329,1.040213,0.675044,nan,0.169368,nan,2.525291
3330,1.046998,0.744037,14.640902,0.169342,8.172140,2.536981
3331,0.715104,0.716601,nan,0.169342,nan,1.862703
3332,0.623466,0.840559,17.866024,0.169316,7.591361,1.685254
3333,0.636722,1.339108,nan,0.169316,nan,1.670698
3334,0.704735,1.362899,18.004452,0.169289,8.809116,1.844892
3335,1.352914,0.445890,nan,0.169289,nan,3.178936
3336,1.444436,0.802027,16.666901,0.169263,10.401599,3.355427
3337,0.897862,0.751363,nan,0.169263,nan,2.251142
3338,1.062789,0.446246,16.264412,0.169236,7.754239,2.579379
3339,0.617415,1.053695,nan,0.169236,nan,1.636469
3340,0.487374,1.186878,15.615826,0.169210,7.774882,1.364387
3341,1.450064,0.618177,nan,0.169210,nan,3.371912
3342,1.080780,1.167938,16.879364,0.169183,8.785574,2.619592
3343,0.436294,0.652441,nan,0.169183,nan,1.281251
3344,1.759374,0.594847,21.775631,0.169157,8.197121,4.000933
3345,2.065379,0.771199,nan,0.169157,nan,4.605659
3346,1.398888,0.580690,17.758591,0.169130,7.529121,3.280723
3347,0.959077,1.096915,nan,0.169130,nan,2.358662
3348,1.357493,0.613741,16.219315,0.169104,8.497048,3.188483
3349,0.498382,1.163102,nan,0.169104,nan,1.376168
3350,0.684268,1.339609,17.135365,0.169077,7.910061,1.803834
3351,0.555139,0.987791,nan,0.169077,nan,1.525861
3352,0.756063,0.420815,17.288277,0.169051,9.076244,1.941839
3353,0.531481,0.704653,nan,0.169051,nan,1.442278
3354,0.958266,0.577167,17.412371,0.169024,8.109488,2.359922
3355,0.776184,0.727884,nan,0.169024,nan,1.962815
3356,0.642610,0.597892,17.838360,0.168998,9.396566,1.694650
3357,0.875986,0.561528,nan,0.168998,nan,2.196517
3358,0.393627,0.746445,17.162233,0.168971,9.139294,1.179002
3359,0.529687,0.722628,nan,0.168971,nan,1.454000
3360,0.702356,0.488437,17.432564,0.168944,7.877271,1.826797
3361,0.530543,0.645875,nan,0.168944,nan,1.455408
3362,0.709673,0.398602,20.081253,0.168917,8.604298,1.856018
3363,0.608308,0.420345,nan,0.168917,nan,1.648341
3364,0.597614,0.600103,17.050602,0.168891,7.905611,1.602911
3365,0.601169,0.426373,nan,0.168891,nan,1.627640
3366,0.470797,0.553187,17.341930,0.168864,8.183079,1.342979
3367,0.511629,0.675607,nan,0.168864,nan,1.451055
3368,0.774507,0.567062,18.653492,0.168838,7.532818,1.982751
3369,0.490623,0.504851,nan,0.168838,nan,1.389782
3370,0.820352,0.446429,18.083797,0.168812,7.471402,2.093372
3371,0.552079,0.490391,nan,0.168812,nan,1.527718
3372,0.486868,0.376877,16.646145,0.168786,7.413410,1.384342
3373,0.483795,0.516799,nan,0.168786,nan,1.353214
3374,0.653309,0.651797,18.478203,0.168760,7.899670,1.744112
3375,0.517884,0.496949,nan,0.168760,nan,1.443947
3376,0.692994,0.650939,16.619165,0.168734,9.119368,1.817461
3377,0.764457,0.376997,nan,0.168734,nan,1.972353
3378,0.552762,0.357038,18.328312,0.168708,6.851542,1.535880
3379,0.586983,0.672483,nan,0.168708,nan,1.583675
3380,0.578281,0.756784,16.216930,0.168682,9.164037,1.550481
3381,0.578674,0.528767,nan,0.168682,nan,1.587558
3382,0.408814,0.495563,15.878927,0.168656,7.046121,1.195561
3383,0.751277,0.759055,nan,0.168656,nan,1.910669
3384,0.651223,0.646867,15.558709,0.168631,7.086625,1.735010
3385,0.546426,0.478272,nan,0.168631,nan,1.515646
3386,0.772287,0.750967,17.224371,0.168605,8.983793,1.959040
3387,0.827833,0.466292,nan,0.168605,nan,2.104176
3388,0.606426,0.636437,17.570038,0.168579,7.270344,1.629253
3389,0.993591,0.539104,nan,0.168579,nan,2.430354
3390,0.726882,0.499720,16.605431,0.168553,10.683816,1.890154
3391,0.588588,1.592761,nan,0.168553,nan,1.594177
3392,0.524906,1.225442,15.651485,0.168528,6.546066,1.430711
3393,1.120094,0.604362,nan,0.168528,nan,2.690986
3394,0.545213,0.632220,17.135580,0.168502,7.379762,1.523625
3395,0.765531,0.875112,nan,0.168502,nan,1.955783
3396,0.455084,0.514065,16.649698,0.168477,7.148952,1.336569
3397,0.888596,0.719024,nan,0.168477,nan,2.222871
3398,0.508349,0.582932,16.551819,0.168451,9.312860,1.423674
3399,0.750235,0.548323,nan,0.168451,nan,1.942688
3400,0.554349,0.718622,13.910082,0.168426,9.086391,1.514067
3401,0.931828,0.542274,nan,0.168426,nan,2.304758
3402,0.742022,0.557586,18.611084,0.168400,9.703950,1.906348
3403,0.551311,0.524112,nan,0.168400,nan,1.506525
3404,0.653974,0.951853,16.785957,0.168374,7.731221,1.721982
3405,0.581882,0.440147,nan,0.168374,nan,1.585840
3406,0.522003,0.394245,18.343845,0.168348,6.940616,1.453895
3407,0.833710,0.448839,nan,0.168348,nan,2.097379
3408,1.028190,1.217606,13.907975,0.168322,10.033545,2.494386
3409,0.616657,0.946084,nan,0.168322,nan,1.674016
3410,0.595374,0.803206,19.121559,0.168296,9.821711,1.577001
3411,0.588744,0.761454,nan,0.168296,nan,1.573700
3412,0.543885,0.764058,16.209084,0.168270,9.041620,1.470464
3413,1.435443,0.790563,nan,0.168270,nan,3.324965
3414,0.705152,0.810022,16.585278,0.168244,8.449930,1.826140
3415,1.177755,0.556748,nan,0.168244,nan,2.804207
3416,1.089496,0.628719,15.497378,0.168217,9.305622,2.627117
3417,0.496049,0.660594,nan,0.168217,nan,1.395890
3418,0.697744,0.803937,17.506294,0.168191,8.216950,1.808019
3419,0.466291,0.632045,nan,0.168191,nan,1.354146
3420,0.785741,0.811340,16.653004,0.168165,6.671371,1.994515
3421,0.861179,0.868631,nan,0.168165,nan,2.140638
3422,0.601809,0.697530,16.904078,0.168139,7.925739,1.608033
3423,0.794495,0.829467,nan,0.168139,nan,2.021826
3424,0.639525,0.620237,17.181200,0.168114,8.210463,1.704669
3425,1.228825,0.676495,nan,0.168114,nan,2.905812
3426,0.696156,0.594451,17.531265,0.168088,8.507841,1.822952
3427,1.443592,1.057601,nan,0.168088,nan,3.358133
3428,0.989865,0.785623,18.621988,0.168062,10.268946,2.416631
3429,0.835348,0.691998,nan,0.168062,nan,2.125131
3430,0.772583,0.690235,18.144520,0.168035,9.726983,1.984866
3431,0.636159,1.119224,nan,0.168035,nan,1.677239
3432,0.776031,0.821925,17.906500,0.168009,8.230803,1.975116
3433,0.978632,0.604939,nan,0.168009,nan,2.401078
3434,0.785032,0.782645,17.410358,0.167984,6.313823,2.004585
3435,1.043663,0.708930,nan,0.167984,nan,2.543145
3436,1.142020,0.682350,14.423977,0.167958,7.099606,2.763728
3437,0.907571,0.588384,nan,0.167958,nan,2.260862
3438,0.860434,0.856827,16.540049,0.167933,7.054417,2.133594
3439,0.969874,1.093125,nan,0.167933,nan,2.386375
3440,0.675011,0.855554,17.786592,0.167908,7.984732,1.766135
3441,0.472787,0.663064,nan,0.167908,nan,1.379969
3442,0.406458,0.633063,16.820004,0.167883,6.536505,1.215451
3443,0.835338,1.023356,nan,0.167883,nan,2.101135
3444,1.031581,0.988664,19.497425,0.167859,6.516975,2.495020
3445,0.607878,0.575121,nan,0.167859,nan,1.665574
3446,0.541816,0.750970,13.819620,0.167834,8.494559,1.494878
3447,1.762971,0.832007,nan,0.167834,nan,4.006547
3448,1.080882,0.620271,16.717823,0.167810,7.299603,2.614988
3449,0.513934,0.673557,nan,0.167810,nan,1.471924
3450,0.842373,0.981626,17.776026,0.167786,6.369698,2.142889
3451,0.840146,0.804634,nan,0.167786,nan,2.131910
3452,0.637799,0.643702,19.309124,0.167761,8.155027,1.709346
3453,0.410908,0.510088,nan,0.167761,nan,1.249774
3454,1.410493,0.881149,15.790467,0.167737,10.314554,3.284759
3455,1.344385,1.179807,nan,0.167737,nan,3.155988
3456,0.750722,1.524090,20.057526,0.167712,9.631430,1.937165
3457,0.897551,1.087183,nan,0.167712,nan,2.229805
3458,0.402717,0.445127,17.105867,0.167687,7.783070,1.207442
3459,0.788639,0.757108,nan,0.167687,nan,2.009335
3460,0.665927,0.929291,19.535458,0.167662,9.483176,1.762574
3461,1.035122,0.636061,nan,0.167662,nan,2.521254
3462,1.104310,0.754075,18.106916,0.167636,9.143373,2.669389
3463,0.718344,0.790961,nan,0.167636,nan,1.878362
3464,0.468724,0.565096,19.142120,0.167611,10.135515,1.362461
3465,0.745418,0.784358,nan,0.167611,nan,1.917891
3466,0.891772,1.118459,19.546570,0.167585,7.215848,2.207898
3467,0.959518,0.853631,nan,0.167585,nan,2.364718
3468,0.813227,0.905658,19.327076,0.167560,9.144712,2.069736
3469,0.658573,0.706260,nan,0.167560,nan,1.759769
3470,0.521617,0.816930,18.886513,0.167535,6.953029,1.458605
3471,0.863885,1.000945,nan,0.167535,nan,2.174274
3472,0.833697,1.004003,17.013363,0.167510,7.876356,2.118481
3473,1.145859,0.956452,nan,0.167510,nan,2.756238
3474,0.963636,0.564254,19.143641,0.167485,7.938230,2.374938
3475,0.614414,0.560883,nan,0.167485,nan,1.651702
3476,1.129726,1.072706,18.213362,0.167460,7.188607,2.718369
3477,0.643085,0.739537,nan,0.167460,nan,1.712781
3478,0.600437,0.711895,18.727066,0.167435,9.940588,1.615731
3479,0.677437,0.736834,nan,0.167435,nan,1.775440
3480,0.464812,0.492320,17.982466,0.167410,9.534823,1.344477
3481,0.734924,0.930066,nan,0.167410,nan,1.895543
3482,0.751018,0.499857,19.832726,0.167384,9.042931,1.938228
3483,0.553412,0.612383,nan,0.167384,nan,1.519163
3484,0.925998,0.858759,20.343256,0.167359,9.240488,2.307338
3485,0.781108,0.877086,nan,0.167359,nan,1.983972
3486,0.876092,1.011236,17.306004,0.167333,10.678371,2.181218
3487,0.418647,0.693189,nan,0.167333,nan,1.227939
3488,0.728349,0.736364,17.669529,0.167307,9.932077,1.893648
3489,0.351515,0.781624,nan,0.167307,nan,1.087783
3490,0.777230,0.715159,20.773739,0.167281,8.701339,1.977063
3491,0.904176,0.987434,nan,0.167281,nan,2.276645
3492,1.365814,1.372265,17.899765,0.167254,10.515852,3.174538
3493,0.792025,0.843520,nan,0.167254,nan,2.021005
3494,0.690910,0.664306,18.183662,0.167228,9.576962,1.809411
3495,0.486264,0.559318,nan,0.167228,nan,1.367057
3496,0.605514,0.739338,18.021500,0.167201,9.625408,1.621324
3497,1.035139,0.659154,nan,0.167201,nan,2.512773
3498,0.813107,0.652564,20.647009,0.167175,7.741128,2.059627
3499,0.989200,1.032649,nan,0.167175,nan,2.402225
3500,0.888174,0.971777,18.262291,0.167149,8.447124,2.216530
3501,1.300900,1.241500,nan,0.167149,nan,3.046396
3502,1.474804,1.365875,17.510151,0.167123,7.671476,3.412651
3503,0.503636,0.741199,nan,0.167123,nan,1.428161
3504,0.780792,0.784132,21.131298,0.167098,9.152859,1.991573
3505,0.824580,0.997906,nan,0.167098,nan,2.065795
3506,1.116337,0.505069,22.795238,0.167072,8.892896,2.690208
3507,0.814366,0.752395,nan,0.167072,nan,2.035643
3508,1.204989,1.025946,20.710672,0.167046,10.403011,2.858268
3509,1.275512,0.740092,nan,0.167046,nan,3.004055
3510,0.580965,1.214921,19.166309,0.167019,10.850556,1.584359
3511,0.894420,1.264939,nan,0.167019,nan,2.196694
3512,0.705213,0.619584,18.882809,0.166993,7.904881,1.839874
3513,0.678591,0.671413,nan,0.166993,nan,1.782967
3514,0.911073,0.665527,19.073261,0.166967,8.994808,2.255768
3515,1.198570,0.884614,nan,0.166967,nan,2.856526
3516,1.372052,0.810407,18.694576,0.166941,8.744148,3.194396
3517,1.045688,1.125849,nan,0.166941,nan,2.518664
3518,1.121091,0.789747,19.452406,0.166916,7.075013,2.677468
3519,0.816811,0.862532,nan,0.166916,nan,2.040754
3520,0.876329,0.824244,20.766729,0.166890,8.998380,2.178539
3521,0.948933,0.660805,nan,0.166890,nan,2.316281
3522,0.421276,0.682956,22.380173,0.166865,6.341961,1.240996
3523,0.852009,0.873489,nan,0.166865,nan,2.130806
3524,0.653507,0.488384,19.476141,0.166840,8.181698,1.714442
3525,0.748820,1.076377,nan,0.166840,nan,1.910082
3526,0.730524,0.702611,21.070023,0.166815,8.780422,1.884235
3527,0.685932,0.947371,nan,0.166815,nan,1.802062
3528,1.089093,1.203196,21.604317,0.166790,8.239995,2.593895
3529,0.742308,0.758671,nan,0.166790,nan,1.900381
3530,0.870064,0.892704,18.501953,0.166765,8.319040,2.175563
3531,1.120930,0.915948,nan,0.166765,nan,2.676123
3532,0.876012,0.755370,18.979349,0.166740,8.434676,2.191167
3533,0.809037,0.768705,nan,0.166740,nan,2.047575
3534,1.270025,1.179721,18.187935,0.166716,7.757949,2.981325
3535,1.097245,1.027221,nan,0.166716,nan,2.607013
3536,0.801188,0.874717,21.105202,0.166691,6.818790,2.009632
3537,0.850095,0.976075,nan,0.166691,nan,2.140039
3538,0.887206,1.149099,14.818441,0.166666,10.816493,2.207309
3539,1.765594,0.933818,nan,0.166666,nan,3.981540
3540,2.191178,1.006570,21.483362,0.166642,9.374786,4.836552
3541,1.222562,1.083622,nan,0.166642,nan,2.880488
3542,1.806388,1.139976,20.821335,0.166617,8.205206,4.063942
3543,1.222235,1.623471,nan,0.166617,nan,2.875819
3544,0.894964,1.147288,18.982660,0.166592,8.927582,2.221777
3545,0.996255,0.957550,nan,0.166592,nan,2.426320
3546,0.942543,1.245788,21.631269,0.166567,10.517705,2.302282
3547,1.443360,0.860293,nan,0.166567,nan,3.328996
3548,1.650752,1.023440,20.486292,0.166542,9.358404,3.759571
3549,0.852664,0.621950,nan,0.166542,nan,2.165180
3550,1.446408,1.015346,23.749710,0.166516,9.372206,3.330123
3551,1.350064,0.586028,nan,0.166516,nan,3.141782
3552,0.986732,0.861490,23.120068,0.166491,8.875212,2.417510
3553,0.987354,0.848026,nan,0.166491,nan,2.399965
3554,0.848366,0.917932,22.431866,0.166465,10.034252,2.118990
3555,0.937930,0.973600,nan,0.166465,nan,2.283849
3556,0.794935,0.770158,21.294022,0.166440,8.354954,2.009121
3557,0.509901,0.665138,nan,0.166440,nan,1.411569
3558,1.157324,0.873504,23.860046,0.166415,8.896561,2.764162
3559,0.982895,1.321536,nan,0.166415,nan,2.384188
3560,0.738575,0.789163,17.819389,0.166389,10.632151,1.889327
3561,1.523909,0.696537,nan,0.166389,nan,3.477116
3562,0.795806,0.781141,21.642632,0.166363,11.122307,1.977631
3563,1.337026,0.914927,nan,0.166363,nan,3.108713
3564,1.218270,0.794770,20.222441,0.166337,9.237215,2.878939
3565,1.173610,0.891194,nan,0.166337,nan,2.771839
3566,0.775712,0.663366,24.981394,0.166312,9.599497,1.947196
3567,0.921628,1.458068,nan,0.166312,nan,2.248916
3568,0.714185,0.726932,20.749010,0.166286,8.146513,1.831447
3569,0.899664,0.936548,nan,0.166286,nan,2.227281
3570,0.576054,0.760898,22.782331,0.166260,8.374266,1.528263
3571,0.779262,0.919694,nan,0.166260,nan,1.970899
3572,0.704357,0.669098,21.505363,0.166235,10.245975,1.814454
3573,1.218272,0.802816,nan,0.166235,nan,2.865760
3574,1.595206,0.908075,20.282625,0.166208,12.413227,3.641069
3575,0.755857,1.006701,nan,0.166208,nan,1.928935
3576,0.632504,0.576999,20.476040,0.166182,8.821393,1.674449
3577,1.091556,0.679103,nan,0.166182,nan,2.623578
3578,1.026441,0.843926,21.723553,0.166156,9.794556,2.499218
3579,1.054355,0.915387,nan,0.166156,nan,2.544003
3580,1.184128,1.270102,23.775829,0.166130,9.212440,2.801188
3581,0.883261,0.831107,nan,0.166130,nan,2.176251
3582,0.999287,0.707654,24.423038,0.166104,10.380993,2.427708
3583,1.159784,0.950415,nan,0.166104,nan,2.754280
3584,0.982911,0.659305,24.534073,0.166078,6.798652,2.368264
3585,0.821243,0.666772,nan,0.166078,nan,2.064082
3586,1.489068,1.009596,19.377214,0.166053,8.988754,3.434160
3587,0.905826,1.124455,nan,0.166053,nan,2.207963
3588,0.620518,0.816808,20.472372,0.166028,7.976849,1.636627
3589,1.115940,1.163105,nan,0.166028,nan,2.669366
3590,0.814608,0.824131,20.432800,0.166002,9.927277,2.054025
3591,0.514625,0.692388,nan,0.166002,nan,1.393939
3592,1.194184,0.921849,21.867163,0.165977,7.917011,2.817013
3593,0.537543,0.640436,nan,0.165977,nan,1.465798
3594,0.932569,0.590290,23.975220,0.165952,10.213219,2.293033
3595,0.705702,1.226152,nan,0.165952,nan,1.816459
3596,0.671352,1.185860,23.008703,0.165926,10.000473,1.721158
3597,1.337760,1.400324,nan,0.165926,nan,3.115750
3598,0.935176,1.429893,19.699406,0.165901,9.886080,2.275602
3599,2.228379,1.557180,nan,0.165901,nan,4.924483
3600,2.101554,0.898548,22.148735,0.165875,8.424285,4.656873
3601,1.120351,0.592438,nan,0.165875,nan,2.662626
3602,1.247411,0.738881,24.574308,0.165850,10.177977,2.921819
3603,1.375183,0.592513,nan,0.165850,nan,3.185166
3604,1.241283,1.124048,20.838146,0.165825,8.839634,2.922387
3605,1.419290,0.783468,nan,0.165825,nan,3.273247
3606,1.344433,0.799516,21.834846,0.165799,10.892033,3.102670
3607,1.007351,1.734122,nan,0.165799,nan,2.420973
3608,1.215685,1.479009,20.906532,0.165774,7.546237,2.867167
3609,0.974288,1.102180,nan,0.165774,nan,2.338169
3610,0.798481,0.828844,23.386011,0.165748,9.490475,1.976853
3611,1.004549,0.865128,nan,0.165748,nan,2.417909
3612,0.445810,0.442960,22.407745,0.165723,9.636518,1.237577
3613,0.863027,0.719678,nan,0.165723,nan,2.119067
3614,0.724719,0.697432,20.698982,0.165698,8.352825,1.840209
3615,0.601270,0.614076,nan,0.165698,nan,1.589495
3616,0.750000,0.496185,21.321817,0.165673,9.544621,1.912705
3617,1.044701,1.034914,nan,0.165673,nan,2.490392
3618,1.349910,1.205395,21.971003,0.165648,8.697849,3.124648
3619,0.605954,0.728425,nan,0.165648,nan,1.604184
3620,0.640487,0.814529,25.547071,0.165623,9.602564,1.649935
3621,0.940521,0.943065,nan,0.165623,nan,2.300371
3622,0.674502,0.557103,23.260204,0.165598,9.176957,1.741426
3623,0.855060,0.960588,nan,0.165598,nan,2.110983
3624,0.537812,0.513804,24.046379,0.165572,10.802623,1.437921
3625,0.685093,0.772443,nan,0.165572,nan,1.783778
3626,0.788120,0.564301,21.596628,0.165547,9.019741,1.990917
3627,0.849172,0.826688,nan,0.165547,nan,2.076898
3628,0.890123,0.753809,23.768860,0.165522,9.648201,2.161072
3629,0.935547,0.866620,nan,0.165522,nan,2.298609
3630,1.443814,1.329225,25.048798,0.165497,9.980721,3.312802
3631,0.786140,0.668453,nan,0.165497,nan,1.976595
3632,0.916786,0.739214,22.222021,0.165471,10.343687,2.245249
3633,0.853920,0.518677,nan,0.165471,nan,2.100254
3634,0.725734,0.659490,26.283522,0.165446,8.869469,1.852711
3635,0.900852,0.847616,nan,0.165446,nan,2.219909
3636,0.726961,0.668449,23.820114,0.165420,9.785540,1.828150
3637,1.590757,0.692102,nan,0.165420,nan,3.606318
3638,1.762985,0.764012,22.985168,0.165395,7.941997,3.972421
3639,0.750418,1.282635,nan,0.165395,nan,1.933306
3640,0.799692,0.897763,22.416084,0.165370,10.391121,2.000155
3641,1.081016,0.831801,nan,0.165370,nan,2.588523
3642,0.801675,0.689185,22.228310,0.165345,9.894534,2.027483
3643,1.068293,1.032869,nan,0.165345,nan,2.554075
3644,0.726822,0.885975,22.981426,0.165320,9.640526,1.853308
3645,0.828243,0.867842,nan,0.165320,nan,2.041939
3646,0.949013,0.760360,24.982117,0.165294,9.087969,2.317294
3647,0.757783,0.660554,nan,0.165294,nan,1.932541
3648,0.610842,0.523016,24.070950,0.165269,9.410906,1.616357
3649,0.801734,0.806375,nan,0.165269,nan,2.025867
3650,0.787793,1.253025,24.901962,0.165244,8.502575,1.990344
3651,1.155594,1.043070,nan,0.165244,nan,2.729967
3652,0.867046,1.162466,20.858303,0.165220,8.663881,2.157108
3653,1.674493,1.573299,nan,0.165220,nan,3.761452
3654,1.259774,1.452146,22.960274,0.165195,7.256440,2.927991
3655,0.888828,0.996074,nan,0.165195,nan,2.216293
3656,0.877203,0.712534,24.052576,0.165171,9.216753,2.163902
3657,0.906648,0.788544,nan,0.165171,nan,2.223591
3658,0.794402,0.773354,25.947870,0.165146,9.812507,1.996035
3659,1.049636,0.725509,nan,0.165146,nan,2.510509
3660,1.207876,0.699888,21.719418,0.165122,9.151953,2.857311
3661,1.248691,1.186831,nan,0.165122,nan,2.931736
3662,1.199681,0.924668,24.690807,0.165097,9.040165,2.855322
3663,0.610577,0.569996,nan,0.165097,nan,1.618747
3664,0.940501,0.944218,22.468834,0.165073,9.263908,2.287899
3665,0.808186,0.899469,nan,0.165073,nan,2.011525
3666,0.754930,0.640297,26.018162,0.165048,8.124211,1.910325
3667,0.848627,0.759272,nan,0.165048,nan,2.101607
3668,0.668531,0.707776,25.193962,0.165024,8.349110,1.744521
3669,0.811211,0.833580,nan,0.165024,nan,2.043085
3670,0.447223,0.380485,26.614643,0.165000,6.777509,1.283651
3671,0.912609,0.953130,nan,0.165000,nan,2.200541
3672,0.723695,0.816773,25.808126,0.164977,7.480039,1.856520
3673,1.462984,0.818206,nan,0.164977,nan,3.356728
3674,1.192006,0.697822,25.074495,0.164953,10.179564,2.814527
3675,1.095585,0.979352,nan,0.164953,nan,2.616155
3676,0.865199,0.782430,25.316200,0.164929,9.448166,2.168261
3677,1.526250,0.658313,nan,0.164929,nan,3.499516
3678,1.752917,0.873322,24.589878,0.164906,9.223934,3.946374
3679,1.352304,1.408492,nan,0.164906,nan,3.133451
3680,1.348083,1.348068,26.244865,0.164882,8.146889,3.120804
3681,0.599095,0.574292,nan,0.164882,nan,1.603142
3682,0.866595,0.904611,26.960653,0.164858,9.007723,2.146950
3683,1.135059,0.979704,nan,0.164858,nan,2.694409
3684,0.615170,1.039709,28.190020,0.164834,8.741093,1.625571
3685,0.710520,0.620775,nan,0.164834,nan,1.823588
3686,0.669191,0.764085,27.909664,0.164810,10.911724,1.751848
3687,0.824979,0.986852,nan,0.164810,nan,2.029534
3688,1.012389,0.756666,24.447002,0.164786,10.914152,2.462273
3689,0.989874,1.439993,nan,0.164786,nan,2.369889
3690,1.445403,1.321692,23.588690,0.164761,11.256102,3.303881
3691,0.732713,0.684960,nan,0.164761,nan,1.879119
3692,1.118419,1.053930,26.875931,0.164737,7.921260,2.646444
3693,0.733044,0.871264,nan,0.164737,nan,1.872991
3694,1.266568,1.068816,27.368551,0.164712,10.065451,2.935452
3695,0.917017,0.616177,nan,0.164712,nan,2.237262
3696,0.774691,0.591658,27.831064,0.164688,8.279980,1.973830
3697,0.818358,0.757759,nan,0.164688,nan,2.055967
3698,0.691533,0.893139,26.596691,0.164664,10.060413,1.786530
3699,1.707721,1.955841,nan,0.164664,nan,3.838750
3700,0.872034,1.884202,26.562782,0.164639,11.302078,2.151803
3701,0.734977,1.826454,nan,0.164639,nan,1.873452
3702,1.390804,1.261867,29.702578,0.164615,6.961370,3.194378
3703,1.246936,1.190021,nan,0.164615,nan,2.917799
3704,0.952134,0.900345,31.637932,0.164590,10.510212,2.303442
3705,1.231572,1.036457,nan,0.164590,nan,2.915698
3706,0.914466,0.828661,29.710907,0.164566,10.278636,2.251166
3707,1.116543,0.937803,nan,0.164566,nan,2.648293
3708,0.950456,0.932830,26.486792,0.164541,9.362656,2.305540
3709,0.563926,0.689209,nan,0.164541,nan,1.514803
3710,0.876522,0.896294,25.904713,0.164517,10.630993,2.176617
3711,0.826036,0.691337,nan,0.164517,nan,2.065883
3712,1.095128,1.314890,27.879662,0.164492,11.429867,2.595539
3713,0.772298,0.877428,nan,0.164492,nan,1.955685
3714,0.746060,0.853589,25.363274,0.164467,10.034325,1.873758
3715,0.685337,0.666563,nan,0.164467,nan,1.788432
3716,0.649759,0.716584,28.548836,0.164442,7.994149,1.687108
3717,0.879803,0.920581,nan,0.164442,nan,2.167661
3718,0.500212,0.663157,28.208790,0.164418,7.379052,1.404814
3719,0.948723,1.047401,nan,0.164418,nan,2.314767
3720,0.960705,0.870837,27.167656,0.164394,8.421143,2.329674
3721,1.152481,1.086717,nan,0.164394,nan,2.699984
3722,0.707489,0.697919,35.083687,0.164370,8.800305,1.820165
3723,0.698856,0.681100,nan,0.164370,nan,1.791739
3724,1.480053,1.460369,28.859848,0.164346,9.578106,3.365460
3725,1.443851,1.465026,nan,0.164346,nan,3.345513
3726,1.377078,1.527854,26.480999,0.164322,9.310652,3.206167
3727,1.433679,1.481499,nan,0.164322,nan,3.310240
3728,1.050602,0.939501,28.493382,0.164297,10.903932,2.525908
3729,0.648683,0.920934,nan,0.164297,nan,1.707296
3730,1.612874,1.711046,30.764524,0.164273,7.896974,3.669577
3731,1.344963,0.914608,nan,0.164273,nan,3.126433
3732,1.779665,1.259110,28.233217,0.164250,8.549194,4.006645
3733,1.116300,1.442293,nan,0.164250,nan,2.661094
3734,0.958348,1.465156,33.711220,0.164226,9.540094,2.331950
3735,0.643761,0.699049,nan,0.164226,nan,1.674803
3736,0.930832,0.951856,31.678057,0.164202,10.486397,2.282745
3737,0.632326,0.772043,nan,0.164202,nan,1.660776
3738,0.842182,1.466593,34.216286,0.164177,9.983057,2.111793
3739,0.769390,1.133067,nan,0.164177,nan,1.968082
3740,0.812070,1.053102,33.047863,0.164153,9.051849,2.056341
3741,0.813656,0.651911,nan,0.164153,nan,2.034217
3742,1.027478,0.762659,30.467384,0.164129,9.632392,2.477490
3743,2.223682,1.560005,nan,0.164129,nan,4.905892
3744,2.712067,1.279224,34.320648,0.164105,8.804448,5.890006
3745,2.087559,1.194946,nan,0.164105,nan,4.638692
3746,1.464474,1.539779,34.050869,0.164082,8.285990,3.346148
3747,0.991775,1.118407,nan,0.164082,nan,2.426912
3748,1.267175,1.626187,33.593956,0.164058,9.246172,2.963265
3749,0.850895,0.676201,nan,0.164058,nan,2.119626
3750,1.096456,1.327325,33.064835,0.164034,9.550961,2.599132
3751,1.049779,1.689473,nan,0.164034,nan,2.514287
3752,0.677286,0.796427,32.711151,0.164010,11.494987,1.779062
3753,1.182572,0.987259,nan,0.164010,nan,2.801142
3754,1.064842,0.638487,31.775211,0.163986,8.552571,2.552785
3755,0.890697,0.986453,nan,0.163986,nan,2.210919
3756,1.075049,0.931694,31.208963,0.163962,10.035956,2.578995
3757,0.898488,1.053529,nan,0.163962,nan,2.223427
3758,0.970042,1.396582,32.137589,0.163938,8.832645,2.353621
3759,0.781905,1.120952,nan,0.163938,nan,1.976624
3760,0.640835,1.208400,35.605049,0.163914,11.125792,1.702639
3761,1.025255,1.150540,nan,0.163914,nan,2.471732
3762,0.644045,0.925341,33.834229,0.163890,10.672062,1.722976
3763,1.591428,1.034783,nan,0.163890,nan,3.644783
3764,0.941548,0.764703,34.275108,0.163865,11.092085,2.333949
3765,1.183209,1.083305,nan,0.163865,nan,2.793725
3766,1.244886,1.338733,33.677692,0.163840,10.608187,2.910882
3767,0.752751,0.716854,nan,0.163840,nan,1.940643
3768,1.171392,1.201392,34.534332,0.163816,8.839266,2.762727
3769,0.480533,0.826777,nan,0.163816,nan,1.350043
3770,1.030224,1.218473,38.574936,0.163791,11.707668,2.487049
3771,0.807332,1.392647,nan,0.163791,nan,2.037020
3772,0.808920,1.165158,36.992630,0.163766,10.296202,2.050390
3773,1.251212,1.475309,nan,0.163766,nan,2.948030
3774,0.977633,1.485801,32.799019,0.163741,11.685162,2.380688
3775,2.160771,1.843512,nan,0.163741,nan,4.782475
3776,1.231326,0.921802,34.356232,0.163716,10.583508,2.921869
3777,0.582535,0.876400,nan,0.163716,nan,1.587020
3778,1.387779,0.718601,34.837959,0.163692,8.677789,3.223425
3779,1.256007,1.376897,nan,0.163692,nan,2.964474
3780,1.622098,1.159038,32.923168,0.163667,10.304468,3.714918
3781,0.719586,1.042075,nan,0.163667,nan,1.864711
3782,0.456036,1.761168,36.896420,0.163642,9.966997,1.315459
3783,0.679264,1.288206,nan,0.163642,nan,1.792824
3784,0.711524,0.782885,35.612778,0.163617,8.610531,1.840274
3785,1.743900,2.189215,nan,0.163617,nan,3.920744
3786,1.273060,1.335015,32.239914,0.163593,9.866237,2.987774
3787,1.411089,1.049901,nan,0.163593,nan,3.283258
3788,1.748465,1.316060,33.214424,0.163569,9.265902,3.950624
3789,1.793987,1.746017,nan,0.163569,nan,4.036963
3790,1.329495,1.678451,36.110222,0.163544,10.453864,3.111020
3791,1.242740,1.340630,nan,0.163544,nan,2.943094
3792,0.986892,1.256170,39.589966,0.163520,9.609688,2.387490
3793,1.060356,1.876133,nan,0.163520,nan,2.559845
3794,0.801434,0.741656,36.859009,0.163495,10.378547,2.008766
3795,1.604834,1.408776,nan,0.163495,nan,3.693329
3796,1.909850,2.062737,30.904907,0.163471,11.196972,4.308548
3797,2.279015,1.597449,nan,0.163471,nan,5.054237
3798,2.016926,1.229774,39.439316,0.163446,9.098585,4.514915
3799,0.995807,1.154444,nan,0.163446,nan,2.409037
3800,1.200557,0.778861,34.841736,0.163422,9.592255,2.876120
3801,1.046778,1.447445,nan,0.163422,nan,2.542205
3802,0.735229,1.134066,36.775951,0.163398,11.544960,1.878523
3803,1.532547,1.603261,nan,0.163398,nan,3.521806
3804,0.687962,1.817711,35.939743,0.163373,9.959113,1.822488
3805,0.603021,2.321402,nan,0.163373,nan,1.621130
3806,0.832454,1.472406,38.452267,0.163349,9.654566,2.072598
3807,0.731789,1.136161,nan,0.163349,nan,1.885125
3808,1.016829,1.481684,34.642715,0.163324,11.128475,2.481766
3809,0.984126,0.880712,nan,0.163324,nan,2.393016
3810,0.896429,0.824222,31.779266,0.163299,9.440750,2.244139
3811,1.637534,1.434939,nan,0.163299,nan,3.739135
3812,0.978660,0.817054,31.369192,0.163275,9.448013,2.399151
3813,0.873749,0.548911,nan,0.163275,nan,2.199037
3814,1.368798,1.444200,34.587303,0.163251,9.046991,3.169142
3815,1.017287,0.489177,nan,0.163251,nan,2.507721
3816,0.670632,0.587637,35.101410,0.163226,12.370844,1.780141
3817,1.095440,0.667848,nan,0.163226,nan,2.644976
3818,0.803690,0.943235,35.905331,0.163202,9.908989,2.010462
3819,2.195336,2.060362,nan,0.163202,nan,4.864667
3820,2.060781,1.830628,36.674324,0.163178,7.046535,4.577163
3821,0.721033,0.573000,nan,0.163178,nan,1.876248
3822,0.737662,0.817111,32.895935,0.163154,10.185553,1.895636
3823,0.742793,0.661987,nan,0.163154,nan,1.917228
3824,0.549792,0.879226,37.109001,0.163130,8.529043,1.523093
3825,0.659911,0.429294,nan,0.163130,nan,1.737460
3826,1.044583,0.652180,39.763561,0.163106,11.665718,2.558356
3827,1.269172,1.050613,nan,0.163106,nan,2.991718
3828,1.601467,1.582898,31.924042,0.163082,9.814664,3.643144
3829,0.835549,1.007239,nan,0.163082,nan,2.128513
3830,0.565855,0.690348,36.268585,0.163058,10.382867,1.541271
3831,0.953129,0.646237,nan,0.163058,nan,2.345887
3832,0.780036,0.547403,31.584133,0.163034,10.418957,1.989006
3833,1.481955,0.797906,nan,0.163034,nan,3.444323
3834,1.145401,0.731117,36.239098,0.163010,9.106056,2.746478
3835,0.793295,1.071447,nan,0.163010,nan,1.994124
3836,0.989253,0.697719,37.138084,0.162986,10.341049,2.429018
3837,0.808616,0.652035,nan,0.162986,nan,2.072464
3838,1.122975,0.840442,34.313240,0.162962,11.449004,2.713359
3839,1.132834,1.106941,nan,0.162962,nan,2.712985
3840,0.685983,1.102606,37.610573,0.162938,8.278592,1.789044
3841,0.634437,0.984833,nan,0.162938,nan,1.681623
3842,0.834185,0.999872,33.761002,0.162914,11.321814,2.133883
3843,1.447291,1.201080,nan,0.162914,nan,3.350779
3844,1.281316,1.495635,32.904179,0.162890,11.219270,3.023355
3845,1.120217,1.287214,nan,0.162890,nan,2.682262
3846,1.263790,1.292740,36.043320,0.162865,11.293494,2.988335
3847,0.550179,0.620232,nan,0.162865,nan,1.527841
3848,1.065536,1.422233,34.889736,0.162841,9.699030,2.544825
3849,1.054860,0.599570,nan,0.162841,nan,2.552701
3850,1.134459,0.807459,36.387573,0.162816,12.474533,2.710366
3851,0.669947,0.660188,nan,0.162816,nan,1.788317
3852,1.893063,1.854274,30.365004,0.162792,9.788719,4.255508
3853,1.099225,0.757477,nan,0.162792,nan,2.662913
3854,0.901912,0.763586,35.169083,0.162768,10.740435,2.252158
3855,1.287780,1.171345,nan,0.162768,nan,2.991215
3856,0.950844,0.642196,38.459843,0.162743,9.513377,2.367842
3857,0.706182,0.752481,nan,0.162743,nan,1.869408
3858,1.167268,0.686260,35.037228,0.162718,12.720141,2.795153
3859,1.013452,0.608180,nan,0.162718,nan,2.478260
3860,0.817711,0.633159,33.864773,0.162693,12.425846,2.115575
3861,1.546707,1.360028,nan,0.162693,nan,3.570282
3862,0.827079,0.888467,32.478367,0.162669,9.452392,2.111817
3863,1.160733,0.828524,nan,0.162669,nan,2.775523
3864,1.003821,1.099160,34.446072,0.162644,10.113453,2.459204
3865,0.764336,0.670471,nan,0.162644,nan,1.981787
3866,0.662364,0.600938,34.183109,0.162619,10.922434,1.717150
3867,1.489203,0.771600,nan,0.162619,nan,3.447837
3868,2.597840,2.502198,36.857899,0.162595,8.152052,5.662705
3869,1.431067,1.712876,nan,0.162595,nan,3.312979
3870,1.805104,1.489118,38.269524,0.162571,8.758131,4.077789
3871,2.331419,1.134086,nan,0.162571,nan,5.165391
3872,1.791037,0.945892,32.028625,0.162547,10.135736,4.042606
3873,0.740970,1.430882,nan,0.162547,nan,1.911525
3874,0.970214,1.093191,41.113060,0.162524,7.571828,2.383681
3875,1.061828,1.035248,nan,0.162524,nan,2.590192
3876,1.070470,1.189516,33.895317,0.162500,11.995569,2.581912
3877,0.855465,0.880475,nan,0.162500,nan,2.151135
3878,0.742617,1.132026,36.287209,0.162476,10.877243,1.934403
3879,1.960606,1.286761,nan,0.162476,nan,4.354952
3880,1.606974,1.330304,37.808914,0.162452,12.510733,3.662708
3881,0.751079,0.628444,nan,0.162452,nan,1.937249
3882,1.181188,0.971792,31.699726,0.162427,9.906046,2.795625
3883,0.698868,0.921433,nan,0.162427,nan,1.820397
3884,0.795401,0.740803,38.142559,0.162403,10.791475,2.024369
3885,1.708205,0.930992,nan,0.162403,nan,3.896914
3886,1.556612,1.292975,38.840771,0.162379,10.240335,3.580356
3887,1.178324,1.118980,nan,0.162379,nan,2.772999
3888,1.664068,1.022677,35.103249,0.162355,10.122488,3.777643
3889,1.871229,1.616778,nan,0.162355,nan,4.199292
3890,1.055522,0.751458,35.157715,0.162331,10.406237,2.579475
3891,0.983713,1.123115,nan,0.162331,nan,2.432284
3892,0.821713,0.743747,38.089725,0.162306,12.023499,2.089161
3893,1.536868,1.112989,nan,0.162306,nan,3.537932
3894,0.953058,0.796982,37.702293,0.162282,9.782169,2.368835
3895,1.322962,0.570979,nan,0.162282,nan,3.117059
3896,0.932238,0.522548,32.361809,0.162258,9.303410,2.327296
3897,2.640900,0.772582,nan,0.162258,nan,5.775259
3898,1.990211,0.770536,30.497547,0.162234,9.848402,4.473527
3899,1.190625,1.461982,nan,0.162234,nan,2.819061
3900,1.285963,1.615532,40.405910,0.162210,10.189348,3.049610
3901,0.628016,0.851444,nan,0.162210,nan,1.679098
3902,0.926794,1.817509,37.035709,0.162187,9.002075,2.304406
3903,1.426372,0.718458,nan,0.162187,nan,3.311721
3904,0.634366,1.137789,36.849026,0.162163,9.436537,1.700548
3905,1.384202,1.558415,nan,0.162163,nan,3.238492
3906,1.732555,1.413485,38.320923,0.162140,9.213194,3.939771
3907,1.109600,1.296725,nan,0.162140,nan,2.650642
3908,1.170369,0.969465,33.231316,0.162116,10.624701,2.775967
3909,1.638436,1.004229,nan,0.162116,nan,3.757925
3910,2.409444,1.099806,37.965828,0.162093,11.428005,5.314861
3911,0.670562,0.782777,nan,0.162093,nan,1.756491
3912,1.052989,0.764476,34.830547,0.162069,10.727276,2.555467
3913,1.176596,1.067736,nan,0.162069,nan,2.798406
3914,1.040239,0.863141,37.831062,0.162045,10.779594,2.515155
3915,0.761298,1.585167,nan,0.162045,nan,1.964962
3916,1.478680,1.448208,37.946987,0.162022,9.985420,3.412114
3917,1.459251,1.536566,nan,0.162022,nan,3.388975
3918,0.830405,0.687080,35.863415,0.161998,10.073416,2.117065
3919,1.271104,1.172536,nan,0.161998,nan,3.014427
3920,1.589523,1.501356,36.549141,0.161974,10.476599,3.630990
3921,1.510677,0.910441,nan,0.161974,nan,3.506845
3922,1.225644,0.620118,32.905426,0.161951,11.015747,2.930225
3923,0.882468,1.060358,nan,0.161951,nan,2.234095
3924,1.501244,1.607785,40.328415,0.161927,11.315002,3.446613
3925,2.096056,0.711019,nan,0.161927,nan,4.693777
3926,0.841632,0.875424,35.447105,0.161903,11.397976,2.112495
3927,1.504966,1.448914,nan,0.161903,nan,3.461476
3928,1.981078,1.821624,36.378071,0.161879,11.219291,4.407671
3929,1.637610,1.133085,nan,0.161879,nan,3.738047
3930,0.738084,0.775220,42.922348,0.161855,10.555606,1.883672
3931,1.675193,1.000103,nan,0.161855,nan,3.829488
3932,1.170603,1.215016,34.217522,0.161831,10.663187,2.749205
3933,3.149533,0.945240,nan,0.161831,nan,6.797119
3934,3.367440,1.309853,34.118504,0.161807,10.813916,7.228693
3935,1.080276,1.921288,nan,0.161807,nan,2.624234
3936,1.352351,1.517081,39.334698,0.161783,10.788570,3.173290
3937,2.079838,0.934203,nan,0.161783,nan,4.641596
3938,1.323941,1.511179,41.882969,0.161758,11.883666,3.067006
3939,2.408531,0.864095,nan,0.161758,nan,5.312346
3940,2.644700,0.996240,35.200294,0.161734,9.444305,5.798895
3941,2.717063,3.616428,nan,0.161734,nan,5.917884
3942,0.980076,2.658268,38.053299,0.161711,9.226828,2.375092
3943,0.931808,1.630153,nan,0.161711,nan,2.318677
3944,1.898821,1.587299,39.672066,0.161687,9.956857,4.248880
3945,0.813015,2.185075,nan,0.161687,nan,2.031995
3946,0.966260,2.718661,43.427704,0.161663,12.247029,2.374942
3947,0.979594,0.856483,nan,0.161663,nan,2.401011
3948,0.918177,1.185347,34.599949,0.161639,10.070805,2.295496
3949,1.308362,1.079655,nan,0.161639,nan,3.069463
3950,1.456373,1.345922,35.366554,0.161616,8.812994,3.359689
3951,1.232608,0.793663,nan,0.161616,nan,2.936507
3952,1.157736,0.982472,33.705654,0.161592,11.126509,2.736688
3953,1.437598,0.886795,nan,0.161592,nan,3.335540
3954,1.698195,1.418383,35.012726,0.161568,11.132335,3.873701
3955,0.798676,1.221748,nan,0.161568,nan,2.002473
3956,0.948213,1.275543,40.820984,0.161544,13.354671,2.324677
3957,0.941159,0.831554,nan,0.161544,nan,2.291242
3958,1.041986,0.990930,36.756371,0.161520,10.577980,2.543144
3959,0.709460,0.805167,nan,0.161520,nan,1.837725
3960,0.647252,0.695759,38.555653,0.161496,9.814119,1.715831
3961,0.852223,1.148919,nan,0.161496,nan,2.142179
3962,1.488790,1.774731,36.323296,0.161473,9.683421,3.416227
3963,1.416987,1.186831,nan,0.161473,nan,3.241263
3964,1.734050,1.309278,35.257446,0.161449,9.276047,3.900725
3965,1.349434,1.520628,nan,0.161449,nan,3.152354
3966,1.214608,0.942370,40.814720,0.161426,11.056282,2.888788
3967,1.006283,1.196549,nan,0.161426,nan,2.420736
3968,0.791728,1.056294,35.039604,0.161402,10.921280,2.012204
3969,1.835135,1.657539,nan,0.161402,nan,4.118912
3970,0.916712,0.782838,36.027359,0.161378,11.321047,2.271933
3971,0.810575,0.819404,nan,0.161378,nan,2.040505
3972,0.801798,0.742397,33.699589,0.161355,9.776985,2.039909
3973,0.922907,0.885064,nan,0.161355,nan,2.238951
3974,0.698425,0.862674,37.925568,0.161331,10.466618,1.822437
3975,1.294950,1.346037,nan,0.161331,nan,3.000429
3976,0.829574,0.732313,33.944206,0.161308,9.167544,2.110430
3977,0.711953,0.710652,nan,0.161308,nan,1.852059
3978,0.695442,0.770546,34.452530,0.161285,10.253962,1.790750
3979,0.828972,0.911859,nan,0.161285,nan,2.080510
3980,0.413634,0.651793,38.681499,0.161261,10.675767,1.194911
3981,0.950931,1.265778,nan,0.161261,nan,2.327276
3982,1.688429,1.447859,35.742542,0.161238,12.564410,3.796897
3983,1.178550,1.238041,nan,0.161238,nan,2.778651
3984,1.107150,0.797129,36.157379,0.161214,11.251999,2.642666
3985,0.931770,0.756005,nan,0.161214,nan,2.321946
3986,2.476353,2.753566,38.135277,0.161191,10.493742,5.383775
3987,1.411139,1.255349,nan,0.161191,nan,3.260995
3988,1.471790,1.592834,35.783997,0.161167,10.655657,3.385909
3989,1.070774,1.543872,nan,0.161167,nan,2.552984
3990,1.618006,1.587475,41.679138,0.161144,10.814032,3.675498
3991,2.205327,1.723623,nan,0.161144,nan,4.860760
3992,1.464275,1.370100,35.647675,0.161120,10.355379,3.341151
3993,1.469395,1.423007,nan,0.161120,nan,3.386807
3994,1.690104,1.995807,32.538895,0.161097,10.786083,3.782300
3995,0.884216,0.652215,nan,0.161097,nan,2.202849
3996,1.629871,1.325348,42.016464,0.161073,11.239260,3.714361
3997,1.004796,0.906246,nan,0.161073,nan,2.442572
3998,1.291377,1.550483,37.172119,0.161050,10.427212,2.975899
3999,1.074259,1.030532,nan,0.161050,nan,2.571543
4000,0.992770,1.230986,36.374413,0.161026,11.671206,2.417832
4001,0.991217,1.899430,nan,0.161026,nan,2.420052
4002,0.900091,1.245884,36.648914,0.161002,12.671818,2.251016
4003,1.491806,1.839085,nan,0.161002,nan,3.393391
4004,0.965683,1.367943,43.117371,0.160978,12.622128,2.346907
4005,1.466183,1.681411,nan,0.160978,nan,3.362870
4006,1.579581,1.119825,38.019531,0.160954,11.337279,3.628280
4007,0.736251,0.790358,nan,0.160954,nan,1.874624
4008,1.507307,0.444880,40.217720,0.160930,10.270518,3.461089
4009,0.675312,0.694919,nan,0.160930,nan,1.769931
4010,2.384698,1.710850,40.200340,0.160906,8.648473,5.208767
4011,2.756810,0.685593,nan,0.160906,nan,6.000168
4012,1.357325,1.142450,39.901527,0.160883,9.756338,3.164077
4013,2.031453,2.275256,nan,0.160883,nan,4.510919
4014,2.771691,1.625783,42.168850,0.160859,11.852407,6.006098
4015,1.051072,1.384875,nan,0.160859,nan,2.529612
4016,1.542106,1.136980,35.965149,0.160836,8.844786,3.540757
4017,1.480615,2.768596,nan,0.160836,nan,3.398407
4018,1.073635,3.467944,39.430305,0.160813,11.640092,2.584624
4019,1.388494,3.216979,nan,0.160813,nan,3.203396
4020,0.617072,1.294064,39.214760,0.160789,9.551468,1.638669
4021,0.988657,2.570781,nan,0.160789,nan,2.390135
4022,0.933226,2.814533,45.081383,0.160766,10.392437,2.301725
4023,0.674490,1.096806,nan,0.160766,nan,1.766487
4024,1.289723,1.764523,37.797836,0.160743,11.566636,3.012052
4025,2.505933,2.480978,nan,0.160743,nan,5.494441
4026,1.232629,1.744659,38.352097,0.160720,11.424125,2.940012
4027,0.825636,0.769229,nan,0.160720,nan,2.098391
4028,0.684553,1.005702,38.079090,0.160696,12.371658,1.766221
4029,0.843607,1.561259,nan,0.160696,nan,2.131618
4030,0.877061,1.143111,36.459473,0.160672,11.413329,2.173058
4031,2.271023,2.040057,nan,0.160672,nan,5.016642
4032,1.073538,0.881171,32.003910,0.160649,10.854330,2.593908
4033,1.021379,1.273377,nan,0.160649,nan,2.465222
4034,0.957235,1.130285,39.383659,0.160625,11.945651,2.344800
4035,1.436476,1.391522,nan,0.160625,nan,3.332181
4036,1.070980,1.184749,46.975594,0.160601,11.267708,2.571276
4037,1.647531,2.105238,nan,0.160601,nan,3.740102
4038,1.182846,1.585521,43.682121,0.160578,11.477826,2.736512
4039,1.302037,1.966501,nan,0.160578,nan,3.020682
4040,1.267823,1.321605,32.388401,0.160554,10.701411,2.955734
4041,2.342958,1.182191,nan,0.160554,nan,5.160120
4042,1.751794,1.884208,39.993610,0.160530,12.192506,3.973050
4043,1.305849,1.694132,nan,0.160530,nan,3.044172
4044,0.809450,0.732256,33.642540,0.160506,11.291588,2.034136
4045,0.847802,1.849739,nan,0.160506,nan,2.138019
4046,1.905603,2.493516,36.538712,0.160482,10.913698,4.244511
4047,0.894765,1.622618,nan,0.160482,nan,2.243115
4048,1.736387,2.168179,36.989834,0.160459,11.188216,3.912679
4049,1.628199,1.304176,nan,0.160459,nan,3.713892
4050,1.179193,1.496520,45.443806,0.160435,11.651201,2.831071
4051,0.859554,1.409275,nan,0.160435,nan,2.153798
4052,1.538164,1.531090,38.624718,0.160411,11.213352,3.505979
4053,1.099964,2.363480,nan,0.160411,nan,2.646010
4054,0.970137,2.344591,39.710804,0.160388,10.035829,2.383102
4055,0.773998,0.915930,nan,0.160388,nan,1.958284
4056,1.582012,1.915468,45.001862,0.160364,11.007872,3.608337
4057,1.980364,1.949950,nan,0.160364,nan,4.402701
4058,0.704044,1.288949,37.742104,0.160341,10.573988,1.848199
4059,2.440102,1.779058,nan,0.160341,nan,5.352183
4060,1.893590,1.093366,39.769188,0.160317,10.563068,4.244063
4061,1.761271,1.784962,nan,0.160317,nan,3.957736
4062,2.018278,1.611931,45.716064,0.160294,11.588318,4.497423
4063,1.538293,0.749824,nan,0.160294,nan,3.522921
4064,2.589765,2.304835,39.234989,0.160271,11.240457,5.620785
4065,1.249213,1.518524,nan,0.160271,nan,2.882110
4066,1.367953,1.470364,38.280891,0.160247,11.970274,3.165705
4067,0.937341,0.885615,nan,0.160247,nan,2.293966
4068,0.934138,1.468335,38.156609,0.160224,10.823805,2.302587
4069,1.927186,1.677604,nan,0.160224,nan,4.277146
4070,0.813468,0.937809,46.672096,0.160200,10.563035,2.060507
4071,0.790243,1.467369,nan,0.160200,nan,1.998205
4072,0.836868,1.016454,36.717060,0.160177,10.320016,2.100150
4073,2.721741,1.718504,nan,0.160177,nan,5.914243
4074,3.055156,2.048770,34.099869,0.160154,13.174706,6.562914
4075,2.893273,2.217879,nan,0.160154,nan,6.260086
4076,1.504224,2.258165,39.891449,0.160130,10.933698,3.478497
4077,1.043185,1.328755,nan,0.160130,nan,2.547148
4078,1.552493,1.800680,36.305363,0.160107,11.756495,3.556702
4079,0.989864,1.249693,nan,0.160107,nan,2.428532
4080,1.760458,2.465992,39.202248,0.160083,12.105799,3.994885
4081,1.623368,1.588390,nan,0.160083,nan,3.693941
4082,2.064319,1.351963,41.930210,0.160059,12.191783,4.600644
4083,0.959987,1.016080,nan,0.160059,nan,2.367726
4084,1.970106,1.815951,40.782822,0.160035,10.970991,4.387970
4085,3.318015,1.461321,nan,0.160035,nan,7.117735
4086,2.384697,1.364164,39.186764,0.160012,12.247269,5.243153
4087,1.218350,2.088048,nan,0.160012,nan,2.868023
4088,2.307937,2.414014,44.680744,0.159988,10.422488,5.076335
4089,1.487664,2.583592,nan,0.159988,nan,3.414178
4090,1.256184,1.837121,39.496071,0.159965,8.757303,2.963903
4091,1.953126,1.938170,nan,0.159965,nan,4.352201
4092,1.736168,2.008594,34.840347,0.159942,11.826351,3.956179
4093,2.737581,1.642490,nan,0.159942,nan,5.948040
4094,1.898463,1.386865,39.098495,0.159918,13.438532,4.259702
4095,1.242983,0.739926,nan,0.159918,nan,2.921955
4096,1.493731,1.636601,39.779778,0.159894,12.335638,3.448409
4097,0.903305,1.274477,nan,0.159894,nan,2.237113
4098,1.588282,1.618073,41.182014,0.159871,10.896186,3.634333
4099,1.322737,1.027258,nan,0.159871,nan,3.066088
4100,1.634648,1.527101,40.811798,0.159847,10.197140,3.726617
4101,1.122721,1.100524,nan,0.159847,nan,2.695379
4102,2.738229,1.930703,41.103310,0.159824,12.297239,5.969668
4103,0.890026,1.815173,nan,0.159824,nan,2.220047
4104,1.429780,0.877783,42.708923,0.159800,8.767533,3.341769
4105,2.059342,1.009008,nan,0.159800,nan,4.608588
4106,1.271520,0.921234,41.862427,0.159777,11.135417,2.996166
4107,0.984461,0.988152,nan,0.159777,nan,2.399982
4108,1.288383,1.045814,46.049549,0.159754,11.755880,2.990151
4109,1.189102,0.740370,nan,0.159754,nan,2.841082
4110,0.824124,1.258029,53.197853,0.159731,10.651937,2.058223
4111,1.248118,1.013600,nan,0.159731,nan,2.970351
4112,1.234742,0.972650,42.814972,0.159708,12.215767,2.929318
4113,1.510741,1.373686,nan,0.159708,nan,3.474785
4114,0.635404,1.287190,44.430569,0.159684,11.552675,1.688247
4115,1.087800,0.916278,nan,0.159684,nan,2.611320
4116,0.640203,0.824997,39.765556,0.159661,10.288818,1.689122
4117,2.444269,1.721776,nan,0.159661,nan,5.372702
4118,1.971157,2.189935,39.597664,0.159638,9.634529,4.392056
4119,1.024924,1.125052,nan,0.159638,nan,2.493468
4120,1.668778,1.216008,43.310364,0.159615,11.320946,3.779558
4121,1.893484,1.646017,nan,0.159615,nan,4.250887
4122,2.189775,2.406879,44.696251,0.159593,10.206196,4.860691
4123,2.366766,2.870432,nan,0.159593,nan,5.186530
4124,1.922386,1.707098,40.588173,0.159570,10.767098,4.284540
4125,1.611867,1.292601,nan,0.159570,nan,3.674096
4126,0.794249,0.872112,45.759880,0.159547,10.658914,2.014964
4127,0.909916,0.713567,nan,0.159547,nan,2.243603
4128,2.075259,2.226279,37.180832,0.159525,10.650019,4.565686
4129,1.641863,2.294535,nan,0.159525,nan,3.735489
4130,1.835750,1.629136,39.675507,0.159502,11.392642,4.131655
4131,1.704887,1.647651,nan,0.159502,nan,3.849522
4132,0.790002,1.082759,36.726501,0.159480,10.803555,2.038080
4133,1.310818,0.886230,nan,0.159480,nan,3.088887
4134,1.391083,0.776827,44.710106,0.159457,10.205811,3.222516
4135,1.896464,1.259105,nan,0.159457,nan,4.261725
4136,1.419678,0.852152,39.117012,0.159435,11.596333,3.295830
4137,0.992037,1.007849,nan,0.159435,nan,2.406602
4138,1.411139,0.610589,45.990356,0.159412,12.053458,3.305110
4139,1.004400,0.806925,nan,0.159412,nan,2.450263
4140,1.689119,1.544444,46.838657,0.159390,9.075013,3.825558
4141,1.236836,0.979403,nan,0.159390,nan,2.923088
4142,0.683232,1.217081,37.333885,0.159367,11.231590,1.803101
4143,1.912946,0.681904,nan,0.159367,nan,4.301342
4144,1.106953,1.720507,38.335636,0.159345,11.753587,2.650538
4145,1.751435,1.832060,nan,0.159345,nan,3.941799
4146,1.248563,2.363851,45.346657,0.159322,8.679317,2.953811
4147,0.813332,1.897406,nan,0.159322,nan,2.003418
4148,0.899295,1.189622,46.690403,0.159300,11.353416,2.245484
4149,1.080020,1.325315,nan,0.159300,nan,2.613779
4150,1.603942,1.315593,41.856045,0.159278,10.434731,3.637787
4151,4.049609,2.420348,nan,0.159278,nan,8.588954
4152,3.645206,2.157997,38.086044,0.159255,11.944231,7.771239
4153,2.593732,2.516572,nan,0.159255,nan,5.674648
4154,1.321862,2.312545,46.144108,0.159233,12.930868,3.107552
4155,1.732184,0.995883,nan,0.159233,nan,3.947595
4156,1.518618,3.408954,46.639305,0.159210,8.851461,3.468234
4157,2.116630,2.853386,nan,0.159210,nan,4.703485
4158,1.061918,1.070551,46.149277,0.159188,10.355712,2.561508
4159,0.813895,1.032749,nan,0.159188,nan,2.051157
4160,1.340181,1.027499,34.935783,0.159166,13.592507,3.131047
4161,1.049354,1.213408,nan,0.159166,nan,2.569706
4162,1.806161,1.677430,41.062828,0.159143,12.463230,4.106053
4163,0.501199,0.871629,nan,0.159143,nan,1.401349
4164,1.446767,0.858317,37.321602,0.159120,14.178032,3.361712
4165,0.900742,1.233607,nan,0.159120,nan,2.226123
4166,1.702915,1.282762,44.768101,0.159096,13.367244,3.863991
4167,0.949357,0.589021,nan,0.159096,nan,2.335205
4168,0.777914,1.012079,45.131031,0.159073,11.541613,1.980650
4169,0.904028,1.038324,nan,0.159073,nan,2.269652
4170,1.059551,0.895507,39.037796,0.159049,13.836948,2.593699
4171,1.593592,1.535249,nan,0.159049,nan,3.653586
4172,2.367713,1.356074,42.842285,0.159025,10.715221,5.190180
4173,0.900382,0.860777,nan,0.159025,nan,2.258478
4174,2.455584,2.143789,41.364090,0.159002,9.728420,5.354511
4175,1.653183,0.958249,nan,0.159002,nan,3.772510
4176,1.105065,1.447235,47.819382,0.158979,12.742210,2.686505
4177,2.085384,1.690255,nan,0.158979,nan,4.634220
4178,0.799581,1.522835,48.250381,0.158955,13.582477,2.036295
4179,1.555658,1.583792,nan,0.158955,nan,3.550329
4180,2.920973,2.900665,42.480907,0.158932,12.377980,6.325702
4181,1.716113,2.475506,nan,0.158932,nan,3.893799
4182,2.475648,1.934845,45.226616,0.158908,10.876545,5.453765
4183,1.124031,0.969779,nan,0.158908,nan,2.680588
4184,1.825534,0.682466,47.517761,0.158885,13.847946,4.116353
4185,2.406899,2.129516,nan,0.158885,nan,5.300669
4186,1.767056,2.946838,36.759125,0.158861,11.837875,3.998941
4187,1.681323,0.848268,nan,0.158861,nan,3.834337
4188,1.180560,2.016367,47.298798,0.158837,12.072533,2.775188
4189,1.208706,1.860777,nan,0.158837,nan,2.877131
4190,1.255102,0.909886,48.667000,0.158814,11.120512,2.971351
4191,1.312079,1.521276,nan,0.158814,nan,3.058413
4192,1.660395,1.921298,46.488358,0.158790,13.016703,3.767060
4193,4.020080,4.221384,nan,0.158790,nan,8.531227
4194,1.753274,1.475565,35.672470,0.158766,12.532367,3.948781
4195,0.937795,1.215018,nan,0.158766,nan,2.341041
4196,0.884286,0.781856,49.219746,0.158743,12.651116,2.185413
4197,1.848750,2.667169,nan,0.158743,nan,4.139848
4198,1.248505,1.681351,47.101124,0.158719,13.395991,2.968318
4199,1.496621,1.406324,nan,0.158719,nan,3.463425
4200,1.948146,1.522553,39.117062,0.158694,15.253045,4.372443
4201,1.745395,1.818794,nan,0.158694,nan,3.959840
4202,1.666497,2.376397,47.281796,0.158671,8.961519,3.810857
4203,0.910927,1.741265,nan,0.158671,nan,2.279676
4204,1.264283,1.302668,48.909695,0.158647,13.350061,2.987080
4205,2.209839,2.363659,nan,0.158647,nan,4.888192
4206,2.055309,2.159326,37.014488,0.158623,11.500081,4.580491
4207,3.386620,2.585485,nan,0.158623,nan,7.266928
4208,1.811036,1.883197,48.554512,0.158599,12.506054,4.108804
4209,1.723552,1.791557,nan,0.158599,nan,3.917846
4210,1.177963,1.801031,42.940025,0.158575,12.095897,2.802537
4211,1.050266,1.415215,nan,0.158575,nan,2.565918
4212,1.190756,1.511491,46.665840,0.158552,12.197195,2.854021
4213,2.522681,2.863125,nan,0.158552,nan,5.520113
4214,1.331033,1.712936,46.160683,0.158528,14.152179,3.128345
4215,1.940932,1.718753,nan,0.158528,nan,4.362231
4216,0.783412,1.399755,55.251087,0.158504,12.659307,2.027841
4217,1.621070,1.371946,nan,0.158504,nan,3.712698
4218,1.069571,1.133017,42.473186,0.158480,11.847257,2.579728
4219,1.672839,1.579936,nan,0.158480,nan,3.831673
4220,1.567437,2.537221,45.537548,0.158456,11.378170,3.610801
4221,1.617738,1.435186,nan,0.158456,nan,3.730711
4222,1.349477,1.282314,48.239265,0.158432,11.508740,3.166559
4223,1.194217,1.453229,nan,0.158432,nan,2.854350
4224,1.287356,1.610583,49.981579,0.158409,13.143250,3.053634
4225,1.527646,1.629635,nan,0.158409,nan,3.525664
4226,1.528950,2.741880,46.420803,0.158385,12.889896,3.498442
4227,1.904290,1.456686,nan,0.158385,nan,4.259021
4228,2.059616,2.297309,43.963539,0.158361,10.919167,4.585176
4229,1.162848,1.467997,nan,0.158361,nan,2.794606
4230,1.246323,1.023609,55.209038,0.158338,10.340397,2.983800
4231,1.465706,1.236078,nan,0.158338,nan,3.413072
4232,1.485943,1.563197,54.135941,0.158315,9.929955,3.407967
4233,2.418532,1.727542,nan,0.158315,nan,5.335570
4234,0.916798,1.604569,51.993275,0.158293,10.536057,2.281324
4235,1.920403,1.720450,nan,0.158293,nan,4.301825
4236,2.441054,2.845753,49.836502,0.158270,11.486900,5.329223
4237,1.313021,2.498551,nan,0.158270,nan,3.082552
4238,3.162258,2.338455,44.939209,0.158247,11.210205,6.819672
4239,1.144286,1.356620,nan,0.158247,nan,2.761549
4240,1.676279,1.064440,51.806885,0.158225,10.197387,3.849940
4241,1.101067,1.215887,nan,0.158225,nan,2.657734
4242,2.430646,2.597765,50.134056,0.158203,10.533426,5.314106
4243,2.030993,1.252132,nan,0.158203,nan,4.516691
4244,1.526044,1.980266,52.981823,0.158180,10.533970,3.488807
4245,1.093754,1.123584,nan,0.158180,nan,2.660096
4246,0.798829,2.504762,51.465820,0.158158,12.914660,2.020891
4247,2.300150,2.538422,nan,0.158158,nan,5.025344
4248,1.683531,1.552749,50.568291,0.158136,10.940298,3.831040
4249,0.893443,1.388374,nan,0.158136,nan,2.243083
4250,1.374434,1.021790,49.625412,0.158114,11.227584,3.228842
4251,1.001839,1.004109,nan,0.158114,nan,2.447187
4252,3.229905,2.603447,49.219719,0.158091,11.205338,6.964409
4253,1.231651,0.760630,nan,0.158091,nan,2.941481
4254,1.509825,1.637565,48.725819,0.158069,11.904326,3.514603
4255,2.053427,0.926322,nan,0.158069,nan,4.606277
4256,1.255523,2.352650,48.731651,0.158047,12.336763,2.982891
4257,1.024843,3.624836,nan,0.158047,nan,2.498832
4258,0.591016,2.073565,58.799118,0.158025,10.841374,1.610601
4259,2.106365,0.893648,nan,0.158025,nan,4.722774
4260,1.640695,1.664672,48.724388,0.158002,13.003410,3.710217
4261,1.164424,1.582275,nan,0.158002,nan,2.770541
4262,1.517078,1.586305,49.566696,0.157980,11.525717,3.499302
4263,1.834878,1.551700,nan,0.157980,nan,4.126606
4264,1.462428,2.210873,42.692459,0.157957,14.132809,3.388618
4265,1.895997,1.451700,nan,0.157957,nan,4.261355
4266,0.677645,1.227246,55.207554,0.157934,12.621989,1.762724
4267,1.656348,1.099023,nan,0.157934,nan,3.806738
4268,0.989658,1.684558,41.971302,0.157912,11.847132,2.419269
4269,1.383633,1.178777,nan,0.157912,nan,3.218209
4270,1.702932,1.894195,49.451302,0.157889,9.141342,3.863245
4271,1.376482,1.772032,nan,0.157889,nan,3.191134
4272,1.346699,1.251197,54.487053,0.157867,12.472330,3.151191
4273,1.219411,2.182701,nan,0.157867,nan,2.905755
4274,1.508205,2.300136,45.663303,0.157845,11.001751,3.454921
4275,1.989584,1.817689,nan,0.157845,nan,4.491912
4276,1.012393,1.702615,50.019665,0.157822,12.099024,2.464706
4277,2.227912,1.990228,nan,0.157822,nan,4.942996
4278,1.145448,1.265529,44.371185,0.157800,12.889982,2.768439
4279,1.572042,1.496818,nan,0.157800,nan,3.650815
4280,1.336039,1.003780,55.620461,0.157777,12.254819,3.148168
4281,1.683272,2.975587,nan,0.157777,nan,3.843880
4282,0.932363,1.281725,45.767151,0.157755,10.759493,2.323531
4283,2.743395,2.084281,nan,0.157755,nan,5.974894
4284,1.310665,1.277130,50.321312,0.157732,10.083290,3.082099
4285,1.397661,1.907746,nan,0.157732,nan,3.287699
4286,2.383783,2.443251,49.905800,0.157710,11.982102,5.259245
4287,1.710989,1.479412,nan,0.157710,nan,3.940351
4288,1.331516,1.185850,48.368275,0.157688,10.959199,3.131353
4289,2.113621,2.525321,nan,0.157688,nan,4.699448
4290,0.955830,1.098404,50.987144,0.157666,12.773332,2.382473
4291,1.523485,1.767362,nan,0.157666,nan,3.488342
4292,1.292672,1.849916,49.721138,0.157643,12.995131,3.015617
4293,1.650309,2.146187,nan,0.157643,nan,3.820868
4294,1.508699,1.820510,48.282768,0.157621,11.992466,3.501092
4295,2.353203,1.159022,nan,0.157621,nan,5.200207
4296,1.341999,1.220754,51.959255,0.157599,10.676031,3.161994
4297,2.246895,2.745866,nan,0.157599,nan,4.981336
4298,1.802258,1.932049,48.599686,0.157576,12.402636,4.081566
4299,2.743464,2.554686,nan,0.157576,nan,5.950181
4300,1.797195,2.457286,44.927002,0.157554,10.986933,4.028601
4301,1.175375,2.161155,nan,0.157554,nan,2.829205
4302,1.963852,2.316642,51.984352,0.157532,12.198608,4.403587
4303,0.850723,2.017370,nan,0.157532,nan,2.110973
4304,0.741294,0.878035,52.100113,0.157509,12.141285,1.956744
4305,1.243892,1.636908,nan,0.157509,nan,2.961575
4306,2.390259,2.194445,52.334961,0.157487,13.234589,5.229829
4307,1.138769,1.141791,nan,0.157487,nan,2.709611
4308,1.413182,1.226642,47.618717,0.157464,12.473667,3.314363
4309,1.724635,1.695277,nan,0.157464,nan,3.940875
4310,1.148029,0.914465,49.071415,0.157442,12.556292,2.746909
4311,2.413295,3.105480,nan,0.157442,nan,5.352506
4312,2.787248,3.817937,39.721397,0.157419,13.250614,6.082594
4313,3.120131,2.512728,nan,0.157419,nan,6.714880
4314,2.767974,1.914482,51.534485,0.157396,14.821497,5.995125
4315,1.651597,1.495904,nan,0.157396,nan,3.815821
4316,2.690770,1.550538,59.466644,0.157373,11.877415,5.897861
4317,2.044415,3.373409,nan,0.157373,nan,4.560130
4318,1.126986,1.514085,49.193893,0.157350,11.464743,2.721622
4319,1.290816,2.849163,nan,0.157350,nan,3.024225
4320,2.313247,2.674346,41.932140,0.157327,11.880917,5.084563
4321,1.319223,1.535136,nan,0.157327,nan,3.110332
4322,1.071794,1.015228,53.103508,0.157305,12.425883,2.638056
4323,1.466619,1.063202,nan,0.157305,nan,3.439563
4324,0.968101,1.045838,46.805367,0.157282,11.687380,2.344160
4325,1.333299,1.521348,nan,0.157282,nan,3.106572
4326,0.708824,1.143255,53.918625,0.157259,12.775909,1.848239
4327,1.312049,1.220861,nan,0.157259,nan,3.093103
4328,1.371450,1.837946,45.881989,0.157236,11.896357,3.149214
4329,0.992629,2.026791,nan,0.157236,nan,2.436246
4330,1.865564,3.363575,50.403202,0.157214,13.005760,4.184556
4331,4.566836,3.162639,nan,0.157214,nan,9.639571
4332,3.063308,1.176264,60.909855,0.157191,12.033316,6.640776
4333,1.949838,3.201785,nan,0.157191,nan,4.394890
4334,3.239685,2.709790,54.211983,0.157168,12.937153,6.969005
4335,2.550584,3.706430,nan,0.157168,nan,5.558642
4336,2.291771,3.656165,54.755138,0.157146,10.675170,5.076325
4337,1.361399,1.076380,nan,0.157146,nan,3.221538
4338,1.104493,1.241560,51.149872,0.157123,12.823359,2.692365
4339,3.005945,2.207401,nan,0.157123,nan,6.467006
4340,2.324234,1.608206,48.363148,0.157101,10.463360,5.027611
4341,2.494708,3.533967,nan,0.157101,nan,5.496609
4342,1.507171,2.329971,45.233208,0.157078,11.304532,3.452461
4343,1.767547,1.281429,nan,0.157078,nan,4.015607
4344,1.894686,2.640224,54.243515,0.157056,13.300165,4.299686
4345,1.948523,1.518577,nan,0.157056,nan,4.378267
4346,2.057353,2.349407,50.451660,0.157034,10.791925,4.611800
4347,1.187830,1.698612,nan,0.157034,nan,2.840621
4348,1.047409,1.708659,53.406219,0.157011,14.039848,2.559569
4349,1.507714,1.424411,nan,0.157011,nan,3.491535
4350,1.052629,1.426157,60.246361,0.156989,12.964944,2.598356
4351,1.649631,2.620737,nan,0.156989,nan,3.785819
4352,0.908396,1.745604,50.352840,0.156966,11.443335,2.247617
4353,1.484619,1.436605,nan,0.156966,nan,3.433169
4354,2.297950,2.032065,50.130798,0.156944,13.008617,5.091851
4355,1.592848,1.614282,nan,0.156944,nan,3.648401
4356,1.164174,1.142181,61.752007,0.156922,11.465772,2.832154
4357,1.023064,2.714827,nan,0.156922,nan,2.425505
4358,1.076422,1.667011,55.672432,0.156899,14.321153,2.632646
4359,1.540974,3.128235,nan,0.156899,nan,3.585364
4360,0.918644,3.152160,48.765228,0.156876,14.431907,2.322868
4361,2.849188,2.039981,nan,0.156876,nan,6.206286
4362,1.886405,1.619759,54.192352,0.156853,13.107502,4.245563
4363,1.591640,1.464370,nan,0.156853,nan,3.644206
4364,0.864941,2.068033,59.889526,0.156830,13.407377,2.165199
4365,1.814977,1.601103,nan,0.156830,nan,4.108422
4366,1.643728,1.956474,53.952370,0.156807,11.097939,3.768520
4367,1.089254,0.906138,nan,0.156807,nan,2.580793
4368,0.955208,1.221871,53.267399,0.156784,14.562577,2.384065
4369,2.185718,1.757411,nan,0.156784,nan,4.798326
4370,1.012429,1.131888,48.063110,0.156761,12.049242,2.459435
4371,1.037469,2.124493,nan,0.156761,nan,2.544130
4372,1.546811,1.613469,52.499393,0.156738,12.561680,3.547719
4373,1.872936,2.691222,nan,0.156738,nan,4.213401
4374,1.645884,2.195513,53.158432,0.156715,12.067719,3.776636
4375,1.414477,1.494357,nan,0.156715,nan,3.313575
4376,1.128489,1.074257,52.312347,0.156693,13.899532,2.715352
4377,1.074833,1.052375,nan,0.156693,nan,2.563127
4378,1.517173,1.595260,59.990074,0.156670,12.945821,3.537904
4379,0.988616,0.712347,nan,0.156670,nan,2.422608
4380,1.618418,2.489928,52.568073,0.156646,13.965079,3.711947
4381,2.561244,1.066030,nan,0.156646,nan,5.616719
4382,1.155466,2.164016,54.462463,0.156623,12.799091,2.787548
4383,1.950720,3.004103,nan,0.156623,nan,4.393282
4384,1.298269,1.289790,54.016075,0.156600,13.784092,2.967963
4385,1.024099,1.125973,nan,0.156600,nan,2.529515
4386,1.741522,1.730850,50.727959,0.156577,10.769602,3.911670
4387,2.138694,1.695286,nan,0.156577,nan,4.713344
4388,1.092155,1.066589,52.024338,0.156554,13.537828,2.651505
4389,1.348647,1.011899,nan,0.156554,nan,3.092924
4390,1.368601,1.317587,56.125183,0.156532,11.647846,3.161106
4391,2.279291,3.232528,nan,0.156532,nan,5.041476
4392,1.186799,1.181329,48.916763,0.156509,9.989201,2.814964
4393,2.847095,3.171966,nan,0.156509,nan,6.179079
4394,1.889283,2.572191,50.376770,0.156487,12.475109,4.190214
4395,1.161405,1.543597,nan,0.156487,nan,2.812678
4396,1.080576,1.764114,52.238201,0.156465,11.333430,2.644416
4397,2.857870,2.464873,nan,0.156465,nan,6.145656
4398,1.054468,1.201368,57.439728,0.156442,14.010121,2.586031
4399,1.084649,1.643372,nan,0.156442,nan,2.634329
4400,1.185024,1.656429,55.043945,0.156419,14.641873,2.857271
4401,1.185739,1.541620,nan,0.156419,nan,2.810223
4402,2.028556,1.182060,52.374184,0.156397,12.880592,4.570253
4403,1.223089,1.945218,nan,0.156397,nan,2.921842
4404,1.383577,1.140333,56.615658,0.156374,12.173798,3.254714
4405,0.944970,1.251711,nan,0.156374,nan,2.339414
4406,1.382168,1.298772,47.103275,0.156351,12.452595,3.252832
4407,1.337937,1.948106,nan,0.156351,nan,3.146271
4408,1.676932,2.788833,47.276089,0.156329,13.070281,3.790279
4409,2.200222,0.939478,nan,0.156329,nan,4.837642
4410,2.343745,2.150473,49.665699,0.156306,11.366191,5.121144
4411,0.805182,1.070225,nan,0.156306,nan,2.057574
4412,0.940236,1.158945,56.087059,0.156284,13.882458,2.321651
4413,1.790113,1.173738,nan,0.156284,nan,4.085251
4414,1.993893,2.169928,47.901329,0.156261,13.684952,4.451504
4415,1.718873,1.197526,nan,0.156261,nan,3.887428
4416,1.078271,1.161099,44.033318,0.156238,13.649746,2.613307
4417,1.992232,1.113337,nan,0.156238,nan,4.428269
4418,2.299224,1.612781,49.846233,0.156216,13.965748,5.058836
4419,2.342911,2.085536,nan,0.156216,nan,5.154083
4420,0.793901,0.908531,58.826794,0.156193,12.882967,2.046291
4421,1.579799,1.240412,nan,0.156193,nan,3.632206
4422,0.891742,1.030111,57.778919,0.156170,14.194777,2.264873
4423,2.428455,1.257824,nan,0.156170,nan,5.265028
4424,1.632171,2.757635,47.955708,0.156146,14.485697,3.727379
4425,2.300379,3.025672,nan,0.156146,nan,5.083804
4426,1.843076,0.925102,63.490738,0.156123,12.859823,4.157201
4427,3.814267,2.538293,nan,0.156123,nan,8.137826
4428,4.128048,2.483222,52.063232,0.156101,11.759912,8.769220
4429,1.542279,1.757187,nan,0.156101,nan,3.530852
4430,0.986726,1.447027,54.636429,0.156078,12.799924,2.429021
4431,4.384130,2.283214,nan,0.156078,nan,9.239456
4432,4.858258,1.903224,48.957787,0.156055,11.372162,10.210107
4433,2.134486,4.361106,nan,0.156055,nan,4.772151
4434,2.095016,3.046794,58.040058,0.156032,12.779781,4.700593
4435,1.171965,1.079242,nan,0.156032,nan,2.811778
4436,2.712236,3.803617,64.042923,0.156010,13.419392,5.924162
4437,3.672481,3.932862,nan,0.156010,nan,7.834861
4438,1.456189,1.736327,55.896488,0.155987,12.208210,3.348448
4439,3.452705,4.462448,nan,0.155987,nan,7.412321
4440,3.753958,4.100116,51.841377,0.155965,14.029012,8.008373
4441,2.947835,1.498116,nan,0.155965,nan,6.380298
4442,4.353293,2.460286,49.823074,0.155942,12.240407,9.169030
4443,1.319701,1.079152,nan,0.155942,nan,3.091989
4444,4.169013,2.981848,60.168343,0.155920,10.722716,8.843970
4445,4.859927,2.709474,nan,0.155920,nan,10.235747
4446,1.931228,0.940012,62.392456,0.155898,10.694199,4.355463
4447,3.752534,4.762169,nan,0.155898,nan,8.018114
4448,3.550729,4.709422,55.400787,0.155876,11.641275,7.584797
4449,1.418168,1.274653,nan,0.155876,nan,3.287368
4450,1.439735,2.152410,52.286667,0.155854,14.668915,3.357142
4451,2.042582,1.361339,nan,0.155854,nan,4.552327
4452,2.722943,1.278207,47.985199,0.155831,15.469025,5.943305
4453,1.556803,2.504750,nan,0.155831,nan,3.558480
4454,1.545820,2.725343,46.820793,0.155809,13.611288,3.571475
4455,4.045878,1.762316,nan,0.155809,nan,8.540007
4456,4.753672,2.669137,52.288380,0.155786,12.587654,9.927072
4457,2.225374,2.329266,nan,0.155786,nan,4.940784
4458,2.358200,3.557408,51.164120,0.155764,12.738504,5.200450
4459,1.897465,1.243354,nan,0.155764,nan,4.299822
4460,1.133792,2.398241,63.447968,0.155741,14.390407,2.735765
4461,1.165255,3.617249,nan,0.155741,nan,2.781002
4462,1.755405,1.353140,52.925640,0.155719,12.634143,3.977054
4463,1.250203,1.543186,nan,0.155719,nan,2.961423
4464,2.813925,1.240495,48.817764,0.155696,13.619633,6.099983
4465,2.731256,1.685140,nan,0.155696,nan,5.957609
4466,1.451267,1.641852,48.148628,0.155674,12.150822,3.364642
4467,2.112368,2.340386,nan,0.155674,nan,4.676457
4468,1.087674,1.840097,51.964478,0.155651,14.707523,2.629149
4469,2.562645,1.656900,nan,0.155651,nan,5.624600
4470,0.931978,1.230265,49.403778,0.155628,13.063580,2.277009
4471,1.319414,2.001347,nan,0.155628,nan,3.092491
4472,2.331583,2.817684,45.072525,0.155606,14.406630,5.107718
4473,1.256596,1.358660,nan,0.155606,nan,2.908821
4474,2.272347,1.629601,50.199638,0.155583,12.953874,5.036053
4475,2.459962,1.903346,nan,0.155583,nan,5.416126
4476,1.739107,1.860853,48.465652,0.155560,12.789130,3.929557
4477,1.404122,3.008574,nan,0.155560,nan,3.230992
4478,1.994857,3.413610,44.437542,0.155537,14.675246,4.406159
4479,5.063808,2.491889,nan,0.155537,nan,10.626017
4480,6.005882,2.706995,48.184837,0.155515,13.330150,12.514149
4481,2.094401,3.113743,nan,0.155515,nan,4.612660
4482,1.619088,1.663453,60.471031,0.155492,15.781673,3.711806
4483,1.052366,3.602417,nan,0.155492,nan,2.426945
4484,0.863025,4.913605,51.252441,0.155469,12.896664,2.013302
4485,3.487534,2.188207,nan,0.155469,nan,7.472442
4486,3.644133,1.942022,45.306076,0.155446,12.710622,7.773730
4487,2.885925,2.085175,nan,0.155446,nan,6.231348
4488,3.671998,1.864106,42.902031,0.155423,13.503027,7.742542
4489,2.339270,3.484414,nan,0.155423,nan,5.160643
4490,1.473958,3.741741,46.540184,0.155400,13.127209,3.402373
4491,2.364318,1.678742,nan,0.155400,nan,5.191123
4492,2.202915,1.891108,48.744431,0.155377,15.190626,4.723119
4493,1.483587,1.028979,nan,0.155377,nan,3.435870
4494,2.602900,1.684316,50.143833,0.155354,15.275036,5.685628
4495,0.706031,0.914494,nan,0.155354,nan,1.775976
4496,0.848679,1.693860,48.812820,0.155331,15.175261,2.112236
4497,2.907104,1.117968,nan,0.155331,nan,6.304683
4498,2.738759,1.062539,46.097572,0.155308,14.425389,5.914520
4499,1.700709,2.994932,nan,0.155308,nan,3.871923
4500,2.049659,3.959022,56.098846,0.155285,11.292818,4.595014
4501,1.693470,1.667391,nan,0.155285,nan,3.778409
4502,2.921827,2.172185,46.124504,0.155262,11.567245,6.308989
4503,1.771186,2.161737,nan,0.155262,nan,4.019357
4504,2.430541,1.612965,48.178291,0.155239,11.352787,5.355511
4505,2.257588,1.620780,nan,0.155239,nan,4.959069
4506,3.854953,1.636202,49.950333,0.155217,14.957243,8.164249
4507,1.782951,3.061274,nan,0.155217,nan,3.984082
4508,1.639437,2.300807,52.102684,0.155194,13.546116,3.748948
4509,1.276618,1.162540,nan,0.155194,nan,2.946129
4510,1.619268,2.089424,51.634270,0.155171,14.186110,3.657351
4511,2.406815,2.572847,nan,0.155171,nan,5.246266
4512,0.886889,1.071851,50.862137,0.155148,14.491167,2.181317
4513,1.757022,1.362169,nan,0.155148,nan,3.934300
4514,1.390170,1.673198,47.267109,0.155126,12.645478,3.210409
4515,2.234507,1.587481,nan,0.155126,nan,4.936227
4516,1.532965,1.970355,51.124931,0.155103,14.796354,3.496075
4517,1.348574,1.075634,nan,0.155103,nan,3.123032
4518,1.849631,1.850482,51.713577,0.155080,13.260296,4.168320
4519,3.483756,2.119327,nan,0.155080,nan,7.323275
4520,3.347575,1.939895,41.934143,0.155057,12.363503,7.089138
4521,2.617241,2.266391,nan,0.155057,nan,5.667120
4522,2.661221,2.851521,48.058876,0.155035,11.867385,5.809420
4523,1.525222,2.218701,nan,0.155035,nan,3.513565
4524,1.619980,2.989308,59.533417,0.155013,10.088146,3.713117
4525,2.591393,2.079029,nan,0.155013,nan,5.654943
4526,2.079042,1.981637,47.289776,0.154991,11.836832,4.587834
4527,3.852131,1.588323,nan,0.154991,nan,8.165913
4528,3.090357,3.139622,49.600960,0.154969,13.198679,6.684035
4529,1.450943,2.850531,nan,0.154969,nan,3.314095
4530,2.178701,1.748661,46.751362,0.154948,13.104346,4.776538
4531,1.726339,1.094280,nan,0.154948,nan,3.909227
4532,1.948521,1.433757,53.448696,0.154926,13.688049,4.358606
4533,0.970715,2.315626,nan,0.154926,nan,2.337852
4534,1.748791,0.911053,44.276714,0.154904,13.417668,3.982128
4535,2.153631,1.071263,nan,0.154904,nan,4.733305
4536,2.963133,2.136603,41.785660,0.154882,12.639380,6.372470
4537,1.362533,2.085873,nan,0.154882,nan,3.156816
4538,2.833668,2.312130,47.798500,0.154860,12.924384,6.077251
4539,0.911285,0.783962,nan,0.154860,nan,2.232297
4540,1.806734,1.789080,41.703976,0.154838,14.397930,4.041928
4541,1.192747,1.472197,nan,0.154838,nan,2.809429
4542,2.488167,1.967143,46.077942,0.154816,13.552828,5.380853
4543,0.993321,0.923172,nan,0.154816,nan,2.349417
4544,1.582302,1.452898,45.884823,0.154794,13.649576,3.598347
4545,1.257454,1.634746,nan,0.154794,nan,2.919312
4546,1.176503,1.704413,53.008865,0.154772,12.628546,2.770807
4547,1.401209,1.329816,nan,0.154772,nan,3.265726
4548,1.614218,1.465120,44.398438,0.154750,11.840032,3.642520
4549,1.281624,1.784237,nan,0.154750,nan,3.009682
4550,1.163168,1.816104,48.844193,0.154728,14.682688,2.711440
4551,1.484653,1.777015,nan,0.154728,nan,3.279739
4552,1.776293,1.165786,46.709755,0.154706,12.679377,4.032249
4553,1.571301,1.770253,nan,0.154706,nan,3.563349
4554,1.068093,1.052800,52.529953,0.154684,12.934622,2.598008
4555,2.044455,1.386894,nan,0.154684,nan,4.588849
4556,0.813192,0.765650,53.468971,0.154662,14.499918,2.061304
4557,3.973531,1.909039,nan,0.154662,nan,8.443701
4558,2.972889,1.365827,49.784698,0.154640,14.080178,6.383103
4559,2.074080,4.013641,nan,0.154640,nan,4.611612
4560,1.279203,2.838614,46.207687,0.154618,13.805017,2.964772
4561,2.812891,1.222801,nan,0.154618,nan,6.054791
4562,1.585323,1.137257,51.322914,0.154596,11.894813,3.584355
4563,3.188575,2.918877,nan,0.154596,nan,6.874618
4564,2.629937,2.418502,48.121300,0.154574,13.548029,5.740149
4565,1.686512,1.993875,nan,0.154574,nan,3.738101
4566,1.244066,1.261860,47.394791,0.154552,15.075928,2.906745
4567,2.783157,2.813623,nan,0.154552,nan,6.069387
4568,1.374826,2.359884,45.875450,0.154530,13.593380,3.190551
4569,3.857459,1.450113,nan,0.154530,nan,8.205359
4570,2.954202,1.491159,44.289200,0.154507,13.257042,6.388131
4571,1.119892,2.869688,nan,0.154507,nan,2.686562
4572,1.769234,1.525391,43.910660,0.154485,12.701051,4.013184
4573,3.436945,3.063886,nan,0.154485,nan,7.339698
4574,2.403294,2.380414,46.149651,0.154464,11.670919,5.265996
4575,1.212757,1.013925,nan,0.154464,nan,2.866514
4576,1.212553,1.071949,46.031052,0.154442,12.260624,2.887833
4577,2.035264,1.995729,nan,0.154442,nan,4.507399
4578,1.010526,1.076813,45.977455,0.154420,14.286916,2.452228
4579,1.126487,1.136654,nan,0.154420,nan,2.686360
4580,0.811972,0.987767,47.641731,0.154398,12.094255,2.024904
4581,1.309698,1.260046,nan,0.154398,nan,3.030703
4582,2.005645,1.844562,46.785519,0.154377,12.194562,4.466296
4583,1.363915,0.742378,nan,0.154377,nan,3.150233
4584,1.812188,3.891693,51.658806,0.154355,15.285432,4.093020
4585,1.411168,3.188623,nan,0.154355,nan,3.295728
4586,2.186102,1.534278,45.627449,0.154333,12.867493,4.784781
4587,2.120278,2.040022,nan,0.154333,nan,4.676290
4588,1.220453,1.133455,50.570137,0.154312,11.679179,2.886957
4589,0.710752,1.031444,nan,0.154312,nan,1.804929
4590,0.819668,1.280282,45.968796,0.154290,14.650927,2.070418
4591,1.158305,1.439996,nan,0.154290,nan,2.762899
4592,1.224409,1.154436,47.581787,0.154268,12.523953,2.880149
4593,1.382954,0.983403,nan,0.154268,nan,3.222024
4594,0.949083,1.721987,40.195019,0.154246,15.567825,2.260330
4595,1.170671,0.895767,nan,0.154246,nan,2.789391
4596,0.799211,1.511936,46.116997,0.154225,11.041710,2.033852
4597,2.382425,1.205230,nan,0.154225,nan,5.240004
4598,2.911796,0.966893,42.520519,0.154203,13.603360,6.314387
4599,0.706433,1.131497,nan,0.154203,nan,1.838818
4600,2.131216,1.314184,46.660923,0.154181,13.441565,4.710919
4601,1.067992,1.463413,nan,0.154181,nan,2.591377
4602,1.595272,0.796611,48.559929,0.154159,17.218218,3.683849
4603,1.225906,1.418237,nan,0.154159,nan,2.919814
4604,2.345573,1.959623,43.918121,0.154137,14.264879,5.154462
4605,2.351103,2.487989,nan,0.154137,nan,5.165501
4606,1.363638,1.261874,43.280701,0.154115,14.066107,3.200108
4607,1.923245,2.625412,nan,0.154115,nan,4.286358
4608,1.607876,1.275471,40.486702,0.154093,12.269371,3.693761
4609,1.428798,1.631448,nan,0.154093,nan,3.329876
4610,1.429958,1.273297,49.661438,0.154071,13.024014,3.344804
4611,2.586557,1.742032,nan,0.154071,nan,5.649403
4612,1.751558,1.753225,50.305779,0.154049,11.672953,3.967537
4613,4.526297,2.928301,nan,0.154049,nan,9.576308
4614,3.020444,2.657006,45.837250,0.154028,12.184624,6.551822
4615,3.527823,2.681732,nan,0.154028,nan,7.548586
4616,5.759205,3.119184,49.074371,0.154006,15.356125,12.008331
4617,4.688682,2.030197,nan,0.154006,nan,9.859968
4618,1.621549,4.013691,47.812660,0.153984,14.691538,3.704847
4619,2.120209,3.557372,nan,0.153984,nan,4.749700
4620,1.693408,2.831422,49.525257,0.153962,13.043467,3.856441
4621,4.688111,2.978244,nan,0.153962,nan,9.872886
4622,2.982424,4.145673,51.799564,0.153940,14.423354,6.452810
4623,4.731634,1.768924,nan,0.153940,nan,9.981132
4624,5.877098,2.476567,56.138588,0.153918,12.399120,12.265523
4625,3.190537,1.096807,nan,0.153918,nan,6.893565
4626,1.588954,3.008083,51.126038,0.153896,14.425383,3.647175
4627,3.454524,3.347400,nan,0.153896,nan,7.403473
4628,1.817695,1.586080,46.467651,0.153875,13.041161,4.123794
4629,2.692525,4.677607,nan,0.153875,nan,5.882135
4630,2.386847,4.422978,45.149910,0.153853,15.180205,5.275382
4631,3.688318,1.402683,nan,0.153853,nan,7.877138
4632,5.376609,1.943651,46.468964,0.153831,13.026670,11.237105
4633,2.484274,1.245656,nan,0.153831,nan,5.461195
4634,3.190028,3.670083,46.745506,0.153809,14.082357,6.878640
4635,3.606321,2.299372,nan,0.153809,nan,7.724120
4636,1.616174,1.033704,47.522713,0.153787,16.250044,3.714848
4637,4.335979,4.839976,nan,0.153787,nan,9.167703
4638,3.665000,4.799410,45.124382,0.153764,14.219113,7.816813
4639,1.690369,1.145740,nan,0.153764,nan,3.872044
4640,1.950744,1.842556,45.811409,0.153742,16.039015,4.390996
4641,2.968423,2.139349,nan,0.153742,nan,6.421504
4642,2.852647,1.162752,46.189873,0.153719,14.716162,6.199530
4643,1.495042,1.036396,nan,0.153719,nan,3.470422
4644,2.031588,1.183410,44.737045,0.153697,11.551280,4.571682
4645,1.782818,1.853129,nan,0.153697,nan,4.051765
4646,1.466787,1.588203,39.928284,0.153675,13.327478,3.418459
4647,2.525921,1.243487,nan,0.153675,nan,5.548749
4648,2.331477,1.389227,36.613800,0.153653,14.975929,5.160674
4649,1.976902,2.404285,nan,0.153653,nan,4.450933
4650,2.781434,2.132488,48.126457,0.153631,15.561438,6.056677
4651,1.013118,1.253621,nan,0.153631,nan,2.480614
4652,3.630188,1.034889,50.124161,0.153608,15.050044,7.775051
4653,2.848971,1.245639,nan,0.153608,nan,6.203559
4654,1.165768,3.538007,50.176239,0.153586,13.993449,2.786054
4655,1.650013,2.473532,nan,0.153586,nan,3.750654
4656,1.450624,1.887822,47.827492,0.153563,14.217113,3.378321
4657,1.277755,2.382773,nan,0.153563,nan,3.033813
4658,2.913234,1.365074,42.566566,0.153541,16.874329,6.300615
4659,1.841685,0.956596,nan,0.153541,nan,4.181856
4660,1.408181,3.078135,53.562279,0.153518,15.354671,3.284800
4661,1.415233,1.677418,nan,0.153518,nan,3.311103
4662,1.107363,2.374683,43.661629,0.153495,14.216736,2.694718
4663,0.994177,2.022667,nan,0.153495,nan,2.450786
4664,3.170581,2.284453,48.795048,0.153473,11.461854,6.840153
4665,1.758350,1.135455,nan,0.153473,nan,4.005343
4666,2.349050,2.028056,49.493073,0.153450,17.525299,5.178356
4667,3.456535,1.569128,nan,0.153450,nan,7.393579
4668,0.880780,1.694827,41.458008,0.153428,14.641024,2.227810
4669,1.306582,1.860024,nan,0.153428,nan,3.086959
4670,1.976762,1.190191,46.236595,0.153405,14.559811,4.443060
4671,1.143605,1.097446,nan,0.153405,nan,2.741556
4672,3.733399,1.781694,52.157703,0.153382,14.015787,7.979820
4673,3.830559,2.260032,nan,0.153382,nan,8.169777
4674,1.599616,1.113721,47.554516,0.153360,12.553877,3.680489
4675,4.736630,5.044549,nan,0.153360,nan,9.971870
4676,3.806772,3.575946,39.263393,0.153338,13.126534,8.130774
4677,1.128627,3.119562,nan,0.153338,nan,2.724353
4678,2.070731,4.544440,43.645065,0.153316,11.038085,4.602100
4679,1.480665,3.750684,nan,0.153316,nan,3.404182
4680,2.377799,1.213825,46.693897,0.153294,15.695326,5.231841
4681,1.129133,1.314856,nan,0.153294,nan,2.756423
4682,3.609758,1.231307,50.072708,0.153272,10.875032,7.725386
4683,3.301778,1.604905,nan,0.153272,nan,7.095006
4684,1.839609,3.457422,46.427429,0.153251,12.556952,4.145902
4685,1.805961,2.735745,nan,0.153251,nan,4.083757
4686,1.020148,1.442741,42.016552,0.153229,15.200070,2.502525
4687,1.616909,1.823888,nan,0.153229,nan,3.696873
4688,2.029524,1.339960,47.621681,0.153208,14.436223,4.525748
4689,1.771831,1.028741,nan,0.153208,nan,4.013678
4690,1.636971,0.771503,34.121368,0.153186,14.605366,3.783167
4691,0.995091,1.225161,nan,0.153186,nan,2.429001
4692,1.980461,1.933444,42.722378,0.153164,14.592430,4.432687
4693,2.244490,1.515652,nan,0.153164,nan,4.954926
4694,1.720331,1.558608,37.234207,0.153142,13.716617,3.914809
4695,0.836601,1.780751,nan,0.153142,nan,2.088205
4696,1.418800,1.195676,39.817467,0.153121,12.809418,3.318387
4697,1.392634,1.657378,nan,0.153121,nan,3.234731
4698,1.140507,0.612838,43.829109,0.153099,15.700833,2.744388
4699,1.859635,1.705749,nan,0.153099,nan,4.184489
4700,1.109411,0.543537,43.750050,0.153077,15.367380,2.694217
4701,3.497167,2.962652,nan,0.153077,nan,7.510414
4702,2.309412,2.362121,48.822105,0.153055,15.796780,5.101835
4703,1.161278,0.982200,nan,0.153055,nan,2.781371
4704,1.449659,1.519201,46.659626,0.153033,12.638393,3.347624
4705,2.518389,1.018159,nan,0.153033,nan,5.548970
4706,1.298162,2.766217,49.589645,0.153011,15.369557,3.053607
4707,1.025316,1.080688,nan,0.153011,nan,2.485235
4708,1.811964,2.206126,41.948738,0.152988,15.015773,4.118464
4709,2.054409,3.709038,nan,0.152988,nan,4.545237
4710,2.731637,0.910725,40.031677,0.152966,14.967278,5.973195
4711,2.560378,1.179107,nan,0.152966,nan,5.606874
4712,1.149833,1.830856,43.127708,0.152944,12.605383,2.769386
4713,1.283292,1.223825,nan,0.152944,nan,3.034448
4714,2.291064,3.178624,52.478386,0.152922,14.433355,5.068073
4715,1.903737,3.451171,nan,0.152922,nan,4.278621
4716,1.874914,1.267351,44.417675,0.152900,14.752415,4.237820
4717,1.499392,1.229107,nan,0.152900,nan,3.439944
4718,3.373895,2.336505,41.711403,0.152878,13.694016,7.221722
4719,3.006661,0.951663,nan,0.152878,nan,6.493605
4720,1.223196,2.046155,43.902039,0.152856,14.206295,2.910499
4721,0.962357,2.504045,nan,0.152856,nan,2.360363
4722,3.176621,1.268367,49.643997,0.152835,13.461351,6.831307
4723,1.675678,1.194696,nan,0.152835,nan,3.820203
4724,3.188780,2.114280,50.393219,0.152813,16.207117,6.868965
4725,2.290858,0.959941,nan,0.152813,nan,5.060534
4726,1.367844,2.935332,50.998951,0.152791,16.027973,3.170764
4727,1.132815,1.724698,nan,0.152791,nan,2.698176
4728,2.179820,1.060878,44.519867,0.152769,12.812744,4.855530
4729,1.593812,1.786222,nan,0.152769,nan,3.640347
4730,2.865827,1.200897,45.787476,0.152747,13.734641,6.217152
4731,3.096898,1.227584,nan,0.152747,nan,6.653976
4732,1.163955,2.090659,46.207062,0.152725,12.891243,2.769870
4733,1.689584,1.497539,nan,0.152725,nan,3.859801
4734,2.588020,2.599870,44.640091,0.152703,15.491295,5.640721
4735,1.432680,1.909892,nan,0.152703,nan,3.307222
4736,2.152218,1.081649,48.658485,0.152681,15.044909,4.796053
4737,1.256576,0.776110,nan,0.152681,nan,2.970970
4738,2.256264,2.370698,42.626892,0.152659,15.245996,4.970508
4739,2.019677,1.179293,nan,0.152659,nan,4.531275
4740,1.788406,2.421378,49.943733,0.152637,13.498079,4.024805
4741,0.955355,2.654745,nan,0.152637,nan,2.326615
4742,2.456762,1.348917,41.745590,0.152616,14.911179,5.382690
4743,0.982301,0.770897,nan,0.152616,nan,2.412906
4744,3.896501,2.536222,50.249687,0.152594,12.528864,8.300251
4745,3.232234,2.241560,nan,0.152594,nan,6.969912
4746,1.212000,0.902796,48.528763,0.152572,15.349312,2.889299
4747,5.691379,6.654326,nan,0.152572,nan,11.882782
4748,5.780391,5.229250,48.424461,0.152550,14.513062,12.060047
4749,2.388016,1.487454,nan,0.152550,nan,5.254029
4750,2.763458,4.233039,52.153366,0.152529,15.206820,6.034920
4751,5.484657,6.455137,nan,0.152529,nan,11.473955
4752,3.881086,4.597041,41.203445,0.152507,12.335636,8.277948
4753,3.925369,1.074489,nan,0.152507,nan,8.313504
4754,5.812225,2.794655,48.149773,0.152485,14.680597,12.110494
4755,4.949825,2.187602,nan,0.152485,nan,10.387774
4756,2.555981,1.941037,49.105209,0.152463,15.868721,5.566249
4757,2.619653,2.605817,nan,0.152463,nan,5.729542
4758,2.014017,2.221078,47.759087,0.152442,15.388778,4.498172
4759,1.727003,2.358508,nan,0.152442,nan,3.901075
4760,0.661116,1.808955,50.722748,0.152420,12.668306,1.711111
4761,2.524391,2.000482,nan,0.152420,nan,5.519990
4762,1.434125,1.213412,41.771149,0.152398,14.193050,3.341733
4763,3.342051,1.583398,nan,0.152398,nan,7.175133
4764,3.463604,1.793532,44.008450,0.152376,14.614666,7.395942
4765,1.510442,2.473292,nan,0.152376,nan,3.497705
4766,1.781017,1.976375,37.048038,0.152355,13.519253,4.053161
4767,1.080219,0.873479,nan,0.152355,nan,2.598350
4768,2.278320,0.688658,42.653221,0.152333,15.869240,5.059120
4769,1.821361,1.265197,nan,0.152333,nan,4.145981
4770,1.326137,3.550551,46.930298,0.152311,16.269445,3.066838
4771,1.475967,1.266523,nan,0.152311,nan,3.404310
4772,1.968505,2.204952,46.514248,0.152290,12.806993,4.423344
4773,1.424903,3.567980,nan,0.152290,nan,3.302948
4774,2.765783,2.857703,39.631733,0.152268,16.979813,5.997245
4775,2.796416,1.027189,nan,0.152268,nan,6.083875
4776,1.265451,1.157414,49.162834,0.152246,15.136438,3.002129
4777,3.974202,1.706935,nan,0.152246,nan,8.458381
4778,4.284804,1.690492,44.622070,0.152224,14.495739,9.075233
4779,1.531745,3.751660,nan,0.152224,nan,3.541975
4780,1.542213,2.864413,49.233162,0.152202,15.567472,3.538874
4781,0.733985,0.892518,nan,0.152202,nan,1.861965
4782,1.584039,0.998474,40.428455,0.152180,15.374271,3.622644
4783,0.506241,2.149708,nan,0.152180,nan,1.358203
4784,1.109155,3.008383,41.156540,0.152157,15.516277,2.614526
4785,4.049833,1.160132,nan,0.152157,nan,8.575151
4786,3.828847,0.921936,40.137199,0.152136,13.225722,8.154182
4787,1.356214,2.371544,nan,0.152136,nan,3.164098
4788,2.951565,2.530550,37.722580,0.152114,13.385920,6.418491
4789,2.094676,1.913485,nan,0.152114,nan,4.650057
4790,1.490490,2.316587,41.866837,0.152092,15.799650,3.462498
4791,3.822287,1.923904,nan,0.152092,nan,8.174725
4792,3.678250,1.503916,44.508202,0.152070,13.264982,7.872078
4793,2.122334,2.093224,nan,0.152070,nan,4.701262
4794,2.120471,2.035126,38.476112,0.152048,14.978115,4.731076
4795,2.886780,3.161632,nan,0.152048,nan,6.249830
4796,1.595788,3.125295,42.774811,0.152026,17.161034,3.603501
4797,4.629969,2.107759,nan,0.152026,nan,9.738299
4798,5.216877,2.199633,41.821205,0.152005,14.336604,10.917968
4799,2.943759,2.716858,nan,0.152005,nan,6.351371
4800,1.935025,2.147703,37.971954,0.151983,15.635900,4.345797
4801,1.528174,1.487878,nan,0.151983,nan,3.519983
4802,1.963857,1.970574,45.205235,0.151961,11.760077,4.345497
4803,1.187478,1.169374,nan,0.151961,nan,2.798494
4804,1.544597,1.134979,35.653214,0.151939,15.195860,3.568953
4805,1.189089,0.969093,nan,0.151939,nan,2.811075
4806,1.704603,1.081101,44.157883,0.151918,15.210893,3.889301
4807,1.747428,1.291123,nan,0.151918,nan,3.983645
4808,1.412154,1.298836,35.521801,0.151896,14.393511,3.258690
4809,1.281289,2.079100,nan,0.151896,nan,3.012645
4810,1.135477,2.207019,39.359909,0.151874,14.454760,2.676884
4811,2.948844,1.105700,nan,0.151874,nan,6.416269
4812,1.418155,1.634330,41.538101,0.151852,15.677692,3.245336
4813,0.910617,1.106299,nan,0.151852,nan,2.203550
4814,1.113495,1.451766,42.394264,0.151831,16.624161,2.665661
4815,1.020267,0.978558,nan,0.151831,nan,2.446415
4816,2.823267,1.606080,44.379913,0.151809,14.831541,6.133384
4817,1.505932,0.795744,nan,0.151809,nan,3.458017
4818,2.364083,2.930928,53.528313,0.151787,14.932533,5.213089
4819,2.972805,2.642580,nan,0.151787,nan,6.447766
4820,1.361038,1.131224,44.911095,0.151765,16.726936,3.173301
4821,5.860017,5.329104,nan,0.151765,nan,12.224880
4822,5.487156,5.994944,46.639160,0.151743,14.214285,11.481295
4823,1.475556,1.174859,nan,0.151743,nan,3.403916
4824,5.139554,3.962842,57.041039,0.151721,13.133586,10.775752
4825,7.658499,4.923656,nan,0.151721,nan,15.843237
4826,6.425269,4.089093,43.235184,0.151699,15.526542,13.368582
4827,2.673923,1.490746,nan,0.151699,nan,5.856688
4828,5.068373,2.951181,50.334618,0.151677,15.652877,10.635723
4829,4.078995,2.593068,nan,0.151677,nan,8.638865
4830,1.328733,1.430827,38.256020,0.151655,17.552816,3.124260
4831,1.487727,2.142426,nan,0.151655,nan,3.391763
4832,2.120312,1.398536,42.485153,0.151633,16.363811,4.707807
4833,1.378715,1.258629,nan,0.151633,nan,3.173331
4834,1.524450,1.402825,43.121704,0.151611,14.254168,3.529772
4835,1.309367,1.566912,nan,0.151611,nan,3.055979
4836,1.829641,1.468325,47.238029,0.151589,13.604683,4.112133
4837,1.250123,1.167001,nan,0.151589,nan,2.937542
4838,3.917361,1.697170,49.937431,0.151567,14.142695,8.305002
4839,3.087560,1.811491,nan,0.151567,nan,6.647549
4840,1.518011,1.766963,37.899323,0.151545,16.468836,3.447130
4841,0.977771,1.090977,nan,0.151545,nan,2.370511
4842,1.457511,2.938189,48.700676,0.151523,14.281746,3.369404
4843,1.163764,2.601557,nan,0.151523,nan,2.756177
4844,3.433105,1.220051,41.644344,0.151502,14.433971,7.378030
4845,1.954040,1.388156,nan,0.151502,nan,4.396482
4846,2.298081,1.863069,40.874866,0.151480,15.513590,5.100072
4847,3.218545,1.499465,nan,0.151480,nan,6.958579
4848,1.769321,3.104137,38.937866,0.151458,16.592216,3.945978
4849,1.307872,2.508291,nan,0.151458,nan,2.990347
4850,2.231677,1.140929,40.867813,0.151436,16.558514,4.902270
4851,0.779083,0.911499,nan,0.151436,nan,1.970885
4852,3.925578,1.836812,50.640686,0.151414,13.531439,8.359339
4853,3.689431,1.536615,nan,0.151414,nan,7.885306
4854,1.051397,1.403314,46.067154,0.151392,15.049809,2.537123
4855,4.458861,4.086769,nan,0.151392,nan,9.436378
4856,5.099982,2.372927,37.413361,0.151370,16.012741,10.691299
4857,2.087274,4.117184,nan,0.151370,nan,4.652878
4858,1.672007,6.390326,44.446167,0.151349,13.858750,3.780565
4859,1.677768,4.587758,nan,0.151349,nan,3.822740
4860,3.580237,2.411358,40.597267,0.151327,15.465908,7.605165
4861,3.369335,2.211153,nan,0.151327,nan,7.213200
4862,1.380099,1.597907,38.430267,0.151305,15.408226,3.188308
4863,3.012455,1.201319,nan,0.151305,nan,6.540387
4864,1.697843,1.813077,35.565498,0.151283,15.268641,3.823517
4865,0.870780,1.591552,nan,0.151283,nan,2.153786
4866,1.288783,1.698238,36.458141,0.151262,13.357304,3.012733
4867,1.166222,1.464227,nan,0.151262,nan,2.782207
4868,1.350708,1.496610,37.013546,0.151240,15.078548,3.132966
4869,1.460121,1.810678,nan,0.151240,nan,3.358173
4870,1.535630,1.915064,33.597168,0.151218,16.441734,3.524867
4871,1.723690,1.663096,nan,0.151218,nan,3.942214
4872,1.058257,2.463803,36.922722,0.151197,15.395996,2.526994
4873,2.010496,2.690152,nan,0.151197,nan,4.483512
4874,1.077890,2.003873,38.901810,0.151175,14.333542,2.570614
4875,1.249335,0.716205,nan,0.151175,nan,2.909977
4876,0.881874,1.977145,36.385635,0.151154,14.416479,2.178645
4877,2.989609,0.919171,nan,0.151154,nan,6.492041
4878,2.951553,0.966556,40.152977,0.151132,14.765591,6.417114
4879,0.742678,0.840335,nan,0.151132,nan,1.845487
4880,1.689534,1.417286,38.139366,0.151111,15.223785,3.836571
4881,0.797568,0.923652,nan,0.151111,nan,2.002187
4882,2.022007,2.140716,36.485855,0.151089,16.275558,4.502494
4883,1.710991,2.360218,nan,0.151089,nan,3.830931
4884,2.019045,1.576598,40.164375,0.151067,14.358397,4.535955
4885,0.668715,0.740744,nan,0.151067,nan,1.715974
4886,2.064724,2.327348,37.742542,0.151046,15.469621,4.602525
4887,1.327342,1.063441,nan,0.151046,nan,3.113242
4888,2.442401,1.637313,32.362068,0.151024,15.616145,5.378586
4889,0.846351,0.841103,nan,0.151024,nan,2.061494
4890,1.905718,2.318514,43.037331,0.151003,17.194405,4.294890
4891,0.746791,1.049892,nan,0.151003,nan,1.889040
4892,3.271105,1.194024,50.134102,0.150981,12.878613,7.040789
4893,3.049082,1.923585,nan,0.150981,nan,6.602566
4894,1.076258,0.807030,39.268169,0.150960,13.685560,2.603571
4895,0.839911,0.687367,nan,0.150960,nan,2.082769
4896,0.732599,0.764345,39.900276,0.150939,15.239563,1.848087
4897,1.368016,1.087892,nan,0.150939,nan,3.188056
4898,1.698170,1.142960,42.690498,0.150917,16.140160,3.872674
4899,1.630858,1.670199,nan,0.150917,nan,3.696393
4900,1.400627,1.227012,39.803432,0.150896,13.770931,3.257755
4901,1.055346,1.038321,nan,0.150896,nan,2.518741
4902,0.850514,0.647676,33.108128,0.150874,15.594315,2.123769
4903,2.488989,2.250504,nan,0.150874,nan,5.493825
4904,1.183943,3.112837,35.089790,0.150853,14.753691,2.760086
4905,1.711266,1.862542,nan,0.150853,nan,3.874950
4906,1.256675,1.616571,36.113564,0.150832,13.455521,2.949792
4907,1.169825,1.465659,nan,0.150832,nan,2.762220
4908,1.210334,2.450254,43.425537,0.150811,13.511694,2.840441
4909,1.512334,1.673251,nan,0.150811,nan,3.465587
4910,1.280998,2.075427,35.800522,0.150790,13.073259,3.013927
4911,2.095267,2.119054,nan,0.150790,nan,4.676033
4912,1.003686,2.175546,33.969193,0.150769,17.373741,2.400865
4913,2.253529,1.091811,nan,0.150769,nan,5.014212
4914,1.455812,1.313872,33.658066,0.150748,14.929230,3.401486
4915,1.524000,1.027009,nan,0.150748,nan,3.489835
4916,0.879425,1.349971,41.878132,0.150727,16.595942,2.150080
4917,1.681026,1.100629,nan,0.150727,nan,3.770891
4918,1.533877,1.621776,39.950970,0.150706,13.480448,3.547251
4919,1.519461,0.985441,nan,0.150706,nan,3.499788
4920,0.982249,1.103309,38.059357,0.150685,14.659742,2.385081
4921,2.289951,0.935802,nan,0.150685,nan,5.053671
4922,1.696893,0.760818,38.290199,0.150664,13.718292,3.889341
4923,1.108718,1.446046,nan,0.150664,nan,2.642462
4924,0.996705,0.783925,34.901184,0.150643,16.207247,2.448597
4925,1.443511,0.866289,nan,0.150643,nan,3.363640
4926,1.133439,0.959149,35.555332,0.150622,15.189477,2.657171
4927,1.912658,1.369790,nan,0.150622,nan,4.291591
4928,3.220110,1.957226,38.147873,0.150601,16.499390,6.939929
4929,0.944842,1.208628,nan,0.150601,nan,2.333280
4930,1.449458,1.510121,37.691772,0.150579,15.722036,3.343406
4931,1.159747,1.748557,nan,0.150579,nan,2.798975
4932,1.182112,1.063843,37.302708,0.150558,12.609105,2.825105
4933,2.001951,0.661433,nan,0.150558,nan,4.502853
4934,0.834116,2.650188,43.547993,0.150537,16.408623,2.016944
4935,1.708045,1.261871,nan,0.150537,nan,3.879849
4936,1.656193,1.132037,39.408344,0.150516,13.838076,3.790317
4937,1.020823,1.186653,nan,0.150516,nan,2.475318
4938,3.515974,2.188846,31.629089,0.150496,13.230708,7.553511
4939,1.559271,3.588490,nan,0.150496,nan,3.565316
4940,1.293243,3.307782,38.919563,0.150475,17.383011,3.042042
4941,2.642369,2.393275,nan,0.150475,nan,5.776545
4942,3.490811,3.246625,33.395630,0.150453,15.287781,7.514278
4943,1.214509,1.010376,nan,0.150453,nan,2.789639
4944,1.899297,0.899841,37.759033,0.150432,16.727184,4.293766
4945,1.113417,1.017939,nan,0.150432,nan,2.643791
4946,1.466106,1.094903,40.430420,0.150411,15.489569,3.417649
4947,1.370253,1.844367,nan,0.150411,nan,3.162486
4948,1.316286,1.497063,43.632359,0.150390,14.274855,3.073122
4949,1.140138,1.121339,nan,0.150390,nan,2.705947
4950,1.070095,1.568162,37.091835,0.150369,14.975525,2.609922
4951,1.598814,1.334559,nan,0.150369,nan,3.645297
4952,0.850185,1.053098,40.460617,0.150348,15.639350,2.095494
4953,1.850573,1.304675,nan,0.150348,nan,4.158844
4954,0.844234,1.270079,43.357590,0.150327,15.381176,2.049220
4955,1.356605,2.149781,nan,0.150327,nan,3.138803
4956,0.976128,1.545431,38.298000,0.150305,14.749961,2.349354
4957,2.127492,2.443660,nan,0.150305,nan,4.731956
4958,1.302339,1.246755,37.908379,0.150284,16.940638,3.003000
4959,1.612716,1.555896,nan,0.150284,nan,3.678776
4960,1.870703,1.842811,42.618301,0.150263,14.262879,4.155700
4961,0.614180,0.910944,nan,0.150263,nan,1.627431
4962,1.046582,1.097003,42.968815,0.150242,17.100883,2.532907
4963,2.643258,1.437538,nan,0.150242,nan,5.759504
4964,2.526561,1.132491,38.272072,0.150220,16.387053,5.529441
4965,2.588305,2.674748,nan,0.150220,nan,5.632233
4966,2.402541,1.756351,41.200264,0.150199,14.622073,5.259715
4967,1.632238,1.722553,nan,0.150199,nan,3.733419
4968,2.200154,1.495207,47.899841,0.150178,15.949696,4.864445
4969,0.865538,1.202820,nan,0.150178,nan,2.130438
4970,1.816921,2.591282,40.910477,0.150157,14.862094,4.104432
4971,1.551701,2.300080,nan,0.150157,nan,3.519686
4972,2.692417,1.494442,32.586594,0.150135,15.576322,5.883549
4973,3.311372,1.496256,nan,0.150135,nan,7.101965
4974,1.045756,2.411563,40.135521,0.150114,14.450874,2.503809
4975,0.987283,2.224272,nan,0.150114,nan,2.388425
4976,1.494624,1.406895,41.833321,0.150093,16.504419,3.458771
4977,1.693396,1.960243,nan,0.150093,nan,3.862800
4978,2.935529,1.286746,46.736382,0.150071,17.690046,6.380818
4979,0.994079,1.019258,nan,0.150071,nan,2.383181
4980,2.785042,2.576859,44.979141,0.150050,14.458576,6.053137
4981,4.503634,2.129706,nan,0.150050,nan,9.485053
4982,1.586797,0.903044,50.919968,0.150029,15.642161,3.632924
4983,4.846664,5.224718,nan,0.150029,nan,10.207531
4984,5.118387,4.128533,43.043491,0.150007,15.857200,10.749430
4985,1.175569,2.123121,nan,0.150007,nan,2.797570
4986,2.463248,3.417708,38.047974,0.149986,15.076044,5.409563
4987,1.047184,1.261608,nan,0.149986,nan,2.507936
4988,1.105028,2.088717,34.908440,0.149965,15.775135,2.602942
4989,3.267510,1.493173,nan,0.149965,nan,7.009842
4990,4.026094,2.023891,36.382355,0.149943,17.187370,8.547350
4991,2.256849,4.484823,nan,0.149943,nan,4.941344
4992,1.747828,3.346761,41.806236,0.149922,16.272682,3.957309
4993,1.399985,2.349562,nan,0.149922,nan,3.226633
4994,2.547684,3.002843,40.894272,0.149901,15.399809,5.563830
4995,1.848480,1.511398,nan,0.149901,nan,4.172647
4996,3.154484,1.687756,35.326023,0.149879,17.752155,6.825740
4997,2.033373,1.715472,nan,0.149879,nan,4.505411
4998,3.022439,2.127106,38.835434,0.149857,16.217339,6.540414
4999,1.373171,2.718513,nan,0.149857,nan,3.201466
5000,2.628868,3.087508,33.120163,0.149836,14.571368,5.750238
5001,2.389684,1.286252,nan,0.149836,nan,5.250876
5002,2.860629,1.777323,32.166294,0.149814,15.296679,6.196925
5003,1.299252,2.331118,nan,0.149814,nan,3.066746
5004,1.523440,2.965188,35.708691,0.149793,16.628374,3.517300
5005,2.178496,1.315332,nan,0.149793,nan,4.826158
5006,2.286839,1.804191,38.768356,0.149772,15.806861,5.030516
5007,1.869557,2.420216,nan,0.149772,nan,4.197075
5008,1.811783,2.917738,43.468361,0.149750,15.974213,4.096766
5009,2.748047,1.833964,nan,0.149750,nan,5.985156
5010,2.531629,2.337786,34.169884,0.149729,16.837742,5.548555
5011,1.236382,2.325272,nan,0.149729,nan,2.911044
5012,2.506915,3.221837,39.080841,0.149707,14.222500,5.512449
5013,1.870050,1.606595,nan,0.149707,nan,4.215374
5014,2.673760,1.539541,36.067707,0.149686,17.491627,5.848626
5015,1.258475,2.487434,nan,0.149686,nan,2.951625
5016,1.744117,3.065674,37.711746,0.149664,16.478199,3.968168
5017,2.701018,1.238925,nan,0.149664,nan,5.907641
5018,3.179764,1.819419,34.216824,0.149643,15.659886,6.820718
5019,1.954351,2.969299,nan,0.149643,nan,4.374462
5020,2.050392,2.768452,36.671272,0.149621,15.254368,4.576498
5021,2.233370,2.211234,nan,0.149621,nan,4.938169
5022,2.712635,2.557439,45.616631,0.149600,15.273876,5.912754
5023,1.609990,2.341792,nan,0.149600,nan,3.678967
5024,1.926893,2.321028,40.490124,0.149579,15.489153,4.347894
5025,1.983989,2.409654,nan,0.149579,nan,4.448487
5026,2.438508,2.390528,41.825218,0.149558,14.770590,5.324560
5027,1.828136,3.055340,nan,0.149558,nan,4.088892
5028,2.036725,2.753414,39.339157,0.149536,16.066071,4.504539
5029,2.414904,1.432536,nan,0.149536,nan,5.304023
5030,3.188567,2.270352,32.937042,0.149515,16.131325,6.850911
5031,1.435907,2.629134,nan,0.149515,nan,3.345909
5032,1.813714,2.283936,36.535225,0.149494,14.561793,4.119992
5033,2.312068,1.663733,nan,0.149494,nan,5.093938
5034,2.772023,2.286777,36.588657,0.149473,15.646574,6.036353
5035,1.304503,2.512018,nan,0.149473,nan,3.049752
5036,3.504290,4.233678,37.081779,0.149452,14.075876,7.482868
5037,2.738728,1.434060,nan,0.149452,nan,5.918194
5038,3.083702,1.786247,38.148598,0.149431,16.645256,6.644379
5039,1.301127,2.164407,nan,0.149431,nan,3.065997
5040,2.109325,2.343655,39.183224,0.149411,14.934928,4.704783
5041,2.035545,1.738603,nan,0.149411,nan,4.531069
5042,2.635597,2.572521,38.957199,0.149390,16.140253,5.759317
5043,1.360178,2.359216,nan,0.149390,nan,3.155390
5044,2.173953,2.866925,37.820183,0.149369,16.823208,4.821124
5045,2.962290,1.706891,nan,0.149369,nan,6.411274
5046,2.943281,2.130654,41.686810,0.149347,18.016777,6.377350
5047,1.335595,2.249279,nan,0.149347,nan,3.140965
5048,2.973275,2.017877,34.965248,0.149326,13.789988,6.460875
5049,2.234558,2.349746,nan,0.149326,nan,4.941251
5050,2.923579,1.903905,39.166477,0.149305,16.499763,6.297674
5051,1.352032,2.766906,nan,0.149305,nan,3.160935
5052,1.754395,3.787797,40.714630,0.149284,16.460579,3.963529
5053,2.446753,1.441050,nan,0.149284,nan,5.340275
5054,2.649821,1.774565,39.750637,0.149263,15.706052,5.762100
5055,2.823647,2.874969,nan,0.149263,nan,6.146088
5056,2.616076,2.709112,40.137024,0.149242,15.504686,5.720357
5057,2.771177,1.428877,nan,0.149242,nan,6.009974
5058,2.188337,2.488283,32.301575,0.149221,16.527672,4.836081
5059,1.973712,2.733094,nan,0.149221,nan,4.402180
5060,2.129763,2.468108,38.247337,0.149200,14.972869,4.727511
5061,2.395197,1.431391,nan,0.149200,nan,5.241313
5062,3.109172,2.557386,34.203270,0.149179,12.626738,6.662537
5063,1.312811,2.409517,nan,0.149179,nan,3.073441
5064,1.887197,2.541202,36.183495,0.149159,14.853642,4.219371
5065,2.186642,1.325238,nan,0.149159,nan,4.841730
5066,2.637948,1.842785,32.919350,0.149138,16.972809,5.718216
5067,1.446661,2.603572,nan,0.149138,nan,3.322223
5068,2.422584,2.259823,31.839104,0.149117,15.983686,5.342144
5069,2.799888,1.595076,nan,0.149117,nan,6.055509
5070,3.145135,2.541861,39.565067,0.149096,16.310249,6.787203
5071,2.209414,2.619282,nan,0.149096,nan,4.865119
5072,2.721110,2.346932,39.053711,0.149076,15.233801,5.939015
5073,2.604971,1.524220,nan,0.149076,nan,5.669727
5074,2.952805,2.076624,48.312542,0.149055,17.038036,6.344404
5075,1.745493,1.977933,nan,0.149055,nan,3.986199
5076,2.483427,2.961730,32.516655,0.149034,15.000807,5.442508
5077,2.957119,2.219780,nan,0.149034,nan,6.391132
5078,3.829985,2.015643,39.299664,0.149013,14.563427,8.100972
5079,1.666255,2.142713,nan,0.149013,nan,3.801779
5080,2.086108,2.780591,30.217827,0.148993,16.840126,4.670707
5081,3.198451,1.765688,nan,0.148993,nan,6.854353
5082,3.193130,1.555012,37.285225,0.148972,17.933922,6.852448
5083,0.799508,2.852820,nan,0.148972,nan,2.004869
5084,1.816470,2.452409,37.071701,0.148951,17.339512,4.097116
5085,1.613033,1.563905,nan,0.148951,nan,3.686115
5086,1.838953,2.385488,42.155251,0.148929,16.393330,4.110823
5087,2.645984,1.758321,nan,0.148929,nan,5.789064
5088,3.624190,2.133446,37.149002,0.148908,17.633011,7.757125
5089,1.964671,1.774851,nan,0.148908,nan,4.383777
5090,2.031988,1.923778,35.566425,0.148887,17.353100,4.501724
5091,2.528533,3.113663,nan,0.148887,nan,5.537006
5092,2.105039,3.700989,39.747246,0.148866,14.802471,4.698731
5093,2.679833,1.313429,nan,0.148866,nan,5.839437
5094,3.421824,1.686085,35.939823,0.148844,16.631615,7.315893
5095,1.170526,2.177928,nan,0.148844,nan,2.773934
5096,1.577634,1.974173,34.343048,0.148823,17.050606,3.600017
5097,2.518946,2.503719,nan,0.148823,nan,5.486828
5098,3.031064,3.565064,38.505997,0.148802,17.696714,6.533396
5099,1.739223,2.017595,nan,0.148802,nan,3.915440
5100,1.776633,1.379438,38.609093,0.148781,15.672003,4.010091
5101,1.289780,1.289205,nan,0.148781,nan,3.028033
5102,2.392331,2.846854,38.134861,0.148759,16.129440,5.252085
5103,1.676478,1.611643,nan,0.148759,nan,3.815514
5104,1.585674,1.506468,33.918049,0.148738,16.186871,3.637949
5105,1.818247,1.629313,nan,0.148738,nan,4.079295
5106,0.954462,1.418296,34.461720,0.148717,17.234362,2.335155
5107,2.535987,1.700352,nan,0.148717,nan,5.540540
5108,1.848458,1.576496,36.817745,0.148695,17.774851,4.177723
5109,1.821883,1.958394,nan,0.148695,nan,4.117243
5110,0.984712,1.019150,30.562824,0.148674,16.662579,2.367997
5111,1.656680,1.026707,nan,0.148674,nan,3.769547
5112,1.242803,1.165492,39.668652,0.148653,13.487516,2.888968
5113,3.710035,4.057243,nan,0.148653,nan,7.923539
5114,1.795218,1.863477,35.653641,0.148632,18.007843,4.075499
5115,3.660095,2.767220,nan,0.148632,nan,7.801890
5116,2.555633,1.135793,39.134785,0.148610,16.841763,5.598199
5117,1.176399,3.034211,nan,0.148610,nan,2.748682
5118,1.119396,1.537200,45.075039,0.148589,18.102831,2.668485
5119,2.984271,3.046175,nan,0.148589,nan,6.480022
5120,2.325249,1.698084,39.142529,0.148567,18.194321,5.136762
5121,1.835901,2.181374,nan,0.148567,nan,4.162168
5122,1.144310,1.321804,38.249695,0.148546,16.605520,2.739683
5123,3.476414,3.355791,nan,0.148546,nan,7.411433
5124,2.167213,2.456768,32.776119,0.148524,16.479012,4.787953
5125,2.122287,2.198538,nan,0.148524,nan,4.739150
5126,1.183718,1.668437,41.454662,0.148503,15.643833,2.831619
5127,3.553312,2.752662,nan,0.148503,nan,7.566602
5128,2.642723,1.569376,34.821293,0.148482,15.744768,5.738718
5129,1.798870,2.702062,nan,0.148482,nan,4.076291
5130,1.264476,1.594326,40.356014,0.148461,13.891198,2.975136
5131,2.877429,2.404001,nan,0.148461,nan,6.227804
5132,2.431679,1.417420,39.129875,0.148440,16.222015,5.341988
5133,2.290260,3.390802,nan,0.148440,nan,5.044065
5134,1.645388,2.335169,39.808514,0.148419,14.215096,3.737210
5135,2.755208,2.110037,nan,0.148419,nan,5.977180
5136,1.619847,1.617589,30.692114,0.148398,15.261321,3.707726
5137,2.224375,3.240297,nan,0.148398,nan,4.924319
5138,1.525015,2.421401,37.682861,0.148378,15.784877,3.492134
5139,2.709177,1.833480,nan,0.148378,nan,5.879151
5140,2.224916,1.138361,40.388325,0.148357,17.038185,4.936059
5141,2.598602,2.251541,nan,0.148357,nan,5.697369
5142,1.323030,1.627081,44.085640,0.148337,14.801415,3.079468
5143,2.421845,2.904963,nan,0.148337,nan,5.308957
5144,1.824669,1.772931,34.212975,0.148316,16.086704,4.119713
5145,1.545976,3.014982,nan,0.148316,nan,3.498620
5146,1.278438,1.609788,41.515671,0.148295,17.522503,2.997798
5147,2.984607,2.606383,nan,0.148295,nan,6.435863
5148,2.093642,2.140545,35.372604,0.148274,17.373827,4.663743
5149,1.334809,2.674819,nan,0.148274,nan,3.100505
5150,1.400519,1.639761,35.054142,0.148254,16.420725,3.261889
5151,3.708625,2.271246,nan,0.148254,nan,7.877164
5152,3.119358,2.124982,35.584534,0.148233,15.951187,6.712950
5153,1.669678,3.358901,nan,0.148233,nan,3.790033
5154,0.916763,1.711140,37.782524,0.148212,14.995090,2.253261
5155,2.350059,3.086657,nan,0.148212,nan,5.170759
5156,1.948236,2.575746,37.259933,0.148192,16.413616,4.340641
5157,3.667062,1.680360,nan,0.148192,nan,7.842134
5158,2.091724,2.094241,43.142632,0.148171,15.953768,4.636636
5159,2.521316,2.459671,nan,0.148171,nan,5.502473
5160,2.675601,2.823106,33.036800,0.148150,15.657600,5.802815
5161,2.926871,3.184898,nan,0.148150,nan,6.359804
5162,1.835389,2.897526,33.897511,0.148130,17.430077,4.123926
5163,2.756595,1.081529,nan,0.148130,nan,5.973912
5164,2.478137,1.456527,38.093796,0.148109,16.459942,5.432494
5165,1.962737,2.410450,nan,0.148109,nan,4.359500
5166,1.896072,1.975121,36.673138,0.148088,18.126638,4.246678
5167,2.970791,1.476464,nan,0.148088,nan,6.445371
5168,1.652205,1.227186,39.568569,0.148068,14.428147,3.763800
5169,2.905344,1.838298,nan,0.148068,nan,6.284225
5170,2.384886,1.523123,33.711983,0.148047,14.804170,5.213091
5171,1.916331,4.533711,nan,0.148047,nan,4.293157
5172,1.878081,3.453205,39.285751,0.148027,14.593748,4.156296
5173,2.655980,1.515219,nan,0.148027,nan,5.784267
5174,1.964449,1.123331,37.007076,0.148006,16.589222,4.371387
5175,2.156386,2.773386,nan,0.148006,nan,4.783504
5176,1.461019,0.949691,36.167023,0.147986,15.082605,3.370275
5177,3.020509,2.867728,nan,0.147986,nan,6.496401
5178,2.763777,2.201202,35.153637,0.147966,16.554276,5.984988
5179,1.046720,2.866457,nan,0.147966,nan,2.553289
5180,1.347948,2.105732,41.374275,0.147946,16.094803,3.105742
5181,2.867575,2.173892,nan,0.147946,nan,6.188489
5182,1.972031,1.971727,39.311985,0.147925,16.073187,4.406274
5183,3.463943,2.398719,nan,0.147925,nan,7.431211
5184,2.627110,1.349316,36.506340,0.147905,17.570229,5.756504
5185,1.543073,1.569263,nan,0.147905,nan,3.533142
5186,1.019226,0.911336,39.269901,0.147884,16.202213,2.480704
5187,4.264002,3.403220,nan,0.147884,nan,9.033384
5188,2.775358,2.612080,38.865631,0.147864,17.144745,6.032969
5189,1.689735,1.067535,nan,0.147864,nan,3.822739
5190,1.761653,1.740890,27.453445,0.147843,17.736156,3.985829
5191,1.894760,1.941026,nan,0.147843,nan,4.185054
5192,1.336944,1.507784,31.590364,0.147822,17.469357,3.108887
5193,1.229211,1.226469,nan,0.147822,nan,2.909559
5194,1.080753,1.117821,36.144119,0.147802,15.689856,2.539967
5195,1.702316,0.999108,nan,0.147802,nan,3.865976
5196,1.622458,2.243034,34.222164,0.147781,16.677324,3.646623
5197,0.913790,0.979970,nan,0.147781,nan,2.245703
5198,1.410683,1.178250,28.699432,0.147760,16.148754,3.264355
5199,1.798205,1.449669,nan,0.147760,nan,4.014971
5200,1.551940,1.296640,36.351109,0.147740,16.163300,3.530574
5201,1.666951,1.266913,nan,0.147740,nan,3.780466
5202,1.091045,2.525335,37.390530,0.147719,17.081999,2.548090
5203,2.047434,1.879362,nan,0.147719,nan,4.584590
5204,1.024116,2.368891,30.623478,0.147698,16.606527,2.443337
5205,1.967551,1.725171,nan,0.147698,nan,4.355394
5206,2.147971,1.188161,29.349661,0.147678,15.232488,4.764831
5207,0.907937,0.933614,nan,0.147678,nan,2.224486
5208,3.151259,1.492319,46.851612,0.147657,16.797232,6.789958
5209,0.740341,3.677847,nan,0.147657,nan,1.897006
5210,0.982204,4.096298,35.713066,0.147637,17.819813,2.387695
5211,3.959876,2.203631,nan,0.147637,nan,8.413321
5212,5.498580,3.177236,33.224800,0.147616,15.463895,11.510324
5213,1.499057,1.755126,nan,0.147616,nan,3.420744
5214,2.710367,3.036443,41.177498,0.147596,16.298489,5.882313
5215,1.216966,1.370611,nan,0.147596,nan,2.817998
5216,3.772911,2.256895,38.859512,0.147575,18.025558,8.060225
5217,2.836009,2.522840,nan,0.147575,nan,6.167148
5218,1.322175,0.974769,36.235458,0.147554,16.496122,3.083578
5219,1.352148,0.842075,nan,0.147554,nan,3.114206
5220,1.677901,2.081054,36.529652,0.147534,16.035139,3.817714
5221,1.727068,1.310896,nan,0.147534,nan,3.876508
5222,2.892712,2.715948,44.711441,0.147513,15.511951,6.258479
5223,2.710842,2.312114,nan,0.147513,nan,5.909911
5224,0.951734,1.391654,39.958473,0.147493,16.126245,2.285513
5225,1.660882,1.100011,nan,0.147493,nan,3.796982
5226,1.127267,1.786086,31.752651,0.147473,15.767608,2.636595
5227,0.935483,0.990120,nan,0.147473,nan,2.311588
5228,0.924783,1.203661,28.782185,0.147452,17.271479,2.285341
5229,1.543986,2.271412,nan,0.147452,nan,3.503931
5230,2.832711,0.993246,38.008026,0.147432,15.489574,6.138428
5231,0.996076,1.222545,nan,0.147432,nan,2.406001
5232,1.221712,1.153826,44.208454,0.147411,20.476307,2.844941
5233,1.538322,2.908500,nan,0.147411,nan,3.481826
5234,1.429039,1.804307,31.824909,0.147390,15.565308,3.329964
5235,1.329925,1.318764,nan,0.147390,nan,3.090579
5236,2.871333,1.519783,36.981743,0.147370,17.157352,6.206840
5237,2.428789,1.300765,nan,0.147370,nan,5.333421
5238,1.859060,2.636346,34.145882,0.147349,17.117619,4.209920
5239,1.913113,3.224788,nan,0.147349,nan,4.226446
5240,1.907030,2.203826,37.425514,0.147329,15.920456,4.261056
5241,1.870647,2.030388,nan,0.147329,nan,4.178431
5242,1.859129,1.436851,39.858707,0.147308,17.577484,4.165348
5243,1.803749,0.976368,nan,0.147308,nan,4.073098
5244,1.716509,2.069676,40.730042,0.147287,16.432106,3.865009
5245,1.740548,1.402960,nan,0.147287,nan,3.927794
5246,0.922225,2.062311,34.066513,0.147267,14.644577,2.259464
5247,1.262302,2.435816,nan,0.147267,nan,2.886824
5248,2.823501,1.445061,35.707088,0.147246,17.212360,6.121881
5249,1.169609,1.466345,nan,0.147246,nan,2.769755
5250,3.282086,2.922651,41.728939,0.147226,17.539551,7.026619
5251,2.244090,1.788049,nan,0.147226,nan,4.992447
5252,1.511888,1.117861,39.587570,0.147205,17.467186,3.453636
5253,1.068920,0.665148,nan,0.147205,nan,2.543709
5254,2.995755,1.915780,41.666111,0.147185,16.686863,6.484192
5255,2.927084,1.218611,nan,0.147185,nan,6.325619
5256,1.307099,2.150982,37.275429,0.147164,16.555019,3.057333
5257,1.218314,1.389440,nan,0.147164,nan,2.859900
5258,1.847484,2.036462,35.942375,0.147143,18.688738,4.153680
5259,1.142206,2.096018,nan,0.147143,nan,2.649525
5260,2.348100,1.347819,34.264519,0.147123,15.652223,5.123746
5261,2.540331,0.860075,nan,0.147123,nan,5.547077
5262,1.028374,2.087279,34.673393,0.147102,16.952984,2.441187
5263,1.549563,1.329627,nan,0.147102,nan,3.548658
5264,1.973554,2.322428,37.146263,0.147082,17.546888,4.419862
5265,1.518640,2.411548,nan,0.147082,nan,3.472842
5266,1.598017,0.979706,33.115490,0.147061,15.310352,3.678767
5267,1.354867,1.419213,nan,0.147061,nan,3.138202
5268,2.722350,2.546544,41.012386,0.147041,17.149677,5.882044
5269,2.973037,1.826313,nan,0.147041,nan,6.398768
5270,0.882618,1.713892,35.400352,0.147020,17.899168,2.175185
5271,1.058461,1.463990,nan,0.147020,nan,2.514588
5272,2.702806,1.942274,46.161957,0.147000,14.456861,5.845218
5273,2.017619,1.500384,nan,0.147000,nan,4.473178
5274,1.447243,1.644025,40.780518,0.146979,17.612942,3.321981
5275,1.401623,1.948495,nan,0.146979,nan,3.271542
5276,1.891092,1.722257,31.978216,0.146959,18.570930,4.238478
5277,2.035469,1.170012,nan,0.146959,nan,4.557663
5278,1.689951,2.497567,38.006294,0.146938,16.491096,3.844190
5279,1.155921,2.021723,nan,0.146938,nan,2.720804
5280,2.894664,2.396976,37.476669,0.146918,17.526619,6.256851
5281,1.646949,1.315191,nan,0.146918,nan,3.747183
5282,1.950693,1.802735,32.877850,0.146897,15.874022,4.387250
5283,1.321957,1.967944,nan,0.146897,nan,3.020718
5284,1.438499,1.936119,35.063156,0.146876,18.230774,3.324570
5285,2.093920,1.174991,nan,0.146876,nan,4.637412
5286,1.583605,2.368328,37.699398,0.146856,15.748728,3.638539
5287,1.554746,2.143475,nan,0.146856,nan,3.520732
5288,1.768966,1.661753,29.416786,0.146835,18.232161,3.958202
5289,2.395653,1.386224,nan,0.146835,nan,5.250822
5290,0.951451,2.592896,35.829117,0.146815,16.898388,2.291802
5291,1.693420,2.237093,nan,0.146815,nan,3.802706
5292,1.990609,2.311265,35.109646,0.146794,17.860947,4.432398
5293,1.706199,1.696907,nan,0.146794,nan,3.834333
5294,1.799390,1.650144,40.544987,0.146774,18.111511,4.057715
5295,1.595208,1.326076,nan,0.146774,nan,3.649363
5296,2.886987,1.941369,37.553246,0.146753,16.944054,6.217996
5297,2.853450,1.298573,nan,0.146753,nan,6.165156
5298,1.250549,2.247745,30.685963,0.146732,15.739216,2.907982
5299,1.760581,2.898281,nan,0.146732,nan,3.931900
5300,2.123970,1.290130,41.250153,0.146712,17.486286,4.665834
5301,0.886157,1.076537,nan,0.146712,nan,2.157862
5302,3.575540,2.260654,43.472130,0.146691,17.134069,7.634384
5303,3.449752,2.000989,nan,0.146691,nan,7.387318
5304,1.453707,1.300927,34.393074,0.146671,16.449024,3.323797
5305,1.434214,1.158477,nan,0.146671,nan,3.273941
5306,1.355012,0.937015,30.598236,0.146650,17.396507,3.100866
5307,1.321190,1.135282,nan,0.146650,nan,3.061558
5308,0.949114,0.933885,35.866089,0.146630,18.017740,2.304886
5309,2.408256,0.763474,nan,0.146630,nan,5.279727
5310,1.057252,1.850911,30.428350,0.146609,16.648792,2.525563
5311,1.935487,1.407123,nan,0.146609,nan,4.298016
5312,1.440907,1.549686,33.921432,0.146589,14.411259,3.305245
5313,3.349001,0.998276,nan,0.146589,nan,7.143415
5314,1.927055,1.088166,37.680080,0.146569,17.181812,4.301963
5315,2.557781,2.543786,nan,0.146569,nan,5.580627
5316,1.643042,0.679803,44.412727,0.146548,16.150774,3.724528
5317,2.812761,3.576898,nan,0.146548,nan,6.108082
5318,1.839674,3.657577,39.918465,0.146528,18.229881,4.116279
5319,1.274149,1.065696,nan,0.146528,nan,2.952883
5320,1.306449,0.985065,31.895439,0.146508,18.304646,3.053771
5321,1.333693,1.010317,nan,0.146508,nan,3.077202
5322,0.711104,0.878146,35.766235,0.146487,16.242397,1.822075
5323,0.617191,0.811387,nan,0.146487,nan,1.587100
5324,0.617483,1.807895,32.211060,0.146467,16.883007,1.642904
5325,3.509770,2.249655,nan,0.146467,nan,7.485802
5326,2.803427,1.894868,36.925117,0.146447,15.551397,6.075506
5327,2.580150,1.304330,nan,0.146447,nan,5.610883
5328,3.251370,1.415248,35.033478,0.146426,17.405323,6.933776
5329,2.131088,2.583452,nan,0.146426,nan,4.728517
5330,1.567631,1.520557,35.947247,0.146406,19.630432,3.599759
5331,1.852819,2.421445,nan,0.146406,nan,4.160355
5332,1.919921,1.009843,35.357506,0.146386,17.173172,4.282224
5333,2.285640,3.378487,nan,0.146386,nan,4.985763
5334,1.739366,2.097874,30.526104,0.146365,16.453857,3.928864
5335,1.989999,2.868144,nan,0.146365,nan,4.418404
5336,1.629504,1.946414,35.483376,0.146345,16.888172,3.678910
5337,1.132975,3.609807,nan,0.146345,nan,2.705399
5338,2.730519,2.146414,31.372473,0.146325,16.777794,5.965476
5339,1.943048,1.671769,nan,0.146325,nan,4.314953
5340,2.323899,2.312132,33.527214,0.146304,17.928993,5.098193
5341,2.466262,2.077205,nan,0.146304,nan,5.396485
5342,1.709922,3.661188,34.051735,0.146284,17.708906,3.844129
5343,1.517816,2.462944,nan,0.146284,nan,3.456960
5344,2.091493,2.956555,33.452625,0.146263,17.978615,4.647161
5345,3.451594,2.710530,nan,0.146263,nan,7.355541
5346,1.881970,1.918132,37.326790,0.146243,17.979975,4.200636
5347,1.273679,1.867883,nan,0.146243,nan,2.960459
5348,3.078467,1.085695,37.079605,0.146222,17.741571,6.608589
5349,1.619909,1.581704,nan,0.146222,nan,3.662585
5350,1.946657,2.113132,40.977833,0.146201,20.300762,4.318170
5351,1.676347,4.219558,nan,0.146201,nan,3.794077
5352,1.230551,4.753025,35.689491,0.146181,17.352463,2.923831
5353,5.253534,1.831577,nan,0.146181,nan,10.982182
5354,5.531231,1.778993,35.162952,0.146160,19.523014,11.565671
5355,1.774896,1.787730,nan,0.146160,nan,3.965354
5356,2.096875,1.644629,35.540932,0.146139,17.548714,4.631239
5357,2.167483,1.830327,nan,0.146139,nan,4.805639
5358,2.508521,1.449538,37.317371,0.146118,17.716240,5.462142
5359,1.114208,1.721581,nan,0.146118,nan,2.666353
5360,1.367266,1.274847,32.861938,0.146097,17.003551,3.202096
5361,2.247073,2.180876,nan,0.146097,nan,4.937305
5362,2.729769,1.375692,39.001785,0.146077,15.742779,5.913423
5363,1.464124,1.213727,nan,0.146077,nan,3.342952
5364,3.587693,1.657824,45.082081,0.146056,16.609409,7.665696
5365,3.877712,1.327145,nan,0.146056,nan,8.250624
5366,1.791808,3.504119,39.674446,0.146036,17.738514,4.042828
5367,1.545222,2.579980,nan,0.146036,nan,3.529998
5368,1.605942,2.159213,33.964218,0.146015,17.277222,3.605919
5369,1.485040,1.006065,nan,0.146015,nan,3.416074
5370,1.724823,1.402149,31.822451,0.145995,16.362080,3.883531
5371,1.888547,1.697619,nan,0.145995,nan,4.230605
5372,1.306517,2.081491,40.193481,0.145975,17.704716,3.010740
5373,2.655373,1.460747,nan,0.145975,nan,5.789430
5374,1.407938,0.930437,29.337061,0.145954,17.092394,3.261053
5375,2.315786,1.368092,nan,0.145954,nan,5.063684
5376,1.797871,2.872216,33.653435,0.145934,17.571814,4.043882
5377,1.724986,2.812362,nan,0.145934,nan,3.888585
5378,2.446778,1.572100,29.217375,0.145914,15.085731,5.389234
5379,1.534353,1.162696,nan,0.145914,nan,3.558012
5380,1.515451,1.386749,34.012917,0.145894,19.682106,3.461744
5381,1.127609,1.276601,nan,0.145894,nan,2.709751
5382,0.905549,1.883052,32.724762,0.145873,16.996210,2.219944
5383,2.312298,1.688969,nan,0.145873,nan,5.067491
5384,1.208219,0.824956,30.384014,0.145853,18.471613,2.843767
5385,1.958919,1.262359,nan,0.145853,nan,4.379504
5386,1.281341,2.325303,31.086349,0.145833,18.227064,2.986551
5387,1.326222,0.865926,nan,0.145833,nan,3.114589
5388,1.047962,1.226860,40.142593,0.145812,17.185007,2.511329
5389,2.158017,2.406923,nan,0.145812,nan,4.779831
5390,0.988533,0.816687,39.108139,0.145792,17.479088,2.421620
5391,4.131585,4.414018,nan,0.145792,nan,8.754235
5392,3.659585,3.754569,36.590824,0.145771,17.850140,7.805057
5393,2.479362,2.880736,nan,0.145771,nan,5.413981
5394,4.449471,4.111169,40.665661,0.145751,17.616074,9.376070
5395,2.481532,1.810632,nan,0.145751,nan,5.397590
5396,1.563235,2.751221,34.622105,0.145731,17.619884,3.593670
5397,2.943847,3.144656,nan,0.145731,nan,6.400886
5398,1.058684,2.604026,35.363411,0.145710,17.533869,2.545892
5399,4.898143,3.435387,nan,0.145710,nan,10.271660
5400,3.723184,3.514617,34.074165,0.145690,19.526224,7.913544
5401,2.092111,2.530288,nan,0.145690,nan,4.672528
5402,3.916619,3.223180,35.037224,0.145669,18.221813,8.330727
5403,0.785110,1.834414,nan,0.145669,nan,2.001302
5404,3.852808,3.646748,36.302498,0.145649,19.213955,8.144182
5405,4.452108,3.569681,nan,0.145649,nan,9.392630
5406,3.977693,2.058331,37.927879,0.145628,16.030205,8.415336
5407,2.169752,3.169538,nan,0.145628,nan,4.853320
5408,2.229980,2.796705,27.489288,0.145608,16.123516,4.969879
5409,3.566860,1.658437,nan,0.145608,nan,7.623897
5410,4.152791,3.616208,26.084929,0.145588,18.684582,8.793235
5411,2.725724,2.168127,nan,0.145588,nan,5.926109
5412,1.497804,4.701939,42.893234,0.145567,16.631470,3.435665
5413,3.191875,4.280750,nan,0.145567,nan,6.872340
5414,1.229076,0.982796,36.871914,0.145547,19.252541,2.928982
5415,4.532251,6.004221,nan,0.145547,nan,9.552130
5416,3.727410,6.582869,43.126907,0.145527,17.596405,7.912668
5417,1.350845,1.448104,nan,0.145527,nan,3.156449
5418,2.091036,2.766515,35.618309,0.145506,17.032818,4.643522
5419,1.295230,2.716136,nan,0.145506,nan,3.049081
5420,2.729208,1.165023,34.234268,0.145486,16.570904,5.945590
5421,1.972572,1.193768,nan,0.145486,nan,4.443079
5422,1.769518,2.166148,36.454765,0.145466,16.890770,3.985669
5423,1.314046,1.026214,nan,0.145466,nan,3.096456
5424,1.608104,2.587790,43.600090,0.145446,15.999916,3.676408
5425,1.311808,2.957510,nan,0.145446,nan,3.061727
5426,2.636731,1.647099,34.557907,0.145426,19.118200,5.760093
5427,1.023624,1.387633,nan,0.145426,nan,2.469979
5428,2.440236,2.208777,36.208786,0.145406,20.254311,5.356922
5429,2.574142,1.444132,nan,0.145406,nan,5.626491
5430,1.286539,2.974661,38.471817,0.145385,17.549080,2.966912
5431,1.078961,1.800075,nan,0.145385,nan,2.581573
5432,1.685215,1.072240,36.097771,0.145365,19.190239,3.845456
5433,1.187020,0.894241,nan,0.145365,nan,2.845296
5434,3.366255,1.854646,36.066658,0.145344,17.007771,7.241220
5435,3.947824,0.805497,nan,0.145344,nan,8.411337
5436,1.268199,1.986593,39.772610,0.145324,18.659336,2.951524
5437,1.691664,1.360176,nan,0.145324,nan,3.865519
5438,1.441496,2.211731,30.799051,0.145304,18.561060,3.345333
5439,1.705498,1.435509,nan,0.145304,nan,3.880362
5440,2.721436,1.744820,31.118149,0.145283,18.451576,5.905757
5441,2.483682,1.239970,nan,0.145283,nan,5.476661
5442,3.278201,1.177434,29.609970,0.145262,20.126217,7.078954
5443,2.009669,1.535711,nan,0.145262,nan,4.508087
5444,0.710221,0.914309,28.733805,0.145242,18.727034,1.872974
5445,3.294966,2.474715,nan,0.145242,nan,7.071584
5446,1.452526,2.474941,35.611221,0.145221,15.919826,3.357157
5447,1.334774,1.019864,nan,0.145221,nan,3.108568
5448,1.512156,1.539541,36.412952,0.145201,17.252516,3.484938
5449,1.919231,0.960747,nan,0.145201,nan,4.328397
5450,0.864837,2.279825,31.422682,0.145181,17.735720,2.171556
5451,0.871996,1.107436,nan,0.145181,nan,2.132558
5452,1.309579,1.511640,30.393593,0.145160,20.059780,3.047782
5453,1.449501,1.321560,nan,0.145160,nan,3.337357
5454,1.261083,1.820618,28.129105,0.145140,16.287111,2.985733
5455,2.021878,2.227737,nan,0.145140,nan,4.515048
5456,0.875656,1.125607,34.707054,0.145119,19.499954,2.198322
5457,1.847699,2.955268,nan,0.145119,nan,4.176359
5458,4.046225,2.698519,35.438660,0.145099,19.559450,8.604814
5459,2.529751,1.319131,nan,0.145099,nan,5.560913
5460,2.300280,2.103535,32.338795,0.145078,20.488613,5.086263
5461,4.245578,2.387397,nan,0.145078,nan,8.960296
5462,1.890086,4.288309,33.305008,0.145057,16.501057,4.250558
5463,1.391349,3.750427,nan,0.145057,nan,3.229126
5464,1.887013,0.882618,34.968307,0.145037,17.097641,4.215065
5465,1.201712,0.818667,nan,0.145037,nan,2.846021
5466,3.949151,1.629115,40.222519,0.145017,14.807858,8.399751
5467,4.461107,1.005292,nan,0.145017,nan,9.435339
5468,1.223344,3.222828,33.160805,0.144996,18.555111,2.913931
5469,1.328308,1.993748,nan,0.144996,nan,3.112646
5470,1.179870,1.768625,28.924685,0.144976,18.601292,2.838325
5471,1.171743,1.626093,nan,0.144976,nan,2.796125
5472,2.581806,1.571438,28.445518,0.144956,17.891384,5.630485
5473,0.760086,0.995750,nan,0.144956,nan,1.941921
5474,3.709750,2.495238,33.467850,0.144936,16.095278,7.961174
5475,4.815068,3.848598,nan,0.144936,nan,10.145054
5476,1.625428,0.864620,38.946308,0.144916,18.189260,3.724921
5477,4.598104,6.673038,nan,0.144916,nan,9.688295
5478,5.633080,6.207185,36.854935,0.144896,18.746847,11.774351
5479,1.189420,0.799239,nan,0.144896,nan,2.833346
5480,4.651739,3.940012,43.282494,0.144875,20.892340,9.812807
5481,7.854403,6.334774,nan,0.144875,nan,16.215033
5482,5.093920,5.239694,33.333309,0.144855,17.417780,10.696654
5483,3.022532,1.359095,nan,0.144855,nan,6.519572
5484,5.833839,3.415125,41.347748,0.144834,19.908455,12.164901
5485,3.897502,1.902271,nan,0.144834,nan,8.308073
5486,2.325966,2.706230,31.211563,0.144814,18.106880,5.150270
5487,3.977293,3.878721,nan,0.144814,nan,8.444935
5488,3.931707,4.289233,32.060326,0.144794,15.760313,8.362494
5489,1.838049,2.582883,nan,0.144794,nan,4.105560
5490,2.507188,4.438797,35.293701,0.144774,17.828308,5.487420
5491,1.400754,1.856260,nan,0.144774,nan,3.246354
5492,2.990759,2.073809,31.843777,0.144754,16.339546,6.476864
5493,3.172748,3.083364,nan,0.144754,nan,6.838806
5494,1.077286,1.629275,25.736820,0.144734,17.578854,2.608880
5495,4.999949,1.952518,nan,0.144734,nan,10.501102
5496,5.864808,1.886103,35.787605,0.144714,17.744576,12.193130
5497,1.234663,2.717631,nan,0.144714,nan,2.922576
5498,1.409035,4.643229,38.723003,0.144694,21.025429,3.254759
5499,1.313846,2.233521,nan,0.144694,nan,3.048554
5500,2.539427,1.750280,37.107777,0.144673,20.215992,5.541459
5501,2.002265,3.095624,nan,0.144673,nan,4.478454
5502,0.976490,1.178050,39.572693,0.144653,19.443468,2.365905
5503,5.332284,3.929525,nan,0.144653,nan,11.175413
5504,3.665580,4.060818,33.880196,0.144632,17.068081,7.831959
5505,2.810725,1.345220,nan,0.144632,nan,6.115122
5506,3.168736,1.834797,25.484135,0.144612,18.659290,6.835444
5507,2.148596,1.828361,nan,0.144612,nan,4.769768
5508,2.431367,3.336201,32.740589,0.144592,16.912849,5.366815
5509,2.711565,2.808217,nan,0.144592,nan,5.934387
5510,1.072916,1.113940,37.602028,0.144572,18.551189,2.602415
5511,3.993619,5.843601,nan,0.144572,nan,8.478065
5512,4.418968,6.644727,40.860725,0.144552,17.974319,9.334417
5513,1.068261,1.700556,nan,0.144552,nan,2.502042
5514,5.034136,2.415642,41.355206,0.144531,19.438858,10.583126
5515,7.195760,5.485160,nan,0.144531,nan,14.893539
5516,4.914931,4.136279,30.528601,0.144511,17.371305,10.345461
5517,3.385409,1.004124,nan,0.144511,nan,7.260114
5518,3.989384,2.966024,28.921494,0.144491,17.153040,8.479522
5519,3.809562,1.118392,nan,0.144491,nan,8.110746
5520,2.033399,2.470145,29.004255,0.144471,20.206028,4.557203
5521,2.224494,3.413523,nan,0.144471,nan,4.940423
5522,1.797981,2.177948,28.510679,0.144450,19.568707,4.072188
5523,2.076456,1.995549,nan,0.144450,nan,4.629955
5524,0.923141,1.592714,30.702255,0.144430,18.282766,2.272584
5525,2.754095,1.358506,nan,0.144430,nan,6.011543
5526,1.427405,1.307845,38.047279,0.144410,18.908337,3.251192
5527,2.654370,2.404239,nan,0.144410,nan,5.777006
5528,1.894303,0.817886,21.347355,0.144389,18.558928,4.281669
5529,0.961229,2.746258,nan,0.144389,nan,2.339346
5530,1.605788,2.755879,33.808899,0.144369,16.251278,3.632515
5531,1.538351,1.062391,nan,0.144369,nan,3.556881
5532,1.533892,1.310337,31.589798,0.144349,18.520910,3.500112
5533,1.526299,2.568805,nan,0.144349,nan,3.497930
5534,1.162105,2.776028,34.901958,0.144329,17.677387,2.735178
5535,1.638779,1.697848,nan,0.144329,nan,3.677447
5536,1.101241,1.236370,33.857536,0.144309,18.323315,2.607032
5537,1.168402,1.267053,nan,0.144309,nan,2.768563
5538,1.389766,1.133735,29.258724,0.144289,17.668472,3.265227
5539,1.110580,1.184219,nan,0.144289,nan,2.631421
5540,1.226757,1.207168,31.561241,0.144269,19.372309,2.892617
5541,1.290985,2.550372,nan,0.144269,nan,3.035654
5542,0.963639,1.070828,29.264771,0.144249,20.325874,2.371617
5543,2.898332,3.322586,nan,0.144249,nan,6.279556
5544,1.606339,1.970029,35.524193,0.144229,18.770626,3.651613
5545,2.440762,1.304608,nan,0.144229,nan,5.374906
5546,1.775680,0.904611,31.132494,0.144208,17.094799,4.045987
5547,1.547469,2.786186,nan,0.144208,nan,3.555116
5548,1.176427,1.233368,31.785809,0.144188,18.444891,2.792701
5549,1.789088,3.787234,nan,0.144188,nan,4.027261
5550,1.083665,3.211557,26.223289,0.144168,19.000725,2.589817
5551,3.128406,1.002746,nan,0.144168,nan,6.738918
5552,2.328091,1.842680,28.456226,0.144148,16.398439,5.125090
5553,1.093351,0.779514,nan,0.144148,nan,2.617261
5554,0.804911,2.856187,30.240250,0.144128,19.589449,2.015043
5555,1.048359,1.361041,nan,0.144128,nan,2.508290
5556,2.481773,2.243338,29.882685,0.144108,16.531521,5.478897
5557,0.906483,2.620797,nan,0.144108,nan,2.251614
5558,2.365076,0.914651,29.864323,0.144088,18.655674,5.216888
5559,2.644673,1.018664,nan,0.144088,nan,5.776734
5560,0.902124,1.474472,33.394768,0.144068,17.351831,2.207221
5561,1.076980,1.205313,nan,0.144068,nan,2.587019
5562,1.277904,1.461060,36.975624,0.144049,18.276596,2.986988
5563,2.549980,1.626735,nan,0.144049,nan,5.620621
5564,1.171144,1.155964,32.855999,0.144029,17.029976,2.771438
5565,0.908700,1.243035,nan,0.144029,nan,2.187530
5566,3.660316,3.117660,30.009659,0.144009,17.827366,7.803450
5567,1.244185,1.077494,nan,0.144009,nan,2.929862
5568,3.132411,2.682996,38.545692,0.143990,18.355461,6.728667
5569,2.853833,1.659335,nan,0.143990,nan,6.193198
5570,1.239658,1.409952,30.341648,0.143970,20.635015,2.940880
5571,0.995109,1.901493,nan,0.143970,nan,2.419547
5572,1.273907,0.989078,24.647560,0.143950,19.442295,3.037835
5573,1.101943,1.133318,nan,0.143950,nan,2.593852
5574,1.358857,1.540266,26.453587,0.143930,18.182873,3.132561
5575,0.913771,0.731879,nan,0.143930,nan,2.277551
5576,2.089333,1.360884,32.348980,0.143910,17.553429,4.632477
5577,1.472330,0.954228,nan,0.143910,nan,3.388082
5578,1.775051,3.235602,40.898621,0.143890,18.784229,3.995869
5579,1.862720,2.063990,nan,0.143890,nan,4.210051
5580,1.018420,1.138569,39.213966,0.143870,19.446856,2.436883
5581,1.147192,1.002239,nan,0.143870,nan,2.682078
5582,2.405776,2.333561,33.172371,0.143850,17.525337,5.310619
5583,1.531727,1.746365,nan,0.143850,nan,3.547724
5584,2.208407,1.855549,27.963755,0.143830,19.700405,4.868823
5585,1.639734,0.948799,nan,0.143830,nan,3.716896
5586,1.230787,1.886783,30.813623,0.143810,18.825569,2.926392
5587,1.220188,1.965991,nan,0.143810,nan,2.904771
5588,2.335015,2.114734,30.524908,0.143790,19.006008,5.163366
5589,2.672499,1.189234,nan,0.143790,nan,5.806939
5590,1.344646,1.364817,35.236240,0.143770,20.216936,3.089327
5591,1.316919,1.020448,nan,0.143770,nan,3.040899
5592,2.260778,2.744983,38.409370,0.143750,19.756912,4.972455
5593,2.365431,2.233914,nan,0.143750,nan,5.219244
5594,1.219654,1.355683,30.230200,0.143730,17.937069,2.892424
5595,1.286558,1.612515,nan,0.143730,nan,2.972498
5596,1.840871,2.816762,34.800232,0.143710,18.564320,4.154432
5597,0.910751,1.955053,nan,0.143710,nan,2.263493
5598,3.377248,1.131112,36.266796,0.143690,17.167116,7.256889
5599,3.363616,1.137336,nan,0.143690,nan,7.225883
5600,0.866213,1.296907,30.622580,0.143670,17.295383,2.185016
5601,0.905849,0.878832,nan,0.143670,nan,2.254642
5602,2.412245,2.804409,37.537308,0.143650,17.565699,5.281456
5603,1.852993,2.579901,nan,0.143650,nan,4.180018
5604,2.285120,1.410728,26.815475,0.143631,19.508993,5.056618
5605,1.777426,1.005825,nan,0.143631,nan,4.027356
5606,0.700139,1.944738,30.074644,0.143611,15.770081,1.760637
5607,1.027552,0.747976,nan,0.143611,nan,2.503629
5608,2.732396,2.599303,36.763931,0.143591,18.968349,5.961791
5609,2.323761,2.913747,nan,0.143591,nan,5.138541
5610,0.797335,0.929946,31.934010,0.143572,19.139858,2.020557
5611,3.125147,4.238137,nan,0.143572,nan,6.741732
5612,2.153922,4.152355,24.454956,0.143552,18.686024,4.750523
5613,5.071723,1.600179,nan,0.143552,nan,10.635500
5614,6.220879,2.649437,29.709362,0.143532,19.438339,12.921782
5615,6.529348,2.580351,nan,0.143532,nan,13.531485
5616,3.406675,3.601259,31.115339,0.143512,21.194695,7.260774
5617,3.165133,3.151077,nan,0.143512,nan,6.817092
5618,2.602461,2.485901,29.362131,0.143492,16.987732,5.699673
5619,1.792035,2.547766,nan,0.143492,nan,3.929919
5620,2.158915,2.339106,34.197205,0.143473,16.551495,4.753197
5621,3.297869,2.364468,nan,0.143473,nan,7.074797
5622,1.675697,1.736463,33.927650,0.143453,18.061832,3.816285
5623,2.640493,2.953570,nan,0.143453,nan,5.783359
5624,2.899959,2.053214,23.238705,0.143433,17.254230,6.296456
5625,1.410820,2.244175,nan,0.143433,nan,3.250669
5626,1.943784,2.707554,30.851770,0.143414,17.144148,4.323685
5627,1.246212,1.267624,nan,0.143414,nan,2.977226
5628,1.545974,1.253681,30.081390,0.143395,19.311750,3.497735
5629,0.991068,1.047114,nan,0.143395,nan,2.411759
5630,1.057218,1.567792,33.348171,0.143375,17.943993,2.539441
5631,1.489872,2.035969,nan,0.143375,nan,3.417177
5632,1.303933,1.275440,34.586685,0.143356,19.635763,2.990404
5633,1.897014,1.791560,nan,0.143356,nan,4.264003
5634,3.390329,2.017662,24.938869,0.143336,19.282253,7.252946
5635,2.571536,2.496687,nan,0.143336,nan,5.596384
5636,2.505893,2.651521,31.068945,0.143316,18.349758,5.478190
5637,2.128802,1.843059,nan,0.143316,nan,4.740538
5638,3.304906,2.098109,35.064190,0.143297,18.248201,7.082570
5639,3.106203,3.072440,nan,0.143297,nan,6.682711
5640,1.507688,1.996136,27.732895,0.143277,18.944340,3.446162
5641,1.955485,1.528045,nan,0.143277,nan,4.341663
5642,2.782815,1.265272,32.121674,0.143258,19.043865,6.029066
5643,2.287942,1.840618,nan,0.143258,nan,5.040250
5644,1.414627,2.889376,25.313797,0.143238,20.016388,3.237602
5645,1.746390,1.456318,nan,0.143238,nan,3.942394
5646,1.200404,2.275125,26.078472,0.143218,18.314974,2.865971
5647,4.059260,1.052153,nan,0.143218,nan,8.615569
5648,4.064805,1.466012,27.886623,0.143198,18.891769,8.643720
5649,2.031672,3.176224,nan,0.143198,nan,4.567055
5650,1.842923,4.160978,29.203724,0.143178,20.279449,4.155499
5651,1.460576,1.514847,nan,0.143178,nan,3.379567
5652,2.343146,1.575435,23.961432,0.143159,18.229273,5.153253
5653,1.730637,1.935968,nan,0.143159,nan,3.914284
5654,2.564879,1.216899,26.339155,0.143139,19.124451,5.598792
5655,1.249017,2.241213,nan,0.143139,nan,2.925507
5656,1.786774,1.981011,25.267475,0.143119,19.041397,4.035084
5657,1.069763,1.095161,nan,0.143119,nan,2.539272
5658,1.696339,1.195259,29.828854,0.143099,18.322681,3.852380
5659,1.252481,2.374147,nan,0.143099,nan,2.915395
5660,1.409407,2.042812,31.133617,0.143080,18.763840,3.261102
5661,1.376883,1.166717,nan,0.143080,nan,3.218132
5662,2.500743,0.834551,27.298016,0.143060,19.836729,5.449899
5663,1.802754,3.183003,nan,0.143060,nan,4.054563
5664,1.210184,2.658382,19.087835,0.143040,19.821957,2.892792
5665,2.399983,1.754749,nan,0.143040,nan,5.266941
5666,1.105512,1.540236,34.139786,0.143020,17.642567,2.606417
5667,1.589081,1.648755,nan,0.143020,nan,3.640744
5668,3.238285,1.165117,33.625546,0.143000,19.545334,6.956367
5669,1.238739,1.209248,nan,0.143000,nan,2.910288
5670,1.550740,1.956342,25.066591,0.142981,18.062479,3.550674
5671,2.159759,2.282507,nan,0.142981,nan,4.772049
5672,1.698048,1.842384,21.347675,0.142961,20.504343,3.861071
5673,1.184461,1.480181,nan,0.142961,nan,2.799037
5674,1.202489,1.655486,34.026321,0.142941,19.252398,2.828440
5675,2.921735,1.510105,nan,0.142941,nan,6.318391
5676,2.760530,1.182114,31.859482,0.142921,16.823751,6.005792
5677,1.667233,1.637033,nan,0.142921,nan,3.763372
5678,1.259164,1.255119,24.293022,0.142901,21.230539,2.974015
5679,1.132429,2.615673,nan,0.142901,nan,2.647171
5680,1.231824,1.515827,31.072105,0.142881,21.566334,2.889671
5681,2.880391,1.470741,nan,0.142881,nan,6.267205
5682,1.829196,1.037785,25.260681,0.142861,16.497231,4.150474
5683,1.861270,2.331913,nan,0.142861,nan,4.164490
5684,1.152591,1.021654,30.718069,0.142841,21.361290,2.749134
5685,2.992404,3.508920,nan,0.142841,nan,6.498607
5686,1.135209,3.192956,25.623573,0.142821,19.100117,2.707373
5687,4.100457,1.450483,nan,0.142821,nan,8.673257
5688,3.988443,1.842369,25.291855,0.142801,20.197887,8.462950
5689,1.195363,1.714538,nan,0.142801,nan,2.837271
5690,1.651808,1.501723,28.672323,0.142782,16.920536,3.739359
5691,3.216188,1.057436,nan,0.142782,nan,6.912333
5692,3.610177,1.601762,31.961061,0.142762,17.469957,7.714494
5693,1.630028,1.764750,nan,0.142762,nan,3.728513
5694,1.109847,2.201994,28.486969,0.142742,17.758404,2.661245
5695,1.142699,2.338828,nan,0.142742,nan,2.702419
5696,0.921216,2.814539,26.629002,0.142723,18.053886,2.234658
5697,1.552326,2.163717,nan,0.142723,nan,3.548356
5698,1.565135,1.795041,34.714645,0.142703,20.576914,3.534943
5699,1.306304,0.986830,nan,0.142703,nan,3.057564
5700,0.895978,3.356638,37.823860,0.142684,18.742918,2.170586
5701,1.661536,2.937607,nan,0.142684,nan,3.739355
5702,3.977336,1.135386,33.671684,0.142664,18.180506,8.451609
5703,2.827015,1.377093,nan,0.142664,nan,6.117698
5704,1.543232,1.005792,26.763483,0.142645,19.271950,3.556116
5705,2.031901,1.235111,nan,0.142645,nan,4.495967
5706,1.488985,3.390235,32.712585,0.142625,20.834404,3.416051
5707,0.984364,2.702788,nan,0.142625,nan,2.351369
5708,2.268446,1.788045,29.349979,0.142605,19.452694,5.016104
5709,1.523561,1.592920,nan,0.142605,nan,3.479435
5710,2.120220,1.516399,32.403049,0.142586,18.333763,4.701298
5711,1.700731,1.055851,nan,0.142586,nan,3.864520
5712,2.159230,2.444900,30.240000,0.142566,18.505096,4.786994
5713,1.682077,1.365683,nan,0.142566,nan,3.786713
5714,1.450865,1.544522,26.219393,0.142546,19.806915,3.342013
5715,1.291603,1.836635,nan,0.142546,nan,2.951352
5716,2.441462,2.243235,32.435772,0.142527,17.136421,5.344283
5717,1.570116,1.571555,nan,0.142527,nan,3.618595
5718,2.208796,2.039629,27.467241,0.142508,17.588331,4.851596
5719,1.934000,1.701326,nan,0.142508,nan,4.324003
5720,2.020464,1.136808,29.440603,0.142488,19.012800,4.500312
5721,1.683529,0.853761,nan,0.142488,nan,3.826446
5722,2.262455,1.801129,40.916405,0.142469,20.322964,4.978927
5723,1.819084,1.320302,nan,0.142469,nan,4.133687
5724,1.472568,1.873835,32.950768,0.142449,18.021580,3.369127
5725,1.290102,1.566408,nan,0.142449,nan,2.963119
5726,1.500072,2.282516,34.231369,0.142430,20.003654,3.398399
5727,1.134516,2.233169,nan,0.142430,nan,2.642982
5728,2.414353,1.502717,36.139904,0.142410,19.157928,5.296926
5729,1.810867,1.318483,nan,0.142410,nan,4.087658
5730,1.730409,1.893274,35.393227,0.142391,20.975939,3.887065
5731,1.291254,1.336599,nan,0.142391,nan,2.975172
5732,2.386697,1.642540,31.031477,0.142371,17.625195,5.246167
5733,2.233965,1.662967,nan,0.142371,nan,4.910181
5734,1.211246,1.959067,32.463989,0.142352,22.165005,2.796061
5735,1.228943,1.646133,nan,0.142352,nan,2.887117
5736,1.992298,2.137187,28.320980,0.142332,18.871155,4.431950
5737,2.407305,1.561468,nan,0.142332,nan,5.262229
5738,1.724818,1.892601,29.494699,0.142312,20.609535,3.898770
5739,1.223917,1.643452,nan,0.142312,nan,2.847950
5740,2.263129,2.814719,30.303501,0.142292,18.461666,4.964427
5741,1.740478,1.843345,nan,0.142292,nan,3.948187
5742,2.419931,1.361814,27.976006,0.142273,19.697926,5.348250
5743,2.031112,1.454454,nan,0.142273,nan,4.508402
5744,1.623621,1.744830,29.037680,0.142253,19.769415,3.707105
5745,1.868279,1.428465,nan,0.142253,nan,4.144999
5746,2.293957,2.503478,30.959732,0.142233,18.254480,5.079874
5747,1.493925,2.124717,nan,0.142233,nan,3.469195
5748,2.431765,1.857803,22.571835,0.142214,20.726599,5.283430
5749,2.554368,1.566201,nan,0.142214,nan,5.551963
5750,1.492967,1.829691,32.286835,0.142194,20.711834,3.414685
5751,1.756315,2.099664,nan,0.142194,nan,3.958414
5752,3.050857,2.498473,39.920067,0.142174,20.212662,6.538342
5753,2.494469,3.286165,nan,0.142174,nan,5.435188
5754,1.506746,1.304971,28.231945,0.142154,20.232254,3.477822
5755,1.185285,1.547568,nan,0.142154,nan,2.816138
5756,2.582618,1.469113,26.743496,0.142134,20.157133,5.613461
5757,1.890893,1.414806,nan,0.142134,nan,4.214205
5758,1.930660,3.211500,23.670547,0.142114,17.726694,4.339350
5759,1.407143,3.434607,nan,0.142114,nan,3.252840
5760,1.939302,1.714095,25.913340,0.142094,20.155025,4.353427
5761,1.916470,1.282470,nan,0.142094,nan,4.255236
5762,2.303986,1.447235,34.912758,0.142075,19.769491,5.088268
5763,3.044500,1.816144,nan,0.142075,nan,6.564881
5764,1.297079,4.775229,29.833538,0.142055,20.164223,3.040727
5765,1.299855,3.213666,nan,0.142055,nan,3.067363
5766,1.987019,1.602841,25.048218,0.142035,18.218649,4.411001
5767,0.956005,1.234702,nan,0.142035,nan,2.303860
5768,2.757785,2.125161,28.678555,0.142015,20.456501,6.010515
5769,2.985997,1.261879,nan,0.142015,nan,6.448889
5770,1.778325,2.424293,28.054523,0.141996,18.288822,4.002846
5771,1.541425,2.609729,nan,0.141996,nan,3.510538
5772,2.185497,1.021624,27.855530,0.141976,16.907269,4.861351
5773,1.756248,1.117144,nan,0.141976,nan,3.949398
5774,2.514332,1.980545,34.451832,0.141957,17.988840,5.496706
5775,2.515832,1.162291,nan,0.141957,nan,5.530878
5776,1.365520,1.992636,28.149639,0.141938,16.944340,3.170024
5777,1.303103,1.705361,nan,0.141938,nan,2.983053
5778,2.501621,1.855736,31.163700,0.141919,18.967913,5.480148
5779,1.901372,2.581788,nan,0.141919,nan,4.260230
5780,1.891523,1.324582,25.316433,0.141900,20.325270,4.264475
5781,1.298286,0.969956,nan,0.141900,nan,3.060022
5782,1.623873,2.350925,29.002785,0.141880,19.103952,3.690333
5783,1.374096,2.769571,nan,0.141880,nan,3.146099
5784,2.763042,1.506174,25.300428,0.141861,19.780495,5.995904
5785,2.014264,1.481225,nan,0.141861,nan,4.445578
5786,1.785975,1.447575,34.135170,0.141842,18.012300,4.016728
5787,1.993857,1.583260,nan,0.141842,nan,4.456131
5788,2.077097,1.996328,39.692722,0.141823,21.176027,4.613185
5789,1.942111,1.435588,nan,0.141823,nan,4.340276
5790,1.375169,2.394900,35.391838,0.141803,18.296116,3.192662
5791,1.517602,1.783019,nan,0.141803,nan,3.467946
5792,2.139686,2.155060,36.900738,0.141784,20.579300,4.747871
5793,1.361693,2.312029,nan,0.141784,nan,3.160947
5794,2.048904,1.604247,33.369331,0.141765,18.285000,4.536939
5795,1.299156,1.303407,nan,0.141765,nan,3.011459
5796,2.411665,1.721218,27.656536,0.141745,19.230650,5.318572
5797,3.256433,1.414619,nan,0.141745,nan,6.983138
5798,1.880636,1.952092,21.167017,0.141726,20.460991,4.266818
5799,0.840484,1.475493,nan,0.141726,nan,2.087625
5800,1.850554,2.606259,26.364708,0.141707,19.946217,4.174823
5801,1.964060,2.129177,nan,0.141707,nan,4.422626
5802,2.390501,2.329610,26.113153,0.141687,19.560543,5.261406
5803,1.485635,1.152636,nan,0.141687,nan,3.416890
5804,1.792203,2.587168,29.456802,0.141668,19.131512,4.038858
5805,2.319429,2.042891,nan,0.141668,nan,5.120290
5806,1.469861,2.105400,33.544258,0.141649,20.312170,3.349106
5807,0.869622,2.306630,nan,0.141649,nan,2.186528
5808,2.365357,1.754958,29.979473,0.141629,20.556038,5.184155
5809,1.640478,1.236595,nan,0.141629,nan,3.745209
5810,1.870439,2.496031,36.510086,0.141609,20.841736,4.169806
5811,1.892835,1.602306,nan,0.141609,nan,4.258607
5812,2.455525,2.456152,28.940197,0.141590,18.638405,5.359439
5813,1.597212,0.961948,nan,0.141590,nan,3.654264
5814,2.228725,1.875460,28.134541,0.141570,20.899929,4.960689
5815,1.864104,2.633254,nan,0.141570,nan,4.171072
5816,2.252865,2.174042,28.775583,0.141551,19.712751,4.991735
5817,1.988860,1.933777,nan,0.141551,nan,4.445521
5818,2.006017,1.608201,25.839256,0.141531,20.686775,4.506492
5819,1.629514,2.145776,nan,0.141531,nan,3.719079
5820,2.319838,1.726192,27.616356,0.141511,22.909378,5.118183
5821,2.265261,1.122872,nan,0.141511,nan,5.007449
5822,1.852736,2.046434,26.228285,0.141492,19.642551,4.192109
5823,1.474618,2.060291,nan,0.141492,nan,3.385803
5824,2.306062,1.972011,32.411755,0.141472,18.469315,5.081404
5825,1.904418,1.319330,nan,0.141472,nan,4.282273
5826,1.694052,1.843248,26.859705,0.141452,19.845108,3.877239
5827,1.694662,2.144273,nan,0.141452,nan,3.862694
5828,2.495378,2.181230,26.322504,0.141433,19.045242,5.479840
5829,1.814820,1.119474,nan,0.141433,nan,4.103203
5830,1.484211,2.157397,32.776459,0.141413,21.151264,3.393716
5831,2.060218,1.384657,nan,0.141413,nan,4.549373
5832,2.427897,1.536312,30.806776,0.141393,22.393646,5.335596
5833,2.298776,1.317912,nan,0.141393,nan,5.050219
5834,1.879232,2.582072,30.635357,0.141373,20.394051,4.229104
5835,1.359483,1.383336,nan,0.141373,nan,3.206257
5836,2.237324,2.302411,25.588467,0.141354,18.596926,4.956967
5837,2.060412,1.204627,nan,0.141354,nan,4.605183
5838,1.471639,1.953447,27.745468,0.141334,19.943058,3.398270
5839,1.350709,1.796238,nan,0.141334,nan,3.150432
5840,2.644160,2.462800,32.667992,0.141314,18.501923,5.749230
5841,2.111186,1.571767,nan,0.141314,nan,4.689160
5842,1.891115,1.905114,34.891418,0.141295,21.077778,4.234894
5843,1.561174,1.606792,nan,0.141295,nan,3.556383
5844,1.561387,2.410655,33.285690,0.141275,19.129927,3.593926
5845,1.444042,1.952688,nan,0.141275,nan,3.362708
5846,2.194623,1.806298,33.347008,0.141256,21.209249,4.855139
5847,2.398737,2.040550,nan,0.141256,nan,5.294397
5848,1.987955,2.784517,29.214779,0.141236,22.607094,4.409320
5849,2.389075,1.595495,nan,0.141236,nan,5.266647
5850,1.789548,2.043008,21.954433,0.141216,20.684830,4.075793
5851,1.223850,1.932341,nan,0.141216,nan,2.907107
5852,2.816734,1.328160,33.859356,0.141196,20.884926,6.117518
5853,2.056562,1.565310,nan,0.141196,nan,4.608267
5854,1.864981,2.064237,29.712788,0.141176,19.104881,4.231679
5855,1.852796,1.300517,nan,0.141176,nan,4.181128
5856,1.748874,2.784345,25.930138,0.141157,19.577290,3.996407
5857,2.543216,1.292836,nan,0.141157,nan,5.567031
5858,1.419349,1.975152,24.949509,0.141137,22.070955,3.333837
5859,0.805022,1.938941,nan,0.141137,nan,2.035234
5860,2.152776,1.109930,26.351925,0.141117,21.613091,4.817930
5861,2.089129,1.470490,nan,0.141117,nan,4.661986
5862,2.448750,1.961351,34.955742,0.141097,18.218834,5.403644
5863,2.696772,1.414944,nan,0.141097,nan,5.913950
5864,1.273588,2.312119,24.757370,0.141078,20.129066,3.030593
5865,1.605562,1.452357,nan,0.141078,nan,3.682084
5866,2.109768,2.161338,27.017143,0.141058,20.204983,4.734880
5867,1.573048,2.346503,nan,0.141058,nan,3.639203
5868,1.891837,0.904161,29.885757,0.141038,19.716455,4.264035
5869,2.000900,1.769672,nan,0.141038,nan,4.482195
5870,1.547197,3.407141,34.062332,0.141019,20.955786,3.579851
5871,1.513781,2.190985,nan,0.141019,nan,3.520543
5872,1.818148,1.942365,28.958395,0.140999,20.156132,4.089883
5873,1.467994,1.460317,nan,0.140999,nan,3.396274
5874,1.732280,1.790438,36.239864,0.140979,19.134777,3.932901
5875,1.651281,1.589930,nan,0.140979,nan,3.784014
5876,2.428699,2.244179,31.248821,0.140960,19.992989,5.344687
5877,2.633391,1.509144,nan,0.140960,nan,5.715535
5878,1.681625,1.770589,24.323154,0.140940,22.043758,3.855210
5879,1.715037,2.400552,nan,0.140940,nan,3.931953
5880,1.909092,1.917383,24.619205,0.140921,20.392054,4.294629
5881,1.271105,1.786189,nan,0.140921,nan,2.965200
5882,3.301124,1.483354,32.789246,0.140901,20.737844,7.116016
5883,2.565437,2.004650,nan,0.140901,nan,5.652218
5884,2.086507,2.656836,24.111998,0.140881,19.404213,4.612396
5885,1.071363,0.965244,nan,0.140881,nan,2.606349
5886,2.711682,2.046137,30.559547,0.140862,21.000612,5.916694
5887,1.463256,1.718420,nan,0.140862,nan,3.401224
5888,2.826008,2.425773,34.663376,0.140842,19.789085,6.135346
5889,2.333098,2.277678,nan,0.140842,nan,5.124070
5890,1.295879,1.199917,28.236458,0.140823,21.825771,3.061323
5891,1.407992,1.280618,nan,0.140823,nan,3.275995
5892,1.014419,1.962428,24.321045,0.140803,20.025410,2.482623
5893,1.144692,1.799863,nan,0.140803,nan,2.755224
5894,1.219303,1.091472,29.539843,0.140783,20.574684,2.866981
5895,2.673287,1.897199,nan,0.140783,nan,5.835120
5896,1.940426,3.391878,29.684992,0.140764,19.451035,4.324529
5897,2.198422,1.852373,nan,0.140764,nan,4.883322
5898,1.204459,1.697870,23.960423,0.140744,19.295961,2.895210
5899,3.631292,2.635938,nan,0.140744,nan,7.772300
5900,1.973658,1.464062,26.028503,0.140725,21.431341,4.424314
5901,1.312828,1.966995,nan,0.140725,nan,3.080097
5902,1.031262,1.495130,23.222847,0.140705,21.146795,2.501268
5903,1.950594,2.150669,nan,0.140705,nan,4.358768
5904,1.325726,1.612253,25.981956,0.140686,20.963959,3.112678
5905,1.751224,1.525594,nan,0.140686,nan,3.949357
5906,2.634827,1.676321,31.072798,0.140666,21.140362,5.769154
5907,1.818670,1.768821,nan,0.140666,nan,4.087535
5908,2.918122,2.527250,26.000532,0.140646,20.804441,6.359141
5909,3.794443,1.942167,nan,0.140646,nan,8.102953
5910,1.176510,2.366720,26.363674,0.140627,20.620838,2.831460
5911,1.786594,2.256099,nan,0.140627,nan,4.049691
5912,2.262851,1.043954,28.131104,0.140607,21.579912,5.024196
5913,1.700834,1.636359,nan,0.140607,nan,3.842598
5914,2.775846,2.454902,31.693695,0.140587,21.022522,6.050381
5915,2.738939,2.265134,nan,0.140587,nan,5.973185
5916,1.527015,1.953857,23.420620,0.140568,19.050282,3.533704
5917,1.079371,0.682611,nan,0.140568,nan,2.625240
5918,1.878985,2.708494,22.600603,0.140548,21.037704,4.264751
5919,1.493139,2.119740,nan,0.140548,nan,3.473094
5920,2.625507,1.596701,30.382999,0.140528,20.485870,5.755075
5921,2.374238,1.470633,nan,0.140528,nan,5.246357
5922,1.305233,1.989701,26.912125,0.140509,19.527279,3.041099
5923,1.346232,1.254853,nan,0.140509,nan,3.156089
5924,2.381346,2.461530,25.003706,0.140489,22.495331,5.274498
5925,2.183064,1.626580,nan,0.140489,nan,4.852080
5926,1.479351,1.975989,27.723513,0.140470,20.917671,3.435541
5927,1.553975,1.181149,nan,0.140470,nan,3.609247
5928,2.428111,2.538152,27.930710,0.140450,19.365679,5.348185
5929,1.601722,0.989327,nan,0.140450,nan,3.701146
5930,2.271246,2.530819,26.866631,0.140431,21.696878,5.045950
5931,1.599355,2.061852,nan,0.140431,nan,3.674812
5932,1.974558,1.550881,25.890957,0.140411,18.779146,4.451249
5933,1.462670,1.436052,nan,0.140411,nan,3.394462
5934,1.961695,1.717483,24.929157,0.140392,20.002314,4.435931
5935,1.181506,2.307909,nan,0.140392,nan,2.856011
5936,2.544342,1.141197,38.453552,0.140372,19.577368,5.565083
5937,1.663804,1.716391,nan,0.140372,nan,3.811133
5938,1.959885,1.819375,32.639549,0.140353,19.814859,4.417192
5939,1.719026,1.695967,nan,0.140353,nan,3.891215
5940,1.866499,2.547973,27.115894,0.140334,21.242081,4.222119
5941,1.662312,2.666105,nan,0.140334,nan,3.831259
5942,1.785552,1.754365,29.183605,0.140315,20.818134,4.039109
5943,1.618937,1.706717,nan,0.140315,nan,3.734780
5944,3.239576,2.622269,31.502052,0.140295,20.401831,6.964164
5945,2.799475,2.252645,nan,0.140295,nan,6.110491
5946,1.122982,1.417322,21.181313,0.140276,19.795185,2.751024
5947,1.253098,1.430007,nan,0.140276,nan,2.970688
5948,1.402502,2.596346,29.857536,0.140257,20.972725,3.291278
5949,1.676705,2.371430,nan,0.140257,nan,3.826649
5950,4.107663,1.245921,30.789036,0.140237,20.519367,8.755549
5951,3.369131,1.521049,nan,0.140237,nan,7.270662
5952,1.230629,1.433306,19.975182,0.140218,21.485519,2.914769
5953,0.932720,1.132052,nan,0.140218,nan,2.345747
5954,0.964221,0.893047,22.796612,0.140199,20.245123,2.382715
5955,1.287915,1.387413,nan,0.140199,nan,3.036808
5956,2.132864,2.192495,20.836987,0.140179,20.822296,4.768418
5957,1.140437,1.172792,nan,0.140179,nan,2.746600
5958,3.310900,2.678561,30.964481,0.140160,21.457275,7.145419
5959,2.454670,3.252034,nan,0.140160,nan,5.422701
5960,1.543289,1.331966,29.950882,0.140141,21.669559,3.540560
5961,2.080475,1.774413,nan,0.140141,nan,4.656277
5962,0.926343,0.914721,23.502615,0.140121,21.287640,2.297857
5963,1.586654,1.253429,nan,0.140121,nan,3.624425
5964,1.360641,1.129554,30.137758,0.140102,18.460308,3.188210
5965,1.874114,2.170977,nan,0.140102,nan,4.215331
5966,1.141332,1.359825,29.176186,0.140082,20.155983,2.700737
5967,2.048417,1.218849,nan,0.140082,nan,4.604098
5968,1.843387,1.000508,24.441645,0.140063,21.212784,4.193209
5969,2.348475,1.652378,nan,0.140063,nan,5.194264
5970,1.244164,1.134577,27.236195,0.140044,20.441227,2.945494
5971,1.029998,0.784877,nan,0.140044,nan,2.501123
5972,1.835133,1.278533,27.666069,0.140025,20.612177,4.163233
5973,1.777792,1.286836,nan,0.140025,nan,4.036519
5974,0.955580,0.944807,21.449329,0.140005,20.550983,2.374655
5975,1.184652,1.162394,nan,0.140005,nan,2.824159
5976,2.401642,2.652209,23.039043,0.139986,19.256720,5.293493
5977,1.299723,2.300644,nan,0.139986,nan,3.062469
5978,1.922113,2.131830,26.366579,0.139967,20.559019,4.374032
5979,3.017202,2.122602,nan,0.139967,nan,6.545176
5980,1.618986,1.640919,26.730021,0.139948,19.218897,3.717402
5981,1.362538,1.365258,nan,0.139948,nan,3.199980
5982,2.762278,3.016076,31.155121,0.139929,22.552053,6.038558
5983,2.513766,2.851265,nan,0.139929,nan,5.500018
5984,1.104351,1.391140,25.276249,0.139910,20.691013,2.645343
5985,1.424002,1.335601,nan,0.139910,nan,3.341615
5986,2.447198,2.944096,31.991360,0.139890,21.527056,5.393035
5987,1.198247,2.322849,nan,0.139890,nan,2.885681
5988,2.039854,1.217758,25.650406,0.139871,21.617802,4.595768
5989,2.184360,2.017723,nan,0.139871,nan,4.882474
5990,2.546046,1.327415,25.587477,0.139852,20.399786,5.587351
5991,1.222564,1.052398,nan,0.139852,nan,2.948771
5992,1.840315,3.071846,24.541014,0.139832,21.750992,4.208737
5993,1.283325,2.753849,nan,0.139832,nan,3.014453
5994,2.365722,1.057635,26.240610,0.139813,20.366013,5.188719
5995,1.905121,1.382461,nan,0.139813,nan,4.301539
5996,2.071986,2.382976,31.637211,0.139794,20.468742,4.635988
5997,2.494434,1.253626,nan,0.139794,nan,5.500553
5998,1.417832,2.972791,25.382090,0.139775,20.679298,3.312379
5999,1.693651,2.204848,nan,0.139775,nan,3.873807
6000,1.368591,1.158691,30.922592,0.139755,21.414820,3.188257
6001,1.248483,1.726670,nan,0.139755,nan,2.932407
6002,3.164889,2.666466,26.860844,0.139736,19.164001,6.816845
6003,2.027159,2.173324,nan,0.139736,nan,4.547290
6004,1.430771,1.690806,26.594961,0.139717,21.389288,3.351662
6005,1.377860,1.063276,nan,0.139717,nan,3.221251
6006,1.818402,2.260630,23.498051,0.139698,23.010702,4.134959
6007,2.327027,1.625731,nan,0.139698,nan,5.175954
6008,1.520175,2.175414,19.238676,0.139678,21.866577,3.519946
6009,1.569535,2.654897,nan,0.139678,nan,3.607687
6010,1.874767,1.150201,18.041382,0.139659,19.183163,4.224529
6011,1.236030,1.329801,nan,0.139659,nan,2.919614
6012,1.636447,1.721982,23.276110,0.139640,21.410709,3.793259
6013,2.100581,1.384274,nan,0.139640,nan,4.679309
6014,1.156167,1.149851,22.770046,0.139621,19.805878,2.799289
6015,1.906431,1.526068,nan,0.139621,nan,4.316830
6016,1.875049,1.602098,24.524540,0.139601,20.034372,4.212667
6017,1.357835,2.018315,nan,0.139601,nan,3.199339
6018,2.092568,2.188492,25.247538,0.139582,20.570953,4.663198
6019,1.213175,1.035221,nan,0.139582,nan,2.918098
6020,1.866442,1.310424,26.738342,0.139563,21.390896,4.210461
6021,1.550920,1.643467,nan,0.139563,nan,3.626410
6022,1.444981,2.334001,21.115829,0.139544,18.886211,3.363199
6023,0.860848,1.168844,nan,0.139544,nan,2.188204
6024,1.759511,1.575436,22.581615,0.139525,19.277575,3.988765
6025,0.949769,1.389667,nan,0.139525,nan,2.381772
6026,1.482899,1.808357,18.826405,0.139507,20.348398,3.447459
6027,1.698613,1.523904,nan,0.139507,nan,3.890833
6028,1.390101,1.054302,26.737286,0.139488,22.073500,3.265804
6029,1.207911,2.124673,nan,0.139488,nan,2.871943
6030,1.559547,2.265132,21.970705,0.139469,20.797714,3.593764
6031,1.867007,1.354215,nan,0.139469,nan,4.231086
6032,1.138447,1.160923,21.107283,0.139450,19.753092,2.765240
6033,1.141663,1.736520,nan,0.139450,nan,2.744054
6034,0.977898,0.886286,20.619171,0.139431,19.830162,2.422258
6035,1.499294,1.577192,nan,0.139431,nan,3.470074
6036,1.159960,1.097565,25.813229,0.139412,21.757046,2.807914
6037,1.069670,1.281710,nan,0.139412,nan,2.636796
6038,3.117281,1.881236,30.164375,0.139393,20.607946,6.747685
6039,1.552595,1.093644,nan,0.139393,nan,3.572090
6040,3.157963,3.079441,34.146049,0.139374,19.196419,6.821826
6041,2.898147,3.153310,nan,0.139374,nan,6.311193
6042,2.224753,1.798151,26.142281,0.139355,21.833023,4.924871
6043,5.403687,5.443345,nan,0.139355,nan,11.341437
6044,5.420697,5.579704,25.341326,0.139336,23.441786,11.360926
6045,1.589775,1.667048,nan,0.139336,nan,3.628055
6046,3.142570,4.683747,29.348537,0.139317,21.492672,6.793955
6047,3.973986,6.608871,nan,0.139317,nan,8.466389
6048,2.272609,3.475114,26.157719,0.139298,20.785078,5.052333
6049,4.109380,2.083263,nan,0.139298,nan,8.738514
6050,3.479054,1.975669,24.071911,0.139279,21.742783,7.489414
6051,1.739072,3.712182,nan,0.139279,nan,3.976507
6052,2.540169,4.638794,26.317616,0.139260,21.142094,5.587392
6053,1.370667,0.987489,nan,0.139260,nan,3.198885
6054,3.356329,4.060968,30.392977,0.139241,19.143711,7.213314
6055,3.931631,5.603053,nan,0.139241,nan,8.369588
6056,1.589128,4.960831,21.162155,0.139222,21.192299,3.660490
6057,3.161791,1.102848,nan,0.139222,nan,6.819184
6058,4.425515,1.437554,22.287952,0.139203,20.365631,9.356921
6059,1.164133,2.604321,nan,0.139203,nan,2.795743
6060,2.027361,2.822465,22.767349,0.139184,20.701626,4.544544
6061,2.075392,1.573462,nan,0.139184,nan,4.632972
6062,1.796955,1.860189,18.326843,0.139165,21.404331,4.087692
6063,1.123904,2.832449,nan,0.139165,nan,2.718809
6064,1.659114,2.153699,23.129429,0.139146,21.815365,3.790287
6065,1.849766,1.613226,nan,0.139146,nan,4.180287
6066,1.705628,1.652355,20.535839,0.139127,19.563248,3.893110
6067,1.277458,1.384484,nan,0.139127,nan,3.030439
6068,1.820571,1.851860,29.796528,0.139108,20.777386,4.093543
6069,2.285948,3.391626,nan,0.139108,nan,5.057288
6070,1.635699,2.254636,32.328865,0.139089,20.085165,3.730828
6071,3.340114,3.758791,nan,0.139089,nan,7.195151
6072,3.388472,2.544564,21.480862,0.139070,21.088963,7.299696
6073,1.424728,1.919736,nan,0.139070,nan,3.332467
6074,1.007695,1.433628,27.471121,0.139052,20.470127,2.452062
6075,1.839320,1.246855,nan,0.139052,nan,4.173790
6076,1.887242,1.901490,22.091228,0.139033,20.165329,4.225090
6077,1.228819,1.072741,nan,0.139033,nan,2.917030
6078,3.752087,2.342292,32.063450,0.139014,21.955597,8.004845
6079,1.221618,0.706549,nan,0.139014,nan,2.910777
6080,1.931605,3.002010,19.724968,0.138995,19.507748,4.375191
6081,1.713395,4.087119,nan,0.138995,nan,3.926080
6082,1.982664,1.368757,28.248158,0.138977,19.222252,4.468363
6083,1.754823,1.912287,nan,0.138977,nan,3.986930
6084,1.512544,1.431872,25.836933,0.138958,20.263123,3.510556
6085,3.333217,1.366890,nan,0.138958,nan,7.195321
6086,1.084722,1.145614,25.122944,0.138940,19.789616,2.648286
6087,4.131902,3.501497,nan,0.138940,nan,8.747843
6088,4.691572,2.437453,26.840843,0.138921,21.242603,9.868624
6089,1.799350,3.655812,nan,0.138921,nan,4.086334
6090,2.869340,4.903186,28.086002,0.138902,23.129040,6.255250
6091,1.629195,4.462811,nan,0.138902,nan,3.699345
6092,2.392233,2.036963,24.175278,0.138883,22.092621,5.285434
6093,3.041488,2.735990,nan,0.138883,nan,6.576516
6094,1.955180,2.182269,27.695202,0.138865,22.640949,4.434553
6095,4.099674,2.111300,nan,0.138865,nan,8.739796
6096,3.677972,1.823219,26.838427,0.138846,21.724237,7.880062
6097,1.019635,3.339139,nan,0.138846,nan,2.482610
6098,1.113186,1.938793,25.650682,0.138827,17.898972,2.681185
6099,2.419101,2.923405,nan,0.138827,nan,5.347618
6100,1.457859,1.852396,22.369572,0.138808,20.456318,3.357587
6101,3.171024,1.967032,nan,0.138808,nan,6.852040
6102,3.188336,1.156564,23.916801,0.138789,20.893099,6.885211
6103,1.345535,3.169821,nan,0.138789,nan,3.125307
6104,1.191307,1.774492,27.488846,0.138771,21.550997,2.797133
6105,2.337219,2.501425,nan,0.138771,nan,5.157609
6106,1.609105,1.843482,29.805328,0.138752,20.370457,3.684327
6107,5.267510,2.450494,nan,0.138752,nan,11.046220
6108,3.644120,1.587027,23.180447,0.138733,22.211084,7.791713
6109,1.244359,2.225041,nan,0.138733,nan,2.954419
6110,1.326810,1.240899,17.633656,0.138714,20.846531,3.142946
6111,1.465713,0.879899,nan,0.138714,nan,3.402794
6112,1.413728,1.736229,20.555592,0.138696,18.757530,3.311068
6113,1.402875,1.328570,nan,0.138696,nan,3.292283
6114,1.441073,1.504690,29.493061,0.138677,23.198956,3.359535
6115,1.958404,2.087131,nan,0.138677,nan,4.403817
6116,1.674798,1.356022,18.635960,0.138658,20.757381,3.837038
6117,1.269277,1.702070,nan,0.138658,nan,3.014023
6118,2.572830,1.717867,16.319607,0.138639,22.126789,5.601103
6119,1.648041,2.396502,nan,0.138639,nan,3.805620
6120,2.327768,2.599245,21.702789,0.138620,22.900873,5.148492
6121,0.965990,1.170442,nan,0.138620,nan,2.351694
6122,1.766278,1.320291,23.633421,0.138602,19.672493,4.026180
6123,1.360023,2.471458,nan,0.138602,nan,3.103164
6124,1.267566,2.278126,19.296768,0.138583,23.684868,2.995046
6125,1.448408,2.036809,nan,0.138583,nan,3.365181
6126,1.669318,1.498322,15.099453,0.138564,21.616203,3.835875
6127,1.543669,2.530020,nan,0.138564,nan,3.536072
6128,1.492713,2.010530,16.094069,0.138545,20.053062,3.489575
6129,1.704774,1.909327,nan,0.138545,nan,3.840862
6130,2.165395,1.339295,21.039574,0.138526,20.909538,4.859449
6131,2.256809,2.276162,nan,0.138526,nan,5.021835
6132,1.615300,2.262505,19.969982,0.138507,22.459450,3.690012
6133,1.842338,2.325536,nan,0.138507,nan,4.188224
6134,1.339314,1.457822,21.523914,0.138488,20.706615,3.127407
6135,1.696094,1.646846,nan,0.138488,nan,3.888346
6136,1.269800,1.510597,19.249077,0.138469,22.101730,3.002040
6137,1.852091,1.507893,nan,0.138469,nan,4.192875
6138,1.077528,1.226662,27.547520,0.138450,18.784523,2.613012
6139,2.619035,2.165350,nan,0.138450,nan,5.748845
6140,1.515072,1.250917,25.088076,0.138432,19.005978,3.532519
6141,5.070693,3.293942,nan,0.138432,nan,10.665333
6142,3.261504,2.940542,19.675081,0.138413,23.637798,7.016187
6143,4.165212,3.440942,nan,0.138413,nan,8.822969
6144,5.728034,4.643653,29.090397,0.138394,22.547295,11.965899
6145,4.833848,1.906681,nan,0.138394,nan,10.189109
6146,1.252139,2.778830,24.233788,0.138375,22.391464,2.978267
6147,2.024868,3.859375,nan,0.138375,nan,4.551978
6148,1.977037,2.602835,26.349792,0.138357,18.852140,4.411891
6149,4.626939,4.531657,nan,0.138357,nan,9.749654
6150,3.388195,3.760454,26.316490,0.138338,22.838572,7.273834
6151,3.400272,2.130682,nan,0.138338,nan,7.324144
6152,5.880564,3.124984,28.613991,0.138319,20.615343,12.294201
6153,2.513884,1.460985,nan,0.138319,nan,5.535377
6154,2.343582,3.366017,35.132141,0.138300,21.147327,5.188893
6155,3.506108,4.482200,nan,0.138300,nan,7.534251
6156,2.051751,1.691821,20.387346,0.138281,21.525166,4.591585
6157,3.092816,4.125210,nan,0.138281,nan,6.697438
6158,2.865711,4.335671,21.039017,0.138263,20.876549,6.237628
6159,3.379196,1.773246,nan,0.138263,nan,7.266245
6160,4.686235,2.079360,24.335508,0.138244,21.583519,9.891888
6161,2.703319,2.204131,nan,0.138244,nan,5.902945
6162,1.870306,2.733527,28.272169,0.138225,21.218407,4.245119
6163,2.337655,1.766363,nan,0.138225,nan,5.186681
6164,1.662740,3.575896,23.942587,0.138207,20.018219,3.810375
6165,1.249831,4.513491,nan,0.138207,nan,2.973785
6166,1.458208,1.218062,19.059280,0.138188,22.468359,3.420960
6167,1.147123,1.112967,nan,0.138188,nan,2.751161
6168,1.872288,1.641925,18.887512,0.138169,20.921318,4.235404
6169,1.160087,1.396853,nan,0.138169,nan,2.778054
6170,1.386021,1.633908,19.586353,0.138151,22.558712,3.263563
6171,1.530046,1.163966,nan,0.138151,nan,3.506288
6172,1.542894,1.931996,22.287430,0.138132,22.385883,3.589194
6173,1.386847,1.829907,nan,0.138132,nan,3.278285
6174,1.059079,1.484289,17.969017,0.138113,22.520205,2.591213
6175,1.161649,2.343176,nan,0.138113,nan,2.790349
6176,1.579442,1.225273,28.393436,0.138094,21.546833,3.624330
6177,2.570826,3.067003,nan,0.138094,nan,5.644388
6178,1.715399,2.422794,32.718445,0.138075,21.345375,3.899322
6179,3.875622,0.871801,nan,0.138075,nan,8.290535
6180,1.923290,1.812743,15.273542,0.138056,20.657986,4.333601
6181,1.185101,1.151306,nan,0.138056,nan,2.865853
6182,1.496794,1.511945,17.695595,0.138038,22.805647,3.420854
6183,1.128008,1.636682,nan,0.138038,nan,2.728596
6184,1.159566,1.239302,23.259151,0.138019,20.679810,2.762361
6185,1.331610,1.490558,nan,0.138019,nan,3.125745
6186,2.002773,1.125507,25.942833,0.138000,22.073753,4.497919
6187,2.338439,3.019067,nan,0.138000,nan,5.160427
6188,2.116174,1.996812,11.942356,0.137981,21.702415,4.753447
6189,1.256009,2.283226,nan,0.137981,nan,3.001500
6190,1.337228,1.892573,18.747334,0.137962,21.828094,3.175367
6191,2.741073,1.619264,nan,0.137962,nan,5.968025
6192,1.917809,2.064131,23.714226,0.137944,21.533003,4.316875
6193,1.702021,3.027318,nan,0.137944,nan,3.898944
6194,1.368675,2.627386,30.601822,0.137925,21.211235,3.216470
6195,2.182807,1.603055,nan,0.137925,nan,4.907143
6196,1.469911,1.694113,16.318352,0.137906,22.585728,3.403266
6197,2.253964,1.725757,nan,0.137906,nan,5.024355
6198,1.795838,1.995337,19.595032,0.137887,21.909023,4.078267
6199,1.238263,1.376091,nan,0.137887,nan,2.958386
6200,2.488801,1.134722,26.408426,0.137868,22.562778,5.515998
6201,1.658175,5.326130,nan,0.137868,nan,3.837873
6202,1.465405,5.979780,35.684025,0.137849,23.193203,3.415991
6203,3.931476,1.225733,nan,0.137849,nan,8.399590
6204,4.797580,1.758869,20.055727,0.137831,20.473812,10.136843
6205,1.334256,1.657739,nan,0.137831,nan,3.145581
6206,2.357859,1.395838,18.600742,0.137812,20.102701,5.223989
6207,1.707720,1.756727,nan,0.137812,nan,3.921678
6208,1.796531,1.207235,19.831554,0.137793,23.049328,4.106712
6209,1.626609,1.647872,nan,0.137793,nan,3.723647
6210,2.163138,1.296053,28.993361,0.137774,20.750576,4.849161
6211,2.209513,3.380380,nan,0.137774,nan,4.927485
6212,1.125894,3.160819,25.413231,0.137756,19.585577,2.730895
6213,1.603209,1.151778,nan,0.137756,nan,3.704993
6214,1.327723,0.926659,19.299271,0.137737,22.776073,3.130732
6215,1.415052,3.896091,nan,0.137737,nan,3.333822
6216,1.664440,1.731300,27.048466,0.137718,21.515945,3.838871
6217,4.877841,3.376363,nan,0.137718,nan,10.303543
6218,3.749186,3.604544,21.772835,0.137700,22.084612,8.034885
6219,3.297008,3.683764,nan,0.137700,nan,7.092398
6220,4.694129,4.658863,23.677057,0.137681,24.252735,9.905718
6221,3.528302,1.800484,nan,0.137681,nan,7.558167
6222,1.743137,4.816878,19.569744,0.137662,22.271679,3.970089
6223,1.550778,6.602098,nan,0.137662,nan,3.624548
6224,1.688502,5.799066,17.699718,0.137643,20.765568,3.849015
6225,2.980015,1.984585,nan,0.137643,nan,6.478437
6226,2.150231,1.764607,26.698885,0.137624,24.410061,4.803152
6227,2.290936,2.115015,nan,0.137624,nan,5.104125
6228,1.918458,1.430213,32.702015,0.137606,21.544651,4.326806
6229,1.648352,5.216913,nan,0.137606,nan,3.804135
6230,1.680102,3.462420,23.405691,0.137587,21.086412,3.862610
6231,2.147666,1.480403,nan,0.137587,nan,4.830692
6232,1.938862,2.354688,26.838545,0.137568,19.981665,4.367336
6233,3.066658,4.182119,nan,0.137568,nan,6.660677
6234,2.177227,1.926951,21.396244,0.137550,19.563457,4.861528
6235,1.875641,2.598118,nan,0.137550,nan,4.277469
6236,1.731494,2.578012,30.519482,0.137531,21.901825,3.977405
6237,2.162529,3.182390,nan,0.137531,nan,4.838280
6238,0.984970,1.370028,25.517591,0.137513,20.923283,2.473163
6239,2.764124,3.753717,nan,0.137513,nan,6.054482
6240,2.819704,2.415617,24.429636,0.137494,22.429611,6.146776
6241,0.893965,2.058508,nan,0.137494,nan,2.311538
6242,0.891024,0.807100,0.322816,0.137476,20.380842,2.286501
6243,1.527297,2.227501,nan,0.137476,nan,3.601774
6244,0.348948,1.574923,-1.644429,0.137457,21.499355,1.028724
6245,1.447495,0.988639,nan,0.137457,nan,3.437131
6246,1.706625,0.298739,-5.200745,0.137439,21.688402,3.959997
6247,0.703787,1.872206,nan,0.137439,nan,1.848097
6248,0.579261,0.743922,0.783353,0.137421,21.438232,1.556162
6249,0.684471,2.468728,nan,0.137421,nan,1.789232
6250,0.327484,1.785753,-1.058722,0.137402,21.757442,0.980157
6251,0.800057,0.629250,nan,0.137402,nan,2.091520
6252,0.630590,0.285585,0.723066,0.137384,20.142189,1.721390
6253,0.369330,1.936655,nan,0.137384,nan,1.093998
6254,0.507209,0.581242,-3.292194,0.137365,21.999758,1.435486
6255,0.384534,2.164686,nan,0.137365,nan,1.164483
6256,0.358743,1.819221,-4.036598,0.137347,21.771633,1.075574
6257,0.852418,0.282620,nan,0.137347,nan,2.203663
6258,0.526249,0.430440,-1.641765,0.137329,20.141155,1.479220
6259,0.614503,0.352973,nan,0.137329,nan,1.709555
6260,1.037016,0.616421,-1.892025,0.137311,22.161455,2.605397
6261,0.380769,0.233545,nan,0.137311,nan,1.195506
6262,0.389185,0.410887,-5.043761,0.137292,23.501112,1.177249
6263,0.570954,0.301688,nan,0.137292,nan,1.578474
6264,0.368814,0.574082,-3.065616,0.137274,20.713512,1.137650
6265,0.406778,0.418134,nan,0.137274,nan,1.209567
6266,0.792283,0.933723,-2.283234,0.137255,21.474522,2.087539
6267,0.352864,0.397614,nan,0.137255,nan,1.117496
6268,0.500393,2.083263,1.520361,0.137237,22.104107,1.447667
6269,0.705598,2.314564,nan,0.137237,nan,1.902808
6270,0.581480,0.357540,-2.252039,0.137219,23.201267,1.646023
6271,1.492530,2.503219,nan,0.137219,nan,3.535524
6272,1.404662,2.442981,-3.009639,0.137200,23.024292,3.359507
6273,0.180177,0.173969,nan,0.137200,nan,0.763059
6274,0.301764,1.011768,-2.148251,0.137181,22.768671,1.078357
6275,0.510752,0.381110,nan,0.137181,nan,1.505710
6276,0.476676,0.843748,-4.199922,0.137163,22.187120,1.434134
6277,0.297071,0.239293,nan,0.137163,nan,1.055108
6278,0.222982,0.491910,-3.562196,0.137144,20.159740,0.877613
6279,0.459098,0.481814,nan,0.137144,nan,1.400778
6280,0.420307,0.602297,-4.393943,0.137126,22.436573,1.320066
6281,0.252626,0.445742,nan,0.137126,nan,0.933808
6282,0.389859,0.310326,-4.951572,0.137107,20.601601,1.237410
6283,0.298862,0.836103,nan,0.137107,nan,1.034652
6284,0.460607,0.460676,-1.549171,0.137089,22.569584,1.397215
6285,0.782525,2.491485,nan,0.137089,nan,2.068271
6286,0.338209,2.007356,-3.855082,0.137071,19.375938,1.103487
6287,0.852423,0.668374,nan,0.137071,nan,2.208562
6288,1.190811,0.819001,-2.957146,0.137052,21.969166,2.918943
6289,0.525261,0.267122,nan,0.137052,nan,1.539326
6290,0.290397,0.523746,-5.960630,0.137034,22.548754,0.971809
6291,0.340785,0.269854,nan,0.137034,nan,1.118349
6292,0.219934,0.423480,-5.245559,0.137016,20.656868,0.843129
6293,0.267281,0.284410,nan,0.137016,nan,0.927368
6294,0.236937,0.797553,-3.537775,0.136998,20.106337,0.876528
6295,0.897865,0.395507,nan,0.136998,nan,2.299784
6296,0.722856,0.212282,-5.411387,0.136979,22.350338,1.960106
6297,0.238502,0.241959,nan,0.136979,nan,0.896205
6298,0.590604,0.442310,-5.178679,0.136961,20.633133,1.646425
6299,0.369646,0.474587,nan,0.136961,nan,1.176148
6300,0.357818,0.336713,-4.227533,0.136943,19.909882,1.155346
6301,0.282477,0.419069,nan,0.136943,nan,0.990978
6302,0.672880,0.245737,-4.535641,0.136925,23.126965,1.863319
6303,0.307195,0.170626,nan,0.136925,nan,1.052472
6304,0.431952,1.156420,-4.014709,0.136907,22.715996,1.329695
6305,0.767865,0.339360,nan,0.136907,nan,2.039138
6306,0.491516,0.814015,-6.093738,0.136889,19.812840,1.442785
6307,0.269189,0.720841,nan,0.136889,nan,0.946624
6308,0.415300,0.528829,-5.500635,0.136871,23.013330,1.272390
6309,0.263892,0.304859,nan,0.136871,nan,0.916547
6310,0.487134,1.023214,-5.211321,0.136852,24.243923,1.468233
6311,0.294432,1.397075,nan,0.136852,nan,1.038120
6312,0.231292,0.280615,-3.031848,0.136834,21.429380,0.875841
6313,1.023756,2.165815,nan,0.136834,nan,2.582713
6314,0.901311,2.432169,-3.107127,0.136816,23.718174,2.308842
6315,0.263179,0.600630,nan,0.136816,nan,0.927819
6316,1.149561,0.847484,-3.253062,0.136797,22.982876,2.833092
6317,1.624094,2.124404,nan,0.136797,nan,3.792728
6318,1.158603,1.494754,-5.865567,0.136779,19.416897,2.862321
6319,0.514385,0.284824,nan,0.136779,nan,1.512233
6320,0.773906,1.121465,-4.534308,0.136761,21.777985,2.068492
6321,0.659574,0.271588,nan,0.136761,nan,1.826537
6322,0.338013,0.566488,-6.093248,0.136742,24.286560,1.103030
6323,0.203666,0.788119,nan,0.136742,nan,0.822964
6324,0.202120,0.212884,-6.561502,0.136724,22.516186,0.808736
6325,0.401348,0.338055,nan,0.136724,nan,1.266007
6326,0.336059,0.325492,-7.328893,0.136705,21.789209,1.107553
6327,0.298001,0.433112,nan,0.136705,nan,1.008063
6328,0.449446,0.203306,-6.912846,0.136687,22.765234,1.383548
6329,0.311683,0.358977,nan,0.136687,nan,1.050850
6330,0.296026,0.292529,-6.544016,0.136669,20.353025,1.045851
6331,0.353048,0.498047,nan,0.136669,nan,1.133780
6332,0.297324,0.294527,-6.111781,0.136650,19.655243,1.024821
6333,0.312082,1.284729,nan,0.136650,nan,1.064960
6334,0.416255,1.036022,-6.966331,0.136632,21.676491,1.263358
6335,0.596953,0.677635,nan,0.136632,nan,1.685110
6336,0.286974,0.292655,-7.380429,0.136614,21.645439,0.988661
6337,0.239035,1.140039,nan,0.136614,nan,0.879328
6338,0.329885,0.883537,-6.160837,0.136596,20.388889,1.075052
6339,0.275536,0.749940,nan,0.136596,nan,0.967782
6340,0.212425,0.435813,-6.534377,0.136578,22.075762,0.829774
6341,0.424651,0.744302,nan,0.136578,nan,1.300485
6342,0.430740,0.393212,-6.099047,0.136560,21.819939,1.305588
6343,0.310413,0.796849,nan,0.136560,nan,1.050729
6344,0.342791,0.656725,-7.430408,0.136542,21.077173,1.113122
6345,0.220341,0.754356,nan,0.136542,nan,0.866991
6346,0.215834,0.471972,-6.752748,0.136524,22.508526,0.812562
6347,0.423152,0.497103,nan,0.136524,nan,1.297816
6348,0.398363,0.405378,-7.232073,0.136506,22.608276,1.236482
6349,0.331815,0.895204,nan,0.136506,nan,1.091366
6350,0.271333,0.528499,-6.965797,0.136488,22.452538,0.978697
6351,0.225009,0.547561,nan,0.136488,nan,0.841964
6352,0.299241,0.326287,-7.339814,0.136469,21.867245,0.983552
6353,0.617948,0.859856,nan,0.136469,nan,1.710076
6354,0.311382,0.826111,-8.234361,0.136451,22.928680,1.007024
6355,0.658192,0.179219,nan,0.136451,nan,1.821730
6356,0.339914,0.267721,-7.555982,0.136433,20.601555,1.111042
6357,0.265745,0.706390,nan,0.136433,nan,0.930294
6358,0.341767,0.262300,-5.822133,0.136415,19.897928,1.134814
6359,0.297506,1.143290,nan,0.136415,nan,1.006312
6360,0.195015,0.656868,-7.880191,0.136397,22.634022,0.777345
6361,0.314372,0.368158,nan,0.136397,nan,1.042638
6362,0.355746,0.355198,-6.210015,0.136379,21.034115,1.134984
6363,0.258427,0.900735,nan,0.136379,nan,0.910541
6364,0.277017,0.496253,-6.978625,0.136361,23.142162,0.929831
6365,0.882631,0.835606,nan,0.136361,nan,2.291533
6366,0.336314,0.846201,-8.764465,0.136343,21.987591,1.146674
6367,0.439677,0.445332,nan,0.136343,nan,1.333177
6368,0.614952,0.794731,-7.795773,0.136325,22.310303,1.735644
6369,0.368101,0.273651,nan,0.136325,nan,1.182143
6370,0.184658,0.395050,-8.230615,0.136307,24.400936,0.770871
6371,0.280166,0.704248,nan,0.136307,nan,0.982165
6372,0.349175,0.793526,-7.716925,0.136289,21.226768,1.132325
6373,0.342998,0.327728,nan,0.136289,nan,1.125285
6374,0.259141,0.714466,-9.379087,0.136270,22.711311,0.892236
6375,0.673696,0.242816,nan,0.136270,nan,1.834005
6376,0.789646,1.304155,-5.302849,0.136252,22.216116,2.072727
6377,0.662801,1.287818,nan,0.136252,nan,1.800199
6378,0.331487,0.280241,-8.066170,0.136234,21.971436,1.096017
6379,0.397723,0.663459,nan,0.136234,nan,1.224057
6380,0.431206,0.199587,-6.200631,0.136216,22.000889,1.317159
6381,0.290073,1.654092,nan,0.136216,nan,0.969727
6382,0.308356,0.994333,-8.151944,0.136198,20.873848,1.027251
6383,0.373918,0.324729,nan,0.136198,nan,1.170117
6384,0.305545,0.295820,-9.938604,0.136180,22.261484,1.024659
6385,0.426768,0.382655,nan,0.136180,nan,1.296872
6386,0.827602,0.228468,-8.931541,0.136162,20.762337,2.141668
6387,0.744540,0.368388,nan,0.136162,nan,1.972266
6388,0.325791,0.230743,-8.176203,0.136144,22.294952,1.056823
6389,0.561100,0.275200,nan,0.136144,nan,1.562727
6390,0.432318,0.385301,-7.765224,0.136126,20.641310,1.317493
6391,0.517377,0.700889,nan,0.136126,nan,1.490622
6392,0.369036,0.279053,-9.776765,0.136108,23.433876,1.183216
6393,0.512298,0.537396,nan,0.136108,nan,1.450862
6394,0.405342,0.368155,-10.095367,0.136090,23.325455,1.246961
6395,0.361016,0.827597,nan,0.136090,nan,1.159100
6396,0.285567,0.684528,-8.798556,0.136072,20.370007,0.984550
6397,0.236638,0.259559,nan,0.136072,nan,0.852038
6398,0.338797,0.310808,-8.782172,0.136054,21.856001,1.076549
6399,0.296134,0.432333,nan,0.136054,nan,0.962792
6400,0.311596,0.325729,-9.406000,0.136036,24.300396,1.040002
6401,0.208677,0.917562,nan,0.136036,nan,0.796513
6402,0.240193,0.429946,-7.665390,0.136018,21.876684,0.864693
6403,0.459658,1.173249,nan,0.136018,nan,1.365472
6404,0.386992,1.011277,-9.757365,0.136000,21.655746,1.183238
6405,0.261618,0.321234,nan,0.136000,nan,0.892278
6406,0.251821,0.209214,-7.227409,0.135982,20.895699,0.889768
6407,0.267546,1.049940,nan,0.135982,nan,0.911424
6408,0.462605,0.724453,-8.099645,0.135964,22.752380,1.343431
6409,0.792152,0.753652,nan,0.135964,nan,2.059973
6410,0.675252,0.624927,-8.661961,0.135946,21.386568,1.817874
6411,0.447442,1.460671,nan,0.135946,nan,1.297000
6412,0.279357,1.580389,-7.346944,0.135928,21.849480,0.939956
6413,0.250128,0.439822,nan,0.135928,nan,0.885615
6414,0.279416,1.226108,-9.675696,0.135910,22.402750,0.943856
6415,0.338711,1.967281,nan,0.135910,nan,1.084119
6416,0.329158,1.322245,-9.835489,0.135892,20.977795,1.066386
6417,0.513821,0.444543,nan,0.135892,nan,1.467284
6418,0.395781,0.308229,-10.267405,0.135874,24.498447,1.203425
6419,0.309787,0.601431,nan,0.135874,nan,0.989302
6420,0.330830,0.258770,-8.490015,0.135856,22.689617,1.104848
6421,0.400302,0.811515,nan,0.135856,nan,1.216743
6422,0.284521,0.508351,-10.436355,0.135838,22.935484,0.962530
6423,0.342308,0.757186,nan,0.135838,nan,1.056715
6424,0.267923,0.482813,-8.553557,0.135820,20.804703,0.891352
6425,0.286498,0.757284,nan,0.135820,nan,0.957927
6426,0.284414,0.540865,-9.884817,0.135802,26.149281,0.922490
6427,0.472222,1.010285,nan,0.135802,nan,1.392596
6428,0.336925,0.562208,-9.651491,0.135783,21.519974,1.091649
6429,0.362088,0.400290,nan,0.135783,nan,1.106234
6430,0.302188,0.299727,-9.573781,0.135765,22.084782,0.984015
6431,0.467891,0.433597,nan,0.135765,nan,1.324130
6432,0.251210,0.285017,-10.761920,0.135747,20.981949,0.869874
6433,0.254882,0.954465,nan,0.135747,nan,0.878346
6434,0.287418,1.144079,-11.407218,0.135729,24.075169,0.971323
6435,0.382768,0.539964,nan,0.135729,nan,1.173128
6436,0.380923,0.459637,-8.535088,0.135711,21.166605,1.158206
6437,0.458774,0.355695,nan,0.135711,nan,1.307137
6438,0.591560,0.516739,-10.388146,0.135693,21.115362,1.610696
6439,0.308562,0.859652,nan,0.135693,nan,1.008379
6440,0.291907,0.502531,-9.868546,0.135675,23.800503,0.943993
6441,0.426984,0.422243,nan,0.135675,nan,1.255202
6442,0.368580,0.358192,-11.129168,0.135657,24.006891,1.111435
6443,0.300670,0.560578,nan,0.135657,nan,0.998649
6444,0.547841,0.405673,-9.878193,0.135639,22.593678,1.503054
6445,0.427502,0.247562,nan,0.135639,nan,1.260044
6446,0.297801,0.333526,-10.331583,0.135621,23.901279,0.931008
6447,0.307096,0.522749,nan,0.135621,nan,0.988953
6448,0.446540,0.395746,-10.232618,0.135602,23.468737,1.270910
6449,0.411448,0.555198,nan,0.135602,nan,1.210144
6450,0.329594,0.319838,-10.285515,0.135584,21.373463,1.009982
6451,0.370211,0.367090,nan,0.135584,nan,1.102498
6452,0.278943,0.915722,-11.088026,0.135566,22.946117,0.941857
6453,0.338407,0.540801,nan,0.135566,nan,1.051949
6454,0.491060,0.406442,-9.884476,0.135548,24.734837,1.384611
6455,0.358187,0.398054,nan,0.135548,nan,1.090888
6456,0.273094,0.347280,-10.709968,0.135529,24.496025,0.924685
6457,0.287695,0.335660,nan,0.135529,nan,0.967312
6458,0.249763,0.462176,-9.750002,0.135511,22.626965,0.863165
6459,0.405266,0.417352,nan,0.135511,nan,1.215754
6460,0.469763,0.647520,-10.861625,0.135493,22.190241,1.324836
6461,0.408318,0.760314,nan,0.135493,nan,1.202892
6462,0.257965,0.286568,-10.589258,0.135474,21.240574,0.864995
6463,0.392530,0.380054,nan,0.135474,nan,1.177170
6464,0.371037,0.457289,-10.438898,0.135456,22.009933,1.138606
6465,0.404154,0.337294,nan,0.135456,nan,1.183022
6466,0.318962,0.305515,-11.420359,0.135438,22.760155,1.015426
6467,0.390260,0.311595,nan,0.135438,nan,1.170047
6468,0.296493,0.329540,-10.702925,0.135420,20.739811,0.942237
6469,0.288654,0.286516,nan,0.135420,nan,0.915300
6470,0.276709,0.265321,-11.581602,0.135402,24.628878,0.923604
6471,0.472098,0.583731,nan,0.135402,nan,1.334892
6472,0.300141,0.489892,-10.833353,0.135384,24.581259,0.934032
6473,0.403348,0.388286,nan,0.135384,nan,1.162632
6474,0.328413,0.343367,-11.692442,0.135366,23.606022,1.015683
6475,0.489002,0.555823,nan,0.135366,nan,1.344820
6476,0.462917,0.462266,-11.823761,0.135347,24.119629,1.284725
6477,0.253408,0.292804,nan,0.135347,nan,0.852473
6478,0.333381,0.283846,-9.535898,0.135329,20.678574,1.023497
6479,0.351579,0.972852,nan,0.135329,nan,1.090324
6480,0.684028,0.693379,-10.043911,0.135311,23.461800,1.792006
6481,0.826014,1.030491,nan,0.135311,nan,2.102016
6482,0.837263,0.689580,-10.860398,0.135293,21.346214,2.126217
6483,0.413106,0.911649,nan,0.135293,nan,1.231762
6484,0.350817,0.951905,-10.814793,0.135275,23.334843,1.100728
6485,0.314849,0.302288,nan,0.135275,nan,1.012824
6486,0.315979,1.253965,-11.513714,0.135257,21.843445,1.005567
6487,0.462893,2.191831,nan,0.135257,nan,1.315868
6488,0.385878,1.300447,-11.855825,0.135239,21.695473,1.136716
6489,0.556584,0.641505,nan,0.135239,nan,1.508929
6490,0.500870,0.588937,-12.258640,0.135221,23.455986,1.417632
6491,0.312261,0.386766,nan,0.135221,nan,0.992690
6492,0.390252,0.446310,-12.367210,0.135202,24.052042,1.181177
6493,0.354945,0.341278,nan,0.135202,nan,1.082411
6494,0.272726,0.443222,-12.003255,0.135184,23.204441,0.907331
6495,0.357242,0.512747,nan,0.135184,nan,1.078275
6496,0.362164,0.403235,-12.139704,0.135166,23.091185,1.129113
6497,0.387752,0.636802,nan,0.135166,nan,1.135016
6498,0.457408,0.615689,-10.837763,0.135148,22.601725,1.269373
6499,0.445108,1.309036,nan,0.135148,nan,1.237538
6500,0.314800,0.722949,-12.197084,0.135130,22.198006,0.974577
6501,0.273595,0.256107,nan,0.135130,nan,0.922653
6502,0.279951,0.300832,-12.888296,0.135112,23.172523,0.902171
6503,0.350511,0.303194,nan,0.135112,nan,1.050418
6504,0.321508,0.395730,-12.202595,0.135094,21.044920,1.014843
6505,0.449396,0.379915,nan,0.135094,nan,1.287709
6506,0.389135,0.378560,-12.359861,0.135076,22.345816,1.155022
6507,0.433795,0.414398,nan,0.135076,nan,1.268012
6508,0.315220,0.861634,-13.326951,0.135058,24.830404,1.010537
6509,0.353143,0.691117,nan,0.135058,nan,1.095855
6510,0.642817,0.502923,-11.103352,0.135040,20.036253,1.708597
6511,0.516990,0.336651,nan,0.135040,nan,1.453894
6512,0.285724,0.378197,-12.015253,0.135023,22.828571,0.965017
6513,0.399809,0.267760,nan,0.135023,nan,1.218228
6514,0.327462,0.645643,-11.532655,0.135005,22.801250,1.041192
6515,0.347062,0.439843,nan,0.135005,nan,1.064446
6516,0.399736,0.748611,-12.579430,0.134987,19.802570,1.205733
6517,0.484215,0.969914,nan,0.134987,nan,1.363729
6518,0.407725,0.320308,-12.296460,0.134969,22.178991,1.194339
6519,0.360066,0.366847,nan,0.134969,nan,1.099510
6520,0.505412,1.047827,-12.384920,0.134952,23.389967,1.424850
6521,0.421471,0.922618,nan,0.134952,nan,1.252611
6522,0.355968,0.347898,-9.233370,0.134934,22.010433,1.081126
6523,0.433367,2.246852,nan,0.134934,nan,1.232127
6524,0.417821,2.649864,-8.846613,0.134916,24.342941,1.207437
6525,0.329190,1.251184,nan,0.134916,nan,1.019827
6526,0.518288,0.490231,-11.577017,0.134898,22.181292,1.447443
6527,0.597897,1.143691,nan,0.134898,nan,1.642566
6528,0.466569,0.565421,-11.090378,0.134881,20.473644,1.337638
6529,0.531082,0.787619,nan,0.134881,nan,1.450304
6530,0.366697,0.854048,-12.789644,0.134863,20.642973,1.108474
6531,0.573183,1.019269,nan,0.134863,nan,1.548794
6532,0.560262,1.271950,-12.897284,0.134846,22.979343,1.551174
6533,0.428440,0.620251,nan,0.134846,nan,1.243350
6534,0.390666,0.919650,-9.441586,0.134828,20.370041,1.145123
6535,0.390984,1.244014,nan,0.134828,nan,1.191081
6536,0.421751,0.855935,-12.869480,0.134811,23.027061,1.238174
6537,0.405363,0.814265,nan,0.134811,nan,1.224670
6538,0.396673,0.829905,-13.395844,0.134793,24.126890,1.196972
6539,0.421703,0.447995,nan,0.134793,nan,1.238207
6540,0.587419,0.552058,-13.503690,0.134776,22.685158,1.555077
6541,0.546047,0.744250,nan,0.134776,nan,1.485573
6542,0.436653,0.626227,-13.424521,0.134758,23.549782,1.275457
6543,0.339245,0.473864,nan,0.134758,nan,1.046839
6544,0.345706,0.522424,-13.631184,0.134741,21.286987,1.054479
6545,0.468337,0.510218,nan,0.134741,nan,1.311728
6546,0.491118,0.375770,-13.476945,0.134723,23.512737,1.377449
6547,0.488564,0.497379,nan,0.134723,nan,1.380156
6548,0.502449,0.538438,-11.219993,0.134705,20.988945,1.399704
6549,0.330493,0.852546,nan,0.134705,nan,1.040531
6550,0.475248,0.571153,-12.411459,0.134688,23.222614,1.360464
6551,0.750808,0.933438,nan,0.134688,nan,1.951115
6552,0.455152,0.897233,-13.256849,0.134670,24.105179,1.313155
6553,0.584798,0.582854,nan,0.134670,nan,1.571355
6554,0.394412,0.371785,-13.559191,0.134653,21.350752,1.209150
6555,0.423779,0.824530,nan,0.134653,nan,1.260466
6556,0.237206,0.336964,-12.873678,0.134635,25.125807,0.831350
6557,0.797032,0.782073,nan,0.134635,nan,2.053849
6558,0.750820,0.643001,-14.470505,0.134617,24.284794,1.934859
6559,0.506427,1.056162,nan,0.134617,nan,1.415283
6560,0.551247,1.227436,-13.392525,0.134599,23.436241,1.566661
6561,0.432979,0.545085,nan,0.134599,nan,1.258734
6562,0.534623,1.001564,-10.768478,0.134581,23.037853,1.445148
6563,0.419151,1.210007,nan,0.134581,nan,1.255070
6564,0.386550,0.576472,-13.197454,0.134563,23.682182,1.165628
6565,0.479607,1.013099,nan,0.134563,nan,1.386323
6566,0.682498,0.771363,-13.884069,0.134545,24.959381,1.829389
6567,0.406381,0.444555,nan,0.134545,nan,1.185565
6568,0.348037,0.485232,-13.999332,0.134527,22.256248,1.054310
6569,0.382948,0.469897,nan,0.134527,nan,1.144413
6570,0.381925,0.796130,-14.068876,0.134510,22.983051,1.160463
6571,0.396962,0.357560,nan,0.134510,nan,1.183848
6572,0.294549,0.445958,-14.637130,0.134492,24.514593,0.940348
6573,0.298121,0.382447,nan,0.134492,nan,0.970663
6574,0.312720,0.486136,-13.603918,0.134474,22.851128,1.001473
6575,0.339416,0.473449,nan,0.134474,nan,1.086180
6576,0.382263,0.295010,-12.678682,0.134456,20.435905,1.172939
6577,0.539983,0.412307,nan,0.134456,nan,1.470996
6578,0.399852,0.411569,-13.896536,0.134438,24.011791,1.204326
6579,0.544006,0.527574,nan,0.134438,nan,1.525984
6580,0.447179,0.445895,-13.459852,0.134420,22.405525,1.336834
6581,0.571295,0.414521,nan,0.134420,nan,1.596727
6582,0.368089,0.388940,-12.582038,0.134402,21.867922,1.146140
6583,0.518412,0.537547,nan,0.134402,nan,1.426003
6584,0.425864,0.495929,-13.656624,0.134385,24.455158,1.235883
6585,1.083805,0.992299,nan,0.134385,nan,2.643840
6586,0.421928,1.095864,-15.013346,0.134367,22.964630,1.255031
6587,0.713075,0.607245,nan,0.134367,nan,1.826436
6588,0.669748,0.533741,-13.619864,0.134349,22.007553,1.742519
6589,0.804760,0.435077,nan,0.134349,nan,2.080420
6590,0.892495,0.394216,-13.401623,0.134332,21.426891,2.256102
6591,0.742508,0.413040,nan,0.134332,nan,1.941776
6592,0.387040,0.358513,-13.606396,0.134314,23.914640,1.139651
6593,0.520423,0.421597,nan,0.134314,nan,1.438474
6594,0.381467,0.388499,-14.686987,0.134296,24.529583,1.173612
6595,0.522114,0.485521,nan,0.134296,nan,1.458377
6596,0.584168,0.525655,-13.617651,0.134278,21.207169,1.583536
6597,0.437480,0.396652,nan,0.134278,nan,1.288200
6598,0.258453,0.287897,-15.752662,0.134261,23.709961,0.889158
6599,0.690645,1.024139,nan,0.134261,nan,1.808976
6600,0.661078,0.468527,-14.034320,0.134243,23.554659,1.743040
6601,0.459745,0.595778,nan,0.134243,nan,1.326485
6602,0.460057,0.408306,-13.522875,0.134225,22.848972,1.313049
6603,1.057262,0.724219,nan,0.134225,nan,2.596581
6604,0.934234,0.572181,-14.037926,0.134208,24.152405,2.343246
6605,0.422491,0.872508,nan,0.134208,nan,1.234675
6606,0.417359,1.067786,-13.291624,0.134190,21.647682,1.173958
6607,0.608797,0.494789,nan,0.134190,nan,1.618079
6608,0.463187,0.915922,-13.474009,0.134172,24.099031,1.352081
6609,0.490331,1.355375,nan,0.134172,nan,1.421459
6610,0.557495,0.648373,-13.311049,0.134155,21.197712,1.543846
6611,0.626378,1.225831,nan,0.134155,nan,1.602960
6612,0.569917,1.031552,-14.249453,0.134137,23.175346,1.516148
6613,0.485233,0.482056,nan,0.134137,nan,1.375520
6614,0.554066,0.484265,-15.477036,0.134119,25.245514,1.550563
6615,0.469454,0.488200,nan,0.134119,nan,1.326275
6616,0.415350,0.439123,-15.488586,0.134102,21.281048,1.205748
6617,0.511972,0.578012,nan,0.134102,nan,1.418336
6618,0.368752,0.331598,-15.309910,0.134084,23.203825,1.092928
6619,0.343157,0.282611,nan,0.134084,nan,1.057871
6620,0.476466,0.448350,-13.676880,0.134066,22.580988,1.384418
6621,0.646263,1.076848,nan,0.134066,nan,1.735289
6622,0.603454,0.876664,-13.871572,0.134049,24.321014,1.645419
6623,0.707404,0.448965,nan,0.134049,nan,1.836283
6624,0.572586,0.738745,-15.289930,0.134031,22.852489,1.589898
6625,0.479952,0.645927,nan,0.134031,nan,1.348019
6626,0.459561,0.667643,-16.135937,0.134014,21.818432,1.302799
6627,0.749268,0.791185,nan,0.134014,nan,1.919702
6628,0.708028,0.438040,-12.398830,0.133996,21.229656,1.825108
6629,0.638314,1.813944,nan,0.133996,nan,1.671378
6630,0.494291,1.244956,-14.158084,0.133979,25.091354,1.390133
6631,0.872202,1.072194,nan,0.133979,nan,2.185794
6632,0.967608,0.963455,-14.309030,0.133961,23.279934,2.385643
6633,0.440620,1.701189,nan,0.133961,nan,1.270604
6634,0.352734,2.169349,-13.058634,0.133944,21.155937,1.069041
6635,0.485743,0.523404,nan,0.133944,nan,1.358618
6636,0.485424,1.975970,-14.956856,0.133926,23.234013,1.375230
6637,0.334084,2.944710,nan,0.133926,nan,1.054155
6638,0.503507,2.113600,-16.689846,0.133909,24.025040,1.403374
6639,0.922491,0.989084,nan,0.133909,nan,2.282565
6640,0.883364,2.032780,-12.103237,0.133891,21.841160,2.194092
6641,0.842206,1.054137,nan,0.133891,nan,2.112934
6642,0.611263,0.576703,-16.063084,0.133874,23.972176,1.621486
6643,0.449813,0.659932,nan,0.133874,nan,1.288223
6644,0.381379,0.466241,-15.668648,0.133856,26.118031,1.142046
6645,0.390114,0.405628,nan,0.133856,nan,1.166175
6646,0.589322,0.468871,-15.424524,0.133838,25.865551,1.593485
6647,0.503662,0.469318,nan,0.133838,nan,1.429283
6648,0.313229,0.678492,-14.831376,0.133820,22.754700,0.993747
6649,0.351741,0.374979,nan,0.133820,nan,1.077350
6650,0.328923,1.303542,-16.420721,0.133802,23.529850,1.028560
6651,0.429895,1.658146,nan,0.133802,nan,1.217910
6652,0.631108,0.703737,-14.258280,0.133785,23.958891,1.646684
6653,0.950627,1.233945,nan,0.133785,nan,2.324974
6654,0.775916,1.304214,-14.448176,0.133767,23.114956,1.967855
6655,0.449189,0.424969,nan,0.133767,nan,1.270102
6656,0.553837,0.369523,-15.320760,0.133749,23.177124,1.533584
6657,0.448436,0.612670,nan,0.133749,nan,1.289930
6658,0.518084,0.681664,-15.839956,0.133731,22.944637,1.463038
6659,0.361689,0.425495,nan,0.133731,nan,1.087310
6660,0.349969,0.317579,-17.076376,0.133714,24.010323,1.037747
6661,0.461838,0.330182,nan,0.133714,nan,1.289926
6662,0.605761,0.400710,-15.638184,0.133696,25.139917,1.595140
6663,0.550359,0.538037,nan,0.133696,nan,1.501163
6664,0.825460,0.588504,-14.443986,0.133678,24.188332,2.091042
6665,0.698231,0.399621,nan,0.133678,nan,1.838697
6666,0.489466,0.488252,-15.793573,0.133660,21.481594,1.399167
6667,0.409268,0.450552,nan,0.133660,nan,1.206639
6668,0.411416,0.361062,-14.858196,0.133643,25.279655,1.203100
6669,0.516089,0.725599,nan,0.133643,nan,1.407139
6670,0.529396,0.638887,-16.408478,0.133625,24.720205,1.462083
6671,0.553045,1.067713,nan,0.133625,nan,1.523447
6672,0.410697,1.000920,-16.374985,0.133607,23.477146,1.210156
6673,0.515574,0.477083,nan,0.133607,nan,1.418695
6674,0.348475,0.358091,-15.636740,0.133589,22.694763,1.084352
6675,0.550666,0.418385,nan,0.133589,nan,1.535424
6676,0.447125,0.424754,-16.082479,0.133571,22.216061,1.306486
6677,0.445440,0.439702,nan,0.133571,nan,1.274659
6678,0.530318,0.473105,-15.181074,0.133554,21.457619,1.449336
6679,0.463080,0.392403,nan,0.133554,nan,1.301894
6680,0.353152,0.319831,-16.648100,0.133536,21.511223,1.075907
6681,0.229565,0.619584,nan,0.133536,nan,0.783098
6682,0.515944,0.552408,-15.367197,0.133519,23.403931,1.406534
6683,0.498241,0.594745,nan,0.133519,nan,1.367569
6684,0.530615,0.653811,-16.123024,0.133502,23.243254,1.450719
6685,0.733298,0.742654,nan,0.133502,nan,1.902169
6686,0.514947,0.919107,-16.361572,0.133484,23.952600,1.430300
6687,0.447555,0.441235,nan,0.133484,nan,1.263887
6688,0.400054,0.377087,-16.297646,0.133467,22.561346,1.186628
6689,0.341400,0.905295,nan,0.133467,nan,1.070557
6690,0.408682,0.504209,-15.447672,0.133449,23.071392,1.203137
6691,0.384404,0.686846,nan,0.133449,nan,1.119335
6692,0.448845,0.678136,-16.159973,0.133432,22.994839,1.259591
6693,0.456595,0.520569,nan,0.133432,nan,1.289941
6694,0.385783,0.452835,-16.633617,0.133415,25.091404,1.137653
6695,0.751925,0.637939,nan,0.133415,nan,1.896732
6696,0.322253,0.378980,-16.687283,0.133397,21.523746,0.987974
6697,0.430772,0.487029,nan,0.133397,nan,1.256194
6698,0.543463,0.553177,-16.511810,0.133380,23.885273,1.499015
6699,0.660536,0.613673,nan,0.133380,nan,1.765167
6700,0.501500,0.490456,-15.587039,0.133362,25.419758,1.421063
6701,0.685414,0.643329,nan,0.133362,nan,1.767782
6702,0.478350,0.563286,-16.377346,0.133345,23.194340,1.353647
6703,0.599504,0.709983,nan,0.133345,nan,1.637355
6704,0.414639,0.759312,-16.774384,0.133327,22.760902,1.240135
6705,0.602250,0.523068,nan,0.133327,nan,1.559662
6706,0.593997,0.606680,-16.280006,0.133310,24.728199,1.598107
6707,0.536835,0.496384,nan,0.133310,nan,1.490284
6708,0.470607,0.419029,-16.812380,0.133292,21.500278,1.322297
6709,0.353866,0.591599,nan,0.133292,nan,1.085817
6710,0.537272,0.516439,-15.455438,0.133275,23.935081,1.456082
6711,0.597150,0.735409,nan,0.133275,nan,1.587639
6712,0.425869,0.725876,-15.736361,0.133257,23.671890,1.226606
6713,0.876507,0.409634,nan,0.133257,nan,2.209884
6714,0.733770,0.376320,-16.817564,0.133240,23.725368,1.921045
6715,0.375871,0.402738,nan,0.133240,nan,1.105885
6716,0.493097,0.513745,-17.747917,0.133222,24.450459,1.339422
6717,0.490129,0.538404,nan,0.133222,nan,1.386872
6718,0.513384,0.499248,-17.441013,0.133205,24.294830,1.392146
6719,0.439711,0.436458,nan,0.133205,nan,1.279608
6720,0.450579,0.729326,-16.566231,0.133187,25.162180,1.301817
6721,0.515505,0.484535,nan,0.133187,nan,1.447665
6722,0.412511,0.433270,-16.852453,0.133170,23.843157,1.236941
6723,0.502022,0.518266,nan,0.133170,nan,1.429726
6724,0.541494,0.639393,-16.738428,0.133152,24.386532,1.471758
6725,0.364032,0.335586,nan,0.133152,nan,1.104752
6726,0.597851,0.572448,-16.972458,0.133134,24.136948,1.632047
6727,0.442797,0.449375,nan,0.133134,nan,1.303058
6728,0.395156,0.425682,-17.177355,0.133117,23.474316,1.153926
6729,0.544893,0.543057,nan,0.133117,nan,1.479172
6730,0.519141,0.467641,-15.725444,0.133099,23.342094,1.425138
6731,0.437883,0.657798,nan,0.133099,nan,1.283932
6732,0.463007,0.391020,-16.059484,0.133082,22.804371,1.360290
6733,0.792631,0.779376,nan,0.133082,nan,2.040123
6734,0.520028,0.700527,-16.777832,0.133064,23.179657,1.476660
6735,0.380376,0.609091,nan,0.133064,nan,1.098760
6736,0.520311,0.423916,-17.911816,0.133047,24.753746,1.392265
6737,0.383004,0.644380,nan,0.133047,nan,1.152286
6738,0.527220,0.566420,-16.352695,0.133029,23.196651,1.418923
6739,0.567257,0.682704,nan,0.133029,nan,1.516050
6740,0.435948,0.825997,-17.317686,0.133012,23.881248,1.251716
6741,0.465129,0.684025,nan,0.133012,nan,1.353135
6742,0.477699,0.483102,-16.248800,0.132994,24.104746,1.383731
6743,0.555193,0.561162,nan,0.132994,nan,1.533561
6744,0.380252,0.662448,-17.126461,0.132977,22.895973,1.178827
6745,0.693619,0.680443,nan,0.132977,nan,1.840651
6746,0.521319,0.517089,-16.554726,0.132959,23.352694,1.468854
6747,0.662621,0.663709,nan,0.132959,nan,1.732829
6748,0.431097,0.389019,-17.670074,0.132942,24.115339,1.258863
6749,0.642194,0.855551,nan,0.132942,nan,1.719218
6750,0.430672,0.555581,-16.760637,0.132924,23.917719,1.258348
6751,0.409213,0.444021,nan,0.132924,nan,1.219213
6752,0.523183,0.521395,-16.703072,0.132907,23.421854,1.455855
6753,0.564579,0.804647,nan,0.132907,nan,1.576202
6754,0.569641,0.699517,-17.361237,0.132889,24.335371,1.584675
6755,0.550759,0.552932,nan,0.132889,nan,1.490228
6756,0.516117,0.470210,-16.908119,0.132872,23.262854,1.428913
6757,0.471178,0.424899,nan,0.132872,nan,1.389068
6758,0.656653,0.548048,-18.213791,0.132854,23.199858,1.748887
6759,0.511972,0.689008,nan,0.132854,nan,1.388647
6760,0.556103,0.458758,-17.692368,0.132837,23.661703,1.487094
6761,0.998812,0.578349,nan,0.132837,nan,2.462808
6762,0.725012,0.472895,-16.831247,0.132820,26.003567,1.908427
6763,0.549652,0.623286,nan,0.132820,nan,1.503663
6764,0.499211,0.370756,-16.853199,0.132802,25.703869,1.419000
6765,1.008422,0.888412,nan,0.132802,nan,2.486938
6766,0.636972,0.441698,-17.253944,0.132784,24.538542,1.725335
6767,0.873356,0.555584,nan,0.132784,nan,2.188286
6768,0.719319,0.650998,-17.856762,0.132767,24.166264,1.818781
6769,0.628057,0.467781,nan,0.132767,nan,1.702293
6770,0.390094,0.328721,-17.402298,0.132749,24.172831,1.182205
6771,0.960561,0.373066,nan,0.132749,nan,2.378620
6772,1.088740,0.622963,-18.601383,0.132731,24.710838,2.605860
6773,0.364563,0.692298,nan,0.132731,nan,1.132132
6774,0.514744,0.475961,-16.488350,0.132714,24.224304,1.447781
6775,0.470440,0.832070,nan,0.132714,nan,1.305584
6776,0.529870,0.832087,-17.363970,0.132696,24.566589,1.473530
6777,0.865684,0.466385,nan,0.132696,nan,2.193457
6778,0.453746,0.449170,-17.447216,0.132678,24.482952,1.312369
6779,0.557929,0.682236,nan,0.132678,nan,1.501146
6780,0.655761,0.416230,-18.498232,0.132661,25.242701,1.694400
6781,0.450395,0.932250,nan,0.132661,nan,1.296711
6782,0.548798,0.668587,-17.997398,0.132643,25.885040,1.514034
6783,0.480304,0.439900,nan,0.132643,nan,1.367776
6784,0.443748,0.449443,-17.255341,0.132625,25.106449,1.293583
6785,0.533121,0.804567,nan,0.132625,nan,1.522177
6786,0.470754,0.496834,-17.126972,0.132607,23.969372,1.375652
6787,0.291667,0.783274,nan,0.132607,nan,0.959629
6788,0.522184,0.618432,-18.165466,0.132590,22.716972,1.427509
6789,0.514723,0.777390,nan,0.132590,nan,1.443226
6790,0.569321,0.688751,-17.789371,0.132572,25.402130,1.537679
6791,0.467737,0.549697,nan,0.132572,nan,1.317559
6792,0.756947,0.717161,-15.906661,0.132554,24.557034,1.958031
6793,1.559485,0.728967,nan,0.132554,nan,3.589916
6794,1.398618,0.586889,-16.956385,0.132536,24.747936,3.270232
6795,0.559103,0.730258,nan,0.132536,nan,1.554779
6796,0.441300,0.850929,-18.077450,0.132519,25.020416,1.258382
6797,0.677843,0.648622,nan,0.132519,nan,1.764658
6798,0.525712,0.383224,-19.050068,0.132501,23.835125,1.467655
6799,0.441504,0.422972,nan,0.132501,nan,1.255343
6800,0.364380,0.307585,-18.557564,0.132483,22.304562,1.085505
6801,0.364394,0.324290,nan,0.132483,nan,1.116694
6802,0.503871,0.578816,-17.885098,0.132466,25.837276,1.430506
6803,0.605111,0.410194,nan,0.132466,nan,1.666410
6804,0.396690,0.418484,-18.481972,0.132448,24.836887,1.247812
6805,0.587359,0.615010,nan,0.132448,nan,1.585355
6806,0.593488,0.503681,-19.369835,0.132430,24.462294,1.568859
6807,0.463375,0.461300,nan,0.132430,nan,1.298965
6808,0.696683,0.552036,-18.250921,0.132413,26.774323,1.800139
6809,0.502224,0.473842,nan,0.132413,nan,1.427600
6810,0.790246,0.691460,-16.758583,0.132395,25.545807,2.046703
6811,0.899790,0.553405,nan,0.132395,nan,2.256341
6812,0.419353,0.677620,-17.050083,0.132377,24.307386,1.238885
6813,0.496851,0.816051,nan,0.132377,nan,1.390004
6814,0.461462,0.526726,-19.751129,0.132359,24.925766,1.282552
6815,0.611761,0.543425,nan,0.132359,nan,1.621445
6816,0.864190,0.529936,-17.776052,0.132341,25.474888,2.146291
6817,0.516372,0.484960,nan,0.132341,nan,1.432959
6818,0.545390,0.774936,-16.821205,0.132324,24.396212,1.534241
6819,0.705364,0.519779,nan,0.132324,nan,1.857864
6820,0.629313,0.434879,-17.254169,0.132306,23.089489,1.693653
6821,0.589746,0.526318,nan,0.132306,nan,1.599663
6822,0.471162,0.423839,-17.484144,0.132288,22.262842,1.377689
6823,0.602580,0.448149,nan,0.132288,nan,1.656589
6824,0.329159,0.300465,-18.877834,0.132271,22.371935,1.036747
6825,0.400218,0.876682,nan,0.132271,nan,1.211121
6826,0.665240,0.859822,-17.546705,0.132254,23.896734,1.761583
6827,0.443189,0.478216,nan,0.132254,nan,1.300219
6828,0.524020,0.400301,-17.960344,0.132236,25.648945,1.484570
6829,0.626408,1.010497,nan,0.132236,nan,1.700896
6830,0.554038,0.674901,-18.098694,0.132219,25.559841,1.553621
6831,0.533951,0.554236,nan,0.132219,nan,1.477120
6832,0.414567,0.431813,-18.434338,0.132201,23.639597,1.225522
6833,0.442361,0.952417,nan,0.132201,nan,1.308892
6834,0.462222,0.572793,-17.734409,0.132184,24.094860,1.355101
6835,0.385281,0.584731,nan,0.132184,nan,1.156850
6836,0.575172,0.612327,-18.481552,0.132166,24.694546,1.585259
6837,0.448905,0.670965,nan,0.132166,nan,1.322952
6838,0.473871,0.513721,-17.628864,0.132149,23.652096,1.386387
6839,0.629748,0.452407,nan,0.132149,nan,1.680112
6840,0.491816,0.526453,-17.920286,0.132131,25.108316,1.421899
6841,0.554131,0.518413,nan,0.132131,nan,1.562448
6842,0.651818,0.418286,-17.678490,0.132114,23.481083,1.774897
6843,0.708501,0.591779,nan,0.132114,nan,1.877596
6844,0.519872,0.469023,-18.175583,0.132097,22.959902,1.442287
6845,0.431649,0.942573,nan,0.132097,nan,1.266993
6846,0.425719,1.063100,-18.947767,0.132079,25.157341,1.240192
6847,0.525343,0.577882,nan,0.132079,nan,1.464462
6848,0.525699,0.661633,-17.713612,0.132062,23.577152,1.473585
6849,0.538338,0.518980,nan,0.132062,nan,1.508792
6850,0.565260,0.356646,-17.583714,0.132045,23.424915,1.601626
6851,0.407385,0.398005,nan,0.132045,nan,1.285757
6852,0.548379,0.499811,-17.712482,0.132027,25.170321,1.543663
6853,0.401922,0.444004,nan,0.132027,nan,1.245220
6854,0.489107,0.455496,-18.307272,0.132010,24.857056,1.436916
6855,0.440476,0.416279,nan,0.132010,nan,1.326739
6856,0.655213,0.593035,-16.733181,0.131993,25.725492,1.755215
6857,0.458064,0.795087,nan,0.131993,nan,1.363644
6858,0.622308,0.537295,-17.968079,0.131975,23.401686,1.710273
6859,0.458198,1.619826,nan,0.131975,nan,1.367770
6860,0.479173,1.571918,-19.302223,0.131958,21.855085,1.412336
6861,0.816776,0.505214,nan,0.131958,nan,2.100399
6862,0.663788,0.789769,-17.676701,0.131941,24.389133,1.776283
6863,0.445557,0.436186,nan,0.131941,nan,1.317854
6864,0.824619,0.660469,-15.696135,0.131924,24.235409,2.111981
6865,0.884415,0.378274,nan,0.131924,nan,2.247449
6866,0.761070,0.860645,-15.919138,0.131907,22.534317,1.971425
6867,0.792913,0.980742,nan,0.131907,nan,2.092601
6868,0.489178,0.514831,-18.924377,0.131889,25.136143,1.414292
6869,0.547500,0.532366,nan,0.131889,nan,1.530112
6870,0.357758,0.535629,-18.364241,0.131872,23.012751,1.138632
6871,0.483542,0.429946,nan,0.131872,nan,1.432008
6872,0.469895,0.501690,-17.606632,0.131855,24.110199,1.385338
6873,0.466005,0.527239,nan,0.131855,nan,1.359251
6874,0.473411,0.419080,-17.839136,0.131838,22.622883,1.402216
6875,0.774868,0.386054,nan,0.131838,nan,2.044437
6876,0.567179,0.507268,-16.811932,0.131821,24.128803,1.609172
6877,0.352213,0.738212,nan,0.131821,nan,1.146473
6878,0.446558,0.450323,-18.525066,0.131804,24.858059,1.344475
6879,0.622421,1.118095,nan,0.131804,nan,1.724431
6880,0.273242,0.523975,-18.776182,0.131787,24.186081,0.978086
6881,0.677196,0.403224,nan,0.131787,nan,1.821887
6882,0.548822,0.579074,-18.147726,0.131770,23.617188,1.556574
6883,0.372460,0.356524,nan,0.131770,nan,1.187515
6884,0.538576,0.647288,-18.290348,0.131753,25.531866,1.579663
6885,0.658243,0.579733,nan,0.131753,nan,1.800531
6886,0.606656,0.598032,-17.846951,0.131736,23.257656,1.674358
6887,0.731117,0.637975,nan,0.131736,nan,1.915876
6888,0.417735,0.390149,-17.817661,0.131719,23.600887,1.270674
6889,0.592694,1.152232,nan,0.131719,nan,1.645897
6890,0.739442,0.857696,-17.535355,0.131702,24.276754,1.947943
6891,0.572402,0.569577,nan,0.131702,nan,1.629467
6892,0.558941,0.695083,-18.428879,0.131685,25.637234,1.567920
6893,0.453253,0.500013,nan,0.131685,nan,1.338909
6894,0.335305,0.309093,-17.876221,0.131668,24.286737,1.068030
6895,0.542511,0.458723,nan,0.131668,nan,1.526556
6896,0.517745,0.480778,-18.280855,0.131650,25.877497,1.496217
6897,0.477128,0.974939,nan,0.131650,nan,1.423597
6898,0.546206,0.947218,-17.985710,0.131633,24.231867,1.578961
6899,0.625565,0.692514,nan,0.131633,nan,1.736607
6900,0.547935,0.862559,-17.791609,0.131616,24.293303,1.569463
6901,0.531882,0.526384,nan,0.131616,nan,1.527769
6902,0.515124,1.235622,-18.357639,0.131599,26.264971,1.494732
6903,0.518919,1.537510,nan,0.131599,nan,1.499139
6904,0.694990,1.220026,-18.634264,0.131582,24.678596,1.852263
6905,0.649408,0.406444,nan,0.131582,nan,1.772265
6906,0.397912,0.742937,-18.076880,0.131564,25.317122,1.264965
6907,0.425272,0.306157,nan,0.131564,nan,1.316202
6908,0.418401,0.387435,-18.914383,0.131547,25.312614,1.283456
6909,0.612860,0.552489,nan,0.131547,nan,1.692305
6910,0.454271,0.428993,-18.375446,0.131529,25.690258,1.389074
6911,0.493701,0.489742,nan,0.131529,nan,1.436743
6912,0.402678,0.387983,-18.609623,0.131512,26.439922,1.219547
6913,0.372146,0.355295,nan,0.131512,nan,1.196640
6914,0.567804,0.786556,-19.126984,0.131494,25.277451,1.611904
6915,0.543427,0.460520,nan,0.131494,nan,1.525205
6916,0.492888,0.614657,-18.260744,0.131477,23.908777,1.456565
6917,0.426080,0.406565,nan,0.131477,nan,1.309298
6918,0.484643,0.431819,-19.654356,0.131459,27.279514,1.445292
6919,0.678299,0.556494,nan,0.131459,nan,1.820946
6920,0.440565,0.638489,-17.888687,0.131442,22.686985,1.308940
6921,0.389357,0.402048,nan,0.131442,nan,1.249324
6922,0.450280,1.085632,-18.765980,0.131425,26.933205,1.351110
6923,0.539362,1.165444,nan,0.131425,nan,1.525322
6924,0.456089,0.591649,-16.791752,0.131407,26.029030,1.325453
6925,0.590885,1.396814,nan,0.131407,nan,1.615891
6926,0.878482,1.280275,-16.878002,0.131389,26.193272,2.267467
6927,0.464280,0.470929,nan,0.131389,nan,1.364794
6928,0.452317,1.015825,-16.738876,0.131372,23.865078,1.365614
6929,0.949637,1.299123,nan,0.131372,nan,2.390492
6930,0.550518,0.907707,-18.141987,0.131354,25.314297,1.582601
6931,0.462559,0.687585,nan,0.131354,nan,1.321159
6932,0.789998,0.592728,-17.326117,0.131337,25.271521,2.075045
6933,0.460298,0.674130,nan,0.131337,nan,1.382326
6934,0.484374,0.656310,-18.713497,0.131319,24.573330,1.438952
6935,0.354104,0.734778,nan,0.131319,nan,1.160384
6936,0.432075,0.396848,-17.094616,0.131302,26.839937,1.296417
6937,0.368576,1.058365,nan,0.131302,nan,1.183664
6938,0.460144,1.042368,-17.822971,0.131284,27.145748,1.400323
6939,0.851466,0.546346,nan,0.131284,nan,2.209406
6940,0.630374,0.747562,-18.100693,0.131267,23.132568,1.740423
6941,0.324437,0.584262,nan,0.131267,nan,1.074050
6942,0.587021,0.480857,-18.001469,0.131249,26.686457,1.628418
6943,0.616901,0.548458,nan,0.131249,nan,1.691407
6944,0.600899,0.613935,-18.733326,0.131232,24.444088,1.646511
6945,0.576756,0.585196,nan,0.131232,nan,1.611806
6946,0.457575,0.750864,-16.881466,0.131214,23.127207,1.383311
6947,0.726262,0.789315,nan,0.131214,nan,1.954430
6948,0.754663,0.494989,-17.612083,0.131197,25.581421,1.989116
6949,0.575278,0.457861,nan,0.131197,nan,1.626792
6950,0.495262,0.471600,-18.599598,0.131179,27.578045,1.450371
6951,0.440072,0.461432,nan,0.131179,nan,1.343782
6952,0.555029,0.712427,-18.785282,0.131162,23.650642,1.564834
6953,0.344459,0.436768,nan,0.131162,nan,1.121183
6954,0.643470,0.517960,-17.630924,0.131144,24.287512,1.746078
6955,0.556068,0.475365,nan,0.131144,nan,1.566237
6956,0.513907,0.551364,-18.353252,0.131127,24.419296,1.478954
6957,0.531168,0.423498,nan,0.131127,nan,1.534038
6958,0.449629,0.444476,-18.312958,0.131110,24.629990,1.346667
6959,0.547681,0.682551,nan,0.131110,nan,1.549937
6960,0.411882,0.368718,-19.325794,0.131093,24.293352,1.223306
6961,0.621601,0.866691,nan,0.131093,nan,1.711406
6962,0.423296,0.386793,-17.472664,0.131075,25.596294,1.311521
6963,0.605238,0.868566,nan,0.131075,nan,1.681758
6964,0.568876,0.763414,-18.407259,0.131058,24.609180,1.592761
6965,0.485032,0.622172,nan,0.131058,nan,1.443961
6966,0.531541,0.534564,-17.956165,0.131041,24.639051,1.527710
6967,0.564568,0.455965,nan,0.131041,nan,1.555171
6968,0.377415,0.574862,-18.932226,0.131024,25.464260,1.138763
6969,0.577251,0.612015,nan,0.131024,nan,1.622771
6970,0.328565,0.367435,-18.008568,0.131006,24.616838,1.086376
6971,0.580669,0.484866,nan,0.131006,nan,1.618375
6972,0.690672,0.661898,-17.619164,0.130989,25.667755,1.843679
6973,0.823316,0.432579,nan,0.130989,nan,2.132445
6974,0.684103,0.452371,-18.529289,0.130972,24.693375,1.848772
6975,0.610409,0.875853,nan,0.130972,nan,1.668794
6976,0.655112,0.686853,-19.250477,0.130955,24.676210,1.756699
6977,0.477784,0.545255,nan,0.130955,nan,1.382659
6978,0.447627,0.590442,-18.860294,0.130937,27.170033,1.337106
6979,0.642522,0.566329,nan,0.130937,nan,1.772622
6980,0.528831,0.599840,-19.364101,0.130920,23.513405,1.518354
6981,0.430573,0.657569,nan,0.130920,nan,1.300236
6982,0.649845,0.715791,-18.991255,0.130903,23.957605,1.708497
6983,0.657846,0.547463,nan,0.130903,nan,1.756747
6984,0.545901,0.513407,-18.704676,0.130886,24.459852,1.538974
6985,0.550511,0.603264,nan,0.130886,nan,1.556599
6986,0.556917,0.453586,-17.941898,0.130869,23.976891,1.565657
6987,0.461059,0.518546,nan,0.130869,nan,1.382075
6988,0.591759,0.471769,-18.861435,0.130852,24.208164,1.665080
6989,0.451134,0.574009,nan,0.130852,nan,1.351902
6990,0.517909,0.559709,-18.211369,0.130835,23.492222,1.469600
6991,0.418468,0.447669,nan,0.130835,nan,1.280421
6992,0.527823,0.649941,-18.825317,0.130818,22.980244,1.515493
6993,0.440799,0.805911,nan,0.130818,nan,1.295931
6994,0.578613,0.464245,-18.684464,0.130801,26.528744,1.582888
6995,0.344212,0.350742,nan,0.130801,nan,1.084475
6996,0.613862,0.610178,-18.077038,0.130784,26.740852,1.690914
6997,0.745715,0.574401,nan,0.130784,nan,1.968368
6998,0.405536,0.622618,-17.647522,0.130767,23.824020,1.270143
6999,0.570195,0.662125,nan,0.130767,nan,1.573256
7000,0.537607,0.516402,-20.047188,0.130750,24.133909,1.541722
7001,0.471701,0.471809,nan,0.130750,nan,1.346183
7002,0.733616,0.493961,-18.947388,0.130733,26.667580,1.905931
7003,0.534090,0.385457,nan,0.130733,nan,1.498512
7004,0.677531,0.761672,-17.818943,0.130716,25.251392,1.833800
7005,0.710725,0.646627,nan,0.130716,nan,1.894075
7006,0.619487,0.690568,-17.395056,0.130699,23.450867,1.726143
7007,0.414648,0.483245,nan,0.130699,nan,1.285069
7008,0.595552,0.488153,-19.822941,0.130682,26.622332,1.687469
7009,0.545469,0.571663,nan,0.130682,nan,1.502124
7010,1.018091,0.527894,-18.637882,0.130665,27.498880,2.485505
7011,0.812349,0.535755,nan,0.130665,nan,2.056903
7012,0.444577,0.437086,-18.700039,0.130648,26.041321,1.305596
7013,0.657974,0.529817,nan,0.130648,nan,1.772477
7014,0.568910,0.723722,-18.509487,0.130631,26.417135,1.608722
7015,0.562944,0.508829,nan,0.130631,nan,1.596012
7016,0.620217,0.707010,-19.728073,0.130613,24.933477,1.707664
7017,0.466585,0.696936,nan,0.130613,nan,1.347744
7018,0.868021,0.520181,-18.283800,0.130596,27.013453,2.194271
7019,0.741714,0.552659,nan,0.130596,nan,1.909235
7020,0.415365,0.431797,-18.169590,0.130579,24.518187,1.248950
7021,0.896424,1.152727,nan,0.130579,nan,2.278513
7022,0.775241,0.862744,-18.258766,0.130561,23.816978,2.029540
7023,0.564959,0.617963,nan,0.130561,nan,1.599569
7024,0.476047,0.777251,-19.554897,0.130544,27.596024,1.367693
7025,0.563060,0.488836,nan,0.130544,nan,1.547631
7026,0.479356,0.471487,-19.306923,0.130527,26.412926,1.420201
7027,0.555039,0.527998,nan,0.130527,nan,1.583299
7028,0.526419,0.492885,-19.520329,0.130509,25.359123,1.498237
7029,0.501311,0.508471,nan,0.130509,nan,1.448874
7030,0.529090,0.558703,-19.142645,0.130492,25.749222,1.511563
7031,0.513662,0.536974,nan,0.130492,nan,1.453351
7032,0.578840,0.515125,-19.017204,0.130475,25.083384,1.590591
7033,0.634193,0.555069,nan,0.130475,nan,1.733379
7034,0.695881,0.736851,-20.007332,0.130458,24.954489,1.828695
7035,0.544049,0.514946,nan,0.130458,nan,1.484810
7036,0.600369,0.560362,-18.728897,0.130441,23.391542,1.616881
7037,0.656704,0.545197,nan,0.130441,nan,1.796836
7038,0.771468,0.716047,-19.479816,0.130424,24.727024,2.016321
7039,0.367748,0.360983,nan,0.130424,nan,1.148287
7040,0.627850,0.888365,-21.634743,0.130406,27.594383,1.698206
7041,1.018977,0.922441,nan,0.130406,nan,2.509602
7042,1.180397,0.472636,-18.082594,0.130389,24.043098,2.836491
7043,0.763827,0.921302,nan,0.130389,nan,1.966188
7044,0.606231,0.484775,-18.728558,0.130372,24.285904,1.683000
7045,0.556783,0.642564,nan,0.130372,nan,1.583287
7046,0.619443,0.583042,-20.112720,0.130355,25.366590,1.708422
7047,0.667403,0.720826,nan,0.130355,nan,1.820832
7048,0.557230,0.493525,-18.268543,0.130338,24.001232,1.569245
7049,0.381878,0.626881,nan,0.130338,nan,1.187111
7050,0.492651,0.534689,-19.109520,0.130321,27.912319,1.456235
7051,0.825775,0.829586,nan,0.130321,nan,2.145065
7052,0.627299,0.757580,-19.654041,0.130304,23.919661,1.739726
7053,0.632918,0.636684,nan,0.130304,nan,1.726581
7054,0.651529,0.859012,-19.188503,0.130287,25.301571,1.739442
7055,0.620181,0.554820,nan,0.130287,nan,1.682906
7056,0.558544,1.138601,-17.942921,0.130270,25.740692,1.599566
7057,1.047453,0.787167,nan,0.130270,nan,2.591795
7058,0.653491,0.871724,-18.947437,0.130253,25.462652,1.776385
7059,0.619957,0.876895,nan,0.130253,nan,1.716884
7060,0.480638,0.672268,-19.366989,0.130236,27.730789,1.396313
7061,0.740487,0.511922,nan,0.130236,nan,1.963392
7062,0.435412,0.678206,-20.414534,0.130219,25.382492,1.321483
7063,0.698045,0.622068,nan,0.130219,nan,1.809489
7064,0.731965,0.679215,-20.238457,0.130202,24.626152,1.887116
7065,0.495440,0.555731,nan,0.130202,nan,1.410614
7066,0.585585,0.578708,-20.107101,0.130185,24.020832,1.606928
7067,0.699158,0.616067,nan,0.130185,nan,1.814597
7068,0.627528,0.611705,-19.244091,0.130168,24.731937,1.707952
7069,0.485253,0.573967,nan,0.130168,nan,1.426996
7070,0.673616,0.620366,-19.255676,0.130151,24.989574,1.833454
7071,0.435462,0.585067,nan,0.130151,nan,1.302180
7072,0.574191,0.518143,-19.583891,0.130134,23.032076,1.599624
7073,0.605452,0.724030,nan,0.130134,nan,1.691943
7074,0.517009,0.560764,-17.949688,0.130117,23.954788,1.488006
7075,0.545048,1.152928,nan,0.130117,nan,1.547824
7076,0.566533,1.295474,-19.136723,0.130100,24.188105,1.586836
7077,0.977499,0.676350,nan,0.130100,nan,2.438963
7078,0.584917,0.619606,-19.786684,0.130084,26.361313,1.640144
7079,0.429037,0.460562,nan,0.130084,nan,1.306298
7080,0.709575,0.740353,-17.946159,0.130067,26.922817,1.857710
7081,0.679816,1.093080,nan,0.130067,nan,1.784101
7082,0.459081,0.605133,-19.989159,0.130050,24.757271,1.324315
7083,0.552378,0.774920,nan,0.130050,nan,1.574935
7084,0.436848,0.972648,-20.387373,0.130033,25.868605,1.321551
7085,0.526341,0.453091,nan,0.130033,nan,1.475229
7086,0.678122,0.697931,-19.087030,0.130016,23.529879,1.813163
7087,0.649091,0.631123,nan,0.130016,nan,1.752855
7088,0.603330,0.500535,-20.294552,0.129999,25.813412,1.674034
7089,0.715152,0.702191,nan,0.129999,nan,1.882514
7090,0.619694,0.633951,-20.089390,0.129983,27.266171,1.642219
7091,0.572127,0.550195,nan,0.129983,nan,1.543115
7092,0.587877,0.844808,-18.215618,0.129966,22.774412,1.633684
7093,0.663998,0.698994,nan,0.129966,nan,1.795640
7094,0.695936,0.457239,-19.260559,0.129949,25.097950,1.872378
7095,0.500038,0.697370,nan,0.129949,nan,1.419379
7096,0.676324,0.601732,-20.597385,0.129932,25.793989,1.794084
7097,0.535712,0.553545,nan,0.129932,nan,1.508950
7098,0.481688,0.463587,-19.985153,0.129915,24.454552,1.392312
7099,0.756822,0.550671,nan,0.129915,nan,1.934505
7100,0.581143,0.559457,-20.306381,0.129899,24.683496,1.594624
7101,0.561151,1.205533,nan,0.129899,nan,1.557464
7102,0.621702,1.037898,-21.193443,0.129882,27.085926,1.669934
7103,0.844750,0.626419,nan,0.129882,nan,2.111666
7104,0.805490,0.822938,-19.387070,0.129865,24.748802,2.037621
7105,0.687113,0.623078,nan,0.129865,nan,1.795575
7106,0.756918,0.586760,-18.156988,0.129848,24.059277,1.973212
7107,0.966249,0.672434,nan,0.129848,nan,2.396533
7108,0.935041,0.496266,-19.166187,0.129832,23.716366,2.345536
7109,0.511769,0.780699,nan,0.129832,nan,1.466554
7110,0.611312,0.585901,-20.576794,0.129815,23.642231,1.657478
7111,0.591255,1.178059,nan,0.129815,nan,1.626170
7112,0.536934,0.991258,-21.173649,0.129799,25.804319,1.511465
7113,0.690187,0.541523,nan,0.129799,nan,1.789173
7114,0.523702,0.501042,-18.792097,0.129782,25.859287,1.493903
7115,0.733207,0.566975,nan,0.129782,nan,1.928504
7116,1.023571,0.671544,-18.980652,0.129765,25.521511,2.525466
7117,0.616568,0.604776,nan,0.129765,nan,1.685355
7118,0.554093,0.474631,-20.324329,0.129749,27.778130,1.558887
7119,0.442577,0.446497,nan,0.129749,nan,1.306262
7120,0.633888,0.565940,-20.664274,0.129732,24.589190,1.668892
7121,0.840960,0.540931,nan,0.129732,nan,2.116613
7122,0.687561,0.600992,-20.118164,0.129715,24.115929,1.793812
7123,0.493437,0.544557,nan,0.129715,nan,1.432896
7124,0.627647,0.788602,-19.259323,0.129698,25.790472,1.710467
7125,0.876131,0.557779,nan,0.129698,nan,2.216582
7126,0.977275,0.548724,-20.191772,0.129682,25.258358,2.427662
7127,0.556179,0.596800,nan,0.129682,nan,1.556902
7128,0.802119,0.614079,-19.028231,0.129665,25.641111,2.058905
7129,0.863343,0.712008,nan,0.129665,nan,2.202707
7130,0.457699,0.379655,-20.427647,0.129648,24.101793,1.336164
7131,0.570369,0.986177,nan,0.129648,nan,1.624489
7132,0.456867,1.406616,-19.916906,0.129632,24.447441,1.360999
7133,0.567692,0.561516,nan,0.129632,nan,1.611853
7134,0.526484,1.268825,-15.625128,0.129615,25.081018,1.488012
7135,0.543237,2.217443,nan,0.129615,nan,1.535009
7136,0.700843,1.595932,-18.339272,0.129599,23.911900,1.878744
7137,0.758897,0.655018,nan,0.129599,nan,1.990887
7138,0.796887,1.051244,-19.116829,0.129582,27.408281,2.061641
7139,0.878760,1.696296,nan,0.129582,nan,2.224049
7140,0.737661,1.615035,-21.121548,0.129565,24.936436,1.921710
7141,0.668940,0.716873,nan,0.129565,nan,1.740037
7142,0.862524,0.711392,-20.258522,0.129549,25.193560,2.159509
7143,0.628515,0.461672,nan,0.129549,nan,1.679745
7144,0.687119,0.731786,-19.350220,0.129532,26.852432,1.847787
7145,0.648103,0.663103,nan,0.129532,nan,1.759520
7146,0.605359,0.662878,-19.448467,0.129515,27.992031,1.674793
7147,0.524272,0.685693,nan,0.129515,nan,1.503372
7148,0.550310,0.537105,-20.370224,0.129498,26.313856,1.534463
7149,0.591186,1.004043,nan,0.129498,nan,1.654781
7150,0.596308,0.737993,-20.922375,0.129481,24.330496,1.662908
7151,0.464264,0.510254,nan,0.129481,nan,1.349171
7152,0.606169,0.647880,-21.521505,0.129464,27.591431,1.632234
7153,0.593213,0.585984,nan,0.129464,nan,1.639958
7154,0.466491,0.478520,-21.085957,0.129448,25.117016,1.374105
7155,0.582094,0.557182,nan,0.129448,nan,1.601233
7156,0.453657,0.554099,-20.488449,0.129431,23.279324,1.359130
7157,0.560519,0.537770,nan,0.129431,nan,1.563634
7158,0.484833,0.488182,-19.830944,0.129414,22.783758,1.450744
7159,0.440765,0.471788,nan,0.129414,nan,1.351811
7160,0.797062,0.602372,-19.891350,0.129398,26.694141,2.079363
7161,0.567783,0.590669,nan,0.129398,nan,1.596537
7162,0.365712,0.655088,-20.623421,0.129381,29.996096,1.150531
7163,0.544599,0.699414,nan,0.129381,nan,1.531242
7164,0.457120,0.587183,-21.710871,0.129364,28.195808,1.331681
7165,0.601797,0.610546,nan,0.129364,nan,1.641817
7166,0.508610,0.641753,-20.606571,0.129347,26.536724,1.474917
7167,0.518356,0.530713,nan,0.129347,nan,1.480536
7168,0.516311,0.681504,-20.260006,0.129330,24.852774,1.498922
7169,0.518231,0.732195,nan,0.129330,nan,1.507214
7170,0.548408,0.529598,-19.227736,0.129313,24.682682,1.555520
7171,0.810211,0.957071,nan,0.129313,nan,2.063676
7172,0.695103,0.984571,-19.593750,0.129296,22.998714,1.804297
7173,0.582402,0.434953,nan,0.129296,nan,1.625088
7174,0.816614,0.618002,-19.022457,0.129279,26.995411,2.127819
7175,1.057913,0.643988,nan,0.129279,nan,2.621637
7176,0.820566,0.564123,-20.380600,0.129263,25.944992,2.141594
7177,0.680485,0.783346,nan,0.129263,nan,1.801758
7178,0.815751,0.646791,-21.482899,0.129246,24.957897,2.088192
7179,0.525048,0.678713,nan,0.129246,nan,1.511179
7180,0.530132,0.514796,-19.786011,0.129229,27.222672,1.500277
7181,0.463783,0.792686,nan,0.129229,nan,1.363496
7182,0.566091,0.661637,-20.774712,0.129212,24.805687,1.622135
7183,0.609239,0.569174,nan,0.129212,nan,1.694157
7184,0.610465,0.610693,-20.258940,0.129196,23.572247,1.687414
7185,0.557368,0.625528,nan,0.129196,nan,1.542908
7186,0.502858,0.470081,-20.280869,0.129179,24.429926,1.444179
7187,0.447843,0.697214,nan,0.129179,nan,1.357300
7188,0.697129,0.413404,-20.850334,0.129162,28.407265,1.889962
7189,0.457046,0.465757,nan,0.129162,nan,1.380014
7190,0.513350,0.521059,-21.518284,0.129146,25.295864,1.493510
7191,0.461775,0.517951,nan,0.129146,nan,1.359331
7192,0.536094,0.452556,-19.851160,0.129129,24.486719,1.533556
7193,0.745797,0.626242,nan,0.129129,nan,1.976859
7194,0.555176,0.639366,-21.277790,0.129112,26.929832,1.560490
7195,0.608198,0.485770,nan,0.129112,nan,1.639488
7196,0.610003,0.619700,-22.129124,0.129096,25.523399,1.669923
7197,0.654929,0.678772,nan,0.129096,nan,1.724230
7198,0.759772,0.603018,-20.662777,0.129079,23.519283,1.949817
7199,0.517725,0.374847,nan,0.129079,nan,1.489125
7200,0.629515,0.601497,-19.788137,0.129063,26.559486,1.746417
7201,0.473455,0.528531,nan,0.129063,nan,1.404392
7202,0.512700,0.579266,-21.561245,0.129046,26.080729,1.490272
7203,0.421779,0.396900,nan,0.129046,nan,1.295241
7204,0.524533,0.542543,-20.610729,0.129029,26.612953,1.500213
7205,0.706236,0.659784,nan,0.129029,nan,1.906035
7206,0.530072,0.452196,-21.217731,0.129013,25.584282,1.547043
7207,0.394846,0.501145,nan,0.129013,nan,1.216468
7208,0.565028,0.489749,-20.540430,0.128996,25.548344,1.568933
7209,0.531572,0.461042,nan,0.128996,nan,1.511488
7210,0.538715,0.465797,-20.581270,0.128979,27.037886,1.532775
7211,0.521405,0.471898,nan,0.128979,nan,1.477129
7212,0.758464,0.655448,-21.530941,0.128963,24.832798,1.976691
7213,0.555922,0.548727,nan,0.128963,nan,1.566314
7214,0.509002,0.610010,-22.434059,0.128946,28.307957,1.447353
7215,0.625451,0.654453,nan,0.128946,nan,1.680160
7216,0.567267,0.490709,-20.811335,0.128929,25.938633,1.582743
7217,0.774195,0.682067,nan,0.128929,nan,2.030600
7218,0.647048,0.410002,-20.859545,0.128912,26.168938,1.775445
7219,0.562689,0.541573,nan,0.128912,nan,1.620545
7220,0.746552,0.451429,-21.286577,0.128896,25.148438,1.942168
7221,0.418524,0.466991,nan,0.128896,nan,1.271984
7222,0.629109,0.592236,-20.118011,0.128879,24.224276,1.712481
7223,0.567626,0.451933,nan,0.128879,nan,1.621843
7224,0.538279,0.507966,-20.428806,0.128862,25.349140,1.557662
7225,0.387439,0.353786,nan,0.128862,nan,1.203780
7226,0.616643,0.442347,-22.001659,0.128846,26.530270,1.669297
7227,0.553808,0.795157,nan,0.128846,nan,1.577486
7228,0.414969,0.465985,-20.257359,0.128829,26.242184,1.260262
7229,0.465020,0.476752,nan,0.128829,nan,1.372694
7230,0.534542,0.440383,-20.277683,0.128812,25.015915,1.535474
7231,0.591496,0.482215,nan,0.128812,nan,1.673918
7232,0.463441,0.347571,-20.668480,0.128796,24.127108,1.389775
7233,0.469401,0.456109,nan,0.128796,nan,1.344085
7234,0.619319,0.562328,-20.263329,0.128780,24.762310,1.727521
7235,0.383037,0.361996,nan,0.128780,nan,1.236778
7236,0.632049,0.476643,-21.578411,0.128763,25.382347,1.729293
7237,0.478387,0.757614,nan,0.128763,nan,1.437236
7238,0.642470,0.660503,-20.720549,0.128747,24.879795,1.783429
7239,0.526761,0.477341,nan,0.128747,nan,1.534677
7240,0.618781,0.644979,-20.252586,0.128730,26.100946,1.728549
7241,0.678814,0.461514,nan,0.128730,nan,1.861348
7242,0.474970,0.497901,-21.835924,0.128714,27.634163,1.425903
7243,0.406945,0.705136,nan,0.128714,nan,1.285794
7244,0.530724,0.638898,-20.755203,0.128697,25.091770,1.527726
7245,0.477674,0.453181,nan,0.128697,nan,1.430185
7246,0.522972,0.887694,-19.486332,0.128681,27.072313,1.514259
7247,0.723794,0.769807,nan,0.128681,nan,1.946002
7248,0.633355,0.594399,-20.463787,0.128664,26.831726,1.775484
7249,0.796860,0.691459,nan,0.128664,nan,2.122447
7250,0.542568,0.541627,-19.724518,0.128648,26.415140,1.583244
7251,0.660289,0.619669,nan,0.128648,nan,1.802688
7252,0.445308,0.784454,-20.149826,0.128631,27.281586,1.351721
7253,0.637390,0.335847,nan,0.128631,nan,1.770164
7254,0.525118,0.454554,-21.004274,0.128614,26.138893,1.533058
7255,0.934663,0.605476,nan,0.128614,nan,2.337993
7256,0.754132,0.378195,-22.200897,0.128597,26.999916,1.975957
7257,0.444475,0.601190,nan,0.128597,nan,1.349005
7258,0.494933,0.517201,-20.194351,0.128581,25.848694,1.455106
7259,0.478768,0.630924,nan,0.128581,nan,1.401372
7260,0.513647,0.708953,-20.405567,0.128564,26.164848,1.511424
7261,0.511685,0.497987,nan,0.128564,nan,1.503257
7262,0.642807,0.527009,-21.957245,0.128547,28.208292,1.741627
7263,0.539954,0.541740,nan,0.128547,nan,1.556610
7264,0.459135,0.440545,-21.579033,0.128530,28.150120,1.380013
7265,0.392956,0.382696,nan,0.128530,nan,1.244701
7266,0.467575,0.471205,-20.680153,0.128514,24.270794,1.363121
7267,0.502948,0.480140,nan,0.128514,nan,1.460083
7268,0.714235,0.595934,-19.679195,0.128497,28.319313,1.922240
7269,0.831998,0.541811,nan,0.128497,nan,2.184041
7270,0.447096,0.513247,-20.013351,0.128480,26.793509,1.379120
7271,0.708257,0.880445,nan,0.128480,nan,1.887557
7272,0.392888,0.988712,-21.063858,0.128463,29.462490,1.234324
7273,0.714009,0.571378,nan,0.128463,nan,1.938573
7274,0.437585,0.476652,-22.062082,0.128446,26.205236,1.353012
7275,0.485728,0.408833,nan,0.128446,nan,1.422934
7276,0.447727,0.605866,-21.858269,0.128429,25.124859,1.363014
7277,0.589369,0.579513,nan,0.128429,nan,1.658164
7278,0.412000,0.745458,-19.478603,0.128412,26.917007,1.265914
7279,0.715535,1.133024,nan,0.128412,nan,1.921370
7280,1.019355,0.694573,-20.064259,0.128395,25.760908,2.526044
7281,0.545530,0.565931,nan,0.128395,nan,1.545232
7282,0.539744,0.553212,-20.292299,0.128379,26.533039,1.534684
7283,0.495554,1.118536,nan,0.128379,nan,1.353856
7284,0.677307,1.178336,-21.620960,0.128362,27.497272,1.784313
7285,0.476546,0.489162,nan,0.128362,nan,1.369844
7286,0.511580,0.589645,-21.426800,0.128345,26.895105,1.493760
7287,0.613393,0.600598,nan,0.128345,nan,1.714203
7288,0.575405,0.580215,-22.364834,0.128328,26.274137,1.625254
7289,0.573786,0.538629,nan,0.128328,nan,1.626971
7290,0.479938,0.503894,-21.302713,0.128311,25.315487,1.437516
7291,0.438536,0.434936,nan,0.128311,nan,1.358840
7292,0.760705,0.683983,-21.777515,0.128295,26.041857,2.017889
7293,0.515270,0.494974,nan,0.128295,nan,1.473063
7294,0.441386,0.438760,-21.429756,0.128278,26.845478,1.345063
7295,0.501157,0.507087,nan,0.128278,nan,1.468401
7296,0.466952,0.397883,-20.922222,0.128261,25.854246,1.400169
7297,0.525750,0.511594,nan,0.128261,nan,1.519039
7298,0.459981,0.822456,-20.484802,0.128245,25.199074,1.324368
7299,0.863258,0.516116,nan,0.128245,nan,2.191751
7300,0.567573,0.533379,-21.246593,0.128228,28.372185,1.561400
7301,0.717888,0.810702,nan,0.128228,nan,1.928412
7302,0.789431,0.498891,-20.803886,0.128211,26.805630,2.065177
7303,0.600268,0.736499,nan,0.128211,nan,1.670594
7304,0.454031,0.486019,-21.972927,0.128194,27.500837,1.380266
7305,0.535701,0.710185,nan,0.128194,nan,1.554889
7306,0.595276,0.635117,-21.801836,0.128178,27.230738,1.639278
7307,0.369156,0.484114,nan,0.128178,nan,1.146509
7308,0.709191,0.694806,-20.915251,0.128161,24.858294,1.896133
7309,0.734302,0.517830,nan,0.128161,nan,1.963330
7310,0.668769,0.632131,-21.888126,0.128144,27.133762,1.819316
7311,0.437927,0.441340,nan,0.128144,nan,1.290978
7312,0.508142,0.761341,-22.597067,0.128127,27.204422,1.450341
7313,0.700818,1.015201,nan,0.128127,nan,1.882436
7314,0.501415,0.511007,-21.393223,0.128111,27.917259,1.457484
7315,0.576232,0.721398,nan,0.128111,nan,1.615752
7316,0.672829,0.664732,-21.324268,0.128094,28.574245,1.820093
7317,0.658901,0.607885,nan,0.128094,nan,1.813734
7318,0.613530,0.576898,-22.143606,0.128077,24.631924,1.706964
7319,0.593824,0.539544,nan,0.128077,nan,1.579129
7320,0.564842,0.593880,-22.324507,0.128060,28.801311,1.581289
7321,0.426845,0.395541,nan,0.128060,nan,1.308263
7322,0.620811,0.642832,-20.702999,0.128043,25.933632,1.717318
7323,0.840689,0.614749,nan,0.128043,nan,2.173982
7324,0.412594,0.486190,-20.534487,0.128027,26.709330,1.266666
7325,0.826329,0.830187,nan,0.128027,nan,2.099562
7326,0.486383,0.656825,-21.676365,0.128010,27.065245,1.399110
7327,0.721208,0.889812,nan,0.128010,nan,1.933227
7328,0.592012,0.686121,-20.977070,0.127993,26.307289,1.658700
7329,0.740177,0.806687,nan,0.127993,nan,1.960364
7330,0.624780,0.861436,-22.039120,0.127976,26.199924,1.713282
7331,0.569480,1.029658,nan,0.127976,nan,1.617524
7332,0.585492,0.785006,-21.995800,0.127960,27.762526,1.642756
7333,0.663007,0.665538,nan,0.127960,nan,1.766562
7334,0.479954,0.492377,-21.453918,0.127943,25.932825,1.398024
7335,0.705489,0.914550,nan,0.127943,nan,1.911164
7336,0.441514,1.191882,-21.985296,0.127926,25.305716,1.348207
7337,0.580473,0.580302,nan,0.127926,nan,1.620349
7338,0.585429,1.320399,-21.068741,0.127910,27.196327,1.612385
7339,0.487215,0.527973,nan,0.127910,nan,1.435981
7340,0.705479,1.111001,-21.976860,0.127893,28.002491,1.899362
7341,0.508604,1.705885,nan,0.127893,nan,1.502598
7342,0.594430,0.954064,-22.274748,0.127876,26.507763,1.672467
7343,0.567886,0.573328,nan,0.127876,nan,1.587565
7344,0.619360,0.627477,-22.430473,0.127860,26.258881,1.688706
7345,0.646839,0.662692,nan,0.127860,nan,1.780109
7346,0.595361,0.598584,-21.557453,0.127843,25.695000,1.653624
7347,0.554124,0.568745,nan,0.127843,nan,1.551871
7348,0.667311,0.553328,-23.276897,0.127827,27.602173,1.799960
7349,0.603090,0.502152,nan,0.127827,nan,1.624526
7350,0.754715,0.654860,-23.322739,0.127810,27.122721,1.941988
7351,0.499155,0.468285,nan,0.127810,nan,1.430040
7352,0.575444,0.595907,-21.368870,0.127793,25.037785,1.624752
7353,0.430381,0.438153,nan,0.127793,nan,1.322305
7354,0.451367,0.538486,-21.910646,0.127777,26.223394,1.350660
7355,0.636869,0.573461,nan,0.127777,nan,1.755564
7356,0.562928,1.182361,-23.043468,0.127760,25.109447,1.592501
7357,0.654041,1.337984,nan,0.127760,nan,1.762575
7358,0.807299,0.691627,-19.928612,0.127744,27.943483,2.061949
7359,0.960835,1.719285,nan,0.127744,nan,2.393054
7360,0.753143,1.718986,-21.439617,0.127727,28.586824,1.948463
7361,0.685633,0.629269,nan,0.127727,nan,1.843786
7362,0.824595,0.850814,-21.598108,0.127711,26.630760,2.116352
7363,0.421980,0.477968,nan,0.127711,nan,1.294967
7364,0.550104,0.484350,-22.496155,0.127694,23.856812,1.540149
7365,0.775738,0.733779,nan,0.127694,nan,2.018696
7366,0.669525,0.624630,-21.843010,0.127678,26.768389,1.806074
7367,0.441590,0.475387,nan,0.127678,nan,1.329631
7368,0.803644,0.521741,-21.761086,0.127661,27.765648,2.075311
7369,0.563389,0.584509,nan,0.127661,nan,1.565118
7370,0.729907,0.750121,-21.375097,0.127645,26.181438,1.910556
7371,0.647125,0.418112,nan,0.127645,nan,1.738034
7372,0.598896,0.551317,-22.688532,0.127628,26.266064,1.640774
7373,0.448623,0.545482,nan,0.127628,nan,1.318928
7374,0.625395,0.502882,-21.691193,0.127612,24.566238,1.680370
7375,0.487140,0.483235,nan,0.127612,nan,1.411512
7376,0.679139,0.630053,-20.924061,0.127596,27.934860,1.833235
7377,1.022968,0.526236,nan,0.127596,nan,2.537073
7378,0.637119,0.556332,-22.024307,0.127579,28.979290,1.729877
7379,0.570016,0.872910,nan,0.127579,nan,1.552326
7380,0.925485,0.594231,-23.855339,0.127563,25.864498,2.304818
7381,0.704988,0.749685,nan,0.127563,nan,1.857150
7382,0.655064,0.670641,-22.465513,0.127546,29.303009,1.750686
7383,0.508619,0.614584,nan,0.127546,nan,1.425708
7384,0.542867,0.485913,-21.203947,0.127530,23.538242,1.537512
7385,0.551242,0.562057,nan,0.127530,nan,1.566590
7386,0.453502,0.473797,-20.260508,0.127513,24.225231,1.357515
7387,0.691958,1.082265,nan,0.127513,nan,1.831039
7388,0.526781,1.227274,-21.820293,0.127497,27.306652,1.490776
7389,0.683545,0.595981,nan,0.127497,nan,1.833021
7390,0.462444,1.030170,-22.506596,0.127481,25.424427,1.372366
7391,0.568445,1.155363,nan,0.127481,nan,1.594898
7392,0.456428,0.798826,-23.768177,0.127464,29.404221,1.304933
7393,1.166129,0.655322,nan,0.127464,nan,2.808614
7394,1.083298,0.675297,-21.844887,0.127448,27.445393,2.618746
7395,0.485614,0.565010,nan,0.127448,nan,1.416202
7396,0.534043,0.805467,-20.599606,0.127431,26.538982,1.519218
7397,1.203650,0.735005,nan,0.127431,nan,2.896527
7398,1.052222,0.522280,-22.574089,0.127415,29.647327,2.586033
7399,0.592070,0.632236,nan,0.127415,nan,1.652405
7400,0.468829,0.450835,-23.730995,0.127398,27.563046,1.373682
7401,0.502920,0.590895,nan,0.127398,nan,1.437111
7402,0.664338,0.602426,-23.072571,0.127382,27.390518,1.753216
7403,0.602879,0.513904,nan,0.127382,nan,1.612493
7404,0.636151,0.629774,-21.544212,0.127365,27.143169,1.738547
7405,0.669711,0.801416,nan,0.127365,nan,1.803901
7406,0.733912,1.040188,-21.442905,0.127349,26.950203,1.935351
7407,0.625819,0.463478,nan,0.127349,nan,1.702897
7408,0.471355,0.466487,-21.903900,0.127332,26.614100,1.367481
7409,0.464831,0.752597,nan,0.127332,nan,1.322479
7410,0.639111,0.642236,-23.412418,0.127315,29.150784,1.709526
7411,0.603928,0.595433,nan,0.127315,nan,1.669320
7412,0.553697,0.556116,-22.906364,0.127299,25.913637,1.549191
7413,0.588374,0.493240,nan,0.127299,nan,1.612017
7414,0.431487,0.448374,-23.174240,0.127282,27.563320,1.280319
7415,0.495946,0.623699,nan,0.127282,nan,1.410407
7416,0.532253,0.507665,-22.707119,0.127265,28.168928,1.486970
7417,0.593214,0.596491,nan,0.127265,nan,1.627016
7418,0.480404,0.512380,-23.362591,0.127249,25.700867,1.388651
7419,0.472826,0.531674,nan,0.127249,nan,1.385041
7420,0.670352,0.604540,-22.767464,0.127232,28.857660,1.791232
7421,0.476746,0.633160,nan,0.127232,nan,1.393396
7422,0.566892,0.539683,-23.604729,0.127216,27.123230,1.601286
7423,0.577130,0.666451,nan,0.127216,nan,1.600668
7424,0.442514,0.611243,-23.041267,0.127199,28.038292,1.285756
7425,0.560864,0.566434,nan,0.127199,nan,1.573186
7426,0.536226,0.523339,-21.046896,0.127182,26.969069,1.526381
7427,0.830760,0.944489,nan,0.127182,nan,2.117844
7428,0.755546,0.781101,-21.727116,0.127166,27.976595,1.973623
7429,0.753738,0.537612,nan,0.127166,nan,1.975994
7430,0.572098,0.569152,-23.256414,0.127149,29.116537,1.578572
7431,0.684343,0.492787,nan,0.127149,nan,1.806697
7432,0.679028,0.642265,-22.730301,0.127132,28.368164,1.778700
7433,0.692808,0.488309,nan,0.127132,nan,1.862155
7434,0.522816,0.502669,-22.135111,0.127116,25.889601,1.507859
7435,0.694329,0.764007,nan,0.127116,nan,1.827181
7436,0.389179,0.458139,-23.277191,0.127099,27.346762,1.207299
7437,0.476260,0.544729,nan,0.127099,nan,1.363623
7438,0.577987,0.519495,-22.705191,0.127082,27.130487,1.599955
7439,0.517833,0.484072,nan,0.127082,nan,1.494372
7440,0.592818,0.545830,-23.178646,0.127066,26.899776,1.627914
7441,0.527275,0.477744,nan,0.127066,nan,1.491572
7442,0.726049,0.524231,-22.448887,0.127049,26.803421,1.941297
7443,0.589472,0.533703,nan,0.127049,nan,1.617004
7444,0.554038,0.500491,-22.760256,0.127033,28.396128,1.558015
7445,0.682547,0.684958,nan,0.127033,nan,1.834762
7446,0.516681,0.526368,-23.270819,0.127016,28.135052,1.462346
7447,0.495086,0.486959,nan,0.127016,nan,1.418910
7448,0.650606,0.836688,-22.339497,0.126999,26.424747,1.773721
7449,0.384175,1.050473,nan,0.126999,nan,1.217588
7450,0.556570,0.486180,-21.670532,0.126983,27.025246,1.580277
7451,0.634900,1.153583,nan,0.126983,nan,1.713666
7452,0.776810,0.817838,-22.817459,0.126966,25.145229,2.002607
7453,0.514202,0.521139,nan,0.126966,nan,1.465873
7454,0.605814,0.694856,-22.750515,0.126950,25.923367,1.678860
7455,0.523733,0.607083,nan,0.126950,nan,1.512242
7456,0.627316,0.674345,-22.953476,0.126934,23.647388,1.717813
7457,0.660056,0.710439,nan,0.126934,nan,1.774896
7458,0.526076,0.485351,-22.064018,0.126918,25.270874,1.478605
7459,0.694070,0.738866,nan,0.126918,nan,1.817283
7460,0.509995,0.472069,-22.096458,0.126902,26.204996,1.462223
7461,0.602457,0.723420,nan,0.126902,nan,1.669026
7462,0.903275,0.564008,-22.464016,0.126886,27.605921,2.285813
7463,0.537215,0.745785,nan,0.126886,nan,1.550155
7464,0.466037,0.569967,-23.731361,0.126870,26.850449,1.360735
7465,0.468956,0.551093,nan,0.126870,nan,1.364519
7466,0.486834,0.671492,-23.784372,0.126853,26.972033,1.403586
7467,0.711109,0.581099,nan,0.126853,nan,1.869427
7468,0.523344,0.597709,-22.782387,0.126837,26.749973,1.501278
7469,0.468707,0.439371,nan,0.126837,nan,1.367180
7470,0.533462,0.558754,-24.116291,0.126821,28.701229,1.502392
7471,0.849151,0.579208,nan,0.126821,nan,2.151273
7472,0.489803,0.624184,-24.008190,0.126805,26.996742,1.395950
7473,0.483607,0.423363,nan,0.126805,nan,1.409322
7474,0.520833,0.640475,-22.726467,0.126789,27.548670,1.495392
7475,0.596602,1.049503,nan,0.126789,nan,1.653649
7476,0.598357,0.798845,-22.451801,0.126772,26.950607,1.647809
7477,0.566912,0.456087,nan,0.126772,nan,1.575773
7478,0.605301,0.605534,-22.042860,0.126756,29.706060,1.660601
7479,0.519344,1.391594,nan,0.126756,nan,1.467526
7480,0.672098,0.619748,-24.171215,0.126740,27.981482,1.809421
7481,0.485227,0.852027,nan,0.126740,nan,1.433211
7482,0.300291,0.407733,-23.291843,0.126723,28.299156,1.034877
7483,0.649961,0.748785,nan,0.126723,nan,1.760006
7484,0.487564,0.420343,-22.587528,0.126707,26.825064,1.428592
7485,0.586473,0.541306,nan,0.126707,nan,1.640028
7486,0.642895,0.607430,-22.627474,0.126690,28.425398,1.754959
7487,0.538763,0.966887,nan,0.126690,nan,1.525881
7488,0.538323,0.682287,-23.773529,0.126674,27.731339,1.508141
7489,0.527671,0.616195,nan,0.126674,nan,1.493018
7490,0.559838,0.487887,-23.568544,0.126657,27.455420,1.512375
7491,0.424624,0.425789,nan,0.126657,nan,1.297627
7492,0.453328,0.494001,-22.554184,0.126641,27.975571,1.366408
7493,0.581584,0.518551,nan,0.126641,nan,1.635486
7494,0.701342,0.504436,-23.709143,0.126624,27.534090,1.891019
7495,0.471800,0.519439,nan,0.126624,nan,1.379131
7496,0.685112,0.485391,-23.843716,0.126608,28.370237,1.827549
7497,0.620729,0.538661,nan,0.126608,nan,1.669909
7498,0.564173,1.122288,-24.110535,0.126591,26.957592,1.562689
7499,0.664828,0.819320,nan,0.126591,nan,1.779975
7500,0.643599,0.766717,-22.380632,0.126575,29.134155,1.730006
7501,0.411097,0.653377,nan,0.126575,nan,1.242327
7502,0.518553,0.526892,-22.151825,0.126559,25.084332,1.485824
7503,0.642665,0.606039,nan,0.126559,nan,1.751056
7504,0.650835,0.800174,-22.244308,0.126542,26.862869,1.752663
7505,0.458334,0.576609,nan,0.126542,nan,1.333103
7506,0.619405,0.901760,-23.498394,0.126526,27.045378,1.694917
7507,0.480362,0.861025,nan,0.126526,nan,1.404369
7508,0.438577,0.422587,-23.102222,0.126510,25.667477,1.322621
7509,0.736979,0.716796,nan,0.126510,nan,1.953638
7510,0.651689,0.525966,-22.748764,0.126493,28.555384,1.763444
7511,0.485482,0.424462,nan,0.126493,nan,1.425325
7512,0.458321,0.499168,-23.148706,0.126477,28.973471,1.320576
7513,0.412968,0.419777,nan,0.126477,nan,1.238649
7514,0.447675,1.247441,-23.581497,0.126461,25.514332,1.323826
7515,0.403033,1.505117,nan,0.126461,nan,1.216529
7516,0.645129,0.869927,-22.365704,0.126444,26.659702,1.720340
7517,0.787004,1.127732,nan,0.126444,nan,1.981541
7518,0.545087,1.146294,-22.725235,0.126428,27.578049,1.491909
7519,0.554222,0.603643,nan,0.126428,nan,1.558878
7520,0.489015,0.428590,-22.809830,0.126412,25.050842,1.423080
7521,0.709841,0.584154,nan,0.126412,nan,1.865837
7522,0.472176,0.490858,-22.665981,0.126396,27.310814,1.367057
7523,0.467252,0.454476,nan,0.126396,nan,1.324494
7524,0.450494,0.464232,-23.582220,0.126380,27.618258,1.337522
7525,0.508168,0.524388,nan,0.126380,nan,1.461578
7526,0.541072,0.501507,-23.512966,0.126364,27.128315,1.521177
7527,0.591990,0.468224,nan,0.126364,nan,1.638754
7528,0.382731,0.395342,-22.007883,0.126348,27.908272,1.199982
7529,0.509591,0.671093,nan,0.126348,nan,1.471330
7530,0.593493,0.740234,-23.028666,0.126331,26.939646,1.642737
7531,0.680380,0.736883,nan,0.126331,nan,1.811638
7532,0.548404,0.536281,-23.479584,0.126315,27.115211,1.533283
7533,0.559792,0.497583,nan,0.126315,nan,1.527260
7534,0.642437,0.534341,-24.161858,0.126299,28.605192,1.725927
7535,0.410754,0.506321,nan,0.126299,nan,1.247736
7536,0.557766,0.561591,-23.654209,0.126283,27.437420,1.572404
7537,0.468995,0.587847,nan,0.126283,nan,1.382014
7538,0.515388,0.497203,-22.662289,0.126267,28.221865,1.464367
7539,0.545836,0.542301,nan,0.126267,nan,1.537958
7540,0.453929,0.465351,-24.067986,0.126250,28.156414,1.351142
7541,0.476355,1.089804,nan,0.126250,nan,1.382360
7542,0.470166,0.766190,-24.450558,0.126234,26.863287,1.360219
7543,0.743011,0.478959,nan,0.126234,nan,1.911435
7544,0.598680,0.592762,-22.814096,0.126218,25.639811,1.628547
7545,0.664294,0.486235,nan,0.126218,nan,1.773533
7546,0.651578,0.628259,-23.977032,0.126202,30.029850,1.756948
7547,0.641608,0.561162,nan,0.126202,nan,1.720071
7548,0.565338,0.699015,-23.104481,0.126185,26.945946,1.572453
7549,0.502746,0.458521,nan,0.126185,nan,1.436157
7550,0.635871,0.755197,-24.213333,0.126169,27.665401,1.690180
7551,0.484383,0.560477,nan,0.126169,nan,1.355770
7552,0.580934,0.614289,-24.130474,0.126153,28.171150,1.584137
7553,0.699099,0.720899,nan,0.126153,nan,1.841885
7554,0.390743,0.468574,-22.581097,0.126137,27.809092,1.170912
7555,0.741570,0.749733,nan,0.126137,nan,1.915181
7556,0.653816,0.683398,-24.724995,0.126120,27.671833,1.743508
7557,0.615244,0.602675,nan,0.126120,nan,1.658316
7558,0.807250,0.654659,-24.853661,0.126104,27.730820,2.060331
7559,0.865291,0.989130,nan,0.126104,nan,2.174358
7560,0.883551,0.660329,-22.754112,0.126088,27.080566,2.175518
7561,0.805130,0.944155,nan,0.126088,nan,2.006632
7562,0.515633,0.930253,-23.048969,0.126072,27.972572,1.426859
7563,0.558543,0.405089,nan,0.126072,nan,1.491084
7564,0.501796,0.447047,-23.408707,0.126055,26.134960,1.432693
7565,0.477900,0.677130,nan,0.126055,nan,1.376057
7566,0.554162,0.490266,-23.279327,0.126039,26.824324,1.533366
7567,0.493140,0.543297,nan,0.126039,nan,1.408628
7568,0.955410,0.882189,-24.203041,0.126023,30.236763,2.352201
7569,0.478899,0.521934,nan,0.126023,nan,1.365014
7570,0.717954,0.660886,-23.036985,0.126007,26.498442,1.849230
7571,0.629860,0.513263,nan,0.126007,nan,1.710356
7572,0.642244,0.618361,-23.870224,0.125991,28.714495,1.709155
7573,0.519242,0.582094,nan,0.125991,nan,1.428506
7574,0.786943,0.759102,-23.720188,0.125975,26.888550,2.024088
7575,0.550255,0.843078,nan,0.125975,nan,1.545743
7576,0.449255,0.505091,-23.133919,0.125958,29.178810,1.318396
7577,0.492562,0.740742,nan,0.125958,nan,1.403193
7578,0.522080,0.713577,-23.552698,0.125942,27.073095,1.475141
7579,0.651628,0.561302,nan,0.125942,nan,1.743957
7580,0.661000,0.682253,-24.321772,0.125926,28.333624,1.767896
7581,0.795710,0.573792,nan,0.125926,nan,2.045866
7582,0.523191,0.558056,-23.242966,0.125909,28.749241,1.457473
7583,0.606552,0.668084,nan,0.125909,nan,1.638573
7584,0.553364,0.504420,-22.594532,0.125893,27.347507,1.528939
7585,0.552628,0.563512,nan,0.125893,nan,1.482183
7586,0.472396,0.792704,-24.068764,0.125877,29.959389,1.349898
7587,0.591937,0.770980,nan,0.125877,nan,1.621280
7588,0.507317,0.589245,-23.962948,0.125860,29.209105,1.451985
7589,0.504837,0.539775,nan,0.125860,nan,1.444175
7590,0.477248,0.715020,-22.293293,0.125844,28.763590,1.385445
7591,0.538028,0.669383,nan,0.125844,nan,1.512564
7592,0.620614,0.584697,-23.600800,0.125828,27.913942,1.653245
7593,0.590620,0.754511,nan,0.125828,nan,1.617690
7594,0.618873,0.674060,-24.272705,0.125811,29.073292,1.670852
7595,0.699308,0.556755,nan,0.125811,nan,1.846718
7596,0.507483,0.485781,-22.171925,0.125795,26.914360,1.414595
7597,1.102736,0.585277,nan,0.125795,nan,2.655191
7598,0.911687,0.484824,-22.690735,0.125778,28.170252,2.257416
7599,0.544238,0.720509,nan,0.125778,nan,1.493693
7600,0.651306,0.681883,-24.259880,0.125762,26.854908,1.745294
7601,0.630255,0.655528,nan,0.125762,nan,1.726729
7602,0.660615,1.013239,-23.498806,0.125746,28.795532,1.786083
7603,0.488214,0.532409,nan,0.125746,nan,1.413740
7604,0.571248,0.496487,-22.109520,0.125729,27.978069,1.587353
7605,0.567970,0.721700,nan,0.125729,nan,1.551185
7606,0.723006,0.700266,-22.435827,0.125713,27.643106,1.871019
7607,0.700188,0.644310,nan,0.125713,nan,1.826440
7608,0.498071,0.503399,-25.138815,0.125697,28.869160,1.433542
7609,0.943762,0.770204,nan,0.125697,nan,2.362705
7610,0.958104,0.811586,-24.202801,0.125681,24.921513,2.388034
7611,0.788811,0.759077,nan,0.125681,nan,2.031545
7612,0.708682,0.775561,-22.428179,0.125665,27.393297,1.856715
7613,0.708413,0.577051,nan,0.125665,nan,1.824136
7614,0.774184,0.764552,-23.978394,0.125649,27.370913,1.993187
7615,0.683938,0.724501,nan,0.125649,nan,1.787938
7616,0.699496,0.714376,-25.140549,0.125632,27.557201,1.847043
7617,0.676819,0.454735,nan,0.125632,nan,1.777635
7618,0.571962,0.443379,-23.790405,0.125616,29.059389,1.574446
7619,0.605632,0.784410,nan,0.125616,nan,1.648736
7620,0.648527,0.576362,-23.300371,0.125600,28.811895,1.726068
7621,0.599613,0.957694,nan,0.125600,nan,1.632374
7622,0.560201,0.514178,-23.565533,0.125584,25.662600,1.572528
7623,0.547716,0.545593,nan,0.125584,nan,1.524122
7624,0.538567,0.815114,-23.013201,0.125568,27.612213,1.515651
7625,0.543929,0.625927,nan,0.125568,nan,1.501393
7626,0.535924,0.514116,-24.130095,0.125552,28.959490,1.479573
7627,0.617530,0.547212,nan,0.125552,nan,1.662401
7628,0.650288,0.675933,-23.598740,0.125536,25.804428,1.713489
7629,0.645797,0.628562,nan,0.125536,nan,1.737908
7630,0.527642,0.567944,-21.914143,0.125520,28.804674,1.497540
7631,0.684460,1.310845,nan,0.125520,nan,1.813323
7632,0.973959,0.929136,-21.564091,0.125504,27.302858,2.415015
7633,0.799743,1.348034,nan,0.125504,nan,2.054497
7634,0.938879,0.934572,-22.909441,0.125488,27.641457,2.342021
7635,0.499834,1.175069,nan,0.125488,nan,1.448893
7636,0.577802,1.391649,-22.692225,0.125472,27.428993,1.592553
7637,0.683248,0.610707,nan,0.125472,nan,1.817836
7638,0.585327,1.144303,-23.271309,0.125456,27.933941,1.635245
7639,0.798775,1.014898,nan,0.125456,nan,2.062379
7640,0.638536,0.620332,-22.516354,0.125440,27.261702,1.739790
7641,0.606653,0.826615,nan,0.125440,nan,1.640041
7642,0.813583,0.515948,-24.545689,0.125424,27.751120,2.061201
7643,0.540323,0.935695,nan,0.125424,nan,1.505528
7644,0.679751,0.838965,-23.096937,0.125408,28.445963,1.769940
7645,0.650447,0.724839,nan,0.125408,nan,1.722901
7646,0.510680,0.594109,-22.763531,0.125392,26.833946,1.432314
7647,1.062989,0.690132,nan,0.125392,nan,2.596078
7648,0.593837,0.738117,-23.880211,0.125376,28.458424,1.609717
7649,0.524428,0.568136,nan,0.125376,nan,1.457972
7650,0.563071,0.556834,-23.563534,0.125360,26.007980,1.553485
7651,0.565289,0.647027,nan,0.125360,nan,1.564472
7652,0.523494,0.518183,-22.365532,0.125344,27.400402,1.479828
7653,0.774423,0.592781,nan,0.125344,nan,1.998132
7654,0.756644,0.677281,-23.671436,0.125328,29.603317,1.931010
7655,0.700556,0.689652,nan,0.125328,nan,1.838788
7656,0.546465,0.786592,-24.439117,0.125312,27.046043,1.520657
7657,0.530139,0.483738,nan,0.125312,nan,1.465645
7658,0.484367,0.486273,-23.703783,0.125296,29.794811,1.394274
7659,0.616083,0.573228,nan,0.125296,nan,1.679938
7660,0.824044,0.773270,-23.958954,0.125280,28.361921,2.103536
7661,0.647309,0.495761,nan,0.125280,nan,1.743483
7662,0.549688,0.513536,-23.557920,0.125264,27.540802,1.522792
7663,0.535307,0.478642,nan,0.125264,nan,1.499905
7664,0.512481,0.488985,-23.385223,0.125248,28.543884,1.442136
7665,0.778401,0.690517,nan,0.125248,nan,2.031995
7666,0.699534,0.648741,-23.370770,0.125232,28.566423,1.860361
7667,0.772883,0.673017,nan,0.125232,nan,2.023316
7668,0.669054,0.834624,-22.190441,0.125216,27.099018,1.806189
7669,0.607989,0.640753,nan,0.125216,nan,1.668671
7670,0.584790,0.624146,-24.996031,0.125200,28.306511,1.621426
7671,0.713218,0.758877,nan,0.125200,nan,1.886986
7672,0.641069,0.668022,-23.937824,0.125184,29.293396,1.706664
7673,0.560391,0.522045,nan,0.125184,nan,1.565826
7674,0.657065,0.632711,-24.553652,0.125168,28.890997,1.768311
7675,0.764868,0.672681,nan,0.125168,nan,1.977243
7676,0.530965,0.469482,-24.072439,0.125152,28.807001,1.494499
7677,0.659573,0.629933,nan,0.125152,nan,1.778716
7678,0.543986,0.577839,-23.564896,0.125135,29.553917,1.516195
7679,0.579840,0.584202,nan,0.125135,nan,1.602114
7680,0.605992,0.511536,-24.090357,0.125119,27.310602,1.667455
7681,0.590794,0.693136,nan,0.125119,nan,1.636202
7682,0.649204,0.623852,-22.972281,0.125103,27.372879,1.763158
7683,0.730122,0.708893,nan,0.125103,nan,1.910955
7684,0.731517,0.677334,-24.515406,0.125087,28.020399,1.916278
7685,0.709721,0.821121,nan,0.125087,nan,1.879610
7686,0.652000,0.913063,-23.388973,0.125071,27.632011,1.764059
7687,0.591870,0.744115,nan,0.125071,nan,1.640172
7688,0.474774,0.833342,-21.389046,0.125055,27.964958,1.382871
7689,0.541570,1.362497,nan,0.125055,nan,1.524559
7690,0.511274,0.860330,-23.649944,0.125039,28.383667,1.462188
7691,0.595283,0.712901,nan,0.125039,nan,1.626666
7692,0.718147,0.832111,-24.861710,0.125023,29.033194,1.863229
7693,0.635398,0.591854,nan,0.125023,nan,1.706702
7694,0.694938,0.604353,-24.660076,0.125007,24.796659,1.824954
7695,0.689483,0.806948,nan,0.125007,nan,1.805223
7696,0.626828,0.829598,-24.379074,0.124991,25.473061,1.674091
7697,0.582695,0.492507,nan,0.124991,nan,1.587184
7698,0.471375,0.616304,-23.258293,0.124976,27.755859,1.370975
7699,0.512662,0.372029,nan,0.124976,nan,1.428688
7700,0.563414,0.507788,-24.671961,0.124960,30.628387,1.549278
7701,0.553080,0.580504,nan,0.124960,nan,1.521851
7702,0.777338,0.956737,-25.933369,0.124944,28.620909,1.989218
7703,1.184508,0.659075,nan,0.124944,nan,2.827481
7704,0.992761,0.660631,-23.698462,0.124928,26.620499,2.434833
7705,0.705133,0.664767,nan,0.124928,nan,1.848229
7706,0.821470,0.868349,-22.723091,0.124912,28.713047,2.095906
7707,0.717503,1.203631,nan,0.124912,nan,1.884150
7708,0.729331,0.697662,-22.727676,0.124896,29.544937,1.913561
7709,0.516282,1.613684,nan,0.124896,nan,1.475872
7710,0.689841,1.381101,-22.780098,0.124880,27.290760,1.848603
7711,0.575336,0.586404,nan,0.124880,nan,1.591167
7712,0.579751,1.231701,-24.004427,0.124864,28.471687,1.590980
7713,0.828141,1.325240,nan,0.124864,nan,2.097512
7714,0.649101,1.141754,-25.943924,0.124848,30.561283,1.738078
7715,0.637214,0.532208,nan,0.124848,nan,1.701430
7716,0.721925,0.778297,-22.947588,0.124832,25.952621,1.851955
7717,0.617169,0.673876,nan,0.124832,nan,1.637168
7718,1.049313,0.548686,-23.679897,0.124816,29.942884,2.541832
7719,0.686602,0.853464,nan,0.124816,nan,1.798501
7720,0.780194,0.750753,-23.743586,0.124800,29.499737,2.001974
7721,0.987635,0.766150,nan,0.124800,nan,2.439961
7722,0.900169,0.661981,-23.856701,0.124784,26.042912,2.258230
7723,0.766184,0.751048,nan,0.124784,nan,1.968575
7724,0.589358,0.794493,-23.715206,0.124768,27.743216,1.601906
7725,0.659546,0.597906,nan,0.124768,nan,1.762758
7726,0.550346,0.708245,-23.816441,0.124753,28.137896,1.518004
7727,0.472404,0.458315,nan,0.124753,nan,1.340913
7728,0.839693,1.106487,-25.363224,0.124737,28.386917,2.102854
7729,0.665312,1.135372,nan,0.124737,nan,1.759741
7730,0.842866,0.715899,-23.964077,0.124721,28.769363,2.130375
7731,0.788104,0.603199,nan,0.124721,nan,2.002679
7732,0.624747,0.720869,-23.569523,0.124705,28.735069,1.686160
7733,0.746820,0.567684,nan,0.124705,nan,1.916360
7734,0.868312,0.572726,-24.241404,0.124689,26.881161,2.167083
7735,0.605977,0.660447,nan,0.124689,nan,1.635832
7736,0.598965,0.651053,-25.775537,0.124673,27.159351,1.625469
7737,0.800198,0.674307,nan,0.124673,nan,2.038021
7738,0.706649,0.555016,-24.199631,0.124657,26.156551,1.842794
7739,0.391185,0.420240,nan,0.124657,nan,1.172600
7740,0.779528,0.879982,-22.971266,0.124642,27.749897,1.973000
7741,0.909861,0.730092,nan,0.124642,nan,2.245130
7742,1.078079,0.692519,-23.896208,0.124626,29.272007,2.582067
7743,0.601343,0.602181,nan,0.124626,nan,1.623974
7744,0.576990,0.766260,-25.869129,0.124610,29.513367,1.560907
7745,0.802113,1.125486,nan,0.124610,nan,2.045708
7746,0.864653,1.283905,-25.984995,0.124594,28.669476,2.177683
7747,0.728514,0.655777,nan,0.124594,nan,1.905767
7748,0.675679,0.856489,-23.833632,0.124578,28.184074,1.792256
7749,1.072846,0.804193,nan,0.124578,nan,2.601402
7750,0.770363,0.719797,-25.196537,0.124562,31.367914,1.988264
7751,0.594607,0.554235,nan,0.124562,nan,1.596635
7752,0.516939,0.635843,-24.889912,0.124546,27.514925,1.424417
7753,0.690325,0.658092,nan,0.124546,nan,1.776671
7754,0.488434,0.907459,-26.320835,0.124530,30.010498,1.324412
7755,0.857866,0.787363,nan,0.124530,nan,2.099733
7756,0.831595,0.770336,-23.273508,0.124515,27.684486,2.048064
7757,0.991479,0.808512,nan,0.124515,nan,2.394436
7758,0.748944,0.767815,-24.305901,0.124499,28.722355,1.908858
7759,0.734645,0.689744,nan,0.124499,nan,1.876221
7760,0.657028,1.092301,-22.846457,0.124483,29.197639,1.733247
7761,0.558964,0.742161,nan,0.124483,nan,1.541852
7762,0.731275,0.501532,-24.185955,0.124467,27.685555,1.885091
7763,0.606939,0.613925,nan,0.124467,nan,1.638125
7764,0.647066,0.564348,-24.797077,0.124451,27.834084,1.716675
7765,0.710667,0.567635,nan,0.124451,nan,1.837200
7766,0.649578,0.925132,-24.864317,0.124435,29.659969,1.724368
7767,0.602772,0.652965,nan,0.124435,nan,1.644143
7768,0.498531,1.464330,-21.427498,0.124419,29.208138,1.426233
7769,0.636068,1.445252,nan,0.124419,nan,1.718209
7770,0.676417,0.638006,-23.727512,0.124403,29.478031,1.804624
7771,0.932390,1.097779,nan,0.124403,nan,2.320053
7772,0.707690,1.245590,-25.202570,0.124387,29.481377,1.852736
7773,0.598823,0.563804,nan,0.124387,nan,1.605704
7774,0.825123,0.970422,-21.870754,0.124371,27.528328,2.058863
7775,0.697486,1.245391,nan,0.124371,nan,1.804285
7776,0.622509,0.761840,-24.135077,0.124355,28.538940,1.658609
7777,0.625326,1.321432,nan,0.124355,nan,1.653559
7778,0.764090,1.394461,-24.343235,0.124339,27.452938,1.975536
7779,0.531315,0.438866,nan,0.124339,nan,1.450415
7780,0.770551,0.792505,-23.428183,0.124323,27.234177,1.937943
7781,1.324417,0.710838,nan,0.124323,nan,3.100919
7782,0.897863,0.424729,-26.743877,0.124307,29.375374,2.218964
7783,0.764225,1.299977,nan,0.124307,nan,1.930272
7784,0.636828,1.016059,-25.583059,0.124291,28.986134,1.677646
7785,0.695167,0.776716,nan,0.124291,nan,1.801773
7786,0.454096,0.645521,-24.828594,0.124275,29.982113,1.318487
7787,0.647789,0.575009,nan,0.124275,nan,1.720865
7788,0.619601,0.933307,-25.466795,0.124259,29.887062,1.670119
7789,0.611600,0.729354,nan,0.124259,nan,1.630659
7790,0.640954,0.505543,-23.950464,0.124243,28.075352,1.708676
7791,0.478195,0.659079,nan,0.124243,nan,1.372135
7792,0.539987,0.526901,-24.743214,0.124228,27.470999,1.509579
7793,0.679183,0.642116,nan,0.124228,nan,1.802330
7794,0.633352,0.542549,-26.165398,0.124212,29.478355,1.695671
7795,0.874290,1.006884,nan,0.124212,nan,2.198696
7796,0.882553,0.611882,-24.975426,0.124196,29.577755,2.181890
7797,0.783434,0.461848,nan,0.124196,nan,1.991208
7798,0.511679,0.527862,-24.993328,0.124180,29.746572,1.410247
7799,0.603398,0.585367,nan,0.124180,nan,1.634328
7800,0.818330,0.737936,-25.243025,0.124164,30.830927,2.058817
7801,0.520194,0.509730,nan,0.124164,nan,1.450831
7802,0.500520,0.584393,-24.372149,0.124148,26.601460,1.414701
7803,0.572387,0.547650,nan,0.124148,nan,1.578080
7804,0.630322,0.797478,-24.988522,0.124132,29.489140,1.700366
7805,0.458887,0.632924,nan,0.124132,nan,1.350496
7806,0.555857,0.568196,-23.794205,0.124116,27.111687,1.542993
7807,0.545059,0.587582,nan,0.124116,nan,1.503474
7808,0.817382,0.777936,-25.473646,0.124100,29.678623,2.057894
7809,0.569337,0.755502,nan,0.124100,nan,1.555107
7810,0.588659,0.521254,-23.636055,0.124084,28.673008,1.573063
7811,0.706619,0.756733,nan,0.124084,nan,1.805405
7812,0.626090,0.935472,-24.842018,0.124068,26.716238,1.640179
7813,0.693506,0.538026,nan,0.124068,nan,1.803587
7814,0.589445,0.522492,-25.818153,0.124052,27.468414,1.555025
7815,0.627185,0.515534,nan,0.124052,nan,1.654189
7816,0.652031,0.640390,-26.074110,0.124037,29.791786,1.715158
7817,0.679278,1.018428,nan,0.124037,nan,1.785299
7818,0.511456,0.654721,-25.137367,0.124021,29.218418,1.439092
7819,0.540003,0.579859,nan,0.124021,nan,1.498435
7820,0.568053,0.708574,-25.268190,0.124005,29.003120,1.563596
7821,0.540859,0.547140,nan,0.124005,nan,1.514747
7822,0.638367,0.692833,-24.995380,0.123989,29.080503,1.717164
7823,0.659231,0.706367,nan,0.123989,nan,1.738767
7824,0.573875,0.523692,-24.816113,0.123973,26.134590,1.560089
7825,0.806055,0.627154,nan,0.123973,nan,2.057668
7826,0.556772,0.672141,-25.230635,0.123958,28.273651,1.519327
7827,0.577615,0.592074,nan,0.123958,nan,1.565451
7828,0.558186,0.522606,-25.196850,0.123942,28.367487,1.519894
7829,0.729879,0.607689,nan,0.123942,nan,1.888258
7830,0.598866,0.575802,-25.893444,0.123926,28.870062,1.608063
7831,0.573128,0.573175,nan,0.123926,nan,1.557612
7832,0.652330,0.660410,-26.569996,0.123911,28.254025,1.721921
7833,0.755579,0.742913,nan,0.123911,nan,1.931247
7834,0.780064,0.702832,-25.687601,0.123895,29.882629,1.973465
7835,0.729765,0.684232,nan,0.123895,nan,1.863090
7836,0.719904,0.664091,-25.536140,0.123879,27.949066,1.860297
7837,0.523309,0.491171,nan,0.123879,nan,1.439054
7838,0.635358,0.649803,-25.485088,0.123864,28.181454,1.687534
7839,0.625097,0.761063,nan,0.123864,nan,1.674394
7840,0.709935,0.603018,-24.988342,0.123848,28.627697,1.848864
7841,0.586046,0.560358,nan,0.123848,nan,1.601773
7842,0.397663,0.394098,-25.323681,0.123832,29.806120,1.182525
7843,0.562096,0.536117,nan,0.123832,nan,1.538364
7844,0.587061,0.550530,-25.693167,0.123816,29.638222,1.577842
7845,0.518040,0.505158,nan,0.123816,nan,1.431588
7846,0.539193,0.532025,-23.497787,0.123801,29.487194,1.502502
7847,1.220741,0.690975,nan,0.123801,nan,2.885517
7848,1.678108,1.090878,-23.214008,0.123785,27.710506,3.808928
7849,0.856779,0.520153,nan,0.123785,nan,2.134760
7850,0.760048,0.748354,-25.020161,0.123769,28.007366,1.931933
7851,0.670262,0.737456,nan,0.123769,nan,1.692519
7852,1.027913,0.724059,-27.220032,0.123754,27.996487,2.470810
7853,0.746399,0.861948,nan,0.123754,nan,1.874318
7854,0.858603,0.933485,-26.294415,0.123738,29.690132,2.105251
7855,0.643232,0.594809,nan,0.123738,nan,1.662197
7856,0.788952,0.969646,-24.575350,0.123722,29.710968,1.996488
7857,0.998736,0.782676,nan,0.123722,nan,2.425395
7858,1.077525,0.617930,-24.542870,0.123706,29.997543,2.581187
7859,0.769274,0.567674,nan,0.123706,nan,1.947286
7860,0.510156,0.510323,-25.237383,0.123691,28.870373,1.402272
7861,0.867677,0.875709,nan,0.123691,nan,2.136529
7862,1.104039,0.637140,-26.308861,0.123675,28.326509,2.600744
7863,0.809449,0.815013,nan,0.123675,nan,2.007997
7864,0.854220,0.682372,-25.454983,0.123659,30.498625,2.127627
7865,0.537847,0.556031,nan,0.123659,nan,1.472955
7866,0.523834,0.785248,-24.140743,0.123643,29.561714,1.450076
7867,0.797775,0.739601,nan,0.123643,nan,2.003356
7868,0.537527,0.510096,-25.265839,0.123627,29.692650,1.472380
7869,0.621034,1.093024,nan,0.123627,nan,1.632533
7870,0.697906,0.993125,-26.157600,0.123611,28.375244,1.809586
7871,0.472007,0.478700,nan,0.123611,nan,1.327084
7872,0.665339,0.657625,-25.140095,0.123596,29.982103,1.713873
7873,0.737197,0.738429,nan,0.123596,nan,1.895407
7874,0.634681,0.465661,-25.206593,0.123580,26.780773,1.671944
7875,0.607625,0.541495,nan,0.123580,nan,1.626641
7876,0.569004,0.605045,-25.450577,0.123564,28.360636,1.525385
7877,0.785625,0.689766,nan,0.123564,nan,1.983034
7878,0.895626,0.686509,-26.383320,0.123548,30.963570,2.210581
7879,0.673008,0.705401,nan,0.123548,nan,1.753088
7880,0.575638,0.591982,-25.404980,0.123533,27.699955,1.560589
7881,0.613062,0.689025,nan,0.123533,nan,1.629290
7882,0.642999,0.769163,-26.324963,0.123517,29.576954,1.667946
7883,0.495644,0.550684,nan,0.123517,nan,1.346164
7884,0.678482,0.769657,-26.216246,0.123501,29.164230,1.711385
7885,0.572127,0.577760,nan,0.123501,nan,1.481705
7886,0.464095,0.449037,-26.474482,0.123485,28.466053,1.297873
7887,0.550258,0.536932,nan,0.123485,nan,1.488364
7888,0.712495,0.716522,-24.891994,0.123470,28.090313,1.845699
7889,1.180979,0.940321,nan,0.123470,nan,2.784122
7890,0.819295,0.943185,-25.324890,0.123454,31.448471,2.056132
7891,0.593811,0.821244,nan,0.123454,nan,1.590326
7892,0.573310,0.553398,-27.338482,0.123438,27.365503,1.548066
7893,0.887787,1.165478,nan,0.123438,nan,2.194886
7894,0.925344,1.103936,-27.422741,0.123423,27.051128,2.260721
7895,0.803895,0.676039,nan,0.123423,nan,1.997313
7896,0.681905,0.685991,-25.373322,0.123407,29.664467,1.755838
7897,0.943572,0.668532,nan,0.123407,nan,2.271391
7898,0.802966,0.687256,-25.635742,0.123391,29.795261,1.995414
7899,0.615200,0.620232,nan,0.123391,nan,1.620846
7900,0.789109,0.778318,-26.582527,0.123376,28.886169,1.987907
7901,0.660462,0.788299,nan,0.123376,nan,1.723734
7902,0.671481,0.702704,-25.324306,0.123360,30.458227,1.765459
7903,0.624969,0.614409,nan,0.123360,nan,1.686807
7904,0.745972,0.696851,-26.209545,0.123344,30.366791,1.924866
7905,0.561941,0.600824,nan,0.123344,nan,1.546742
7906,0.619620,0.479396,-27.579746,0.123328,30.141726,1.643651
7907,0.602866,0.890550,nan,0.123328,nan,1.618313
7908,0.722919,0.839193,-25.920288,0.123313,30.526417,1.876240
7909,0.668907,0.640069,nan,0.123313,nan,1.755915
7910,0.730790,0.861419,-25.434729,0.123297,30.397903,1.853335
7911,0.783527,0.831332,nan,0.123297,nan,1.951759
7912,0.667189,0.683092,-25.619930,0.123281,27.954140,1.715651
7913,0.891943,0.933752,nan,0.123281,nan,2.205838
7914,0.692160,0.876381,-27.242950,0.123265,27.971697,1.791319
7915,1.147570,0.924611,nan,0.123265,nan,2.703671
7916,0.909920,0.685156,-26.805401,0.123249,31.604542,2.220205
7917,0.571035,0.458532,nan,0.123249,nan,1.507318
7918,1.018194,0.705501,-23.470886,0.123233,29.012394,2.452062
7919,1.668882,0.773477,nan,0.123233,nan,3.770299
7920,1.110214,0.896727,-25.585541,0.123218,30.078588,2.645599
7921,0.677549,0.801700,nan,0.123218,nan,1.715055
7922,0.728002,0.568436,-26.803747,0.123202,29.096069,1.804454
7923,0.685382,0.739145,nan,0.123202,nan,1.728186
7924,0.646379,0.602017,-26.767208,0.123186,28.972908,1.667833
7925,0.705547,0.609824,nan,0.123186,nan,1.786986
7926,0.648848,0.653319,-25.228189,0.123170,28.295773,1.684897
7927,0.976505,0.705579,nan,0.123170,nan,2.368281
7928,0.860662,0.724596,-25.621319,0.123155,29.587021,2.145312
7929,0.553722,0.883478,nan,0.123155,nan,1.473622
7930,0.819987,0.735454,-27.133551,0.123139,30.901743,2.037697
7931,0.711419,0.751284,nan,0.123139,nan,1.812858
7932,0.754909,0.799270,-26.761066,0.123123,29.711227,1.908047
7933,0.484252,0.566729,nan,0.123123,nan,1.346957
7934,0.478818,0.487315,-27.771076,0.123107,31.240650,1.343438
7935,0.723441,0.699050,nan,0.123107,nan,1.823904
7936,0.949396,0.989730,-27.434444,0.123091,31.296703,2.296999
7937,0.596202,0.618178,nan,0.123091,nan,1.580075
7938,0.633947,0.654465,-25.332630,0.123075,27.703117,1.674033
7939,0.583945,0.762437,nan,0.123075,nan,1.568969
7940,0.685787,0.729506,-26.038792,0.123059,28.725552,1.778483
7941,0.595314,0.924955,nan,0.123059,nan,1.566454
7942,0.701266,0.833637,-26.702078,0.123044,26.904501,1.779620
7943,0.695954,0.754381,nan,0.123044,nan,1.755095
7944,0.831859,0.707901,-27.285946,0.123028,30.542471,2.035649
7945,0.632379,0.655054,nan,0.123028,nan,1.623029
7946,0.523074,0.523906,-26.612022,0.123012,29.308044,1.391738
7947,0.786895,0.771529,nan,0.123012,nan,1.962706
7948,0.633107,0.616681,-27.349880,0.122997,29.284637,1.655738
7949,0.573207,0.589032,nan,0.122997,nan,1.530528
7950,0.615753,0.624654,-27.440893,0.122981,28.114227,1.628662
7951,0.690175,0.747339,nan,0.122981,nan,1.773759
7952,0.647128,0.576109,-27.427572,0.122965,29.519632,1.661942
7953,0.798842,0.523919,nan,0.122965,nan,2.005179
7954,0.562519,0.505424,-26.232430,0.122950,29.387222,1.512104
7955,0.676953,0.601200,nan,0.122950,nan,1.726988
7956,0.601193,0.645774,-24.929609,0.122934,27.653973,1.583855
7957,1.740595,0.765295,nan,0.122934,nan,3.889678
7958,1.149972,0.717563,-26.956884,0.122919,29.594303,2.690698
7959,0.701438,0.681230,nan,0.122919,nan,1.744221
7960,0.874039,0.659219,-27.549969,0.122903,29.701471,2.098051
7961,0.705164,0.653508,nan,0.122903,nan,1.746470
7962,0.702130,0.788704,-27.017620,0.122888,28.502441,1.765997
7963,0.749210,0.680917,nan,0.122888,nan,1.864077
7964,0.713527,0.722770,-26.032211,0.122872,29.869465,1.817070
7965,0.811866,0.568369,nan,0.122872,nan,2.023711
7966,0.674490,0.555386,-28.294006,0.122856,31.525932,1.732607
7967,0.710645,0.651250,nan,0.122856,nan,1.794352
7968,0.776927,0.721994,-27.808561,0.122841,29.244034,1.929842
7969,0.607444,0.663994,nan,0.122841,nan,1.582089
7970,0.853325,0.832589,-26.428053,0.122825,31.096321,2.096413
7971,0.700580,0.761544,nan,0.122825,nan,1.778739
7972,0.554415,0.527083,-27.758324,0.122809,29.716335,1.473944
7973,0.527528,0.659335,nan,0.122809,nan,1.389528
7974,0.650753,0.641642,-27.594444,0.122794,29.183666,1.643849
7975,0.891273,0.871040,nan,0.122794,nan,2.164369
7976,0.606016,0.603424,-26.721558,0.122778,29.850246,1.598190
7977,0.711102,0.706761,nan,0.122778,nan,1.822465
7978,0.526899,0.670055,-26.776394,0.122762,29.201979,1.440594
7979,0.646297,0.688238,nan,0.122762,nan,1.664219
7980,0.574401,0.928907,-27.757866,0.122747,30.044353,1.524661
7981,0.477395,1.133332,nan,0.122747,nan,1.325308
7982,0.514104,0.723745,-26.451183,0.122731,29.080070,1.384810
7983,0.559688,0.749873,nan,0.122731,nan,1.482927
7984,0.643706,0.858127,-26.588333,0.122715,30.283180,1.667521
7985,0.539417,0.563315,nan,0.122715,nan,1.453616
7986,0.502288,0.615809,-28.652157,0.122699,30.299932,1.375987
7987,0.690601,0.753668,nan,0.122699,nan,1.748113
7988,0.645362,1.195511,-27.329248,0.122684,29.327290,1.657769
7989,0.562208,1.597913,nan,0.122684,nan,1.497367
7990,0.543860,0.866700,-27.609369,0.122668,27.942436,1.472367
7991,0.721864,0.595520,nan,0.122668,nan,1.812499
7992,0.870094,0.799177,-25.813267,0.122653,29.584511,2.123078
7993,0.622043,0.857821,nan,0.122653,nan,1.651364
7994,0.922295,0.757994,-25.952223,0.122637,29.398905,2.262845
7995,0.495390,0.503869,nan,0.122637,nan,1.368657
7996,0.916065,0.884805,-27.418953,0.122622,29.059717,2.221484
7997,0.738420,0.752113,nan,0.122622,nan,1.821704
7998,0.584093,0.724535,-26.689632,0.122606,30.407215,1.556888
7999,0.505699,0.547677,nan,0.122606,nan,1.384418
8000,0.449142,0.686479,-25.675934,0.122590,28.151016,1.284733
8001,0.508493,0.792582,nan,0.122590,nan,1.397977
8002,0.584270,0.680589,-27.299606,0.122575,29.814026,1.552989
8003,0.559913,1.042422,nan,0.122575,nan,1.508382
8004,0.507370,1.032461,-28.019661,0.122559,28.964428,1.390342
8005,0.770542,0.679212,nan,0.122559,nan,1.915067
8006,0.631122,0.767780,-27.710892,0.122544,31.961945,1.631253
8007,0.446961,0.495732,nan,0.122544,nan,1.265567
8008,0.475382,0.471822,-26.598066,0.122528,29.123035,1.343056
8009,0.484920,0.542559,nan,0.122528,nan,1.363885
8010,0.690944,0.732017,-27.381699,0.122513,30.390228,1.780527
8011,0.678957,0.721229,nan,0.122513,nan,1.726412
8012,0.612732,0.680172,-27.734108,0.122497,29.476116,1.584683
8013,0.463609,0.673708,nan,0.122497,nan,1.320190
8014,0.597230,0.533649,-27.295362,0.122481,29.063669,1.575312
8015,0.677617,0.626046,nan,0.122481,nan,1.744781
8016,0.717879,0.733013,-27.125023,0.122466,30.630135,1.844092
8017,0.677960,0.510323,nan,0.122466,nan,1.777301
8018,0.682673,0.710714,-26.888485,0.122450,30.122368,1.764156
8019,0.620730,0.744959,nan,0.122450,nan,1.632894
8020,0.580826,0.542509,-27.594353,0.122435,30.501087,1.553571
8021,0.579182,0.582958,nan,0.122435,nan,1.547290
8022,0.521469,0.575739,-27.137953,0.122419,28.653744,1.429983
8023,0.521641,0.730854,nan,0.122419,nan,1.457366
8024,0.523911,0.601162,-26.758263,0.122403,28.180754,1.455559
8025,0.687629,0.515807,nan,0.122403,nan,1.775946
8026,0.545040,0.445100,-27.080460,0.122388,27.604200,1.484444
8027,0.746622,0.720939,nan,0.122388,nan,1.903578
8028,0.768014,0.873969,-27.024591,0.122373,28.475414,1.951740
8029,0.505874,0.584610,nan,0.122373,nan,1.365795
8030,0.690749,0.634667,-28.395231,0.122357,30.086445,1.767419
8031,0.674667,0.838773,nan,0.122357,nan,1.724637
8032,0.825858,0.562734,-26.875393,0.122342,28.865414,2.034718
8033,0.817786,0.700528,nan,0.122342,nan,2.018388
8034,0.915470,0.722065,-25.776424,0.122326,31.517010,2.231662
8035,1.426776,1.034483,nan,0.122326,nan,3.287529
8036,0.943886,1.008369,-26.995586,0.122311,28.377125,2.302146
8037,0.568794,0.627109,nan,0.122311,nan,1.509912
8038,0.583250,0.956832,-27.182201,0.122296,29.853790,1.555546
8039,0.573728,0.980510,nan,0.122296,nan,1.519233
8040,0.731401,0.901246,-27.169376,0.122280,29.881641,1.844086
8041,0.763088,0.901656,nan,0.122280,nan,1.914650
8042,0.747898,1.069201,-26.385433,0.122265,27.875620,1.890907
8043,0.710332,0.668105,nan,0.122265,nan,1.820371
8044,0.588299,0.593630,-27.297558,0.122250,27.344337,1.555230
8045,0.488377,0.561273,nan,0.122250,nan,1.349854
8046,0.627277,0.666271,-26.787502,0.122234,28.287704,1.636570
8047,0.681515,0.838771,nan,0.122234,nan,1.777331
8048,0.668038,0.840503,-27.895922,0.122219,30.827890,1.746006
8049,0.629067,0.723181,nan,0.122219,nan,1.664854
8050,0.626728,0.598821,-28.731487,0.122204,31.797054,1.668875
8051,0.673170,0.674999,nan,0.122204,nan,1.730842
8052,0.447410,0.443464,-26.852547,0.122188,29.448648,1.247800
8053,0.465764,0.542085,nan,0.122188,nan,1.329897
8054,0.628912,0.751074,-26.206390,0.122173,29.502609,1.675682
8055,0.618507,0.730738,nan,0.122173,nan,1.623665
8056,0.632495,0.873319,-28.099022,0.122158,32.008190,1.656872
8057,0.566937,0.581015,nan,0.122158,nan,1.513083
8058,0.501562,0.567692,-27.678444,0.122142,29.410326,1.358526
8059,0.674552,0.543665,nan,0.122142,nan,1.742818
8060,0.779921,0.878800,-26.286831,0.122127,28.033920,1.974368
8061,0.660808,0.740804,nan,0.122127,nan,1.722509
8062,0.544817,0.585026,-28.243620,0.122111,29.305244,1.485466
8063,0.935190,0.789733,nan,0.122111,nan,2.269915
8064,0.511082,0.661610,-27.828163,0.122096,29.462862,1.392652
8065,0.661414,0.627783,nan,0.122096,nan,1.724215
8066,0.564636,0.837143,-26.506191,0.122081,31.909410,1.517264
8067,0.824247,0.876146,nan,0.122081,nan,2.070194
8068,0.663612,0.552394,-27.856277,0.122065,28.891994,1.741887
8069,0.746608,0.739252,nan,0.122065,nan,1.904271
8070,0.741516,0.748884,-28.896332,0.122050,29.317574,1.884356
8071,0.733963,0.472620,nan,0.122050,nan,1.866672
8072,0.682441,0.569129,-27.526020,0.122034,29.754501,1.772226
8073,0.750974,0.717330,nan,0.122034,nan,1.915230
8074,0.647861,0.544643,-27.439095,0.122019,30.537357,1.718751
8075,0.646062,0.780532,nan,0.122019,nan,1.712431
8076,0.625917,0.581210,-28.367588,0.122004,27.106565,1.663570
8077,0.803813,0.839862,nan,0.122004,nan,2.017339
8078,0.982142,0.893824,-27.234882,0.121988,29.525457,2.401004
8079,0.681997,0.739524,nan,0.121988,nan,1.761433
8080,0.640233,0.718796,-26.533026,0.121973,29.325226,1.706402
8081,0.768608,0.754186,nan,0.121973,nan,1.949401
8082,0.822544,0.806027,-26.860371,0.121958,29.404739,2.071730
8083,0.669991,0.944484,nan,0.121958,nan,1.771222
8084,0.772820,0.871018,-27.254524,0.121942,30.618935,1.961641
8085,0.768492,0.604106,nan,0.121942,nan,1.965105
8086,0.578367,0.665658,-26.614565,0.121927,28.879597,1.563983
8087,0.580976,0.553427,nan,0.121927,nan,1.570598
8088,0.531898,0.514781,-28.066105,0.121912,30.105331,1.482836
8089,0.716959,0.797627,nan,0.121912,nan,1.863104
8090,0.428924,0.466648,-27.443317,0.121897,30.589256,1.247635
8091,0.753462,0.819962,nan,0.121897,nan,1.914173
8092,0.641319,0.610270,-27.733612,0.121881,29.090780,1.694630
8093,0.426124,1.237984,nan,0.121881,nan,1.245933
8094,0.610834,1.152884,-28.265453,0.121866,30.564800,1.650847
8095,0.742236,0.611864,nan,0.121866,nan,1.882408
8096,0.552625,0.748514,-27.187294,0.121851,29.872223,1.510126
8097,0.497410,0.524218,nan,0.121851,nan,1.375360
8098,0.747391,0.655517,-27.915722,0.121835,31.064816,1.938187
8099,0.596781,0.599510,nan,0.121835,nan,1.604398
8100,0.649473,0.693018,-28.679674,0.121820,32.404800,1.730776
8101,0.674914,0.658504,nan,0.121820,nan,1.776817
8102,0.509821,0.495146,-27.887362,0.121804,30.924397,1.419695
8103,0.413668,0.391846,nan,0.121804,nan,1.217143
8104,0.570289,0.591282,-27.986961,0.121789,29.022110,1.529807
8105,0.488614,0.474236,nan,0.121789,nan,1.387782
8106,0.648812,0.753446,-28.261082,0.121773,29.148903,1.702142
8107,0.593157,0.565097,nan,0.121773,nan,1.583273
8108,0.549153,0.828424,-27.408384,0.121758,31.900141,1.531484
8109,0.540839,0.477199,nan,0.121758,nan,1.515345
8110,0.498196,0.679085,-27.977428,0.121742,28.614799,1.400633
8111,0.706126,0.741578,nan,0.121742,nan,1.853684
8112,0.442669,0.530652,-27.242188,0.121727,30.345917,1.298972
8113,0.587290,0.590656,nan,0.121727,nan,1.582052
8114,0.754767,0.620369,-28.962833,0.121711,30.497101,1.930096
8115,0.817368,0.738422,nan,0.121711,nan,2.045078
8116,0.759884,0.620210,-28.100090,0.121696,30.068903,1.945357
8117,0.681450,0.612324,nan,0.121696,nan,1.757979
8118,0.866514,0.685850,-27.740158,0.121680,32.016003,2.155179
8119,0.672866,0.669758,nan,0.121680,nan,1.749104
8120,0.600892,0.823850,-26.702728,0.121665,29.228027,1.618807
8121,0.519438,0.505134,nan,0.121665,nan,1.448460
8122,0.563707,0.499479,-28.634806,0.121649,30.672382,1.534903
8123,0.747432,0.720732,nan,0.121649,nan,1.921630
8124,1.024695,0.655302,-28.320625,0.121634,31.084200,2.478986
8125,0.843810,0.611513,nan,0.121634,nan,2.090715
8126,0.519540,0.488897,-27.913078,0.121619,29.039417,1.406385
8127,0.610045,0.607458,nan,0.121619,nan,1.621676
8128,0.729982,0.925988,-26.365860,0.121603,28.665325,1.884646
8129,0.847970,0.968216,nan,0.121603,nan,2.130283
8130,0.607215,0.500126,-27.908068,0.121588,29.044868,1.631934
8131,0.583514,0.625261,nan,0.121588,nan,1.555042
8132,0.679531,0.624869,-27.882309,0.121572,30.929668,1.771783
8133,0.614978,0.521545,nan,0.121572,nan,1.625192
8134,0.657701,0.513515,-26.267946,0.121557,29.787794,1.731377
8135,1.187111,0.679093,nan,0.121557,nan,2.813083
8136,0.627720,0.604038,-27.407858,0.121542,29.228151,1.672869
8137,0.745228,0.699316,nan,0.121542,nan,1.929075
8138,0.760315,0.546698,-26.938501,0.121526,30.985882,1.938322
8139,0.456742,0.451498,nan,0.121526,nan,1.306448
8140,0.488060,0.784081,-27.296646,0.121511,31.002094,1.374050
8141,0.526641,0.481999,nan,0.121511,nan,1.456834
8142,0.527648,0.808099,-27.847687,0.121496,30.885454,1.443498
8143,0.834764,0.697236,nan,0.121496,nan,2.114189
8144,0.540665,0.546203,-27.049259,0.121480,30.261948,1.469252
8145,0.668646,1.281037,nan,0.121480,nan,1.765612
8146,0.720652,0.852396,-28.179686,0.121465,30.801184,1.868148
8147,0.744376,0.457642,nan,0.121465,nan,1.938818
8148,0.729872,0.879380,-28.272511,0.121450,28.778439,1.887738
8149,0.519594,0.878613,nan,0.121450,nan,1.440298
8150,0.794097,0.733639,-28.056847,0.121434,29.451279,2.015847
8151,0.705869,0.605791,nan,0.121434,nan,1.826308
8152,0.891236,0.862801,-27.354511,0.121419,29.220364,2.217692
8153,0.786241,0.721861,nan,0.121419,nan,1.991601
8154,0.792417,0.888870,-28.300123,0.121404,27.922159,2.030941
8155,0.537572,0.576576,nan,0.121404,nan,1.495919
8156,0.578985,0.525877,-27.793423,0.121389,31.416718,1.583102
8157,0.620512,0.771259,nan,0.121389,nan,1.634999
8158,0.766809,0.668500,-29.436111,0.121373,29.874275,1.969165
8159,1.046737,0.867118,nan,0.121373,nan,2.523015
8160,1.208909,0.748033,-28.456095,0.121358,29.509390,2.848550
8161,0.783222,0.663572,nan,0.121358,nan,1.987266
8162,1.052069,0.742155,-26.603254,0.121343,30.529589,2.557135
8163,1.294248,0.873363,nan,0.121343,nan,3.061884
8164,0.837264,0.524631,-28.527725,0.121328,30.645369,2.134542
8165,0.687024,0.541068,nan,0.121328,nan,1.794165
8166,0.859294,0.664339,-29.374626,0.121312,31.184986,2.141576
8167,0.722154,0.679718,nan,0.121312,nan,1.879976
8168,0.639521,0.933612,-29.380993,0.121297,31.455151,1.691894
8169,0.653073,0.465097,nan,0.121297,nan,1.711911
8170,0.646804,0.637796,-27.680477,0.121282,30.979738,1.707074
8171,0.801261,0.681216,nan,0.121282,nan,2.060395
8172,0.598737,0.598240,-29.179497,0.121266,30.612625,1.619541
8173,0.636866,0.422440,nan,0.121266,nan,1.677315
8174,0.756461,0.688100,-29.594345,0.121251,29.568939,1.916457
8175,0.639722,0.621784,nan,0.121251,nan,1.674314
8176,0.791765,0.725646,-27.513489,0.121236,27.530107,2.011098
8177,0.569290,0.514710,nan,0.121236,nan,1.557601
8178,0.560060,0.763904,-29.259346,0.121221,30.683353,1.540898
8179,0.764164,0.610133,nan,0.121221,nan,1.918482
8180,0.618977,0.666887,-29.003853,0.121205,29.518024,1.624852
8181,0.612803,0.897679,nan,0.121205,nan,1.622989
8182,0.624931,0.677737,-27.596004,0.121190,31.258999,1.677262
8183,0.736256,1.570689,nan,0.121190,nan,1.875135
8184,0.587522,1.077783,-28.072168,0.121175,30.287037,1.611692
8185,0.641859,0.680312,nan,0.121175,nan,1.730301
8186,0.729516,0.740989,-27.978722,0.121160,30.551617,1.903059
8187,0.637203,1.077903,nan,0.121160,nan,1.641141
8188,0.794824,0.679772,-28.731239,0.121144,29.082687,1.971444
8189,0.489605,0.613580,nan,0.121144,nan,1.346745
8190,0.772121,0.689142,-28.941845,0.121129,31.202806,1.936959
8191,0.580952,0.580459,nan,0.121129,nan,1.541374
8192,0.595955,0.640245,-29.250263,0.121114,31.091591,1.584271
8193,0.587321,0.560758,nan,0.121114,nan,1.558759
8194,0.507696,0.613119,-28.307505,0.121099,29.492834,1.426240
8195,0.680739,0.740080,nan,0.121099,nan,1.759053
8196,0.506387,0.499929,-29.566559,0.121083,30.966343,1.399464
8197,0.753768,0.778003,nan,0.121083,nan,1.883942
8198,0.723642,0.542496,-28.911860,0.121068,30.809435,1.810749
8199,0.738868,0.508415,nan,0.121068,nan,1.898291
8200,0.891249,0.681180,-29.335636,0.121053,30.607670,2.219871
8201,0.694785,0.611518,nan,0.121053,nan,1.762212
8202,0.626963,0.727121,-28.424669,0.121038,30.186226,1.634233
8203,0.554068,0.511855,nan,0.121038,nan,1.498669
8204,0.795787,0.761778,-28.047573,0.121022,31.274611,2.039802
8205,0.673946,0.621578,nan,0.121022,nan,1.797245
8206,0.689041,1.226250,-26.900375,0.121007,29.544453,1.793437
8207,0.759034,0.913900,nan,0.121007,nan,1.926530
8208,0.627448,0.655457,-29.757420,0.120992,30.334467,1.636570
8209,0.591223,0.642107,nan,0.120992,nan,1.559222
8210,0.825086,0.835992,-27.944458,0.120976,31.143459,2.023109
8211,0.621000,0.635654,nan,0.120976,nan,1.612154
8212,0.701193,0.839648,-28.398663,0.120961,29.516399,1.809926
8213,0.467187,0.725840,nan,0.120961,nan,1.279449
8214,0.672226,0.708699,-27.595860,0.120946,29.248524,1.726238
8215,0.701740,0.704763,nan,0.120946,nan,1.774195
8216,0.578929,0.550171,-29.252634,0.120931,30.941095,1.542158
8217,0.755579,0.673521,nan,0.120931,nan,1.931850
8218,0.705186,0.590150,-28.831879,0.120916,29.960819,1.803453
8219,0.821775,0.646888,nan,0.120916,nan,2.057891
8220,0.634671,0.725570,-28.701410,0.120900,33.164177,1.679381
8221,0.650389,0.696425,nan,0.120900,nan,1.720006
8222,0.608779,0.667883,-29.078644,0.120885,30.193958,1.640435
8223,0.684720,0.571657,nan,0.120885,nan,1.802468
8224,0.588361,0.543046,-29.113375,0.120870,29.797722,1.550586
8225,0.851676,0.598825,nan,0.120870,nan,2.094873
8226,0.774638,0.550085,-29.680996,0.120855,30.651354,1.916763
8227,0.551660,0.658523,nan,0.120855,nan,1.497613
8228,0.703733,0.565335,-28.229399,0.120839,28.843513,1.821990
8229,0.596480,0.578634,nan,0.120839,nan,1.619393
8230,0.779222,0.793041,-29.436443,0.120824,31.222153,1.980759
8231,0.788949,0.890841,nan,0.120824,nan,1.913877
8232,0.750475,0.630283,-28.399950,0.120809,28.711452,1.803791
8233,0.896822,0.772706,nan,0.120809,nan,2.114453
8234,0.761679,0.693541,-28.837502,0.120794,29.286213,1.851237
8235,0.649277,0.837949,nan,0.120794,nan,1.655584
8236,0.773447,1.050148,-29.134783,0.120779,27.675426,1.933180
8237,0.624877,0.728070,nan,0.120779,nan,1.614441
8238,0.732865,1.424814,-28.755423,0.120764,33.265629,1.854239
8239,0.664530,0.684368,nan,0.120764,nan,1.718834
8240,0.850228,0.812132,-28.516769,0.120749,30.134502,2.112623
8241,0.625170,0.980159,nan,0.120749,nan,1.664969
8242,0.758680,0.790767,-28.464468,0.120734,31.953510,1.908212
8243,0.762247,0.759833,nan,0.120734,nan,1.912691
8244,0.568008,0.798030,-27.560146,0.120719,27.909740,1.554066
8245,0.999312,0.858699,nan,0.120719,nan,2.441577
8246,0.529826,0.532953,-29.480440,0.120704,29.791538,1.453676
8247,0.685779,0.508413,nan,0.120704,nan,1.736811
8248,0.745257,0.748832,-29.333748,0.120688,32.667400,1.913432
8249,0.471716,0.541849,nan,0.120688,nan,1.368186
8250,0.606919,0.572817,-28.702282,0.120673,32.282310,1.656785
8251,0.596683,0.593164,nan,0.120673,nan,1.598633
8252,0.661546,0.818322,-29.194252,0.120658,30.660534,1.717031
8253,0.601280,0.608051,nan,0.120658,nan,1.538681
8254,0.708122,0.725512,-27.375257,0.120643,29.279280,1.780464
8255,0.661551,0.601814,nan,0.120643,nan,1.701417
8256,0.685895,0.648460,-28.426931,0.120628,30.594982,1.762150
8257,0.507599,0.532277,nan,0.120628,nan,1.369956
8258,0.620091,0.651194,-29.633976,0.120613,28.048691,1.604479
8259,0.599320,0.635115,nan,0.120613,nan,1.604805
8260,0.689314,0.659049,-28.920727,0.120598,30.378284,1.809645
8261,0.646987,0.643195,nan,0.120598,nan,1.750057
8262,0.582237,0.602447,-29.651749,0.120583,30.537502,1.625168
8263,0.607095,0.595964,nan,0.120583,nan,1.656345
8264,0.833944,0.810096,-29.716370,0.120568,31.135311,2.118749
8265,0.473746,0.490863,nan,0.120568,nan,1.357900
8266,0.697973,1.103725,-28.764784,0.120553,31.409611,1.800322
8267,0.652049,0.552049,nan,0.120553,nan,1.697770
8268,0.761226,0.704089,-28.644684,0.120537,30.935690,1.930570
8269,0.715107,0.703978,nan,0.120537,nan,1.814744
8270,0.811112,0.699041,-29.412239,0.120522,30.494247,2.005756
8271,0.714351,0.655216,nan,0.120522,nan,1.847699
8272,0.647487,0.626694,-29.166983,0.120507,30.826561,1.735521
8273,0.665467,0.739015,nan,0.120507,nan,1.771659
8274,0.752481,1.142026,-26.919538,0.120492,32.291298,1.953584
8275,0.594716,0.896320,nan,0.120492,nan,1.643952
8276,0.713815,0.466856,-29.485134,0.120477,32.097103,1.862771
8277,0.617448,0.833242,nan,0.120477,nan,1.646681
8278,0.669015,0.629808,-29.434166,0.120462,29.398842,1.726695
8279,0.657135,0.513660,nan,0.120462,nan,1.719833
8280,0.596707,0.608048,-28.005638,0.120446,33.190239,1.611215
8281,1.222846,0.569063,nan,0.120446,nan,2.903165
8282,1.080516,0.703889,-27.791382,0.120431,31.710808,2.612432
8283,0.811922,1.301964,nan,0.120431,nan,2.051848
8284,0.541935,1.026797,-29.311901,0.120416,30.070499,1.455577
8285,0.727859,0.738707,nan,0.120416,nan,1.870624
8286,0.477921,0.581975,-29.517845,0.120400,30.988277,1.339554
8287,0.695606,0.718415,nan,0.120400,nan,1.789191
8288,0.706352,0.765020,-29.318684,0.120385,31.926765,1.847481
8289,0.607317,0.631389,nan,0.120385,nan,1.638524
8290,0.591026,0.575991,-29.636837,0.120370,31.745201,1.599826
8291,0.806017,0.604142,nan,0.120370,nan,2.049757
8292,0.665286,0.618392,-28.145565,0.120355,29.994480,1.745120
8293,0.606511,0.748844,nan,0.120355,nan,1.630633
8294,0.904895,0.644563,-28.652256,0.120339,30.568413,2.247563
8295,0.756120,0.707956,nan,0.120339,nan,1.931767
8296,0.750799,0.858244,-30.622486,0.120324,30.801046,1.941938
8297,1.060778,0.500866,nan,0.120324,nan,2.551615
8298,1.062853,0.568094,-29.874241,0.120309,31.419151,2.592365
8299,0.537449,0.872850,nan,0.120309,nan,1.483383
8300,0.571593,0.577015,-27.085676,0.120294,30.259800,1.577933
8301,0.882305,1.071994,nan,0.120294,nan,2.235470
8302,1.104335,0.825072,-26.791880,0.120279,30.043854,2.698377
8303,0.958757,0.742022,nan,0.120279,nan,2.401259
8304,0.890126,0.547980,-28.753248,0.120263,31.007624,2.252926
8305,0.689721,0.739537,nan,0.120263,nan,1.821588
8306,0.850118,0.577492,-29.405724,0.120248,30.203587,2.134798
8307,0.821915,0.790490,nan,0.120248,nan,2.088497
8308,0.718646,0.749830,-29.370174,0.120233,32.952713,1.880074
8309,0.461407,0.481772,nan,0.120233,nan,1.347745
8310,0.670295,0.717060,-28.780346,0.120218,31.225895,1.760131
8311,0.694887,0.627325,nan,0.120218,nan,1.762565
8312,0.721159,0.698324,-29.067696,0.120203,29.427376,1.857017
8313,0.741391,0.603063,nan,0.120203,nan,1.886682
8314,0.521411,0.538292,-28.938633,0.120188,29.854759,1.431111
8315,0.631028,0.942172,nan,0.120188,nan,1.681265
8316,0.603308,0.614404,-26.923504,0.120173,31.731270,1.627834
8317,0.611116,1.408739,nan,0.120173,nan,1.650917
8318,0.744611,0.993821,-28.319134,0.120158,28.625910,1.930147
8319,0.732811,0.736904,nan,0.120158,nan,1.932930
8320,0.662517,0.726340,-30.241278,0.120143,32.068069,1.777165
8321,0.718371,0.754441,nan,0.120143,nan,1.867124
8322,0.816498,0.556137,-27.788021,0.120127,30.836597,2.092626
8323,0.640703,0.694081,nan,0.120127,nan,1.731901
8324,0.632009,0.409163,-28.481449,0.120112,30.927258,1.720642
8325,0.663449,0.665851,nan,0.120112,nan,1.783424
8326,0.725771,0.675931,-29.103598,0.120097,31.876589,1.874784
8327,0.670202,0.600746,nan,0.120097,nan,1.723679
8328,0.668245,0.816192,-27.774563,0.120082,29.950500,1.746890
8329,0.762013,0.667433,nan,0.120082,nan,1.941662
8330,0.664663,1.006062,-28.162136,0.120067,32.051758,1.725662
8331,0.791268,0.853788,nan,0.120067,nan,2.028319
8332,0.565798,0.579094,-28.801529,0.120052,31.060509,1.563700
8333,0.757842,0.946607,nan,0.120052,nan,1.995250
8334,0.703545,0.774144,-27.229233,0.120037,31.337269,1.879555
8335,0.535792,1.036110,nan,0.120037,nan,1.536030
8336,0.823460,1.464486,-27.963146,0.120022,31.963873,2.122161
8337,1.079219,0.515571,nan,0.120022,nan,2.646500
8338,0.610413,0.724539,-29.928518,0.120007,30.010719,1.671082
8339,0.785351,0.681078,nan,0.120007,nan,1.999523
8340,0.810624,0.580459,-29.492865,0.119991,33.572433,2.055977
8341,0.740579,0.731585,nan,0.119991,nan,1.925892
8342,0.587593,0.686056,-29.164917,0.119976,30.872723,1.575962
8343,0.498231,0.511666,nan,0.119976,nan,1.381416
8344,0.833941,0.645512,-27.524460,0.119961,31.389580,2.084027
8345,0.526904,0.547490,nan,0.119961,nan,1.470946
8346,0.648206,0.741790,-29.979034,0.119946,31.900730,1.746470
8347,0.851961,0.855100,nan,0.119946,nan,2.165148
8348,0.896868,0.870103,-29.439358,0.119931,30.577118,2.261025
8349,0.607846,0.683610,nan,0.119931,nan,1.649759
8350,0.674996,0.672119,-29.282919,0.119916,30.023779,1.799726
8351,0.630582,0.649398,nan,0.119916,nan,1.692618
8352,0.558092,0.467301,-29.311115,0.119901,29.646534,1.534501
8353,0.707038,0.649429,nan,0.119901,nan,1.820817
8354,0.679273,0.695792,-29.184156,0.119886,30.973242,1.784841
8355,0.677500,0.652716,nan,0.119886,nan,1.764260
8356,0.640775,0.615048,-29.850636,0.119870,33.490864,1.720106
8357,0.616183,0.616551,nan,0.119870,nan,1.671191
8358,0.512610,0.804428,-28.711290,0.119855,30.667683,1.449275
8359,0.560169,0.747065,nan,0.119855,nan,1.561485
8360,0.487255,0.435589,-27.534828,0.119840,30.426908,1.418231
8361,0.734312,0.420622,nan,0.119840,nan,1.928915
8362,0.606775,0.724896,-29.325062,0.119825,31.301369,1.657447
8363,0.792487,0.643865,nan,0.119825,nan,2.045312
8364,0.732756,0.649274,-29.008318,0.119810,30.004120,1.913246
8365,0.598371,0.633722,nan,0.119810,nan,1.643661
8366,0.571133,0.620437,-29.952381,0.119795,34.793285,1.564330
8367,0.615676,0.957585,nan,0.119795,nan,1.652730
8368,0.502214,0.474914,-30.150291,0.119780,32.182499,1.412784
8369,0.667834,0.758244,nan,0.119780,nan,1.778835
8370,0.643376,0.603090,-28.539490,0.119765,30.125523,1.714973
8371,0.674449,0.968003,nan,0.119765,nan,1.782745
8372,0.481405,0.712938,-29.431808,0.119749,30.293541,1.362823
8373,0.622675,0.633146,nan,0.119749,nan,1.705388
8374,0.634303,0.631894,-29.174599,0.119734,29.981194,1.703720
8375,0.585389,0.967297,nan,0.119734,nan,1.628630
8376,0.524292,0.650609,-29.994781,0.119719,31.810722,1.479338
8377,0.527782,0.858696,nan,0.119719,nan,1.500141
8378,0.585492,0.729556,-29.962780,0.119704,32.327847,1.622610
8379,0.599422,0.598322,nan,0.119704,nan,1.646643
8380,0.690889,0.640796,-28.305485,0.119689,30.812416,1.845437
8381,0.495764,0.517767,nan,0.119689,nan,1.442117
8382,0.672322,0.713885,-28.838493,0.119674,32.118103,1.816427
8383,0.694810,0.660833,nan,0.119674,nan,1.854442
8384,0.565512,0.577465,-29.931126,0.119659,30.616600,1.586597
8385,0.875130,0.650586,nan,0.119659,nan,2.232010
8386,0.503204,0.492132,-29.315094,0.119644,31.480181,1.428644
8387,0.523240,0.619351,nan,0.119644,nan,1.514463
8388,0.634392,0.581176,-27.264694,0.119629,30.344814,1.741077
8389,0.428519,0.824406,nan,0.119629,nan,1.276398
8390,0.672106,0.544080,-29.408138,0.119614,30.088799,1.802731
8391,0.706501,0.810331,nan,0.119614,nan,1.875942
8392,0.593686,0.795589,-29.957207,0.119599,30.759584,1.639800
8393,0.609294,0.561629,nan,0.119599,nan,1.626761
8394,0.705439,0.767094,-29.544392,0.119584,31.745911,1.853613
8395,0.803823,0.671318,nan,0.119584,nan,2.075798
8396,0.595099,0.718856,-29.294184,0.119569,32.235283,1.648261
8397,0.616491,0.665041,nan,0.119569,nan,1.673116
8398,0.483302,0.645393,-30.196987,0.119554,32.167915,1.397212
8399,0.500593,0.654690,nan,0.119554,nan,1.463030
8400,0.579095,0.547852,-29.260677,0.119539,28.982361,1.608711
8401,0.357791,0.376402,nan,0.119539,nan,1.113422
8402,0.451510,0.461986,-29.479630,0.119524,29.180853,1.333856
8403,0.591723,0.556396,nan,0.119524,nan,1.644108
8404,0.601478,0.565257,-28.087801,0.119509,31.585672,1.664824
8405,0.718781,0.702635,nan,0.119509,nan,1.926822
8406,0.560001,0.516643,-29.677343,0.119494,30.711391,1.569614
8407,0.503557,0.538325,nan,0.119494,nan,1.442225
8408,0.719489,0.573978,-30.731781,0.119480,29.657265,1.903172
8409,0.850374,0.836456,nan,0.119480,nan,2.140105
8410,0.566178,0.598466,-29.037308,0.119465,29.769753,1.581136
8411,0.551759,0.603639,nan,0.119465,nan,1.566699
8412,1.044315,0.657809,-28.235516,0.119450,34.192612,2.585674
8413,0.997143,0.716969,nan,0.119450,nan,2.484403
8414,0.432001,0.409196,-30.185097,0.119435,32.699921,1.340934
8415,0.747987,0.759376,nan,0.119435,nan,1.950328
8416,0.473467,0.652143,-29.595207,0.119420,30.665356,1.389606
8417,0.528037,0.576166,nan,0.119420,nan,1.511259
8418,0.660120,0.797696,-29.718182,0.119405,31.883482,1.801070
8419,0.533217,0.525200,nan,0.119405,nan,1.521559
8420,0.542863,0.565201,-29.236340,0.119390,30.496384,1.508096
8421,0.461252,0.484510,nan,0.119390,nan,1.378765
8422,0.682430,0.505364,-30.647305,0.119375,32.333801,1.855196
8423,0.657308,0.580208,nan,0.119375,nan,1.779615
8424,0.664444,0.645552,-29.823204,0.119360,32.070389,1.779819
8425,0.549777,0.490828,nan,0.119360,nan,1.563225
8426,0.533987,0.567912,-29.428713,0.119345,31.192999,1.528755
8427,0.566410,0.548963,nan,0.119345,nan,1.598705
8428,0.694853,0.652973,-30.294367,0.119330,32.523132,1.873374
8429,0.494782,0.571718,nan,0.119330,nan,1.418162
8430,0.532924,0.392963,-27.225716,0.119315,31.437864,1.501049
8431,0.840486,1.282231,nan,0.119315,nan,2.162523
8432,0.571603,0.576401,-28.416508,0.119300,30.960915,1.594064
8433,0.748630,1.048920,nan,0.119300,nan,1.966157
8434,0.682633,0.709210,-29.480640,0.119285,31.457214,1.816114
8435,0.629761,0.552156,nan,0.119285,nan,1.708055
8436,0.680162,0.600475,-28.499487,0.119270,31.701653,1.809448
8437,0.863010,0.680654,nan,0.119270,nan,2.180532
8438,0.733808,0.585916,-28.975952,0.119255,30.709105,1.932038
8439,0.800910,0.720239,nan,0.119255,nan,2.069992
8440,0.669867,0.432597,-30.331329,0.119240,31.818979,1.799893
8441,0.507670,0.479459,nan,0.119240,nan,1.426004
8442,0.679790,0.743909,-29.019455,0.119225,33.125168,1.830810
8443,0.775657,0.646428,nan,0.119225,nan,2.035422
8444,0.713378,0.828328,-29.791904,0.119210,31.037209,1.888245
8445,0.561312,0.507632,nan,0.119210,nan,1.601640
8446,0.739613,0.518801,-28.909760,0.119195,31.476036,1.940903
8447,0.719194,0.499675,nan,0.119195,nan,1.915940
8448,0.729020,0.709916,-29.063625,0.119180,31.778740,1.903782
8449,0.750597,0.826479,nan,0.119180,nan,1.971977
8450,0.905376,0.788510,-28.804811,0.119165,32.179249,2.306584
8451,0.643246,0.674798,nan,0.119165,nan,1.747377
8452,0.504375,0.478921,-28.280214,0.119151,31.195637,1.462795
8453,0.723618,1.285481,nan,0.119151,nan,1.899482
8454,0.916835,0.698686,-29.940239,0.119135,33.236481,2.308147
8455,0.540789,0.732963,nan,0.119135,nan,1.511275
8456,0.691632,0.777353,-29.471590,0.119120,31.235893,1.837407
8457,0.564151,0.556987,nan,0.119120,nan,1.575174
8458,0.594993,0.678552,-28.706154,0.119105,30.301182,1.633259
8459,0.677387,0.582422,nan,0.119105,nan,1.796980
8460,0.660829,0.805920,-28.543039,0.119090,32.338978,1.777678
8461,0.536089,0.576223,nan,0.119090,nan,1.506466
8462,0.522124,0.648089,-29.700191,0.119075,32.676514,1.466534
8463,0.660469,0.701750,nan,0.119075,nan,1.757365
8464,0.500102,0.482065,-30.971024,0.119060,30.659657,1.431590
8465,0.590174,0.759323,nan,0.119060,nan,1.638736
8466,0.622573,0.626237,-29.284397,0.119046,32.494347,1.706476
8467,1.063232,0.988487,nan,0.119046,nan,2.621597
8468,0.616500,0.848148,-29.082825,0.119031,31.641912,1.719611
8469,0.410937,0.445257,nan,0.119031,nan,1.295626
8470,0.624427,0.747179,-30.071943,0.119016,32.640549,1.726535
8471,0.501210,0.697374,nan,0.119016,nan,1.455792
8472,0.541601,0.549411,-28.575642,0.119000,32.235397,1.527460
8473,0.813119,0.666788,nan,0.119000,nan,2.095449
8474,0.665170,0.639287,-29.707870,0.118985,32.397835,1.793466
8475,0.846952,0.756732,nan,0.118985,nan,2.175350
8476,0.538078,0.538498,-28.906992,0.118970,32.486168,1.528527
8477,0.842475,0.675962,nan,0.118970,nan,2.149308
8478,0.566970,0.609730,-28.808617,0.118955,32.204807,1.584697
8479,0.759175,0.521111,nan,0.118955,nan,1.982487
8480,0.724293,0.587061,-29.538612,0.118940,29.634853,1.891546
8481,0.588749,0.661510,nan,0.118940,nan,1.600693
8482,0.676150,0.648443,-29.852192,0.118925,31.897778,1.792327
8483,0.703082,0.655687,nan,0.118925,nan,1.852311
8484,0.548338,0.523851,-29.056702,0.118910,30.967289,1.537456
8485,0.417852,0.379335,nan,0.118910,nan,1.283610
8486,0.469998,0.474183,-30.313499,0.118896,31.557837,1.393258
8487,0.554877,0.588544,nan,0.118896,nan,1.585638
8488,0.518520,0.554544,-28.958256,0.118881,31.765051,1.487883
8489,0.610813,0.537751,nan,0.118881,nan,1.675779
8490,0.633749,0.812076,-30.224461,0.118866,32.546883,1.729389
8491,0.546253,0.529275,nan,0.118866,nan,1.551778
8492,0.421040,0.398017,-30.342751,0.118851,31.796246,1.292426
8493,0.548773,0.739789,nan,0.118851,nan,1.561993
8494,0.453674,0.508461,-28.925062,0.118836,29.475533,1.367918
8495,0.522235,0.467513,nan,0.118836,nan,1.496649
8496,0.726767,0.646552,-30.155560,0.118821,32.968750,1.931814
8497,0.575745,0.631170,nan,0.118821,nan,1.614040
8498,0.678842,0.597939,-30.685343,0.118806,31.411034,1.816173
8499,0.544445,0.601003,nan,0.118806,nan,1.552723
8500,0.582056,0.686382,-28.810551,0.118791,29.216684,1.632961
8501,0.653022,0.760053,nan,0.118791,nan,1.781575
8502,0.574622,0.898545,-29.767876,0.118777,30.542442,1.615312
8503,0.545985,0.662283,nan,0.118777,nan,1.542215
8504,0.623557,0.643279,-30.773359,0.118762,31.637718,1.689625
8505,0.624138,0.724210,nan,0.118762,nan,1.664976
8506,0.619669,0.572242,-29.286867,0.118747,31.062103,1.679914
8507,0.545462,0.473936,nan,0.118747,nan,1.511442
8508,0.445450,1.062876,-29.060600,0.118732,32.363422,1.327966
8509,0.413686,0.481255,nan,0.118732,nan,1.250019
8510,0.528570,1.021740,-30.184557,0.118718,29.091358,1.510902
8511,0.726742,1.360646,nan,0.118718,nan,1.899175
8512,0.633449,0.607258,-29.080082,0.118703,29.368031,1.709144
8513,0.502565,0.629820,nan,0.118703,nan,1.446815
8514,0.836652,0.629947,-29.407284,0.118689,31.981823,2.142718
8515,0.657429,0.553408,nan,0.118689,nan,1.799060
8516,0.818314,0.648889,-30.692535,0.118674,32.736855,2.120457
8517,0.526954,0.677203,nan,0.118674,nan,1.496349
8518,0.543346,0.597999,-29.706419,0.118659,31.525167,1.550321
8519,0.518201,0.515576,nan,0.118659,nan,1.484230
8520,0.473732,0.744614,-28.385361,0.118645,31.752390,1.384647
8521,0.678641,0.621627,nan,0.118645,nan,1.807320
8522,0.645528,1.057846,-28.729156,0.118630,31.259682,1.756243
8523,0.520035,0.672632,nan,0.118630,nan,1.476223
8524,0.450487,0.777953,-30.996403,0.118615,34.441273,1.338279
8525,0.488378,0.797255,nan,0.118615,nan,1.404724
8526,0.582601,0.528804,-28.940065,0.118600,30.493811,1.632303
8527,0.632241,0.771836,nan,0.118600,nan,1.727933
8528,0.647696,0.660715,-30.364281,0.118586,32.743801,1.762385
8529,0.490569,0.570841,nan,0.118586,nan,1.423036
8530,0.457471,0.604271,-30.790194,0.118571,30.334406,1.362096
8531,0.483918,0.657161,nan,0.118571,nan,1.421480
8532,0.447296,0.712203,-30.133156,0.118556,30.903828,1.350670
8533,0.513215,0.549618,nan,0.118556,nan,1.486890
8534,0.577144,1.270758,-28.292814,0.118541,33.509483,1.607800
8535,0.425392,0.838189,nan,0.118541,nan,1.279925
8536,0.648593,0.705392,-30.769329,0.118527,30.823772,1.764419
8537,0.613395,0.653453,nan,0.118527,nan,1.670324
8538,0.827714,0.662969,-30.012228,0.118512,32.195461,2.132386
8539,0.450058,0.511513,nan,0.118512,nan,1.345003
8540,0.629347,0.767387,-29.437786,0.118497,31.919521,1.706057
8541,0.740161,0.642267,nan,0.118497,nan,1.935813
8542,0.546300,0.590600,-30.948116,0.118482,31.683018,1.526191
8543,0.635719,0.756659,nan,0.118482,nan,1.721376
8544,0.658403,0.664966,-29.210928,0.118468,32.406815,1.770947
8545,0.649669,0.597967,nan,0.118468,nan,1.748832
8546,0.578585,1.001181,-29.920042,0.118453,32.114868,1.589407
8547,0.662767,0.626373,nan,0.118453,nan,1.763719
8548,0.719340,0.569273,-30.064434,0.118438,32.024353,1.920630
8549,0.419754,0.564617,nan,0.118438,nan,1.273307
8550,0.633151,0.521524,-30.453121,0.118423,32.508682,1.728889
8551,0.767137,0.473362,nan,0.118423,nan,2.012983
8552,0.464874,0.518037,-29.315313,0.118409,30.095625,1.375703
8553,0.336415,0.396450,nan,0.118409,nan,1.120509
8554,0.582042,0.782819,-31.381489,0.118394,32.692699,1.644318
8555,0.752232,1.041351,nan,0.118394,nan,1.989208
8556,0.881266,1.204944,-29.815392,0.118379,32.643105,2.244542
8557,0.561666,0.853004,nan,0.118379,nan,1.588990
8558,0.844120,0.548053,-28.768951,0.118364,31.628700,2.160549
8559,0.632014,0.810621,nan,0.118364,nan,1.725313
8560,0.718389,0.586270,-29.302048,0.118349,31.581476,1.905208
8561,0.738893,0.741985,nan,0.118349,nan,1.938888
8562,0.556386,0.731309,-30.394310,0.118335,32.055576,1.544822
8563,0.734902,0.864611,nan,0.118335,nan,1.900799
8564,0.464097,0.517906,-29.234732,0.118320,31.500774,1.353198
8565,0.435300,0.569369,nan,0.118320,nan,1.310146
8566,0.644420,0.741268,-30.197826,0.118305,32.901146,1.763042
8567,0.574613,0.555778,nan,0.118305,nan,1.604962
8568,0.554377,0.774411,-30.012863,0.118290,32.235867,1.569617
8569,0.484970,0.523616,nan,0.118290,nan,1.413813
8570,0.824956,0.975585,-28.974236,0.118276,32.495148,2.120481
8571,0.416379,0.616697,nan,0.118276,nan,1.235410
8572,0.626369,0.820337,-30.273205,0.118261,30.251606,1.705873
8573,0.723139,0.691922,nan,0.118261,nan,1.904050
8574,0.541881,0.648241,-29.464420,0.118246,32.614983,1.524616
8575,0.565167,0.568872,nan,0.118246,nan,1.564838
8576,0.657381,0.716291,-28.738588,0.118231,31.692715,1.793293
8577,0.603443,0.685459,nan,0.118231,nan,1.684664
8578,0.503371,0.624900,-31.221851,0.118217,32.383514,1.491246
8579,0.886081,0.777387,nan,0.118217,nan,2.275487
8580,0.599049,0.657143,-28.794018,0.118202,30.756474,1.669290
8581,0.784690,0.741045,nan,0.118202,nan,2.058496
8582,0.465251,0.534554,-29.748093,0.118187,32.588089,1.393894
8583,0.814013,0.589956,nan,0.118187,nan,2.112759
8584,0.547170,0.522253,-30.808838,0.118172,31.833569,1.589302
8585,0.562179,0.502687,nan,0.118172,nan,1.573646
8586,0.576346,0.551273,-28.554184,0.118158,30.372540,1.617528
8587,0.641404,0.711328,nan,0.118158,nan,1.739836
8588,0.713174,0.537225,-29.948830,0.118143,33.814102,1.906450
8589,0.578222,0.599601,nan,0.118143,nan,1.608821
8590,0.547817,0.605066,-30.850935,0.118128,31.634785,1.542665
8591,0.485536,0.457905,nan,0.118128,nan,1.421582
8592,0.613184,0.512405,-29.947477,0.118114,32.121681,1.691596
8593,0.715203,0.674472,nan,0.118114,nan,1.894772
8594,0.458865,0.437229,-29.733538,0.118099,31.616280,1.377509
8595,0.673092,0.728967,nan,0.118099,nan,1.821063
8596,0.645828,0.677760,-30.041149,0.118084,29.802284,1.749507
8597,0.468812,0.472666,nan,0.118084,nan,1.386757
8598,0.628619,0.529175,-30.559540,0.118070,33.423283,1.702692
8599,0.428610,0.661682,nan,0.118070,nan,1.293115
8600,0.578931,0.509675,-29.454498,0.118055,32.237862,1.628090
8601,0.700541,0.638033,nan,0.118055,nan,1.844648
8602,0.605807,0.537106,-29.637863,0.118040,31.092676,1.677075
8603,0.602899,0.586735,nan,0.118040,nan,1.639559
8604,0.598886,0.608305,-29.404881,0.118026,32.488003,1.644526
8605,0.501267,0.682851,nan,0.118026,nan,1.427661
8606,0.569821,0.595877,-29.618898,0.118011,34.283302,1.596259
8607,0.600687,0.475843,nan,0.118011,nan,1.661605
8608,0.611831,0.560068,-31.189066,0.117996,33.918800,1.694184
8609,0.620494,0.622976,nan,0.117996,nan,1.684374
8610,0.599758,0.498989,-30.189882,0.117981,32.115677,1.638799
8611,0.517515,0.516086,nan,0.117981,nan,1.483706
8612,0.590869,0.760417,-29.466492,0.117967,31.948040,1.635878
8613,0.551431,0.586741,nan,0.117967,nan,1.558093
8614,0.580030,0.787704,-31.792419,0.117952,33.273354,1.601125
8615,0.746464,0.535611,nan,0.117952,nan,1.942755
8616,0.838131,0.590865,-30.311829,0.117937,31.854618,2.124798
8617,0.683407,0.843292,nan,0.117937,nan,1.831739
8618,0.958264,0.546492,-28.202579,0.117922,32.899654,2.406509
8619,0.505704,0.548313,nan,0.117922,nan,1.454396
8620,0.610877,0.641122,-29.718479,0.117907,33.811584,1.685969
8621,0.567326,0.614073,nan,0.117907,nan,1.581929
8622,0.548792,0.663910,-29.037556,0.117893,32.193829,1.536639
8623,0.755258,0.558079,nan,0.117893,nan,1.982393
8624,0.476234,0.563974,-28.533298,0.117878,30.564907,1.385690
8625,0.519463,0.601577,nan,0.117878,nan,1.435769
8626,0.579378,0.590450,-29.913340,0.117863,32.775902,1.608904
8627,0.687076,0.684097,nan,0.117863,nan,1.839860
8628,0.794139,0.601776,-29.762184,0.117848,33.166252,2.065472
8629,0.616754,0.742641,nan,0.117848,nan,1.685808
8630,0.628133,0.654932,-28.209335,0.117834,32.102314,1.732534
8631,0.435048,0.627219,nan,0.117834,nan,1.315047
8632,0.683025,0.702565,-29.315384,0.117819,32.270218,1.808923
8633,0.468430,0.564701,nan,0.117819,nan,1.328685
8634,0.714899,0.518407,-29.908245,0.117804,34.027290,1.862774
8635,0.653140,0.644039,nan,0.117804,nan,1.716953
8636,0.559386,0.659429,-29.161890,0.117789,29.917950,1.528637
8637,0.580911,0.603071,nan,0.117789,nan,1.590728
8638,0.693299,0.667538,-28.905663,0.117775,30.831268,1.835505
8639,0.879180,0.709979,nan,0.117775,nan,2.220207
8640,0.579788,0.583102,-26.451273,0.117760,30.795212,1.603127
8641,0.720419,1.494040,nan,0.117760,nan,1.918730
8642,0.620258,1.422368,-29.006771,0.117745,30.835922,1.708308
8643,1.782424,0.791392,nan,0.117745,nan,4.069144
8644,1.669101,0.919979,-28.572903,0.117731,32.843994,3.835225
8645,0.610005,0.868253,nan,0.117731,nan,1.652285
8646,1.278839,0.545702,-26.814091,0.117716,31.548206,3.058444
8647,1.053231,1.114382,nan,0.117716,nan,2.553952
8648,0.712911,0.771992,-30.004730,0.117702,34.808762,1.894639
8649,0.632818,1.060631,nan,0.117702,nan,1.669845
8650,0.763779,0.881501,-29.170708,0.117687,30.973911,1.955902
8651,0.519775,0.639335,nan,0.117687,nan,1.475036
8652,0.424383,0.427196,-30.429274,0.117672,33.485092,1.284129
8653,0.545503,0.528061,nan,0.117672,nan,1.525312
8654,0.636796,0.621902,-27.393835,0.117658,32.032593,1.702225
8655,0.569814,0.761673,nan,0.117658,nan,1.568925
8656,1.098127,1.126853,-29.042553,0.117643,33.403149,2.695263
8657,0.629762,0.709146,nan,0.117643,nan,1.729685
8658,0.639389,0.802259,-30.639015,0.117628,31.665268,1.730531
8659,0.882115,0.707721,nan,0.117628,nan,2.255678
8660,0.684620,0.514013,-29.493050,0.117614,33.618805,1.858226
8661,0.732485,0.643336,nan,0.117614,nan,1.934030
8662,1.090317,0.707469,-28.915083,0.117599,35.027790,2.652195
8663,0.495097,0.463521,nan,0.117599,nan,1.427047
8664,0.505147,0.565629,-30.959553,0.117584,35.139263,1.445980
8665,0.799955,0.728750,nan,0.117584,nan,2.071345
8666,0.520337,0.713894,-30.252987,0.117569,31.249176,1.489708
8667,0.570505,0.502749,nan,0.117569,nan,1.589723
8668,0.483729,0.454166,-29.618183,0.117554,33.564056,1.416482
8669,0.649610,0.872749,nan,0.117554,nan,1.745837
8670,0.595219,0.678302,-29.536087,0.117540,32.113914,1.618781
8671,0.707547,0.905903,nan,0.117540,nan,1.859422
8672,0.752127,0.777445,-29.318218,0.117525,30.059608,1.946252
8673,0.773504,0.685682,nan,0.117525,nan,1.991820
8674,0.727160,0.799886,-29.544294,0.117510,32.306484,1.908435
8675,0.559728,0.691035,nan,0.117510,nan,1.549610
8676,0.559550,0.611570,-29.762005,0.117496,33.146282,1.539718
8677,0.568695,0.512774,nan,0.117496,nan,1.561752
8678,0.664868,0.746072,-29.683933,0.117481,35.147980,1.744829
8679,0.737702,0.802296,nan,0.117481,nan,1.912554
8680,0.593028,0.665756,-26.788372,0.117466,35.286514,1.592763
8681,0.840142,1.346944,nan,0.117466,nan,2.111907
8682,0.528918,1.290720,-30.678263,0.117451,32.852173,1.462508
8683,0.527710,0.559286,nan,0.117451,nan,1.453902
8684,0.712397,0.740099,-27.901489,0.117436,34.552467,1.823059
8685,0.474390,1.009627,nan,0.117436,nan,1.377875
8686,0.574392,0.628130,-28.969515,0.117421,32.066551,1.564373
8687,0.910019,1.110840,nan,0.117421,nan,2.257329
8688,0.537791,1.225951,-31.214348,0.117406,32.928444,1.503170
8689,0.832502,0.674711,nan,0.117406,nan,2.106767
8690,0.554507,1.016586,-29.480494,0.117392,34.087799,1.521107
8691,0.743988,0.758194,nan,0.117392,nan,1.925449
8692,0.622174,0.555758,-30.157280,0.117377,31.506216,1.687109
8693,0.621559,0.678245,nan,0.117377,nan,1.642807
8694,0.627131,0.834183,-29.066370,0.117362,34.287342,1.679441
8695,0.461592,0.443681,nan,0.117362,nan,1.324130
8696,0.758209,0.872311,-28.579773,0.117347,31.880381,1.923443
8697,0.484237,0.931835,nan,0.117347,nan,1.341569
8698,0.548710,0.583630,-27.050549,0.117332,31.913086,1.518002
8699,0.724875,1.736876,nan,0.117332,nan,1.881124
8700,0.731577,2.037725,-27.178654,0.117318,32.616859,1.921794
8701,0.528226,0.556998,nan,0.117318,nan,1.421529
8702,0.580145,0.771590,-29.146866,0.117303,29.862606,1.550419
8703,0.677038,0.853432,nan,0.117303,nan,1.779546
8704,0.817610,0.586576,-29.206234,0.117288,32.148155,2.099142
8705,0.617694,0.661820,nan,0.117288,nan,1.636650
8706,1.023371,0.623264,-26.540878,0.117274,31.634886,2.488127
8707,1.038182,0.884856,nan,0.117274,nan,2.511510
8708,0.728865,1.114007,-29.053957,0.117259,32.948448,1.880326
8709,0.625144,0.595744,nan,0.117259,nan,1.657851
8710,0.523449,0.651195,-31.267624,0.117245,34.117058,1.451548
8711,0.493594,0.592969,nan,0.117245,nan,1.401739
8712,0.700569,0.510191,-29.469692,0.117230,33.488029,1.841488
8713,0.729874,0.785614,nan,0.117230,nan,1.873818
8714,0.523891,0.628743,-30.200375,0.117215,34.574936,1.450032
8715,0.667033,0.858208,nan,0.117215,nan,1.750026
8716,0.638830,0.678958,-27.860931,0.117201,31.718370,1.683120
8717,0.693689,1.015427,nan,0.117201,nan,1.808487
8718,0.697684,0.768859,-29.548065,0.117186,34.523056,1.823308
8719,0.650046,0.636784,nan,0.117186,nan,1.696258
8720,0.672335,0.514912,-30.007349,0.117171,32.257423,1.740673
8721,0.636056,0.601222,nan,0.117171,nan,1.677996
8722,0.571076,0.606011,-28.054071,0.117156,31.688637,1.529482
8723,0.658622,0.698731,nan,0.117156,nan,1.693209
8724,0.496588,0.633109,-29.959429,0.117142,33.008736,1.379816
8725,0.611521,0.747000,nan,0.117142,nan,1.586437
8726,0.865792,0.468592,-28.545298,0.117127,31.147079,2.166819
8727,0.514223,0.436805,nan,0.117127,nan,1.448212
8728,1.629057,0.605238,-25.944431,0.117113,32.716347,3.742544
8729,1.532208,0.808388,nan,0.117113,nan,3.549900
8730,0.591295,1.330537,-27.615953,0.117098,32.406601,1.600062
8731,0.774432,0.652291,nan,0.117098,nan,1.985322
8732,0.709266,0.830845,-29.222691,0.117084,33.544693,1.814220
8733,0.714572,0.933299,nan,0.117084,nan,1.788729
8734,0.651103,0.554449,-28.036617,0.117069,31.855232,1.724099
8735,0.484067,0.616849,nan,0.117069,nan,1.366978
8736,0.877074,0.571599,-27.854622,0.117054,32.051292,2.174271
8737,0.647134,0.592605,nan,0.117054,nan,1.669070
8738,0.534528,0.560280,-30.255688,0.117040,33.234211,1.488167
8739,0.783555,0.616062,nan,0.117040,nan,1.998173
8740,0.535937,0.636598,-29.173782,0.117025,32.362011,1.494785
8741,0.734697,0.738935,nan,0.117025,nan,1.883074
8742,0.680123,0.839187,-28.970673,0.117011,34.878040,1.798653
8743,0.536063,0.512982,nan,0.117011,nan,1.472318
8744,0.741002,0.987274,-29.559238,0.116996,34.917942,1.899827
8745,0.598814,0.805086,nan,0.116996,nan,1.529695
8746,0.582681,0.465879,-28.966209,0.116982,31.574299,1.563043
8747,0.579806,0.564965,nan,0.116982,nan,1.521904
8748,0.513517,0.498606,-29.052956,0.116967,33.057453,1.383182
8749,0.536218,0.499496,nan,0.116967,nan,1.441480
8750,0.439436,0.794500,-28.520340,0.116952,34.979824,1.277963
8751,0.443348,0.497284,nan,0.116952,nan,1.248706
8752,0.576690,0.543339,-29.614691,0.116938,33.216640,1.561880
8753,0.699928,0.922416,nan,0.116938,nan,1.801848
8754,0.928481,0.691015,-28.711029,0.116923,32.364883,2.305490
8755,0.678492,0.688752,nan,0.116923,nan,1.773041
8756,0.761811,0.887529,-29.048817,0.116908,33.688438,1.939901
8757,0.561555,0.573721,nan,0.116908,nan,1.498407
8758,0.529792,0.627681,-30.476460,0.116894,31.982258,1.462142
8759,0.830014,0.741505,nan,0.116894,nan,2.085591
8760,0.702006,0.623554,-29.187145,0.116879,35.098026,1.833831
8761,0.680681,0.754106,nan,0.116879,nan,1.733865
8762,0.677735,0.849026,-29.131645,0.116864,33.375698,1.759254
8763,0.671740,0.764751,nan,0.116864,nan,1.802108
8764,0.610296,0.835826,-28.931980,0.116850,33.731873,1.672115
8765,0.893533,0.846798,nan,0.116850,nan,2.236897
8766,0.590230,0.723096,-28.500212,0.116835,33.667469,1.593369
8767,0.523363,0.596753,nan,0.116835,nan,1.458296
8768,0.672178,0.764603,-30.484089,0.116820,32.607422,1.789941
8769,0.592406,0.662152,nan,0.116820,nan,1.595426
8770,0.650609,0.591167,-28.622360,0.116805,33.120617,1.745341
8771,0.782809,0.641958,nan,0.116805,nan,1.988036
8772,0.664922,0.767769,-28.689713,0.116791,31.551525,1.714751
8773,0.537997,0.549158,nan,0.116791,nan,1.476190
8774,0.828116,1.106077,-29.281616,0.116776,31.858582,2.107347
8775,0.537190,0.643617,nan,0.116776,nan,1.468382
8776,0.518830,0.805662,-28.220795,0.116762,32.539223,1.445027
8777,0.790233,0.747818,nan,0.116762,nan,2.024347
8778,0.841261,0.762560,-29.442680,0.116747,32.064587,2.098693
8779,0.667461,0.819628,nan,0.116747,nan,1.758866
8780,0.834859,0.686101,-28.713875,0.116733,33.754505,2.122244
8781,0.779653,0.789262,nan,0.116733,nan,2.001483
8782,0.677521,0.600399,-28.703053,0.116718,33.411621,1.778781
8783,0.603852,0.569137,nan,0.116718,nan,1.642737
8784,0.712369,0.698099,-29.763527,0.116704,32.274902,1.866952
8785,0.686768,0.741605,nan,0.116704,nan,1.792428
8786,0.846783,0.628254,-28.040462,0.116689,33.469353,2.126875
8787,0.707258,0.667788,nan,0.116689,nan,1.833922
8788,1.048043,0.800163,-29.552824,0.116675,34.460476,2.565172
8789,0.707574,0.824273,nan,0.116675,nan,1.874140
8790,0.689238,0.649267,-30.998812,0.116660,33.221008,1.813237
8791,0.562832,0.583022,nan,0.116660,nan,1.538063
8792,0.614010,0.504258,-28.725674,0.116646,31.415989,1.654783
8793,0.599229,0.499633,nan,0.116646,nan,1.599444
8794,0.657362,0.513074,-29.837296,0.116631,33.515244,1.748452
8795,0.698131,0.600465,nan,0.116631,nan,1.817260
8796,0.658235,0.671692,-30.260521,0.116617,32.277660,1.756320
8797,0.509938,0.607828,nan,0.116617,nan,1.404252
8798,0.598418,0.636883,-28.698864,0.116602,34.450104,1.600215
8799,0.583095,0.516347,nan,0.116602,nan,1.558717
8800,0.627870,0.828430,-30.005079,0.116587,35.658768,1.665683
8801,0.555836,0.817322,nan,0.116587,nan,1.500306
8802,0.506981,0.575751,-29.302959,0.116573,30.469671,1.434639
8803,0.682887,0.474258,nan,0.116573,nan,1.806566
8804,0.540324,0.595071,-29.265593,0.116558,34.018902,1.498939
8805,0.403917,0.579008,nan,0.116558,nan,1.203696
8806,0.588309,0.643469,-29.211514,0.116544,32.071457,1.588256
8807,0.575320,0.504278,nan,0.116544,nan,1.550279
8808,0.652800,0.645326,-27.428806,0.116529,33.880848,1.702279
8809,0.577329,0.934583,nan,0.116529,nan,1.573231
8810,0.694459,0.671500,-29.370386,0.116515,33.287128,1.813404
8811,0.516656,0.563661,nan,0.116515,nan,1.434399
8812,0.607360,0.580755,-29.510872,0.116500,31.872850,1.650275
8813,0.865008,0.645907,nan,0.116500,nan,2.172228
8814,0.576415,0.751363,-28.094433,0.116486,31.989384,1.591333
8815,0.665105,0.657548,nan,0.116486,nan,1.790761
8816,0.666965,0.650716,-30.910242,0.116472,32.123386,1.775187
8817,0.836818,0.695769,nan,0.116472,nan,2.117839
8818,0.503367,0.785166,-29.612621,0.116457,34.381104,1.409309
8819,0.537423,0.670828,nan,0.116457,nan,1.496268
8820,0.643137,0.718758,-28.260929,0.116443,33.681931,1.699280
8821,0.675188,0.635720,nan,0.116443,nan,1.766199
8822,0.613786,0.668835,-28.202724,0.116428,32.025871,1.655486
8823,0.703793,0.670955,nan,0.116428,nan,1.842414
8824,0.801997,0.584518,-27.458229,0.116414,32.708176,2.049229
8825,0.599187,1.238040,nan,0.116414,nan,1.606276
8826,0.585284,0.844665,-29.038857,0.116399,34.701736,1.588290
8827,0.542992,0.530491,nan,0.116399,nan,1.501101
8828,0.777029,0.626322,-30.063152,0.116385,33.922478,2.006727
8829,0.690725,0.558466,nan,0.116385,nan,1.845053
8830,0.773541,0.639403,-29.813179,0.116370,32.774868,2.007572
8831,0.608562,0.445970,nan,0.116370,nan,1.658925
8832,0.542854,0.562139,-28.518427,0.116356,33.611946,1.516888
8833,0.653246,0.728689,nan,0.116356,nan,1.748501
8834,0.475371,0.527800,-28.181427,0.116342,30.862408,1.356843
8835,0.426220,0.958970,nan,0.116342,nan,1.272396
8836,0.649501,0.943127,-28.038725,0.116327,34.553604,1.691252
8837,0.758135,1.136660,nan,0.116327,nan,1.969833
8838,0.439470,0.618107,-30.430363,0.116313,33.965614,1.283796
8839,0.573185,0.553036,nan,0.116313,nan,1.591613
8840,0.524191,0.776979,-28.934347,0.116298,31.501030,1.451604
8841,0.882374,0.619615,nan,0.116298,nan,2.214953
8842,0.730547,0.493177,-28.436415,0.116284,34.044525,1.915417
8843,0.837571,0.708834,nan,0.116284,nan,2.139898
8844,1.119482,0.758540,-27.505714,0.116269,32.983292,2.681152
8845,0.618989,0.804955,nan,0.116269,nan,1.684687
8846,0.568648,0.506593,-27.905010,0.116255,32.055214,1.519526
8847,0.582829,0.500613,nan,0.116255,nan,1.575245
8848,0.493911,0.585039,-28.851154,0.116241,32.512077,1.366836
8849,0.558296,0.620910,nan,0.116241,nan,1.519413
8850,0.717961,0.716728,-28.544483,0.116226,31.059383,1.860242
8851,0.669798,0.894800,nan,0.116226,nan,1.766891
8852,0.625250,0.648540,-29.775509,0.116212,32.443069,1.657155
8853,0.598263,0.583191,nan,0.116212,nan,1.593607
8854,0.944623,0.858860,-29.067986,0.116198,34.701786,2.367208
8855,0.618138,0.526491,nan,0.116198,nan,1.654073
8856,0.761759,0.629008,-28.558050,0.116184,32.928642,1.942891
8857,0.536859,0.523958,nan,0.116184,nan,1.483674
8858,0.481435,0.422124,-28.362930,0.116169,33.276936,1.353873
8859,0.653271,0.800195,nan,0.116169,nan,1.704910
8860,0.412584,0.406103,-28.832121,0.116155,33.423508,1.229799
8861,0.595408,0.495027,nan,0.116155,nan,1.579071
8862,0.606739,0.568582,-28.333134,0.116141,33.441673,1.645699
8863,0.923945,0.647563,nan,0.116141,nan,2.279095
8864,0.769067,0.704485,-29.665035,0.116126,31.824978,1.980663
8865,0.732727,0.697176,nan,0.116126,nan,1.890333
8866,0.624266,0.775290,-28.526825,0.116112,33.472572,1.662657
8867,0.858572,0.695836,nan,0.116112,nan,2.142561
8868,0.876829,0.656548,-28.605404,0.116098,33.309425,2.157041
8869,0.562275,0.569617,nan,0.116098,nan,1.520237
8870,0.635413,0.404484,-28.068661,0.116083,33.242668,1.662623
8871,0.737004,0.578752,nan,0.116083,nan,1.890285
8872,0.892615,0.707324,-28.343740,0.116069,31.673113,2.215926
8873,0.700526,0.720706,nan,0.116069,nan,1.795472
8874,0.514734,0.609455,-28.048138,0.116055,32.122704,1.397574
8875,0.475623,0.536230,nan,0.116055,nan,1.311348
8876,0.664795,0.842651,-26.990425,0.116041,33.171043,1.743648
8877,1.059891,0.600906,nan,0.116041,nan,2.561952
8878,0.802513,0.502059,-27.956469,0.116026,32.549545,2.019049
8879,0.649439,0.671081,nan,0.116026,nan,1.668971
8880,0.691127,0.539866,-28.485086,0.116012,34.434349,1.803450
8881,0.634405,0.573469,nan,0.116012,nan,1.683291
8882,0.711883,0.964940,-29.152584,0.115998,35.252426,1.822874
8883,0.718070,0.841095,nan,0.115998,nan,1.853498
8884,0.440034,0.462232,-28.462624,0.115984,32.370445,1.260495
8885,0.645745,0.753014,nan,0.115984,nan,1.683013
8886,0.760682,0.621132,-29.136509,0.115969,36.313000,1.926859
8887,0.568832,0.629165,nan,0.115969,nan,1.503163
8888,0.771685,0.618042,-27.218582,0.115955,31.783695,1.959246
8889,0.640334,0.704894,nan,0.115955,nan,1.654052
8890,0.529575,0.587631,-30.226709,0.115940,33.974327,1.461134
8891,0.631967,0.855815,nan,0.115940,nan,1.674888
8892,0.940426,0.607093,-28.031979,0.115926,31.092085,2.317462
8893,0.579418,0.579611,nan,0.115926,nan,1.550683
8894,0.941753,0.573531,-27.546881,0.115912,31.952751,2.317773
8895,0.647334,0.607373,nan,0.115912,nan,1.697450
8896,0.816905,0.844859,-28.827370,0.115898,33.875450,2.092670
8897,0.884749,0.734820,nan,0.115898,nan,2.184879
8898,0.605142,0.962273,-27.729610,0.115883,32.116112,1.629371
8899,0.618635,0.917463,nan,0.115883,nan,1.603979
8900,0.560105,0.697329,-26.796368,0.115869,35.031166,1.487270
8901,0.982000,1.152249,nan,0.115869,nan,2.349223
8902,0.695096,0.643754,-28.970325,0.115855,34.566071,1.792421
8903,0.585041,0.631108,nan,0.115855,nan,1.568123
8904,0.637987,0.738768,-28.862152,0.115840,33.790466,1.675450
8905,0.775340,0.813944,nan,0.115840,nan,1.965347
8906,0.953699,0.569011,-26.452787,0.115826,34.509327,2.329462
8907,0.887537,0.763444,nan,0.115826,nan,2.188043
8908,0.800850,1.062962,-28.454781,0.115812,33.747147,2.008626
8909,0.648815,0.494264,nan,0.115812,nan,1.680781
8910,0.517979,0.668640,-28.098465,0.115797,32.977230,1.418793
8911,0.442406,0.420520,nan,0.115797,nan,1.264380
8912,0.714910,0.699467,-28.224609,0.115783,34.754749,1.827114
8913,0.407684,0.489185,nan,0.115783,nan,1.147591
8914,0.551213,0.499644,-28.924459,0.115768,33.770855,1.490899
8915,0.661079,0.625531,nan,0.115768,nan,1.689798
8916,0.740862,0.750633,-28.618107,0.115754,32.481522,1.901823
8917,0.526871,0.549277,nan,0.115754,nan,1.477230
8918,0.779903,0.778794,-29.093658,0.115740,33.245224,1.978204
8919,0.799721,0.771944,nan,0.115740,nan,2.042232
8920,0.586020,0.563130,-28.832369,0.115725,34.334522,1.609182
8921,0.523946,0.513351,nan,0.115725,nan,1.421934
8922,0.761925,0.674685,-28.155643,0.115711,36.832146,1.884108
8923,0.657839,0.638649,nan,0.115711,nan,1.722446
8924,0.543079,0.557242,-28.359959,0.115696,33.654213,1.498920
8925,0.789942,0.825055,nan,0.115696,nan,1.968018
8926,0.448173,0.510719,-27.464584,0.115682,34.253586,1.275883
8927,0.604184,0.588811,nan,0.115682,nan,1.599625
8928,0.586065,0.485426,-28.702904,0.115668,33.485565,1.581230
8929,0.531175,0.505735,nan,0.115668,nan,1.464111
8930,0.651225,0.627604,-28.624565,0.115653,34.927032,1.703858
8931,0.500267,0.494409,nan,0.115653,nan,1.378541
8932,0.627733,0.767414,-27.772171,0.115639,33.196499,1.651585
8933,0.505424,0.570008,nan,0.115639,nan,1.405283
8934,0.563289,0.496300,-28.043179,0.115624,34.020584,1.480968
8935,0.587769,0.556498,nan,0.115624,nan,1.588401
8936,0.543432,0.585191,-26.520126,0.115610,32.663811,1.465976
8937,0.706005,0.728878,nan,0.115610,nan,1.824791
8938,0.713551,0.852880,-26.775524,0.115595,34.437801,1.814002
8939,0.507800,0.647072,nan,0.115595,nan,1.395619
8940,0.634242,0.834675,-28.937393,0.115581,33.719131,1.676598
8941,0.854450,0.596784,nan,0.115581,nan,2.161931
8942,0.682776,0.405671,-27.257805,0.115567,32.949287,1.786071
8943,0.577875,0.556417,nan,0.115567,nan,1.593170
8944,0.806298,0.680151,-27.631508,0.115552,33.898804,2.063285
8945,0.614256,0.515111,nan,0.115552,nan,1.617479
8946,0.678808,0.663091,-27.267853,0.115538,33.933876,1.753840
8947,0.556597,0.495898,nan,0.115538,nan,1.500826
8948,0.745570,0.600944,-27.138857,0.115523,33.636078,1.899093
8949,0.493945,0.922977,nan,0.115523,nan,1.368282
8950,0.668040,0.690499,-27.793423,0.115509,31.923054,1.763562
8951,0.600499,0.762596,nan,0.115509,nan,1.603080
8952,0.544551,0.620076,-27.340122,0.115495,34.375023,1.483695
8953,0.913336,1.040556,nan,0.115495,nan,2.269442
8954,0.766571,0.929698,-28.446754,0.115481,33.264576,1.930613
8955,0.620526,0.810134,nan,0.115481,nan,1.630216
8956,0.599828,0.535408,-26.976051,0.115466,36.383892,1.562223
8957,0.771611,1.008844,nan,0.115466,nan,1.947906
8958,0.537488,0.493110,-28.258270,0.115452,32.911289,1.457845
8959,0.675955,1.067841,nan,0.115452,nan,1.725248
8960,0.479807,0.789883,-25.915668,0.115438,32.990356,1.317575
8961,0.822622,1.490102,nan,0.115438,nan,2.045558
8962,0.638189,1.117741,-26.638025,0.115423,36.006432,1.642260
8963,0.722016,0.858626,nan,0.115423,nan,1.860915
8964,0.472834,0.939070,-27.940603,0.115409,32.799820,1.340828
8965,0.777167,0.904307,nan,0.115409,nan,1.961103
8966,0.657316,0.618878,-27.615974,0.115394,34.216789,1.690346
8967,0.620076,0.727096,nan,0.115394,nan,1.571479
8968,0.520036,1.016676,-26.059477,0.115380,34.138432,1.420161
8969,0.882656,0.833476,nan,0.115380,nan,2.189329
8970,0.908836,0.585534,-27.096001,0.115366,33.737366,2.228533
8971,0.477365,0.564546,nan,0.115366,nan,1.370663
8972,0.890206,0.882492,-26.364155,0.115352,31.978121,2.215226
8973,1.245543,0.789530,nan,0.115352,nan,2.940625
8974,0.978073,0.704542,-27.565926,0.115337,34.049896,2.398096
8975,0.525723,1.122833,nan,0.115337,nan,1.473412
8976,0.660988,0.471938,-26.821726,0.115323,33.766201,1.773934
8977,0.543200,0.822994,nan,0.115323,nan,1.452778
8978,0.407673,0.499948,-26.181776,0.115309,34.901413,1.153607
8979,0.643155,0.859486,nan,0.115309,nan,1.681793
8980,0.644445,0.755374,-27.726852,0.115294,34.831100,1.690884
8981,0.806250,0.912945,nan,0.115294,nan,2.036906
8982,0.715984,0.720264,-29.371960,0.115280,34.319466,1.863564
8983,0.468891,1.089160,nan,0.115280,nan,1.328613
8984,0.538581,0.886326,-28.131891,0.115266,33.568359,1.444213
8985,0.318432,0.385745,nan,0.115266,nan,1.028818
8986,0.827744,0.601668,-27.918194,0.115251,35.421284,2.117702
8987,0.618395,0.566616,nan,0.115251,nan,1.624695
8988,0.688658,0.678100,-27.562597,0.115237,33.938179,1.770987
8989,0.435537,0.564489,nan,0.115237,nan,1.263428
8990,0.587491,0.569068,-26.549999,0.115223,32.047916,1.579681
8991,0.384581,0.525157,nan,0.115223,nan,1.193742
8992,0.579872,0.533499,-27.922621,0.115208,32.290840,1.579239
8993,0.550719,0.422761,nan,0.115208,nan,1.528076
8994,0.658770,0.594277,-25.025703,0.115194,33.898075,1.721808
8995,0.945781,0.708041,nan,0.115194,nan,2.342291
8996,0.380576,0.353731,-27.566944,0.115180,34.102818,1.158759
8997,0.709074,0.673110,nan,0.115180,nan,1.842559
8998,0.648724,0.984131,-27.108988,0.115166,32.886707,1.704431
8999,0.495210,0.683468,nan,0.115166,nan,1.355981
9000,0.764989,0.737439,-27.448559,0.115152,34.871162,1.932502
9001,0.631836,0.500841,nan,0.115152,nan,1.671159
9002,0.598935,0.763742,-26.542675,0.115137,33.311260,1.545935
9003,0.529763,0.581878,nan,0.115137,nan,1.431345
9004,0.517844,0.594539,-26.293110,0.115123,32.318478,1.410005
9005,0.386569,0.330517,nan,0.115123,nan,1.147046
9006,0.527721,0.496256,-27.290882,0.115109,34.648933,1.478158
9007,0.419940,0.528306,nan,0.115109,nan,1.223241
9008,0.691431,0.606244,-25.712576,0.115095,35.084496,1.814639
9009,0.618684,0.860880,nan,0.115095,nan,1.649228
9010,0.599370,0.509927,-27.414261,0.115081,34.791676,1.607091
9011,0.634016,0.640977,nan,0.115081,nan,1.704476
9012,0.614965,0.627442,-26.942915,0.115066,33.271336,1.674845
9013,0.761338,0.396434,nan,0.115066,nan,1.991555
9014,0.527948,0.626424,-26.795582,0.115052,34.817577,1.463569
9015,0.597937,0.473771,nan,0.115052,nan,1.603159
9016,0.548422,0.652834,-25.860020,0.115038,31.796324,1.510345
9017,0.645156,0.627180,nan,0.115038,nan,1.676504
9018,0.650761,0.842753,-27.241211,0.115024,35.537399,1.729287
9019,0.481439,0.662088,nan,0.115024,nan,1.354144
9020,0.687722,0.510961,-25.888981,0.115010,33.390842,1.828499
9021,0.458501,0.628330,nan,0.115010,nan,1.321055
9022,0.684359,0.512186,-27.045824,0.114995,33.795101,1.819744
9023,0.448233,0.435748,nan,0.114995,nan,1.324176
9024,0.740288,0.586007,-26.121399,0.114981,33.508736,1.914170
9025,0.738502,0.580557,nan,0.114981,nan,1.912934
9026,0.798649,0.814207,-26.516819,0.114967,34.093262,2.018000
9027,0.458131,0.464581,nan,0.114967,nan,1.292355
9028,0.470083,1.220580,-24.782158,0.114953,34.733749,1.325480
9029,0.848735,1.162917,nan,0.114953,nan,2.128696
9030,0.616368,0.493350,-27.204746,0.114939,34.025684,1.642054
9031,0.603136,0.687336,nan,0.114939,nan,1.644733
9032,0.645425,0.506555,-27.260719,0.114924,33.775024,1.742450
9033,0.583868,0.550331,nan,0.114924,nan,1.586704
9034,1.089713,0.646643,-26.603722,0.114910,34.955559,2.651252
9035,0.926455,0.636687,nan,0.114910,nan,2.292230
9036,0.639127,0.778669,-27.084625,0.114896,33.027695,1.697070
9037,0.841875,0.766948,nan,0.114896,nan,2.117451
9038,0.693246,0.750939,-28.419237,0.114882,34.376522,1.822119
9039,0.714323,0.668782,nan,0.114882,nan,1.843194
9040,0.540997,0.761898,-25.663517,0.114868,34.626381,1.513429
9041,0.568642,0.881275,nan,0.114868,nan,1.553058
9042,0.857672,0.790914,-28.168486,0.114853,34.684696,2.139689
9043,0.688904,0.721134,nan,0.114853,nan,1.795624
9044,0.624891,0.506687,-27.428875,0.114839,33.506134,1.652458
9045,0.346359,0.425028,nan,0.114839,nan,1.089342
9046,0.570882,0.533220,-27.542356,0.114825,35.972744,1.548286
9047,0.600574,0.641688,nan,0.114825,nan,1.560195
9048,0.598660,0.617925,-27.481644,0.114811,33.283905,1.615673
9049,0.523599,0.507796,nan,0.114811,nan,1.458745
9050,0.595934,0.728539,-26.754969,0.114797,31.537975,1.606635
9051,0.665642,0.629659,nan,0.114797,nan,1.759320
9052,0.858111,0.873434,-26.022287,0.114783,34.891888,2.142252
9053,0.521151,0.627054,nan,0.114783,nan,1.436437
9054,0.525988,0.624166,-25.945339,0.114768,33.856178,1.460704
9055,0.461137,0.438865,nan,0.114768,nan,1.341182
9056,0.450721,0.596058,-27.565821,0.114754,34.823479,1.281126
9057,0.377576,0.482612,nan,0.114754,nan,1.149734
9058,0.635713,0.669370,-25.593876,0.114740,34.262394,1.695088
9059,0.463928,0.630517,nan,0.114740,nan,1.311269
9060,0.441098,0.522789,-26.286839,0.114726,34.643421,1.251024
9061,0.396982,0.459659,nan,0.114726,nan,1.201994
9062,0.538327,0.614601,-27.510586,0.114712,36.643036,1.493644
9063,0.672126,0.628793,nan,0.114712,nan,1.775141
9064,0.647892,0.537364,-27.710014,0.114697,34.015984,1.701648
9065,0.541488,0.566005,nan,0.114697,nan,1.463853
9066,0.417620,0.425374,-27.970570,0.114683,32.379768,1.242420
9067,0.755879,0.547020,nan,0.114683,nan,1.929094
9068,0.451421,0.317735,-26.908833,0.114669,35.251358,1.274820
9069,0.513880,0.527298,nan,0.114669,nan,1.436351
9070,0.684229,0.640301,-27.881857,0.114655,34.905075,1.801991
9071,0.436376,0.594541,nan,0.114655,nan,1.241585
9072,0.517287,0.460528,-27.746689,0.114641,34.404217,1.436787
9073,0.464321,0.419836,nan,0.114641,nan,1.309766
9074,0.436301,0.381534,-26.828362,0.114626,35.352001,1.245325
9075,0.503140,0.470030,nan,0.114626,nan,1.365379
9076,0.464299,0.716908,-27.058510,0.114612,33.469070,1.347708
9077,0.681491,0.620641,nan,0.114612,nan,1.809754
9078,0.587705,0.477883,-24.590675,0.114598,34.349800,1.623708
9079,0.550215,0.908799,nan,0.114598,nan,1.534068
9080,0.573844,0.771872,-28.450159,0.114584,35.495377,1.578594
9081,0.691310,0.976581,nan,0.114584,nan,1.789013
9082,0.590886,0.631427,-27.004480,0.114569,34.323109,1.540487
9083,0.700824,0.726069,nan,0.114569,nan,1.822147
9084,0.436971,0.343572,-26.270344,0.114555,33.957588,1.301494
9085,1.273103,0.735442,nan,0.114555,nan,3.023428
9086,0.875896,0.634918,-26.646568,0.114541,34.293594,2.165835
9087,0.880510,0.948034,nan,0.114541,nan,2.175556
9088,0.884068,0.554678,-28.429585,0.114527,33.668884,2.188797
9089,0.839799,0.918937,nan,0.114527,nan,2.088989
9090,0.576086,0.725322,-27.170116,0.114513,34.320511,1.546524
9091,0.461999,0.505373,nan,0.114513,nan,1.309539
9092,0.877666,0.626842,-27.497665,0.114499,35.640839,2.180481
9093,0.710395,0.538282,nan,0.114499,nan,1.848865
9094,0.614774,0.410893,-26.850878,0.114484,32.932991,1.644613
9095,0.571066,0.494319,nan,0.114484,nan,1.561316
9096,0.628188,0.519967,-28.165371,0.114470,33.403088,1.651333
9097,0.591073,0.664119,nan,0.114470,nan,1.612387
9098,0.537866,0.451698,-27.265551,0.114456,34.569450,1.495455
9099,0.739321,0.885773,nan,0.114456,nan,1.911560
9100,0.693180,0.520543,-27.619678,0.114442,35.098785,1.799141
9101,0.527460,0.471393,nan,0.114442,nan,1.464595
9102,0.545466,0.595881,-28.098291,0.114428,34.330177,1.503074
9103,0.745343,0.630332,nan,0.114428,nan,1.924012
9104,0.431376,0.301410,-26.185516,0.114414,34.748798,1.253985
9105,0.723216,0.593996,nan,0.114414,nan,1.840857
9106,0.368489,0.362998,-27.176632,0.114400,34.071434,1.104441
9107,0.974441,0.716836,nan,0.114400,nan,2.393491
9108,1.129473,0.760826,-27.537048,0.114386,33.835037,2.716332
9109,0.596847,0.674793,nan,0.114386,nan,1.589858
9110,0.874714,0.746531,-26.459167,0.114371,36.193214,2.153387
9111,0.684160,0.525245,nan,0.114371,nan,1.767500
9112,0.939435,0.659350,-26.933136,0.114357,35.152992,2.289479
9113,0.458998,0.383249,nan,0.114357,nan,1.344444
9114,0.670745,0.539084,-27.149635,0.114343,32.853989,1.796379
9115,0.488598,0.642874,nan,0.114343,nan,1.349109
9116,0.605328,0.593849,-27.316090,0.114329,32.151348,1.613630
9117,0.457060,0.394300,nan,0.114329,nan,1.303721
9118,0.559548,0.585084,-27.536762,0.114315,36.096035,1.526524
9119,0.452079,0.435330,nan,0.114315,nan,1.292269
9120,0.617683,0.818845,-27.282654,0.114301,34.049850,1.641275
9121,0.472424,0.441790,nan,0.114301,nan,1.339524
9122,0.624205,0.396790,-26.267685,0.114287,33.595047,1.656328
9123,0.515340,0.654623,nan,0.114287,nan,1.405022
9124,0.483178,0.452212,-27.834608,0.114273,35.248718,1.331931
9125,0.406765,0.571174,nan,0.114273,nan,1.184332
9126,0.437906,0.393264,-27.099003,0.114259,34.476654,1.226346
9127,0.607226,0.548627,nan,0.114259,nan,1.627498
9128,0.387376,0.498672,-26.998295,0.114244,36.699776,1.159079
9129,0.577929,0.730183,nan,0.114244,nan,1.552123
9130,0.835617,1.033094,-28.040604,0.114230,33.863888,2.107791
9131,0.346782,0.487126,nan,0.114230,nan,1.063515
9132,0.726585,0.702648,-25.876209,0.114216,33.687519,1.845940
9133,0.550723,0.425423,nan,0.114216,nan,1.512699
9134,1.042837,0.485514,-25.639870,0.114202,32.466339,2.547823
9135,0.836386,0.876042,nan,0.114202,nan,2.081361
9136,0.602566,0.406313,-27.153957,0.114188,34.957436,1.620275
9137,0.604035,0.576552,nan,0.114188,nan,1.595523
9138,0.444554,0.594758,-26.821480,0.114174,34.542957,1.275263
9139,0.663822,0.934648,nan,0.114174,nan,1.728945
9140,0.518049,0.591780,-26.919275,0.114160,34.549664,1.406673
9141,0.642131,0.734504,nan,0.114160,nan,1.683048
9142,0.461572,0.465063,-26.742670,0.114146,34.018127,1.298507
9143,0.596447,0.661695,nan,0.114146,nan,1.610542
9144,0.453362,0.453408,-27.119022,0.114132,35.152676,1.312009
9145,0.611185,0.896861,nan,0.114132,nan,1.632671
9146,0.519623,0.514243,-25.979645,0.114118,35.045929,1.420938
9147,0.635726,1.002059,nan,0.114118,nan,1.663462
9148,0.507766,0.878099,-27.927187,0.114104,33.582573,1.406574
9149,0.573040,0.620392,nan,0.114104,nan,1.577218
9150,0.661446,0.664342,-25.517376,0.114090,36.567078,1.717756
9151,0.848318,0.430911,nan,0.114090,nan,2.138951
9152,0.471381,0.321736,-27.038120,0.114076,37.231369,1.339266
9153,0.782847,1.215233,nan,0.114076,nan,2.009381
9154,0.913216,0.683311,-27.818645,0.114061,34.481602,2.254433
9155,0.741846,1.308425,nan,0.114061,nan,1.887444
9156,0.527062,1.203964,-28.401760,0.114047,36.156212,1.433342
9157,0.677303,0.584081,nan,0.114047,nan,1.796611
9158,0.628074,0.773610,-27.637880,0.114033,34.945328,1.664701
9159,0.396430,0.504224,nan,0.114033,nan,1.196878
9160,0.462371,0.402580,-27.181751,0.114019,35.588371,1.322067
9161,1.058307,1.077172,nan,0.114019,nan,2.543353
9162,1.244894,1.157732,-26.800098,0.114005,32.171326,2.897327
9163,0.420806,0.536984,nan,0.114005,nan,1.213113
9164,0.881394,0.950563,-26.704639,0.113991,34.768768,2.113358
9165,0.639628,0.711411,nan,0.113991,nan,1.700438
9166,1.196288,1.133274,-26.603352,0.113977,33.993156,2.789446
9167,0.897338,1.183486,nan,0.113977,nan,2.161947
9168,0.952559,1.031545,-25.102154,0.113962,36.289108,2.288172
9169,0.964714,1.813648,nan,0.113962,nan,2.294654
9170,0.781376,1.198812,-25.166027,0.113948,34.581551,1.970656
9171,1.393112,1.082034,nan,0.113948,nan,3.232408
9172,1.014367,1.034313,-26.713552,0.113934,35.366478,2.409642
9173,0.615374,0.493874,nan,0.113934,nan,1.656443
9174,0.736155,0.622300,-27.631269,0.113920,34.484646,1.895327
9175,0.624386,0.602689,nan,0.113920,nan,1.682957
9176,0.578117,0.524379,-27.000103,0.113906,35.759235,1.596245
9177,0.470565,0.467956,nan,0.113906,nan,1.368842
9178,0.684969,1.025523,-24.680565,0.113892,34.769279,1.778929
9179,0.796839,1.020739,nan,0.113892,nan,2.041785
9180,0.573478,0.515797,-24.468143,0.113878,33.774445,1.550850
9181,1.075720,2.060003,nan,0.113878,nan,2.605901
9182,1.265091,1.446532,-26.159599,0.113864,37.136444,2.993831
9183,0.812736,0.435945,nan,0.113864,nan,2.051954
9184,0.426392,1.068608,-25.364019,0.113849,34.709694,1.201628
9185,1.302995,1.376038,nan,0.113849,nan,3.032894
9186,1.276631,1.060382,-25.582859,0.113835,34.416809,2.979837
9187,0.454128,0.888264,nan,0.113835,nan,1.308124
9188,0.802477,0.672036,-27.702679,0.113821,34.327782,2.045425
9189,0.496165,1.053280,nan,0.113821,nan,1.368523
9190,0.990703,1.422659,-27.060946,0.113807,36.045609,2.394947
9191,0.590423,0.690991,nan,0.113807,nan,1.577816
9192,0.713843,0.778468,-24.440029,0.113793,34.746681,1.837563
9193,0.643490,1.114000,nan,0.113793,nan,1.712020
9194,0.242454,0.564653,-26.191059,0.113779,36.926888,0.852258
9195,1.507553,1.349119,nan,0.113779,nan,3.465891
9196,1.055880,1.801063,-27.589149,0.113765,36.254448,2.498428
9197,0.546151,0.497166,nan,0.113765,nan,1.481432
9198,0.524157,0.456415,-27.101120,0.113750,36.041210,1.431557
9199,0.707171,0.764617,nan,0.113750,nan,1.792487
9200,1.263155,1.262422,-25.236023,0.113736,35.037086,2.885961
9201,0.584893,0.970216,nan,0.113736,nan,1.554925
9202,1.118910,1.219899,-26.044075,0.113722,35.439308,2.634424
9203,1.606130,1.967400,nan,0.113722,nan,3.642090
9204,0.547216,1.074851,-28.326832,0.113708,33.585262,1.466547
9205,0.912939,0.783690,nan,0.113708,nan,2.267338
9206,0.984847,0.949401,-26.494848,0.113694,35.107578,2.359572
9207,1.026874,0.512238,nan,0.113694,nan,2.477312
9208,0.710443,0.512383,-26.803860,0.113680,35.137115,1.806302
9209,0.696938,0.665058,nan,0.113680,nan,1.786356
9210,0.381383,0.429131,-25.893341,0.113666,33.634865,1.147049
9211,0.872024,0.825764,nan,0.113666,nan,2.155958
9212,0.509999,0.508719,-26.651241,0.113652,33.485756,1.412239
9213,0.420251,0.431433,nan,0.113652,nan,1.197983
9214,0.560526,0.585754,-27.191504,0.113638,34.518230,1.506217
9215,0.595404,0.508288,nan,0.113638,nan,1.571988
9216,0.462643,0.722951,-27.364616,0.113623,35.708466,1.325697
9217,0.508977,0.594366,nan,0.113623,nan,1.418005
9218,0.525083,0.513690,-26.806004,0.113609,35.321976,1.428989
9219,0.496331,0.524226,nan,0.113609,nan,1.398671
9220,1.143756,1.213233,-27.590895,0.113595,33.445389,2.691169
9221,1.335652,1.319470,nan,0.113595,nan,3.017452
9222,0.996886,1.492550,-25.151388,0.113582,34.965263,2.390925
9223,1.036275,1.141757,nan,0.113582,nan,2.473151
9224,1.156290,1.256532,-27.332045,0.113567,36.161491,2.713610
9225,0.615713,0.664094,nan,0.113567,nan,1.626443
9226,0.516606,0.565575,-26.124390,0.113553,36.725628,1.417255
9227,0.450537,0.480601,nan,0.113553,nan,1.273381
9228,0.913746,1.085823,-26.182503,0.113539,36.536919,2.198190
9229,0.801721,0.608870,nan,0.113539,nan,2.013811
9230,1.540655,1.714755,-27.066147,0.113525,33.122120,3.473877
9231,0.773255,0.744941,nan,0.113525,nan,1.939925
9232,0.531350,0.494240,-23.045088,0.113511,34.715096,1.439922
9233,2.498074,1.136671,nan,0.113511,nan,5.471372
9234,1.675622,0.757098,-25.626431,0.113497,37.506874,3.828060
9235,0.606398,1.121395,nan,0.113497,nan,1.599843
9236,0.819420,0.845573,-26.291748,0.113483,32.642769,2.030158
9237,1.033023,1.421541,nan,0.113483,nan,2.467261
9238,0.934217,1.227020,-27.304638,0.113469,36.853874,2.246481
9239,0.584024,0.668632,nan,0.113469,nan,1.568145
9240,1.054580,0.759590,-25.329096,0.113455,34.022289,2.547389
9241,1.006956,1.163651,nan,0.113455,nan,2.438549
9242,0.421362,0.659257,-27.282997,0.113441,35.344360,1.228980
9243,1.149104,1.359653,nan,0.113441,nan,2.711990
9244,0.341050,0.572279,-27.179127,0.113427,33.477032,1.045554
9245,0.401184,0.524507,nan,0.113427,nan,1.173801
9246,1.012733,0.699297,-26.070400,0.113413,37.704708,2.459718
9247,0.559006,0.701377,nan,0.113413,nan,1.510156
9248,0.431760,0.541159,-26.102062,0.113399,35.102943,1.220141
9249,0.601894,0.505579,nan,0.113399,nan,1.597532
9250,0.515589,0.598908,-27.711639,0.113385,33.090378,1.441322
9251,0.621334,0.692578,nan,0.113385,nan,1.648862
9252,0.905722,0.944843,-25.731209,0.113371,35.265862,2.195874
9253,0.563609,0.630932,nan,0.113371,nan,1.517385
9254,0.403881,0.417402,-26.798729,0.113357,33.768456,1.184250
9255,0.817345,0.883167,nan,0.113357,nan,2.001066
9256,0.590829,0.578100,-27.549576,0.113343,35.346634,1.589992
9257,0.459210,0.422695,nan,0.113343,nan,1.316635
9258,0.958176,1.014349,-26.260895,0.113329,33.128883,2.318055
9259,0.633921,0.606811,nan,0.113329,nan,1.658628
9260,0.572749,0.582689,-27.130346,0.113316,35.035969,1.550333
9261,0.617245,0.464337,nan,0.113316,nan,1.663205
9262,0.490631,0.574892,-26.994389,0.113302,34.239624,1.368663
9263,0.561451,0.683162,nan,0.113302,nan,1.556577
9264,1.579185,1.566165,-24.873581,0.113288,34.338436,3.582893
9265,0.780875,0.843364,nan,0.113288,nan,1.955653
9266,0.999604,0.866605,-26.094063,0.113274,35.538746,2.395496
9267,0.774007,0.532177,nan,0.113274,nan,1.981755
9268,0.535467,0.742327,-28.185947,0.113260,34.384075,1.482617
9269,0.784570,0.576897,nan,0.113260,nan,1.993863
9270,0.662793,0.813214,-25.945396,0.113247,33.821358,1.751595
9271,0.634083,0.589478,nan,0.113247,nan,1.692082
9272,1.452376,1.194653,-25.054764,0.113233,34.678204,3.361799
9273,1.509337,1.567843,nan,0.113233,nan,3.427364
9274,1.435678,1.283767,-25.063824,0.113219,32.977257,3.309370
9275,0.677227,0.513095,nan,0.113219,nan,1.783398
9276,0.747054,0.584984,-25.796787,0.113205,33.233635,1.923704
9277,0.745231,0.657427,nan,0.113205,nan,1.905401
9278,1.030151,0.922467,-26.421434,0.113192,34.917526,2.497123
9279,0.970775,0.792362,nan,0.113192,nan,2.363066
9280,0.391266,0.715713,-25.603439,0.113178,35.839031,1.167699
9281,0.809296,0.562346,nan,0.113178,nan,2.063475
9282,0.936629,0.947903,-26.290741,0.113164,35.816559,2.301602
9283,0.825849,0.744531,nan,0.113164,nan,2.065283
9284,2.075771,2.184067,-24.979771,0.113151,31.632881,4.549836
9285,0.349714,0.620390,nan,0.113151,nan,1.072924
9286,0.494855,0.498706,-26.861385,0.113137,36.273163,1.382164
9287,0.567836,0.828802,nan,0.113137,nan,1.533894
9288,0.523489,0.451340,-26.917973,0.113123,36.178482,1.466336
9289,0.467860,0.421840,nan,0.113123,nan,1.328391
9290,0.502966,0.482384,-27.272518,0.113109,34.535854,1.414962
9291,0.551175,0.514147,nan,0.113109,nan,1.526872
9292,0.745591,0.469371,-25.716166,0.113096,34.361904,1.935801
9293,0.773123,0.413511,nan,0.113096,nan,2.012581
9294,1.621204,1.339006,-26.317854,0.113082,34.292351,3.691864
9295,0.949456,0.886536,nan,0.113082,nan,2.330716
9296,0.780767,0.597525,-27.315960,0.113068,35.925690,1.996318
9297,1.464496,1.804205,nan,0.113068,nan,3.338479
9298,0.487232,0.890198,-26.235703,0.113054,36.831238,1.370722
9299,1.067684,0.796975,nan,0.113054,nan,2.578393
9300,0.647931,0.554585,-27.076981,0.113041,36.419052,1.698724
9301,1.079690,1.027844,nan,0.113041,nan,2.580836
9302,1.016037,0.872088,-26.888363,0.113027,34.412144,2.475239
9303,0.524796,0.723551,nan,0.113027,nan,1.449906
9304,0.961269,1.087108,-24.255283,0.113013,35.833260,2.311725
9305,0.658999,1.023309,nan,0.113013,nan,1.762528
9306,1.103369,1.286332,-26.300861,0.112999,35.816952,2.665952
9307,0.834207,0.774402,nan,0.112999,nan,2.077788
9308,0.558562,0.409732,-28.404743,0.112985,36.792473,1.526322
9309,1.161248,1.127051,nan,0.112985,nan,2.752663
9310,1.136661,1.139290,-27.013023,0.112971,35.709888,2.693696
9311,1.320849,1.297142,nan,0.112971,nan,3.053206
9312,1.514350,1.457763,-26.249508,0.112957,34.529320,3.444970
9313,0.555936,0.517084,nan,0.112957,nan,1.493438
9314,1.397328,1.232204,-23.916578,0.112943,34.853844,3.229475
9315,0.575308,0.618599,nan,0.112943,nan,1.559070
9316,1.296790,1.602781,-23.316240,0.112930,35.075546,3.069159
9317,1.631064,1.422604,nan,0.112930,nan,3.742186
9318,0.601387,0.510940,-26.119287,0.112916,38.719349,1.647947
9319,1.986400,2.487392,nan,0.112916,nan,4.452623
9320,2.150635,2.635517,-26.154114,0.112902,33.783264,4.789165
9321,0.929544,1.767727,nan,0.112902,nan,2.261801
9322,1.320589,1.306461,-25.514851,0.112888,34.871918,3.096033
9323,0.594419,1.231679,nan,0.112888,nan,1.606917
9324,0.592381,1.025757,-25.582767,0.112874,37.431580,1.588941
9325,0.714730,0.527356,nan,0.112874,nan,1.854879
9326,0.536305,0.548180,-27.546825,0.112860,34.666031,1.472179
9327,1.023206,0.496626,nan,0.112860,nan,2.509439
9328,1.517191,0.979800,-27.361923,0.112846,33.644165,3.508912
9329,1.012697,0.857852,nan,0.112846,nan,2.463335
9330,1.539456,1.372459,-27.080830,0.112832,36.494698,3.521727
9331,0.528862,0.479608,nan,0.112832,nan,1.481978
9332,1.012083,0.849447,-26.391888,0.112818,37.717800,2.500131
9333,0.509344,0.510430,nan,0.112818,nan,1.441863
9334,1.014713,0.937126,-25.485304,0.112804,32.089993,2.436685
9335,0.953056,1.035032,nan,0.112804,nan,2.297833
9336,1.417116,1.421039,-26.511847,0.112791,36.495197,3.277808
9337,0.533620,0.593834,nan,0.112791,nan,1.473530
9338,0.442274,0.476124,-25.943184,0.112777,36.043152,1.289275
9339,0.868691,0.699817,nan,0.112777,nan,2.187208
9340,0.683811,0.950171,-27.599804,0.112763,38.211639,1.807558
9341,0.893200,1.208205,nan,0.112763,nan,2.183163
9342,0.557897,0.665887,-26.041201,0.112749,34.181801,1.533325
9343,1.207656,1.272262,nan,0.112749,nan,2.845174
9344,0.634579,0.533594,-26.712143,0.112735,34.932522,1.715147
9345,0.539908,0.689636,nan,0.112735,nan,1.486663
9346,0.470033,0.735269,-27.265167,0.112721,36.767933,1.326835
9347,1.054182,1.025015,nan,0.112721,nan,2.505026
9348,0.649824,0.538004,-27.792229,0.112707,35.926838,1.767977
9349,0.956195,0.974346,nan,0.112707,nan,2.352953
9350,1.209666,1.510798,-25.218576,0.112693,32.923717,2.821290
9351,0.434514,0.536951,nan,0.112693,nan,1.252203
9352,0.559701,0.598719,-26.019569,0.112680,35.528481,1.536336
9353,0.604433,0.583420,nan,0.112680,nan,1.633157
9354,1.400161,1.586545,-27.076183,0.112666,35.581711,3.236745
9355,0.453493,0.408352,nan,0.112666,nan,1.351006
9356,0.739663,0.598698,-26.266953,0.112652,36.505638,1.914351
9357,0.809105,0.842560,nan,0.112652,nan,2.015190
9358,0.512073,0.593089,-27.752174,0.112638,37.912270,1.451140
9359,0.880983,0.854625,nan,0.112638,nan,2.214645
9360,0.967364,1.154585,-25.841908,0.112624,32.802986,2.378662
9361,1.043962,0.908493,nan,0.112624,nan,2.554556
9362,0.998209,0.997619,-26.858366,0.112610,35.349056,2.430912
9363,1.088099,1.121870,nan,0.112610,nan,2.563332
9364,0.960742,1.166530,-25.536346,0.112596,33.739952,2.329746
9365,1.347513,1.350389,nan,0.112596,nan,3.136439
9366,1.035212,0.991885,-27.451946,0.112583,34.723682,2.498362
9367,0.595982,0.502326,nan,0.112583,nan,1.582622
9368,0.472146,0.478273,-26.300140,0.112569,36.940067,1.318677
9369,0.813046,0.783583,nan,0.112569,nan,2.068938
9370,0.473781,0.441278,-26.494139,0.112555,36.708977,1.355706
9371,0.517944,0.582043,nan,0.112555,nan,1.449591
9372,0.603167,0.491975,-27.075939,0.112541,35.392380,1.642133
9373,0.374848,0.473077,nan,0.112541,nan,1.120507
9374,0.955235,0.847080,-26.682178,0.112528,34.797970,2.332983
9375,0.666133,0.612514,nan,0.112528,nan,1.709835
9376,1.504068,1.505877,-27.009335,0.112514,33.629158,3.405912
9377,0.403348,0.594706,nan,0.112514,nan,1.196518
9378,0.659378,0.662056,-25.878086,0.112500,36.799980,1.731150
9379,0.452310,0.400200,nan,0.112500,nan,1.275404
9380,0.977375,1.162374,-23.802559,0.112486,32.396004,2.383115
9381,1.678795,1.634162,nan,0.112486,nan,3.731913
9382,0.880201,0.880036,-25.019516,0.112473,33.464638,2.147554
9383,0.710222,0.511067,nan,0.112473,nan,1.824619
9384,0.826625,0.832453,-26.408535,0.112459,36.179718,2.054085
9385,0.628591,0.641638,nan,0.112459,nan,1.674126
9386,0.421694,0.492030,-25.241295,0.112446,35.043945,1.230135
9387,1.267448,1.060650,nan,0.112446,nan,2.983854
9388,0.554845,0.663159,-25.518299,0.112432,35.731506,1.518101
9389,1.451880,0.818408,nan,0.112432,nan,3.369500
9390,2.212538,2.511852,-26.166235,0.112418,33.994850,4.839748
9391,1.089346,1.011769,nan,0.112418,nan,2.598977
9392,0.952397,0.897589,-25.460739,0.112405,37.689907,2.307909
9393,1.179437,0.603471,nan,0.112405,nan,2.819169
9394,0.767895,0.727333,-25.588215,0.112391,36.081619,1.958609
9395,0.439590,0.528251,nan,0.112391,nan,1.262350
9396,0.372911,0.540322,-27.145657,0.112377,35.590031,1.094273
9397,0.552650,0.530686,nan,0.112377,nan,1.519297
9398,0.403729,0.428312,-25.269188,0.112364,36.381264,1.167540
9399,1.130778,0.958655,nan,0.112364,nan,2.714606
9400,1.256459,1.630970,-24.676762,0.112350,36.784000,2.931118
9401,0.558781,0.653340,nan,0.112350,nan,1.513823
9402,0.536283,0.701067,-27.510431,0.112336,34.493240,1.488906
9403,1.073297,1.156517,nan,0.112336,nan,2.585334
9404,0.652122,0.614673,-27.312807,0.112322,36.030617,1.738684
9405,1.061184,0.997436,nan,0.112322,nan,2.564051
9406,1.420907,1.457618,-24.277668,0.112309,33.799980,3.275476
9407,0.582688,0.538396,nan,0.112309,nan,1.573675
9408,0.523970,0.515785,-26.990391,0.112295,36.387852,1.419484
9409,0.692315,0.649445,nan,0.112295,nan,1.793162
9410,1.035780,1.101844,-26.631409,0.112281,34.892094,2.487132
9411,0.650321,0.671707,nan,0.112281,nan,1.686390
9412,1.349148,1.280780,-24.342487,0.112268,32.485596,3.122653
9413,1.092455,0.928795,nan,0.112268,nan,2.582318
9414,1.015136,1.030383,-25.588490,0.112254,34.857773,2.414845
9415,1.580161,1.325494,nan,0.112254,nan,3.605216
9416,0.587286,0.563531,-24.807999,0.112241,36.374405,1.597710
9417,1.540010,0.866803,nan,0.112241,nan,3.549020
9418,0.961294,0.821514,-25.422371,0.112227,38.516655,2.360235
9419,0.991682,0.932026,nan,0.112227,nan,2.400491
9420,0.855244,0.879557,-27.585476,0.112213,37.487232,2.137723
9421,0.542323,0.728078,nan,0.112213,nan,1.485174
9422,0.536212,0.544563,-25.650478,0.112199,38.968227,1.437727
9423,1.272386,1.190286,nan,0.112199,nan,3.003820
9424,0.582846,0.580903,-23.123909,0.112185,35.701843,1.550747
9425,2.029900,1.038643,nan,0.112185,nan,4.546556
9426,2.203937,1.675263,-24.991302,0.112172,33.603741,4.869884
9427,1.475346,1.097970,nan,0.112172,nan,3.409232
9428,1.112071,0.751820,-27.329807,0.112158,35.671310,2.679144
9429,1.164816,1.079259,nan,0.112158,nan,2.773465
9430,0.790904,0.945756,-25.622692,0.112144,35.528690,1.969481
9431,0.484019,0.669002,nan,0.112144,nan,1.348968
9432,0.477258,0.739361,-26.583796,0.112130,35.462746,1.357332
9433,0.916254,0.927744,nan,0.112130,nan,2.259284
9434,0.859630,0.854697,-25.406673,0.112117,34.736755,2.133355
9435,0.809837,1.010591,nan,0.112117,nan,2.039765
9436,1.151755,0.824481,-26.558098,0.112103,37.130184,2.753967
9437,1.419396,1.263596,nan,0.112103,nan,3.254629
9438,1.874234,1.656604,-25.463144,0.112089,34.091331,4.176250
9439,0.493054,0.501609,nan,0.112089,nan,1.377469
9440,0.988476,0.804769,-26.381157,0.112076,32.405304,2.393206
9441,1.545889,1.413728,nan,0.112076,nan,3.530168
9442,1.127747,0.834466,-25.315922,0.112062,34.703339,2.681639
9443,0.666610,0.528684,nan,0.112062,nan,1.702890
9444,1.588667,1.343981,-25.229752,0.112049,38.932045,3.606442
9445,0.808886,0.892099,nan,0.112049,nan,2.020439
9446,0.900626,0.916561,-25.067543,0.112035,35.380081,2.139346
9447,0.798401,0.922195,nan,0.112035,nan,1.953977
9448,0.962813,0.938283,-26.329071,0.112021,35.707970,2.334486
9449,0.438168,0.762410,nan,0.112021,nan,1.221423
9450,0.529430,0.531010,-26.299690,0.112008,33.911827,1.450769
9451,2.068060,1.998321,nan,0.112008,nan,4.537134
9452,0.590184,0.614379,-26.165745,0.111994,37.599838,1.542850
9453,0.779479,1.005301,nan,0.111994,nan,1.916517
9454,0.441194,0.519202,-25.112415,0.111980,37.114990,1.220202
9455,0.885868,0.893520,nan,0.111980,nan,2.125516
9456,1.288026,1.259079,-25.943460,0.111967,35.037041,3.025980
9457,1.053662,0.948150,nan,0.111967,nan,2.541182
9458,1.275508,1.138251,-22.633909,0.111953,35.320782,2.967836
9459,1.178561,0.865593,nan,0.111953,nan,2.781372
9460,0.630068,1.092723,-24.589432,0.111940,36.068184,1.704210
9461,1.554743,1.558142,nan,0.111940,nan,3.558312
9462,0.595855,0.483884,-24.931740,0.111926,34.680622,1.616407
9463,1.582074,1.372492,nan,0.111926,nan,3.616014
9464,0.877525,0.990089,-26.017172,0.111912,35.646938,2.158996
9465,0.675292,0.713747,nan,0.111912,nan,1.744620
9466,0.510486,0.622002,-27.500744,0.111899,34.992813,1.413576
9467,0.820942,0.837123,nan,0.111899,nan,2.017627
9468,0.534471,0.576659,-26.083723,0.111885,34.167259,1.445199
9469,0.419091,0.410029,nan,0.111885,nan,1.230655
9470,0.785447,0.754792,-28.041338,0.111872,37.383522,1.975740
9471,1.091368,0.587744,nan,0.111872,nan,2.623574
9472,1.159802,0.606623,-26.705311,0.111858,36.470314,2.782847
9473,0.713483,0.616039,nan,0.111858,nan,1.844267
9474,1.612659,1.520875,-23.588951,0.111844,36.626049,3.657988
9475,1.043135,0.597606,nan,0.111844,nan,2.546091
9476,0.617398,0.697617,-24.979012,0.111831,37.694595,1.625562
9477,1.031398,0.949771,nan,0.111831,nan,2.464378
9478,0.647625,0.804639,-25.285923,0.111817,34.060047,1.681526
9479,0.452947,0.693636,nan,0.111817,nan,1.325049
9480,0.807759,0.879067,-23.840446,0.111803,35.195534,2.035533
9481,1.201011,1.492096,nan,0.111803,nan,2.811435
9482,0.638565,1.026111,-26.163765,0.111790,36.285942,1.670315
9483,1.100215,1.278672,nan,0.111790,nan,2.581394
9484,0.973309,1.368783,-26.851963,0.111776,36.707848,2.331779
9485,1.029433,0.525279,nan,0.111776,nan,2.488186
9486,0.580072,0.651140,-24.109528,0.111762,35.023659,1.538937
9487,0.542487,0.452086,nan,0.111762,nan,1.474170
9488,0.614953,0.646194,-26.954876,0.111749,37.233395,1.621997
9489,0.564085,0.715493,nan,0.111749,nan,1.469278
9490,0.557970,0.516922,-25.320505,0.111735,37.970131,1.490582
9491,0.672508,0.860914,nan,0.111735,nan,1.766674
9492,0.929702,0.859011,-26.046776,0.111721,35.699112,2.250314
9493,0.579617,0.656151,nan,0.111721,nan,1.545720
9494,0.649074,0.483022,-26.042580,0.111708,38.787041,1.709928
9495,0.681973,0.616833,nan,0.111708,nan,1.749722
9496,0.497009,0.448880,-25.201900,0.111694,36.147823,1.385195
9497,0.519793,0.563247,nan,0.111694,nan,1.447582
9498,0.997146,0.884196,-25.076015,0.111680,36.170891,2.426012
9499,1.081949,1.012739,nan,0.111680,nan,2.562002
9500,0.569737,0.491484,-25.836021,0.111666,37.436649,1.584583
9501,2.082315,1.594597,nan,0.111666,nan,4.624923
9502,0.762691,0.735960,-25.846464,0.111652,35.742023,1.965407
9503,1.352663,1.253023,nan,0.111652,nan,3.137032
9504,0.722547,1.593399,-23.321289,0.111639,34.937202,1.843115
9505,0.668786,0.991226,nan,0.111639,nan,1.704279
9506,1.333367,0.613988,-25.640339,0.111625,38.282867,3.112262
9507,0.908269,1.311674,nan,0.111625,nan,2.216212
9508,1.195416,0.893142,-24.296247,0.111611,35.073727,2.833459
9509,1.023284,0.582287,nan,0.111611,nan,2.494331
9510,0.515833,0.509091,-22.482870,0.111598,33.141388,1.428208
9511,2.100886,0.820533,nan,0.111598,nan,4.661200
9512,1.843888,0.844805,-24.378916,0.111584,36.739418,4.136822
9513,1.282032,1.794599,nan,0.111584,nan,2.940647
9514,0.854554,0.909591,-25.867752,0.111570,35.813423,2.127133
9515,1.645893,2.294718,nan,0.111570,nan,3.675066
9516,1.254897,1.284379,-26.945496,0.111557,35.659813,2.970514
9517,1.110060,0.659657,nan,0.111557,nan,2.676773
9518,0.969070,0.895066,-25.419338,0.111543,36.730171,2.362639
9519,0.967754,1.263859,nan,0.111543,nan,2.326600
9520,0.557444,0.566678,-24.897490,0.111530,34.918304,1.530403
9521,0.574615,1.027110,nan,0.111530,nan,1.541606
9522,0.667555,0.926661,-24.741478,0.111516,35.046898,1.718261
9523,0.655654,0.684318,nan,0.111516,nan,1.727811
9524,1.124024,0.796485,-24.150230,0.111502,36.896584,2.683456
9525,0.843543,1.082430,nan,0.111502,nan,2.058525
9526,0.471392,0.518268,-27.639675,0.111489,36.332169,1.282311
9527,1.030913,0.537684,nan,0.111489,nan,2.519511
9528,1.910290,1.332001,-25.788031,0.111475,34.800423,4.287005
9529,0.989291,0.923655,nan,0.111475,nan,2.375757
9530,0.614592,0.570786,-23.010538,0.111462,35.846275,1.548356
9531,0.947651,1.254559,nan,0.111462,nan,2.286569
9532,0.941240,0.882176,-24.835640,0.111448,36.626640,2.243945
9533,1.065128,1.020611,nan,0.111448,nan,2.463555
9534,1.380911,1.332526,-24.368557,0.111435,36.214317,3.123451
9535,1.195937,1.108059,nan,0.111435,nan,2.763331
9536,0.423852,0.548033,-25.614796,0.111421,36.595718,1.192371
9537,0.803481,0.592620,nan,0.111421,nan,2.009735
9538,0.788717,0.739541,-24.501652,0.111408,35.545689,1.919557
9539,2.054319,2.042009,nan,0.111408,nan,4.533818
9540,1.330591,1.162140,-25.141405,0.111394,37.810215,3.050308
9541,1.030632,1.060122,nan,0.111394,nan,2.477935
9542,1.140887,1.298099,-23.647320,0.111380,34.177868,2.677428
9543,0.472150,0.430754,nan,0.111380,nan,1.351197
9544,1.220845,1.289074,-25.122459,0.111367,35.797997,2.839514
9545,1.753398,1.429118,nan,0.111367,nan,3.959610
9546,1.006603,0.607203,-24.300091,0.111353,35.848209,2.443465
9547,1.070351,1.171853,nan,0.111353,nan,2.556567
9548,0.707761,0.681835,-25.650066,0.111340,36.353882,1.799878
9549,0.624029,1.017374,nan,0.111340,nan,1.633876
9550,1.543458,1.544868,-24.138861,0.111326,36.278221,3.506949
9551,0.905260,0.692699,nan,0.111326,nan,2.226243
9552,1.140719,0.908489,-24.536070,0.111313,35.712826,2.704145
9553,0.984367,1.041407,nan,0.111313,nan,2.365548
9554,0.550977,0.599690,-26.964476,0.111299,37.461037,1.476620
9555,1.300171,1.277456,nan,0.111299,nan,3.025869
9556,1.033631,0.793356,-23.033510,0.111286,37.230057,2.473780
9557,0.871041,0.870048,nan,0.111286,nan,2.142324
9558,0.693062,0.430200,-22.685856,0.111272,36.204304,1.783600
9559,1.299393,3.135401,nan,0.111272,nan,3.060839
9560,1.036512,1.512175,-26.512733,0.111259,35.480438,2.514847
9561,1.374848,1.407394,nan,0.111259,nan,3.187625
9562,0.613210,0.931815,-25.257805,0.111245,39.776779,1.629452
9563,0.674472,0.745700,nan,0.111245,nan,1.757556
9564,1.169531,0.998365,-25.768318,0.111231,36.978973,2.777843
9565,0.939301,0.774303,nan,0.111231,nan,2.304580
9566,0.547255,0.462969,-22.591602,0.111218,36.334614,1.474829
9567,0.836030,0.803036,nan,0.111218,nan,2.084661
9568,1.147952,1.292018,-22.494892,0.111204,35.165234,2.632955
9569,0.846960,0.848373,nan,0.111204,nan,2.087349
9570,1.061924,1.495195,-22.796488,0.111190,36.271694,2.499198
9571,1.418604,1.778441,nan,0.111190,nan,3.254893
9572,0.735348,0.517472,-25.222273,0.111177,35.745602,1.899307
9573,0.389305,0.312475,nan,0.111177,nan,1.180520
9574,1.062829,0.937912,-24.186531,0.111163,35.745838,2.487298
9575,0.584888,0.538095,nan,0.111163,nan,1.584857
9576,1.024782,0.971842,-25.855995,0.111150,35.710400,2.468476
9577,1.151699,1.240090,nan,0.111150,nan,2.691755
9578,0.592738,0.733274,-27.167557,0.111136,36.496887,1.615446
9579,1.123956,1.212708,nan,0.111136,nan,2.650289
9580,0.520137,0.480608,-24.710106,0.111123,36.140354,1.453088
9581,0.978083,0.817734,nan,0.111123,nan,2.357280
9582,0.556828,0.790872,-24.421453,0.111109,35.034031,1.506345
9583,0.515966,0.385730,nan,0.111109,nan,1.418433
9584,1.381297,1.719543,-25.658072,0.111096,36.452545,3.163172
9585,1.053038,0.810353,nan,0.111096,nan,2.528435
9586,1.001947,1.127058,-21.476452,0.111082,34.697147,2.374994
9587,1.809861,2.002140,nan,0.111082,nan,4.061300
9588,1.368894,0.883760,-24.343945,0.111069,34.775337,3.200979
9589,1.010859,0.985431,nan,0.111069,nan,2.426332
9590,0.539408,0.553993,-24.498596,0.111055,37.361591,1.463867
9591,0.859939,1.202425,nan,0.111055,nan,2.128629
9592,1.117503,0.955384,-25.422829,0.111042,37.797943,2.669753
9593,0.752505,0.742831,nan,0.111042,nan,1.905724
9594,0.809983,1.034117,-24.374949,0.111028,38.252872,1.997916
9595,0.777689,0.786708,nan,0.111028,nan,1.984291
9596,1.081801,1.116387,-24.532455,0.111015,36.885239,2.552901
9597,1.074028,1.082502,nan,0.111015,nan,2.586062
9598,0.611340,0.540048,-25.356838,0.111001,37.034222,1.645330
9599,0.692368,0.672595,nan,0.111001,nan,1.802485
9600,0.819440,0.687748,-24.123894,0.110988,37.588875,2.080552
9601,1.034222,0.912326,nan,0.110988,nan,2.497142
9602,0.668393,0.517680,-23.350605,0.110974,37.900864,1.764804
9603,1.155286,2.111679,nan,0.110974,nan,2.711345
9604,0.688284,1.196248,-23.093315,0.110960,34.366035,1.786813
9605,0.605048,0.665281,nan,0.110960,nan,1.623015
9606,0.858546,0.934067,-24.224838,0.110947,37.980766,2.070796
9607,0.698075,0.559928,nan,0.110947,nan,1.852876
9608,0.645821,0.689474,-23.428013,0.110933,35.286846,1.667731
9609,0.683579,0.771337,nan,0.110933,nan,1.738426
9610,0.668000,1.006305,-24.116703,0.110920,38.486328,1.722303
9611,0.641119,0.531056,nan,0.110920,nan,1.684622
9612,0.758509,1.519222,-25.254299,0.110906,36.572037,1.913514
9613,0.752541,1.140818,nan,0.110906,nan,1.930017
9614,1.577634,0.611242,-21.608061,0.110893,36.017944,3.624249
9615,1.303622,1.235453,nan,0.110893,nan,3.056034
9616,0.731418,0.648867,-23.952389,0.110879,36.533421,1.896423
9617,0.719865,0.511697,nan,0.110879,nan,1.870103
9618,0.946958,1.112194,-23.908676,0.110865,37.908901,2.293088
9619,1.125112,1.063355,nan,0.110865,nan,2.635962
9620,0.895915,0.928609,-23.650928,0.110852,35.659119,2.174107
9621,0.662264,0.742526,nan,0.110852,nan,1.706857
9622,0.954051,0.863371,-26.179384,0.110838,36.402897,2.320700
9623,0.638852,0.608746,nan,0.110838,nan,1.659950
9624,0.434798,0.345625,-25.541847,0.110825,38.031952,1.260307
9625,0.897810,0.791453,nan,0.110825,nan,2.213699
9626,0.580149,0.496273,-24.152733,0.110811,35.137047,1.588716
9627,0.731776,0.841056,nan,0.110811,nan,1.881798
9628,0.727556,0.561947,-22.806541,0.110798,38.950935,1.879247
9629,0.679061,0.808364,nan,0.110798,nan,1.781267
9630,1.044018,0.591885,-25.176191,0.110784,36.364906,2.542484
9631,1.330703,1.265352,nan,0.110784,nan,3.109688
9632,0.874435,0.760708,-25.813683,0.110770,39.099739,2.192632
9633,0.405250,0.354154,nan,0.110770,nan,1.231906
9634,0.422561,0.627965,-23.734112,0.110757,38.261940,1.234310
9635,0.580066,0.445471,nan,0.110757,nan,1.578394
9636,1.060414,1.031796,-24.140854,0.110743,36.882374,2.555139
9637,0.993211,0.867185,nan,0.110743,nan,2.403019
9638,0.533637,0.571263,-25.687790,0.110729,38.863888,1.477121
9639,0.958577,0.833260,nan,0.110729,nan,2.348051
9640,0.824065,1.076156,-21.815475,0.110715,39.529411,2.044328
9641,1.059153,1.092788,nan,0.110715,nan,2.547412
9642,0.652704,0.662040,-24.786243,0.110702,35.796204,1.713917
9643,0.995864,1.215167,nan,0.110702,nan,2.352300
9644,0.860433,0.578690,-24.229160,0.110688,35.239105,2.165862
9645,0.723147,0.711423,nan,0.110688,nan,1.870973
9646,0.891627,0.723083,-23.567482,0.110674,38.418720,2.247604
9647,0.646974,0.698669,nan,0.110674,nan,1.714955
9648,1.406713,1.335441,-21.837753,0.110661,34.150761,3.282061
9649,0.783809,1.748450,nan,0.110661,nan,1.956084
9650,0.768467,0.758811,-20.288816,0.110647,37.708237,1.960742
9651,1.025354,1.058305,nan,0.110647,nan,2.509241
9652,0.542316,0.893202,-21.538094,0.110634,36.223572,1.465862
9653,1.108677,0.764398,nan,0.110634,nan,2.693060
9654,0.684375,0.635546,-23.914356,0.110620,37.083130,1.779616
9655,1.077564,0.922725,nan,0.110620,nan,2.593349
9656,0.671343,0.598484,-21.313084,0.110606,37.616028,1.747004
9657,0.875294,0.542956,nan,0.110606,nan,2.197894
9658,0.538200,0.443202,-24.119064,0.110593,38.226250,1.494751
9659,0.857205,0.848432,nan,0.110593,nan,2.173162
9660,0.901650,0.575222,-25.318287,0.110579,38.917500,2.248994
9661,0.862272,1.139166,nan,0.110579,nan,2.148208
9662,1.497175,1.431054,-22.441130,0.110566,34.904129,3.426337
9663,0.737359,1.832031,nan,0.110566,nan,1.863116
9664,1.190827,1.643089,-23.511187,0.110552,35.084328,2.815952
9665,0.652318,0.391869,nan,0.110552,nan,1.729817
9666,0.707120,0.720951,-26.292227,0.110539,37.009869,1.836941
9667,1.141008,0.341634,nan,0.110539,nan,2.770550
9668,1.269143,0.823907,-22.711952,0.110525,34.732864,3.004412
9669,0.758173,1.038604,nan,0.110525,nan,1.907026
9670,0.631959,0.573937,-21.328297,0.110512,38.689133,1.654373
9671,1.110003,1.566848,nan,0.110512,nan,2.666099
9672,1.318029,1.051952,-20.135687,0.110498,35.777306,3.103782
9673,1.155325,0.651596,nan,0.110498,nan,2.753292
9674,0.433867,0.456647,-25.321457,0.110485,36.967892,1.269040
9675,0.635006,0.859790,nan,0.110485,nan,1.674579
9676,1.656326,1.971799,-24.338821,0.110471,37.168278,3.748158
9677,0.923143,0.683042,nan,0.110471,nan,2.304286
9678,1.318825,1.293361,-20.792103,0.110458,34.887848,3.068586
9679,1.270136,1.145279,nan,0.110458,nan,2.992303
9680,1.230024,0.769090,-25.040989,0.110444,37.810890,2.953680
9681,1.083538,0.786063,nan,0.110444,nan,2.613535
9682,1.111425,0.696354,-23.325691,0.110431,34.469212,2.686684
9683,0.936421,0.920365,nan,0.110431,nan,2.276714
9684,1.711591,1.428884,-21.796413,0.110418,37.354652,3.886292
9685,0.705886,1.978782,nan,0.110418,nan,1.819851
9686,0.991281,2.038116,-20.753489,0.110404,37.707802,2.374149
9687,0.966390,1.018299,nan,0.110404,nan,2.330025
9688,1.649847,1.402496,-19.616024,0.110391,36.694588,3.680097
9689,0.551512,1.073247,nan,0.110391,nan,1.453205
9690,1.238977,1.229437,-21.482960,0.110377,36.245834,2.881323
9691,0.712311,1.030616,nan,0.110377,nan,1.806852
9692,0.885451,0.846412,-24.178833,0.110364,38.899918,2.188508
9693,0.753466,0.716853,nan,0.110364,nan,1.920392
9694,0.773080,0.662783,-24.556679,0.110351,37.395370,1.954120
9695,0.628272,0.902508,nan,0.110351,nan,1.627229
9696,0.609827,0.625741,-22.918526,0.110337,34.972626,1.646644
9697,0.530221,0.903662,nan,0.110337,nan,1.463338
9698,0.665873,0.608874,-24.615471,0.110324,37.265774,1.770696
9699,1.031808,0.862686,nan,0.110324,nan,2.498834
9700,0.664309,0.556208,-20.053562,0.110310,36.683983,1.747472
9701,0.501828,0.453274,nan,0.110310,nan,1.414079
9702,0.557415,1.103430,-23.578962,0.110297,37.601875,1.520436
9703,0.988996,1.028657,nan,0.110297,nan,2.385963
9704,0.564333,1.482854,-22.094788,0.110283,38.316124,1.542550
9705,0.663383,1.767276,nan,0.110283,nan,1.681856
9706,1.039708,1.038418,-23.063740,0.110270,41.143040,2.577767
9707,1.155316,0.937686,nan,0.110270,nan,2.802796
9708,0.768316,1.141650,-19.682648,0.110256,37.348015,1.930251
9709,1.845676,0.833469,nan,0.110256,nan,4.185225
9710,1.299650,0.778888,-23.804550,0.110243,36.600430,3.067610
9711,0.735605,0.959532,nan,0.110243,nan,1.788762
9712,0.566858,0.594724,-24.043491,0.110229,38.704491,1.513529
9713,0.937900,1.023813,nan,0.110229,nan,2.250885
9714,1.262208,1.343348,-20.941895,0.110216,35.590950,2.904930
9715,1.195174,0.959185,nan,0.110216,nan,2.795085
9716,0.641766,0.693943,-24.967598,0.110202,37.635513,1.720225
9717,1.010310,0.933745,nan,0.110202,nan,2.451647
9718,1.008728,1.010412,-22.394234,0.110189,33.987076,2.441253
9719,0.525054,0.454728,nan,0.110189,nan,1.443792
9720,1.375559,1.243414,-23.557995,0.110175,37.678108,3.172985
9721,1.245282,0.672245,nan,0.110175,nan,2.959352
9722,0.966611,1.129690,-20.798004,0.110162,34.171417,2.333014
9723,1.205666,1.063916,nan,0.110162,nan,2.848090
9724,1.123012,1.480611,-18.759537,0.110149,38.010677,2.703795
9725,0.817341,0.937436,nan,0.110149,nan,2.023778
9726,1.193159,1.924719,-19.624104,0.110135,33.713852,2.794992
9727,1.309551,1.618075,nan,0.110135,nan,3.117846
9728,1.668383,1.057806,-21.888144,0.110122,37.878952,3.822113
9729,0.655999,0.660285,nan,0.110122,nan,1.706697
9730,0.435529,0.433025,-19.492107,0.110109,39.491989,1.220935
9731,1.160082,0.903761,nan,0.110109,nan,2.758300
9732,1.525737,1.685705,-22.465164,0.110095,36.274101,3.469148
9733,0.705841,0.699953,nan,0.110095,nan,1.773345
9734,0.601413,0.567426,-20.505444,0.110082,36.695572,1.614579
9735,0.614964,0.900403,nan,0.110082,nan,1.625386
9736,0.721172,0.667272,-22.358620,0.110069,37.461422,1.813719
9737,0.888381,0.494162,nan,0.110069,nan,2.227747
9738,0.740375,0.573138,-22.964552,0.110055,37.524109,1.909920
9739,0.777745,0.587546,nan,0.110055,nan,1.953562
9740,1.483599,1.651513,-22.244678,0.110042,36.432320,3.372162
9741,0.625102,0.698755,nan,0.110042,nan,1.646929
9742,1.087301,1.053956,-20.043873,0.110029,34.765133,2.587964
9743,0.551648,0.538211,nan,0.110029,nan,1.512607
9744,1.207894,1.680235,-19.943525,0.110015,37.227165,2.822037
9745,1.659075,1.610065,nan,0.110015,nan,3.774277
9746,0.762656,0.925447,-19.955460,0.110002,39.711784,1.941685
9747,0.846372,0.633733,nan,0.110002,nan,2.130685
9748,0.584005,0.600412,-21.261196,0.109989,36.076904,1.572732
9749,2.505716,1.493655,nan,0.109989,nan,5.534112
9750,1.531895,1.172277,-23.981224,0.109975,38.348518,3.574165
9751,1.493375,1.034239,nan,0.109975,nan,3.466218
9752,1.387524,0.926447,-21.306461,0.109962,37.319229,3.249383
9753,1.626435,1.280647,nan,0.109962,nan,3.725702
9754,1.458829,0.855812,-21.354950,0.109949,37.496586,3.360840
9755,0.879533,0.741597,nan,0.109949,nan,2.203963
9756,0.749513,0.722013,-21.622236,0.109935,37.508514,1.904075
9757,0.627499,0.677715,nan,0.109935,nan,1.637684
9758,0.861321,0.941222,-21.358255,0.109922,37.293118,2.136391
9759,0.912549,0.884027,nan,0.109922,nan,2.230048
9760,0.569889,0.537907,-19.506231,0.109908,38.505219,1.529536
9761,1.229085,0.958149,nan,0.109908,nan,2.898854
9762,0.469738,0.886776,-23.674198,0.109895,36.839455,1.307771
9763,0.559771,0.530160,nan,0.109895,nan,1.552454
9764,0.667141,0.640347,-24.074631,0.109881,39.305328,1.754058
9765,0.860481,1.103403,nan,0.109881,nan,2.131735
9766,0.490853,0.554459,-22.728067,0.109868,37.783932,1.350911
9767,0.676870,0.711470,nan,0.109868,nan,1.754639
9768,1.036268,1.790419,-15.692706,0.109855,36.583336,2.468960
9769,1.109115,1.200476,nan,0.109855,nan,2.636391
9770,0.784075,0.934155,-22.226471,0.109841,36.451405,2.037329
9771,0.661746,1.285061,nan,0.109841,nan,1.731601
9772,1.744478,1.518997,-22.849659,0.109828,33.904190,3.923280
9773,0.777073,0.586058,nan,0.109828,nan,1.964647
9774,0.645478,0.617954,-22.007494,0.109814,40.194523,1.712680
9775,0.681929,0.673864,nan,0.109814,nan,1.772626
9776,0.867434,0.967921,-24.236763,0.109801,36.465118,2.162176
9777,0.819332,1.461259,nan,0.109801,nan,2.051085
9778,1.319737,1.845467,-19.165359,0.109788,38.380966,3.044163
9779,1.012127,1.115632,nan,0.109788,nan,2.442311
9780,0.931380,0.881293,-20.930714,0.109774,35.246460,2.284063
9781,0.931704,1.118870,nan,0.109774,nan,2.257182
9782,0.742243,0.913639,-19.787653,0.109761,36.623329,1.861433
9783,1.258727,1.562770,nan,0.109761,nan,2.941256
9784,0.465325,0.702367,-22.119564,0.109748,36.815445,1.355762
9785,1.399378,1.519671,nan,0.109748,nan,3.188502
9786,1.378521,1.358230,-20.005013,0.109735,36.361015,3.180701
9787,0.619760,0.583018,nan,0.109735,nan,1.625020
9788,0.724946,0.894162,-21.833561,0.109721,37.084270,1.862616
9789,1.125635,1.262059,nan,0.109721,nan,2.675111
9790,1.105599,1.097978,-13.780336,0.109708,40.117489,2.582595
9791,1.491668,0.861951,nan,0.109708,nan,3.431284
9792,1.055236,1.185234,-18.722227,0.109695,39.899628,2.495309
9793,0.481062,0.499341,nan,0.109695,nan,1.358524
9794,1.182837,0.741057,-22.041574,0.109681,36.035751,2.789516
9795,0.646633,1.141396,nan,0.109681,nan,1.693442
9796,0.719513,1.190467,-18.997253,0.109668,37.928631,1.841218
9797,1.049643,1.438969,nan,0.109668,nan,2.506472
9798,1.262769,1.437609,-18.951900,0.109655,37.242966,2.951750
9799,0.760160,0.885735,nan,0.109655,nan,1.935464
9800,1.207542,1.282154,-16.163923,0.109641,36.926514,2.815706
9801,1.296508,0.963304,nan,0.109641,nan,3.057006
9802,0.920430,1.215724,-15.375425,0.109628,39.118858,2.214516
9803,0.687336,0.952278,nan,0.109628,nan,1.732734
9804,0.793887,0.835632,-21.752495,0.109614,38.394867,2.011940
9805,0.794553,0.921156,nan,0.109614,nan,1.942804
9806,0.761305,0.975755,-20.256153,0.109601,37.179867,1.915532
9807,0.852438,0.953752,nan,0.109601,nan,2.098695
9808,0.779390,0.855942,-19.168928,0.109588,38.552570,1.929454
9809,0.846978,1.087836,nan,0.109588,nan,2.085354
9810,1.017873,1.137788,-15.756159,0.109574,34.680923,2.446722
9811,1.286504,1.295106,nan,0.109574,nan,3.039748
9812,0.954023,1.318587,-20.371204,0.109561,40.021278,2.299494
9813,1.200347,0.873466,nan,0.109561,nan,2.881783
9814,0.999312,1.443702,-20.286816,0.109547,38.170387,2.375975
9815,1.744955,1.511495,nan,0.109547,nan,3.880207
9816,0.523788,0.592982,-19.362450,0.109534,37.826599,1.439633
9817,2.754865,0.895062,nan,0.109534,nan,6.018520
9818,1.127255,0.758361,-22.219131,0.109521,36.275318,2.703069
9819,1.334786,1.191591,nan,0.109521,nan,3.092971
9820,1.083618,0.647658,-23.855652,0.109507,39.001869,2.599097
9821,0.952838,1.093980,nan,0.109507,nan,2.291362
9822,1.169060,1.277584,-20.123913,0.109494,37.959538,2.791525
9823,0.873962,1.145051,nan,0.109494,nan,2.105386
9824,1.075706,1.490143,-15.829597,0.109480,39.834305,2.561134
9825,0.977959,1.471023,nan,0.109480,nan,2.344474
9826,1.269155,1.309724,-21.356876,0.109467,37.460480,2.943758
9827,1.239521,1.082666,nan,0.109467,nan,2.905825
9828,0.895392,0.850186,-23.583439,0.109453,37.524364,2.210255
9829,0.842060,0.906274,nan,0.109453,nan,2.094097
9830,1.055856,1.131100,-18.836830,0.109440,36.356995,2.518676
9831,0.656748,0.598965,nan,0.109440,nan,1.732119
9832,0.713939,1.113899,-20.952400,0.109427,36.526840,1.793717
9833,0.827308,1.049125,nan,0.109427,nan,2.071912
9834,0.831319,0.878808,-17.844837,0.109413,37.628174,2.089816
9835,1.010694,1.853900,nan,0.109413,nan,2.423067
9836,2.129567,2.072238,-15.886084,0.109400,37.208313,4.691740
9837,1.824086,2.496203,nan,0.109400,nan,4.134326
9838,1.402873,1.513314,-21.377825,0.109387,37.104233,3.290379
9839,0.873900,0.761975,nan,0.109387,nan,2.179976
9840,1.205366,1.254972,-17.893105,0.109374,37.231174,2.821019
9841,2.129159,1.542526,nan,0.109374,nan,4.737927
9842,1.284049,1.125799,-14.270837,0.109360,39.835903,3.025863
9843,1.778523,2.236300,nan,0.109360,nan,4.010015
9844,1.175861,1.608569,-20.972385,0.109347,38.111275,2.796718
9845,1.356439,2.473411,nan,0.109347,nan,3.128017
9846,0.777789,2.337166,-21.615772,0.109333,37.337326,1.948724
9847,0.919154,1.083899,nan,0.109333,nan,2.251198
9848,1.097846,1.451843,-16.397907,0.109320,36.265976,2.617985
9849,2.033781,1.757202,nan,0.109320,nan,4.543383
9850,2.999734,1.556803,-17.056770,0.109307,36.844719,6.485270
9851,1.379820,2.064233,nan,0.109307,nan,3.241589
9852,1.920368,1.346713,-17.741619,0.109294,37.686668,4.282366
9853,1.492669,2.064652,nan,0.109294,nan,3.377616
9854,1.385044,1.898688,-19.931000,0.109280,35.998581,3.250506
9855,0.513466,1.107702,nan,0.109280,nan,1.412794
9856,1.805853,1.712513,-19.784624,0.109267,40.532486,4.036126
9857,1.230406,1.765516,nan,0.109267,nan,2.872808
9858,2.108733,1.566004,-16.289783,0.109254,38.282913,4.702147
9859,1.476777,1.303635,nan,0.109254,nan,3.436592
9860,1.619924,1.989069,-16.171047,0.109241,37.828754,3.656265
9861,1.188332,1.264226,nan,0.109241,nan,2.783346
9862,1.117389,1.359163,-20.806494,0.109227,37.982925,2.655084
9863,1.241280,1.231356,nan,0.109227,nan,2.867809
9864,1.262949,0.924778,-16.910873,0.109214,36.509682,2.920429
9865,1.189408,1.321424,nan,0.109214,nan,2.772592
9866,1.728884,1.332467,-15.562851,0.109201,39.675549,3.929045
9867,1.635336,1.431651,nan,0.109201,nan,3.701070
9868,1.160646,1.131133,-18.324337,0.109187,36.796921,2.737751
9869,2.016834,0.999350,nan,0.109187,nan,4.462813
9870,1.211506,1.265323,-18.280025,0.109174,38.098747,2.813860
9871,1.058083,1.190592,nan,0.109174,nan,2.533617
9872,0.960391,2.030441,-11.988485,0.109161,38.676952,2.324566
9873,1.273781,1.613876,nan,0.109161,nan,2.996998
9874,1.618719,0.873595,-16.523449,0.109147,36.591927,3.710440
9875,1.103145,1.364704,nan,0.109147,nan,2.576402
9876,0.634541,0.708127,-25.831232,0.109134,41.220554,1.661543
9877,1.189272,0.942872,nan,0.109134,nan,2.760399
9878,0.678263,0.916155,-20.906830,0.109121,39.150490,1.735507
9879,0.815589,0.763511,nan,0.109121,nan,2.061121
9880,1.728201,1.561186,-14.034060,0.109107,38.312729,3.879980
9881,0.753564,0.633064,nan,0.109107,nan,1.897818
9882,0.828381,0.844303,-14.697767,0.109094,36.890892,2.045828
9883,1.254946,1.327271,nan,0.109094,nan,2.924124
9884,1.515302,0.940986,-18.383501,0.109081,37.957199,3.515754
9885,0.906470,0.870870,nan,0.109081,nan,2.195366
9886,0.842582,0.916808,-19.365662,0.109067,38.898125,2.068814
9887,1.031931,0.837849,nan,0.109067,nan,2.555193
9888,0.685333,0.801138,-18.535540,0.109054,38.845627,1.771574
9889,0.668462,0.959875,nan,0.109054,nan,1.756964
9890,1.170944,1.231339,-13.559495,0.109040,38.349266,2.724235
9891,0.577788,1.255631,nan,0.109040,nan,1.543571
9892,0.842005,0.593319,-19.615810,0.109027,38.119308,2.125419
9893,0.930905,0.770015,nan,0.109027,nan,2.224199
9894,0.504320,0.561575,-20.711163,0.109014,38.174774,1.389316
9895,0.841978,0.822030,nan,0.109014,nan,2.075298
9896,0.628146,0.820285,-20.661861,0.109000,36.536484,1.651297
9897,1.223457,1.265186,nan,0.109000,nan,2.833451
9898,1.340661,0.858581,-19.520233,0.108987,39.501312,3.153802
9899,0.712813,0.659134,nan,0.108987,nan,1.818074
9900,0.907140,0.891882,-19.138363,0.108974,38.173706,2.214537
9901,0.441332,0.659655,nan,0.108974,nan,1.289842
9902,1.065494,1.078046,-21.948006,0.108960,37.667908,2.619401
9903,0.894049,1.114563,nan,0.108960,nan,2.160425
9904,1.803802,1.697296,-15.572008,0.108947,37.300362,4.005723
9905,1.079039,1.087407,nan,0.108947,nan,2.544309
9906,0.908668,1.048119,-14.487719,0.108934,41.224075,2.259302
9907,0.798798,1.012080,nan,0.108934,nan,2.033826
9908,1.697315,1.383677,-13.436884,0.108920,34.480461,3.800219
9909,1.223402,1.128066,nan,0.108920,nan,2.862085
9910,1.109589,1.128589,-17.854107,0.108907,36.586388,2.654004
9911,0.819762,0.896856,nan,0.108907,nan,2.049212
9912,1.440707,1.111894,-16.892092,0.108894,38.520824,3.296890
9913,0.903433,0.876191,nan,0.108894,nan,2.210211
9914,1.440349,1.330726,-14.724364,0.108881,37.174530,3.363148
9915,1.282999,1.332990,nan,0.108881,nan,3.018069
9916,0.828038,1.201243,-18.881706,0.108867,38.079762,2.026272
9917,1.058340,0.922394,nan,0.108867,nan,2.536321
9918,0.853042,1.345043,-16.982031,0.108854,37.720474,2.107847
9919,0.669154,0.914795,nan,0.108854,nan,1.713885
9920,1.260688,1.546339,-16.311874,0.108841,38.178703,2.954353
9921,1.444136,1.672559,nan,0.108841,nan,3.265442
9922,0.962984,0.875708,-18.170712,0.108828,38.802322,2.354241
9923,0.787984,1.095943,nan,0.108828,nan,1.939431
9924,1.360287,0.815919,-15.840662,0.108815,38.243534,3.113863
9925,1.099061,0.778480,nan,0.108815,nan,2.586384
9926,1.513775,1.163110,-14.365109,0.108801,38.910118,3.467925
9927,1.679771,1.464334,nan,0.108801,nan,3.796942
9928,0.931673,1.059567,-18.592844,0.108788,39.865463,2.280933
9929,1.126806,0.751338,nan,0.108788,nan,2.637505
9930,0.800011,0.972634,-19.826860,0.108775,38.626282,1.992575
9931,0.730477,1.193885,nan,0.108775,nan,1.787219
9932,1.187818,1.036461,-14.718003,0.108761,36.514046,2.762146
9933,0.678182,0.862398,nan,0.108761,nan,1.750792
9934,1.475020,1.210570,-13.208879,0.108748,37.926346,3.411138
9935,1.178482,1.415963,nan,0.108748,nan,2.807483
9936,1.048264,1.012428,-18.038618,0.108735,39.262341,2.477653
9937,0.765996,0.794042,nan,0.108735,nan,1.918051
9938,1.806028,1.494515,-15.548588,0.108722,36.938267,4.071061
9939,1.075027,0.959296,nan,0.108722,nan,2.598540
9940,1.358360,1.148778,-15.392945,0.108708,38.768562,3.058234
9941,1.316552,1.077579,nan,0.108708,nan,3.006063
9942,1.195033,1.437823,-12.533587,0.108695,37.734886,2.777681
9943,0.958162,1.196768,nan,0.108695,nan,2.307748
9944,0.929820,1.055172,-17.251205,0.108682,38.812981,2.268925
9945,1.554719,1.132209,nan,0.108682,nan,3.515723
9946,1.056102,1.326718,-13.141985,0.108669,37.692295,2.491039
9947,0.780672,1.048246,nan,0.108669,nan,1.910818
9948,1.299241,1.694062,-14.905792,0.108655,39.371151,2.978369
9949,0.688043,1.243988,nan,0.108655,nan,1.740119
9950,1.970340,1.144757,-10.607259,0.108642,37.654526,4.406220
9951,1.207811,1.461705,nan,0.108642,nan,2.831856
9952,1.390670,0.741625,-14.870840,0.108629,39.152866,3.214433
9953,1.453729,0.903501,nan,0.108629,nan,3.329231
9954,0.763905,1.174438,-15.792420,0.108616,38.487385,1.939312
9955,0.993515,0.785727,nan,0.108616,nan,2.414697
9956,0.598367,2.092492,-13.940448,0.108603,34.982376,1.561135
9957,0.705073,2.019833,nan,0.108603,nan,1.765586
9958,1.538265,1.377033,-14.595536,0.108589,37.402874,3.550982
9959,0.881799,1.027211,nan,0.108589,nan,2.172500
9960,1.650456,1.221602,-13.081721,0.108576,37.226627,3.693498
9961,1.336354,0.858516,nan,0.108576,nan,3.116970
9962,1.426463,1.165236,-15.650661,0.108563,38.559097,3.338982
9963,1.503711,1.567608,nan,0.108563,nan,3.474054
9964,1.039754,0.996894,-13.685249,0.108550,38.729267,2.441220
9965,1.189357,1.130863,nan,0.108550,nan,2.793311
9966,1.483532,1.475275,-17.895302,0.108537,38.045479,3.444083
9967,1.209643,1.429174,nan,0.108537,nan,2.894295
9968,1.487969,1.091764,-13.306969,0.108524,37.207764,3.349137
9969,1.731330,1.202367,nan,0.108524,nan,3.881826
9970,1.005896,0.917381,-11.619941,0.108511,37.813675,2.392437
9971,1.027865,1.233268,nan,0.108511,nan,2.424696
9972,1.171124,1.140438,-16.992596,0.108498,36.499557,2.739482
9973,1.262130,0.915020,nan,0.108498,nan,2.889277
9974,0.781640,0.708655,-12.864777,0.108485,36.159397,2.003258
9975,0.968685,0.999043,nan,0.108485,nan,2.383439
9976,1.292753,1.598648,-16.172901,0.108472,38.661354,3.067618
9977,1.228182,1.555883,nan,0.108472,nan,2.872627
9978,1.262244,0.915160,-17.642328,0.108459,37.918236,2.955652
9979,0.852755,0.901258,nan,0.108459,nan,2.099883
9980,1.661094,1.728680,-9.622058,0.108446,38.288734,3.756190
9981,1.356288,1.853152,nan,0.108446,nan,3.179914
9982,1.070216,0.934179,-14.850882,0.108433,37.373024,2.533613
9983,1.376189,1.203371,nan,0.108433,nan,3.158946
9984,1.313266,1.146243,-10.411668,0.108420,38.348480,3.116711
9985,1.853468,1.439346,nan,0.108420,nan,4.152803
9986,0.820284,1.729302,-16.358009,0.108406,38.655869,2.026728
9987,1.225950,0.857695,nan,0.108406,nan,2.849511
9988,0.937026,1.818003,-10.278330,0.108393,35.263062,2.303128
9989,1.264256,1.631177,nan,0.108393,nan,3.005922
9990,0.986430,0.976195,-16.186975,0.108381,37.411430,2.413039
9991,1.071970,0.857074,nan,0.108381,nan,2.567388
9992,1.497319,1.252028,-13.274855,0.108368,37.041107,3.485109
9993,1.469181,0.525892,nan,0.108368,nan,3.428392
9994,1.093744,0.874230,-15.710133,0.108355,40.314278,2.548686
9995,1.028820,0.888083,nan,0.108355,nan,2.436638
9996,1.104487,1.364140,-13.729120,0.108341,39.081871,2.674893
9997,0.812934,0.956617,nan,0.108341,nan,2.033788
9998,1.200459,1.128504,-15.696141,0.108328,40.142754,2.796169
9999,1.162304,1.075939,nan,0.108328,nan,2.730536
10000,1.092450,1.950174,-11.003019,0.108315,37.954582,2.595207
10001,1.189462,1.929136,nan,0.108315,nan,2.803103
10002,0.924163,0.925929,-15.854073,0.108302,39.164837,2.260319
10003,0.843490,0.891124,nan,0.108302,nan,2.088192
10004,1.429040,1.294434,-11.609997,0.108289,40.733849,3.309757
10005,1.148232,1.290361,nan,0.108289,nan,2.705336
10006,1.496399,1.644250,-9.752608,0.108276,36.592613,3.387233
10007,2.040742,1.353705,nan,0.108276,nan,4.502491
10008,1.228314,1.280834,-13.297476,0.108263,37.529167,2.838081
10009,2.487340,1.419714,nan,0.108263,nan,5.440784
10010,1.786720,1.258162,-9.388494,0.108249,40.163605,4.042233
10011,0.803187,1.623805,nan,0.108249,nan,1.988225
10012,1.451982,1.323625,-11.704908,0.108236,37.217091,3.276076
10013,1.112833,1.821360,nan,0.108236,nan,2.654431
10014,0.810824,1.276309,-11.396888,0.108223,39.173992,1.944672
10015,1.337750,1.232952,nan,0.108223,nan,3.055000
10016,1.081180,1.168617,-12.805298,0.108210,38.915035,2.536822
10017,1.208008,1.616902,nan,0.108210,nan,2.869336
10018,1.182817,1.851735,-17.767809,0.108197,38.926811,2.733027
10019,1.110308,0.826674,nan,0.108197,nan,2.604547
10020,0.878397,0.882586,-17.361679,0.108184,37.772610,2.169146
10021,1.080539,0.855675,nan,0.108184,nan,2.580795
10022,0.775860,0.859443,-16.142250,0.108171,36.725494,1.927751
10023,0.796104,0.836119,nan,0.108171,nan,1.979360
10024,1.127836,1.219756,-12.200664,0.108158,38.462067,2.615827
10025,1.133241,0.893946,nan,0.108158,nan,2.711354
10026,0.721361,1.006647,-13.710859,0.108145,39.264713,1.830299
10027,1.030071,0.826326,nan,0.108145,nan,2.495398
10028,0.804244,0.900217,-8.126814,0.108131,40.698547,1.953367
10029,0.850567,1.202727,nan,0.108131,nan,2.073702
10030,0.836075,0.794401,-19.207592,0.108118,36.930412,2.072003
10031,1.203036,0.840264,nan,0.108118,nan,2.818612
10032,1.108795,1.273874,-13.188516,0.108105,39.572723,2.566903
10033,1.205323,1.145972,nan,0.108105,nan,2.804318
10034,1.085795,0.862772,-13.065598,0.108092,39.271339,2.583087
10035,0.933310,0.967038,nan,0.108092,nan,2.283194
10036,0.839286,1.672899,-13.212770,0.108079,36.987186,2.066856
10037,1.103011,1.427435,nan,0.108079,nan,2.571109
10038,1.162357,1.018243,-13.189091,0.108066,41.355442,2.738714
10039,0.726740,0.984096,nan,0.108066,nan,1.750858
10040,2.101118,1.226766,-14.124516,0.108052,37.705322,4.682611
10041,1.441261,1.581155,nan,0.108052,nan,3.276586
10042,0.783273,0.715120,-9.177223,0.108039,37.670185,1.871931
10043,1.343597,2.277741,nan,0.108039,nan,3.061166
10044,1.033923,1.684629,-9.155820,0.108026,39.121635,2.384901
10045,1.792961,1.548635,nan,0.108026,nan,4.036459
10046,1.252610,1.559533,-13.967298,0.108013,38.568008,2.955314
10047,1.505820,0.863356,nan,0.108013,nan,3.400949
10048,1.471309,1.084451,-11.485914,0.108000,37.933109,3.334384
10049,1.359467,1.301442,nan,0.108000,nan,3.152912
10050,1.186952,1.600406,-10.593731,0.107987,38.241840,2.788343
10051,1.350380,0.871507,nan,0.107987,nan,3.151241
10052,0.666085,0.689267,-16.549973,0.107974,39.225353,1.692551
10053,1.347231,0.924995,nan,0.107974,nan,3.054317
10054,0.686676,0.815957,-17.729670,0.107961,36.849617,1.746126
10055,0.714140,0.825274,nan,0.107961,nan,1.779927
10056,0.706681,0.565230,-10.035711,0.107948,37.856411,1.765869
10057,2.792543,0.893304,nan,0.107948,nan,6.047732
10058,1.274002,0.792720,-11.224474,0.107935,39.676109,2.954197
10059,1.592089,2.487011,nan,0.107935,nan,3.623552
10060,1.584608,1.335523,-15.583339,0.107922,37.614143,3.553917
10061,1.255666,1.625816,nan,0.107922,nan,2.879703
10062,0.985726,1.595490,-18.592287,0.107908,39.116131,2.375060
10063,1.260648,1.164894,nan,0.107908,nan,2.905905
10064,1.225731,1.275944,-7.675653,0.107895,38.836136,2.800062
10065,1.069463,1.493939,nan,0.107895,nan,2.509864
10066,1.482678,1.396400,-6.470290,0.107882,38.171875,3.359046
10067,0.947409,0.866359,nan,0.107882,nan,2.210350
10068,1.446924,1.196553,-10.037096,0.107869,37.478966,3.258401
10069,1.139891,1.360069,nan,0.107869,nan,2.613718
10070,1.249610,1.252905,-10.501604,0.107856,38.301971,2.885441
10071,1.081682,1.262171,nan,0.107856,nan,2.612647
10072,1.767340,0.818663,-11.222248,0.107843,39.108719,3.966608
10073,1.059750,0.815480,nan,0.107843,nan,2.460432
10074,1.337129,0.946481,-2.470228,0.107830,38.263634,2.989757
10075,1.332190,1.048790,nan,0.107830,nan,3.098389
10076,0.882504,1.884941,-12.032940,0.107817,37.899708,2.150176
10077,0.720781,0.647836,nan,0.107817,nan,1.756015
10078,1.826945,1.348729,-10.337261,0.107804,38.781528,4.105448
10079,1.064828,0.979877,nan,0.107804,nan,2.459925
10080,2.320827,2.164937,-2.246346,0.107791,40.304565,5.039248
10081,2.575889,1.883975,nan,0.107791,nan,5.543795
10082,2.318977,1.134567,-8.253973,0.107778,40.034248,5.045400
10083,1.534152,2.429521,nan,0.107778,nan,3.438019
10084,1.333606,1.858532,-14.190135,0.107765,39.062031,3.006872
10085,1.363578,1.397554,nan,0.107765,nan,3.024723
10086,0.864569,1.091227,-13.093777,0.107752,39.224422,2.069165
10087,0.877741,0.951358,nan,0.107752,nan,2.128014
10088,1.567942,1.258325,-8.163903,0.107739,38.748699,3.485848
10089,0.956369,1.025272,nan,0.107739,nan,2.258073
10090,0.996787,0.856487,-13.272215,0.107726,40.322281,2.448374
10091,0.829583,0.938053,nan,0.107726,nan,2.019995
10092,1.034214,0.732274,-15.525160,0.107713,37.964943,2.497986
10093,1.141526,0.731783,nan,0.107713,nan,2.660606
10094,1.280506,0.650967,-10.806452,0.107700,39.079044,2.945550
10095,1.281483,0.630209,nan,0.107700,nan,2.958108
10096,0.929662,1.412412,-16.351397,0.107686,41.068424,2.222798
10097,1.006867,0.790859,nan,0.107686,nan,2.329402
10098,0.700978,0.581988,-13.324137,0.107673,39.200974,1.719076
10099,0.944052,1.059073,nan,0.107673,nan,2.299187
10100,0.889589,0.701921,-11.862386,0.107660,38.898491,2.057448
10101,0.830221,1.236558,nan,0.107660,nan,2.025968
10102,0.831345,0.769827,-18.022968,0.107647,39.081673,2.062017
10103,1.714733,1.750907,nan,0.107647,nan,3.846741
10104,1.184581,0.915310,-4.752657,0.107634,40.673454,2.651425
10105,2.068461,2.395412,nan,0.107634,nan,4.559974
10106,1.129628,2.219283,-14.577187,0.107621,40.721672,2.660002
10107,2.064596,0.740806,nan,0.107621,nan,4.520076
10108,2.506789,0.994327,-13.751497,0.107607,39.064655,5.440217
10109,1.175185,1.939234,nan,0.107607,nan,2.704700
10110,2.872981,2.358505,2.497453,0.107594,37.500130,6.130951
10111,1.751289,1.140549,nan,0.107594,nan,3.842578
10112,1.661721,3.015864,-0.990756,0.107581,37.692421,3.733822
10113,2.067331,4.085880,nan,0.107581,nan,4.492645
10114,1.210825,1.738627,-15.219460,0.107568,38.609009,2.821007
10115,1.908829,1.497468,nan,0.107568,nan,4.251669
10116,1.216745,2.033942,-16.602867,0.107555,40.422279,2.823881
10117,2.563983,1.301872,nan,0.107555,nan,5.566938
10118,2.258645,1.408259,-15.869667,0.107542,38.710327,4.925578
10119,3.107758,1.183362,nan,0.107542,nan,6.602223
10120,1.713724,1.316862,-14.027491,0.107529,40.664318,3.799968
10121,1.344652,1.238291,nan,0.107529,nan,3.098821
10122,1.200928,0.700654,-12.513137,0.107516,39.194691,2.842250
10123,1.003214,1.219668,nan,0.107516,nan,2.336111
10124,0.945216,1.032532,-6.648789,0.107502,42.099464,2.275808
10125,1.301846,0.951654,nan,0.107502,nan,3.031379
10126,1.155195,1.000082,-9.099931,0.107489,37.123245,2.659654
10127,0.791582,0.814279,nan,0.107489,nan,1.927987
10128,0.830771,0.755051,-15.511274,0.107476,40.759018,2.062342
10129,0.939035,0.729198,nan,0.107476,nan,2.299793
10130,0.946821,0.834561,-7.530299,0.107463,40.235744,2.263677
10131,2.116518,1.184253,nan,0.107463,nan,4.626229
10132,1.466053,0.858067,-12.358223,0.107450,39.560936,3.371148
10133,0.963725,1.247094,nan,0.107450,nan,2.340113
10134,1.059402,0.986095,-10.881819,0.107436,41.936378,2.474534
10135,0.549511,0.814783,nan,0.107436,nan,1.461224
10136,1.785274,0.928910,-4.750696,0.107423,37.235348,3.994447
10137,0.842810,0.653887,nan,0.107423,nan,2.088381
10138,1.777159,1.398042,-14.107624,0.107410,35.992149,3.992563
10139,2.739558,0.863408,nan,0.107410,nan,5.885636
10140,1.726836,1.382265,-14.138351,0.107397,38.428726,3.861420
10141,0.885232,1.252826,nan,0.107397,nan,2.146452
10142,1.039795,1.017030,-6.296002,0.107384,35.516655,2.444173
10143,0.696728,3.587285,nan,0.107384,nan,1.759401
10144,1.460300,3.557218,-7.961131,0.107371,38.754391,3.340571
10145,2.799929,1.686221,nan,0.107371,nan,6.044700
10146,1.389459,0.911951,-13.228219,0.107358,38.315323,3.222912
10147,1.447081,0.928628,nan,0.107358,nan,3.292989
10148,1.573685,1.547036,-12.402908,0.107345,40.444416,3.518588
10149,1.131666,0.847610,nan,0.107345,nan,2.633402
10150,1.119691,0.879355,-11.419432,0.107332,38.350685,2.652077
10151,1.420596,1.118232,nan,0.107332,nan,3.249701
10152,0.741677,1.165080,-14.998013,0.107319,39.986752,1.911706
10153,0.921025,1.190337,nan,0.107319,nan,2.220938
10154,0.820909,1.351320,-10.028635,0.107306,40.700356,1.956960
10155,0.888701,0.743818,nan,0.107306,nan,2.053918
10156,1.675302,0.710220,-8.014534,0.107293,38.394882,3.759720
10157,1.347438,1.728714,nan,0.107293,nan,3.073701
10158,0.980483,1.732964,-8.017498,0.107280,38.851303,2.229471
10159,0.990361,1.797407,nan,0.107280,nan,2.307299
10160,1.324692,2.480919,-10.106893,0.107267,39.852657,3.017608
10161,2.132421,1.176247,nan,0.107267,nan,4.684827
10162,1.490275,1.079844,-8.569842,0.107254,39.006432,3.375919
10163,1.057537,1.093158,nan,0.107254,nan,2.513376
10164,1.353867,0.714009,-8.872474,0.107242,38.178799,3.133527
10165,0.912924,0.932324,nan,0.107242,nan,2.143332
10166,0.990010,0.820837,-8.770154,0.107228,40.603374,2.335200
10167,0.825047,1.039971,nan,0.107228,nan,2.008488
10168,1.398580,0.971099,-6.772872,0.107215,40.702904,3.241498
10169,1.475693,0.964474,nan,0.107215,nan,3.331455
10170,0.888758,1.035341,-12.737270,0.107202,38.172062,2.152869
10171,2.063285,1.342012,nan,0.107202,nan,4.491329
10172,1.079247,1.057211,-7.740792,0.107190,35.336040,2.517469
10173,1.078122,1.179980,nan,0.107190,nan,2.585263
10174,0.903516,1.022122,-5.827151,0.107177,40.976944,2.209135
10175,2.814653,3.266738,nan,0.107177,nan,6.029959
10176,2.068151,1.971170,-11.172876,0.107164,39.368332,4.555782
10177,1.121402,1.785199,nan,0.107164,nan,2.615731
10178,0.733750,1.545469,-13.696810,0.107151,39.731110,1.858399
10179,1.327077,1.334241,nan,0.107151,nan,3.071078
10180,1.233165,1.527025,-6.020284,0.107138,37.023438,2.845300
10181,0.822300,0.903216,nan,0.107138,nan,1.949940
10182,1.734123,1.700089,-3.341856,0.107125,38.198872,3.897513
10183,0.793838,0.865021,nan,0.107125,nan,1.945435
10184,1.314919,1.581879,-8.906775,0.107112,40.010094,2.998946
10185,1.903406,1.870878,nan,0.107112,nan,4.208458
10186,0.936569,1.255539,-6.107223,0.107099,42.387039,2.220114
10187,0.633018,0.607338,nan,0.107099,nan,1.622494
10188,1.370266,1.672139,-5.901819,0.107086,40.375931,3.101794
10189,1.013975,1.348281,nan,0.107086,nan,2.373200
10190,1.655570,1.329302,-4.324063,0.107073,38.304138,3.753963
10191,1.116571,2.179894,nan,0.107073,nan,2.619377
10192,1.275992,0.909089,-6.715069,0.107060,37.849384,2.917051
10193,1.319777,0.982445,nan,0.107060,nan,2.923463
10194,1.687426,0.844138,-8.529991,0.107047,41.319977,3.822955
10195,1.638677,0.862245,nan,0.107047,nan,3.718670
10196,1.409624,2.207963,-0.840792,0.107034,38.811989,3.202847
10197,1.568250,0.973776,nan,0.107034,nan,3.549105
10198,0.672227,1.268490,-9.724336,0.107021,39.362289,1.760785
10199,0.921664,1.440807,nan,0.107021,nan,2.213939
10200,0.849275,0.810393,-11.275467,0.107008,38.019424,2.064522
10201,0.729889,0.708021,nan,0.107008,nan,1.852306
10202,1.492086,1.587616,-8.079676,0.106995,40.704250,3.445871
10203,0.659745,1.435839,nan,0.106995,nan,1.665731
10204,1.842807,0.846752,-5.227590,0.106982,39.471867,4.071341
10205,1.599828,1.023373,nan,0.106982,nan,3.579925
10206,1.201346,0.953968,-7.265906,0.106969,39.191311,2.816364
10207,0.819574,0.865787,nan,0.106969,nan,2.008434
10208,0.925678,0.933720,-9.021119,0.106956,38.774452,2.151973
10209,0.711985,1.217425,nan,0.106956,nan,1.779927
10210,1.540086,0.907738,-6.503637,0.106943,38.574989,3.490953
10211,1.212098,0.900110,nan,0.106943,nan,2.786104
10212,0.834505,0.834583,-10.019081,0.106930,36.794861,2.050781
10213,0.775930,1.293157,nan,0.106930,nan,1.896044
10214,0.785585,0.774526,-5.957222,0.106918,39.912033,1.879216
10215,0.723812,0.911408,nan,0.106918,nan,1.787304
10216,1.447128,0.944019,-6.107217,0.106905,38.839622,3.264726
10217,1.420737,0.721414,nan,0.106905,nan,3.278106
10218,1.112319,0.709558,-16.215464,0.106892,38.782837,2.644623
10219,0.961013,0.855892,nan,0.106892,nan,2.301494
10220,0.851654,1.258951,-2.692249,0.106879,36.937744,2.057763
10221,0.956029,1.573016,nan,0.106879,nan,2.326112
10222,1.368370,0.940582,-10.607376,0.106866,41.510117,3.175139
10223,1.652798,0.783966,nan,0.106866,nan,3.715753
10224,2.229005,1.150360,-11.536167,0.106853,37.330734,4.871283
10225,1.160701,1.254071,nan,0.106853,nan,2.684038
10226,1.198819,1.146010,-3.208367,0.106840,41.539463,2.773189
10227,1.639913,1.759349,nan,0.106840,nan,3.737307
10228,2.103145,0.971591,-4.635297,0.106828,42.374878,4.668073
10229,1.255576,0.881765,nan,0.106828,nan,2.888010
10230,1.472369,1.058311,-8.702202,0.106815,40.006641,3.346291
10231,1.533474,1.042958,nan,0.106815,nan,3.444355
10232,1.088450,0.823035,-4.459039,0.106802,39.648811,2.606729
10233,0.998087,1.512631,nan,0.106802,nan,2.465605
10234,0.908809,0.948827,-11.820011,0.106789,41.115627,2.190568
10235,1.270383,0.726149,nan,0.106789,nan,2.939563
10236,0.882539,0.858435,-6.354902,0.106776,37.953568,2.115182
10237,1.281622,1.952627,nan,0.106776,nan,2.877016
10238,1.000619,0.797855,4.174878,0.106763,39.981239,2.312451
10239,2.112610,3.496122,nan,0.106763,nan,4.635893
10240,1.503913,2.582439,-8.436678,0.106750,37.371117,3.408189
10241,0.815768,2.237328,nan,0.106750,nan,1.951588
10242,0.710892,2.904003,-9.283985,0.106737,35.594738,1.733507
10243,1.919827,1.517694,nan,0.106737,nan,4.266017
10244,1.852367,1.119694,-8.624674,0.106724,40.820908,4.134313
10245,1.363707,1.251006,nan,0.106724,nan,3.107906
10246,2.010552,0.929172,-0.624726,0.106711,40.250408,4.461705
10247,2.347855,1.007935,nan,0.106711,nan,5.151798
10248,1.036931,0.926701,3.628180,0.106698,38.770630,2.367620
10249,2.547230,0.940697,nan,0.106698,nan,5.525132
10250,2.041469,1.353720,-7.846273,0.106685,40.358574,4.513875
10251,1.111670,1.174143,nan,0.106685,nan,2.580446
10252,0.698792,0.903847,-3.836716,0.106673,41.398975,1.694188
10253,1.263721,1.677142,nan,0.106673,nan,2.912526
10254,1.271286,1.039735,-1.482190,0.106660,41.269096,2.926730
10255,2.381586,0.869940,nan,0.106660,nan,5.192636
10256,2.548035,1.571561,-5.415881,0.106647,40.067890,5.514559
10257,1.344861,2.040107,nan,0.106647,nan,3.073843
10258,1.049758,1.445862,-4.085747,0.106634,38.543716,2.495742
10259,0.894711,2.463724,nan,0.106634,nan,2.074686
10260,0.761225,3.307337,-5.047348,0.106621,39.593460,1.910175
10261,2.233380,0.830435,nan,0.106621,nan,4.923651
10262,1.563466,1.036533,-9.394155,0.106608,39.868217,3.585612
10263,1.384472,1.286802,nan,0.106608,nan,3.122865
10264,1.776878,1.207139,3.446472,0.106595,39.933311,3.910336
10265,1.203769,0.871576,nan,0.106595,nan,2.816653
10266,1.291059,1.030267,0.008635,0.106582,37.482738,2.922209
10267,0.722741,0.567626,nan,0.106582,nan,1.797439
10268,1.257718,0.735616,-10.114878,0.106569,40.781208,2.861187
10269,0.903796,3.072522,nan,0.106569,nan,2.096438
10270,0.982464,2.015589,-9.085014,0.106556,40.647736,2.283285
10271,1.974472,2.069020,nan,0.106556,nan,4.308821
10272,1.749708,0.784247,-10.358235,0.106543,40.789162,3.925575
10273,2.431267,1.201104,nan,0.106543,nan,5.280908
10274,2.243502,1.221812,9.085047,0.106530,38.104801,4.864240
10275,1.138024,1.712671,nan,0.106530,nan,2.490053
10276,1.255009,1.085225,-3.063860,0.106517,41.501709,2.840588
10277,1.012619,2.110205,nan,0.106517,nan,2.274447
10278,1.433114,0.925545,-0.832171,0.106504,39.764622,3.199691
10279,1.002675,1.260627,nan,0.106504,nan,2.260634
10280,0.856917,1.698009,3.536760,0.106492,37.496338,1.986425
10281,2.068969,0.850814,nan,0.106492,nan,4.601755
10282,0.989991,0.861409,-1.093013,0.106479,38.910065,2.306476
10283,1.673213,0.984595,nan,0.106479,nan,3.754109
10284,1.335577,0.996165,1.992877,0.106466,41.437450,2.979811
10285,3.184919,1.888673,nan,0.106466,nan,6.849358
10286,1.591246,1.173018,-3.142161,0.106453,39.328995,3.597352
10287,1.635997,1.566537,nan,0.106453,nan,3.633690
10288,1.112432,1.666393,-8.327224,0.106440,39.553749,2.556433
10289,1.837195,1.704821,nan,0.106440,nan,4.100183
10290,0.755666,1.151571,-7.293761,0.106427,38.528633,1.839232
10291,2.139439,1.152198,nan,0.106427,nan,4.690297
10292,1.292447,0.983675,-4.689061,0.106414,38.388062,2.959415
10293,2.117695,2.231299,nan,0.106414,nan,4.686776
10294,1.213973,1.607148,-7.242320,0.106402,41.716156,2.807983
10295,1.887058,0.814490,nan,0.106402,nan,4.186713
10296,0.975571,0.735811,-14.783848,0.106389,42.294567,2.283235
10297,1.688562,2.483696,nan,0.106389,nan,3.752369
10298,1.269526,1.247359,-4.465585,0.106376,39.480003,2.872273
10299,1.801365,1.491188,nan,0.106376,nan,3.990382
10300,1.388668,1.128020,-8.868786,0.106363,41.499035,3.144642
10301,0.904771,1.647174,nan,0.106363,nan,2.140764
10302,0.707836,1.130296,-0.410009,0.106350,39.421951,1.645942
10303,1.961184,1.934465,nan,0.106350,nan,4.333993
10304,0.962368,1.389245,-1.292912,0.106337,39.128967,2.244319
10305,2.500234,1.759586,nan,0.106337,nan,5.436723
10306,1.334081,1.110220,-9.841217,0.106324,39.744061,3.098676
10307,1.442079,1.273978,nan,0.106324,nan,3.263916
10308,1.794142,1.280648,-1.924938,0.106311,38.709751,4.006027
10309,1.197057,1.701255,nan,0.106311,nan,2.754829
10310,0.824754,0.854290,5.245748,0.106298,39.271820,1.938932
10311,2.142702,3.706374,nan,0.106298,nan,4.700850
10312,1.915889,3.221847,-5.872428,0.106285,39.542458,4.210495
10313,1.058105,1.949976,nan,0.106285,nan,2.435674
10314,1.350917,2.362151,-7.529829,0.106273,38.694237,3.087140
10315,1.836117,1.515176,nan,0.106273,nan,4.067470
10316,2.881725,1.394911,0.071287,0.106260,41.150993,6.179564
10317,1.002836,0.984028,nan,0.106260,nan,2.318554
10318,5.163518,1.420282,14.259762,0.106247,40.306725,10.780884
10319,6.089505,1.477485,nan,0.106247,nan,12.628342
10320,3.291535,1.340030,4.082324,0.106234,42.891602,7.036654
10321,1.781660,3.986887,nan,0.106234,nan,3.958741
10322,2.096090,1.928410,-11.070655,0.106221,40.463539,4.563292
10323,1.075439,3.721711,nan,0.106221,nan,2.474960
10324,0.948211,4.236379,-10.427901,0.106208,38.879612,2.260262
10325,1.161916,2.781825,nan,0.106208,nan,2.686543
10326,1.644127,1.588221,-3.965846,0.106195,38.753319,3.645753
10327,0.896018,1.524050,nan,0.106195,nan,2.036125
10328,3.779006,1.531567,11.816500,0.106182,39.805214,8.000231
10329,2.293755,1.420684,nan,0.106182,nan,5.009334
10330,0.814702,2.381793,-3.633246,0.106170,40.390575,1.877561
10331,1.456535,1.125667,nan,0.106170,nan,3.281479
10332,0.700420,2.655092,-3.310322,0.106157,40.552750,1.704255
10333,0.961053,2.597436,nan,0.106157,nan,2.257700
10334,1.131669,1.045847,-8.937332,0.106144,36.660408,2.630508
10335,0.782848,1.050338,nan,0.106144,nan,1.916867
10336,2.420139,0.782817,0.510816,0.106131,36.854092,5.280392
10337,1.620007,0.803783,nan,0.106131,nan,3.628536
10338,1.133210,1.956685,-3.595701,0.106119,38.382149,2.622106
10339,1.884420,0.684680,nan,0.106119,nan,4.177863
10340,1.372593,1.860252,-2.754092,0.106106,39.114037,3.143859
10341,1.574535,2.220822,nan,0.106106,nan,3.538473
10342,1.003475,0.857301,7.074813,0.106093,40.774902,2.375340
10343,2.568679,2.996081,nan,0.106093,nan,5.546597
10344,2.828393,1.699462,-4.827430,0.106081,42.890068,6.063776
10345,0.940790,2.155737,nan,0.106081,nan,2.224415
10346,1.111742,3.723138,-1.851792,0.106068,41.688156,2.575907
10347,1.782422,2.552009,nan,0.106068,nan,3.968547
10348,2.204013,1.180754,2.106355,0.106055,38.711456,4.831810
10349,0.799418,0.988351,nan,0.106055,nan,1.911177
10350,0.879081,0.833225,0.652241,0.106042,39.090126,2.073051
10351,0.690483,0.709805,nan,0.106042,nan,1.684056
10352,1.285242,1.042386,3.593365,0.106029,40.637917,2.947681
10353,1.178884,1.569260,nan,0.106029,nan,2.748228
10354,0.844485,1.320975,-1.579473,0.106017,40.800102,2.038928
10355,1.093064,0.969159,nan,0.106017,nan,2.556525
10356,0.658062,0.744876,-5.335184,0.106004,38.169212,1.635506
10357,1.532996,0.819534,nan,0.106004,nan,3.467087
10358,0.930438,1.552028,-2.999189,0.105991,41.089581,2.216761
10359,1.526384,1.292512,nan,0.105991,nan,3.475567
10360,0.749977,1.255774,-1.539661,0.105978,38.286812,1.822983
10361,2.617960,1.068776,nan,0.105978,nan,5.690896
10362,1.423313,1.007645,10.972120,0.105966,38.297714,3.140847
10363,3.346811,1.750045,nan,0.105966,nan,7.157450
10364,1.636280,1.273021,3.492032,0.105953,38.862930,3.663265
10365,1.828779,1.802564,nan,0.105953,nan,4.061418
10366,1.847506,1.392515,2.551083,0.105940,36.248535,4.094884
10367,1.272509,2.115339,nan,0.105940,nan,2.941721
10368,0.885400,1.486282,-2.362674,0.105928,42.118484,2.097804
10369,2.036423,1.053459,nan,0.105928,nan,4.484226
10370,0.681241,1.120421,-3.639239,0.105915,41.910873,1.706901
10371,2.492578,1.631997,nan,0.105915,nan,5.446784
10372,0.785829,1.829499,-1.305462,0.105902,38.810265,1.911726
10373,2.628156,1.084338,nan,0.105902,nan,5.705556
10374,2.220227,0.672237,-9.522522,0.105890,38.513500,4.854458
10375,0.632796,1.367551,nan,0.105890,nan,1.602754
10376,0.982497,1.005848,-1.531706,0.105877,38.651276,2.343477
10377,1.209993,2.169643,nan,0.105877,nan,2.843243
10378,1.584793,1.870232,0.309735,0.105864,40.212971,3.611810
10379,1.000410,1.035076,nan,0.105864,nan,2.412066
10380,1.112127,1.717226,-3.464969,0.105852,40.226261,2.629016
10381,1.527561,1.368969,nan,0.105852,nan,3.482091
10382,1.068122,1.294714,1.353467,0.105839,40.850422,2.529566
10383,1.617222,1.207619,nan,0.105839,nan,3.685593
10384,1.819703,2.370955,0.432641,0.105826,41.198997,4.052114
10385,0.817800,1.235209,nan,0.105826,nan,2.010392
10386,1.691838,2.833797,4.170136,0.105814,40.821060,3.796259
10387,2.331279,1.611485,nan,0.105814,nan,5.128019
10388,2.033036,1.510524,9.891668,0.105801,40.199455,4.510596
10389,2.109888,1.550304,nan,0.105801,nan,4.702098
10390,1.106202,0.930536,-8.244507,0.105788,41.757149,2.667036
10391,4.549348,1.305743,nan,0.105788,nan,9.582863
10392,2.546800,1.210822,-1.779888,0.105775,38.250973,5.547785
10393,1.232918,1.644023,nan,0.105775,nan,2.887258
10394,1.627627,1.183220,-2.428978,0.105763,39.859585,3.724893
10395,0.758389,3.900457,nan,0.105763,nan,1.901534
10396,1.262773,1.417267,-0.161633,0.105750,40.604424,2.959102
10397,0.980469,1.287581,nan,0.105750,nan,2.379854
10398,2.161127,1.234300,4.589021,0.105737,39.481129,4.788138
10399,1.723257,1.158957,nan,0.105737,nan,3.896381
10400,1.292646,1.097895,-0.434700,0.105724,40.164749,3.035644
10401,1.433050,2.489904,nan,0.105724,nan,3.280194
10402,0.943751,2.003947,-5.953811,0.105712,42.138969,2.309564
10403,0.671487,0.831223,nan,0.105712,nan,1.735344
10404,1.438000,0.981084,2.705625,0.105699,39.506073,3.338897
10405,1.336287,1.108603,nan,0.105699,nan,3.111467
10406,2.225905,0.840297,-2.625239,0.105686,40.481110,4.948589
10407,0.969939,2.404144,nan,0.105686,nan,2.323574
10408,1.404918,2.070364,-1.909311,0.105673,42.346634,3.255171
10409,1.282218,0.886999,nan,0.105673,nan,3.027537
10410,0.924356,1.115534,0.258904,0.105660,42.399853,2.270010
10411,0.801327,1.417245,nan,0.105660,nan,2.016652
10412,3.139163,0.804887,-0.791233,0.105648,39.898560,6.799636
10413,1.105624,0.962336,nan,0.105648,nan,2.662315
10414,2.028468,1.324152,-5.512992,0.105635,40.357857,4.532310
10415,2.955113,2.074199,nan,0.105635,nan,6.395691
10416,1.372186,2.544347,-2.943609,0.105622,41.236298,3.211608
10417,1.286321,1.584056,nan,0.105622,nan,3.026904
10418,1.382191,1.767120,1.810053,0.105609,38.196182,3.202174
10419,0.696978,1.008310,nan,0.105609,nan,1.805417
10420,1.359915,1.394056,-0.594746,0.105596,42.023438,3.184815
10421,1.625969,1.650521,nan,0.105596,nan,3.730831
10422,1.581413,1.067357,-3.630973,0.105584,40.305500,3.620169
10423,1.439430,1.142642,nan,0.105584,nan,3.362651
10424,1.730741,1.096216,2.655680,0.105571,38.618114,3.950476
10425,0.925759,3.171699,nan,0.105571,nan,2.307836
10426,0.638354,2.532525,-8.347525,0.105558,38.737946,1.692896
10427,1.075688,1.070718,nan,0.105558,nan,2.592009
10428,1.312475,1.713347,-1.307801,0.105545,39.455086,3.073120
10429,1.985632,0.870702,nan,0.105545,nan,4.474019
10430,2.161198,0.854609,10.013041,0.105533,40.603935,4.849465
10431,1.008421,0.805845,nan,0.105533,nan,2.441421
10432,0.975031,0.687460,-6.017315,0.105520,42.303898,2.396816
10433,0.725302,1.145732,nan,0.105520,nan,1.874157
10434,1.283207,1.052790,1.246953,0.105507,41.439278,3.022542
10435,2.080145,1.363138,nan,0.105507,nan,4.663212
10436,1.544878,0.673449,-3.787745,0.105494,39.570557,3.550532
10437,1.163762,0.850172,nan,0.105494,nan,2.785020
10438,1.169340,1.391487,0.246086,0.105482,42.861404,2.785197
10439,1.193870,1.527151,nan,0.105482,nan,2.835512
10440,0.890263,0.829788,-6.108611,0.105469,41.215050,2.188682
10441,1.482600,0.796580,nan,0.105469,nan,3.447422
10442,1.356288,1.111390,6.303390,0.105456,36.937519,3.197354
10443,1.221759,1.008846,nan,0.105456,nan,2.908520
10444,0.908978,1.030576,-5.451956,0.105443,40.963936,2.254659
10445,0.961033,0.940606,nan,0.105443,nan,2.295698
10446,1.665781,1.495558,1.649383,0.105431,39.948265,3.765453
10447,1.179867,1.185630,nan,0.105431,nan,2.777548
10448,1.931076,1.857049,4.976167,0.105418,38.240982,4.369003
10449,0.695756,0.600742,nan,0.105418,nan,1.816295
10450,2.257373,2.999486,7.609658,0.105405,42.172367,4.961248
10451,2.505720,2.553238,nan,0.105405,nan,5.500983
10452,1.704726,2.375477,4.443810,0.105393,42.964981,3.887424
10453,2.563473,1.730588,nan,0.105393,nan,5.643578
10454,1.611545,1.123178,8.593850,0.105380,38.455517,3.703012
10455,3.725986,1.613948,nan,0.105380,nan,7.959192
10456,2.720191,1.636238,0.010106,0.105367,41.082275,5.939278
10457,1.631444,1.289212,nan,0.105367,nan,3.736969
10458,1.358100,1.329193,3.595768,0.105354,40.248413,3.167753
10459,0.933651,0.870547,nan,0.105354,nan,2.306075
10460,1.237099,0.918951,1.253482,0.105342,41.809246,2.943414
10461,1.955333,0.895589,nan,0.105342,nan,4.437162
10462,0.931787,1.242745,1.161334,0.105329,41.682106,2.325580
10463,1.793870,1.959716,nan,0.105329,nan,4.098184
10464,1.214750,1.600181,-0.049344,0.105316,40.988579,2.906566
10465,1.073101,1.221535,nan,0.105316,nan,2.592990
10466,1.044080,1.236107,-4.822042,0.105303,42.364990,2.556344
10467,2.310956,1.496570,nan,0.105303,nan,5.119177
10468,1.109964,1.294236,-7.272824,0.105290,41.770271,2.685218
10469,1.271955,1.448456,nan,0.105290,nan,3.007423
10470,1.500644,1.164705,0.534474,0.105278,40.310524,3.481914
10471,2.296965,2.467803,nan,0.105278,nan,5.103109
10472,1.430397,1.275716,-0.091378,0.105265,38.729828,3.354287
10473,1.744874,2.083759,nan,0.105265,nan,3.995133
10474,1.371116,2.041607,5.766695,0.105252,40.452805,3.239723
10475,2.021777,3.886680,nan,0.105252,nan,4.550415
10476,1.361579,4.171750,1.189258,0.105239,40.920952,3.204068
10477,1.556727,1.288719,nan,0.105239,nan,3.576409
10478,2.340862,2.240289,-3.935637,0.105227,41.968269,5.162594
10479,1.406768,2.569279,nan,0.105227,nan,3.278661
10480,2.025743,1.815301,-6.288466,0.105214,39.239082,4.513129
10481,1.312177,1.292768,nan,0.105214,nan,3.061718
10482,3.733157,1.903231,23.269758,0.105201,38.905357,7.984028
10483,3.762538,1.486359,nan,0.105201,nan,8.008055
10484,1.827884,3.398031,8.200084,0.105189,36.120857,4.127025
10485,1.304364,3.034105,nan,0.105189,nan,3.050278
10486,1.259032,1.089500,12.747108,0.105176,41.704781,2.991749
10487,2.333024,3.627694,nan,0.105176,nan,5.114366
10488,1.611647,3.352984,2.211372,0.105163,41.407555,3.641882
10489,3.349892,1.300026,nan,0.105163,nan,7.164525
10490,3.927415,1.814736,-1.812150,0.105151,40.966766,8.315720
10491,3.276485,1.610373,nan,0.105151,nan,7.031015
10492,1.317668,1.309044,2.560292,0.105138,41.770203,3.048036
10493,1.594481,0.881910,nan,0.105138,nan,3.610411
10494,0.814040,2.456629,2.707152,0.105125,38.800968,1.995159
10495,1.034798,1.611960,nan,0.105125,nan,2.503336
10496,2.499377,1.557317,7.516214,0.105113,39.250534,5.480418
10497,1.313866,2.676184,nan,0.105113,nan,3.055479
10498,2.981882,1.612996,8.387615,0.105100,40.209866,6.443361
10499,3.662350,0.851369,nan,0.105100,nan,7.818640
10500,1.807635,0.857235,12.542692,0.105088,37.517178,4.082884
10501,5.435236,1.244824,nan,0.105088,nan,11.343740
10502,5.965600,1.059164,5.972529,0.105075,40.096153,12.419384
10503,1.045322,4.845675,nan,0.105075,nan,2.466216
10504,1.776385,5.215971,5.205090,0.105063,41.872490,4.031301
10505,1.375849,1.971170,nan,0.105063,nan,3.171513
10506,1.357125,1.989891,1.190420,0.105050,42.389595,3.132723
10507,0.954893,3.531700,nan,0.105050,nan,2.336963
10508,1.649046,3.028246,6.505200,0.105038,41.792770,3.768256
10509,2.341794,1.287286,nan,0.105038,nan,5.120636
10510,0.724916,2.155415,-0.905849,0.105025,40.489456,1.837251
10511,1.665199,1.478389,nan,0.105025,nan,3.803849
10512,1.144692,1.116318,9.672138,0.105012,38.121937,2.691705
10513,2.895553,1.222912,nan,0.105012,nan,6.238559
10514,2.188882,1.806145,-6.178719,0.105000,39.831696,4.800854
10515,1.259306,1.563245,nan,0.105000,nan,2.937732
10516,0.952301,1.406067,5.304437,0.104987,41.267063,2.325592
10517,1.569971,2.379148,nan,0.104987,nan,3.580921
10518,1.801416,1.737040,-1.686020,0.104975,40.337944,4.058884
10519,2.018594,1.215055,nan,0.104975,nan,4.501065
10520,2.106493,1.813468,3.680323,0.104962,40.254189,4.700905
10521,1.618431,1.413456,nan,0.104962,nan,3.697423
10522,1.685258,1.416647,5.143088,0.104950,40.125946,3.817072
10523,0.699947,1.395690,nan,0.104950,nan,1.820427
10524,1.306298,1.305028,5.360848,0.104937,43.342453,3.063747
10525,1.202710,0.804848,nan,0.104937,nan,2.859297
10526,1.213973,0.999983,-0.519991,0.104925,39.889233,2.845572
10527,0.803123,0.937267,nan,0.104925,nan,2.019593
10528,1.171713,1.012759,6.596050,0.104912,39.586777,2.782580
10529,0.936590,1.184963,nan,0.104912,nan,2.299504
10530,1.204860,1.729429,3.636124,0.104899,40.625137,2.872213
10531,1.626713,1.368689,nan,0.104899,nan,3.713923
10532,1.127026,0.899440,12.757825,0.104887,39.396870,2.690136
10533,2.237868,1.154866,nan,0.104887,nan,4.954218
10534,1.227658,1.382615,3.856534,0.104874,38.761204,2.896338
10535,0.968734,0.682927,nan,0.104874,nan,2.364347
10536,1.513340,2.442926,9.581492,0.104862,41.630653,3.493907
10537,0.707700,1.779467,nan,0.104862,nan,1.830326
10538,1.996166,1.070847,4.049497,0.104849,39.586632,4.486748
10539,0.866760,1.815128,nan,0.104849,nan,2.147639
10540,2.055168,1.002667,4.058881,0.104837,41.200436,4.587030
10541,1.970240,0.796837,nan,0.104837,nan,4.385565
10542,0.990514,1.094116,10.932850,0.104824,41.229408,2.429334
10543,0.791768,1.194806,nan,0.104824,nan,1.995380
10544,1.126024,1.201162,4.998158,0.104812,42.538574,2.676452
10545,0.880678,2.554898,nan,0.104812,nan,2.183799
10546,1.209835,1.473465,3.860385,0.104799,41.702332,2.855020
10547,1.556755,0.993038,nan,0.104799,nan,3.593570
10548,2.416711,0.864527,11.536144,0.104786,41.265865,5.338031
10549,0.954134,0.998394,nan,0.104786,nan,2.379637
10550,1.956393,1.316847,0.917519,0.104774,39.271614,4.370526
10551,1.821917,2.210895,nan,0.104774,nan,4.106400
10552,1.002327,3.343260,1.670946,0.104761,38.467865,2.429422
10553,1.114552,1.539944,nan,0.104761,nan,2.626555
10554,1.251585,3.269109,9.424138,0.104749,39.817871,2.946705
10555,0.696280,4.671259,nan,0.104749,nan,1.789791
10556,3.548337,1.844314,13.116709,0.104736,38.389133,7.598603
10557,2.034657,0.997810,nan,0.104736,nan,4.551562
10558,1.805203,1.011300,10.989420,0.104724,41.593071,4.104861
10559,2.141498,1.665485,nan,0.104724,nan,4.751564
10560,0.870726,2.163733,4.075513,0.104711,41.830662,2.127133
10561,1.211798,1.224558,nan,0.104711,nan,2.856107
10562,1.854081,1.316054,8.715626,0.104699,40.827057,4.191941
10563,1.250315,1.766303,nan,0.104699,nan,2.924326
10564,1.514796,0.995242,6.992986,0.104686,39.676182,3.504349
10565,2.558459,1.153370,nan,0.104686,nan,5.591482
10566,3.630777,1.072962,5.778211,0.104674,40.937241,7.756149
10567,1.240525,2.159654,nan,0.104674,nan,2.891775
10568,1.695332,0.849600,4.723399,0.104662,40.341217,3.847795
10569,0.965389,1.024258,nan,0.104662,nan,2.367524
10570,1.052565,2.387261,10.698262,0.104649,41.362057,2.521788
10571,1.388624,1.641453,nan,0.104649,nan,3.220446
10572,1.387426,2.283069,-3.883000,0.104637,40.825527,3.190459
10573,1.583359,2.092638,nan,0.104637,nan,3.627534
10574,1.451761,1.787974,11.913362,0.104624,41.873703,3.327831
10575,3.472975,1.357288,nan,0.104624,nan,7.435273
10576,3.440678,2.919736,9.542208,0.104612,37.278881,7.387534
10577,0.722882,2.304340,nan,0.104612,nan,1.836190
10578,1.086864,1.149554,10.397038,0.104599,41.898869,2.578794
10579,3.929098,2.463782,nan,0.104599,nan,8.344158
10580,1.121862,3.641980,8.681747,0.104587,41.611565,2.635185
10581,3.263649,1.756450,nan,0.104587,nan,7.011443
10582,3.513151,1.256433,14.230356,0.104574,42.278885,7.533027
10583,2.334555,1.606189,nan,0.104574,nan,5.159448
10584,3.601592,1.487215,7.160069,0.104561,40.982803,7.701327
10585,2.142008,1.500869,nan,0.104561,nan,4.758546
10586,1.605254,1.927469,8.278575,0.104549,41.425125,3.688765
10587,1.076506,1.259734,nan,0.104549,nan,2.573624
10588,1.001264,1.087665,3.014197,0.104536,40.598572,2.429151
10589,1.968757,1.105615,nan,0.104536,nan,4.420999
10590,1.150615,2.248806,3.732917,0.104524,39.527061,2.707153
10591,2.165368,0.958985,nan,0.104524,nan,4.831833
10592,1.357521,1.870443,3.167688,0.104511,37.770004,3.151097
10593,0.717089,1.275580,nan,0.104511,nan,1.791565
10594,1.245814,1.241826,3.726933,0.104499,41.787495,2.913719
10595,1.876531,1.065030,nan,0.104499,nan,4.197119
10596,1.530771,1.269869,7.054735,0.104487,41.629326,3.526753
10597,2.040412,2.054213,nan,0.104487,nan,4.541346
10598,1.347831,1.279285,-9.228967,0.104474,39.316124,3.129186
10599,2.681468,1.310097,nan,0.104474,nan,5.843473
10600,2.814557,1.520154,3.901653,0.104462,40.477577,6.111231
10601,1.738836,1.522489,nan,0.104462,nan,3.936968
10602,1.164177,2.304197,16.151545,0.104449,40.781616,2.776976
10603,2.154981,1.148388,nan,0.104449,nan,4.837727
10604,1.287573,1.154281,9.036190,0.104437,40.116703,2.992379
10605,1.977805,2.160890,nan,0.104437,nan,4.439392
10606,2.709267,1.869293,-1.050830,0.104424,40.490734,5.905637
10607,1.504305,1.363116,nan,0.104424,nan,3.465508
10608,1.298788,1.149269,7.128299,0.104412,40.129509,3.025134
10609,1.450372,1.386843,nan,0.104412,nan,3.360596
10610,1.362235,1.646763,8.195688,0.104400,39.075272,3.171902
10611,0.926896,2.067409,nan,0.104400,nan,2.211354
10612,0.834880,1.901135,4.592145,0.104387,41.601543,2.039493
10613,1.359614,1.266578,nan,0.104387,nan,3.152302
10614,1.864658,1.184049,7.323928,0.104375,39.412865,4.226798
10615,2.450687,0.986653,nan,0.104375,nan,5.420810
10616,1.242967,1.677664,-0.969328,0.104363,40.687935,2.910605
10617,1.069243,2.539991,nan,0.104363,nan,2.526428
10618,1.412443,2.184541,8.128873,0.104350,42.914047,3.290354
10619,2.534194,1.664512,nan,0.104350,nan,5.570362
10620,1.203834,1.492550,8.001957,0.104338,43.005020,2.856286
10621,3.727099,1.007814,nan,0.104338,nan,7.989482
10622,1.619965,2.271643,3.358192,0.104325,39.849655,3.687867
10623,1.319615,1.183411,nan,0.104325,nan,3.118780
10624,1.383825,2.613926,-4.956899,0.104313,39.434998,3.242714
10625,1.889534,3.993416,nan,0.104313,nan,4.256311
10626,2.321070,3.035007,6.807459,0.104300,41.070972,5.136756
10627,1.237728,1.387470,nan,0.104300,nan,2.907667
10628,2.556571,1.634495,15.398107,0.104288,42.175186,5.641510
10629,3.341583,4.034162,nan,0.104288,nan,7.203537
10630,2.327332,4.412122,5.182927,0.104275,42.028511,5.168977
10631,1.045980,1.213689,nan,0.104275,nan,2.545269
10632,2.328630,1.797964,-4.323171,0.104263,41.722557,5.129704
10633,1.807948,3.371594,nan,0.104263,nan,4.089889
10634,0.914944,4.287327,4.714442,0.104250,43.085201,2.265078
10635,1.501188,2.914103,nan,0.104250,nan,3.474630
10636,0.922115,2.672408,11.956492,0.104238,42.004784,2.277306
10637,3.527671,3.553156,nan,0.104238,nan,7.596182
10638,2.335320,3.008364,14.840771,0.104225,41.509850,5.184602
10639,1.726733,2.017375,nan,0.104225,nan,3.910196
10640,0.954554,1.927850,11.964811,0.104213,43.528145,2.306635
10641,1.539333,1.788013,nan,0.104213,nan,3.516560
10642,1.117977,1.272859,4.291505,0.104200,39.868847,2.674049
10643,0.893504,1.202513,nan,0.104200,nan,2.213322
10644,2.185676,1.146003,8.275520,0.104187,41.563278,4.891588
10645,1.745490,1.243971,nan,0.104187,nan,3.970918
10646,1.037001,0.919320,7.260483,0.104175,41.081543,2.527137
10647,3.212386,1.634318,nan,0.104175,nan,6.972318
10648,1.529318,0.855981,10.898729,0.104162,41.900131,3.561276
10649,3.027589,3.432024,nan,0.104162,nan,6.563385
10650,3.716348,2.015796,3.538938,0.104150,40.119068,7.953184
10651,1.217238,4.180640,nan,0.104150,nan,2.921938
10652,2.348398,4.366128,4.698575,0.104137,42.239372,5.226039
10653,1.781643,3.438453,nan,0.104137,nan,4.025860
10654,3.362972,1.918016,11.396300,0.104125,43.318047,7.249312
10655,1.628569,1.948787,nan,0.104125,nan,3.740087
10656,2.473066,1.518020,20.608620,0.104112,41.889595,5.454285
10657,2.017195,1.438059,nan,0.104112,nan,4.526525
10658,1.169887,2.573240,4.424052,0.104099,42.724609,2.818420
10659,1.508424,1.437451,nan,0.104099,nan,3.523852
10660,1.538412,2.605583,-0.008040,0.104087,41.116058,3.549641
10661,1.090874,1.324632,nan,0.104087,nan,2.602091
10662,1.570677,2.565612,11.468222,0.104074,39.829464,3.610011
10663,1.135503,3.146159,nan,0.104074,nan,2.735830
10664,1.873640,1.294057,9.235485,0.104062,42.247147,4.232132
10665,0.904260,1.306028,nan,0.104062,nan,2.238167
10666,1.794445,1.197060,-2.414844,0.104049,41.122284,4.069825
10667,1.448519,0.819551,nan,0.104049,nan,3.370810
10668,1.845858,2.111095,10.466738,0.104037,41.185677,4.189476
10669,1.828711,2.014487,nan,0.104037,nan,4.162968
10670,0.728626,1.162256,2.483968,0.104024,41.315445,1.890250
10671,1.664984,1.032586,nan,0.104024,nan,3.834080
10672,1.346283,2.056802,8.270165,0.104011,41.894512,3.159955
10673,0.997734,1.187545,nan,0.104011,nan,2.451293
10674,2.063036,1.431481,5.438185,0.103999,44.868835,4.595121
10675,2.573978,1.328783,nan,0.103999,nan,5.627833
10676,1.031790,1.097153,1.475549,0.103986,40.313362,2.485646
10677,0.869087,0.880779,nan,0.103986,nan,2.165176
10678,0.922091,2.215547,15.434767,0.103974,41.348351,2.301631
10679,2.841502,1.069705,nan,0.103974,nan,6.166115
10680,2.470731,0.855877,7.080941,0.103961,41.578018,5.438730
10681,1.200478,0.956591,nan,0.103961,nan,2.844086
10682,0.856336,1.665873,3.948869,0.103948,40.521881,2.108600
10683,0.923939,1.221518,nan,0.103948,nan,2.284109
10684,1.004352,1.063873,4.192509,0.103936,42.522263,2.444653
10685,0.779061,0.943325,nan,0.103936,nan,1.934754
10686,0.810370,0.596487,17.221500,0.103923,42.876324,2.065374
10687,1.666391,0.991892,nan,0.103923,nan,3.821073
10688,0.900251,1.877751,13.768385,0.103911,42.665390,2.237301
10689,0.917238,0.846645,nan,0.103911,nan,2.277598
10690,1.207703,1.251362,6.314902,0.103898,39.926998,2.848528
10691,1.021485,1.210504,nan,0.103898,nan,2.443575
10692,1.510753,1.156207,13.332590,0.103886,42.350109,3.495801
10693,1.680301,1.319926,nan,0.103886,nan,3.806542
10694,1.440661,1.152717,7.110540,0.103873,42.773476,3.328134
10695,0.979368,1.448449,nan,0.103873,nan,2.377008
10696,1.245787,0.981851,5.627573,0.103860,41.127289,2.922098
10697,1.044580,3.021376,nan,0.103860,nan,2.507489
10698,1.541076,1.009954,-2.616990,0.103848,40.846592,3.526387
10699,2.247920,1.062277,nan,0.103848,nan,4.971003
10700,1.253713,1.625269,-1.362893,0.103835,43.946877,2.950910
10701,1.657391,1.156904,nan,0.103835,nan,3.758868
10702,1.433594,0.841972,-0.352352,0.103823,40.540531,3.332067
10703,2.691734,3.298205,nan,0.103823,nan,5.845872
10704,2.356142,2.080971,14.268646,0.103810,39.522644,5.182071
10705,1.169764,1.172921,nan,0.103810,nan,2.791188
10706,3.171783,2.522512,4.700571,0.103798,40.909706,6.793173
10707,1.334766,1.932849,nan,0.103798,nan,3.107861
10708,2.057676,1.167162,8.586484,0.103785,41.222389,4.564048
10709,2.005117,1.284404,nan,0.103785,nan,4.472893
10710,2.499611,1.592649,20.427725,0.103773,40.479603,5.483961
10711,1.700821,1.413324,nan,0.103773,nan,3.828930
10712,1.686144,1.387829,9.852274,0.103761,42.192345,3.814938
10713,1.769384,1.306455,nan,0.103761,nan,3.974509
10714,1.432664,2.812954,22.493547,0.103748,42.284504,3.327735
10715,1.050375,2.591368,nan,0.103748,nan,2.530080
10716,1.769832,0.752746,8.078959,0.103736,43.818615,3.963736
10717,0.844788,1.637292,nan,0.103736,nan,2.089394
10718,3.757205,1.208897,11.523927,0.103723,40.396511,7.978604
10719,2.324518,0.738660,nan,0.103723,nan,5.126367
10720,2.080236,2.319657,10.896194,0.103711,41.236549,4.592514
10721,3.995221,0.907722,nan,0.103711,nan,8.451111
10722,1.060263,1.801579,9.946537,0.103698,42.115620,2.554640
10723,1.954342,1.961996,nan,0.103698,nan,4.370294
10724,0.998500,0.954000,13.690911,0.103686,41.641907,2.398936
10725,3.664739,6.289770,nan,0.103686,nan,7.784052
10726,2.897220,6.264943,7.728997,0.103673,43.052895,6.254937
10727,1.131224,0.965489,nan,0.103673,nan,2.688390
10728,1.877984,2.960294,12.497034,0.103661,40.697487,4.226755
10729,2.137041,4.282906,nan,0.103661,nan,4.738337
10730,2.384874,3.298868,6.977680,0.103648,41.885952,5.241775
10731,1.372607,0.927084,nan,0.103648,nan,3.193297
10732,1.117852,1.256698,18.757725,0.103636,40.305897,2.650849
10733,2.122349,1.077434,nan,0.103636,nan,4.687372
10734,1.149899,1.028725,15.589621,0.103623,40.702087,2.754566
10735,1.434990,1.719593,nan,0.103623,nan,3.340811
10736,0.942340,1.156907,8.977859,0.103611,42.878723,2.332766
10737,1.783879,1.522627,nan,0.103611,nan,4.012495
10738,1.753860,1.093944,8.826777,0.103598,43.362804,3.971805
10739,1.305237,1.301003,nan,0.103598,nan,3.070013
10740,0.897352,1.584332,8.007031,0.103586,40.775879,2.262579
10741,0.880048,1.201888,nan,0.103586,nan,2.245497
10742,1.563066,2.412744,9.665962,0.103574,39.629990,3.567544
10743,2.726350,0.952763,nan,0.103574,nan,5.942909
10744,1.296456,0.998512,4.403696,0.103561,43.599648,3.031356
10745,2.879236,1.119361,nan,0.103561,nan,6.248774
10746,1.685383,1.235896,6.020723,0.103549,45.842697,3.825309
10747,3.275207,1.512265,nan,0.103549,nan,7.019666
10748,1.187331,0.775782,12.242191,0.103536,42.503326,2.833790
10749,3.114500,3.292634,nan,0.103536,nan,6.701982
10750,5.047031,2.287977,27.319466,0.103524,42.020676,10.614613
10751,1.092220,4.784531,nan,0.103524,nan,2.650451
10752,1.204038,5.672134,12.651828,0.103511,39.636517,2.877164
10753,1.978930,3.981051,nan,0.103511,nan,4.425991
10754,3.028990,2.443963,18.680468,0.103499,42.496361,6.547915
10755,1.106216,1.324201,nan,0.103499,nan,2.644705
10756,1.094096,1.437843,16.444283,0.103486,44.134621,2.656802
10757,1.205611,1.914548,nan,0.103486,nan,2.883701
10758,1.735280,1.411533,6.959098,0.103473,43.053848,3.964641
10759,0.936059,2.347447,nan,0.103473,nan,2.388532
10760,1.010521,0.835653,11.624334,0.103461,40.509117,2.528564
10761,2.296750,2.056050,nan,0.103461,nan,5.094568
10762,1.161772,1.249330,13.827105,0.103449,39.396049,2.813833
10763,5.406405,3.594258,nan,0.103449,nan,11.335741
10764,2.912923,3.478426,6.796500,0.103436,40.652008,6.355530
10765,2.597403,1.748888,nan,0.103436,nan,5.699164
10766,3.265350,1.044655,10.490696,0.103424,41.861713,7.056276
10767,2.537941,1.609242,nan,0.103424,nan,5.608009
10768,2.766095,0.681284,17.149918,0.103411,42.622459,6.045786
10769,1.015289,1.847456,nan,0.103411,nan,2.534083
10770,1.067702,1.026422,27.244129,0.103399,39.268471,2.659008
10771,1.946016,3.784216,nan,0.103399,nan,4.409296
10772,2.289133,4.107761,-0.084561,0.103387,45.786003,5.064644
10773,3.488489,2.388295,nan,0.103387,nan,7.485945
10774,3.784455,1.047365,10.207064,0.103374,42.552849,8.087248
10775,1.443609,1.760804,nan,0.103374,nan,3.379140
10776,1.970706,1.524155,9.920010,0.103362,41.849007,4.465894
10777,1.153172,2.370608,nan,0.103362,nan,2.762006
10778,0.968501,1.135771,10.929684,0.103349,42.690948,2.348670
10779,1.152673,4.128801,nan,0.103349,nan,2.770693
10780,1.827609,4.347469,14.241240,0.103337,42.326813,4.133987
10781,1.172831,2.248749,nan,0.103337,nan,2.765472
10782,1.231103,2.392346,26.632328,0.103324,42.573441,2.911912
10783,2.049326,3.143473,nan,0.103324,nan,4.588640
10784,2.510328,1.866328,6.004271,0.103312,43.078426,5.492929
10785,1.705470,2.711937,nan,0.103312,nan,3.892707
10786,1.350617,3.038857,13.277440,0.103299,41.493904,3.184645
10787,3.746114,1.735723,nan,0.103299,nan,8.008521
10788,2.419977,1.498628,2.238960,0.103287,41.055748,5.322577
10789,2.908012,1.152383,nan,0.103287,nan,6.344659
10790,3.399108,0.885459,14.553511,0.103274,41.810089,7.331231
10791,1.255744,1.272343,nan,0.103274,nan,3.013075
10792,1.086682,1.212034,7.015194,0.103262,42.411308,2.650435
10793,1.005538,1.362289,nan,0.103262,nan,2.502718
10794,1.328884,1.566806,21.097395,0.103249,43.543633,3.158464
10795,3.183722,1.024970,nan,0.103249,nan,6.906175
10796,2.076559,0.847372,16.451220,0.103237,40.775734,4.699864
