update_num,q1_loss,q2_loss,actor_loss,alpha,entropy,td_error
1,1.997775,1.995125,nan,0.200000,nan,4.503964
2,1.458164,1.455585,1.157869,0.200020,-5.742742,3.360891
3,1.573493,1.572452,nan,0.200020,nan,3.649129
4,1.690624,1.691257,0.894610,0.200031,-4.395606,3.890615
5,1.686020,1.688825,nan,0.200031,nan,3.876700
6,1.683238,1.684588,1.776476,0.200045,-8.783850,3.853352
7,1.690538,1.690283,nan,0.200045,nan,3.856153
8,1.684184,1.683312,1.333518,0.200061,-6.542849,3.855002
9,1.691638,1.690586,nan,0.200061,nan,3.885134
10,1.645912,1.643830,1.393540,0.200077,-6.784900,3.775343
11,1.629091,1.627894,nan,0.200077,nan,3.741211
12,1.225131,1.224285,1.484817,0.200095,-7.200230,2.926685
13,1.606932,1.606906,nan,0.200095,nan,3.708788
14,1.461972,1.463038,1.739896,0.200113,-8.432123,3.415757
15,1.729250,1.730623,nan,0.200113,nan,3.944581
16,1.394699,1.394487,1.752348,0.200132,-8.452662,3.282636
17,1.452177,1.452250,nan,0.200132,nan,3.372160
18,1.846161,1.845626,1.771996,0.200151,-8.524320,4.173548
19,1.254975,1.254221,nan,0.200151,nan,2.976395
20,1.339687,1.339702,1.638657,0.200171,-7.839921,3.130380
21,1.421790,1.422244,nan,0.200171,nan,3.333091
22,1.533653,1.533452,1.476303,0.200190,-7.072226,3.558175
23,1.685892,1.685628,nan,0.200190,nan,3.847356
24,1.347376,1.346375,2.062971,0.200210,-9.940762,3.168949
25,1.404723,1.404839,nan,0.200210,nan,3.297140
26,1.996616,1.996713,1.726020,0.200230,-8.147869,4.487064
27,1.371061,1.371996,nan,0.200230,nan,3.233905
28,1.620959,1.622540,1.654030,0.200250,-7.864019,3.692823
29,1.471119,1.471919,nan,0.200250,nan,3.431601
30,1.243599,1.244823,1.667799,0.200270,-7.736653,2.972244
31,1.506270,1.505635,nan,0.200270,nan,3.485048
32,1.422242,1.423263,1.556034,0.200290,-7.218530,3.331491
33,1.269162,1.269880,nan,0.200290,nan,2.989906
34,0.893645,0.894571,1.398715,0.200309,-6.228104,2.237732
35,1.447066,1.447300,nan,0.200309,nan,3.361938
36,1.177547,1.178332,1.979994,0.200328,-9.037387,2.802590
37,1.537408,1.536938,nan,0.200328,nan,3.573238
38,1.516042,1.517463,1.940448,0.200349,-8.872596,3.516485
39,1.241937,1.242201,nan,0.200349,nan,2.962604
40,1.635652,1.635198,1.704654,0.200368,-7.357429,3.741910
41,1.466278,1.469586,nan,0.200368,nan,3.414936
42,1.682502,1.685846,1.764715,0.200388,-7.800453,3.843194
43,1.427372,1.429607,nan,0.200388,nan,3.311526
44,1.342258,1.344187,1.462381,0.200407,-6.141030,3.145681
45,1.337897,1.337689,nan,0.200407,nan,3.130979
46,1.488674,1.486846,1.892221,0.200426,-7.589587,3.460621
47,1.232975,1.232258,nan,0.200426,nan,2.920327
48,1.149419,1.148738,1.399817,0.200444,-6.104473,2.772345
49,1.524974,1.528931,nan,0.200444,nan,3.502158
50,1.530664,1.535012,1.807416,0.200462,-6.841544,3.545645
51,1.187485,1.189067,nan,0.200462,nan,2.849278
52,1.436877,1.436047,2.238973,0.200481,-9.006676,3.361047
53,1.132481,1.130729,nan,0.200481,nan,2.727737
54,1.153651,1.153863,2.360371,0.200501,-9.472942,2.763039
55,1.221847,1.220542,nan,0.200501,nan,2.919122
56,1.349640,1.346944,1.730483,0.200520,-6.857883,3.164787
57,1.220701,1.220196,nan,0.200520,nan,2.895951
58,1.400312,1.401754,2.114232,0.200539,-8.274231,3.280524
59,1.249559,1.248915,nan,0.200539,nan,2.983234
60,1.387389,1.385301,2.699535,0.200560,-9.930563,3.239178
61,1.232641,1.231477,nan,0.200560,nan,2.943964
62,1.284936,1.283051,1.718090,0.200579,-6.169432,3.031380
63,1.232929,1.233361,nan,0.200579,nan,2.939398
64,1.205738,1.203124,1.993363,0.200598,-6.800585,2.886466
65,1.122690,1.122175,nan,0.200598,nan,2.685283
66,0.888952,0.890234,1.748507,0.200616,-6.307127,2.224250
67,1.217427,1.214919,nan,0.200616,nan,2.924688
68,0.890984,0.897113,2.142720,0.200635,-8.091177,2.234879
69,0.985768,0.983150,nan,0.200635,nan,2.421438
70,1.069851,1.061946,2.361703,0.200654,-7.939706,2.624137
71,1.004464,0.994363,nan,0.200654,nan,2.478781
72,0.950453,0.942561,2.652025,0.200673,-8.665341,2.356790
73,1.044938,1.043682,nan,0.200673,nan,2.545388
74,1.203142,1.182684,2.290291,0.200692,-6.095160,2.873901
75,0.849116,0.840994,nan,0.200692,nan,2.146249
76,1.384928,1.364808,2.350613,0.200709,-5.169573,3.241213
77,0.988275,0.981865,nan,0.200709,nan,2.438010
78,0.985054,0.975639,2.832737,0.200726,-6.697427,2.423924
79,0.878314,0.877678,nan,0.200726,nan,2.197783
80,0.773869,0.774259,2.559925,0.200742,-6.578240,1.988800
81,0.975489,0.972382,nan,0.200742,nan,2.412248
82,0.775118,0.764021,2.358141,0.200758,-5.482396,1.991600
83,0.680967,0.679889,nan,0.200758,nan,1.789837
84,0.851009,0.843465,2.172525,0.200773,-5.143740,2.159067
85,0.706828,0.692830,nan,0.200773,nan,1.859747
86,0.967404,0.943023,2.924758,0.200788,-8.045633,2.417194
87,0.862945,0.852440,nan,0.200788,nan,2.185417
88,0.649384,0.643338,3.290832,0.200805,-10.833700,1.738261
89,0.734799,0.723750,nan,0.200805,nan,1.883538
90,1.143944,1.126601,3.384225,0.200823,-8.276457,2.772146
91,0.826444,0.821668,nan,0.200823,nan,2.105232
92,0.580682,0.582140,2.484197,0.200841,-6.806179,1.598087
93,0.760306,0.757515,nan,0.200841,nan,1.973685
94,0.590059,0.598353,2.929085,0.200857,-5.327680,1.600214
95,0.667617,0.670852,nan,0.200857,nan,1.770011
96,0.625089,0.627529,3.573709,0.200874,-7.300556,1.656945
97,0.702901,0.689061,nan,0.200874,nan,1.836913
98,0.720372,0.725462,3.112667,0.200890,-6.734035,1.878892
99,0.597734,0.604059,nan,0.200890,nan,1.621466
100,0.636825,0.627780,3.598117,0.200907,-8.403763,1.720096
101,0.606062,0.622071,nan,0.200907,nan,1.631184
102,0.580103,0.581962,3.183678,0.200925,-8.175528,1.608309
103,0.569221,0.566396,nan,0.200925,nan,1.549735
104,0.612876,0.605002,3.592027,0.200942,-7.128572,1.645845
105,0.732065,0.720269,nan,0.200942,nan,1.907930
106,0.557132,0.548082,3.444712,0.200961,-8.815720,1.539651
107,0.633559,0.608604,nan,0.200961,nan,1.692355
108,0.548610,0.552932,3.021971,0.200979,-6.787409,1.495257
109,0.550879,0.540129,nan,0.200979,nan,1.507453
110,0.521386,0.515215,3.257705,0.200997,-8.168308,1.453720
111,0.554404,0.544443,nan,0.200997,nan,1.522281
112,0.591394,0.573047,3.838366,0.201015,-6.104134,1.594950
113,0.651865,0.654700,nan,0.201015,nan,1.729836
114,0.489393,0.478162,3.788137,0.201034,-9.536526,1.393345
115,0.580972,0.576373,nan,0.201034,nan,1.612900
116,0.532452,0.526543,2.939043,0.201052,-7.167449,1.493306
117,0.632116,0.606663,nan,0.201052,nan,1.689877
118,0.542482,0.525265,3.481977,0.201071,-6.817467,1.497297
119,0.483009,0.451396,nan,0.201071,nan,1.344867
120,0.542007,0.511053,3.344828,0.201089,-6.703046,1.495515
121,0.503794,0.495482,nan,0.201089,nan,1.396075
122,0.622225,0.598468,3.278436,0.201106,-6.801272,1.674361
123,0.471674,0.465626,nan,0.201106,nan,1.372042
124,0.555819,0.528788,3.169483,0.201123,-6.523498,1.548414
125,0.459514,0.445594,nan,0.201123,nan,1.341539
126,0.683543,0.662445,4.032296,0.201141,-7.259428,1.799126
127,0.534670,0.514904,nan,0.201141,nan,1.483010
128,0.565027,0.539255,4.512121,0.201159,-8.937970,1.523966
129,0.516412,0.500206,nan,0.201159,nan,1.457116
130,0.542674,0.556646,2.808925,0.201177,-7.702264,1.497982
131,0.648726,0.646727,nan,0.201177,nan,1.718911
132,0.553685,0.552665,4.048484,0.201195,-5.763249,1.509258
133,0.509380,0.501818,nan,0.201195,nan,1.431189
134,0.560251,0.550321,3.636644,0.201212,-7.582871,1.528537
135,0.563154,0.527068,nan,0.201212,nan,1.527400
136,0.542386,0.519036,4.421041,0.201229,-6.706845,1.491793
137,0.460105,0.442503,nan,0.201229,nan,1.312424
138,0.469171,0.445633,4.403906,0.201247,-6.908955,1.323108
139,0.411194,0.390562,nan,0.201247,nan,1.200620
140,0.481527,0.461652,4.203445,0.201263,-6.779093,1.367873
141,0.526755,0.522407,nan,0.201263,nan,1.463655
142,0.474062,0.468374,3.775672,0.201281,-8.417144,1.357810
143,0.430457,0.410920,nan,0.201281,nan,1.261668
144,0.423366,0.408623,3.633502,0.201298,-6.735721,1.243768
145,0.415407,0.408868,nan,0.201298,nan,1.225621
146,0.547747,0.522336,4.535403,0.201316,-6.773095,1.506646
147,0.373843,0.342637,nan,0.201316,nan,1.091014
148,0.472401,0.456783,4.791874,0.201334,-8.954750,1.378534
149,0.479598,0.468995,nan,0.201334,nan,1.360997
150,0.414191,0.398688,4.029710,0.201352,-6.803602,1.258911
151,0.399128,0.379646,nan,0.201352,nan,1.187380
152,0.538068,0.521654,4.084138,0.201369,-6.387803,1.451667
153,0.451638,0.444328,nan,0.201369,nan,1.301097
154,0.500898,0.483834,4.845022,0.201385,-5.486635,1.404500
155,0.523733,0.524099,nan,0.201385,nan,1.467719
156,0.432846,0.403901,6.030085,0.201403,-9.166115,1.258212
157,0.410199,0.395083,nan,0.201403,nan,1.193661
158,0.406580,0.409575,4.803961,0.201421,-9.327124,1.206874
159,0.356174,0.339696,nan,0.201421,nan,1.075799
160,0.351297,0.334791,4.639671,0.201440,-7.634068,1.093693
161,0.429873,0.402573,nan,0.201440,nan,1.261341
162,0.631945,0.621113,5.841408,0.201460,-8.439795,1.679146
163,0.511192,0.504452,nan,0.201460,nan,1.451993
164,0.511069,0.491803,5.075492,0.201479,-7.493617,1.431874
165,0.475175,0.471922,nan,0.201479,nan,1.342449
166,0.434497,0.433553,6.123201,0.201499,-7.867201,1.254236
167,0.436032,0.418922,nan,0.201499,nan,1.259278
168,0.379222,0.358254,5.423955,0.201518,-7.676839,1.131497
169,0.479442,0.482219,nan,0.201518,nan,1.320732
170,0.425016,0.431280,4.346004,0.201537,-6.417210,1.262004
171,0.357266,0.339267,nan,0.201537,nan,1.102704
172,0.394248,0.389189,4.329172,0.201555,-5.116651,1.188030
173,0.350838,0.338285,nan,0.201555,nan,1.105909
174,0.521035,0.528007,4.602060,0.201574,-9.906500,1.471493
175,0.542393,0.544723,nan,0.201574,nan,1.501981
176,0.494621,0.475738,6.053483,0.201593,-8.858492,1.435138
177,0.479758,0.480139,nan,0.201593,nan,1.360302
178,0.526157,0.513330,4.370854,0.201612,-6.086474,1.470927
179,0.392946,0.381458,nan,0.201612,nan,1.165378
180,0.393825,0.382264,5.347224,0.201631,-7.198287,1.147709
181,0.532155,0.541966,nan,0.201631,nan,1.485628
182,0.408639,0.400949,5.494583,0.201650,-8.827650,1.210096
183,0.345051,0.337911,nan,0.201650,nan,1.055321
184,0.598013,0.620408,6.049562,0.201670,-7.402940,1.623007
185,0.358590,0.354322,nan,0.201670,nan,1.105953
186,0.526304,0.530578,5.487264,0.201690,-10.046663,1.484008
187,0.384293,0.407946,nan,0.201690,nan,1.157132
188,0.465317,0.475423,5.190872,0.201711,-7.493702,1.330628
189,0.344933,0.339800,nan,0.201711,nan,1.067794
190,0.418021,0.411957,3.987916,0.201729,-4.515211,1.256162
191,0.446898,0.434863,nan,0.201729,nan,1.333935
192,0.455610,0.455559,5.538078,0.201747,-5.107721,1.356167
193,0.381298,0.383788,nan,0.201747,nan,1.150411
194,0.393059,0.398925,4.023526,0.201762,-4.470845,1.180422
195,0.398277,0.400235,nan,0.201762,nan,1.207532
196,0.366371,0.384777,5.434752,0.201777,-6.529979,1.131782
197,0.402962,0.404293,nan,0.201777,nan,1.189792
198,0.488930,0.491413,6.069195,0.201793,-8.068972,1.407974
199,0.496668,0.501599,nan,0.201793,nan,1.438562
200,0.454479,0.449577,5.939339,0.201809,-6.917330,1.360745
201,0.444377,0.488212,nan,0.201809,nan,1.297830
202,0.409984,0.455143,5.653222,0.201825,-7.923370,1.200582
203,0.631975,0.651471,nan,0.201825,nan,1.704382
204,0.475603,0.496702,6.136982,0.201843,-8.929170,1.381503
205,0.489950,0.505474,nan,0.201843,nan,1.395791
206,0.378732,0.400489,6.307070,0.201861,-8.182739,1.158257
207,0.512168,0.508873,nan,0.201861,nan,1.453975
208,0.410742,0.409618,6.078773,0.201879,-7.128443,1.219168
209,0.451304,0.478250,nan,0.201879,nan,1.320087
210,0.384557,0.388574,5.339240,0.201896,-6.759272,1.160069
211,0.414683,0.425023,nan,0.201896,nan,1.253337
212,0.431111,0.436543,6.350534,0.201915,-8.287818,1.283106
213,0.356641,0.367744,nan,0.201915,nan,1.121634
214,0.451277,0.459033,5.916496,0.201933,-6.755599,1.319719
215,0.453822,0.441135,nan,0.201933,nan,1.347222
216,0.316391,0.315286,6.106490,0.201950,-6.274870,1.035107
217,0.576886,0.572289,nan,0.201950,nan,1.607203
218,0.431459,0.460654,7.375092,0.201968,-8.319534,1.278613
219,0.587120,0.592841,nan,0.201968,nan,1.605964
220,0.363502,0.355533,6.007939,0.201986,-7.773095,1.130623
221,0.507314,0.567840,nan,0.201986,nan,1.448448
222,0.523160,0.588340,5.194273,0.202004,-6.681835,1.493861
223,0.659742,0.703260,nan,0.202004,nan,1.777224
224,0.421954,0.447675,5.232746,0.202020,-5.220375,1.240581
225,0.550237,0.561982,nan,0.202020,nan,1.543968
226,0.603196,0.599327,6.415132,0.202037,-6.847068,1.654588
227,0.415982,0.414451,nan,0.202037,nan,1.243472
228,0.462607,0.451199,5.795987,0.202052,-5.770115,1.343631
229,0.370036,0.390473,nan,0.202052,nan,1.153910
230,0.420759,0.424394,7.687900,0.202068,-7.494680,1.261849
231,0.366380,0.401957,nan,0.202068,nan,1.132551
232,0.474007,0.501654,6.438067,0.202083,-5.211481,1.379716
233,0.365679,0.372049,nan,0.202083,nan,1.114162
234,0.400689,0.399540,8.116483,0.202098,-6.700860,1.228096
235,0.416998,0.426150,nan,0.202098,nan,1.249539
236,0.359757,0.366860,6.165661,0.202112,-6.749803,1.143216
237,0.564858,0.572952,nan,0.202112,nan,1.568390
238,0.600339,0.618933,5.945269,0.202128,-8.654833,1.640238
239,0.355399,0.345119,nan,0.202128,nan,1.093047
240,0.648104,0.654022,5.332538,0.202144,-6.435303,1.748529
241,0.494797,0.519443,nan,0.202144,nan,1.413760
242,0.577281,0.608060,6.603727,0.202159,-6.392345,1.597377
243,0.381212,0.387053,nan,0.202159,nan,1.163620
244,0.478419,0.502079,6.633118,0.202175,-7.140776,1.394854
245,0.350850,0.356253,nan,0.202175,nan,1.068084
246,0.413392,0.439830,6.721482,0.202190,-6.260252,1.262434
247,0.533822,0.544296,nan,0.202190,nan,1.490550
248,0.386517,0.385290,7.053562,0.202206,-8.238297,1.197173
249,0.480262,0.485214,nan,0.202206,nan,1.349545
250,0.428101,0.441343,5.831637,0.202222,-6.245432,1.272074
251,0.448621,0.461826,nan,0.202222,nan,1.329584
252,0.353907,0.349396,6.721886,0.202236,-5.636617,1.100616
253,0.481297,0.479212,nan,0.202236,nan,1.394237
254,0.375593,0.363950,6.341608,0.202252,-7.307259,1.149277
255,0.626520,0.623790,nan,0.202252,nan,1.713785
256,0.497074,0.495771,7.443452,0.202267,-6.898548,1.443344
257,0.389749,0.407526,nan,0.202267,nan,1.172086
258,0.392746,0.413473,6.781523,0.202281,-5.249592,1.209628
259,0.406275,0.421675,nan,0.202281,nan,1.211380
260,0.492378,0.511103,9.307548,0.202294,-5.353987,1.427166
261,0.461886,0.464638,nan,0.202294,nan,1.344842
262,0.638345,0.631832,7.180467,0.202308,-6.214787,1.726387
263,0.404308,0.388958,nan,0.202308,nan,1.206367
264,0.727267,0.745906,7.150453,0.202321,-6.994552,1.911956
265,0.413726,0.459319,nan,0.202321,nan,1.254942
266,0.548647,0.606901,6.659474,0.202334,-5.500943,1.526840
267,0.597965,0.620406,nan,0.202334,nan,1.625397
268,0.365569,0.386832,6.941840,0.202347,-7.191926,1.146047
269,0.419103,0.419695,nan,0.202347,nan,1.234038
270,0.513436,0.506962,7.801570,0.202360,-6.133736,1.445110
271,0.374853,0.373549,nan,0.202360,nan,1.179972
272,0.513361,0.519064,6.355483,0.202373,-5.846979,1.447679
273,0.558104,0.528093,nan,0.202373,nan,1.586491
274,0.411132,0.416861,8.293831,0.202385,-5.546777,1.245587
275,0.426172,0.407898,nan,0.202385,nan,1.245050
276,0.732469,0.765913,7.145928,0.202398,-6.739883,1.899144
277,0.363486,0.384609,nan,0.202398,nan,1.138536
278,0.432172,0.431568,7.550777,0.202410,-5.845889,1.262800
279,0.543112,0.549748,nan,0.202410,nan,1.551961
280,0.531730,0.537036,7.464382,0.202422,-6.434610,1.478134
281,0.409237,0.413704,nan,0.202422,nan,1.256895
282,0.668975,0.681258,6.004767,0.202435,-7.994078,1.763309
283,0.698113,0.698349,nan,0.202435,nan,1.817283
284,0.477268,0.447066,7.078678,0.202448,-5.636021,1.385821
285,0.548490,0.549696,nan,0.202448,nan,1.516554
286,0.609941,0.607099,8.534557,0.202461,-6.312787,1.642407
287,0.474324,0.466486,nan,0.202461,nan,1.373187
288,0.449033,0.455261,10.266507,0.202476,-10.150181,1.336827
289,0.850871,0.831191,nan,0.202476,nan,2.166667
290,0.445391,0.410223,8.315592,0.202492,-7.865724,1.344105
291,0.442005,0.443815,nan,0.202492,nan,1.277902
292,0.514699,0.495893,7.457994,0.202508,-7.124353,1.492389
293,0.498518,0.498210,nan,0.202508,nan,1.437280
294,0.715920,0.729622,7.387025,0.202525,-7.853664,1.886142
295,0.735387,0.714436,nan,0.202525,nan,1.926028
296,0.646674,0.598179,6.854314,0.202543,-7.872086,1.741803
297,0.866135,0.773557,nan,0.202543,nan,2.192951
298,0.567692,0.494475,8.331172,0.202560,-7.625427,1.582842
299,0.557239,0.524736,nan,0.202560,nan,1.550163
300,0.431722,0.415178,9.396596,0.202579,-8.219201,1.278126
301,0.599692,0.589512,nan,0.202579,nan,1.644917
302,0.440215,0.426167,8.653582,0.202596,-5.347012,1.260443
303,0.660496,0.649615,nan,0.202596,nan,1.788754
304,0.659560,0.620518,8.488266,0.202613,-6.463672,1.752567
305,0.597273,0.671544,nan,0.202613,nan,1.611357
306,0.503831,0.539927,8.708843,0.202630,-8.035527,1.422169
307,0.615107,0.673491,nan,0.202630,nan,1.696511
308,0.762629,0.774282,7.007916,0.202648,-7.617189,1.944495
309,0.444860,0.445765,nan,0.202648,nan,1.310238
310,1.050011,0.985284,7.536842,0.202664,-3.606799,2.554222
311,0.482337,0.483940,nan,0.202664,nan,1.380765
312,0.811959,0.779481,7.761162,0.202678,-5.083712,2.078311
313,0.481394,0.523898,nan,0.202678,nan,1.402313
314,0.585170,0.542143,9.625566,0.202693,-7.016805,1.612576
315,0.597751,0.571230,nan,0.202693,nan,1.620705
316,0.477517,0.495088,6.569688,0.202707,-5.984468,1.401864
317,0.518294,0.560776,nan,0.202707,nan,1.466734
318,0.675325,0.682097,7.696532,0.202721,-6.346158,1.774554
319,0.475305,0.468646,nan,0.202721,nan,1.385247
320,0.488063,0.494265,7.044068,0.202734,-4.728345,1.391503
321,0.640461,0.615144,nan,0.202734,nan,1.722049
322,0.521471,0.540442,8.287275,0.202747,-6.951087,1.488619
323,0.745572,0.724811,nan,0.202747,nan,1.911360
324,0.452220,0.449427,7.395939,0.202760,-6.571132,1.328930
325,0.526545,0.627707,nan,0.202760,nan,1.480014
326,0.721707,0.908042,8.078465,0.202773,-6.085047,1.895378
327,0.681789,0.855129,nan,0.202773,nan,1.823022
328,0.503587,0.621183,7.732483,0.202785,-4.957390,1.421837
329,0.644608,0.628364,nan,0.202785,nan,1.738579
330,0.564274,0.523220,8.755816,0.202796,-5.379836,1.550594
331,0.560796,0.601359,nan,0.202796,nan,1.541389
332,0.678192,0.684911,10.538049,0.202809,-8.032763,1.790493
333,0.446215,0.396750,nan,0.202809,nan,1.267213
334,0.591533,0.577586,10.231270,0.202823,-8.405678,1.624431
335,0.599213,0.587900,nan,0.202823,nan,1.628262
336,0.516754,0.597130,9.348835,0.202835,-3.398960,1.426452
337,0.662727,0.730497,nan,0.202835,nan,1.768068
338,0.545105,0.590220,8.906934,0.202847,-5.759350,1.512986
339,0.731080,0.671932,nan,0.202847,nan,1.907243
340,0.578785,0.538490,9.817730,0.202859,-7.335117,1.602663
341,0.372773,0.424447,nan,0.202859,nan,1.154701
342,0.445958,0.401919,10.838831,0.202870,-4.743548,1.303327
343,0.562674,0.499319,nan,0.202870,nan,1.519362
344,0.684443,0.648878,10.983540,0.202882,-6.474274,1.819726
345,0.611463,0.728752,nan,0.202882,nan,1.655203
346,0.557841,0.678207,7.438623,0.202891,-2.298759,1.512518
347,0.526244,0.691976,nan,0.202891,nan,1.485505
348,0.508825,0.700310,9.408964,0.202901,-7.483864,1.448828
349,0.525331,0.596512,nan,0.202901,nan,1.490751
350,0.555670,0.614414,10.279510,0.202912,-7.439358,1.537866
351,0.420841,0.456694,nan,0.202912,nan,1.226562
352,0.486644,0.504344,9.865325,0.202923,-6.928566,1.370710
353,0.581625,0.565106,nan,0.202923,nan,1.593689
354,0.501879,0.398680,9.101660,0.202934,-4.833746,1.409452
355,0.478490,0.518971,nan,0.202934,nan,1.363725
356,0.565032,0.580805,10.570715,0.202945,-6.002213,1.567830
357,0.393909,0.431230,nan,0.202945,nan,1.186976
358,0.425124,0.445234,10.205129,0.202955,-5.908273,1.282478
359,0.337707,0.368956,nan,0.202955,nan,1.060779
360,0.399888,0.413240,9.658798,0.202966,-6.408182,1.214767
361,0.433473,0.470006,nan,0.202966,nan,1.280632
362,0.475426,0.474966,7.789085,0.202978,-8.034345,1.361422
363,0.711904,0.728832,nan,0.202978,nan,1.884435
364,0.625641,0.639704,8.388992,0.202990,-5.980804,1.687097
365,0.530659,0.511379,nan,0.202990,nan,1.494655
366,0.440422,0.426406,10.725541,0.203002,-5.260412,1.301811
367,0.415727,0.447548,nan,0.203002,nan,1.241660
368,0.431835,0.455743,9.270200,0.203014,-6.942794,1.264403
369,0.391801,0.369014,nan,0.203014,nan,1.182438
370,0.493507,0.463717,10.062502,0.203026,-6.724468,1.437075
371,0.474641,0.507787,nan,0.203026,nan,1.363084
372,0.635948,0.659064,8.250732,0.203037,-4.589547,1.716138
373,0.364757,0.386904,nan,0.203037,nan,1.170410
374,0.513514,0.475254,9.085546,0.203047,-4.885503,1.458255
375,0.446012,0.467674,nan,0.203047,nan,1.303612
376,0.458858,0.437621,10.294517,0.203056,-4.393347,1.328428
377,0.416818,0.382778,nan,0.203056,nan,1.228298
378,0.530103,0.500127,10.306113,0.203067,-7.462938,1.493840
379,0.487196,0.494227,nan,0.203067,nan,1.406681
380,0.319693,0.356807,11.631906,0.203078,-7.229491,1.014827
381,0.423831,0.461088,nan,0.203078,nan,1.267038
382,0.651653,0.753524,9.494323,0.203090,-6.702986,1.738143
383,0.594386,0.653203,nan,0.203090,nan,1.631312
384,0.522865,0.573646,9.042971,0.203101,-5.084956,1.470067
385,0.520008,0.512820,nan,0.203101,nan,1.454532
386,0.408596,0.410999,11.099277,0.203113,-7.495802,1.221661
387,0.593079,0.546659,nan,0.203113,nan,1.620659
388,0.390267,0.404484,8.853931,0.203123,-3.651891,1.193638
389,0.653906,0.614361,nan,0.203123,nan,1.750079
390,0.593610,0.537719,10.021159,0.203134,-7.830285,1.612030
391,0.592755,0.640153,nan,0.203134,nan,1.625662
392,0.660563,0.692479,9.920954,0.203146,-5.934076,1.766260
393,0.471255,0.472993,nan,0.203146,nan,1.341461
394,0.562908,0.567978,11.851816,0.203159,-9.514456,1.554241
395,0.435205,0.468684,nan,0.203159,nan,1.265630
396,0.671878,0.657008,9.793494,0.203174,-7.584582,1.797351
397,0.527215,0.512540,nan,0.203174,nan,1.493574
398,0.642705,0.648877,9.375437,0.203187,-3.838832,1.725782
399,0.579348,0.661603,nan,0.203187,nan,1.587395
400,0.511964,0.590210,10.455861,0.203199,-6.350958,1.448737
401,0.345285,0.353032,nan,0.203199,nan,1.081932
402,0.412058,0.411684,10.017242,0.203212,-5.980370,1.257497
403,0.669108,0.678117,nan,0.203212,nan,1.778667
404,0.639004,0.544794,11.699041,0.203225,-6.939902,1.733750
405,0.649933,0.654956,nan,0.203225,nan,1.743206
406,0.444237,0.450076,10.661587,0.203239,-8.379869,1.324436
407,0.508292,0.512669,nan,0.203239,nan,1.425893
408,0.399801,0.434289,12.059328,0.203253,-5.714898,1.243708
409,0.403953,0.406270,nan,0.203253,nan,1.212490
410,0.309416,0.330903,11.834414,0.203269,-8.309111,0.998030
411,0.526517,0.537140,nan,0.203269,nan,1.471401
412,0.504127,0.528140,10.910273,0.203284,-6.764965,1.428572
413,0.592603,0.573761,nan,0.203284,nan,1.630191
414,0.647512,0.591815,8.504133,0.203300,-6.948435,1.760447
415,0.667137,0.696174,nan,0.203300,nan,1.748477
416,0.783731,0.880551,12.379440,0.203315,-6.259357,1.992828
417,0.463998,0.506578,nan,0.203315,nan,1.352360
418,0.706842,0.721777,10.627665,0.203330,-6.747135,1.892702
419,0.782703,0.764914,nan,0.203330,nan,2.010334
420,0.658179,0.671150,10.646029,0.203345,-5.230321,1.739494
421,0.446281,0.475384,nan,0.203345,nan,1.322928
422,0.835264,0.763485,8.662306,0.203357,-3.617215,2.133113
423,0.630592,0.608847,nan,0.203357,nan,1.703763
424,0.719791,0.709529,10.246745,0.203368,-3.970750,1.879157
425,0.486846,0.524483,nan,0.203368,nan,1.396378
426,0.360966,0.375425,10.778217,0.203380,-7.922970,1.142779
427,0.555748,0.525019,nan,0.203380,nan,1.541661
428,0.420577,0.411479,11.768009,0.203391,-5.754699,1.251090
429,0.603867,0.603631,nan,0.203391,nan,1.636751
430,0.485951,0.499797,11.285868,0.203402,-4.657664,1.375827
431,0.572886,0.590838,nan,0.203402,nan,1.540019
432,0.465017,0.481216,11.602341,0.203412,-5.087002,1.362939
433,0.487904,0.482398,nan,0.203412,nan,1.431175
434,0.387213,0.367372,11.752550,0.203422,-6.459037,1.176126
435,0.639371,0.669067,nan,0.203422,nan,1.700694
436,0.896325,0.905705,9.090071,0.203434,-7.988105,2.230034
437,0.864484,0.924001,nan,0.203434,nan,2.203899
438,0.960831,1.023919,11.486238,0.203446,-5.407740,2.389944
439,0.397431,0.429979,nan,0.203446,nan,1.199228
440,0.480662,0.432275,13.580811,0.203457,-5.625973,1.370451
441,0.508564,0.517682,nan,0.203457,nan,1.448346
442,0.377509,0.437727,12.306886,0.203469,-7.675051,1.174680
443,0.479963,0.487732,nan,0.203469,nan,1.385001
444,0.587320,0.595555,9.407995,0.203480,-5.044683,1.583831
445,0.802454,0.744578,nan,0.203480,nan,2.074535
446,0.672566,0.607340,11.497714,0.203491,-5.163813,1.800097
447,0.575448,0.534083,nan,0.203491,nan,1.585299
448,0.552650,0.543194,12.646844,0.203502,-6.264350,1.551811
449,0.405829,0.385106,nan,0.203502,nan,1.216974
450,0.542438,0.507439,13.412645,0.203513,-6.221648,1.513487
451,0.537317,0.672265,nan,0.203513,nan,1.527134
452,0.627721,0.659430,11.167475,0.203524,-5.684545,1.693567
453,0.539725,0.582390,nan,0.203524,nan,1.518034
454,0.654843,0.710247,11.386518,0.203536,-7.096779,1.760835
455,0.840618,0.790393,nan,0.203536,nan,2.134232
456,0.445633,0.401881,12.263194,0.203548,-7.136186,1.299574
457,0.522609,0.485999,nan,0.203548,nan,1.498360
458,0.461419,0.457312,11.539976,0.203558,-3.489650,1.313333
459,0.325931,0.368037,nan,0.203558,nan,1.061697
460,0.458165,0.489010,11.342508,0.203567,-3.174461,1.325967
461,0.409083,0.386607,nan,0.203567,nan,1.205586
462,0.595905,0.578741,8.749645,0.203575,-5.262751,1.655247
463,0.944214,0.782267,nan,0.203575,nan,2.350254
464,1.185186,1.037243,12.490852,0.203584,-6.983842,2.838778
465,0.615663,0.565011,nan,0.203584,nan,1.652216
466,0.654544,0.679528,10.579902,0.203593,-5.691028,1.753808
467,0.551499,0.589068,nan,0.203593,nan,1.544713
468,0.685901,0.730128,12.410154,0.203601,-4.605473,1.842308
469,0.644209,0.677297,nan,0.203601,nan,1.735395
470,0.479371,0.478797,10.865942,0.203607,-3.550145,1.387956
471,0.509656,0.555538,nan,0.203607,nan,1.429980
472,0.434670,0.459229,10.096788,0.203614,-5.787524,1.312248
473,0.890866,0.867957,nan,0.203614,nan,2.212421
474,0.509250,0.418315,12.056622,0.203621,-4.921287,1.425653
475,0.608008,0.629774,nan,0.203621,nan,1.639524
476,0.687183,0.776435,11.357553,0.203628,-6.646709,1.826733
477,0.543265,0.582495,nan,0.203628,nan,1.483468
478,0.548463,0.578668,14.090896,0.203635,-5.689444,1.482239
479,0.589810,0.666551,nan,0.203635,nan,1.632024
480,0.446907,0.468925,12.691616,0.203643,-5.847919,1.324037
481,0.528623,0.498021,nan,0.203643,nan,1.459986
482,0.572791,0.564339,12.732166,0.203651,-6.260718,1.572892
483,0.402424,0.428168,nan,0.203651,nan,1.217993
484,0.596016,0.615520,11.102556,0.203657,-2.740011,1.654916
485,0.530526,0.653990,nan,0.203657,nan,1.495679
486,0.606132,0.570199,11.852757,0.203664,-5.474350,1.632306
487,0.879903,1.086352,nan,0.203664,nan,2.228235
488,0.802165,0.866523,9.063446,0.203668,-3.882226,2.071013
489,0.933177,0.922063,nan,0.203668,nan,2.330033
490,0.869326,0.833223,10.689283,0.203673,-4.906831,2.143790
491,0.668173,0.672738,nan,0.203673,nan,1.780397
492,0.480688,0.486339,11.177347,0.203679,-6.222888,1.379437
493,0.533844,0.549522,nan,0.203679,nan,1.496093
494,0.568291,0.545776,10.158917,0.203683,-4.163156,1.563784
495,0.539186,0.598453,nan,0.203683,nan,1.477624
496,0.809304,0.924034,10.955902,0.203688,-5.862781,2.090703
497,0.823076,0.945707,nan,0.203688,nan,2.066113
498,0.774082,0.793618,11.727600,0.203694,-5.875885,2.020945
499,0.558108,0.544826,nan,0.203694,nan,1.537395
500,0.781760,0.771313,11.954611,0.203699,-3.959730,2.008767
501,0.647713,0.736207,nan,0.203699,nan,1.692538
502,0.531356,0.584273,11.835912,0.203703,-4.750137,1.470635
503,0.640311,0.658290,nan,0.203703,nan,1.693631
504,0.566745,0.598629,10.981415,0.203708,-5.607841,1.555326
505,0.610645,0.654253,nan,0.203708,nan,1.662120
506,0.837994,0.769423,13.944679,0.203713,-5.834094,2.156552
507,0.569314,0.595708,nan,0.203713,nan,1.564744
508,0.601334,0.578758,12.441154,0.203718,-4.908397,1.629486
509,0.615025,0.663863,nan,0.203718,nan,1.671092
510,0.663366,0.587305,11.415513,0.203722,-4.059173,1.792402
511,0.665612,0.646689,nan,0.203722,nan,1.760242
512,0.490277,0.532049,14.036605,0.203726,-5.569826,1.353914
513,0.575063,0.543018,nan,0.203726,nan,1.564241
514,0.780792,0.768803,11.830273,0.203732,-6.415932,1.960631
515,0.621596,0.675135,nan,0.203732,nan,1.639601
516,0.589913,0.588049,10.301816,0.203737,-5.369830,1.638985
517,1.072286,1.021653,nan,0.203737,nan,2.616078
518,0.913381,0.877106,11.168574,0.203743,-5.574202,2.309060
519,0.784419,0.728335,nan,0.203743,nan,1.991282
520,0.685778,0.686626,10.623466,0.203749,-5.596004,1.821147
521,0.658237,0.600657,nan,0.203749,nan,1.770245
522,0.592410,0.581088,11.493343,0.203754,-4.048414,1.612260
523,0.576028,0.651446,nan,0.203754,nan,1.559929
524,0.575547,0.649119,11.617983,0.203760,-5.885097,1.526302
525,0.539108,0.530010,nan,0.203760,nan,1.474093
526,0.522883,0.514449,12.079621,0.203766,-5.726963,1.467285
527,0.535311,0.556955,nan,0.203766,nan,1.485469
528,0.517863,0.552751,12.476237,0.203771,-4.444771,1.492331
529,0.597252,0.684436,nan,0.203771,nan,1.596003
530,0.847644,1.069596,11.691957,0.203775,-3.665792,2.142257
531,0.638291,0.888042,nan,0.203775,nan,1.728240
532,0.812523,1.010927,12.154205,0.203781,-7.964162,2.046022
533,0.614749,0.647531,nan,0.203781,nan,1.657704
534,0.370787,0.353147,13.449713,0.203788,-5.760883,1.155151
535,0.516401,0.486453,nan,0.203788,nan,1.454594
536,0.568963,0.640112,13.764612,0.203794,-4.917247,1.545602
537,0.577625,0.578759,nan,0.203794,nan,1.582675
538,0.527947,0.620664,11.229437,0.203800,-5.186184,1.468218
539,0.489746,0.477655,nan,0.203800,nan,1.409945
540,0.490128,0.493234,13.455122,0.203806,-4.627347,1.411996
541,0.623907,0.736217,nan,0.203806,nan,1.660635
542,0.607122,0.636647,13.232841,0.203811,-5.030727,1.610026
543,0.838356,0.753628,nan,0.203811,nan,2.106562
544,0.571529,0.561774,11.666886,0.203816,-4.562330,1.555067
545,0.638475,0.673853,nan,0.203816,nan,1.700814
546,0.600712,0.613082,13.029090,0.203819,-3.113672,1.631773
547,0.702539,0.764213,nan,0.203819,nan,1.837676
548,0.616466,0.663485,11.438944,0.203824,-6.747378,1.646618
549,0.641777,0.674365,nan,0.203824,nan,1.695317
550,1.204669,1.265300,11.420748,0.203829,-6.402239,2.855167
551,1.089278,1.124207,nan,0.203829,nan,2.604926
552,1.277498,1.303613,10.648301,0.203834,-4.478392,2.982654
553,1.019696,0.945598,nan,0.203834,nan,2.498711
554,1.036570,0.893708,12.593198,0.203839,-5.258128,2.523831
555,0.701043,0.716097,nan,0.203839,nan,1.808102
556,0.707640,0.682301,15.244286,0.203844,-5.216378,1.857911
557,0.548225,0.564801,nan,0.203844,nan,1.532978
558,0.616197,0.609446,13.763991,0.203850,-5.527351,1.684247
559,0.812962,0.867466,nan,0.203850,nan,2.080179
560,0.598375,0.621918,11.836458,0.203855,-5.274281,1.623653
561,0.911453,0.918189,nan,0.203855,nan,2.221609
562,0.612537,0.598124,13.387809,0.203859,-4.035541,1.658545
563,0.523636,0.602044,nan,0.203859,nan,1.494907
564,0.638968,0.650916,13.622241,0.203863,-4.755916,1.712800
565,0.605290,0.675643,nan,0.203863,nan,1.630182
566,0.739060,0.697950,11.727442,0.203869,-6.864846,1.907944
567,0.501185,0.559449,nan,0.203869,nan,1.374869
568,0.583609,0.537464,13.023226,0.203874,-4.160567,1.589182
569,0.474252,0.519251,nan,0.203874,nan,1.377773
570,0.558133,0.528779,13.828261,0.203879,-5.519489,1.538201
571,0.615385,0.636669,nan,0.203879,nan,1.666003
572,0.937437,0.940983,12.950616,0.203886,-7.440782,2.320077
573,1.160920,1.229346,nan,0.203886,nan,2.763639
574,1.221466,1.272324,11.301762,0.203893,-5.738557,2.911808
575,0.734404,0.729426,nan,0.203893,nan,1.934740
576,0.743670,0.747362,12.881474,0.203900,-5.853054,1.929825
577,0.512250,0.539967,nan,0.203900,nan,1.479845
578,0.574188,0.625127,13.252934,0.203907,-4.267748,1.536798
579,0.655430,0.565880,nan,0.203907,nan,1.762442
580,0.557492,0.566063,13.255932,0.203913,-5.282207,1.552611
581,0.686060,0.769606,nan,0.203913,nan,1.856072
582,0.833436,0.736466,11.452383,0.203920,-5.449538,2.115252
583,0.954351,0.849287,nan,0.203920,nan,2.395849
584,0.744725,0.724176,12.415440,0.203926,-4.733230,1.929165
585,0.483261,0.513705,nan,0.203926,nan,1.384958
586,0.537223,0.563631,13.983171,0.203932,-5.020486,1.507395
587,0.487344,0.580916,nan,0.203932,nan,1.370502
588,0.617914,0.570493,11.680260,0.203939,-6.724535,1.681498
589,0.643947,0.705478,nan,0.203939,nan,1.722256
590,0.628172,0.713995,12.893751,0.203945,-4.888922,1.667243
591,0.514040,0.474037,nan,0.203945,nan,1.466674
592,0.550241,0.550438,14.273959,0.203952,-5.126627,1.536021
593,0.410826,0.473113,nan,0.203952,nan,1.224835
594,0.568969,0.531721,12.942225,0.203959,-6.417842,1.535956
595,0.701170,0.729658,nan,0.203959,nan,1.869184
596,0.744049,0.770778,12.349817,0.203965,-3.527668,1.934089
597,0.606037,0.623937,nan,0.203965,nan,1.651835
598,0.531396,0.572607,16.263481,0.203970,-5.040853,1.478603
599,0.673274,0.616816,nan,0.203970,nan,1.785632
600,0.595301,0.569733,13.572260,0.203977,-6.850012,1.603615
601,0.701800,0.900825,nan,0.203977,nan,1.826686
602,0.812742,0.803955,10.212039,0.203985,-6.384970,2.062688
603,0.849861,0.671948,nan,0.203985,nan,2.158115
604,0.973991,0.833673,13.638966,0.203993,-5.315515,2.414948
605,0.657645,0.655595,nan,0.203993,nan,1.762652
606,0.703768,0.670958,15.038857,0.204001,-6.706372,1.854937
607,0.796850,0.788169,nan,0.204001,nan,2.074326
608,0.530177,0.509277,13.984496,0.204011,-7.179837,1.484756
609,0.784804,0.796166,nan,0.204011,nan,2.005248
610,0.650690,0.648445,11.154438,0.204020,-3.458261,1.733790
611,0.877615,0.757473,nan,0.204020,nan,2.225980
612,0.874622,0.697133,12.313266,0.204027,-4.348769,2.212468
613,0.417894,0.457990,nan,0.204027,nan,1.218144
614,0.527819,0.506572,14.524122,0.204032,-3.220631,1.470859
615,0.592942,0.505756,nan,0.204032,nan,1.590525
616,0.654842,0.683850,11.342228,0.204037,-5.075901,1.727215
617,0.940880,1.181849,nan,0.204037,nan,2.338554
618,1.263564,1.307199,10.858196,0.204041,-4.492637,3.007893
619,1.329751,1.323372,nan,0.204041,nan,3.133980
620,1.232237,1.135204,12.094272,0.204046,-5.436232,2.930302
621,1.098302,0.941010,nan,0.204046,nan,2.662073
622,0.584101,0.500905,15.245066,0.204050,-4.759644,1.598413
623,0.688858,0.722901,nan,0.204050,nan,1.798351
624,0.582757,0.562856,12.206858,0.204055,-5.397754,1.591454
625,0.540217,0.710883,nan,0.204055,nan,1.515804
626,0.545800,0.696843,13.223121,0.204061,-5.840707,1.527004
627,0.538862,0.549313,nan,0.204061,nan,1.518832
628,0.541889,0.421381,15.215948,0.204065,-4.337525,1.522148
629,0.406083,0.412162,nan,0.204065,nan,1.217630
630,0.644102,0.647621,15.529531,0.204070,-5.940124,1.709412
631,0.660819,1.023463,nan,0.204070,nan,1.735110
632,0.552379,0.860044,13.223326,0.204078,-7.949557,1.550168
633,0.758934,0.956235,nan,0.204078,nan,1.979569
634,0.715313,0.634919,13.609001,0.204085,-4.943235,1.854314
635,0.516441,0.598506,nan,0.204085,nan,1.437105
636,0.681591,0.807104,11.098622,0.204092,-4.919335,1.770361
637,0.628650,0.633909,nan,0.204092,nan,1.705793
638,0.421416,0.647525,16.735092,0.204098,-4.489047,1.233719
639,0.460503,0.641645,nan,0.204098,nan,1.314113
640,0.619653,0.659547,14.776098,0.204105,-5.419556,1.682846
641,0.632399,0.775031,nan,0.204105,nan,1.711466
642,0.326233,0.431479,13.768858,0.204111,-5.305825,1.021024
643,0.740223,0.838836,nan,0.204111,nan,1.917222
644,0.723984,1.019879,10.946877,0.204115,-3.230198,1.875712
645,0.988174,1.254464,nan,0.204115,nan,2.435131
646,0.731104,0.866141,10.467106,0.204118,-2.894366,1.901497
647,0.758734,0.607309,nan,0.204118,nan,1.955125
648,0.567354,0.530833,14.793458,0.204120,-4.810666,1.536485
649,0.706058,0.845934,nan,0.204120,nan,1.864674
650,0.541599,0.499540,14.292892,0.204121,-3.370267,1.515000
651,0.662078,0.840167,nan,0.204121,nan,1.747088
652,0.840241,0.910363,11.710835,0.204122,-5.392816,2.106290
653,0.855799,0.931107,nan,0.204122,nan,2.173137
654,0.923164,1.002557,14.529046,0.204126,-7.045786,2.306705
655,0.746681,0.698545,nan,0.204126,nan,1.953137
656,0.545987,0.534435,12.719307,0.204129,-3.931180,1.510520
657,0.732602,0.754801,nan,0.204129,nan,1.898067
658,0.333478,0.387792,12.956856,0.204132,-5.412541,1.070758
659,0.470894,0.608672,nan,0.204132,nan,1.343351
660,0.515072,0.484785,16.973402,0.204136,-5.699053,1.444694
661,0.511750,0.594762,nan,0.204136,nan,1.443663
662,0.715846,0.678224,12.874425,0.204139,-4.726570,1.869062
663,0.598390,0.611735,nan,0.204139,nan,1.619633
664,0.578738,0.624826,14.819197,0.204142,-4.063701,1.575396
665,0.701543,0.735304,nan,0.204142,nan,1.862314
666,0.565392,0.577211,12.292117,0.204144,-4.177012,1.601285
667,0.768753,0.829918,nan,0.204144,nan,1.964127
668,0.822907,0.903291,13.326862,0.204145,-3.140644,2.095998
669,0.801415,0.881640,nan,0.204145,nan,2.055696
670,0.558186,0.527832,15.004110,0.204146,-6.213034,1.529819
671,0.515306,0.540431,nan,0.204146,nan,1.427362
672,0.567554,0.534177,11.489695,0.204147,-3.187579,1.544001
673,0.676896,0.756551,nan,0.204147,nan,1.768097
674,0.736443,0.722533,11.249354,0.204149,-6.995622,1.931836
675,0.843637,0.870901,nan,0.204149,nan,2.157299
676,0.703425,0.730853,15.377977,0.204153,-6.085460,1.845602
677,0.440039,0.422224,nan,0.204153,nan,1.280835
678,0.510731,0.520760,13.905206,0.204157,-5.191314,1.418203
679,0.615760,0.609779,nan,0.204157,nan,1.676765
680,0.384017,0.428490,15.149331,0.204162,-5.952360,1.131209
681,0.577314,0.538692,nan,0.204162,nan,1.606796
682,0.428204,0.403975,13.765533,0.204168,-6.454212,1.249869
683,0.736130,0.935395,nan,0.204168,nan,1.926101
684,0.833221,1.058788,10.393977,0.204174,-5.471399,2.100983
685,1.185456,1.207643,nan,0.204174,nan,2.851168
686,1.186035,1.109555,14.138405,0.204178,-2.659314,2.823446
687,0.614348,0.719375,nan,0.204178,nan,1.630624
688,0.490589,0.500174,16.085194,0.204181,-5.112584,1.400712
689,0.564955,0.596678,nan,0.204181,nan,1.545460
690,0.597074,0.607314,11.495235,0.204183,-2.884064,1.630891
691,0.579233,0.552931,nan,0.204183,nan,1.616116
692,0.561408,0.466873,14.574162,0.204185,-4.818410,1.552057
693,0.465544,0.468301,nan,0.204185,nan,1.348646
694,0.428024,0.458446,13.829576,0.204186,-4.152265,1.275135
695,0.619760,0.737820,nan,0.204186,nan,1.672035
696,0.542672,0.537018,16.564720,0.204188,-5.470984,1.514899
697,0.735756,0.682734,nan,0.204188,nan,1.896858
698,0.573784,0.440962,14.666676,0.204188,-2.657926,1.519637
699,0.510301,0.482633,nan,0.204188,nan,1.465069
700,0.396934,0.330649,15.237111,0.204189,-4.955170,1.164979
701,0.526490,0.597042,nan,0.204189,nan,1.426938
702,0.631928,0.623737,13.404608,0.204188,-4.158949,1.668606
703,0.533625,0.655046,nan,0.204188,nan,1.475844
704,0.546860,0.473113,11.300253,0.204187,-3.744684,1.511879
705,0.818511,1.049015,nan,0.204187,nan,2.045194
706,0.915499,1.127319,14.545650,0.204187,-5.415535,2.280596
707,1.133923,1.208255,nan,0.204187,nan,2.744517
708,0.866600,0.791974,12.639410,0.204188,-5.058283,2.218240
709,0.828158,0.644435,nan,0.204188,nan,2.110330
710,0.641408,0.944146,17.378960,0.204188,-4.969121,1.732347
711,0.502579,0.467557,nan,0.204188,nan,1.439528
712,0.615733,0.638005,13.822561,0.204188,-3.676482,1.654634
713,0.831755,1.098865,nan,0.204188,nan,2.129264
714,0.654317,0.742794,15.058345,0.204186,-2.883229,1.759268
715,0.626355,0.564454,nan,0.204186,nan,1.668741
716,0.457906,0.337696,15.365231,0.204185,-4.990356,1.327396
717,0.675176,0.736704,nan,0.204185,nan,1.788128
718,0.747173,0.680965,12.127643,0.204183,-3.725544,1.934675
719,0.561856,0.703472,nan,0.204183,nan,1.537154
720,0.941891,0.939490,13.684582,0.204181,-4.740899,2.309395
721,1.054584,0.896324,nan,0.204181,nan,2.578569
722,1.398424,1.068687,13.571539,0.204179,-3.547303,3.289045
723,0.763951,0.670727,nan,0.204179,nan,1.993408
724,0.582068,0.648817,14.557482,0.204179,-7.521012,1.587422
725,0.594545,0.653699,nan,0.204179,nan,1.631469
726,0.442217,0.579586,12.490686,0.204178,-2.596646,1.262820
727,0.779662,0.791284,nan,0.204178,nan,1.973214
728,0.596052,0.482492,15.049389,0.204174,-1.759108,1.615145
729,0.739314,0.768118,nan,0.204174,nan,1.914130
730,0.834534,0.806278,14.016150,0.204170,-4.308785,2.143231
731,0.347144,0.431411,nan,0.204170,nan,1.057873
732,0.443427,0.481699,12.078737,0.204166,-3.922873,1.292842
733,0.733825,0.687138,nan,0.204166,nan,1.906953
734,0.467949,0.472615,15.649482,0.204162,-4.205277,1.332958
735,0.501291,0.491106,nan,0.204162,nan,1.400532
736,0.526525,0.437005,15.206978,0.204157,-4.003232,1.474989
737,0.785389,0.886543,nan,0.204157,nan,2.030390
738,0.740196,0.754761,12.071077,0.204152,-2.796744,1.915998
739,0.962565,1.074880,nan,0.204152,nan,2.400123
740,0.564622,0.565226,17.464466,0.204148,-5.357828,1.552301
741,0.604529,0.649467,nan,0.204148,nan,1.642489
742,0.592814,0.489729,14.833814,0.204144,-4.621398,1.613878
743,0.675884,0.733721,nan,0.204144,nan,1.778994
744,0.891572,0.946218,13.770144,0.204139,-3.553692,2.223126
745,0.760888,0.706590,nan,0.204139,nan,1.960348
746,0.854274,0.761302,14.427574,0.204135,-4.299107,2.156964
747,0.589030,0.655067,nan,0.204135,nan,1.636316
748,0.794819,0.736989,17.355545,0.204132,-5.333441,2.022270
749,0.554470,0.534142,nan,0.204132,nan,1.529174
750,0.539473,0.637039,12.599382,0.204128,-3.753651,1.509496
751,1.049561,0.966451,nan,0.204128,nan,2.558970
752,0.704966,0.556680,12.835080,0.204125,-5.006802,1.832225
753,0.842240,0.781370,nan,0.204125,nan,2.136857
754,0.638657,0.684115,15.814460,0.204121,-3.341088,1.683676
755,0.510870,0.527358,nan,0.204121,nan,1.458136
756,0.752723,0.797193,14.778955,0.204118,-4.432453,1.953119
757,0.519253,0.528541,nan,0.204118,nan,1.456414
758,0.769044,0.805055,15.134783,0.204116,-5.923546,1.982188
759,0.637246,0.707749,nan,0.204116,nan,1.713404
760,0.799528,0.974956,14.637264,0.204113,-4.146322,2.068927
761,0.489959,0.614649,nan,0.204113,nan,1.390736
762,0.465743,0.530583,15.919979,0.204110,-3.311078,1.336549
763,0.648132,0.643841,nan,0.204110,nan,1.732586
764,0.705519,0.662338,14.605512,0.204107,-4.933721,1.857503
765,0.630752,0.643988,nan,0.204107,nan,1.669746
766,0.526291,0.580049,16.834635,0.204103,-2.998221,1.485417
767,0.447939,0.411977,nan,0.204103,nan,1.291667
768,0.514952,0.557943,13.676172,0.204099,-3.332078,1.437103
769,1.051508,0.943860,nan,0.204099,nan,2.583438
770,1.002070,0.996851,13.065429,0.204093,-3.561840,2.447720
771,1.158564,1.235470,nan,0.204093,nan,2.762965
772,0.948054,1.042420,14.533175,0.204087,-2.566645,2.339502
773,0.465047,0.487991,nan,0.204087,nan,1.290790
774,0.622372,0.654642,15.599762,0.204079,-3.314489,1.687403
775,0.484906,0.529222,nan,0.204079,nan,1.376769
776,0.598427,0.726032,14.004089,0.204073,-5.254642,1.615503
777,0.886956,0.916797,nan,0.204073,nan,2.224623
778,0.812629,0.810401,13.863806,0.204069,-5.302713,2.055665
779,0.647005,0.549768,nan,0.204069,nan,1.703130
780,0.745826,0.754148,14.846286,0.204063,-2.754410,1.899874
781,0.909324,0.846167,nan,0.204063,nan,2.265028
782,0.628743,0.607937,15.086497,0.204056,-3.026305,1.673151
783,0.769853,0.785635,nan,0.204056,nan,1.991612
784,0.809224,0.716496,14.831255,0.204048,-3.477156,2.067257
785,0.855138,0.745210,nan,0.204048,nan,2.165390
786,0.820839,0.879326,15.233149,0.204043,-5.312029,2.069464
787,0.683316,0.792696,nan,0.204043,nan,1.803050
788,0.612765,0.627309,13.329124,0.204038,-5.000002,1.649791
789,0.757535,0.894859,nan,0.204038,nan,1.961984
790,0.942974,1.035313,12.803931,0.204032,-3.886221,2.331585
791,0.980841,0.904421,nan,0.204032,nan,2.416881
792,0.688520,0.583227,12.638910,0.204027,-4.066323,1.812065
793,0.694988,0.704616,nan,0.204027,nan,1.811249
794,0.821947,0.855250,15.704057,0.204022,-3.521593,2.061023
795,0.655154,0.751858,nan,0.204022,nan,1.736311
796,0.636022,0.607653,14.573305,0.204017,-5.199962,1.725042
797,0.525563,0.520310,nan,0.204017,nan,1.467910
798,0.475474,0.519192,11.055951,0.204012,-4.215216,1.370076
799,1.086117,1.102348,nan,0.204012,nan,2.658900
800,1.089750,1.027709,13.279249,0.204007,-2.869368,2.623765
801,1.540236,1.338417,nan,0.204007,nan,3.564579
802,0.842532,0.838346,16.720146,0.204001,-4.513478,2.140808
803,0.824731,0.763818,nan,0.204001,nan,2.061494
804,1.003894,1.026926,13.054004,0.203995,-2.958125,2.428491
805,0.859583,1.059926,nan,0.203995,nan,2.184412
806,0.982888,1.065526,11.672172,0.203989,-4.516391,2.393377
807,1.345659,1.338771,nan,0.203989,nan,3.151578
808,1.391922,1.273100,13.592002,0.203983,-3.607425,3.228644
809,0.900321,0.884338,nan,0.203983,nan,2.224357
810,0.795631,0.708518,15.452722,0.203976,-3.124434,2.036113
811,0.764590,0.959298,nan,0.203976,nan,1.931118
812,0.873507,0.958988,13.412004,0.203969,-3.987256,2.173076
813,1.028473,0.772347,nan,0.203969,nan,2.464722
814,0.996592,0.859887,12.838900,0.203960,-2.305722,2.422737
815,0.607846,0.596244,nan,0.203960,nan,1.599191
816,0.482342,0.574650,15.717559,0.203954,-5.698647,1.334051
817,0.749256,0.851282,nan,0.203954,nan,1.915403
818,0.693154,0.661310,17.882290,0.203948,-4.638177,1.780257
819,0.629458,0.869581,nan,0.203948,nan,1.655035
820,0.955527,0.977914,14.001249,0.203941,-3.241338,2.328713
821,0.550383,1.084788,nan,0.203941,nan,1.496570
822,0.796961,1.309198,11.767322,0.203934,-3.481084,2.033532
823,1.243887,1.583623,nan,0.203934,nan,2.977115
824,0.855010,0.993914,16.178341,0.203928,-5.114346,2.135687
825,0.836054,0.854997,nan,0.203928,nan,2.106184
826,1.047260,1.052704,14.388950,0.203924,-5.712643,2.538166
827,0.840077,0.927801,nan,0.203924,nan,2.116285
828,0.505605,0.560701,15.021882,0.203921,-5.491895,1.426332
829,0.659007,0.645129,nan,0.203921,nan,1.768495
830,0.691810,0.591055,15.183218,0.203917,-3.533825,1.795945
831,0.953877,0.932963,nan,0.203917,nan,2.350979
832,0.786584,0.932286,16.762142,0.203914,-4.891972,2.009950
833,0.457714,0.453742,nan,0.203914,nan,1.299463
834,0.510040,0.591901,13.857136,0.203910,-2.763823,1.456017
835,0.995565,0.975861,nan,0.203910,nan,2.431452
836,0.767214,0.915627,14.526228,0.203905,-3.882014,1.966729
837,0.531235,0.787937,nan,0.203905,nan,1.467736
838,0.863244,0.995081,13.861702,0.203900,-3.543411,2.178059
839,0.716192,0.641956,nan,0.203900,nan,1.889846
840,0.622002,0.479521,15.225563,0.203893,-2.631082,1.667351
841,0.509574,0.570149,nan,0.203893,nan,1.417796
842,0.672441,0.589232,15.691481,0.203888,-6.361790,1.798486
843,0.491950,0.447243,nan,0.203888,nan,1.413478
844,0.545059,0.569220,15.782290,0.203885,-4.881043,1.470161
845,0.627100,0.874576,nan,0.203885,nan,1.689729
846,0.601754,0.799571,15.540474,0.203883,-6.699058,1.637020
847,0.564146,0.595442,nan,0.203883,nan,1.554188
848,0.773037,0.691097,15.751417,0.203881,-3.630620,1.962161
849,0.921397,0.890570,nan,0.203881,nan,2.291309
850,0.504322,0.457590,17.576496,0.203879,-4.317070,1.430115
851,0.463603,1.005130,nan,0.203879,nan,1.323573
852,0.891631,1.047583,15.727190,0.203877,-4.441021,2.200766
853,0.636991,0.500357,nan,0.203877,nan,1.720367
854,0.642418,0.604391,16.603611,0.203874,-3.060108,1.727602
855,0.721009,0.662496,nan,0.203874,nan,1.896577
856,0.751686,0.853323,16.601166,0.203871,-4.653023,1.889754
857,1.042384,1.237288,nan,0.203871,nan,2.536118
858,0.999741,1.007306,16.508198,0.203868,-4.750213,2.470361
859,0.498105,0.508244,nan,0.203868,nan,1.405842
860,0.724149,0.697577,18.650478,0.203866,-4.707557,1.884594
861,0.801858,0.773170,nan,0.203866,nan,2.030190
862,0.577465,0.580289,14.975851,0.203863,-3.407258,1.583427
863,1.109963,1.059767,nan,0.203863,nan,2.684040
864,1.196698,1.205243,17.718065,0.203858,-3.027444,2.848952
865,0.594304,0.863352,nan,0.203858,nan,1.590640
866,0.750151,0.723457,17.218752,0.203854,-5.062593,1.898251
867,0.695298,0.840778,nan,0.203854,nan,1.826571
868,0.540117,0.614526,15.290936,0.203851,-4.498607,1.502673
869,1.146169,1.303972,nan,0.203851,nan,2.762158
870,1.034280,1.494344,16.469738,0.203849,-5.449837,2.521865
871,1.384718,2.049848,nan,0.203849,nan,3.238933
872,1.003658,1.396703,13.143847,0.203844,-1.510697,2.486148
873,0.674495,0.836638,nan,0.203844,nan,1.813978
874,0.940877,0.859475,20.107187,0.203839,-4.021909,2.323301
875,0.865805,1.077458,nan,0.203839,nan,2.172929
876,1.057126,1.160321,18.475166,0.203835,-5.183891,2.562473
877,1.270798,1.507156,nan,0.203835,nan,3.026527
878,1.140244,1.780519,17.448397,0.203832,-5.318837,2.718130
879,1.061044,1.788759,nan,0.203832,nan,2.572326
880,1.057234,1.616642,14.522880,0.203828,-3.754894,2.551780
881,0.572064,0.638397,nan,0.203828,nan,1.537862
882,0.549541,0.817649,15.322983,0.203824,-2.976609,1.497499
883,0.909114,1.015212,nan,0.203824,nan,2.272473
884,0.745550,0.709415,13.729683,0.203819,-3.965837,1.894452
885,1.146186,1.283024,nan,0.203819,nan,2.755107
886,1.285242,1.375807,14.287069,0.203813,-3.143095,3.030113
887,1.475645,1.455612,nan,0.203813,nan,3.444267
888,0.848823,0.737396,15.423484,0.203806,-3.682608,2.138933
889,0.783045,0.660002,nan,0.203806,nan,2.015398
890,1.063931,0.728196,17.569323,0.203798,-1.491436,2.608159
891,0.509092,0.548885,nan,0.203798,nan,1.429019
892,0.888518,0.812858,15.511760,0.203789,-4.182541,2.241662
893,1.162788,0.665680,nan,0.203789,nan,2.781508
894,1.215583,0.865955,16.591347,0.203781,-3.970949,2.900671
895,1.177009,1.239075,nan,0.203781,nan,2.788959
896,0.613833,0.849322,16.302326,0.203774,-4.624323,1.662675
897,0.827670,0.784655,nan,0.203774,nan,2.099366
898,0.973173,0.965866,16.907608,0.203768,-5.392620,2.436766
899,0.942767,0.803791,nan,0.203768,nan,2.307934
900,0.757743,0.685974,15.834391,0.203763,-4.793582,1.931865
901,1.202204,1.242950,nan,0.203763,nan,2.866018
902,0.544700,0.627930,17.122883,0.203760,-6.233177,1.522121
903,0.757695,0.683641,nan,0.203760,nan,1.981282
904,0.852760,0.912211,14.708129,0.203757,-4.047720,2.158281
905,0.995005,1.006993,nan,0.203757,nan,2.437500
906,0.529491,0.447136,16.002777,0.203753,-3.550017,1.451401
907,1.402542,1.249291,nan,0.203753,nan,3.286689
908,1.088906,0.700078,12.567301,0.203749,-3.913438,2.642835
909,1.252952,0.932631,nan,0.203749,nan,2.996795
910,0.742687,0.638348,20.588089,0.203744,-4.111223,1.904209
911,0.882078,0.717336,nan,0.203744,nan,2.208075
912,0.613047,0.626406,16.082771,0.203740,-3.977667,1.669041
913,1.445675,1.300404,nan,0.203740,nan,3.376134
914,1.392299,1.274559,14.206106,0.203734,-3.410089,3.280961
915,1.570456,1.527473,nan,0.203734,nan,3.633581
916,1.438153,1.559871,14.522659,0.203728,-3.415124,3.339568
917,0.767140,0.752527,nan,0.203728,nan,1.983723
918,0.441783,0.553166,15.916369,0.203722,-3.785425,1.283842
919,0.623084,0.644424,nan,0.203722,nan,1.675312
920,0.672833,0.658647,16.834991,0.203714,-2.459684,1.754692
921,0.786739,0.689905,nan,0.203714,nan,1.969758
922,0.887227,0.707891,16.226465,0.203705,-3.016075,2.181140
923,0.516978,0.527678,nan,0.203705,nan,1.435479
924,0.497494,0.481120,18.186344,0.203699,-5.924474,1.410257
925,0.897471,0.818347,nan,0.203699,nan,2.241844
926,0.656747,0.606710,16.980242,0.203691,-2.275003,1.750665
927,0.829806,0.956455,nan,0.203691,nan,2.116328
928,0.702378,0.920182,14.929168,0.203681,-2.075547,1.846427
929,0.820848,0.768918,nan,0.203681,nan,2.071400
930,0.845836,0.847280,18.950314,0.203669,-2.079386,2.101367
931,0.863469,1.060664,nan,0.203669,nan,2.161552
932,0.665997,0.750373,19.381489,0.203658,-4.076644,1.755366
933,0.731202,0.699042,nan,0.203658,nan,1.903087
934,0.642481,0.611630,15.371604,0.203645,-1.040799,1.696597
935,1.013834,1.032750,nan,0.203645,nan,2.472065
936,0.837079,0.818947,16.842663,0.203631,-3.059227,2.137876
937,0.583142,0.660814,nan,0.203631,nan,1.569598
938,0.650307,0.682436,17.857033,0.203618,-3.876850,1.735176
939,0.879792,0.716286,nan,0.203618,nan,2.215256
940,0.752287,0.683563,18.667608,0.203604,-3.081775,1.922792
941,0.737018,0.700830,nan,0.203604,nan,1.908887
942,0.772279,0.775458,18.453922,0.203591,-3.113040,1.983652
943,0.862124,0.855050,nan,0.203591,nan,2.195974
944,0.830776,0.882052,16.749805,0.203576,-2.040220,2.106534
945,1.342070,1.202172,nan,0.203576,nan,3.130394
946,1.113398,1.190521,14.678101,0.203562,-4.105971,2.715200
947,1.362762,1.325764,nan,0.203562,nan,3.200576
948,1.195762,1.189881,16.154436,0.203548,-3.299307,2.858367
949,0.814858,0.756021,nan,0.203548,nan,2.074016
950,0.680705,0.713370,19.072865,0.203534,-3.237332,1.796858
951,0.969448,0.869537,nan,0.203534,nan,2.393248
952,0.685980,0.700364,17.523575,0.203520,-3.514144,1.807950
953,1.166162,1.001863,nan,0.203520,nan,2.784732
954,1.781605,1.718240,15.544050,0.203506,-3.322245,4.055060
955,1.256920,1.364128,nan,0.203506,nan,2.962172
956,1.740341,1.631691,15.216932,0.203492,-2.524118,3.979258
957,1.373865,1.415978,nan,0.203492,nan,3.239053
958,0.816801,0.755551,18.308914,0.203477,-3.061256,2.073600
959,0.869428,0.990225,nan,0.203477,nan,2.197476
960,0.977972,1.379768,18.708157,0.203462,-2.431548,2.422288
961,0.712569,0.573519,nan,0.203462,nan,1.845449
962,0.555401,0.630586,19.330093,0.203447,-3.481492,1.505361
963,0.595556,0.928124,nan,0.203447,nan,1.627186
964,0.802542,0.985744,18.934233,0.203432,-2.802412,2.033338
965,0.586628,0.645538,nan,0.203432,nan,1.589820
966,0.480928,0.611758,16.424368,0.203415,-2.078472,1.355229
967,1.187669,1.377426,nan,0.203415,nan,2.837195
968,1.334239,1.804954,16.515532,0.203399,-3.701131,3.132475
969,1.241576,1.619521,nan,0.203399,nan,2.970147
970,1.123114,1.484251,19.660505,0.203384,-3.827461,2.716245
971,0.624000,0.630109,nan,0.203384,nan,1.674231
972,0.845357,0.807128,16.514009,0.203369,-3.157502,2.142199
973,0.844931,0.728123,nan,0.203369,nan,2.121135
974,0.698805,0.825663,20.193026,0.203353,-2.088691,1.827787
975,0.464988,0.445636,nan,0.203353,nan,1.339164
976,0.596006,0.595559,16.670898,0.203339,-4.732766,1.644220
977,0.483201,0.525647,nan,0.203339,nan,1.375683
978,0.809540,0.885321,17.906178,0.203322,-0.395270,2.073086
979,0.519899,0.524172,nan,0.203322,nan,1.460331
980,0.820295,0.862693,16.534893,0.203305,-3.308789,2.111854
981,0.542114,0.601385,nan,0.203305,nan,1.496838
982,0.675282,0.736901,18.913050,0.203290,-4.656817,1.769374
983,0.711654,0.797096,nan,0.203290,nan,1.859539
984,0.647055,0.681211,15.473425,0.203273,-1.101814,1.743921
985,1.292148,1.453058,nan,0.203273,nan,3.045455
986,1.043495,1.931131,18.541040,0.203256,-3.599663,2.532798
987,1.497262,2.298367,nan,0.203256,nan,3.478535
988,0.747036,1.210968,18.007786,0.203240,-3.586584,1.936079
989,0.531405,0.522790,nan,0.203240,nan,1.452471
990,0.592423,0.661400,19.428625,0.203224,-2.911025,1.601561
991,0.786076,0.706793,nan,0.203224,nan,2.028927
992,0.948998,0.978559,19.222279,0.203208,-3.019473,2.349889
993,0.619548,0.583527,nan,0.203208,nan,1.674841
994,0.675553,0.598539,20.523211,0.203191,-2.027164,1.803863
995,0.791258,0.566150,nan,0.203191,nan,2.019939
996,0.458870,0.498041,17.881687,0.203175,-4.436664,1.327607
997,0.786762,0.538231,nan,0.203175,nan,2.023654
998,0.552237,0.544368,22.221691,0.203160,-3.562429,1.536261
999,0.742365,0.581201,nan,0.203160,nan,1.968494
1000,0.590143,0.604726,20.359932,0.203144,-2.374122,1.579143
1001,1.121408,0.466950,nan,0.203144,nan,2.681305
1002,1.613201,0.879196,18.252022,0.203127,-2.136596,3.693641
1003,0.913869,0.922835,nan,0.203127,nan,2.281405
1004,0.814778,0.794721,21.321815,0.203111,-3.733343,2.088652
1005,0.621311,0.600953,nan,0.203111,nan,1.671388
1006,0.653010,0.717981,18.797058,0.203095,-2.764124,1.738974
1007,1.249848,1.185508,nan,0.203095,nan,2.963348
1008,0.967551,1.491695,16.111435,0.203078,-3.190266,2.362138
1009,1.042776,1.979681,nan,0.203078,nan,2.519780
1010,0.676502,1.381589,20.964127,0.203062,-3.292409,1.741855
1011,0.632367,0.634845,nan,0.203062,nan,1.714138
1012,0.761290,1.238759,22.307137,0.203047,-3.863846,1.975417
1013,0.836162,1.578677,nan,0.203047,nan,2.095181
1014,0.669832,0.969132,20.477951,0.203034,-4.877844,1.751109
1015,1.425618,1.667622,nan,0.203034,nan,3.318487
1016,1.989219,2.805238,16.589436,0.203021,-4.077850,4.465218
1017,1.640125,2.890857,nan,0.203021,nan,3.727887
1018,2.129085,3.494159,18.295485,0.203008,-2.521019,4.755262
1019,1.346395,2.674551,nan,0.203008,nan,3.129158
1020,0.825359,1.562160,19.368607,0.202993,-1.766506,2.077842
1021,0.865714,0.858859,nan,0.202993,nan,2.151291
1022,0.678501,1.058773,20.780100,0.202978,-4.042944,1.762817
1023,0.686059,0.686646,nan,0.202978,nan,1.785025
1024,0.622182,0.711282,19.577059,0.202963,-2.304474,1.641629
1025,0.869032,0.792568,nan,0.202963,nan,2.150501
1026,0.589719,0.790507,19.178823,0.202948,-2.609979,1.584556
1027,0.934607,0.720286,nan,0.202948,nan,2.295264
1028,0.927043,0.604231,20.877548,0.202932,-3.686462,2.335344
1029,0.721441,0.581431,nan,0.202932,nan,1.852207
1030,0.802986,0.701693,17.534510,0.202918,-3.836530,2.057300
1031,1.979922,1.169254,nan,0.202918,nan,4.455044
1032,1.794613,1.144636,15.204428,0.202902,-1.885829,4.070782
1033,1.622371,1.585756,nan,0.202902,nan,3.735082
1034,0.853675,1.346898,21.203457,0.202887,-3.487541,2.176518
1035,0.714318,0.511646,nan,0.202887,nan,1.854236
1036,0.891815,0.753033,19.523277,0.202871,-2.709972,2.239473
1037,1.293455,0.583568,nan,0.202871,nan,3.054754
1038,0.856689,0.441896,17.460884,0.202856,-4.150039,2.136800
1039,0.657245,1.060660,nan,0.202856,nan,1.759874
1040,0.480377,1.073074,20.603893,0.202843,-4.031531,1.332611
1041,0.738665,0.650427,nan,0.202843,nan,1.924091
1042,0.552584,0.806290,22.536247,0.202827,-1.604334,1.496153
1043,1.212723,0.530219,nan,0.202827,nan,2.909933
1044,1.255326,0.597025,21.114920,0.202813,-4.538828,2.975451
1045,0.442364,0.697063,nan,0.202813,nan,1.316940
1046,0.623314,0.739738,20.176624,0.202795,0.284878,1.674951
1047,0.618871,0.826293,nan,0.202795,nan,1.654375
1048,0.939510,0.893370,21.332088,0.202780,-4.717076,2.335365
1049,0.918356,0.943190,nan,0.202780,nan,2.305403
1050,0.892497,1.616686,21.480633,0.202763,-2.232484,2.218442
1051,0.930649,1.848647,nan,0.202763,nan,2.304483
1052,0.658516,1.287552,22.587479,0.202748,-4.335588,1.738970
1053,0.530962,0.813864,nan,0.202748,nan,1.468926
1054,0.636026,1.288405,22.804371,0.202732,-3.227007,1.673846
1055,0.794362,0.736359,nan,0.202732,nan,2.012084
1056,0.492678,0.598428,15.785304,0.202717,-2.626191,1.374913
1057,0.582158,0.945495,nan,0.202717,nan,1.567834
1058,1.020647,0.792434,22.342800,0.202702,-3.963943,2.488056
1059,0.907109,0.682047,nan,0.202702,nan,2.252642
1060,0.665443,0.663277,19.489431,0.202687,-3.204996,1.747883
1061,0.582249,0.778113,nan,0.202687,nan,1.585063
1062,0.642556,0.803771,19.124538,0.202672,-2.436009,1.716110
1063,0.563527,0.473113,nan,0.202672,nan,1.514539
1064,0.673747,0.473620,19.001839,0.202654,-1.198310,1.787683
1065,0.839166,0.704839,nan,0.202654,nan,2.101644
1066,0.582101,0.475738,19.589626,0.202637,-3.414476,1.576656
1067,1.245870,0.686314,nan,0.202637,nan,2.954840
1068,1.039042,0.691789,20.448133,0.202622,-4.663007,2.529875
1069,0.419012,0.426740,nan,0.202622,nan,1.227063
1070,0.687912,0.594189,21.906990,0.202607,-3.457833,1.792948
1071,0.991870,0.711664,nan,0.202607,nan,2.420937
1072,0.685037,0.675053,22.322113,0.202594,-4.996049,1.767002
1073,0.655597,0.721360,nan,0.202594,nan,1.758996
1074,0.768676,0.720790,20.171591,0.202579,-1.503376,1.954823
1075,0.730432,0.781749,nan,0.202579,nan,1.869681
1076,0.773922,0.638099,16.866211,0.202564,-2.743070,2.006871
1077,0.709295,0.926114,nan,0.202564,nan,1.823619
1078,0.528180,0.611814,20.950481,0.202549,-3.655895,1.450516
1079,0.615696,0.625498,nan,0.202549,nan,1.632981
1080,0.497084,0.525221,20.541914,0.202531,-0.465711,1.424873
1081,1.114014,1.039808,nan,0.202531,nan,2.671272
1082,0.657464,0.755640,17.928802,0.202513,-2.473733,1.762485
1083,0.691865,0.714342,nan,0.202513,nan,1.823647
1084,0.719805,0.555804,23.588552,0.202496,-3.649131,1.861475
1085,1.119467,0.890760,nan,0.202496,nan,2.697907
1086,1.032304,0.982484,22.893726,0.202479,-3.083175,2.494559
1087,0.982088,0.937851,nan,0.202479,nan,2.392528
1088,0.661731,0.650081,19.173002,0.202464,-5.382679,1.769083
1089,0.641867,0.656188,nan,0.202464,nan,1.698281
1090,0.633658,0.600399,24.748175,0.202450,-3.286050,1.697347
1091,0.663113,0.956842,nan,0.202450,nan,1.756315
1092,0.745227,0.767189,20.318003,0.202433,-1.027656,1.934968
1093,0.778414,0.554788,nan,0.202433,nan,1.964949
1094,0.505070,0.578581,21.709946,0.202416,-2.510972,1.394202
1095,0.512522,1.101415,nan,0.202416,nan,1.410380
1096,1.498165,1.825062,20.555656,0.202401,-4.747267,3.437248
1097,1.131765,0.826451,nan,0.202401,nan,2.710066
1098,1.577016,1.059482,23.838680,0.202386,-3.361427,3.625020
1099,1.026052,1.343213,nan,0.202386,nan,2.475484
1100,0.864341,0.784660,19.855762,0.202369,-1.414848,2.153095
1101,1.472331,1.556550,nan,0.202369,nan,3.360457
1102,1.655746,1.580788,18.503725,0.202351,-2.271934,3.770193
1103,2.016942,1.613973,nan,0.202351,nan,4.498698
1104,1.214501,1.091691,20.449169,0.202333,-1.941661,2.871133
1105,0.644266,0.583886,nan,0.202333,nan,1.665662
1106,1.403239,1.394849,23.414543,0.202314,-2.433547,3.214043
1107,0.668494,0.640903,nan,0.202314,nan,1.754560
1108,0.912296,0.897773,20.294407,0.202294,-1.976375,2.254024
1109,1.611565,1.867661,nan,0.202294,nan,3.681260
1110,1.186317,1.304364,21.218061,0.202273,-1.680205,2.812698
1111,0.911596,0.869723,nan,0.202273,nan,2.251303
1112,0.850443,0.783723,21.820084,0.202252,-1.548823,2.112496
1113,0.805142,1.074292,nan,0.202252,nan,2.001401
1114,1.056027,1.188783,20.705944,0.202230,-2.635992,2.574105
1115,1.027794,0.850763,nan,0.202230,nan,2.506265
1116,0.953031,1.074014,18.740540,0.202209,-3.363257,2.354502
1117,1.242728,1.393233,nan,0.202209,nan,2.939418
1118,0.999772,1.508396,22.079651,0.202188,-1.859684,2.401939
1119,0.626481,0.673547,nan,0.202188,nan,1.670781
1120,0.967081,1.139482,22.576462,0.202165,-1.473806,2.358554
1121,1.054644,0.710800,nan,0.202165,nan,2.557110
1122,0.941909,0.986769,15.473572,0.202144,-3.281699,2.318921
1123,1.006428,1.158302,nan,0.202144,nan,2.464560
1124,0.792225,0.797797,21.236752,0.202122,-2.450459,1.997910
1125,0.776383,1.012229,nan,0.202122,nan,1.947577
1126,0.910859,1.405478,19.234318,0.202100,-2.008944,2.248328
1127,1.231328,1.081965,nan,0.202100,nan,2.920963
1128,1.980905,2.146000,16.743193,0.202078,-2.297987,4.441090
1129,1.536487,2.072659,nan,0.202078,nan,3.535706
1130,1.083778,1.491296,15.993087,0.202055,-2.298200,2.614860
1131,0.700682,0.793026,nan,0.202055,nan,1.845543
1132,0.870377,1.063052,24.886511,0.202033,-2.587626,2.163550
1133,0.698070,1.103383,nan,0.202033,nan,1.811501
1134,0.889745,0.854142,19.549015,0.202012,-3.474074,2.230054
1135,1.210194,1.982050,nan,0.202012,nan,2.839366
1136,1.601103,2.787625,16.347086,0.201992,-3.023117,3.672093
1137,1.318944,2.805980,nan,0.201992,nan,3.090054
1138,0.869813,1.918172,17.536699,0.201968,0.078866,2.180965
1139,1.063475,1.192430,nan,0.201968,nan,2.550142
1140,1.198096,1.231684,23.234024,0.201947,-3.984537,2.848997
1141,0.852134,1.296710,nan,0.201947,nan,2.153121
1142,0.669946,0.887891,20.119972,0.201925,-1.800047,1.772573
1143,0.823004,1.187650,nan,0.201925,nan,2.073741
1144,1.192971,1.844273,20.898581,0.201904,-4.227476,2.838396
1145,0.831874,1.297179,nan,0.201904,nan,2.117903
1146,0.568547,0.731983,22.657654,0.201884,-2.568079,1.545229
1147,0.954248,1.289347,nan,0.201884,nan,2.357239
1148,0.958972,1.596967,20.811005,0.201863,-2.253515,2.334384
1149,1.004025,0.854369,nan,0.201863,nan,2.427734
1150,0.902847,1.462945,20.204821,0.201841,-1.495710,2.247914
1151,0.863645,1.023134,nan,0.201841,nan,2.157681
1152,1.011840,1.100044,18.893257,0.201818,-1.511182,2.463991
1153,1.053423,1.032809,nan,0.201818,nan,2.560441
1154,0.831445,0.737959,17.262497,0.201797,-4.148841,2.095252
1155,1.092947,1.155741,nan,0.201797,nan,2.620697
1156,0.540872,1.040966,20.162498,0.201777,-3.243159,1.454467
1157,0.704587,0.742806,nan,0.201777,nan,1.841237
1158,0.898887,0.667107,21.257978,0.201757,-2.855490,2.244176
1159,0.851041,0.825072,nan,0.201757,nan,2.142680
1160,0.944912,0.905725,19.436543,0.201735,-0.907126,2.322186
1161,1.031742,0.898723,nan,0.201735,nan,2.506747
1162,0.908408,1.047575,21.767799,0.201713,-1.241358,2.225095
1163,0.879741,0.891615,nan,0.201713,nan,2.221164
1164,0.946467,0.676023,17.834656,0.201689,-1.510976,2.330604
1165,1.076916,0.887730,nan,0.201689,nan,2.601195
1166,0.937068,0.747122,19.332508,0.201666,-3.056420,2.322176
1167,0.927587,0.883838,nan,0.201666,nan,2.306973
1168,1.073162,0.945394,20.460730,0.201644,-3.206823,2.590884
1169,1.142033,0.860412,nan,0.201644,nan,2.704963
1170,1.034859,0.718697,21.397495,0.201621,-0.976932,2.521585
1171,0.808397,0.767452,nan,0.201621,nan,2.055840
1172,0.748283,0.857443,20.603748,0.201596,-1.084955,1.920615
1173,0.844658,0.807141,nan,0.201596,nan,2.108581
1174,0.908953,0.895588,18.450382,0.201571,-1.795107,2.265045
1175,0.896971,0.813006,nan,0.201571,nan,2.203149
1176,0.806508,0.877123,20.020844,0.201549,-4.712440,2.030793
1177,1.990948,0.996250,nan,0.201549,nan,4.443784
1178,2.293459,1.144314,17.792519,0.201527,-2.987583,5.070340
1179,1.600708,1.524087,nan,0.201527,nan,3.650721
1180,0.858415,1.102526,23.162586,0.201506,-3.343929,2.162265
1181,0.829294,0.575932,nan,0.201506,nan,2.104903
1182,0.856519,0.893440,20.842728,0.201486,-2.626419,2.153248
1183,1.133120,0.892350,nan,0.201486,nan,2.717552
1184,1.714897,0.857692,19.260918,0.201467,-4.452678,3.876061
1185,1.273238,1.527061,nan,0.201467,nan,2.988145
1186,0.877565,1.558317,20.850174,0.201446,-0.354844,2.179541
1187,1.137193,0.987372,nan,0.201446,nan,2.725622
1188,1.225013,1.003762,22.160318,0.201424,-2.071643,2.907902
1189,1.635943,1.039198,nan,0.201424,nan,3.755903
1190,1.760427,0.694386,21.643158,0.201403,-3.065171,3.984197
1191,1.028500,0.792837,nan,0.201403,nan,2.518585
1192,0.929301,1.280211,23.404129,0.201380,0.062289,2.313558
1193,1.568627,0.981641,nan,0.201380,nan,3.609483
1194,1.157759,0.805896,20.774500,0.201355,-1.033346,2.781476
1195,1.299589,0.757262,nan,0.201355,nan,3.079065
1196,1.240405,0.588803,19.018761,0.201330,-0.912236,2.918262
1197,1.195971,1.234787,nan,0.201330,nan,2.821351
1198,0.744363,1.181785,20.118671,0.201304,-1.944407,1.896150
1199,0.962671,0.917641,nan,0.201304,nan,2.366004
1200,0.701220,0.712886,19.258224,0.201277,-0.625404,1.793400
1201,2.132345,1.368593,nan,0.201277,nan,4.713857
1202,2.041468,1.430974,18.149992,0.201250,-2.195184,4.568236
1203,1.185949,1.349744,nan,0.201250,nan,2.838367
1204,0.763087,0.873874,21.002769,0.201225,-3.723548,1.980285
1205,1.189859,0.726557,nan,0.201225,nan,2.801341
1206,1.042481,0.912338,20.630581,0.201199,-0.528129,2.526554
1207,1.661901,0.986106,nan,0.201199,nan,3.787880
1208,1.880678,1.034801,18.680664,0.201170,0.550679,4.247127
1209,0.904079,0.985811,nan,0.201170,nan,2.214519
1210,0.925779,0.949790,19.904718,0.201143,-2.826380,2.285724
1211,0.877137,0.695093,nan,0.201143,nan,2.175647
1212,0.784117,1.073509,21.246811,0.201117,-3.102575,1.978619
1213,0.818192,0.667080,nan,0.201117,nan,2.047614
1214,0.775860,0.890050,20.334190,0.201090,-1.692905,1.956374
1215,0.714146,0.724331,nan,0.201090,nan,1.847732
1216,0.945817,0.833709,22.248075,0.201064,-1.626485,2.329996
1217,0.772417,0.652753,nan,0.201064,nan,1.952532
1218,0.890844,0.846722,19.425318,0.201037,-1.849027,2.216958
1219,0.581576,0.511265,nan,0.201037,nan,1.571734
1220,1.021171,0.806887,22.807800,0.201010,-1.180138,2.504852
1221,1.010766,1.067809,nan,0.201010,nan,2.433956
1222,1.013678,0.870683,16.673445,0.200983,-2.117309,2.468685
1223,1.973450,1.680796,nan,0.200983,nan,4.421111
1224,3.402501,2.543947,18.138000,0.200958,-3.710536,7.281736
1225,2.916187,2.739388,nan,0.200958,nan,6.299428
1226,2.342601,2.461095,16.936634,0.200931,-0.871892,5.158269
1227,1.044730,1.316145,nan,0.200931,nan,2.519101
1228,0.698052,0.646652,24.246059,0.200905,-1.351908,1.804110
1229,2.136414,2.438204,nan,0.200905,nan,4.759819
1230,1.650732,2.042855,23.566040,0.200877,-0.440005,3.784888
1231,0.889314,0.765184,nan,0.200877,nan,2.212385
1232,1.140944,1.262895,16.017418,0.200849,-1.736780,2.746091
1233,2.112551,2.207995,nan,0.200849,nan,4.653483
1234,2.524480,2.372157,13.537132,0.200821,-1.479889,5.530367
1235,2.473631,2.341552,nan,0.200821,nan,5.409904
1236,2.304639,2.262900,18.359114,0.200795,-4.043414,5.083900
1237,1.065591,1.073481,nan,0.200795,nan,2.542550
1238,1.269304,1.227741,23.307678,0.200767,0.048752,2.957400
1239,0.942647,0.773382,nan,0.200767,nan,2.340974
1240,0.983839,0.997807,19.690792,0.200738,-0.325557,2.418343
1241,1.200082,1.086445,nan,0.200738,nan,2.867624
1242,1.680680,1.238931,17.760010,0.200710,-2.059272,3.829105
1243,0.828889,0.850008,nan,0.200710,nan,2.091766
1244,1.238580,1.081268,19.792576,0.200682,-1.493078,2.915700
1245,0.957305,0.959400,nan,0.200682,nan,2.340134
1246,1.088108,0.893822,18.434315,0.200653,-1.804339,2.614061
1247,0.949917,0.875674,nan,0.200653,nan,2.324022
1248,0.825226,0.869359,20.561085,0.200625,-1.532050,2.083239
1249,0.956790,0.816884,nan,0.200625,nan,2.369716
1250,0.973903,1.037377,18.531988,0.200596,-1.226902,2.380529
1251,0.915747,0.831639,nan,0.200596,nan,2.251094
1252,1.263290,1.124146,20.370527,0.200567,-0.926395,2.963417
1253,1.135897,1.016350,nan,0.200567,nan,2.714789
1254,0.985460,1.180798,20.336493,0.200538,-1.842606,2.421645
1255,1.318929,1.286326,nan,0.200538,nan,3.071638
1256,1.102956,1.321847,22.463665,0.200510,-1.911584,2.652128
1257,1.126102,1.131803,nan,0.200510,nan,2.721302
1258,0.963916,1.046225,19.297144,0.200481,-1.520574,2.380335
1259,2.094751,2.183586,nan,0.200481,nan,4.667064
1260,2.113884,2.527035,17.798994,0.200453,-2.003061,4.720257
1261,2.154866,3.200814,nan,0.200453,nan,4.799752
1262,1.191705,2.130841,19.354576,0.200424,-1.185750,2.812581
1263,1.072431,0.835357,nan,0.200424,nan,2.578307
1264,1.007235,1.451123,17.799677,0.200394,0.876541,2.442780
1265,1.385367,1.169803,nan,0.200394,nan,3.230378
1266,0.922045,0.657616,19.958557,0.200362,0.353676,2.260416
1267,1.030488,1.508124,nan,0.200362,nan,2.484618
1268,0.882684,1.288946,19.318748,0.200331,-2.809075,2.199422
1269,0.967391,0.888828,nan,0.200331,nan,2.390397
1270,0.955190,0.710746,20.215229,0.200301,-1.535556,2.339631
1271,0.846830,0.705973,nan,0.200301,nan,2.128198
1272,0.895769,0.886600,17.523472,0.200270,-0.678216,2.241229
1273,0.853346,0.825893,nan,0.200270,nan,2.147726
1274,0.914431,0.597312,22.891796,0.200240,-2.602566,2.281301
1275,1.112976,1.140310,nan,0.200240,nan,2.667253
1276,0.740108,0.680522,17.956230,0.200210,-0.184960,1.912698
1277,2.435140,1.825804,nan,0.200210,nan,5.354572
1278,2.576891,1.755077,14.151531,0.200179,-1.165991,5.633795
1279,2.630637,1.800115,nan,0.200179,nan,5.740618
1280,1.456020,1.357185,18.610394,0.200149,-2.460222,3.386200
1281,0.810126,0.663065,nan,0.200149,nan,2.037022
1282,0.961628,0.808732,18.038998,0.200119,-0.392414,2.348231
1283,1.613046,1.280314,nan,0.200119,nan,3.699833
1284,1.517095,1.410104,17.509808,0.200091,-3.857401,3.514557
1285,1.155265,1.304871,nan,0.200091,nan,2.797729
1286,1.134515,0.969124,22.430260,0.200062,-0.785400,2.730178
1287,0.919761,1.098591,nan,0.200062,nan,2.283075
1288,1.015326,0.833416,15.514273,0.200032,-0.290568,2.465397
1289,1.299019,1.201834,nan,0.200032,nan,3.056405
1290,2.196383,1.824628,15.461551,0.200002,-1.225861,4.891280
1291,1.736753,1.751370,nan,0.200002,nan,3.948126
1292,1.700627,1.851487,17.087086,0.199973,-1.969181,3.878414
1293,0.887424,0.992721,nan,0.199973,nan,2.195529
1294,0.798423,0.585849,21.285950,0.199943,-1.198559,2.019521
1295,0.690774,1.080511,nan,0.199943,nan,1.825953
1296,0.980716,0.815469,17.868015,0.199913,-0.593434,2.414081
1297,1.141685,1.579484,nan,0.199913,nan,2.732228
1298,1.521316,2.115055,14.449406,0.199882,-0.166865,3.506346
1299,1.646158,1.812105,nan,0.199882,nan,3.754951
1300,1.026017,1.098974,21.328939,0.199854,-4.481936,2.482492
1301,0.788059,1.199749,nan,0.199854,nan,2.002472
1302,0.956221,1.095130,18.012846,0.199826,-1.232582,2.350115
1303,1.239530,1.120920,nan,0.199826,nan,2.959230
1304,2.107302,2.230622,16.020561,0.199798,-1.678908,4.681074
1305,2.121779,2.039054,nan,0.199798,nan,4.709259
1306,1.849691,1.696031,17.334173,0.199772,-3.623653,4.172904
1307,0.838177,0.873091,nan,0.199772,nan,2.104831
1308,0.573302,0.608494,19.187130,0.199744,-0.082919,1.563185
1309,0.682754,0.662260,nan,0.199744,nan,1.791654
1310,1.057164,0.967825,18.633011,0.199717,-1.950868,2.573556
1311,0.913576,0.879895,nan,0.199717,nan,2.272853
1312,1.067989,0.822280,20.282806,0.199691,-2.941093,2.588354
1313,0.909307,0.823159,nan,0.199691,nan,2.253233
1314,0.780843,0.858142,17.574986,0.199666,-2.553177,1.971106
1315,1.128359,1.123286,nan,0.199666,nan,2.673070
1316,1.162692,0.899119,15.975124,0.199639,-0.195219,2.760397
1317,0.963756,1.023619,nan,0.199639,nan,2.384781
1318,0.953404,0.938127,17.811440,0.199612,-0.497047,2.355288
1319,1.505459,1.385246,nan,0.199612,nan,3.448913
1320,2.112659,1.781673,14.314785,0.199582,0.968728,4.689463
1321,1.836812,1.695768,nan,0.199582,nan,4.148174
1322,1.350455,1.452879,17.829418,0.199552,-0.229778,3.123787
1323,1.025402,0.922791,nan,0.199552,nan,2.491488
1324,1.566438,1.761362,21.932701,0.199521,-1.624283,3.566548
1325,1.467779,1.564780,nan,0.199521,nan,3.377476
1326,1.040344,0.874193,13.807220,0.199493,-2.473324,2.537366
1327,3.799014,3.612318,nan,0.199493,nan,8.073883
1328,5.061890,5.024349,8.380984,0.199463,-1.150259,10.607353
1329,5.271481,5.541274,nan,0.199463,nan,11.030075
1330,3.813697,4.224942,6.283440,0.199433,-0.058711,8.108818
1331,4.720049,4.838701,nan,0.199433,nan,9.936018
1332,4.420628,4.106975,11.178955,0.199404,-1.752338,9.333250
1333,2.948103,2.760108,nan,0.199404,nan,6.373241
1334,2.066904,2.143538,18.774971,0.199374,-0.755661,4.622114
1335,0.757274,0.714750,nan,0.199374,nan,1.923279
1336,1.542838,1.921875,19.714470,0.199343,-0.181066,3.522958
1337,0.919679,0.890474,nan,0.199343,nan,2.272442
1338,1.130489,0.985619,15.907611,0.199312,-1.651427,2.706189
1339,1.713633,1.895759,nan,0.199312,nan,3.894752
1340,1.660226,1.587265,15.150049,0.199283,-1.729115,3.792753
1341,1.707956,1.291200,nan,0.199283,nan,3.890474
1342,1.036129,0.725163,17.691116,0.199253,-1.905442,2.495417
1343,1.250417,1.091342,nan,0.199253,nan,2.983219
1344,1.274402,1.043872,17.019371,0.199226,-2.975648,2.989962
1345,1.350664,1.205954,nan,0.199226,nan,3.139585
1346,2.208044,1.686308,13.283024,0.199199,-2.320031,4.905073
1347,1.872591,1.636770,nan,0.199199,nan,4.214599
1348,1.433990,1.377292,13.952379,0.199171,-0.171914,3.317165
1349,1.020710,0.919235,nan,0.199171,nan,2.491932
1350,0.515535,0.815939,17.544327,0.199143,-1.120943,1.444634
1351,1.090801,0.849560,nan,0.199143,nan,2.582729
1352,0.492088,0.460910,18.636826,0.199115,-2.562044,1.385456
1353,0.776255,0.714684,nan,0.199115,nan,1.971178
1354,1.067982,1.104806,18.152876,0.199090,-3.339007,2.573251
1355,1.610667,0.988622,nan,0.199090,nan,3.666752
1356,1.731416,1.298746,15.122427,0.199066,-3.647608,3.943441
1357,1.216104,1.212830,nan,0.199066,nan,2.887442
1358,0.976980,0.861631,18.912413,0.199042,-2.435663,2.388211
1359,1.054362,1.011192,nan,0.199042,nan,2.546528
1360,0.856702,1.033269,15.040741,0.199016,1.646576,2.158992
1361,1.071422,1.198144,nan,0.199016,nan,2.587141
1362,0.906509,0.881148,15.491226,0.198990,-2.271289,2.222827
1363,1.139554,1.044282,nan,0.198990,nan,2.717744
1364,1.244323,1.102480,16.347212,0.198964,-0.426338,2.944587
1365,0.910282,0.889501,nan,0.198964,nan,2.288568
1366,0.779318,0.827424,15.277918,0.198936,0.064328,1.990830
1367,0.723451,0.683696,nan,0.198936,nan,1.879470
1368,0.990315,0.836365,14.340451,0.198908,-1.957070,2.432630
1369,1.290487,1.182399,nan,0.198908,nan,3.027619
1370,1.123224,0.917157,17.008799,0.198882,-2.719853,2.728185
1371,1.183922,0.889256,nan,0.198882,nan,2.836479
1372,1.105637,1.199676,15.032278,0.198855,-0.642097,2.646074
1373,1.047708,0.879200,nan,0.198855,nan,2.561579
1374,1.018261,0.778360,17.201563,0.198825,1.147907,2.494179
1375,0.911162,0.733848,nan,0.198825,nan,2.281660
1376,0.896593,0.811587,12.294655,0.198797,-2.446820,2.233035
1377,2.225237,2.241693,nan,0.198797,nan,4.941101
1378,2.913963,2.767705,9.434594,0.198767,0.688850,6.310481
1379,3.171473,2.911966,nan,0.198767,nan,6.821769
1380,2.376300,2.414997,10.911499,0.198737,-0.742279,5.230773
1381,1.910308,2.015021,nan,0.198737,nan,4.293572
1382,1.074997,1.072066,15.453455,0.198708,-2.036197,2.600198
1383,0.765173,0.778174,nan,0.198708,nan,1.940087
1384,1.032385,1.056473,13.662023,0.198678,0.630567,2.522857
1385,1.008179,1.009378,nan,0.198678,nan,2.462549
1386,1.359536,1.435242,11.553941,0.198646,-0.068918,3.172211
1387,2.526803,2.401069,nan,0.198646,nan,5.543848
1388,2.868965,2.584865,11.825710,0.198616,-2.620173,6.225297
1389,1.765250,1.359687,nan,0.198616,nan,4.009870
1390,1.268412,1.173806,15.379601,0.198587,-1.735346,2.951905
1391,1.269728,1.029154,nan,0.198587,nan,3.009436
1392,1.309159,1.233059,15.205428,0.198559,-3.038011,3.070082
1393,1.170307,0.993798,nan,0.198559,nan,2.769299
1394,1.769730,1.293800,11.102120,0.198531,-0.508148,4.017110
1395,1.554623,1.230277,nan,0.198531,nan,3.593488
1396,0.959875,0.982407,14.312157,0.198503,-1.375175,2.365688
1397,0.731532,0.799053,nan,0.198503,nan,1.854192
1398,0.867572,1.087242,14.152502,0.198475,-2.009698,2.166678
1399,0.677308,0.624409,nan,0.198475,nan,1.775065
1400,0.872436,0.781135,14.711239,0.198448,-1.848778,2.195276
1401,0.814870,0.857005,nan,0.198448,nan,2.053148
1402,0.817744,0.905323,16.839870,0.198422,-2.807357,2.079605
1403,1.074177,1.023571,nan,0.198422,nan,2.605374
1404,0.791325,0.881654,12.575216,0.198397,-2.046679,2.007565
1405,1.271259,1.489188,nan,0.198397,nan,2.986810
1406,1.748597,2.150983,12.959232,0.198372,-2.253028,3.963428
1407,1.619014,1.999419,nan,0.198372,nan,3.695066
1408,1.367363,1.591806,13.599689,0.198346,-0.854164,3.188603
1409,1.348603,0.930177,nan,0.198346,nan,3.146965
1410,0.905917,0.930794,14.427074,0.198320,0.208644,2.236898
1411,0.928472,0.801869,nan,0.198320,nan,2.301240
1412,0.638471,0.812500,13.946490,0.198291,0.268443,1.689237
1413,1.034739,1.043211,nan,0.198291,nan,2.483236
1414,0.555629,0.551357,11.418316,0.198263,-0.899438,1.522568
1415,0.765090,0.694299,nan,0.198263,nan,1.948530
1416,0.886042,0.681013,14.925974,0.198234,-1.251841,2.192353
1417,0.522515,0.614220,nan,0.198234,nan,1.427691
1418,1.519730,1.164784,12.537138,0.198205,-0.326398,3.509202
1419,1.720033,1.225638,nan,0.198205,nan,3.913141
1420,1.346605,1.284163,11.077156,0.198177,-2.017800,3.152174
1421,1.248192,1.279971,nan,0.198177,nan,2.944797
1422,1.174054,0.927496,14.153955,0.198148,-0.085412,2.817569
1423,0.897144,0.747096,nan,0.198148,nan,2.217268
1424,0.848669,0.810582,12.999375,0.198118,0.529652,2.115616
1425,1.284999,1.310981,nan,0.198118,nan,3.016184
1426,1.645875,1.220617,11.856196,0.198087,-0.799276,3.730521
1427,1.131391,0.920270,nan,0.198087,nan,2.671489
1428,0.680580,0.625555,13.530754,0.198057,-0.767069,1.778092
1429,0.946636,0.894251,nan,0.198057,nan,2.333385
1430,0.794435,0.811670,14.385895,0.198027,-2.297904,2.033710
1431,0.877774,0.967763,nan,0.198027,nan,2.210956
1432,0.857979,0.921371,10.961452,0.197998,-1.397736,2.161080
1433,2.186709,2.070580,nan,0.197998,nan,4.847947
1434,2.846636,2.851979,7.439794,0.197969,-0.461262,6.176366
1435,3.248530,3.075693,nan,0.197969,nan,6.979239
1436,2.985876,2.864672,7.220798,0.197937,1.876900,6.453583
1437,1.987468,2.044998,nan,0.197937,nan,4.428374
1438,1.925249,2.020059,11.458072,0.197904,1.003497,4.325288
1439,1.160822,1.278407,nan,0.197904,nan,2.720802
1440,1.210145,1.182875,15.092402,0.197872,-1.583886,2.871063
1441,0.964748,1.077947,nan,0.197872,nan,2.379203
1442,0.764441,0.678409,12.607196,0.197840,-0.263716,1.965544
1443,1.047301,0.980451,nan,0.197840,nan,2.535124
1444,1.150759,1.001939,11.330549,0.197808,-0.880870,2.757294
1445,1.389979,1.224250,nan,0.197808,nan,3.232946
1446,0.892010,1.133152,13.446266,0.197776,-0.561096,2.222798
1447,0.931132,0.884098,nan,0.197776,nan,2.301786
1448,1.033802,0.992508,10.432662,0.197743,-0.120855,2.521285
1449,1.017778,0.839042,nan,0.197743,nan,2.468254
1450,1.760730,1.648166,9.809239,0.197711,-1.019156,3.995919
1451,1.617336,1.648769,nan,0.197711,nan,3.698718
1452,1.263709,1.183207,12.532539,0.197681,-2.233006,2.967034
1453,0.791545,0.715590,nan,0.197681,nan,2.012327
1454,1.301346,1.152078,13.122562,0.197651,-1.564250,3.044424
1455,0.930920,0.858295,nan,0.197651,nan,2.315177
1456,0.929546,0.864237,12.558889,0.197621,-0.729753,2.260956
1457,0.941890,0.881421,nan,0.197621,nan,2.321365
1458,1.555736,1.206038,12.979088,0.197590,-0.431577,3.536553
1459,1.138303,1.010511,nan,0.197590,nan,2.682705
1460,0.853149,0.807307,13.832401,0.197560,-0.488496,2.146577
1461,0.905269,0.838681,nan,0.197560,nan,2.237727
1462,1.169493,1.269356,11.428797,0.197529,-0.169394,2.765625
1463,1.715792,1.586359,nan,0.197529,nan,3.888942
1464,1.470568,1.915762,10.256703,0.197498,-1.253659,3.391026
1465,1.525774,2.069454,nan,0.197498,nan,3.515471
1466,0.876718,1.349445,11.497195,0.197468,-0.989151,2.206171
1467,0.756961,0.667674,nan,0.197468,nan,1.899236
1468,0.723730,0.814905,9.647088,0.197438,-1.145675,1.827207
1469,1.873475,1.663858,nan,0.197438,nan,4.208488
1470,1.501625,1.646559,9.184950,0.197409,-2.090475,3.468528
1471,1.478340,1.511084,nan,0.197409,nan,3.409217
1472,1.767954,1.603010,12.726519,0.197380,-0.643044,3.986980
1473,1.127183,1.092096,nan,0.197380,nan,2.699141
1474,0.989484,0.778008,15.176903,0.197351,-2.113009,2.407096
1475,0.829814,0.845986,nan,0.197351,nan,2.044293
1476,0.824454,0.860948,12.413605,0.197323,-0.325449,2.065761
1477,1.902529,1.394982,nan,0.197323,nan,4.271179
1478,2.401476,1.775981,9.028165,0.197293,0.372620,5.276958
1479,2.103083,2.101612,nan,0.197293,nan,4.663832
1480,1.880038,2.256070,11.732412,0.197265,-2.902641,4.215565
1481,1.238945,1.758123,nan,0.197265,nan,2.903418
1482,1.341812,1.407507,13.075438,0.197236,-0.109882,3.129835
1483,1.235287,1.319190,nan,0.197236,nan,2.933280
1484,0.982683,1.319740,13.409506,0.197208,-1.833738,2.392088
1485,0.787496,0.738987,nan,0.197208,nan,1.998728
1486,1.177519,1.339658,11.036769,0.197181,-2.692566,2.773848
1487,0.589596,1.068215,nan,0.197181,nan,1.570570
1488,0.869613,0.890890,11.777058,0.197153,0.088243,2.165870
1489,0.936799,0.904231,nan,0.197153,nan,2.302900
1490,0.650573,1.027855,12.614491,0.197125,-0.765191,1.700094
1491,0.766653,0.917353,nan,0.197125,nan,1.896546
1492,0.881398,0.812695,10.901541,0.197098,-1.794830,2.183285
1493,1.405484,1.171054,nan,0.197098,nan,3.247690
1494,1.338947,1.267835,11.176937,0.197072,-2.847939,3.115916
1495,0.895384,0.882587,nan,0.197072,nan,2.209301
1496,0.982999,1.125795,12.843405,0.197044,0.864135,2.395457
1497,0.666418,0.828076,nan,0.197044,nan,1.714090
1498,0.830026,0.840289,10.041269,0.197017,-1.362676,2.090851
1499,0.852892,0.987548,nan,0.197017,nan,2.139957
1500,0.870173,1.207642,10.832685,0.196991,-2.139868,2.165738
1501,0.983509,1.041084,nan,0.196991,nan,2.366986
1502,0.822398,0.973039,14.351932,0.196964,-1.010379,2.043712
1503,0.878978,1.182267,nan,0.196964,nan,2.191309
1504,0.834319,0.769481,13.716238,0.196937,-0.683657,2.109959
1505,0.960289,1.069480,nan,0.196937,nan,2.357111
1506,0.714642,0.809786,9.902590,0.196910,-1.483552,1.819518
1507,1.394031,1.152844,nan,0.196910,nan,3.250315
1508,1.339229,1.038318,12.247051,0.196882,1.467123,3.133571
1509,0.663866,0.757100,nan,0.196882,nan,1.749994
1510,1.161779,0.836004,12.543658,0.196852,0.095131,2.771590
1511,1.238059,1.178161,nan,0.196852,nan,2.889611
1512,1.553735,1.301099,10.024773,0.196823,-0.422600,3.550640
1513,1.378918,1.184067,nan,0.196823,nan,3.222377
1514,1.006691,1.063250,11.281118,0.196794,-2.000492,2.425126
1515,0.610196,0.603223,nan,0.196794,nan,1.623477
1516,0.671141,0.914786,12.267920,0.196763,1.978748,1.785574
1517,1.579715,0.981025,nan,0.196763,nan,3.614035
1518,1.407225,0.903660,10.425502,0.196733,-0.993907,3.268052
1519,0.736297,0.867765,nan,0.196733,nan,1.874077
1520,0.738273,0.961521,12.237049,0.196704,-1.973229,1.855342
1521,1.495764,0.903834,nan,0.196704,nan,3.420930
1522,0.621121,0.665429,12.292517,0.196673,1.021031,1.600874
1523,1.452175,0.879604,nan,0.196673,nan,3.367627
1524,1.376408,0.909206,9.980291,0.196644,-2.177039,3.171910
1525,0.918382,1.027357,nan,0.196644,nan,2.253023
1526,1.045084,1.157233,13.360853,0.196614,-0.817485,2.526898
1527,0.703898,0.846656,nan,0.196614,nan,1.823660
1528,0.725191,0.749909,14.979523,0.196585,-0.459950,1.905522
1529,1.136147,1.159347,nan,0.196585,nan,2.727186
1530,0.797899,0.766582,12.571015,0.196558,-3.470379,1.988311
1531,1.156022,1.460150,nan,0.196558,nan,2.745609
1532,0.959338,1.571522,11.764898,0.196530,-0.900238,2.340589
1533,1.074961,1.281261,nan,0.196530,nan,2.578366
1534,0.908775,1.052890,13.266223,0.196502,-0.342953,2.234017
1535,1.008417,1.160995,nan,0.196502,nan,2.459769
1536,0.912117,0.873334,10.931322,0.196473,0.775970,2.271739
1537,0.856431,0.840015,nan,0.196473,nan,2.124249
1538,0.718039,0.735523,9.655856,0.196444,-0.641409,1.856408
1539,1.255266,0.997449,nan,0.196444,nan,2.959605
1540,0.625786,0.879214,13.911848,0.196416,-1.808134,1.671582
1541,0.973647,0.927889,nan,0.196416,nan,2.379335
1542,0.833915,0.728545,11.757160,0.196387,-1.057567,2.091051
1543,1.443521,1.085091,nan,0.196387,nan,3.341259
1544,0.978411,0.661196,13.564384,0.196359,-0.303771,2.387438
1545,1.151708,1.078097,nan,0.196359,nan,2.763811
1546,0.860391,0.950605,11.819897,0.196330,-0.721360,2.165504
1547,1.192083,0.851395,nan,0.196330,nan,2.805983
1548,1.328576,1.189149,10.928003,0.196301,0.326709,3.090606
1549,1.127095,1.055521,nan,0.196301,nan,2.695194
1550,1.222734,1.246235,11.383429,0.196272,-1.403648,2.892362
1551,0.963537,0.874763,nan,0.196272,nan,2.357743
1552,0.827026,0.949977,12.747446,0.196244,-2.239466,2.081826
1553,0.918743,0.974050,nan,0.196244,nan,2.293295
1554,0.629467,0.545436,11.544312,0.196216,0.317296,1.658612
1555,1.035749,0.606541,nan,0.196216,nan,2.483761
1556,1.104294,0.911112,12.973994,0.196188,-1.665795,2.645790
1557,0.857784,0.964004,nan,0.196188,nan,2.167961
1558,1.296025,0.758646,14.003399,0.196161,-2.134923,3.050541
1559,1.039304,0.891219,nan,0.196161,nan,2.511814
1560,0.862040,0.759678,10.853266,0.196134,-0.963068,2.199430
1561,0.994360,0.688675,nan,0.196134,nan,2.366808
1562,1.099536,1.129123,9.662654,0.196107,-0.533347,2.604165
1563,0.958283,1.178304,nan,0.196107,nan,2.337858
1564,0.868265,0.896637,14.437044,0.196078,0.795868,2.163026
1565,1.103640,1.442533,nan,0.196078,nan,2.613428
1566,1.210013,1.455285,12.439651,0.196049,0.328066,2.857200
1567,1.067495,1.276376,nan,0.196049,nan,2.581443
1568,1.159048,1.345877,9.693237,0.196020,-0.360491,2.735594
1569,1.026879,1.155991,nan,0.196020,nan,2.443141
1570,1.500171,1.716382,11.863994,0.195991,-1.020147,3.467402
1571,0.777420,0.831150,nan,0.195991,nan,1.951909
1572,0.559282,0.649910,11.777302,0.195963,-2.430774,1.517797
1573,0.394805,0.505280,nan,0.195963,nan,1.170024
1574,0.554555,0.664305,9.173358,0.195934,0.484122,1.542533
1575,1.245694,1.380925,nan,0.195934,nan,2.957357
1576,1.684660,1.569572,11.060118,0.195906,-1.021623,3.849009
1577,1.274690,1.217444,nan,0.195906,nan,2.999817
1578,0.746616,0.812451,12.414373,0.195878,-2.427233,1.897119
1579,0.963632,0.997807,nan,0.195878,nan,2.363914
1580,0.850506,1.168245,13.197515,0.195850,0.667076,2.160630
1581,0.701842,0.686022,nan,0.195850,nan,1.839613
1582,0.746658,0.838033,8.782194,0.195821,-0.065120,1.894816
1583,0.834944,1.174522,nan,0.195821,nan,2.102799
1584,0.678796,0.696753,14.160521,0.195792,0.049321,1.806694
1585,0.569746,0.743837,nan,0.195792,nan,1.511749
1586,0.566296,0.665209,10.140158,0.195763,-0.694780,1.527439
1587,1.280534,1.508162,nan,0.195763,nan,3.030090
1588,1.460722,1.716671,6.810413,0.195733,-0.513101,3.342314
1589,1.607908,1.609122,nan,0.195733,nan,3.672726
1590,1.301975,1.242413,7.681455,0.195704,0.409560,3.064174
1591,0.710387,0.668459,nan,0.195704,nan,1.860458
1592,0.540962,0.590407,11.526006,0.195675,-2.471650,1.491058
1593,0.759738,0.638549,nan,0.195675,nan,1.945616
1594,0.347138,0.436135,10.728287,0.195647,-1.302960,1.082179
1595,0.571777,0.662246,nan,0.195647,nan,1.544966
1596,0.647417,0.700307,10.735765,0.195619,-0.599214,1.686285
1597,1.015038,1.058870,nan,0.195619,nan,2.466268
1598,0.825529,0.980190,5.027258,0.195590,-0.254744,2.081414
1599,1.389084,1.833776,nan,0.195590,nan,3.255730
1600,0.786610,1.085997,9.133923,0.195561,0.055845,2.028526
1601,0.637351,0.786059,nan,0.195561,nan,1.717346
1602,0.756150,1.036238,11.349474,0.195532,0.254024,1.923613
1603,0.491512,0.906967,nan,0.195532,nan,1.420148
1604,0.465644,0.683144,6.566146,0.195501,1.101672,1.296317
1605,1.124334,1.262518,nan,0.195501,nan,2.683167
1606,1.105857,1.376362,5.285897,0.195471,-0.150766,2.655769
1607,1.495402,1.701868,nan,0.195471,nan,3.418504
1608,1.554576,1.980944,7.982228,0.195439,1.549782,3.579582
1609,0.738431,0.966679,nan,0.195439,nan,1.894756
1610,0.560562,0.790210,10.805508,0.195407,-0.308057,1.527533
1611,0.769033,1.255222,nan,0.195407,nan,1.947038
1612,0.739884,1.370465,8.832179,0.195376,-1.036550,1.883071
1613,0.527174,0.603830,nan,0.195376,nan,1.437006
1614,0.685994,0.697125,8.522125,0.195347,-3.545067,1.812663
1615,0.465478,1.123398,nan,0.195347,nan,1.354486
1616,0.567562,1.126365,8.424725,0.195318,-0.302071,1.546248
1617,0.618893,0.686262,nan,0.195318,nan,1.642974
1618,0.620147,1.185664,9.970667,0.195289,-0.859577,1.647367
1619,0.554972,0.680859,nan,0.195289,nan,1.538267
1620,0.762119,0.855129,8.037368,0.195261,-1.446348,1.966079
1621,1.249865,0.777968,nan,0.195261,nan,2.960596
1622,1.419927,0.738391,8.345051,0.195231,1.883175,3.310986
1623,1.000986,0.794412,nan,0.195231,nan,2.430444
1624,0.591215,0.548739,9.038919,0.195202,-1.112454,1.572900
1625,0.588683,0.518077,nan,0.195202,nan,1.583429
1626,0.611195,0.553992,8.200274,0.195172,0.421952,1.638902
1627,0.515893,0.426269,nan,0.195172,nan,1.440588
1628,0.463512,0.642164,11.430147,0.195143,-1.420586,1.344895
1629,0.905895,0.614961,nan,0.195143,nan,2.278579
1630,0.480954,0.539906,9.513841,0.195115,-1.918172,1.360854
1631,0.756181,0.663940,nan,0.195115,nan,1.933476
1632,1.295630,0.584326,8.633574,0.195087,-0.196466,3.058760
1633,0.649349,0.963444,nan,0.195087,nan,1.700922
1634,0.447565,0.820469,6.967094,0.195057,1.879321,1.292791
1635,0.507226,0.986236,nan,0.195057,nan,1.393752
1636,0.459087,0.617765,9.355953,0.195025,1.378431,1.360024
1637,0.343429,0.758998,nan,0.195025,nan,1.068494
1638,0.505287,0.653334,8.411542,0.194994,-0.367537,1.428936
1639,0.374977,0.534096,nan,0.194994,nan,1.176152
1640,0.440799,0.574807,6.753169,0.194964,-1.326469,1.287983
1641,0.689809,0.559841,nan,0.194964,nan,1.793214
1642,0.388716,0.422579,7.912123,0.194934,-0.480705,1.194962
1643,0.883021,0.446054,nan,0.194934,nan,2.222545
1644,0.960923,0.584637,9.405777,0.194905,-1.365366,2.379949
1645,0.613087,0.431818,nan,0.194905,nan,1.670146
1646,0.576518,0.626312,7.497955,0.194875,0.237147,1.611953
1647,1.221963,0.659390,nan,0.194875,nan,2.912550
1648,1.785795,0.697231,7.268402,0.194844,1.668121,4.056428
1649,1.553138,0.460608,nan,0.194844,nan,3.564955
1650,0.850757,0.617013,6.893066,0.194813,0.261476,2.149015
1651,0.676331,0.512736,nan,0.194813,nan,1.792864
1652,0.746790,0.713301,6.129203,0.194782,-0.635336,1.943592
1653,0.674027,0.379505,nan,0.194782,nan,1.799871
1654,0.811069,0.395814,6.428315,0.194752,-0.242984,2.054825
1655,0.698509,0.556906,nan,0.194752,nan,1.823180
1656,0.479391,0.520060,7.277196,0.194723,-3.570296,1.344035
1657,0.329675,0.384608,nan,0.194723,nan,1.051623
1658,0.462723,0.536979,6.320376,0.194693,2.994620,1.327323
1659,0.550042,0.475303,nan,0.194693,nan,1.516606
1660,0.472415,0.462744,7.737292,0.194661,1.695528,1.379442
1661,0.552476,0.473319,nan,0.194661,nan,1.548154
1662,0.638757,0.617268,7.278994,0.194627,2.738340,1.714356
1663,0.873445,0.838015,nan,0.194627,nan,2.226927
1664,0.414908,0.502388,7.536461,0.194593,0.748726,1.242284
1665,0.407478,0.244417,nan,0.194593,nan,1.209026
1666,0.507878,0.409087,7.117400,0.194561,-1.661172,1.468755
1667,1.063275,0.512782,nan,0.194561,nan,2.599668
1668,1.114679,0.504522,5.596784,0.194527,2.383161,2.679936
1669,0.920497,0.500908,nan,0.194527,nan,2.287261
1670,0.391415,0.345086,8.532713,0.194494,-0.231406,1.192288
1671,1.307656,0.726983,nan,0.194494,nan,3.086367
1672,1.429028,0.820096,8.069370,0.194462,-0.714623,3.358326
1673,0.529357,0.522046,nan,0.194462,nan,1.489591
1674,0.742174,0.440751,6.472248,0.194428,1.634732,1.906785
1675,0.584857,0.396748,nan,0.194428,nan,1.596677
1676,0.446451,0.447308,7.728555,0.194395,-0.812084,1.293373
1677,1.127700,0.609435,nan,0.194395,nan,2.744399
1678,0.637516,0.555700,4.998509,0.194363,-0.009485,1.701678
1679,0.961348,0.661032,nan,0.194363,nan,2.366812
1680,0.873456,0.604622,4.012489,0.194330,0.752632,2.141674
1681,1.125368,0.845419,nan,0.194330,nan,2.697951
1682,0.902170,0.811831,6.994921,0.194297,1.380684,2.265394
1683,0.422886,0.374040,nan,0.194297,nan,1.255594
1684,0.584148,0.569904,6.990723,0.194265,-1.427261,1.615211
1685,0.510019,0.522812,nan,0.194265,nan,1.421772
1686,0.502445,0.639635,9.842249,0.194233,-0.969742,1.460753
1687,0.511744,0.456171,nan,0.194233,nan,1.433631
1688,0.480215,0.788848,8.545052,0.194203,-0.690087,1.390678
1689,0.519597,0.580418,nan,0.194203,nan,1.476545
1690,0.465368,0.569307,5.470586,0.194172,-0.349025,1.348127
1691,0.931185,1.252095,nan,0.194172,nan,2.333934
1692,0.664768,1.013051,5.879927,0.194142,-0.444806,1.788723
1693,0.474089,0.793810,nan,0.194142,nan,1.402653
1694,0.418505,0.449096,6.568791,0.194111,1.422957,1.252224
1695,0.399928,0.822291,nan,0.194111,nan,1.220617
1696,0.462263,0.870445,7.149007,0.194080,0.423788,1.338822
1697,0.396275,0.417587,nan,0.194080,nan,1.221191
1698,0.359768,0.593155,6.211861,0.194049,-0.922491,1.139574
1699,0.379618,0.554343,nan,0.194049,nan,1.151876
1700,0.394705,0.460309,6.343108,0.194018,1.180687,1.242070
1701,0.584130,0.499593,nan,0.194018,nan,1.625403
1702,0.644921,0.460548,6.857927,0.193987,-0.784451,1.745466
1703,0.504844,0.593755,nan,0.193987,nan,1.464024
1704,0.369331,0.457523,5.735281,0.193957,-0.294136,1.168040
1705,0.435203,0.465031,nan,0.193957,nan,1.290173
1706,0.486759,0.354470,5.619349,0.193926,0.100766,1.397071
1707,0.691511,0.734199,nan,0.193926,nan,1.837993
1708,0.364751,0.856945,7.719280,0.193894,3.117584,1.142872
1709,0.565951,0.577323,nan,0.193894,nan,1.610079
1710,0.471234,0.459854,7.258333,0.193860,2.678549,1.358908
1711,1.032567,0.398532,nan,0.193860,nan,2.546978
1712,0.940415,0.414610,5.867930,0.193825,3.070135,2.365965
1713,0.637811,0.393116,nan,0.193825,nan,1.708689
1714,0.315510,0.361429,7.498617,0.193790,0.128831,1.048013
1715,0.486962,0.443533,nan,0.193790,nan,1.423570
1716,0.305554,0.292289,6.335453,0.193755,1.056192,1.024158
1717,0.590010,0.371895,nan,0.193755,nan,1.649082
1718,0.270961,0.256600,8.569556,0.193722,-0.927970,0.938645
1719,0.734745,0.359472,nan,0.193722,nan,1.966249
1720,0.565690,0.428825,5.474381,0.193687,1.722972,1.557985
1721,1.071883,0.700733,nan,0.193687,nan,2.631597
1722,1.171643,0.805858,4.494473,0.193653,0.596035,2.818380
1723,1.434250,0.823915,nan,0.193653,nan,3.382750
1724,1.213763,0.367763,8.060805,0.193619,0.335728,2.910384
1725,0.490550,0.467188,nan,0.193619,nan,1.430886
1726,0.467664,0.367657,5.030869,0.193585,1.523860,1.386243
1727,0.454392,0.877822,nan,0.193585,nan,1.353555
1728,0.546288,0.805147,6.797023,0.193551,0.129427,1.532416
1729,0.546099,0.476250,nan,0.193551,nan,1.547340
1730,0.347750,0.829016,8.834331,0.193517,1.367648,1.116912
1731,0.595618,0.547373,nan,0.193517,nan,1.653764
1732,0.472826,0.527865,7.272623,0.193483,1.227838,1.410160
1733,0.380108,0.324015,nan,0.193483,nan,1.176737
1734,0.373372,0.305356,5.780381,0.193447,2.277700,1.188943
1735,0.416211,0.430335,nan,0.193447,nan,1.265712
1736,0.410863,0.657483,8.560895,0.193412,0.347447,1.262749
1737,0.654678,0.478351,nan,0.193412,nan,1.772608
1738,0.610677,0.570587,6.574314,0.193379,-1.105390,1.715932
1739,1.133426,0.690081,nan,0.193379,nan,2.756196
1740,1.265964,0.797640,4.974749,0.193345,0.817914,3.039820
1741,1.448171,0.808221,nan,0.193345,nan,3.402008
1742,0.932097,0.494476,6.799942,0.193313,-0.252998,2.299856
1743,0.438135,0.458825,nan,0.193313,nan,1.310495
1744,0.394923,0.501418,8.228186,0.193280,0.021387,1.203333
1745,0.482491,0.439675,nan,0.193280,nan,1.417320
1746,0.408249,0.409898,6.946352,0.193248,0.738226,1.249946
1747,0.523743,0.546678,nan,0.193248,nan,1.504374
1748,0.410041,0.549058,5.664212,0.193214,2.264001,1.247980
1749,0.610780,0.930382,nan,0.193214,nan,1.664065
1750,0.472092,1.003840,6.053634,0.193179,3.091008,1.359619
1751,0.744556,0.916033,nan,0.193179,nan,1.964478
1752,0.432433,0.404956,8.233112,0.193144,1.247269,1.289714
1753,0.427282,0.978750,nan,0.193144,nan,1.250923
1754,0.317429,0.697573,6.825808,0.193109,1.686166,1.025629
1755,0.424561,0.555365,nan,0.193109,nan,1.269547
1756,0.467724,0.828275,6.468173,0.193074,1.139699,1.391832
1757,0.318172,0.750819,nan,0.193074,nan,1.031789
1758,0.421546,0.581239,6.714302,0.193039,-0.023906,1.290938
1759,0.313439,0.436107,nan,0.193039,nan,1.031798
1760,0.421113,0.550679,7.455353,0.193006,-0.170933,1.266252
1761,0.371185,0.440453,nan,0.193006,nan,1.184883
1762,0.368618,0.544809,7.945887,0.192973,-0.235763,1.176117
1763,0.400026,0.419602,nan,0.192973,nan,1.182538
1764,0.531034,0.658085,9.099038,0.192940,0.120598,1.508767
1765,0.659810,0.557004,nan,0.192940,nan,1.790649
1766,0.473732,0.497897,6.902805,0.192906,3.129962,1.382618
1767,0.677354,0.547761,nan,0.192906,nan,1.855895
1768,0.580394,0.531582,6.552177,0.192872,1.030962,1.617658
1769,0.832667,0.649139,nan,0.192872,nan,2.163435
1770,0.882208,0.575662,4.910419,0.192839,-0.798023,2.219557
1771,0.877384,0.435837,nan,0.192839,nan,2.194649
1772,0.831863,0.503181,6.575270,0.192807,0.857517,2.103481
1773,0.653946,0.576518,nan,0.192807,nan,1.793882
1774,0.537347,0.376273,6.267225,0.192775,-0.612513,1.517669
1775,0.692633,0.842393,nan,0.192775,nan,1.825818
1776,0.669945,0.758931,3.804738,0.192743,0.875420,1.799662
1777,0.692546,0.556809,nan,0.192743,nan,1.856345
1778,0.595032,0.538972,7.950582,0.192711,-0.707376,1.671592
1779,0.428495,0.443376,nan,0.192711,nan,1.294756
1780,0.589344,0.595977,5.329512,0.192679,2.010409,1.618787
1781,0.760141,0.653899,nan,0.192679,nan,1.998384
1782,0.752803,0.667056,4.926329,0.192647,0.874756,1.972004
1783,1.024839,0.864292,nan,0.192647,nan,2.514373
1784,0.540581,0.493749,6.762678,0.192615,1.421055,1.552972
1785,0.489670,0.492450,nan,0.192615,nan,1.435341
1786,0.471934,0.497639,5.282504,0.192583,-0.517293,1.383201
1787,0.842493,0.873988,nan,0.192583,nan,2.189857
1788,1.197254,1.098909,7.109809,0.192552,-1.239019,2.907662
1789,1.211138,1.015325,nan,0.192552,nan,2.899034
1790,0.617497,0.536407,5.940304,0.192521,2.217913,1.691954
1791,0.341569,0.388906,nan,0.192521,nan,1.088600
1792,0.718995,0.662971,7.706752,0.192489,1.758093,1.900131
1793,0.352892,0.352033,nan,0.192489,nan,1.109606
1794,0.442402,0.459423,6.813013,0.192457,-0.248166,1.305905
1795,0.747585,0.710418,nan,0.192457,nan,2.012422
1796,0.746508,0.655532,5.858502,0.192426,-0.189719,1.973802
1797,0.513916,0.411085,nan,0.192426,nan,1.489434
1798,0.543557,0.611036,9.106860,0.192395,1.569900,1.557302
1799,0.851043,0.730147,nan,0.192395,nan,2.179323
1800,1.087271,1.153065,8.183588,0.192362,3.465778,2.667017
1801,0.552129,0.554538,nan,0.192362,nan,1.536720
1802,0.532479,0.588285,6.853135,0.192329,0.214993,1.528105
1803,0.612916,0.847944,nan,0.192329,nan,1.686075
1804,0.799901,0.954205,6.475211,0.192297,0.400059,2.105621
1805,0.548725,0.490014,nan,0.192297,nan,1.562351
1806,0.536992,0.598034,6.661814,0.192266,-0.278691,1.550137
1807,0.391511,0.422297,nan,0.192266,nan,1.210510
1808,0.576239,0.538251,5.958290,0.192234,1.528356,1.603800
1809,0.682718,0.588207,nan,0.192234,nan,1.856154
1810,0.781909,0.694507,5.889709,0.192201,1.858591,2.025566
1811,0.582639,0.592895,nan,0.192201,nan,1.633731
1812,0.525075,0.530046,5.912838,0.192168,2.027031,1.506496
1813,0.560711,0.540629,nan,0.192168,nan,1.585566
1814,0.529460,0.500239,7.575231,0.192135,0.885386,1.496553
1815,0.420423,0.372657,nan,0.192135,nan,1.264684
1816,0.511666,0.476586,6.844955,0.192103,-0.354953,1.497530
1817,0.396548,0.395237,nan,0.192103,nan,1.232194
1818,0.495489,0.417723,5.082387,0.192071,1.975539,1.427482
1819,0.593202,0.617888,nan,0.192071,nan,1.653169
1820,0.503721,0.454372,5.762508,0.192037,2.382736,1.472588
1821,0.432390,0.428029,nan,0.192037,nan,1.308004
1822,0.357703,0.449985,6.975977,0.192004,0.255005,1.147420
1823,0.444592,0.541082,nan,0.192004,nan,1.305980
1824,0.707007,0.627915,6.559000,0.191972,-0.122816,1.878379
1825,0.595578,0.734166,nan,0.191972,nan,1.666983
1826,0.544884,0.721100,5.962265,0.191940,0.501245,1.511865
1827,0.434960,0.450289,nan,0.191940,nan,1.303020
1828,0.463398,0.515241,8.179913,0.191909,-0.129916,1.390492
1829,0.495811,0.441073,nan,0.191909,nan,1.473639
1830,0.505502,0.463740,5.172179,0.191878,0.735134,1.475742
1831,1.566875,1.332252,nan,0.191878,nan,3.660176
1832,1.788124,1.209102,5.659206,0.191848,-1.140815,4.082905
1833,1.733980,0.787753,nan,0.191848,nan,3.977912
1834,1.925085,0.773431,7.502118,0.191817,1.629693,4.360044
1835,1.374160,0.632219,nan,0.191817,nan,3.213741
1836,0.582729,0.611714,5.940336,0.191786,2.385626,1.624906
1837,0.812299,0.672045,nan,0.191786,nan,2.103086
1838,1.024724,0.574762,7.858028,0.191753,3.238720,2.516020
1839,0.543434,0.530206,nan,0.191753,nan,1.544380
1840,0.492828,0.361894,7.312554,0.191720,1.661194,1.450468
1841,0.900359,0.452821,nan,0.191720,nan,2.260645
1842,0.691602,0.534864,6.289854,0.191687,1.042246,1.855028
1843,0.400121,0.525254,nan,0.191687,nan,1.195989
1844,0.460065,0.579806,6.066399,0.191654,1.285456,1.364196
1845,0.508091,0.487262,nan,0.191654,nan,1.448981
1846,0.548952,0.748613,8.053104,0.191621,1.302939,1.559602
1847,0.629033,0.498960,nan,0.191621,nan,1.730598
1848,0.308914,0.381515,7.673373,0.191589,-0.825575,1.059054
1849,0.442898,0.495219,nan,0.191589,nan,1.306351
1850,0.534452,0.442762,6.451757,0.191559,-0.860639,1.510690
1851,0.824488,0.733611,nan,0.191559,nan,2.113205
1852,0.521125,0.516383,6.227004,0.191527,2.150003,1.503850
1853,0.576674,0.594964,nan,0.191527,nan,1.578505
1854,0.379157,0.375267,6.770613,0.191496,0.932871,1.154909
1855,0.643508,0.531842,nan,0.191496,nan,1.770845
1856,0.607955,0.532602,5.808142,0.191464,1.955497,1.657599
1857,0.796795,0.825699,nan,0.191464,nan,2.079626
1858,1.028614,0.891953,6.283740,0.191432,1.731402,2.549509
1859,0.928435,0.800466,nan,0.191432,nan,2.356992
1860,0.689943,0.698509,7.506271,0.191399,1.874010,1.818223
1861,0.664154,0.642079,nan,0.191399,nan,1.763620
1862,0.398373,0.432731,6.369248,0.191367,-0.098773,1.212438
1863,0.692196,0.635031,nan,0.191367,nan,1.828920
1864,0.605798,0.521520,7.897085,0.191335,1.379447,1.666941
1865,0.451569,0.461620,nan,0.191335,nan,1.352279
1866,0.311447,0.352086,8.676385,0.191302,3.463834,1.001522
1867,0.437006,0.464724,nan,0.191302,nan,1.340625
1868,0.449512,0.440660,7.347745,0.191269,0.774126,1.336873
1869,0.374637,0.321140,nan,0.191269,nan,1.172533
1870,0.576231,0.437713,7.967471,0.191237,-0.058044,1.591820
1871,0.482696,0.890430,nan,0.191237,nan,1.416919
1872,0.551634,0.629161,8.638123,0.191206,0.279654,1.536777
1873,0.588861,0.701621,nan,0.191206,nan,1.606830
1874,0.595008,0.561481,5.139956,0.191173,2.902709,1.616267
1875,0.399628,0.998893,nan,0.191173,nan,1.240880
1876,0.645317,0.948609,6.162027,0.191141,0.350202,1.776008
1877,0.527917,0.545963,nan,0.191141,nan,1.493429
1878,0.422253,0.467335,9.341253,0.191109,2.477968,1.262520
1879,0.678228,0.851100,nan,0.191109,nan,1.830570
1880,0.564135,0.465511,6.491422,0.191076,2.517420,1.553313
1881,0.696738,0.653328,nan,0.191076,nan,1.851060
1882,1.083419,0.782125,6.684205,0.191042,1.444573,2.660286
1883,0.825708,0.628154,nan,0.191042,nan,2.120261
1884,0.683771,0.514587,7.260123,0.191008,3.348577,1.820394
1885,0.498657,0.546884,nan,0.191008,nan,1.435906
1886,0.439414,0.722113,7.667093,0.190974,1.501881,1.299099
1887,0.695376,0.790977,nan,0.190974,nan,1.833845
1888,0.424401,0.733339,9.309204,0.190941,-0.510048,1.281530
1889,0.370300,0.533101,nan,0.190941,nan,1.129930
1890,0.548640,0.559550,8.734207,0.190910,-0.360841,1.525319
1891,0.338542,0.488876,nan,0.190910,nan,1.099100
1892,0.398772,0.553729,7.153690,0.190878,0.475309,1.191815
1893,0.720728,0.823888,nan,0.190878,nan,1.899719
1894,0.524370,0.506901,8.697635,0.190847,1.543963,1.495834
1895,0.423569,0.419836,nan,0.190847,nan,1.255163
1896,0.385213,0.492855,4.719619,0.190814,2.547536,1.207445
1897,1.389715,1.262570,nan,0.190814,nan,3.283813
1898,1.475999,1.333690,5.674255,0.190783,-0.120796,3.437109
1899,1.049571,1.028492,nan,0.190783,nan,2.569061
1900,0.918799,1.124176,7.517712,0.190750,4.606011,2.314925
1901,0.530977,0.595436,nan,0.190750,nan,1.500612
1902,0.626045,1.096302,8.272641,0.190717,0.528772,1.717753
1903,0.815281,1.074603,nan,0.190717,nan,2.079552
1904,0.636210,0.708756,7.054080,0.190685,0.183255,1.718397
1905,0.612535,0.584573,nan,0.190685,nan,1.699766
1906,0.744144,0.695962,5.571466,0.190653,1.752867,1.947685
1907,0.696338,0.611835,nan,0.190653,nan,1.862509
1908,0.619050,0.633725,7.945608,0.190622,0.075120,1.697241
1909,0.680790,0.651094,nan,0.190622,nan,1.829368
1910,0.458045,0.358574,7.767148,0.190591,0.653419,1.371343
1911,0.409268,0.400610,nan,0.190591,nan,1.247101
1912,0.248863,0.310596,9.172114,0.190560,0.718503,0.911277
1913,0.364014,0.604787,nan,0.190560,nan,1.145360
1914,0.621149,0.517117,7.684258,0.190529,2.488731,1.694832
1915,0.452128,0.335294,nan,0.190529,nan,1.346698
1916,0.604046,0.543186,7.705826,0.190496,3.892416,1.672576
1917,0.590020,0.565249,nan,0.190496,nan,1.660222
1918,0.616795,0.397279,6.952047,0.190462,3.790940,1.680177
1919,0.517818,0.334060,nan,0.190462,nan,1.479646
1920,0.528566,0.551468,7.854187,0.190429,0.019585,1.490842
1921,0.754409,0.605385,nan,0.190429,nan,1.936986
1922,0.655464,0.432989,7.369648,0.190397,1.578733,1.745933
1923,0.641007,0.411769,nan,0.190397,nan,1.701995
1924,0.576665,0.481904,8.271267,0.190363,3.163880,1.583409
1925,0.400086,0.668835,nan,0.190363,nan,1.212312
1926,0.430648,0.536554,7.194826,0.190330,1.109488,1.277001
1927,0.613618,0.993790,nan,0.190330,nan,1.689985
1928,0.945609,1.008711,6.610909,0.190297,1.365284,2.368677
1929,0.686023,0.799557,nan,0.190297,nan,1.797837
1930,0.448407,0.579844,6.768682,0.190263,3.148322,1.316141
1931,0.542467,1.024587,nan,0.190263,nan,1.523453
1932,0.519912,0.472509,7.304257,0.190229,2.357923,1.459049
1933,0.672413,0.747756,nan,0.190229,nan,1.785132
1934,0.683801,0.628996,8.523317,0.190196,0.381891,1.831094
1935,0.434977,0.808041,nan,0.190196,nan,1.308689
1936,0.389440,0.686898,8.330771,0.190164,0.680505,1.202655
1937,0.497034,1.139687,nan,0.190164,nan,1.433821
1938,0.661276,0.823773,8.167416,0.190132,1.376889,1.757942
1939,0.808462,0.696285,nan,0.190132,nan,2.082397
1940,0.992502,0.997369,5.525156,0.190099,2.838321,2.449967
1941,1.400136,0.734634,nan,0.190099,nan,3.264137
1942,1.373744,0.593324,6.281166,0.190067,-0.698920,3.242585
1943,0.527175,1.020142,nan,0.190067,nan,1.474042
1944,0.804332,0.926864,8.625478,0.190036,0.629064,2.070694
1945,0.446588,0.825965,nan,0.190036,nan,1.307281
1946,0.460831,1.221198,8.527431,0.190005,1.345456,1.332227
1947,0.898538,0.947355,nan,0.190005,nan,2.231471
1948,0.703654,0.843909,7.169484,0.189974,0.988990,1.855090
1949,1.305158,0.735149,nan,0.189974,nan,3.092595
1950,1.072121,0.843723,6.948092,0.189942,3.632005,2.619159
1951,0.944501,0.770491,nan,0.189942,nan,2.349519
1952,0.936842,1.102967,9.222778,0.189909,3.082231,2.326526
1953,0.872525,0.827651,nan,0.189909,nan,2.188034
1954,0.903609,0.655746,7.213570,0.189876,2.823154,2.259953
1955,1.059183,0.826874,nan,0.189876,nan,2.587529
1956,0.808358,1.144875,7.942143,0.189843,1.664744,2.055989
1957,0.994394,0.777497,nan,0.189843,nan,2.445385
1958,0.606394,0.460962,8.080391,0.189812,-0.666959,1.657212
1959,0.686792,0.737714,nan,0.189812,nan,1.820324
1960,0.668624,1.085597,9.687919,0.189781,-0.141780,1.794765
1961,0.622216,0.803337,nan,0.189781,nan,1.680304
1962,0.662611,0.673016,5.207864,0.189749,3.360817,1.755470
1963,1.532587,1.182183,nan,0.189749,nan,3.535563
1964,1.344066,1.403168,8.599174,0.189717,2.553356,3.164253
1965,0.733117,0.706321,nan,0.189717,nan,1.914865
1966,0.822597,1.453990,9.273194,0.189685,2.053516,2.110437
1967,0.639260,0.746796,nan,0.189685,nan,1.727528
1968,0.956797,0.785868,6.929261,0.189653,-0.231221,2.380102
1969,0.883515,0.992029,nan,0.189653,nan,2.217701
1970,1.572700,1.015596,7.978379,0.189622,1.936647,3.624137
1971,0.910976,0.495565,nan,0.189622,nan,2.274245
1972,0.745789,0.559212,8.293697,0.189591,0.500538,1.954194
1973,0.852163,0.801525,nan,0.189591,nan,2.157488
1974,0.733616,1.011669,6.678516,0.189560,1.926027,1.912178
1975,0.975284,1.084963,nan,0.189560,nan,2.411171
1976,0.725578,0.891194,5.390275,0.189529,2.499122,1.903250
1977,0.862991,0.850601,nan,0.189529,nan,2.191955
1978,0.764615,0.754563,9.519077,0.189498,1.001081,1.980681
1979,0.926202,0.798154,nan,0.189498,nan,2.321303
1980,0.823099,0.583420,7.965302,0.189466,2.002034,2.107155
1981,1.324737,0.624052,nan,0.189466,nan,3.122315
1982,1.270184,0.859945,5.430718,0.189434,3.435658,3.019045
1983,1.038844,0.828762,nan,0.189434,nan,2.549924
1984,0.841012,0.764205,6.555273,0.189401,3.349686,2.141667
1985,0.752396,0.552056,nan,0.189401,nan,1.970004
1986,1.113031,0.927990,7.762103,0.189370,-0.425427,2.694757
1987,0.687189,0.882228,nan,0.189370,nan,1.826409
1988,0.753949,0.860081,7.294569,0.189337,3.444827,1.955314
1989,0.741233,0.899850,nan,0.189337,nan,1.938919
1990,0.776602,0.564953,6.797045,0.189305,0.943789,2.009641
1991,0.735165,0.744399,nan,0.189305,nan,1.912909
1992,0.570859,0.531862,6.690392,0.189273,2.477680,1.581874
1993,0.795809,0.842151,nan,0.189273,nan,2.036208
1994,0.474968,0.391189,7.196662,0.189241,2.351059,1.377634
1995,0.877683,0.763711,nan,0.189241,nan,2.219624
1996,0.459256,0.492420,6.980569,0.189209,1.236649,1.348606
1997,0.660944,0.675292,nan,0.189209,nan,1.769932
1998,0.521379,0.582611,6.836287,0.189177,2.168127,1.477576
1999,0.785460,0.688210,nan,0.189177,nan,2.028090
2000,0.577388,0.577257,7.171654,0.189145,0.928858,1.592976
2001,0.859660,1.311352,nan,0.189145,nan,2.174123
2002,1.435880,1.900096,5.286613,0.189114,1.275386,3.342877
2003,1.354672,1.249347,nan,0.189114,nan,3.198886
2004,1.493509,0.912927,8.799843,0.189082,2.955361,3.466878
2005,1.215156,1.546136,nan,0.189082,nan,2.878985
2006,1.951946,1.137685,10.450413,0.189050,2.098801,4.392027
2007,0.945592,0.821929,nan,0.189050,nan,2.350445
2008,0.508662,0.469056,6.943832,0.189018,1.913662,1.444562
2009,1.043792,1.203346,nan,0.189018,nan,2.560887
2010,0.643695,1.203476,5.347225,0.188986,2.027576,1.720577
2011,0.783381,0.749115,nan,0.188986,nan,2.001913
2012,0.577480,0.658615,8.398087,0.188955,1.034301,1.577361
2013,1.142754,0.848161,nan,0.188955,nan,2.746092
2014,0.492815,0.522894,7.950149,0.188923,2.778968,1.423311
2015,0.878651,0.798109,nan,0.188923,nan,2.207173
2016,0.676973,0.693011,10.157007,0.188891,2.238908,1.766037
2017,0.533814,0.607794,nan,0.188891,nan,1.499862
2018,1.211023,0.720748,8.635336,0.188859,2.698276,2.913844
2019,1.001513,0.899746,nan,0.188859,nan,2.480224
2020,1.029047,0.668096,6.377500,0.188827,1.322510,2.529748
2021,1.186981,1.196944,nan,0.188827,nan,2.836830
2022,0.811834,0.968538,10.147403,0.188795,3.259976,2.087164
2023,0.489974,0.821560,nan,0.188795,nan,1.367802
2024,0.840311,0.851548,7.587894,0.188763,0.405830,2.138981
2025,0.685184,0.857695,nan,0.188763,nan,1.781097
2026,1.027562,1.022370,10.811033,0.188732,1.590331,2.545481
2027,0.721537,0.802729,nan,0.188732,nan,1.902316
2028,0.789042,0.756493,10.453224,0.188701,-0.218013,2.047665
2029,0.689904,0.858397,nan,0.188701,nan,1.888432
2030,0.654751,0.689074,9.346935,0.188670,3.303772,1.760301
2031,0.886575,0.610146,nan,0.188670,nan,2.280293
2032,0.472961,0.484692,14.812525,0.188640,0.588724,1.400774
2033,1.070786,0.929610,nan,0.188640,nan,2.618196
2034,0.574232,0.638342,11.697568,0.188609,1.324029,1.589379
2035,0.707733,0.838229,nan,0.188609,nan,1.880125
2036,0.731142,0.909506,9.271929,0.188579,2.721876,1.933130
2037,0.734593,1.049536,nan,0.188579,nan,1.952436
2038,0.996021,0.959970,13.395389,0.188548,1.331720,2.488821
2039,1.277947,1.271444,nan,0.188548,nan,3.061044
2040,1.083694,0.818987,14.416328,0.188517,2.784356,2.681139
2041,0.684402,0.633593,nan,0.188517,nan,1.795729
2042,0.979384,0.938284,12.354257,0.188486,2.135951,2.446237
2043,0.953702,1.029461,nan,0.188486,nan,2.411758
2044,0.796674,1.124382,11.763620,0.188455,3.225533,2.089004
2045,1.134108,1.200431,nan,0.188455,nan,2.736434
2046,0.444903,0.778142,10.473894,0.188422,4.165622,1.348986
2047,0.835647,0.869754,nan,0.188422,nan,2.133286
2048,0.809327,0.712357,12.450771,0.188390,2.979319,2.118922
2049,0.804924,0.711359,nan,0.188390,nan,2.067096
2050,0.837076,0.554099,14.150238,0.188356,4.288050,2.158683
2051,1.044206,0.691688,nan,0.188356,nan,2.607630
2052,0.893746,0.671044,14.255047,0.188322,4.275586,2.279299
2053,0.553811,0.867456,nan,0.188322,nan,1.561866
2054,0.588421,0.631223,15.087310,0.188288,1.400344,1.606713
2055,0.762925,0.598109,nan,0.188288,nan,1.986707
2056,1.169358,1.104779,12.712088,0.188255,0.975511,2.847519
2057,1.215996,1.136580,nan,0.188255,nan,2.921642
2058,0.547227,0.752549,15.405786,0.188223,0.562417,1.571048
2059,1.031822,0.695749,nan,0.188223,nan,2.556298
2060,0.816451,1.094875,17.373722,0.188191,1.641789,2.093678
2061,0.577790,0.571075,nan,0.188191,nan,1.594627
2062,0.456494,0.477550,14.691957,0.188160,1.538038,1.381086
2063,1.269324,1.634478,nan,0.188160,nan,3.057029
2064,0.939044,1.612765,14.033215,0.188128,3.780262,2.374377
2065,1.341724,0.636989,nan,0.188128,nan,3.227547
2066,1.269708,1.105913,18.449707,0.188096,0.941216,3.016142
2067,0.887232,0.823773,nan,0.188096,nan,2.251506
2068,1.043684,0.699143,15.221289,0.188065,1.074132,2.593580
2069,0.998413,0.759276,nan,0.188065,nan,2.473519
2070,0.950675,0.532284,15.111687,0.188035,1.129079,2.409266
2071,0.678004,0.858779,nan,0.188035,nan,1.849486
2072,0.540708,0.547692,15.924677,0.188004,2.845463,1.542960
2073,0.752099,0.742932,nan,0.188004,nan,1.979654
2074,0.651591,0.757630,16.073021,0.187973,2.581517,1.771655
2075,0.811441,0.746993,nan,0.187973,nan,2.090822
2076,0.591278,0.679342,16.513817,0.187942,1.244892,1.632803
2077,0.879762,0.518375,nan,0.187942,nan,2.281026
2078,0.603073,0.558945,19.774445,0.187911,2.962775,1.673525
2079,0.874203,0.435268,nan,0.187911,nan,2.222028
2080,1.057669,1.162196,17.933500,0.187880,1.521463,2.600615
2081,0.550619,0.627390,nan,0.187880,nan,1.553385
2082,0.652579,0.685709,18.793123,0.187848,5.249942,1.774478
2083,0.773274,0.801327,nan,0.187848,nan,1.999087
2084,0.841461,1.398994,19.792938,0.187816,2.264968,2.124483
2085,0.807266,0.739871,nan,0.187816,nan,2.090105
2086,0.568219,0.720388,19.879145,0.187785,2.089342,1.567562
2087,1.305388,0.831456,nan,0.187785,nan,3.113362
2088,1.180462,0.985888,16.781437,0.187753,2.612425,2.853980
2089,0.718616,0.623301,nan,0.187753,nan,1.881123
2090,0.448183,0.849133,19.313768,0.187721,1.931774,1.347976
2091,1.013722,1.032392,nan,0.187721,nan,2.508740
2092,0.665534,0.835727,19.551750,0.187689,3.208415,1.741740
2093,0.858492,0.726600,nan,0.187689,nan,2.194094
2094,0.866687,0.825023,18.287090,0.187657,1.663784,2.203368
2095,1.180407,1.604146,nan,0.187657,nan,2.843283
2096,2.467565,2.544175,15.897825,0.187626,2.565294,5.448333
2097,1.793232,1.986262,nan,0.187626,nan,4.110616
2098,0.856712,0.949924,18.705795,0.187594,1.618443,2.186433
2099,0.838724,0.791088,nan,0.187594,nan,2.151517
2100,1.136862,1.333115,18.887953,0.187563,3.099775,2.758352
2101,0.637996,0.890166,nan,0.187563,nan,1.735435
2102,0.699920,0.977740,19.214729,0.187531,3.060605,1.869709
2103,0.987848,0.816962,nan,0.187531,nan,2.440926
2104,0.694334,0.752110,21.715363,0.187499,3.007966,1.873442
2105,1.065488,0.807449,nan,0.187499,nan,2.607248
2106,0.637394,0.636914,21.402912,0.187467,0.315427,1.720917
2107,0.801256,0.788659,nan,0.187467,nan,2.045634
2108,1.207110,1.221083,18.534500,0.187436,2.595951,2.888394
2109,0.797315,0.896585,nan,0.187436,nan,2.054068
2110,0.771683,0.823461,21.915260,0.187404,5.031381,2.012478
2111,0.935744,0.866607,nan,0.187404,nan,2.329500
2112,0.814207,0.857844,19.859329,0.187372,1.456643,2.117933
2113,0.669987,0.732698,nan,0.187372,nan,1.788019
2114,0.708908,0.715469,21.956268,0.187341,1.415583,1.864807
2115,0.693079,0.402643,nan,0.187341,nan,1.856570
2116,0.881551,0.819556,21.201672,0.187310,1.651206,2.217645
2117,1.687534,0.557763,nan,0.187310,nan,3.915557
2118,1.754973,1.033353,20.498499,0.187279,2.813813,4.041051
2119,0.528081,1.412010,nan,0.187279,nan,1.550126
2120,0.592721,1.265042,21.398808,0.187247,3.054174,1.638608
2121,0.933295,0.607739,nan,0.187247,nan,2.358183
2122,0.825327,1.043400,20.340855,0.187216,2.162099,2.136208
2123,0.715136,1.391109,nan,0.187216,nan,1.926083
2124,0.427487,1.381866,21.115015,0.187185,2.819715,1.300743
2125,0.958283,0.764468,nan,0.187185,nan,2.423723
2126,1.151428,1.244211,20.970015,0.187153,3.719896,2.804798
2127,0.576897,0.904701,nan,0.187153,nan,1.609426
2128,0.926727,0.932022,21.571320,0.187121,3.049991,2.380539
2129,0.967995,0.658520,nan,0.187121,nan,2.470498
2130,1.190223,1.144717,18.894146,0.187089,3.503531,2.899014
2131,0.719539,1.387188,nan,0.187089,nan,1.922864
2132,0.539823,1.200205,22.971107,0.187057,1.486156,1.555378
2133,0.798143,0.683102,nan,0.187057,nan,2.074286
2134,0.596455,1.141963,22.078154,0.187025,2.532494,1.669508
2135,0.662323,1.486193,nan,0.187025,nan,1.777088
2136,0.768607,0.875426,21.501854,0.186994,2.882440,2.033398
2137,0.908101,0.749675,nan,0.186994,nan,2.339361
2138,0.760246,0.703273,23.530537,0.186962,2.175812,1.991338
2139,0.980242,0.724742,nan,0.186962,nan,2.501757
2140,0.482077,0.507162,22.355043,0.186931,2.345256,1.420005
2141,2.322845,1.006290,nan,0.186931,nan,5.202436
2142,1.477137,0.649696,18.522163,0.186898,4.423409,3.513190
2143,0.946545,2.319759,nan,0.186898,nan,2.385302
2144,0.842712,2.302011,21.187422,0.186867,1.242120,2.196569
2145,0.615220,0.610490,nan,0.186867,nan,1.700788
2146,0.791161,1.280419,24.095877,0.186834,5.303504,2.098081
2147,1.193538,0.890413,nan,0.186834,nan,2.881450
2148,1.011814,0.937155,24.294937,0.186802,2.246041,2.516784
2149,1.078168,0.939797,nan,0.186802,nan,2.675518
2150,1.166818,0.814515,22.935301,0.186769,4.301401,2.867042
2151,0.729958,0.691328,nan,0.186769,nan,1.957548
2152,0.811790,0.817534,24.852703,0.186737,1.483204,2.081708
2153,0.759434,0.994053,nan,0.186737,nan,2.018876
2154,0.749165,0.734070,23.449251,0.186706,1.971729,1.993739
2155,1.113861,0.676808,nan,0.186706,nan,2.769416
2156,0.605891,0.573130,23.727951,0.186674,1.742062,1.684260
2157,1.325335,1.020337,nan,0.186674,nan,3.160168
2158,0.618480,0.679118,23.456465,0.186643,3.470544,1.707084
2159,1.427542,1.146870,nan,0.186643,nan,3.362109
2160,0.821660,0.708185,20.548180,0.186612,1.717278,2.154408
2161,0.535209,0.603490,nan,0.186612,nan,1.525559
2162,0.544583,0.743716,25.856997,0.186581,2.536323,1.521057
2163,1.003131,0.858583,nan,0.186581,nan,2.515420
2164,0.504814,0.690824,23.542194,0.186549,2.716717,1.474425
2165,1.398254,0.539776,nan,0.186549,nan,3.360043
2166,0.725565,0.874669,22.317623,0.186518,3.134110,1.932419
2167,0.587877,1.755105,nan,0.186518,nan,1.643104
2168,0.601016,1.413508,22.818806,0.186487,1.550378,1.634945
2169,0.884492,0.773706,nan,0.186487,nan,2.287986
2170,0.576111,0.621698,23.747450,0.186457,1.568685,1.628909
2171,0.861312,1.016836,nan,0.186457,nan,2.204854
2172,0.619391,1.093955,21.288414,0.186427,3.071068,1.656067
2173,1.345829,0.467379,nan,0.186427,nan,3.237867
2174,0.650442,0.697221,22.206993,0.186397,0.590268,1.780599
2175,0.679568,1.367924,nan,0.186397,nan,1.833047
2176,0.648992,0.967875,22.326405,0.186366,4.995907,1.767222
2177,0.972205,0.806209,nan,0.186366,nan,2.449492
2178,0.599344,0.685951,23.356094,0.186336,2.444693,1.678625
2179,0.629139,2.146642,nan,0.186336,nan,1.749331
2180,0.615128,1.619907,20.570286,0.186305,3.070807,1.707140
2181,1.252471,0.825095,nan,0.186305,nan,3.022359
2182,1.387235,0.704199,21.694368,0.186274,3.842528,3.307543
2183,0.475433,0.455116,nan,0.186274,nan,1.416450
2184,0.980591,0.703692,21.911777,0.186242,3.275092,2.459491
2185,0.639004,0.742146,nan,0.186242,nan,1.753533
2186,0.895755,0.695577,23.878298,0.186211,3.213380,2.281571
2187,0.673570,0.498721,nan,0.186211,nan,1.821911
2188,0.507259,0.534769,23.236547,0.186180,1.921349,1.464411
2189,0.621559,0.769592,nan,0.186180,nan,1.707153
2190,0.629617,0.645227,20.248781,0.186148,4.364358,1.730104
2191,0.766447,0.650054,nan,0.186148,nan,1.989473
2192,0.744943,0.811477,23.620361,0.186116,3.601597,1.962701
2193,1.341411,1.750973,nan,0.186116,nan,3.200952
2194,1.369416,1.752612,19.622122,0.186085,2.125508,3.254308
2195,1.846190,2.012630,nan,0.186085,nan,4.240354
2196,1.193695,0.902861,23.027103,0.186053,3.045262,2.907802
2197,0.675958,0.758550,nan,0.186053,nan,1.829876
2198,1.257176,0.642313,22.726284,0.186021,4.181218,3.035171
2199,0.787889,0.935691,nan,0.186021,nan,2.047687
2200,1.005525,0.651577,23.281803,0.185989,2.929038,2.523861
2201,1.339761,0.773614,nan,0.185989,nan,3.191153
2202,0.952040,1.106774,24.814766,0.185958,2.750776,2.393229
2203,1.061418,0.940521,nan,0.185958,nan,2.613648
2204,0.824455,0.974214,21.520634,0.185926,1.860443,2.136427
2205,0.645258,0.755899,nan,0.185926,nan,1.764544
2206,1.295555,1.403504,23.454578,0.185896,1.591644,3.115505
2207,1.048995,1.193302,nan,0.185896,nan,2.605902
2208,0.859490,0.937917,22.529425,0.185866,1.349198,2.213259
2209,0.506112,0.508506,nan,0.185866,nan,1.469279
2210,0.570314,0.866283,25.606113,0.185836,2.114655,1.590378
2211,1.160770,0.572166,nan,0.185836,nan,2.859822
2212,0.720058,0.767114,22.072548,0.185805,5.333674,1.920670
2213,1.507432,1.160052,nan,0.185805,nan,3.554706
2214,1.661907,1.054637,21.892139,0.185774,2.402832,3.873781
2215,0.605073,0.987234,nan,0.185774,nan,1.653789
2216,0.576874,0.650252,24.263315,0.185744,3.400651,1.598411
2217,0.900198,1.042880,nan,0.185744,nan,2.294528
2218,0.935522,1.111137,23.302418,0.185713,1.683158,2.355561
2219,0.577495,1.126269,nan,0.185713,nan,1.596951
2220,0.654003,1.001780,18.837461,0.185683,3.446955,1.746305
2221,1.049520,1.101387,nan,0.185683,nan,2.623568
2222,0.807317,0.904003,22.633339,0.185652,3.067769,2.089994
2223,0.709716,0.807466,nan,0.185652,nan,1.898494
2224,0.717893,1.304208,21.875320,0.185622,2.192572,1.870988
2225,0.672603,1.099705,nan,0.185622,nan,1.788375
2226,0.574693,1.279341,20.412598,0.185591,4.112552,1.621068
2227,1.139976,0.991262,nan,0.185591,nan,2.766552
2228,1.017405,0.824350,22.591293,0.185559,5.767713,2.529491
2229,1.109285,0.960503,nan,0.185559,nan,2.703793
2230,0.945621,0.816863,24.441620,0.185528,1.647648,2.398158
2231,0.742416,0.602188,nan,0.185528,nan,1.974431
2232,0.599737,0.760697,23.419268,0.185497,1.375506,1.674300
2233,0.936969,0.792821,nan,0.185497,nan,2.382147
2234,0.732867,0.875399,20.724380,0.185467,3.236526,1.947352
2235,0.501350,0.511837,nan,0.185467,nan,1.474940
2236,0.605860,0.821372,20.197712,0.185436,4.640738,1.647941
2237,0.861699,0.638026,nan,0.185436,nan,2.210282
2238,1.189011,0.637489,22.515911,0.185405,2.934308,2.896986
2239,0.529411,0.698258,nan,0.185405,nan,1.512111
2240,0.830680,0.883937,23.509487,0.185374,1.228154,2.161177
2241,0.826771,0.953836,nan,0.185374,nan,2.114103
2242,0.643156,0.660196,23.772186,0.185345,-0.291288,1.722119
2243,0.713948,0.763171,nan,0.185345,nan,1.879717
2244,0.498291,0.959921,21.831524,0.185315,4.800631,1.449868
2245,0.727280,0.619066,nan,0.185315,nan,1.930372
2246,0.714474,0.756090,22.749107,0.185285,4.755346,1.924403
2247,0.742341,0.652438,nan,0.185285,nan,1.935458
2248,0.697477,0.694987,21.689899,0.185254,2.928628,1.879914
2249,1.111811,0.838403,nan,0.185254,nan,2.733855
2250,0.865432,0.800170,23.067076,0.185224,2.831684,2.216967
2251,0.620853,0.668472,nan,0.185224,nan,1.711847
2252,0.885736,1.109182,19.052652,0.185193,2.630987,2.289208
2253,0.798345,0.650850,nan,0.185193,nan,2.110455
2254,0.495873,0.705643,19.715466,0.185163,2.650095,1.434828
2255,1.111684,0.662327,nan,0.185163,nan,2.744311
2256,1.126318,0.916816,20.669567,0.185132,6.028864,2.769184
2257,0.529570,0.719213,nan,0.185132,nan,1.502348
2258,0.657556,0.882893,24.191509,0.185101,1.350903,1.784253
2259,1.089627,0.471782,nan,0.185101,nan,2.697965
2260,1.006280,0.534460,21.408340,0.185071,3.734147,2.525944
2261,1.131033,0.900535,nan,0.185071,nan,2.786127
2262,1.304571,0.849182,18.450722,0.185041,1.440028,3.146842
2263,0.858229,1.546845,nan,0.185041,nan,2.199628
2264,0.870699,1.118108,21.587461,0.185010,3.054398,2.240878
2265,0.764065,1.248783,nan,0.185010,nan,2.005423
2266,0.899148,1.055707,21.925026,0.184980,2.999025,2.308684
2267,0.822836,0.764708,nan,0.184980,nan,2.126785
2268,0.953683,1.041664,21.673176,0.184949,6.284904,2.397070
2269,1.181956,0.671904,nan,0.184949,nan,2.899709
2270,1.784519,0.916388,20.491726,0.184918,4.123651,4.117935
2271,0.868661,1.180336,nan,0.184918,nan,2.238964
2272,0.950026,1.309522,19.801691,0.184887,1.781625,2.380981
2273,0.704476,0.656142,nan,0.184887,nan,1.886436
2274,0.828023,1.175070,23.302153,0.184857,1.161350,2.164541
2275,1.085057,0.768981,nan,0.184857,nan,2.697188
2276,0.577656,0.696579,21.266022,0.184827,1.464621,1.633816
2277,1.693471,1.237238,nan,0.184827,nan,3.919012
2278,1.685268,1.177751,17.830978,0.184797,5.026654,3.896488
2279,0.761339,1.369689,nan,0.184797,nan,2.000540
2280,0.781576,1.234286,20.263107,0.184766,4.333678,2.033269
2281,0.597874,0.734354,nan,0.184766,nan,1.657740
2282,0.599997,1.201699,25.727098,0.184736,1.915681,1.655173
2283,0.607769,0.915279,nan,0.184736,nan,1.692475
2284,0.699750,0.907331,19.973061,0.184706,3.777761,1.881025
2285,0.872470,0.583875,nan,0.184706,nan,2.249810
2286,0.642539,0.999870,23.346859,0.184675,4.090389,1.766126
2287,0.757146,0.800404,nan,0.184675,nan,2.017366
2288,0.686194,0.874517,20.375355,0.184645,2.948751,1.853040
2289,0.689738,0.876819,nan,0.184645,nan,1.836227
2290,0.622842,0.842536,21.029236,0.184614,4.697501,1.723763
2291,0.866786,0.758647,nan,0.184614,nan,2.228983
2292,1.067141,1.029315,21.743950,0.184583,1.867360,2.639518
2293,0.608670,0.869838,nan,0.184583,nan,1.690219
2294,0.881040,1.325748,20.686979,0.184553,3.054785,2.258729
2295,1.022749,0.810784,nan,0.184553,nan,2.560463
2296,0.804986,0.918163,23.363571,0.184523,3.025316,2.095372
2297,0.793273,0.832936,nan,0.184523,nan,2.074121
2298,0.537202,0.809890,22.115131,0.184493,2.530503,1.524554
2299,1.199506,1.469071,nan,0.184493,nan,2.914186
2300,0.848269,1.716858,19.915167,0.184464,1.797791,2.175756
2301,0.804168,1.061181,nan,0.184464,nan,2.082924
2302,0.908539,0.749255,23.902313,0.184434,3.443530,2.296379
2303,0.702321,0.733317,nan,0.184434,nan,1.877589
2304,0.789016,0.701306,21.951916,0.184404,5.552776,2.063458
2305,0.969701,0.571494,nan,0.184404,nan,2.447930
2306,0.690407,0.748758,18.936352,0.184374,2.784952,1.863635
2307,0.639547,0.678633,nan,0.184374,nan,1.763950
2308,1.184041,0.837611,20.103680,0.184343,4.559545,2.874329
2309,1.045584,1.079008,nan,0.184343,nan,2.594496
2310,0.697185,1.479461,22.008236,0.184314,0.046905,1.867268
2311,0.698523,0.768423,nan,0.184314,nan,1.858573
2312,0.621149,0.773399,23.991819,0.184285,1.996879,1.698652
2313,0.674432,1.013816,nan,0.184285,nan,1.801867
2314,0.930866,0.804843,20.458569,0.184255,4.604785,2.339451
2315,0.595432,0.710540,nan,0.184255,nan,1.663617
2316,0.781785,0.902930,19.167805,0.184225,4.192376,2.038006
2317,1.413769,1.327740,nan,0.184225,nan,3.317321
2318,1.540463,1.537302,19.463833,0.184196,1.552639,3.591320
2319,0.905474,0.778406,nan,0.184196,nan,2.304774
2320,0.774875,0.696045,22.271936,0.184166,5.496108,2.016286
2321,0.889981,0.749283,nan,0.184166,nan,2.264151
2322,0.698472,0.881551,21.982801,0.184136,2.576454,1.836456
2323,0.512827,0.762644,nan,0.184136,nan,1.456596
2324,0.707352,1.040255,17.714373,0.184105,5.692589,1.893787
2325,1.203267,0.571064,nan,0.184105,nan,2.908111
2326,1.247186,0.782467,21.338591,0.184075,3.284245,3.004798
2327,0.546353,0.660277,nan,0.184075,nan,1.555064
2328,0.835660,0.683564,20.380394,0.184045,2.239576,2.149870
2329,0.808395,0.708177,nan,0.184045,nan,2.096495
2330,0.701265,0.700077,22.542646,0.184015,2.947310,1.865358
2331,0.992036,0.652929,nan,0.184015,nan,2.462941
2332,0.850206,0.706925,19.785999,0.183985,2.800345,2.171142
2333,0.794256,1.086238,nan,0.183985,nan,2.038262
2334,0.815192,1.000411,18.735012,0.183955,4.876471,2.085338
2335,0.781213,0.938321,nan,0.183955,nan,2.062583
2336,0.608898,0.702731,21.973639,0.183924,5.809035,1.666823
2337,0.881487,1.132290,nan,0.183924,nan,2.243567
2338,0.922913,0.596277,22.113945,0.183893,4.764745,2.326202
2339,1.361492,0.612272,nan,0.183893,nan,3.246893
2340,1.250143,0.550253,20.686447,0.183861,5.038517,3.001091
2341,0.997065,1.683152,nan,0.183861,nan,2.411477
2342,0.818014,1.549003,19.678604,0.183829,3.504143,2.097607
2343,0.716194,0.612626,nan,0.183829,nan,1.926714
2344,0.962573,1.188144,19.398758,0.183798,2.664657,2.391324
2345,0.690698,0.718832,nan,0.183798,nan,1.819368
2346,1.174118,1.016808,21.914597,0.183768,1.455369,2.832598
2347,0.834771,0.999982,nan,0.183768,nan,2.146802
2348,0.968146,0.987080,22.616093,0.183738,2.364449,2.438516
2349,1.151864,1.416866,nan,0.183738,nan,2.774921
2350,0.806815,1.156802,17.687954,0.183709,1.651489,2.068557
2351,0.717305,1.213354,nan,0.183709,nan,1.882990
2352,1.114227,1.725997,15.843580,0.183680,1.495650,2.693530
2353,1.783131,0.850997,nan,0.183680,nan,4.080288
2354,1.732352,1.088567,20.520039,0.183652,1.514836,3.990296
2355,0.880739,0.775281,nan,0.183652,nan,2.239621
2356,0.894792,0.739846,21.576963,0.183624,3.382880,2.237946
2357,1.363309,0.883611,nan,0.183624,nan,3.209988
2358,0.717952,0.934508,21.194668,0.183596,2.628011,1.881627
2359,1.141835,0.806227,nan,0.183596,nan,2.773479
2360,1.309122,1.449069,20.247112,0.183568,3.596869,3.111989
2361,0.990209,1.260222,nan,0.183568,nan,2.457172
2362,1.092316,1.018851,22.115799,0.183540,4.211956,2.657650
2363,0.941453,1.229542,nan,0.183540,nan,2.330722
2364,1.199952,0.795345,19.991062,0.183511,2.866450,2.890665
2365,0.931529,0.865712,nan,0.183511,nan,2.334165
2366,0.940775,0.970100,19.464996,0.183482,4.265145,2.354993
2367,1.266172,0.953955,nan,0.183482,nan,3.014474
2368,0.674491,0.877634,18.124676,0.183454,3.469197,1.791466
2369,0.818407,0.923123,nan,0.183454,nan,2.097666
2370,0.965248,1.133427,19.443245,0.183424,4.353353,2.399986
2371,1.402196,1.335603,nan,0.183424,nan,3.238466
2372,1.084900,0.717090,22.853527,0.183395,2.452770,2.635511
2373,1.085036,0.878178,nan,0.183395,nan,2.638564
2374,1.387768,0.825759,17.480843,0.183366,3.402624,3.260750
2375,0.960104,1.161023,nan,0.183366,nan,2.364604
2376,0.671611,0.887623,21.279734,0.183338,3.320992,1.806485
2377,0.869603,1.054259,nan,0.183338,nan,2.205635
2378,0.845939,1.380032,18.639477,0.183309,3.313418,2.087433
2379,1.036764,1.037611,nan,0.183309,nan,2.527035
2380,0.864905,1.389660,16.146660,0.183280,2.293885,2.161049
2381,1.146371,0.675493,nan,0.183280,nan,2.781328
2382,2.042475,0.702896,21.040276,0.183251,5.011663,4.604703
2383,1.216028,0.960137,nan,0.183251,nan,2.903646
2384,0.709714,0.789258,21.306305,0.183222,4.279837,1.811769
2385,1.127876,1.218931,nan,0.183222,nan,2.684045
2386,0.997940,1.178420,21.446907,0.183192,2.989062,2.476686
2387,1.168990,1.175018,nan,0.183192,nan,2.814336
2388,0.862738,1.057310,16.590197,0.183162,5.830495,2.174263
2389,1.289060,0.971831,nan,0.183162,nan,3.064157
2390,1.373279,1.266944,17.395750,0.183132,4.463270,3.224013
2391,0.980903,1.201885,nan,0.183132,nan,2.406022
2392,1.071105,1.357731,17.267952,0.183103,1.546276,2.579297
2393,0.775288,0.658433,nan,0.183103,nan,1.997299
2394,1.421670,1.469853,20.476536,0.183073,3.146687,3.323090
2395,0.700908,0.970156,nan,0.183073,nan,1.819659
2396,0.755154,1.028938,19.399729,0.183044,4.482201,1.921727
2397,1.138922,0.802075,nan,0.183044,nan,2.778969
2398,1.033486,1.116740,19.564222,0.183013,6.273437,2.551065
2399,1.111268,1.252247,nan,0.183013,nan,2.692219
2400,0.993289,1.222795,18.097038,0.182983,3.734962,2.437430
2401,1.229660,1.089183,nan,0.182983,nan,2.948547
2402,1.422119,1.124974,19.077663,0.182952,5.926254,3.317360
2403,0.702446,0.842849,nan,0.182952,nan,1.848759
2404,1.387229,1.043940,18.905029,0.182921,2.156591,3.225701
2405,0.760580,0.819343,nan,0.182921,nan,1.965810
2406,1.290165,1.255762,15.866341,0.182891,3.528202,3.029302
2407,0.659055,0.756684,nan,0.182891,nan,1.774065
2408,0.879408,0.899824,19.160892,0.182862,2.044842,2.194613
2409,0.665432,0.952501,nan,0.182862,nan,1.761485
2410,1.260858,1.258173,16.843342,0.182832,5.343844,2.956946
2411,0.707737,0.937167,nan,0.182832,nan,1.858493
2412,0.932094,0.797428,17.284924,0.182802,1.812094,2.319345
2413,0.908800,0.934891,nan,0.182802,nan,2.284520
2414,0.907614,0.844927,19.117672,0.182773,3.336011,2.273570
2415,0.895845,0.835681,nan,0.182773,nan,2.255255
2416,1.169594,1.073898,17.168896,0.182744,1.637081,2.827296
2417,1.181385,1.335337,nan,0.182744,nan,2.828219
2418,1.270403,1.145285,20.728716,0.182716,3.682171,3.052171
2419,0.943491,1.017770,nan,0.182716,nan,2.327467
2420,0.852513,0.769498,19.518761,0.182687,3.172717,2.147603
2421,0.851241,0.795410,nan,0.182687,nan,2.181685
2422,0.834680,0.900590,18.206059,0.182659,2.575492,2.096100
2423,1.098459,1.021080,nan,0.182659,nan,2.668741
2424,1.101818,1.129548,18.943468,0.182631,2.985764,2.702544
2425,1.071779,1.089382,nan,0.182631,nan,2.633729
2426,1.023536,0.945683,18.705753,0.182603,3.373039,2.530760
2427,0.797395,0.891289,nan,0.182603,nan,2.052547
2428,0.708602,0.823182,18.464493,0.182575,2.690174,1.872858
2429,0.514869,0.568218,nan,0.182575,nan,1.450691
2430,0.726888,0.672456,17.572247,0.182547,4.906289,1.923245
2431,1.575156,0.877216,nan,0.182547,nan,3.651135
2432,1.976911,0.932965,17.702744,0.182519,3.903400,4.481822
2433,1.137347,1.429236,nan,0.182519,nan,2.724531
2434,0.926153,1.731506,16.207382,0.182490,2.518231,2.313529
2435,1.376056,1.319711,nan,0.182490,nan,3.212101
2436,0.689768,1.358526,17.916328,0.182462,4.773582,1.830319
2437,1.310772,1.059862,nan,0.182462,nan,3.101801
2438,0.909448,0.847474,18.551718,0.182433,6.060435,2.271257
2439,0.958777,0.696809,nan,0.182433,nan,2.401311
2440,1.135162,1.031800,14.613560,0.182402,6.579929,2.723587
2441,1.023070,1.148447,nan,0.182402,nan,2.510911
2442,1.115198,1.236975,19.049286,0.182372,2.894437,2.701577
2443,0.988885,0.864717,nan,0.182372,nan,2.441344
2444,0.904957,0.748661,15.251427,0.182342,6.645077,2.298612
2445,1.187981,0.710506,nan,0.182342,nan,2.892143
2446,1.460586,0.821821,14.274460,0.182311,3.343067,3.426398
2447,0.970148,1.890395,nan,0.182311,nan,2.396842
2448,0.931119,1.789570,17.311676,0.182281,4.390767,2.327557
2449,0.754319,0.764963,nan,0.182281,nan,1.961364
2450,0.657494,1.623772,22.799025,0.182250,5.371280,1.779928
2451,0.827005,2.163178,nan,0.182250,nan,2.113973
2452,1.010454,1.089803,19.855633,0.182219,5.070562,2.509024
2453,1.405916,1.392464,nan,0.182219,nan,3.302073
2454,1.237510,1.614622,15.331081,0.182189,2.084820,2.937955
2455,1.795473,1.231581,nan,0.182189,nan,4.094047
2456,2.348408,1.122903,16.954823,0.182159,3.330692,5.221608
2457,1.379452,1.383103,nan,0.182159,nan,3.257896
2458,1.284366,1.541993,17.617439,0.182128,4.897741,3.057257
2459,0.884280,0.777737,nan,0.182128,nan,2.227865
2460,0.914457,1.175853,20.414059,0.182098,3.839852,2.310911
2461,1.342112,0.816428,nan,0.182098,nan,3.191768
2462,0.905300,0.934563,18.209785,0.182068,5.005250,2.281556
2463,1.200017,1.040089,nan,0.182068,nan,2.863639
2464,0.843271,0.935717,15.707214,0.182037,5.783462,2.159703
2465,0.765206,0.892128,nan,0.182037,nan,1.977975
2466,0.874047,1.152658,17.173046,0.182006,4.226468,2.202580
2467,1.074322,0.697817,nan,0.182006,nan,2.597362
2468,1.229135,0.934570,13.010475,0.181975,6.798882,2.924379
2469,0.882241,0.747108,nan,0.181975,nan,2.232015
2470,1.153882,1.157968,14.029825,0.181944,3.750589,2.754062
2471,0.791584,1.758217,nan,0.181944,nan,2.064814
2472,0.957748,1.992913,14.678513,0.181913,2.942235,2.382908
2473,1.067709,1.001163,nan,0.181913,nan,2.627390
2474,0.972836,0.996074,17.311443,0.181882,5.985035,2.371857
2475,0.844262,0.893083,nan,0.181882,nan,2.132680
2476,1.100661,0.658490,15.246962,0.181851,5.784414,2.683556
2477,1.560895,1.208421,nan,0.181851,nan,3.607902
2478,0.648189,0.641525,16.481192,0.181820,3.301831,1.753435
2479,1.156864,1.288360,nan,0.181820,nan,2.794336
2480,0.938558,0.911422,13.597271,0.181789,4.918950,2.323602
2481,1.120828,1.389790,nan,0.181789,nan,2.722610
2482,0.886345,0.894342,13.853920,0.181758,4.161454,2.205327
2483,1.161613,0.921630,nan,0.181758,nan,2.807910
2484,1.124729,1.029738,17.962154,0.181727,3.678412,2.713474
2485,0.966105,0.937399,nan,0.181727,nan,2.417171
2486,1.096743,1.411448,16.977024,0.181697,4.441624,2.665849
2487,0.949251,0.878784,nan,0.181697,nan,2.346419
2488,0.653706,0.848789,17.833462,0.181666,4.841516,1.738978
2489,0.735064,1.027057,nan,0.181666,nan,1.914146
2490,0.633032,0.705338,17.268160,0.181636,3.427223,1.675373
2491,0.985597,1.452649,nan,0.181636,nan,2.412289
2492,1.184504,1.063543,15.631346,0.181606,4.373123,2.849422
2493,1.175721,1.062310,nan,0.181606,nan,2.824115
2494,0.762525,0.841539,16.191500,0.181576,3.862944,1.957041
2495,1.376183,0.853120,nan,0.181576,nan,3.254673
2496,1.249913,1.127912,15.658328,0.181546,4.226229,2.987534
2497,0.964334,1.232910,nan,0.181546,nan,2.356922
2498,0.939772,1.027846,13.277487,0.181515,5.924581,2.310000
2499,1.057521,0.701742,nan,0.181515,nan,2.587101
2500,0.980122,0.492787,14.327345,0.181485,4.046265,2.445798
2501,1.066285,1.622659,nan,0.181485,nan,2.586782
2502,0.599019,1.355241,17.747105,0.181454,5.475755,1.642737
2503,1.068831,1.132726,nan,0.181454,nan,2.581790
2504,0.810816,0.883713,15.264565,0.181424,3.331949,2.060498
2505,0.725397,1.046317,nan,0.181424,nan,1.894317
2506,0.940752,1.158079,15.738659,0.181395,3.768657,2.324803
2507,1.229637,0.585770,nan,0.181395,nan,2.941188
2508,1.630858,0.634205,16.931782,0.181365,3.475330,3.770537
2509,0.862053,0.949268,nan,0.181365,nan,2.169329
2510,0.917782,1.013772,15.051971,0.181336,3.931147,2.287762
2511,0.911719,1.133842,nan,0.181336,nan,2.299649
2512,0.905784,0.842576,15.722198,0.181306,6.310594,2.273444
2513,0.515798,1.132459,nan,0.181306,nan,1.445143
2514,0.563988,1.237133,14.466787,0.181275,7.603900,1.536710
2515,1.004404,0.750837,nan,0.181275,nan,2.463707
2516,0.659957,0.698295,12.911669,0.181243,6.178890,1.756390
2517,0.957327,0.952909,nan,0.181243,nan,2.369159
2518,0.935465,0.747948,15.579338,0.181211,6.841170,2.316312
2519,0.981088,0.772606,nan,0.181211,nan,2.435887
2520,0.612481,0.529079,15.650974,0.181180,4.429838,1.672203
2521,0.821842,0.729046,nan,0.181180,nan,2.075941
2522,0.802821,0.917594,12.510270,0.181147,7.927178,2.048315
2523,0.662906,0.632959,nan,0.181147,nan,1.744833
2524,1.160512,1.157318,13.356279,0.181115,4.424868,2.805655
2525,0.824391,0.821893,nan,0.181115,nan,2.067913
2526,0.891791,1.051940,11.975746,0.181083,5.411098,2.220903
2527,0.862983,0.639260,nan,0.181083,nan,2.196102
2528,1.339241,0.680256,15.177056,0.181050,6.439682,3.178443
2529,0.948179,0.985277,nan,0.181050,nan,2.324593
2530,0.729483,0.604978,15.633356,0.181018,5.346954,1.915015
2531,0.892479,1.070904,nan,0.181018,nan,2.218652
2532,0.942880,0.784620,14.186325,0.180985,5.868544,2.342978
2533,0.870841,0.832955,nan,0.180985,nan,2.184647
2534,1.184678,0.714073,13.966945,0.180953,4.453131,2.849999
2535,0.786873,0.802554,nan,0.180953,nan,1.997666
2536,1.255148,1.185902,12.590723,0.180921,3.304735,2.955936
2537,0.465233,0.513075,nan,0.180921,nan,1.305943
2538,1.017079,0.636402,15.573814,0.180891,3.065314,2.504321
2539,0.788872,0.730470,nan,0.180891,nan,2.048122
2540,0.922083,0.932898,18.007948,0.180860,5.760249,2.303497
2541,0.732846,0.814217,nan,0.180860,nan,1.928960
2542,0.795323,0.789872,15.038857,0.180828,5.259073,2.019598
2543,1.058126,0.866434,nan,0.180828,nan,2.564621
2544,0.931721,0.799242,13.509904,0.180798,4.577262,2.332911
2545,1.092658,1.068166,nan,0.180798,nan,2.663651
2546,0.584124,0.998497,14.586191,0.180766,5.622876,1.551466
2547,0.691334,0.549179,nan,0.180766,nan,1.838273
2548,0.859004,1.014058,17.211357,0.180736,4.141441,2.172875
2549,1.185785,0.777524,nan,0.180736,nan,2.855659
2550,1.366539,0.652007,16.463415,0.180706,2.961778,3.266659
2551,0.935174,1.060918,nan,0.180706,nan,2.309816
2552,0.970499,0.780848,14.506742,0.180676,3.018510,2.441991
2553,1.106083,1.808079,nan,0.180676,nan,2.689086
2554,0.905537,2.027963,13.122692,0.180647,4.562324,2.304434
2555,1.594810,1.606710,nan,0.180647,nan,3.684094
2556,1.441705,0.755566,15.979665,0.180617,6.442426,3.409364
2557,1.184667,0.732113,nan,0.180617,nan,2.867743
2558,0.982099,0.798114,16.892155,0.180587,4.044437,2.426049
2559,0.857364,0.632100,nan,0.180587,nan,2.184684
2560,1.109565,0.932617,15.416349,0.180557,4.805672,2.734100
2561,0.940240,1.066787,nan,0.180557,nan,2.382542
2562,0.967282,0.640291,14.023371,0.180528,4.514010,2.402423
2563,0.599397,1.150706,nan,0.180528,nan,1.650613
2564,0.681757,0.976386,13.855906,0.180498,4.938403,1.816771
2565,0.807995,0.993413,nan,0.180498,nan,2.091182
2566,0.642440,0.838558,16.691319,0.180469,3.729908,1.742061
2567,0.751518,1.018851,nan,0.180469,nan,1.968881
2568,1.024915,0.988102,14.812836,0.180440,2.492180,2.512401
2569,1.485473,0.914053,nan,0.180440,nan,3.517279
2570,1.797469,0.972702,12.290151,0.180412,3.417689,4.143769
2571,0.649616,1.765217,nan,0.180412,nan,1.749832
2572,1.173570,1.408521,14.067728,0.180384,3.183534,2.855438
2573,0.721097,0.817078,nan,0.180384,nan,1.843597
2574,1.228886,1.926654,16.441631,0.180356,4.741973,2.961746
2575,1.294405,1.932660,nan,0.180356,nan,3.125127
2576,0.926131,1.440406,17.296038,0.180328,3.896899,2.306590
2577,1.241805,0.773126,nan,0.180328,nan,2.992988
2578,0.841226,0.748878,14.798048,0.180300,5.345657,2.186898
2579,1.144884,0.938739,nan,0.180300,nan,2.833446
2580,1.257941,0.951226,13.651270,0.180271,4.602072,3.042881
2581,0.969840,1.066717,nan,0.180271,nan,2.408467
2582,0.942734,1.708769,13.759240,0.180243,5.514754,2.382255
2583,0.899050,0.826302,nan,0.180243,nan,2.281139
2584,1.207117,1.434707,16.745649,0.180215,1.774745,2.915558
2585,1.040600,0.781011,nan,0.180215,nan,2.570844
2586,1.331488,0.829070,14.012230,0.180187,5.300285,3.151272
2587,1.095794,1.166144,nan,0.180187,nan,2.666004
2588,0.861713,0.732947,13.737553,0.180159,6.157804,2.183113
2589,0.892380,0.825866,nan,0.180159,nan,2.276302
2590,0.879322,0.704477,13.490036,0.180130,3.270645,2.271997
2591,0.801835,0.931697,nan,0.180130,nan,2.059036
2592,0.774011,0.635287,14.940502,0.180101,7.453387,2.005161
2593,1.015015,0.835802,nan,0.180101,nan,2.514470
2594,0.927281,0.998374,12.819069,0.180072,5.797676,2.338188
2595,0.797704,0.948392,nan,0.180072,nan,2.070732
2596,0.653357,0.679135,13.919503,0.180043,4.979078,1.756895
2597,0.821071,0.802301,nan,0.180043,nan,2.095514
2598,0.754789,1.047661,16.159636,0.180014,3.282102,2.003951
2599,0.710225,0.682520,nan,0.180014,nan,1.881011
2600,0.825954,0.845912,17.088348,0.179985,4.668491,2.088515
2601,0.949865,0.970658,nan,0.179985,nan,2.404196
2602,0.605739,0.597170,13.546940,0.179956,4.063530,1.652503
2603,0.799942,0.985555,nan,0.179956,nan,2.071747
2604,0.742218,0.713075,14.664103,0.179928,4.169547,1.947875
2605,0.985167,0.751863,nan,0.179928,nan,2.477902
2606,1.277581,0.853302,13.210039,0.179898,8.220324,3.087697
2607,1.115895,0.950513,nan,0.179898,nan,2.746428
2608,0.659943,0.684147,12.660549,0.179869,3.736535,1.789444
2609,0.838100,0.898136,nan,0.179869,nan,2.164607
2610,1.104306,1.076292,12.198971,0.179839,7.346352,2.703523
2611,1.155301,1.247886,nan,0.179839,nan,2.801052
2612,1.108047,0.973102,16.124735,0.179809,6.809698,2.701559
2613,0.756806,0.812120,nan,0.179809,nan,1.980568
2614,0.861926,1.046318,12.987123,0.179779,3.241445,2.214118
2615,0.510447,0.732797,nan,0.179779,nan,1.494426
2616,1.061499,1.072304,13.530086,0.179750,3.845087,2.639306
2617,0.699469,1.119417,nan,0.179750,nan,1.855922
2618,1.042706,1.065833,15.042297,0.179721,4.284771,2.590370
2619,1.497670,1.367359,nan,0.179721,nan,3.520135
2620,1.166156,0.805103,11.948468,0.179693,1.952731,2.864226
2621,1.055943,1.532927,nan,0.179693,nan,2.578340
2622,0.917774,1.202995,14.361016,0.179664,5.111338,2.330095
2623,0.801505,0.853151,nan,0.179664,nan,2.080712
2624,0.921860,0.519928,14.616175,0.179636,5.412119,2.333722
2625,1.027505,1.218270,nan,0.179636,nan,2.544026
2626,1.015771,1.102617,15.433824,0.179609,0.880123,2.503909
2627,0.826547,0.894970,nan,0.179609,nan,2.133351
2628,0.896056,0.849269,12.400223,0.179581,6.132402,2.275782
2629,0.875682,1.052233,nan,0.179581,nan,2.259304
2630,0.784555,0.845574,15.049950,0.179553,5.234981,2.053257
2631,0.717827,1.237279,nan,0.179553,nan,1.887789
2632,1.215652,1.284325,13.952882,0.179524,7.905957,2.931910
2633,0.805049,1.256430,nan,0.179524,nan,2.112316
2634,0.817495,1.420940,13.973682,0.179495,4.232228,2.110906
2635,1.455341,0.861357,nan,0.179495,nan,3.432445
2636,1.830017,0.629729,16.917658,0.179467,3.682997,4.187161
2637,1.334475,0.684050,nan,0.179467,nan,3.190273
2638,1.050218,0.961619,18.253647,0.179438,4.058674,2.584390
2639,1.477437,1.075479,nan,0.179438,nan,3.463528
2640,0.736437,1.163117,19.741535,0.179411,3.922571,1.932246
2641,0.842331,0.940069,nan,0.179411,nan,2.163356
2642,0.483276,0.734214,14.117113,0.179383,3.159401,1.388192
2643,1.055651,0.975742,nan,0.179383,nan,2.603387
2644,1.031374,0.710332,17.318718,0.179356,3.968316,2.550746
2645,0.968324,0.909731,nan,0.179356,nan,2.401937
2646,0.782546,0.630724,17.588707,0.179328,6.994230,2.033502
2647,1.343129,1.442397,nan,0.179328,nan,3.146203
2648,0.718651,0.797053,12.846672,0.179300,3.994700,1.895103
2649,1.186668,0.986922,nan,0.179300,nan,2.874091
2650,1.245622,0.970384,13.293758,0.179272,5.047891,3.006042
2651,0.938632,0.996671,nan,0.179272,nan,2.359286
2652,0.839957,0.921836,16.085249,0.179244,5.097892,2.156376
2653,0.940968,0.991555,nan,0.179244,nan,2.344789
2654,1.180731,0.932183,17.169113,0.179216,4.403995,2.880069
2655,1.170896,1.081487,nan,0.179216,nan,2.835663
2656,0.721985,0.579186,14.854860,0.179188,7.090215,1.916812
2657,0.818522,0.802850,nan,0.179188,nan,2.081966
2658,0.746633,0.545110,15.460238,0.179160,3.526734,2.004003
2659,0.903490,0.959772,nan,0.179160,nan,2.257082
2660,0.513814,0.599251,15.477325,0.179131,6.199389,1.466050
2661,0.737095,0.945655,nan,0.179131,nan,1.933069
2662,1.120526,0.843729,14.335701,0.179102,6.344239,2.704399
2663,0.895775,0.782982,nan,0.179102,nan,2.280363
2664,0.924712,0.794890,15.646320,0.179074,3.392008,2.353154
2665,0.721796,0.738671,nan,0.179074,nan,1.886432
2666,0.668223,0.787788,14.205455,0.179046,5.072383,1.780228
2667,0.746425,0.791970,nan,0.179046,nan,1.935336
2668,0.903442,0.902744,15.042665,0.179017,4.784775,2.294055
2669,0.948089,1.143474,nan,0.179017,nan,2.378194
2670,1.163130,1.313659,13.885128,0.178989,6.024543,2.827660
2671,0.999045,1.092707,nan,0.178989,nan,2.481149
2672,0.852485,0.806672,18.081093,0.178960,4.262870,2.169256
2673,1.058024,1.248045,nan,0.178960,nan,2.603789
2674,1.158032,1.034355,15.965298,0.178933,2.110781,2.790258
2675,0.649692,0.981920,nan,0.178933,nan,1.765111
2676,0.876156,0.905053,15.570784,0.178905,5.478096,2.217420
2677,0.690984,0.731388,nan,0.178905,nan,1.870524
2678,1.078159,0.749944,17.741653,0.178877,7.114384,2.659018
2679,0.787637,0.891434,nan,0.178877,nan,2.049256
2680,0.745646,0.571203,16.695900,0.178848,4.648950,1.952576
2681,0.616133,1.317846,nan,0.178848,nan,1.686975
2682,0.625776,1.266477,14.589718,0.178820,5.218641,1.694984
2683,1.318529,0.878085,nan,0.178820,nan,3.159379
2684,1.330808,1.166179,17.422663,0.178792,3.597761,3.173649
2685,0.564954,0.570196,nan,0.178792,nan,1.554185
2686,0.626113,0.519391,14.866460,0.178764,7.487288,1.679662
2687,0.580894,0.581270,nan,0.178764,nan,1.610306
2688,0.830721,0.835931,15.352280,0.178735,5.809717,2.117947
2689,0.813961,0.883243,nan,0.178735,nan,2.104734
2690,0.682114,0.773727,14.628533,0.178706,5.651677,1.787792
2691,0.599868,0.495361,nan,0.178706,nan,1.665032
2692,0.616580,0.650184,12.092014,0.178677,6.047984,1.686406
2693,0.819450,0.762441,nan,0.178677,nan,2.135101
2694,0.841138,0.837945,14.453224,0.178648,4.531160,2.163616
2695,0.820942,0.792742,nan,0.178648,nan,2.108738
2696,0.650894,0.775641,12.410615,0.178620,3.522877,1.785252
2697,0.871208,0.926169,nan,0.178620,nan,2.185878
2698,0.818582,0.836308,15.040796,0.178591,6.241793,2.107113
2699,1.119358,1.019133,nan,0.178591,nan,2.727835
2700,0.564041,0.602731,15.700485,0.178563,4.813811,1.536770
2701,0.963417,1.005821,nan,0.178563,nan,2.425871
2702,0.860317,0.861027,16.382626,0.178535,2.704542,2.161155
2703,0.680167,0.711563,nan,0.178535,nan,1.813297
2704,0.842575,0.556659,15.410702,0.178508,2.965285,2.153572
2705,1.058338,1.118713,nan,0.178508,nan,2.597578
2706,1.109038,0.824715,15.802902,0.178480,6.785720,2.684255
2707,0.784481,0.700763,nan,0.178480,nan,2.035240
2708,0.699974,0.696148,15.219666,0.178452,5.707339,1.841986
2709,0.904195,1.132504,nan,0.178452,nan,2.258919
2710,0.852927,0.857072,17.093605,0.178424,6.893428,2.148290
2711,0.993926,1.136891,nan,0.178424,nan,2.455570
2712,0.552763,0.556899,16.814264,0.178395,7.999270,1.538649
2713,1.149672,1.408947,nan,0.178395,nan,2.803014
2714,0.853204,1.429776,13.008892,0.178365,6.047182,2.169656
2715,0.940417,0.957249,nan,0.178365,nan,2.357206
2716,0.912407,0.944273,14.940562,0.178336,5.349859,2.305671
2717,0.805521,0.641528,nan,0.178336,nan,2.076587
2718,0.603242,0.671068,16.010149,0.178307,5.037254,1.642880
2719,0.881965,0.560934,nan,0.178307,nan,2.254356
2720,1.005671,0.926298,13.393444,0.178278,5.646836,2.472373
2721,1.157223,0.682670,nan,0.178278,nan,2.800728
2722,0.795669,0.958217,13.304929,0.178249,6.567784,2.066522
2723,0.552352,0.553243,nan,0.178249,nan,1.540679
2724,0.864501,1.124710,17.238373,0.178219,6.010862,2.185664
2725,0.896457,0.870441,nan,0.178219,nan,2.234066
2726,1.186013,0.696064,15.930902,0.178190,6.184812,2.860913
2727,0.925235,0.736317,nan,0.178190,nan,2.291625
2728,1.302963,0.831583,14.315096,0.178161,4.507493,3.082652
2729,1.812904,1.294848,nan,0.178161,nan,4.116668
2730,1.199228,1.183275,13.385458,0.178132,3.504297,2.865145
2731,0.896055,0.912250,nan,0.178132,nan,2.261401
2732,0.808943,0.631752,16.964542,0.178104,4.789468,2.075489
2733,1.400060,1.266086,nan,0.178104,nan,3.257253
2734,1.321127,0.802931,16.910603,0.178076,3.680095,3.125905
2735,0.521496,0.958590,nan,0.178076,nan,1.470379
2736,1.127652,1.192227,13.160063,0.178048,4.484855,2.714674
2737,0.686068,0.701999,nan,0.178048,nan,1.798021
2738,1.172639,0.763508,15.884202,0.178020,5.990729,2.821290
2739,1.104969,1.065245,nan,0.178020,nan,2.677154
2740,0.942803,1.028677,15.681205,0.177993,2.121264,2.342522
2741,0.742864,0.598064,nan,0.177993,nan,1.929080
2742,0.828434,0.853767,14.642893,0.177966,5.648391,2.090152
2743,0.867187,0.803771,nan,0.177966,nan,2.169764
2744,1.121193,1.185215,13.620750,0.177939,5.692782,2.723921
2745,0.856947,0.964815,nan,0.177939,nan,2.154851
2746,0.833222,0.795320,14.630222,0.177911,6.371829,2.103890
2747,0.832214,0.765464,nan,0.177911,nan,2.128733
2748,0.959368,1.073081,13.359274,0.177883,6.818033,2.371605
2749,0.709000,0.566718,nan,0.177883,nan,1.847455
2750,1.156225,1.279492,16.711040,0.177855,6.246403,2.754667
2751,0.823306,0.900797,nan,0.177855,nan,2.085294
2752,0.828078,0.943962,13.826254,0.177827,3.932608,2.097779
2753,0.823081,0.751031,nan,0.177827,nan,2.103730
2754,1.042137,0.992337,13.482531,0.177799,3.495524,2.545527
2755,1.026830,1.029666,nan,0.177799,nan,2.518458
2756,0.814557,0.770129,12.590742,0.177772,3.577910,2.104066
2757,0.979197,1.114503,nan,0.177772,nan,2.397674
2758,1.051196,1.132523,15.482271,0.177746,3.117235,2.545712
2759,0.628194,0.773770,nan,0.177746,nan,1.695915
2760,1.042543,0.882909,15.395142,0.177720,3.623416,2.542286
2761,0.911900,0.923033,nan,0.177720,nan,2.249413
2762,1.419993,0.688586,17.699207,0.177694,2.908818,3.320155
2763,1.419438,0.721956,nan,0.177694,nan,3.332950
2764,1.026438,1.343202,15.840353,0.177668,5.338967,2.500254
2765,0.749232,0.939422,nan,0.177668,nan,1.896979
2766,0.867463,1.094503,16.739485,0.177643,3.958101,2.161870
2767,1.209478,1.011102,nan,0.177643,nan,2.851072
2768,1.053928,0.803450,15.417800,0.177617,5.674939,2.573988
2769,1.382995,1.281422,nan,0.177617,nan,3.215568
2770,1.486178,1.448666,12.267879,0.177591,5.412061,3.426318
2771,0.534604,1.130852,nan,0.177591,nan,1.487509
2772,0.665184,0.835746,16.905323,0.177564,5.195745,1.746419
2773,1.140376,1.137492,nan,0.177564,nan,2.732539
2774,0.959386,0.897450,16.408047,0.177538,6.210405,2.375348
2775,0.978429,0.945649,nan,0.177538,nan,2.388386
2776,0.663691,0.969586,14.565969,0.177511,6.176401,1.744152
2777,1.368730,1.350873,nan,0.177511,nan,3.212440
2778,0.844530,1.403543,12.906969,0.177484,4.903292,2.114171
2779,1.110013,1.246866,nan,0.177484,nan,2.680079
2780,1.399282,1.524268,14.854748,0.177457,5.348114,3.270337
2781,0.909028,0.898205,nan,0.177457,nan,2.260461
2782,0.730902,0.659719,15.879427,0.177429,8.063012,1.901825
2783,0.861065,0.946511,nan,0.177429,nan,2.149312
2784,0.663563,0.859076,10.890924,0.177402,5.842746,1.782574
2785,0.897028,0.972892,nan,0.177402,nan,2.237434
2786,1.297308,1.149563,13.737881,0.177373,6.685144,3.056698
2787,0.793343,0.751142,nan,0.177373,nan,2.029275
2788,1.482022,1.087965,17.357059,0.177346,4.130486,3.427747
2789,1.153712,1.044113,nan,0.177346,nan,2.756090
2790,1.021054,1.441774,17.433823,0.177318,6.194288,2.495367
2791,0.872433,1.351123,nan,0.177318,nan,2.192867
2792,0.598631,0.572009,16.002335,0.177290,5.006678,1.606778
2793,0.558937,0.877150,nan,0.177290,nan,1.560504
2794,0.949508,0.776309,13.706724,0.177262,6.475653,2.336602
2795,0.706167,0.700172,nan,0.177262,nan,1.850604
2796,0.725412,0.845643,16.416080,0.177234,3.689534,1.868320
2797,0.826615,1.146627,nan,0.177234,nan,2.107292
2798,0.786369,1.234339,15.541714,0.177206,7.426271,1.985470
2799,1.270573,1.285248,nan,0.177206,nan,2.981164
2800,0.550675,0.574485,14.000422,0.177179,4.967087,1.510175
2801,1.315052,1.219762,nan,0.177179,nan,3.098610
2802,1.194321,1.210543,12.495590,0.177150,7.847898,2.837215
2803,1.346464,1.536124,nan,0.177150,nan,3.135712
2804,0.881518,1.079348,16.591438,0.177121,7.396305,2.197190
2805,0.502670,0.464040,nan,0.177121,nan,1.407455
2806,1.009675,0.773033,14.688828,0.177093,5.607692,2.444622
2807,0.966792,0.920866,nan,0.177093,nan,2.387121
2808,1.478432,1.521744,15.418633,0.177064,5.607325,3.391898
2809,0.942471,0.809092,nan,0.177064,nan,2.347894
2810,1.051784,0.783159,14.468740,0.177035,7.083363,2.558390
2811,0.894374,0.688782,nan,0.177035,nan,2.219702
2812,0.820755,0.816680,15.203259,0.177006,6.231945,2.075396
2813,0.841671,0.643208,nan,0.177006,nan,2.108247
2814,1.025400,1.344759,16.358791,0.176978,3.632127,2.479076
2815,1.074360,0.941175,nan,0.176978,nan,2.594549
2816,0.876229,0.862385,14.991292,0.176950,4.466836,2.180892
2817,0.993807,0.955142,nan,0.176950,nan,2.417328
2818,1.118349,1.190498,15.707769,0.176922,3.804183,2.696523
2819,0.715828,0.583030,nan,0.176922,nan,1.873472
2820,1.400561,1.420757,14.409266,0.176895,6.288374,3.240899
2821,0.815672,0.835099,nan,0.176895,nan,2.040028
2822,0.789472,0.951867,13.789419,0.176867,6.543364,1.990760
2823,0.894728,0.889196,nan,0.176867,nan,2.228624
2824,0.659788,0.663821,11.956369,0.176838,8.726381,1.752504
2825,0.983024,0.997125,nan,0.176838,nan,2.388260
2826,0.789205,0.704797,11.913374,0.176810,6.394385,2.015690
2827,0.789221,0.812284,nan,0.176810,nan,2.007898
2828,1.039106,0.911286,14.646614,0.176782,4.229624,2.522837
2829,1.171617,0.843411,nan,0.176782,nan,2.782867
2830,0.748471,0.766026,17.111553,0.176753,5.991309,1.907171
2831,0.798464,0.702718,nan,0.176753,nan,2.024815
2832,1.216448,1.122995,10.958586,0.176725,7.625276,2.890269
2833,1.092024,0.789991,nan,0.176725,nan,2.652455
2834,1.426368,1.192554,13.532745,0.176696,6.110789,3.323048
2835,0.787253,0.790563,nan,0.176696,nan,2.007750
2836,0.875444,0.577386,16.320290,0.176667,7.440589,2.198625
2837,0.747732,0.699070,nan,0.176667,nan,1.940752
2838,0.591561,0.605604,14.532352,0.176638,7.143539,1.610752
2839,0.773507,1.010610,nan,0.176638,nan,1.964754
2840,1.155727,0.948328,13.978175,0.176609,5.498123,2.778051
2841,1.302328,1.193419,nan,0.176609,nan,3.050840
2842,0.934976,0.869924,14.191921,0.176580,5.888018,2.307983
2843,1.010628,1.183212,nan,0.176580,nan,2.419061
2844,0.883627,1.155496,14.774066,0.176552,5.362153,2.200573
2845,1.238037,0.991021,nan,0.176552,nan,2.925065
2846,0.711795,0.758235,13.330572,0.176522,8.454396,1.835902
2847,0.809725,1.375843,nan,0.176522,nan,2.050375
2848,0.735800,1.485354,11.064508,0.176493,6.739497,1.897150
2849,1.463380,0.459980,nan,0.176493,nan,3.414620
2850,1.777815,0.896230,14.852884,0.176464,5.162457,4.048153
2851,0.971582,0.981101,nan,0.176464,nan,2.378198
2852,0.425104,0.539416,14.823492,0.176435,7.134470,1.268955
2853,1.111345,1.077831,nan,0.176435,nan,2.657298
2854,0.838472,0.775095,13.949036,0.176406,6.901147,2.141762
2855,0.701470,0.534237,nan,0.176406,nan,1.819340
2856,0.978569,0.907865,11.638350,0.176377,6.464667,2.407871
2857,0.714633,0.725603,nan,0.176377,nan,1.873630
2858,0.880794,0.950161,15.214451,0.176348,3.621601,2.209800
2859,1.223253,1.322616,nan,0.176348,nan,2.896101
2860,1.205477,0.973974,14.180717,0.176320,5.710056,2.885860
2861,0.899491,1.039920,nan,0.176320,nan,2.234230
2862,1.349975,1.280444,13.344659,0.176291,7.683640,3.167756
2863,0.910364,0.898156,nan,0.176291,nan,2.249690
2864,1.058521,0.939002,12.096196,0.176262,7.467079,2.558506
2865,0.601429,0.772092,nan,0.176262,nan,1.602167
2866,1.044824,0.962392,15.419621,0.176234,4.702372,2.521363
2867,0.672364,0.714166,nan,0.176234,nan,1.790048
2868,0.703136,0.779170,15.107022,0.176206,3.616250,1.824573
2869,0.781258,0.513254,nan,0.176206,nan,2.018174
2870,0.755988,0.712514,15.094955,0.176179,4.702233,1.944088
2871,1.297674,1.036511,nan,0.176179,nan,3.076772
2872,0.555165,0.620197,14.044433,0.176151,5.624519,1.508215
2873,0.794217,0.927862,nan,0.176151,nan,2.012608
2874,0.977470,0.911746,15.458080,0.176124,3.798023,2.411033
2875,1.126014,1.108030,nan,0.176124,nan,2.709330
2876,0.726852,0.885655,15.995093,0.176098,5.825723,1.907193
2877,0.904582,1.076799,nan,0.176098,nan,2.244861
2878,0.895324,1.237218,13.363646,0.176071,6.138565,2.254015
2879,0.637976,0.691944,nan,0.176071,nan,1.700742
2880,1.276677,1.179517,13.285686,0.176043,8.042851,3.003181
2881,0.999484,1.149219,nan,0.176043,nan,2.442147
2882,0.822030,0.841699,13.935654,0.176015,7.113297,2.090407
2883,0.844700,0.913920,nan,0.176015,nan,2.132103
2884,0.690038,0.697889,14.988932,0.175988,5.108460,1.831669
2885,1.027283,0.880415,nan,0.175988,nan,2.518116
2886,1.911670,1.180046,15.448213,0.175960,4.740693,4.297358
2887,0.767553,1.119518,nan,0.175960,nan,1.969065
2888,0.714509,0.820035,13.244637,0.175933,6.976285,1.831311
2889,0.649096,0.784960,nan,0.175933,nan,1.708564
2890,0.903426,0.904924,10.221460,0.175904,10.091673,2.236695
2891,1.435275,1.160387,nan,0.175904,nan,3.352037
2892,1.106716,0.847287,14.072585,0.175876,6.203361,2.693423
2893,0.875187,0.921358,nan,0.175876,nan,2.185954
2894,0.838592,0.759898,13.669140,0.175848,4.550321,2.109149
2895,0.870313,0.880419,nan,0.175848,nan,2.178066
2896,0.522107,0.513581,14.190232,0.175820,7.959817,1.453387
2897,0.924550,0.808917,nan,0.175820,nan,2.294167
2898,1.096576,1.102782,14.072196,0.175791,7.991102,2.643475
2899,0.919613,0.707694,nan,0.175791,nan,2.283968
2900,0.806634,0.838065,13.674207,0.175763,5.062068,2.034370
2901,0.830917,0.837563,nan,0.175763,nan,2.097744
2902,1.011935,0.703267,13.029354,0.175734,6.987052,2.502419
2903,0.751050,0.954396,nan,0.175734,nan,1.926863
2904,1.052865,1.086683,14.352335,0.175705,7.361295,2.541484
2905,0.507852,1.041252,nan,0.175705,nan,1.414844
2906,1.048309,0.870985,15.402887,0.175677,6.552892,2.531905
2907,0.653943,0.778389,nan,0.175677,nan,1.715974
2908,0.832220,0.851073,12.494517,0.175649,4.903563,2.119396
2909,1.163215,1.174453,nan,0.175649,nan,2.790634
2910,1.314096,0.766521,15.049244,0.175621,4.995344,3.111578
2911,1.341008,0.631924,nan,0.175621,nan,3.142351
2912,1.020109,0.931228,13.768175,0.175593,7.031122,2.506703
2913,1.022867,1.010153,nan,0.175593,nan,2.490659
2914,0.924606,0.745340,15.529133,0.175564,7.342235,2.290675
2915,0.433186,1.418779,nan,0.175564,nan,1.283487
2916,0.640282,0.971902,14.346557,0.175537,5.264582,1.713878
2917,0.801796,0.692943,nan,0.175537,nan,2.083354
2918,0.604278,0.826172,13.471405,0.175509,6.086890,1.612576
2919,1.187473,0.790998,nan,0.175509,nan,2.870577
2920,0.791508,0.778908,13.536604,0.175481,6.372075,2.017033
2921,1.048128,1.055097,nan,0.175481,nan,2.566821
2922,0.602311,0.536005,15.929914,0.175453,5.751458,1.657208
2923,0.625194,2.074523,nan,0.175453,nan,1.689246
2924,0.534568,1.669777,14.183851,0.175425,7.578700,1.465644
2925,1.562343,0.871095,nan,0.175425,nan,3.596821
2926,1.381007,1.036907,13.418779,0.175397,7.278333,3.233604
2927,0.490048,0.890316,nan,0.175397,nan,1.388761
2928,1.258886,0.875415,14.079378,0.175369,5.565859,2.979739
2929,1.173374,0.993537,nan,0.175369,nan,2.808359
2930,0.934988,0.654375,14.811396,0.175342,5.136768,2.322944
2931,0.989831,1.309066,nan,0.175342,nan,2.456872
2932,0.752034,1.171210,12.356860,0.175314,5.162948,1.935516
2933,1.022477,1.101996,nan,0.175314,nan,2.488575
2934,1.019214,1.560842,15.030099,0.175287,7.451719,2.508034
2935,0.887055,0.742871,nan,0.175287,nan,2.215482
2936,0.972195,1.278969,14.250023,0.175260,4.930890,2.392157
2937,1.079554,0.817356,nan,0.175260,nan,2.637833
2938,1.176742,1.089634,14.182438,0.175232,7.276482,2.795715
2939,1.087994,0.968892,nan,0.175232,nan,2.651154
2940,1.286012,1.030682,11.737822,0.175205,5.998822,3.037478
2941,1.177937,1.905469,nan,0.175205,nan,2.826807
2942,1.158316,1.491984,16.067629,0.175178,4.740471,2.806617
2943,0.903400,1.306709,nan,0.175178,nan,2.247090
2944,1.112206,1.029019,13.602706,0.175151,7.052886,2.685038
2945,1.154291,0.854555,nan,0.175151,nan,2.769756
2946,1.077072,1.106948,15.356463,0.175124,5.105634,2.573938
2947,1.438816,0.934235,nan,0.175124,nan,3.375168
2948,1.299793,0.827812,14.180620,0.175097,7.011891,3.079105
2949,0.965452,1.458270,nan,0.175097,nan,2.369063
2950,0.894057,1.405851,14.768839,0.175069,6.611625,2.256886
2951,0.871136,0.667214,nan,0.175069,nan,2.167719
2952,1.190051,1.253980,16.687710,0.175042,5.787247,2.816164
2953,0.915981,1.458538,nan,0.175042,nan,2.267648
2954,1.287269,1.523770,13.881646,0.175015,9.114294,3.013135
2955,1.193352,1.330718,nan,0.175015,nan,2.832819
2956,1.201181,1.544852,14.122034,0.174987,5.988484,2.844590
2957,1.179358,1.123757,nan,0.174987,nan,2.817207
2958,1.418226,1.204612,16.540140,0.174959,8.890816,3.307572
2959,1.013928,0.735811,nan,0.174959,nan,2.501631
2960,0.869071,0.708723,14.784105,0.174931,5.373112,2.175367
2961,1.671944,1.181620,nan,0.174931,nan,3.825979
2962,1.524357,1.254928,12.973338,0.174903,6.598825,3.507907
2963,0.600775,1.206809,nan,0.174903,nan,1.617613
2964,1.044923,1.264382,13.012778,0.174876,6.494278,2.484247
2965,1.375694,1.542664,nan,0.174876,nan,3.191900
2966,1.001847,1.081275,13.754622,0.174848,6.563865,2.440655
2967,0.993661,0.991567,nan,0.174848,nan,2.452018
2968,0.908699,0.878794,12.992535,0.174820,7.616203,2.233236
2969,0.820068,0.809099,nan,0.174820,nan,2.058197
2970,0.646382,0.854605,14.350769,0.174792,6.997973,1.704008
2971,1.124944,1.008512,nan,0.174792,nan,2.673962
2972,1.013465,1.220635,15.633980,0.174764,5.530622,2.471379
2973,1.261164,1.427948,nan,0.174764,nan,2.961853
2974,1.188132,1.524862,14.677847,0.174737,5.871499,2.781429
2975,0.628754,0.606480,nan,0.174737,nan,1.649858
2976,0.540633,0.735171,14.770430,0.174708,10.546549,1.448200
2977,1.283148,1.374177,nan,0.174708,nan,2.995177
2978,1.048770,1.017548,15.558001,0.174680,5.346298,2.525700
2979,0.917705,0.824711,nan,0.174680,nan,2.269392
2980,1.379297,1.408916,13.864342,0.174652,6.796132,3.178364
2981,1.136616,0.925633,nan,0.174652,nan,2.724643
2982,1.115305,1.136015,14.151957,0.174625,4.056739,2.658422
2983,0.933646,0.889464,nan,0.174625,nan,2.292566
2984,0.997544,0.967899,13.793789,0.174598,5.682716,2.410468
2985,0.904925,0.796054,nan,0.174598,nan,2.276688
2986,1.063481,1.089985,13.583235,0.174570,8.541247,2.535205
2987,0.661372,0.803460,nan,0.174570,nan,1.746305
2988,0.787722,0.726431,13.694834,0.174543,6.429705,2.002056
2989,0.655047,0.713734,nan,0.174543,nan,1.748150
2990,0.942892,0.800552,16.101139,0.174516,4.143069,2.341793
2991,0.782538,0.881841,nan,0.174516,nan,1.971736
2992,1.135372,1.108936,15.723557,0.174489,6.157417,2.702647
2993,1.400147,1.732195,nan,0.174489,nan,3.226078
2994,0.928852,1.028403,15.212063,0.174462,5.882343,2.248796
2995,0.673708,0.901193,nan,0.174462,nan,1.777882
2996,1.301427,1.357615,11.623183,0.174435,7.410316,3.039029
2997,1.481681,1.502522,nan,0.174435,nan,3.437900
2998,1.372105,1.668502,14.885401,0.174409,5.998755,3.190795
2999,1.131911,0.870078,nan,0.174409,nan,2.694857
3000,0.894426,0.906547,15.576939,0.174382,6.681199,2.207665
3001,0.847793,0.633905,nan,0.174382,nan,2.137795
3002,0.859761,1.081277,16.242022,0.174356,3.662648,2.129733
3003,1.164797,1.086858,nan,0.174356,nan,2.757825
3004,1.300853,1.289612,14.264858,0.174330,5.157009,3.049271
3005,1.017258,0.929372,nan,0.174330,nan,2.477859
3006,0.713513,0.951185,13.876719,0.174303,8.962267,1.818295
3007,1.035153,0.867926,nan,0.174303,nan,2.473653
3008,0.905530,1.048040,16.788994,0.174276,8.335026,2.225540
3009,1.170083,1.092712,nan,0.174276,nan,2.782379
3010,0.818648,0.884139,17.029364,0.174249,6.920269,2.047776
3011,1.092834,1.128560,nan,0.174249,nan,2.616374
3012,1.093845,1.148134,12.096058,0.174221,9.294639,2.635859
3013,0.963231,0.599218,nan,0.174221,nan,2.373682
3014,0.945640,1.086192,13.481647,0.174194,5.987135,2.317685
3015,0.888663,1.007424,nan,0.174194,nan,2.174569
3016,0.984111,1.135753,15.726374,0.174166,8.544626,2.371592
3017,0.770227,0.733043,nan,0.174166,nan,1.913058
3018,1.347110,1.440084,14.218700,0.174138,6.459742,3.090857
3019,0.769204,0.814887,nan,0.174138,nan,1.949914
3020,1.193743,1.335399,15.520089,0.174111,6.067689,2.795337
3021,1.139890,1.072197,nan,0.174111,nan,2.697062
3022,0.991994,0.953203,12.115323,0.174083,6.068347,2.389966
3023,1.077055,1.059226,nan,0.174083,nan,2.539893
3024,0.548980,0.496576,14.456584,0.174055,9.166142,1.510743
3025,0.655668,0.670958,nan,0.174055,nan,1.682249
3026,0.672850,0.748634,13.898876,0.174027,9.202791,1.714939
3027,0.755456,0.833987,nan,0.174027,nan,1.869449
3028,0.568406,0.549258,15.421545,0.173999,7.129009,1.509798
3029,0.639667,0.649658,nan,0.173999,nan,1.680459
3030,0.877827,0.854921,17.942448,0.173971,7.053123,2.153864
3031,0.661537,0.693780,nan,0.173971,nan,1.694496
3032,1.519298,1.530116,12.986340,0.173943,5.781282,3.465065
3033,0.634085,0.807656,nan,0.173943,nan,1.652629
3034,0.965044,1.174284,13.425631,0.173915,7.003105,2.370828
3035,1.895238,1.556311,nan,0.173915,nan,4.240782
3036,1.117812,0.717079,13.271801,0.173887,7.600517,2.643402
3037,1.317031,1.324502,nan,0.173887,nan,3.080278
3038,0.695328,1.087232,17.384598,0.173860,5.599448,1.784237
3039,1.365550,1.463612,nan,0.173860,nan,3.172964
3040,0.916531,1.194288,15.478817,0.173832,8.015808,2.242196
3041,1.393473,0.911429,nan,0.173832,nan,3.244218
3042,1.157817,0.607378,13.828534,0.173804,8.688852,2.762670
3043,0.930512,0.911038,nan,0.173804,nan,2.274309
3044,1.468250,1.218891,13.247977,0.173776,6.218478,3.357259
3045,0.887663,1.521672,nan,0.173776,nan,2.173821
3046,1.007339,1.573900,14.450186,0.173748,6.865975,2.438917
3047,0.919429,0.946917,nan,0.173748,nan,2.213274
3048,1.055414,0.542022,15.948524,0.173721,5.352921,2.564521
3049,0.641142,1.046780,nan,0.173721,nan,1.647378
3050,1.480759,0.961026,16.392836,0.173694,6.516848,3.426486
3051,1.120181,0.886812,nan,0.173694,nan,2.646825
3052,0.691586,0.624636,14.794752,0.173666,7.835282,1.831692
3053,1.705928,1.531552,nan,0.173666,nan,3.834012
3054,1.016639,1.133048,14.371635,0.173639,5.135683,2.431772
3055,1.379918,1.277066,nan,0.173639,nan,3.180780
3056,0.831628,0.783886,16.079916,0.173612,6.974319,2.107086
3057,1.025678,0.833485,nan,0.173612,nan,2.459200
3058,0.553178,0.784796,14.827177,0.173585,7.053478,1.504323
3059,0.879693,0.864443,nan,0.173585,nan,2.169997
3060,1.164041,1.157964,12.339491,0.173559,4.909019,2.733285
3061,1.070891,0.794807,nan,0.173559,nan,2.565767
3062,1.052850,1.101689,13.105258,0.173533,5.363720,2.532744
3063,0.946620,0.908985,nan,0.173533,nan,2.261439
3064,0.587723,0.584908,13.987854,0.173507,6.036010,1.575269
3065,0.959115,0.879747,nan,0.173507,nan,2.325424
3066,1.284691,1.229359,15.056258,0.173480,7.930582,3.015415
3067,1.032213,1.036317,nan,0.173480,nan,2.494537
3068,1.229383,1.250842,13.437387,0.173453,8.348436,2.864222
3069,1.321847,1.252814,nan,0.173453,nan,3.069467
3070,1.243775,1.140803,13.969850,0.173427,5.575236,2.889030
3071,0.778179,0.878043,nan,0.173427,nan,1.962684
3072,0.478753,0.668433,14.355738,0.173401,6.252470,1.337591
3073,0.821138,0.843360,nan,0.173401,nan,2.053411
3074,1.060238,1.162260,16.521481,0.173374,6.950792,2.536664
3075,0.825369,0.994794,nan,0.173374,nan,2.063156
3076,0.802628,0.953935,14.615166,0.173348,8.842081,2.035270
3077,0.579820,0.518052,nan,0.173348,nan,1.529089
3078,0.597557,0.781663,13.588312,0.173321,7.056278,1.598183
3079,1.098987,0.992858,nan,0.173321,nan,2.604492
3080,0.930234,1.002030,15.300388,0.173294,6.663301,2.286758
3081,0.865453,0.795592,nan,0.173294,nan,2.124051
3082,0.858667,1.097667,15.601052,0.173267,6.560901,2.104930
3083,0.587744,0.604106,nan,0.173267,nan,1.562922
3084,0.720686,0.782001,14.734768,0.173241,5.435284,1.875811
3085,0.942533,0.843811,nan,0.173241,nan,2.300875
3086,0.893535,0.779563,15.511000,0.173215,6.729594,2.207723
3087,0.791507,0.911033,nan,0.173215,nan,1.982074
3088,0.766854,1.017976,15.187468,0.173188,8.679922,1.946014
3089,0.880552,0.664550,nan,0.173188,nan,2.164277
3090,0.702051,0.701887,12.116800,0.173160,10.605886,1.822726
3091,0.637733,0.928889,nan,0.173160,nan,1.673984
3092,1.033379,1.594330,15.052771,0.173133,5.701029,2.466497
3093,1.089404,0.943434,nan,0.173133,nan,2.636248
3094,1.254510,0.989418,14.563630,0.173106,9.214085,2.967097
3095,0.695597,0.666201,nan,0.173106,nan,1.802464
3096,0.873826,0.686725,16.336283,0.173078,6.678421,2.189659
3097,0.468097,0.626989,nan,0.173078,nan,1.335228
3098,0.570888,0.594804,14.321532,0.173051,7.819587,1.508496
3099,0.691975,1.097861,nan,0.173051,nan,1.809872
3100,1.277500,1.262292,14.773071,0.173023,7.650793,3.014192
3101,1.916890,0.860810,nan,0.173023,nan,4.297873
3102,0.673846,0.371010,11.852095,0.172996,7.992425,1.773403
3103,1.310485,1.292043,nan,0.172996,nan,3.064077
3104,0.734842,0.798081,15.041210,0.172968,8.471051,1.884645
3105,1.194677,1.030409,nan,0.172968,nan,2.848561
3106,0.630919,0.554350,13.254196,0.172939,9.800776,1.676025
3107,1.086160,0.899852,nan,0.172939,nan,2.610549
3108,0.815523,1.010933,17.943054,0.172911,7.549769,2.045391
3109,0.978726,0.822926,nan,0.172911,nan,2.389493
3110,0.939556,0.940190,13.375869,0.172883,7.217255,2.315716
3111,0.635965,1.002225,nan,0.172883,nan,1.647834
3112,0.860636,1.128688,12.876869,0.172855,8.499214,2.154764
3113,0.793231,0.811501,nan,0.172855,nan,1.976269
3114,0.591133,0.749558,16.247089,0.172827,7.748022,1.542874
3115,1.005207,0.674051,nan,0.172827,nan,2.470347
3116,1.033430,1.075190,15.273815,0.172798,7.364347,2.503230
3117,0.876504,0.895065,nan,0.172798,nan,2.155031
3118,1.017584,0.961541,13.693369,0.172771,6.543804,2.480734
3119,1.080268,1.144422,nan,0.172771,nan,2.586485
3120,1.100773,1.359654,12.830212,0.172743,7.557488,2.641221
3121,1.150978,1.026700,nan,0.172743,nan,2.732939
3122,0.981040,0.886756,13.340488,0.172715,9.361788,2.331767
3123,0.988173,1.301440,nan,0.172715,nan,2.395853
3124,0.710388,1.388626,12.256126,0.172686,11.003286,1.839225
3125,1.021756,0.688736,nan,0.172686,nan,2.448454
3126,1.073143,0.830743,15.080333,0.172657,9.189914,2.562911
3127,0.687287,0.643765,nan,0.172657,nan,1.774830
3128,0.700858,0.813053,13.262890,0.172628,8.159072,1.830636
3129,0.658014,0.558979,nan,0.172628,nan,1.697840
3130,0.703055,0.831203,14.072485,0.172599,6.986919,1.811513
3131,0.528210,0.717036,nan,0.172599,nan,1.436301
3132,0.510717,0.534732,13.490702,0.172571,8.388394,1.377872
3133,0.522760,0.677901,nan,0.172571,nan,1.427738
3134,0.477926,0.568771,17.178806,0.172542,7.298526,1.329984
3135,0.810573,0.774321,nan,0.172542,nan,2.040383
3136,0.621795,0.704649,16.231438,0.172514,7.537118,1.658399
3137,0.544075,0.549301,nan,0.172514,nan,1.461018
3138,0.557974,0.535042,15.333490,0.172486,8.210752,1.495448
3139,0.776438,0.726966,nan,0.172486,nan,1.946863
3140,0.581446,0.533461,15.523463,0.172458,4.736986,1.584556
3141,0.946100,0.581161,nan,0.172458,nan,2.349201
3142,0.431420,0.445924,16.115358,0.172430,7.593082,1.242630
3143,0.914576,1.110862,nan,0.172430,nan,2.274798
3144,0.956275,0.700654,17.528044,0.172403,5.227012,2.343085
3145,0.943285,0.549960,nan,0.172403,nan,2.302543
3146,1.065216,0.521424,12.510110,0.172377,6.190933,2.527148
3147,0.620543,1.570875,nan,0.172377,nan,1.665838
3148,0.705071,1.648748,14.574160,0.172350,6.804549,1.813506
3149,0.772372,0.760380,nan,0.172350,nan,1.942671
3150,0.613090,1.114699,16.963135,0.172324,6.557243,1.609258
3151,0.581421,1.280035,nan,0.172324,nan,1.549367
3152,1.430024,0.537542,15.027140,0.172297,7.664606,3.325318
3153,0.743939,1.223290,nan,0.172297,nan,1.886102
3154,0.492197,0.762833,14.908960,0.172271,5.256404,1.396050
3155,1.314714,1.241455,nan,0.172271,nan,3.034772
3156,1.205430,1.223905,12.272053,0.172245,9.448451,2.819063
3157,0.693316,1.478784,nan,0.172245,nan,1.783098
3158,1.007406,1.768648,15.029031,0.172218,7.121443,2.440382
3159,0.642817,0.851184,nan,0.172218,nan,1.682679
3160,0.963526,0.814238,15.732382,0.172192,8.418465,2.336229
3161,0.716511,1.293360,nan,0.172192,nan,1.809373
3162,0.516258,0.602899,14.847589,0.172165,7.349817,1.422994
3163,1.292690,1.143699,nan,0.172165,nan,3.053819
3164,0.895620,1.397766,13.341228,0.172139,7.206626,2.212468
3165,0.883140,0.571212,nan,0.172139,nan,2.167043
3166,1.397731,0.568660,14.837361,0.172112,8.952038,3.268432
3167,0.626274,0.433036,nan,0.172112,nan,1.666899
3168,0.863721,0.583694,14.835469,0.172085,7.290269,2.143951
3169,1.079606,0.554960,nan,0.172085,nan,2.590548
3170,0.620962,0.424705,14.851488,0.172058,9.792428,1.654144
3171,1.477437,0.431500,nan,0.172058,nan,3.384168
3172,1.120914,0.402113,10.303725,0.172031,6.046737,2.682163
3173,0.762044,1.084439,nan,0.172031,nan,1.954843
3174,0.585727,0.634733,12.919067,0.172004,8.722413,1.546565
3175,0.608807,0.761969,nan,0.172004,nan,1.601131
3176,0.907515,0.682170,15.844948,0.171977,6.292394,2.247996
3177,0.697645,0.489122,nan,0.171977,nan,1.795946
3178,0.494915,0.635569,11.180916,0.171950,7.724411,1.363255
3179,0.757398,0.753544,nan,0.171950,nan,1.918515
3180,0.662163,1.114915,14.061695,0.171924,6.344393,1.697028
3181,0.410614,0.493146,nan,0.171924,nan,1.190495
3182,0.520156,0.541847,12.707794,0.171897,7.204478,1.402110
3183,0.377038,0.499737,nan,0.171897,nan,1.109628
3184,0.573374,0.396142,13.897520,0.171871,6.661563,1.515502
3185,0.721892,0.520053,nan,0.171871,nan,1.852252
3186,0.650970,0.560843,12.953615,0.171845,8.068796,1.674549
3187,0.499746,0.352281,nan,0.171845,nan,1.382861
3188,0.491963,0.524810,9.361392,0.171818,9.709363,1.365742
3189,0.413115,0.647420,nan,0.171818,nan,1.168182
3190,0.360287,0.559945,10.684702,0.171791,7.771345,1.077831
3191,0.612338,0.755403,nan,0.171791,nan,1.618241
3192,0.453544,0.442608,12.564405,0.171764,7.706349,1.268391
3193,0.419861,0.364119,nan,0.171764,nan,1.236505
3194,0.703503,0.401045,10.229592,0.171737,9.605082,1.819936
3195,0.367989,0.434603,nan,0.171737,nan,1.110567
3196,0.431114,0.397396,13.845220,0.171710,7.937810,1.242317
3197,0.441528,0.476629,nan,0.171710,nan,1.259617
3198,0.411783,0.694701,11.388711,0.171682,9.822664,1.184609
3199,0.586326,0.559272,nan,0.171682,nan,1.580753
3200,0.882947,0.653708,14.826372,0.171655,8.682119,2.211336
3201,0.633680,0.513122,nan,0.171655,nan,1.691423
3202,0.506654,0.637311,14.108110,0.171627,7.849982,1.400337
3203,0.621200,0.514596,nan,0.171627,nan,1.669794
3204,0.589301,0.454343,14.045596,0.171599,8.060877,1.583744
3205,0.487399,0.506033,nan,0.171599,nan,1.344377
3206,0.557189,0.609166,10.984585,0.171572,9.093801,1.534031
3207,0.689966,0.501661,nan,0.171572,nan,1.774655
3208,0.620010,0.788571,13.522741,0.171544,7.814723,1.678366
3209,0.451624,0.479161,nan,0.171544,nan,1.295063
3210,0.502879,0.853101,12.814750,0.171516,9.417458,1.386403
3211,0.480772,0.750467,nan,0.171516,nan,1.358336
3212,0.521290,0.472349,13.768810,0.171489,6.163507,1.460083
3213,0.424109,0.752203,nan,0.171489,nan,1.236903
3214,0.720641,0.504959,10.929113,0.171461,9.050596,1.874459
3215,0.775734,0.530286,nan,0.171461,nan,1.981081
3216,0.532948,0.564932,13.994659,0.171434,7.791875,1.439341
3217,0.472610,0.479573,nan,0.171434,nan,1.317593
3218,0.515144,0.843744,13.309077,0.171406,8.344900,1.430014
3219,0.623119,0.401906,nan,0.171406,nan,1.664204
3220,0.467982,1.281129,13.807943,0.171379,6.898650,1.308552
3221,0.761117,0.912675,nan,0.171379,nan,1.933260
3222,0.483755,0.496949,13.433407,0.171352,9.520340,1.380747
3223,0.762832,1.889718,nan,0.171352,nan,1.980110
3224,0.386898,1.979468,13.471985,0.171325,7.817619,1.160808
3225,1.059097,0.453317,nan,0.171325,nan,2.580752
3226,1.606206,0.650219,11.496544,0.171297,9.238972,3.686639
3227,0.655235,0.457117,nan,0.171297,nan,1.729207
3228,0.696653,0.950250,13.251788,0.171270,6.773680,1.822105
3229,1.223595,1.015989,nan,0.171270,nan,2.901031
3230,1.113273,0.709664,10.021597,0.171243,5.972133,2.646346
3231,0.491224,1.004548,nan,0.171243,nan,1.392194
3232,0.565161,1.262685,10.047521,0.171216,9.801220,1.534480
3233,0.663626,0.605140,nan,0.171216,nan,1.720918
3234,0.648856,0.622895,11.433528,0.171189,7.078608,1.720292
3235,0.841424,0.628664,nan,0.171189,nan,2.121891
3236,0.808435,0.701348,12.038206,0.171162,7.714533,2.045829
3237,0.705245,0.756393,nan,0.171162,nan,1.785484
3238,0.721235,0.562594,7.945812,0.171136,8.436214,1.856737
3239,0.996289,1.365498,nan,0.171136,nan,2.399844
3240,1.175033,0.950674,9.734676,0.171109,7.636344,2.801402
3241,0.946576,1.471443,nan,0.171109,nan,2.317239
3242,1.179388,1.682107,10.454583,0.171083,6.163137,2.804328
3243,0.940276,0.924879,nan,0.171083,nan,2.307686
3244,0.998288,1.053245,13.230949,0.171056,7.905149,2.443555
3245,0.660991,1.140206,nan,0.171056,nan,1.727692
3246,0.968370,0.571060,13.378146,0.171030,7.101866,2.403656
3247,0.722571,0.590300,nan,0.171030,nan,1.867808
3248,1.077242,0.957990,11.066555,0.171003,10.564970,2.580247
3249,0.777022,0.786527,nan,0.171003,nan,1.962439
3250,0.906258,1.146326,11.265120,0.170977,6.529619,2.184407
3251,0.641053,0.876852,nan,0.170977,nan,1.689465
3252,0.532558,0.789186,10.498699,0.170950,9.002503,1.436221
3253,0.883693,0.888015,nan,0.170950,nan,2.167247
3254,0.858865,0.807117,12.533373,0.170924,9.109844,2.139396
3255,0.835351,0.970898,nan,0.170924,nan,2.082109
3256,0.871655,0.916901,13.010937,0.170897,9.020085,2.166452
3257,0.983194,0.943502,nan,0.170897,nan,2.419292
3258,0.886580,0.559620,10.223171,0.170870,6.101548,2.237268
3259,0.835732,0.895995,nan,0.170870,nan,2.076638
3260,1.051134,1.035270,10.377758,0.170843,9.204965,2.509051
3261,0.917355,1.401276,nan,0.170843,nan,2.268643
3262,1.157304,0.935634,12.164423,0.170817,6.618978,2.795362
3263,0.954871,0.630173,nan,0.170817,nan,2.379580
3264,0.951342,0.938873,10.066419,0.170791,8.297977,2.288219
3265,0.858135,0.852813,nan,0.170791,nan,2.099499
3266,1.250476,1.204004,10.899748,0.170765,6.321583,2.896643
3267,0.978977,1.013075,nan,0.170765,nan,2.393025
3268,0.881301,0.795915,9.719931,0.170738,9.230796,2.186069
3269,0.707673,0.647326,nan,0.170738,nan,1.837539
3270,1.111377,1.035269,9.874448,0.170712,8.881300,2.656847
3271,1.249866,1.370478,nan,0.170712,nan,2.918505
3272,1.345960,1.130100,12.275206,0.170685,8.365232,3.157054
3273,0.699546,0.739601,nan,0.170685,nan,1.798581
3274,1.292867,1.253433,12.754221,0.170658,9.679423,3.037142
3275,1.255037,1.093926,nan,0.170658,nan,2.974586
3276,0.625742,1.078822,11.795362,0.170632,6.972853,1.644405
3277,0.634290,0.805125,nan,0.170632,nan,1.697860
3278,1.280587,1.566708,13.110023,0.170605,7.718479,2.980534
3279,0.959389,0.961163,nan,0.170605,nan,2.365790
3280,1.614958,1.527925,12.772108,0.170579,7.606591,3.672844
3281,1.382623,1.186195,nan,0.170579,nan,3.231951
3282,1.215176,0.834386,9.914251,0.170553,7.708542,2.902718
3283,0.915574,1.011826,nan,0.170553,nan,2.259619
3284,1.153425,1.124300,11.367537,0.170527,7.943030,2.730602
3285,1.532788,1.221428,nan,0.170527,nan,3.538414
3286,1.834326,1.295361,10.193990,0.170500,9.904192,4.111091
3287,1.358805,1.800015,nan,0.170500,nan,3.191748
3288,1.119976,1.506578,13.549871,0.170474,6.417104,2.690090
3289,0.965165,1.348202,nan,0.170474,nan,2.323754
3290,1.279415,1.507032,15.079067,0.170448,8.894296,3.005543
3291,2.039707,1.431489,nan,0.170448,nan,4.573026
3292,1.870200,1.154001,12.421383,0.170421,9.098695,4.213102
3293,1.182212,1.233267,nan,0.170421,nan,2.793922
3294,1.704944,1.249400,8.812540,0.170395,9.044025,3.856357
3295,1.264041,1.446190,nan,0.170395,nan,2.955483
3296,1.265802,1.483034,9.243656,0.170368,5.920333,2.973668
3297,1.379188,1.436837,nan,0.170368,nan,3.232296
3298,0.682622,0.744127,12.099936,0.170342,8.880072,1.776105
3299,1.818379,1.522445,nan,0.170342,nan,4.103551
3300,1.640914,1.447477,12.539221,0.170316,8.845823,3.770798
3301,1.686045,1.623716,nan,0.170316,nan,3.837788
3302,1.401108,1.504904,10.703497,0.170289,8.634485,3.253178
3303,1.432546,1.621711,nan,0.170289,nan,3.298501
3304,1.314978,1.338742,10.303652,0.170263,8.866449,3.075579
3305,1.397054,1.373712,nan,0.170263,nan,3.249073
3306,1.080259,1.163786,11.828030,0.170236,8.888231,2.626754
3307,1.321757,1.201900,nan,0.170236,nan,3.095066
3308,1.761152,1.739472,12.442015,0.170210,7.581474,3.994108
3309,2.053398,1.571811,nan,0.170210,nan,4.598604
3310,1.923362,1.426327,13.318802,0.170183,8.372522,4.343654
3311,1.756244,1.843516,nan,0.170183,nan,3.982339
3312,1.821998,1.830355,11.742517,0.170157,7.891029,4.106977
3313,1.527706,1.911293,nan,0.170157,nan,3.507669
3314,1.548696,1.620711,9.986847,0.170131,7.103549,3.553813
3315,1.941152,1.536070,nan,0.170131,nan,4.321285
3316,2.694055,2.371662,9.545921,0.170105,9.534000,5.865390
3317,1.439960,1.859527,nan,0.170105,nan,3.317730
3318,2.223638,2.009707,14.934244,0.170078,8.349025,4.909575
3319,1.787016,1.733254,nan,0.170078,nan,4.059387
3320,1.707381,1.675070,14.251262,0.170052,7.523775,3.884020
3321,1.353736,1.221743,nan,0.170052,nan,3.192076
3322,1.887122,1.952854,13.192625,0.170026,8.470206,4.245660
3323,1.145049,1.255371,nan,0.170026,nan,2.718820
3324,1.539094,1.480112,9.538666,0.170000,9.623432,3.523769
3325,1.467947,1.448168,nan,0.170000,nan,3.400369
3326,2.056741,1.801258,13.394495,0.169974,6.497522,4.549021
3327,2.014277,1.890507,nan,0.169974,nan,4.445900
3328,1.694349,1.739219,12.129132,0.169948,8.084591,3.849271
3329,1.679565,1.785055,nan,0.169948,nan,3.838181
3330,2.065911,2.019253,14.821067,0.169922,7.245709,4.587865
3331,2.043136,2.056844,nan,0.169922,nan,4.569592
3332,2.091898,1.952709,15.880316,0.169896,11.316982,4.683282
3333,1.900196,1.749841,nan,0.169896,nan,4.263903
3334,1.090000,1.319662,11.388491,0.169869,7.457803,2.609607
3335,1.663984,1.340222,nan,0.169869,nan,3.776644
3336,2.370346,2.876307,11.817074,0.169843,8.464383,5.180836
3337,1.353519,2.107806,nan,0.169843,nan,3.119411
3338,1.221827,1.204476,13.103930,0.169817,8.014561,2.858560
3339,2.383303,2.383967,nan,0.169817,nan,5.242122
3340,1.194634,1.504358,13.356991,0.169791,8.587177,2.831432
3341,2.912444,2.328701,nan,0.169791,nan,6.318851
3342,1.982393,1.686003,14.077836,0.169765,7.430793,4.450818
3343,1.851302,1.610682,nan,0.169765,nan,4.126271
3344,2.037653,1.708247,11.158583,0.169740,5.649394,4.540124
3345,1.682847,2.110644,nan,0.169740,nan,3.806041
3346,1.833236,2.814903,13.670368,0.169714,8.864552,4.139392
3347,2.185079,2.177781,nan,0.169714,nan,4.838184
3348,2.079521,2.012869,14.278133,0.169689,9.908285,4.604983
3349,1.657346,1.889847,nan,0.169689,nan,3.776775
3350,2.074483,1.697843,15.613852,0.169662,11.059299,4.641656
3351,1.765770,1.634372,nan,0.169662,nan,4.019356
3352,2.234749,2.143521,16.570343,0.169636,8.599873,4.938599
3353,2.237205,2.014073,nan,0.169636,nan,4.944434
3354,1.769969,1.810013,15.023453,0.169609,9.918716,4.004545
3355,2.201447,2.218277,nan,0.169609,nan,4.887798
3356,1.719040,2.014473,16.228203,0.169583,8.956099,3.892729
3357,2.774185,2.521008,nan,0.169583,nan,6.022420
3358,2.341931,2.125148,16.677719,0.169556,6.583827,5.174060
3359,1.766331,1.972780,nan,0.169556,nan,3.986092
3360,1.384904,1.440466,11.937334,0.169530,8.556865,3.217576
3361,1.624041,2.048150,nan,0.169530,nan,3.735729
3362,1.744091,2.369410,8.767740,0.169504,10.736691,3.962788
3363,2.183394,2.116068,nan,0.169504,nan,4.818244
3364,2.365240,1.463959,10.797484,0.169478,6.409688,5.221319
3365,1.876501,1.773860,nan,0.169478,nan,4.205692
3366,2.121923,2.263627,18.748470,0.169451,9.504263,4.719413
3367,1.991058,1.826024,nan,0.169451,nan,4.461285
3368,1.959916,1.908340,16.379181,0.169425,8.200170,4.388927
3369,2.111453,2.162176,nan,0.169425,nan,4.713414
3370,2.016344,2.004096,13.101222,0.169399,8.987335,4.508778
3371,1.590598,1.624544,nan,0.169399,nan,3.668956
3372,2.220253,2.211880,17.052734,0.169372,10.461489,4.943320
3373,2.299474,2.256268,nan,0.169372,nan,5.077630
3374,1.491752,1.589680,13.947775,0.169346,7.491387,3.444895
3375,2.367617,2.434903,nan,0.169346,nan,5.249502
3376,2.161562,1.875154,18.044518,0.169320,8.948770,4.825359
3377,2.352007,2.485990,nan,0.169320,nan,5.210735
3378,2.123809,2.170787,16.864588,0.169294,6.832276,4.729870
3379,1.826108,1.774097,nan,0.169294,nan,4.160819
3380,1.949937,1.866911,12.355321,0.169268,10.743753,4.402845
3381,2.566456,2.036125,nan,0.169268,nan,5.608036
3382,2.305300,1.788191,8.823317,0.169241,8.042139,5.074039
3383,1.631356,1.829469,nan,0.169241,nan,3.742972
3384,1.776876,2.470967,12.934706,0.169215,8.693852,4.039332
3385,1.940768,1.788427,nan,0.169215,nan,4.318686
3386,2.622825,2.314919,20.283419,0.169189,8.508298,5.708237
3387,2.100034,2.152843,nan,0.169189,nan,4.691637
3388,1.845114,1.872228,18.973761,0.169163,11.568058,4.171104
3389,1.764271,2.252651,nan,0.169163,nan,4.013772
3390,1.455043,2.280149,16.878849,0.169136,8.210530,3.354030
3391,2.462706,2.079564,nan,0.169136,nan,5.413437
3392,2.753257,1.985932,14.692789,0.169109,9.680655,5.992191
3393,2.382062,2.198305,nan,0.169109,nan,5.260645
3394,2.585468,2.014199,16.974735,0.169083,8.424656,5.663104
3395,1.860855,1.798388,nan,0.169083,nan,4.186337
3396,2.194154,2.546933,19.991684,0.169056,9.311915,4.897206
3397,2.030991,2.448913,nan,0.169056,nan,4.571480
3398,1.978249,1.875341,16.524473,0.169030,7.136422,4.450201
3399,1.965050,2.127313,nan,0.169030,nan,4.418780
3400,1.945104,2.038017,19.867338,0.169004,8.646479,4.397418
3401,2.285888,2.111718,nan,0.169004,nan,5.031993
3402,2.302042,1.871052,19.198643,0.168978,9.806374,5.088666
3403,1.947579,2.085454,nan,0.168978,nan,4.390562
3404,1.994359,1.812476,15.282725,0.168952,8.383657,4.488584
3405,2.428280,2.062751,nan,0.168952,nan,5.352109
3406,2.142054,2.098303,18.141254,0.168926,9.127032,4.782202
3407,3.061170,1.857652,nan,0.168926,nan,6.632533
3408,2.848344,2.387931,19.381990,0.168900,8.419016,6.181314
3409,2.427769,2.201073,nan,0.168900,nan,5.356387
3410,2.124557,2.326005,15.658364,0.168873,10.347042,4.713893
3411,1.712441,1.684945,nan,0.168873,nan,3.889017
3412,2.015526,2.534050,18.994556,0.168847,9.564751,4.533453
3413,2.332583,2.599016,nan,0.168847,nan,5.167443
3414,1.780810,1.890963,16.857855,0.168820,8.411643,4.054895
3415,1.975382,2.206780,nan,0.168820,nan,4.417545
3416,1.579674,1.821551,18.331726,0.168794,8.339962,3.639616
3417,2.333151,1.950458,nan,0.168794,nan,5.161563
3418,2.697433,2.214209,18.281403,0.168768,6.887475,5.893347
3419,2.146792,2.294787,nan,0.168768,nan,4.789907
3420,2.308786,1.899551,19.416195,0.168743,6.822215,5.086749
3421,1.612074,2.021759,nan,0.168743,nan,3.700188
3422,1.483063,1.638842,14.648053,0.168718,8.860963,3.428444
3423,1.570556,2.148988,nan,0.168718,nan,3.617506
3424,1.952540,2.246478,14.460788,0.168692,7.428039,4.396989
3425,1.669497,1.571530,nan,0.168692,nan,3.811664
3426,2.369720,1.825651,18.965487,0.168667,9.570919,5.227539
3427,2.264236,2.334558,nan,0.168667,nan,5.011012
3428,2.308566,1.981052,17.637959,0.168642,8.645516,5.123718
3429,1.867342,1.806585,nan,0.168642,nan,4.211420
3430,1.923086,1.970305,18.681309,0.168617,6.512000,4.320230
3431,2.377577,1.753035,nan,0.168617,nan,5.225819
3432,1.565697,1.926916,16.162477,0.168592,9.865606,3.580880
3433,1.930323,1.788825,nan,0.168592,nan,4.346171
3434,1.975409,2.719810,23.142731,0.168567,7.498230,4.433948
3435,1.603966,1.944545,nan,0.168567,nan,3.674548
3436,1.797129,1.658261,21.017324,0.168541,10.528673,4.068577
3437,2.081876,1.911823,nan,0.168541,nan,4.661414
3438,2.054136,1.882903,24.893650,0.168516,9.601540,4.609241
3439,3.446476,2.752891,nan,0.168516,nan,7.390456
3440,2.634331,2.242145,21.418333,0.168490,8.748516,5.756332
3441,1.749899,2.084209,nan,0.168490,nan,3.964359
3442,1.837299,1.447181,16.220005,0.168464,9.247715,4.159355
3443,2.548899,2.829515,nan,0.168464,nan,5.597769
3444,2.302407,2.728974,14.020220,0.168438,11.090434,5.095767
3445,2.420209,2.541076,nan,0.168438,nan,5.325799
3446,2.698202,2.376226,17.096397,0.168413,8.402384,5.849514
3447,2.317347,2.229898,nan,0.168413,nan,5.095826
3448,2.239812,2.442288,21.735916,0.168386,9.800932,4.937383
3449,2.992054,2.286774,nan,0.168386,nan,6.485879
3450,2.451637,2.017248,20.709991,0.168360,9.352974,5.395409
3451,2.092550,2.227899,nan,0.168360,nan,4.674195
3452,1.946174,1.985486,14.094560,0.168334,10.862026,4.347651
3453,1.439950,1.554402,nan,0.168334,nan,3.356482
3454,2.059943,1.836668,14.908266,0.168308,10.181011,4.581710
3455,1.895650,2.032092,nan,0.168308,nan,4.236161
3456,1.913945,1.981139,15.612692,0.168281,8.577208,4.288393
3457,2.131164,2.221266,nan,0.168281,nan,4.725669
3458,1.760797,1.805804,17.954666,0.168255,8.138778,4.006983
3459,1.575390,1.579986,nan,0.168255,nan,3.595190
3460,1.809998,2.055730,21.608446,0.168229,9.068606,4.074548
3461,0.993906,1.101927,nan,0.168229,nan,2.424736
3462,2.085365,1.993569,25.228451,0.168204,6.490978,4.637660
3463,1.444929,1.440349,nan,0.168204,nan,3.354882
3464,1.559441,1.523548,17.207180,0.168178,8.569141,3.571469
3465,1.400750,1.606693,nan,0.168178,nan,3.281398
3466,1.628363,1.575840,16.428974,0.168153,8.928129,3.684567
3467,2.078532,2.268450,nan,0.168153,nan,4.610895
3468,2.274305,2.053679,17.844902,0.168127,7.625369,5.002066
3469,1.952438,1.998171,nan,0.168127,nan,4.382847
3470,1.391893,1.364830,18.176741,0.168102,11.303023,3.255702
3471,1.599471,1.663964,nan,0.168102,nan,3.638727
3472,1.936364,1.948901,20.781361,0.168076,7.229607,4.355108
3473,1.592643,1.640916,nan,0.168076,nan,3.633289
3474,1.587155,1.631677,17.805397,0.168051,10.969132,3.624041
3475,1.208913,1.396111,nan,0.168051,nan,2.854736
3476,1.848212,1.549643,19.715393,0.168025,9.606177,4.144488
3477,2.026379,1.616941,nan,0.168025,nan,4.532461
3478,1.815862,1.587861,20.934748,0.167999,9.456005,4.119359
3479,2.053963,2.111221,nan,0.167999,nan,4.585082
3480,1.559433,1.641829,16.376888,0.167973,11.378515,3.605220
3481,1.782383,1.629596,nan,0.167973,nan,4.033759
3482,1.731322,1.228365,17.439014,0.167947,9.460905,3.937031
3483,2.122508,2.139437,nan,0.167947,nan,4.691222
3484,1.620266,1.436055,18.588226,0.167921,8.416175,3.691172
3485,1.279360,1.210329,nan,0.167921,nan,3.015314
3486,1.780897,1.964039,23.664579,0.167894,11.029080,4.002975
3487,2.647063,2.341695,nan,0.167894,nan,5.776135
3488,1.898557,1.783542,22.558098,0.167868,9.783398,4.271446
3489,2.080944,1.934408,nan,0.167868,nan,4.634907
3490,1.620139,1.693097,23.889603,0.167842,9.558565,3.675424
3491,1.529661,1.134000,nan,0.167842,nan,3.509627
3492,1.738203,1.595755,19.386759,0.167816,8.338968,3.951290
3493,2.117451,2.012088,nan,0.167816,nan,4.722016
3494,2.168785,2.355621,23.302364,0.167790,7.355785,4.832691
3495,1.787766,1.471305,nan,0.167790,nan,4.061215
3496,2.017700,1.790176,28.009754,0.167765,8.688116,4.530912
3497,1.737768,1.172108,nan,0.167765,nan,3.926757
3498,1.925253,1.480407,19.260288,0.167739,8.013103,4.314139
3499,1.362852,1.350956,nan,0.167739,nan,3.191402
3500,1.835914,2.110902,16.928429,0.167714,7.764169,4.119567
3501,2.046857,2.051835,nan,0.167714,nan,4.560469
3502,2.039931,1.734872,19.162043,0.167689,7.733320,4.569097
3503,1.696842,1.922575,nan,0.167689,nan,3.843749
3504,2.207879,2.386317,22.530708,0.167664,10.156090,4.891917
3505,1.677333,1.645558,nan,0.167664,nan,3.809903
3506,2.171548,2.289831,24.668331,0.167639,9.008653,4.824149
3507,2.127260,2.418153,nan,0.167639,nan,4.727401
3508,1.632696,2.064430,20.391489,0.167614,11.332818,3.714323
3509,2.048342,2.011608,nan,0.167614,nan,4.583645
3510,1.919571,2.043686,18.133560,0.167588,11.938185,4.309740
3511,2.251332,2.309222,nan,0.167588,nan,4.985641
3512,2.156886,2.135111,17.314722,0.167561,10.472311,4.788157
3513,1.902148,1.911323,nan,0.167561,nan,4.292250
3514,1.620998,1.687919,18.729675,0.167535,11.355350,3.713816
3515,1.908609,1.946802,nan,0.167535,nan,4.259376
3516,1.955996,1.754784,20.060287,0.167509,9.338523,4.393104
3517,1.944291,1.905988,nan,0.167509,nan,4.345214
3518,2.571397,2.283830,25.513573,0.167482,9.281958,5.639579
3519,1.446916,1.497714,nan,0.167482,nan,3.365518
3520,1.738496,2.148449,19.345537,0.167456,9.965242,3.921974
3521,1.556036,1.573890,nan,0.167456,nan,3.543519
3522,1.933008,1.863710,20.633383,0.167430,10.473701,4.334222
3523,2.185114,2.134510,nan,0.167430,nan,4.820926
3524,1.926457,1.967852,20.388317,0.167403,10.324332,4.306664
3525,1.502399,1.411510,nan,0.167403,nan,3.474973
3526,1.853819,1.917282,20.729172,0.167377,9.964543,4.157560
3527,1.589715,1.691544,nan,0.167377,nan,3.653834
3528,1.943883,2.089995,24.698917,0.167350,11.013071,4.370994
3529,1.345523,1.120481,nan,0.167350,nan,3.158810
3530,2.002596,1.529365,21.446543,0.167324,8.879421,4.486345
3531,1.993086,2.093606,nan,0.167324,nan,4.418966
3532,1.414015,1.954481,17.443768,0.167297,11.023395,3.290827
3533,1.656297,2.376354,nan,0.167297,nan,3.770009
3534,1.906456,1.900074,20.821913,0.167271,9.509535,4.284238
3535,2.012019,2.085664,nan,0.167271,nan,4.458531
3536,1.587348,1.701458,20.049654,0.167245,7.990854,3.647770
3537,2.254886,2.238571,nan,0.167245,nan,4.992341
3538,1.740432,2.150151,22.445890,0.167219,9.283731,3.952415
3539,1.804582,1.713413,nan,0.167219,nan,4.083986
3540,1.562475,1.824882,20.919430,0.167193,8.709323,3.577948
3541,2.526773,1.798820,nan,0.167193,nan,5.519761
3542,2.542660,1.787598,15.001842,0.167167,9.863520,5.561354
3543,2.107556,2.691761,nan,0.167167,nan,4.675258
3544,1.882354,2.301248,19.006395,0.167141,8.811861,4.222266
3545,1.447703,1.438501,nan,0.167141,nan,3.323182
3546,1.490167,1.789613,24.106884,0.167116,9.653253,3.398755
3547,1.771460,1.078153,nan,0.167116,nan,4.027956
3548,2.027477,1.375026,18.368011,0.167090,10.503469,4.520153
3549,1.846915,1.951630,nan,0.167090,nan,4.153250
3550,1.991269,1.696334,27.098003,0.167064,10.672115,4.427167
3551,1.523994,1.848194,nan,0.167064,nan,3.471865
3552,1.468121,1.938863,17.577204,0.167038,7.466893,3.393508
3553,2.177048,2.157407,nan,0.167038,nan,4.793691
3554,1.799089,1.662755,23.597698,0.167013,8.779331,4.011430
3555,1.642655,1.411689,nan,0.167013,nan,3.764188
3556,2.016805,1.680508,20.079014,0.166988,8.810214,4.507484
3557,1.858836,2.154954,nan,0.166988,nan,4.157582
3558,2.217631,1.555027,21.646191,0.166962,10.423094,4.893424
3559,2.202079,2.201437,nan,0.166962,nan,4.880937
3560,2.487320,2.567046,23.094540,0.166937,10.136940,5.452648
3561,1.504044,1.241843,nan,0.166937,nan,3.457369
3562,1.489595,1.519663,20.739805,0.166911,9.820906,3.426227
3563,1.811469,1.698940,nan,0.166911,nan,4.089150
3564,2.149402,2.136474,19.293749,0.166886,9.805194,4.753034
3565,1.602382,2.115735,nan,0.166886,nan,3.636188
3566,2.618822,2.339803,24.002485,0.166860,8.070854,5.691423
3567,1.360225,1.417322,nan,0.166860,nan,3.166147
3568,2.072991,1.958735,20.575916,0.166835,8.531477,4.614645
3569,1.463935,1.412516,nan,0.166835,nan,3.375880
3570,1.517444,1.557379,21.465061,0.166810,9.427211,3.428936
3571,1.710550,1.795029,nan,0.166810,nan,3.862908
3572,2.170681,2.084807,21.714878,0.166785,9.544128,4.798475
3573,2.094274,1.675225,nan,0.166785,nan,4.637409
3574,1.860204,1.284392,19.638363,0.166760,9.200806,4.186846
3575,1.430659,1.436924,nan,0.166760,nan,3.307327
3576,1.838418,1.727879,17.031197,0.166735,11.346012,4.129087
3577,1.602173,2.127817,nan,0.166735,nan,3.684627
3578,2.053215,2.918545,20.130541,0.166710,9.101738,4.588339
3579,1.305375,1.061907,nan,0.166710,nan,3.055888
3580,1.163073,1.191122,23.759605,0.166684,11.421724,2.753133
3581,1.399724,1.265660,nan,0.166684,nan,3.257106
3582,1.821280,1.741551,22.105015,0.166659,9.332848,4.101608
3583,1.852099,1.534963,nan,0.166659,nan,4.190068
3584,1.714492,1.639600,14.802305,0.166633,11.597663,3.913939
3585,1.923671,1.909870,nan,0.166633,nan,4.308317
3586,1.440233,1.441991,16.808935,0.166607,8.594139,3.293738
3587,1.206521,1.231394,nan,0.166607,nan,2.867090
3588,1.495416,1.544364,26.672272,0.166582,9.514183,3.435318
3589,1.750643,1.619783,nan,0.166582,nan,3.972227
3590,1.426932,1.584402,20.828259,0.166556,11.324518,3.333517
3591,1.885255,2.114545,nan,0.166556,nan,4.232524
3592,1.743189,2.082896,21.685062,0.166531,8.818670,3.931377
3593,1.799593,1.648047,nan,0.166531,nan,4.043151
3594,2.242868,2.289937,19.826324,0.166505,10.378768,4.934580
3595,1.450996,1.548491,nan,0.166505,nan,3.352078
3596,1.441240,1.384990,21.500782,0.166479,9.833891,3.326191
3597,1.553495,1.479565,nan,0.166479,nan,3.536959
3598,1.451558,1.379708,18.559647,0.166454,10.550472,3.339751
3599,1.577090,1.288788,nan,0.166454,nan,3.635177
3600,2.156094,1.958763,19.711809,0.166428,11.385531,4.777552
3601,1.969331,1.589348,nan,0.166428,nan,4.396132
3602,1.719050,1.808743,26.311371,0.166402,10.804913,3.865873
3603,2.143934,2.111048,nan,0.166402,nan,4.760607
3604,1.349918,1.174843,19.306345,0.166376,7.142940,3.163372
3605,1.490338,1.518784,nan,0.166376,nan,3.426167
3606,2.307139,2.402832,26.346884,0.166351,7.652291,5.105392
3607,2.063202,1.837696,nan,0.166351,nan,4.577659
3608,1.875385,1.718649,22.101686,0.166326,9.945221,4.221589
3609,1.809148,1.761778,nan,0.166326,nan,4.068936
3610,2.079669,1.660761,26.148458,0.166301,9.874283,4.632897
3611,1.801071,2.017191,nan,0.166301,nan,4.027344
3612,1.417640,1.354133,22.517084,0.166276,10.024235,3.274700
3613,2.360537,2.054204,nan,0.166276,nan,5.183223
3614,2.055722,1.865855,31.373268,0.166251,9.498025,4.575257
3615,2.156042,2.051158,nan,0.166251,nan,4.780094
3616,1.743182,1.714078,24.053860,0.166226,10.327690,3.960946
3617,1.669454,1.699201,nan,0.166226,nan,3.796681
3618,1.372952,1.307335,24.313290,0.166201,9.915401,3.184428
3619,1.668812,1.626167,nan,0.166201,nan,3.806788
3620,2.199997,2.121210,21.871382,0.166175,10.580795,4.848221
3621,1.817307,1.636065,nan,0.166175,nan,4.110435
3622,2.053991,2.145670,22.840267,0.166150,8.798723,4.577250
3623,1.656720,1.518045,nan,0.166150,nan,3.794932
3624,1.974379,2.019541,19.489147,0.166125,9.565329,4.387012
3625,1.476308,1.456319,nan,0.166125,nan,3.405420
3626,1.624856,1.605588,20.122976,0.166100,10.223396,3.705339
3627,1.560200,1.941411,nan,0.166100,nan,3.588958
3628,1.641904,1.698271,22.551113,0.166075,9.980539,3.758490
3629,1.219788,1.484773,nan,0.166075,nan,2.900198
3630,2.088632,1.840697,24.476105,0.166050,8.003061,4.661555
3631,1.871660,1.876307,nan,0.166050,nan,4.215692
3632,1.915098,1.556045,22.212500,0.166025,10.766198,4.296985
3633,1.523799,2.275810,nan,0.166025,nan,3.522434
3634,1.659957,2.034946,23.876648,0.166000,8.830483,3.810064
3635,2.038661,1.839267,nan,0.166000,nan,4.540101
3636,2.115923,2.323965,24.485691,0.165976,8.397925,4.672340
3637,2.615559,1.987347,nan,0.165976,nan,5.724006
3638,2.490914,1.095446,23.104193,0.165951,9.635006,5.469668
3639,1.304118,1.213200,nan,0.165951,nan,3.073740
3640,1.689780,1.652409,25.398907,0.165927,10.124088,3.841018
3641,1.462104,1.605883,nan,0.165927,nan,3.369923
3642,2.002238,2.230418,24.105469,0.165902,11.697073,4.455507
3643,1.092345,1.434783,nan,0.165902,nan,2.623672
3644,1.568193,1.323265,27.496590,0.165877,9.882952,3.598732
3645,1.512857,2.038372,nan,0.165877,nan,3.448163
3646,1.410393,1.780645,22.342211,0.165852,8.690716,3.250596
3647,1.199898,1.220853,nan,0.165852,nan,2.843208
3648,1.590188,1.418340,19.861292,0.165827,9.580344,3.633854
3649,1.225602,1.055589,nan,0.165827,nan,2.922531
3650,1.337191,1.309658,22.920630,0.165803,9.305773,3.116717
3651,2.767244,2.501706,nan,0.165803,nan,6.008455
3652,2.014924,1.782113,18.266321,0.165778,11.978182,4.503907
3653,2.000582,3.114784,nan,0.165778,nan,4.477301
3654,1.669315,3.230856,23.468742,0.165753,9.754683,3.800896
3655,2.124664,2.024508,nan,0.165753,nan,4.718804
3656,2.180063,1.913790,26.342455,0.165728,9.799631,4.809331
3657,2.289492,2.914410,nan,0.165728,nan,5.035643
3658,3.434365,2.607357,28.039581,0.165703,11.302164,7.364663
3659,2.345934,1.132958,nan,0.165703,nan,5.189767
3660,1.619466,1.734861,24.232788,0.165677,10.868752,3.687582
3661,3.125906,1.932523,nan,0.165677,nan,6.732494
3662,2.529985,1.748712,18.039349,0.165652,7.817493,5.513028
3663,1.749902,2.338314,nan,0.165652,nan,3.981446
3664,2.357653,2.766515,18.403748,0.165628,9.530031,5.193871
3665,2.031415,1.751269,nan,0.165628,nan,4.542550
3666,1.676648,1.555273,26.669685,0.165603,10.288086,3.797319
3667,1.953150,1.835455,nan,0.165603,nan,4.392057
3668,2.171150,1.839167,25.544270,0.165578,9.656481,4.822121
3669,1.924749,2.057057,nan,0.165578,nan,4.307414
3670,2.738882,3.343354,23.982121,0.165553,12.873470,5.956297
3671,2.297229,2.456748,nan,0.165553,nan,5.048713
3672,1.567523,1.315616,22.424263,0.165528,10.454973,3.595905
3673,1.779527,1.905805,nan,0.165528,nan,4.024094
3674,2.539315,2.403222,26.408216,0.165502,9.739328,5.538811
3675,1.882122,1.869016,nan,0.165502,nan,4.236857
3676,1.967807,1.954889,19.605629,0.165477,9.447774,4.384235
3677,2.313034,2.453502,nan,0.165477,nan,5.111658
3678,3.267156,3.424082,22.342781,0.165452,10.270695,7.010433
3679,1.518017,1.707903,nan,0.165452,nan,3.491639
3680,1.563938,1.706999,26.223743,0.165427,9.984550,3.561153
3681,1.711208,2.107214,nan,0.165427,nan,3.890812
3682,1.794205,1.760441,20.846752,0.165402,9.653944,4.045565
3683,2.130502,2.532048,nan,0.165402,nan,4.737887
3684,1.619745,1.692321,30.356976,0.165378,9.461161,3.697765
3685,1.544465,2.141317,nan,0.165378,nan,3.561347
3686,2.652883,1.977112,26.837547,0.165353,10.719608,5.794378
3687,2.169163,1.840133,nan,0.165353,nan,4.800723
3688,1.769693,2.001884,26.983536,0.165328,10.462530,3.988165
3689,1.478299,1.509104,nan,0.165328,nan,3.391368
3690,2.021857,1.997699,27.831886,0.165302,11.911305,4.532576
3691,1.900272,1.816907,nan,0.165302,nan,4.265901
3692,1.009986,1.499736,23.099949,0.165277,10.605999,2.447063
3693,2.279512,1.927678,nan,0.165277,nan,5.023681
3694,1.995370,1.762248,20.887264,0.165252,12.033845,4.451784
3695,1.930730,1.845896,nan,0.165252,nan,4.323115
3696,2.157973,1.449999,19.954239,0.165226,11.303617,4.752445
3697,1.912372,2.698910,nan,0.165226,nan,4.302605
3698,1.880278,2.742546,24.416437,0.165200,11.184198,4.237546
3699,2.010888,2.009252,nan,0.165200,nan,4.493777
3700,1.086463,1.776088,26.619047,0.165175,9.470605,2.610883
3701,2.037795,2.247306,nan,0.165175,nan,4.528609
3702,2.288709,1.585623,20.508350,0.165149,10.880056,5.060981
3703,1.341237,1.829150,nan,0.165149,nan,3.107097
3704,1.848003,1.578431,21.698053,0.165124,12.663858,4.109967
3705,1.930442,1.584620,nan,0.165124,nan,4.314889
3706,1.627604,1.716871,20.941998,0.165098,9.985300,3.686032
3707,1.552071,1.554261,nan,0.165098,nan,3.576028
3708,1.546175,1.699647,18.572968,0.165072,10.021165,3.538134
3709,1.380103,1.452004,nan,0.165072,nan,3.209192
3710,1.785733,1.504169,25.310974,0.165047,12.320541,4.049715
3711,1.368229,1.309264,nan,0.165047,nan,3.172094
3712,1.017371,1.289549,28.149998,0.165021,8.587872,2.491583
3713,0.974851,1.181990,nan,0.165021,nan,2.369967
3714,1.349607,1.794025,16.904835,0.164996,10.865490,3.132155
3715,1.647087,2.166795,nan,0.164996,nan,3.757880
3716,2.050345,2.238734,19.381767,0.164970,12.319088,4.583585
3717,2.940809,2.651688,nan,0.164970,nan,6.349580
3718,2.167230,2.100591,17.548267,0.164945,8.672422,4.774272
3719,2.012199,2.788761,nan,0.164945,nan,4.494854
3720,1.854286,1.882266,23.971336,0.164919,10.916241,4.166431
3721,1.498319,1.786390,nan,0.164919,nan,3.426658
3722,1.574442,2.543149,22.481636,0.164894,9.364791,3.593370
3723,2.196645,2.068578,nan,0.164894,nan,4.858615
3724,2.137697,2.402400,23.153807,0.164869,8.388031,4.737123
3725,2.239945,1.453737,nan,0.164869,nan,4.956625
3726,1.951099,1.942985,26.069080,0.164844,10.739195,4.347971
3727,1.653254,1.677972,nan,0.164844,nan,3.759082
3728,2.154466,1.849739,21.643696,0.164820,8.805042,4.777152
3729,2.522161,2.294398,nan,0.164820,nan,5.525004
3730,1.595964,1.444987,20.382307,0.164795,9.831463,3.660775
3731,1.505935,1.511452,nan,0.164795,nan,3.456948
3732,2.334919,2.320689,17.465523,0.164771,8.952238,5.120211
3733,1.890414,2.483968,nan,0.164771,nan,4.240763
3734,1.436783,2.232325,20.420965,0.164747,10.471811,3.295094
3735,1.599415,1.617657,nan,0.164747,nan,3.609727
3736,1.470222,1.307979,22.615023,0.164722,10.187790,3.402470
3737,2.100268,2.583967,nan,0.164722,nan,4.655623
3738,2.346223,2.969437,20.546127,0.164698,10.356056,5.151022
3739,2.224128,1.810885,nan,0.164698,nan,4.893273
3740,2.096411,1.717361,22.617971,0.164674,11.192112,4.641189
3741,1.898751,1.449978,nan,0.164674,nan,4.263990
3742,1.739811,1.521783,29.111595,0.164649,11.860173,3.946602
3743,1.425176,1.396565,nan,0.164649,nan,3.287933
3744,1.730253,1.618051,16.960810,0.164624,10.902500,3.906754
3745,1.689922,1.617213,nan,0.164624,nan,3.854121
3746,1.358603,1.289359,21.524273,0.164599,12.764771,3.156035
3747,1.178559,1.333076,nan,0.164599,nan,2.801635
3748,1.643173,1.758365,21.124599,0.164574,11.428751,3.760777
3749,1.655185,1.268329,nan,0.164574,nan,3.780738
3750,1.376556,1.297970,27.883097,0.164548,9.844341,3.178627
3751,2.951662,1.892591,nan,0.164548,nan,6.372685
3752,2.613427,1.880207,23.570963,0.164523,11.432307,5.706281
3753,1.811003,2.333642,nan,0.164523,nan,4.078911
3754,2.367125,2.498793,20.503616,0.164498,11.583597,5.203122
3755,1.886164,1.852058,nan,0.164498,nan,4.209087
3756,1.747089,1.880815,32.208267,0.164473,10.309840,3.958322
3757,0.933718,1.254341,nan,0.164473,nan,2.305241
3758,1.995238,2.357190,21.714643,0.164447,12.228889,4.426981
3759,1.701244,1.667800,nan,0.164447,nan,3.846075
3760,2.143648,1.835234,19.455544,0.164422,11.478453,4.752199
3761,1.758874,2.150017,nan,0.164422,nan,3.979142
3762,1.601866,2.111483,21.664818,0.164396,11.333162,3.653334
3763,1.180712,1.378049,nan,0.164396,nan,2.815755
3764,1.421944,1.862500,19.459511,0.164371,9.118099,3.286813
3765,1.144123,1.087620,nan,0.164371,nan,2.739482
3766,1.527287,1.438659,18.386497,0.164346,9.493030,3.495389
3767,2.032524,1.684608,nan,0.164346,nan,4.535194
3768,1.552879,1.450366,22.433592,0.164321,11.628641,3.557380
3769,1.079499,1.202587,nan,0.164321,nan,2.605086
3770,1.329748,1.265974,18.788540,0.164295,13.456350,3.086208
3771,2.330222,2.102940,nan,0.164295,nan,5.133086
3772,1.516144,1.643926,23.804045,0.164270,12.257294,3.452152
3773,1.348147,1.302681,nan,0.164270,nan,3.104893
3774,1.694154,1.376794,21.584728,0.164244,9.687435,3.840761
3775,1.131443,1.531547,nan,0.164244,nan,2.708010
3776,1.594604,1.445705,22.055233,0.164219,10.813713,3.611950
3777,1.388709,1.628424,nan,0.164219,nan,3.243520
3778,1.390246,1.267633,26.092720,0.164194,11.082971,3.234361
3779,1.882161,1.995751,nan,0.164194,nan,4.205389
3780,1.797283,1.501556,21.580544,0.164168,10.362113,4.037940
3781,1.229191,1.790698,nan,0.164168,nan,2.894195
3782,1.377896,1.675342,20.534937,0.164143,14.587577,3.201695
3783,1.100788,1.374360,nan,0.164143,nan,2.657087
3784,0.946626,0.974192,26.813454,0.164117,10.605599,2.347639
3785,1.013025,0.947774,nan,0.164117,nan,2.471529
3786,1.312130,1.407776,22.154121,0.164091,11.553442,3.056528
3787,1.248226,1.343424,nan,0.164091,nan,2.958362
3788,1.039603,1.325621,31.816816,0.164066,9.736121,2.519372
3789,0.942089,0.943956,nan,0.164066,nan,2.274667
3790,0.917631,0.951557,24.321596,0.164041,9.471046,2.260772
3791,0.788044,0.886585,nan,0.164041,nan,1.992911
3792,1.007246,1.170243,19.528816,0.164016,10.889482,2.432964
3793,1.476538,1.204119,nan,0.164016,nan,3.424567
3794,0.997499,0.980378,26.004114,0.163991,10.797228,2.400290
3795,0.856167,0.663976,nan,0.163991,nan,2.113467
3796,1.040794,1.248528,23.462498,0.163966,11.715021,2.477489
3797,0.750586,1.057777,nan,0.163966,nan,1.908800
3798,1.058259,0.877899,20.636833,0.163941,9.704723,2.545732
3799,0.760390,0.810652,nan,0.163941,nan,1.927297
3800,0.808929,0.958360,22.259171,0.163916,10.796440,2.024466
3801,1.121075,1.236457,nan,0.163916,nan,2.672949
3802,0.592585,0.736365,23.621452,0.163891,12.412563,1.565624
3803,1.590371,1.078224,nan,0.163891,nan,3.638872
3804,1.675443,1.229659,22.164816,0.163866,12.258931,3.820306
3805,0.860152,0.993040,nan,0.163866,nan,2.120985
3806,1.013827,1.089300,21.750841,0.163840,11.698618,2.447567
3807,1.882273,1.369962,nan,0.163840,nan,4.235452
3808,2.356651,1.126100,27.236645,0.163815,10.926406,5.206542
3809,0.814731,0.911224,nan,0.163815,nan,2.017351
3810,0.837180,1.080792,24.460342,0.163790,10.685502,2.082220
3811,0.834735,0.902600,nan,0.163790,nan,2.069322
3812,0.800205,0.783383,21.005253,0.163765,10.084913,2.020078
3813,0.855609,1.171155,nan,0.163765,nan,2.124621
3814,1.228926,1.218860,21.801632,0.163740,10.621904,2.884171
3815,1.106745,1.420599,nan,0.163740,nan,2.655035
3816,0.896248,0.923180,28.361868,0.163715,11.558222,2.218452
3817,1.036070,1.512465,nan,0.163715,nan,2.477371
3818,1.018837,0.946756,24.300400,0.163691,8.619396,2.458813
3819,1.009713,1.251967,nan,0.163691,nan,2.477714
3820,1.109163,1.044383,21.415831,0.163666,13.598804,2.630627
3821,1.214192,1.263147,nan,0.163666,nan,2.872252
3822,1.097898,0.874419,19.801985,0.163641,11.912779,2.564391
3823,0.690063,1.319128,nan,0.163641,nan,1.757954
3824,0.872710,0.816981,25.740883,0.163616,9.853596,2.168746
3825,0.945997,1.763752,nan,0.163616,nan,2.339615
3826,1.440706,1.301890,21.110340,0.163591,10.902813,3.319022
3827,0.971641,0.993628,nan,0.163591,nan,2.348485
3828,1.547127,1.047863,26.200089,0.163567,8.291306,3.553780
3829,1.400028,1.011335,nan,0.163567,nan,3.269356
3830,0.756235,1.115008,20.895092,0.163542,14.265110,1.889096
3831,0.907656,0.814730,nan,0.163542,nan,2.238140
3832,0.651617,1.956754,25.091345,0.163517,11.354174,1.692755
3833,1.039900,2.061712,nan,0.163517,nan,2.536698
3834,0.768820,0.758122,19.035965,0.163492,11.150789,1.958549
3835,0.643677,0.820787,nan,0.163492,nan,1.696424
3836,1.720104,0.891208,23.492958,0.163467,11.397665,3.886619
3837,1.494436,0.864556,nan,0.163467,nan,3.453384
3838,0.661957,0.999616,21.770687,0.163443,9.067266,1.729086
3839,1.203648,0.984424,nan,0.163443,nan,2.824411
3840,0.962409,1.618671,26.313734,0.163418,10.493384,2.355962
3841,1.015847,0.803899,nan,0.163418,nan,2.466070
3842,1.158901,1.463141,25.561832,0.163394,12.412432,2.732832
3843,0.918888,1.081944,nan,0.163394,nan,2.218603
3844,0.981691,0.915295,19.724091,0.163369,10.761453,2.379426
3845,1.056902,1.221319,nan,0.163369,nan,2.534378
3846,0.908873,1.231505,27.594137,0.163345,9.417743,2.256244
3847,1.281315,0.802072,nan,0.163345,nan,3.003333
3848,0.964460,1.305093,22.354265,0.163320,11.531685,2.340259
3849,0.868283,1.382255,nan,0.163320,nan,2.141054
3850,0.955266,1.214059,26.475601,0.163296,11.264854,2.352035
3851,0.784640,0.835980,nan,0.163296,nan,1.933316
3852,0.955454,0.931311,17.924393,0.163272,11.042919,2.316772
3853,1.265515,1.439909,nan,0.163272,nan,2.998203
3854,1.119835,1.379501,23.586460,0.163247,9.892426,2.662019
3855,0.779496,0.726188,nan,0.163247,nan,1.955060
3856,0.502099,0.482248,24.380894,0.163223,10.738236,1.368663
3857,1.154831,0.878398,nan,0.163223,nan,2.771947
3858,0.846839,0.798381,20.454983,0.163199,12.794883,2.089341
3859,1.232701,1.167070,nan,0.163199,nan,2.886672
3860,0.994542,0.961031,25.397705,0.163174,11.931416,2.424977
3861,0.811206,1.120837,nan,0.163174,nan,2.024845
3862,1.102636,1.306935,23.756279,0.163150,11.121038,2.606146
3863,1.103373,1.101608,nan,0.163150,nan,2.645056
3864,1.188907,1.118410,22.460293,0.163125,11.203892,2.838778
3865,0.735400,0.874410,nan,0.163125,nan,1.875336
3866,0.809348,0.784704,24.762615,0.163100,10.960327,2.038299
3867,1.148445,1.400928,nan,0.163100,nan,2.745003
3868,1.306439,1.199544,24.194019,0.163076,11.630980,3.024379
3869,0.667771,1.099352,nan,0.163076,nan,1.763517
3870,1.389517,1.154894,24.161289,0.163051,12.703345,3.241927
3871,1.005587,1.074990,nan,0.163051,nan,2.460098
3872,1.228615,1.277521,23.471844,0.163026,12.005801,2.840393
3873,1.030980,1.170581,nan,0.163026,nan,2.491372
3874,0.908909,0.919528,22.551188,0.163002,10.703145,2.207477
3875,0.942370,0.892753,nan,0.163002,nan,2.277088
3876,1.277985,0.906940,25.221981,0.162977,11.295635,2.974798
3877,1.108805,1.620342,nan,0.162977,nan,2.633130
3878,1.338042,2.034097,20.657606,0.162952,12.733294,3.136105
3879,1.678856,1.869618,nan,0.162952,nan,3.841644
3880,1.253382,1.372186,23.801538,0.162927,13.363953,2.915041
3881,1.601643,1.350469,nan,0.162927,nan,3.648383
3882,1.335879,1.398601,25.877666,0.162902,10.479883,3.118120
3883,1.040231,0.966524,nan,0.162902,nan,2.499911
3884,0.958904,0.771694,24.818054,0.162877,11.558364,2.356301
3885,1.101182,1.261623,nan,0.162877,nan,2.637213
3886,1.384180,1.512088,26.874521,0.162852,10.403734,3.187295
3887,0.805867,1.150746,nan,0.162852,nan,2.013187
3888,1.166354,1.120132,21.425541,0.162827,12.139490,2.773970
3889,0.940158,1.378129,nan,0.162827,nan,2.318948
3890,1.175254,1.285030,22.499920,0.162803,9.547134,2.761750
3891,1.726652,1.597620,nan,0.162803,nan,3.860851
3892,0.704316,0.828091,27.372515,0.162779,10.960995,1.801447
3893,2.439074,1.540977,nan,0.162779,nan,5.346040
3894,1.940266,1.590038,21.700769,0.162754,11.548193,4.342009
3895,1.937658,1.274097,nan,0.162754,nan,4.330712
3896,1.356515,1.328583,27.293205,0.162730,9.111787,3.147390
3897,1.066012,0.952617,nan,0.162730,nan,2.577243
3898,1.013003,0.952063,22.280201,0.162706,11.628952,2.462673
3899,1.110214,0.827997,nan,0.162706,nan,2.650809
3900,0.880746,1.098912,22.548965,0.162682,11.839329,2.162123
3901,1.119953,1.126891,nan,0.162682,nan,2.684480
3902,1.467829,1.522589,30.281013,0.162657,12.536612,3.334920
3903,1.064420,0.907889,nan,0.162657,nan,2.563009
3904,1.559432,2.059768,27.417362,0.162633,10.323012,3.518459
3905,0.745921,1.142556,nan,0.162633,nan,1.883844
3906,1.536139,2.040734,24.374317,0.162609,12.523365,3.494957
3907,1.316047,2.060408,nan,0.162609,nan,3.097256
3908,2.442377,2.178147,24.925247,0.162584,12.378586,5.352215
3909,1.906992,1.665239,nan,0.162584,nan,4.269392
3910,2.730331,2.813533,28.599213,0.162560,10.079562,5.928574
3911,1.151319,0.974164,nan,0.162560,nan,2.753366
3912,1.470918,1.744275,24.613213,0.162535,11.134119,3.374499
3913,1.158572,1.487236,nan,0.162535,nan,2.724040
3914,0.978132,1.302034,27.108477,0.162511,10.451853,2.387123
3915,1.430125,1.708899,nan,0.162511,nan,3.287535
3916,1.470161,1.111235,25.188641,0.162487,10.852400,3.418465
3917,1.670121,1.777546,nan,0.162487,nan,3.780046
3918,1.119155,1.054239,29.549105,0.162463,12.033893,2.678488
3919,1.465278,1.387179,nan,0.162463,nan,3.365658
3920,1.748936,1.241296,23.421490,0.162439,13.299589,3.930660
3921,1.781075,0.933000,nan,0.162439,nan,4.046625
3922,1.291717,1.372534,25.685379,0.162414,13.358688,2.999637
3923,1.424497,1.259750,nan,0.162414,nan,3.276470
3924,1.193959,1.132725,30.422766,0.162389,11.285189,2.824911
3925,1.325197,1.420663,nan,0.162389,nan,3.073359
3926,1.286474,1.734920,29.655788,0.162365,10.233664,2.999863
3927,1.644979,3.080974,nan,0.162365,nan,3.727335
3928,2.173406,2.059479,28.238272,0.162341,11.364215,4.846335
3929,1.632223,1.786104,nan,0.162341,nan,3.737665
3930,1.355820,1.487343,25.465649,0.162316,11.190721,3.139522
3931,2.313390,1.463690,nan,0.162316,nan,5.117259
3932,2.539996,1.126291,33.878746,0.162292,10.913690,5.571013
3933,1.132983,2.124068,nan,0.162292,nan,2.717180
3934,1.812987,2.596026,29.373707,0.162269,8.109762,4.111547
3935,1.552848,1.600686,nan,0.162269,nan,3.576372
3936,1.389689,2.124111,28.194042,0.162245,10.725933,3.230560
3937,1.707969,2.290465,nan,0.162245,nan,3.872334
3938,1.030427,0.985218,25.604534,0.162221,12.153545,2.488170
3939,1.299885,1.407526,nan,0.162221,nan,3.029809
3940,1.779372,1.186510,22.031588,0.162198,10.630169,4.015587
3941,0.831825,1.080721,nan,0.162198,nan,2.112643
3942,1.048093,0.995338,30.989586,0.162174,12.899388,2.527003
3943,1.429641,1.147676,nan,0.162174,nan,3.295838
3944,1.073784,1.407547,22.770313,0.162149,14.217074,2.555143
3945,1.052714,1.039716,nan,0.162149,nan,2.495902
3946,1.135096,2.041151,28.052624,0.162125,13.138565,2.673717
3947,1.690383,1.389133,nan,0.162125,nan,3.835107
3948,1.617422,2.122005,21.879860,0.162100,13.045546,3.673825
3949,1.176680,1.758219,nan,0.162100,nan,2.814594
3950,1.152108,1.230368,22.030052,0.162076,8.605396,2.737184
3951,1.405670,1.506795,nan,0.162076,nan,3.250721
3952,1.337964,1.054388,24.240219,0.162052,12.238215,3.104168
3953,1.228106,1.051907,nan,0.162052,nan,2.882415
3954,1.430646,1.073987,29.696640,0.162027,11.338813,3.317626
3955,0.961267,0.788703,nan,0.162027,nan,2.382867
3956,1.484939,1.632801,27.189644,0.162003,10.495557,3.360578
3957,1.691403,1.769501,nan,0.162003,nan,3.833050
3958,2.390881,1.736097,27.419935,0.161979,10.341129,5.259189
3959,0.996639,1.161055,nan,0.161979,nan,2.439763
3960,1.712885,1.234124,32.305344,0.161956,10.226919,3.932143
3961,1.067211,1.153459,nan,0.161956,nan,2.587142
3962,2.236264,1.661339,23.862373,0.161932,12.108805,4.931021
3963,1.196703,1.189593,nan,0.161932,nan,2.853585
3964,1.186932,1.368645,28.689089,0.161908,11.137753,2.809319
3965,1.460994,2.008574,nan,0.161908,nan,3.373983
3966,1.743874,3.190714,24.573709,0.161885,11.413601,3.937720
3967,1.160818,0.875294,nan,0.161885,nan,2.764962
3968,0.903174,1.244015,27.660175,0.161861,10.263235,2.219601
3969,1.635440,1.487341,nan,0.161861,nan,3.747297
3970,1.419370,1.437970,24.146854,0.161838,9.825178,3.282870
3971,1.070401,1.738303,nan,0.161838,nan,2.589921
3972,1.273447,2.121443,24.479370,0.161814,12.563677,2.987296
3973,2.050052,1.358774,nan,0.161814,nan,4.563279
3974,1.917684,1.401893,20.482414,0.161791,12.016829,4.305132
3975,1.344523,1.208208,nan,0.161791,nan,3.129901
3976,2.389997,1.467565,27.274221,0.161767,11.631413,5.266071
3977,0.826405,0.895125,nan,0.161767,nan,2.031376
3978,1.254979,1.037816,26.121580,0.161743,10.384339,2.963544
3979,0.993249,1.018892,nan,0.161743,nan,2.413327
3980,1.264432,1.213529,25.327278,0.161720,11.322876,2.952836
3981,1.861937,1.760623,nan,0.161720,nan,4.191269
3982,1.607541,0.919292,20.936272,0.161696,13.700747,3.680686
3983,1.792309,1.572010,nan,0.161696,nan,4.067161
3984,1.470919,1.260195,27.304005,0.161672,14.247778,3.420552
3985,1.611813,2.453524,nan,0.161672,nan,3.676185
3986,1.386970,2.899583,27.291874,0.161647,14.051180,3.202734
3987,1.590402,1.488222,nan,0.161647,nan,3.633626
3988,1.069018,1.514616,26.461330,0.161623,12.165001,2.587730
3989,1.732998,1.531128,nan,0.161623,nan,3.913285
3990,2.020621,0.984431,28.660517,0.161598,10.755989,4.513373
3991,1.474857,1.451540,nan,0.161598,nan,3.410403
3992,1.658965,2.248498,28.270874,0.161574,10.279955,3.766109
3993,2.221204,1.472252,nan,0.161574,nan,4.926721
3994,1.349498,1.075100,26.987064,0.161550,11.738600,3.124274
3995,2.133904,2.250289,nan,0.161550,nan,4.743528
3996,1.595279,2.419264,24.765804,0.161526,12.204321,3.649175
3997,1.432948,1.039643,nan,0.161526,nan,3.333364
3998,2.210223,1.859238,22.057175,0.161502,11.934374,4.891828
3999,1.108038,0.994810,nan,0.161502,nan,2.660196
4000,1.626522,1.637794,31.753559,0.161478,11.280301,3.727903
4001,2.156040,1.409605,nan,0.161478,nan,4.796150
4002,1.743145,1.327543,25.119625,0.161454,12.487263,3.960426
4003,1.431192,2.471383,nan,0.161454,nan,3.333898
4004,1.912473,1.967082,27.603916,0.161430,12.839511,4.304092
4005,1.039348,1.330871,nan,0.161430,nan,2.516295
4006,1.667922,2.079264,26.952713,0.161406,10.422520,3.797738
4007,1.457957,1.559006,nan,0.161406,nan,3.367883
4008,1.463514,1.173667,30.345816,0.161382,11.199735,3.377565
4009,1.384904,1.677369,nan,0.161382,nan,3.215508
4010,1.314159,1.217708,25.192631,0.161358,12.106508,3.094005
4011,1.471829,1.174585,nan,0.161358,nan,3.408320
4012,1.309881,1.243244,29.321163,0.161334,12.897114,3.102031
4013,1.398201,1.127849,nan,0.161334,nan,3.266719
4014,0.970451,1.415472,23.108448,0.161310,10.492208,2.369202
4015,1.170559,1.685063,nan,0.161310,nan,2.770098
4016,1.127430,1.312489,30.787262,0.161287,10.682129,2.689831
4017,1.252830,1.085042,nan,0.161287,nan,2.973674
4018,1.507517,1.420066,17.928764,0.161263,9.770001,3.446749
4019,1.235535,1.602189,nan,0.161263,nan,2.941100
4020,0.808782,1.222370,23.792290,0.161240,13.250788,2.020398
4021,1.706921,1.638864,nan,0.161240,nan,3.864096
4022,1.165158,1.387930,24.392191,0.161216,9.921131,2.762423
4023,1.457608,1.917888,nan,0.161216,nan,3.355913
4024,1.614758,1.865752,16.577663,0.161193,13.378365,3.700446
4025,1.424124,1.436836,nan,0.161193,nan,3.311539
4026,1.507470,1.401963,28.563829,0.161169,14.355396,3.488119
4027,1.009616,1.042468,nan,0.161169,nan,2.459289
4028,1.399576,1.864692,26.723526,0.161145,12.567692,3.271995
4029,2.187245,1.135279,nan,0.161145,nan,4.853698
4030,1.819826,1.342055,27.803143,0.161121,11.021473,4.096036
4031,1.539495,1.698127,nan,0.161121,nan,3.527103
4032,1.807641,1.818893,22.317724,0.161097,12.865831,4.082934
4033,1.264938,1.321457,nan,0.161097,nan,2.948670
4034,1.471155,1.566979,21.448074,0.161073,10.814182,3.365422
4035,1.227477,1.166911,nan,0.161073,nan,2.889443
4036,1.263202,1.432702,20.217216,0.161049,11.081812,2.961467
4037,1.092513,1.249359,nan,0.161049,nan,2.612879
4038,1.321981,1.463394,26.563654,0.161026,11.924506,3.083221
4039,1.199876,1.484678,nan,0.161026,nan,2.841249
4040,1.630612,1.942489,29.045517,0.161002,11.403856,3.746162
4041,1.446939,1.391270,nan,0.161002,nan,3.363837
4042,0.817032,0.833673,26.705738,0.160978,11.627330,2.066470
4043,1.110843,0.923385,nan,0.160978,nan,2.676028
4044,0.662116,0.722277,26.373505,0.160954,13.777033,1.729015
4045,1.285457,1.349561,nan,0.160954,nan,3.011944
4046,1.458471,1.453161,21.538738,0.160931,12.631937,3.386387
4047,1.065020,1.177235,nan,0.160931,nan,2.603038
4048,1.257041,1.243039,24.767342,0.160907,12.398841,2.974389
4049,1.013943,1.039073,nan,0.160907,nan,2.436934
4050,1.645235,1.092308,27.844427,0.160882,14.256876,3.772907
4051,1.001895,2.029204,nan,0.160882,nan,2.443347
4052,1.079673,1.803386,26.367975,0.160858,12.794802,2.592066
4053,1.202192,0.919223,nan,0.160858,nan,2.851854
4054,1.324510,1.006222,20.086336,0.160834,11.356369,3.114140
4055,1.513058,1.072140,nan,0.160834,nan,3.491430
4056,1.225365,1.250581,24.178179,0.160810,12.179178,2.910239
4057,1.865273,1.921679,nan,0.160810,nan,4.173788
4058,1.474409,1.954016,26.275179,0.160786,12.980878,3.429969
4059,1.324677,0.993601,nan,0.160786,nan,3.100701
4060,1.154106,1.160097,31.547970,0.160761,14.794310,2.749304
4061,2.100317,1.742627,nan,0.160761,nan,4.690881
4062,1.293863,2.353613,27.658104,0.160737,10.986771,3.027595
4063,1.050573,1.168059,nan,0.160737,nan,2.538451
4064,1.461457,1.464388,19.131367,0.160712,12.861508,3.367890
4065,1.982887,2.381428,nan,0.160712,nan,4.437202
4066,3.173296,2.298270,21.520760,0.160688,12.572107,6.839235
4067,2.150946,2.150145,nan,0.160688,nan,4.792810
4068,1.466234,2.245920,27.014168,0.160664,11.845627,3.343090
4069,2.148475,1.977158,nan,0.160664,nan,4.766517
4070,1.809959,2.885051,38.240410,0.160640,11.292532,4.083944
4071,2.320140,3.029364,nan,0.160640,nan,5.097467
4072,0.707405,0.934277,31.012341,0.160616,12.290862,1.845712
4073,1.780472,3.163174,nan,0.160616,nan,4.058706
4074,2.255814,3.259292,20.156147,0.160592,12.688755,4.993853
4075,3.135024,1.639754,nan,0.160592,nan,6.770301
4076,4.345492,1.152238,32.506683,0.160568,10.840223,9.193535
4077,2.989342,1.304005,nan,0.160568,nan,6.474923
4078,2.096789,1.714989,31.261688,0.160544,10.799789,4.651597
4079,3.948049,1.639399,nan,0.160544,nan,8.386709
4080,3.834813,1.735843,30.699589,0.160521,11.848911,8.147801
4081,2.651395,1.524912,nan,0.160521,nan,5.785027
4082,1.222831,1.990871,27.121626,0.160497,12.583124,2.899692
4083,2.654805,1.857385,nan,0.160497,nan,5.794797
4084,1.624415,1.709831,22.542225,0.160473,15.018238,3.688775
4085,2.454049,2.983105,nan,0.160473,nan,5.414884
4086,2.244348,2.946822,25.766304,0.160449,11.534229,4.975137
4087,1.191172,1.221729,nan,0.160449,nan,2.812159
4088,1.948128,1.617413,24.504044,0.160426,11.705696,4.381934
4089,1.863233,2.488077,nan,0.160426,nan,4.186205
4090,1.673355,1.303789,26.731075,0.160402,10.811164,3.824431
4091,1.342683,1.266795,nan,0.160402,nan,3.116515
4092,1.548474,1.325812,27.365009,0.160378,14.092092,3.547442
4093,2.167887,1.846280,nan,0.160378,nan,4.813317
4094,1.422332,1.765186,23.293882,0.160354,12.713602,3.306972
4095,1.426215,2.079977,nan,0.160354,nan,3.301640
4096,1.119165,1.504459,23.481174,0.160330,13.196612,2.685257
4097,1.702553,1.586318,nan,0.160330,nan,3.857419
4098,2.165675,1.540139,24.009674,0.160307,9.342606,4.817519
4099,1.550634,1.357365,nan,0.160307,nan,3.555644
4100,1.269325,1.082215,24.625954,0.160284,10.627409,2.983554
4101,1.227548,1.351219,nan,0.160284,nan,2.922093
4102,1.365657,1.439169,24.603283,0.160260,11.971805,3.186015
4103,1.358438,1.210438,nan,0.160260,nan,3.175488
4104,1.461548,1.438425,24.978865,0.160237,12.348295,3.381567
4105,1.917445,1.867640,nan,0.160237,nan,4.304317
4106,1.881425,1.246973,18.913589,0.160214,13.374968,4.222111
4107,1.399216,1.420203,nan,0.160214,nan,3.254274
4108,1.842185,1.248817,24.203651,0.160190,10.459455,4.159133
4109,1.763920,1.865344,nan,0.160190,nan,4.007113
4110,2.008191,1.977226,22.418161,0.160167,12.307765,4.501904
4111,1.294636,1.223416,nan,0.160167,nan,3.030866
4112,2.454907,1.648658,21.049267,0.160144,11.316362,5.386721
4113,2.199007,2.504719,nan,0.160144,nan,4.886865
4114,1.382472,2.056004,26.259239,0.160120,13.742352,3.226012
4115,1.560743,1.561985,nan,0.160120,nan,3.576305
4116,1.400352,2.266068,21.582930,0.160097,12.523514,3.227776
4117,2.226331,2.236615,nan,0.160097,nan,4.909597
4118,1.677127,1.839993,20.846279,0.160073,13.979910,3.837546
4119,1.961317,1.484948,nan,0.160073,nan,4.404695
4120,1.082240,1.707225,24.613884,0.160050,14.032001,2.591699
4121,2.169626,2.298058,nan,0.160050,nan,4.811305
4122,2.222075,1.997900,21.664894,0.160026,12.005779,4.925598
4123,1.026563,1.209887,nan,0.160026,nan,2.513282
4124,1.470098,1.444180,21.712727,0.160002,12.350147,3.402642
4125,1.339200,1.870654,nan,0.160002,nan,3.152606
4126,1.889653,2.924611,21.166782,0.159978,11.941313,4.202863
4127,2.055163,1.173484,nan,0.159978,nan,4.599494
4128,2.213500,2.021661,23.992725,0.159955,12.027599,4.901250
4129,1.872000,2.457144,nan,0.159955,nan,4.204484
4130,2.616410,2.696123,23.757904,0.159932,9.787161,5.703876
4131,2.278292,2.253609,nan,0.159932,nan,5.040003
4132,1.559042,1.817071,24.505537,0.159908,12.874852,3.590121
4133,1.212308,1.020292,nan,0.159908,nan,2.897267
4134,1.707427,1.968134,22.124496,0.159885,12.475595,3.873031
4135,1.311049,1.468123,nan,0.159885,nan,3.066388
4136,1.567440,1.577738,24.122864,0.159862,12.380461,3.586076
4137,1.552246,1.375392,nan,0.159862,nan,3.544240
4138,1.865782,1.869955,28.557436,0.159839,11.598351,4.208178
4139,1.779302,1.194888,nan,0.159839,nan,4.044249
4140,1.244852,1.350111,23.230053,0.159815,13.277609,2.946974
4141,2.057266,1.390539,nan,0.159815,nan,4.595587
4142,2.462163,2.153733,26.690594,0.159792,12.071167,5.431610
4143,1.010833,1.572149,nan,0.159792,nan,2.488046
4144,0.952807,0.980246,25.402687,0.159769,11.223457,2.335650
4145,2.102139,1.390758,nan,0.159769,nan,4.692953
4146,1.409548,1.071498,24.329163,0.159745,13.901867,3.278849
4147,1.063918,0.982443,nan,0.159745,nan,2.564711
4148,1.243296,1.471776,24.395840,0.159722,12.590791,2.942932
4149,1.490221,1.576005,nan,0.159722,nan,3.416440
4150,0.984899,1.091742,25.700329,0.159699,11.877570,2.414022
4151,1.452055,1.015145,nan,0.159699,nan,3.402821
4152,1.497919,1.539912,22.892918,0.159675,13.912456,3.440430
4153,1.231884,1.222031,nan,0.159675,nan,2.954861
4154,1.615126,1.951019,24.643761,0.159651,14.597214,3.707783
4155,1.681895,1.628734,nan,0.159651,nan,3.834996
4156,1.056258,1.327281,26.981617,0.159628,13.599934,2.561809
4157,1.270747,1.159158,nan,0.159628,nan,2.997171
4158,1.195848,1.370715,19.944656,0.159604,9.799353,2.837634
4159,1.333883,1.375899,nan,0.159604,nan,3.121177
4160,1.975653,2.586689,26.736298,0.159581,12.871090,4.449696
4161,1.240892,1.240668,nan,0.159581,nan,2.938747
4162,1.807092,1.576369,26.512203,0.159558,10.062897,4.072879
4163,1.105046,1.536505,nan,0.159558,nan,2.634999
4164,1.684178,1.555751,24.925200,0.159534,13.243299,3.846597
4165,1.603754,1.629292,nan,0.159534,nan,3.692366
4166,1.195965,1.112980,25.872566,0.159511,13.321475,2.840947
4167,1.697010,0.978413,nan,0.159511,nan,3.887040
4168,0.973029,1.074461,28.704496,0.159488,12.254224,2.383149
4169,1.328950,1.294998,nan,0.159488,nan,3.111201
4170,1.416424,1.352625,29.091194,0.159464,12.614697,3.315075
4171,0.980949,1.178400,nan,0.159464,nan,2.422592
4172,1.396978,1.510136,24.882681,0.159441,13.182753,3.234320
4173,1.681706,1.596401,nan,0.159441,nan,3.859802
4174,1.365580,1.454138,34.175350,0.159418,12.809497,3.178617
4175,1.231201,1.379805,nan,0.159418,nan,2.984389
4176,1.580073,1.373287,28.308935,0.159394,12.120444,3.631979
4177,0.945582,0.972853,nan,0.159394,nan,2.327071
4178,1.852179,1.807383,28.101093,0.159371,12.535663,4.187365
4179,1.614803,1.394366,nan,0.159371,nan,3.699641
4180,1.391819,1.044344,34.568359,0.159348,11.786104,3.265245
4181,1.947459,1.727672,nan,0.159348,nan,4.368344
4182,1.210885,0.993719,22.512909,0.159325,11.188389,2.880867
4183,1.189453,1.249447,nan,0.159325,nan,2.855929
4184,1.121640,2.818465,30.869528,0.159301,14.372131,2.714024
4185,1.624278,2.902761,nan,0.159301,nan,3.723335
4186,2.410938,2.063231,26.632591,0.159278,15.237308,5.325528
4187,1.715056,1.992903,nan,0.159278,nan,3.894047
4188,1.486242,1.261542,29.746662,0.159254,12.850502,3.418793
4189,2.759204,1.999386,nan,0.159254,nan,6.021804
4190,3.539596,1.553532,32.893669,0.159231,12.889899,7.602860
4191,1.539267,3.340251,nan,0.159231,nan,3.547752
4192,2.064969,3.898677,31.237326,0.159207,11.801386,4.614371
4193,1.218353,1.278269,nan,0.159207,nan,2.885215
4194,1.564024,2.680996,35.803329,0.159184,13.558739,3.601389
4195,2.260302,3.362987,nan,0.159184,nan,5.007473
4196,1.175543,2.963994,24.550146,0.159160,13.752330,2.828643
4197,2.824468,2.218359,nan,0.159160,nan,6.146783
4198,2.533409,1.845647,27.354649,0.159136,12.953460,5.567462
4199,1.747251,1.442585,nan,0.159136,nan,3.959923
4200,1.674056,1.662268,30.259249,0.159113,13.896123,3.826844
4201,1.209077,1.843657,nan,0.159113,nan,2.876113
4202,1.564856,2.500845,27.279026,0.159089,12.337396,3.589374
4203,1.461715,1.733151,nan,0.159089,nan,3.356869
4204,1.302377,1.568875,23.821812,0.159066,10.463877,3.035729
4205,1.208095,1.495860,nan,0.159066,nan,2.870609
4206,1.274957,1.440553,26.126432,0.159043,12.420190,3.006952
4207,2.055607,1.365329,nan,0.159043,nan,4.583861
4208,1.559243,1.302069,28.269127,0.159019,14.647426,3.533281
4209,1.103823,1.006637,nan,0.159019,nan,2.636867
4210,1.139239,1.120714,22.930725,0.158996,14.034234,2.708333
4211,1.479712,1.843294,nan,0.158996,nan,3.418463
4212,1.546635,1.251646,26.937538,0.158972,13.663759,3.535241
4213,1.630415,1.536202,nan,0.158972,nan,3.708080
4214,1.270369,1.267347,28.776640,0.158948,13.397013,2.979233
4215,1.472577,1.452475,nan,0.158948,nan,3.383423
4216,1.479515,1.455523,24.944351,0.158925,10.730700,3.416177
4217,1.981815,1.618283,nan,0.158925,nan,4.448767
4218,2.725611,2.303097,32.008415,0.158901,12.867840,5.947895
4219,1.423668,1.605477,nan,0.158901,nan,3.295535
4220,2.165491,1.886382,25.874441,0.158878,13.408134,4.822206
4221,1.269044,1.762198,nan,0.158878,nan,3.000742
4222,1.726067,1.933106,33.877258,0.158855,11.651158,3.942140
4223,1.214802,1.401337,nan,0.158855,nan,2.850743
4224,1.240651,1.147301,31.301411,0.158832,11.906052,2.980110
4225,1.453648,1.149121,nan,0.158832,nan,3.364217
4226,0.816656,0.879176,27.312040,0.158809,11.831657,2.075131
4227,1.789766,1.283373,nan,0.158809,nan,4.054716
4228,1.344788,1.295881,24.721407,0.158786,11.072529,3.147771
4229,1.359426,1.854456,nan,0.158786,nan,3.164787
4230,1.086190,0.908973,31.811880,0.158763,12.171021,2.618700
4231,1.934146,2.124078,nan,0.158763,nan,4.360843
4232,1.520875,1.467629,29.978474,0.158741,12.978952,3.519199
4233,1.206224,1.469004,nan,0.158741,nan,2.895118
4234,0.931167,0.942266,26.716297,0.158718,11.717891,2.299240
4235,1.669246,2.002591,nan,0.158718,nan,3.814119
4236,1.090517,1.540020,26.982586,0.158695,13.912441,2.609935
4237,1.648592,1.362214,nan,0.158695,nan,3.778511
4238,1.480592,1.305089,31.008976,0.158672,14.276643,3.420967
4239,1.617127,1.574286,nan,0.158672,nan,3.699989
4240,1.647242,1.388031,28.864246,0.158649,11.788960,3.770566
4241,0.896985,1.395318,nan,0.158649,nan,2.264121
4242,1.544291,1.757937,29.814922,0.158626,11.120903,3.555160
4243,1.058440,1.486386,nan,0.158626,nan,2.569549
4244,1.281331,1.307969,31.589989,0.158604,12.390917,3.001642
4245,1.432637,1.326957,nan,0.158604,nan,3.345600
4246,0.563645,0.861548,25.470316,0.158581,11.572321,1.505398
4247,1.581906,1.462545,nan,0.158581,nan,3.638059
4248,1.340599,1.270714,26.530121,0.158558,15.566509,3.119557
4249,0.878250,0.939972,nan,0.158558,nan,2.219139
4250,1.321701,1.548500,28.117403,0.158535,13.664266,3.107210
4251,1.841440,1.364254,nan,0.158535,nan,4.161754
4252,1.805769,1.654583,27.727892,0.158512,15.100022,4.097843
4253,1.345981,1.322040,nan,0.158512,nan,3.139986
4254,1.395222,1.513782,25.789562,0.158489,12.617574,3.255653
4255,1.733767,1.612019,nan,0.158489,nan,3.951160
4256,1.503424,1.148965,27.020962,0.158466,14.033432,3.472025
4257,1.697819,2.348662,nan,0.158466,nan,3.881112
4258,1.499815,2.389464,27.050829,0.158442,12.906218,3.484958
4259,1.556298,1.661448,nan,0.158442,nan,3.591255
4260,1.723608,1.754929,27.850307,0.158419,12.453922,3.906146
4261,1.913545,1.524480,nan,0.158419,nan,4.316404
4262,2.701811,1.463283,30.098789,0.158396,12.958801,5.910069
4263,1.263952,1.359030,nan,0.158396,nan,2.985171
4264,1.135104,1.683271,22.350407,0.158372,16.647657,2.721873
4265,1.370396,1.327547,nan,0.158372,nan,3.227764
4266,2.025932,1.806124,30.102928,0.158349,14.657442,4.535806
4267,1.193901,1.416775,nan,0.158349,nan,2.809798
4268,1.045721,1.298113,25.849743,0.158325,14.761951,2.536354
4269,1.531698,1.233469,nan,0.158325,nan,3.547364
4270,2.059903,2.225467,26.195311,0.158301,12.782768,4.602026
4271,1.838900,1.424908,nan,0.158301,nan,4.139169
4272,1.419677,1.425350,27.352236,0.158277,12.988171,3.256945
4273,1.533319,1.093588,nan,0.158277,nan,3.551873
4274,2.533692,2.228482,22.743914,0.158254,12.943254,5.547084
4275,1.659725,1.751623,nan,0.158254,nan,3.783307
4276,1.226786,1.880243,24.007631,0.158230,12.882641,2.901517
4277,3.000121,2.106271,nan,0.158230,nan,6.482392
4278,3.144157,1.775379,26.043926,0.158207,12.938930,6.790102
4279,1.283296,1.453462,nan,0.158207,nan,3.045793
4280,1.756987,1.682398,26.137489,0.158183,12.862992,3.967062
4281,1.290904,1.267685,nan,0.158183,nan,3.014347
4282,1.060412,1.523925,27.757442,0.158160,12.255445,2.547547
4283,1.980408,1.440427,nan,0.158160,nan,4.433788
4284,1.605205,1.487014,23.755526,0.158137,15.217920,3.671433
4285,1.402365,1.509631,nan,0.158137,nan,3.255213
4286,1.133494,1.252528,30.528904,0.158113,11.963524,2.706395
4287,1.881585,1.482971,nan,0.158113,nan,4.227797
4288,1.407007,1.455873,29.351883,0.158090,12.985779,3.296011
4289,1.602258,1.724514,nan,0.158090,nan,3.669246
4290,1.380974,1.961642,23.136925,0.158067,12.655123,3.178725
4291,1.533194,1.543835,nan,0.158067,nan,3.518061
4292,1.053145,0.966849,27.245941,0.158044,11.172747,2.491724
4293,1.870805,1.699314,nan,0.158044,nan,4.212156
4294,1.181788,1.581222,26.428076,0.158022,12.575089,2.767255
4295,1.419029,1.534251,nan,0.158022,nan,3.241889
4296,1.865608,1.810015,23.769905,0.157999,14.791496,4.191921
4297,1.260839,1.776702,nan,0.157999,nan,2.979548
4298,1.321677,1.296072,29.403439,0.157976,14.197458,3.072696
4299,1.497582,1.581469,nan,0.157976,nan,3.438384
4300,1.504202,1.373585,29.085899,0.157952,16.677998,3.432834
4301,1.442609,1.468931,nan,0.157952,nan,3.306132
4302,1.245087,1.473892,26.701256,0.157929,12.306039,2.932416
4303,1.335527,1.942043,nan,0.157929,nan,3.112671
4304,1.086506,1.632944,22.744680,0.157905,15.363795,2.602136
4305,1.779727,1.843293,nan,0.157905,nan,4.039577
4306,1.647675,1.405672,21.312107,0.157881,15.217831,3.702749
4307,0.996547,1.096933,nan,0.157881,nan,2.424153
4308,1.382926,1.376661,21.796951,0.157858,13.016433,3.192508
4309,1.847871,0.891930,nan,0.157858,nan,4.135900
4310,2.475838,1.343138,27.522770,0.157834,14.061478,5.416271
4311,1.197043,1.132661,nan,0.157834,nan,2.822990
4312,1.842229,1.381122,24.957214,0.157811,12.590210,4.132061
4313,2.115560,2.237570,nan,0.157811,nan,4.712186
4314,1.305212,1.393934,26.025612,0.157787,12.956680,3.070275
4315,1.460677,1.516459,nan,0.157787,nan,3.361307
4316,1.336433,1.249818,30.671362,0.157764,15.266554,3.141441
4317,1.660638,0.829335,nan,0.157764,nan,3.797521
4318,1.705569,1.733322,22.849449,0.157740,13.655361,3.861898
4319,1.587534,1.602840,nan,0.157740,nan,3.614836
4320,1.512067,1.801108,27.878847,0.157717,12.598288,3.495105
4321,1.314153,0.902233,nan,0.157717,nan,3.104961
4322,1.042095,1.102667,29.694294,0.157693,13.627872,2.495154
4323,1.130933,1.076671,nan,0.157693,nan,2.711839
4324,1.375496,1.301973,27.199078,0.157670,12.123394,3.212620
4325,1.385701,1.361034,nan,0.157670,nan,3.229322
4326,1.062001,0.831917,23.712845,0.157647,13.073885,2.551576
4327,1.285133,1.132058,nan,0.157647,nan,2.975202
4328,1.386961,1.150241,23.790073,0.157624,13.842163,3.198214
4329,1.338951,1.084953,nan,0.157624,nan,3.120103
4330,1.455368,1.380587,21.252716,0.157601,12.560232,3.363435
4331,1.095759,1.226144,nan,0.157601,nan,2.655158
4332,1.371195,1.424729,19.561693,0.157578,12.315381,3.200815
4333,1.831879,1.615014,nan,0.157578,nan,4.122642
4334,1.291342,1.549698,24.959347,0.157555,13.430109,3.010376
4335,1.533506,1.143899,nan,0.157555,nan,3.541015
4336,0.811816,0.942209,28.412621,0.157532,14.360873,2.040640
4337,1.132673,0.973996,nan,0.157532,nan,2.658270
4338,1.195968,1.570786,28.217398,0.157509,13.123119,2.823933
4339,1.314645,1.372741,nan,0.157509,nan,3.069405
4340,1.299451,0.945980,30.336575,0.157486,16.198177,3.059565
4341,0.807011,0.917131,nan,0.157486,nan,2.014436
4342,0.985437,0.859700,20.509111,0.157463,13.376616,2.395952
4343,1.502751,1.466985,nan,0.157463,nan,3.429372
4344,1.567454,1.124329,23.373924,0.157440,14.566631,3.597264
4345,0.665002,0.613478,nan,0.157440,nan,1.713334
4346,1.103721,1.043738,24.146795,0.157417,12.454290,2.625971
4347,1.183086,0.868002,nan,0.157417,nan,2.803823
4348,1.392090,1.610987,24.522326,0.157393,14.630463,3.212985
4349,1.760216,1.755144,nan,0.157393,nan,3.975978
4350,1.143968,1.126989,21.354967,0.157371,11.195950,2.739712
4351,1.112766,1.757945,nan,0.157371,nan,2.676417
4352,1.112924,1.151941,27.997042,0.157347,16.100685,2.658386
4353,1.023688,1.764002,nan,0.157347,nan,2.469215
4354,1.269852,1.530600,26.110292,0.157324,12.866290,2.943227
4355,1.227952,1.774070,nan,0.157324,nan,2.867884
4356,1.724448,1.095687,26.965023,0.157301,14.139629,3.936961
4357,1.240036,1.277751,nan,0.157301,nan,2.884585
4358,1.177480,1.006200,23.455612,0.157278,14.267632,2.752181
4359,1.376932,1.388700,nan,0.157278,nan,3.192301
4360,1.818210,2.247516,28.812004,0.157255,14.489810,4.090596
4361,1.185090,0.780835,nan,0.157255,nan,2.813378
4362,1.480143,1.566565,22.251892,0.157231,13.833735,3.390780
4363,1.716971,1.158017,nan,0.157231,nan,3.898195
4364,1.129118,1.244414,21.676123,0.157208,15.979178,2.668974
4365,1.055074,0.929841,nan,0.157208,nan,2.524229
4366,1.318125,1.811480,30.393860,0.157185,12.644676,3.054672
4367,1.338942,1.420532,nan,0.157185,nan,3.103486
4368,1.689993,2.036342,26.259216,0.157161,15.987616,3.824574
4369,1.293725,1.015845,nan,0.157161,nan,3.041340
4370,1.576252,1.767518,21.636848,0.157138,13.406105,3.585291
4371,1.324020,1.490209,nan,0.157138,nan,3.062819
4372,1.399162,1.429644,25.848358,0.157115,10.861326,3.252591
4373,1.651296,1.556218,nan,0.157115,nan,3.740695
4374,1.196828,1.288597,21.765903,0.157092,13.249355,2.829031
4375,1.208942,1.207746,nan,0.157092,nan,2.850145
4376,1.355478,1.026571,32.280903,0.157069,11.537518,3.181187
4377,1.134981,1.916164,nan,0.157069,nan,2.718687
4378,1.482133,2.171144,23.514549,0.157047,11.847967,3.407561
4379,2.303229,1.927149,nan,0.157047,nan,5.096659
4380,1.742427,1.438874,27.552662,0.157024,13.924159,3.921626
4381,1.324074,1.030900,nan,0.157024,nan,3.100488
4382,1.150619,2.027826,25.731171,0.157002,13.127295,2.728747
4383,1.660324,1.932514,nan,0.157002,nan,3.789321
4384,1.906053,1.398744,24.159565,0.156979,14.973955,4.260571
4385,1.222812,1.250775,nan,0.156979,nan,2.874510
4386,2.067359,1.717710,23.460747,0.156956,14.212851,4.600729
4387,1.545365,2.205853,nan,0.156956,nan,3.544406
4388,1.208658,1.555701,25.713295,0.156933,17.072590,2.850746
4389,1.715382,1.791834,nan,0.156933,nan,3.886254
4390,2.264825,1.975711,26.045031,0.156910,12.832130,5.018192
4391,1.609340,1.193784,nan,0.156910,nan,3.675814
4392,1.455607,1.399796,27.149872,0.156887,12.831018,3.390909
4393,1.351907,1.565579,nan,0.156887,nan,3.108012
4394,1.609607,1.774325,24.137674,0.156865,11.980875,3.685971
4395,1.299990,1.538511,nan,0.156865,nan,3.013940
4396,2.179831,2.196020,31.937773,0.156842,14.194128,4.837644
4397,1.863448,1.593966,nan,0.156842,nan,4.193991
4398,1.855519,1.483021,28.503826,0.156820,12.806675,4.145517
4399,1.586297,1.759376,nan,0.156820,nan,3.574147
4400,1.883013,1.298309,28.346796,0.156797,12.758965,4.235174
4401,1.872645,1.976525,nan,0.156797,nan,4.231831
4402,1.259248,1.622057,27.539272,0.156775,12.840648,2.942899
4403,1.230130,1.475186,nan,0.156775,nan,2.900471
4404,1.786469,1.524779,32.114773,0.156752,14.292620,4.050851
4405,1.701702,1.276763,nan,0.156752,nan,3.868155
4406,1.606736,1.475762,31.220753,0.156730,14.972185,3.691237
4407,1.603246,1.088654,nan,0.156730,nan,3.691059
4408,1.577849,1.984399,30.623867,0.156707,14.456443,3.590084
4409,1.834836,1.908246,nan,0.156707,nan,4.123497
4410,2.098714,2.328594,26.262760,0.156684,12.672808,4.649133
4411,1.318706,2.088534,nan,0.156684,nan,3.107683
4412,1.165269,0.961773,29.695969,0.156662,16.139870,2.778985
4413,1.055203,0.821557,nan,0.156662,nan,2.514135
4414,1.583400,1.522381,26.874081,0.156639,11.624720,3.621432
4415,1.365101,1.340163,nan,0.156639,nan,3.172634
4416,1.176732,1.426937,27.989838,0.156616,14.592499,2.784333
4417,1.262549,1.161711,nan,0.156616,nan,2.976631
4418,2.327188,1.495883,24.636541,0.156594,14.322260,5.127672
4419,2.729791,1.676281,nan,0.156594,nan,5.927709
4420,1.599884,1.424746,28.896868,0.156571,15.070414,3.661356
4421,3.357236,3.715189,nan,0.156571,nan,7.190825
4422,2.971611,3.423623,23.982597,0.156548,14.545031,6.418576
4423,1.612921,1.464999,nan,0.156548,nan,3.645528
4424,2.560914,2.421332,27.854462,0.156525,13.516102,5.600125
4425,2.862789,3.597732,nan,0.156525,nan,6.199440
4426,2.021578,3.095532,29.830772,0.156502,17.193016,4.498701
4427,1.762572,1.076537,nan,0.156502,nan,4.006510
4428,1.713796,1.352025,23.612577,0.156479,14.578451,3.888101
4429,2.523905,1.716742,nan,0.156479,nan,5.492979
4430,3.929021,1.951728,26.158150,0.156455,15.606378,8.347369
4431,3.290973,3.156170,nan,0.156455,nan,7.050881
4432,2.039477,2.663223,30.006737,0.156432,14.788645,4.552294
4433,1.557555,1.850090,nan,0.156432,nan,3.547205
4434,1.264658,1.984509,28.791855,0.156409,14.574780,2.956105
4435,1.419034,2.201825,nan,0.156409,nan,3.276488
4436,1.652833,1.643788,28.711380,0.156385,14.861292,3.772654
4437,1.356074,1.050319,nan,0.156385,nan,3.150913
4438,1.639453,1.598392,23.606358,0.156362,13.487608,3.761086
4439,2.305392,2.207069,nan,0.156362,nan,5.101677
4440,1.570167,2.084305,32.896175,0.156339,13.856251,3.577503
4441,0.989104,0.906618,nan,0.156339,nan,2.409955
4442,1.310244,1.934458,23.970810,0.156316,12.791140,3.074041
4443,1.533691,1.402513,nan,0.156316,nan,3.527909
4444,1.091680,2.085253,28.895550,0.156293,10.764008,2.604912
4445,1.258619,2.424886,nan,0.156293,nan,2.949151
4446,1.654055,1.164593,24.787838,0.156270,15.620317,3.746176
4447,1.381879,1.307249,nan,0.156270,nan,3.202103
4448,1.425246,0.868423,26.772867,0.156248,13.997083,3.304389
4449,1.621461,1.229294,nan,0.156248,nan,3.709808
4450,1.084310,2.234818,27.754477,0.156225,12.428805,2.618001
4451,1.266223,1.228329,nan,0.156225,nan,2.981194
4452,1.912448,1.551540,23.726673,0.156203,14.861219,4.261962
4453,1.977886,2.508669,nan,0.156203,nan,4.421566
4454,2.747131,2.290169,29.242252,0.156180,13.917022,5.986279
4455,1.349745,1.409415,nan,0.156180,nan,3.142712
4456,3.037069,1.810344,35.896275,0.156157,15.264254,6.567904
4457,2.062779,1.225341,nan,0.156157,nan,4.597513
4458,0.996530,1.001045,25.485519,0.156135,14.991642,2.394274
4459,3.913351,2.230939,nan,0.156135,nan,8.318629
4460,3.710790,1.286668,27.578283,0.156112,15.195287,7.924018
4461,2.598743,3.722550,nan,0.156112,nan,5.650976
4462,2.605541,4.485949,31.315502,0.156089,13.797346,5.695436
4463,2.300495,3.333876,nan,0.156089,nan,5.074388
4464,1.515689,1.381378,27.006924,0.156066,13.277102,3.428617
4465,2.172303,2.515142,nan,0.156066,nan,4.789314
4466,2.299088,3.005136,33.899418,0.156043,16.325785,5.078261
4467,2.319724,1.236558,nan,0.156043,nan,5.110464
4468,0.786944,0.579582,22.496170,0.156020,15.138721,2.005701
4469,3.116638,1.426279,nan,0.156020,nan,6.730843
4470,2.342372,1.584767,19.205236,0.155997,16.219183,5.158690
4471,1.735615,2.756120,nan,0.155997,nan,3.921587
4472,1.834074,2.173254,25.057688,0.155974,14.393005,4.093280
4473,2.206332,2.263215,nan,0.155974,nan,4.877067
4474,1.551815,1.304217,25.558451,0.155951,13.948236,3.546809
4475,2.891376,2.084059,nan,0.155951,nan,6.265737
4476,2.340909,1.414424,26.281219,0.155928,13.132000,5.165621
4477,1.482046,1.373796,nan,0.155928,nan,3.404009
4478,2.372403,1.643508,21.264252,0.155905,13.599581,5.211841
4479,3.372273,4.269440,nan,0.155905,nan,7.210726
4480,2.966320,5.259100,26.458611,0.155882,14.537435,6.414375
4481,3.633138,4.640236,nan,0.155882,nan,7.735957
4482,2.357094,2.644824,31.405485,0.155859,14.498092,5.166678
4483,2.271331,3.747905,nan,0.155859,nan,5.010508
4484,1.623584,2.655564,26.434002,0.155837,14.145632,3.709042
4485,2.573218,2.100375,nan,0.155837,nan,5.603562
4486,2.833301,2.830961,32.096622,0.155814,15.229191,6.138450
4487,1.951301,1.604094,nan,0.155814,nan,4.364452
4488,2.071857,2.263919,28.979469,0.155791,15.032509,4.602100
4489,1.567306,1.707272,nan,0.155791,nan,3.570197
4490,1.689047,1.364196,26.480362,0.155768,12.023231,3.835904
4491,2.516934,2.564639,nan,0.155768,nan,5.492529
4492,2.767582,2.006835,26.526815,0.155746,13.533602,6.020040
4493,2.390942,2.696379,nan,0.155746,nan,5.253287
4494,1.339915,2.287114,26.576483,0.155724,12.857174,3.109281
4495,2.058520,2.394735,nan,0.155724,nan,4.596231
4496,2.136950,1.390879,26.392626,0.155701,15.154992,4.748291
4497,1.493478,1.524797,nan,0.155701,nan,3.404820
4498,2.017174,1.686221,24.509068,0.155679,14.234837,4.489507
4499,1.500723,2.826630,nan,0.155679,nan,3.430626
4500,1.065694,2.924313,21.675173,0.155656,17.051926,2.565064
4501,2.789130,1.523411,nan,0.155656,nan,6.039194
4502,2.925712,1.391036,29.660233,0.155633,16.018948,6.322256
4503,1.609589,1.724549,nan,0.155633,nan,3.671202
4504,2.426405,1.688589,34.235992,0.155610,14.855011,5.275233
4505,2.805062,1.929127,nan,0.155610,nan,6.083760
4506,1.346184,1.479097,31.473858,0.155587,13.830779,3.112866
4507,2.571115,2.786841,nan,0.155587,nan,5.590296
4508,3.161781,2.976320,28.739891,0.155565,14.220867,6.780295
4509,1.893336,2.484076,nan,0.155565,nan,4.216651
4510,1.502930,1.649006,26.167095,0.155542,13.487736,3.415143
4511,2.322992,2.259939,nan,0.155542,nan,5.099365
4512,1.573663,2.078027,25.432211,0.155519,16.098030,3.559728
4513,1.354812,1.274472,nan,0.155519,nan,3.137986
4514,2.237808,2.348057,30.991215,0.155497,13.316077,4.911990
4515,1.292952,1.495618,nan,0.155497,nan,2.970994
4516,1.665152,2.469856,26.414442,0.155474,15.285664,3.740569
4517,1.804914,2.015298,nan,0.155474,nan,4.038856
4518,2.471556,1.928814,22.573170,0.155451,13.462896,5.392220
4519,1.248528,1.524506,nan,0.155451,nan,2.889533
4520,1.843349,2.007707,23.970299,0.155428,16.653709,4.123849
4521,1.907493,1.883229,nan,0.155428,nan,4.255699
4522,1.421764,1.610052,22.933857,0.155406,13.259953,3.242281
4523,1.951608,1.804210,nan,0.155406,nan,4.339004
4524,1.874524,1.534773,27.564697,0.155383,13.789075,4.204733
4525,1.356407,1.749861,nan,0.155383,nan,3.102186
4526,1.981059,2.436761,29.653996,0.155361,15.087889,4.409365
4527,1.655560,1.872861,nan,0.155361,nan,3.746310
4528,1.258327,1.335572,27.830149,0.155338,15.015066,2.939637
4529,1.346967,1.278742,nan,0.155338,nan,3.111746
4530,1.238747,1.366924,26.840738,0.155315,15.458448,2.889668
4531,1.802169,1.963823,nan,0.155315,nan,4.023311
4532,1.961406,2.005939,27.523216,0.155293,13.267096,4.373107
4533,2.353995,2.425445,nan,0.155293,nan,5.165058
4534,2.117238,2.116938,27.283249,0.155271,13.151867,4.671723
4535,1.261222,1.481446,nan,0.155271,nan,2.936707
4536,1.399257,1.682465,28.747593,0.155248,12.205989,3.217763
4537,1.555288,1.779058,nan,0.155248,nan,3.562868
4538,1.913661,1.471160,24.584499,0.155226,15.701146,4.249448
4539,1.339357,1.442188,nan,0.155226,nan,3.081487
4540,2.030024,1.938531,27.740139,0.155204,14.974062,4.478822
4541,1.262349,1.234996,nan,0.155204,nan,2.944570
4542,1.586429,1.193137,25.920929,0.155182,12.342417,3.556609
4543,1.287888,1.242271,nan,0.155182,nan,2.967094
4544,1.946854,1.273952,26.408438,0.155159,18.460960,4.343747
4545,1.774311,2.723013,nan,0.155159,nan,3.977013
4546,1.661389,1.807311,23.973961,0.155137,14.266521,3.757249
4547,1.649567,1.579003,nan,0.155137,nan,3.679963
4548,2.586583,2.532221,32.376255,0.155114,14.659966,5.643456
4549,1.762963,1.416535,nan,0.155114,nan,3.965067
4550,2.168081,1.954477,30.280819,0.155092,14.297127,4.773386
4551,1.639417,1.822159,nan,0.155092,nan,3.742996
4552,1.369274,1.472890,34.733459,0.155069,15.272493,3.109156
4553,1.184597,1.170693,nan,0.155069,nan,2.781506
4554,1.531776,1.564175,31.103930,0.155047,14.011073,3.448215
4555,1.015415,1.707796,nan,0.155047,nan,2.385937
4556,0.902010,0.978982,27.389750,0.155025,14.199235,2.160515
4557,1.096680,1.511529,nan,0.155025,nan,2.571340
4558,1.999094,1.943580,27.849037,0.155002,17.037136,4.432466
4559,2.024484,2.425814,nan,0.155002,nan,4.474501
4560,1.690934,1.267327,23.459644,0.154979,15.588142,3.809936
4561,1.614868,1.859557,nan,0.154979,nan,3.631275
4562,1.173743,1.217492,26.178600,0.154957,13.392250,2.747823
4563,0.970463,0.812953,nan,0.154957,nan,2.325896
4564,2.736958,1.928042,37.549072,0.154934,14.726885,5.945843
4565,1.662035,1.647124,nan,0.154934,nan,3.774233
4566,1.972945,1.797080,26.896166,0.154912,15.557549,4.352268
4567,2.013259,2.418938,nan,0.154912,nan,4.427559
4568,2.356011,1.739243,31.460865,0.154889,13.300959,5.157198
4569,1.731209,1.312138,nan,0.154889,nan,3.905530
4570,2.042656,2.097079,33.889076,0.154867,15.757618,4.502652
4571,1.515529,1.334474,nan,0.154867,nan,3.484043
4572,1.465243,2.044097,30.010454,0.154845,12.728095,3.354896
4573,0.881658,1.076034,nan,0.154845,nan,2.149457
4574,1.865883,2.057875,27.596794,0.154822,16.849163,4.178163
4575,1.482599,1.686473,nan,0.154822,nan,3.386230
4576,2.025887,2.316486,33.257641,0.154800,14.157207,4.474826
4577,0.821199,1.165143,nan,0.154800,nan,2.048359
4578,2.363096,1.806548,34.438103,0.154778,13.104002,5.161546
4579,2.398176,1.072345,nan,0.154778,nan,5.243585
4580,1.123731,1.326014,30.232437,0.154755,14.962933,2.670847
4581,1.381418,1.538644,nan,0.154755,nan,3.150950
4582,1.090124,1.974169,28.158520,0.154733,12.833389,2.603101
4583,1.219862,1.148424,nan,0.154733,nan,2.846796
4584,1.580288,1.495770,30.641867,0.154711,16.273556,3.569076
4585,2.429742,2.033695,nan,0.154711,nan,5.304438
4586,0.912352,0.994507,29.804359,0.154689,12.708784,2.217186
4587,0.962968,0.929342,nan,0.154689,nan,2.313175
4588,0.719614,0.875752,26.618385,0.154667,13.783840,1.807839
4589,0.947582,1.021954,nan,0.154667,nan,2.298938
4590,1.575416,1.133862,29.327120,0.154645,13.513468,3.565998
4591,1.593334,1.513546,nan,0.154645,nan,3.616608
4592,1.629526,1.281295,24.686317,0.154624,15.259832,3.691942
4593,1.360120,1.117139,nan,0.154624,nan,3.119629
4594,1.779353,1.560577,25.747715,0.154602,13.803926,3.978460
4595,1.413316,1.259072,nan,0.154602,nan,3.245607
4596,1.365419,0.927648,27.768246,0.154580,15.212008,3.184125
4597,1.302209,1.185944,nan,0.154580,nan,3.015944
4598,1.330069,1.482460,30.546627,0.154558,14.683069,3.068622
4599,2.666418,2.166748,nan,0.154558,nan,5.771897
4600,1.102260,0.900564,27.927311,0.154536,13.537206,2.637284
4601,1.571748,1.009932,nan,0.154536,nan,3.603302
4602,1.852161,2.257852,23.520340,0.154514,14.346943,4.151708
4603,2.494970,1.897601,nan,0.154514,nan,5.441040
4604,2.168112,1.702301,26.438965,0.154493,15.061523,4.782978
4605,1.853944,1.902309,nan,0.154493,nan,4.119462
4606,2.066761,1.540195,33.054779,0.154471,13.816540,4.582517
4607,1.666240,3.011638,nan,0.154471,nan,3.772280
4608,2.094189,2.956773,26.821560,0.154449,14.515970,4.613633
4609,1.743781,1.725648,nan,0.154449,nan,3.911871
4610,1.753944,1.957572,27.953869,0.154427,15.655282,3.921585
4611,2.759902,1.663752,nan,0.154427,nan,5.993953
4612,2.755594,1.516093,20.278194,0.154405,15.705149,5.971109
4613,2.029909,3.476662,nan,0.154405,nan,4.514995
4614,1.908011,2.821601,29.134027,0.154383,14.165424,4.254542
4615,1.595944,1.096145,nan,0.154383,nan,3.644855
4616,1.140816,3.339272,29.967472,0.154361,14.601440,2.696317
4617,1.910362,3.712457,nan,0.154361,nan,4.262448
4618,1.651196,2.247819,31.049820,0.154339,14.804141,3.731309
4619,2.127948,3.786057,nan,0.154339,nan,4.709228
4620,1.380829,3.807106,23.941429,0.154317,14.939858,3.177536
4621,2.474438,1.314306,nan,0.154317,nan,5.420977
4622,4.444005,1.779437,27.544720,0.154296,14.670326,9.368282
4623,3.475168,1.555807,nan,0.154296,nan,7.425303
4624,1.599854,1.942644,30.676353,0.154273,16.104088,3.649218
4625,2.247807,0.920362,nan,0.154273,nan,4.956035
4626,2.713330,2.704363,27.991772,0.154251,14.909348,5.856431
4627,1.762572,2.034574,nan,0.154251,nan,3.955002
4628,1.956516,0.916517,23.634359,0.154229,13.952789,4.365416
4629,2.505264,2.181400,nan,0.154229,nan,5.441190
4630,2.746744,1.732773,27.276764,0.154208,13.437105,5.941172
4631,1.125521,2.085107,nan,0.154208,nan,2.673584
4632,2.241871,2.311857,21.520199,0.154186,15.754858,4.924178
4633,1.825534,1.992552,nan,0.154186,nan,4.091401
4634,1.944467,2.253643,26.530148,0.154164,14.283859,4.327060
4635,1.625709,1.397864,nan,0.154164,nan,3.706353
4636,2.551720,1.829471,27.449064,0.154142,14.772013,5.548867
4637,1.126858,1.794986,nan,0.154142,nan,2.672429
4638,1.368096,2.054581,30.917999,0.154120,16.222878,3.160095
4639,1.212039,1.562101,nan,0.154120,nan,2.819929
4640,0.846769,2.171163,22.606258,0.154098,13.266342,2.082045
4641,2.531659,1.802259,nan,0.154098,nan,5.490447
4642,2.986366,2.044017,33.150421,0.154076,14.221764,6.410798
4643,1.558038,1.756855,nan,0.154076,nan,3.536455
4644,1.562176,1.564194,26.702923,0.154055,13.396414,3.546011
4645,1.658019,1.598601,nan,0.154055,nan,3.702263
4646,1.412375,2.445729,29.083017,0.154033,14.208119,3.256047
4647,1.310878,1.438872,nan,0.154033,nan,3.027430
4648,1.089682,1.303787,25.581524,0.154012,14.583313,2.577046
4649,2.180034,1.994818,nan,0.154012,nan,4.790613
4650,2.240527,2.413202,28.796993,0.153990,15.992332,4.898565
4651,1.052045,1.015590,nan,0.153990,nan,2.497334
4652,1.396279,2.263950,29.735714,0.153968,15.592897,3.163390
4653,1.321955,1.924289,nan,0.153968,nan,3.036413
4654,2.374550,1.183325,30.127331,0.153947,11.877974,5.193571
4655,1.263486,1.018766,nan,0.153947,nan,2.974946
4656,2.303269,1.775615,25.920818,0.153925,14.313284,5.029799
4657,2.183960,0.964916,nan,0.153925,nan,4.835113
4658,1.557874,1.965390,26.486576,0.153903,15.906099,3.533170
4659,0.948440,1.043704,nan,0.153903,nan,2.286272
4660,1.394201,2.281448,29.134418,0.153882,16.927176,3.213137
4661,1.466069,1.500745,nan,0.153882,nan,3.365627
4662,1.521745,1.305753,32.109474,0.153860,16.749439,3.449501
4663,1.445608,1.036828,nan,0.153860,nan,3.318979
4664,1.302608,1.916819,25.559345,0.153838,14.920774,3.008787
4665,1.442183,1.053280,nan,0.153838,nan,3.302248
4666,1.519039,1.329797,24.270885,0.153816,14.662577,3.474236
4667,1.155751,1.285482,nan,0.153816,nan,2.721095
4668,1.980082,2.945207,30.588854,0.153793,16.960962,4.379677
4669,1.460425,2.386412,nan,0.153793,nan,3.324652
4670,1.305540,0.867525,29.962273,0.153771,15.434747,3.021641
4671,0.748643,1.164665,nan,0.153771,nan,1.873333
4672,1.496302,1.267179,28.441994,0.153749,14.791132,3.427033
4673,1.200169,1.027495,nan,0.153749,nan,2.846769
4674,1.076856,1.806814,26.872433,0.153727,17.804842,2.539868
4675,0.983012,1.802022,nan,0.153727,nan,2.351781
4676,1.578291,1.263987,30.743584,0.153705,13.521614,3.604334
4677,1.157299,1.884205,nan,0.153705,nan,2.769751
4678,0.914583,1.059203,23.713223,0.153682,17.477249,2.242353
4679,1.842738,1.447178,nan,0.153682,nan,4.164015
4680,1.352173,1.964958,24.510506,0.153660,16.932545,3.129729
