Bloomberg Ticker,Name,Date,WRDS Ticker
0964591D UQ Equity,Biomet Inc,6/20/04,BMET
1255459D UQ Equity,Life Technologies Corp,6/20/04,LIFE.3
1280712D UQ Equity,Novellus Systems Inc,6/20/04,NVLS
1518855D US Equity,Yahoo! Inc - Set up for Fundam,6/20/04,YHOO
1519128D UQ Equity,Compuware Corp,6/20/04,CPWR
1541931D UQ Equity,Altera Corp,6/20/04,ALTR
1579957D UQ Equity,Intelsat US LLC,6/20/04,I
1683351D UQ Equity,Novartis Vaccines and Diagnost,6/20/04,NVS
1683997D UQ Equity,Dell Inc,6/20/04,DELL
1812212D UQ Equity,Match Group Inc,6/20/04,MTCH
1920486D UQ Equity,Oracle America Inc,6/20/04,JAVA
2207158D UQ Equity,Medimmune LLC,6/20/04,MEDI
2217347D UQ Equity,Mercury Interactive LLC,6/20/04,MERQ
2307532Q UQ Equity,Schneider Electric IT Corp,6/20/04,APCC
2544554D UQ Equity,SanDisk LLC,6/20/04,SNDK
3029830Q UQ Equity,Peoplesoft Inc,6/20/04,PFST
3153670Q UQ Equity,Veritas Software Corp,6/20/04,VRTS
3437127Q UQ Equity,Millennium Pharmaceuticals Inc,6/20/04,MLNM
AAPL UQ Equity,Apple Inc,6/20/04,AAPL
ADBE UQ Equity,Adobe Inc,6/20/04,ADBE
AMAT UQ Equity,Applied Materials Inc,6/20/04,AMAT
AMGN UQ Equity,Amgen Inc,6/20/04,AMGN
AMZN UQ Equity,Amazon.com Inc,6/20/04,AMZN
APOL UQ Equity,Apollo Education Group Inc,6/20/04,APOL
ATYT UQ Equity,ATI Technologies Inc,6/20/04,ATYT
BB UQ Equity,BlackBerry Ltd,6/20/04,BB
BBBYQ UQ Equity,20230930-DK-Butterfly-1 Inc,6/20/04,BBBY
BEAS UQ Equity,BEA Systems Inc,6/20/04,BEAS
BIIB UQ Equity,Biogen Inc,6/20/04,BIIB
BRCM UQ Equity,Broadcom Corp,6/20/04,BRCM
CDWC UQ Equity,CDW Corp/IL,6/20/04,CDWC
CEPH UQ Equity,Cephalon Inc,6/20/04,CEPH
CHKP UQ Equity,Check Point Software Technolog,6/20/04,CHKP
CHRW UQ Equity,CH Robinson Worldwide Inc,6/20/04,CHRW
CMCSA UQ Equity,Comcast Corp,6/20/04,CMCSA
CMVT UQ Equity,Comverse Technology Inc,6/20/04,CMVT
COST UQ Equity,Costco Wholesale Corp,6/20/04,COST
CSCO UQ Equity,Cisco Systems Inc,6/20/04,CSCO
CTAS UQ Equity,Cintas Corp,6/20/04,CTAS
CTXS UQ Equity,Citrix Systems Inc,6/20/04,CTXS
DISH UQ Equity,DISH Network Corp,6/20/04,DISH
DLTR UQ Equity,Dollar Tree Inc,6/20/04,DLTR
EA UQ Equity,Electronic Arts Inc,6/20/04,EA
EBAY UQ Equity,eBay Inc,6/20/04,EBAY
ESRX UQ Equity,Evernorth Health Inc,6/20/04,ESRX
EXPD UQ Equity,Expeditors International of Wa,6/20/04,EXPD
FAST UQ Equity,Fastenal Co,6/20/04,FAST
FHCC UQ Equity,First Health Group Corp,6/20/04,FHCC
FI UQ Equity,Fiserv Inc,6/20/04,FISV
FLEX UQ Equity,Flex Ltd,6/20/04,FLEX
GEN UQ Equity,Gen Digital Inc,6/20/04,GEN
GENZ UQ Equity,Genzyme Corp,6/20/04,GENZ
GILD UQ Equity,Gilead Sciences Inc,6/20/04,GILD
GNTX UQ Equity,Gentex Corp,6/20/04,GNTX
GRMN UQ Equity,Garmin Ltd,6/20/04,GRMN
HSIC UQ Equity,Henry Schein Inc,6/20/04,HSIC
INTC UQ Equity,Intel Corp,6/20/04,INTC
INTU UQ Equity,Intuit Inc,6/20/04,INTU
ISIL UQ Equity,Renesas Electronics America In,6/20/04,IDTI
JNPR UQ Equity,Juniper Networks Inc,6/20/04,JNPR
KLAC UQ Equity,KLA Corp,6/20/04,KLAC
LAMR UQ Equity,Lamar Advertising Co,6/20/04,LAMR
LLTC UQ Equity,Linear Technology Corp,6/20/04,LLTC
LNCR UQ Equity,Lincare Holdings Inc,6/20/04,LNCR
LRCX UQ Equity,Lam Research Corp,6/20/04,LRCX
LVLT UQ Equity,Level 3 Communications Inc,6/20/04,LVLT
MCHP UQ Equity,Microchip Technology Inc,6/20/04,MCHP
MOLX UQ Equity,Molex LLC/US,6/20/04,MOLX
MRVL UQ Equity,Marvell Technology Inc,6/20/04,MRVL
MSFT UQ Equity,Microsoft Corp,6/20/04,MSFT
MXIM UQ Equity,Maxim Integrated Products Inc,6/20/04,MXIM
NTAP UQ Equity,NetApp Inc,6/20/04,NTAP
NVDA UQ Equity,NVIDIA Corp,6/20/04,NVDA
NXTL UQ Equity,Nextel Communications Inc,6/20/04,NXTL
ORCL UQ Equity,Oracle Corp,6/20/04,ORCL
PAYX UQ Equity,Paychex Inc,6/20/04,PAYX
PCAR UQ Equity,PACCAR Inc,6/20/04,PCAR
PDCO UQ Equity,Patterson Cos Inc,6/20/04,PDCO
PETM UQ Equity,PetSmart LLC,6/20/04,PETM
PIXR UQ Equity,Pixar,6/20/04,PIXR
PRDO UQ Equity,Perdoceo Education Corp,6/20/04,PRDO
PTEN UQ Equity,Patterson-UTI Energy Inc,6/20/04,PTEN
QCOM UQ Equity,QUALCOMM Inc,6/20/04,QCOM
QLGC UQ Equity,QLogic LLC,6/20/04,QLGC
ROST UQ Equity,Ross Stores Inc,6/20/04,ROST
RYAAY UQ Equity,Ryanair Holdings PLC,6/20/04,RYAAY
SANM UQ Equity,Sanmina Corp,6/20/04,SANM
SBUX UQ Equity,Starbucks Corp,6/20/04,SBUX
SEBL UQ Equity,Siebel Systems Inc,6/20/04,SEBL
SIAL UQ Equity,Sigma-Aldrich Corp,6/20/04,SIAL
SNPS UQ Equity,Synopsys Inc,6/20/04,SNPS
SPLS UQ Equity,PIMCO US Stocks PLUS Active Bo,6/20/04,SPLS
SSCCQ UQ Equity,Smurfit-Stone Container Corp/O,6/20/04,SSCC
TEVA UQ Equity,Teva Pharmaceutical Industries,6/20/04,TEVA
TLAB UQ Equity,Infinera Optical Holding Inc,6/20/04,TLAB
VIAV UQ Equity,Viavi Solutions Inc,6/20/04,VIAV
VRSN UQ Equity,VeriSign Inc,6/20/04,VRSN
WFM UQ Equity,Whole Foods Market Inc,6/20/04,WFM
XLNX UQ Equity,Xilinx Inc,6/20/04,XLNX
XRAY UQ Equity,DENTSPLY SIRONA Inc,6/20/04,XRAY
0964591D UQ Equity,Biomet Inc,12/31/04,BMET
1255459D UQ Equity,Life Technologies Corp,12/31/04,LIFE.3
1280712D UQ Equity,Novellus Systems Inc,12/31/04,NVLS
1518855D US Equity,Yahoo! Inc - Set up for Fundam,12/31/04,YHOO
1541931D UQ Equity,Altera Corp,12/31/04,ALTR
1683351D UQ Equity,Novartis Vaccines and Diagnost,12/31/04,NVS
1683997D UQ Equity,Dell Inc,12/31/04,DELL
1812212D UQ Equity,Match Group Inc,12/31/04,MTCH
1920486D UQ Equity,Oracle America Inc,12/31/04,JAVA
2207158D UQ Equity,Medimmune LLC,12/31/04,MEDI
2217347D UQ Equity,Mercury Interactive LLC,12/31/04,MERQ
2307532Q UQ Equity,Schneider Electric IT Corp,12/31/04,APCC
3153670Q UQ Equity,Veritas Software Corp,12/31/04,VRTS
3437127Q UQ Equity,Millennium Pharmaceuticals Inc,12/31/04,MLNM
582663Q UQ Equity,LGI International LLC,12/31/04,LBTYA
713075Q UQ Equity,Virgin Media Holdings Inc,12/31/04,VMED
9210611D UQ Equity,Sirius XM Inc,12/31/04,LSXM.K
AAPL UQ Equity,Apple Inc,12/31/04,AAPL
ADBE UQ Equity,Adobe Inc,12/31/04,ADBE
ADSK UQ Equity,Autodesk Inc,12/31/04,ADSK
AMAT UQ Equity,Applied Materials Inc,12/31/04,AMAT
AMGN UQ Equity,Amgen Inc,12/31/04,AMGN
AMZN UQ Equity,Amazon.com Inc,12/31/04,AMZN
APOL UQ Equity,Apollo Education Group Inc,12/31/04,APOL
ATYT UQ Equity,ATI Technologies Inc,12/31/04,ATYT
BB UQ Equity,BlackBerry Ltd,12/31/04,BB
BBBYQ UQ Equity,20230930-DK-Butterfly-1 Inc,12/31/04,BBBY
BEAS UQ Equity,BEA Systems Inc,12/31/04,BEAS
BIIB UQ Equity,Biogen Inc,12/31/04,BIIB
BRCM UQ Equity,Broadcom Corp,12/31/04,BRCM
CDWC UQ Equity,CDW Corp/IL,12/31/04,CDWC
CHKP UQ Equity,Check Point Software Technolog,12/31/04,CHKP
CHRW UQ Equity,CH Robinson Worldwide Inc,12/31/04,CHRW
CMCSA UQ Equity,Comcast Corp,12/31/04,CMCSA
CMVT UQ Equity,Comverse Technology Inc,12/31/04,CMVT
COST UQ Equity,Costco Wholesale Corp,12/31/04,COST
CSCO UQ Equity,Cisco Systems Inc,12/31/04,CSCO
CTAS UQ Equity,Cintas Corp,12/31/04,CTAS
CTSH UQ Equity,Cognizant Technology Solutions,12/31/04,CTSH
CTXS UQ Equity,Citrix Systems Inc,12/31/04,CTXS
DISH UQ Equity,DISH Network Corp,12/31/04,DISH
DLTR UQ Equity,Dollar Tree Inc,12/31/04,DLTR
EA UQ Equity,Electronic Arts Inc,12/31/04,EA
EBAY UQ Equity,eBay Inc,12/31/04,EBAY
ERIC UQ Equity,Telefonaktiebolaget LM Ericsso,12/31/04,ERIC
ESRX UQ Equity,Evernorth Health Inc,12/31/04,ESRX
EXPD UQ Equity,Expeditors International of Wa,12/31/04,EXPD
FAST UQ Equity,Fastenal Co,12/31/04,FAST
FI UQ Equity,Fiserv Inc,12/31/04,FISV
FLEX UQ Equity,Flex Ltd,12/31/04,FLEX
GEN UQ Equity,Gen Digital Inc,12/31/04,GEN
GENZ UQ Equity,Genzyme Corp,12/31/04,GENZ
GILD UQ Equity,Gilead Sciences Inc,12/31/04,GILD
GRMN UQ Equity,Garmin Ltd,12/31/04,GRMN
INTC UQ Equity,Intel Corp,12/31/04,INTC
INTU UQ Equity,Intuit Inc,12/31/04,INTU
ISIL UQ Equity,Renesas Electronics America In,12/31/04,IDTI
JNPR UQ Equity,Juniper Networks Inc,12/31/04,JNPR
KLAC UQ Equity,KLA Corp,12/31/04,KLAC
LAMR UQ Equity,Lamar Advertising Co,12/31/04,LAMR
LLTC UQ Equity,Linear Technology Corp,12/31/04,LLTC
LNCR UQ Equity,Lincare Holdings Inc,12/31/04,LNCR
LRCX UQ Equity,Lam Research Corp,12/31/04,LRCX
LVLT UQ Equity,Level 3 Communications Inc,12/31/04,LVLT
MCHP UQ Equity,Microchip Technology Inc,12/31/04,MCHP
MCIP UQ Equity,MCI Inc/United States,12/31/04,MCI
MOLX UQ Equity,Molex LLC/US,12/31/04,MOLX
MRVL UQ Equity,Marvell Technology Inc,12/31/04,MRVL
MSFT UQ Equity,Microsoft Corp,12/31/04,MSFT
MXIM UQ Equity,Maxim Integrated Products Inc,12/31/04,MXIM
NTAP UQ Equity,NetApp Inc,12/31/04,NTAP
NXTL UQ Equity,Nextel Communications Inc,12/31/04,NXTL
ORCL UQ Equity,Oracle Corp,12/31/04,ORCL
PAYX UQ Equity,Paychex Inc,12/31/04,PAYX
PCAR UQ Equity,PACCAR Inc,12/31/04,PCAR
PDCO UQ Equity,Patterson Cos Inc,12/31/04,PDCO
PETM UQ Equity,PetSmart LLC,12/31/04,PETM
PIXR UQ Equity,Pixar,12/31/04,PIXR
PRDO UQ Equity,Perdoceo Education Corp,12/31/04,PRDO
QCOM UQ Equity,QUALCOMM Inc,12/31/04,QCOM
QLGC UQ Equity,QLogic LLC,12/31/04,QLGC
ROST UQ Equity,Ross Stores Inc,12/31/04,ROST
SANM UQ Equity,Sanmina Corp,12/31/04,SANM
SBUX UQ Equity,Starbucks Corp,12/31/04,SBUX
SEBL UQ Equity,Siebel Systems Inc,12/31/04,SEBL
SHLDQ UQ Equity,Sears Holdings Corp,12/31/04,SHLDQ
SIAL UQ Equity,Sigma-Aldrich Corp,12/31/04,SIAL
SNDK UQ Equity,Sandisk Corp/DE,12/31/04,SNDK
SNPS UQ Equity,Synopsys Inc,12/31/04,SNPS
SPLS UQ Equity,PIMCO US Stocks PLUS Active Bo,12/31/04,SPLS
SSCCQ UQ Equity,Smurfit-Stone Container Corp/O,12/31/04,SSCC
TEVA UQ Equity,Teva Pharmaceutical Industries,12/31/04,TEVA
TLAB UQ Equity,Infinera Optical Holding Inc,12/31/04,TLAB
VIAV UQ Equity,Viavi Solutions Inc,12/31/04,VIAV
VRSN UQ Equity,VeriSign Inc,12/31/04,VRSN
WFM UQ Equity,Whole Foods Market Inc,12/31/04,WFM
WYNN UQ Equity,Wynn Resorts Ltd,12/31/04,WYNN
XLNX UQ Equity,Xilinx Inc,12/31/04,XLNX
XMSR UQ Equity,XM Satellite Radio Holdings In,12/31/04,XMSR
XRAY UQ Equity,DENTSPLY SIRONA Inc,12/31/04,XRAY
0964591D UQ Equity,Biomet Inc,6/30/05,BMET
1255459D UQ Equity,Life Technologies Corp,6/30/05,LIFE.3
1280712D UQ Equity,Novellus Systems Inc,6/30/05,NVLS
1518855D US Equity,Yahoo! Inc - Set up for Fundam,6/30/05,YHOO
1541931D UQ Equity,Altera Corp,6/30/05,ALTR
1683351D UQ Equity,Novartis Vaccines and Diagnost,6/30/05,NVS
1683997D UQ Equity,Dell Inc,6/30/05,DELL
1812212D UQ Equity,Match Group Inc,6/30/05,MTCH
1920486D UQ Equity,Oracle America Inc,6/30/05,JAVA
2207158D UQ Equity,Medimmune LLC,6/30/05,MEDI
2217347D UQ Equity,Mercury Interactive LLC,6/30/05,MERQ
2307532Q UQ Equity,Schneider Electric IT Corp,6/30/05,APCC
3153670Q UQ Equity,Veritas Software Corp,6/30/05,VRTS
3437127Q UQ Equity,Millennium Pharmaceuticals Inc,6/30/05,MLNM
713075Q UQ Equity,Virgin Media Holdings Inc,6/30/05,VMED
9210611D UQ Equity,Sirius XM Inc,6/30/05,LSXM.K
9990294D UQ Equity,Liberty Global Holdings Ltd/UK,6/30/05,LBTYA
AAPL UQ Equity,Apple Inc,6/30/05,AAPL
ADBE UQ Equity,Adobe Inc,6/30/05,ADBE
ADSK UQ Equity,Autodesk Inc,6/30/05,ADSK
AMAT UQ Equity,Applied Materials Inc,6/30/05,AMAT
AMGN UQ Equity,Amgen Inc,6/30/05,AMGN
AMZN UQ Equity,Amazon.com Inc,6/30/05,AMZN
APOL UQ Equity,Apollo Education Group Inc,6/30/05,APOL
ATYT UQ Equity,ATI Technologies Inc,6/30/05,ATYT
BB UQ Equity,BlackBerry Ltd,6/30/05,BB
BBBYQ UQ Equity,20230930-DK-Butterfly-1 Inc,6/30/05,BBBY
BEAS UQ Equity,BEA Systems Inc,6/30/05,BEAS
BIIB UQ Equity,Biogen Inc,6/30/05,BIIB
BRCM UQ Equity,Broadcom Corp,6/30/05,BRCM
CDWC UQ Equity,CDW Corp/IL,6/30/05,CDWC
CHKP UQ Equity,Check Point Software Technolog,6/30/05,CHKP
CHRW UQ Equity,CH Robinson Worldwide Inc,6/30/05,CHRW
CMCSA UQ Equity,Comcast Corp,6/30/05,CMCSA
CMVT UQ Equity,Comverse Technology Inc,6/30/05,CMVT
COST UQ Equity,Costco Wholesale Corp,6/30/05,COST
CSCO UQ Equity,Cisco Systems Inc,6/30/05,CSCO
CTAS UQ Equity,Cintas Corp,6/30/05,CTAS
CTSH UQ Equity,Cognizant Technology Solutions,6/30/05,CTSH
CTXS UQ Equity,Citrix Systems Inc,6/30/05,CTXS
DISH UQ Equity,DISH Network Corp,6/30/05,DISH
DLTR UQ Equity,Dollar Tree Inc,6/30/05,DLTR
EA UQ Equity,Electronic Arts Inc,6/30/05,EA
EBAY UQ Equity,eBay Inc,6/30/05,EBAY
ERIC UQ Equity,Telefonaktiebolaget LM Ericsso,6/30/05,ERIC
ESRX UQ Equity,Evernorth Health Inc,6/30/05,ESRX
EXPD UQ Equity,Expeditors International of Wa,6/30/05,EXPD
FAST UQ Equity,Fastenal Co,6/30/05,FAST
FI UQ Equity,Fiserv Inc,6/30/05,FISV
FLEX UQ Equity,Flex Ltd,6/30/05,FLEX
GEN UQ Equity,Gen Digital Inc,6/30/05,GEN
GENZ UQ Equity,Genzyme Corp,6/30/05,GENZ
GILD UQ Equity,Gilead Sciences Inc,6/30/05,GILD
GRMN UQ Equity,Garmin Ltd,6/30/05,GRMN
INTC UQ Equity,Intel Corp,6/30/05,INTC
INTU UQ Equity,Intuit Inc,6/30/05,INTU
ISIL UQ Equity,Renesas Electronics America In,6/30/05,IDTI
JNPR UQ Equity,Juniper Networks Inc,6/30/05,JNPR
KLAC UQ Equity,KLA Corp,6/30/05,KLAC
LAMR UQ Equity,Lamar Advertising Co,6/30/05,LAMR
LLTC UQ Equity,Linear Technology Corp,6/30/05,LLTC
LNCR UQ Equity,Lincare Holdings Inc,6/30/05,LNCR
LRCX UQ Equity,Lam Research Corp,6/30/05,LRCX
LVLT UQ Equity,Level 3 Communications Inc,6/30/05,LVLT
MCHP UQ Equity,Microchip Technology Inc,6/30/05,MCHP
MCIP UQ Equity,MCI Inc/United States,6/30/05,MCI
MOLX UQ Equity,Molex LLC/US,6/30/05,MOLX
MRVL UQ Equity,Marvell Technology Inc,6/30/05,MRVL
MSFT UQ Equity,Microsoft Corp,6/30/05,MSFT
MXIM UQ Equity,Maxim Integrated Products Inc,6/30/05,MXIM
NTAP UQ Equity,NetApp Inc,6/30/05,NTAP
NXTL UQ Equity,Nextel Communications Inc,6/30/05,NXTL
ORCL UQ Equity,Oracle Corp,6/30/05,ORCL
PAYX UQ Equity,Paychex Inc,6/30/05,PAYX
PCAR UQ Equity,PACCAR Inc,6/30/05,PCAR
PDCO UQ Equity,Patterson Cos Inc,6/30/05,PDCO
PETM UQ Equity,PetSmart LLC,6/30/05,PETM
PIXR UQ Equity,Pixar,6/30/05,PIXR
PRDO UQ Equity,Perdoceo Education Corp,6/30/05,PRDO
QCOM UQ Equity,QUALCOMM Inc,6/30/05,QCOM
QLGC UQ Equity,QLogic LLC,6/30/05,QLGC
ROST UQ Equity,Ross Stores Inc,6/30/05,ROST
SANM UQ Equity,Sanmina Corp,6/30/05,SANM
SBUX UQ Equity,Starbucks Corp,6/30/05,SBUX
SEBL UQ Equity,Siebel Systems Inc,6/30/05,SEBL
SHLDQ UQ Equity,Sears Holdings Corp,6/30/05,SHLDQ
SIAL UQ Equity,Sigma-Aldrich Corp,6/30/05,SIAL
SNDK UQ Equity,Sandisk Corp/DE,6/30/05,SNDK
SNPS UQ Equity,Synopsys Inc,6/30/05,SNPS
SPLS UQ Equity,PIMCO US Stocks PLUS Active Bo,6/30/05,SPLS
SSCCQ UQ Equity,Smurfit-Stone Container Corp/O,6/30/05,SSCC
TEVA UQ Equity,Teva Pharmaceutical Industries,6/30/05,TEVA
TLAB UQ Equity,Infinera Optical Holding Inc,6/30/05,TLAB
VIAV UQ Equity,Viavi Solutions Inc,6/30/05,VIAV
VRSN UQ Equity,VeriSign Inc,6/30/05,VRSN
WFM UQ Equity,Whole Foods Market Inc,6/30/05,WFM
WYNN UQ Equity,Wynn Resorts Ltd,6/30/05,WYNN
XLNX UQ Equity,Xilinx Inc,6/30/05,XLNX
XMSR UQ Equity,XM Satellite Radio Holdings In,6/30/05,XMSR
XRAY UQ Equity,DENTSPLY SIRONA Inc,6/30/05,XRAY
0964591D UQ Equity,Biomet Inc,12/31/05,BMET
1518855D US Equity,Yahoo! Inc - Set up for Fundam,12/31/05,YHOO
1541931D UQ Equity,Altera Corp,12/31/05,ALTR
1683351D UQ Equity,Novartis Vaccines and Diagnost,12/31/05,NVS
1683997D UQ Equity,Dell Inc,12/31/05,DELL
1812212D UQ Equity,Match Group Inc,12/31/05,MTCH
1920486D UQ Equity,Oracle America Inc,12/31/05,JAVA
2207158D UQ Equity,Medimmune LLC,12/31/05,MEDI
2217347D UQ Equity,Mercury Interactive LLC,12/31/05,MERQ
2307532Q UQ Equity,Schneider Electric IT Corp,12/31/05,APCC
713075Q UQ Equity,Virgin Media Holdings Inc,12/31/05,VMED
9210611D UQ Equity,Sirius XM Inc,12/31/05,LSXM.K
9990294D UQ Equity,Liberty Global Holdings Ltd/UK,12/31/05,LBTYA
AAPL UQ Equity,Apple Inc,12/31/05,AAPL
ADBE UQ Equity,Adobe Inc,12/31/05,ADBE
ADSK UQ Equity,Autodesk Inc,12/31/05,ADSK
AMAT UQ Equity,Applied Materials Inc,12/31/05,AMAT
AMGN UQ Equity,Amgen Inc,12/31/05,AMGN
AMZN UQ Equity,Amazon.com Inc,12/31/05,AMZN
APOL UQ Equity,Apollo Education Group Inc,12/31/05,APOL
ATVI UQ Equity,Activision Blizzard Inc,12/31/05,ATVI
ATYT UQ Equity,ATI Technologies Inc,12/31/05,ATYT
BB UQ Equity,BlackBerry Ltd,12/31/05,BB
BBBYQ UQ Equity,20230930-DK-Butterfly-1 Inc,12/31/05,BBBY
BEAS UQ Equity,BEA Systems Inc,12/31/05,BEAS
BIIB UQ Equity,Biogen Inc,12/31/05,BIIB
BRCM UQ Equity,Broadcom Corp,12/31/05,BRCM
CDNS UQ Equity,Cadence Design Systems Inc,12/31/05,CDNS
CDWC UQ Equity,CDW Corp/IL,12/31/05,CDWC
CELG UQ Equity,Celgene Corp,12/31/05,CELG
CHKP UQ Equity,Check Point Software Technolog,12/31/05,CHKP
CHRW UQ Equity,CH Robinson Worldwide Inc,12/31/05,CHRW
CKFR UQ Equity,CheckFree Corp/DE,12/31/05,CKFR
CMCSA UQ Equity,Comcast Corp,12/31/05,CMCSA
CMVT UQ Equity,Comverse Technology Inc,12/31/05,CMVT
COST UQ Equity,Costco Wholesale Corp,12/31/05,COST
CSCO UQ Equity,Cisco Systems Inc,12/31/05,CSCO
CTAS UQ Equity,Cintas Corp,12/31/05,CTAS
CTSH UQ Equity,Cognizant Technology Solutions,12/31/05,CTSH
CTXS UQ Equity,Citrix Systems Inc,12/31/05,CTXS
DISCA UQ Equity,Warner Bros Discovery Inc,12/31/05,DISCA
DISH UQ Equity,DISH Network Corp,12/31/05,DISH
EA UQ Equity,Electronic Arts Inc,12/31/05,EA
EBAY UQ Equity,eBay Inc,12/31/05,EBAY
ERIC UQ Equity,Telefonaktiebolaget LM Ericsso,12/31/05,ERIC
ESRX UQ Equity,Evernorth Health Inc,12/31/05,ESRX
EXPD UQ Equity,Expeditors International of Wa,12/31/05,EXPD
EXPE UQ Equity,Expedia Group Inc,12/31/05,EXPE
FAST UQ Equity,Fastenal Co,12/31/05,FAST
FI UQ Equity,Fiserv Inc,12/31/05,FISV
FLEX UQ Equity,Flex Ltd,12/31/05,FLEX
GEN UQ Equity,Gen Digital Inc,12/31/05,GEN
GENZ UQ Equity,Genzyme Corp,12/31/05,GENZ
GILD UQ Equity,Gilead Sciences Inc,12/31/05,GILD
GOOGL UQ Equity,Alphabet Inc,12/31/05,GOOGL
GRMN UQ Equity,Garmin Ltd,12/31/05,GRMN
INTC UQ Equity,Intel Corp,12/31/05,INTC
INTU UQ Equity,Intuit Inc,12/31/05,INTU
JNPR UQ Equity,Juniper Networks Inc,12/31/05,JNPR
KLAC UQ Equity,KLA Corp,12/31/05,KLAC
LAMR UQ Equity,Lamar Advertising Co,12/31/05,LAMR
LLTC UQ Equity,Linear Technology Corp,12/31/05,LLTC
LNCR UQ Equity,Lincare Holdings Inc,12/31/05,LNCR
LRCX UQ Equity,Lam Research Corp,12/31/05,LRCX
MCHP UQ Equity,Microchip Technology Inc,12/31/05,MCHP
MCIP UQ Equity,MCI Inc/United States,12/31/05,MCI
MRVL UQ Equity,Marvell Technology Inc,12/31/05,MRVL
MSFT UQ Equity,Microsoft Corp,12/31/05,MSFT
MWW UQ Equity,Monster Worldwide Inc,12/31/05,MWW
MXIM UQ Equity,Maxim Integrated Products Inc,12/31/05,MXIM
NIHDQ UQ Equity,NII Holdings Inc,12/31/05,NIHD
NTAP UQ Equity,NetApp Inc,12/31/05,NTAP
NVDA UQ Equity,NVIDIA Corp,12/31/05,NVDA
ORCL UQ Equity,Oracle Corp,12/31/05,ORCL
PAYX UQ Equity,Paychex Inc,12/31/05,PAYX
PCAR UQ Equity,PACCAR Inc,12/31/05,PCAR
PDCO UQ Equity,Patterson Cos Inc,12/31/05,PDCO
PETM UQ Equity,PetSmart LLC,12/31/05,PETM
PIXR UQ Equity,Pixar,12/31/05,PIXR
PTEN UQ Equity,Patterson-UTI Energy Inc,12/31/05,PTEN
QCOM UQ Equity,QUALCOMM Inc,12/31/05,QCOM
RHT UQ Equity,Red Hat LLC,12/31/05,RHT
ROST UQ Equity,Ross Stores Inc,12/31/05,ROST
SBUX UQ Equity,Starbucks Corp,12/31/05,SBUX
SEBL UQ Equity,Siebel Systems Inc,12/31/05,SEBL
SEPR UQ Equity,Sunovion Pharmaceuticals Inc,12/31/05,SEPR
SHLDQ UQ Equity,Sears Holdings Corp,12/31/05,SHLDQ
SIAL UQ Equity,Sigma-Aldrich Corp,12/31/05,SIAL
SNDK UQ Equity,Sandisk Corp/DE,12/31/05,SNDK
SPLS UQ Equity,PIMCO US Stocks PLUS Active Bo,12/31/05,SPLS
TEVA UQ Equity,Teva Pharmaceutical Industries,12/31/05,TEVA
TLAB UQ Equity,Infinera Optical Holding Inc,12/31/05,TLAB
URBN UQ Equity,Urban Outfitters Inc,12/31/05,URBN
VIAV UQ Equity,Viavi Solutions Inc,12/31/05,VIAV
VRSN UQ Equity,VeriSign Inc,12/31/05,VRSN
WFM UQ Equity,Whole Foods Market Inc,12/31/05,WFM
WYNN UQ Equity,Wynn Resorts Ltd,12/31/05,WYNN
XLNX UQ Equity,Xilinx Inc,12/31/05,XLNX
XMSR UQ Equity,XM Satellite Radio Holdings In,12/31/05,XMSR
XRAY UQ Equity,DENTSPLY SIRONA Inc,12/31/05,XRAY
0964591D UQ Equity,Biomet Inc,6/30/06,BMET
1518855D US Equity,Yahoo! Inc - Set up for Fundam,6/30/06,YHOO
1541931D UQ Equity,Altera Corp,6/30/06,ALTR
1683997D UQ Equity,Dell Inc,6/30/06,DELL
1812212D UQ Equity,Match Group Inc,6/30/06,MTCH
1920486D UQ Equity,Oracle America Inc,6/30/06,JAVA
2207158D UQ Equity,Medimmune LLC,6/30/06,MEDI
2307532Q UQ Equity,Schneider Electric IT Corp,6/30/06,APCC
9210611D UQ Equity,Sirius XM Inc,6/30/06,LSXM.K
9990294D UQ Equity,Liberty Global Holdings Ltd/UK,6/30/06,LBTYA
AAPL UQ Equity,Apple Inc,6/30/06,AAPL
ADBE UQ Equity,Adobe Inc,6/30/06,ADBE
ADSK UQ Equity,Autodesk Inc,6/30/06,ADSK
AKAM UQ Equity,Akamai Technologies Inc,6/30/06,AKAM
AMAT UQ Equity,Applied Materials Inc,6/30/06,AMAT
AMGN UQ Equity,Amgen Inc,6/30/06,AMGN
AMLN UQ Equity,Amylin Pharmaceuticals LLC,6/30/06,AMLN
AMZN UQ Equity,Amazon.com Inc,6/30/06,AMZN
APOL UQ Equity,Apollo Education Group Inc,6/30/06,APOL
ATVI UQ Equity,Activision Blizzard Inc,6/30/06,ATVI
ATYT UQ Equity,ATI Technologies Inc,6/30/06,ATYT
BB UQ Equity,BlackBerry Ltd,6/30/06,BB
BBBYQ UQ Equity,20230930-DK-Butterfly-1 Inc,6/30/06,BBBY
BEAS UQ Equity,BEA Systems Inc,6/30/06,BEAS
BIIB UQ Equity,Biogen Inc,6/30/06,BIIB
BRCM UQ Equity,Broadcom Corp,6/30/06,BRCM
CDNS UQ Equity,Cadence Design Systems Inc,6/30/06,CDNS
CDWC UQ Equity,CDW Corp/IL,6/30/06,CDWC
CELG UQ Equity,Celgene Corp,6/30/06,CELG
CHKP UQ Equity,Check Point Software Technolog,6/30/06,CHKP
CHRW UQ Equity,CH Robinson Worldwide Inc,6/30/06,CHRW
CKFR UQ Equity,CheckFree Corp/DE,6/30/06,CKFR
CMCSA UQ Equity,Comcast Corp,6/30/06,CMCSA
CMVT UQ Equity,Comverse Technology Inc,6/30/06,CMVT
COST UQ Equity,Costco Wholesale Corp,6/30/06,COST
CSCO UQ Equity,Cisco Systems Inc,6/30/06,CSCO
CTAS UQ Equity,Cintas Corp,6/30/06,CTAS
CTSH UQ Equity,Cognizant Technology Solutions,6/30/06,CTSH
CTXS UQ Equity,Citrix Systems Inc,6/30/06,CTXS
DISCA UQ Equity,Warner Bros Discovery Inc,6/30/06,DISCA
DISH UQ Equity,DISH Network Corp,6/30/06,DISH
EA UQ Equity,Electronic Arts Inc,6/30/06,EA
EBAY UQ Equity,eBay Inc,6/30/06,EBAY
ERIC UQ Equity,Telefonaktiebolaget LM Ericsso,6/30/06,ERIC
ESRX UQ Equity,Evernorth Health Inc,6/30/06,ESRX
EXPD UQ Equity,Expeditors International of Wa,6/30/06,EXPD
EXPE UQ Equity,Expedia Group Inc,6/30/06,EXPE
FAST UQ Equity,Fastenal Co,6/30/06,FAST
FI UQ Equity,Fiserv Inc,6/30/06,FISV
FLEX UQ Equity,Flex Ltd,6/30/06,FLEX
GEN UQ Equity,Gen Digital Inc,6/30/06,GEN
GENZ UQ Equity,Genzyme Corp,6/30/06,GENZ
GILD UQ Equity,Gilead Sciences Inc,6/30/06,GILD
GOOGL UQ Equity,Alphabet Inc,6/30/06,GOOGL
GRMN UQ Equity,Garmin Ltd,6/30/06,GRMN
INTC UQ Equity,Intel Corp,6/30/06,INTC
INTU UQ Equity,Intuit Inc,6/30/06,INTU
ISRG UQ Equity,Intuitive Surgical Inc,6/30/06,ISRG
JNPR UQ Equity,Juniper Networks Inc,6/30/06,JNPR
JOY UQ Equity,Komatsu Mining Corp,6/30/06,JOY
KLAC UQ Equity,KLA Corp,6/30/06,KLAC
LAMR UQ Equity,Lamar Advertising Co,6/30/06,LAMR
LLTC UQ Equity,Linear Technology Corp,6/30/06,LLTC
LNCR UQ Equity,Lincare Holdings Inc,6/30/06,LNCR
LRCX UQ Equity,Lam Research Corp,6/30/06,LRCX
MCHP UQ Equity,Microchip Technology Inc,6/30/06,MCHP
MRVL UQ Equity,Marvell Technology Inc,6/30/06,MRVL
MSFT UQ Equity,Microsoft Corp,6/30/06,MSFT
MWW UQ Equity,Monster Worldwide Inc,6/30/06,MWW
MXIM UQ Equity,Maxim Integrated Products Inc,6/30/06,MXIM
NIHDQ UQ Equity,NII Holdings Inc,6/30/06,NIHD
NTAP UQ Equity,NetApp Inc,6/30/06,NTAP
NVDA UQ Equity,NVIDIA Corp,6/30/06,NVDA
ORCL UQ Equity,Oracle Corp,6/30/06,ORCL
PAYX UQ Equity,Paychex Inc,6/30/06,PAYX
PCAR UQ Equity,PACCAR Inc,6/30/06,PCAR
PDCO UQ Equity,Patterson Cos Inc,6/30/06,PDCO
PETM UQ Equity,PetSmart LLC,6/30/06,PETM
PTEN UQ Equity,Patterson-UTI Energy Inc,6/30/06,PTEN
QCOM UQ Equity,QUALCOMM Inc,6/30/06,QCOM
RHT UQ Equity,Red Hat LLC,6/30/06,RHT
ROST UQ Equity,Ross Stores Inc,6/30/06,ROST
SBUX UQ Equity,Starbucks Corp,6/30/06,SBUX
SEPR UQ Equity,Sunovion Pharmaceuticals Inc,6/30/06,SEPR
SHLDQ UQ Equity,Sears Holdings Corp,6/30/06,SHLDQ
SIAL UQ Equity,Sigma-Aldrich Corp,6/30/06,SIAL
SNDK UQ Equity,Sandisk Corp/DE,6/30/06,SNDK
SPLS UQ Equity,PIMCO US Stocks PLUS Active Bo,6/30/06,SPLS
TEVA UQ Equity,Teva Pharmaceutical Industries,6/30/06,TEVA
TIGO UQ Equity,Millicom International Cellula,6/30/06,TIGO
TLAB UQ Equity,Infinera Optical Holding Inc,6/30/06,TLAB
URBN UQ Equity,Urban Outfitters Inc,6/30/06,URBN
VIAV UQ Equity,Viavi Solutions Inc,6/30/06,VIAV
VMED UQ Equity,Virgin Media Inc/Old,6/30/06,VMED
VRSN UQ Equity,VeriSign Inc,6/30/06,VRSN
WFM UQ Equity,Whole Foods Market Inc,6/30/06,WFM
WYNN UQ Equity,Wynn Resorts Ltd,6/30/06,WYNN
XLNX UQ Equity,Xilinx Inc,6/30/06,XLNX
XMSR UQ Equity,XM Satellite Radio Holdings In,6/30/06,XMSR
XRAY UQ Equity,DENTSPLY SIRONA Inc,6/30/06,XRAY
0964591D UW Equity,Biomet Inc,12/31/06,BMET
1518855D US Equity,Yahoo! Inc - Set up for Fundam,12/31/06,YHOO
1541931D UQ Equity,Altera Corp,12/31/06,ALTR
1683997D UW Equity,Dell Inc,12/31/06,DELL
1812212D UW Equity,Match Group Inc,12/31/06,MTCH
1920486D UW Equity,Oracle America Inc,12/31/06,JAVA
2207158D UW Equity,Medimmune LLC,12/31/06,MEDI
2307532Q UW Equity,Schneider Electric IT Corp,12/31/06,APCC
9210611D UW Equity,Sirius XM Inc,12/31/06,LSXM.K
9990294D UW Equity,Liberty Global Holdings Ltd/UK,12/31/06,LBTYA
AAPL UW Equity,Apple Inc,12/31/06,AAPL
ADBE UW Equity,Adobe Inc,12/31/06,ADBE
ADSK UW Equity,Autodesk Inc,12/31/06,ADSK
AEO UW Equity,American Eagle Outfitters Inc,12/31/06,AEO
AKAM UW Equity,Akamai Technologies Inc,12/31/06,AKAM
AMAT UW Equity,Applied Materials Inc,12/31/06,AMAT
AMGN UW Equity,Amgen Inc,12/31/06,AMGN
AMLN UW Equity,Amylin Pharmaceuticals LLC,12/31/06,AMLN
AMZN UW Equity,Amazon.com Inc,12/31/06,AMZN
APOL UW Equity,Apollo Education Group Inc,12/31/06,APOL
ATVI UW Equity,Activision Blizzard Inc,12/31/06,ATVI
BB UW Equity,BlackBerry Ltd,12/31/06,BB
BBBYQ UW Equity,20230930-DK-Butterfly-1 Inc,12/31/06,BBBY
BEAS UW Equity,BEA Systems Inc,12/31/06,BEAS
BIIB UW Equity,Biogen Inc,12/31/06,BIIB
BRCM UW Equity,Broadcom Corp,12/31/06,BRCM
CDNS UW Equity,Cadence Design Systems Inc,12/31/06,CDNS
CDWC UW Equity,CDW Corp/IL,12/31/06,CDWC
CELG UW Equity,Celgene Corp,12/31/06,CELG
CHKP UW Equity,Check Point Software Technolog,12/31/06,CHKP
CHRW UW Equity,CH Robinson Worldwide Inc,12/31/06,CHRW
CKFR UW Equity,CheckFree Corp/DE,12/31/06,CKFR
CMCSA UW Equity,Comcast Corp,12/31/06,CMCSA
CMVT UQ Equity,Comverse Technology Inc,12/31/06,CMVT
COST UW Equity,Costco Wholesale Corp,12/31/06,COST
CSCO UW Equity,Cisco Systems Inc,12/31/06,CSCO
CTAS UW Equity,Cintas Corp,12/31/06,CTAS
CTSH UW Equity,Cognizant Technology Solutions,12/31/06,CTSH
CTXS UW Equity,Citrix Systems Inc,12/31/06,CTXS
DISCA UW Equity,Warner Bros Discovery Inc,12/31/06,DISCA
DISH UW Equity,DISH Network Corp,12/31/06,DISH
EA UW Equity,Electronic Arts Inc,12/31/06,EA
EBAY UW Equity,eBay Inc,12/31/06,EBAY
ERIC UW Equity,Telefonaktiebolaget LM Ericsso,12/31/06,ERIC
ESRX UW Equity,Evernorth Health Inc,12/31/06,ESRX
EXPD UW Equity,Expeditors International of Wa,12/31/06,EXPD
EXPE UW Equity,Expedia Group Inc,12/31/06,EXPE
FAST UW Equity,Fastenal Co,12/31/06,FAST
FI UW Equity,Fiserv Inc,12/31/06,FISV
FLEX UW Equity,Flex Ltd,12/31/06,FLEX
GEN UW Equity,Gen Digital Inc,12/31/06,GEN
GENZ UW Equity,Genzyme Corp,12/31/06,GENZ
GILD UW Equity,Gilead Sciences Inc,12/31/06,GILD
GOOGL UW Equity,Alphabet Inc,12/31/06,GOOGL
GRMN UW Equity,Garmin Ltd,12/31/06,GRMN
INFY UW Equity,Infosys Ltd,12/31/06,INFY
INTC UW Equity,Intel Corp,12/31/06,INTC
INTU UW Equity,Intuit Inc,12/31/06,INTU
ISRG UW Equity,Intuitive Surgical Inc,12/31/06,ISRG
JNPR UW Equity,Juniper Networks Inc,12/31/06,JNPR
JOY UW Equity,Komatsu Mining Corp,12/31/06,JOY
KLAC UW Equity,KLA Corp,12/31/06,KLAC
LAMR UW Equity,Lamar Advertising Co,12/31/06,LAMR
LLTC UW Equity,Linear Technology Corp,12/31/06,LLTC
LRCX UW Equity,Lam Research Corp,12/31/06,LRCX
LVLT UW Equity,Level 3 Communications Inc,12/31/06,LVLT
MCHP UW Equity,Microchip Technology Inc,12/31/06,MCHP
MRVL UW Equity,Marvell Technology Inc,12/31/06,MVRL
MSFT UW Equity,Microsoft Corp,12/31/06,MSFT
MWW UW Equity,Monster Worldwide Inc,12/31/06,MWW
MXIM UW Equity,Maxim Integrated Products Inc,12/31/06,MXIM
NIHDQ UW Equity,NII Holdings Inc,12/31/06,NIHD
NTAP UW Equity,NetApp Inc,12/31/06,NTAP
NVDA UW Equity,NVIDIA Corp,12/31/06,NVDA
ORCL UW Equity,Oracle Corp,12/31/06,ORCL
PAYX UW Equity,Paychex Inc,12/31/06,PAYX
PCAR UW Equity,PACCAR Inc,12/31/06,PCAR
PDCO UW Equity,Patterson Cos Inc,12/31/06,PDCO
PETM UW Equity,PetSmart LLC,12/31/06,PETM
PTEN UW Equity,Patterson-UTI Energy Inc,12/31/06,PTEN
QCOM UW Equity,QUALCOMM Inc,12/31/06,QCOM
QRTEA UW Equity,QVC Group Inc,12/31/06,QVCGA
ROST UW Equity,Ross Stores Inc,12/31/06,ROST
SBUX UW Equity,Starbucks Corp,12/31/06,SBUX
SEPR UW Equity,Sunovion Pharmaceuticals Inc,12/31/06,SEPR
SHLDQ UW Equity,Sears Holdings Corp,12/31/06,SHLDQ
SIAL UW Equity,Sigma-Aldrich Corp,12/31/06,SIAL
SNDK UW Equity,Sandisk Corp/DE,12/31/06,SNDK
SPLS UW Equity,PIMCO US Stocks PLUS Active Bo,12/31/06,SPLS
TEVA UW Equity,Teva Pharmaceutical Industries,12/31/06,TEVA
TIGO UW Equity,Millicom International Cellula,12/31/06,TIGO
TLAB UW Equity,Infinera Optical Holding Inc,12/31/06,TLAB
VMED UW Equity,Virgin Media Inc/Old,12/31/06,VMED
VRSN UW Equity,VeriSign Inc,12/31/06,VRSN
VRTX UW Equity,Vertex Pharmaceuticals Inc,12/31/06,VRTX
WFM UW Equity,Whole Foods Market Inc,12/31/06,WFM
WYNN UW Equity,Wynn Resorts Ltd,12/31/06,WYNN
XLNX UW Equity,Xilinx Inc,12/31/06,XLNX
XMSR UW Equity,XM Satellite Radio Holdings In,12/31/06,XMSR
XRAY UW Equity,DENTSPLY SIRONA Inc,12/31/06,XRAY
0964591D UW Equity,Biomet Inc,6/30/07,BMET
1518855D US Equity,Yahoo! Inc - Set up for Fundam,6/30/07,YHOO
1541931D UQ Equity,Altera Corp,6/30/07,ALTR
1683997D UW Equity,Dell Inc,6/30/07,DELL
1812212D UW Equity,Match Group Inc,6/30/07,MTCH
1920486D UW Equity,Oracle America Inc,6/30/07,JAVA
9210611D UW Equity,Sirius XM Inc,6/30/07,LSXM.K
9990294D UW Equity,Liberty Global Holdings Ltd/UK,6/30/07,LBTYA
AAPL UW Equity,Apple Inc,6/30/07,AAPL
ADBE UW Equity,Adobe Inc,6/30/07,ADBE
ADSK UW Equity,Autodesk Inc,6/30/07,ADSK
AKAM UW Equity,Akamai Technologies Inc,6/30/07,AKAM
AMAT UW Equity,Applied Materials Inc,6/30/07,AMAT
AMGN UW Equity,Amgen Inc,6/30/07,AMGN
AMLN UW Equity,Amylin Pharmaceuticals LLC,6/30/07,AMLN
AMZN UW Equity,Amazon.com Inc,6/30/07,AMZN
APOL UW Equity,Apollo Education Group Inc,6/30/07,APOL
ATVI UW Equity,Activision Blizzard Inc,6/30/07,ATVI
BB UW Equity,BlackBerry Ltd,6/30/07,BB
BBBYQ UW Equity,20230930-DK-Butterfly-1 Inc,6/30/07,BBBY
BEAS UW Equity,BEA Systems Inc,6/30/07,BEAS
BIIB UW Equity,Biogen Inc,6/30/07,BIIB
BRCM UW Equity,Broadcom Corp,6/30/07,BRCM
CDNS UW Equity,Cadence Design Systems Inc,6/30/07,CDNS
CDWC UW Equity,CDW Corp/IL,6/30/07,CDWC
CELG UW Equity,Celgene Corp,6/30/07,CELG
CEPH UW Equity,Cephalon Inc,6/30/07,CEPH
CHKP UW Equity,Check Point Software Technolog,6/30/07,CHKP
CHRW UW Equity,CH Robinson Worldwide Inc,6/30/07,CHRW
CKFR UW Equity,CheckFree Corp/DE,6/30/07,CKFR
CMCSA UW Equity,Comcast Corp,6/30/07,CMCSA
COST UW Equity,Costco Wholesale Corp,6/30/07,COST
CSCO UW Equity,Cisco Systems Inc,6/30/07,CSCO
CTAS UW Equity,Cintas Corp,6/30/07,CTAS
CTSH UW Equity,Cognizant Technology Solutions,6/30/07,CTSH
CTXS UW Equity,Citrix Systems Inc,6/30/07,CTXS
DISCA UW Equity,Warner Bros Discovery Inc,6/30/07,DISCA
DISH UW Equity,DISH Network Corp,6/30/07,DISH
EA UW Equity,Electronic Arts Inc,6/30/07,EA
EBAY UW Equity,eBay Inc,6/30/07,EBAY
ERIC UW Equity,Telefonaktiebolaget LM Ericsso,6/30/07,ERIC
ESRX UW Equity,Evernorth Health Inc,6/30/07,ESRX
EXPD UW Equity,Expeditors International of Wa,6/30/07,EXPD
EXPE UW Equity,Expedia Group Inc,6/30/07,EXPE
FAST UW Equity,Fastenal Co,6/30/07,FAST
FI UW Equity,Fiserv Inc,6/30/07,FISV
FLEX UW Equity,Flex Ltd,6/30/07,FLEX
GEN UW Equity,Gen Digital Inc,6/30/07,GEN
GENZ UW Equity,Genzyme Corp,6/30/07,GENZ
GILD UW Equity,Gilead Sciences Inc,6/30/07,GILD
GOOGL UW Equity,Alphabet Inc,6/30/07,GOOGL
GRMN UW Equity,Garmin Ltd,6/30/07,GRMN
INFY UW Equity,Infosys Ltd,6/30/07,INFY
INTC UW Equity,Intel Corp,6/30/07,INTC
INTU UW Equity,Intuit Inc,6/30/07,INTU
ISRG UW Equity,Intuitive Surgical Inc,6/30/07,ISRG
JNPR UW Equity,Juniper Networks Inc,6/30/07,JNPR
JOY UW Equity,Komatsu Mining Corp,6/30/07,JOY
KLAC UW Equity,KLA Corp,6/30/07,KLAC
LAMR UW Equity,Lamar Advertising Co,6/30/07,LAMR
LLTC UW Equity,Linear Technology Corp,6/30/07,LLTC
LOGI UW Equity,Logitech International SA,6/30/07,LOGI
LRCX UW Equity,Lam Research Corp,6/30/07,LRCX
LVLT UW Equity,Level 3 Communications Inc,6/30/07,LVLT
MCHP UW Equity,Microchip Technology Inc,6/30/07,MCHP
MRVL UW Equity,Marvell Technology Inc,6/30/07,MVRL
MSFT UW Equity,Microsoft Corp,6/30/07,MSFT
MWW UW Equity,Monster Worldwide Inc,6/30/07,MWW
MXIM UW Equity,Maxim Integrated Products Inc,6/30/07,MXIM
NIHDQ UW Equity,NII Holdings Inc,6/30/07,NIHD
NTAP UW Equity,NetApp Inc,6/30/07,NTAP
NVDA UW Equity,NVIDIA Corp,6/30/07,NVDA
ORCL UW Equity,Oracle Corp,6/30/07,ORCL
PAYX UW Equity,Paychex Inc,6/30/07,PAYX
PCAR UW Equity,PACCAR Inc,6/30/07,PCAR
PDCO UW Equity,Patterson Cos Inc,6/30/07,PDCO
PETM UW Equity,PetSmart LLC,6/30/07,PETM
PTEN UW Equity,Patterson-UTI Energy Inc,6/30/07,PTEN
QCOM UW Equity,QUALCOMM Inc,6/30/07,QCOM
QRTEA UW Equity,QVC Group Inc,6/30/07,QVCGA
ROST UW Equity,Ross Stores Inc,6/30/07,ROST
RYAAY UW Equity,Ryanair Holdings PLC,6/30/07,RYAAY
SBUX UW Equity,Starbucks Corp,6/30/07,SBUX
SEPR UW Equity,Sunovion Pharmaceuticals Inc,6/30/07,SEPR
SHLDQ UW Equity,Sears Holdings Corp,6/30/07,SHLDQ
SIAL UW Equity,Sigma-Aldrich Corp,6/30/07,SIAL
SNDK UW Equity,Sandisk Corp/DE,6/30/07,SNDK
SPLS UW Equity,PIMCO US Stocks PLUS Active Bo,6/30/07,SPLS
TEVA UW Equity,Teva Pharmaceutical Industries,6/30/07,TEVA
TIGO UW Equity,Millicom International Cellula,6/30/07,TIGO
TLAB UW Equity,Infinera Optical Holding Inc,6/30/07,TLAB
UAL UW Equity,United Airlines Holdings Inc,6/30/07,UAL2
VMED UW Equity,Virgin Media Inc/Old,6/30/07,VMED
VRSN UW Equity,VeriSign Inc,6/30/07,VRSN
VRTX UW Equity,Vertex Pharmaceuticals Inc,6/30/07,VRTX
WFM UW Equity,Whole Foods Market Inc,6/30/07,WFM
WYNN UW Equity,Wynn Resorts Ltd,6/30/07,WYNN
XLNX UW Equity,Xilinx Inc,6/30/07,XLNX
XMSR UW Equity,XM Satellite Radio Holdings In,6/30/07,XMSR
XRAY UW Equity,DENTSPLY SIRONA Inc,6/30/07,XRAY
1288453D UW Equity,Monster Beverage 1990 Corp,12/31/07,MNST
1518855D US Equity,Yahoo! Inc - Set up for Fundam,12/31/07,YHOO
1541931D UW Equity,Altera Corp,12/31/07,ALTR
1683997D UW Equity,Dell Inc,12/31/07,DELL
1812212D UW Equity,Match Group Inc,12/31/07,MTCH
1841189D UW Equity,Leap Wireless International In,12/31/07,LEAP
1920486D UW Equity,Oracle America Inc,12/31/07,JAVA
9210611D UW Equity,Sirius XM Inc,12/31/07,LSXM.K
9990294D UW Equity,Liberty Global Holdings Ltd/UK,12/31/07,LBTYA
AAPL UW Equity,Apple Inc,12/31/07,AAPL
ADBE UW Equity,Adobe Inc,12/31/07,ADBE
ADSK UW Equity,Autodesk Inc,12/31/07,ADSK
AKAM UW Equity,Akamai Technologies Inc,12/31/07,AKAM
AMAT UW Equity,Applied Materials Inc,12/31/07,AMAT
AMGN UW Equity,Amgen Inc,12/31/07,AMGN
AMLN UW Equity,Amylin Pharmaceuticals LLC,12/31/07,AMLN
AMZN UW Equity,Amazon.com Inc,12/31/07,AMZN
APOL UW Equity,Apollo Education Group Inc,12/31/07,APOL
ATVI UW Equity,Activision Blizzard Inc,12/31/07,ATVI
BB UW Equity,BlackBerry Ltd,12/31/07,BB
BBBYQ UW Equity,20230930-DK-Butterfly-1 Inc,12/31/07,BBBY
BEAS UW Equity,BEA Systems Inc,12/31/07,BEAS
BIDU UW Equity,Baidu Inc,12/31/07,BIDU
BIIB UW Equity,Biogen Inc,12/31/07,BIIB
BRCM UW Equity,Broadcom Corp,12/31/07,BRCM
CDNS UW Equity,Cadence Design Systems Inc,12/31/07,CDNS
CELG UW Equity,Celgene Corp,12/31/07,CELG
CEPH UW Equity,Cephalon Inc,12/31/07,CEPH
CHKP UW Equity,Check Point Software Technolog,12/31/07,CHKP
CHRW UW Equity,CH Robinson Worldwide Inc,12/31/07,CHRW
CMCSA UW Equity,Comcast Corp,12/31/07,CMCSA
COST UW Equity,Costco Wholesale Corp,12/31/07,COST
CSCO UW Equity,Cisco Systems Inc,12/31/07,CSCO
CTAS UW Equity,Cintas Corp,12/31/07,CTAS
CTSH UW Equity,Cognizant Technology Solutions,12/31/07,CTSH
CTXS UW Equity,Citrix Systems Inc,12/31/07,CTXS
DISCA UW Equity,Warner Bros Discovery Inc,12/31/07,DISCA
DISH UW Equity,DISH Network Corp,12/31/07,DISH
EA UW Equity,Electronic Arts Inc,12/31/07,EA
EBAY UW Equity,eBay Inc,12/31/07,EBAY
ESRX UW Equity,Evernorth Health Inc,12/31/07,ESRX
EXPD UW Equity,Expeditors International of Wa,12/31/07,EXPD
EXPE UW Equity,Expedia Group Inc,12/31/07,EXPE
FAST UW Equity,Fastenal Co,12/31/07,FAST
FI UW Equity,Fiserv Inc,12/31/07,FISV
FLEX UW Equity,Flex Ltd,12/31/07,FLEX
FMCN UW Equity,Focus Media Holding Ltd,12/31/07,FMCN
FWLT UW Equity,Foster Wheeler AG,12/31/07,FWLT
GEN UW Equity,Gen Digital Inc,12/31/07,GEN
GENZ UW Equity,Genzyme Corp,12/31/07,GENZ
GILD UW Equity,Gilead Sciences Inc,12/31/07,GILD
GOOGL UW Equity,Alphabet Inc,12/31/07,GOOGL
GRMN UW Equity,Garmin Ltd,12/31/07,GRMN
HOLX UW Equity,Hologic Inc,12/31/07,HOLX
HSIC UW Equity,Henry Schein Inc,12/31/07,HSIC
INFY UW Equity,Infosys Ltd,12/31/07,INFY
INTC UW Equity,Intel Corp,12/31/07,INTC
INTU UW Equity,Intuit Inc,12/31/07,INTU
ISRG UW Equity,Intuitive Surgical Inc,12/31/07,ISRG
JNPR UW Equity,Juniper Networks Inc,12/31/07,JNPR
JOY UW Equity,Komatsu Mining Corp,12/31/07,JOY
KLAC UW Equity,KLA Corp,12/31/07,KLAC
LAMR UW Equity,Lamar Advertising Co,12/31/07,LAMR
LLTC UW Equity,Linear Technology Corp,12/31/07,LLTC
LOGI UW Equity,Logitech International SA,12/31/07,LOGI
LRCX UW Equity,Lam Research Corp,12/31/07,LRCX
LVLT UW Equity,Level 3 Communications Inc,12/31/07,LVLT
MCHP UW Equity,Microchip Technology Inc,12/31/07,MCHP
MRVL UW Equity,Marvell Technology Inc,12/31/07,MVRL
MSFT UW Equity,Microsoft Corp,12/31/07,MSFT
MWW UW Equity,Monster Worldwide Inc,12/31/07,MWW
NIHDQ UW Equity,NII Holdings Inc,12/31/07,NIHD
NTAP UW Equity,NetApp Inc,12/31/07,NTAP
NVDA UW Equity,NVIDIA Corp,12/31/07,NVDA
ORCL UW Equity,Oracle Corp,12/31/07,ORCL
PAYX UW Equity,Paychex Inc,12/31/07,PAYX
PCAR UW Equity,PACCAR Inc,12/31/07,PCAR
PDCO UW Equity,Patterson Cos Inc,12/31/07,PDCO
PETM UW Equity,PetSmart LLC,12/31/07,PETM
QCOM UW Equity,QUALCOMM Inc,12/31/07,QCOM
QRTEA UW Equity,QVC Group Inc,12/31/07,QVCGA
RYAAY UW Equity,Ryanair Holdings PLC,12/31/07,RYAAY
SBUX UW Equity,Starbucks Corp,12/31/07,SBUX
SHLDQ UW Equity,Sears Holdings Corp,12/31/07,SHLDQ
SIAL UW Equity,Sigma-Aldrich Corp,12/31/07,SIAL
SNDK UW Equity,Sandisk Corp/DE,12/31/07,SNDK
SPLS UW Equity,PIMCO US Stocks PLUS Active Bo,12/31/07,SPLS
SRCL UW Equity,Stericycle Inc,12/31/07,SRCL
STLD UW Equity,Steel Dynamics Inc,12/31/07,STLD
TEVA UW Equity,Teva Pharmaceutical Industries,12/31/07,TEVA
TIGO UW Equity,Millicom International Cellula,12/31/07,TIGO
TLAB UW Equity,Infinera Optical Holding Inc,12/31/07,TLAB
UAL UW Equity,United Airlines Holdings Inc,12/31/07,UAL2
VMED UW Equity,Virgin Media Inc/Old,12/31/07,VMED
VRSN UW Equity,VeriSign Inc,12/31/07,VRSN
VRTX UW Equity,Vertex Pharmaceuticals Inc,12/31/07,VRTX
WFM UW Equity,Whole Foods Market Inc,12/31/07,WFM
WYNN UW Equity,Wynn Resorts Ltd,12/31/07,WYNN
XLNX UW Equity,Xilinx Inc,12/31/07,XLNX
XRAY UW Equity,DENTSPLY SIRONA Inc,12/31/07,XRAY
1288453D UW Equity,Monster Beverage 1990 Corp,6/30/08,MNST
1448062D UW Equity,DIRECTV,6/30/08,DTV
1518855D US Equity,Yahoo! Inc - Set up for Fundam,6/30/08,YHOO
1541931D UW Equity,Altera Corp,6/30/08,ALTR
1683997D UW Equity,Dell Inc,6/30/08,DELL
1812212D UW Equity,Match Group Inc,6/30/08,MTCH
1841189D UW Equity,Leap Wireless International In,6/30/08,LEAP
1920486D UW Equity,Oracle America Inc,6/30/08,JAVA
2326248D UW Equity,CA Inc,6/30/08,CA
9210611D UW Equity,Sirius XM Inc,6/30/08,LSXM.K
9990294D UW Equity,Liberty Global Holdings Ltd/UK,6/30/08,LBTYA
AAPL UW Equity,Apple Inc,6/30/08,AAPL
ADBE UW Equity,Adobe Inc,6/30/08,ADBE
ADSK UW Equity,Autodesk Inc,6/30/08,ADSK
AKAM UW Equity,Akamai Technologies Inc,6/30/08,AKAM
AMAT UW Equity,Applied Materials Inc,6/30/08,AMAT
AMGN UW Equity,Amgen Inc,6/30/08,AMGN
AMLN UW Equity,Amylin Pharmaceuticals LLC,6/30/08,AMLN
AMZN UW Equity,Amazon.com Inc,6/30/08,AMZN
APOL UW Equity,Apollo Education Group Inc,6/30/08,APOL
ATVI UW Equity,Activision Blizzard Inc,6/30/08,ATVI
BB UW Equity,BlackBerry Ltd,6/30/08,BB
BBBYQ UW Equity,20230930-DK-Butterfly-1 Inc,6/30/08,BBBY
BIDU UW Equity,Baidu Inc,6/30/08,BIDU
BIIB UW Equity,Biogen Inc,6/30/08,BIIB
BRCM UW Equity,Broadcom Corp,6/30/08,BRCM
CDNS UW Equity,Cadence Design Systems Inc,6/30/08,CDNS
CELG UW Equity,Celgene Corp,6/30/08,CELG
CEPH UW Equity,Cephalon Inc,6/30/08,CEPH
CHKP UW Equity,Check Point Software Technolog,6/30/08,CHKP
CHRW UW Equity,CH Robinson Worldwide Inc,6/30/08,CHRW
CMCSA UW Equity,Comcast Corp,6/30/08,CMCSA
COST UW Equity,Costco Wholesale Corp,6/30/08,COST
CSCO UW Equity,Cisco Systems Inc,6/30/08,CSCO
CTAS UW Equity,Cintas Corp,6/30/08,CTAS
CTSH UW Equity,Cognizant Technology Solutions,6/30/08,CTSH
CTXS UW Equity,Citrix Systems Inc,6/30/08,CTXS
DISCA UW Equity,Warner Bros Discovery Inc,6/30/08,DISCA
DISH UW Equity,DISH Network Corp,6/30/08,DISH
EA UW Equity,Electronic Arts Inc,6/30/08,EA
EBAY UW Equity,eBay Inc,6/30/08,EBAY
ESRX UW Equity,Evernorth Health Inc,6/30/08,ESRX
EXPD UW Equity,Expeditors International of Wa,6/30/08,EXPD
EXPE UW Equity,Expedia Group Inc,6/30/08,EXPE
FAST UW Equity,Fastenal Co,6/30/08,FAST
FI UW Equity,Fiserv Inc,6/30/08,FISV
FLEX UW Equity,Flex Ltd,6/30/08,FLEX
FMCN UW Equity,Focus Media Holding Ltd,6/30/08,FMCN
FWLT UW Equity,Foster Wheeler AG,6/30/08,FWLT
GEN UW Equity,Gen Digital Inc,6/30/08,GEN
GENZ UW Equity,Genzyme Corp,6/30/08,GENZ
GILD UW Equity,Gilead Sciences Inc,6/30/08,GILD
GOOGL UW Equity,Alphabet Inc,6/30/08,GOOGL
GRMN UW Equity,Garmin Ltd,6/30/08,GRMN
HOLX UW Equity,Hologic Inc,6/30/08,HOLX
HSIC UW Equity,Henry Schein Inc,6/30/08,HSIC
INFY UW Equity,Infosys Ltd,6/30/08,INFY
INTC UW Equity,Intel Corp,6/30/08,INTC
INTU UW Equity,Intuit Inc,6/30/08,INTU
ISRG UW Equity,Intuitive Surgical Inc,6/30/08,ISRG
JNPR UW Equity,Juniper Networks Inc,6/30/08,JNPR
JOY UW Equity,Komatsu Mining Corp,6/30/08,JOY
KLAC UW Equity,KLA Corp,6/30/08,KLAC
LAMR UW Equity,Lamar Advertising Co,6/30/08,LAMR
LLTC UW Equity,Linear Technology Corp,6/30/08,LLTC
LOGI UW Equity,Logitech International SA,6/30/08,LOGI
LRCX UW Equity,Lam Research Corp,6/30/08,LRCX
LVLT UW Equity,Level 3 Communications Inc,6/30/08,LVLT
MCHP UW Equity,Microchip Technology Inc,6/30/08,MCHP
MRVL UW Equity,Marvell Technology Inc,6/30/08,MVRL
MSFT UW Equity,Microsoft Corp,6/30/08,MSFT
MWW UW Equity,Monster Worldwide Inc,6/30/08,MWW
NIHDQ UW Equity,NII Holdings Inc,6/30/08,NIHD
NTAP UW Equity,NetApp Inc,6/30/08,NTAP
NVDA UW Equity,NVIDIA Corp,6/30/08,NVDA
ORCL UW Equity,Oracle Corp,6/30/08,ORCL
PAYX UW Equity,Paychex Inc,6/30/08,PAYX
PCAR UW Equity,PACCAR Inc,6/30/08,PCAR
PDCO UW Equity,Patterson Cos Inc,6/30/08,PDCO
PETM UW Equity,PetSmart LLC,6/30/08,PETM
QCOM UW Equity,QUALCOMM Inc,6/30/08,QCOM
QRTEA UW Equity,QVC Group Inc,6/30/08,QVCGA
RYAAY UW Equity,Ryanair Holdings PLC,6/30/08,RYAAY
SBUX UW Equity,Starbucks Corp,6/30/08,SBUX
SHLDQ UW Equity,Sears Holdings Corp,6/30/08,SHLDQ
SIAL UW Equity,Sigma-Aldrich Corp,6/30/08,SIAL
SNDK UW Equity,Sandisk Corp/DE,6/30/08,SNDK
SPLS UW Equity,PIMCO US Stocks PLUS Active Bo,6/30/08,SPLS
SRCL UW Equity,Stericycle Inc,6/30/08,SRCL
STLD UW Equity,Steel Dynamics Inc,6/30/08,STLD
TEVA UW Equity,Teva Pharmaceutical Industries,6/30/08,TEVA
TIGO UW Equity,Millicom International Cellula,6/30/08,TIGO
UAL UW Equity,United Airlines Holdings Inc,6/30/08,UAL2
VMED UW Equity,Virgin Media Inc/Old,6/30/08,VMED
VRSN UW Equity,VeriSign Inc,6/30/08,VRSN
VRTX UW Equity,Vertex Pharmaceuticals Inc,6/30/08,VRTX
WFM UW Equity,Whole Foods Market Inc,6/30/08,WFM
WYNN UW Equity,Wynn Resorts Ltd,6/30/08,WYNN
XLNX UW Equity,Xilinx Inc,6/30/08,XLNX
XRAY UW Equity,DENTSPLY SIRONA Inc,6/30/08,XRAY
1255459D UW Equity,Life Technologies Corp,12/31/08,LIFE.3
1288453D UW Equity,Monster Beverage 1990 Corp,12/31/08,MNST
1448062D UW Equity,DIRECTV,12/31/08,DTV
1518855D US Equity,Yahoo! Inc - Set up for Fundam,12/31/08,YHOO
1541931D UW Equity,Altera Corp,12/31/08,ALTR
1683997D UW Equity,Dell Inc,12/31/08,DELL
1812212D UW Equity,Match Group Inc,12/31/08,MTCH
1920486D UW Equity,Oracle America Inc,12/31/08,JAVA
2326248D UW Equity,CA Inc,12/31/08,CA
9990294D UW Equity,Liberty Global Holdings Ltd/UK,12/31/08,LBTYA
AAPL UW Equity,Apple Inc,12/31/08,AAPL
ADBE UW Equity,Adobe Inc,12/31/08,ADBE
ADP UW Equity,Automatic Data Processing Inc,12/31/08,ADP
ADSK UW Equity,Autodesk Inc,12/31/08,ADSK
AKAM UW Equity,Akamai Technologies Inc,12/31/08,AKAM
AMAT UW Equity,Applied Materials Inc,12/31/08,AMAT
AMGN UW Equity,Amgen Inc,12/31/08,AMGN
AMZN UW Equity,Amazon.com Inc,12/31/08,AMZN
APOL UW Equity,Apollo Education Group Inc,12/31/08,APOL
ATVI UW Equity,Activision Blizzard Inc,12/31/08,ATVI
BB UW Equity,BlackBerry Ltd,12/31/08,BB
BBBYQ UW Equity,20230930-DK-Butterfly-1 Inc,12/31/08,BBBY
BIDU UW Equity,Baidu Inc,12/31/08,BIDU
BIIB UW Equity,Biogen Inc,12/31/08,BIIB
BRCM UW Equity,Broadcom Corp,12/31/08,BRCM
CELG UW Equity,Celgene Corp,12/31/08,CELG
CEPH UW Equity,Cephalon Inc,12/31/08,CEPH
CHKP UW Equity,Check Point Software Technolog,12/31/08,CHKP
CHRW UW Equity,CH Robinson Worldwide Inc,12/31/08,CHRW
CMCSA UW Equity,Comcast Corp,12/31/08,CMCSA
COST UW Equity,Costco Wholesale Corp,12/31/08,COST
CSCO UW Equity,Cisco Systems Inc,12/31/08,CSCO
CTAS UW Equity,Cintas Corp,12/31/08,CTAS
CTSH UW Equity,Cognizant Technology Solutions,12/31/08,CTSH
CTXS UW Equity,Citrix Systems Inc,12/31/08,CTXS
DISH UW Equity,DISH Network Corp,12/31/08,DISH
EA UW Equity,Electronic Arts Inc,12/31/08,EA
EBAY UW Equity,eBay Inc,12/31/08,EBAY
ESRX UW Equity,Evernorth Health Inc,12/31/08,ESRX
EXPD UW Equity,Expeditors International of Wa,12/31/08,EXPD
EXPE UW Equity,Expedia Group Inc,12/31/08,EXPE
FAST UW Equity,Fastenal Co,12/31/08,FAST
FI UW Equity,Fiserv Inc,12/31/08,FISV
FLEX UW Equity,Flex Ltd,12/31/08,FLEX
FLIR UW Equity,FLIR Systems Inc,12/31/08,FLIR
FMCN UW Equity,Focus Media Holding Ltd,12/31/08,FMCN
FSLR UW Equity,First Solar Inc,12/31/08,FSLR
FWLT UW Equity,Foster Wheeler AG,12/31/08,FWLT
GEN UW Equity,Gen Digital Inc,12/31/08,GEN
GENZ UW Equity,Genzyme Corp,12/31/08,GENZ
GILD UW Equity,Gilead Sciences Inc,12/31/08,GILD
GOOGL UW Equity,Alphabet Inc,12/31/08,GOOGL
GRMN UW Equity,Garmin Ltd,12/31/08,GRMN
HOLX UW Equity,Hologic Inc,12/31/08,HOLX
HSIC UW Equity,Henry Schein Inc,12/31/08,HSIC
ILMN UW Equity,Illumina Inc,12/31/08,ILMN
INFY UW Equity,Infosys Ltd,12/31/08,INFY
INTC UW Equity,Intel Corp,12/31/08,INTC
INTU UW Equity,Intuit Inc,12/31/08,INTU
ISRG UW Equity,Intuitive Surgical Inc,12/31/08,ISRG
JBHT UW Equity,JB Hunt Transport Services Inc,12/31/08,JBHT
JNPR UW Equity,Juniper Networks Inc,12/31/08,JNPR
JOY UW Equity,Komatsu Mining Corp,12/31/08,JOY
KLAC UW Equity,KLA Corp,12/31/08,KLAC
LLTC UW Equity,Linear Technology Corp,12/31/08,LLTC
LOGI UW Equity,Logitech International SA,12/31/08,LOGI
LRCX UW Equity,Lam Research Corp,12/31/08,LRCX
MCHP UW Equity,Microchip Technology Inc,12/31/08,MCHP
MRVL UW Equity,Marvell Technology Inc,12/31/08,MVRL
MSFT UW Equity,Microsoft Corp,12/31/08,MSFT
MXIM UW Equity,Maxim Integrated Products Inc,12/31/08,MXIM
NIHDQ UW Equity,NII Holdings Inc,12/31/08,NIHD
NTAP UW Equity,NetApp Inc,12/31/08,NTAP
NVDA UW Equity,NVIDIA Corp,12/31/08,NVDA
ORCL UW Equity,Oracle Corp,12/31/08,ORCL
ORLY UW Equity,O'Reilly Automotive Inc,12/31/08,ORLY
PAYX UW Equity,Paychex Inc,12/31/08,PAYX
PCAR UW Equity,PACCAR Inc,12/31/08,PCAR
PDCO UW Equity,Patterson Cos Inc,12/31/08,PDCO
PPDI UW Equity,Pharmaceutical Product Develop,12/31/08,PPDI
QCOM UW Equity,QUALCOMM Inc,12/31/08,QCOM
QRTEA UW Equity,QVC Group Inc,12/31/08,QVCGA
ROST UW Equity,Ross Stores Inc,12/31/08,ROST
RYAAY UW Equity,Ryanair Holdings PLC,12/31/08,RYAAY
SBUX UW Equity,Starbucks Corp,12/31/08,SBUX
SHLDQ UW Equity,Sears Holdings Corp,12/31/08,SHLDQ
SIAL UW Equity,Sigma-Aldrich Corp,12/31/08,SIAL
SPLS UW Equity,PIMCO US Stocks PLUS Active Bo,12/31/08,SPLS
SRCL UW Equity,Stericycle Inc,12/31/08,SRCL
STLD UW Equity,Steel Dynamics Inc,12/31/08,STLD
STX UW Equity,Seagate Technology Holdings PL,12/31/08,STX
TEVA UW Equity,Teva Pharmaceutical Industries,12/31/08,TEVA
TIGO UW Equity,Millicom International Cellula,12/31/08,TIGO
URBN UW Equity,Urban Outfitters Inc,12/31/08,URBN
VRSN UW Equity,VeriSign Inc,12/31/08,VRSN
VRTX UW Equity,Vertex Pharmaceuticals Inc,12/31/08,VRTX
WCRX UW Equity,Allergan WC Ireland Holdings L,12/31/08,WCRX
WYNN UW Equity,Wynn Resorts Ltd,12/31/08,WYNN
XLNX UW Equity,Xilinx Inc,12/31/08,XLNX
XRAY UW Equity,DENTSPLY SIRONA Inc,12/31/08,XRAY
1255459D UW Equity,Life Technologies Corp,6/30/09,LIFE.3
1288453D UW Equity,Monster Beverage 1990 Corp,6/30/09,MNST
1448062D UW Equity,DIRECTV,6/30/09,DTV
1518855D US Equity,Yahoo! Inc - Set up for Fundam,6/30/09,YHOO
1541931D UW Equity,Altera Corp,6/30/09,ALTR
1683997D UW Equity,Dell Inc,6/30/09,DELL
1812212D UW Equity,Match Group Inc,6/30/09,MTCH
1920486D UW Equity,Oracle America Inc,6/30/09,JAVA
2326248D UW Equity,CA Inc,6/30/09,CA
9990294D UW Equity,Liberty Global Holdings Ltd/UK,6/30/09,LBTYA
AAPL UW Equity,Apple Inc,6/30/09,AAPL
ADBE UW Equity,Adobe Inc,6/30/09,ADBE
ADP UW Equity,Automatic Data Processing Inc,6/30/09,ADP
ADSK UW Equity,Autodesk Inc,6/30/09,ADSK
AKAM UW Equity,Akamai Technologies Inc,6/30/09,AKAM
AMAT UW Equity,Applied Materials Inc,6/30/09,AMAT
AMGN UW Equity,Amgen Inc,6/30/09,AMGN
AMZN UW Equity,Amazon.com Inc,6/30/09,AMZN
APOL UW Equity,Apollo Education Group Inc,6/30/09,APOL
ATVI UW Equity,Activision Blizzard Inc,6/30/09,ATVI
BB UW Equity,BlackBerry Ltd,6/30/09,BB
BBBYQ UW Equity,20230930-DK-Butterfly-1 Inc,6/30/09,BBBY
BIDU UW Equity,Baidu Inc,6/30/09,BIDU
BIIB UW Equity,Biogen Inc,6/30/09,BIIB
BRCM UW Equity,Broadcom Corp,6/30/09,BRCM
CELG UW Equity,Celgene Corp,6/30/09,CELG
CEPH UW Equity,Cephalon Inc,6/30/09,CEPH
CHKP UW Equity,Check Point Software Technolog,6/30/09,CHKP
CHRW UW Equity,CH Robinson Worldwide Inc,6/30/09,CHRW
CMCSA UW Equity,Comcast Corp,6/30/09,CMCSA
COST UW Equity,Costco Wholesale Corp,6/30/09,COST
CSCO UW Equity,Cisco Systems Inc,6/30/09,CSCO
CTAS UW Equity,Cintas Corp,6/30/09,CTAS
CTSH UW Equity,Cognizant Technology Solutions,6/30/09,CTSH
CTXS UW Equity,Citrix Systems Inc,6/30/09,CTXS
DISH UW Equity,DISH Network Corp,6/30/09,DISH
EA UW Equity,Electronic Arts Inc,6/30/09,EA
EBAY UW Equity,eBay Inc,6/30/09,EBAY
ESRX UW Equity,Evernorth Health Inc,6/30/09,ESRX
EXPD UW Equity,Expeditors International of Wa,6/30/09,EXPD
EXPE UW Equity,Expedia Group Inc,6/30/09,EXPE
FAST UW Equity,Fastenal Co,6/30/09,FAST
FI UW Equity,Fiserv Inc,6/30/09,FISV
FLEX UW Equity,Flex Ltd,6/30/09,FLEX
FLIR UW Equity,FLIR Systems Inc,6/30/09,FLIR
FSLR UW Equity,First Solar Inc,6/30/09,FSLR
FWLT UW Equity,Foster Wheeler AG,6/30/09,FWLT
GEN UW Equity,Gen Digital Inc,6/30/09,GEN
GENZ UW Equity,Genzyme Corp,6/30/09,GENZ
GILD UW Equity,Gilead Sciences Inc,6/30/09,GILD
GOOGL UW Equity,Alphabet Inc,6/30/09,GOOGL
GRMN UW Equity,Garmin Ltd,6/30/09,GRMN
HOLX UW Equity,Hologic Inc,6/30/09,HOLX
HSIC UW Equity,Henry Schein Inc,6/30/09,HSIC
ILMN UW Equity,Illumina Inc,6/30/09,ILMN
INFY UW Equity,Infosys Ltd,6/30/09,INFY
INTC UW Equity,Intel Corp,6/30/09,INTC
INTU UW Equity,Intuit Inc,6/30/09,INTU
ISRG UW Equity,Intuitive Surgical Inc,6/30/09,ISRG
JBHT UW Equity,JB Hunt Transport Services Inc,6/30/09,JBHT
JNPR UW Equity,Juniper Networks Inc,6/30/09,JNPR
JOY UW Equity,Komatsu Mining Corp,6/30/09,JOY
KLAC UW Equity,KLA Corp,6/30/09,KLAC
LLTC UW Equity,Linear Technology Corp,6/30/09,LLTC
LOGI UW Equity,Logitech International SA,6/30/09,LOGI
LRCX UW Equity,Lam Research Corp,6/30/09,LRCX
MCHP UW Equity,Microchip Technology Inc,6/30/09,MCHP
MRVL UW Equity,Marvell Technology Inc,6/30/09,MVRL
MSFT UW Equity,Microsoft Corp,6/30/09,MSFT
MXIM UW Equity,Maxim Integrated Products Inc,6/30/09,MXIM
NIHDQ UW Equity,NII Holdings Inc,6/30/09,NIHD
NTAP UW Equity,NetApp Inc,6/30/09,NTAP
NVDA UW Equity,NVIDIA Corp,6/30/09,NVDA
ORCL UW Equity,Oracle Corp,6/30/09,ORCL
ORLY UW Equity,O'Reilly Automotive Inc,6/30/09,ORLY
PAYX UW Equity,Paychex Inc,6/30/09,PAYX
PCAR UW Equity,PACCAR Inc,6/30/09,PCAR
PDCO UW Equity,Patterson Cos Inc,6/30/09,PDCO
PPDI UW Equity,Pharmaceutical Product Develop,6/30/09,PPDI
QCOM UW Equity,QUALCOMM Inc,6/30/09,QCOM
QRTEA UW Equity,QVC Group Inc,6/30/09,QVCGA
ROST UW Equity,Ross Stores Inc,6/30/09,ROST
RYAAY UW Equity,Ryanair Holdings PLC,6/30/09,RYAAY
SBUX UW Equity,Starbucks Corp,6/30/09,SBUX
SHLDQ UW Equity,Sears Holdings Corp,6/30/09,SHLDQ
SIAL UW Equity,Sigma-Aldrich Corp,6/30/09,SIAL
SPLS UW Equity,PIMCO US Stocks PLUS Active Bo,6/30/09,SPLS
SRCL UW Equity,Stericycle Inc,6/30/09,SRCL
STLD UW Equity,Steel Dynamics Inc,6/30/09,STLD
STX UW Equity,Seagate Technology Holdings PL,6/30/09,STX
TEVA UW Equity,Teva Pharmaceutical Industries,6/30/09,TEVA
TFCFA UW Equity,TFCF Corp,6/30/09,TFCFA
TIGO UW Equity,Millicom International Cellula,6/30/09,TIGO
URBN UW Equity,Urban Outfitters Inc,6/30/09,URBN
VRSN UW Equity,VeriSign Inc,6/30/09,VRSN
VRTX UW Equity,Vertex Pharmaceuticals Inc,6/30/09,VRTX
WCRX UW Equity,Allergan WC Ireland Holdings L,6/30/09,WCRX
WYNN UW Equity,Wynn Resorts Ltd,6/30/09,WYNN
XLNX UW Equity,Xilinx Inc,6/30/09,XLNX
XRAY UW Equity,DENTSPLY SIRONA Inc,6/30/09,XRAY
1255459D UW Equity,Life Technologies Corp,12/31/09,LIFE.3
1448062D UW Equity,DIRECTV,12/31/09,DTV
1518855D US Equity,Yahoo! Inc - Set up for Fundam,12/31/09,YHOO
1541931D UW Equity,Altera Corp,12/31/09,ALTR
1683997D UW Equity,Dell Inc,12/31/09,DELL
2326248D UW Equity,CA Inc,12/31/09,CA
AAPL UW Equity,Apple Inc,12/31/09,AAPL
ADBE UW Equity,Adobe Inc,12/31/09,ADBE
ADP UW Equity,Automatic Data Processing Inc,12/31/09,ADP
ADSK UW Equity,Autodesk Inc,12/31/09,ADSK
AMAT UW Equity,Applied Materials Inc,12/31/09,AMAT
AMGN UW Equity,Amgen Inc,12/31/09,AMGN
AMZN UW Equity,Amazon.com Inc,12/31/09,AMZN
APOL UW Equity,Apollo Education Group Inc,12/31/09,APOL
ATVI UW Equity,Activision Blizzard Inc,12/31/09,ATVI
BB UW Equity,BlackBerry Ltd,12/31/09,BB
BBBYQ UW Equity,20230930-DK-Butterfly-1 Inc,12/31/09,BBBY
BIDU UW Equity,Baidu Inc,12/31/09,BIDU
BIIB UW Equity,Biogen Inc,12/31/09,BIIB
BKNG UW Equity,Booking Holdings Inc,12/31/09,BKNG
BMC UW Equity,BMC Software Inc,12/31/09,BMC
BRCM UW Equity,Broadcom Corp,12/31/09,BRCM
CELG UW Equity,Celgene Corp,12/31/09,CELG
CEPH UW Equity,Cephalon Inc,12/31/09,CEPH
CERN UW Equity,Cerner Corp,12/31/09,CERN
CHKP UW Equity,Check Point Software Technolog,12/31/09,CHKP
CHRW UW Equity,CH Robinson Worldwide Inc,12/31/09,CHRW
CMCSA UW Equity,Comcast Corp,12/31/09,CMCSA
COST UW Equity,Costco Wholesale Corp,12/31/09,COST
CSCO UW Equity,Cisco Systems Inc,12/31/09,CSCO
CTAS UW Equity,Cintas Corp,12/31/09,CTAS
CTSH UW Equity,Cognizant Technology Solutions,12/31/09,CTSH
CTXS UW Equity,Citrix Systems Inc,12/31/09,CTXS
DISH UW Equity,DISH Network Corp,12/31/09,DISH
EA UW Equity,Electronic Arts Inc,12/31/09,EA
EBAY UW Equity,eBay Inc,12/31/09,EBAY
ESRX UW Equity,Evernorth Health Inc,12/31/09,ESRX
EXPD UW Equity,Expeditors International of Wa,12/31/09,EXPD
EXPE UW Equity,Expedia Group Inc,12/31/09,EXPE
FAST UW Equity,Fastenal Co,12/31/09,FAST
FI UW Equity,Fiserv Inc,12/31/09,FISV
FLEX UW Equity,Flex Ltd,12/31/09,FLEX
FLIR UW Equity,FLIR Systems Inc,12/31/09,FLIR
FSLR UW Equity,First Solar Inc,12/31/09,FSLR
FWLT UW Equity,Foster Wheeler AG,12/31/09,FWLT
GEN UW Equity,Gen Digital Inc,12/31/09,GEN
GENZ UW Equity,Genzyme Corp,12/31/09,GENZ
GILD UW Equity,Gilead Sciences Inc,12/31/09,GILD
GOOGL UW Equity,Alphabet Inc,12/31/09,GOOGL
GRMN UW Equity,Garmin Ltd,12/31/09,GRMN
HOLX UW Equity,Hologic Inc,12/31/09,HOLX
HSIC UW Equity,Henry Schein Inc,12/31/09,HSIC
ILMN UW Equity,Illumina Inc,12/31/09,ILMN
INFY UW Equity,Infosys Ltd,12/31/09,INFY
INTC UW Equity,Intel Corp,12/31/09,INTC
INTU UW Equity,Intuit Inc,12/31/09,INTU
ISRG UW Equity,Intuitive Surgical Inc,12/31/09,ISRG
JBHT UW Equity,JB Hunt Transport Services Inc,12/31/09,JBHT
JOY UW Equity,Komatsu Mining Corp,12/31/09,JOY
KLAC UW Equity,KLA Corp,12/31/09,KLAC
LLTC UW Equity,Linear Technology Corp,12/31/09,LLTC
LOGI UW Equity,Logitech International SA,12/31/09,LOGI
LRCX UW Equity,Lam Research Corp,12/31/09,LRCX
MAT UW Equity,Mattel Inc,12/31/09,MAT
MCHP UW Equity,Microchip Technology Inc,12/31/09,MCHP
MRVL UW Equity,Marvell Technology Inc,12/31/09,MVRL
MSFT UW Equity,Microsoft Corp,12/31/09,MSFT
MXIM UW Equity,Maxim Integrated Products Inc,12/31/09,MXIM
MYL UW Equity,Mylan NV,12/31/09,MYL
NIHDQ UW Equity,NII Holdings Inc,12/31/09,NIHD
NTAP UW Equity,NetApp Inc,12/31/09,NTAP
NVDA UW Equity,NVIDIA Corp,12/31/09,NVDA
ORCL UW Equity,Oracle Corp,12/31/09,ORCL
ORLY UW Equity,O'Reilly Automotive Inc,12/31/09,ORLY
PAYX UW Equity,Paychex Inc,12/31/09,PAYX
PCAR UW Equity,PACCAR Inc,12/31/09,PCAR
PDCO UW Equity,Patterson Cos Inc,12/31/09,PDCO
QCOM UW Equity,QUALCOMM Inc,12/31/09,QCOM
QGEN UW Equity,QIAGEN NV,12/31/09,QGEN
QRTEA UW Equity,QVC Group Inc,12/31/09,QVCGA
ROST UW Equity,Ross Stores Inc,12/31/09,ROST
SBUX UW Equity,Starbucks Corp,12/31/09,SBUX
SHLDQ UW Equity,Sears Holdings Corp,12/31/09,SHLDQ
SIAL UW Equity,Sigma-Aldrich Corp,12/31/09,SIAL
SNDK UW Equity,Sandisk Corp/DE,12/31/09,SNDK
SPLS UW Equity,PIMCO US Stocks PLUS Active Bo,12/31/09,SPLS
SRCL UW Equity,Stericycle Inc,12/31/09,SRCL
STX UW Equity,Seagate Technology Holdings PL,12/31/09,STX
TEVA UW Equity,Teva Pharmaceutical Industries,12/31/09,TEVA
TFCFA UW Equity,TFCF Corp,12/31/09,TFCFA
TIGO UW Equity,Millicom International Cellula,12/31/09,TIGO
URBN UW Equity,Urban Outfitters Inc,12/31/09,URBN
VMED UW Equity,Virgin Media Inc/Old,12/31/09,VMED
VOD UW Equity,Vodafone Group PLC,12/31/09,VOD
VRSN UW Equity,VeriSign Inc,12/31/09,VRSN
VRTX UW Equity,Vertex Pharmaceuticals Inc,12/31/09,VRTX
WCRX UW Equity,Allergan WC Ireland Holdings L,12/31/09,WCRX
WYNN UW Equity,Wynn Resorts Ltd,12/31/09,WYNN
XLNX UW Equity,Xilinx Inc,12/31/09,XLNX
XRAY UW Equity,DENTSPLY SIRONA Inc,12/31/09,XRAY
1255459D UW Equity,Life Technologies Corp,6/30/10,LIFE.3
1448062D UW Equity,DIRECTV,6/30/10,DTV
1518855D US Equity,Yahoo! Inc - Set up for Fundam,6/30/10,YHOO
1541931D UW Equity,Altera Corp,6/30/10,ALTR
1683997D UW Equity,Dell Inc,6/30/10,DELL
2326248D UW Equity,CA Inc,6/30/10,CA
AAPL UW Equity,Apple Inc,6/30/10,AAPL
ADBE UW Equity,Adobe Inc,6/30/10,ADBE
ADP UW Equity,Automatic Data Processing Inc,6/30/10,ADP
ADSK UW Equity,Autodesk Inc,6/30/10,ADSK
AMAT UW Equity,Applied Materials Inc,6/30/10,AMAT
AMGN UW Equity,Amgen Inc,6/30/10,AMGN
AMZN UW Equity,Amazon.com Inc,6/30/10,AMZN
APOL UW Equity,Apollo Education Group Inc,6/30/10,APOL
ATVI UW Equity,Activision Blizzard Inc,6/30/10,ATVI
BB UW Equity,BlackBerry Ltd,6/30/10,BB
BBBYQ UW Equity,20230930-DK-Butterfly-1 Inc,6/30/10,BBBY
BIDU UW Equity,Baidu Inc,6/30/10,BIDU
BIIB UW Equity,Biogen Inc,6/30/10,BIIB
BKNG UW Equity,Booking Holdings Inc,6/30/10,BKNG
BMC UW Equity,BMC Software Inc,6/30/10,BMC
BRCM UW Equity,Broadcom Corp,6/30/10,BRCM
CELG UW Equity,Celgene Corp,6/30/10,CELG
CEPH UW Equity,Cephalon Inc,6/30/10,CEPH
CERN UW Equity,Cerner Corp,6/30/10,CERN
CHKP UW Equity,Check Point Software Technolog,6/30/10,CHKP
CHRW UW Equity,CH Robinson Worldwide Inc,6/30/10,CHRW
CMCSA UW Equity,Comcast Corp,6/30/10,CMCSA
COST UW Equity,Costco Wholesale Corp,6/30/10,COST
CSCO UW Equity,Cisco Systems Inc,6/30/10,CSCO
CTAS UW Equity,Cintas Corp,6/30/10,CTAS
CTSH UW Equity,Cognizant Technology Solutions,6/30/10,CTSH
CTXS UW Equity,Citrix Systems Inc,6/30/10,CTXS
DISH UW Equity,DISH Network Corp,6/30/10,DISH
EA UW Equity,Electronic Arts Inc,6/30/10,EA
EBAY UW Equity,eBay Inc,6/30/10,EBAY
ESRX UW Equity,Evernorth Health Inc,6/30/10,ESRX
EXPD UW Equity,Expeditors International of Wa,6/30/10,EXPD
EXPE UW Equity,Expedia Group Inc,6/30/10,EXPE
FAST UW Equity,Fastenal Co,6/30/10,FAST
FI UW Equity,Fiserv Inc,6/30/10,FISV
FLEX UW Equity,Flex Ltd,6/30/10,FLEX
FLIR UW Equity,FLIR Systems Inc,6/30/10,FLIR
FSLR UW Equity,First Solar Inc,6/30/10,FSLR
FWLT UW Equity,Foster Wheeler AG,6/30/10,FWLT
GEN UW Equity,Gen Digital Inc,6/30/10,GEN
GENZ UW Equity,Genzyme Corp,6/30/10,GENZ
GILD UW Equity,Gilead Sciences Inc,6/30/10,GILD
GOOGL UW Equity,Alphabet Inc,6/30/10,GOOGL
GRMN UW Equity,Garmin Ltd,6/30/10,GRMN
HOLX UW Equity,Hologic Inc,6/30/10,HOLX
HSIC UW Equity,Henry Schein Inc,6/30/10,HSIC
ILMN UW Equity,Illumina Inc,6/30/10,ILMN
INFY UW Equity,Infosys Ltd,6/30/10,INFY
INTC UW Equity,Intel Corp,6/30/10,INTC
INTU UW Equity,Intuit Inc,6/30/10,INTU
ISRG UW Equity,Intuitive Surgical Inc,6/30/10,ISRG
JBHT UW Equity,JB Hunt Transport Services Inc,6/30/10,JBHT
JOY UW Equity,Komatsu Mining Corp,6/30/10,JOY
KLAC UW Equity,KLA Corp,6/30/10,KLAC
LLTC UW Equity,Linear Technology Corp,6/30/10,LLTC
LOGI UW Equity,Logitech International SA,6/30/10,LOGI
LRCX UW Equity,Lam Research Corp,6/30/10,LRCX
MAT UW Equity,Mattel Inc,6/30/10,MAT
MCHP UW Equity,Microchip Technology Inc,6/30/10,MCHP
MRVL UW Equity,Marvell Technology Inc,6/30/10,MVRL
MSFT UW Equity,Microsoft Corp,6/30/10,MSFT
MXIM UW Equity,Maxim Integrated Products Inc,6/30/10,MXIM
MYL UW Equity,Mylan NV,6/30/10,MYL
NIHDQ UW Equity,NII Holdings Inc,6/30/10,NIHD
NTAP UW Equity,NetApp Inc,6/30/10,NTAP
NVDA UW Equity,NVIDIA Corp,6/30/10,NVDA
ORCL UW Equity,Oracle Corp,6/30/10,ORCL
ORLY UW Equity,O'Reilly Automotive Inc,6/30/10,ORLY
PAYX UW Equity,Paychex Inc,6/30/10,PAYX
PCAR UW Equity,PACCAR Inc,6/30/10,PCAR
PDCO UW Equity,Patterson Cos Inc,6/30/10,PDCO
QCOM UW Equity,QUALCOMM Inc,6/30/10,QCOM
QGEN UW Equity,QIAGEN NV,6/30/10,QGEN
QRTEA UW Equity,QVC Group Inc,6/30/10,QVCGA
ROST UW Equity,Ross Stores Inc,6/30/10,ROST
SBUX UW Equity,Starbucks Corp,6/30/10,SBUX
SHLDQ UW Equity,Sears Holdings Corp,6/30/10,SHLDQ
SIAL UW Equity,Sigma-Aldrich Corp,6/30/10,SIAL
SNDK UW Equity,Sandisk Corp/DE,6/30/10,SNDK
SPLS UW Equity,PIMCO US Stocks PLUS Active Bo,6/30/10,SPLS
SRCL UW Equity,Stericycle Inc,6/30/10,SRCL
STX UW Equity,Seagate Technology Holdings PL,6/30/10,STX
TEVA UW Equity,Teva Pharmaceutical Industries,6/30/10,TEVA
TFCFA UW Equity,TFCF Corp,6/30/10,TFCFA
TIGO UW Equity,Millicom International Cellula,6/30/10,TIGO
URBN UW Equity,Urban Outfitters Inc,6/30/10,URBN
VMED UW Equity,Virgin Media Inc/Old,6/30/10,VMED
VOD UW Equity,Vodafone Group PLC,6/30/10,VOD
VRSN UW Equity,VeriSign Inc,6/30/10,VRSN
VRTX UW Equity,Vertex Pharmaceuticals Inc,6/30/10,VRTX
WCRX UW Equity,Allergan WC Ireland Holdings L,6/30/10,WCRX
WYNN UW Equity,Wynn Resorts Ltd,6/30/10,WYNN
XLNX UW Equity,Xilinx Inc,6/30/10,XLNX
XRAY UW Equity,DENTSPLY SIRONA Inc,6/30/10,XRAY
1255459D UW Equity,Life Technologies Corp,12/31/10,LIFE.3
1448062D UW Equity,DIRECTV,12/31/10,DTV
1518855D US Equity,Yahoo! Inc - Set up for Fundam,12/31/10,YHOO
1541931D UW Equity,Altera Corp,12/31/10,ALTR
1683997D UW Equity,Dell Inc,12/31/10,DELL
2326248D UW Equity,CA Inc,12/31/10,CA
AAPL UW Equity,Apple Inc,12/31/10,AAPL
ADBE UW Equity,Adobe Inc,12/31/10,ADBE
ADP UW Equity,Automatic Data Processing Inc,12/31/10,ADP
ADSK UW Equity,Autodesk Inc,12/31/10,ADSK
AKAM UW Equity,Akamai Technologies Inc,12/31/10,AKAM
AMAT UW Equity,Applied Materials Inc,12/31/10,AMAT
AMGN UW Equity,Amgen Inc,12/31/10,AMGN
AMZN UW Equity,Amazon.com Inc,12/31/10,AMZN
APOL UW Equity,Apollo Education Group Inc,12/31/10,APOL
ATVI UW Equity,Activision Blizzard Inc,12/31/10,ATVI
BB UW Equity,BlackBerry Ltd,12/31/10,BB
BBBYQ UW Equity,20230930-DK-Butterfly-1 Inc,12/31/10,BBBY
BIDU UW Equity,Baidu Inc,12/31/10,BIDU
BIIB UW Equity,Biogen Inc,12/31/10,BIIB
BKNG UW Equity,Booking Holdings Inc,12/31/10,BKNG
BMC UW Equity,BMC Software Inc,12/31/10,BMC
BRCM UW Equity,Broadcom Corp,12/31/10,BRCM
CELG UW Equity,Celgene Corp,12/31/10,CELG
CEPH UW Equity,Cephalon Inc,12/31/10,CEPH
CERN UW Equity,Cerner Corp,12/31/10,CERN
CHKP UW Equity,Check Point Software Technolog,12/31/10,CHKP
CHRW UW Equity,CH Robinson Worldwide Inc,12/31/10,CHRW
CMCSA UW Equity,Comcast Corp,12/31/10,CMCSA
COST UW Equity,Costco Wholesale Corp,12/31/10,COST
CSCO UW Equity,Cisco Systems Inc,12/31/10,CSCO
CTSH UW Equity,Cognizant Technology Solutions,12/31/10,CTSH
CTXS UW Equity,Citrix Systems Inc,12/31/10,CTXS
DLTR UW Equity,Dollar Tree Inc,12/31/10,DLTR
EA UW Equity,Electronic Arts Inc,12/31/10,EA
EBAY UW Equity,eBay Inc,12/31/10,EBAY
ESRX UW Equity,Evernorth Health Inc,12/31/10,ESRX
EXPD UW Equity,Expeditors International of Wa,12/31/10,EXPD
EXPE UW Equity,Expedia Group Inc,12/31/10,EXPE
FAST UW Equity,Fastenal Co,12/31/10,FAST
FFIV UW Equity,F5 Inc,12/31/10,FFIV
FI UW Equity,Fiserv Inc,12/31/10,FISV
FLEX UW Equity,Flex Ltd,12/31/10,FLEX
FLIR UW Equity,FLIR Systems Inc,12/31/10,FLIR
FSLR UW Equity,First Solar Inc,12/31/10,FSLR
GEN UW Equity,Gen Digital Inc,12/31/10,GEN
GENZ UW Equity,Genzyme Corp,12/31/10,GENZ
GILD UW Equity,Gilead Sciences Inc,12/31/10,GILD
GOOGL UW Equity,Alphabet Inc,12/31/10,GOOGL
GRMN UW Equity,Garmin Ltd,12/31/10,GRMN
HSIC UW Equity,Henry Schein Inc,12/31/10,HSIC
ILMN UW Equity,Illumina Inc,12/31/10,ILMN
INFY UW Equity,Infosys Ltd,12/31/10,INFY
INTC UW Equity,Intel Corp,12/31/10,INTC
INTU UW Equity,Intuit Inc,12/31/10,INTU
ISRG UW Equity,Intuitive Surgical Inc,12/31/10,ISRG
JOY UW Equity,Komatsu Mining Corp,12/31/10,JOY
KLAC UW Equity,KLA Corp,12/31/10,KLAC
LLTC UW Equity,Linear Technology Corp,12/31/10,LLTC
LRCX UW Equity,Lam Research Corp,12/31/10,LRCX
MAT UW Equity,Mattel Inc,12/31/10,MAT
MCHP UW Equity,Microchip Technology Inc,12/31/10,MCHP
MRVL UW Equity,Marvell Technology Inc,12/31/10,MVRL
MSFT UW Equity,Microsoft Corp,12/31/10,MSFT
MU UW Equity,Micron Technology Inc,12/31/10,MU
MXIM UW Equity,Maxim Integrated Products Inc,12/31/10,MXIM
MYL UW Equity,Mylan NV,12/31/10,MYL
NFLX UW Equity,Netflix Inc,12/31/10,NFLX
NIHDQ UW Equity,NII Holdings Inc,12/31/10,NIHD
NTAP UW Equity,NetApp Inc,12/31/10,NTAP
NVDA UW Equity,NVIDIA Corp,12/31/10,NVDA
ORCL UW Equity,Oracle Corp,12/31/10,ORCL
ORLY UW Equity,O'Reilly Automotive Inc,12/31/10,ORLY
PAYX UW Equity,Paychex Inc,12/31/10,PAYX
PCAR UW Equity,PACCAR Inc,12/31/10,PCAR
QCOM UW Equity,QUALCOMM Inc,12/31/10,QCOM
QGEN UW Equity,QIAGEN NV,12/31/10,QGEN
QRTEA UW Equity,QVC Group Inc,12/31/10,QVCGA
ROST UW Equity,Ross Stores Inc,12/31/10,ROST
SBUX UW Equity,Starbucks Corp,12/31/10,SBUX
SHLDQ UW Equity,Sears Holdings Corp,12/31/10,SHLDQ
SIAL UW Equity,Sigma-Aldrich Corp,12/31/10,SIAL
SNDK UW Equity,Sandisk Corp/DE,12/31/10,SNDK
SPLS UW Equity,PIMCO US Stocks PLUS Active Bo,12/31/10,SPLS
SRCL UW Equity,Stericycle Inc,12/31/10,SRCL
STX UW Equity,Seagate Technology Holdings PL,12/31/10,STX
TCOM UW Equity,Trip.com Group Ltd,12/31/10,TCOM
TEVA UW Equity,Teva Pharmaceutical Industries,12/31/10,TEVA
TFCFA UW Equity,TFCF Corp,12/31/10,TFCFA
TIGO UW Equity,Millicom International Cellula,12/31/10,TIGO
URBN UW Equity,Urban Outfitters Inc,12/31/10,URBN
VMED UW Equity,Virgin Media Inc/Old,12/31/10,VMED
VOD UW Equity,Vodafone Group PLC,12/31/10,VOD
VRSN UW Equity,VeriSign Inc,12/31/10,VRSN
VRTX UW Equity,Vertex Pharmaceuticals Inc,12/31/10,VRTX
WCRX UW Equity,Allergan WC Ireland Holdings L,12/31/10,WCRX
WFM UW Equity,Whole Foods Market Inc,12/31/10,WFM
WYNN UW Equity,Wynn Resorts Ltd,12/31/10,WYNN
XLNX UW Equity,Xilinx Inc,12/31/10,XLNX
XRAY UW Equity,DENTSPLY SIRONA Inc,12/31/10,XRAY
1255459D UW Equity,Life Technologies Corp,6/30/11,LIFE.3
1448062D UW Equity,DIRECTV,6/30/11,DTV
1518855D US Equity,Yahoo! Inc - Set up for Fundam,6/30/11,YHOO
1541931D UW Equity,Altera Corp,6/30/11,ALTR
1683997D UW Equity,Dell Inc,6/30/11,DELL
2326248D UW Equity,CA Inc,6/30/11,CA
AAPL UW Equity,Apple Inc,6/30/11,AAPL
ADBE UW Equity,Adobe Inc,6/30/11,ADBE
ADP UW Equity,Automatic Data Processing Inc,6/30/11,ADP
ADSK UW Equity,Autodesk Inc,6/30/11,ADSK
AKAM UW Equity,Akamai Technologies Inc,6/30/11,AKAM
ALXN UW Equity,Alexion Pharmaceuticals Inc/MA,6/30/11,ALXN
AMAT UW Equity,Applied Materials Inc,6/30/11,AMAT
AMGN UW Equity,Amgen Inc,6/30/11,AMGN
AMZN UW Equity,Amazon.com Inc,6/30/11,AMZN
APOL UW Equity,Apollo Education Group Inc,6/30/11,APOL
ATVI UW Equity,Activision Blizzard Inc,6/30/11,ATVI
BB UW Equity,BlackBerry Ltd,6/30/11,BB
BBBYQ UW Equity,20230930-DK-Butterfly-1 Inc,6/30/11,BBBY
BIDU UW Equity,Baidu Inc,6/30/11,BIDU
BIIB UW Equity,Biogen Inc,6/30/11,BIIB
BKNG UW Equity,Booking Holdings Inc,6/30/11,BKNG
BMC UW Equity,BMC Software Inc,6/30/11,BMC
BRCM UW Equity,Broadcom Corp,6/30/11,BRCM
CELG UW Equity,Celgene Corp,6/30/11,CELG
CEPH UW Equity,Cephalon Inc,6/30/11,CEPH
CERN UW Equity,Cerner Corp,6/30/11,CERN
CHKP UW Equity,Check Point Software Technolog,6/30/11,CHKP
CHRW UW Equity,CH Robinson Worldwide Inc,6/30/11,CHRW
CMCSA UW Equity,Comcast Corp,6/30/11,CMCSA
COST UW Equity,Costco Wholesale Corp,6/30/11,COST
CSCO UW Equity,Cisco Systems Inc,6/30/11,CSCO
CTSH UW Equity,Cognizant Technology Solutions,6/30/11,CTSH
CTXS UW Equity,Citrix Systems Inc,6/30/11,CTXS
DLTR UW Equity,Dollar Tree Inc,6/30/11,DLTR
EA UW Equity,Electronic Arts Inc,6/30/11,EA
EBAY UW Equity,eBay Inc,6/30/11,EBAY
ESRX UW Equity,Evernorth Health Inc,6/30/11,ESRX
EXPD UW Equity,Expeditors International of Wa,6/30/11,EXPD
EXPE UW Equity,Expedia Group Inc,6/30/11,EXPE
FAST UW Equity,Fastenal Co,6/30/11,FAST
FFIV UW Equity,F5 Inc,6/30/11,FFIV
FI UW Equity,Fiserv Inc,6/30/11,FISV
FLEX UW Equity,Flex Ltd,6/30/11,FLEX
FLIR UW Equity,FLIR Systems Inc,6/30/11,FLIR
FSLR UW Equity,First Solar Inc,6/30/11,FSLR
GEN UW Equity,Gen Digital Inc,6/30/11,GEN
GILD UW Equity,Gilead Sciences Inc,6/30/11,GILD
GMCR UW Equity,Keurig Green Mountain Inc,6/30/11,GMCR
GOOGL UW Equity,Alphabet Inc,6/30/11,GOOGL
GRMN UW Equity,Garmin Ltd,6/30/11,GRMN
HSIC UW Equity,Henry Schein Inc,6/30/11,HSIC
ILMN UW Equity,Illumina Inc,6/30/11,ILMN
INFY UW Equity,Infosys Ltd,6/30/11,INFY
INTC UW Equity,Intel Corp,6/30/11,INTC
INTU UW Equity,Intuit Inc,6/30/11,INTU
ISRG UW Equity,Intuitive Surgical Inc,6/30/11,ISRG
JOY UW Equity,Komatsu Mining Corp,6/30/11,JOY
KLAC UW Equity,KLA Corp,6/30/11,KLAC
LLTC UW Equity,Linear Technology Corp,6/30/11,LLTC
LRCX UW Equity,Lam Research Corp,6/30/11,LRCX
MAT UW Equity,Mattel Inc,6/30/11,MAT
MCHP UW Equity,Microchip Technology Inc,6/30/11,MCHP
MRVL UW Equity,Marvell Technology Inc,6/30/11,MVRL
MSFT UW Equity,Microsoft Corp,6/30/11,MSFT
MU UW Equity,Micron Technology Inc,6/30/11,MU
MXIM UW Equity,Maxim Integrated Products Inc,6/30/11,MXIM
MYL UW Equity,Mylan NV,6/30/11,MYL
NFLX UW Equity,Netflix Inc,6/30/11,NFLX
NIHDQ UW Equity,NII Holdings Inc,6/30/11,NIHD
NTAP UW Equity,NetApp Inc,6/30/11,NTAP
NVDA UW Equity,NVIDIA Corp,6/30/11,NVDA
ORCL UW Equity,Oracle Corp,6/30/11,ORCL
ORLY UW Equity,O'Reilly Automotive Inc,6/30/11,ORLY
PAYX UW Equity,Paychex Inc,6/30/11,PAYX
PCAR UW Equity,PACCAR Inc,6/30/11,PCAR
QCOM UW Equity,QUALCOMM Inc,6/30/11,QCOM
QGEN UW Equity,QIAGEN NV,6/30/11,QGEN
QRTEA UW Equity,QVC Group Inc,6/30/11,QVCGA
ROST UW Equity,Ross Stores Inc,6/30/11,ROST
SBUX UW Equity,Starbucks Corp,6/30/11,SBUX
SHLDQ UW Equity,Sears Holdings Corp,6/30/11,SHLDQ
SIAL UW Equity,Sigma-Aldrich Corp,6/30/11,SIAL
SNDK UW Equity,Sandisk Corp/DE,6/30/11,SNDK
SPLS UW Equity,PIMCO US Stocks PLUS Active Bo,6/30/11,SPLS
SRCL UW Equity,Stericycle Inc,6/30/11,SRCL
STX UW Equity,Seagate Technology Holdings PL,6/30/11,STX
TCOM UW Equity,Trip.com Group Ltd,6/30/11,TCOM
TEVA UW Equity,Teva Pharmaceutical Industries,6/30/11,TEVA
TFCFA UW Equity,TFCF Corp,6/30/11,TFCFA
URBN UW Equity,Urban Outfitters Inc,6/30/11,URBN
VMED UW Equity,Virgin Media Inc/Old,6/30/11,VMED
VOD UW Equity,Vodafone Group PLC,6/30/11,VOD
VRSN UW Equity,VeriSign Inc,6/30/11,VRSN
VRTX UW Equity,Vertex Pharmaceuticals Inc,6/30/11,VRTX
WCRX UW Equity,Allergan WC Ireland Holdings L,6/30/11,WCRX
WFM UW Equity,Whole Foods Market Inc,6/30/11,WFM
WYNN UW Equity,Wynn Resorts Ltd,6/30/11,WYNN
XLNX UW Equity,Xilinx Inc,6/30/11,XLNX
XRAY UW Equity,DENTSPLY SIRONA Inc,6/30/11,XRAY
1255459D UW Equity,Life Technologies Corp,12/31/11,LIFE.3
1288453D UW Equity,Monster Beverage 1990 Corp,12/31/11,MNST
1448062D UW Equity,DIRECTV,12/31/11,DTV
1518855D US Equity,Yahoo! Inc - Set up for Fundam,12/31/11,YHOO
1541931D UW Equity,Altera Corp,12/31/11,ALTR
1683997D UW Equity,Dell Inc,12/31/11,DELL
2326248D UW Equity,CA Inc,12/31/11,CA
9210611D UW Equity,Sirius XM Inc,12/31/11,LSXM.K
9999955D UW Equity,Randgold Resources Ltd,12/31/11,GOLD.3
AAPL UW Equity,Apple Inc,12/31/11,AAPL
ADBE UW Equity,Adobe Inc,12/31/11,ADBE
ADP UW Equity,Automatic Data Processing Inc,12/31/11,ADP
ADSK UW Equity,Autodesk Inc,12/31/11,ADSK
AKAM UW Equity,Akamai Technologies Inc,12/31/11,AKAM
ALXN UW Equity,Alexion Pharmaceuticals Inc/MA,12/31/11,ALXN
AMAT UW Equity,Applied Materials Inc,12/31/11,AMAT
AMGN UW Equity,Amgen Inc,12/31/11,AMGN
AMZN UW Equity,Amazon.com Inc,12/31/11,AMZN
APOL UW Equity,Apollo Education Group Inc,12/31/11,APOL
ATVI UW Equity,Activision Blizzard Inc,12/31/11,ATVI
AVGO UW Equity,Broadcom Inc,12/31/11,AVGO
BB UW Equity,BlackBerry Ltd,12/31/11,BB
BBBYQ UW Equity,20230930-DK-Butterfly-1 Inc,12/31/11,BBBY
BIDU UW Equity,Baidu Inc,12/31/11,BIDU
BIIB UW Equity,Biogen Inc,12/31/11,BIIB
BKNG UW Equity,Booking Holdings Inc,12/31/11,BKNG
BMC UW Equity,BMC Software Inc,12/31/11,BMC
BRCM UW Equity,Broadcom Corp,12/31/11,BRCM
CELG UW Equity,Celgene Corp,12/31/11,CELG
CERN UW Equity,Cerner Corp,12/31/11,CERN
CHKP UW Equity,Check Point Software Technolog,12/31/11,CHKP
CHRW UW Equity,CH Robinson Worldwide Inc,12/31/11,CHRW
CMCSA UW Equity,Comcast Corp,12/31/11,CMCSA
COST UW Equity,Costco Wholesale Corp,12/31/11,COST
CSCO UW Equity,Cisco Systems Inc,12/31/11,CSCO
CTSH UW Equity,Cognizant Technology Solutions,12/31/11,CTSH
CTXS UW Equity,Citrix Systems Inc,12/31/11,CTXS
DLTR UW Equity,Dollar Tree Inc,12/31/11,DLTR
EA UW Equity,Electronic Arts Inc,12/31/11,EA
EBAY UW Equity,eBay Inc,12/31/11,EBAY
ESRX UW Equity,Evernorth Health Inc,12/31/11,ESRX
EXPD UW Equity,Expeditors International of Wa,12/31/11,EXPD
EXPE UW Equity,Expedia Group Inc,12/31/11,EXPE
FAST UW Equity,Fastenal Co,12/31/11,FAST
FFIV UW Equity,F5 Inc,12/31/11,FFIV
FI UW Equity,Fiserv Inc,12/31/11,FISV
FLEX UW Equity,Flex Ltd,12/31/11,FLEX
FOSL UW Equity,Fossil Group Inc,12/31/11,FOSL
FSLR UW Equity,First Solar Inc,12/31/11,FSLR
GEN UW Equity,Gen Digital Inc,12/31/11,GEN
GILD UW Equity,Gilead Sciences Inc,12/31/11,GILD
GMCR UW Equity,Keurig Green Mountain Inc,12/31/11,GMCR
GOOGL UW Equity,Alphabet Inc,12/31/11,GOOGL
GRMN UW Equity,Garmin Ltd,12/31/11,GRMN
HSIC UW Equity,Henry Schein Inc,12/31/11,HSIC
INFY UW Equity,Infosys Ltd,12/31/11,INFY
INTC UW Equity,Intel Corp,12/31/11,INTC
INTU UW Equity,Intuit Inc,12/31/11,INTU
ISRG UW Equity,Intuitive Surgical Inc,12/31/11,ISRG
KLAC UW Equity,KLA Corp,12/31/11,KLAC
LLTC UW Equity,Linear Technology Corp,12/31/11,LLTC
LRCX UW Equity,Lam Research Corp,12/31/11,LRCX
MAT UW Equity,Mattel Inc,12/31/11,MAT
MCHP UW Equity,Microchip Technology Inc,12/31/11,MCHP
MRVL UW Equity,Marvell Technology Inc,12/31/11,MVRL
MSFT UW Equity,Microsoft Corp,12/31/11,MSFT
MU UW Equity,Micron Technology Inc,12/31/11,MU
MXIM UW Equity,Maxim Integrated Products Inc,12/31/11,MXIM
MYL UW Equity,Mylan NV,12/31/11,MYL
NFLX UW Equity,Netflix Inc,12/31/11,NFLX
NTAP UW Equity,NetApp Inc,12/31/11,NTAP
NUAN UW Equity,Nuance Communications Inc,12/31/11,NUAN
NVDA UW Equity,NVIDIA Corp,12/31/11,NVDA
ORCL UW Equity,Oracle Corp,12/31/11,ORCL
ORLY UW Equity,O'Reilly Automotive Inc,12/31/11,ORLY
PAYX UW Equity,Paychex Inc,12/31/11,PAYX
PCAR UW Equity,PACCAR Inc,12/31/11,PCAR
PRGO UW Equity,Perrigo Co PLC,12/31/11,PRGO
QCOM UW Equity,QUALCOMM Inc,12/31/11,QCOM
QRTEA UW Equity,QVC Group Inc,12/31/11,QVCGA
ROST UW Equity,Ross Stores Inc,12/31/11,ROST
SBUX UW Equity,Starbucks Corp,12/31/11,SBUX
SHLDQ UW Equity,Sears Holdings Corp,12/31/11,SHLDQ
SIAL UW Equity,Sigma-Aldrich Corp,12/31/11,SIAL
SNDK UW Equity,Sandisk Corp/DE,12/31/11,SNDK
SPLS UW Equity,PIMCO US Stocks PLUS Active Bo,12/31/11,SPLS
SRCL UW Equity,Stericycle Inc,12/31/11,SRCL
STX UW Equity,Seagate Technology Holdings PL,12/31/11,STX
TCOM UW Equity,Trip.com Group Ltd,12/31/11,TCOM
TEVA UW Equity,Teva Pharmaceutical Industries,12/31/11,TEVA
TFCFA UW Equity,TFCF Corp,12/31/11,TFCFA
VMED UW Equity,Virgin Media Inc/Old,12/31/11,VMED
VOD UW Equity,Vodafone Group PLC,12/31/11,VOD
VRSN UW Equity,VeriSign Inc,12/31/11,VRSN
VRTX UW Equity,Vertex Pharmaceuticals Inc,12/31/11,VRTX
WCRX UW Equity,Allergan WC Ireland Holdings L,12/31/11,WCRX
WFM UW Equity,Whole Foods Market Inc,12/31/11,WFM
WYNN UW Equity,Wynn Resorts Ltd,12/31/11,WYNN
XLNX UW Equity,Xilinx Inc,12/31/11,XLNX
XRAY UW Equity,DENTSPLY SIRONA Inc,12/31/11,XRAY
1255459D UW Equity,Life Technologies Corp,6/30/12,LIFE.3
1288453D UW Equity,Monster Beverage 1990 Corp,6/30/12,MNST
1448062D UW Equity,DIRECTV,6/30/12,DTV
1518855D US Equity,Yahoo! Inc - Set up for Fundam,6/30/12,YHOO
1541931D UW Equity,Altera Corp,6/30/12,ALTR
1683997D UW Equity,Dell Inc,6/30/12,DELL
2326248D UW Equity,CA Inc,6/30/12,CA
9210611D UW Equity,Sirius XM Inc,6/30/12,LSXM.K
9999955D UW Equity,Randgold Resources Ltd,6/30/12,GOLD.3
AAPL UW Equity,Apple Inc,6/30/12,AAPL
ADBE UW Equity,Adobe Inc,6/30/12,ADBE
ADP UW Equity,Automatic Data Processing Inc,6/30/12,ADP
ADSK UW Equity,Autodesk Inc,6/30/12,ADSK
AKAM UW Equity,Akamai Technologies Inc,6/30/12,AKAM
ALXN UW Equity,Alexion Pharmaceuticals Inc/MA,6/30/12,ALXN
AMAT UW Equity,Applied Materials Inc,6/30/12,AMAT
AMGN UW Equity,Amgen Inc,6/30/12,AMGN
AMZN UW Equity,Amazon.com Inc,6/30/12,AMZN
APOL UW Equity,Apollo Education Group Inc,6/30/12,APOL
ATVI UW Equity,Activision Blizzard Inc,6/30/12,ATVI
AVGO UW Equity,Broadcom Inc,6/30/12,AVGO
BB UW Equity,BlackBerry Ltd,6/30/12,BB
BBBYQ UW Equity,20230930-DK-Butterfly-1 Inc,6/30/12,BBBY
BIDU UW Equity,Baidu Inc,6/30/12,BIDU
BIIB UW Equity,Biogen Inc,6/30/12,BIIB
BKNG UW Equity,Booking Holdings Inc,6/30/12,BKNG
BMC UW Equity,BMC Software Inc,6/30/12,BMC
BRCM UW Equity,Broadcom Corp,6/30/12,BRCM
CELG UW Equity,Celgene Corp,6/30/12,CELG
CERN UW Equity,Cerner Corp,6/30/12,CERN
CHKP UW Equity,Check Point Software Technolog,6/30/12,CHKP
CHRW UW Equity,CH Robinson Worldwide Inc,6/30/12,CHRW
CMCSA UW Equity,Comcast Corp,6/30/12,CMCSA
COST UW Equity,Costco Wholesale Corp,6/30/12,COST
CSCO UW Equity,Cisco Systems Inc,6/30/12,CSCO
CTSH UW Equity,Cognizant Technology Solutions,6/30/12,CTSH
CTXS UW Equity,Citrix Systems Inc,6/30/12,CTXS
DLTR UW Equity,Dollar Tree Inc,6/30/12,DLTR
EA UW Equity,Electronic Arts Inc,6/30/12,EA
EBAY UW Equity,eBay Inc,6/30/12,EBAY
ESRX UW Equity,Evernorth Health Inc,6/30/12,ESRX
EXPD UW Equity,Expeditors International of Wa,6/30/12,EXPD
EXPE UW Equity,Expedia Group Inc,6/30/12,EXPE
FAST UW Equity,Fastenal Co,6/30/12,FAST
FFIV UW Equity,F5 Inc,6/30/12,FFIV
FI UW Equity,Fiserv Inc,6/30/12,FISV
FLEX UW Equity,Flex Ltd,6/30/12,FLEX
FOSL UW Equity,Fossil Group Inc,6/30/12,FOSL
GEN UW Equity,Gen Digital Inc,6/30/12,GEN
GILD UW Equity,Gilead Sciences Inc,6/30/12,GILD
GMCR UW Equity,Keurig Green Mountain Inc,6/30/12,GMCR
GOOGL UW Equity,Alphabet Inc,6/30/12,GOOGL
GRMN UW Equity,Garmin Ltd,6/30/12,GRMN
HSIC UW Equity,Henry Schein Inc,6/30/12,HSIC
INFY UW Equity,Infosys Ltd,6/30/12,INFY
INTC UW Equity,Intel Corp,6/30/12,INTC
INTU UW Equity,Intuit Inc,6/30/12,INTU
ISRG UW Equity,Intuitive Surgical Inc,6/30/12,ISRG
KLAC UW Equity,KLA Corp,6/30/12,KLAC
LLTC UW Equity,Linear Technology Corp,6/30/12,LLTC
LRCX UW Equity,Lam Research Corp,6/30/12,LRCX
MAT UW Equity,Mattel Inc,6/30/12,MAT
MCHP UW Equity,Microchip Technology Inc,6/30/12,MCHP
MRVL UW Equity,Marvell Technology Inc,6/30/12,MVRL
MSFT UW Equity,Microsoft Corp,6/30/12,MSFT
MU UW Equity,Micron Technology Inc,6/30/12,MU
MXIM UW Equity,Maxim Integrated Products Inc,6/30/12,MXIM
MYL UW Equity,Mylan NV,6/30/12,MYL
NFLX UW Equity,Netflix Inc,6/30/12,NFLX
NTAP UW Equity,NetApp Inc,6/30/12,NTAP
NUAN UW Equity,Nuance Communications Inc,6/30/12,NUAN
NVDA UW Equity,NVIDIA Corp,6/30/12,NVDA
ORCL UW Equity,Oracle Corp,6/30/12,ORCL
ORLY UW Equity,O'Reilly Automotive Inc,6/30/12,ORLY
PAYX UW Equity,Paychex Inc,6/30/12,PAYX
PCAR UW Equity,PACCAR Inc,6/30/12,PCAR
PRGO UW Equity,Perrigo Co PLC,6/30/12,PRGO
QCOM UW Equity,QUALCOMM Inc,6/30/12,QCOM
QRTEA UW Equity,QVC Group Inc,6/30/12,QVCGA
ROST UW Equity,Ross Stores Inc,6/30/12,ROST
SBUX UW Equity,Starbucks Corp,6/30/12,SBUX
SHLDQ UW Equity,Sears Holdings Corp,6/30/12,SHLDQ
SIAL UW Equity,Sigma-Aldrich Corp,6/30/12,SIAL
SNDK UW Equity,Sandisk Corp/DE,6/30/12,SNDK
SPLS UW Equity,PIMCO US Stocks PLUS Active Bo,6/30/12,SPLS
SRCL UW Equity,Stericycle Inc,6/30/12,SRCL
STX UW Equity,Seagate Technology Holdings PL,6/30/12,STX
TCOM UW Equity,Trip.com Group Ltd,6/30/12,TCOM
TFCFA UW Equity,TFCF Corp,6/30/12,TFCFA
TXN UW Equity,Texas Instruments Inc,6/30/12,TXN
VIAB UW Equity,Viacom Inc,6/30/12,VIAB
VMED UW Equity,Virgin Media Inc/Old,6/30/12,VMED
VOD UW Equity,Vodafone Group PLC,6/30/12,VOD
VRSN UW Equity,VeriSign Inc,6/30/12,VRSN
VRTX UW Equity,Vertex Pharmaceuticals Inc,6/30/12,VRTX
WCRX UW Equity,Allergan WC Ireland Holdings L,6/30/12,WCRX
WFM UW Equity,Whole Foods Market Inc,6/30/12,WFM
WYNN UW Equity,Wynn Resorts Ltd,6/30/12,WYNN
XLNX UW Equity,Xilinx Inc,6/30/12,XLNX
XRAY UW Equity,DENTSPLY SIRONA Inc,6/30/12,XRAY
1255459D UW Equity,Life Technologies Corp,12/31/12,LIFE.3
1288453D UW Equity,Monster Beverage 1990 Corp,12/31/12,MNST
1448062D UW Equity,DIRECTV,12/31/12,DTV
1518855D US Equity,Yahoo! Inc - Set up for Fundam,12/31/12,YHOO
1541931D UW Equity,Altera Corp,12/31/12,ALTR
1683997D UW Equity,Dell Inc,12/31/12,DELL
2326248D UW Equity,CA Inc,12/31/12,CA
9210611D UW Equity,Sirius XM Inc,12/31/12,LSXM.K
9990294D UW Equity,Liberty Global Holdings Ltd/UK,12/31/12,LBTYA
9999955D UW Equity,Randgold Resources Ltd,12/31/12,GOLD.3
AAPL UW Equity,Apple Inc,12/31/12,AAPL
ADBE UW Equity,Adobe Inc,12/31/12,ADBE
ADI UW Equity,Analog Devices Inc,12/31/12,ADI
ADP UW Equity,Automatic Data Processing Inc,12/31/12,ADP
ADSK UW Equity,Autodesk Inc,12/31/12,ADSK
AKAM UW Equity,Akamai Technologies Inc,12/31/12,AKAM
ALXN UW Equity,Alexion Pharmaceuticals Inc/MA,12/31/12,ALXN
AMAT UW Equity,Applied Materials Inc,12/31/12,AMAT
AMGN UW Equity,Amgen Inc,12/31/12,AMGN
AMZN UW Equity,Amazon.com Inc,12/31/12,AMZN
ATVI UW Equity,Activision Blizzard Inc,12/31/12,ATVI
AVGO UW Equity,Broadcom Inc,12/31/12,AVGO
BBBYQ UW Equity,20230930-DK-Butterfly-1 Inc,12/31/12,BBBY
BIDU UW Equity,Baidu Inc,12/31/12,BIDU
BIIB UW Equity,Biogen Inc,12/31/12,BIIB
BKNG UW Equity,Booking Holdings Inc,12/31/12,BKNG
BMC UW Equity,BMC Software Inc,12/31/12,BMC
BRCM UW Equity,Broadcom Corp,12/31/12,BRCM
CELG UW Equity,Celgene Corp,12/31/12,CELG
CERN UW Equity,Cerner Corp,12/31/12,CERN
CHKP UW Equity,Check Point Software Technolog,12/31/12,CHKP
CHRW UW Equity,CH Robinson Worldwide Inc,12/31/12,CHRW
CMCSA UW Equity,Comcast Corp,12/31/12,CMCSA
COST UW Equity,Costco Wholesale Corp,12/31/12,COST
CSCO UW Equity,Cisco Systems Inc,12/31/12,CSCO
CTRX UW Equity,Catamaran Corp,12/31/12,CTRX
CTSH UW Equity,Cognizant Technology Solutions,12/31/12,CTSH
CTXS UW Equity,Citrix Systems Inc,12/31/12,CTXS
DISCA UW Equity,Warner Bros Discovery Inc,12/31/12,DISCA
DLTR UW Equity,Dollar Tree Inc,12/31/12,DLTR
EBAY UW Equity,eBay Inc,12/31/12,EBAY
EQIX UW Equity,Equinix Inc,12/31/12,EQIX
ESRX UW Equity,Evernorth Health Inc,12/31/12,ESRX
EXPD UW Equity,Expeditors International of Wa,12/31/12,EXPD
EXPE UW Equity,Expedia Group Inc,12/31/12,EXPE
FAST UW Equity,Fastenal Co,12/31/12,FAST
FFIV UW Equity,F5 Inc,12/31/12,FFIV
FI UW Equity,Fiserv Inc,12/31/12,FISV
FOSL UW Equity,Fossil Group Inc,12/31/12,FOSL
GEN UW Equity,Gen Digital Inc,12/31/12,GEN
GILD UW Equity,Gilead Sciences Inc,12/31/12,GILD
GOOGL UW Equity,Alphabet Inc,12/31/12,GOOGL
GRMN UW Equity,Garmin Ltd,12/31/12,GRMN
HSIC UW Equity,Henry Schein Inc,12/31/12,HSIC
INTC UW Equity,Intel Corp,12/31/12,INTC
INTU UW Equity,Intuit Inc,12/31/12,INTU
ISRG UW Equity,Intuitive Surgical Inc,12/31/12,ISRG
KLAC UW Equity,KLA Corp,12/31/12,KLAC
LLTC UW Equity,Linear Technology Corp,12/31/12,LLTC
MAT UW Equity,Mattel Inc,12/31/12,MAT
MCHP UW Equity,Microchip Technology Inc,12/31/12,MCHP
MDLZ UW Equity,Mondelez International Inc,12/31/12,MDLZ
META UW Equity,Meta Platforms Inc,12/31/12,META
MSFT UW Equity,Microsoft Corp,12/31/12,MSFT
MU UW Equity,Micron Technology Inc,12/31/12,MU
MXIM UW Equity,Maxim Integrated Products Inc,12/31/12,MXIM
MYL UW Equity,Mylan NV,12/31/12,MYL
NTAP UW Equity,NetApp Inc,12/31/12,NTAP
NUAN UW Equity,Nuance Communications Inc,12/31/12,NUAN
NVDA UW Equity,NVIDIA Corp,12/31/12,NVDA
ORCL UW Equity,Oracle Corp,12/31/12,ORCL
ORLY UW Equity,O'Reilly Automotive Inc,12/31/12,ORLY
PAYX UW Equity,Paychex Inc,12/31/12,PAYX
PCAR UW Equity,PACCAR Inc,12/31/12,PCAR
PRGO UW Equity,Perrigo Co PLC,12/31/12,PRGO
QCOM UW Equity,QUALCOMM Inc,12/31/12,QCOM
QRTEA UW Equity,QVC Group Inc,12/31/12,QVCGA
REGN UW Equity,Regeneron Pharmaceuticals Inc,12/31/12,REGN
ROST UW Equity,Ross Stores Inc,12/31/12,ROST
SBAC UW Equity,SBA Communications Corp,12/31/12,SBAC
SBUX UW Equity,Starbucks Corp,12/31/12,SBUX
SHLDQ UW Equity,Sears Holdings Corp,12/31/12,SHLDQ
SIAL UW Equity,Sigma-Aldrich Corp,12/31/12,SIAL
SNDK UW Equity,Sandisk Corp/DE,12/31/12,SNDK
SPLS UW Equity,PIMCO US Stocks PLUS Active Bo,12/31/12,SPLS
SRCL UW Equity,Stericycle Inc,12/31/12,SRCL
STRZA UW Equity,Starz Acquisition LLC /CO,12/31/12,STRZA
STX UW Equity,Seagate Technology Holdings PL,12/31/12,STX
TFCFA UW Equity,TFCF Corp,12/31/12,TFCFA
TXN UW Equity,Texas Instruments Inc,12/31/12,TXN
VIAB UW Equity,Viacom Inc,12/31/12,VIAB
VMED UW Equity,Virgin Media Inc/Old,12/31/12,VMED
VOD UW Equity,Vodafone Group PLC,12/31/12,VOD
VRSK UW Equity,Verisk Analytics Inc,12/31/12,VRSK
VRTX UW Equity,Vertex Pharmaceuticals Inc,12/31/12,VRTX
WDC UW Equity,Western Digital Corp,12/31/12,WDC
WFM UW Equity,Whole Foods Market Inc,12/31/12,WFM
WYNN UW Equity,Wynn Resorts Ltd,12/31/12,WYNN
XLNX UW Equity,Xilinx Inc,12/31/12,XLNX
XRAY UW Equity,DENTSPLY SIRONA Inc,12/31/12,XRAY
1255459D UW Equity,Life Technologies Corp,6/30/13,LIFE.3
1288453D UW Equity,Monster Beverage 1990 Corp,6/30/13,MNST
1396924D UW Equity,Liberty Media Corp,6/30/13,LMCA
1448062D UW Equity,DIRECTV,6/30/13,DTV
1518855D US Equity,Yahoo! Inc - Set up for Fundam,6/30/13,YHOO
1541931D UW Equity,Altera Corp,6/30/13,ALTR
1683997D UW Equity,Dell Inc,6/30/13,DELL
2326248D UW Equity,CA Inc,6/30/13,CA
9210611D UW Equity,Sirius XM Inc,6/30/13,LSXM.K
9990294D UW Equity,Liberty Global Holdings Ltd/UK,6/30/13,LBTYA
9999955D UW Equity,Randgold Resources Ltd,6/30/13,GOLD.3
AAPL UW Equity,Apple Inc,6/30/13,AAPL
ADBE UW Equity,Adobe Inc,6/30/13,ADBE
ADI UW Equity,Analog Devices Inc,6/30/13,ADI
ADP UW Equity,Automatic Data Processing Inc,6/30/13,ADP
ADSK UW Equity,Autodesk Inc,6/30/13,ADSK
AKAM UW Equity,Akamai Technologies Inc,6/30/13,AKAM
ALXN UW Equity,Alexion Pharmaceuticals Inc/MA,6/30/13,ALXN
AMAT UW Equity,Applied Materials Inc,6/30/13,AMAT
AMGN UW Equity,Amgen Inc,6/30/13,AMGN
AMZN UW Equity,Amazon.com Inc,6/30/13,AMZN
ATVI UW Equity,Activision Blizzard Inc,6/30/13,ATVI
AVGO UW Equity,Broadcom Inc,6/30/13,AVGO
BBBYQ UW Equity,20230930-DK-Butterfly-1 Inc,6/30/13,BBBY
BIDU UW Equity,Baidu Inc,6/30/13,BIDU
BIIB UW Equity,Biogen Inc,6/30/13,BIIB
BKNG UW Equity,Booking Holdings Inc,6/30/13,BKNG
BMC UW Equity,BMC Software Inc,6/30/13,BMC
BRCM UW Equity,Broadcom Corp,6/30/13,BRCM
CELG UW Equity,Celgene Corp,6/30/13,CELG
CERN UW Equity,Cerner Corp,6/30/13,CERN
CHKP UW Equity,Check Point Software Technolog,6/30/13,CHKP
CHRW UW Equity,CH Robinson Worldwide Inc,6/30/13,CHRW
CMCSA UW Equity,Comcast Corp,6/30/13,CMCSA
COST UW Equity,Costco Wholesale Corp,6/30/13,COST
CSCO UW Equity,Cisco Systems Inc,6/30/13,CSCO
CTRX UW Equity,Catamaran Corp,6/30/13,CTRX
CTSH UW Equity,Cognizant Technology Solutions,6/30/13,CTSH
CTXS UW Equity,Citrix Systems Inc,6/30/13,CTXS
DISCA UW Equity,Warner Bros Discovery Inc,6/30/13,DISCA
DLTR UW Equity,Dollar Tree Inc,6/30/13,DLTR
EBAY UW Equity,eBay Inc,6/30/13,EBAY
EQIX UW Equity,Equinix Inc,6/30/13,EQIX
ESRX UW Equity,Evernorth Health Inc,6/30/13,ESRX
EXPD UW Equity,Expeditors International of Wa,6/30/13,EXPD
EXPE UW Equity,Expedia Group Inc,6/30/13,EXPE
FAST UW Equity,Fastenal Co,6/30/13,FAST
FFIV UW Equity,F5 Inc,6/30/13,FFIV
FI UW Equity,Fiserv Inc,6/30/13,FISV
FOSL UW Equity,Fossil Group Inc,6/30/13,FOSL
GEN UW Equity,Gen Digital Inc,6/30/13,GEN
GILD UW Equity,Gilead Sciences Inc,6/30/13,GILD
GOOGL UW Equity,Alphabet Inc,6/30/13,GOOGL
GRMN UW Equity,Garmin Ltd,6/30/13,GRMN
HSIC UW Equity,Henry Schein Inc,6/30/13,HSIC
INTC UW Equity,Intel Corp,6/30/13,INTC
INTU UW Equity,Intuit Inc,6/30/13,INTU
ISRG UW Equity,Intuitive Surgical Inc,6/30/13,ISRG
KLAC UW Equity,KLA Corp,6/30/13,KLAC
KRFT UW Equity,Kraft Foods Group Inc,6/30/13,KRFT
LLTC UW Equity,Linear Technology Corp,6/30/13,LLTC
MAT UW Equity,Mattel Inc,6/30/13,MAT
MCHP UW Equity,Microchip Technology Inc,6/30/13,MCHP
MDLZ UW Equity,Mondelez International Inc,6/30/13,MDLZ
META UW Equity,Meta Platforms Inc,6/30/13,META
MSFT UW Equity,Microsoft Corp,6/30/13,MSFT
MU UW Equity,Micron Technology Inc,6/30/13,MU
MXIM UW Equity,Maxim Integrated Products Inc,6/30/13,MXIM
MYL UW Equity,Mylan NV,6/30/13,MYL
NFLX UW Equity,Netflix Inc,6/30/13,NFLX
NTAP UW Equity,NetApp Inc,6/30/13,NTAP
NUAN UW Equity,Nuance Communications Inc,6/30/13,NUAN
NVDA UW Equity,NVIDIA Corp,6/30/13,NVDA
ORCL UW Equity,Oracle Corp,6/30/13,ORCL
ORLY UW Equity,O'Reilly Automotive Inc,6/30/13,ORLY
PAYX UW Equity,Paychex Inc,6/30/13,PAYX
PCAR UW Equity,PACCAR Inc,6/30/13,PCAR
QCOM UW Equity,QUALCOMM Inc,6/30/13,QCOM
QRTEA UW Equity,QVC Group Inc,6/30/13,QVCGA
REGN UW Equity,Regeneron Pharmaceuticals Inc,6/30/13,REGN
ROST UW Equity,Ross Stores Inc,6/30/13,ROST
SBAC UW Equity,SBA Communications Corp,6/30/13,SBAC
SBUX UW Equity,Starbucks Corp,6/30/13,SBUX
SHLDQ UW Equity,Sears Holdings Corp,6/30/13,SHLDQ
SIAL UW Equity,Sigma-Aldrich Corp,6/30/13,SIAL
SNDK UW Equity,Sandisk Corp/DE,6/30/13,SNDK
SPLS UW Equity,PIMCO US Stocks PLUS Active Bo,6/30/13,SPLS
SRCL UW Equity,Stericycle Inc,6/30/13,SRCL
STX UW Equity,Seagate Technology Holdings PL,6/30/13,STX
TFCFA UW Equity,TFCF Corp,6/30/13,TFCFA
TXN UW Equity,Texas Instruments Inc,6/30/13,TXN
VIAB UW Equity,Viacom Inc,6/30/13,VIAB
VOD UW Equity,Vodafone Group PLC,6/30/13,VOD
VRSK UW Equity,Verisk Analytics Inc,6/30/13,VRSK
VRTX UW Equity,Vertex Pharmaceuticals Inc,6/30/13,VRTX
WDC UW Equity,Western Digital Corp,6/30/13,WDC
WFM UW Equity,Whole Foods Market Inc,6/30/13,WFM
WYNN UW Equity,Wynn Resorts Ltd,6/30/13,WYNN
XLNX UW Equity,Xilinx Inc,6/30/13,XLNX
XRAY UW Equity,DENTSPLY SIRONA Inc,6/30/13,XRAY
1288453D UW Equity,Monster Beverage 1990 Corp,12/31/13,MNST
1396924D UW Equity,Liberty Media Corp,12/31/13,LMCA
1448062D UW Equity,DIRECTV,12/31/13,DTV
1518855D US Equity,Yahoo! Inc - Set up for Fundam,12/31/13,YHOO
1541931D UW Equity,Altera Corp,12/31/13,ALTR
2326248D UW Equity,CA Inc,12/31/13,CA
9210611D UW Equity,Sirius XM Inc,12/31/13,LSXM.K
9990294D UW Equity,Liberty Global Holdings Ltd/UK,12/31/13,LBTYA
AAPL UW Equity,Apple Inc,12/31/13,AAPL
ADBE UW Equity,Adobe Inc,12/31/13,ADBE
ADI UW Equity,Analog Devices Inc,12/31/13,ADI
ADP UW Equity,Automatic Data Processing Inc,12/31/13,ADP
ADSK UW Equity,Autodesk Inc,12/31/13,ADSK
AKAM UW Equity,Akamai Technologies Inc,12/31/13,AKAM
ALXN UW Equity,Alexion Pharmaceuticals Inc/MA,12/31/13,ALXN
AMAT UW Equity,Applied Materials Inc,12/31/13,AMAT
AMGN UW Equity,Amgen Inc,12/31/13,AMGN
AMZN UW Equity,Amazon.com Inc,12/31/13,AMZN
ATVI UW Equity,Activision Blizzard Inc,12/31/13,ATVI
AVGO UW Equity,Broadcom Inc,12/31/13,AVGO
BBBYQ UW Equity,20230930-DK-Butterfly-1 Inc,12/31/13,BBBY
BIDU UW Equity,Baidu Inc,12/31/13,BIDU
BIIB UW Equity,Biogen Inc,12/31/13,BIIB
BKNG UW Equity,Booking Holdings Inc,12/31/13,BKNG
BRCM UW Equity,Broadcom Corp,12/31/13,BRCM
CELG UW Equity,Celgene Corp,12/31/13,CELG
CERN UW Equity,Cerner Corp,12/31/13,CERN
CHKP UW Equity,Check Point Software Technolog,12/31/13,CHKP
CHRW UW Equity,CH Robinson Worldwide Inc,12/31/13,CHRW
CHTR UW Equity,Charter Communications Inc,12/31/13,CHTR
CMCSA UW Equity,Comcast Corp,12/31/13,CMCSA
COST UW Equity,Costco Wholesale Corp,12/31/13,COST
CSCO UW Equity,Cisco Systems Inc,12/31/13,CSCO
CTRX UW Equity,Catamaran Corp,12/31/13,CTRX
CTSH UW Equity,Cognizant Technology Solutions,12/31/13,CTSH
CTXS UW Equity,Citrix Systems Inc,12/31/13,CTXS
DISCA UW Equity,Warner Bros Discovery Inc,12/31/13,DISCA
DISH UW Equity,DISH Network Corp,12/31/13,DISH
DLTR UW Equity,Dollar Tree Inc,12/31/13,DLTR
EBAY UW Equity,eBay Inc,12/31/13,EBAY
EQIX UW Equity,Equinix Inc,12/31/13,EQIX
ESRX UW Equity,Evernorth Health Inc,12/31/13,ESRX
EXPD UW Equity,Expeditors International of Wa,12/31/13,EXPD
EXPE UW Equity,Expedia Group Inc,12/31/13,EXPE
FAST UW Equity,Fastenal Co,12/31/13,FAST
FFIV UW Equity,F5 Inc,12/31/13,FFIV
FI UW Equity,Fiserv Inc,12/31/13,FISV
GEN UW Equity,Gen Digital Inc,12/31/13,GEN
GILD UW Equity,Gilead Sciences Inc,12/31/13,GILD
GMCR UW Equity,Keurig Green Mountain Inc,12/31/13,GMCR
GOOGL UW Equity,Alphabet Inc,12/31/13,GOOGL
GRMN UW Equity,Garmin Ltd,12/31/13,GRMN
HSIC UW Equity,Henry Schein Inc,12/31/13,HSIC
ILMN UW Equity,Illumina Inc,12/31/13,ILMN
INTC UW Equity,Intel Corp,12/31/13,INTC
INTU UW Equity,Intuit Inc,12/31/13,INTU
ISRG UW Equity,Intuitive Surgical Inc,12/31/13,ISRG
KLAC UW Equity,KLA Corp,12/31/13,KLAC
KRFT UW Equity,Kraft Foods Group Inc,12/31/13,KRFT
LLTC UW Equity,Linear Technology Corp,12/31/13,LLTC
MAR UW Equity,Marriott International Inc/MD,12/31/13,MAR
MAT UW Equity,Mattel Inc,12/31/13,MAT
MDLZ UW Equity,Mondelez International Inc,12/31/13,MDLZ
META UW Equity,Meta Platforms Inc,12/31/13,META
MSFT UW Equity,Microsoft Corp,12/31/13,MSFT
MU UW Equity,Micron Technology Inc,12/31/13,MU
MXIM UW Equity,Maxim Integrated Products Inc,12/31/13,MXIM
MYL UW Equity,Mylan NV,12/31/13,MYL
NFLX UW Equity,Netflix Inc,12/31/13,NFLX
NTAP UW Equity,NetApp Inc,12/31/13,NTAP
NVDA UW Equity,NVIDIA Corp,12/31/13,NVDA
NXPI UW Equity,NXP Semiconductors NV,12/31/13,NXPI
ORLY UW Equity,O'Reilly Automotive Inc,12/31/13,ORLY
PAYX UW Equity,Paychex Inc,12/31/13,PAYX
PCAR UW Equity,PACCAR Inc,12/31/13,PCAR
QCOM UW Equity,QUALCOMM Inc,12/31/13,QCOM
QRTEA UW Equity,QVC Group Inc,12/31/13,QVCGA
REGN UW Equity,Regeneron Pharmaceuticals Inc,12/31/13,REGN
ROST UW Equity,Ross Stores Inc,12/31/13,ROST
SBAC UW Equity,SBA Communications Corp,12/31/13,SBAC
SBUX UW Equity,Starbucks Corp,12/31/13,SBUX
SIAL UW Equity,Sigma-Aldrich Corp,12/31/13,SIAL
SNDK UW Equity,Sandisk Corp/DE,12/31/13,SNDK
SPLS UW Equity,PIMCO US Stocks PLUS Active Bo,12/31/13,SPLS
SRCL UW Equity,Stericycle Inc,12/31/13,SRCL
STX UW Equity,Seagate Technology Holdings PL,12/31/13,STX
TFCFA UW Equity,TFCF Corp,12/31/13,TFCFA
TRIP UW Equity,TripAdvisor Inc,12/31/13,TRIP
TSCO UW Equity,Tractor Supply Co,12/31/13,TSCO
TSLA UW Equity,Tesla Inc,12/31/13,TSLA
TXN UW Equity,Texas Instruments Inc,12/31/13,TXN
VEON UW Equity,VEON Ltd,12/31/13,VEON
VIAB UW Equity,Viacom Inc,12/31/13,VIAB
VOD UW Equity,Vodafone Group PLC,12/31/13,VOD
VRSK UW Equity,Verisk Analytics Inc,12/31/13,VRSK
VRTX UW Equity,Vertex Pharmaceuticals Inc,12/31/13,VRTX
WDC UW Equity,Western Digital Corp,12/31/13,WDC
WFM UW Equity,Whole Foods Market Inc,12/31/13,WFM
WYNN UW Equity,Wynn Resorts Ltd,12/31/13,WYNN
XLNX UW Equity,Xilinx Inc,12/31/13,XLNX
1288453D UW Equity,Monster Beverage 1990 Corp,6/30/14,MNST
1396924D UW Equity,Liberty Media Corp,6/30/14,LMCA
1448062D UW Equity,DIRECTV,6/30/14,DTV
1518855D US Equity,Yahoo! Inc - Set up for Fundam,6/30/14,YHOO
1541931D UW Equity,Altera Corp,6/30/14,ALTR
2326248D UW Equity,CA Inc,6/30/14,CA
9210611D UW Equity,Sirius XM Inc,6/30/14,LSXM.K
9990294D UW Equity,Liberty Global Holdings Ltd/UK,6/30/14,LBTYA
AAPL UW Equity,Apple Inc,6/30/14,AAPL
ADBE UW Equity,Adobe Inc,6/30/14,ADBE
ADI UW Equity,Analog Devices Inc,6/30/14,ADI
ADP UW Equity,Automatic Data Processing Inc,6/30/14,ADP
ADSK UW Equity,Autodesk Inc,6/30/14,ADSK
AKAM UW Equity,Akamai Technologies Inc,6/30/14,AKAM
ALXN UW Equity,Alexion Pharmaceuticals Inc/MA,6/30/14,ALXN
AMAT UW Equity,Applied Materials Inc,6/30/14,AMAT
AMGN UW Equity,Amgen Inc,6/30/14,AMGN
AMZN UW Equity,Amazon.com Inc,6/30/14,AMZN
ATVI UW Equity,Activision Blizzard Inc,6/30/14,ATVI
AVGO UW Equity,Broadcom Inc,6/30/14,AVGO
BBBYQ UW Equity,20230930-DK-Butterfly-1 Inc,6/30/14,BBBY
BIDU UW Equity,Baidu Inc,6/30/14,BIDU
BIIB UW Equity,Biogen Inc,6/30/14,BIIB
BKNG UW Equity,Booking Holdings Inc,6/30/14,BKNG
BRCM UW Equity,Broadcom Corp,6/30/14,BRCM
CELG UW Equity,Celgene Corp,6/30/14,CELG
CERN UW Equity,Cerner Corp,6/30/14,CERN
CHKP UW Equity,Check Point Software Technolog,6/30/14,CHKP
CHRW UW Equity,CH Robinson Worldwide Inc,6/30/14,CHRW
CHTR UW Equity,Charter Communications Inc,6/30/14,CHTR
CMCSA UW Equity,Comcast Corp,6/30/14,CMCSA
COST UW Equity,Costco Wholesale Corp,6/30/14,COST
CSCO UW Equity,Cisco Systems Inc,6/30/14,CSCO
CTRX UW Equity,Catamaran Corp,6/30/14,CTRX
CTSH UW Equity,Cognizant Technology Solutions,6/30/14,CTSH
CTXS UW Equity,Citrix Systems Inc,6/30/14,CTXS
DISCA UW Equity,Warner Bros Discovery Inc,6/30/14,DISCA
DISH UW Equity,DISH Network Corp,6/30/14,DISH
DLTR UW Equity,Dollar Tree Inc,6/30/14,DLTR
EBAY UW Equity,eBay Inc,6/30/14,EBAY
EQIX UW Equity,Equinix Inc,6/30/14,EQIX
ESRX UW Equity,Evernorth Health Inc,6/30/14,ESRX
EXPD UW Equity,Expeditors International of Wa,6/30/14,EXPD
EXPE UW Equity,Expedia Group Inc,6/30/14,EXPE
FAST UW Equity,Fastenal Co,6/30/14,FAST
FFIV UW Equity,F5 Inc,6/30/14,FFIV
FI UW Equity,Fiserv Inc,6/30/14,FISV
GEN UW Equity,Gen Digital Inc,6/30/14,GEN
GILD UW Equity,Gilead Sciences Inc,6/30/14,GILD
GMCR UW Equity,Keurig Green Mountain Inc,6/30/14,GMCR
GOOG UW Equity,Alphabet Inc,6/30/14,GOOG
GOOGL UW Equity,Alphabet Inc,6/30/14,GOOGL
GRMN UW Equity,Garmin Ltd,6/30/14,GRMN
HSIC UW Equity,Henry Schein Inc,6/30/14,HSIC
ILMN UW Equity,Illumina Inc,6/30/14,ILMN
INTC UW Equity,Intel Corp,6/30/14,INTC
INTU UW Equity,Intuit Inc,6/30/14,INTU
ISRG UW Equity,Intuitive Surgical Inc,6/30/14,ISRG
KLAC UW Equity,KLA Corp,6/30/14,KLAC
KRFT UW Equity,Kraft Foods Group Inc,6/30/14,KRFT
LLTC UW Equity,Linear Technology Corp,6/30/14,LLTC
MAR UW Equity,Marriott International Inc/MD,6/30/14,MAR
MAT UW Equity,Mattel Inc,6/30/14,MAT
MDLZ UW Equity,Mondelez International Inc,6/30/14,MDLZ
META UW Equity,Meta Platforms Inc,6/30/14,META
MSFT UW Equity,Microsoft Corp,6/30/14,MSFT
MU UW Equity,Micron Technology Inc,6/30/14,MU
MXIM UW Equity,Maxim Integrated Products Inc,6/30/14,MXIM
MYL UW Equity,Mylan NV,6/30/14,MYL
NFLX UW Equity,Netflix Inc,6/30/14,NFLX
NTAP UW Equity,NetApp Inc,6/30/14,NTAP
NVDA UW Equity,NVIDIA Corp,6/30/14,NVDA
NXPI UW Equity,NXP Semiconductors NV,6/30/14,NXPI
ORLY UW Equity,O'Reilly Automotive Inc,6/30/14,ORLY
PAYX UW Equity,Paychex Inc,6/30/14,PAYX
PCAR UW Equity,PACCAR Inc,6/30/14,PCAR
QCOM UW Equity,QUALCOMM Inc,6/30/14,QCOM
QRTEA UW Equity,QVC Group Inc,6/30/14,QVCGA
REGN UW Equity,Regeneron Pharmaceuticals Inc,6/30/14,REGN
ROST UW Equity,Ross Stores Inc,6/30/14,ROST
SBAC UW Equity,SBA Communications Corp,6/30/14,SBAC
SBUX UW Equity,Starbucks Corp,6/30/14,SBUX
SIAL UW Equity,Sigma-Aldrich Corp,6/30/14,SIAL
SNDK UW Equity,Sandisk Corp/DE,6/30/14,SNDK
SPLS UW Equity,PIMCO US Stocks PLUS Active Bo,6/30/14,SPLS
SRCL UW Equity,Stericycle Inc,6/30/14,SRCL
STX UW Equity,Seagate Technology Holdings PL,6/30/14,STX
TFCFA UW Equity,TFCF Corp,6/30/14,TFCFA
TRIP UW Equity,TripAdvisor Inc,6/30/14,TRIP
TSCO UW Equity,Tractor Supply Co,6/30/14,TSCO
TSLA UW Equity,Tesla Inc,6/30/14,TSLA
TXN UW Equity,Texas Instruments Inc,6/30/14,TXN
VEON UW Equity,VEON Ltd,6/30/14,VEON
VIAB UW Equity,Viacom Inc,6/30/14,VIAB
VOD UW Equity,Vodafone Group PLC,6/30/14,VOD
VRSK UW Equity,Verisk Analytics Inc,6/30/14,VRSK
VRTX UW Equity,Vertex Pharmaceuticals Inc,6/30/14,VRTX
WDC UW Equity,Western Digital Corp,6/30/14,WDC
WFM UW Equity,Whole Foods Market Inc,6/30/14,WFM
WYNN UW Equity,Wynn Resorts Ltd,6/30/14,WYNN
XLNX UW Equity,Xilinx Inc,6/30/14,XLNX
1288453D UW Equity,Monster Beverage 1990 Corp,12/31/14,MNST
1396924D UW Equity,Liberty Media Corp,12/31/14,LMCA
1396926D UW Equity,Liberty Media Corp,12/31/14,LMCK
1448062D UW Equity,DIRECTV,12/31/14,DTV
1518855D US Equity,Yahoo! Inc - Set up for Fundam,12/31/14,YHOO
1541931D UW Equity,Altera Corp,12/31/14,ALTR
2326248D UW Equity,CA Inc,12/31/14,CA
9210611D UW Equity,Sirius XM Inc,12/31/14,LSXM.K
9990294D UW Equity,Liberty Global Holdings Ltd/UK,12/31/14,LBTYA
9999794D UW Equity,Liberty Global Holdings Ltd/UK,12/31/14,LBTYK
AAL UW Equity,American Airlines Group Inc,12/31/14,AAL
AAPL UW Equity,Apple Inc,12/31/14,AAPL
ADBE UW Equity,Adobe Inc,12/31/14,ADBE
ADI UW Equity,Analog Devices Inc,12/31/14,ADI
ADP UW Equity,Automatic Data Processing Inc,12/31/14,ADP
ADSK UW Equity,Autodesk Inc,12/31/14,ADSK
AKAM UW Equity,Akamai Technologies Inc,12/31/14,AKAM
ALXN UW Equity,Alexion Pharmaceuticals Inc/MA,12/31/14,ALXN
AMAT UW Equity,Applied Materials Inc,12/31/14,AMAT
AMGN UW Equity,Amgen Inc,12/31/14,AMGN
AMZN UW Equity,Amazon.com Inc,12/31/14,AMZN
ATVI UW Equity,Activision Blizzard Inc,12/31/14,ATVI
AVGO UW Equity,Broadcom Inc,12/31/14,AVGO
BBBYQ UW Equity,20230930-DK-Butterfly-1 Inc,12/31/14,BBBY
BIDU UW Equity,Baidu Inc,12/31/14,BIDU
BIIB UW Equity,Biogen Inc,12/31/14,BIIB
BKNG UW Equity,Booking Holdings Inc,12/31/14,BKNG
BRCM UW Equity,Broadcom Corp,12/31/14,BRCM
CELG UW Equity,Celgene Corp,12/31/14,CELG
CERN UW Equity,Cerner Corp,12/31/14,CERN
CHKP UW Equity,Check Point Software Technolog,12/31/14,CHKP
CHRW UW Equity,CH Robinson Worldwide Inc,12/31/14,CHRW
CHTR UW Equity,Charter Communications Inc,12/31/14,CHTR
CMCSA UW Equity,Comcast Corp,12/31/14,CMCSA
CMCSK UW Equity,Comcast Corp,12/31/14,CMCSK2
COST UW Equity,Costco Wholesale Corp,12/31/14,COST
CSCO UW Equity,Cisco Systems Inc,12/31/14,CSCO
CTRX UW Equity,Catamaran Corp,12/31/14,CTRX
CTSH UW Equity,Cognizant Technology Solutions,12/31/14,CTSH
CTXS UW Equity,Citrix Systems Inc,12/31/14,CTXS
DISCA UW Equity,Warner Bros Discovery Inc,12/31/14,DISCA
DISCK UW Equity,Warner Bros Discovery Inc,12/31/14,DISCK
DISH UW Equity,DISH Network Corp,12/31/14,DISH
DLTR UW Equity,Dollar Tree Inc,12/31/14,DLTR
EA UW Equity,Electronic Arts Inc,12/31/14,EA
EBAY UW Equity,eBay Inc,12/31/14,EBAY
EQIX UW Equity,Equinix Inc,12/31/14,EQIX
ESRX UW Equity,Evernorth Health Inc,12/31/14,ESRX
EXPD UW Equity,Expeditors International of Wa,12/31/14,EXPD
FAST UW Equity,Fastenal Co,12/31/14,FAST
FI UW Equity,Fiserv Inc,12/31/14,FISV
GEN UW Equity,Gen Digital Inc,12/31/14,GEN
GILD UW Equity,Gilead Sciences Inc,12/31/14,GILD
GMCR UW Equity,Keurig Green Mountain Inc,12/31/14,GMCR
GOOG UW Equity,Alphabet Inc,12/31/14,GOOG
GOOGL UW Equity,Alphabet Inc,12/31/14,GOOGL
GRMN UW Equity,Garmin Ltd,12/31/14,GRMN
HSIC UW Equity,Henry Schein Inc,12/31/14,HSIC
ILMN UW Equity,Illumina Inc,12/31/14,ILMN
INTC UW Equity,Intel Corp,12/31/14,INTC
INTU UW Equity,Intuit Inc,12/31/14,INTU
ISRG UW Equity,Intuitive Surgical Inc,12/31/14,ISRG
KLAC UW Equity,KLA Corp,12/31/14,KLAC
KRFT UW Equity,Kraft Foods Group Inc,12/31/14,KRFT
LLTC UW Equity,Linear Technology Corp,12/31/14,LLTC
LRCX UW Equity,Lam Research Corp,12/31/14,LRCX
LVNTA UW Equity,Liberty Ventures LLC/Delaware,12/31/14,LMCA
MAR UW Equity,Marriott International Inc/MD,12/31/14,MAR
MAT UW Equity,Mattel Inc,12/31/14,MAT
MDLZ UW Equity,Mondelez International Inc,12/31/14,MDLZ
META UW Equity,Meta Platforms Inc,12/31/14,META
MSFT UW Equity,Microsoft Corp,12/31/14,MSFT
MU UW Equity,Micron Technology Inc,12/31/14,MU
MYL UW Equity,Mylan NV,12/31/14,MYL
NFLX UW Equity,Netflix Inc,12/31/14,NFLX
NTAP UW Equity,NetApp Inc,12/31/14,NTAP
NVDA UW Equity,NVIDIA Corp,12/31/14,NVDA
NXPI UW Equity,NXP Semiconductors NV,12/31/14,NXPI
ORLY UW Equity,O'Reilly Automotive Inc,12/31/14,ORLY
PAYX UW Equity,Paychex Inc,12/31/14,PAYX
PCAR UW Equity,PACCAR Inc,12/31/14,PCAR
QCOM UW Equity,QUALCOMM Inc,12/31/14,QCOM
QRTEA UW Equity,QVC Group Inc,12/31/14,QVCGA
REGN UW Equity,Regeneron Pharmaceuticals Inc,12/31/14,REGN
ROST UW Equity,Ross Stores Inc,12/31/14,ROST
SBAC UW Equity,SBA Communications Corp,12/31/14,SBAC
SBUX UW Equity,Starbucks Corp,12/31/14,SBUX
SIAL UW Equity,Sigma-Aldrich Corp,12/31/14,SIAL
SNDK UW Equity,Sandisk Corp/DE,12/31/14,SNDK
SPLS UW Equity,PIMCO US Stocks PLUS Active Bo,12/31/14,SPLS
SRCL UW Equity,Stericycle Inc,12/31/14,SRCL
STX UW Equity,Seagate Technology Holdings PL,12/31/14,STX
TFCF UW Equity,TFCF Corp,12/31/14,TFCF.A
TFCFA UW Equity,TFCF Corp,12/31/14,TFCFA
TRIP UW Equity,TripAdvisor Inc,12/31/14,TRIP
TSCO UW Equity,Tractor Supply Co,12/31/14,TSCO
TSLA UW Equity,Tesla Inc,12/31/14,TSLA
TXN UW Equity,Texas Instruments Inc,12/31/14,TXN
VEON UW Equity,VEON Ltd,12/31/14,VEON
VIAB UW Equity,Viacom Inc,12/31/14,VIAB
VOD UW Equity,Vodafone Group PLC,12/31/14,VOD
VRSK UW Equity,Verisk Analytics Inc,12/31/14,VRSK
VRTX UW Equity,Vertex Pharmaceuticals Inc,12/31/14,VRTX
WDC UW Equity,Western Digital Corp,12/31/14,WDC
WFM UW Equity,Whole Foods Market Inc,12/31/14,WFM
WYNN UW Equity,Wynn Resorts Ltd,12/31/14,WYNN
XLNX UW Equity,Xilinx Inc,12/31/14,XLNX
1396924D UW Equity,Liberty Media Corp,6/30/15,LMCA
1396926D UW Equity,Liberty Media Corp,6/30/15,LMCK
1448062D UW Equity,DIRECTV,6/30/15,DTV
1518855D US Equity,Yahoo! Inc - Set up for Fundam,6/30/15,YHOO
1541931D UW Equity,Altera Corp,6/30/15,ALTR
2326248D UW Equity,CA Inc,6/30/15,CA
9210611D UW Equity,Sirius XM Inc,6/30/15,LSXM.K
9990294D UW Equity,Liberty Global Holdings Ltd/UK,6/30/15,LBTYA
9999794D UW Equity,Liberty Global Holdings Ltd/UK,6/30/15,LBTYK
AAL UW Equity,American Airlines Group Inc,6/30/15,AAL
AAPL UW Equity,Apple Inc,6/30/15,AAPL
ADBE UW Equity,Adobe Inc,6/30/15,ADBE
ADI UW Equity,Analog Devices Inc,6/30/15,ADI
ADP UW Equity,Automatic Data Processing Inc,6/30/15,ADP
ADSK UW Equity,Autodesk Inc,6/30/15,ADSK
AKAM UW Equity,Akamai Technologies Inc,6/30/15,AKAM
ALXN UW Equity,Alexion Pharmaceuticals Inc/MA,6/30/15,ALXN
AMAT UW Equity,Applied Materials Inc,6/30/15,AMAT
AMGN UW Equity,Amgen Inc,6/30/15,AMGN
AMZN UW Equity,Amazon.com Inc,6/30/15,AMZN
ATVI UW Equity,Activision Blizzard Inc,6/30/15,ATVI
AVGO UW Equity,Broadcom Inc,6/30/15,AVGO
BBBYQ UW Equity,20230930-DK-Butterfly-1 Inc,6/30/15,BBBY
BIDU UW Equity,Baidu Inc,6/30/15,BIDU
BIIB UW Equity,Biogen Inc,6/30/15,BIIB
BKNG UW Equity,Booking Holdings Inc,6/30/15,BKNG
BRCM UW Equity,Broadcom Corp,6/30/15,BRCM
CELG UW Equity,Celgene Corp,6/30/15,CELG
CERN UW Equity,Cerner Corp,6/30/15,CERN
CHKP UW Equity,Check Point Software Technolog,6/30/15,CHKP
CHRW UW Equity,CH Robinson Worldwide Inc,6/30/15,CHRW
CHTR UW Equity,Charter Communications Inc,6/30/15,CHTR
CMCSA UW Equity,Comcast Corp,6/30/15,CMCSA
CMCSK UW Equity,Comcast Corp,6/30/15,CMCSK2
COST UW Equity,Costco Wholesale Corp,6/30/15,COST
CSCO UW Equity,Cisco Systems Inc,6/30/15,CSCO
CTRX UW Equity,Catamaran Corp,6/30/15,CTRX
CTSH UW Equity,Cognizant Technology Solutions,6/30/15,CTSH
CTXS UW Equity,Citrix Systems Inc,6/30/15,CTXS
DISCA UW Equity,Warner Bros Discovery Inc,6/30/15,DISCA
DISCK UW Equity,Warner Bros Discovery Inc,6/30/15,DISCK
DISH UW Equity,DISH Network Corp,6/30/15,DISH
DLTR UW Equity,Dollar Tree Inc,6/30/15,DLTR
EA UW Equity,Electronic Arts Inc,6/30/15,EA
EBAY UW Equity,eBay Inc,6/30/15,EBAY
ESRX UW Equity,Evernorth Health Inc,6/30/15,ESRX
EXPD UW Equity,Expeditors International of Wa,6/30/15,EXPD
FAST UW Equity,Fastenal Co,6/30/15,FAST
FI UW Equity,Fiserv Inc,6/30/15,FISV
GEN UW Equity,Gen Digital Inc,6/30/15,GEN
GILD UW Equity,Gilead Sciences Inc,6/30/15,GILD
GMCR UW Equity,Keurig Green Mountain Inc,6/30/15,GMCR
GOOG UW Equity,Alphabet Inc,6/30/15,GOOG
GOOGL UW Equity,Alphabet Inc,6/30/15,GOOGL
GRMN UW Equity,Garmin Ltd,6/30/15,GRMN
HSIC UW Equity,Henry Schein Inc,6/30/15,HSIC
ILMN UW Equity,Illumina Inc,6/30/15,ILMN
INTC UW Equity,Intel Corp,6/30/15,INTC
INTU UW Equity,Intuit Inc,6/30/15,INTU
ISRG UW Equity,Intuitive Surgical Inc,6/30/15,ISRG
KLAC UW Equity,KLA Corp,6/30/15,KLAC
KRFT UW Equity,Kraft Foods Group Inc,6/30/15,KRFT
LLTC UW Equity,Linear Technology Corp,6/30/15,LLTC
LRCX UW Equity,Lam Research Corp,6/30/15,LRCX
LVNTA UW Equity,Liberty Ventures LLC/Delaware,6/30/15,LMCA
MAR UW Equity,Marriott International Inc/MD,6/30/15,MAR
MAT UW Equity,Mattel Inc,6/30/15,MAT
MDLZ UW Equity,Mondelez International Inc,6/30/15,MDLZ
META UW Equity,Meta Platforms Inc,6/30/15,META
MNST UW Equity,Monster Beverage Corp,6/30/15,MNST
MSFT UW Equity,Microsoft Corp,6/30/15,MSFT
MU UW Equity,Micron Technology Inc,6/30/15,MU
MYL UW Equity,Mylan NV,6/30/15,MYL
NFLX UW Equity,Netflix Inc,6/30/15,NFLX
NTAP UW Equity,NetApp Inc,6/30/15,NTAP
NVDA UW Equity,NVIDIA Corp,6/30/15,NVDA
NXPI UW Equity,NXP Semiconductors NV,6/30/15,NXPI
ORLY UW Equity,O'Reilly Automotive Inc,6/30/15,ORLY
PAYX UW Equity,Paychex Inc,6/30/15,PAYX
PCAR UW Equity,PACCAR Inc,6/30/15,PCAR
QCOM UW Equity,QUALCOMM Inc,6/30/15,QCOM
QRTEA UW Equity,QVC Group Inc,6/30/15,QVCGA
REGN UW Equity,Regeneron Pharmaceuticals Inc,6/30/15,REGN
ROST UW Equity,Ross Stores Inc,6/30/15,ROST
SBAC UW Equity,SBA Communications Corp,6/30/15,SBAC
SBUX UW Equity,Starbucks Corp,6/30/15,SBUX
SIAL UW Equity,Sigma-Aldrich Corp,6/30/15,SIAL
SNDK UW Equity,Sandisk Corp/DE,6/30/15,SNDK
SPLS UW Equity,PIMCO US Stocks PLUS Active Bo,6/30/15,SPLS
SRCL UW Equity,Stericycle Inc,6/30/15,SRCL
STX UW Equity,Seagate Technology Holdings PL,6/30/15,STX
TFCF UW Equity,TFCF Corp,6/30/15,TFCF.A
TFCFA UW Equity,TFCF Corp,6/30/15,TFCFA
TRIP UW Equity,TripAdvisor Inc,6/30/15,TRIP
TSCO UW Equity,Tractor Supply Co,6/30/15,TSCO
TSLA UW Equity,Tesla Inc,6/30/15,TSLA
TXN UW Equity,Texas Instruments Inc,6/30/15,TXN
VEON UW Equity,VEON Ltd,6/30/15,VEON
VIAB UW Equity,Viacom Inc,6/30/15,VIAB
VOD UW Equity,Vodafone Group PLC,6/30/15,VOD
VRSK UW Equity,Verisk Analytics Inc,6/30/15,VRSK
VRTX UW Equity,Vertex Pharmaceuticals Inc,6/30/15,VRTX
WBA UW Equity,Walgreens Boots Alliance Inc,6/30/15,WBA
WDC UW Equity,Western Digital Corp,6/30/15,WDC
WFM UW Equity,Whole Foods Market Inc,6/30/15,WFM
WYNN UW Equity,Wynn Resorts Ltd,6/30/15,WYNN
XLNX UW Equity,Xilinx Inc,6/30/15,XLNX
1396924D UW Equity,Liberty Media Corp,12/31/15,LMCA
1396926D UW Equity,Liberty Media Corp,12/31/15,LMCK
1518855D US Equity,Yahoo! Inc - Set up for Fundam,12/31/15,YHOO
2326248D UW Equity,CA Inc,12/31/15,CA
9210611D UW Equity,Sirius XM Inc,12/31/15,LSXM.K
9990294D UW Equity,Liberty Global Holdings Ltd/UK,12/31/15,LBTYA
9999794D UW Equity,Liberty Global Holdings Ltd/UK,12/31/15,LBTYK
AAL UW Equity,American Airlines Group Inc,12/31/15,AAL
AAPL UW Equity,Apple Inc,12/31/15,AAPL
ADBE UW Equity,Adobe Inc,12/31/15,ADBE
ADI UW Equity,Analog Devices Inc,12/31/15,ADI
ADP UW Equity,Automatic Data Processing Inc,12/31/15,ADP
ADSK UW Equity,Autodesk Inc,12/31/15,ADSK
AKAM UW Equity,Akamai Technologies Inc,12/31/15,AKAM
ALXN UW Equity,Alexion Pharmaceuticals Inc/MA,12/31/15,ALXN
AMAT UW Equity,Applied Materials Inc,12/31/15,AMAT
AMGN UW Equity,Amgen Inc,12/31/15,AMGN
AMZN UW Equity,Amazon.com Inc,12/31/15,AMZN
ATVI UW Equity,Activision Blizzard Inc,12/31/15,ATVI
AVGO UW Equity,Broadcom Inc,12/31/15,AVGO
BBBYQ UW Equity,20230930-DK-Butterfly-1 Inc,12/31/15,BBBY
BIDU UW Equity,Baidu Inc,12/31/15,BIDU
BIIB UW Equity,Biogen Inc,12/31/15,BIIB
BKNG UW Equity,Booking Holdings Inc,12/31/15,BKNG
BMRN UW Equity,BioMarin Pharmaceutical Inc,12/31/15,BMRN
CELG UW Equity,Celgene Corp,12/31/15,CELG
CERN UW Equity,Cerner Corp,12/31/15,CERN
CHKP UW Equity,Check Point Software Technolog,12/31/15,CHKP
CHTR UW Equity,Charter Communications Inc,12/31/15,CHTR
CMCSA UW Equity,Comcast Corp,12/31/15,CMCSA
COST UW Equity,Costco Wholesale Corp,12/31/15,COST
CSCO UW Equity,Cisco Systems Inc,12/31/15,CSCO
CTSH UW Equity,Cognizant Technology Solutions,12/31/15,CTSH
CTXS UW Equity,Citrix Systems Inc,12/31/15,CTXS
DISCA UW Equity,Warner Bros Discovery Inc,12/31/15,DISCA
DISCK UW Equity,Warner Bros Discovery Inc,12/31/15,DISCK
DISH UW Equity,DISH Network Corp,12/31/15,DISH
DLTR UW Equity,Dollar Tree Inc,12/31/15,DLTR
EA UW Equity,Electronic Arts Inc,12/31/15,EA
EBAY UW Equity,eBay Inc,12/31/15,EBAY
ENDPQ UW Equity,Endo International PLC,12/31/15,ENDPQ
ESRX UW Equity,Evernorth Health Inc,12/31/15,ESRX
EXPE UW Equity,Expedia Group Inc,12/31/15,EXPE
FAST UW Equity,Fastenal Co,12/31/15,FAST
FI UW Equity,Fiserv Inc,12/31/15,FISV
GEN UW Equity,Gen Digital Inc,12/31/15,GEN
GILD UW Equity,Gilead Sciences Inc,12/31/15,GILD
GOOG UW Equity,Alphabet Inc,12/31/15,GOOG
GOOGL UW Equity,Alphabet Inc,12/31/15,GOOGL
HSIC UW Equity,Henry Schein Inc,12/31/15,HSIC
ILMN UW Equity,Illumina Inc,12/31/15,ILMN
INCY UW Equity,Incyte Corp,12/31/15,INCY
INTC UW Equity,Intel Corp,12/31/15,INTC
INTU UW Equity,Intuit Inc,12/31/15,INTU
ISRG UW Equity,Intuitive Surgical Inc,12/31/15,ISRG
JD UW Equity,JD.com Inc,12/31/15,JD
KHC UW Equity,Kraft Heinz Co/The,12/31/15,KHC
KLAC UW Equity,KLA Corp,12/31/15,KLAC
LLTC UW Equity,Linear Technology Corp,12/31/15,LLTC
LRCX UW Equity,Lam Research Corp,12/31/15,LRCX
LVNTA UW Equity,Liberty Ventures LLC/Delaware,12/31/15,LMCA
MAR UW Equity,Marriott International Inc/MD,12/31/15,MAR
MAT UW Equity,Mattel Inc,12/31/15,MAT
MDLZ UW Equity,Mondelez International Inc,12/31/15,MDLZ
META UW Equity,Meta Platforms Inc,12/31/15,META
MNST UW Equity,Monster Beverage Corp,12/31/15,MNST
MSFT UW Equity,Microsoft Corp,12/31/15,MSFT
MU UW Equity,Micron Technology Inc,12/31/15,MU
MXIM UW Equity,Maxim Integrated Products Inc,12/31/15,MXIM
MYL UW Equity,Mylan NV,12/31/15,MYL
NCLH UW Equity,Norwegian Cruise Line Holdings,12/31/15,NCLH
NFLX UW Equity,Netflix Inc,12/31/15,NFLX
NTAP UW Equity,NetApp Inc,12/31/15,NTAP
NVDA UW Equity,NVIDIA Corp,12/31/15,NVDA
NXPI UW Equity,NXP Semiconductors NV,12/31/15,NXPI
ORLY UW Equity,O'Reilly Automotive Inc,12/31/15,ORLY
PAYX UW Equity,Paychex Inc,12/31/15,PAYX
PCAR UW Equity,PACCAR Inc,12/31/15,PCAR
PYPL UW Equity,PayPal Holdings Inc,12/31/15,PYPL
QCOM UW Equity,QUALCOMM Inc,12/31/15,QCOM
QRTEA UW Equity,QVC Group Inc,12/31/15,QVCGA
REGN UW Equity,Regeneron Pharmaceuticals Inc,12/31/15,REGN
ROST UW Equity,Ross Stores Inc,12/31/15,ROST
SBAC UW Equity,SBA Communications Corp,12/31/15,SBAC
SBUX UW Equity,Starbucks Corp,12/31/15,SBUX
SNDK UW Equity,Sandisk Corp/DE,12/31/15,SNDK
SRCL UW Equity,Stericycle Inc,12/31/15,SRCL
STX UW Equity,Seagate Technology Holdings PL,12/31/15,STX
SWKS UW Equity,Skyworks Solutions Inc,12/31/15,SWKS
TCOM UW Equity,Trip.com Group Ltd,12/31/15,TCOM
TFCF UW Equity,TFCF Corp,12/31/15,TFCF.A
TFCFA UW Equity,TFCF Corp,12/31/15,TFCFA
TMUS UW Equity,T-Mobile US Inc,12/31/15,TMUS
TRIP UW Equity,TripAdvisor Inc,12/31/15,TRIP
TSCO UW Equity,Tractor Supply Co,12/31/15,TSCO
TSLA UW Equity,Tesla Inc,12/31/15,TSLA
TXN UW Equity,Texas Instruments Inc,12/31/15,TXN
ULTA UW Equity,Ulta Beauty Inc,12/31/15,ULTA
VIAB UW Equity,Viacom Inc,12/31/15,VIAB
VOD UW Equity,Vodafone Group PLC,12/31/15,VOD
VRSK UW Equity,Verisk Analytics Inc,12/31/15,VRSK
VRTX UW Equity,Vertex Pharmaceuticals Inc,12/31/15,VRTX
WBA UW Equity,Walgreens Boots Alliance Inc,12/31/15,WBA
WDC UW Equity,Western Digital Corp,12/31/15,WDC
WFM UW Equity,Whole Foods Market Inc,12/31/15,WFM
XLNX UW Equity,Xilinx Inc,12/31/15,XLNX
1518855D US Equity,Yahoo! Inc - Set up for Fundam,6/30/16,YHOO
2326248D UW Equity,CA Inc,6/30/16,CA
9210611D UW Equity,Sirius XM Inc,6/30/16,LSXM.K
9990294D UW Equity,Liberty Global Holdings Ltd/UK,6/30/16,LBTYA
9999794D UW Equity,Liberty Global Holdings Ltd/UK,6/30/16,LBTYK
AAL UW Equity,American Airlines Group Inc,6/30/16,AAL
AAPL UW Equity,Apple Inc,6/30/16,AAPL
ADBE UW Equity,Adobe Inc,6/30/16,ADBE
ADI UW Equity,Analog Devices Inc,6/30/16,ADI
ADP UW Equity,Automatic Data Processing Inc,6/30/16,ADP
ADSK UW Equity,Autodesk Inc,6/30/16,ADSK
AKAM UW Equity,Akamai Technologies Inc,6/30/16,AKAM
ALXN UW Equity,Alexion Pharmaceuticals Inc/MA,6/30/16,ALXN
AMAT UW Equity,Applied Materials Inc,6/30/16,AMAT
AMGN UW Equity,Amgen Inc,6/30/16,AMGN
AMZN UW Equity,Amazon.com Inc,6/30/16,AMZN
ATVI UW Equity,Activision Blizzard Inc,6/30/16,ATVI
AVGO UW Equity,Broadcom Inc,6/30/16,AVGO
BBBYQ UW Equity,20230930-DK-Butterfly-1 Inc,6/30/16,BBBY
BIDU UW Equity,Baidu Inc,6/30/16,BIDU
BIIB UW Equity,Biogen Inc,6/30/16,BIIB
BKNG UW Equity,Booking Holdings Inc,6/30/16,BKNG
BMRN UW Equity,BioMarin Pharmaceutical Inc,6/30/16,BMRN
CELG UW Equity,Celgene Corp,6/30/16,CELG
CERN UW Equity,Cerner Corp,6/30/16,CERN
CHKP UW Equity,Check Point Software Technolog,6/30/16,CHKP
CHTR UW Equity,Charter Communications Inc,6/30/16,CHTR
CMCSA UW Equity,Comcast Corp,6/30/16,CMCSA
COST UW Equity,Costco Wholesale Corp,6/30/16,COST
CSCO UW Equity,Cisco Systems Inc,6/30/16,CSCO
CSX UW Equity,CSX Corp,6/30/16,CSX
CTSH UW Equity,Cognizant Technology Solutions,6/30/16,CTSH
CTXS UW Equity,Citrix Systems Inc,6/30/16,CTXS
DISCA UW Equity,Warner Bros Discovery Inc,6/30/16,DISCA
DISCK UW Equity,Warner Bros Discovery Inc,6/30/16,DISCK
DISH UW Equity,DISH Network Corp,6/30/16,DISH
DLTR UW Equity,Dollar Tree Inc,6/30/16,DLTR
EA UW Equity,Electronic Arts Inc,6/30/16,EA
EBAY UW Equity,eBay Inc,6/30/16,EBAY
ENDPQ UW Equity,Endo International PLC,6/30/16,ENDPQ
ESRX UW Equity,Evernorth Health Inc,6/30/16,ESRX
EXPE UW Equity,Expedia Group Inc,6/30/16,EXPE
FAST UW Equity,Fastenal Co,6/30/16,FAST
FI UW Equity,Fiserv Inc,6/30/16,FISV
GEN UW Equity,Gen Digital Inc,6/30/16,GEN
GILD UW Equity,Gilead Sciences Inc,6/30/16,GILD
GOOG UW Equity,Alphabet Inc,6/30/16,GOOG
GOOGL UW Equity,Alphabet Inc,6/30/16,GOOGL
HSIC UW Equity,Henry Schein Inc,6/30/16,HSIC
ILMN UW Equity,Illumina Inc,6/30/16,ILMN
INCY UW Equity,Incyte Corp,6/30/16,INCY
INTC UW Equity,Intel Corp,6/30/16,INTC
INTU UW Equity,Intuit Inc,6/30/16,INTU
ISRG UW Equity,Intuitive Surgical Inc,6/30/16,ISRG
JD UW Equity,JD.com Inc,6/30/16,JD
KHC UW Equity,Kraft Heinz Co/The,6/30/16,KHC
LLTC UW Equity,Linear Technology Corp,6/30/16,LLTC
LRCX UW Equity,Lam Research Corp,6/30/16,LRCX
LVNTA UW Equity,Liberty Ventures LLC/Delaware,6/30/16,LMCA
MAR UW Equity,Marriott International Inc/MD,6/30/16,MAR
MAT UW Equity,Mattel Inc,6/30/16,MAT
MDLZ UW Equity,Mondelez International Inc,6/30/16,MDLZ
META UW Equity,Meta Platforms Inc,6/30/16,META
MNST UW Equity,Monster Beverage Corp,6/30/16,MNST
MSFT UW Equity,Microsoft Corp,6/30/16,MSFT
MU UW Equity,Micron Technology Inc,6/30/16,MU
MXIM UW Equity,Maxim Integrated Products Inc,6/30/16,MXIM
MYL UW Equity,Mylan NV,6/30/16,MYL
NCLH UW Equity,Norwegian Cruise Line Holdings,6/30/16,NCLH
NFLX UW Equity,Netflix Inc,6/30/16,NFLX
NTAP UW Equity,NetApp Inc,6/30/16,NTAP
NTES UW Equity,NetEase Inc,6/30/16,NTES
NVDA UW Equity,NVIDIA Corp,6/30/16,NVDA
NXPI UW Equity,NXP Semiconductors NV,6/30/16,NXPI
ORLY UW Equity,O'Reilly Automotive Inc,6/30/16,ORLY
PAYX UW Equity,Paychex Inc,6/30/16,PAYX
PCAR UW Equity,PACCAR Inc,6/30/16,PCAR
PYPL UW Equity,PayPal Holdings Inc,6/30/16,PYPL
QCOM UW Equity,QUALCOMM Inc,6/30/16,QCOM
QRTEA UW Equity,QVC Group Inc,6/30/16,QVCGA
REGN UW Equity,Regeneron Pharmaceuticals Inc,6/30/16,REGN
ROST UW Equity,Ross Stores Inc,6/30/16,ROST
SBAC UW Equity,SBA Communications Corp,6/30/16,SBAC
SBUX UW Equity,Starbucks Corp,6/30/16,SBUX
SRCL UW Equity,Stericycle Inc,6/30/16,SRCL
STX UW Equity,Seagate Technology Holdings PL,6/30/16,STX
SWKS UW Equity,Skyworks Solutions Inc,6/30/16,SWKS
TCOM UW Equity,Trip.com Group Ltd,6/30/16,TCOM
TFCF UW Equity,TFCF Corp,6/30/16,TFCF.A
TFCFA UW Equity,TFCF Corp,6/30/16,TFCFA
TMUS UW Equity,T-Mobile US Inc,6/30/16,TMUS
TRIP UW Equity,TripAdvisor Inc,6/30/16,TRIP
TSCO UW Equity,Tractor Supply Co,6/30/16,TSCO
TSLA UW Equity,Tesla Inc,6/30/16,TSLA
TXN UW Equity,Texas Instruments Inc,6/30/16,TXN
ULTA UW Equity,Ulta Beauty Inc,6/30/16,ULTA
VIAB UW Equity,Viacom Inc,6/30/16,VIAB
VOD UW Equity,Vodafone Group PLC,6/30/16,VOD
VRSK UW Equity,Verisk Analytics Inc,6/30/16,VRSK
VRTX UW Equity,Vertex Pharmaceuticals Inc,6/30/16,VRTX
WBA UW Equity,Walgreens Boots Alliance Inc,6/30/16,WBA
WDC UW Equity,Western Digital Corp,6/30/16,WDC
WFM UW Equity,Whole Foods Market Inc,6/30/16,WFM
XLNX UW Equity,Xilinx Inc,6/30/16,XLNX
XRAY UW Equity,DENTSPLY SIRONA Inc,6/30/16,XRAY
1518855D US Equity,Yahoo! Inc - Set up for Fundam,12/31/16,YHOO
2326248D UW Equity,CA Inc,12/31/16,CA
9210611D UW Equity,Sirius XM Inc,12/31/16,LSXM.K
9990294D UW Equity,Liberty Global Holdings Ltd/UK,12/31/16,LBTYA
9999794D UW Equity,Liberty Global Holdings Ltd/UK,12/31/16,LBTYK
9999825D UW Equity,Liberty Global Plc LiLAC,12/31/16,LILA
9999826D UW Equity,Liberty Global Plc LiLAC,12/31/16,LILAK
AAL UW Equity,American Airlines Group Inc,12/31/16,AAL
AAPL UW Equity,Apple Inc,12/31/16,AAPL
ADBE UW Equity,Adobe Inc,12/31/16,ADBE
ADI UW Equity,Analog Devices Inc,12/31/16,ADI
ADP UW Equity,Automatic Data Processing Inc,12/31/16,ADP
ADSK UW Equity,Autodesk Inc,12/31/16,ADSK
AKAM UW Equity,Akamai Technologies Inc,12/31/16,AKAM
ALXN UW Equity,Alexion Pharmaceuticals Inc/MA,12/31/16,ALXN
AMAT UW Equity,Applied Materials Inc,12/31/16,AMAT
AMGN UW Equity,Amgen Inc,12/31/16,AMGN
AMZN UW Equity,Amazon.com Inc,12/31/16,AMZN
ATVI UW Equity,Activision Blizzard Inc,12/31/16,ATVI
AVGO UW Equity,Broadcom Inc,12/31/16,AVGO
BIDU UW Equity,Baidu Inc,12/31/16,BIDU
BIIB UW Equity,Biogen Inc,12/31/16,BIIB
BKNG UW Equity,Booking Holdings Inc,12/31/16,BKNG
BMRN UW Equity,BioMarin Pharmaceutical Inc,12/31/16,BMRN
CELG UW Equity,Celgene Corp,12/31/16,CELG
CERN UW Equity,Cerner Corp,12/31/16,CERN
CHKP UW Equity,Check Point Software Technolog,12/31/16,CHKP
CHTR UW Equity,Charter Communications Inc,12/31/16,CHTR
CMCSA UW Equity,Comcast Corp,12/31/16,CMCSA
COST UW Equity,Costco Wholesale Corp,12/31/16,COST
CSCO UW Equity,Cisco Systems Inc,12/31/16,CSCO
CSX UW Equity,CSX Corp,12/31/16,CSX
CTAS UW Equity,Cintas Corp,12/31/16,CTAS
CTSH UW Equity,Cognizant Technology Solutions,12/31/16,CTSH
CTXS UW Equity,Citrix Systems Inc,12/31/16,CTXS
DISCA UW Equity,Warner Bros Discovery Inc,12/31/16,DISCA
DISCK UW Equity,Warner Bros Discovery Inc,12/31/16,DISCK
DISH UW Equity,DISH Network Corp,12/31/16,DISH
DLTR UW Equity,Dollar Tree Inc,12/31/16,DLTR
EA UW Equity,Electronic Arts Inc,12/31/16,EA
EBAY UW Equity,eBay Inc,12/31/16,EBAY
ESRX UW Equity,Evernorth Health Inc,12/31/16,ESRX
EXPE UW Equity,Expedia Group Inc,12/31/16,EXPE
FAST UW Equity,Fastenal Co,12/31/16,FAST
FI UW Equity,Fiserv Inc,12/31/16,FISV
GEN UW Equity,Gen Digital Inc,12/31/16,GEN
GILD UW Equity,Gilead Sciences Inc,12/31/16,GILD
GOOG UW Equity,Alphabet Inc,12/31/16,GOOG
GOOGL UW Equity,Alphabet Inc,12/31/16,GOOGL
HAS UW Equity,Hasbro Inc,12/31/16,HAS
HOLX UW Equity,Hologic Inc,12/31/16,HOLX
HSIC UW Equity,Henry Schein Inc,12/31/16,HSIC
ILMN UW Equity,Illumina Inc,12/31/16,ILMN
INCY UW Equity,Incyte Corp,12/31/16,INCY
INTC UW Equity,Intel Corp,12/31/16,INTC
INTU UW Equity,Intuit Inc,12/31/16,INTU
ISRG UW Equity,Intuitive Surgical Inc,12/31/16,ISRG
JD UW Equity,JD.com Inc,12/31/16,JD
KHC UW Equity,Kraft Heinz Co/The,12/31/16,KHC
KLAC UW Equity,KLA Corp,12/31/16,KLAC
LRCX UW Equity,Lam Research Corp,12/31/16,LRCX
LVNTA UW Equity,Liberty Ventures LLC/Delaware,12/31/16,LMCA
MAR UW Equity,Marriott International Inc/MD,12/31/16,MAR
MAT UW Equity,Mattel Inc,12/31/16,MAT
MCHP UW Equity,Microchip Technology Inc,12/31/16,MCHP
MDLZ UW Equity,Mondelez International Inc,12/31/16,MDLZ
META UW Equity,Meta Platforms Inc,12/31/16,META
MNST UW Equity,Monster Beverage Corp,12/31/16,MNST
MSFT UW Equity,Microsoft Corp,12/31/16,MSFT
MU UW Equity,Micron Technology Inc,12/31/16,MU
MXIM UW Equity,Maxim Integrated Products Inc,12/31/16,MXIM
MYL UW Equity,Mylan NV,12/31/16,MYL
NCLH UW Equity,Norwegian Cruise Line Holdings,12/31/16,NCLH
NFLX UW Equity,Netflix Inc,12/31/16,NFLX
NTES UW Equity,NetEase Inc,12/31/16,NTES
NVDA UW Equity,NVIDIA Corp,12/31/16,NVDA
NXPI UW Equity,NXP Semiconductors NV,12/31/16,NXPI
ORLY UW Equity,O'Reilly Automotive Inc,12/31/16,ORLY
PAYX UW Equity,Paychex Inc,12/31/16,PAYX
PCAR UW Equity,PACCAR Inc,12/31/16,PCAR
PYPL UW Equity,PayPal Holdings Inc,12/31/16,PYPL
QCOM UW Equity,QUALCOMM Inc,12/31/16,QCOM
QRTEA UW Equity,QVC Group Inc,12/31/16,QVCGA
REGN UW Equity,Regeneron Pharmaceuticals Inc,12/31/16,REGN
ROST UW Equity,Ross Stores Inc,12/31/16,ROST
SBAC UW Equity,SBA Communications Corp,12/31/16,SBAC
SBUX UW Equity,Starbucks Corp,12/31/16,SBUX
SHPG UW Equity,Shire PLC,12/31/16,SHPG
STX UW Equity,Seagate Technology Holdings PL,12/31/16,STX
SWKS UW Equity,Skyworks Solutions Inc,12/31/16,SWKS
TCOM UW Equity,Trip.com Group Ltd,12/31/16,TCOM
TFCF UW Equity,TFCF Corp,12/31/16,TFCF.A
TFCFA UW Equity,TFCF Corp,12/31/16,TFCFA
TMUS UW Equity,T-Mobile US Inc,12/31/16,TMUS
TRIP UW Equity,TripAdvisor Inc,12/31/16,TRIP
TSCO UW Equity,Tractor Supply Co,12/31/16,TSCO
TSLA UW Equity,Tesla Inc,12/31/16,TSLA
TXN UW Equity,Texas Instruments Inc,12/31/16,TXN
ULTA UW Equity,Ulta Beauty Inc,12/31/16,ULTA
VIAB UW Equity,Viacom Inc,12/31/16,VIAB
VOD UW Equity,Vodafone Group PLC,12/31/16,VOD
VRSK UW Equity,Verisk Analytics Inc,12/31/16,VRSK
VRTX UW Equity,Vertex Pharmaceuticals Inc,12/31/16,VRTX
WBA UW Equity,Walgreens Boots Alliance Inc,12/31/16,WBA
WDC UW Equity,Western Digital Corp,12/31/16,WDC
XLNX UW Equity,Xilinx Inc,12/31/16,XLNX
XRAY UW Equity,DENTSPLY SIRONA Inc,12/31/16,XRAY
2326248D UW Equity,CA Inc,6/30/17,CA
9210611D UW Equity,Sirius XM Inc,6/30/17,LSXM.K
9990294D UW Equity,Liberty Global Holdings Ltd/UK,6/30/17,LBTYA
9999794D UW Equity,Liberty Global Holdings Ltd/UK,6/30/17,LBTYK
9999825D UW Equity,Liberty Global Plc LiLAC,6/30/17,LILA
9999826D UW Equity,Liberty Global Plc LiLAC,6/30/17,LILAK
AAL UW Equity,American Airlines Group Inc,6/30/17,AAL
AAPL UW Equity,Apple Inc,6/30/17,AAPL
ADBE UW Equity,Adobe Inc,6/30/17,ADBE
ADI UW Equity,Analog Devices Inc,6/30/17,ADI
ADP UW Equity,Automatic Data Processing Inc,6/30/17,ADP
ADSK UW Equity,Autodesk Inc,6/30/17,ADSK
AKAM UW Equity,Akamai Technologies Inc,6/30/17,AKAM
ALXN UW Equity,Alexion Pharmaceuticals Inc/MA,6/30/17,ALXN
AMAT UW Equity,Applied Materials Inc,6/30/17,AMAT
AMGN UW Equity,Amgen Inc,6/30/17,AMGN
AMZN UW Equity,Amazon.com Inc,6/30/17,AMZN
ATVI UW Equity,Activision Blizzard Inc,6/30/17,ATVI
AVGO UW Equity,Broadcom Inc,6/30/17,AVGO
BIDU UW Equity,Baidu Inc,6/30/17,BIDU
BIIB UW Equity,Biogen Inc,6/30/17,BIIB
BKNG UW Equity,Booking Holdings Inc,6/30/17,BKNG
BMRN UW Equity,BioMarin Pharmaceutical Inc,6/30/17,BMRN
CELG UW Equity,Celgene Corp,6/30/17,CELG
CERN UW Equity,Cerner Corp,6/30/17,CERN
CHKP UW Equity,Check Point Software Technolog,6/30/17,CHKP
CHTR UW Equity,Charter Communications Inc,6/30/17,CHTR
CMCSA UW Equity,Comcast Corp,6/30/17,CMCSA
COST UW Equity,Costco Wholesale Corp,6/30/17,COST
CSCO UW Equity,Cisco Systems Inc,6/30/17,CSCO
CSX UW Equity,CSX Corp,6/30/17,CSX
CTAS UW Equity,Cintas Corp,6/30/17,CTAS
CTSH UW Equity,Cognizant Technology Solutions,6/30/17,CTSH
CTXS UW Equity,Citrix Systems Inc,6/30/17,CTXS
DISCA UW Equity,Warner Bros Discovery Inc,6/30/17,DISCA
DISCK UW Equity,Warner Bros Discovery Inc,6/30/17,DISCK
DISH UW Equity,DISH Network Corp,6/30/17,DISH
DLTR UW Equity,Dollar Tree Inc,6/30/17,DLTR
EA UW Equity,Electronic Arts Inc,6/30/17,EA
EBAY UW Equity,eBay Inc,6/30/17,EBAY
ESRX UW Equity,Evernorth Health Inc,6/30/17,ESRX
EXPE UW Equity,Expedia Group Inc,6/30/17,EXPE
FAST UW Equity,Fastenal Co,6/30/17,FAST
FI UW Equity,Fiserv Inc,6/30/17,FISV
GEN UW Equity,Gen Digital Inc,6/30/17,GEN
GILD UW Equity,Gilead Sciences Inc,6/30/17,GILD
GOOG UW Equity,Alphabet Inc,6/30/17,GOOG
GOOGL UW Equity,Alphabet Inc,6/30/17,GOOGL
HAS UW Equity,Hasbro Inc,6/30/17,HAS
HOLX UW Equity,Hologic Inc,6/30/17,HOLX
HSIC UW Equity,Henry Schein Inc,6/30/17,HSIC
IDXX UW Equity,IDEXX Laboratories Inc,6/30/17,IDXX
ILMN UW Equity,Illumina Inc,6/30/17,ILMN
INCY UW Equity,Incyte Corp,6/30/17,INCY
INTC UW Equity,Intel Corp,6/30/17,INTC
INTU UW Equity,Intuit Inc,6/30/17,INTU
ISRG UW Equity,Intuitive Surgical Inc,6/30/17,ISRG
JBHT UW Equity,JB Hunt Transport Services Inc,6/30/17,JBHT
JD UW Equity,JD.com Inc,6/30/17,JD
KHC UW Equity,Kraft Heinz Co/The,6/30/17,KHC
KLAC UW Equity,KLA Corp,6/30/17,KLAC
LRCX UW Equity,Lam Research Corp,6/30/17,LRCX
LVNTA UW Equity,Liberty Ventures LLC/Delaware,6/30/17,LMCA
MAR UW Equity,Marriott International Inc/MD,6/30/17,MAR
MAT UW Equity,Mattel Inc,6/30/17,MAT
MCHP UW Equity,Microchip Technology Inc,6/30/17,MCHP
MDLZ UW Equity,Mondelez International Inc,6/30/17,MDLZ
MELI UW Equity,MercadoLibre Inc,6/30/17,MELI
META UW Equity,Meta Platforms Inc,6/30/17,META
MNST UW Equity,Monster Beverage Corp,6/30/17,MNST
MSFT UW Equity,Microsoft Corp,6/30/17,MSFT
MU UW Equity,Micron Technology Inc,6/30/17,MU
MXIM UW Equity,Maxim Integrated Products Inc,6/30/17,MXIM
MYL UW Equity,Mylan NV,6/30/17,MYL
NCLH UW Equity,Norwegian Cruise Line Holdings,6/30/17,NCLH
NFLX UW Equity,Netflix Inc,6/30/17,NFLX
NTES UW Equity,NetEase Inc,6/30/17,NTES
NVDA UW Equity,NVIDIA Corp,6/30/17,NVDA
ORLY UW Equity,O'Reilly Automotive Inc,6/30/17,ORLY
PAYX UW Equity,Paychex Inc,6/30/17,PAYX
PCAR UW Equity,PACCAR Inc,6/30/17,PCAR
PYPL UW Equity,PayPal Holdings Inc,6/30/17,PYPL
QCOM UW Equity,QUALCOMM Inc,6/30/17,QCOM
QRTEA UW Equity,QVC Group Inc,6/30/17,QVCGA
REGN UW Equity,Regeneron Pharmaceuticals Inc,6/30/17,REGN
ROST UW Equity,Ross Stores Inc,6/30/17,ROST
SBUX UW Equity,Starbucks Corp,6/30/17,SBUX
SHPG UW Equity,Shire PLC,6/30/17,SHPG
STX UW Equity,Seagate Technology Holdings PL,6/30/17,STX
SWKS UW Equity,Skyworks Solutions Inc,6/30/17,SWKS
TCOM UW Equity,Trip.com Group Ltd,6/30/17,TCOM
TFCF UW Equity,TFCF Corp,6/30/17,TFCF.A
TFCFA UW Equity,TFCF Corp,6/30/17,TFCFA
TMUS UW Equity,T-Mobile US Inc,6/30/17,TMUS
TSCO UW Equity,Tractor Supply Co,6/30/17,TSCO
TSLA UW Equity,Tesla Inc,6/30/17,TSLA
TXN UW Equity,Texas Instruments Inc,6/30/17,TXN
ULTA UW Equity,Ulta Beauty Inc,6/30/17,ULTA
VIAB UW Equity,Viacom Inc,6/30/17,VIAB
VOD UW Equity,Vodafone Group PLC,6/30/17,VOD
VRSK UW Equity,Verisk Analytics Inc,6/30/17,VRSK
VRTX UW Equity,Vertex Pharmaceuticals Inc,6/30/17,VRTX
WBA UW Equity,Walgreens Boots Alliance Inc,6/30/17,WBA
WDC UW Equity,Western Digital Corp,6/30/17,WDC
WYNN UW Equity,Wynn Resorts Ltd,6/30/17,WYNN
XLNX UW Equity,Xilinx Inc,6/30/17,XLNX
XRAY UW Equity,DENTSPLY SIRONA Inc,6/30/17,XRAY
2326248D UW Equity,CA Inc,12/31/17,CA
9210611D UW Equity,Sirius XM Inc,12/31/17,LSXM.K
9990294D UW Equity,Liberty Global Holdings Ltd/UK,12/31/17,LBTYA
9999794D UW Equity,Liberty Global Holdings Ltd/UK,12/31/17,LBTYK
9999825D UW Equity,Liberty Global Plc LiLAC,12/31/17,LILA
9999826D UW Equity,Liberty Global Plc LiLAC,12/31/17,LILAK
AAL UW Equity,American Airlines Group Inc,12/31/17,AAL
AAPL UW Equity,Apple Inc,12/31/17,AAPL
ADBE UW Equity,Adobe Inc,12/31/17,ADBE
ADI UW Equity,Analog Devices Inc,12/31/17,ADI
ADP UW Equity,Automatic Data Processing Inc,12/31/17,ADP
ADSK UW Equity,Autodesk Inc,12/31/17,ADSK
ALGN UW Equity,Align Technology Inc,12/31/17,ALGN
ALXN UW Equity,Alexion Pharmaceuticals Inc/MA,12/31/17,ALXN
AMAT UW Equity,Applied Materials Inc,12/31/17,AMAT
AMGN UW Equity,Amgen Inc,12/31/17,AMGN
AMZN UW Equity,Amazon.com Inc,12/31/17,AMZN
ASML UW Equity,ASML Holding NV,12/31/17,ASML
ATVI UW Equity,Activision Blizzard Inc,12/31/17,ATVI
AVGO UW Equity,Broadcom Inc,12/31/17,AVGO
BIDU UW Equity,Baidu Inc,12/31/17,BIDU
BIIB UW Equity,Biogen Inc,12/31/17,BIIB
BKNG UW Equity,Booking Holdings Inc,12/31/17,BKNG
BMRN UW Equity,BioMarin Pharmaceutical Inc,12/31/17,BMRN
CDNS UW Equity,Cadence Design Systems Inc,12/31/17,CDNS
CELG UW Equity,Celgene Corp,12/31/17,CELG
CERN UW Equity,Cerner Corp,12/31/17,CERN
CHKP UW Equity,Check Point Software Technolog,12/31/17,CHKP
CHTR UW Equity,Charter Communications Inc,12/31/17,CHTR
CMCSA UW Equity,Comcast Corp,12/31/17,CMCSA
COST UW Equity,Costco Wholesale Corp,12/31/17,COST
CSCO UW Equity,Cisco Systems Inc,12/31/17,CSCO
CSX UW Equity,CSX Corp,12/31/17,CSX
CTAS UW Equity,Cintas Corp,12/31/17,CTAS
CTSH UW Equity,Cognizant Technology Solutions,12/31/17,CTSH
CTXS UW Equity,Citrix Systems Inc,12/31/17,CTXS
DISH UW Equity,DISH Network Corp,12/31/17,DISH
DLTR UW Equity,Dollar Tree Inc,12/31/17,DLTR
EA UW Equity,Electronic Arts Inc,12/31/17,EA
EBAY UW Equity,eBay Inc,12/31/17,EBAY
ESRX UW Equity,Evernorth Health Inc,12/31/17,ESRX
EXPE UW Equity,Expedia Group Inc,12/31/17,EXPE
FAST UW Equity,Fastenal Co,12/31/17,FAST
FI UW Equity,Fiserv Inc,12/31/17,FISV
GEN UW Equity,Gen Digital Inc,12/31/17,GEN
GILD UW Equity,Gilead Sciences Inc,12/31/17,GILD
GOOG UW Equity,Alphabet Inc,12/31/17,GOOG
GOOGL UW Equity,Alphabet Inc,12/31/17,GOOGL
HAS UW Equity,Hasbro Inc,12/31/17,HAS
HOLX UW Equity,Hologic Inc,12/31/17,HOLX
HSIC UW Equity,Henry Schein Inc,12/31/17,HSIC
IDXX UW Equity,IDEXX Laboratories Inc,12/31/17,IDXX
ILMN UW Equity,Illumina Inc,12/31/17,ILMN
INCY UW Equity,Incyte Corp,12/31/17,INCY
INTC UW Equity,Intel Corp,12/31/17,INTC
INTU UW Equity,Intuit Inc,12/31/17,INTU
ISRG UW Equity,Intuitive Surgical Inc,12/31/17,ISRG
JBHT UW Equity,JB Hunt Transport Services Inc,12/31/17,JBHT
JD UW Equity,JD.com Inc,12/31/17,JD
KHC UW Equity,Kraft Heinz Co/The,12/31/17,KHC
KLAC UW Equity,KLA Corp,12/31/17,KLAC
LRCX UW Equity,Lam Research Corp,12/31/17,LRCX
LVNTA UW Equity,Liberty Ventures LLC/Delaware,12/31/17,LMCA
MAR UW Equity,Marriott International Inc/MD,12/31/17,MAR
MCHP UW Equity,Microchip Technology Inc,12/31/17,MCHP
MDLZ UW Equity,Mondelez International Inc,12/31/17,MDLZ
MELI UW Equity,MercadoLibre Inc,12/31/17,MELI
META UW Equity,Meta Platforms Inc,12/31/17,META
MNST UW Equity,Monster Beverage Corp,12/31/17,MNST
MSFT UW Equity,Microsoft Corp,12/31/17,MSFT
MU UW Equity,Micron Technology Inc,12/31/17,MU
MXIM UW Equity,Maxim Integrated Products Inc,12/31/17,MXIM
MYL UW Equity,Mylan NV,12/31/17,MYL
NFLX UW Equity,Netflix Inc,12/31/17,NFLX
NTES UW Equity,NetEase Inc,12/31/17,NTES
NVDA UW Equity,NVIDIA Corp,12/31/17,NVDA
ORLY UW Equity,O'Reilly Automotive Inc,12/31/17,ORLY
PAYX UW Equity,Paychex Inc,12/31/17,PAYX
PCAR UW Equity,PACCAR Inc,12/31/17,PCAR
PYPL UW Equity,PayPal Holdings Inc,12/31/17,PYPL
QCOM UW Equity,QUALCOMM Inc,12/31/17,QCOM
QRTEA UW Equity,QVC Group Inc,12/31/17,QVCGA
REGN UW Equity,Regeneron Pharmaceuticals Inc,12/31/17,REGN
ROST UW Equity,Ross Stores Inc,12/31/17,ROST
SBUX UW Equity,Starbucks Corp,12/31/17,SBUX
SHPG UW Equity,Shire PLC,12/31/17,SHPG
SNPS UW Equity,Synopsys Inc,12/31/17,SNPS
STX UW Equity,Seagate Technology Holdings PL,12/31/17,STX
SWKS UW Equity,Skyworks Solutions Inc,12/31/17,SWKS
TCOM UW Equity,Trip.com Group Ltd,12/31/17,TCOM
TFCF UW Equity,TFCF Corp,12/31/17,TFCF.A
TFCFA UW Equity,TFCF Corp,12/31/17,TFCFA
TMUS UW Equity,T-Mobile US Inc,12/31/17,TMUS
TSLA UW Equity,Tesla Inc,12/31/17,TSLA
TTWO UW Equity,Take-Two Interactive Software,12/31/17,TTWO
TXN UW Equity,Texas Instruments Inc,12/31/17,TXN
ULTA UW Equity,Ulta Beauty Inc,12/31/17,ULTA
VOD UW Equity,Vodafone Group PLC,12/31/17,VOD
VRSK UW Equity,Verisk Analytics Inc,12/31/17,VRSK
VRTX UW Equity,Vertex Pharmaceuticals Inc,12/31/17,VRTX
WBA UW Equity,Walgreens Boots Alliance Inc,12/31/17,WBA
WDAY UW Equity,Workday Inc,12/31/17,WDAY
WDC UW Equity,Western Digital Corp,12/31/17,WDC
WYNN UW Equity,Wynn Resorts Ltd,12/31/17,WYNN
XLNX UW Equity,Xilinx Inc,12/31/17,XLNX
XRAY UW Equity,DENTSPLY SIRONA Inc,12/31/17,XRAY
2326248D UW Equity,CA Inc,6/30/18,CA
9210611D UW Equity,Sirius XM Inc,6/30/18,LSXM.K
9990294D UW Equity,Liberty Global Holdings Ltd/UK,6/30/18,LBTYA
9999794D UW Equity,Liberty Global Holdings Ltd/UK,6/30/18,LBTYK
AAL UW Equity,American Airlines Group Inc,6/30/18,AAL
AAPL UW Equity,Apple Inc,6/30/18,AAPL
ADBE UW Equity,Adobe Inc,6/30/18,ADBE
ADI UW Equity,Analog Devices Inc,6/30/18,ADI
ADP UW Equity,Automatic Data Processing Inc,6/30/18,ADP
ADSK UW Equity,Autodesk Inc,6/30/18,ADSK
ALGN UW Equity,Align Technology Inc,6/30/18,ALGN
ALXN UW Equity,Alexion Pharmaceuticals Inc/MA,6/30/18,ALXN
AMAT UW Equity,Applied Materials Inc,6/30/18,AMAT
AMGN UW Equity,Amgen Inc,6/30/18,AMGN
AMZN UW Equity,Amazon.com Inc,6/30/18,AMZN
ASML UW Equity,ASML Holding NV,6/30/18,ASML
ATVI UW Equity,Activision Blizzard Inc,6/30/18,ATVI
AVGO UW Equity,Broadcom Inc,6/30/18,AVGO
BIDU UW Equity,Baidu Inc,6/30/18,BIDU
BIIB UW Equity,Biogen Inc,6/30/18,BIIB
BKNG UW Equity,Booking Holdings Inc,6/30/18,BKNG
BMRN UW Equity,BioMarin Pharmaceutical Inc,6/30/18,BMRN
CDNS UW Equity,Cadence Design Systems Inc,6/30/18,CDNS
CELG UW Equity,Celgene Corp,6/30/18,CELG
CERN UW Equity,Cerner Corp,6/30/18,CERN
CHKP UW Equity,Check Point Software Technolog,6/30/18,CHKP
CHTR UW Equity,Charter Communications Inc,6/30/18,CHTR
CMCSA UW Equity,Comcast Corp,6/30/18,CMCSA
COST UW Equity,Costco Wholesale Corp,6/30/18,COST
CSCO UW Equity,Cisco Systems Inc,6/30/18,CSCO
CSX UW Equity,CSX Corp,6/30/18,CSX
CTAS UW Equity,Cintas Corp,6/30/18,CTAS
CTSH UW Equity,Cognizant Technology Solutions,6/30/18,CTSH
CTXS UW Equity,Citrix Systems Inc,6/30/18,CTXS
DISH UW Equity,DISH Network Corp,6/30/18,DISH
DLTR UW Equity,Dollar Tree Inc,6/30/18,DLTR
EA UW Equity,Electronic Arts Inc,6/30/18,EA
EBAY UW Equity,eBay Inc,6/30/18,EBAY
ESRX UW Equity,Evernorth Health Inc,6/30/18,ESRX
EXPE UW Equity,Expedia Group Inc,6/30/18,EXPE
FAST UW Equity,Fastenal Co,6/30/18,FAST
FI UW Equity,Fiserv Inc,6/30/18,FISV
GEN UW Equity,Gen Digital Inc,6/30/18,GEN
GILD UW Equity,Gilead Sciences Inc,6/30/18,GILD
GOOG UW Equity,Alphabet Inc,6/30/18,GOOG
GOOGL UW Equity,Alphabet Inc,6/30/18,GOOGL
HAS UW Equity,Hasbro Inc,6/30/18,HAS
HOLX UW Equity,Hologic Inc,6/30/18,HOLX
HSIC UW Equity,Henry Schein Inc,6/30/18,HSIC
IDXX UW Equity,IDEXX Laboratories Inc,6/30/18,IDXX
ILMN UW Equity,Illumina Inc,6/30/18,ILMN
INCY UW Equity,Incyte Corp,6/30/18,INCY
INTC UW Equity,Intel Corp,6/30/18,INTC
INTU UW Equity,Intuit Inc,6/30/18,INTU
ISRG UW Equity,Intuitive Surgical Inc,6/30/18,ISRG
JBHT UW Equity,JB Hunt Transport Services Inc,6/30/18,JBHT
JD UW Equity,JD.com Inc,6/30/18,JD
KHC UW Equity,Kraft Heinz Co/The,6/30/18,KHC
KLAC UW Equity,KLA Corp,6/30/18,KLAC
LRCX UW Equity,Lam Research Corp,6/30/18,LRCX
MAR UW Equity,Marriott International Inc/MD,6/30/18,MAR
MCHP UW Equity,Microchip Technology Inc,6/30/18,MCHP
MDLZ UW Equity,Mondelez International Inc,6/30/18,MDLZ
MELI UW Equity,MercadoLibre Inc,6/30/18,MELI
META UW Equity,Meta Platforms Inc,6/30/18,META
MNST UW Equity,Monster Beverage Corp,6/30/18,MNST
MSFT UW Equity,Microsoft Corp,6/30/18,MSFT
MU UW Equity,Micron Technology Inc,6/30/18,MU
MXIM UW Equity,Maxim Integrated Products Inc,6/30/18,MXIM
MYL UW Equity,Mylan NV,6/30/18,MYL
NFLX UW Equity,Netflix Inc,6/30/18,NFLX
NTES UW Equity,NetEase Inc,6/30/18,NTES
NVDA UW Equity,NVIDIA Corp,6/30/18,NVDA
ORLY UW Equity,O'Reilly Automotive Inc,6/30/18,ORLY
PAYX UW Equity,Paychex Inc,6/30/18,PAYX
PCAR UW Equity,PACCAR Inc,6/30/18,PCAR
PYPL UW Equity,PayPal Holdings Inc,6/30/18,PYPL
QCOM UW Equity,QUALCOMM Inc,6/30/18,QCOM
QRTEA UW Equity,QVC Group Inc,6/30/18,QVCGA
REGN UW Equity,Regeneron Pharmaceuticals Inc,6/30/18,REGN
ROST UW Equity,Ross Stores Inc,6/30/18,ROST
SBUX UW Equity,Starbucks Corp,6/30/18,SBUX
SHPG UW Equity,Shire PLC,6/30/18,SHPG
SNPS UW Equity,Synopsys Inc,6/30/18,SNPS
STX UW Equity,Seagate Technology Holdings PL,6/30/18,STX
SWKS UW Equity,Skyworks Solutions Inc,6/30/18,SWKS
TCOM UW Equity,Trip.com Group Ltd,6/30/18,TCOM
TFCF UW Equity,TFCF Corp,6/30/18,TFCF.A
TFCFA UW Equity,TFCF Corp,6/30/18,TFCFA
TMUS UW Equity,T-Mobile US Inc,6/30/18,TMUS
TSLA UW Equity,Tesla Inc,6/30/18,TSLA
TTWO UW Equity,Take-Two Interactive Software,6/30/18,TTWO
TXN UW Equity,Texas Instruments Inc,6/30/18,TXN
ULTA UW Equity,Ulta Beauty Inc,6/30/18,ULTA
VOD UW Equity,Vodafone Group PLC,6/30/18,VOD
VRSK UW Equity,Verisk Analytics Inc,6/30/18,VRSK
VRTX UW Equity,Vertex Pharmaceuticals Inc,6/30/18,VRTX
WBA UW Equity,Walgreens Boots Alliance Inc,6/30/18,WBA
WDAY UW Equity,Workday Inc,6/30/18,WDAY
WDC UW Equity,Western Digital Corp,6/30/18,WDC
WYNN UW Equity,Wynn Resorts Ltd,6/30/18,WYNN
XLNX UW Equity,Xilinx Inc,6/30/18,XLNX
XRAY UW Equity,DENTSPLY SIRONA Inc,6/30/18,XRAY
9210611D UW Equity,Sirius XM Inc,12/31/18,LSXM.K
9990294D UW Equity,Liberty Global Holdings Ltd/UK,12/31/18,LBTYA
9999794D UW Equity,Liberty Global Holdings Ltd/UK,12/31/18,LBTYK
AAL UW Equity,American Airlines Group Inc,12/31/18,AAL
AAPL UW Equity,Apple Inc,12/31/18,AAPL
ADBE UW Equity,Adobe Inc,12/31/18,ADBE
ADI UW Equity,Analog Devices Inc,12/31/18,ADI
ADP UW Equity,Automatic Data Processing Inc,12/31/18,ADP
ADSK UW Equity,Autodesk Inc,12/31/18,ADSK
ALGN UW Equity,Align Technology Inc,12/31/18,ALGN
ALXN UW Equity,Alexion Pharmaceuticals Inc/MA,12/31/18,ALXN
AMAT UW Equity,Applied Materials Inc,12/31/18,AMAT
AMD UW Equity,Advanced Micro Devices Inc,12/31/18,AMD
AMGN UW Equity,Amgen Inc,12/31/18,AMGN
AMZN UW Equity,Amazon.com Inc,12/31/18,AMZN
ASML UW Equity,ASML Holding NV,12/31/18,ASML
ATVI UW Equity,Activision Blizzard Inc,12/31/18,ATVI
AVGO UW Equity,Broadcom Inc,12/31/18,AVGO
BIDU UW Equity,Baidu Inc,12/31/18,BIDU
BIIB UW Equity,Biogen Inc,12/31/18,BIIB
BKNG UW Equity,Booking Holdings Inc,12/31/18,BKNG
BMRN UW Equity,BioMarin Pharmaceutical Inc,12/31/18,BMRN
CDNS UW Equity,Cadence Design Systems Inc,12/31/18,CDNS
CELG UW Equity,Celgene Corp,12/31/18,CELG
CERN UW Equity,Cerner Corp,12/31/18,CERN
CHKP UW Equity,Check Point Software Technolog,12/31/18,CHKP
CHTR UW Equity,Charter Communications Inc,12/31/18,CHTR
CMCSA UW Equity,Comcast Corp,12/31/18,CMCSA
COST UW Equity,Costco Wholesale Corp,12/31/18,COST
CSCO UW Equity,Cisco Systems Inc,12/31/18,CSCO
CSX UW Equity,CSX Corp,12/31/18,CSX
CTAS UW Equity,Cintas Corp,12/31/18,CTAS
CTSH UW Equity,Cognizant Technology Solutions,12/31/18,CTSH
CTXS UW Equity,Citrix Systems Inc,12/31/18,CTXS
DLTR UW Equity,Dollar Tree Inc,12/31/18,DLTR
EA UW Equity,Electronic Arts Inc,12/31/18,EA
EBAY UW Equity,eBay Inc,12/31/18,EBAY
EXPE UW Equity,Expedia Group Inc,12/31/18,EXPE
FAST UW Equity,Fastenal Co,12/31/18,FAST
FI UW Equity,Fiserv Inc,12/31/18,FISV
GEN UW Equity,Gen Digital Inc,12/31/18,GEN
GILD UW Equity,Gilead Sciences Inc,12/31/18,GILD
GOOG UW Equity,Alphabet Inc,12/31/18,GOOG
GOOGL UW Equity,Alphabet Inc,12/31/18,GOOGL
HAS UW Equity,Hasbro Inc,12/31/18,HAS
HSIC UW Equity,Henry Schein Inc,12/31/18,HSIC
IDXX UW Equity,IDEXX Laboratories Inc,12/31/18,IDXX
ILMN UW Equity,Illumina Inc,12/31/18,ILMN
INCY UW Equity,Incyte Corp,12/31/18,INCY
INTC UW Equity,Intel Corp,12/31/18,INTC
INTU UW Equity,Intuit Inc,12/31/18,INTU
ISRG UW Equity,Intuitive Surgical Inc,12/31/18,ISRG
JBHT UW Equity,JB Hunt Transport Services Inc,12/31/18,JBHT
JD UW Equity,JD.com Inc,12/31/18,JD
KHC UW Equity,Kraft Heinz Co/The,12/31/18,KHC
KLAC UW Equity,KLA Corp,12/31/18,KLAC
LRCX UW Equity,Lam Research Corp,12/31/18,LRCX
LULU UW Equity,Lululemon Athletica Inc,12/31/18,LULU
MAR UW Equity,Marriott International Inc/MD,12/31/18,MAR
MCHP UW Equity,Microchip Technology Inc,12/31/18,MCHP
MDLZ UW Equity,Mondelez International Inc,12/31/18,MDLZ
MELI UW Equity,MercadoLibre Inc,12/31/18,MELI
META UW Equity,Meta Platforms Inc,12/31/18,META
MNST UW Equity,Monster Beverage Corp,12/31/18,MNST
MSFT UW Equity,Microsoft Corp,12/31/18,MSFT
MU UW Equity,Micron Technology Inc,12/31/18,MU
MXIM UW Equity,Maxim Integrated Products Inc,12/31/18,MXIM
MYL UW Equity,Mylan NV,12/31/18,MYL
NFLX UW Equity,Netflix Inc,12/31/18,NFLX
NTAP UW Equity,NetApp Inc,12/31/18,NTAP
NTES UW Equity,NetEase Inc,12/31/18,NTES
NVDA UW Equity,NVIDIA Corp,12/31/18,NVDA
NXPI UW Equity,NXP Semiconductors NV,12/31/18,NXPI
ORLY UW Equity,O'Reilly Automotive Inc,12/31/18,ORLY
PAYX UW Equity,Paychex Inc,12/31/18,PAYX
PCAR UW Equity,PACCAR Inc,12/31/18,PCAR
PEP UW Equity,PepsiCo Inc,12/31/18,PEP
PYPL UW Equity,PayPal Holdings Inc,12/31/18,PYPL
QCOM UW Equity,QUALCOMM Inc,12/31/18,QCOM
REGN UW Equity,Regeneron Pharmaceuticals Inc,12/31/18,REGN
ROST UW Equity,Ross Stores Inc,12/31/18,ROST
SBUX UW Equity,Starbucks Corp,12/31/18,SBUX
SNPS UW Equity,Synopsys Inc,12/31/18,SNPS
SWKS UW Equity,Skyworks Solutions Inc,12/31/18,SWKS
TCOM UW Equity,Trip.com Group Ltd,12/31/18,TCOM
TFCF UW Equity,TFCF Corp,12/31/18,TFCF.A
TFCFA UW Equity,TFCF Corp,12/31/18,TFCFA
TMUS UW Equity,T-Mobile US Inc,12/31/18,TMUS
TSLA UW Equity,Tesla Inc,12/31/18,TSLA
TTWO UW Equity,Take-Two Interactive Software,12/31/18,TTWO
TXN UW Equity,Texas Instruments Inc,12/31/18,TXN
UAL UW Equity,United Airlines Holdings Inc,12/31/18,UAL2
ULTA UW Equity,Ulta Beauty Inc,12/31/18,ULTA
VRSK UW Equity,Verisk Analytics Inc,12/31/18,VRSK
VRSN UW Equity,VeriSign Inc,12/31/18,VRSN
VRTX UW Equity,Vertex Pharmaceuticals Inc,12/31/18,VRTX
WBA UW Equity,Walgreens Boots Alliance Inc,12/31/18,WBA
WDAY UW Equity,Workday Inc,12/31/18,WDAY
WDC UW Equity,Western Digital Corp,12/31/18,WDC
WTW UW Equity,Willis Towers Watson PLC,12/31/18,WTW
WYNN UW Equity,Wynn Resorts Ltd,12/31/18,WYNN
XEL UW Equity,Xcel Energy Inc,12/31/18,XEL
XLNX UW Equity,Xilinx Inc,12/31/18,XLNX
9210611D UW Equity,Sirius XM Inc,6/30/19,LSXM.K
9990294D UW Equity,Liberty Global Holdings Ltd/UK,6/30/19,LBTYA
9999794D UW Equity,Liberty Global Holdings Ltd/UK,6/30/19,LBTYK
AAL UW Equity,American Airlines Group Inc,6/30/19,AAL
AAPL UW Equity,Apple Inc,6/30/19,AAPL
ADBE UW Equity,Adobe Inc,6/30/19,ADBE
ADI UW Equity,Analog Devices Inc,6/30/19,ADI
ADP UW Equity,Automatic Data Processing Inc,6/30/19,ADP
ADSK UW Equity,Autodesk Inc,6/30/19,ADSK
ALGN UW Equity,Align Technology Inc,6/30/19,ALGN
ALXN UW Equity,Alexion Pharmaceuticals Inc/MA,6/30/19,ALXN
AMAT UW Equity,Applied Materials Inc,6/30/19,AMAT
AMD UW Equity,Advanced Micro Devices Inc,6/30/19,AMD
AMGN UW Equity,Amgen Inc,6/30/19,AMGN
AMZN UW Equity,Amazon.com Inc,6/30/19,AMZN
ASML UW Equity,ASML Holding NV,6/30/19,ASML
ATVI UW Equity,Activision Blizzard Inc,6/30/19,ATVI
AVGO UW Equity,Broadcom Inc,6/30/19,AVGO
BIDU UW Equity,Baidu Inc,6/30/19,BIDU
BIIB UW Equity,Biogen Inc,6/30/19,BIIB
BKNG UW Equity,Booking Holdings Inc,6/30/19,BKNG
BMRN UW Equity,BioMarin Pharmaceutical Inc,6/30/19,BMRN
CDNS UW Equity,Cadence Design Systems Inc,6/30/19,CDNS
CELG UW Equity,Celgene Corp,6/30/19,CELG
CERN UW Equity,Cerner Corp,6/30/19,CERN
CHKP UW Equity,Check Point Software Technolog,6/30/19,CHKP
CHTR UW Equity,Charter Communications Inc,6/30/19,CHTR
CMCSA UW Equity,Comcast Corp,6/30/19,CMCSA
COST UW Equity,Costco Wholesale Corp,6/30/19,COST
CSCO UW Equity,Cisco Systems Inc,6/30/19,CSCO
CSX UW Equity,CSX Corp,6/30/19,CSX
CTAS UW Equity,Cintas Corp,6/30/19,CTAS
CTSH UW Equity,Cognizant Technology Solutions,6/30/19,CTSH
CTXS UW Equity,Citrix Systems Inc,6/30/19,CTXS
DLTR UW Equity,Dollar Tree Inc,6/30/19,DLTR
EA UW Equity,Electronic Arts Inc,6/30/19,EA
EBAY UW Equity,eBay Inc,6/30/19,EBAY
EXPE UW Equity,Expedia Group Inc,6/30/19,EXPE
FAST UW Equity,Fastenal Co,6/30/19,FAST
FI UW Equity,Fiserv Inc,6/30/19,FISV
FOX UW Equity,Fox Corp,6/30/19,FOX
FOXA UW Equity,Fox Corp,6/30/19,FOX
GEN UW Equity,Gen Digital Inc,6/30/19,GEN
GILD UW Equity,Gilead Sciences Inc,6/30/19,GILD
GOOG UW Equity,Alphabet Inc,6/30/19,GOOG
GOOGL UW Equity,Alphabet Inc,6/30/19,GOOGL
HAS UW Equity,Hasbro Inc,6/30/19,HAS
HSIC UW Equity,Henry Schein Inc,6/30/19,HSIC
IDXX UW Equity,IDEXX Laboratories Inc,6/30/19,IDXX
ILMN UW Equity,Illumina Inc,6/30/19,ILMN
INCY UW Equity,Incyte Corp,6/30/19,INCY
INTC UW Equity,Intel Corp,6/30/19,INTC
INTU UW Equity,Intuit Inc,6/30/19,INTU
ISRG UW Equity,Intuitive Surgical Inc,6/30/19,ISRG
JBHT UW Equity,JB Hunt Transport Services Inc,6/30/19,JBHT
JD UW Equity,JD.com Inc,6/30/19,JD
KHC UW Equity,Kraft Heinz Co/The,6/30/19,KHC
KLAC UW Equity,KLA Corp,6/30/19,KLAC
LRCX UW Equity,Lam Research Corp,6/30/19,LRCX
LULU UW Equity,Lululemon Athletica Inc,6/30/19,LULU
MAR UW Equity,Marriott International Inc/MD,6/30/19,MAR
MCHP UW Equity,Microchip Technology Inc,6/30/19,MCHP
MDLZ UW Equity,Mondelez International Inc,6/30/19,MDLZ
MELI UW Equity,MercadoLibre Inc,6/30/19,MELI
META UW Equity,Meta Platforms Inc,6/30/19,META
MNST UW Equity,Monster Beverage Corp,6/30/19,MNST
MSFT UW Equity,Microsoft Corp,6/30/19,MSFT
MU UW Equity,Micron Technology Inc,6/30/19,MU
MXIM UW Equity,Maxim Integrated Products Inc,6/30/19,MXIM
MYL UW Equity,Mylan NV,6/30/19,MYL
NFLX UW Equity,Netflix Inc,6/30/19,NFLX
NTAP UW Equity,NetApp Inc,6/30/19,NTAP
NTES UW Equity,NetEase Inc,6/30/19,NTES
NVDA UW Equity,NVIDIA Corp,6/30/19,NVDA
NXPI UW Equity,NXP Semiconductors NV,6/30/19,NXPI
ORLY UW Equity,O'Reilly Automotive Inc,6/30/19,ORLY
PAYX UW Equity,Paychex Inc,6/30/19,PAYX
PCAR UW Equity,PACCAR Inc,6/30/19,PCAR
PEP UW Equity,PepsiCo Inc,6/30/19,PEP
PYPL UW Equity,PayPal Holdings Inc,6/30/19,PYPL
QCOM UW Equity,QUALCOMM Inc,6/30/19,QCOM
REGN UW Equity,Regeneron Pharmaceuticals Inc,6/30/19,REGN
ROST UW Equity,Ross Stores Inc,6/30/19,ROST
SBUX UW Equity,Starbucks Corp,6/30/19,SBUX
SNPS UW Equity,Synopsys Inc,6/30/19,SNPS
SWKS UW Equity,Skyworks Solutions Inc,6/30/19,SWKS
TCOM UW Equity,Trip.com Group Ltd,6/30/19,TCOM
TMUS UW Equity,T-Mobile US Inc,6/30/19,TMUS
TSLA UW Equity,Tesla Inc,6/30/19,TSLA
TTWO UW Equity,Take-Two Interactive Software,6/30/19,TTWO
TXN UW Equity,Texas Instruments Inc,6/30/19,TXN
UAL UW Equity,United Airlines Holdings Inc,6/30/19,UAL2
ULTA UW Equity,Ulta Beauty Inc,6/30/19,ULTA
VRSK UW Equity,Verisk Analytics Inc,6/30/19,VRSK
VRSN UW Equity,VeriSign Inc,6/30/19,VRSN
VRTX UW Equity,Vertex Pharmaceuticals Inc,6/30/19,VRTX
WBA UW Equity,Walgreens Boots Alliance Inc,6/30/19,WBA
WDAY UW Equity,Workday Inc,6/30/19,WDAY
WDC UW Equity,Western Digital Corp,6/30/19,WDC
WTW UW Equity,Willis Towers Watson PLC,6/30/19,WTW
WYNN UW Equity,Wynn Resorts Ltd,6/30/19,WYNN
XEL UW Equity,Xcel Energy Inc,6/30/19,XEL
XLNX UW Equity,Xilinx Inc,6/30/19,XLNX
9210611D UW Equity,Sirius XM Inc,12/31/19,LSXM.K
9990294D UW Equity,Liberty Global Holdings Ltd/UK,12/31/19,LBTYA
9999794D UW Equity,Liberty Global Holdings Ltd/UK,12/31/19,LBTYK
AAL UW Equity,American Airlines Group Inc,12/31/19,AAL
AAPL UW Equity,Apple Inc,12/31/19,AAPL
ADBE UW Equity,Adobe Inc,12/31/19,ADBE
ADI UW Equity,Analog Devices Inc,12/31/19,ADI
ADP UW Equity,Automatic Data Processing Inc,12/31/19,ADP
ADSK UW Equity,Autodesk Inc,12/31/19,ADSK
ALGN UW Equity,Align Technology Inc,12/31/19,ALGN
ALXN UW Equity,Alexion Pharmaceuticals Inc/MA,12/31/19,ALXN
AMAT UW Equity,Applied Materials Inc,12/31/19,AMAT
AMD UW Equity,Advanced Micro Devices Inc,12/31/19,AMD
AMGN UW Equity,Amgen Inc,12/31/19,AMGN
AMZN UW Equity,Amazon.com Inc,12/31/19,AMZN
ANSS UW Equity,ANSYS Inc,12/31/19,ANSS
ASML UW Equity,ASML Holding NV,12/31/19,ASML
ATVI UW Equity,Activision Blizzard Inc,12/31/19,ATVI
AVGO UW Equity,Broadcom Inc,12/31/19,AVGO
BIDU UW Equity,Baidu Inc,12/31/19,BIDU
BIIB UW Equity,Biogen Inc,12/31/19,BIIB
BKNG UW Equity,Booking Holdings Inc,12/31/19,BKNG
BMRN UW Equity,BioMarin Pharmaceutical Inc,12/31/19,BMRN
CDNS UW Equity,Cadence Design Systems Inc,12/31/19,CDNS
CDW UW Equity,CDW Corp/DE,12/31/19,CDW
CERN UW Equity,Cerner Corp,12/31/19,CERN
CHKP UW Equity,Check Point Software Technolog,12/31/19,CHKP
CHTR UW Equity,Charter Communications Inc,12/31/19,CHTR
CMCSA UW Equity,Comcast Corp,12/31/19,CMCSA
COST UW Equity,Costco Wholesale Corp,12/31/19,COST
CPRT UW Equity,Copart Inc,12/31/19,CPRT
CSCO UW Equity,Cisco Systems Inc,12/31/19,CSCO
CSGP UW Equity,CoStar Group Inc,12/31/19,CSGP
CSX UW Equity,CSX Corp,12/31/19,CSX
CTAS UW Equity,Cintas Corp,12/31/19,CTAS
CTSH UW Equity,Cognizant Technology Solutions,12/31/19,CTSH
CTXS UW Equity,Citrix Systems Inc,12/31/19,CTXS
DLTR UW Equity,Dollar Tree Inc,12/31/19,DLTR
EA UW Equity,Electronic Arts Inc,12/31/19,EA
EBAY UW Equity,eBay Inc,12/31/19,EBAY
EXC UW Equity,Exelon Corp,12/31/19,EXC
EXPE UW Equity,Expedia Group Inc,12/31/19,EXPE
FAST UW Equity,Fastenal Co,12/31/19,FAST
FI UW Equity,Fiserv Inc,12/31/19,FISV
FOX UW Equity,Fox Corp,12/31/19,FOX
FOXA UW Equity,Fox Corp,12/31/19,FOX
GILD UW Equity,Gilead Sciences Inc,12/31/19,GILD
GOOG UW Equity,Alphabet Inc,12/31/19,GOOG
GOOGL UW Equity,Alphabet Inc,12/31/19,GOOGL
IDXX UW Equity,IDEXX Laboratories Inc,12/31/19,IDXX
ILMN UW Equity,Illumina Inc,12/31/19,ILMN
INCY UW Equity,Incyte Corp,12/31/19,INCY
INTC UW Equity,Intel Corp,12/31/19,INTC
INTU UW Equity,Intuit Inc,12/31/19,INTU
ISRG UW Equity,Intuitive Surgical Inc,12/31/19,ISRG
JD UW Equity,JD.com Inc,12/31/19,JD
KHC UW Equity,Kraft Heinz Co/The,12/31/19,KHC
KLAC UW Equity,KLA Corp,12/31/19,KLAC
LRCX UW Equity,Lam Research Corp,12/31/19,LRCX
LULU UW Equity,Lululemon Athletica Inc,12/31/19,LULU
MAR UW Equity,Marriott International Inc/MD,12/31/19,MAR
MCHP UW Equity,Microchip Technology Inc,12/31/19,MCHP
MDLZ UW Equity,Mondelez International Inc,12/31/19,MDLZ
MELI UW Equity,MercadoLibre Inc,12/31/19,MELI
META UW Equity,Meta Platforms Inc,12/31/19,META
MNST UW Equity,Monster Beverage Corp,12/31/19,MNST
MSFT UW Equity,Microsoft Corp,12/31/19,MSFT
MU UW Equity,Micron Technology Inc,12/31/19,MU
MXIM UW Equity,Maxim Integrated Products Inc,12/31/19,MXIM
NFLX UW Equity,Netflix Inc,12/31/19,NFLX
NTAP UW Equity,NetApp Inc,12/31/19,NTAP
NTES UW Equity,NetEase Inc,12/31/19,NTES
NVDA UW Equity,NVIDIA Corp,12/31/19,NVDA
NXPI UW Equity,NXP Semiconductors NV,12/31/19,NXPI
ORLY UW Equity,O'Reilly Automotive Inc,12/31/19,ORLY
PAYX UW Equity,Paychex Inc,12/31/19,PAYX
PCAR UW Equity,PACCAR Inc,12/31/19,PCAR
PEP UW Equity,PepsiCo Inc,12/31/19,PEP
PYPL UW Equity,PayPal Holdings Inc,12/31/19,PYPL
QCOM UW Equity,QUALCOMM Inc,12/31/19,QCOM
REGN UW Equity,Regeneron Pharmaceuticals Inc,12/31/19,REGN
ROST UW Equity,Ross Stores Inc,12/31/19,ROST
SBUX UW Equity,Starbucks Corp,12/31/19,SBUX
SGEN UW Equity,Seagen Inc,12/31/19,SGEN
SNPS UW Equity,Synopsys Inc,12/31/19,SNPS
SPLK UW Equity,Splunk Inc,12/31/19,SPLK
SWKS UW Equity,Skyworks Solutions Inc,12/31/19,SWKS
TCOM UW Equity,Trip.com Group Ltd,12/31/19,TCOM
TMUS UW Equity,T-Mobile US Inc,12/31/19,TMUS
TSLA UW Equity,Tesla Inc,12/31/19,TSLA
TTWO UW Equity,Take-Two Interactive Software,12/31/19,TTWO
TXN UW Equity,Texas Instruments Inc,12/31/19,TXN
UAL UW Equity,United Airlines Holdings Inc,12/31/19,UAL2
ULTA UW Equity,Ulta Beauty Inc,12/31/19,ULTA
VRSK UW Equity,Verisk Analytics Inc,12/31/19,VRSK
VRSN UW Equity,VeriSign Inc,12/31/19,VRSN
VRTX UW Equity,Vertex Pharmaceuticals Inc,12/31/19,VRTX
WBA UW Equity,Walgreens Boots Alliance Inc,12/31/19,WBA
WDAY UW Equity,Workday Inc,12/31/19,WDAY
WDC UW Equity,Western Digital Corp,12/31/19,WDC
WTW UW Equity,Willis Towers Watson PLC,12/31/19,WTW
XEL UW Equity,Xcel Energy Inc,12/31/19,XEL
XLNX UW Equity,Xilinx Inc,12/31/19,XLNX
9210611D UW Equity,Sirius XM Inc,6/30/20,LSXM.K
9990294D UW Equity,Liberty Global Holdings Ltd/UK,6/30/20,LBTYA
9999794D UW Equity,Liberty Global Holdings Ltd/UK,6/30/20,LBTYK
AAPL UW Equity,Apple Inc,6/30/20,AAPL
ADBE UW Equity,Adobe Inc,6/30/20,ADBE
ADI UW Equity,Analog Devices Inc,6/30/20,ADI
ADP UW Equity,Automatic Data Processing Inc,6/30/20,ADP
ADSK UW Equity,Autodesk Inc,6/30/20,ADSK
ALGN UW Equity,Align Technology Inc,6/30/20,ALGN
ALXN UW Equity,Alexion Pharmaceuticals Inc/MA,6/30/20,ALXN
AMAT UW Equity,Applied Materials Inc,6/30/20,AMAT
AMD UW Equity,Advanced Micro Devices Inc,6/30/20,AMD
AMGN UW Equity,Amgen Inc,6/30/20,AMGN
AMZN UW Equity,Amazon.com Inc,6/30/20,AMZN
ANSS UW Equity,ANSYS Inc,6/30/20,ANSS
ASML UW Equity,ASML Holding NV,6/30/20,ASML
ATVI UW Equity,Activision Blizzard Inc,6/30/20,ATVI
AVGO UW Equity,Broadcom Inc,6/30/20,AVGO
BIDU UW Equity,Baidu Inc,6/30/20,BIDU
BIIB UW Equity,Biogen Inc,6/30/20,BIIB
BKNG UW Equity,Booking Holdings Inc,6/30/20,BKNG
BMRN UW Equity,BioMarin Pharmaceutical Inc,6/30/20,BMRN
CDNS UW Equity,Cadence Design Systems Inc,6/30/20,CDNS
CDW UW Equity,CDW Corp/DE,6/30/20,CDW
CERN UW Equity,Cerner Corp,6/30/20,CERN
CHKP UW Equity,Check Point Software Technolog,6/30/20,CHKP
CHTR UW Equity,Charter Communications Inc,6/30/20,CHTR
CMCSA UW Equity,Comcast Corp,6/30/20,CMCSA
COST UW Equity,Costco Wholesale Corp,6/30/20,COST
CPRT UW Equity,Copart Inc,6/30/20,CPRT
CSCO UW Equity,Cisco Systems Inc,6/30/20,CSCO
CSGP UW Equity,CoStar Group Inc,6/30/20,CSGP
CSX UW Equity,CSX Corp,6/30/20,CSX
CTAS UW Equity,Cintas Corp,6/30/20,CTAS
CTSH UW Equity,Cognizant Technology Solutions,6/30/20,CTSH
CTXS UW Equity,Citrix Systems Inc,6/30/20,CTXS
DLTR UW Equity,Dollar Tree Inc,6/30/20,DLTR
DOCU UW Equity,Docusign Inc,6/30/20,DOCU
DXCM UW Equity,Dexcom Inc,6/30/20,DXCM
EA UW Equity,Electronic Arts Inc,6/30/20,EA
EBAY UW Equity,eBay Inc,6/30/20,EBAY
EXC UW Equity,Exelon Corp,6/30/20,EXC
EXPE UW Equity,Expedia Group Inc,6/30/20,EXPE
FAST UW Equity,Fastenal Co,6/30/20,FAST
FI UW Equity,Fiserv Inc,6/30/20,FISV
FOX UW Equity,Fox Corp,6/30/20,FOX
FOXA UW Equity,Fox Corp,6/30/20,FOX
GILD UW Equity,Gilead Sciences Inc,6/30/20,GILD
GOOG UW Equity,Alphabet Inc,6/30/20,GOOG
GOOGL UW Equity,Alphabet Inc,6/30/20,GOOGL
IDXX UW Equity,IDEXX Laboratories Inc,6/30/20,IDXX
ILMN UW Equity,Illumina Inc,6/30/20,ILMN
INCY UW Equity,Incyte Corp,6/30/20,INCY
INTC UW Equity,Intel Corp,6/30/20,INTC
INTU UW Equity,Intuit Inc,6/30/20,INTU
ISRG UW Equity,Intuitive Surgical Inc,6/30/20,ISRG
JD UW Equity,JD.com Inc,6/30/20,JD
KHC UW Equity,Kraft Heinz Co/The,6/30/20,KHC
KLAC UW Equity,KLA Corp,6/30/20,KLAC
LRCX UW Equity,Lam Research Corp,6/30/20,LRCX
LULU UW Equity,Lululemon Athletica Inc,6/30/20,LULU
MAR UW Equity,Marriott International Inc/MD,6/30/20,MAR
MCHP UW Equity,Microchip Technology Inc,6/30/20,MCHP
MDLZ UW Equity,Mondelez International Inc,6/30/20,MDLZ
MELI UW Equity,MercadoLibre Inc,6/30/20,MELI
META UW Equity,Meta Platforms Inc,6/30/20,META
MNST UW Equity,Monster Beverage Corp,6/30/20,MNST
MSFT UW Equity,Microsoft Corp,6/30/20,MSFT
MU UW Equity,Micron Technology Inc,6/30/20,MU
MXIM UW Equity,Maxim Integrated Products Inc,6/30/20,MXIM
NFLX UW Equity,Netflix Inc,6/30/20,NFLX
NTAP UW Equity,NetApp Inc,6/30/20,NTAP
NTES UW Equity,NetEase Inc,6/30/20,NTES
NVDA UW Equity,NVIDIA Corp,6/30/20,NVDA
NXPI UW Equity,NXP Semiconductors NV,6/30/20,NXPI
ORLY UW Equity,O'Reilly Automotive Inc,6/30/20,ORLY
PAYX UW Equity,Paychex Inc,6/30/20,PAYX
PCAR UW Equity,PACCAR Inc,6/30/20,PCAR
PEP UW Equity,PepsiCo Inc,6/30/20,PEP
PYPL UW Equity,PayPal Holdings Inc,6/30/20,PYPL
QCOM UW Equity,QUALCOMM Inc,6/30/20,QCOM
REGN UW Equity,Regeneron Pharmaceuticals Inc,6/30/20,REGN
ROST UW Equity,Ross Stores Inc,6/30/20,ROST
SBUX UW Equity,Starbucks Corp,6/30/20,SBUX
SGEN UW Equity,Seagen Inc,6/30/20,SGEN
SNPS UW Equity,Synopsys Inc,6/30/20,SNPS
SPLK UW Equity,Splunk Inc,6/30/20,SPLK
SWKS UW Equity,Skyworks Solutions Inc,6/30/20,SWKS
TCOM UW Equity,Trip.com Group Ltd,6/30/20,TCOM
TMUS UW Equity,T-Mobile US Inc,6/30/20,TMUS
TSLA UW Equity,Tesla Inc,6/30/20,TSLA
TTWO UW Equity,Take-Two Interactive Software,6/30/20,TTWO
TXN UW Equity,Texas Instruments Inc,6/30/20,TXN
ULTA UW Equity,Ulta Beauty Inc,6/30/20,ULTA
VRSK UW Equity,Verisk Analytics Inc,6/30/20,VRSK
VRSN UW Equity,VeriSign Inc,6/30/20,VRSN
VRTX UW Equity,Vertex Pharmaceuticals Inc,6/30/20,VRTX
WBA UW Equity,Walgreens Boots Alliance Inc,6/30/20,WBA
WDAY UW Equity,Workday Inc,6/30/20,WDAY
WDC UW Equity,Western Digital Corp,6/30/20,WDC
XEL UW Equity,Xcel Energy Inc,6/30/20,XEL
XLNX UW Equity,Xilinx Inc,6/30/20,XLNX
ZM UW Equity,Zoom Communications Inc,6/30/20,ZM
9210611D UW Equity,Sirius XM Inc,12/31/20,LSXM.K
AAPL UW Equity,Apple Inc,12/31/20,AAPL
ADBE UW Equity,Adobe Inc,12/31/20,ADBE
ADI UW Equity,Analog Devices Inc,12/31/20,ADI
ADP UW Equity,Automatic Data Processing Inc,12/31/20,ADP
ADSK UW Equity,Autodesk Inc,12/31/20,ADSK
AEP UW Equity,American Electric Power Co Inc,12/31/20,AEP
ALGN UW Equity,Align Technology Inc,12/31/20,ALGN
ALXN UW Equity,Alexion Pharmaceuticals Inc/MA,12/31/20,ALXN
AMAT UW Equity,Applied Materials Inc,12/31/20,AMAT
AMD UW Equity,Advanced Micro Devices Inc,12/31/20,AMD
AMGN UW Equity,Amgen Inc,12/31/20,AMGN
AMZN UW Equity,Amazon.com Inc,12/31/20,AMZN
ANSS UW Equity,ANSYS Inc,12/31/20,ANSS
ASML UW Equity,ASML Holding NV,12/31/20,ASML
ATVI UW Equity,Activision Blizzard Inc,12/31/20,ATVI
AVGO UW Equity,Broadcom Inc,12/31/20,AVGO
BIDU UW Equity,Baidu Inc,12/31/20,BIDU
BIIB UW Equity,Biogen Inc,12/31/20,BIIB
BKNG UW Equity,Booking Holdings Inc,12/31/20,BKNG
CDNS UW Equity,Cadence Design Systems Inc,12/31/20,CDNS
CDW UW Equity,CDW Corp/DE,12/31/20,CDW
CERN UW Equity,Cerner Corp,12/31/20,CERN
CHKP UW Equity,Check Point Software Technolog,12/31/20,CHKP
CHTR UW Equity,Charter Communications Inc,12/31/20,CHTR
CMCSA UW Equity,Comcast Corp,12/31/20,CMCSA
COST UW Equity,Costco Wholesale Corp,12/31/20,COST
CPRT UW Equity,Copart Inc,12/31/20,CPRT
CSCO UW Equity,Cisco Systems Inc,12/31/20,CSCO
CSX UW Equity,CSX Corp,12/31/20,CSX
CTAS UW Equity,Cintas Corp,12/31/20,CTAS
CTSH UW Equity,Cognizant Technology Solutions,12/31/20,CTSH
DLTR UW Equity,Dollar Tree Inc,12/31/20,DLTR
DOCU UW Equity,Docusign Inc,12/31/20,DOCU
DXCM UW Equity,Dexcom Inc,12/31/20,DXCM
EA UW Equity,Electronic Arts Inc,12/31/20,EA
EBAY UW Equity,eBay Inc,12/31/20,EBAY
EXC UW Equity,Exelon Corp,12/31/20,EXC
FAST UW Equity,Fastenal Co,12/31/20,FAST
FI UW Equity,Fiserv Inc,12/31/20,FISV
FOX UW Equity,Fox Corp,12/31/20,FOX
FOXA UW Equity,Fox Corp,12/31/20,FOX
GILD UW Equity,Gilead Sciences Inc,12/31/20,GILD
GOOG UW Equity,Alphabet Inc,12/31/20,GOOG
GOOGL UW Equity,Alphabet Inc,12/31/20,GOOGL
IDXX UW Equity,IDEXX Laboratories Inc,12/31/20,IDXX
ILMN UW Equity,Illumina Inc,12/31/20,ILMN
INCY UW Equity,Incyte Corp,12/31/20,INCY
INTC UW Equity,Intel Corp,12/31/20,INTC
INTU UW Equity,Intuit Inc,12/31/20,INTU
ISRG UW Equity,Intuitive Surgical Inc,12/31/20,ISRG
JD UW Equity,JD.com Inc,12/31/20,JD
KDP UW Equity,Keurig Dr Pepper Inc,12/31/20,KDP
KHC UW Equity,Kraft Heinz Co/The,12/31/20,KHC
KLAC UW Equity,KLA Corp,12/31/20,KLAC
LRCX UW Equity,Lam Research Corp,12/31/20,LRCX
LULU UW Equity,Lululemon Athletica Inc,12/31/20,LULU
MAR UW Equity,Marriott International Inc/MD,12/31/20,MAR
MCHP UW Equity,Microchip Technology Inc,12/31/20,MCHP
MDLZ UW Equity,Mondelez International Inc,12/31/20,MDLZ
MELI UW Equity,MercadoLibre Inc,12/31/20,MELI
META UW Equity,Meta Platforms Inc,12/31/20,META
MNST UW Equity,Monster Beverage Corp,12/31/20,MNST
MRNA UW Equity,Moderna Inc,12/31/20,MRNA
MRVL UW Equity,Marvell Technology Inc,12/31/20,MVRL
MSFT UW Equity,Microsoft Corp,12/31/20,MSFT
MTCH UW Equity,Match Group Inc,12/31/20,MTCH
MU UW Equity,Micron Technology Inc,12/31/20,MU
MXIM UW Equity,Maxim Integrated Products Inc,12/31/20,MXIM
NFLX UW Equity,Netflix Inc,12/31/20,NFLX
NTES UW Equity,NetEase Inc,12/31/20,NTES
NVDA UW Equity,NVIDIA Corp,12/31/20,NVDA
NXPI UW Equity,NXP Semiconductors NV,12/31/20,NXPI
OKTA UW Equity,Okta Inc,12/31/20,OKTA
ORLY UW Equity,O'Reilly Automotive Inc,12/31/20,ORLY
PAYX UW Equity,Paychex Inc,12/31/20,PAYX
PCAR UW Equity,PACCAR Inc,12/31/20,PCAR
PDD UW Equity,PDD Holdings Inc,12/31/20,PDD
PEP UW Equity,PepsiCo Inc,12/31/20,PEP
PTON UW Equity,Peloton Interactive Inc,12/31/20,PTON
PYPL UW Equity,PayPal Holdings Inc,12/31/20,PYPL
QCOM UW Equity,QUALCOMM Inc,12/31/20,QCOM
REGN UW Equity,Regeneron Pharmaceuticals Inc,12/31/20,REGN
ROST UW Equity,Ross Stores Inc,12/31/20,ROST
SBUX UW Equity,Starbucks Corp,12/31/20,SBUX
SGEN UW Equity,Seagen Inc,12/31/20,SGEN
SNPS UW Equity,Synopsys Inc,12/31/20,SNPS
SPLK UW Equity,Splunk Inc,12/31/20,SPLK
SWKS UW Equity,Skyworks Solutions Inc,12/31/20,SWKS
TCOM UW Equity,Trip.com Group Ltd,12/31/20,TCOM
TEAM UW Equity,Atlassian Corp,12/31/20,TEAM
TMUS UW Equity,T-Mobile US Inc,12/31/20,TMUS
TSLA UW Equity,Tesla Inc,12/31/20,TSLA
TXN UW Equity,Texas Instruments Inc,12/31/20,TXN
VRSK UW Equity,Verisk Analytics Inc,12/31/20,VRSK
VRSN UW Equity,VeriSign Inc,12/31/20,VRSN
VRTX UW Equity,Vertex Pharmaceuticals Inc,12/31/20,VRTX
WBA UW Equity,Walgreens Boots Alliance Inc,12/31/20,WBA
WDAY UW Equity,Workday Inc,12/31/20,WDAY
XEL UW Equity,Xcel Energy Inc,12/31/20,XEL
XLNX UW Equity,Xilinx Inc,12/31/20,XLNX
ZM UW Equity,Zoom Communications Inc,12/31/20,ZM
9210611D UW Equity,Sirius XM Inc,6/30/21,LSXM.K
AAPL UW Equity,Apple Inc,6/30/21,AAPL
ADBE UW Equity,Adobe Inc,6/30/21,ADBE
ADI UW Equity,Analog Devices Inc,6/30/21,ADI
ADP UW Equity,Automatic Data Processing Inc,6/30/21,ADP
ADSK UW Equity,Autodesk Inc,6/30/21,ADSK
AEP UW Equity,American Electric Power Co Inc,6/30/21,AEP
ALGN UW Equity,Align Technology Inc,6/30/21,ALGN
ALXN UW Equity,Alexion Pharmaceuticals Inc/MA,6/30/21,ALXN
AMAT UW Equity,Applied Materials Inc,6/30/21,AMAT
AMD UW Equity,Advanced Micro Devices Inc,6/30/21,AMD
AMGN UW Equity,Amgen Inc,6/30/21,AMGN
AMZN UW Equity,Amazon.com Inc,6/30/21,AMZN
ANSS UW Equity,ANSYS Inc,6/30/21,ANSS
ASML UW Equity,ASML Holding NV,6/30/21,ASML
ATVI UW Equity,Activision Blizzard Inc,6/30/21,ATVI
AVGO UW Equity,Broadcom Inc,6/30/21,AVGO
BIDU UW Equity,Baidu Inc,6/30/21,BIDU
BIIB UW Equity,Biogen Inc,6/30/21,BIIB
BKNG UW Equity,Booking Holdings Inc,6/30/21,BKNG
CDNS UW Equity,Cadence Design Systems Inc,6/30/21,CDNS
CDW UW Equity,CDW Corp/DE,6/30/21,CDW
CERN UW Equity,Cerner Corp,6/30/21,CERN
CHKP UW Equity,Check Point Software Technolog,6/30/21,CHKP
CHTR UW Equity,Charter Communications Inc,6/30/21,CHTR
CMCSA UW Equity,Comcast Corp,6/30/21,CMCSA
COST UW Equity,Costco Wholesale Corp,6/30/21,COST
CPRT UW Equity,Copart Inc,6/30/21,CPRT
CSCO UW Equity,Cisco Systems Inc,6/30/21,CSCO
CSX UW Equity,CSX Corp,6/30/21,CSX
CTAS UW Equity,Cintas Corp,6/30/21,CTAS
CTSH UW Equity,Cognizant Technology Solutions,6/30/21,CTSH
DLTR UW Equity,Dollar Tree Inc,6/30/21,DLTR
DOCU UW Equity,Docusign Inc,6/30/21,DOCU
DXCM UW Equity,Dexcom Inc,6/30/21,DXCM
EA UW Equity,Electronic Arts Inc,6/30/21,EA
EBAY UW Equity,eBay Inc,6/30/21,EBAY
EXC UW Equity,Exelon Corp,6/30/21,EXC
FAST UW Equity,Fastenal Co,6/30/21,FAST
FI UW Equity,Fiserv Inc,6/30/21,FISV
FOX UW Equity,Fox Corp,6/30/21,FOX
FOXA UW Equity,Fox Corp,6/30/21,FOX
GILD UW Equity,Gilead Sciences Inc,6/30/21,GILD
GOOG UW Equity,Alphabet Inc,6/30/21,GOOG
GOOGL UW Equity,Alphabet Inc,6/30/21,GOOGL
IDXX UW Equity,IDEXX Laboratories Inc,6/30/21,IDXX
ILMN UW Equity,Illumina Inc,6/30/21,ILMN
INCY UW Equity,Incyte Corp,6/30/21,INCY
INTC UW Equity,Intel Corp,6/30/21,INTC
INTU UW Equity,Intuit Inc,6/30/21,INTU
ISRG UW Equity,Intuitive Surgical Inc,6/30/21,ISRG
JD UW Equity,JD.com Inc,6/30/21,JD
KDP UW Equity,Keurig Dr Pepper Inc,6/30/21,KDP
KHC UW Equity,Kraft Heinz Co/The,6/30/21,KHC
KLAC UW Equity,KLA Corp,6/30/21,KLAC
LRCX UW Equity,Lam Research Corp,6/30/21,LRCX
LULU UW Equity,Lululemon Athletica Inc,6/30/21,LULU
MAR UW Equity,Marriott International Inc/MD,6/30/21,MAR
MCHP UW Equity,Microchip Technology Inc,6/30/21,MCHP
MDLZ UW Equity,Mondelez International Inc,6/30/21,MDLZ
MELI UW Equity,MercadoLibre Inc,6/30/21,MELI
META UW Equity,Meta Platforms Inc,6/30/21,META
MNST UW Equity,Monster Beverage Corp,6/30/21,MNST
MRNA UW Equity,Moderna Inc,6/30/21,MRNA
MRVL UW Equity,Marvell Technology Inc,6/30/21,MVRL
MSFT UW Equity,Microsoft Corp,6/30/21,MSFT
MTCH UW Equity,Match Group Inc,6/30/21,MTCH
MU UW Equity,Micron Technology Inc,6/30/21,MU
MXIM UW Equity,Maxim Integrated Products Inc,6/30/21,MXIM
NFLX UW Equity,Netflix Inc,6/30/21,NFLX
NTES UW Equity,NetEase Inc,6/30/21,NTES
NVDA UW Equity,NVIDIA Corp,6/30/21,NVDA
NXPI UW Equity,NXP Semiconductors NV,6/30/21,NXPI
OKTA UW Equity,Okta Inc,6/30/21,OKTA
ORLY UW Equity,O'Reilly Automotive Inc,6/30/21,ORLY
PAYX UW Equity,Paychex Inc,6/30/21,PAYX
PCAR UW Equity,PACCAR Inc,6/30/21,PCAR
PDD UW Equity,PDD Holdings Inc,6/30/21,PDD
PEP UW Equity,PepsiCo Inc,6/30/21,PEP
PTON UW Equity,Peloton Interactive Inc,6/30/21,PTON
PYPL UW Equity,PayPal Holdings Inc,6/30/21,PYPL
QCOM UW Equity,QUALCOMM Inc,6/30/21,QCOM
REGN UW Equity,Regeneron Pharmaceuticals Inc,6/30/21,REGN
ROST UW Equity,Ross Stores Inc,6/30/21,ROST
SBUX UW Equity,Starbucks Corp,6/30/21,SBUX
SGEN UW Equity,Seagen Inc,6/30/21,SGEN
SNPS UW Equity,Synopsys Inc,6/30/21,SNPS
SPLK UW Equity,Splunk Inc,6/30/21,SPLK
SWKS UW Equity,Skyworks Solutions Inc,6/30/21,SWKS
TCOM UW Equity,Trip.com Group Ltd,6/30/21,TCOM
TEAM UW Equity,Atlassian Corp,6/30/21,TEAM
TMUS UW Equity,T-Mobile US Inc,6/30/21,TMUS
TSLA UW Equity,Tesla Inc,6/30/21,TSLA
TXN UW Equity,Texas Instruments Inc,6/30/21,TXN
VRSK UW Equity,Verisk Analytics Inc,6/30/21,VRSK
VRSN UW Equity,VeriSign Inc,6/30/21,VRSN
VRTX UW Equity,Vertex Pharmaceuticals Inc,6/30/21,VRTX
WBA UW Equity,Walgreens Boots Alliance Inc,6/30/21,WBA
WDAY UW Equity,Workday Inc,6/30/21,WDAY
XEL UW Equity,Xcel Energy Inc,6/30/21,XEL
XLNX UW Equity,Xilinx Inc,6/30/21,XLNX
ZM UW Equity,Zoom Communications Inc,6/30/21,ZM
9210611D UW Equity,Sirius XM Inc,12/31/21,LSXM.K
AAPL UW Equity,Apple Inc,12/31/21,AAPL
ABNB UW Equity,Airbnb Inc,12/31/21,ABNB
ADBE UW Equity,Adobe Inc,12/31/21,ADBE
ADI UW Equity,Analog Devices Inc,12/31/21,ADI
ADP UW Equity,Automatic Data Processing Inc,12/31/21,ADP
ADSK UW Equity,Autodesk Inc,12/31/21,ADSK
AEP UW Equity,American Electric Power Co Inc,12/31/21,AEP
ALGN UW Equity,Align Technology Inc,12/31/21,ALGN
AMAT UW Equity,Applied Materials Inc,12/31/21,AMAT
AMD UW Equity,Advanced Micro Devices Inc,12/31/21,AMD
AMGN UW Equity,Amgen Inc,12/31/21,AMGN
AMZN UW Equity,Amazon.com Inc,12/31/21,AMZN
ANSS UW Equity,ANSYS Inc,12/31/21,ANSS
ASML UW Equity,ASML Holding NV,12/31/21,ASML
ATVI UW Equity,Activision Blizzard Inc,12/31/21,ATVI
AVGO UW Equity,Broadcom Inc,12/31/21,AVGO
BIDU UW Equity,Baidu Inc,12/31/21,BIDU
BIIB UW Equity,Biogen Inc,12/31/21,BIIB
BKNG UW Equity,Booking Holdings Inc,12/31/21,BKNG
CDNS UW Equity,Cadence Design Systems Inc,12/31/21,CDNS
CHTR UW Equity,Charter Communications Inc,12/31/21,CHTR
CMCSA UW Equity,Comcast Corp,12/31/21,CMCSA
COST UW Equity,Costco Wholesale Corp,12/31/21,COST
CPRT UW Equity,Copart Inc,12/31/21,CPRT
CRWD UW Equity,Crowdstrike Holdings Inc,12/31/21,CRWD
CSCO UW Equity,Cisco Systems Inc,12/31/21,CSCO
CSX UW Equity,CSX Corp,12/31/21,CSX
CTAS UW Equity,Cintas Corp,12/31/21,CTAS
CTSH UW Equity,Cognizant Technology Solutions,12/31/21,CTSH
DDOG UW Equity,Datadog Inc,12/31/21,DDOG
DLTR UW Equity,Dollar Tree Inc,12/31/21,DLTR
DOCU UW Equity,Docusign Inc,12/31/21,DOCU
DXCM UW Equity,Dexcom Inc,12/31/21,DXCM
EA UW Equity,Electronic Arts Inc,12/31/21,EA
EBAY UW Equity,eBay Inc,12/31/21,EBAY
EXC UW Equity,Exelon Corp,12/31/21,EXC
FAST UW Equity,Fastenal Co,12/31/21,FAST
FI UW Equity,Fiserv Inc,12/31/21,FISV
FTNT UW Equity,Fortinet Inc,12/31/21,FSLR
GILD UW Equity,Gilead Sciences Inc,12/31/21,GILD
GOOG UW Equity,Alphabet Inc,12/31/21,GOOG
GOOGL UW Equity,Alphabet Inc,12/31/21,GOOGL
HON UW Equity,Honeywell International Inc,12/31/21,HON
IDXX UW Equity,IDEXX Laboratories Inc,12/31/21,IDXX
ILMN UW Equity,Illumina Inc,12/31/21,ILMN
INTC UW Equity,Intel Corp,12/31/21,INTC
INTU UW Equity,Intuit Inc,12/31/21,INTU
ISRG UW Equity,Intuitive Surgical Inc,12/31/21,ISRG
JD UW Equity,JD.com Inc,12/31/21,JD
KDP UW Equity,Keurig Dr Pepper Inc,12/31/21,KDP
KHC UW Equity,Kraft Heinz Co/The,12/31/21,KHC
KLAC UW Equity,KLA Corp,12/31/21,KLAC
LCID UW Equity,Lucid Group Inc,12/31/21,LCID
LRCX UW Equity,Lam Research Corp,12/31/21,LRCX
LULU UW Equity,Lululemon Athletica Inc,12/31/21,LULU
MAR UW Equity,Marriott International Inc/MD,12/31/21,MAR
MCHP UW Equity,Microchip Technology Inc,12/31/21,MCHP
MDLZ UW Equity,Mondelez International Inc,12/31/21,MDLZ
MELI UW Equity,MercadoLibre Inc,12/31/21,MELI
META UW Equity,Meta Platforms Inc,12/31/21,META
MNST UW Equity,Monster Beverage Corp,12/31/21,MNST
MRNA UW Equity,Moderna Inc,12/31/21,MRNA
MRVL UW Equity,Marvell Technology Inc,12/31/21,MVRL
MSFT UW Equity,Microsoft Corp,12/31/21,MSFT
MTCH UW Equity,Match Group Inc,12/31/21,MTCH
MU UW Equity,Micron Technology Inc,12/31/21,MU
NFLX UW Equity,Netflix Inc,12/31/21,NFLX
NTES UW Equity,NetEase Inc,12/31/21,NTES
NVDA UW Equity,NVIDIA Corp,12/31/21,NVDA
NXPI UW Equity,NXP Semiconductors NV,12/31/21,NXPI
OKTA UW Equity,Okta Inc,12/31/21,OKTA
ORLY UW Equity,O'Reilly Automotive Inc,12/31/21,ORLY
PANW UW Equity,Palo Alto Networks Inc,12/31/21,PANW
PAYX UW Equity,Paychex Inc,12/31/21,PAYX
PCAR UW Equity,PACCAR Inc,12/31/21,PCAR
PDD UW Equity,PDD Holdings Inc,12/31/21,PDD
PEP UW Equity,PepsiCo Inc,12/31/21,PEP
PTON UW Equity,Peloton Interactive Inc,12/31/21,PTON
PYPL UW Equity,PayPal Holdings Inc,12/31/21,PYPL
QCOM UW Equity,QUALCOMM Inc,12/31/21,QCOM
REGN UW Equity,Regeneron Pharmaceuticals Inc,12/31/21,REGN
ROST UW Equity,Ross Stores Inc,12/31/21,ROST
SBUX UW Equity,Starbucks Corp,12/31/21,SBUX
SGEN UW Equity,Seagen Inc,12/31/21,SGEN
SNPS UW Equity,Synopsys Inc,12/31/21,SNPS
SPLK UW Equity,Splunk Inc,12/31/21,SPLK
SWKS UW Equity,Skyworks Solutions Inc,12/31/21,SWKS
TEAM UW Equity,Atlassian Corp,12/31/21,TEAM
TMUS UW Equity,T-Mobile US Inc,12/31/21,TMUS
TSLA UW Equity,Tesla Inc,12/31/21,TSLA
TXN UW Equity,Texas Instruments Inc,12/31/21,TXN
VRSK UW Equity,Verisk Analytics Inc,12/31/21,VRSK
VRSN UW Equity,VeriSign Inc,12/31/21,VRSN
VRTX UW Equity,Vertex Pharmaceuticals Inc,12/31/21,VRTX
WBA UW Equity,Walgreens Boots Alliance Inc,12/31/21,WBA
WDAY UW Equity,Workday Inc,12/31/21,WDAY
XEL UW Equity,Xcel Energy Inc,12/31/21,XEL
XLNX UW Equity,Xilinx Inc,12/31/21,XLNX
ZM UW Equity,Zoom Communications Inc,12/31/21,ZM
ZS UW Equity,Zscaler Inc,12/31/21,ZS
9210611D UW Equity,Sirius XM Inc,6/30/22,LSXM.K
AAPL UW Equity,Apple Inc,6/30/22,AAPL
ABNB UW Equity,Airbnb Inc,6/30/22,ABNB
ADBE UW Equity,Adobe Inc,6/30/22,ADBE
ADI UW Equity,Analog Devices Inc,6/30/22,ADI
ADP UW Equity,Automatic Data Processing Inc,6/30/22,ADP
ADSK UW Equity,Autodesk Inc,6/30/22,ADSK
AEP UW Equity,American Electric Power Co Inc,6/30/22,AEP
ALGN UW Equity,Align Technology Inc,6/30/22,ALGN
AMAT UW Equity,Applied Materials Inc,6/30/22,AMAT
AMD UW Equity,Advanced Micro Devices Inc,6/30/22,AMD
AMGN UW Equity,Amgen Inc,6/30/22,AMGN
AMZN UW Equity,Amazon.com Inc,6/30/22,AMZN
ANSS UW Equity,ANSYS Inc,6/30/22,ANSS
ASML UW Equity,ASML Holding NV,6/30/22,ASML
ATVI UW Equity,Activision Blizzard Inc,6/30/22,ATVI
AVGO UW Equity,Broadcom Inc,6/30/22,AVGO
AZN UW Equity,AstraZeneca PLC,6/30/22,AZN
BIDU UW Equity,Baidu Inc,6/30/22,BIDU
BIIB UW Equity,Biogen Inc,6/30/22,BIIB
BKNG UW Equity,Booking Holdings Inc,6/30/22,BKNG
CDNS UW Equity,Cadence Design Systems Inc,6/30/22,CDNS
CEG UW Equity,Constellation Energy Corp,6/30/22,CEG
CHTR UW Equity,Charter Communications Inc,6/30/22,CHTR
CMCSA UW Equity,Comcast Corp,6/30/22,CMCSA
COST UW Equity,Costco Wholesale Corp,6/30/22,COST
CPRT UW Equity,Copart Inc,6/30/22,CPRT
CRWD UW Equity,Crowdstrike Holdings Inc,6/30/22,CRWD
CSCO UW Equity,Cisco Systems Inc,6/30/22,CSCO
CSX UW Equity,CSX Corp,6/30/22,CSX
CTAS UW Equity,Cintas Corp,6/30/22,CTAS
CTSH UW Equity,Cognizant Technology Solutions,6/30/22,CTSH
DDOG UW Equity,Datadog Inc,6/30/22,DDOG
DLTR UW Equity,Dollar Tree Inc,6/30/22,DLTR
DOCU UW Equity,Docusign Inc,6/30/22,DOCU
DXCM UW Equity,Dexcom Inc,6/30/22,DXCM
EA UW Equity,Electronic Arts Inc,6/30/22,EA
EBAY UW Equity,eBay Inc,6/30/22,EBAY
EXC UW Equity,Exelon Corp,6/30/22,EXC
FAST UW Equity,Fastenal Co,6/30/22,FAST
FI UW Equity,Fiserv Inc,6/30/22,FISV
FTNT UW Equity,Fortinet Inc,6/30/22,FSLR
GILD UW Equity,Gilead Sciences Inc,6/30/22,GILD
GOOG UW Equity,Alphabet Inc,6/30/22,GOOG
GOOGL UW Equity,Alphabet Inc,6/30/22,GOOGL
HON UW Equity,Honeywell International Inc,6/30/22,HON
IDXX UW Equity,IDEXX Laboratories Inc,6/30/22,IDXX
ILMN UW Equity,Illumina Inc,6/30/22,ILMN
INTC UW Equity,Intel Corp,6/30/22,INTC
INTU UW Equity,Intuit Inc,6/30/22,INTU
ISRG UW Equity,Intuitive Surgical Inc,6/30/22,ISRG
JD UW Equity,JD.com Inc,6/30/22,JD
KDP UW Equity,Keurig Dr Pepper Inc,6/30/22,KDP
KHC UW Equity,Kraft Heinz Co/The,6/30/22,KHC
KLAC UW Equity,KLA Corp,6/30/22,KLAC
LCID UW Equity,Lucid Group Inc,6/30/22,LCID
LRCX UW Equity,Lam Research Corp,6/30/22,LRCX
LULU UW Equity,Lululemon Athletica Inc,6/30/22,LULU
MAR UW Equity,Marriott International Inc/MD,6/30/22,MAR
MCHP UW Equity,Microchip Technology Inc,6/30/22,MCHP
MDLZ UW Equity,Mondelez International Inc,6/30/22,MDLZ
MELI UW Equity,MercadoLibre Inc,6/30/22,MELI
META UW Equity,Meta Platforms Inc,6/30/22,META
MNST UW Equity,Monster Beverage Corp,6/30/22,MNST
MRNA UW Equity,Moderna Inc,6/30/22,MRNA
MRVL UW Equity,Marvell Technology Inc,6/30/22,MVRL
MSFT UW Equity,Microsoft Corp,6/30/22,MSFT
MTCH UW Equity,Match Group Inc,6/30/22,MTCH
MU UW Equity,Micron Technology Inc,6/30/22,MU
NFLX UW Equity,Netflix Inc,6/30/22,NFLX
NTES UW Equity,NetEase Inc,6/30/22,NTES
NVDA UW Equity,NVIDIA Corp,6/30/22,NVDA
NXPI UW Equity,NXP Semiconductors NV,6/30/22,NXPI
ODFL UW Equity,Old Dominion Freight Line Inc,6/30/22,ODFL
OKTA UW Equity,Okta Inc,6/30/22,OKTA
ORLY UW Equity,O'Reilly Automotive Inc,6/30/22,ORLY
PANW UW Equity,Palo Alto Networks Inc,6/30/22,PANW
PAYX UW Equity,Paychex Inc,6/30/22,PAYX
PCAR UW Equity,PACCAR Inc,6/30/22,PCAR
PDD UW Equity,PDD Holdings Inc,6/30/22,PDD
PEP UW Equity,PepsiCo Inc,6/30/22,PEP
PYPL UW Equity,PayPal Holdings Inc,6/30/22,PYPL
QCOM UW Equity,QUALCOMM Inc,6/30/22,QCOM
REGN UW Equity,Regeneron Pharmaceuticals Inc,6/30/22,REGN
ROST UW Equity,Ross Stores Inc,6/30/22,ROST
SBUX UW Equity,Starbucks Corp,6/30/22,SBUX
SGEN UW Equity,Seagen Inc,6/30/22,SGEN
SNPS UW Equity,Synopsys Inc,6/30/22,SNPS
SPLK UW Equity,Splunk Inc,6/30/22,SPLK
SWKS UW Equity,Skyworks Solutions Inc,6/30/22,SWKS
TEAM UW Equity,Atlassian Corp,6/30/22,TEAM
TMUS UW Equity,T-Mobile US Inc,6/30/22,TMUS
TSLA UW Equity,Tesla Inc,6/30/22,TSLA
TXN UW Equity,Texas Instruments Inc,6/30/22,TXN
VRSK UW Equity,Verisk Analytics Inc,6/30/22,VRSK
VRSN UW Equity,VeriSign Inc,6/30/22,VRSN
VRTX UW Equity,Vertex Pharmaceuticals Inc,6/30/22,VRTX
WBA UW Equity,Walgreens Boots Alliance Inc,6/30/22,WBA
WDAY UW Equity,Workday Inc,6/30/22,WDAY
XEL UW Equity,Xcel Energy Inc,6/30/22,XEL
ZM UW Equity,Zoom Communications Inc,6/30/22,ZM
ZS UW Equity,Zscaler Inc,6/30/22,ZS
9210611D UW Equity,Sirius XM Inc,12/31/22,LSXM.K
AAPL UW Equity,Apple Inc,12/31/22,AAPL
ABNB UW Equity,Airbnb Inc,12/31/22,ABNB
ADBE UW Equity,Adobe Inc,12/31/22,ADBE
ADI UW Equity,Analog Devices Inc,12/31/22,ADI
ADP UW Equity,Automatic Data Processing Inc,12/31/22,ADP
ADSK UW Equity,Autodesk Inc,12/31/22,ADSK
AEP UW Equity,American Electric Power Co Inc,12/31/22,AEP
ALGN UW Equity,Align Technology Inc,12/31/22,ALGN
AMAT UW Equity,Applied Materials Inc,12/31/22,AMAT
AMD UW Equity,Advanced Micro Devices Inc,12/31/22,AMD
AMGN UW Equity,Amgen Inc,12/31/22,AMGN
AMZN UW Equity,Amazon.com Inc,12/31/22,AMZN
ANSS UW Equity,ANSYS Inc,12/31/22,ANSS
ASML UW Equity,ASML Holding NV,12/31/22,ASML
ATVI UW Equity,Activision Blizzard Inc,12/31/22,ATVI
AVGO UW Equity,Broadcom Inc,12/31/22,AVGO
AZN UW Equity,AstraZeneca PLC,12/31/22,AZN
BIIB UW Equity,Biogen Inc,12/31/22,BIIB
BKNG UW Equity,Booking Holdings Inc,12/31/22,BKNG
BKR UW Equity,Baker Hughes Co,12/31/22,BKR
CDNS UW Equity,Cadence Design Systems Inc,12/31/22,CDNS
CEG UW Equity,Constellation Energy Corp,12/31/22,CEG
CHTR UW Equity,Charter Communications Inc,12/31/22,CHTR
CMCSA UW Equity,Comcast Corp,12/31/22,CMCSA
COST UW Equity,Costco Wholesale Corp,12/31/22,COST
CPRT UW Equity,Copart Inc,12/31/22,CPRT
CRWD UW Equity,Crowdstrike Holdings Inc,12/31/22,CRWD
CSCO UW Equity,Cisco Systems Inc,12/31/22,CSCO
CSGP UW Equity,CoStar Group Inc,12/31/22,CSGP
CSX UW Equity,CSX Corp,12/31/22,CSX
CTAS UW Equity,Cintas Corp,12/31/22,CTAS
CTSH UW Equity,Cognizant Technology Solutions,12/31/22,CTSH
DDOG UW Equity,Datadog Inc,12/31/22,DDOG
DLTR UW Equity,Dollar Tree Inc,12/31/22,DLTR
DXCM UW Equity,Dexcom Inc,12/31/22,DXCM
EA UW Equity,Electronic Arts Inc,12/31/22,EA
EBAY UW Equity,eBay Inc,12/31/22,EBAY
ENPH UQ Equity,Enphase Energy Inc,12/31/22,ENP
EXC UW Equity,Exelon Corp,12/31/22,EXC
FANG UW Equity,Diamondback Energy Inc,12/31/22,FANG
FAST UW Equity,Fastenal Co,12/31/22,FAST
FI UW Equity,Fiserv Inc,12/31/22,FISV
FTNT UW Equity,Fortinet Inc,12/31/22,FSLR
GFS UW Equity,GLOBALFOUNDRIES Inc,12/31/22,GFS
GILD UW Equity,Gilead Sciences Inc,12/31/22,GILD
GOOG UW Equity,Alphabet Inc,12/31/22,GOOG
GOOGL UW Equity,Alphabet Inc,12/31/22,GOOGL
HON UW Equity,Honeywell International Inc,12/31/22,HON
IDXX UW Equity,IDEXX Laboratories Inc,12/31/22,IDXX
ILMN UW Equity,Illumina Inc,12/31/22,ILMN
INTC UW Equity,Intel Corp,12/31/22,INTC
INTU UW Equity,Intuit Inc,12/31/22,INTU
ISRG UW Equity,Intuitive Surgical Inc,12/31/22,ISRG
JD UW Equity,JD.com Inc,12/31/22,JD
KDP UW Equity,Keurig Dr Pepper Inc,12/31/22,KDP
KHC UW Equity,Kraft Heinz Co/The,12/31/22,KHC
KLAC UW Equity,KLA Corp,12/31/22,KLAC
LCID UW Equity,Lucid Group Inc,12/31/22,LCID
LRCX UW Equity,Lam Research Corp,12/31/22,LRCX
LULU UW Equity,Lululemon Athletica Inc,12/31/22,LULU
MAR UW Equity,Marriott International Inc/MD,12/31/22,MAR
MCHP UW Equity,Microchip Technology Inc,12/31/22,MCHP
MDLZ UW Equity,Mondelez International Inc,12/31/22,MDLZ
MELI UW Equity,MercadoLibre Inc,12/31/22,MELI
META UW Equity,Meta Platforms Inc,12/31/22,META
MNST UW Equity,Monster Beverage Corp,12/31/22,MNST
MRNA UW Equity,Moderna Inc,12/31/22,MRNA
MRVL UW Equity,Marvell Technology Inc,12/31/22,MVRL
MSFT UW Equity,Microsoft Corp,12/31/22,MSFT
MU UW Equity,Micron Technology Inc,12/31/22,MU
NFLX UW Equity,Netflix Inc,12/31/22,NFLX
NVDA UW Equity,NVIDIA Corp,12/31/22,NVDA
NXPI UW Equity,NXP Semiconductors NV,12/31/22,NXPI
ODFL UW Equity,Old Dominion Freight Line Inc,12/31/22,ODFL
ORLY UW Equity,O'Reilly Automotive Inc,12/31/22,ORLY
PANW UW Equity,Palo Alto Networks Inc,12/31/22,PANW
PAYX UW Equity,Paychex Inc,12/31/22,PAYX
PCAR UW Equity,PACCAR Inc,12/31/22,PCAR
PDD UW Equity,PDD Holdings Inc,12/31/22,PDD
PEP UW Equity,PepsiCo Inc,12/31/22,PEP
PYPL UW Equity,PayPal Holdings Inc,12/31/22,PYPL
QCOM UW Equity,QUALCOMM Inc,12/31/22,QCOM
REGN UW Equity,Regeneron Pharmaceuticals Inc,12/31/22,REGN
RIVN UW Equity,Rivian Automotive Inc,12/31/22,RIVN
ROST UW Equity,Ross Stores Inc,12/31/22,ROST
SBUX UW Equity,Starbucks Corp,12/31/22,SBUX
SGEN UW Equity,Seagen Inc,12/31/22,SGEN
SNPS UW Equity,Synopsys Inc,12/31/22,SNPS
TEAM UW Equity,Atlassian Corp,12/31/22,TEAM
TMUS UW Equity,T-Mobile US Inc,12/31/22,TMUS
TSLA UW Equity,Tesla Inc,12/31/22,TSLA
TXN UW Equity,Texas Instruments Inc,12/31/22,TXN
VRSK UW Equity,Verisk Analytics Inc,12/31/22,VRSK
VRTX UW Equity,Vertex Pharmaceuticals Inc,12/31/22,VRTX
WBA UW Equity,Walgreens Boots Alliance Inc,12/31/22,WBA
WBD UW Equity,Warner Bros Discovery Inc,12/31/22,WBD
WDAY UW Equity,Workday Inc,12/31/22,WDAY
XEL UW Equity,Xcel Energy Inc,12/31/22,XEL
ZM UW Equity,Zoom Communications Inc,12/31/22,ZM
ZS UW Equity,Zscaler Inc,12/31/22,ZS
9210611D UW Equity,Sirius XM Inc,6/30/23,LSXM.K
AAPL UW Equity,Apple Inc,6/30/23,AAPL
ABNB UW Equity,Airbnb Inc,6/30/23,ABNB
ADBE UW Equity,Adobe Inc,6/30/23,ADBE
ADI UW Equity,Analog Devices Inc,6/30/23,ADI
ADP UW Equity,Automatic Data Processing Inc,6/30/23,ADP
ADSK UW Equity,Autodesk Inc,6/30/23,ADSK
AEP UW Equity,American Electric Power Co Inc,6/30/23,AEP
ALGN UW Equity,Align Technology Inc,6/30/23,ALGN
AMAT UW Equity,Applied Materials Inc,6/30/23,AMAT
AMD UW Equity,Advanced Micro Devices Inc,6/30/23,AMD
AMGN UW Equity,Amgen Inc,6/30/23,AMGN
AMZN UW Equity,Amazon.com Inc,6/30/23,AMZN
ANSS UW Equity,ANSYS Inc,6/30/23,ANSS
ASML UW Equity,ASML Holding NV,6/30/23,ASML
ATVI UW Equity,Activision Blizzard Inc,6/30/23,ATVI
AVGO UW Equity,Broadcom Inc,6/30/23,AVGO
AZN UW Equity,AstraZeneca PLC,6/30/23,AZN
BIIB UW Equity,Biogen Inc,6/30/23,BIIB
BKNG UW Equity,Booking Holdings Inc,6/30/23,BKNG
BKR UW Equity,Baker Hughes Co,6/30/23,BKR
CDNS UW Equity,Cadence Design Systems Inc,6/30/23,CDNS
CEG UW Equity,Constellation Energy Corp,6/30/23,CEG
CHTR UW Equity,Charter Communications Inc,6/30/23,CHTR
CMCSA UW Equity,Comcast Corp,6/30/23,CMCSA
COST UW Equity,Costco Wholesale Corp,6/30/23,COST
CPRT UW Equity,Copart Inc,6/30/23,CPRT
CRWD UW Equity,Crowdstrike Holdings Inc,6/30/23,CRWD
CSCO UW Equity,Cisco Systems Inc,6/30/23,CSCO
CSGP UW Equity,CoStar Group Inc,6/30/23,CSGP
CSX UW Equity,CSX Corp,6/30/23,CSX
CTAS UW Equity,Cintas Corp,6/30/23,CTAS
CTSH UW Equity,Cognizant Technology Solutions,6/30/23,CTSH
DDOG UW Equity,Datadog Inc,6/30/23,DDOG
DLTR UW Equity,Dollar Tree Inc,6/30/23,DLTR
DXCM UW Equity,Dexcom Inc,6/30/23,DXCM
EA UW Equity,Electronic Arts Inc,6/30/23,EA
EBAY UW Equity,eBay Inc,6/30/23,EBAY
ENPH UQ Equity,Enphase Energy Inc,6/30/23,ENP
EXC UW Equity,Exelon Corp,6/30/23,EXC
FANG UW Equity,Diamondback Energy Inc,6/30/23,FANG
FAST UW Equity,Fastenal Co,6/30/23,FAST
FTNT UW Equity,Fortinet Inc,6/30/23,FSLR
GEHC UW Equity,GE HealthCare Technologies Inc,6/30/23,GEHC
GFS UW Equity,GLOBALFOUNDRIES Inc,6/30/23,GFS
GILD UW Equity,Gilead Sciences Inc,6/30/23,GILD
GOOG UW Equity,Alphabet Inc,6/30/23,GOOG
GOOGL UW Equity,Alphabet Inc,6/30/23,GOOGL
HON UW Equity,Honeywell International Inc,6/30/23,HON
IDXX UW Equity,IDEXX Laboratories Inc,6/30/23,IDXX
ILMN UW Equity,Illumina Inc,6/30/23,ILMN
INTC UW Equity,Intel Corp,6/30/23,INTC
INTU UW Equity,Intuit Inc,6/30/23,INTU
ISRG UW Equity,Intuitive Surgical Inc,6/30/23,ISRG
JD UW Equity,JD.com Inc,6/30/23,JD
KDP UW Equity,Keurig Dr Pepper Inc,6/30/23,KDP
KHC UW Equity,Kraft Heinz Co/The,6/30/23,KHC
KLAC UW Equity,KLA Corp,6/30/23,KLAC
LCID UW Equity,Lucid Group Inc,6/30/23,LCID
LRCX UW Equity,Lam Research Corp,6/30/23,LRCX
LULU UW Equity,Lululemon Athletica Inc,6/30/23,LULU
MAR UW Equity,Marriott International Inc/MD,6/30/23,MAR
MCHP UW Equity,Microchip Technology Inc,6/30/23,MCHP
MDLZ UW Equity,Mondelez International Inc,6/30/23,MDLZ
MELI UW Equity,MercadoLibre Inc,6/30/23,MELI
META UW Equity,Meta Platforms Inc,6/30/23,META
MNST UW Equity,Monster Beverage Corp,6/30/23,MNST
MRNA UW Equity,Moderna Inc,6/30/23,MRNA
MRVL UW Equity,Marvell Technology Inc,6/30/23,MVRL
MSFT UW Equity,Microsoft Corp,6/30/23,MSFT
MU UW Equity,Micron Technology Inc,6/30/23,MU
NFLX UW Equity,Netflix Inc,6/30/23,NFLX
NVDA UW Equity,NVIDIA Corp,6/30/23,NVDA
NXPI UW Equity,NXP Semiconductors NV,6/30/23,NXPI
ODFL UW Equity,Old Dominion Freight Line Inc,6/30/23,ODFL
ON UW Equity,ON Semiconductor Corp,6/30/23,ON
ORLY UW Equity,O'Reilly Automotive Inc,6/30/23,ORLY
PANW UW Equity,Palo Alto Networks Inc,6/30/23,PANW
PAYX UW Equity,Paychex Inc,6/30/23,PAYX
PCAR UW Equity,PACCAR Inc,6/30/23,PCAR
PDD UW Equity,PDD Holdings Inc,6/30/23,PDD
PEP UW Equity,PepsiCo Inc,6/30/23,PEP
PYPL UW Equity,PayPal Holdings Inc,6/30/23,PYPL
QCOM UW Equity,QUALCOMM Inc,6/30/23,QCOM
REGN UW Equity,Regeneron Pharmaceuticals Inc,6/30/23,REGN
ROST UW Equity,Ross Stores Inc,6/30/23,ROST
SBUX UW Equity,Starbucks Corp,6/30/23,SBUX
SGEN UW Equity,Seagen Inc,6/30/23,SGEN
SNPS UW Equity,Synopsys Inc,6/30/23,SNPS
TEAM UW Equity,Atlassian Corp,6/30/23,TEAM
TMUS UW Equity,T-Mobile US Inc,6/30/23,TMUS
TSLA UW Equity,Tesla Inc,6/30/23,TSLA
TXN UW Equity,Texas Instruments Inc,6/30/23,TXN
VRSK UW Equity,Verisk Analytics Inc,6/30/23,VRSK
VRTX UW Equity,Vertex Pharmaceuticals Inc,6/30/23,VRTX
WBA UW Equity,Walgreens Boots Alliance Inc,6/30/23,WBA
WBD UW Equity,Warner Bros Discovery Inc,6/30/23,WBD
WDAY UW Equity,Workday Inc,6/30/23,WDAY
XEL UW Equity,Xcel Energy Inc,6/30/23,XEL
ZM UW Equity,Zoom Communications Inc,6/30/23,ZM
ZS UW Equity,Zscaler Inc,6/30/23,ZS
9210611D UW Equity,Sirius XM Inc,12/31/23,LSXM.K
AAPL UW Equity,Apple Inc,12/31/23,AAPL
ABNB UW Equity,Airbnb Inc,12/31/23,ABNB
ADBE UW Equity,Adobe Inc,12/31/23,ADBE
ADI UW Equity,Analog Devices Inc,12/31/23,ADI
ADP UW Equity,Automatic Data Processing Inc,12/31/23,ADP
ADSK UW Equity,Autodesk Inc,12/31/23,ADSK
AEP UW Equity,American Electric Power Co Inc,12/31/23,AEP
AMAT UW Equity,Applied Materials Inc,12/31/23,AMAT
AMD UW Equity,Advanced Micro Devices Inc,12/31/23,AMD
AMGN UW Equity,Amgen Inc,12/31/23,AMGN
AMZN UW Equity,Amazon.com Inc,12/31/23,AMZN
ANSS UW Equity,ANSYS Inc,12/31/23,ANSS
ASML UW Equity,ASML Holding NV,12/31/23,ASML
AVGO UW Equity,Broadcom Inc,12/31/23,AVGO
AZN UW Equity,AstraZeneca PLC,12/31/23,AZN
BIIB UW Equity,Biogen Inc,12/31/23,BIIB
BKNG UW Equity,Booking Holdings Inc,12/31/23,BKNG
BKR UW Equity,Baker Hughes Co,12/31/23,BKR
CCEP UW Equity,Coca-Cola Europacific Partners,12/31/23,CCEP
CDNS UW Equity,Cadence Design Systems Inc,12/31/23,CDNS
CDW UW Equity,CDW Corp/DE,12/31/23,CDW
CEG UW Equity,Constellation Energy Corp,12/31/23,CEG
CHTR UW Equity,Charter Communications Inc,12/31/23,CHTR
CMCSA UW Equity,Comcast Corp,12/31/23,CMCSA
COST UW Equity,Costco Wholesale Corp,12/31/23,COST
CPRT UW Equity,Copart Inc,12/31/23,CPRT
CRWD UW Equity,Crowdstrike Holdings Inc,12/31/23,CRWD
CSCO UW Equity,Cisco Systems Inc,12/31/23,CSCO
CSGP UW Equity,CoStar Group Inc,12/31/23,CSGP
CSX UW Equity,CSX Corp,12/31/23,CSX
CTAS UW Equity,Cintas Corp,12/31/23,CTAS
CTSH UW Equity,Cognizant Technology Solutions,12/31/23,CTSH
DASH UN Equity,DoorDash Inc,12/31/23,DASH
DDOG UW Equity,Datadog Inc,12/31/23,DDOG
DLTR UW Equity,Dollar Tree Inc,12/31/23,DLTR
DXCM UW Equity,Dexcom Inc,12/31/23,DXCM
EA UW Equity,Electronic Arts Inc,12/31/23,EA
EXC UW Equity,Exelon Corp,12/31/23,EXC
FANG UW Equity,Diamondback Energy Inc,12/31/23,FANG
FAST UW Equity,Fastenal Co,12/31/23,FAST
FTNT UW Equity,Fortinet Inc,12/31/23,FSLR
GEHC UW Equity,GE HealthCare Technologies Inc,12/31/23,GEHC
GFS UW Equity,GLOBALFOUNDRIES Inc,12/31/23,GFS
GILD UW Equity,Gilead Sciences Inc,12/31/23,GILD
GOOG UW Equity,Alphabet Inc,12/31/23,GOOG
GOOGL UW Equity,Alphabet Inc,12/31/23,GOOGL
HON UW Equity,Honeywell International Inc,12/31/23,HON
IDXX UW Equity,IDEXX Laboratories Inc,12/31/23,IDXX
ILMN UW Equity,Illumina Inc,12/31/23,ILMN
INTC UW Equity,Intel Corp,12/31/23,INTC
INTU UW Equity,Intuit Inc,12/31/23,INTU
ISRG UW Equity,Intuitive Surgical Inc,12/31/23,ISRG
KDP UW Equity,Keurig Dr Pepper Inc,12/31/23,KDP
KHC UW Equity,Kraft Heinz Co/The,12/31/23,KHC
KLAC UW Equity,KLA Corp,12/31/23,KLAC
LRCX UW Equity,Lam Research Corp,12/31/23,LRCX
LULU UW Equity,Lululemon Athletica Inc,12/31/23,LULU
MAR UW Equity,Marriott International Inc/MD,12/31/23,MAR
MCHP UW Equity,Microchip Technology Inc,12/31/23,MCHP
MDB UQ Equity,MongoDB Inc,12/31/23,MDB
MDLZ UW Equity,Mondelez International Inc,12/31/23,MDLZ
MELI UW Equity,MercadoLibre Inc,12/31/23,MELI
META UW Equity,Meta Platforms Inc,12/31/23,META
MNST UW Equity,Monster Beverage Corp,12/31/23,MNST
MRNA UW Equity,Moderna Inc,12/31/23,MRNA
MRVL UW Equity,Marvell Technology Inc,12/31/23,MVRL
MSFT UW Equity,Microsoft Corp,12/31/23,MSFT
MU UW Equity,Micron Technology Inc,12/31/23,MU
NFLX UW Equity,Netflix Inc,12/31/23,NFLX
NVDA UW Equity,NVIDIA Corp,12/31/23,NVDA
NXPI UW Equity,NXP Semiconductors NV,12/31/23,NXPI
ODFL UW Equity,Old Dominion Freight Line Inc,12/31/23,ODFL
ON UW Equity,ON Semiconductor Corp,12/31/23,ON
ORLY UW Equity,O'Reilly Automotive Inc,12/31/23,ORLY
PANW UW Equity,Palo Alto Networks Inc,12/31/23,PANW
PAYX UW Equity,Paychex Inc,12/31/23,PAYX
PCAR UW Equity,PACCAR Inc,12/31/23,PCAR
PDD UW Equity,PDD Holdings Inc,12/31/23,PDD
PEP UW Equity,PepsiCo Inc,12/31/23,PEP
PYPL UW Equity,PayPal Holdings Inc,12/31/23,PYPL
QCOM UW Equity,QUALCOMM Inc,12/31/23,QCOM
REGN UW Equity,Regeneron Pharmaceuticals Inc,12/31/23,REGN
ROP UN Equity,Roper Technologies Inc,12/31/23,ROP
ROST UW Equity,Ross Stores Inc,12/31/23,ROST
SBUX UW Equity,Starbucks Corp,12/31/23,SBUX
SNPS UW Equity,Synopsys Inc,12/31/23,SNPS
SPLK UW Equity,Splunk Inc,12/31/23,SPLK
TEAM UW Equity,Atlassian Corp,12/31/23,TEAM
TMUS UW Equity,T-Mobile US Inc,12/31/23,TMUS
TSLA UW Equity,Tesla Inc,12/31/23,TSLA
TTD UQ Equity,Trade Desk Inc/The,12/31/23,TTD
TTWO UW Equity,Take-Two Interactive Software,12/31/23,TTWO
TXN UW Equity,Texas Instruments Inc,12/31/23,TXN
VRSK UW Equity,Verisk Analytics Inc,12/31/23,VRSK
VRTX UW Equity,Vertex Pharmaceuticals Inc,12/31/23,VRTX
WBA UW Equity,Walgreens Boots Alliance Inc,12/31/23,WBA
WBD UW Equity,Warner Bros Discovery Inc,12/31/23,WBD
WDAY UW Equity,Workday Inc,12/31/23,WDAY
XEL UW Equity,Xcel Energy Inc,12/31/23,XEL
ZS UW Equity,Zscaler Inc,12/31/23,ZS
AAPL UW Equity,Apple Inc,6/30/24,AAPL
ABNB UW Equity,Airbnb Inc,6/30/24,ABNB
ADBE UW Equity,Adobe Inc,6/30/24,ADBE
ADI UW Equity,Analog Devices Inc,6/30/24,ADI
ADP UW Equity,Automatic Data Processing Inc,6/30/24,ADP
ADSK UW Equity,Autodesk Inc,6/30/24,ADSK
AEP UW Equity,American Electric Power Co Inc,6/30/24,AEP
AMAT UW Equity,Applied Materials Inc,6/30/24,AMAT
AMD UW Equity,Advanced Micro Devices Inc,6/30/24,AMD
AMGN UW Equity,Amgen Inc,6/30/24,AMGN
AMZN UW Equity,Amazon.com Inc,6/30/24,AMZN
ANSS UW Equity,ANSYS Inc,6/30/24,ANSS
ARM UW Equity,ARM Holdings PLC,6/30/24,ARM
ASML UW Equity,ASML Holding NV,6/30/24,ASML
AVGO UW Equity,Broadcom Inc,6/30/24,AVGO
AZN UW Equity,AstraZeneca PLC,6/30/24,AZN
BIIB UW Equity,Biogen Inc,6/30/24,BIIB
BKNG UW Equity,Booking Holdings Inc,6/30/24,BKNG
BKR UW Equity,Baker Hughes Co,6/30/24,BKR
CCEP UW Equity,Coca-Cola Europacific Partners,6/30/24,CCEP
CDNS UW Equity,Cadence Design Systems Inc,6/30/24,CDNS
CDW UW Equity,CDW Corp/DE,6/30/24,CDW
CEG UW Equity,Constellation Energy Corp,6/30/24,CEG
CHTR UW Equity,Charter Communications Inc,6/30/24,CHTR
CMCSA UW Equity,Comcast Corp,6/30/24,CMCSA
COST UW Equity,Costco Wholesale Corp,6/30/24,COST
CPRT UW Equity,Copart Inc,6/30/24,CPRT
CRWD UW Equity,Crowdstrike Holdings Inc,6/30/24,CRWD
CSCO UW Equity,Cisco Systems Inc,6/30/24,CSCO
CSGP UW Equity,CoStar Group Inc,6/30/24,CSGP
CSX UW Equity,CSX Corp,6/30/24,CSX
CTAS UW Equity,Cintas Corp,6/30/24,CTAS
CTSH UW Equity,Cognizant Technology Solutions,6/30/24,CTSH
DASH UW Equity,DoorDash Inc,6/30/24,DASH
DDOG UW Equity,Datadog Inc,6/30/24,DDOG
DLTR UW Equity,Dollar Tree Inc,6/30/24,DLTR
DXCM UW Equity,Dexcom Inc,6/30/24,DXCM
EA UW Equity,Electronic Arts Inc,6/30/24,EA
EXC UW Equity,Exelon Corp,6/30/24,EXC
FANG UW Equity,Diamondback Energy Inc,6/30/24,FANG
FAST UW Equity,Fastenal Co,6/30/24,FAST
FTNT UW Equity,Fortinet Inc,6/30/24,FSLR
GEHC UW Equity,GE HealthCare Technologies Inc,6/30/24,GEHC
GFS UW Equity,GLOBALFOUNDRIES Inc,6/30/24,GFS
GILD UW Equity,Gilead Sciences Inc,6/30/24,GILD
GOOG UW Equity,Alphabet Inc,6/30/24,GOOG
GOOGL UW Equity,Alphabet Inc,6/30/24,GOOGL
GRAL UW Equity,GRAIL Inc,6/30/24,GRAL
HON UW Equity,Honeywell International Inc,6/30/24,HON
IDXX UW Equity,IDEXX Laboratories Inc,6/30/24,IDXX
ILMN UW Equity,Illumina Inc,6/30/24,ILMN
INTC UW Equity,Intel Corp,6/30/24,INTC
INTU UW Equity,Intuit Inc,6/30/24,INTU
ISRG UW Equity,Intuitive Surgical Inc,6/30/24,ISRG
KDP UW Equity,Keurig Dr Pepper Inc,6/30/24,KDP
KHC UW Equity,Kraft Heinz Co/The,6/30/24,KHC
KLAC UW Equity,KLA Corp,6/30/24,KLAC
LIN UW Equity,Linde PLC,6/30/24,LIN
LRCX UW Equity,Lam Research Corp,6/30/24,LRCX
LULU UW Equity,Lululemon Athletica Inc,6/30/24,LULU
MAR UW Equity,Marriott International Inc/MD,6/30/24,MAR
MCHP UW Equity,Microchip Technology Inc,6/30/24,MCHP
MDB UQ Equity,MongoDB Inc,6/30/24,MDB
MDLZ UW Equity,Mondelez International Inc,6/30/24,MDLZ
MELI UW Equity,MercadoLibre Inc,6/30/24,MELI
META UW Equity,Meta Platforms Inc,6/30/24,META
MNST UW Equity,Monster Beverage Corp,6/30/24,MNST
MRNA UW Equity,Moderna Inc,6/30/24,MRNA
MRVL UW Equity,Marvell Technology Inc,6/30/24,MVRL
MSFT UW Equity,Microsoft Corp,6/30/24,MSFT
MU UW Equity,Micron Technology Inc,6/30/24,MU
NFLX UW Equity,Netflix Inc,6/30/24,NFLX
NVDA UW Equity,NVIDIA Corp,6/30/24,NVDA
NXPI UW Equity,NXP Semiconductors NV,6/30/24,NXPI
ODFL UW Equity,Old Dominion Freight Line Inc,6/30/24,ODFL
ON UW Equity,ON Semiconductor Corp,6/30/24,ON
ORLY UW Equity,O'Reilly Automotive Inc,6/30/24,ORLY
PANW UW Equity,Palo Alto Networks Inc,6/30/24,PANW
PAYX UW Equity,Paychex Inc,6/30/24,PAYX
PCAR UW Equity,PACCAR Inc,6/30/24,PCAR
PDD UW Equity,PDD Holdings Inc,6/30/24,PDD
PEP UW Equity,PepsiCo Inc,6/30/24,PEP
PYPL UW Equity,PayPal Holdings Inc,6/30/24,PYPL
QCOM UW Equity,QUALCOMM Inc,6/30/24,QCOM
REGN UW Equity,Regeneron Pharmaceuticals Inc,6/30/24,REGN
ROP UW Equity,Roper Technologies Inc,6/30/24,ROP
ROST UW Equity,Ross Stores Inc,6/30/24,ROST
SBUX UW Equity,Starbucks Corp,6/30/24,SBUX
SNPS UW Equity,Synopsys Inc,6/30/24,SNPS
TEAM UW Equity,Atlassian Corp,6/30/24,TEAM
TMUS UW Equity,T-Mobile US Inc,6/30/24,TMUS
TSLA UW Equity,Tesla Inc,6/30/24,TSLA
TTD UQ Equity,Trade Desk Inc/The,6/30/24,TTD
TTWO UW Equity,Take-Two Interactive Software,6/30/24,TTWO
TXN UW Equity,Texas Instruments Inc,6/30/24,TXN
VRSK UW Equity,Verisk Analytics Inc,6/30/24,VRSK
VRTX UW Equity,Vertex Pharmaceuticals Inc,6/30/24,VRTX
WBA UW Equity,Walgreens Boots Alliance Inc,6/30/24,WBA
WBD UW Equity,Warner Bros Discovery Inc,6/30/24,WBD
WDAY UW Equity,Workday Inc,6/30/24,WDAY
XEL UW Equity,Xcel Energy Inc,6/30/24,XEL
ZS UW Equity,Zscaler Inc,6/30/24,ZS
AAPL UW Equity,Apple Inc,12/31/24,AAPL
ABNB UW Equity,Airbnb Inc,12/31/24,ABNB
ADBE UW Equity,Adobe Inc,12/31/24,ADBE
ADI UW Equity,Analog Devices Inc,12/31/24,ADI
ADP UW Equity,Automatic Data Processing Inc,12/31/24,ADP
ADSK UW Equity,Autodesk Inc,12/31/24,ADSK
AEP UW Equity,American Electric Power Co Inc,12/31/24,AEP
AMAT UW Equity,Applied Materials Inc,12/31/24,AMAT
AMD UW Equity,Advanced Micro Devices Inc,12/31/24,AMD
AMGN UW Equity,Amgen Inc,12/31/24,AMGN
AMZN UW Equity,Amazon.com Inc,12/31/24,AMZN
ANSS UW Equity,ANSYS Inc,12/31/24,ANSS
APP UW Equity,AppLovin Corp,12/31/24,APP
ARM UW Equity,ARM Holdings PLC,12/31/24,ARM
ASML UW Equity,ASML Holding NV,12/31/24,ASML
AVGO UW Equity,Broadcom Inc,12/31/24,AVGO
AXON UW Equity,Axon Enterprise Inc,12/31/24,AXON
AZN UW Equity,AstraZeneca PLC,12/31/24,AZN
BIIB UW Equity,Biogen Inc,12/31/24,BIIB
BKNG UW Equity,Booking Holdings Inc,12/31/24,BKNG
BKR UW Equity,Baker Hughes Co,12/31/24,BKR
CCEP UW Equity,Coca-Cola Europacific Partners,12/31/24,CCEP
CDNS UW Equity,Cadence Design Systems Inc,12/31/24,CDNS
CDW UW Equity,CDW Corp/DE,12/31/24,CDW
CEG UW Equity,Constellation Energy Corp,12/31/24,CEG
CHTR UW Equity,Charter Communications Inc,12/31/24,CHTR
CMCSA UW Equity,Comcast Corp,12/31/24,CMCSA
COST UW Equity,Costco Wholesale Corp,12/31/24,COST
CPRT UW Equity,Copart Inc,12/31/24,CPRT
CRWD UW Equity,Crowdstrike Holdings Inc,12/31/24,CRWD
CSCO UW Equity,Cisco Systems Inc,12/31/24,CSCO
CSGP UW Equity,CoStar Group Inc,12/31/24,CSGP
CSX UW Equity,CSX Corp,12/31/24,CSX
CTAS UW Equity,Cintas Corp,12/31/24,CTAS
CTSH UW Equity,Cognizant Technology Solutions,12/31/24,CTSH
DASH UW Equity,DoorDash Inc,12/31/24,DASH
DDOG UW Equity,Datadog Inc,12/31/24,DDOG
DXCM UW Equity,Dexcom Inc,12/31/24,DXCM
EA UW Equity,Electronic Arts Inc,12/31/24,EA
EXC UW Equity,Exelon Corp,12/31/24,EXC
FANG UW Equity,Diamondback Energy Inc,12/31/24,FANG
FAST UW Equity,Fastenal Co,12/31/24,FAST
FTNT UW Equity,Fortinet Inc,12/31/24,FSLR
GEHC UW Equity,GE HealthCare Technologies Inc,12/31/24,GEHC
GFS UW Equity,GLOBALFOUNDRIES Inc,12/31/24,GFS
GILD UW Equity,Gilead Sciences Inc,12/31/24,GILD
GOOG UW Equity,Alphabet Inc,12/31/24,GOOG
GOOGL UW Equity,Alphabet Inc,12/31/24,GOOGL
HON UW Equity,Honeywell International Inc,12/31/24,HON
IDXX UW Equity,IDEXX Laboratories Inc,12/31/24,IDXX
INTC UW Equity,Intel Corp,12/31/24,INTC
INTU UW Equity,Intuit Inc,12/31/24,INTU
ISRG UW Equity,Intuitive Surgical Inc,12/31/24,ISRG
KDP UW Equity,Keurig Dr Pepper Inc,12/31/24,KDP
KHC UW Equity,Kraft Heinz Co/The,12/31/24,KHC
KLAC UW Equity,KLA Corp,12/31/24,KLAC
LIN UW Equity,Linde PLC,12/31/24,LIN
LRCX UW Equity,Lam Research Corp,12/31/24,LRCX
LULU UW Equity,Lululemon Athletica Inc,12/31/24,LULU
MAR UW Equity,Marriott International Inc/MD,12/31/24,MAR
MCHP UW Equity,Microchip Technology Inc,12/31/24,MCHP
MDB UQ Equity,MongoDB Inc,12/31/24,MDB
MDLZ UW Equity,Mondelez International Inc,12/31/24,MDLZ
MELI UW Equity,MercadoLibre Inc,12/31/24,MELI
META UW Equity,Meta Platforms Inc,12/31/24,META
MNST UW Equity,Monster Beverage Corp,12/31/24,MNST
MRVL UW Equity,Marvell Technology Inc,12/31/24,MVRL
MSFT UW Equity,Microsoft Corp,12/31/24,MSFT
MSTR UW Equity,Strategy Inc,12/31/24,MSTR
MU UW Equity,Micron Technology Inc,12/31/24,MU
NFLX UW Equity,Netflix Inc,12/31/24,NFLX
NVDA UW Equity,NVIDIA Corp,12/31/24,NVDA
NXPI UW Equity,NXP Semiconductors NV,12/31/24,NXPI
ODFL UW Equity,Old Dominion Freight Line Inc,12/31/24,ODFL
ON UW Equity,ON Semiconductor Corp,12/31/24,ON
ORLY UW Equity,O'Reilly Automotive Inc,12/31/24,ORLY
PANW UW Equity,Palo Alto Networks Inc,12/31/24,PANW
PAYX UW Equity,Paychex Inc,12/31/24,PAYX
PCAR UW Equity,PACCAR Inc,12/31/24,PCAR
PDD UW Equity,PDD Holdings Inc,12/31/24,PDD
PEP UW Equity,PepsiCo Inc,12/31/24,PEP
PLTR UW Equity,Palantir Technologies Inc,12/31/24,PLTR
PYPL UW Equity,PayPal Holdings Inc,12/31/24,PYPL
QCOM UW Equity,QUALCOMM Inc,12/31/24,QCOM
REGN UW Equity,Regeneron Pharmaceuticals Inc,12/31/24,REGN
ROP UW Equity,Roper Technologies Inc,12/31/24,ROP
ROST UW Equity,Ross Stores Inc,12/31/24,ROST
SBUX UW Equity,Starbucks Corp,12/31/24,SBUX
SNPS UW Equity,Synopsys Inc,12/31/24,SNPS
TEAM UW Equity,Atlassian Corp,12/31/24,TEAM
TMUS UW Equity,T-Mobile US Inc,12/31/24,TMUS
TSLA UW Equity,Tesla Inc,12/31/24,TSLA
TTD UQ Equity,Trade Desk Inc/The,12/31/24,TTD
TTWO UW Equity,Take-Two Interactive Software,12/31/24,TTWO
TXN UW Equity,Texas Instruments Inc,12/31/24,TXN
VRSK UW Equity,Verisk Analytics Inc,12/31/24,VRSK
VRTX UW Equity,Vertex Pharmaceuticals Inc,12/31/24,VRTX
WBD UW Equity,Warner Bros Discovery Inc,12/31/24,WBD
WDAY UW Equity,Workday Inc,12/31/24,WDAY
XEL UW Equity,Xcel Energy Inc,12/31/24,XEL
ZS UW Equity,Zscaler Inc,12/31/24,ZS
AAPL UW Equity,Apple Inc,6/30/25,AAPL
ABNB UW Equity,Airbnb Inc,6/30/25,ABNB
ADBE UW Equity,Adobe Inc,6/30/25,ADBE
ADI UW Equity,Analog Devices Inc,6/30/25,ADI
ADP UW Equity,Automatic Data Processing Inc,6/30/25,ADP
ADSK UW Equity,Autodesk Inc,6/30/25,ADSK
AEP UW Equity,American Electric Power Co Inc,6/30/25,AEP
AMAT UW Equity,Applied Materials Inc,6/30/25,AMAT
AMD UW Equity,Advanced Micro Devices Inc,6/30/25,AMD
AMGN UW Equity,Amgen Inc,6/30/25,AMGN
AMZN UW Equity,Amazon.com Inc,6/30/25,AMZN
ANSS UW Equity,ANSYS Inc,6/30/25,ANSS
APP UW Equity,AppLovin Corp,6/30/25,APP
ARM UW Equity,ARM Holdings PLC,6/30/25,ARM
ASML UW Equity,ASML Holding NV,6/30/25,ASML
AVGO UW Equity,Broadcom Inc,6/30/25,AVGO
AXON UW Equity,Axon Enterprise Inc,6/30/25,AXON
AZN UW Equity,AstraZeneca PLC,6/30/25,AZN
BIIB UW Equity,Biogen Inc,6/30/25,BIIB
BKNG UW Equity,Booking Holdings Inc,6/30/25,BKNG
BKR UW Equity,Baker Hughes Co,6/30/25,BKR
CCEP UW Equity,Coca-Cola Europacific Partners,6/30/25,CCEP
CDNS UW Equity,Cadence Design Systems Inc,6/30/25,CDNS
CDW UW Equity,CDW Corp/DE,6/30/25,CDW
CEG UW Equity,Constellation Energy Corp,6/30/25,CEG
CHTR UW Equity,Charter Communications Inc,6/30/25,CHTR
CMCSA UW Equity,Comcast Corp,6/30/25,CMCSA
COST UW Equity,Costco Wholesale Corp,6/30/25,COST
CPRT UW Equity,Copart Inc,6/30/25,CPRT
CRWD UW Equity,Crowdstrike Holdings Inc,6/30/25,CRWD
CSCO UW Equity,Cisco Systems Inc,6/30/25,CSCO
CSGP UW Equity,CoStar Group Inc,6/30/25,CSGP
CSX UW Equity,CSX Corp,6/30/25,CSX
CTAS UW Equity,Cintas Corp,6/30/25,CTAS
CTSH UW Equity,Cognizant Technology Solutions,6/30/25,CTSH
DASH UW Equity,DoorDash Inc,6/30/25,DASH
DDOG UW Equity,Datadog Inc,6/30/25,DDOG
DXCM UW Equity,Dexcom Inc,6/30/25,DXCM
EA UW Equity,Electronic Arts Inc,6/30/25,EA
EXC UW Equity,Exelon Corp,6/30/25,EXC
FANG UW Equity,Diamondback Energy Inc,6/30/25,FANG
FAST UW Equity,Fastenal Co,6/30/25,FAST
FTNT UW Equity,Fortinet Inc,6/30/25,FSLR
GEHC UW Equity,GE HealthCare Technologies Inc,6/30/25,GEHC
GFS UW Equity,GLOBALFOUNDRIES Inc,6/30/25,GFS
GILD UW Equity,Gilead Sciences Inc,6/30/25,GILD
GOOG UW Equity,Alphabet Inc,6/30/25,GOOG
GOOGL UW Equity,Alphabet Inc,6/30/25,GOOGL
HON UW Equity,Honeywell International Inc,6/30/25,HON
IDXX UW Equity,IDEXX Laboratories Inc,6/30/25,IDXX
INTC UW Equity,Intel Corp,6/30/25,INTC
INTU UW Equity,Intuit Inc,6/30/25,INTU
ISRG UW Equity,Intuitive Surgical Inc,6/30/25,ISRG
KDP UW Equity,Keurig Dr Pepper Inc,6/30/25,KDP
KHC UW Equity,Kraft Heinz Co/The,6/30/25,KHC
KLAC UW Equity,KLA Corp,6/30/25,KLAC
LIN UW Equity,Linde PLC,6/30/25,LIN
LRCX UW Equity,Lam Research Corp,6/30/25,LRCX
LULU UW Equity,Lululemon Athletica Inc,6/30/25,LULU
MAR UW Equity,Marriott International Inc/MD,6/30/25,MAR
MCHP UW Equity,Microchip Technology Inc,6/30/25,MCHP
MDLZ UW Equity,Mondelez International Inc,6/30/25,MDLZ
MELI UW Equity,MercadoLibre Inc,6/30/25,MELI
META UW Equity,Meta Platforms Inc,6/30/25,META
MNST UW Equity,Monster Beverage Corp,6/30/25,MNST
MRVL UW Equity,Marvell Technology Inc,6/30/25,MVRL
MSFT UW Equity,Microsoft Corp,6/30/25,MSFT
MSTR UW Equity,Strategy Inc,6/30/25,MSTR
MU UW Equity,Micron Technology Inc,6/30/25,MU
NFLX UW Equity,Netflix Inc,6/30/25,NFLX
NVDA UW Equity,NVIDIA Corp,6/30/25,NVDA
NXPI UW Equity,NXP Semiconductors NV,6/30/25,NXPI
ODFL UW Equity,Old Dominion Freight Line Inc,6/30/25,ODFL
ON UW Equity,ON Semiconductor Corp,6/30/25,ON
ORLY UW Equity,O'Reilly Automotive Inc,6/30/25,ORLY
PANW UW Equity,Palo Alto Networks Inc,6/30/25,PANW
PAYX UW Equity,Paychex Inc,6/30/25,PAYX
PCAR UW Equity,PACCAR Inc,6/30/25,PCAR
PDD UW Equity,PDD Holdings Inc,6/30/25,PDD
PEP UW Equity,PepsiCo Inc,6/30/25,PEP
PLTR UW Equity,Palantir Technologies Inc,6/30/25,PLTR
PYPL UW Equity,PayPal Holdings Inc,6/30/25,PYPL
QCOM UW Equity,QUALCOMM Inc,6/30/25,QCOM
REGN UW Equity,Regeneron Pharmaceuticals Inc,6/30/25,REGN
ROP UW Equity,Roper Technologies Inc,6/30/25,ROP
ROST UW Equity,Ross Stores Inc,6/30/25,ROST
SBUX UW Equity,Starbucks Corp,6/30/25,SBUX
SHOP UN Equity,Shopify Inc,6/30/25,SHOP
SNPS UW Equity,Synopsys Inc,6/30/25,SNPS
TEAM UW Equity,Atlassian Corp,6/30/25,TEAM
TMUS UW Equity,T-Mobile US Inc,6/30/25,TMUS
TSLA UW Equity,Tesla Inc,6/30/25,TSLA
TTD UQ Equity,Trade Desk Inc/The,6/30/25,TTD
TTWO UW Equity,Take-Two Interactive Software,6/30/25,TTWO
TXN UW Equity,Texas Instruments Inc,6/30/25,TXN
VRSK UW Equity,Verisk Analytics Inc,6/30/25,VRSK
VRTX UW Equity,Vertex Pharmaceuticals Inc,6/30/25,VRTX
WBD UW Equity,Warner Bros Discovery Inc,6/30/25,WBD
WDAY UW Equity,Workday Inc,6/30/25,WDAY
XEL UW Equity,Xcel Energy Inc,6/30/25,XEL
ZS UW Equity,Zscaler Inc,6/30/25,ZS
AAPL UW Equity,Apple Inc,12/31/25,AAPL
ABNB UW Equity,Airbnb Inc,12/31/25,ABNB
ADBE UW Equity,Adobe Inc,12/31/25,ADBE
ADI UW Equity,Analog Devices Inc,12/31/25,ADI
ADP UW Equity,Automatic Data Processing Inc,12/31/25,ADP
ADSK UW Equity,Autodesk Inc,12/31/25,ADSK
AEP UW Equity,American Electric Power Co Inc,12/31/25,AEP
ALNY UW Equity,Alnylam Pharmaceuticals Inc,12/31/25,ALNY
AMAT UW Equity,Applied Materials Inc,12/31/25,AMAT
AMD UW Equity,Advanced Micro Devices Inc,12/31/25,AMD
AMGN UW Equity,Amgen Inc,12/31/25,AMGN
AMZN UW Equity,Amazon.com Inc,12/31/25,AMZN
APP UW Equity,AppLovin Corp,12/31/25,APP
ARM UW Equity,ARM Holdings PLC,12/31/25,ARM
ASML UW Equity,ASML Holding NV,12/31/25,ASML
AVGO UW Equity,Broadcom Inc,12/31/25,AVGO
AXON UW Equity,Axon Enterprise Inc,12/31/25,AXON
AZN UW Equity,AstraZeneca PLC,12/31/25,AZN
BKNG UW Equity,Booking Holdings Inc,12/31/25,BKNG
BKR UW Equity,Baker Hughes Co,12/31/25,BKR
CCEP UW Equity,Coca-Cola Europacific Partners,12/31/25,CCEP
CDNS UW Equity,Cadence Design Systems Inc,12/31/25,CDNS
CEG UW Equity,Constellation Energy Corp,12/31/25,CEG
CHTR UW Equity,Charter Communications Inc,12/31/25,CHTR
CMCSA UW Equity,Comcast Corp,12/31/25,CMCSA
COST UW Equity,Costco Wholesale Corp,12/31/25,COST
CPRT UW Equity,Copart Inc,12/31/25,CPRT
CRWD UW Equity,Crowdstrike Holdings Inc,12/31/25,CRWD
CSCO UW Equity,Cisco Systems Inc,12/31/25,CSCO
CSGP UW Equity,CoStar Group Inc,12/31/25,CSGP
CSX UW Equity,CSX Corp,12/31/25,CSX
CTAS UW Equity,Cintas Corp,12/31/25,CTAS
CTSH UW Equity,Cognizant Technology Solutions,12/31/25,CTSH
DASH UW Equity,DoorDash Inc,12/31/25,DASH
DDOG UW Equity,Datadog Inc,12/31/25,DDOG
DXCM UW Equity,Dexcom Inc,12/31/25,DXCM
EA UW Equity,Electronic Arts Inc,12/31/25,EA
EXC UW Equity,Exelon Corp,12/31/25,EXC
FANG UW Equity,Diamondback Energy Inc,12/31/25,FANG
FAST UW Equity,Fastenal Co,12/31/25,FAST
FER UW Equity,Ferrovial SE,12/31/25,FER
FTNT UW Equity,Fortinet Inc,12/31/25,FSLR
GEHC UW Equity,GE HealthCare Technologies Inc,12/31/25,GEHC
GILD UW Equity,Gilead Sciences Inc,12/31/25,GILD
GOOG UW Equity,Alphabet Inc,12/31/25,GOOG
GOOGL UW Equity,Alphabet Inc,12/31/25,GOOGL
HON UW Equity,Honeywell International Inc,12/31/25,HON
IDXX UW Equity,IDEXX Laboratories Inc,12/31/25,IDXX
INSM UW Equity,Insmed Inc,12/31/25,INSM
INTC UW Equity,Intel Corp,12/31/25,INTC
INTU UW Equity,Intuit Inc,12/31/25,INTU
ISRG UW Equity,Intuitive Surgical Inc,12/31/25,ISRG
KDP UW Equity,Keurig Dr Pepper Inc,12/31/25,KDP
KHC UW Equity,Kraft Heinz Co/The,12/31/25,KHC
KLAC UW Equity,KLA Corp,12/31/25,KLAC
LIN UW Equity,Linde PLC,12/31/25,LIN
LRCX UW Equity,Lam Research Corp,12/31/25,LRCX
MAR UW Equity,Marriott International Inc/MD,12/31/25,MAR
MCHP UW Equity,Microchip Technology Inc,12/31/25,MCHP
MDLZ UW Equity,Mondelez International Inc,12/31/25,MDLZ
MELI UW Equity,MercadoLibre Inc,12/31/25,MELI
META UW Equity,Meta Platforms Inc,12/31/25,META
MNST UW Equity,Monster Beverage Corp,12/31/25,MNST
MPWR UW Equity,Monolithic Power Systems Inc,12/31/25,MPWR
MRVL UW Equity,Marvell Technology Inc,12/31/25,MVRL
MSFT UW Equity,Microsoft Corp,12/31/25,MSFT
MSTR UW Equity,Strategy Inc,12/31/25,MSTR
MU UW Equity,Micron Technology Inc,12/31/25,MU
NFLX UW Equity,Netflix Inc,12/31/25,NFLX
NVDA UW Equity,NVIDIA Corp,12/31/25,NVDA
NXPI UW Equity,NXP Semiconductors NV,12/31/25,NXPI
ODFL UW Equity,Old Dominion Freight Line Inc,12/31/25,ODFL
ORLY UW Equity,O'Reilly Automotive Inc,12/31/25,ORLY
PANW UW Equity,Palo Alto Networks Inc,12/31/25,PANW
PAYX UW Equity,Paychex Inc,12/31/25,PAYX
PCAR UW Equity,PACCAR Inc,12/31/25,PCAR
PDD UW Equity,PDD Holdings Inc,12/31/25,PDD
PEP UW Equity,PepsiCo Inc,12/31/25,PEP
PLTR UW Equity,Palantir Technologies Inc,12/31/25,PLTR
PYPL UW Equity,PayPal Holdings Inc,12/31/25,PYPL
QCOM UW Equity,QUALCOMM Inc,12/31/25,QCOM
REGN UW Equity,Regeneron Pharmaceuticals Inc,12/31/25,REGN
ROP UW Equity,Roper Technologies Inc,12/31/25,ROP
ROST UW Equity,Ross Stores Inc,12/31/25,ROST
SBUX UW Equity,Starbucks Corp,12/31/25,SBUX
SHOP UW Equity,Shopify Inc,12/31/25,SHOP
SNPS UW Equity,Synopsys Inc,12/31/25,SNPS
STX UW Equity,Seagate Technology Holdings PL,12/31/25,STX
TEAM UW Equity,Atlassian Corp,12/31/25,TEAM
TMUS UW Equity,T-Mobile US Inc,12/31/25,TMUS
TRI UW Equity,Thomson Reuters Corp,12/31/25,TRI
TSLA UW Equity,Tesla Inc,12/31/25,TSLA
TTWO UW Equity,Take-Two Interactive Software,12/31/25,TTWO
TXN UW Equity,Texas Instruments Inc,12/31/25,TXN
VRSK UW Equity,Verisk Analytics Inc,12/31/25,VRSK
VRTX UW Equity,Vertex Pharmaceuticals Inc,12/31/25,VRTX
WBD UW Equity,Warner Bros Discovery Inc,12/31/25,WBD
WDAY UW Equity,Workday Inc,12/31/25,WDAY
WDC UW Equity,Western Digital Corp,12/31/25,WDC
XEL UW Equity,Xcel Energy Inc,12/31/25,XEL
ZS UW Equity,Zscaler Inc,12/31/25,ZS