costat,curcd,datafmt,indfmt,consol,tic,datadate,gvkey,conm,cusip,gsector,sector
A,USD,STD,INDL,C,AAL,12/31/04,001045,AMERICAN AIRLINES GROUP INC,02376R102,20,Industrials
A,USD,STD,INDL,C,AAL,12/31/05,001045,AMERICAN AIRLINES GROUP INC,02376R102,20,Industrials
A,USD,STD,INDL,C,AAL,12/31/06,001045,AMERICAN AIRLINES GROUP INC,02376R102,20,Industrials
A,USD,STD,INDL,C,AAL,12/31/07,001045,AMERICAN AIRLINES GROUP INC,02376R102,20,Industrials
A,USD,STD,INDL,C,AAL,12/31/08,001045,AMERICAN AIRLINES GROUP INC,02376R102,20,Industrials
A,USD,STD,INDL,C,AAL,12/31/09,001045,AMERICAN AIRLINES GROUP INC,02376R102,20,Industrials
A,USD,STD,INDL,C,AAL,12/31/10,001045,AMERICAN AIRLINES GROUP INC,02376R102,20,Industrials
A,USD,STD,INDL,C,AAL,12/31/11,001045,AMERICAN AIRLINES GROUP INC,02376R102,20,Industrials
A,USD,STD,INDL,C,AAL,12/31/12,001045,AMERICAN AIRLINES GROUP INC,02376R102,20,Industrials
A,USD,STD,INDL,C,AAL,12/31/13,001045,AMERICAN AIRLINES GROUP INC,02376R102,20,Industrials
A,USD,STD,INDL,C,AAL,12/31/14,001045,AMERICAN AIRLINES GROUP INC,02376R102,20,Industrials
A,USD,STD,INDL,C,AAL,12/31/15,001045,AMERICAN AIRLINES GROUP INC,02376R102,20,Industrials
A,USD,STD,INDL,C,AAL,12/31/16,001045,AMERICAN AIRLINES GROUP INC,02376R102,20,Industrials
A,USD,STD,INDL,C,AAL,12/31/17,001045,AMERICAN AIRLINES GROUP INC,02376R102,20,Industrials
A,USD,STD,INDL,C,AAL,12/31/18,001045,AMERICAN AIRLINES GROUP INC,02376R102,20,Industrials
A,USD,STD,INDL,C,AAL,12/31/19,001045,AMERICAN AIRLINES GROUP INC,02376R102,20,Industrials
A,USD,STD,INDL,C,AAL,12/31/20,001045,AMERICAN AIRLINES GROUP INC,02376R102,20,Industrials
A,USD,STD,INDL,C,AAL,12/31/21,001045,AMERICAN AIRLINES GROUP INC,02376R102,20,Industrials
A,USD,STD,INDL,C,AAL,12/31/22,001045,AMERICAN AIRLINES GROUP INC,02376R102,20,Industrials
A,USD,STD,INDL,C,AAL,12/31/23,001045,AMERICAN AIRLINES GROUP INC,02376R102,20,Industrials
A,USD,STD,INDL,C,AAL,12/31/24,001045,AMERICAN AIRLINES GROUP INC,02376R102,20,Industrials
A,USD,STD,INDL,C,AAL,12/31/25,001045,AMERICAN AIRLINES GROUP INC,02376R102,20,Industrials
A,USD,STD,INDL,C,AMD,12/31/04,001161,ADVANCED MICRO DEVICES,007903107,45,Information Technology
A,USD,STD,INDL,C,AMD,12/31/05,001161,ADVANCED MICRO DEVICES,007903107,45,Information Technology
A,USD,STD,INDL,C,AMD,12/31/06,001161,ADVANCED MICRO DEVICES,007903107,45,Information Technology
A,USD,STD,INDL,C,AMD,12/31/07,001161,ADVANCED MICRO DEVICES,007903107,45,Information Technology
A,USD,STD,INDL,C,AMD,12/31/08,001161,ADVANCED MICRO DEVICES,007903107,45,Information Technology
A,USD,STD,INDL,C,AMD,12/31/09,001161,ADVANCED MICRO DEVICES,007903107,45,Information Technology
A,USD,STD,INDL,C,AMD,12/31/10,001161,ADVANCED MICRO DEVICES,007903107,45,Information Technology
A,USD,STD,INDL,C,AMD,12/31/11,001161,ADVANCED MICRO DEVICES,007903107,45,Information Technology
A,USD,STD,INDL,C,AMD,12/31/12,001161,ADVANCED MICRO DEVICES,007903107,45,Information Technology
A,USD,STD,INDL,C,AMD,12/31/13,001161,ADVANCED MICRO DEVICES,007903107,45,Information Technology
A,USD,STD,INDL,C,AMD,12/31/14,001161,ADVANCED MICRO DEVICES,007903107,45,Information Technology
A,USD,STD,INDL,C,AMD,12/31/15,001161,ADVANCED MICRO DEVICES,007903107,45,Information Technology
A,USD,STD,INDL,C,AMD,12/31/16,001161,ADVANCED MICRO DEVICES,007903107,45,Information Technology
A,USD,STD,INDL,C,AMD,12/31/17,001161,ADVANCED MICRO DEVICES,007903107,45,Information Technology
A,USD,STD,INDL,C,AMD,12/31/18,001161,ADVANCED MICRO DEVICES,007903107,45,Information Technology
A,USD,STD,INDL,C,AMD,12/31/19,001161,ADVANCED MICRO DEVICES,007903107,45,Information Technology
A,USD,STD,INDL,C,AMD,12/31/20,001161,ADVANCED MICRO DEVICES,007903107,45,Information Technology
A,USD,STD,INDL,C,AMD,12/31/21,001161,ADVANCED MICRO DEVICES,007903107,45,Information Technology
A,USD,STD,INDL,C,AMD,12/31/22,001161,ADVANCED MICRO DEVICES,007903107,45,Information Technology
A,USD,STD,INDL,C,AMD,12/31/23,001161,ADVANCED MICRO DEVICES,007903107,45,Information Technology
A,USD,STD,INDL,C,AMD,12/31/24,001161,ADVANCED MICRO DEVICES,007903107,45,Information Technology
A,USD,STD,INDL,C,AMD,12/31/25,001161,ADVANCED MICRO DEVICES,007903107,45,Information Technology
A,USD,STD,INDL,C,HON,12/31/04,001300,HONEYWELL INTERNATIONAL INC,438516106,20,Industrials
A,USD,STD,INDL,C,HON,12/31/05,001300,HONEYWELL INTERNATIONAL INC,438516106,20,Industrials
A,USD,STD,INDL,C,HON,12/31/06,001300,HONEYWELL INTERNATIONAL INC,438516106,20,Industrials
A,USD,STD,INDL,C,HON,12/31/07,001300,HONEYWELL INTERNATIONAL INC,438516106,20,Industrials
A,USD,STD,INDL,C,HON,12/31/08,001300,HONEYWELL INTERNATIONAL INC,438516106,20,Industrials
A,USD,STD,INDL,C,HON,12/31/09,001300,HONEYWELL INTERNATIONAL INC,438516106,20,Industrials
A,USD,STD,INDL,C,HON,12/31/10,001300,HONEYWELL INTERNATIONAL INC,438516106,20,Industrials
A,USD,STD,INDL,C,HON,12/31/11,001300,HONEYWELL INTERNATIONAL INC,438516106,20,Industrials
A,USD,STD,INDL,C,HON,12/31/12,001300,HONEYWELL INTERNATIONAL INC,438516106,20,Industrials
A,USD,STD,INDL,C,HON,12/31/13,001300,HONEYWELL INTERNATIONAL INC,438516106,20,Industrials
A,USD,STD,INDL,C,HON,12/31/14,001300,HONEYWELL INTERNATIONAL INC,438516106,20,Industrials
A,USD,STD,INDL,C,HON,12/31/15,001300,HONEYWELL INTERNATIONAL INC,438516106,20,Industrials
A,USD,STD,INDL,C,HON,12/31/16,001300,HONEYWELL INTERNATIONAL INC,438516106,20,Industrials
A,USD,STD,INDL,C,HON,12/31/17,001300,HONEYWELL INTERNATIONAL INC,438516106,20,Industrials
A,USD,STD,INDL,C,HON,12/31/18,001300,HONEYWELL INTERNATIONAL INC,438516106,20,Industrials
A,USD,STD,INDL,C,HON,12/31/19,001300,HONEYWELL INTERNATIONAL INC,438516106,20,Industrials
A,USD,STD,INDL,C,HON,12/31/20,001300,HONEYWELL INTERNATIONAL INC,438516106,20,Industrials
A,USD,STD,INDL,C,HON,12/31/21,001300,HONEYWELL INTERNATIONAL INC,438516106,20,Industrials
A,USD,STD,INDL,C,HON,12/31/22,001300,HONEYWELL INTERNATIONAL INC,438516106,20,Industrials
A,USD,STD,INDL,C,HON,12/31/23,001300,HONEYWELL INTERNATIONAL INC,438516106,20,Industrials
A,USD,STD,INDL,C,HON,12/31/24,001300,HONEYWELL INTERNATIONAL INC,438516106,20,Industrials
A,USD,STD,INDL,C,HON,12/31/25,001300,HONEYWELL INTERNATIONAL INC,438516106,20,Industrials
A,USD,STD,INDL,C,SWKS,9/30/04,001327,SKYWORKS SOLUTIONS INC,83088M102,45,Information Technology
A,USD,STD,INDL,C,SWKS,9/30/05,001327,SKYWORKS SOLUTIONS INC,83088M102,45,Information Technology
A,USD,STD,INDL,C,SWKS,9/30/06,001327,SKYWORKS SOLUTIONS INC,83088M102,45,Information Technology
A,USD,STD,INDL,C,SWKS,9/30/07,001327,SKYWORKS SOLUTIONS INC,83088M102,45,Information Technology
A,USD,STD,INDL,C,SWKS,9/30/08,001327,SKYWORKS SOLUTIONS INC,83088M102,45,Information Technology
A,USD,STD,INDL,C,SWKS,9/30/09,001327,SKYWORKS SOLUTIONS INC,83088M102,45,Information Technology
A,USD,STD,INDL,C,SWKS,9/30/10,001327,SKYWORKS SOLUTIONS INC,83088M102,45,Information Technology
A,USD,STD,INDL,C,SWKS,9/30/11,001327,SKYWORKS SOLUTIONS INC,83088M102,45,Information Technology
A,USD,STD,INDL,C,SWKS,9/30/12,001327,SKYWORKS SOLUTIONS INC,83088M102,45,Information Technology
A,USD,STD,INDL,C,SWKS,9/30/13,001327,SKYWORKS SOLUTIONS INC,83088M102,45,Information Technology
A,USD,STD,INDL,C,SWKS,9/30/14,001327,SKYWORKS SOLUTIONS INC,83088M102,45,Information Technology
A,USD,STD,INDL,C,SWKS,9/30/15,001327,SKYWORKS SOLUTIONS INC,83088M102,45,Information Technology
A,USD,STD,INDL,C,SWKS,9/30/16,001327,SKYWORKS SOLUTIONS INC,83088M102,45,Information Technology
A,USD,STD,INDL,C,SWKS,9/30/17,001327,SKYWORKS SOLUTIONS INC,83088M102,45,Information Technology
A,USD,STD,INDL,C,SWKS,9/30/18,001327,SKYWORKS SOLUTIONS INC,83088M102,45,Information Technology
A,USD,STD,INDL,C,SWKS,9/30/19,001327,SKYWORKS SOLUTIONS INC,83088M102,45,Information Technology
A,USD,STD,INDL,C,SWKS,9/30/20,001327,SKYWORKS SOLUTIONS INC,83088M102,45,Information Technology
A,USD,STD,INDL,C,SWKS,9/30/21,001327,SKYWORKS SOLUTIONS INC,83088M102,45,Information Technology
A,USD,STD,INDL,C,SWKS,9/30/22,001327,SKYWORKS SOLUTIONS INC,83088M102,45,Information Technology
A,USD,STD,INDL,C,SWKS,9/30/23,001327,SKYWORKS SOLUTIONS INC,83088M102,45,Information Technology
A,USD,STD,INDL,C,SWKS,9/30/24,001327,SKYWORKS SOLUTIONS INC,83088M102,45,Information Technology
A,USD,STD,INDL,C,SWKS,9/30/25,001327,SKYWORKS SOLUTIONS INC,83088M102,45,Information Technology
A,USD,STD,INDL,C,AEP,12/31/04,001440,AMERICAN ELECTRIC POWER CO,025537101,55,Utilities
A,USD,STD,INDL,C,AEP,12/31/05,001440,AMERICAN ELECTRIC POWER CO,025537101,55,Utilities
A,USD,STD,INDL,C,AEP,12/31/06,001440,AMERICAN ELECTRIC POWER CO,025537101,55,Utilities
A,USD,STD,INDL,C,AEP,12/31/07,001440,AMERICAN ELECTRIC POWER CO,025537101,55,Utilities
A,USD,STD,INDL,C,AEP,12/31/08,001440,AMERICAN ELECTRIC POWER CO,025537101,55,Utilities
A,USD,STD,INDL,C,AEP,12/31/09,001440,AMERICAN ELECTRIC POWER CO,025537101,55,Utilities
A,USD,STD,INDL,C,AEP,12/31/10,001440,AMERICAN ELECTRIC POWER CO,025537101,55,Utilities
A,USD,STD,INDL,C,AEP,12/31/11,001440,AMERICAN ELECTRIC POWER CO,025537101,55,Utilities
A,USD,STD,INDL,C,AEP,12/31/12,001440,AMERICAN ELECTRIC POWER CO,025537101,55,Utilities
A,USD,STD,INDL,C,AEP,12/31/13,001440,AMERICAN ELECTRIC POWER CO,025537101,55,Utilities
A,USD,STD,INDL,C,AEP,12/31/14,001440,AMERICAN ELECTRIC POWER CO,025537101,55,Utilities
A,USD,STD,INDL,C,AEP,12/31/15,001440,AMERICAN ELECTRIC POWER CO,025537101,55,Utilities
A,USD,STD,INDL,C,AEP,12/31/16,001440,AMERICAN ELECTRIC POWER CO,025537101,55,Utilities
A,USD,STD,INDL,C,AEP,12/31/17,001440,AMERICAN ELECTRIC POWER CO,025537101,55,Utilities
A,USD,STD,INDL,C,AEP,12/31/18,001440,AMERICAN ELECTRIC POWER CO,025537101,55,Utilities
A,USD,STD,INDL,C,AEP,12/31/19,001440,AMERICAN ELECTRIC POWER CO,025537101,55,Utilities
A,USD,STD,INDL,C,AEP,12/31/20,001440,AMERICAN ELECTRIC POWER CO,025537101,55,Utilities
A,USD,STD,INDL,C,AEP,12/31/21,001440,AMERICAN ELECTRIC POWER CO,025537101,55,Utilities
A,USD,STD,INDL,C,AEP,12/31/22,001440,AMERICAN ELECTRIC POWER CO,025537101,55,Utilities
A,USD,STD,INDL,C,AEP,12/31/23,001440,AMERICAN ELECTRIC POWER CO,025537101,55,Utilities
A,USD,STD,INDL,C,AEP,12/31/24,001440,AMERICAN ELECTRIC POWER CO,025537101,55,Utilities
A,USD,STD,INDL,C,AEP,12/31/25,001440,AMERICAN ELECTRIC POWER CO,025537101,55,Utilities
A,USD,STD,INDL,C,AMGN,12/31/04,001602,AMGEN INC,031162100,35,Health Care
A,USD,STD,INDL,C,AMGN,12/31/05,001602,AMGEN INC,031162100,35,Health Care
A,USD,STD,INDL,C,AMGN,12/31/06,001602,AMGEN INC,031162100,35,Health Care
A,USD,STD,INDL,C,AMGN,12/31/07,001602,AMGEN INC,031162100,35,Health Care
A,USD,STD,INDL,C,AMGN,12/31/08,001602,AMGEN INC,031162100,35,Health Care
A,USD,STD,INDL,C,AMGN,12/31/09,001602,AMGEN INC,031162100,35,Health Care
A,USD,STD,INDL,C,AMGN,12/31/10,001602,AMGEN INC,031162100,35,Health Care
A,USD,STD,INDL,C,AMGN,12/31/11,001602,AMGEN INC,031162100,35,Health Care
A,USD,STD,INDL,C,AMGN,12/31/12,001602,AMGEN INC,031162100,35,Health Care
A,USD,STD,INDL,C,AMGN,12/31/13,001602,AMGEN INC,031162100,35,Health Care
A,USD,STD,INDL,C,AMGN,12/31/14,001602,AMGEN INC,031162100,35,Health Care
A,USD,STD,INDL,C,AMGN,12/31/15,001602,AMGEN INC,031162100,35,Health Care
A,USD,STD,INDL,C,AMGN,12/31/16,001602,AMGEN INC,031162100,35,Health Care
A,USD,STD,INDL,C,AMGN,12/31/17,001602,AMGEN INC,031162100,35,Health Care
A,USD,STD,INDL,C,AMGN,12/31/18,001602,AMGEN INC,031162100,35,Health Care
A,USD,STD,INDL,C,AMGN,12/31/19,001602,AMGEN INC,031162100,35,Health Care
A,USD,STD,INDL,C,AMGN,12/31/20,001602,AMGEN INC,031162100,35,Health Care
A,USD,STD,INDL,C,AMGN,12/31/21,001602,AMGEN INC,031162100,35,Health Care
A,USD,STD,INDL,C,AMGN,12/31/22,001602,AMGEN INC,031162100,35,Health Care
A,USD,STD,INDL,C,AMGN,12/31/23,001602,AMGEN INC,031162100,35,Health Care
A,USD,STD,INDL,C,AMGN,12/31/24,001602,AMGEN INC,031162100,35,Health Care
A,USD,STD,INDL,C,AMGN,12/31/25,001602,AMGEN INC,031162100,35,Health Care
A,USD,STD,INDL,C,ADI,10/31/04,001632,ANALOG DEVICES INC,032654105,45,Information Technology
A,USD,STD,INDL,C,ADI,10/31/05,001632,ANALOG DEVICES INC,032654105,45,Information Technology
A,USD,STD,INDL,C,ADI,10/31/06,001632,ANALOG DEVICES INC,032654105,45,Information Technology
A,USD,STD,INDL,C,ADI,10/31/07,001632,ANALOG DEVICES INC,032654105,45,Information Technology
A,USD,STD,INDL,C,ADI,10/31/08,001632,ANALOG DEVICES INC,032654105,45,Information Technology
A,USD,STD,INDL,C,ADI,10/31/09,001632,ANALOG DEVICES INC,032654105,45,Information Technology
A,USD,STD,INDL,C,ADI,10/31/10,001632,ANALOG DEVICES INC,032654105,45,Information Technology
A,USD,STD,INDL,C,ADI,10/31/11,001632,ANALOG DEVICES INC,032654105,45,Information Technology
A,USD,STD,INDL,C,ADI,10/31/12,001632,ANALOG DEVICES INC,032654105,45,Information Technology
A,USD,STD,INDL,C,ADI,10/31/13,001632,ANALOG DEVICES INC,032654105,45,Information Technology
A,USD,STD,INDL,C,ADI,10/31/14,001632,ANALOG DEVICES INC,032654105,45,Information Technology
A,USD,STD,INDL,C,ADI,10/31/15,001632,ANALOG DEVICES INC,032654105,45,Information Technology
A,USD,STD,INDL,C,ADI,10/31/16,001632,ANALOG DEVICES INC,032654105,45,Information Technology
A,USD,STD,INDL,C,ADI,10/31/17,001632,ANALOG DEVICES INC,032654105,45,Information Technology
A,USD,STD,INDL,C,ADI,10/31/18,001632,ANALOG DEVICES INC,032654105,45,Information Technology
A,USD,STD,INDL,C,ADI,10/31/19,001632,ANALOG DEVICES INC,032654105,45,Information Technology
A,USD,STD,INDL,C,ADI,10/31/20,001632,ANALOG DEVICES INC,032654105,45,Information Technology
A,USD,STD,INDL,C,ADI,10/31/21,001632,ANALOG DEVICES INC,032654105,45,Information Technology
A,USD,STD,INDL,C,ADI,10/31/22,001632,ANALOG DEVICES INC,032654105,45,Information Technology
A,USD,STD,INDL,C,ADI,10/31/23,001632,ANALOG DEVICES INC,032654105,45,Information Technology
A,USD,STD,INDL,C,ADI,10/31/24,001632,ANALOG DEVICES INC,032654105,45,Information Technology
A,USD,STD,INDL,C,ADI,10/31/25,001632,ANALOG DEVICES INC,032654105,45,Information Technology
A,USD,STD,INDL,C,AAPL,9/30/04,001690,APPLE INC,037833100,45,Information Technology
A,USD,STD,INDL,C,AAPL,9/30/05,001690,APPLE INC,037833100,45,Information Technology
A,USD,STD,INDL,C,AAPL,9/30/06,001690,APPLE INC,037833100,45,Information Technology
A,USD,STD,INDL,C,AAPL,9/30/07,001690,APPLE INC,037833100,45,Information Technology
A,USD,STD,INDL,C,AAPL,9/30/08,001690,APPLE INC,037833100,45,Information Technology
A,USD,STD,INDL,C,AAPL,9/30/09,001690,APPLE INC,037833100,45,Information Technology
A,USD,STD,INDL,C,AAPL,9/30/10,001690,APPLE INC,037833100,45,Information Technology
A,USD,STD,INDL,C,AAPL,9/30/11,001690,APPLE INC,037833100,45,Information Technology
A,USD,STD,INDL,C,AAPL,9/30/12,001690,APPLE INC,037833100,45,Information Technology
A,USD,STD,INDL,C,AAPL,9/30/13,001690,APPLE INC,037833100,45,Information Technology
A,USD,STD,INDL,C,AAPL,9/30/14,001690,APPLE INC,037833100,45,Information Technology
A,USD,STD,INDL,C,AAPL,9/30/15,001690,APPLE INC,037833100,45,Information Technology
A,USD,STD,INDL,C,AAPL,9/30/16,001690,APPLE INC,037833100,45,Information Technology
A,USD,STD,INDL,C,AAPL,9/30/17,001690,APPLE INC,037833100,45,Information Technology
A,USD,STD,INDL,C,AAPL,9/30/18,001690,APPLE INC,037833100,45,Information Technology
A,USD,STD,INDL,C,AAPL,9/30/19,001690,APPLE INC,037833100,45,Information Technology
A,USD,STD,INDL,C,AAPL,9/30/20,001690,APPLE INC,037833100,45,Information Technology
A,USD,STD,INDL,C,AAPL,9/30/21,001690,APPLE INC,037833100,45,Information Technology
A,USD,STD,INDL,C,AAPL,9/30/22,001690,APPLE INC,037833100,45,Information Technology
A,USD,STD,INDL,C,AAPL,9/30/23,001690,APPLE INC,037833100,45,Information Technology
A,USD,STD,INDL,C,AAPL,9/30/24,001690,APPLE INC,037833100,45,Information Technology
A,USD,STD,INDL,C,AAPL,9/30/25,001690,APPLE INC,037833100,45,Information Technology
A,USD,STD,INDL,C,AMAT,10/31/04,001704,APPLIED MATERIALS INC,038222105,45,Information Technology
A,USD,STD,INDL,C,AMAT,10/31/05,001704,APPLIED MATERIALS INC,038222105,45,Information Technology
A,USD,STD,INDL,C,AMAT,10/31/06,001704,APPLIED MATERIALS INC,038222105,45,Information Technology
A,USD,STD,INDL,C,AMAT,10/31/07,001704,APPLIED MATERIALS INC,038222105,45,Information Technology
A,USD,STD,INDL,C,AMAT,10/31/08,001704,APPLIED MATERIALS INC,038222105,45,Information Technology
A,USD,STD,INDL,C,AMAT,10/31/09,001704,APPLIED MATERIALS INC,038222105,45,Information Technology
A,USD,STD,INDL,C,AMAT,10/31/10,001704,APPLIED MATERIALS INC,038222105,45,Information Technology
A,USD,STD,INDL,C,AMAT,10/31/11,001704,APPLIED MATERIALS INC,038222105,45,Information Technology
A,USD,STD,INDL,C,AMAT,10/31/12,001704,APPLIED MATERIALS INC,038222105,45,Information Technology
A,USD,STD,INDL,C,AMAT,10/31/13,001704,APPLIED MATERIALS INC,038222105,45,Information Technology
A,USD,STD,INDL,C,AMAT,10/31/14,001704,APPLIED MATERIALS INC,038222105,45,Information Technology
A,USD,STD,INDL,C,AMAT,10/31/15,001704,APPLIED MATERIALS INC,038222105,45,Information Technology
A,USD,STD,INDL,C,AMAT,10/31/16,001704,APPLIED MATERIALS INC,038222105,45,Information Technology
A,USD,STD,INDL,C,AMAT,10/31/17,001704,APPLIED MATERIALS INC,038222105,45,Information Technology
A,USD,STD,INDL,C,AMAT,10/31/18,001704,APPLIED MATERIALS INC,038222105,45,Information Technology
A,USD,STD,INDL,C,AMAT,10/31/19,001704,APPLIED MATERIALS INC,038222105,45,Information Technology
A,USD,STD,INDL,C,AMAT,10/31/20,001704,APPLIED MATERIALS INC,038222105,45,Information Technology
A,USD,STD,INDL,C,AMAT,10/31/21,001704,APPLIED MATERIALS INC,038222105,45,Information Technology
A,USD,STD,INDL,C,AMAT,10/31/22,001704,APPLIED MATERIALS INC,038222105,45,Information Technology
A,USD,STD,INDL,C,AMAT,10/31/23,001704,APPLIED MATERIALS INC,038222105,45,Information Technology
A,USD,STD,INDL,C,AMAT,10/31/24,001704,APPLIED MATERIALS INC,038222105,45,Information Technology
A,USD,STD,INDL,C,AMAT,10/31/25,001704,APPLIED MATERIALS INC,038222105,45,Information Technology
A,USD,STD,INDL,C,ADSK,1/31/04,001878,AUTODESK INC,052769106,45,Information Technology
A,USD,STD,INDL,C,ADSK,1/31/05,001878,AUTODESK INC,052769106,45,Information Technology
A,USD,STD,INDL,C,ADSK,1/31/06,001878,AUTODESK INC,052769106,45,Information Technology
A,USD,STD,INDL,C,ADSK,1/31/07,001878,AUTODESK INC,052769106,45,Information Technology
A,USD,STD,INDL,C,ADSK,1/31/08,001878,AUTODESK INC,052769106,45,Information Technology
A,USD,STD,INDL,C,ADSK,1/31/09,001878,AUTODESK INC,052769106,45,Information Technology
A,USD,STD,INDL,C,ADSK,1/31/10,001878,AUTODESK INC,052769106,45,Information Technology
A,USD,STD,INDL,C,ADSK,1/31/11,001878,AUTODESK INC,052769106,45,Information Technology
A,USD,STD,INDL,C,ADSK,1/31/12,001878,AUTODESK INC,052769106,45,Information Technology
A,USD,STD,INDL,C,ADSK,1/31/13,001878,AUTODESK INC,052769106,45,Information Technology
A,USD,STD,INDL,C,ADSK,1/31/14,001878,AUTODESK INC,052769106,45,Information Technology
A,USD,STD,INDL,C,ADSK,1/31/15,001878,AUTODESK INC,052769106,45,Information Technology
A,USD,STD,INDL,C,ADSK,1/31/16,001878,AUTODESK INC,052769106,45,Information Technology
A,USD,STD,INDL,C,ADSK,1/31/17,001878,AUTODESK INC,052769106,45,Information Technology
A,USD,STD,INDL,C,ADSK,1/31/18,001878,AUTODESK INC,052769106,45,Information Technology
A,USD,STD,INDL,C,ADSK,1/31/19,001878,AUTODESK INC,052769106,45,Information Technology
A,USD,STD,INDL,C,ADSK,1/31/20,001878,AUTODESK INC,052769106,45,Information Technology
A,USD,STD,INDL,C,ADSK,1/31/21,001878,AUTODESK INC,052769106,45,Information Technology
A,USD,STD,INDL,C,ADSK,1/31/22,001878,AUTODESK INC,052769106,45,Information Technology
A,USD,STD,INDL,C,ADSK,1/31/23,001878,AUTODESK INC,052769106,45,Information Technology
A,USD,STD,INDL,C,ADSK,1/31/24,001878,AUTODESK INC,052769106,45,Information Technology
A,USD,STD,INDL,C,ADSK,1/31/25,001878,AUTODESK INC,052769106,45,Information Technology
A,USD,STD,INDL,C,ADSK,1/31/26,001878,AUTODESK INC,052769106,45,Information Technology
A,USD,STD,INDL,C,ADP,6/30/04,001891,AUTOMATIC DATA PROCESSING,053015103,20,Industrials
A,USD,STD,INDL,C,ADP,6/30/05,001891,AUTOMATIC DATA PROCESSING,053015103,20,Industrials
A,USD,STD,INDL,C,ADP,6/30/06,001891,AUTOMATIC DATA PROCESSING,053015103,20,Industrials
A,USD,STD,INDL,C,ADP,6/30/07,001891,AUTOMATIC DATA PROCESSING,053015103,20,Industrials
A,USD,STD,INDL,C,ADP,6/30/08,001891,AUTOMATIC DATA PROCESSING,053015103,20,Industrials
A,USD,STD,INDL,C,ADP,6/30/09,001891,AUTOMATIC DATA PROCESSING,053015103,20,Industrials
A,USD,STD,INDL,C,ADP,6/30/10,001891,AUTOMATIC DATA PROCESSING,053015103,20,Industrials
A,USD,STD,INDL,C,ADP,6/30/11,001891,AUTOMATIC DATA PROCESSING,053015103,20,Industrials
A,USD,STD,INDL,C,ADP,6/30/12,001891,AUTOMATIC DATA PROCESSING,053015103,20,Industrials
A,USD,STD,INDL,C,ADP,6/30/13,001891,AUTOMATIC DATA PROCESSING,053015103,20,Industrials
A,USD,STD,INDL,C,ADP,6/30/14,001891,AUTOMATIC DATA PROCESSING,053015103,20,Industrials
A,USD,STD,INDL,C,ADP,6/30/15,001891,AUTOMATIC DATA PROCESSING,053015103,20,Industrials
A,USD,STD,INDL,C,ADP,6/30/16,001891,AUTOMATIC DATA PROCESSING,053015103,20,Industrials
A,USD,STD,INDL,C,ADP,6/30/17,001891,AUTOMATIC DATA PROCESSING,053015103,20,Industrials
A,USD,STD,INDL,C,ADP,6/30/18,001891,AUTOMATIC DATA PROCESSING,053015103,20,Industrials
A,USD,STD,INDL,C,ADP,6/30/19,001891,AUTOMATIC DATA PROCESSING,053015103,20,Industrials
A,USD,STD,INDL,C,ADP,6/30/20,001891,AUTOMATIC DATA PROCESSING,053015103,20,Industrials
A,USD,STD,INDL,C,ADP,6/30/21,001891,AUTOMATIC DATA PROCESSING,053015103,20,Industrials
A,USD,STD,INDL,C,ADP,6/30/22,001891,AUTOMATIC DATA PROCESSING,053015103,20,Industrials
A,USD,STD,INDL,C,ADP,6/30/23,001891,AUTOMATIC DATA PROCESSING,053015103,20,Industrials
A,USD,STD,INDL,C,ADP,6/30/24,001891,AUTOMATIC DATA PROCESSING,053015103,20,Industrials
A,USD,STD,INDL,C,ADP,6/30/25,001891,AUTOMATIC DATA PROCESSING,053015103,20,Industrials
A,USD,STD,INDL,C,CSX,12/31/04,002574,CSX CORP,126408103,20,Industrials
A,USD,STD,INDL,C,CSX,12/31/05,002574,CSX CORP,126408103,20,Industrials
A,USD,STD,INDL,C,CSX,12/31/06,002574,CSX CORP,126408103,20,Industrials
A,USD,STD,INDL,C,CSX,12/31/07,002574,CSX CORP,126408103,20,Industrials
A,USD,STD,INDL,C,CSX,12/31/08,002574,CSX CORP,126408103,20,Industrials
A,USD,STD,INDL,C,CSX,12/31/09,002574,CSX CORP,126408103,20,Industrials
A,USD,STD,INDL,C,CSX,12/31/10,002574,CSX CORP,126408103,20,Industrials
A,USD,STD,INDL,C,CSX,12/31/11,002574,CSX CORP,126408103,20,Industrials
A,USD,STD,INDL,C,CSX,12/31/12,002574,CSX CORP,126408103,20,Industrials
A,USD,STD,INDL,C,CSX,12/31/13,002574,CSX CORP,126408103,20,Industrials
A,USD,STD,INDL,C,CSX,12/31/14,002574,CSX CORP,126408103,20,Industrials
A,USD,STD,INDL,C,CSX,12/31/15,002574,CSX CORP,126408103,20,Industrials
A,USD,STD,INDL,C,CSX,12/31/16,002574,CSX CORP,126408103,20,Industrials
A,USD,STD,INDL,C,CSX,12/31/17,002574,CSX CORP,126408103,20,Industrials
A,USD,STD,INDL,C,CSX,12/31/18,002574,CSX CORP,126408103,20,Industrials
A,USD,STD,INDL,C,CSX,12/31/19,002574,CSX CORP,126408103,20,Industrials
A,USD,STD,INDL,C,CSX,12/31/20,002574,CSX CORP,126408103,20,Industrials
A,USD,STD,INDL,C,CSX,12/31/21,002574,CSX CORP,126408103,20,Industrials
A,USD,STD,INDL,C,CSX,12/31/22,002574,CSX CORP,126408103,20,Industrials
A,USD,STD,INDL,C,CSX,12/31/23,002574,CSX CORP,126408103,20,Industrials
A,USD,STD,INDL,C,CSX,12/31/24,002574,CSX CORP,126408103,20,Industrials
A,USD,STD,INDL,C,CSX,12/31/25,002574,CSX CORP,126408103,20,Industrials
A,USD,STD,INDL,C,CTAS,5/31/04,003062,CINTAS CORP,172908105,20,Industrials
A,USD,STD,INDL,C,CTAS,5/31/05,003062,CINTAS CORP,172908105,20,Industrials
A,USD,STD,INDL,C,CTAS,5/31/06,003062,CINTAS CORP,172908105,20,Industrials
A,USD,STD,INDL,C,CTAS,5/31/07,003062,CINTAS CORP,172908105,20,Industrials
A,USD,STD,INDL,C,CTAS,5/31/08,003062,CINTAS CORP,172908105,20,Industrials
A,USD,STD,INDL,C,CTAS,5/31/09,003062,CINTAS CORP,172908105,20,Industrials
A,USD,STD,INDL,C,CTAS,5/31/10,003062,CINTAS CORP,172908105,20,Industrials
A,USD,STD,INDL,C,CTAS,5/31/11,003062,CINTAS CORP,172908105,20,Industrials
A,USD,STD,INDL,C,CTAS,5/31/12,003062,CINTAS CORP,172908105,20,Industrials
A,USD,STD,INDL,C,CTAS,5/31/13,003062,CINTAS CORP,172908105,20,Industrials
A,USD,STD,INDL,C,CTAS,5/31/14,003062,CINTAS CORP,172908105,20,Industrials
A,USD,STD,INDL,C,CTAS,5/31/15,003062,CINTAS CORP,172908105,20,Industrials
A,USD,STD,INDL,C,CTAS,5/31/16,003062,CINTAS CORP,172908105,20,Industrials
A,USD,STD,INDL,C,CTAS,5/31/17,003062,CINTAS CORP,172908105,20,Industrials
A,USD,STD,INDL,C,CTAS,5/31/18,003062,CINTAS CORP,172908105,20,Industrials
A,USD,STD,INDL,C,CTAS,5/31/19,003062,CINTAS CORP,172908105,20,Industrials
A,USD,STD,INDL,C,CTAS,5/31/20,003062,CINTAS CORP,172908105,20,Industrials
A,USD,STD,INDL,C,CTAS,5/31/21,003062,CINTAS CORP,172908105,20,Industrials
A,USD,STD,INDL,C,CTAS,5/31/22,003062,CINTAS CORP,172908105,20,Industrials
A,USD,STD,INDL,C,CTAS,5/31/23,003062,CINTAS CORP,172908105,20,Industrials
A,USD,STD,INDL,C,CTAS,5/31/24,003062,CINTAS CORP,172908105,20,Industrials
A,USD,STD,INDL,C,CTAS,5/31/25,003062,CINTAS CORP,172908105,20,Industrials
A,USD,STD,INDL,C,CMCSA,12/31/04,003226,COMCAST CORP,20030N101,50,Communication Services
A,USD,STD,INDL,C,CMCSA,12/31/05,003226,COMCAST CORP,20030N101,50,Communication Services
A,USD,STD,INDL,C,CMCSA,12/31/06,003226,COMCAST CORP,20030N101,50,Communication Services
A,USD,STD,INDL,C,CMCSA,12/31/07,003226,COMCAST CORP,20030N101,50,Communication Services
A,USD,STD,INDL,C,CMCSA,12/31/08,003226,COMCAST CORP,20030N101,50,Communication Services
A,USD,STD,INDL,C,CMCSA,12/31/09,003226,COMCAST CORP,20030N101,50,Communication Services
A,USD,STD,INDL,C,CMCSA,12/31/10,003226,COMCAST CORP,20030N101,50,Communication Services
A,USD,STD,INDL,C,CMCSA,12/31/11,003226,COMCAST CORP,20030N101,50,Communication Services
A,USD,STD,INDL,C,CMCSA,12/31/12,003226,COMCAST CORP,20030N101,50,Communication Services
A,USD,STD,INDL,C,CMCSA,12/31/13,003226,COMCAST CORP,20030N101,50,Communication Services
A,USD,STD,INDL,C,CMCSA,12/31/14,003226,COMCAST CORP,20030N101,50,Communication Services
A,USD,STD,INDL,C,CMCSA,12/31/15,003226,COMCAST CORP,20030N101,50,Communication Services
A,USD,STD,INDL,C,CMCSA,12/31/16,003226,COMCAST CORP,20030N101,50,Communication Services
A,USD,STD,INDL,C,CMCSA,12/31/17,003226,COMCAST CORP,20030N101,50,Communication Services
A,USD,STD,INDL,C,CMCSA,12/31/18,003226,COMCAST CORP,20030N101,50,Communication Services
A,USD,STD,INDL,C,CMCSA,12/31/19,003226,COMCAST CORP,20030N101,50,Communication Services
A,USD,STD,INDL,C,CMCSA,12/31/20,003226,COMCAST CORP,20030N101,50,Communication Services
A,USD,STD,INDL,C,CMCSA,12/31/21,003226,COMCAST CORP,20030N101,50,Communication Services
A,USD,STD,INDL,C,CMCSA,12/31/22,003226,COMCAST CORP,20030N101,50,Communication Services
A,USD,STD,INDL,C,CMCSA,12/31/23,003226,COMCAST CORP,20030N101,50,Communication Services
A,USD,STD,INDL,C,CMCSA,12/31/24,003226,COMCAST CORP,20030N101,50,Communication Services
A,USD,STD,INDL,C,CMCSA,12/31/25,003226,COMCAST CORP,20030N101,50,Communication Services
A,USD,STD,INDL,C,ERIC,12/31/04,004439,TELEFONAKTIEBOLAGET LM ERICS,294821608,45,Information Technology
A,USD,STD,INDL,C,ERIC,12/31/05,004439,TELEFONAKTIEBOLAGET LM ERICS,294821608,45,Information Technology
A,USD,STD,INDL,C,ERIC,12/31/06,004439,TELEFONAKTIEBOLAGET LM ERICS,294821608,45,Information Technology
A,USD,STD,INDL,C,ERIC,12/31/07,004439,TELEFONAKTIEBOLAGET LM ERICS,294821608,45,Information Technology
A,USD,STD,INDL,C,ERIC,12/31/08,004439,TELEFONAKTIEBOLAGET LM ERICS,294821608,45,Information Technology
A,USD,STD,INDL,C,ERIC,12/31/09,004439,TELEFONAKTIEBOLAGET LM ERICS,294821608,45,Information Technology
A,USD,STD,INDL,C,ERIC,12/31/10,004439,TELEFONAKTIEBOLAGET LM ERICS,294821608,45,Information Technology
A,USD,STD,INDL,C,ERIC,12/31/11,004439,TELEFONAKTIEBOLAGET LM ERICS,294821608,45,Information Technology
A,USD,STD,INDL,C,ERIC,12/31/12,004439,TELEFONAKTIEBOLAGET LM ERICS,294821608,45,Information Technology
A,USD,STD,INDL,C,ERIC,12/31/13,004439,TELEFONAKTIEBOLAGET LM ERICS,294821608,45,Information Technology
A,USD,STD,INDL,C,ERIC,12/31/14,004439,TELEFONAKTIEBOLAGET LM ERICS,294821608,45,Information Technology
A,USD,STD,INDL,C,ERIC,12/31/15,004439,TELEFONAKTIEBOLAGET LM ERICS,294821608,45,Information Technology
A,USD,STD,INDL,C,ERIC,12/31/16,004439,TELEFONAKTIEBOLAGET LM ERICS,294821608,45,Information Technology
A,USD,STD,INDL,C,ERIC,12/31/17,004439,TELEFONAKTIEBOLAGET LM ERICS,294821608,45,Information Technology
A,USD,STD,INDL,C,ERIC,12/31/18,004439,TELEFONAKTIEBOLAGET LM ERICS,294821608,45,Information Technology
A,USD,STD,INDL,C,ERIC,12/31/19,004439,TELEFONAKTIEBOLAGET LM ERICS,294821608,45,Information Technology
A,USD,STD,INDL,C,ERIC,12/31/20,004439,TELEFONAKTIEBOLAGET LM ERICS,294821608,45,Information Technology
A,USD,STD,INDL,C,ERIC,12/31/21,004439,TELEFONAKTIEBOLAGET LM ERICS,294821608,45,Information Technology
A,USD,STD,INDL,C,ERIC,12/31/22,004439,TELEFONAKTIEBOLAGET LM ERICS,294821608,45,Information Technology
A,USD,STD,INDL,C,ERIC,12/31/23,004439,TELEFONAKTIEBOLAGET LM ERICS,294821608,45,Information Technology
A,USD,STD,INDL,C,ERIC,12/31/24,004439,TELEFONAKTIEBOLAGET LM ERICS,294821608,45,Information Technology
A,USD,STD,INDL,C,ERIC,12/31/25,004439,TELEFONAKTIEBOLAGET LM ERICS,294821608,45,Information Technology
A,USD,STD,INDL,C,EXPD,12/31/04,004494,EXPEDITORS INTL WASH INC,302130109,20,Industrials
A,USD,STD,INDL,C,EXPD,12/31/05,004494,EXPEDITORS INTL WASH INC,302130109,20,Industrials
A,USD,STD,INDL,C,EXPD,12/31/06,004494,EXPEDITORS INTL WASH INC,302130109,20,Industrials
A,USD,STD,INDL,C,EXPD,12/31/07,004494,EXPEDITORS INTL WASH INC,302130109,20,Industrials
A,USD,STD,INDL,C,EXPD,12/31/08,004494,EXPEDITORS INTL WASH INC,302130109,20,Industrials
A,USD,STD,INDL,C,EXPD,12/31/09,004494,EXPEDITORS INTL WASH INC,302130109,20,Industrials
A,USD,STD,INDL,C,EXPD,12/31/10,004494,EXPEDITORS INTL WASH INC,302130109,20,Industrials
A,USD,STD,INDL,C,EXPD,12/31/11,004494,EXPEDITORS INTL WASH INC,302130109,20,Industrials
A,USD,STD,INDL,C,EXPD,12/31/12,004494,EXPEDITORS INTL WASH INC,302130109,20,Industrials
A,USD,STD,INDL,C,EXPD,12/31/13,004494,EXPEDITORS INTL WASH INC,302130109,20,Industrials
A,USD,STD,INDL,C,EXPD,12/31/14,004494,EXPEDITORS INTL WASH INC,302130109,20,Industrials
A,USD,STD,INDL,C,EXPD,12/31/15,004494,EXPEDITORS INTL WASH INC,302130109,20,Industrials
A,USD,STD,INDL,C,EXPD,12/31/16,004494,EXPEDITORS INTL WASH INC,302130109,20,Industrials
A,USD,STD,INDL,C,EXPD,12/31/17,004494,EXPEDITORS INTL WASH INC,302130109,20,Industrials
A,USD,STD,INDL,C,EXPD,12/31/18,004494,EXPEDITORS INTL WASH INC,302130109,20,Industrials
A,USD,STD,INDL,C,EXPD,12/31/19,004494,EXPEDITORS INTL WASH INC,302130109,20,Industrials
A,USD,STD,INDL,C,EXPD,12/31/20,004494,EXPEDITORS INTL WASH INC,302130109,20,Industrials
A,USD,STD,INDL,C,EXPD,12/31/21,004494,EXPEDITORS INTL WASH INC,302130109,20,Industrials
A,USD,STD,INDL,C,EXPD,12/31/22,004494,EXPEDITORS INTL WASH INC,302130109,20,Industrials
A,USD,STD,INDL,C,EXPD,12/31/23,004494,EXPEDITORS INTL WASH INC,302130109,20,Industrials
A,USD,STD,INDL,C,EXPD,12/31/24,004494,EXPEDITORS INTL WASH INC,302130109,20,Industrials
A,USD,STD,INDL,C,EXPD,12/31/25,004494,EXPEDITORS INTL WASH INC,302130109,20,Industrials
I,USD,STD,INDL,C,FWLT,12/31/04,004864,FOSTER WHEELER AG,H27178104,20,Industrials
I,USD,STD,INDL,C,FWLT,12/31/05,004864,FOSTER WHEELER AG,H27178104,20,Industrials
I,USD,STD,INDL,C,FWLT,12/31/06,004864,FOSTER WHEELER AG,H27178104,20,Industrials
I,USD,STD,INDL,C,FWLT,12/31/07,004864,FOSTER WHEELER AG,H27178104,20,Industrials
I,USD,STD,INDL,C,FWLT,12/31/08,004864,FOSTER WHEELER AG,H27178104,20,Industrials
I,USD,STD,INDL,C,FWLT,12/31/09,004864,FOSTER WHEELER AG,H27178104,20,Industrials
I,USD,STD,INDL,C,FWLT,12/31/10,004864,FOSTER WHEELER AG,H27178104,20,Industrials
I,USD,STD,INDL,C,FWLT,12/31/11,004864,FOSTER WHEELER AG,H27178104,20,Industrials
I,USD,STD,INDL,C,FWLT,12/31/12,004864,FOSTER WHEELER AG,H27178104,20,Industrials
I,USD,STD,INDL,C,FWLT,12/31/13,004864,FOSTER WHEELER AG,H27178104,20,Industrials
A,USD,STD,INDL,C,GNTX,12/31/04,005116,GENTEX CORP,371901109,25,Consumer Discretionary
A,USD,STD,INDL,C,GNTX,12/31/05,005116,GENTEX CORP,371901109,25,Consumer Discretionary
A,USD,STD,INDL,C,GNTX,12/31/06,005116,GENTEX CORP,371901109,25,Consumer Discretionary
A,USD,STD,INDL,C,GNTX,12/31/07,005116,GENTEX CORP,371901109,25,Consumer Discretionary
A,USD,STD,INDL,C,GNTX,12/31/08,005116,GENTEX CORP,371901109,25,Consumer Discretionary
A,USD,STD,INDL,C,GNTX,12/31/09,005116,GENTEX CORP,371901109,25,Consumer Discretionary
A,USD,STD,INDL,C,GNTX,12/31/10,005116,GENTEX CORP,371901109,25,Consumer Discretionary
A,USD,STD,INDL,C,GNTX,12/31/11,005116,GENTEX CORP,371901109,25,Consumer Discretionary
A,USD,STD,INDL,C,GNTX,12/31/12,005116,GENTEX CORP,371901109,25,Consumer Discretionary
A,USD,STD,INDL,C,GNTX,12/31/13,005116,GENTEX CORP,371901109,25,Consumer Discretionary
A,USD,STD,INDL,C,GNTX,12/31/14,005116,GENTEX CORP,371901109,25,Consumer Discretionary
A,USD,STD,INDL,C,GNTX,12/31/15,005116,GENTEX CORP,371901109,25,Consumer Discretionary
A,USD,STD,INDL,C,GNTX,12/31/16,005116,GENTEX CORP,371901109,25,Consumer Discretionary
A,USD,STD,INDL,C,GNTX,12/31/17,005116,GENTEX CORP,371901109,25,Consumer Discretionary
A,USD,STD,INDL,C,GNTX,12/31/18,005116,GENTEX CORP,371901109,25,Consumer Discretionary
A,USD,STD,INDL,C,GNTX,12/31/19,005116,GENTEX CORP,371901109,25,Consumer Discretionary
A,USD,STD,INDL,C,GNTX,12/31/20,005116,GENTEX CORP,371901109,25,Consumer Discretionary
A,USD,STD,INDL,C,GNTX,12/31/21,005116,GENTEX CORP,371901109,25,Consumer Discretionary
A,USD,STD,INDL,C,GNTX,12/31/22,005116,GENTEX CORP,371901109,25,Consumer Discretionary
A,USD,STD,INDL,C,GNTX,12/31/23,005116,GENTEX CORP,371901109,25,Consumer Discretionary
A,USD,STD,INDL,C,GNTX,12/31/24,005116,GENTEX CORP,371901109,25,Consumer Discretionary
A,USD,STD,INDL,C,HAS,12/31/04,005518,HASBRO INC,418056107,25,Consumer Discretionary
A,USD,STD,INDL,C,HAS,12/31/05,005518,HASBRO INC,418056107,25,Consumer Discretionary
A,USD,STD,INDL,C,HAS,12/31/06,005518,HASBRO INC,418056107,25,Consumer Discretionary
A,USD,STD,INDL,C,HAS,12/31/07,005518,HASBRO INC,418056107,25,Consumer Discretionary
A,USD,STD,INDL,C,HAS,12/31/08,005518,HASBRO INC,418056107,25,Consumer Discretionary
A,USD,STD,INDL,C,HAS,12/31/09,005518,HASBRO INC,418056107,25,Consumer Discretionary
A,USD,STD,INDL,C,HAS,12/31/10,005518,HASBRO INC,418056107,25,Consumer Discretionary
A,USD,STD,INDL,C,HAS,12/31/11,005518,HASBRO INC,418056107,25,Consumer Discretionary
A,USD,STD,INDL,C,HAS,12/31/12,005518,HASBRO INC,418056107,25,Consumer Discretionary
A,USD,STD,INDL,C,HAS,12/31/13,005518,HASBRO INC,418056107,25,Consumer Discretionary
A,USD,STD,INDL,C,HAS,12/31/14,005518,HASBRO INC,418056107,25,Consumer Discretionary
A,USD,STD,INDL,C,HAS,12/31/15,005518,HASBRO INC,418056107,25,Consumer Discretionary
A,USD,STD,INDL,C,HAS,12/31/16,005518,HASBRO INC,418056107,25,Consumer Discretionary
A,USD,STD,INDL,C,HAS,12/31/17,005518,HASBRO INC,418056107,25,Consumer Discretionary
A,USD,STD,INDL,C,HAS,12/31/18,005518,HASBRO INC,418056107,25,Consumer Discretionary
A,USD,STD,INDL,C,HAS,12/31/19,005518,HASBRO INC,418056107,25,Consumer Discretionary
A,USD,STD,INDL,C,HAS,12/31/20,005518,HASBRO INC,418056107,25,Consumer Discretionary
A,USD,STD,INDL,C,HAS,12/31/21,005518,HASBRO INC,418056107,25,Consumer Discretionary
A,USD,STD,INDL,C,HAS,12/31/22,005518,HASBRO INC,418056107,25,Consumer Discretionary
A,USD,STD,INDL,C,HAS,12/31/23,005518,HASBRO INC,418056107,25,Consumer Discretionary
A,USD,STD,INDL,C,HAS,12/31/24,005518,HASBRO INC,418056107,25,Consumer Discretionary
A,USD,STD,INDL,C,HAS,12/31/25,005518,HASBRO INC,418056107,25,Consumer Discretionary
A,USD,STD,INDL,C,KHC,4/30/04,005568,KRAFT HEINZ CO,500754106,30,Consumer Staples
A,USD,STD,INDL,C,KHC,4/30/05,005568,KRAFT HEINZ CO,500754106,30,Consumer Staples
A,USD,STD,INDL,C,KHC,4/30/06,005568,KRAFT HEINZ CO,500754106,30,Consumer Staples
A,USD,STD,INDL,C,KHC,4/30/07,005568,KRAFT HEINZ CO,500754106,30,Consumer Staples
A,USD,STD,INDL,C,KHC,4/30/08,005568,KRAFT HEINZ CO,500754106,30,Consumer Staples
A,USD,STD,INDL,C,KHC,4/30/09,005568,KRAFT HEINZ CO,500754106,30,Consumer Staples
A,USD,STD,INDL,C,KHC,4/30/10,005568,KRAFT HEINZ CO,500754106,30,Consumer Staples
A,USD,STD,INDL,C,KHC,4/30/11,005568,KRAFT HEINZ CO,500754106,30,Consumer Staples
A,USD,STD,INDL,C,KHC,4/30/12,005568,KRAFT HEINZ CO,500754106,30,Consumer Staples
A,USD,STD,INDL,C,KHC,4/30/13,005568,KRAFT HEINZ CO,500754106,30,Consumer Staples
A,USD,STD,INDL,C,KHC,12/31/13,005568,KRAFT HEINZ CO,500754106,30,Consumer Staples
A,USD,STD,INDL,C,KHC,12/31/14,005568,KRAFT HEINZ CO,500754106,30,Consumer Staples
A,USD,STD,INDL,C,KHC,12/31/15,005568,KRAFT HEINZ CO,500754106,30,Consumer Staples
A,USD,STD,INDL,C,KHC,12/31/16,005568,KRAFT HEINZ CO,500754106,30,Consumer Staples
A,USD,STD,INDL,C,KHC,12/31/17,005568,KRAFT HEINZ CO,500754106,30,Consumer Staples
A,USD,STD,INDL,C,KHC,12/31/18,005568,KRAFT HEINZ CO,500754106,30,Consumer Staples
A,USD,STD,INDL,C,KHC,12/31/19,005568,KRAFT HEINZ CO,500754106,30,Consumer Staples
A,USD,STD,INDL,C,KHC,12/31/20,005568,KRAFT HEINZ CO,500754106,30,Consumer Staples
A,USD,STD,INDL,C,KHC,12/31/21,005568,KRAFT HEINZ CO,500754106,30,Consumer Staples
A,USD,STD,INDL,C,KHC,12/31/22,005568,KRAFT HEINZ CO,500754106,30,Consumer Staples
A,USD,STD,INDL,C,KHC,12/31/23,005568,KRAFT HEINZ CO,500754106,30,Consumer Staples
A,USD,STD,INDL,C,KHC,12/31/24,005568,KRAFT HEINZ CO,500754106,30,Consumer Staples
A,USD,STD,INDL,C,KHC,12/31/25,005568,KRAFT HEINZ CO,500754106,30,Consumer Staples
A,USD,STD,INDL,C,JBHT,12/31/04,005783,HUNT (JB) TRANSPRT SVCS INC,445658107,20,Industrials
A,USD,STD,INDL,C,JBHT,12/31/05,005783,HUNT (JB) TRANSPRT SVCS INC,445658107,20,Industrials
A,USD,STD,INDL,C,JBHT,12/31/06,005783,HUNT (JB) TRANSPRT SVCS INC,445658107,20,Industrials
A,USD,STD,INDL,C,JBHT,12/31/07,005783,HUNT (JB) TRANSPRT SVCS INC,445658107,20,Industrials
A,USD,STD,INDL,C,JBHT,12/31/08,005783,HUNT (JB) TRANSPRT SVCS INC,445658107,20,Industrials
A,USD,STD,INDL,C,JBHT,12/31/09,005783,HUNT (JB) TRANSPRT SVCS INC,445658107,20,Industrials
A,USD,STD,INDL,C,JBHT,12/31/10,005783,HUNT (JB) TRANSPRT SVCS INC,445658107,20,Industrials
A,USD,STD,INDL,C,JBHT,12/31/11,005783,HUNT (JB) TRANSPRT SVCS INC,445658107,20,Industrials
A,USD,STD,INDL,C,JBHT,12/31/12,005783,HUNT (JB) TRANSPRT SVCS INC,445658107,20,Industrials
A,USD,STD,INDL,C,JBHT,12/31/13,005783,HUNT (JB) TRANSPRT SVCS INC,445658107,20,Industrials
A,USD,STD,INDL,C,JBHT,12/31/14,005783,HUNT (JB) TRANSPRT SVCS INC,445658107,20,Industrials
A,USD,STD,INDL,C,JBHT,12/31/15,005783,HUNT (JB) TRANSPRT SVCS INC,445658107,20,Industrials
A,USD,STD,INDL,C,JBHT,12/31/16,005783,HUNT (JB) TRANSPRT SVCS INC,445658107,20,Industrials
A,USD,STD,INDL,C,JBHT,12/31/17,005783,HUNT (JB) TRANSPRT SVCS INC,445658107,20,Industrials
A,USD,STD,INDL,C,JBHT,12/31/18,005783,HUNT (JB) TRANSPRT SVCS INC,445658107,20,Industrials
A,USD,STD,INDL,C,JBHT,12/31/19,005783,HUNT (JB) TRANSPRT SVCS INC,445658107,20,Industrials
A,USD,STD,INDL,C,JBHT,12/31/20,005783,HUNT (JB) TRANSPRT SVCS INC,445658107,20,Industrials
A,USD,STD,INDL,C,JBHT,12/31/21,005783,HUNT (JB) TRANSPRT SVCS INC,445658107,20,Industrials
A,USD,STD,INDL,C,JBHT,12/31/22,005783,HUNT (JB) TRANSPRT SVCS INC,445658107,20,Industrials
A,USD,STD,INDL,C,JBHT,12/31/23,005783,HUNT (JB) TRANSPRT SVCS INC,445658107,20,Industrials
A,USD,STD,INDL,C,JBHT,12/31/24,005783,HUNT (JB) TRANSPRT SVCS INC,445658107,20,Industrials
A,USD,STD,INDL,C,JBHT,12/31/25,005783,HUNT (JB) TRANSPRT SVCS INC,445658107,20,Industrials
I,USD,STD,INDL,C,IDTI,3/31/04,006003,INTEGRATED DEVICE TECH INC,458118106,45,Information Technology
I,USD,STD,INDL,C,IDTI,3/31/05,006003,INTEGRATED DEVICE TECH INC,458118106,45,Information Technology
I,USD,STD,INDL,C,IDTI,3/31/06,006003,INTEGRATED DEVICE TECH INC,458118106,45,Information Technology
I,USD,STD,INDL,C,IDTI,3/31/07,006003,INTEGRATED DEVICE TECH INC,458118106,45,Information Technology
I,USD,STD,INDL,C,IDTI,3/31/08,006003,INTEGRATED DEVICE TECH INC,458118106,45,Information Technology
I,USD,STD,INDL,C,IDTI,3/31/09,006003,INTEGRATED DEVICE TECH INC,458118106,45,Information Technology
I,USD,STD,INDL,C,IDTI,3/31/10,006003,INTEGRATED DEVICE TECH INC,458118106,45,Information Technology
I,USD,STD,INDL,C,IDTI,3/31/11,006003,INTEGRATED DEVICE TECH INC,458118106,45,Information Technology
I,USD,STD,INDL,C,IDTI,3/31/12,006003,INTEGRATED DEVICE TECH INC,458118106,45,Information Technology
I,USD,STD,INDL,C,IDTI,3/31/13,006003,INTEGRATED DEVICE TECH INC,458118106,45,Information Technology
I,USD,STD,INDL,C,IDTI,3/31/14,006003,INTEGRATED DEVICE TECH INC,458118106,45,Information Technology
I,USD,STD,INDL,C,IDTI,3/31/15,006003,INTEGRATED DEVICE TECH INC,458118106,45,Information Technology
I,USD,STD,INDL,C,IDTI,3/31/16,006003,INTEGRATED DEVICE TECH INC,458118106,45,Information Technology
I,USD,STD,INDL,C,IDTI,3/31/17,006003,INTEGRATED DEVICE TECH INC,458118106,45,Information Technology
I,USD,STD,INDL,C,IDTI,3/31/18,006003,INTEGRATED DEVICE TECH INC,458118106,45,Information Technology
A,USD,STD,INDL,C,INTC,12/31/04,006008,INTEL CORP,458140100,45,Information Technology
A,USD,STD,INDL,C,INTC,12/31/05,006008,INTEL CORP,458140100,45,Information Technology
A,USD,STD,INDL,C,INTC,12/31/06,006008,INTEL CORP,458140100,45,Information Technology
A,USD,STD,INDL,C,INTC,12/31/07,006008,INTEL CORP,458140100,45,Information Technology
A,USD,STD,INDL,C,INTC,12/31/08,006008,INTEL CORP,458140100,45,Information Technology
A,USD,STD,INDL,C,INTC,12/31/09,006008,INTEL CORP,458140100,45,Information Technology
A,USD,STD,INDL,C,INTC,12/31/10,006008,INTEL CORP,458140100,45,Information Technology
A,USD,STD,INDL,C,INTC,12/31/11,006008,INTEL CORP,458140100,45,Information Technology
A,USD,STD,INDL,C,INTC,12/31/12,006008,INTEL CORP,458140100,45,Information Technology
A,USD,STD,INDL,C,INTC,12/31/13,006008,INTEL CORP,458140100,45,Information Technology
A,USD,STD,INDL,C,INTC,12/31/14,006008,INTEL CORP,458140100,45,Information Technology
A,USD,STD,INDL,C,INTC,12/31/15,006008,INTEL CORP,458140100,45,Information Technology
A,USD,STD,INDL,C,INTC,12/31/16,006008,INTEL CORP,458140100,45,Information Technology
A,USD,STD,INDL,C,INTC,12/31/17,006008,INTEL CORP,458140100,45,Information Technology
A,USD,STD,INDL,C,INTC,12/31/18,006008,INTEL CORP,458140100,45,Information Technology
A,USD,STD,INDL,C,INTC,12/31/19,006008,INTEL CORP,458140100,45,Information Technology
A,USD,STD,INDL,C,INTC,12/31/20,006008,INTEL CORP,458140100,45,Information Technology
A,USD,STD,INDL,C,INTC,12/31/21,006008,INTEL CORP,458140100,45,Information Technology
A,USD,STD,INDL,C,INTC,12/31/22,006008,INTEL CORP,458140100,45,Information Technology
A,USD,STD,INDL,C,INTC,12/31/23,006008,INTEL CORP,458140100,45,Information Technology
A,USD,STD,INDL,C,INTC,12/31/24,006008,INTEL CORP,458140100,45,Information Technology
A,USD,STD,INDL,C,INTC,12/31/25,006008,INTEL CORP,458140100,45,Information Technology
A,USD,STD,INDL,C,KLAC,6/30/04,006304,KLA CORP,482480100,45,Information Technology
A,USD,STD,INDL,C,KLAC,6/30/05,006304,KLA CORP,482480100,45,Information Technology
A,USD,STD,INDL,C,KLAC,6/30/06,006304,KLA CORP,482480100,45,Information Technology
A,USD,STD,INDL,C,KLAC,6/30/07,006304,KLA CORP,482480100,45,Information Technology
A,USD,STD,INDL,C,KLAC,6/30/08,006304,KLA CORP,482480100,45,Information Technology
A,USD,STD,INDL,C,KLAC,6/30/09,006304,KLA CORP,482480100,45,Information Technology
A,USD,STD,INDL,C,KLAC,6/30/10,006304,KLA CORP,482480100,45,Information Technology
A,USD,STD,INDL,C,KLAC,6/30/11,006304,KLA CORP,482480100,45,Information Technology
A,USD,STD,INDL,C,KLAC,6/30/12,006304,KLA CORP,482480100,45,Information Technology
A,USD,STD,INDL,C,KLAC,6/30/13,006304,KLA CORP,482480100,45,Information Technology
A,USD,STD,INDL,C,KLAC,6/30/14,006304,KLA CORP,482480100,45,Information Technology
A,USD,STD,INDL,C,KLAC,6/30/15,006304,KLA CORP,482480100,45,Information Technology
A,USD,STD,INDL,C,KLAC,6/30/16,006304,KLA CORP,482480100,45,Information Technology
A,USD,STD,INDL,C,KLAC,6/30/17,006304,KLA CORP,482480100,45,Information Technology
A,USD,STD,INDL,C,KLAC,6/30/18,006304,KLA CORP,482480100,45,Information Technology
A,USD,STD,INDL,C,KLAC,6/30/19,006304,KLA CORP,482480100,45,Information Technology
A,USD,STD,INDL,C,KLAC,6/30/20,006304,KLA CORP,482480100,45,Information Technology
A,USD,STD,INDL,C,KLAC,6/30/21,006304,KLA CORP,482480100,45,Information Technology
A,USD,STD,INDL,C,KLAC,6/30/22,006304,KLA CORP,482480100,45,Information Technology
A,USD,STD,INDL,C,KLAC,6/30/23,006304,KLA CORP,482480100,45,Information Technology
A,USD,STD,INDL,C,KLAC,6/30/24,006304,KLA CORP,482480100,45,Information Technology
A,USD,STD,INDL,C,KLAC,6/30/25,006304,KLA CORP,482480100,45,Information Technology
I,USD,STD,INDL,C,SHLDQ,1/31/04,006307,SEARS HOLDINGS CORP,812350106,25,Consumer Discretionary
I,USD,STD,INDL,C,SHLDQ,1/31/05,006307,SEARS HOLDINGS CORP,812350106,25,Consumer Discretionary
I,USD,STD,INDL,C,SHLDQ,1/31/06,006307,SEARS HOLDINGS CORP,812350106,25,Consumer Discretionary
I,USD,STD,INDL,C,SHLDQ,1/31/07,006307,SEARS HOLDINGS CORP,812350106,25,Consumer Discretionary
I,USD,STD,INDL,C,SHLDQ,1/31/08,006307,SEARS HOLDINGS CORP,812350106,25,Consumer Discretionary
I,USD,STD,INDL,C,SHLDQ,1/31/09,006307,SEARS HOLDINGS CORP,812350106,25,Consumer Discretionary
I,USD,STD,INDL,C,SHLDQ,1/31/10,006307,SEARS HOLDINGS CORP,812350106,25,Consumer Discretionary
I,USD,STD,INDL,C,SHLDQ,1/31/11,006307,SEARS HOLDINGS CORP,812350106,25,Consumer Discretionary
I,USD,STD,INDL,C,SHLDQ,1/31/12,006307,SEARS HOLDINGS CORP,812350106,25,Consumer Discretionary
I,USD,STD,INDL,C,SHLDQ,1/31/13,006307,SEARS HOLDINGS CORP,812350106,25,Consumer Discretionary
I,USD,STD,INDL,C,SHLDQ,1/31/14,006307,SEARS HOLDINGS CORP,812350106,25,Consumer Discretionary
I,USD,STD,INDL,C,SHLDQ,1/31/15,006307,SEARS HOLDINGS CORP,812350106,25,Consumer Discretionary
I,USD,STD,INDL,C,SHLDQ,1/31/16,006307,SEARS HOLDINGS CORP,812350106,25,Consumer Discretionary
I,USD,STD,INDL,C,SHLDQ,1/31/17,006307,SEARS HOLDINGS CORP,812350106,25,Consumer Discretionary
I,USD,STD,INDL,C,SHLDQ,1/31/18,006307,SEARS HOLDINGS CORP,812350106,25,Consumer Discretionary
A,USD,STD,INDL,C,LRCX,6/30/04,006565,LAM RESEARCH CORP,512807306,45,Information Technology
A,USD,STD,INDL,C,LRCX,6/30/05,006565,LAM RESEARCH CORP,512807306,45,Information Technology
A,USD,STD,INDL,C,LRCX,6/30/06,006565,LAM RESEARCH CORP,512807306,45,Information Technology
A,USD,STD,INDL,C,LRCX,6/30/07,006565,LAM RESEARCH CORP,512807306,45,Information Technology
A,USD,STD,INDL,C,LRCX,6/30/08,006565,LAM RESEARCH CORP,512807306,45,Information Technology
A,USD,STD,INDL,C,LRCX,6/30/09,006565,LAM RESEARCH CORP,512807306,45,Information Technology
A,USD,STD,INDL,C,LRCX,6/30/10,006565,LAM RESEARCH CORP,512807306,45,Information Technology
A,USD,STD,INDL,C,LRCX,6/30/11,006565,LAM RESEARCH CORP,512807306,45,Information Technology
A,USD,STD,INDL,C,LRCX,6/30/12,006565,LAM RESEARCH CORP,512807306,45,Information Technology
A,USD,STD,INDL,C,LRCX,6/30/13,006565,LAM RESEARCH CORP,512807306,45,Information Technology
A,USD,STD,INDL,C,LRCX,6/30/14,006565,LAM RESEARCH CORP,512807306,45,Information Technology
A,USD,STD,INDL,C,LRCX,6/30/15,006565,LAM RESEARCH CORP,512807306,45,Information Technology
A,USD,STD,INDL,C,LRCX,6/30/16,006565,LAM RESEARCH CORP,512807306,45,Information Technology
A,USD,STD,INDL,C,LRCX,6/30/17,006565,LAM RESEARCH CORP,512807306,45,Information Technology
A,USD,STD,INDL,C,LRCX,6/30/18,006565,LAM RESEARCH CORP,512807306,45,Information Technology
A,USD,STD,INDL,C,LRCX,6/30/19,006565,LAM RESEARCH CORP,512807306,45,Information Technology
A,USD,STD,INDL,C,LRCX,6/30/20,006565,LAM RESEARCH CORP,512807306,45,Information Technology
A,USD,STD,INDL,C,LRCX,6/30/21,006565,LAM RESEARCH CORP,512807306,45,Information Technology
A,USD,STD,INDL,C,LRCX,6/30/22,006565,LAM RESEARCH CORP,512807306,45,Information Technology
A,USD,STD,INDL,C,LRCX,6/30/23,006565,LAM RESEARCH CORP,512807306,45,Information Technology
A,USD,STD,INDL,C,LRCX,6/30/24,006565,LAM RESEARCH CORP,512807306,45,Information Technology
A,USD,STD,INDL,C,LRCX,6/30/25,006565,LAM RESEARCH CORP,512807306,45,Information Technology
A,USD,STD,INDL,C,MAT,12/31/04,007116,MATTEL INC,577081102,25,Consumer Discretionary
A,USD,STD,INDL,C,MAT,12/31/05,007116,MATTEL INC,577081102,25,Consumer Discretionary
A,USD,STD,INDL,C,MAT,12/31/06,007116,MATTEL INC,577081102,25,Consumer Discretionary
A,USD,STD,INDL,C,MAT,12/31/07,007116,MATTEL INC,577081102,25,Consumer Discretionary
A,USD,STD,INDL,C,MAT,12/31/08,007116,MATTEL INC,577081102,25,Consumer Discretionary
A,USD,STD,INDL,C,MAT,12/31/09,007116,MATTEL INC,577081102,25,Consumer Discretionary
A,USD,STD,INDL,C,MAT,12/31/10,007116,MATTEL INC,577081102,25,Consumer Discretionary
A,USD,STD,INDL,C,MAT,12/31/11,007116,MATTEL INC,577081102,25,Consumer Discretionary
A,USD,STD,INDL,C,MAT,12/31/12,007116,MATTEL INC,577081102,25,Consumer Discretionary
A,USD,STD,INDL,C,MAT,12/31/13,007116,MATTEL INC,577081102,25,Consumer Discretionary
A,USD,STD,INDL,C,MAT,12/31/14,007116,MATTEL INC,577081102,25,Consumer Discretionary
A,USD,STD,INDL,C,MAT,12/31/15,007116,MATTEL INC,577081102,25,Consumer Discretionary
A,USD,STD,INDL,C,MAT,12/31/16,007116,MATTEL INC,577081102,25,Consumer Discretionary
A,USD,STD,INDL,C,MAT,12/31/17,007116,MATTEL INC,577081102,25,Consumer Discretionary
A,USD,STD,INDL,C,MAT,12/31/18,007116,MATTEL INC,577081102,25,Consumer Discretionary
A,USD,STD,INDL,C,MAT,12/31/19,007116,MATTEL INC,577081102,25,Consumer Discretionary
A,USD,STD,INDL,C,MAT,12/31/20,007116,MATTEL INC,577081102,25,Consumer Discretionary
A,USD,STD,INDL,C,MAT,12/31/21,007116,MATTEL INC,577081102,25,Consumer Discretionary
A,USD,STD,INDL,C,MAT,12/31/22,007116,MATTEL INC,577081102,25,Consumer Discretionary
A,USD,STD,INDL,C,MAT,12/31/23,007116,MATTEL INC,577081102,25,Consumer Discretionary
A,USD,STD,INDL,C,MAT,12/31/24,007116,MATTEL INC,577081102,25,Consumer Discretionary
A,USD,STD,INDL,C,MAT,12/31/25,007116,MATTEL INC,577081102,25,Consumer Discretionary
A,USD,STD,INDL,C,MU,8/31/04,007343,MICRON TECHNOLOGY INC,595112103,45,Information Technology
A,USD,STD,INDL,C,MU,8/31/05,007343,MICRON TECHNOLOGY INC,595112103,45,Information Technology
A,USD,STD,INDL,C,MU,8/31/06,007343,MICRON TECHNOLOGY INC,595112103,45,Information Technology
A,USD,STD,INDL,C,MU,8/31/07,007343,MICRON TECHNOLOGY INC,595112103,45,Information Technology
A,USD,STD,INDL,C,MU,8/31/08,007343,MICRON TECHNOLOGY INC,595112103,45,Information Technology
A,USD,STD,INDL,C,MU,8/31/09,007343,MICRON TECHNOLOGY INC,595112103,45,Information Technology
A,USD,STD,INDL,C,MU,8/31/10,007343,MICRON TECHNOLOGY INC,595112103,45,Information Technology
A,USD,STD,INDL,C,MU,8/31/11,007343,MICRON TECHNOLOGY INC,595112103,45,Information Technology
A,USD,STD,INDL,C,MU,8/31/12,007343,MICRON TECHNOLOGY INC,595112103,45,Information Technology
A,USD,STD,INDL,C,MU,8/31/13,007343,MICRON TECHNOLOGY INC,595112103,45,Information Technology
A,USD,STD,INDL,C,MU,8/31/14,007343,MICRON TECHNOLOGY INC,595112103,45,Information Technology
A,USD,STD,INDL,C,MU,8/31/15,007343,MICRON TECHNOLOGY INC,595112103,45,Information Technology
A,USD,STD,INDL,C,MU,8/31/16,007343,MICRON TECHNOLOGY INC,595112103,45,Information Technology
A,USD,STD,INDL,C,MU,8/31/17,007343,MICRON TECHNOLOGY INC,595112103,45,Information Technology
A,USD,STD,INDL,C,MU,8/31/18,007343,MICRON TECHNOLOGY INC,595112103,45,Information Technology
A,USD,STD,INDL,C,MU,8/31/19,007343,MICRON TECHNOLOGY INC,595112103,45,Information Technology
A,USD,STD,INDL,C,MU,8/31/20,007343,MICRON TECHNOLOGY INC,595112103,45,Information Technology
A,USD,STD,INDL,C,MU,8/31/21,007343,MICRON TECHNOLOGY INC,595112103,45,Information Technology
A,USD,STD,INDL,C,MU,8/31/22,007343,MICRON TECHNOLOGY INC,595112103,45,Information Technology
A,USD,STD,INDL,C,MU,8/31/23,007343,MICRON TECHNOLOGY INC,595112103,45,Information Technology
A,USD,STD,INDL,C,MU,8/31/24,007343,MICRON TECHNOLOGY INC,595112103,45,Information Technology
A,USD,STD,INDL,C,MU,8/31/25,007343,MICRON TECHNOLOGY INC,595112103,45,Information Technology
I,USD,STD,INDL,C,MOLX,6/30/04,007506,MOLEX INC,608554101,45,Information Technology
I,USD,STD,INDL,C,MOLX,6/30/05,007506,MOLEX INC,608554101,45,Information Technology
I,USD,STD,INDL,C,MOLX,6/30/06,007506,MOLEX INC,608554101,45,Information Technology
I,USD,STD,INDL,C,MOLX,6/30/07,007506,MOLEX INC,608554101,45,Information Technology
I,USD,STD,INDL,C,MOLX,6/30/08,007506,MOLEX INC,608554101,45,Information Technology
I,USD,STD,INDL,C,MOLX,6/30/09,007506,MOLEX INC,608554101,45,Information Technology
I,USD,STD,INDL,C,MOLX,6/30/10,007506,MOLEX INC,608554101,45,Information Technology
I,USD,STD,INDL,C,MOLX,6/30/11,007506,MOLEX INC,608554101,45,Information Technology
I,USD,STD,INDL,C,MOLX,6/30/12,007506,MOLEX INC,608554101,45,Information Technology
I,USD,STD,INDL,C,MOLX,6/30/13,007506,MOLEX INC,608554101,45,Information Technology
A,USD,STD,INDL,C,XEL,12/31/04,007977,XCEL ENERGY INC,98389B100,55,Utilities
A,USD,STD,INDL,C,XEL,12/31/05,007977,XCEL ENERGY INC,98389B100,55,Utilities
A,USD,STD,INDL,C,XEL,12/31/06,007977,XCEL ENERGY INC,98389B100,55,Utilities
A,USD,STD,INDL,C,XEL,12/31/07,007977,XCEL ENERGY INC,98389B100,55,Utilities
A,USD,STD,INDL,C,XEL,12/31/08,007977,XCEL ENERGY INC,98389B100,55,Utilities
A,USD,STD,INDL,C,XEL,12/31/09,007977,XCEL ENERGY INC,98389B100,55,Utilities
A,USD,STD,INDL,C,XEL,12/31/10,007977,XCEL ENERGY INC,98389B100,55,Utilities
A,USD,STD,INDL,C,XEL,12/31/11,007977,XCEL ENERGY INC,98389B100,55,Utilities
A,USD,STD,INDL,C,XEL,12/31/12,007977,XCEL ENERGY INC,98389B100,55,Utilities
A,USD,STD,INDL,C,XEL,12/31/13,007977,XCEL ENERGY INC,98389B100,55,Utilities
A,USD,STD,INDL,C,XEL,12/31/14,007977,XCEL ENERGY INC,98389B100,55,Utilities
A,USD,STD,INDL,C,XEL,12/31/15,007977,XCEL ENERGY INC,98389B100,55,Utilities
A,USD,STD,INDL,C,XEL,12/31/16,007977,XCEL ENERGY INC,98389B100,55,Utilities
A,USD,STD,INDL,C,XEL,12/31/17,007977,XCEL ENERGY INC,98389B100,55,Utilities
A,USD,STD,INDL,C,XEL,12/31/18,007977,XCEL ENERGY INC,98389B100,55,Utilities
A,USD,STD,INDL,C,XEL,12/31/19,007977,XCEL ENERGY INC,98389B100,55,Utilities
A,USD,STD,INDL,C,XEL,12/31/20,007977,XCEL ENERGY INC,98389B100,55,Utilities
A,USD,STD,INDL,C,XEL,12/31/21,007977,XCEL ENERGY INC,98389B100,55,Utilities
A,USD,STD,INDL,C,XEL,12/31/22,007977,XCEL ENERGY INC,98389B100,55,Utilities
A,USD,STD,INDL,C,XEL,12/31/23,007977,XCEL ENERGY INC,98389B100,55,Utilities
A,USD,STD,INDL,C,XEL,12/31/24,007977,XCEL ENERGY INC,98389B100,55,Utilities
A,USD,STD,INDL,C,PCAR,12/31/04,008253,PACCAR INC,693718108,20,Industrials
A,USD,STD,INDL,C,PCAR,12/31/05,008253,PACCAR INC,693718108,20,Industrials
A,USD,STD,INDL,C,PCAR,12/31/06,008253,PACCAR INC,693718108,20,Industrials
A,USD,STD,INDL,C,PCAR,12/31/07,008253,PACCAR INC,693718108,20,Industrials
A,USD,STD,INDL,C,PCAR,12/31/08,008253,PACCAR INC,693718108,20,Industrials
A,USD,STD,INDL,C,PCAR,12/31/09,008253,PACCAR INC,693718108,20,Industrials
A,USD,STD,INDL,C,PCAR,12/31/10,008253,PACCAR INC,693718108,20,Industrials
A,USD,STD,INDL,C,PCAR,12/31/11,008253,PACCAR INC,693718108,20,Industrials
A,USD,STD,INDL,C,PCAR,12/31/12,008253,PACCAR INC,693718108,20,Industrials
A,USD,STD,INDL,C,PCAR,12/31/13,008253,PACCAR INC,693718108,20,Industrials
A,USD,STD,INDL,C,PCAR,12/31/14,008253,PACCAR INC,693718108,20,Industrials
A,USD,STD,INDL,C,PCAR,12/31/15,008253,PACCAR INC,693718108,20,Industrials
A,USD,STD,INDL,C,PCAR,12/31/16,008253,PACCAR INC,693718108,20,Industrials
A,USD,STD,INDL,C,PCAR,12/31/17,008253,PACCAR INC,693718108,20,Industrials
A,USD,STD,INDL,C,PCAR,12/31/18,008253,PACCAR INC,693718108,20,Industrials
A,USD,STD,INDL,C,PCAR,12/31/19,008253,PACCAR INC,693718108,20,Industrials
A,USD,STD,INDL,C,PCAR,12/31/20,008253,PACCAR INC,693718108,20,Industrials
A,USD,STD,INDL,C,PCAR,12/31/21,008253,PACCAR INC,693718108,20,Industrials
A,USD,STD,INDL,C,PCAR,12/31/22,008253,PACCAR INC,693718108,20,Industrials
A,USD,STD,INDL,C,PCAR,12/31/23,008253,PACCAR INC,693718108,20,Industrials
A,USD,STD,INDL,C,PCAR,12/31/24,008253,PACCAR INC,693718108,20,Industrials
A,USD,STD,INDL,C,PCAR,12/31/25,008253,PACCAR INC,693718108,20,Industrials
A,USD,STD,INDL,C,PAYX,5/31/04,008402,PAYCHEX INC,704326107,20,Industrials
A,USD,STD,INDL,C,PAYX,5/31/05,008402,PAYCHEX INC,704326107,20,Industrials
A,USD,STD,INDL,C,PAYX,5/31/06,008402,PAYCHEX INC,704326107,20,Industrials
A,USD,STD,INDL,C,PAYX,5/31/07,008402,PAYCHEX INC,704326107,20,Industrials
A,USD,STD,INDL,C,PAYX,5/31/08,008402,PAYCHEX INC,704326107,20,Industrials
A,USD,STD,INDL,C,PAYX,5/31/09,008402,PAYCHEX INC,704326107,20,Industrials
A,USD,STD,INDL,C,PAYX,5/31/10,008402,PAYCHEX INC,704326107,20,Industrials
A,USD,STD,INDL,C,PAYX,5/31/11,008402,PAYCHEX INC,704326107,20,Industrials
A,USD,STD,INDL,C,PAYX,5/31/12,008402,PAYCHEX INC,704326107,20,Industrials
A,USD,STD,INDL,C,PAYX,5/31/13,008402,PAYCHEX INC,704326107,20,Industrials
A,USD,STD,INDL,C,PAYX,5/31/14,008402,PAYCHEX INC,704326107,20,Industrials
A,USD,STD,INDL,C,PAYX,5/31/15,008402,PAYCHEX INC,704326107,20,Industrials
A,USD,STD,INDL,C,PAYX,5/31/16,008402,PAYCHEX INC,704326107,20,Industrials
A,USD,STD,INDL,C,PAYX,5/31/17,008402,PAYCHEX INC,704326107,20,Industrials
A,USD,STD,INDL,C,PAYX,5/31/18,008402,PAYCHEX INC,704326107,20,Industrials
A,USD,STD,INDL,C,PAYX,5/31/19,008402,PAYCHEX INC,704326107,20,Industrials
A,USD,STD,INDL,C,PAYX,5/31/20,008402,PAYCHEX INC,704326107,20,Industrials
A,USD,STD,INDL,C,PAYX,5/31/21,008402,PAYCHEX INC,704326107,20,Industrials
A,USD,STD,INDL,C,PAYX,5/31/22,008402,PAYCHEX INC,704326107,20,Industrials
A,USD,STD,INDL,C,PAYX,5/31/23,008402,PAYCHEX INC,704326107,20,Industrials
A,USD,STD,INDL,C,PAYX,5/31/24,008402,PAYCHEX INC,704326107,20,Industrials
A,USD,STD,INDL,C,PAYX,5/31/25,008402,PAYCHEX INC,704326107,20,Industrials
A,USD,STD,INDL,C,PEP,12/31/04,008479,PEPSICO INC,713448108,30,Consumer Staples
A,USD,STD,INDL,C,PEP,12/31/05,008479,PEPSICO INC,713448108,30,Consumer Staples
A,USD,STD,INDL,C,PEP,12/31/06,008479,PEPSICO INC,713448108,30,Consumer Staples
A,USD,STD,INDL,C,PEP,12/31/07,008479,PEPSICO INC,713448108,30,Consumer Staples
A,USD,STD,INDL,C,PEP,12/31/08,008479,PEPSICO INC,713448108,30,Consumer Staples
A,USD,STD,INDL,C,PEP,12/31/09,008479,PEPSICO INC,713448108,30,Consumer Staples
A,USD,STD,INDL,C,PEP,12/31/10,008479,PEPSICO INC,713448108,30,Consumer Staples
A,USD,STD,INDL,C,PEP,12/31/11,008479,PEPSICO INC,713448108,30,Consumer Staples
A,USD,STD,INDL,C,PEP,12/31/12,008479,PEPSICO INC,713448108,30,Consumer Staples
A,USD,STD,INDL,C,PEP,12/31/13,008479,PEPSICO INC,713448108,30,Consumer Staples
A,USD,STD,INDL,C,PEP,12/31/14,008479,PEPSICO INC,713448108,30,Consumer Staples
A,USD,STD,INDL,C,PEP,12/31/15,008479,PEPSICO INC,713448108,30,Consumer Staples
A,USD,STD,INDL,C,PEP,12/31/16,008479,PEPSICO INC,713448108,30,Consumer Staples
A,USD,STD,INDL,C,PEP,12/31/17,008479,PEPSICO INC,713448108,30,Consumer Staples
A,USD,STD,INDL,C,PEP,12/31/18,008479,PEPSICO INC,713448108,30,Consumer Staples
A,USD,STD,INDL,C,PEP,12/31/19,008479,PEPSICO INC,713448108,30,Consumer Staples
A,USD,STD,INDL,C,PEP,12/31/20,008479,PEPSICO INC,713448108,30,Consumer Staples
A,USD,STD,INDL,C,PEP,12/31/21,008479,PEPSICO INC,713448108,30,Consumer Staples
A,USD,STD,INDL,C,PEP,12/31/22,008479,PEPSICO INC,713448108,30,Consumer Staples
A,USD,STD,INDL,C,PEP,12/31/23,008479,PEPSICO INC,713448108,30,Consumer Staples
A,USD,STD,INDL,C,PEP,12/31/24,008479,PEPSICO INC,713448108,30,Consumer Staples
A,USD,STD,INDL,C,PEP,12/31/25,008479,PEPSICO INC,713448108,30,Consumer Staples
A,USD,STD,INDL,C,EXC,12/31/04,008539,EXELON CORP,30161N101,55,Utilities
A,USD,STD,INDL,C,EXC,12/31/05,008539,EXELON CORP,30161N101,55,Utilities
A,USD,STD,INDL,C,EXC,12/31/06,008539,EXELON CORP,30161N101,55,Utilities
A,USD,STD,INDL,C,EXC,12/31/07,008539,EXELON CORP,30161N101,55,Utilities
A,USD,STD,INDL,C,EXC,12/31/08,008539,EXELON CORP,30161N101,55,Utilities
A,USD,STD,INDL,C,EXC,12/31/09,008539,EXELON CORP,30161N101,55,Utilities
A,USD,STD,INDL,C,EXC,12/31/10,008539,EXELON CORP,30161N101,55,Utilities
A,USD,STD,INDL,C,EXC,12/31/11,008539,EXELON CORP,30161N101,55,Utilities
A,USD,STD,INDL,C,EXC,12/31/12,008539,EXELON CORP,30161N101,55,Utilities
A,USD,STD,INDL,C,EXC,12/31/13,008539,EXELON CORP,30161N101,55,Utilities
A,USD,STD,INDL,C,EXC,12/31/14,008539,EXELON CORP,30161N101,55,Utilities
A,USD,STD,INDL,C,EXC,12/31/15,008539,EXELON CORP,30161N101,55,Utilities
A,USD,STD,INDL,C,EXC,12/31/16,008539,EXELON CORP,30161N101,55,Utilities
A,USD,STD,INDL,C,EXC,12/31/17,008539,EXELON CORP,30161N101,55,Utilities
A,USD,STD,INDL,C,EXC,12/31/18,008539,EXELON CORP,30161N101,55,Utilities
A,USD,STD,INDL,C,EXC,12/31/19,008539,EXELON CORP,30161N101,55,Utilities
A,USD,STD,INDL,C,EXC,12/31/20,008539,EXELON CORP,30161N101,55,Utilities
A,USD,STD,INDL,C,EXC,12/31/21,008539,EXELON CORP,30161N101,55,Utilities
A,USD,STD,INDL,C,EXC,12/31/22,008539,EXELON CORP,30161N101,55,Utilities
A,USD,STD,INDL,C,EXC,12/31/23,008539,EXELON CORP,30161N101,55,Utilities
A,USD,STD,INDL,C,EXC,12/31/24,008539,EXELON CORP,30161N101,55,Utilities
A,USD,STD,INDL,C,EXC,12/31/25,008539,EXELON CORP,30161N101,55,Utilities
A,USD,STD,INDL,C,ROST,1/31/04,009248,ROSS STORES INC,778296103,25,Consumer Discretionary
A,USD,STD,INDL,C,ROST,1/31/05,009248,ROSS STORES INC,778296103,25,Consumer Discretionary
A,USD,STD,INDL,C,ROST,1/31/06,009248,ROSS STORES INC,778296103,25,Consumer Discretionary
A,USD,STD,INDL,C,ROST,1/31/07,009248,ROSS STORES INC,778296103,25,Consumer Discretionary
A,USD,STD,INDL,C,ROST,1/31/08,009248,ROSS STORES INC,778296103,25,Consumer Discretionary
A,USD,STD,INDL,C,ROST,1/31/09,009248,ROSS STORES INC,778296103,25,Consumer Discretionary
A,USD,STD,INDL,C,ROST,1/31/10,009248,ROSS STORES INC,778296103,25,Consumer Discretionary
A,USD,STD,INDL,C,ROST,1/31/11,009248,ROSS STORES INC,778296103,25,Consumer Discretionary
A,USD,STD,INDL,C,ROST,1/31/12,009248,ROSS STORES INC,778296103,25,Consumer Discretionary
A,USD,STD,INDL,C,ROST,1/31/13,009248,ROSS STORES INC,778296103,25,Consumer Discretionary
A,USD,STD,INDL,C,ROST,1/31/14,009248,ROSS STORES INC,778296103,25,Consumer Discretionary
A,USD,STD,INDL,C,ROST,1/31/15,009248,ROSS STORES INC,778296103,25,Consumer Discretionary
A,USD,STD,INDL,C,ROST,1/31/16,009248,ROSS STORES INC,778296103,25,Consumer Discretionary
A,USD,STD,INDL,C,ROST,1/31/17,009248,ROSS STORES INC,778296103,25,Consumer Discretionary
A,USD,STD,INDL,C,ROST,1/31/18,009248,ROSS STORES INC,778296103,25,Consumer Discretionary
A,USD,STD,INDL,C,ROST,1/31/19,009248,ROSS STORES INC,778296103,25,Consumer Discretionary
A,USD,STD,INDL,C,ROST,1/31/20,009248,ROSS STORES INC,778296103,25,Consumer Discretionary
A,USD,STD,INDL,C,ROST,1/31/21,009248,ROSS STORES INC,778296103,25,Consumer Discretionary
A,USD,STD,INDL,C,ROST,1/31/22,009248,ROSS STORES INC,778296103,25,Consumer Discretionary
A,USD,STD,INDL,C,ROST,1/31/23,009248,ROSS STORES INC,778296103,25,Consumer Discretionary
A,USD,STD,INDL,C,ROST,1/31/24,009248,ROSS STORES INC,778296103,25,Consumer Discretionary
A,USD,STD,INDL,C,ROST,1/31/25,009248,ROSS STORES INC,778296103,25,Consumer Discretionary
I,USD,STD,INDL,C,SIAL,12/31/04,009699,SIGMA-ALDRICH CORP,826552101,15,Materials
I,USD,STD,INDL,C,SIAL,12/31/05,009699,SIGMA-ALDRICH CORP,826552101,15,Materials
I,USD,STD,INDL,C,SIAL,12/31/06,009699,SIGMA-ALDRICH CORP,826552101,15,Materials
I,USD,STD,INDL,C,SIAL,12/31/07,009699,SIGMA-ALDRICH CORP,826552101,15,Materials
I,USD,STD,INDL,C,SIAL,12/31/08,009699,SIGMA-ALDRICH CORP,826552101,15,Materials
I,USD,STD,INDL,C,SIAL,12/31/09,009699,SIGMA-ALDRICH CORP,826552101,15,Materials
I,USD,STD,INDL,C,SIAL,12/31/10,009699,SIGMA-ALDRICH CORP,826552101,15,Materials
I,USD,STD,INDL,C,SIAL,12/31/11,009699,SIGMA-ALDRICH CORP,826552101,15,Materials
I,USD,STD,INDL,C,SIAL,12/31/12,009699,SIGMA-ALDRICH CORP,826552101,15,Materials
I,USD,STD,INDL,C,SIAL,12/31/13,009699,SIGMA-ALDRICH CORP,826552101,15,Materials
I,USD,STD,INDL,C,SIAL,12/31/14,009699,SIGMA-ALDRICH CORP,826552101,15,Materials
I,USD,STD,INDL,C,TLAB,12/31/04,010420,TELLABS INC,879664100,45,Information Technology
I,USD,STD,INDL,C,TLAB,12/31/05,010420,TELLABS INC,879664100,45,Information Technology
I,USD,STD,INDL,C,TLAB,12/31/06,010420,TELLABS INC,879664100,45,Information Technology
I,USD,STD,INDL,C,TLAB,12/31/07,010420,TELLABS INC,879664100,45,Information Technology
I,USD,STD,INDL,C,TLAB,12/31/08,010420,TELLABS INC,879664100,45,Information Technology
I,USD,STD,INDL,C,TLAB,12/31/09,010420,TELLABS INC,879664100,45,Information Technology
I,USD,STD,INDL,C,TLAB,12/31/10,010420,TELLABS INC,879664100,45,Information Technology
I,USD,STD,INDL,C,TLAB,12/31/11,010420,TELLABS INC,879664100,45,Information Technology
I,USD,STD,INDL,C,TLAB,12/31/12,010420,TELLABS INC,879664100,45,Information Technology
A,USD,STD,INDL,C,UAL2,12/31/04,010484,UNITED AIRLINES INC,910047000,20,Industrials
A,USD,STD,INDL,C,UAL2,12/31/05,010484,UNITED AIRLINES INC,910047000,20,Industrials
A,USD,STD,INDL,C,UAL2,12/31/06,010484,UNITED AIRLINES INC,910047000,20,Industrials
A,USD,STD,INDL,C,UAL2,12/31/07,010484,UNITED AIRLINES INC,910047000,20,Industrials
A,USD,STD,INDL,C,UAL2,12/31/08,010484,UNITED AIRLINES INC,910047000,20,Industrials
A,USD,STD,INDL,C,UAL2,12/31/09,010484,UNITED AIRLINES INC,910047000,20,Industrials
A,USD,STD,INDL,C,UAL2,12/31/10,010484,UNITED AIRLINES INC,910047000,20,Industrials
A,USD,STD,INDL,C,UAL2,12/31/11,010484,UNITED AIRLINES INC,910047000,20,Industrials
A,USD,STD,INDL,C,UAL2,12/31/12,010484,UNITED AIRLINES INC,910047000,20,Industrials
A,USD,STD,INDL,C,UAL2,12/31/13,010484,UNITED AIRLINES INC,910047000,20,Industrials
A,USD,STD,INDL,C,UAL2,12/31/14,010484,UNITED AIRLINES INC,910047000,20,Industrials
A,USD,STD,INDL,C,UAL2,12/31/15,010484,UNITED AIRLINES INC,910047000,20,Industrials
A,USD,STD,INDL,C,UAL2,12/31/16,010484,UNITED AIRLINES INC,910047000,20,Industrials
A,USD,STD,INDL,C,UAL2,12/31/17,010484,UNITED AIRLINES INC,910047000,20,Industrials
A,USD,STD,INDL,C,UAL2,12/31/18,010484,UNITED AIRLINES INC,910047000,20,Industrials
A,USD,STD,INDL,C,UAL2,12/31/19,010484,UNITED AIRLINES INC,910047000,20,Industrials
A,USD,STD,INDL,C,UAL2,12/31/20,010484,UNITED AIRLINES INC,910047000,20,Industrials
A,USD,STD,INDL,C,UAL2,12/31/21,010484,UNITED AIRLINES INC,910047000,20,Industrials
A,USD,STD,INDL,C,UAL2,12/31/22,010484,UNITED AIRLINES INC,910047000,20,Industrials
A,USD,STD,INDL,C,UAL2,12/31/23,010484,UNITED AIRLINES INC,910047000,20,Industrials
A,USD,STD,INDL,C,UAL2,12/31/24,010484,UNITED AIRLINES INC,910047000,20,Industrials
A,USD,STD,INDL,C,TXN,12/31/04,010499,TEXAS INSTRUMENTS INC,882508104,45,Information Technology
A,USD,STD,INDL,C,TXN,12/31/05,010499,TEXAS INSTRUMENTS INC,882508104,45,Information Technology
A,USD,STD,INDL,C,TXN,12/31/06,010499,TEXAS INSTRUMENTS INC,882508104,45,Information Technology
A,USD,STD,INDL,C,TXN,12/31/07,010499,TEXAS INSTRUMENTS INC,882508104,45,Information Technology
A,USD,STD,INDL,C,TXN,12/31/08,010499,TEXAS INSTRUMENTS INC,882508104,45,Information Technology
A,USD,STD,INDL,C,TXN,12/31/09,010499,TEXAS INSTRUMENTS INC,882508104,45,Information Technology
A,USD,STD,INDL,C,TXN,12/31/10,010499,TEXAS INSTRUMENTS INC,882508104,45,Information Technology
A,USD,STD,INDL,C,TXN,12/31/11,010499,TEXAS INSTRUMENTS INC,882508104,45,Information Technology
A,USD,STD,INDL,C,TXN,12/31/12,010499,TEXAS INSTRUMENTS INC,882508104,45,Information Technology
A,USD,STD,INDL,C,TXN,12/31/13,010499,TEXAS INSTRUMENTS INC,882508104,45,Information Technology
A,USD,STD,INDL,C,TXN,12/31/14,010499,TEXAS INSTRUMENTS INC,882508104,45,Information Technology
A,USD,STD,INDL,C,TXN,12/31/15,010499,TEXAS INSTRUMENTS INC,882508104,45,Information Technology
A,USD,STD,INDL,C,TXN,12/31/16,010499,TEXAS INSTRUMENTS INC,882508104,45,Information Technology
A,USD,STD,INDL,C,TXN,12/31/17,010499,TEXAS INSTRUMENTS INC,882508104,45,Information Technology
A,USD,STD,INDL,C,TXN,12/31/18,010499,TEXAS INSTRUMENTS INC,882508104,45,Information Technology
A,USD,STD,INDL,C,TXN,12/31/19,010499,TEXAS INSTRUMENTS INC,882508104,45,Information Technology
A,USD,STD,INDL,C,TXN,12/31/20,010499,TEXAS INSTRUMENTS INC,882508104,45,Information Technology
A,USD,STD,INDL,C,TXN,12/31/21,010499,TEXAS INSTRUMENTS INC,882508104,45,Information Technology
A,USD,STD,INDL,C,TXN,12/31/22,010499,TEXAS INSTRUMENTS INC,882508104,45,Information Technology
A,USD,STD,INDL,C,TXN,12/31/23,010499,TEXAS INSTRUMENTS INC,882508104,45,Information Technology
A,USD,STD,INDL,C,TXN,12/31/24,010499,TEXAS INSTRUMENTS INC,882508104,45,Information Technology
A,USD,STD,INDL,C,TXN,12/31/25,010499,TEXAS INSTRUMENTS INC,882508104,45,Information Technology
I,USD,STD,INDL,C,WBA,8/31/04,011264,WALGREENS BOOTS ALLIANCE INC,931427108,30,Consumer Staples
I,USD,STD,INDL,C,WBA,8/31/05,011264,WALGREENS BOOTS ALLIANCE INC,931427108,30,Consumer Staples
I,USD,STD,INDL,C,WBA,8/31/06,011264,WALGREENS BOOTS ALLIANCE INC,931427108,30,Consumer Staples
I,USD,STD,INDL,C,WBA,8/31/07,011264,WALGREENS BOOTS ALLIANCE INC,931427108,30,Consumer Staples
I,USD,STD,INDL,C,WBA,8/31/08,011264,WALGREENS BOOTS ALLIANCE INC,931427108,30,Consumer Staples
I,USD,STD,INDL,C,WBA,8/31/09,011264,WALGREENS BOOTS ALLIANCE INC,931427108,30,Consumer Staples
I,USD,STD,INDL,C,WBA,8/31/10,011264,WALGREENS BOOTS ALLIANCE INC,931427108,30,Consumer Staples
I,USD,STD,INDL,C,WBA,8/31/11,011264,WALGREENS BOOTS ALLIANCE INC,931427108,30,Consumer Staples
I,USD,STD,INDL,C,WBA,8/31/12,011264,WALGREENS BOOTS ALLIANCE INC,931427108,30,Consumer Staples
I,USD,STD,INDL,C,WBA,8/31/13,011264,WALGREENS BOOTS ALLIANCE INC,931427108,30,Consumer Staples
I,USD,STD,INDL,C,WBA,8/31/14,011264,WALGREENS BOOTS ALLIANCE INC,931427108,30,Consumer Staples
I,USD,STD,INDL,C,WBA,8/31/15,011264,WALGREENS BOOTS ALLIANCE INC,931427108,30,Consumer Staples
I,USD,STD,INDL,C,WBA,8/31/16,011264,WALGREENS BOOTS ALLIANCE INC,931427108,30,Consumer Staples
I,USD,STD,INDL,C,WBA,8/31/17,011264,WALGREENS BOOTS ALLIANCE INC,931427108,30,Consumer Staples
I,USD,STD,INDL,C,WBA,8/31/18,011264,WALGREENS BOOTS ALLIANCE INC,931427108,30,Consumer Staples
I,USD,STD,INDL,C,WBA,8/31/19,011264,WALGREENS BOOTS ALLIANCE INC,931427108,30,Consumer Staples
I,USD,STD,INDL,C,WBA,8/31/20,011264,WALGREENS BOOTS ALLIANCE INC,931427108,30,Consumer Staples
I,USD,STD,INDL,C,WBA,8/31/21,011264,WALGREENS BOOTS ALLIANCE INC,931427108,30,Consumer Staples
I,USD,STD,INDL,C,WBA,8/31/22,011264,WALGREENS BOOTS ALLIANCE INC,931427108,30,Consumer Staples
I,USD,STD,INDL,C,WBA,8/31/23,011264,WALGREENS BOOTS ALLIANCE INC,931427108,30,Consumer Staples
I,USD,STD,INDL,C,WBA,8/31/24,011264,WALGREENS BOOTS ALLIANCE INC,931427108,30,Consumer Staples
A,USD,STD,INDL,C,WDC,6/30/04,011399,WESTERN DIGITAL CORP,958102105,45,Information Technology
A,USD,STD,INDL,C,WDC,6/30/05,011399,WESTERN DIGITAL CORP,958102105,45,Information Technology
A,USD,STD,INDL,C,WDC,6/30/06,011399,WESTERN DIGITAL CORP,958102105,45,Information Technology
A,USD,STD,INDL,C,WDC,6/30/07,011399,WESTERN DIGITAL CORP,958102105,45,Information Technology
A,USD,STD,INDL,C,WDC,6/30/08,011399,WESTERN DIGITAL CORP,958102105,45,Information Technology
A,USD,STD,INDL,C,WDC,6/30/09,011399,WESTERN DIGITAL CORP,958102105,45,Information Technology
A,USD,STD,INDL,C,WDC,6/30/10,011399,WESTERN DIGITAL CORP,958102105,45,Information Technology
A,USD,STD,INDL,C,WDC,6/30/11,011399,WESTERN DIGITAL CORP,958102105,45,Information Technology
A,USD,STD,INDL,C,WDC,6/30/12,011399,WESTERN DIGITAL CORP,958102105,45,Information Technology
A,USD,STD,INDL,C,WDC,6/30/13,011399,WESTERN DIGITAL CORP,958102105,45,Information Technology
A,USD,STD,INDL,C,WDC,6/30/14,011399,WESTERN DIGITAL CORP,958102105,45,Information Technology
A,USD,STD,INDL,C,WDC,6/30/15,011399,WESTERN DIGITAL CORP,958102105,45,Information Technology
A,USD,STD,INDL,C,WDC,6/30/16,011399,WESTERN DIGITAL CORP,958102105,45,Information Technology
A,USD,STD,INDL,C,WDC,6/30/17,011399,WESTERN DIGITAL CORP,958102105,45,Information Technology
A,USD,STD,INDL,C,WDC,6/30/18,011399,WESTERN DIGITAL CORP,958102105,45,Information Technology
A,USD,STD,INDL,C,WDC,6/30/19,011399,WESTERN DIGITAL CORP,958102105,45,Information Technology
A,USD,STD,INDL,C,WDC,6/30/20,011399,WESTERN DIGITAL CORP,958102105,45,Information Technology
A,USD,STD,INDL,C,WDC,6/30/21,011399,WESTERN DIGITAL CORP,958102105,45,Information Technology
A,USD,STD,INDL,C,WDC,6/30/22,011399,WESTERN DIGITAL CORP,958102105,45,Information Technology
A,USD,STD,INDL,C,WDC,6/30/23,011399,WESTERN DIGITAL CORP,958102105,45,Information Technology
A,USD,STD,INDL,C,WDC,6/30/24,011399,WESTERN DIGITAL CORP,958102105,45,Information Technology
A,USD,STD,INDL,C,WDC,6/30/25,011399,WESTERN DIGITAL CORP,958102105,45,Information Technology
A,USD,STD,INDL,C,MSFT,6/30/04,012141,MICROSOFT CORP,594918104,45,Information Technology
A,USD,STD,INDL,C,MSFT,6/30/05,012141,MICROSOFT CORP,594918104,45,Information Technology
A,USD,STD,INDL,C,MSFT,6/30/06,012141,MICROSOFT CORP,594918104,45,Information Technology
A,USD,STD,INDL,C,MSFT,6/30/07,012141,MICROSOFT CORP,594918104,45,Information Technology
A,USD,STD,INDL,C,MSFT,6/30/08,012141,MICROSOFT CORP,594918104,45,Information Technology
A,USD,STD,INDL,C,MSFT,6/30/09,012141,MICROSOFT CORP,594918104,45,Information Technology
A,USD,STD,INDL,C,MSFT,6/30/10,012141,MICROSOFT CORP,594918104,45,Information Technology
A,USD,STD,INDL,C,MSFT,6/30/11,012141,MICROSOFT CORP,594918104,45,Information Technology
A,USD,STD,INDL,C,MSFT,6/30/12,012141,MICROSOFT CORP,594918104,45,Information Technology
A,USD,STD,INDL,C,MSFT,6/30/13,012141,MICROSOFT CORP,594918104,45,Information Technology
A,USD,STD,INDL,C,MSFT,6/30/14,012141,MICROSOFT CORP,594918104,45,Information Technology
A,USD,STD,INDL,C,MSFT,6/30/15,012141,MICROSOFT CORP,594918104,45,Information Technology
A,USD,STD,INDL,C,MSFT,6/30/16,012141,MICROSOFT CORP,594918104,45,Information Technology
A,USD,STD,INDL,C,MSFT,6/30/17,012141,MICROSOFT CORP,594918104,45,Information Technology
A,USD,STD,INDL,C,MSFT,6/30/18,012141,MICROSOFT CORP,594918104,45,Information Technology
A,USD,STD,INDL,C,MSFT,6/30/19,012141,MICROSOFT CORP,594918104,45,Information Technology
A,USD,STD,INDL,C,MSFT,6/30/20,012141,MICROSOFT CORP,594918104,45,Information Technology
A,USD,STD,INDL,C,MSFT,6/30/21,012141,MICROSOFT CORP,594918104,45,Information Technology
A,USD,STD,INDL,C,MSFT,6/30/22,012141,MICROSOFT CORP,594918104,45,Information Technology
A,USD,STD,INDL,C,MSFT,6/30/23,012141,MICROSOFT CORP,594918104,45,Information Technology
A,USD,STD,INDL,C,MSFT,6/30/24,012141,MICROSOFT CORP,594918104,45,Information Technology
A,USD,STD,INDL,C,MSFT,6/30/25,012141,MICROSOFT CORP,594918104,45,Information Technology
A,USD,STD,INDL,C,ORCL,5/31/04,012142,ORACLE CORP,68389X105,45,Information Technology
A,USD,STD,INDL,C,ORCL,5/31/05,012142,ORACLE CORP,68389X105,45,Information Technology
A,USD,STD,INDL,C,ORCL,5/31/06,012142,ORACLE CORP,68389X105,45,Information Technology
A,USD,STD,INDL,C,ORCL,5/31/07,012142,ORACLE CORP,68389X105,45,Information Technology
A,USD,STD,INDL,C,ORCL,5/31/08,012142,ORACLE CORP,68389X105,45,Information Technology
A,USD,STD,INDL,C,ORCL,5/31/09,012142,ORACLE CORP,68389X105,45,Information Technology
A,USD,STD,INDL,C,ORCL,5/31/10,012142,ORACLE CORP,68389X105,45,Information Technology
A,USD,STD,INDL,C,ORCL,5/31/11,012142,ORACLE CORP,68389X105,45,Information Technology
A,USD,STD,INDL,C,ORCL,5/31/12,012142,ORACLE CORP,68389X105,45,Information Technology
A,USD,STD,INDL,C,ORCL,5/31/13,012142,ORACLE CORP,68389X105,45,Information Technology
A,USD,STD,INDL,C,ORCL,5/31/14,012142,ORACLE CORP,68389X105,45,Information Technology
A,USD,STD,INDL,C,ORCL,5/31/15,012142,ORACLE CORP,68389X105,45,Information Technology
A,USD,STD,INDL,C,ORCL,5/31/16,012142,ORACLE CORP,68389X105,45,Information Technology
A,USD,STD,INDL,C,ORCL,5/31/17,012142,ORACLE CORP,68389X105,45,Information Technology
A,USD,STD,INDL,C,ORCL,5/31/18,012142,ORACLE CORP,68389X105,45,Information Technology
A,USD,STD,INDL,C,ORCL,5/31/19,012142,ORACLE CORP,68389X105,45,Information Technology
A,USD,STD,INDL,C,ORCL,5/31/20,012142,ORACLE CORP,68389X105,45,Information Technology
A,USD,STD,INDL,C,ORCL,5/31/21,012142,ORACLE CORP,68389X105,45,Information Technology
A,USD,STD,INDL,C,ORCL,5/31/22,012142,ORACLE CORP,68389X105,45,Information Technology
A,USD,STD,INDL,C,ORCL,5/31/23,012142,ORACLE CORP,68389X105,45,Information Technology
A,USD,STD,INDL,C,ORCL,5/31/24,012142,ORACLE CORP,68389X105,45,Information Technology
A,USD,STD,INDL,C,ORCL,5/31/25,012142,ORACLE CORP,68389X105,45,Information Technology
I,USD,STD,INDL,C,LLTC,6/30/04,012216,LINEAR TECHNOLOGY CORP,535678106,45,Information Technology
I,USD,STD,INDL,C,LLTC,6/30/05,012216,LINEAR TECHNOLOGY CORP,535678106,45,Information Technology
I,USD,STD,INDL,C,LLTC,6/30/06,012216,LINEAR TECHNOLOGY CORP,535678106,45,Information Technology
I,USD,STD,INDL,C,LLTC,6/30/07,012216,LINEAR TECHNOLOGY CORP,535678106,45,Information Technology
I,USD,STD,INDL,C,LLTC,6/30/08,012216,LINEAR TECHNOLOGY CORP,535678106,45,Information Technology
I,USD,STD,INDL,C,LLTC,6/30/09,012216,LINEAR TECHNOLOGY CORP,535678106,45,Information Technology
I,USD,STD,INDL,C,LLTC,6/30/10,012216,LINEAR TECHNOLOGY CORP,535678106,45,Information Technology
I,USD,STD,INDL,C,LLTC,6/30/11,012216,LINEAR TECHNOLOGY CORP,535678106,45,Information Technology
I,USD,STD,INDL,C,LLTC,6/30/12,012216,LINEAR TECHNOLOGY CORP,535678106,45,Information Technology
I,USD,STD,INDL,C,LLTC,6/30/13,012216,LINEAR TECHNOLOGY CORP,535678106,45,Information Technology
I,USD,STD,INDL,C,LLTC,6/30/14,012216,LINEAR TECHNOLOGY CORP,535678106,45,Information Technology
I,USD,STD,INDL,C,LLTC,6/30/15,012216,LINEAR TECHNOLOGY CORP,535678106,45,Information Technology
I,USD,STD,INDL,C,LLTC,6/30/16,012216,LINEAR TECHNOLOGY CORP,535678106,45,Information Technology
I,USD,STD,INDL,C,GENZ,12/31/04,012233,GENZYME CORP,372917104,35,Health Care
I,USD,STD,INDL,C,GENZ,12/31/05,012233,GENZYME CORP,372917104,35,Health Care
I,USD,STD,INDL,C,GENZ,12/31/06,012233,GENZYME CORP,372917104,35,Health Care
I,USD,STD,INDL,C,GENZ,12/31/07,012233,GENZYME CORP,372917104,35,Health Care
I,USD,STD,INDL,C,GENZ,12/31/08,012233,GENZYME CORP,372917104,35,Health Care
I,USD,STD,INDL,C,GENZ,12/31/09,012233,GENZYME CORP,372917104,35,Health Care
I,USD,STD,INDL,C,GENZ,12/31/10,012233,GENZYME CORP,372917104,35,Health Care
A,USD,STD,INDL,C,ADBE,11/30/04,012540,ADOBE INC,00724F101,45,Information Technology
A,USD,STD,INDL,C,ADBE,11/30/05,012540,ADOBE INC,00724F101,45,Information Technology
A,USD,STD,INDL,C,ADBE,11/30/06,012540,ADOBE INC,00724F101,45,Information Technology
A,USD,STD,INDL,C,ADBE,11/30/07,012540,ADOBE INC,00724F101,45,Information Technology
A,USD,STD,INDL,C,ADBE,11/30/08,012540,ADOBE INC,00724F101,45,Information Technology
A,USD,STD,INDL,C,ADBE,11/30/09,012540,ADOBE INC,00724F101,45,Information Technology
A,USD,STD,INDL,C,ADBE,11/30/10,012540,ADOBE INC,00724F101,45,Information Technology
A,USD,STD,INDL,C,ADBE,11/30/11,012540,ADOBE INC,00724F101,45,Information Technology
A,USD,STD,INDL,C,ADBE,11/30/12,012540,ADOBE INC,00724F101,45,Information Technology
A,USD,STD,INDL,C,ADBE,11/30/13,012540,ADOBE INC,00724F101,45,Information Technology
A,USD,STD,INDL,C,ADBE,11/30/14,012540,ADOBE INC,00724F101,45,Information Technology
A,USD,STD,INDL,C,ADBE,11/30/15,012540,ADOBE INC,00724F101,45,Information Technology
A,USD,STD,INDL,C,ADBE,11/30/16,012540,ADOBE INC,00724F101,45,Information Technology
A,USD,STD,INDL,C,ADBE,11/30/17,012540,ADOBE INC,00724F101,45,Information Technology
A,USD,STD,INDL,C,ADBE,11/30/18,012540,ADOBE INC,00724F101,45,Information Technology
A,USD,STD,INDL,C,ADBE,11/30/19,012540,ADOBE INC,00724F101,45,Information Technology
A,USD,STD,INDL,C,ADBE,11/30/20,012540,ADOBE INC,00724F101,45,Information Technology
A,USD,STD,INDL,C,ADBE,11/30/21,012540,ADOBE INC,00724F101,45,Information Technology
A,USD,STD,INDL,C,ADBE,11/30/22,012540,ADOBE INC,00724F101,45,Information Technology
A,USD,STD,INDL,C,ADBE,11/30/23,012540,ADOBE INC,00724F101,45,Information Technology
A,USD,STD,INDL,C,ADBE,11/30/24,012540,ADOBE INC,00724F101,45,Information Technology
A,USD,STD,INDL,C,ADBE,11/30/25,012540,ADOBE INC,00724F101,45,Information Technology
A,USD,STD,INDL,C,FISV,12/31/04,012635,FISERV INC,337738108,40,Financials
A,USD,STD,INDL,C,FISV,12/31/05,012635,FISERV INC,337738108,40,Financials
A,USD,STD,INDL,C,FISV,12/31/06,012635,FISERV INC,337738108,40,Financials
A,USD,STD,INDL,C,FISV,12/31/07,012635,FISERV INC,337738108,40,Financials
A,USD,STD,INDL,C,FISV,12/31/08,012635,FISERV INC,337738108,40,Financials
A,USD,STD,INDL,C,FISV,12/31/09,012635,FISERV INC,337738108,40,Financials
A,USD,STD,INDL,C,FISV,12/31/10,012635,FISERV INC,337738108,40,Financials
A,USD,STD,INDL,C,FISV,12/31/11,012635,FISERV INC,337738108,40,Financials
A,USD,STD,INDL,C,FISV,12/31/12,012635,FISERV INC,337738108,40,Financials
A,USD,STD,INDL,C,FISV,12/31/13,012635,FISERV INC,337738108,40,Financials
A,USD,STD,INDL,C,FISV,12/31/14,012635,FISERV INC,337738108,40,Financials
A,USD,STD,INDL,C,FISV,12/31/15,012635,FISERV INC,337738108,40,Financials
A,USD,STD,INDL,C,FISV,12/31/16,012635,FISERV INC,337738108,40,Financials
A,USD,STD,INDL,C,FISV,12/31/17,012635,FISERV INC,337738108,40,Financials
A,USD,STD,INDL,C,FISV,12/31/18,012635,FISERV INC,337738108,40,Financials
A,USD,STD,INDL,C,FISV,12/31/19,012635,FISERV INC,337738108,40,Financials
A,USD,STD,INDL,C,FISV,12/31/20,012635,FISERV INC,337738108,40,Financials
A,USD,STD,INDL,C,FISV,12/31/21,012635,FISERV INC,337738108,40,Financials
A,USD,STD,INDL,C,FISV,12/31/22,012635,FISERV INC,337738108,40,Financials
A,USD,STD,INDL,C,FISV,12/31/23,012635,FISERV INC,337738108,40,Financials
A,USD,STD,INDL,C,FISV,12/31/24,012635,FISERV INC,337738108,40,Financials
A,USD,STD,INDL,C,FISV,12/31/25,012635,FISERV INC,337738108,40,Financials
A,USD,STD,INDL,C,CCEP,12/31/04,012756,COCA-COLA EUROPACIFIC PARTNE,G25839104,30,Consumer Staples
A,USD,STD,INDL,C,CCEP,12/31/05,012756,COCA-COLA EUROPACIFIC PARTNE,G25839104,30,Consumer Staples
A,USD,STD,INDL,C,CCEP,12/31/06,012756,COCA-COLA EUROPACIFIC PARTNE,G25839104,30,Consumer Staples
A,USD,STD,INDL,C,CCEP,12/31/07,012756,COCA-COLA EUROPACIFIC PARTNE,G25839104,30,Consumer Staples
A,USD,STD,INDL,C,CCEP,12/31/08,012756,COCA-COLA EUROPACIFIC PARTNE,G25839104,30,Consumer Staples
A,USD,STD,INDL,C,CCEP,12/31/09,012756,COCA-COLA EUROPACIFIC PARTNE,G25839104,30,Consumer Staples
A,USD,STD,INDL,C,CCEP,12/31/10,012756,COCA-COLA EUROPACIFIC PARTNE,G25839104,30,Consumer Staples
A,USD,STD,INDL,C,CCEP,12/31/11,012756,COCA-COLA EUROPACIFIC PARTNE,G25839104,30,Consumer Staples
A,USD,STD,INDL,C,CCEP,12/31/12,012756,COCA-COLA EUROPACIFIC PARTNE,G25839104,30,Consumer Staples
A,USD,STD,INDL,C,CCEP,12/31/13,012756,COCA-COLA EUROPACIFIC PARTNE,G25839104,30,Consumer Staples
A,USD,STD,INDL,C,CCEP,12/31/14,012756,COCA-COLA EUROPACIFIC PARTNE,G25839104,30,Consumer Staples
A,USD,STD,INDL,C,CCEP,12/31/15,012756,COCA-COLA EUROPACIFIC PARTNE,G25839104,30,Consumer Staples
A,USD,STD,INDL,C,CCEP,12/31/16,012756,COCA-COLA EUROPACIFIC PARTNE,G25839104,30,Consumer Staples
A,USD,STD,INDL,C,CCEP,12/31/17,012756,COCA-COLA EUROPACIFIC PARTNE,G25839104,30,Consumer Staples
A,USD,STD,INDL,C,CCEP,12/31/18,012756,COCA-COLA EUROPACIFIC PARTNE,G25839104,30,Consumer Staples
A,USD,STD,INDL,C,CCEP,12/31/19,012756,COCA-COLA EUROPACIFIC PARTNE,G25839104,30,Consumer Staples
A,USD,STD,INDL,C,CCEP,12/31/20,012756,COCA-COLA EUROPACIFIC PARTNE,G25839104,30,Consumer Staples
A,USD,STD,INDL,C,CCEP,12/31/21,012756,COCA-COLA EUROPACIFIC PARTNE,G25839104,30,Consumer Staples
A,USD,STD,INDL,C,CCEP,12/31/22,012756,COCA-COLA EUROPACIFIC PARTNE,G25839104,30,Consumer Staples
A,USD,STD,INDL,C,CCEP,12/31/23,012756,COCA-COLA EUROPACIFIC PARTNE,G25839104,30,Consumer Staples
A,USD,STD,INDL,C,CCEP,12/31/24,012756,COCA-COLA EUROPACIFIC PARTNE,G25839104,30,Consumer Staples
A,USD,STD,INDL,C,CCEP,12/31/25,012756,COCA-COLA EUROPACIFIC PARTNE,G25839104,30,Consumer Staples
I,USD,STD,INDL,C,CERN,12/31/04,012850,CERNER CORP,156782104,35,Health Care
I,USD,STD,INDL,C,CERN,12/31/05,012850,CERNER CORP,156782104,35,Health Care
I,USD,STD,INDL,C,CERN,12/31/06,012850,CERNER CORP,156782104,35,Health Care
I,USD,STD,INDL,C,CERN,12/31/07,012850,CERNER CORP,156782104,35,Health Care
I,USD,STD,INDL,C,CERN,12/31/08,012850,CERNER CORP,156782104,35,Health Care
I,USD,STD,INDL,C,CERN,12/31/09,012850,CERNER CORP,156782104,35,Health Care
I,USD,STD,INDL,C,CERN,12/31/10,012850,CERNER CORP,156782104,35,Health Care
I,USD,STD,INDL,C,CERN,12/31/11,012850,CERNER CORP,156782104,35,Health Care
I,USD,STD,INDL,C,CERN,12/31/12,012850,CERNER CORP,156782104,35,Health Care
I,USD,STD,INDL,C,CERN,12/31/13,012850,CERNER CORP,156782104,35,Health Care
I,USD,STD,INDL,C,CERN,12/31/14,012850,CERNER CORP,156782104,35,Health Care
I,USD,STD,INDL,C,CERN,12/31/15,012850,CERNER CORP,156782104,35,Health Care
I,USD,STD,INDL,C,CERN,12/31/16,012850,CERNER CORP,156782104,35,Health Care
I,USD,STD,INDL,C,CERN,12/31/17,012850,CERNER CORP,156782104,35,Health Care
I,USD,STD,INDL,C,CERN,12/31/18,012850,CERNER CORP,156782104,35,Health Care
I,USD,STD,INDL,C,CERN,12/31/19,012850,CERNER CORP,156782104,35,Health Care
I,USD,STD,INDL,C,CERN,12/31/20,012850,CERNER CORP,156782104,35,Health Care
I,USD,STD,INDL,C,CERN,12/31/21,012850,CERNER CORP,156782104,35,Health Care
I,USD,STD,INDL,C,CMVT,1/31/04,012884,COMVERSE TECHNOLOGY INC,205862402,45,Information Technology
I,USD,STD,INDL,C,CMVT,1/31/05,012884,COMVERSE TECHNOLOGY INC,205862402,45,Information Technology
I,USD,STD,INDL,C,CMVT,1/31/06,012884,COMVERSE TECHNOLOGY INC,205862402,45,Information Technology
I,USD,STD,INDL,C,CMVT,1/31/07,012884,COMVERSE TECHNOLOGY INC,205862402,45,Information Technology
I,USD,STD,INDL,C,CMVT,1/31/08,012884,COMVERSE TECHNOLOGY INC,205862402,45,Information Technology
I,USD,STD,INDL,C,CMVT,1/31/09,012884,COMVERSE TECHNOLOGY INC,205862402,45,Information Technology
I,USD,STD,INDL,C,CMVT,1/31/10,012884,COMVERSE TECHNOLOGY INC,205862402,45,Information Technology
I,USD,STD,INDL,C,CMVT,1/31/11,012884,COMVERSE TECHNOLOGY INC,205862402,45,Information Technology
I,USD,STD,INDL,C,CMVT,1/31/12,012884,COMVERSE TECHNOLOGY INC,205862402,45,Information Technology
I,USD,STD,INDL,C,TFCFA,6/30/04,012886,TWENTY-FIRST CENTURY FOX INC,90130A309,50,Communication Services
I,USD,STD,INDL,C,TFCFA,6/30/05,012886,TWENTY-FIRST CENTURY FOX INC,90130A309,50,Communication Services
I,USD,STD,INDL,C,TFCFA,6/30/06,012886,TWENTY-FIRST CENTURY FOX INC,90130A309,50,Communication Services
I,USD,STD,INDL,C,TFCFA,6/30/07,012886,TWENTY-FIRST CENTURY FOX INC,90130A309,50,Communication Services
I,USD,STD,INDL,C,TFCFA,6/30/08,012886,TWENTY-FIRST CENTURY FOX INC,90130A309,50,Communication Services
I,USD,STD,INDL,C,TFCFA,6/30/09,012886,TWENTY-FIRST CENTURY FOX INC,90130A309,50,Communication Services
I,USD,STD,INDL,C,TFCFA,6/30/10,012886,TWENTY-FIRST CENTURY FOX INC,90130A309,50,Communication Services
I,USD,STD,INDL,C,TFCFA,6/30/11,012886,TWENTY-FIRST CENTURY FOX INC,90130A309,50,Communication Services
I,USD,STD,INDL,C,TFCFA,6/30/12,012886,TWENTY-FIRST CENTURY FOX INC,90130A309,50,Communication Services
I,USD,STD,INDL,C,TFCFA,6/30/13,012886,TWENTY-FIRST CENTURY FOX INC,90130A309,50,Communication Services
I,USD,STD,INDL,C,TFCFA,6/30/14,012886,TWENTY-FIRST CENTURY FOX INC,90130A309,50,Communication Services
I,USD,STD,INDL,C,TFCFA,6/30/15,012886,TWENTY-FIRST CENTURY FOX INC,90130A309,50,Communication Services
I,USD,STD,INDL,C,TFCFA,6/30/16,012886,TWENTY-FIRST CENTURY FOX INC,90130A309,50,Communication Services
I,USD,STD,INDL,C,TFCFA,6/30/17,012886,TWENTY-FIRST CENTURY FOX INC,90130A309,50,Communication Services
I,USD,STD,INDL,C,TFCFA,6/30/18,012886,TWENTY-FIRST CENTURY FOX INC,90130A309,50,Communication Services
I,USD,STD,INDL,C,KRFT,12/31/10,012978,KRAFT FOODS GROUP INC,50076Q106,30,Consumer Staples
I,USD,STD,INDL,C,KRFT,12/31/11,012978,KRAFT FOODS GROUP INC,50076Q106,30,Consumer Staples
I,USD,STD,INDL,C,KRFT,12/31/12,012978,KRAFT FOODS GROUP INC,50076Q106,30,Consumer Staples
I,USD,STD,INDL,C,KRFT,12/31/13,012978,KRAFT FOODS GROUP INC,50076Q106,30,Consumer Staples
I,USD,STD,INDL,C,KRFT,12/31/14,012978,KRAFT FOODS GROUP INC,50076Q106,30,Consumer Staples
I,USD,STD,INDL,C,JOY,10/31/04,013003,JOY GLOBAL INC,481165108,20,Industrials
I,USD,STD,INDL,C,JOY,10/31/05,013003,JOY GLOBAL INC,481165108,20,Industrials
I,USD,STD,INDL,C,JOY,10/31/06,013003,JOY GLOBAL INC,481165108,20,Industrials
I,USD,STD,INDL,C,JOY,10/31/07,013003,JOY GLOBAL INC,481165108,20,Industrials
I,USD,STD,INDL,C,JOY,10/31/08,013003,JOY GLOBAL INC,481165108,20,Industrials
I,USD,STD,INDL,C,JOY,10/31/09,013003,JOY GLOBAL INC,481165108,20,Industrials
I,USD,STD,INDL,C,JOY,10/31/10,013003,JOY GLOBAL INC,481165108,20,Industrials
I,USD,STD,INDL,C,JOY,10/31/11,013003,JOY GLOBAL INC,481165108,20,Industrials
I,USD,STD,INDL,C,JOY,10/31/12,013003,JOY GLOBAL INC,481165108,20,Industrials
I,USD,STD,INDL,C,JOY,10/31/13,013003,JOY GLOBAL INC,481165108,20,Industrials
I,USD,STD,INDL,C,JOY,10/31/14,013003,JOY GLOBAL INC,481165108,20,Industrials
I,USD,STD,INDL,C,JOY,10/31/15,013003,JOY GLOBAL INC,481165108,20,Industrials
I,USD,STD,INDL,C,JOY,10/31/16,013003,JOY GLOBAL INC,481165108,20,Industrials
A,USD,STD,INDL,C,CDNS,12/31/04,013421,CADENCE DESIGN SYSTEMS INC,127387108,45,Information Technology
A,USD,STD,INDL,C,CDNS,12/31/05,013421,CADENCE DESIGN SYSTEMS INC,127387108,45,Information Technology
A,USD,STD,INDL,C,CDNS,12/31/06,013421,CADENCE DESIGN SYSTEMS INC,127387108,45,Information Technology
A,USD,STD,INDL,C,CDNS,12/31/07,013421,CADENCE DESIGN SYSTEMS INC,127387108,45,Information Technology
A,USD,STD,INDL,C,CDNS,12/31/08,013421,CADENCE DESIGN SYSTEMS INC,127387108,45,Information Technology
A,USD,STD,INDL,C,CDNS,12/31/09,013421,CADENCE DESIGN SYSTEMS INC,127387108,45,Information Technology
A,USD,STD,INDL,C,CDNS,12/31/10,013421,CADENCE DESIGN SYSTEMS INC,127387108,45,Information Technology
A,USD,STD,INDL,C,CDNS,12/31/11,013421,CADENCE DESIGN SYSTEMS INC,127387108,45,Information Technology
A,USD,STD,INDL,C,CDNS,12/31/12,013421,CADENCE DESIGN SYSTEMS INC,127387108,45,Information Technology
A,USD,STD,INDL,C,CDNS,12/31/13,013421,CADENCE DESIGN SYSTEMS INC,127387108,45,Information Technology
A,USD,STD,INDL,C,CDNS,12/31/14,013421,CADENCE DESIGN SYSTEMS INC,127387108,45,Information Technology
A,USD,STD,INDL,C,CDNS,12/31/15,013421,CADENCE DESIGN SYSTEMS INC,127387108,45,Information Technology
A,USD,STD,INDL,C,CDNS,12/31/16,013421,CADENCE DESIGN SYSTEMS INC,127387108,45,Information Technology
A,USD,STD,INDL,C,CDNS,12/31/17,013421,CADENCE DESIGN SYSTEMS INC,127387108,45,Information Technology
A,USD,STD,INDL,C,CDNS,12/31/18,013421,CADENCE DESIGN SYSTEMS INC,127387108,45,Information Technology
A,USD,STD,INDL,C,CDNS,12/31/19,013421,CADENCE DESIGN SYSTEMS INC,127387108,45,Information Technology
A,USD,STD,INDL,C,CDNS,12/31/20,013421,CADENCE DESIGN SYSTEMS INC,127387108,45,Information Technology
A,USD,STD,INDL,C,CDNS,12/31/21,013421,CADENCE DESIGN SYSTEMS INC,127387108,45,Information Technology
A,USD,STD,INDL,C,CDNS,12/31/22,013421,CADENCE DESIGN SYSTEMS INC,127387108,45,Information Technology
A,USD,STD,INDL,C,CDNS,12/31/23,013421,CADENCE DESIGN SYSTEMS INC,127387108,45,Information Technology
A,USD,STD,INDL,C,CDNS,12/31/24,013421,CADENCE DESIGN SYSTEMS INC,127387108,45,Information Technology
A,USD,STD,INDL,C,CDNS,12/31/25,013421,CADENCE DESIGN SYSTEMS INC,127387108,45,Information Technology
I,USD,STD,INDL,C,LVLT,12/31/04,013440,LEVEL 3 COMMUNICATIONS INC,52729N308,50,Communication Services
I,USD,STD,INDL,C,LVLT,12/31/05,013440,LEVEL 3 COMMUNICATIONS INC,52729N308,50,Communication Services
I,USD,STD,INDL,C,LVLT,12/31/06,013440,LEVEL 3 COMMUNICATIONS INC,52729N308,50,Communication Services
I,USD,STD,INDL,C,LVLT,12/31/07,013440,LEVEL 3 COMMUNICATIONS INC,52729N308,50,Communication Services
I,USD,STD,INDL,C,LVLT,12/31/08,013440,LEVEL 3 COMMUNICATIONS INC,52729N308,50,Communication Services
I,USD,STD,INDL,C,LVLT,12/31/09,013440,LEVEL 3 COMMUNICATIONS INC,52729N308,50,Communication Services
I,USD,STD,INDL,C,LVLT,12/31/10,013440,LEVEL 3 COMMUNICATIONS INC,52729N308,50,Communication Services
I,USD,STD,INDL,C,LVLT,12/31/11,013440,LEVEL 3 COMMUNICATIONS INC,52729N308,50,Communication Services
I,USD,STD,INDL,C,LVLT,12/31/12,013440,LEVEL 3 COMMUNICATIONS INC,52729N308,50,Communication Services
I,USD,STD,INDL,C,LVLT,12/31/13,013440,LEVEL 3 COMMUNICATIONS INC,52729N308,50,Communication Services
I,USD,STD,INDL,C,LVLT,12/31/14,013440,LEVEL 3 COMMUNICATIONS INC,52729N308,50,Communication Services
I,USD,STD,INDL,C,LVLT,12/31/15,013440,LEVEL 3 COMMUNICATIONS INC,52729N308,50,Communication Services
I,USD,STD,INDL,C,LVLT,12/31/16,013440,LEVEL 3 COMMUNICATIONS INC,52729N308,50,Communication Services
I,USD,STD,INDL,C,CELG,12/31/04,013599,CELGENE CORP,151020104,35,Health Care
I,USD,STD,INDL,C,CELG,12/31/05,013599,CELGENE CORP,151020104,35,Health Care
I,USD,STD,INDL,C,CELG,12/31/06,013599,CELGENE CORP,151020104,35,Health Care
I,USD,STD,INDL,C,CELG,12/31/07,013599,CELGENE CORP,151020104,35,Health Care
I,USD,STD,INDL,C,CELG,12/31/08,013599,CELGENE CORP,151020104,35,Health Care
I,USD,STD,INDL,C,CELG,12/31/09,013599,CELGENE CORP,151020104,35,Health Care
I,USD,STD,INDL,C,CELG,12/31/10,013599,CELGENE CORP,151020104,35,Health Care
I,USD,STD,INDL,C,CELG,12/31/11,013599,CELGENE CORP,151020104,35,Health Care
I,USD,STD,INDL,C,CELG,12/31/12,013599,CELGENE CORP,151020104,35,Health Care
I,USD,STD,INDL,C,CELG,12/31/13,013599,CELGENE CORP,151020104,35,Health Care
I,USD,STD,INDL,C,CELG,12/31/14,013599,CELGENE CORP,151020104,35,Health Care
I,USD,STD,INDL,C,CELG,12/31/15,013599,CELGENE CORP,151020104,35,Health Care
I,USD,STD,INDL,C,CELG,12/31/16,013599,CELGENE CORP,151020104,35,Health Care
I,USD,STD,INDL,C,CELG,12/31/17,013599,CELGENE CORP,151020104,35,Health Care
I,USD,STD,INDL,C,CELG,12/31/18,013599,CELGENE CORP,151020104,35,Health Care
A,USD,STD,INDL,C,XRAY,12/31/04,013700,DENTSPLY SIRONA INC,24906P109,35,Health Care
A,USD,STD,INDL,C,XRAY,12/31/05,013700,DENTSPLY SIRONA INC,24906P109,35,Health Care
A,USD,STD,INDL,C,XRAY,12/31/06,013700,DENTSPLY SIRONA INC,24906P109,35,Health Care
A,USD,STD,INDL,C,XRAY,12/31/07,013700,DENTSPLY SIRONA INC,24906P109,35,Health Care
A,USD,STD,INDL,C,XRAY,12/31/08,013700,DENTSPLY SIRONA INC,24906P109,35,Health Care
A,USD,STD,INDL,C,XRAY,12/31/09,013700,DENTSPLY SIRONA INC,24906P109,35,Health Care
A,USD,STD,INDL,C,XRAY,12/31/10,013700,DENTSPLY SIRONA INC,24906P109,35,Health Care
A,USD,STD,INDL,C,XRAY,12/31/11,013700,DENTSPLY SIRONA INC,24906P109,35,Health Care
A,USD,STD,INDL,C,XRAY,12/31/12,013700,DENTSPLY SIRONA INC,24906P109,35,Health Care
A,USD,STD,INDL,C,XRAY,12/31/13,013700,DENTSPLY SIRONA INC,24906P109,35,Health Care
A,USD,STD,INDL,C,XRAY,12/31/14,013700,DENTSPLY SIRONA INC,24906P109,35,Health Care
A,USD,STD,INDL,C,XRAY,12/31/15,013700,DENTSPLY SIRONA INC,24906P109,35,Health Care
A,USD,STD,INDL,C,XRAY,12/31/16,013700,DENTSPLY SIRONA INC,24906P109,35,Health Care
A,USD,STD,INDL,C,XRAY,12/31/17,013700,DENTSPLY SIRONA INC,24906P109,35,Health Care
A,USD,STD,INDL,C,XRAY,12/31/18,013700,DENTSPLY SIRONA INC,24906P109,35,Health Care
A,USD,STD,INDL,C,XRAY,12/31/19,013700,DENTSPLY SIRONA INC,24906P109,35,Health Care
A,USD,STD,INDL,C,XRAY,12/31/20,013700,DENTSPLY SIRONA INC,24906P109,35,Health Care
A,USD,STD,INDL,C,XRAY,12/31/21,013700,DENTSPLY SIRONA INC,24906P109,35,Health Care
A,USD,STD,INDL,C,XRAY,12/31/22,013700,DENTSPLY SIRONA INC,24906P109,35,Health Care
A,USD,STD,INDL,C,XRAY,12/31/23,013700,DENTSPLY SIRONA INC,24906P109,35,Health Care
A,USD,STD,INDL,C,XRAY,12/31/24,013700,DENTSPLY SIRONA INC,24906P109,35,Health Care
A,USD,STD,INDL,C,FAST,12/31/04,014225,FASTENAL CO,311900104,20,Industrials
A,USD,STD,INDL,C,FAST,12/31/05,014225,FASTENAL CO,311900104,20,Industrials
A,USD,STD,INDL,C,FAST,12/31/06,014225,FASTENAL CO,311900104,20,Industrials
A,USD,STD,INDL,C,FAST,12/31/07,014225,FASTENAL CO,311900104,20,Industrials
A,USD,STD,INDL,C,FAST,12/31/08,014225,FASTENAL CO,311900104,20,Industrials
A,USD,STD,INDL,C,FAST,12/31/09,014225,FASTENAL CO,311900104,20,Industrials
A,USD,STD,INDL,C,FAST,12/31/10,014225,FASTENAL CO,311900104,20,Industrials
A,USD,STD,INDL,C,FAST,12/31/11,014225,FASTENAL CO,311900104,20,Industrials
A,USD,STD,INDL,C,FAST,12/31/12,014225,FASTENAL CO,311900104,20,Industrials
A,USD,STD,INDL,C,FAST,12/31/13,014225,FASTENAL CO,311900104,20,Industrials
A,USD,STD,INDL,C,FAST,12/31/14,014225,FASTENAL CO,311900104,20,Industrials
A,USD,STD,INDL,C,FAST,12/31/15,014225,FASTENAL CO,311900104,20,Industrials
A,USD,STD,INDL,C,FAST,12/31/16,014225,FASTENAL CO,311900104,20,Industrials
A,USD,STD,INDL,C,FAST,12/31/17,014225,FASTENAL CO,311900104,20,Industrials
A,USD,STD,INDL,C,FAST,12/31/18,014225,FASTENAL CO,311900104,20,Industrials
A,USD,STD,INDL,C,FAST,12/31/19,014225,FASTENAL CO,311900104,20,Industrials
A,USD,STD,INDL,C,FAST,12/31/20,014225,FASTENAL CO,311900104,20,Industrials
A,USD,STD,INDL,C,FAST,12/31/21,014225,FASTENAL CO,311900104,20,Industrials
A,USD,STD,INDL,C,FAST,12/31/22,014225,FASTENAL CO,311900104,20,Industrials
A,USD,STD,INDL,C,FAST,12/31/23,014225,FASTENAL CO,311900104,20,Industrials
A,USD,STD,INDL,C,FAST,12/31/24,014225,FASTENAL CO,311900104,20,Industrials
A,USD,STD,INDL,C,FAST,12/31/25,014225,FASTENAL CO,311900104,20,Industrials
I,USD,STD,INDL,C,MXIM,6/30/04,014256,MAXIM INTEGRATED PRODUCTS,57772K101,45,Information Technology
I,USD,STD,INDL,C,MXIM,6/30/05,014256,MAXIM INTEGRATED PRODUCTS,57772K101,45,Information Technology
I,USD,STD,INDL,C,MXIM,6/30/06,014256,MAXIM INTEGRATED PRODUCTS,57772K101,45,Information Technology
I,USD,STD,INDL,C,MXIM,6/30/07,014256,MAXIM INTEGRATED PRODUCTS,57772K101,45,Information Technology
I,USD,STD,INDL,C,MXIM,6/30/08,014256,MAXIM INTEGRATED PRODUCTS,57772K101,45,Information Technology
I,USD,STD,INDL,C,MXIM,6/30/09,014256,MAXIM INTEGRATED PRODUCTS,57772K101,45,Information Technology
I,USD,STD,INDL,C,MXIM,6/30/10,014256,MAXIM INTEGRATED PRODUCTS,57772K101,45,Information Technology
I,USD,STD,INDL,C,MXIM,6/30/11,014256,MAXIM INTEGRATED PRODUCTS,57772K101,45,Information Technology
I,USD,STD,INDL,C,MXIM,6/30/12,014256,MAXIM INTEGRATED PRODUCTS,57772K101,45,Information Technology
I,USD,STD,INDL,C,MXIM,6/30/13,014256,MAXIM INTEGRATED PRODUCTS,57772K101,45,Information Technology
I,USD,STD,INDL,C,MXIM,6/30/14,014256,MAXIM INTEGRATED PRODUCTS,57772K101,45,Information Technology
I,USD,STD,INDL,C,MXIM,6/30/15,014256,MAXIM INTEGRATED PRODUCTS,57772K101,45,Information Technology
I,USD,STD,INDL,C,MXIM,6/30/16,014256,MAXIM INTEGRATED PRODUCTS,57772K101,45,Information Technology
I,USD,STD,INDL,C,MXIM,6/30/17,014256,MAXIM INTEGRATED PRODUCTS,57772K101,45,Information Technology
I,USD,STD,INDL,C,MXIM,6/30/18,014256,MAXIM INTEGRATED PRODUCTS,57772K101,45,Information Technology
I,USD,STD,INDL,C,MXIM,6/30/19,014256,MAXIM INTEGRATED PRODUCTS,57772K101,45,Information Technology
I,USD,STD,INDL,C,MXIM,6/30/20,014256,MAXIM INTEGRATED PRODUCTS,57772K101,45,Information Technology
I,USD,STD,INDL,C,MXIM,6/30/21,014256,MAXIM INTEGRATED PRODUCTS,57772K101,45,Information Technology
A,USD,STD,INDL,C,DELL,1/31/04,014489,DELL TECHNOLOGIES INC,24703L202,45,Information Technology
A,USD,STD,INDL,C,DELL,1/31/05,014489,DELL TECHNOLOGIES INC,24703L202,45,Information Technology
A,USD,STD,INDL,C,DELL,1/31/06,014489,DELL TECHNOLOGIES INC,24703L202,45,Information Technology
A,USD,STD,INDL,C,DELL,1/31/07,014489,DELL TECHNOLOGIES INC,24703L202,45,Information Technology
A,USD,STD,INDL,C,DELL,1/31/08,014489,DELL TECHNOLOGIES INC,24703L202,45,Information Technology
A,USD,STD,INDL,C,DELL,1/31/09,014489,DELL TECHNOLOGIES INC,24703L202,45,Information Technology
A,USD,STD,INDL,C,DELL,1/31/10,014489,DELL TECHNOLOGIES INC,24703L202,45,Information Technology
A,USD,STD,INDL,C,DELL,1/31/11,014489,DELL TECHNOLOGIES INC,24703L202,45,Information Technology
A,USD,STD,INDL,C,DELL,1/31/12,014489,DELL TECHNOLOGIES INC,24703L202,45,Information Technology
A,USD,STD,INDL,C,DELL,1/31/13,014489,DELL TECHNOLOGIES INC,24703L202,45,Information Technology
A,USD,STD,INDL,C,DELL,1/31/14,014489,DELL TECHNOLOGIES INC,24703L202,45,Information Technology
A,USD,STD,INDL,C,DELL,1/31/15,014489,DELL TECHNOLOGIES INC,24703L202,45,Information Technology
A,USD,STD,INDL,C,DELL,1/31/16,014489,DELL TECHNOLOGIES INC,24703L202,45,Information Technology
A,USD,STD,INDL,C,DELL,1/31/17,014489,DELL TECHNOLOGIES INC,24703L202,45,Information Technology
A,USD,STD,INDL,C,DELL,1/31/18,014489,DELL TECHNOLOGIES INC,24703L202,45,Information Technology
A,USD,STD,INDL,C,DELL,1/31/19,014489,DELL TECHNOLOGIES INC,24703L202,45,Information Technology
A,USD,STD,INDL,C,DELL,1/31/20,014489,DELL TECHNOLOGIES INC,24703L202,45,Information Technology
A,USD,STD,INDL,C,DELL,1/31/21,014489,DELL TECHNOLOGIES INC,24703L202,45,Information Technology
A,USD,STD,INDL,C,DELL,1/31/22,014489,DELL TECHNOLOGIES INC,24703L202,45,Information Technology
A,USD,STD,INDL,C,DELL,1/31/23,014489,DELL TECHNOLOGIES INC,24703L202,45,Information Technology
A,USD,STD,INDL,C,DELL,1/31/24,014489,DELL TECHNOLOGIES INC,24703L202,45,Information Technology
A,USD,STD,INDL,C,DELL,1/31/25,014489,DELL TECHNOLOGIES INC,24703L202,45,Information Technology
A,USD,STD,INDL,C,DELL,1/31/26,014489,DELL TECHNOLOGIES INC,24703L202,45,Information Technology
A,USD,STD,INDL,C,TEVA,12/31/04,014538,TEVA PHARMACEUTICALS,881624209,35,Health Care
A,USD,STD,INDL,C,TEVA,12/31/05,014538,TEVA PHARMACEUTICALS,881624209,35,Health Care
A,USD,STD,INDL,C,TEVA,12/31/06,014538,TEVA PHARMACEUTICALS,881624209,35,Health Care
A,USD,STD,INDL,C,TEVA,12/31/07,014538,TEVA PHARMACEUTICALS,881624209,35,Health Care
A,USD,STD,INDL,C,TEVA,12/31/08,014538,TEVA PHARMACEUTICALS,881624209,35,Health Care
A,USD,STD,INDL,C,TEVA,12/31/09,014538,TEVA PHARMACEUTICALS,881624209,35,Health Care
A,USD,STD,INDL,C,TEVA,12/31/10,014538,TEVA PHARMACEUTICALS,881624209,35,Health Care
A,USD,STD,INDL,C,TEVA,12/31/11,014538,TEVA PHARMACEUTICALS,881624209,35,Health Care
A,USD,STD,INDL,C,TEVA,12/31/12,014538,TEVA PHARMACEUTICALS,881624209,35,Health Care
A,USD,STD,INDL,C,TEVA,12/31/13,014538,TEVA PHARMACEUTICALS,881624209,35,Health Care
A,USD,STD,INDL,C,TEVA,12/31/14,014538,TEVA PHARMACEUTICALS,881624209,35,Health Care
A,USD,STD,INDL,C,TEVA,12/31/15,014538,TEVA PHARMACEUTICALS,881624209,35,Health Care
A,USD,STD,INDL,C,TEVA,12/31/16,014538,TEVA PHARMACEUTICALS,881624209,35,Health Care
A,USD,STD,INDL,C,TEVA,12/31/17,014538,TEVA PHARMACEUTICALS,881624209,35,Health Care
A,USD,STD,INDL,C,TEVA,12/31/18,014538,TEVA PHARMACEUTICALS,881624209,35,Health Care
A,USD,STD,INDL,C,TEVA,12/31/19,014538,TEVA PHARMACEUTICALS,881624209,35,Health Care
A,USD,STD,INDL,C,TEVA,12/31/20,014538,TEVA PHARMACEUTICALS,881624209,35,Health Care
A,USD,STD,INDL,C,TEVA,12/31/21,014538,TEVA PHARMACEUTICALS,881624209,35,Health Care
A,USD,STD,INDL,C,TEVA,12/31/22,014538,TEVA PHARMACEUTICALS,881624209,35,Health Care
A,USD,STD,INDL,C,TEVA,12/31/23,014538,TEVA PHARMACEUTICALS,881624209,35,Health Care
A,USD,STD,INDL,C,TEVA,12/31/24,014538,TEVA PHARMACEUTICALS,881624209,35,Health Care
A,USD,STD,INDL,C,TEVA,12/31/25,014538,TEVA PHARMACEUTICALS,881624209,35,Health Care
I,USD,STD,INDL,C,BMC,3/31/04,014650,BMC SOFTWARE INC,055921100,45,Information Technology
I,USD,STD,INDL,C,BMC,3/31/05,014650,BMC SOFTWARE INC,055921100,45,Information Technology
I,USD,STD,INDL,C,BMC,3/31/06,014650,BMC SOFTWARE INC,055921100,45,Information Technology
I,USD,STD,INDL,C,BMC,3/31/07,014650,BMC SOFTWARE INC,055921100,45,Information Technology
I,USD,STD,INDL,C,BMC,3/31/08,014650,BMC SOFTWARE INC,055921100,45,Information Technology
I,USD,STD,INDL,C,BMC,3/31/09,014650,BMC SOFTWARE INC,055921100,45,Information Technology
I,USD,STD,INDL,C,BMC,3/31/10,014650,BMC SOFTWARE INC,055921100,45,Information Technology
I,USD,STD,INDL,C,BMC,3/31/11,014650,BMC SOFTWARE INC,055921100,45,Information Technology
I,USD,STD,INDL,C,BMC,3/31/12,014650,BMC SOFTWARE INC,055921100,45,Information Technology
I,USD,STD,INDL,C,BMC,3/31/13,014650,BMC SOFTWARE INC,055921100,45,Information Technology
A,USD,STD,INDL,C,MCI,12/31/04,014739,BARINGS CORPORATE INVESTORS,06759X107,,#N/A
A,USD,STD,INDL,C,MCI,12/31/05,014739,BARINGS CORPORATE INVESTORS,06759X107,,#N/A
A,USD,STD,INDL,C,MCI,12/31/06,014739,BARINGS CORPORATE INVESTORS,06759X107,,#N/A
A,USD,STD,INDL,C,MCI,12/31/07,014739,BARINGS CORPORATE INVESTORS,06759X107,,#N/A
A,USD,STD,INDL,C,MCI,12/31/08,014739,BARINGS CORPORATE INVESTORS,06759X107,,#N/A
A,USD,STD,INDL,C,MCI,12/31/09,014739,BARINGS CORPORATE INVESTORS,06759X107,,#N/A
A,USD,STD,INDL,C,MCI,12/31/10,014739,BARINGS CORPORATE INVESTORS,06759X107,,#N/A
A,USD,STD,INDL,C,MCI,12/31/11,014739,BARINGS CORPORATE INVESTORS,06759X107,,#N/A
A,USD,STD,INDL,C,MCI,12/31/12,014739,BARINGS CORPORATE INVESTORS,06759X107,,#N/A
A,USD,STD,INDL,C,MCI,12/31/13,014739,BARINGS CORPORATE INVESTORS,06759X107,,#N/A
A,USD,STD,INDL,C,MCI,12/31/14,014739,BARINGS CORPORATE INVESTORS,06759X107,,#N/A
A,USD,STD,INDL,C,MCI,12/31/15,014739,BARINGS CORPORATE INVESTORS,06759X107,,#N/A
A,USD,STD,INDL,C,MCI,12/31/16,014739,BARINGS CORPORATE INVESTORS,06759X107,,#N/A
A,USD,STD,INDL,C,MCI,12/31/17,014739,BARINGS CORPORATE INVESTORS,06759X107,,#N/A
A,USD,STD,INDL,C,MCI,12/31/18,014739,BARINGS CORPORATE INVESTORS,06759X107,,#N/A
A,USD,STD,INDL,C,MCI,12/31/19,014739,BARINGS CORPORATE INVESTORS,06759X107,,#N/A
A,USD,STD,INDL,C,MCI,12/31/20,014739,BARINGS CORPORATE INVESTORS,06759X107,,#N/A
A,USD,STD,INDL,C,MCI,12/31/21,014739,BARINGS CORPORATE INVESTORS,06759X107,,#N/A
A,USD,STD,INDL,C,MCI,12/31/22,014739,BARINGS CORPORATE INVESTORS,06759X107,,#N/A
A,USD,STD,INDL,C,MCI,12/31/23,014739,BARINGS CORPORATE INVESTORS,06759X107,,#N/A
A,USD,STD,INDL,C,MCI,12/31/24,014739,BARINGS CORPORATE INVESTORS,06759X107,,#N/A
A,USD,STD,INDL,C,MCI,12/31/25,014739,BARINGS CORPORATE INVESTORS,06759X107,,#N/A
A,USD,STD,INDL,C,VOD,3/31/04,014894,VODAFONE GROUP PUBLIC LTD,92857W308,50,Communication Services
A,USD,STD,INDL,C,VOD,3/31/05,014894,VODAFONE GROUP PUBLIC LTD,92857W308,50,Communication Services
A,USD,STD,INDL,C,VOD,3/31/06,014894,VODAFONE GROUP PUBLIC LTD,92857W308,50,Communication Services
A,USD,STD,INDL,C,VOD,3/31/07,014894,VODAFONE GROUP PUBLIC LTD,92857W308,50,Communication Services
A,USD,STD,INDL,C,VOD,3/31/08,014894,VODAFONE GROUP PUBLIC LTD,92857W308,50,Communication Services
A,USD,STD,INDL,C,VOD,3/31/09,014894,VODAFONE GROUP PUBLIC LTD,92857W308,50,Communication Services
A,USD,STD,INDL,C,VOD,3/31/10,014894,VODAFONE GROUP PUBLIC LTD,92857W308,50,Communication Services
A,USD,STD,INDL,C,VOD,3/31/11,014894,VODAFONE GROUP PUBLIC LTD,92857W308,50,Communication Services
A,USD,STD,INDL,C,VOD,3/31/12,014894,VODAFONE GROUP PUBLIC LTD,92857W308,50,Communication Services
A,USD,STD,INDL,C,VOD,3/31/13,014894,VODAFONE GROUP PUBLIC LTD,92857W308,50,Communication Services
A,USD,STD,INDL,C,VOD,3/31/14,014894,VODAFONE GROUP PUBLIC LTD,92857W308,50,Communication Services
A,USD,STD,INDL,C,VOD,3/31/15,014894,VODAFONE GROUP PUBLIC LTD,92857W308,50,Communication Services
A,USD,STD,INDL,C,VOD,3/31/16,014894,VODAFONE GROUP PUBLIC LTD,92857W308,50,Communication Services
A,USD,STD,INDL,C,VOD,3/31/17,014894,VODAFONE GROUP PUBLIC LTD,92857W308,50,Communication Services
A,USD,STD,INDL,C,VOD,3/31/18,014894,VODAFONE GROUP PUBLIC LTD,92857W308,50,Communication Services
A,USD,STD,INDL,C,VOD,3/31/19,014894,VODAFONE GROUP PUBLIC LTD,92857W308,50,Communication Services
A,USD,STD,INDL,C,VOD,3/31/20,014894,VODAFONE GROUP PUBLIC LTD,92857W308,50,Communication Services
A,USD,STD,INDL,C,VOD,3/31/21,014894,VODAFONE GROUP PUBLIC LTD,92857W308,50,Communication Services
A,USD,STD,INDL,C,VOD,3/31/22,014894,VODAFONE GROUP PUBLIC LTD,92857W308,50,Communication Services
A,USD,STD,INDL,C,VOD,3/31/23,014894,VODAFONE GROUP PUBLIC LTD,92857W308,50,Communication Services
A,USD,STD,INDL,C,VOD,3/31/24,014894,VODAFONE GROUP PUBLIC LTD,92857W308,50,Communication Services
A,USD,STD,INDL,C,VOD,3/31/25,014894,VODAFONE GROUP PUBLIC LTD,92857W308,50,Communication Services
A,USD,STD,INDL,C,WDAY,12/31/10,015044,WORKDAY INC,98138H101,45,Information Technology
A,USD,STD,INDL,C,WDAY,1/31/12,015044,WORKDAY INC,98138H101,45,Information Technology
A,USD,STD,INDL,C,WDAY,1/31/13,015044,WORKDAY INC,98138H101,45,Information Technology
A,USD,STD,INDL,C,WDAY,1/31/14,015044,WORKDAY INC,98138H101,45,Information Technology
A,USD,STD,INDL,C,WDAY,1/31/15,015044,WORKDAY INC,98138H101,45,Information Technology
A,USD,STD,INDL,C,WDAY,1/31/16,015044,WORKDAY INC,98138H101,45,Information Technology
A,USD,STD,INDL,C,WDAY,1/31/17,015044,WORKDAY INC,98138H101,45,Information Technology
A,USD,STD,INDL,C,WDAY,1/31/18,015044,WORKDAY INC,98138H101,45,Information Technology
A,USD,STD,INDL,C,WDAY,1/31/19,015044,WORKDAY INC,98138H101,45,Information Technology
A,USD,STD,INDL,C,WDAY,1/31/20,015044,WORKDAY INC,98138H101,45,Information Technology
A,USD,STD,INDL,C,WDAY,1/31/21,015044,WORKDAY INC,98138H101,45,Information Technology
A,USD,STD,INDL,C,WDAY,1/31/22,015044,WORKDAY INC,98138H101,45,Information Technology
A,USD,STD,INDL,C,WDAY,1/31/23,015044,WORKDAY INC,98138H101,45,Information Technology
A,USD,STD,INDL,C,WDAY,1/31/24,015044,WORKDAY INC,98138H101,45,Information Technology
A,USD,STD,INDL,C,WDAY,1/31/25,015044,WORKDAY INC,98138H101,45,Information Technology
A,USD,STD,INDL,C,WDAY,1/31/26,015044,WORKDAY INC,98138H101,45,Information Technology
A,USD,STD,INDL,C,TRI,12/31/04,015704,THOMSON-REUTERS CORP,884903808,20,Industrials
A,USD,STD,INDL,C,TRI,12/31/05,015704,THOMSON-REUTERS CORP,884903808,20,Industrials
A,USD,STD,INDL,C,TRI,12/31/06,015704,THOMSON-REUTERS CORP,884903808,20,Industrials
A,USD,STD,INDL,C,TRI,12/31/07,015704,THOMSON-REUTERS CORP,884903808,20,Industrials
A,USD,STD,INDL,C,TRI,12/31/08,015704,THOMSON-REUTERS CORP,884903808,20,Industrials
A,USD,STD,INDL,C,TRI,12/31/09,015704,THOMSON-REUTERS CORP,884903808,20,Industrials
A,USD,STD,INDL,C,TRI,12/31/10,015704,THOMSON-REUTERS CORP,884903808,20,Industrials
A,USD,STD,INDL,C,TRI,12/31/11,015704,THOMSON-REUTERS CORP,884903808,20,Industrials
A,USD,STD,INDL,C,TRI,12/31/12,015704,THOMSON-REUTERS CORP,884903808,20,Industrials
A,USD,STD,INDL,C,TRI,12/31/13,015704,THOMSON-REUTERS CORP,884903808,20,Industrials
A,USD,STD,INDL,C,TRI,12/31/14,015704,THOMSON-REUTERS CORP,884903808,20,Industrials
A,USD,STD,INDL,C,TRI,12/31/15,015704,THOMSON-REUTERS CORP,884903808,20,Industrials
A,USD,STD,INDL,C,TRI,12/31/16,015704,THOMSON-REUTERS CORP,884903808,20,Industrials
A,USD,STD,INDL,C,TRI,12/31/17,015704,THOMSON-REUTERS CORP,884903808,20,Industrials
A,USD,STD,INDL,C,TRI,12/31/18,015704,THOMSON-REUTERS CORP,884903808,20,Industrials
A,USD,STD,INDL,C,TRI,12/31/19,015704,THOMSON-REUTERS CORP,884903808,20,Industrials
A,USD,STD,INDL,C,TRI,12/31/20,015704,THOMSON-REUTERS CORP,884903808,20,Industrials
A,USD,STD,INDL,C,TRI,12/31/21,015704,THOMSON-REUTERS CORP,884903808,20,Industrials
A,USD,STD,INDL,C,TRI,12/31/22,015704,THOMSON-REUTERS CORP,884903808,20,Industrials
A,USD,STD,INDL,C,TRI,12/31/23,015704,THOMSON-REUTERS CORP,884903808,20,Industrials
A,USD,STD,INDL,C,TRI,12/31/24,015704,THOMSON-REUTERS CORP,884903808,20,Industrials
A,USD,STD,INDL,C,TRI,12/31/25,015704,THOMSON-REUTERS CORP,884903808,20,Industrials
A,USD,STD,INDL,C,GEN,3/31/04,015855,GEN DIGITAL INC,668771108,45,Information Technology
A,USD,STD,INDL,C,GEN,3/31/05,015855,GEN DIGITAL INC,668771108,45,Information Technology
A,USD,STD,INDL,C,GEN,3/31/06,015855,GEN DIGITAL INC,668771108,45,Information Technology
A,USD,STD,INDL,C,GEN,3/31/07,015855,GEN DIGITAL INC,668771108,45,Information Technology
A,USD,STD,INDL,C,GEN,3/31/08,015855,GEN DIGITAL INC,668771108,45,Information Technology
A,USD,STD,INDL,C,GEN,3/31/09,015855,GEN DIGITAL INC,668771108,45,Information Technology
A,USD,STD,INDL,C,GEN,3/31/10,015855,GEN DIGITAL INC,668771108,45,Information Technology
A,USD,STD,INDL,C,GEN,3/31/11,015855,GEN DIGITAL INC,668771108,45,Information Technology
A,USD,STD,INDL,C,GEN,3/31/12,015855,GEN DIGITAL INC,668771108,45,Information Technology
A,USD,STD,INDL,C,GEN,3/31/13,015855,GEN DIGITAL INC,668771108,45,Information Technology
A,USD,STD,INDL,C,GEN,3/31/14,015855,GEN DIGITAL INC,668771108,45,Information Technology
A,USD,STD,INDL,C,GEN,3/31/15,015855,GEN DIGITAL INC,668771108,45,Information Technology
A,USD,STD,INDL,C,GEN,3/31/16,015855,GEN DIGITAL INC,668771108,45,Information Technology
A,USD,STD,INDL,C,GEN,3/31/17,015855,GEN DIGITAL INC,668771108,45,Information Technology
A,USD,STD,INDL,C,GEN,3/31/18,015855,GEN DIGITAL INC,668771108,45,Information Technology
A,USD,STD,INDL,C,GEN,3/31/19,015855,GEN DIGITAL INC,668771108,45,Information Technology
A,USD,STD,INDL,C,GEN,3/31/20,015855,GEN DIGITAL INC,668771108,45,Information Technology
A,USD,STD,INDL,C,GEN,3/31/21,015855,GEN DIGITAL INC,668771108,45,Information Technology
A,USD,STD,INDL,C,GEN,3/31/22,015855,GEN DIGITAL INC,668771108,45,Information Technology
A,USD,STD,INDL,C,GEN,3/31/23,015855,GEN DIGITAL INC,668771108,45,Information Technology
A,USD,STD,INDL,C,GEN,3/31/24,015855,GEN DIGITAL INC,668771108,45,Information Technology
A,USD,STD,INDL,C,GEN,3/31/25,015855,GEN DIGITAL INC,668771108,45,Information Technology
A,USD,STD,INDL,C,EA,3/31/04,016721,ELECTRONIC ARTS INC,285512109,50,Communication Services
A,USD,STD,INDL,C,EA,3/31/05,016721,ELECTRONIC ARTS INC,285512109,50,Communication Services
A,USD,STD,INDL,C,EA,3/31/06,016721,ELECTRONIC ARTS INC,285512109,50,Communication Services
A,USD,STD,INDL,C,EA,3/31/07,016721,ELECTRONIC ARTS INC,285512109,50,Communication Services
A,USD,STD,INDL,C,EA,3/31/08,016721,ELECTRONIC ARTS INC,285512109,50,Communication Services
A,USD,STD,INDL,C,EA,3/31/09,016721,ELECTRONIC ARTS INC,285512109,50,Communication Services
A,USD,STD,INDL,C,EA,3/31/10,016721,ELECTRONIC ARTS INC,285512109,50,Communication Services
A,USD,STD,INDL,C,EA,3/31/11,016721,ELECTRONIC ARTS INC,285512109,50,Communication Services
A,USD,STD,INDL,C,EA,3/31/12,016721,ELECTRONIC ARTS INC,285512109,50,Communication Services
A,USD,STD,INDL,C,EA,3/31/13,016721,ELECTRONIC ARTS INC,285512109,50,Communication Services
A,USD,STD,INDL,C,EA,3/31/14,016721,ELECTRONIC ARTS INC,285512109,50,Communication Services
A,USD,STD,INDL,C,EA,3/31/15,016721,ELECTRONIC ARTS INC,285512109,50,Communication Services
A,USD,STD,INDL,C,EA,3/31/16,016721,ELECTRONIC ARTS INC,285512109,50,Communication Services
A,USD,STD,INDL,C,EA,3/31/17,016721,ELECTRONIC ARTS INC,285512109,50,Communication Services
A,USD,STD,INDL,C,EA,3/31/18,016721,ELECTRONIC ARTS INC,285512109,50,Communication Services
A,USD,STD,INDL,C,EA,3/31/19,016721,ELECTRONIC ARTS INC,285512109,50,Communication Services
A,USD,STD,INDL,C,EA,3/31/20,016721,ELECTRONIC ARTS INC,285512109,50,Communication Services
A,USD,STD,INDL,C,EA,3/31/21,016721,ELECTRONIC ARTS INC,285512109,50,Communication Services
A,USD,STD,INDL,C,EA,3/31/22,016721,ELECTRONIC ARTS INC,285512109,50,Communication Services
A,USD,STD,INDL,C,EA,3/31/23,016721,ELECTRONIC ARTS INC,285512109,50,Communication Services
A,USD,STD,INDL,C,EA,3/31/24,016721,ELECTRONIC ARTS INC,285512109,50,Communication Services
A,USD,STD,INDL,C,EA,3/31/25,016721,ELECTRONIC ARTS INC,285512109,50,Communication Services
A,USD,STD,INDL,C,TMUS,12/31/13,017874,T-MOBILE US INC,872590104,50,Communication Services
A,USD,STD,INDL,C,TMUS,12/31/14,017874,T-MOBILE US INC,872590104,50,Communication Services
A,USD,STD,INDL,C,TMUS,12/31/15,017874,T-MOBILE US INC,872590104,50,Communication Services
A,USD,STD,INDL,C,TMUS,12/31/16,017874,T-MOBILE US INC,872590104,50,Communication Services
A,USD,STD,INDL,C,TMUS,12/31/17,017874,T-MOBILE US INC,872590104,50,Communication Services
A,USD,STD,INDL,C,TMUS,12/31/18,017874,T-MOBILE US INC,872590104,50,Communication Services
A,USD,STD,INDL,C,TMUS,12/31/19,017874,T-MOBILE US INC,872590104,50,Communication Services
A,USD,STD,INDL,C,TMUS,12/31/20,017874,T-MOBILE US INC,872590104,50,Communication Services
A,USD,STD,INDL,C,TMUS,12/31/21,017874,T-MOBILE US INC,872590104,50,Communication Services
A,USD,STD,INDL,C,TMUS,12/31/22,017874,T-MOBILE US INC,872590104,50,Communication Services
A,USD,STD,INDL,C,TMUS,12/31/23,017874,T-MOBILE US INC,872590104,50,Communication Services
A,USD,STD,INDL,C,TMUS,12/31/24,017874,T-MOBILE US INC,872590104,50,Communication Services
A,USD,STD,INDL,C,TMUS,12/31/25,017874,T-MOBILE US INC,872590104,50,Communication Services
A,USD,STD,INDL,C,JD,12/31/12,019744,JD.COM INC,47215P106,25,Consumer Discretionary
A,USD,STD,INDL,C,JD,12/31/13,019744,JD.COM INC,47215P106,25,Consumer Discretionary
A,USD,STD,INDL,C,JD,12/31/14,019744,JD.COM INC,47215P106,25,Consumer Discretionary
A,USD,STD,INDL,C,JD,12/31/15,019744,JD.COM INC,47215P106,25,Consumer Discretionary
A,USD,STD,INDL,C,JD,12/31/16,019744,JD.COM INC,47215P106,25,Consumer Discretionary
A,USD,STD,INDL,C,JD,12/31/17,019744,JD.COM INC,47215P106,25,Consumer Discretionary
A,USD,STD,INDL,C,JD,12/31/18,019744,JD.COM INC,47215P106,25,Consumer Discretionary
A,USD,STD,INDL,C,JD,12/31/19,019744,JD.COM INC,47215P106,25,Consumer Discretionary
A,USD,STD,INDL,C,JD,12/31/20,019744,JD.COM INC,47215P106,25,Consumer Discretionary
A,USD,STD,INDL,C,JD,12/31/21,019744,JD.COM INC,47215P106,25,Consumer Discretionary
A,USD,STD,INDL,C,JD,12/31/22,019744,JD.COM INC,47215P106,25,Consumer Discretionary
A,USD,STD,INDL,C,JD,12/31/23,019744,JD.COM INC,47215P106,25,Consumer Discretionary
A,USD,STD,INDL,C,JD,12/31/24,019744,JD.COM INC,47215P106,25,Consumer Discretionary
A,USD,STD,INDL,C,CSCO,7/31/04,020779,CISCO SYSTEMS INC,17275R102,45,Information Technology
A,USD,STD,INDL,C,CSCO,7/31/05,020779,CISCO SYSTEMS INC,17275R102,45,Information Technology
A,USD,STD,INDL,C,CSCO,7/31/06,020779,CISCO SYSTEMS INC,17275R102,45,Information Technology
A,USD,STD,INDL,C,CSCO,7/31/07,020779,CISCO SYSTEMS INC,17275R102,45,Information Technology
A,USD,STD,INDL,C,CSCO,7/31/08,020779,CISCO SYSTEMS INC,17275R102,45,Information Technology
A,USD,STD,INDL,C,CSCO,7/31/09,020779,CISCO SYSTEMS INC,17275R102,45,Information Technology
A,USD,STD,INDL,C,CSCO,7/31/10,020779,CISCO SYSTEMS INC,17275R102,45,Information Technology
A,USD,STD,INDL,C,CSCO,7/31/11,020779,CISCO SYSTEMS INC,17275R102,45,Information Technology
A,USD,STD,INDL,C,CSCO,7/31/12,020779,CISCO SYSTEMS INC,17275R102,45,Information Technology
A,USD,STD,INDL,C,CSCO,7/31/13,020779,CISCO SYSTEMS INC,17275R102,45,Information Technology
A,USD,STD,INDL,C,CSCO,7/31/14,020779,CISCO SYSTEMS INC,17275R102,45,Information Technology
A,USD,STD,INDL,C,CSCO,7/31/15,020779,CISCO SYSTEMS INC,17275R102,45,Information Technology
A,USD,STD,INDL,C,CSCO,7/31/16,020779,CISCO SYSTEMS INC,17275R102,45,Information Technology
A,USD,STD,INDL,C,CSCO,7/31/17,020779,CISCO SYSTEMS INC,17275R102,45,Information Technology
A,USD,STD,INDL,C,CSCO,7/31/18,020779,CISCO SYSTEMS INC,17275R102,45,Information Technology
A,USD,STD,INDL,C,CSCO,7/31/19,020779,CISCO SYSTEMS INC,17275R102,45,Information Technology
A,USD,STD,INDL,C,CSCO,7/31/20,020779,CISCO SYSTEMS INC,17275R102,45,Information Technology
A,USD,STD,INDL,C,CSCO,7/31/21,020779,CISCO SYSTEMS INC,17275R102,45,Information Technology
A,USD,STD,INDL,C,CSCO,7/31/22,020779,CISCO SYSTEMS INC,17275R102,45,Information Technology
A,USD,STD,INDL,C,CSCO,7/31/23,020779,CISCO SYSTEMS INC,17275R102,45,Information Technology
A,USD,STD,INDL,C,CSCO,7/31/24,020779,CISCO SYSTEMS INC,17275R102,45,Information Technology
A,USD,STD,INDL,C,CSCO,7/31/25,020779,CISCO SYSTEMS INC,17275R102,45,Information Technology
A,USD,STD,INDL,C,HOLX,9/30/04,020904,HOLOGIC INC,436440101,35,Health Care
A,USD,STD,INDL,C,HOLX,9/30/05,020904,HOLOGIC INC,436440101,35,Health Care
A,USD,STD,INDL,C,HOLX,9/30/06,020904,HOLOGIC INC,436440101,35,Health Care
A,USD,STD,INDL,C,HOLX,9/30/07,020904,HOLOGIC INC,436440101,35,Health Care
A,USD,STD,INDL,C,HOLX,9/30/08,020904,HOLOGIC INC,436440101,35,Health Care
A,USD,STD,INDL,C,HOLX,9/30/09,020904,HOLOGIC INC,436440101,35,Health Care
A,USD,STD,INDL,C,HOLX,9/30/10,020904,HOLOGIC INC,436440101,35,Health Care
A,USD,STD,INDL,C,HOLX,9/30/11,020904,HOLOGIC INC,436440101,35,Health Care
A,USD,STD,INDL,C,HOLX,9/30/12,020904,HOLOGIC INC,436440101,35,Health Care
A,USD,STD,INDL,C,HOLX,9/30/13,020904,HOLOGIC INC,436440101,35,Health Care
A,USD,STD,INDL,C,HOLX,9/30/14,020904,HOLOGIC INC,436440101,35,Health Care
A,USD,STD,INDL,C,HOLX,9/30/15,020904,HOLOGIC INC,436440101,35,Health Care
A,USD,STD,INDL,C,HOLX,9/30/16,020904,HOLOGIC INC,436440101,35,Health Care
A,USD,STD,INDL,C,HOLX,9/30/17,020904,HOLOGIC INC,436440101,35,Health Care
A,USD,STD,INDL,C,HOLX,9/30/18,020904,HOLOGIC INC,436440101,35,Health Care
A,USD,STD,INDL,C,HOLX,9/30/19,020904,HOLOGIC INC,436440101,35,Health Care
A,USD,STD,INDL,C,HOLX,9/30/20,020904,HOLOGIC INC,436440101,35,Health Care
A,USD,STD,INDL,C,HOLX,9/30/21,020904,HOLOGIC INC,436440101,35,Health Care
A,USD,STD,INDL,C,HOLX,9/30/22,020904,HOLOGIC INC,436440101,35,Health Care
A,USD,STD,INDL,C,HOLX,9/30/23,020904,HOLOGIC INC,436440101,35,Health Care
A,USD,STD,INDL,C,HOLX,9/30/24,020904,HOLOGIC INC,436440101,35,Health Care
A,USD,STD,INDL,C,HOLX,9/30/25,020904,HOLOGIC INC,436440101,35,Health Care
I,USD,STD,INDL,C,XLNX,3/31/04,022325,XILINX INC,983919101,45,Information Technology
I,USD,STD,INDL,C,XLNX,3/31/05,022325,XILINX INC,983919101,45,Information Technology
I,USD,STD,INDL,C,XLNX,3/31/06,022325,XILINX INC,983919101,45,Information Technology
I,USD,STD,INDL,C,XLNX,3/31/07,022325,XILINX INC,983919101,45,Information Technology
I,USD,STD,INDL,C,XLNX,3/31/08,022325,XILINX INC,983919101,45,Information Technology
I,USD,STD,INDL,C,XLNX,3/31/09,022325,XILINX INC,983919101,45,Information Technology
I,USD,STD,INDL,C,XLNX,3/31/10,022325,XILINX INC,983919101,45,Information Technology
I,USD,STD,INDL,C,XLNX,3/31/11,022325,XILINX INC,983919101,45,Information Technology
I,USD,STD,INDL,C,XLNX,3/31/12,022325,XILINX INC,983919101,45,Information Technology
I,USD,STD,INDL,C,XLNX,3/31/13,022325,XILINX INC,983919101,45,Information Technology
I,USD,STD,INDL,C,XLNX,3/31/14,022325,XILINX INC,983919101,45,Information Technology
I,USD,STD,INDL,C,XLNX,3/31/15,022325,XILINX INC,983919101,45,Information Technology
I,USD,STD,INDL,C,XLNX,3/31/16,022325,XILINX INC,983919101,45,Information Technology
I,USD,STD,INDL,C,XLNX,3/31/17,022325,XILINX INC,983919101,45,Information Technology
I,USD,STD,INDL,C,XLNX,3/31/18,022325,XILINX INC,983919101,45,Information Technology
I,USD,STD,INDL,C,XLNX,3/31/19,022325,XILINX INC,983919101,45,Information Technology
I,USD,STD,INDL,C,XLNX,3/31/20,022325,XILINX INC,983919101,45,Information Technology
I,USD,STD,INDL,C,XLNX,3/31/21,022325,XILINX INC,983919101,45,Information Technology
A,USD,STD,INDL,C,SHOP,12/31/13,023650,SHOPIFY INC,82509L107,45,Information Technology
A,USD,STD,INDL,C,SHOP,12/31/14,023650,SHOPIFY INC,82509L107,45,Information Technology
A,USD,STD,INDL,C,SHOP,12/31/15,023650,SHOPIFY INC,82509L107,45,Information Technology
A,USD,STD,INDL,C,SHOP,12/31/16,023650,SHOPIFY INC,82509L107,45,Information Technology
A,USD,STD,INDL,C,SHOP,12/31/17,023650,SHOPIFY INC,82509L107,45,Information Technology
A,USD,STD,INDL,C,SHOP,12/31/18,023650,SHOPIFY INC,82509L107,45,Information Technology
A,USD,STD,INDL,C,SHOP,12/31/19,023650,SHOPIFY INC,82509L107,45,Information Technology
A,USD,STD,INDL,C,SHOP,12/31/20,023650,SHOPIFY INC,82509L107,45,Information Technology
A,USD,STD,INDL,C,SHOP,12/31/21,023650,SHOPIFY INC,82509L107,45,Information Technology
A,USD,STD,INDL,C,SHOP,12/31/22,023650,SHOPIFY INC,82509L107,45,Information Technology
A,USD,STD,INDL,C,SHOP,12/31/23,023650,SHOPIFY INC,82509L107,45,Information Technology
A,USD,STD,INDL,C,SHOP,12/31/24,023650,SHOPIFY INC,82509L107,45,Information Technology
A,USD,STD,INDL,C,SHOP,12/31/25,023650,SHOPIFY INC,82509L107,45,Information Technology
A,USD,STD,INDL,C,REGN,12/31/04,023812,REGENERON PHARMACEUTICALS,75886F107,35,Health Care
A,USD,STD,INDL,C,REGN,12/31/05,023812,REGENERON PHARMACEUTICALS,75886F107,35,Health Care
A,USD,STD,INDL,C,REGN,12/31/06,023812,REGENERON PHARMACEUTICALS,75886F107,35,Health Care
A,USD,STD,INDL,C,REGN,12/31/07,023812,REGENERON PHARMACEUTICALS,75886F107,35,Health Care
A,USD,STD,INDL,C,REGN,12/31/08,023812,REGENERON PHARMACEUTICALS,75886F107,35,Health Care
A,USD,STD,INDL,C,REGN,12/31/09,023812,REGENERON PHARMACEUTICALS,75886F107,35,Health Care
A,USD,STD,INDL,C,REGN,12/31/10,023812,REGENERON PHARMACEUTICALS,75886F107,35,Health Care
A,USD,STD,INDL,C,REGN,12/31/11,023812,REGENERON PHARMACEUTICALS,75886F107,35,Health Care
A,USD,STD,INDL,C,REGN,12/31/12,023812,REGENERON PHARMACEUTICALS,75886F107,35,Health Care
A,USD,STD,INDL,C,REGN,12/31/13,023812,REGENERON PHARMACEUTICALS,75886F107,35,Health Care
A,USD,STD,INDL,C,REGN,12/31/14,023812,REGENERON PHARMACEUTICALS,75886F107,35,Health Care
A,USD,STD,INDL,C,REGN,12/31/15,023812,REGENERON PHARMACEUTICALS,75886F107,35,Health Care
A,USD,STD,INDL,C,REGN,12/31/16,023812,REGENERON PHARMACEUTICALS,75886F107,35,Health Care
A,USD,STD,INDL,C,REGN,12/31/17,023812,REGENERON PHARMACEUTICALS,75886F107,35,Health Care
A,USD,STD,INDL,C,REGN,12/31/18,023812,REGENERON PHARMACEUTICALS,75886F107,35,Health Care
A,USD,STD,INDL,C,REGN,12/31/19,023812,REGENERON PHARMACEUTICALS,75886F107,35,Health Care
A,USD,STD,INDL,C,REGN,12/31/20,023812,REGENERON PHARMACEUTICALS,75886F107,35,Health Care
A,USD,STD,INDL,C,REGN,12/31/21,023812,REGENERON PHARMACEUTICALS,75886F107,35,Health Care
A,USD,STD,INDL,C,REGN,12/31/22,023812,REGENERON PHARMACEUTICALS,75886F107,35,Health Care
A,USD,STD,INDL,C,REGN,12/31/23,023812,REGENERON PHARMACEUTICALS,75886F107,35,Health Care
A,USD,STD,INDL,C,REGN,12/31/24,023812,REGENERON PHARMACEUTICALS,75886F107,35,Health Care
A,USD,STD,INDL,C,REGN,12/31/25,023812,REGENERON PHARMACEUTICALS,75886F107,35,Health Care
I,USD,STD,INDL,C,CEPH,12/31/04,023945,CEPHALON INC,156708109,35,Health Care
I,USD,STD,INDL,C,CEPH,12/31/05,023945,CEPHALON INC,156708109,35,Health Care
I,USD,STD,INDL,C,CEPH,12/31/06,023945,CEPHALON INC,156708109,35,Health Care
I,USD,STD,INDL,C,CEPH,12/31/07,023945,CEPHALON INC,156708109,35,Health Care
I,USD,STD,INDL,C,CEPH,12/31/08,023945,CEPHALON INC,156708109,35,Health Care
I,USD,STD,INDL,C,CEPH,12/31/09,023945,CEPHALON INC,156708109,35,Health Care
I,USD,STD,INDL,C,CEPH,12/31/10,023945,CEPHALON INC,156708109,35,Health Care
I,USD,STD,INDL,C,NVLS,12/31/12,023986,NIVALIS THERAPEUTICS INC,65481J109,35,Health Care
I,USD,STD,INDL,C,NVLS,12/31/13,023986,NIVALIS THERAPEUTICS INC,65481J109,35,Health Care
I,USD,STD,INDL,C,NVLS,12/31/14,023986,NIVALIS THERAPEUTICS INC,65481J109,35,Health Care
I,USD,STD,INDL,C,NVLS,12/31/15,023986,NIVALIS THERAPEUTICS INC,65481J109,35,Health Care
I,USD,STD,INDL,C,NVLS,12/31/16,023986,NIVALIS THERAPEUTICS INC,65481J109,35,Health Care
A,USD,STD,INDL,C,IDXX,12/31/04,024197,IDEXX LABS INC,45168D104,35,Health Care
A,USD,STD,INDL,C,IDXX,12/31/05,024197,IDEXX LABS INC,45168D104,35,Health Care
A,USD,STD,INDL,C,IDXX,12/31/06,024197,IDEXX LABS INC,45168D104,35,Health Care
A,USD,STD,INDL,C,IDXX,12/31/07,024197,IDEXX LABS INC,45168D104,35,Health Care
A,USD,STD,INDL,C,IDXX,12/31/08,024197,IDEXX LABS INC,45168D104,35,Health Care
A,USD,STD,INDL,C,IDXX,12/31/09,024197,IDEXX LABS INC,45168D104,35,Health Care
A,USD,STD,INDL,C,IDXX,12/31/10,024197,IDEXX LABS INC,45168D104,35,Health Care
A,USD,STD,INDL,C,IDXX,12/31/11,024197,IDEXX LABS INC,45168D104,35,Health Care
A,USD,STD,INDL,C,IDXX,12/31/12,024197,IDEXX LABS INC,45168D104,35,Health Care
A,USD,STD,INDL,C,IDXX,12/31/13,024197,IDEXX LABS INC,45168D104,35,Health Care
A,USD,STD,INDL,C,IDXX,12/31/14,024197,IDEXX LABS INC,45168D104,35,Health Care
A,USD,STD,INDL,C,IDXX,12/31/15,024197,IDEXX LABS INC,45168D104,35,Health Care
A,USD,STD,INDL,C,IDXX,12/31/16,024197,IDEXX LABS INC,45168D104,35,Health Care
A,USD,STD,INDL,C,IDXX,12/31/17,024197,IDEXX LABS INC,45168D104,35,Health Care
A,USD,STD,INDL,C,IDXX,12/31/18,024197,IDEXX LABS INC,45168D104,35,Health Care
A,USD,STD,INDL,C,IDXX,12/31/19,024197,IDEXX LABS INC,45168D104,35,Health Care
A,USD,STD,INDL,C,IDXX,12/31/20,024197,IDEXX LABS INC,45168D104,35,Health Care
A,USD,STD,INDL,C,IDXX,12/31/21,024197,IDEXX LABS INC,45168D104,35,Health Care
A,USD,STD,INDL,C,IDXX,12/31/22,024197,IDEXX LABS INC,45168D104,35,Health Care
A,USD,STD,INDL,C,IDXX,12/31/23,024197,IDEXX LABS INC,45168D104,35,Health Care
A,USD,STD,INDL,C,IDXX,12/31/24,024197,IDEXX LABS INC,45168D104,35,Health Care
A,USD,STD,INDL,C,IDXX,12/31/25,024197,IDEXX LABS INC,45168D104,35,Health Care
A,USD,STD,INDL,C,MNST,12/31/04,024316,MONSTER BEVERAGE CORP,61174X109,30,Consumer Staples
A,USD,STD,INDL,C,MNST,12/31/05,024316,MONSTER BEVERAGE CORP,61174X109,30,Consumer Staples
A,USD,STD,INDL,C,MNST,12/31/06,024316,MONSTER BEVERAGE CORP,61174X109,30,Consumer Staples
A,USD,STD,INDL,C,MNST,12/31/07,024316,MONSTER BEVERAGE CORP,61174X109,30,Consumer Staples
A,USD,STD,INDL,C,MNST,12/31/08,024316,MONSTER BEVERAGE CORP,61174X109,30,Consumer Staples
A,USD,STD,INDL,C,MNST,12/31/09,024316,MONSTER BEVERAGE CORP,61174X109,30,Consumer Staples
A,USD,STD,INDL,C,MNST,12/31/10,024316,MONSTER BEVERAGE CORP,61174X109,30,Consumer Staples
A,USD,STD,INDL,C,MNST,12/31/11,024316,MONSTER BEVERAGE CORP,61174X109,30,Consumer Staples
A,USD,STD,INDL,C,MNST,12/31/12,024316,MONSTER BEVERAGE CORP,61174X109,30,Consumer Staples
A,USD,STD,INDL,C,MNST,12/31/13,024316,MONSTER BEVERAGE CORP,61174X109,30,Consumer Staples
A,USD,STD,INDL,C,MNST,12/31/14,024316,MONSTER BEVERAGE CORP,61174X109,30,Consumer Staples
A,USD,STD,INDL,C,MNST,12/31/15,024316,MONSTER BEVERAGE CORP,61174X109,30,Consumer Staples
A,USD,STD,INDL,C,MNST,12/31/16,024316,MONSTER BEVERAGE CORP,61174X109,30,Consumer Staples
A,USD,STD,INDL,C,MNST,12/31/17,024316,MONSTER BEVERAGE CORP,61174X109,30,Consumer Staples
A,USD,STD,INDL,C,MNST,12/31/18,024316,MONSTER BEVERAGE CORP,61174X109,30,Consumer Staples
A,USD,STD,INDL,C,MNST,12/31/19,024316,MONSTER BEVERAGE CORP,61174X109,30,Consumer Staples
A,USD,STD,INDL,C,MNST,12/31/20,024316,MONSTER BEVERAGE CORP,61174X109,30,Consumer Staples
A,USD,STD,INDL,C,MNST,12/31/21,024316,MONSTER BEVERAGE CORP,61174X109,30,Consumer Staples
A,USD,STD,INDL,C,MNST,12/31/22,024316,MONSTER BEVERAGE CORP,61174X109,30,Consumer Staples
A,USD,STD,INDL,C,MNST,12/31/23,024316,MONSTER BEVERAGE CORP,61174X109,30,Consumer Staples
A,USD,STD,INDL,C,MNST,12/31/24,024316,MONSTER BEVERAGE CORP,61174X109,30,Consumer Staples
A,USD,STD,INDL,C,MNST,12/31/25,024316,MONSTER BEVERAGE CORP,61174X109,30,Consumer Staples
A,USD,STD,INDL,C,VRTX,12/31/04,024344,VERTEX PHARMACEUTICALS INC,92532F100,35,Health Care
A,USD,STD,INDL,C,VRTX,12/31/05,024344,VERTEX PHARMACEUTICALS INC,92532F100,35,Health Care
A,USD,STD,INDL,C,VRTX,12/31/06,024344,VERTEX PHARMACEUTICALS INC,92532F100,35,Health Care
A,USD,STD,INDL,C,VRTX,12/31/07,024344,VERTEX PHARMACEUTICALS INC,92532F100,35,Health Care
A,USD,STD,INDL,C,VRTX,12/31/08,024344,VERTEX PHARMACEUTICALS INC,92532F100,35,Health Care
A,USD,STD,INDL,C,VRTX,12/31/09,024344,VERTEX PHARMACEUTICALS INC,92532F100,35,Health Care
A,USD,STD,INDL,C,VRTX,12/31/10,024344,VERTEX PHARMACEUTICALS INC,92532F100,35,Health Care
A,USD,STD,INDL,C,VRTX,12/31/11,024344,VERTEX PHARMACEUTICALS INC,92532F100,35,Health Care
A,USD,STD,INDL,C,VRTX,12/31/12,024344,VERTEX PHARMACEUTICALS INC,92532F100,35,Health Care
A,USD,STD,INDL,C,VRTX,12/31/13,024344,VERTEX PHARMACEUTICALS INC,92532F100,35,Health Care
A,USD,STD,INDL,C,VRTX,12/31/14,024344,VERTEX PHARMACEUTICALS INC,92532F100,35,Health Care
A,USD,STD,INDL,C,VRTX,12/31/15,024344,VERTEX PHARMACEUTICALS INC,92532F100,35,Health Care
A,USD,STD,INDL,C,VRTX,12/31/16,024344,VERTEX PHARMACEUTICALS INC,92532F100,35,Health Care
A,USD,STD,INDL,C,VRTX,12/31/17,024344,VERTEX PHARMACEUTICALS INC,92532F100,35,Health Care
A,USD,STD,INDL,C,VRTX,12/31/18,024344,VERTEX PHARMACEUTICALS INC,92532F100,35,Health Care
A,USD,STD,INDL,C,VRTX,12/31/19,024344,VERTEX PHARMACEUTICALS INC,92532F100,35,Health Care
A,USD,STD,INDL,C,VRTX,12/31/20,024344,VERTEX PHARMACEUTICALS INC,92532F100,35,Health Care
A,USD,STD,INDL,C,VRTX,12/31/21,024344,VERTEX PHARMACEUTICALS INC,92532F100,35,Health Care
A,USD,STD,INDL,C,VRTX,12/31/22,024344,VERTEX PHARMACEUTICALS INC,92532F100,35,Health Care
A,USD,STD,INDL,C,VRTX,12/31/23,024344,VERTEX PHARMACEUTICALS INC,92532F100,35,Health Care
A,USD,STD,INDL,C,VRTX,12/31/24,024344,VERTEX PHARMACEUTICALS INC,92532F100,35,Health Care
A,USD,STD,INDL,C,VRTX,12/31/25,024344,VERTEX PHARMACEUTICALS INC,92532F100,35,Health Care
A,USD,STD,INDL,C,BIIB,12/31/04,024468,BIOGEN INC,09062X103,35,Health Care
A,USD,STD,INDL,C,BIIB,12/31/05,024468,BIOGEN INC,09062X103,35,Health Care
A,USD,STD,INDL,C,BIIB,12/31/06,024468,BIOGEN INC,09062X103,35,Health Care
A,USD,STD,INDL,C,BIIB,12/31/07,024468,BIOGEN INC,09062X103,35,Health Care
A,USD,STD,INDL,C,BIIB,12/31/08,024468,BIOGEN INC,09062X103,35,Health Care
A,USD,STD,INDL,C,BIIB,12/31/09,024468,BIOGEN INC,09062X103,35,Health Care
A,USD,STD,INDL,C,BIIB,12/31/10,024468,BIOGEN INC,09062X103,35,Health Care
A,USD,STD,INDL,C,BIIB,12/31/11,024468,BIOGEN INC,09062X103,35,Health Care
A,USD,STD,INDL,C,BIIB,12/31/12,024468,BIOGEN INC,09062X103,35,Health Care
A,USD,STD,INDL,C,BIIB,12/31/13,024468,BIOGEN INC,09062X103,35,Health Care
A,USD,STD,INDL,C,BIIB,12/31/14,024468,BIOGEN INC,09062X103,35,Health Care
A,USD,STD,INDL,C,BIIB,12/31/15,024468,BIOGEN INC,09062X103,35,Health Care
A,USD,STD,INDL,C,BIIB,12/31/16,024468,BIOGEN INC,09062X103,35,Health Care
A,USD,STD,INDL,C,BIIB,12/31/17,024468,BIOGEN INC,09062X103,35,Health Care
A,USD,STD,INDL,C,BIIB,12/31/18,024468,BIOGEN INC,09062X103,35,Health Care
A,USD,STD,INDL,C,BIIB,12/31/19,024468,BIOGEN INC,09062X103,35,Health Care
A,USD,STD,INDL,C,BIIB,12/31/20,024468,BIOGEN INC,09062X103,35,Health Care
A,USD,STD,INDL,C,BIIB,12/31/21,024468,BIOGEN INC,09062X103,35,Health Care
A,USD,STD,INDL,C,BIIB,12/31/22,024468,BIOGEN INC,09062X103,35,Health Care
A,USD,STD,INDL,C,BIIB,12/31/23,024468,BIOGEN INC,09062X103,35,Health Care
A,USD,STD,INDL,C,BIIB,12/31/24,024468,BIOGEN INC,09062X103,35,Health Care
A,USD,STD,INDL,C,BIIB,12/31/25,024468,BIOGEN INC,09062X103,35,Health Care
I,USD,STD,INDL,C,SEPR,12/31/04,024473,SEPRACOR INC,817315104,35,Health Care
I,USD,STD,INDL,C,SEPR,12/31/05,024473,SEPRACOR INC,817315104,35,Health Care
I,USD,STD,INDL,C,SEPR,12/31/06,024473,SEPRACOR INC,817315104,35,Health Care
I,USD,STD,INDL,C,SEPR,12/31/07,024473,SEPRACOR INC,817315104,35,Health Care
I,USD,STD,INDL,C,SEPR,12/31/08,024473,SEPRACOR INC,817315104,35,Health Care
A,USD,STD,INDL,C,ODFL,12/31/04,024617,OLD DOMINION FREIGHT,679580100,20,Industrials
A,USD,STD,INDL,C,PYPL,12/31/13,024616,PAYPAL HOLDINGS INC,70450Y103,40,Financials
A,USD,STD,INDL,C,PYPL,12/31/14,024616,PAYPAL HOLDINGS INC,70450Y103,40,Financials
A,USD,STD,INDL,C,PYPL,12/31/15,024616,PAYPAL HOLDINGS INC,70450Y103,40,Financials
A,USD,STD,INDL,C,PYPL,12/31/16,024616,PAYPAL HOLDINGS INC,70450Y103,40,Financials
A,USD,STD,INDL,C,PYPL,12/31/17,024616,PAYPAL HOLDINGS INC,70450Y103,40,Financials
A,USD,STD,INDL,C,PYPL,12/31/18,024616,PAYPAL HOLDINGS INC,70450Y103,40,Financials
A,USD,STD,INDL,C,PYPL,12/31/19,024616,PAYPAL HOLDINGS INC,70450Y103,40,Financials
A,USD,STD,INDL,C,PYPL,12/31/20,024616,PAYPAL HOLDINGS INC,70450Y103,40,Financials
A,USD,STD,INDL,C,PYPL,12/31/21,024616,PAYPAL HOLDINGS INC,70450Y103,40,Financials
A,USD,STD,INDL,C,PYPL,12/31/22,024616,PAYPAL HOLDINGS INC,70450Y103,40,Financials
A,USD,STD,INDL,C,PYPL,12/31/23,024616,PAYPAL HOLDINGS INC,70450Y103,40,Financials
A,USD,STD,INDL,C,PYPL,12/31/24,024616,PAYPAL HOLDINGS INC,70450Y103,40,Financials
A,USD,STD,INDL,C,PYPL,12/31/25,024616,PAYPAL HOLDINGS INC,70450Y103,40,Financials
A,USD,STD,INDL,C,ODFL,12/31/05,024617,OLD DOMINION FREIGHT,679580100,20,Industrials
A,USD,STD,INDL,C,ODFL,12/31/06,024617,OLD DOMINION FREIGHT,679580100,20,Industrials
A,USD,STD,INDL,C,ODFL,12/31/07,024617,OLD DOMINION FREIGHT,679580100,20,Industrials
A,USD,STD,INDL,C,ODFL,12/31/08,024617,OLD DOMINION FREIGHT,679580100,20,Industrials
A,USD,STD,INDL,C,ODFL,12/31/09,024617,OLD DOMINION FREIGHT,679580100,20,Industrials
A,USD,STD,INDL,C,ODFL,12/31/10,024617,OLD DOMINION FREIGHT,679580100,20,Industrials
A,USD,STD,INDL,C,ODFL,12/31/11,024617,OLD DOMINION FREIGHT,679580100,20,Industrials
A,USD,STD,INDL,C,ODFL,12/31/12,024617,OLD DOMINION FREIGHT,679580100,20,Industrials
A,USD,STD,INDL,C,ODFL,12/31/13,024617,OLD DOMINION FREIGHT,679580100,20,Industrials
A,USD,STD,INDL,C,ODFL,12/31/14,024617,OLD DOMINION FREIGHT,679580100,20,Industrials
A,USD,STD,INDL,C,ODFL,12/31/15,024617,OLD DOMINION FREIGHT,679580100,20,Industrials
A,USD,STD,INDL,C,ODFL,12/31/16,024617,OLD DOMINION FREIGHT,679580100,20,Industrials
A,USD,STD,INDL,C,ODFL,12/31/17,024617,OLD DOMINION FREIGHT,679580100,20,Industrials
A,USD,STD,INDL,C,ODFL,12/31/18,024617,OLD DOMINION FREIGHT,679580100,20,Industrials
A,USD,STD,INDL,C,ODFL,12/31/19,024617,OLD DOMINION FREIGHT,679580100,20,Industrials
A,USD,STD,INDL,C,ODFL,12/31/20,024617,OLD DOMINION FREIGHT,679580100,20,Industrials
A,USD,STD,INDL,C,ODFL,12/31/21,024617,OLD DOMINION FREIGHT,679580100,20,Industrials
A,USD,STD,INDL,C,ODFL,12/31/22,024617,OLD DOMINION FREIGHT,679580100,20,Industrials
A,USD,STD,INDL,C,ODFL,12/31/23,024617,OLD DOMINION FREIGHT,679580100,20,Industrials
A,USD,STD,INDL,C,ODFL,12/31/24,024617,OLD DOMINION FREIGHT,679580100,20,Industrials
A,USD,STD,INDL,C,ODFL,12/31/25,024617,OLD DOMINION FREIGHT,679580100,20,Industrials
A,USD,STD,INDL,C,LILAK,12/31/15,024724,LIBERTY LATIN AMERICA LTD,G9001E128,50,Communication Services
A,USD,STD,INDL,C,LILAK,12/31/16,024724,LIBERTY LATIN AMERICA LTD,G9001E128,50,Communication Services
A,USD,STD,INDL,C,LILAK,12/31/17,024724,LIBERTY LATIN AMERICA LTD,G9001E128,50,Communication Services
A,USD,STD,INDL,C,LILAK,12/31/18,024724,LIBERTY LATIN AMERICA LTD,G9001E128,50,Communication Services
A,USD,STD,INDL,C,LILAK,12/31/19,024724,LIBERTY LATIN AMERICA LTD,G9001E128,50,Communication Services
A,USD,STD,INDL,C,LILAK,12/31/20,024724,LIBERTY LATIN AMERICA LTD,G9001E128,50,Communication Services
A,USD,STD,INDL,C,LILAK,12/31/21,024724,LIBERTY LATIN AMERICA LTD,G9001E128,50,Communication Services
A,USD,STD,INDL,C,LILAK,12/31/22,024724,LIBERTY LATIN AMERICA LTD,G9001E128,50,Communication Services
A,USD,STD,INDL,C,LILAK,12/31/23,024724,LIBERTY LATIN AMERICA LTD,G9001E128,50,Communication Services
A,USD,STD,INDL,C,LILAK,12/31/24,024724,LIBERTY LATIN AMERICA LTD,G9001E128,50,Communication Services
A,USD,STD,INDL,C,LILAK,12/31/25,024724,LIBERTY LATIN AMERICA LTD,G9001E128,50,Communication Services
A,USD,STD,INDL,C,PRGO,6/30/04,024782,PERRIGO CO PLC,G97822103,35,Health Care
A,USD,STD,INDL,C,PRGO,6/30/05,024782,PERRIGO CO PLC,G97822103,35,Health Care
A,USD,STD,INDL,C,PRGO,6/30/06,024782,PERRIGO CO PLC,G97822103,35,Health Care
A,USD,STD,INDL,C,PRGO,6/30/07,024782,PERRIGO CO PLC,G97822103,35,Health Care
A,USD,STD,INDL,C,PRGO,6/30/08,024782,PERRIGO CO PLC,G97822103,35,Health Care
A,USD,STD,INDL,C,PRGO,6/30/09,024782,PERRIGO CO PLC,G97822103,35,Health Care
A,USD,STD,INDL,C,PRGO,6/30/10,024782,PERRIGO CO PLC,G97822103,35,Health Care
A,USD,STD,INDL,C,PRGO,6/30/11,024782,PERRIGO CO PLC,G97822103,35,Health Care
A,USD,STD,INDL,C,PRGO,6/30/12,024782,PERRIGO CO PLC,G97822103,35,Health Care
A,USD,STD,INDL,C,PRGO,6/30/13,024782,PERRIGO CO PLC,G97822103,35,Health Care
A,USD,STD,INDL,C,PRGO,6/30/14,024782,PERRIGO CO PLC,G97822103,35,Health Care
A,USD,STD,INDL,C,PRGO,6/30/15,024782,PERRIGO CO PLC,G97822103,35,Health Care
A,USD,STD,INDL,C,PRGO,12/31/16,024782,PERRIGO CO PLC,G97822103,35,Health Care
A,USD,STD,INDL,C,PRGO,12/31/17,024782,PERRIGO CO PLC,G97822103,35,Health Care
A,USD,STD,INDL,C,PRGO,12/31/18,024782,PERRIGO CO PLC,G97822103,35,Health Care
A,USD,STD,INDL,C,PRGO,12/31/19,024782,PERRIGO CO PLC,G97822103,35,Health Care
A,USD,STD,INDL,C,PRGO,12/31/20,024782,PERRIGO CO PLC,G97822103,35,Health Care
A,USD,STD,INDL,C,PRGO,12/31/21,024782,PERRIGO CO PLC,G97822103,35,Health Care
A,USD,STD,INDL,C,PRGO,12/31/22,024782,PERRIGO CO PLC,G97822103,35,Health Care
A,USD,STD,INDL,C,PRGO,12/31/23,024782,PERRIGO CO PLC,G97822103,35,Health Care
A,USD,STD,INDL,C,PRGO,12/31/24,024782,PERRIGO CO PLC,G97822103,35,Health Care
A,USD,STD,INDL,C,PRGO,12/31/25,024782,PERRIGO CO PLC,G97822103,35,Health Care
A,USD,STD,INDL,C,QCOM,9/30/04,024800,QUALCOMM INC,747525103,45,Information Technology
A,USD,STD,INDL,C,QCOM,9/30/05,024800,QUALCOMM INC,747525103,45,Information Technology
A,USD,STD,INDL,C,QCOM,9/30/06,024800,QUALCOMM INC,747525103,45,Information Technology
A,USD,STD,INDL,C,QCOM,9/30/07,024800,QUALCOMM INC,747525103,45,Information Technology
A,USD,STD,INDL,C,QCOM,9/30/08,024800,QUALCOMM INC,747525103,45,Information Technology
A,USD,STD,INDL,C,QCOM,9/30/09,024800,QUALCOMM INC,747525103,45,Information Technology
A,USD,STD,INDL,C,QCOM,9/30/10,024800,QUALCOMM INC,747525103,45,Information Technology
A,USD,STD,INDL,C,QCOM,9/30/11,024800,QUALCOMM INC,747525103,45,Information Technology
A,USD,STD,INDL,C,QCOM,9/30/12,024800,QUALCOMM INC,747525103,45,Information Technology
A,USD,STD,INDL,C,QCOM,9/30/13,024800,QUALCOMM INC,747525103,45,Information Technology
A,USD,STD,INDL,C,QCOM,9/30/14,024800,QUALCOMM INC,747525103,45,Information Technology
A,USD,STD,INDL,C,QCOM,9/30/15,024800,QUALCOMM INC,747525103,45,Information Technology
A,USD,STD,INDL,C,QCOM,9/30/16,024800,QUALCOMM INC,747525103,45,Information Technology
A,USD,STD,INDL,C,QCOM,9/30/17,024800,QUALCOMM INC,747525103,45,Information Technology
A,USD,STD,INDL,C,QCOM,9/30/18,024800,QUALCOMM INC,747525103,45,Information Technology
A,USD,STD,INDL,C,QCOM,9/30/19,024800,QUALCOMM INC,747525103,45,Information Technology
A,USD,STD,INDL,C,QCOM,9/30/20,024800,QUALCOMM INC,747525103,45,Information Technology
A,USD,STD,INDL,C,QCOM,9/30/21,024800,QUALCOMM INC,747525103,45,Information Technology
A,USD,STD,INDL,C,QCOM,9/30/22,024800,QUALCOMM INC,747525103,45,Information Technology
A,USD,STD,INDL,C,QCOM,9/30/23,024800,QUALCOMM INC,747525103,45,Information Technology
A,USD,STD,INDL,C,QCOM,9/30/24,024800,QUALCOMM INC,747525103,45,Information Technology
A,USD,STD,INDL,C,QCOM,9/30/25,024800,QUALCOMM INC,747525103,45,Information Technology
I,USD,STD,INDL,C,AMLN,12/31/04,024843,AMYLIN PHARMACEUTICALS INC,032346108,35,Health Care
I,USD,STD,INDL,C,AMLN,12/31/05,024843,AMYLIN PHARMACEUTICALS INC,032346108,35,Health Care
I,USD,STD,INDL,C,AMLN,12/31/06,024843,AMYLIN PHARMACEUTICALS INC,032346108,35,Health Care
I,USD,STD,INDL,C,AMLN,12/31/07,024843,AMYLIN PHARMACEUTICALS INC,032346108,35,Health Care
I,USD,STD,INDL,C,AMLN,12/31/08,024843,AMYLIN PHARMACEUTICALS INC,032346108,35,Health Care
I,USD,STD,INDL,C,AMLN,12/31/09,024843,AMYLIN PHARMACEUTICALS INC,032346108,35,Health Care
I,USD,STD,INDL,C,AMLN,12/31/10,024843,AMYLIN PHARMACEUTICALS INC,032346108,35,Health Care
I,USD,STD,INDL,C,AMLN,12/31/11,024843,AMYLIN PHARMACEUTICALS INC,032346108,35,Health Care
A,USD,STD,INDL,C,GILD,12/31/04,024856,GILEAD SCIENCES INC,375558103,35,Health Care
A,USD,STD,INDL,C,GILD,12/31/05,024856,GILEAD SCIENCES INC,375558103,35,Health Care
A,USD,STD,INDL,C,GILD,12/31/06,024856,GILEAD SCIENCES INC,375558103,35,Health Care
A,USD,STD,INDL,C,GILD,12/31/07,024856,GILEAD SCIENCES INC,375558103,35,Health Care
A,USD,STD,INDL,C,GILD,12/31/08,024856,GILEAD SCIENCES INC,375558103,35,Health Care
A,USD,STD,INDL,C,GILD,12/31/09,024856,GILEAD SCIENCES INC,375558103,35,Health Care
A,USD,STD,INDL,C,GILD,12/31/10,024856,GILEAD SCIENCES INC,375558103,35,Health Care
A,USD,STD,INDL,C,GILD,12/31/11,024856,GILEAD SCIENCES INC,375558103,35,Health Care
A,USD,STD,INDL,C,GILD,12/31/12,024856,GILEAD SCIENCES INC,375558103,35,Health Care
A,USD,STD,INDL,C,GILD,12/31/13,024856,GILEAD SCIENCES INC,375558103,35,Health Care
A,USD,STD,INDL,C,GILD,12/31/14,024856,GILEAD SCIENCES INC,375558103,35,Health Care
A,USD,STD,INDL,C,GILD,12/31/15,024856,GILEAD SCIENCES INC,375558103,35,Health Care
A,USD,STD,INDL,C,GILD,12/31/16,024856,GILEAD SCIENCES INC,375558103,35,Health Care
A,USD,STD,INDL,C,GILD,12/31/17,024856,GILEAD SCIENCES INC,375558103,35,Health Care
A,USD,STD,INDL,C,GILD,12/31/18,024856,GILEAD SCIENCES INC,375558103,35,Health Care
A,USD,STD,INDL,C,GILD,12/31/19,024856,GILEAD SCIENCES INC,375558103,35,Health Care
A,USD,STD,INDL,C,GILD,12/31/20,024856,GILEAD SCIENCES INC,375558103,35,Health Care
A,USD,STD,INDL,C,GILD,12/31/21,024856,GILEAD SCIENCES INC,375558103,35,Health Care
A,USD,STD,INDL,C,GILD,12/31/22,024856,GILEAD SCIENCES INC,375558103,35,Health Care
A,USD,STD,INDL,C,GILD,12/31/23,024856,GILEAD SCIENCES INC,375558103,35,Health Care
A,USD,STD,INDL,C,GILD,12/31/24,024856,GILEAD SCIENCES INC,375558103,35,Health Care
A,USD,STD,INDL,C,GILD,12/31/25,024856,GILEAD SCIENCES INC,375558103,35,Health Care
I,USD,STD,INDL,C,NXTL,12/31/04,024870,NEXTEL COMMUNICATIONS INC,65332V103,50,Communication Services
I,USD,STD,INDL,C,WFM,9/30/04,024893,WHOLE FOODS MARKET INC,966837106,30,Consumer Staples
I,USD,STD,INDL,C,WFM,9/30/05,024893,WHOLE FOODS MARKET INC,966837106,30,Consumer Staples
I,USD,STD,INDL,C,WFM,9/30/06,024893,WHOLE FOODS MARKET INC,966837106,30,Consumer Staples
I,USD,STD,INDL,C,WFM,9/30/07,024893,WHOLE FOODS MARKET INC,966837106,30,Consumer Staples
I,USD,STD,INDL,C,WFM,9/30/08,024893,WHOLE FOODS MARKET INC,966837106,30,Consumer Staples
I,USD,STD,INDL,C,WFM,9/30/09,024893,WHOLE FOODS MARKET INC,966837106,30,Consumer Staples
I,USD,STD,INDL,C,WFM,9/30/10,024893,WHOLE FOODS MARKET INC,966837106,30,Consumer Staples
I,USD,STD,INDL,C,WFM,9/30/11,024893,WHOLE FOODS MARKET INC,966837106,30,Consumer Staples
I,USD,STD,INDL,C,WFM,9/30/12,024893,WHOLE FOODS MARKET INC,966837106,30,Consumer Staples
I,USD,STD,INDL,C,WFM,9/30/13,024893,WHOLE FOODS MARKET INC,966837106,30,Consumer Staples
I,USD,STD,INDL,C,WFM,9/30/14,024893,WHOLE FOODS MARKET INC,966837106,30,Consumer Staples
I,USD,STD,INDL,C,WFM,9/30/15,024893,WHOLE FOODS MARKET INC,966837106,30,Consumer Staples
I,USD,STD,INDL,C,WFM,9/30/16,024893,WHOLE FOODS MARKET INC,966837106,30,Consumer Staples
A,USD,STD,INDL,C,ROP,12/31/04,024925,ROPER TECHNOLOGIES INC,776696106,45,Information Technology
A,USD,STD,INDL,C,ROP,12/31/05,024925,ROPER TECHNOLOGIES INC,776696106,45,Information Technology
A,USD,STD,INDL,C,ROP,12/31/06,024925,ROPER TECHNOLOGIES INC,776696106,45,Information Technology
A,USD,STD,INDL,C,ROP,12/31/07,024925,ROPER TECHNOLOGIES INC,776696106,45,Information Technology
A,USD,STD,INDL,C,ROP,12/31/08,024925,ROPER TECHNOLOGIES INC,776696106,45,Information Technology
A,USD,STD,INDL,C,ROP,12/31/09,024925,ROPER TECHNOLOGIES INC,776696106,45,Information Technology
A,USD,STD,INDL,C,ROP,12/31/10,024925,ROPER TECHNOLOGIES INC,776696106,45,Information Technology
A,USD,STD,INDL,C,ROP,12/31/11,024925,ROPER TECHNOLOGIES INC,776696106,45,Information Technology
A,USD,STD,INDL,C,ROP,12/31/12,024925,ROPER TECHNOLOGIES INC,776696106,45,Information Technology
A,USD,STD,INDL,C,ROP,12/31/13,024925,ROPER TECHNOLOGIES INC,776696106,45,Information Technology
A,USD,STD,INDL,C,ROP,12/31/14,024925,ROPER TECHNOLOGIES INC,776696106,45,Information Technology
A,USD,STD,INDL,C,ROP,12/31/15,024925,ROPER TECHNOLOGIES INC,776696106,45,Information Technology
A,USD,STD,INDL,C,ROP,12/31/16,024925,ROPER TECHNOLOGIES INC,776696106,45,Information Technology
A,USD,STD,INDL,C,ROP,12/31/17,024925,ROPER TECHNOLOGIES INC,776696106,45,Information Technology
A,USD,STD,INDL,C,ROP,12/31/18,024925,ROPER TECHNOLOGIES INC,776696106,45,Information Technology
A,USD,STD,INDL,C,ROP,12/31/19,024925,ROPER TECHNOLOGIES INC,776696106,45,Information Technology
A,USD,STD,INDL,C,ROP,12/31/20,024925,ROPER TECHNOLOGIES INC,776696106,45,Information Technology
A,USD,STD,INDL,C,ROP,12/31/21,024925,ROPER TECHNOLOGIES INC,776696106,45,Information Technology
A,USD,STD,INDL,C,ROP,12/31/22,024925,ROPER TECHNOLOGIES INC,776696106,45,Information Technology
A,USD,STD,INDL,C,ROP,12/31/23,024925,ROPER TECHNOLOGIES INC,776696106,45,Information Technology
A,USD,STD,INDL,C,ROP,12/31/24,024925,ROPER TECHNOLOGIES INC,776696106,45,Information Technology
A,USD,STD,INDL,C,ROP,12/31/25,024925,ROPER TECHNOLOGIES INC,776696106,45,Information Technology
A,USD,STD,INDL,C,SNPS,10/31/04,024975,SYNOPSYS INC,871607107,45,Information Technology
A,USD,STD,INDL,C,SNPS,10/31/05,024975,SYNOPSYS INC,871607107,45,Information Technology
A,USD,STD,INDL,C,SNPS,10/31/06,024975,SYNOPSYS INC,871607107,45,Information Technology
A,USD,STD,INDL,C,SNPS,10/31/07,024975,SYNOPSYS INC,871607107,45,Information Technology
A,USD,STD,INDL,C,SNPS,10/31/08,024975,SYNOPSYS INC,871607107,45,Information Technology
A,USD,STD,INDL,C,SNPS,10/31/09,024975,SYNOPSYS INC,871607107,45,Information Technology
A,USD,STD,INDL,C,SNPS,10/31/10,024975,SYNOPSYS INC,871607107,45,Information Technology
A,USD,STD,INDL,C,SNPS,10/31/11,024975,SYNOPSYS INC,871607107,45,Information Technology
A,USD,STD,INDL,C,SNPS,10/31/12,024975,SYNOPSYS INC,871607107,45,Information Technology
A,USD,STD,INDL,C,SNPS,10/31/13,024975,SYNOPSYS INC,871607107,45,Information Technology
A,USD,STD,INDL,C,SNPS,10/31/14,024975,SYNOPSYS INC,871607107,45,Information Technology
A,USD,STD,INDL,C,SNPS,10/31/15,024975,SYNOPSYS INC,871607107,45,Information Technology
A,USD,STD,INDL,C,SNPS,10/31/16,024975,SYNOPSYS INC,871607107,45,Information Technology
A,USD,STD,INDL,C,SNPS,10/31/17,024975,SYNOPSYS INC,871607107,45,Information Technology
A,USD,STD,INDL,C,SNPS,10/31/18,024975,SYNOPSYS INC,871607107,45,Information Technology
A,USD,STD,INDL,C,SNPS,10/31/19,024975,SYNOPSYS INC,871607107,45,Information Technology
A,USD,STD,INDL,C,SNPS,10/31/20,024975,SYNOPSYS INC,871607107,45,Information Technology
A,USD,STD,INDL,C,SNPS,10/31/21,024975,SYNOPSYS INC,871607107,45,Information Technology
A,USD,STD,INDL,C,SNPS,10/31/22,024975,SYNOPSYS INC,871607107,45,Information Technology
A,USD,STD,INDL,C,SNPS,10/31/23,024975,SYNOPSYS INC,871607107,45,Information Technology
A,USD,STD,INDL,C,SNPS,10/31/24,024975,SYNOPSYS INC,871607107,45,Information Technology
A,USD,STD,INDL,C,SNPS,10/31/25,024975,SYNOPSYS INC,871607107,45,Information Technology
A,USD,STD,INDL,C,VRTS,12/31/04,025030,VIRTUS INVESTMENT PTNRS INC,92828Q109,40,Financials
A,USD,STD,INDL,C,VRTS,12/31/05,025030,VIRTUS INVESTMENT PTNRS INC,92828Q109,40,Financials
A,USD,STD,INDL,C,VRTS,12/31/06,025030,VIRTUS INVESTMENT PTNRS INC,92828Q109,40,Financials
A,USD,STD,FS,C,VRTS,12/31/07,025030,VIRTUS INVESTMENT PTNRS INC,92828Q109,40,Financials
A,USD,STD,INDL,C,VRTS,12/31/07,025030,VIRTUS INVESTMENT PTNRS INC,92828Q109,40,Financials
A,USD,STD,FS,C,VRTS,12/31/08,025030,VIRTUS INVESTMENT PTNRS INC,92828Q109,40,Financials
A,USD,STD,INDL,C,VRTS,12/31/08,025030,VIRTUS INVESTMENT PTNRS INC,92828Q109,40,Financials
A,USD,STD,FS,C,VRTS,12/31/09,025030,VIRTUS INVESTMENT PTNRS INC,92828Q109,40,Financials
A,USD,STD,INDL,C,VRTS,12/31/09,025030,VIRTUS INVESTMENT PTNRS INC,92828Q109,40,Financials
A,USD,STD,FS,C,VRTS,12/31/10,025030,VIRTUS INVESTMENT PTNRS INC,92828Q109,40,Financials
A,USD,STD,INDL,C,VRTS,12/31/10,025030,VIRTUS INVESTMENT PTNRS INC,92828Q109,40,Financials
A,USD,STD,FS,C,VRTS,12/31/11,025030,VIRTUS INVESTMENT PTNRS INC,92828Q109,40,Financials
A,USD,STD,INDL,C,VRTS,12/31/11,025030,VIRTUS INVESTMENT PTNRS INC,92828Q109,40,Financials
A,USD,STD,FS,C,VRTS,12/31/12,025030,VIRTUS INVESTMENT PTNRS INC,92828Q109,40,Financials
A,USD,STD,INDL,C,VRTS,12/31/12,025030,VIRTUS INVESTMENT PTNRS INC,92828Q109,40,Financials
A,USD,STD,FS,C,VRTS,12/31/13,025030,VIRTUS INVESTMENT PTNRS INC,92828Q109,40,Financials
A,USD,STD,INDL,C,VRTS,12/31/13,025030,VIRTUS INVESTMENT PTNRS INC,92828Q109,40,Financials
A,USD,STD,FS,C,VRTS,12/31/14,025030,VIRTUS INVESTMENT PTNRS INC,92828Q109,40,Financials
A,USD,STD,INDL,C,VRTS,12/31/14,025030,VIRTUS INVESTMENT PTNRS INC,92828Q109,40,Financials
A,USD,STD,FS,C,VRTS,12/31/15,025030,VIRTUS INVESTMENT PTNRS INC,92828Q109,40,Financials
A,USD,STD,INDL,C,VRTS,12/31/15,025030,VIRTUS INVESTMENT PTNRS INC,92828Q109,40,Financials
A,USD,STD,FS,C,VRTS,12/31/16,025030,VIRTUS INVESTMENT PTNRS INC,92828Q109,40,Financials
A,USD,STD,INDL,C,VRTS,12/31/16,025030,VIRTUS INVESTMENT PTNRS INC,92828Q109,40,Financials
A,USD,STD,FS,C,VRTS,12/31/17,025030,VIRTUS INVESTMENT PTNRS INC,92828Q109,40,Financials
A,USD,STD,INDL,C,VRTS,12/31/17,025030,VIRTUS INVESTMENT PTNRS INC,92828Q109,40,Financials
A,USD,STD,FS,C,VRTS,12/31/18,025030,VIRTUS INVESTMENT PTNRS INC,92828Q109,40,Financials
A,USD,STD,INDL,C,VRTS,12/31/18,025030,VIRTUS INVESTMENT PTNRS INC,92828Q109,40,Financials
A,USD,STD,FS,C,VRTS,12/31/19,025030,VIRTUS INVESTMENT PTNRS INC,92828Q109,40,Financials
A,USD,STD,INDL,C,VRTS,12/31/19,025030,VIRTUS INVESTMENT PTNRS INC,92828Q109,40,Financials
A,USD,STD,FS,C,VRTS,12/31/20,025030,VIRTUS INVESTMENT PTNRS INC,92828Q109,40,Financials
A,USD,STD,INDL,C,VRTS,12/31/20,025030,VIRTUS INVESTMENT PTNRS INC,92828Q109,40,Financials
A,USD,STD,FS,C,VRTS,12/31/21,025030,VIRTUS INVESTMENT PTNRS INC,92828Q109,40,Financials
A,USD,STD,INDL,C,VRTS,12/31/21,025030,VIRTUS INVESTMENT PTNRS INC,92828Q109,40,Financials
A,USD,STD,FS,C,VRTS,12/31/22,025030,VIRTUS INVESTMENT PTNRS INC,92828Q109,40,Financials
A,USD,STD,INDL,C,VRTS,12/31/22,025030,VIRTUS INVESTMENT PTNRS INC,92828Q109,40,Financials
A,USD,STD,FS,C,VRTS,12/31/23,025030,VIRTUS INVESTMENT PTNRS INC,92828Q109,40,Financials
A,USD,STD,INDL,C,VRTS,12/31/23,025030,VIRTUS INVESTMENT PTNRS INC,92828Q109,40,Financials
A,USD,STD,FS,C,VRTS,12/31/24,025030,VIRTUS INVESTMENT PTNRS INC,92828Q109,40,Financials
A,USD,STD,INDL,C,VRTS,12/31/24,025030,VIRTUS INVESTMENT PTNRS INC,92828Q109,40,Financials
I,USD,STD,INDL,C,LNCR,12/31/04,025062,LINCARE HOLDINGS INC,532791100,35,Health Care
I,USD,STD,INDL,C,LNCR,12/31/05,025062,LINCARE HOLDINGS INC,532791100,35,Health Care
I,USD,STD,INDL,C,LNCR,12/31/06,025062,LINCARE HOLDINGS INC,532791100,35,Health Care
I,USD,STD,INDL,C,LNCR,12/31/07,025062,LINCARE HOLDINGS INC,532791100,35,Health Care
I,USD,STD,INDL,C,LNCR,12/31/08,025062,LINCARE HOLDINGS INC,532791100,35,Health Care
I,USD,STD,INDL,C,LNCR,12/31/09,025062,LINCARE HOLDINGS INC,532791100,35,Health Care
I,USD,STD,INDL,C,LNCR,12/31/10,025062,LINCARE HOLDINGS INC,532791100,35,Health Care
I,USD,STD,INDL,C,LNCR,12/31/11,025062,LINCARE HOLDINGS INC,532791100,35,Health Care
A,USD,STD,INDL,C,LIN,12/31/04,025124,LINDE PLC,G54950103,15,Materials
A,USD,STD,INDL,C,LIN,12/31/05,025124,LINDE PLC,G54950103,15,Materials
A,USD,STD,INDL,C,LIN,12/31/06,025124,LINDE PLC,G54950103,15,Materials
A,USD,STD,INDL,C,LIN,12/31/07,025124,LINDE PLC,G54950103,15,Materials
A,USD,STD,INDL,C,LIN,12/31/08,025124,LINDE PLC,G54950103,15,Materials
A,USD,STD,INDL,C,LIN,12/31/09,025124,LINDE PLC,G54950103,15,Materials
A,USD,STD,INDL,C,LIN,12/31/10,025124,LINDE PLC,G54950103,15,Materials
A,USD,STD,INDL,C,LIN,12/31/11,025124,LINDE PLC,G54950103,15,Materials
A,USD,STD,INDL,C,LIN,12/31/12,025124,LINDE PLC,G54950103,15,Materials
A,USD,STD,INDL,C,LIN,12/31/13,025124,LINDE PLC,G54950103,15,Materials
A,USD,STD,INDL,C,LIN,12/31/14,025124,LINDE PLC,G54950103,15,Materials
A,USD,STD,INDL,C,LIN,12/31/15,025124,LINDE PLC,G54950103,15,Materials
A,USD,STD,INDL,C,LIN,12/31/16,025124,LINDE PLC,G54950103,15,Materials
A,USD,STD,INDL,C,LIN,12/31/17,025124,LINDE PLC,G54950103,15,Materials
A,USD,STD,INDL,C,LIN,12/31/18,025124,LINDE PLC,G54950103,15,Materials
A,USD,STD,INDL,C,LIN,12/31/19,025124,LINDE PLC,G54950103,15,Materials
A,USD,STD,INDL,C,LIN,12/31/20,025124,LINDE PLC,G54950103,15,Materials
A,USD,STD,INDL,C,LIN,12/31/21,025124,LINDE PLC,G54950103,15,Materials
A,USD,STD,INDL,C,LIN,12/31/22,025124,LINDE PLC,G54950103,15,Materials
A,USD,STD,INDL,C,LIN,12/31/23,025124,LINDE PLC,G54950103,15,Materials
A,USD,STD,INDL,C,LIN,12/31/24,025124,LINDE PLC,G54950103,15,Materials
A,USD,STD,INDL,C,LIN,12/31/25,025124,LINDE PLC,G54950103,15,Materials
I,USD,STD,INDL,C,ESRX,12/31/04,025356,EXPRESS SCRIPTS HOLDING CO,30219G108,35,Health Care
I,USD,STD,INDL,C,ESRX,12/31/05,025356,EXPRESS SCRIPTS HOLDING CO,30219G108,35,Health Care
I,USD,STD,INDL,C,ESRX,12/31/06,025356,EXPRESS SCRIPTS HOLDING CO,30219G108,35,Health Care
I,USD,STD,INDL,C,ESRX,12/31/07,025356,EXPRESS SCRIPTS HOLDING CO,30219G108,35,Health Care
I,USD,STD,INDL,C,ESRX,12/31/08,025356,EXPRESS SCRIPTS HOLDING CO,30219G108,35,Health Care
I,USD,STD,INDL,C,ESRX,12/31/09,025356,EXPRESS SCRIPTS HOLDING CO,30219G108,35,Health Care
I,USD,STD,INDL,C,ESRX,12/31/10,025356,EXPRESS SCRIPTS HOLDING CO,30219G108,35,Health Care
I,USD,STD,INDL,C,ESRX,12/31/11,025356,EXPRESS SCRIPTS HOLDING CO,30219G108,35,Health Care
I,USD,STD,INDL,C,ESRX,12/31/12,025356,EXPRESS SCRIPTS HOLDING CO,30219G108,35,Health Care
I,USD,STD,INDL,C,ESRX,12/31/13,025356,EXPRESS SCRIPTS HOLDING CO,30219G108,35,Health Care
I,USD,STD,INDL,C,ESRX,12/31/14,025356,EXPRESS SCRIPTS HOLDING CO,30219G108,35,Health Care
I,USD,STD,INDL,C,ESRX,12/31/15,025356,EXPRESS SCRIPTS HOLDING CO,30219G108,35,Health Care
I,USD,STD,INDL,C,ESRX,12/31/16,025356,EXPRESS SCRIPTS HOLDING CO,30219G108,35,Health Care
I,USD,STD,INDL,C,ESRX,12/31/17,025356,EXPRESS SCRIPTS HOLDING CO,30219G108,35,Health Care
A,USD,STD,INDL,C,SBUX,9/30/04,025434,STARBUCKS CORP,855244109,25,Consumer Discretionary
A,USD,STD,INDL,C,SBUX,9/30/05,025434,STARBUCKS CORP,855244109,25,Consumer Discretionary
A,USD,STD,INDL,C,SBUX,9/30/06,025434,STARBUCKS CORP,855244109,25,Consumer Discretionary
A,USD,STD,INDL,C,SBUX,9/30/07,025434,STARBUCKS CORP,855244109,25,Consumer Discretionary
A,USD,STD,INDL,C,SBUX,9/30/08,025434,STARBUCKS CORP,855244109,25,Consumer Discretionary
A,USD,STD,INDL,C,SBUX,9/30/09,025434,STARBUCKS CORP,855244109,25,Consumer Discretionary
A,USD,STD,INDL,C,SBUX,9/30/10,025434,STARBUCKS CORP,855244109,25,Consumer Discretionary
A,USD,STD,INDL,C,SBUX,9/30/11,025434,STARBUCKS CORP,855244109,25,Consumer Discretionary
A,USD,STD,INDL,C,SBUX,9/30/12,025434,STARBUCKS CORP,855244109,25,Consumer Discretionary
A,USD,STD,INDL,C,SBUX,9/30/13,025434,STARBUCKS CORP,855244109,25,Consumer Discretionary
A,USD,STD,INDL,C,SBUX,9/30/14,025434,STARBUCKS CORP,855244109,25,Consumer Discretionary
A,USD,STD,INDL,C,SBUX,9/30/15,025434,STARBUCKS CORP,855244109,25,Consumer Discretionary
A,USD,STD,INDL,C,SBUX,9/30/16,025434,STARBUCKS CORP,855244109,25,Consumer Discretionary
A,USD,STD,INDL,C,SBUX,9/30/17,025434,STARBUCKS CORP,855244109,25,Consumer Discretionary
A,USD,STD,INDL,C,SBUX,9/30/18,025434,STARBUCKS CORP,855244109,25,Consumer Discretionary
A,USD,STD,INDL,C,SBUX,9/30/19,025434,STARBUCKS CORP,855244109,25,Consumer Discretionary
A,USD,STD,INDL,C,SBUX,9/30/20,025434,STARBUCKS CORP,855244109,25,Consumer Discretionary
A,USD,STD,INDL,C,SBUX,9/30/21,025434,STARBUCKS CORP,855244109,25,Consumer Discretionary
A,USD,STD,INDL,C,SBUX,9/30/22,025434,STARBUCKS CORP,855244109,25,Consumer Discretionary
A,USD,STD,INDL,C,SBUX,9/30/23,025434,STARBUCKS CORP,855244109,25,Consumer Discretionary
A,USD,STD,INDL,C,SBUX,9/30/24,025434,STARBUCKS CORP,855244109,25,Consumer Discretionary
A,USD,STD,INDL,C,SBUX,9/30/25,025434,STARBUCKS CORP,855244109,25,Consumer Discretionary
I,USD,STD,INDL,C,PDCO,4/30/04,025880,PATTERSON COS INC,703395103,35,Health Care
I,USD,STD,INDL,C,PDCO,4/30/05,025880,PATTERSON COS INC,703395103,35,Health Care
I,USD,STD,INDL,C,PDCO,4/30/06,025880,PATTERSON COS INC,703395103,35,Health Care
I,USD,STD,INDL,C,PDCO,4/30/07,025880,PATTERSON COS INC,703395103,35,Health Care
I,USD,STD,INDL,C,PDCO,4/30/08,025880,PATTERSON COS INC,703395103,35,Health Care
I,USD,STD,INDL,C,PDCO,4/30/09,025880,PATTERSON COS INC,703395103,35,Health Care
I,USD,STD,INDL,C,PDCO,4/30/10,025880,PATTERSON COS INC,703395103,35,Health Care
I,USD,STD,INDL,C,PDCO,4/30/11,025880,PATTERSON COS INC,703395103,35,Health Care
I,USD,STD,INDL,C,PDCO,4/30/12,025880,PATTERSON COS INC,703395103,35,Health Care
I,USD,STD,INDL,C,PDCO,4/30/13,025880,PATTERSON COS INC,703395103,35,Health Care
I,USD,STD,INDL,C,PDCO,4/30/14,025880,PATTERSON COS INC,703395103,35,Health Care
I,USD,STD,INDL,C,PDCO,4/30/15,025880,PATTERSON COS INC,703395103,35,Health Care
I,USD,STD,INDL,C,PDCO,4/30/16,025880,PATTERSON COS INC,703395103,35,Health Care
I,USD,STD,INDL,C,PDCO,4/30/17,025880,PATTERSON COS INC,703395103,35,Health Care
I,USD,STD,INDL,C,PDCO,4/30/18,025880,PATTERSON COS INC,703395103,35,Health Care
I,USD,STD,INDL,C,PDCO,4/30/19,025880,PATTERSON COS INC,703395103,35,Health Care
I,USD,STD,INDL,C,PDCO,4/30/20,025880,PATTERSON COS INC,703395103,35,Health Care
I,USD,STD,INDL,C,PDCO,4/30/21,025880,PATTERSON COS INC,703395103,35,Health Care
I,USD,STD,INDL,C,PDCO,4/30/22,025880,PATTERSON COS INC,703395103,35,Health Care
I,USD,STD,INDL,C,PDCO,4/30/23,025880,PATTERSON COS INC,703395103,35,Health Care
I,USD,STD,INDL,C,PDCO,4/30/24,025880,PATTERSON COS INC,703395103,35,Health Care
A,USD,STD,INDL,C,MTCH,12/31/04,026061,MATCH GROUP INC,57667L107,50,Communication Services
A,USD,STD,INDL,C,MTCH,12/31/05,026061,MATCH GROUP INC,57667L107,50,Communication Services
A,USD,STD,INDL,C,MTCH,12/31/06,026061,MATCH GROUP INC,57667L107,50,Communication Services
A,USD,STD,INDL,C,MTCH,12/31/07,026061,MATCH GROUP INC,57667L107,50,Communication Services
A,USD,STD,INDL,C,MTCH,12/31/08,026061,MATCH GROUP INC,57667L107,50,Communication Services
A,USD,STD,INDL,C,MTCH,12/31/09,026061,MATCH GROUP INC,57667L107,50,Communication Services
A,USD,STD,INDL,C,MTCH,12/31/10,026061,MATCH GROUP INC,57667L107,50,Communication Services
A,USD,STD,INDL,C,MTCH,12/31/11,026061,MATCH GROUP INC,57667L107,50,Communication Services
A,USD,STD,INDL,C,MTCH,12/31/12,026061,MATCH GROUP INC,57667L107,50,Communication Services
A,USD,STD,INDL,C,MTCH,12/31/13,026061,MATCH GROUP INC,57667L107,50,Communication Services
A,USD,STD,INDL,C,MTCH,12/31/14,026061,MATCH GROUP INC,57667L107,50,Communication Services
A,USD,STD,INDL,C,MTCH,12/31/15,026061,MATCH GROUP INC,57667L107,50,Communication Services
A,USD,STD,INDL,C,MTCH,12/31/16,026061,MATCH GROUP INC,57667L107,50,Communication Services
A,USD,STD,INDL,C,MTCH,12/31/17,026061,MATCH GROUP INC,57667L107,50,Communication Services
A,USD,STD,INDL,C,MTCH,12/31/18,026061,MATCH GROUP INC,57667L107,50,Communication Services
A,USD,STD,INDL,C,MTCH,12/31/19,026061,MATCH GROUP INC,57667L107,50,Communication Services
A,USD,STD,INDL,C,MTCH,12/31/20,026061,MATCH GROUP INC,57667L107,50,Communication Services
A,USD,STD,INDL,C,MTCH,12/31/21,026061,MATCH GROUP INC,57667L107,50,Communication Services
A,USD,STD,INDL,C,MTCH,12/31/22,026061,MATCH GROUP INC,57667L107,50,Communication Services
A,USD,STD,INDL,C,MTCH,12/31/23,026061,MATCH GROUP INC,57667L107,50,Communication Services
A,USD,STD,INDL,C,MTCH,12/31/24,026061,MATCH GROUP INC,57667L107,50,Communication Services
A,USD,STD,INDL,C,MTCH,12/31/25,026061,MATCH GROUP INC,57667L107,50,Communication Services
A,USD,STD,INDL,C,TEAM,6/30/14,026494,ATLASSIAN CORP,049468101,45,Information Technology
A,USD,STD,INDL,C,TEAM,6/30/15,026494,ATLASSIAN CORP,049468101,45,Information Technology
A,USD,STD,INDL,C,TEAM,6/30/16,026494,ATLASSIAN CORP,049468101,45,Information Technology
A,USD,STD,INDL,C,TEAM,6/30/17,026494,ATLASSIAN CORP,049468101,45,Information Technology
A,USD,STD,INDL,C,TEAM,6/30/18,026494,ATLASSIAN CORP,049468101,45,Information Technology
A,USD,STD,INDL,C,TEAM,6/30/19,026494,ATLASSIAN CORP,049468101,45,Information Technology
A,USD,STD,INDL,C,TEAM,6/30/20,026494,ATLASSIAN CORP,049468101,45,Information Technology
A,USD,STD,INDL,C,TEAM,6/30/21,026494,ATLASSIAN CORP,049468101,45,Information Technology
A,USD,STD,INDL,C,TEAM,6/30/22,026494,ATLASSIAN CORP,049468101,45,Information Technology
A,USD,STD,INDL,C,TEAM,6/30/23,026494,ATLASSIAN CORP,049468101,45,Information Technology
A,USD,STD,INDL,C,TEAM,6/30/24,026494,ATLASSIAN CORP,049468101,45,Information Technology
A,USD,STD,INDL,C,TEAM,6/30/25,026494,ATLASSIAN CORP,049468101,45,Information Technology
A,USD,STD,INDL,C,TTD,12/31/14,027885,TRADE DESK INC,88339J105,50,Communication Services
A,USD,STD,INDL,C,TTD,12/31/15,027885,TRADE DESK INC,88339J105,50,Communication Services
A,USD,STD,INDL,C,TTD,12/31/16,027885,TRADE DESK INC,88339J105,50,Communication Services
A,USD,STD,INDL,C,TTD,12/31/17,027885,TRADE DESK INC,88339J105,50,Communication Services
A,USD,STD,INDL,C,TTD,12/31/18,027885,TRADE DESK INC,88339J105,50,Communication Services
A,USD,STD,INDL,C,TTD,12/31/19,027885,TRADE DESK INC,88339J105,50,Communication Services
A,USD,STD,INDL,C,TTD,12/31/20,027885,TRADE DESK INC,88339J105,50,Communication Services
A,USD,STD,INDL,C,TTD,12/31/21,027885,TRADE DESK INC,88339J105,50,Communication Services
A,USD,STD,INDL,C,TTD,12/31/22,027885,TRADE DESK INC,88339J105,50,Communication Services
A,USD,STD,INDL,C,TTD,12/31/23,027885,TRADE DESK INC,88339J105,50,Communication Services
A,USD,STD,INDL,C,TTD,12/31/24,027885,TRADE DESK INC,88339J105,50,Communication Services
A,USD,STD,INDL,C,TTD,12/31/25,027885,TRADE DESK INC,88339J105,50,Communication Services
A,USD,STD,INDL,C,INTU,7/31/04,027928,INTUIT INC,461202103,45,Information Technology
A,USD,STD,INDL,C,INTU,7/31/05,027928,INTUIT INC,461202103,45,Information Technology
A,USD,STD,INDL,C,INTU,7/31/06,027928,INTUIT INC,461202103,45,Information Technology
A,USD,STD,INDL,C,INTU,7/31/07,027928,INTUIT INC,461202103,45,Information Technology
A,USD,STD,INDL,C,INTU,7/31/08,027928,INTUIT INC,461202103,45,Information Technology
A,USD,STD,INDL,C,INTU,7/31/09,027928,INTUIT INC,461202103,45,Information Technology
A,USD,STD,INDL,C,INTU,7/31/10,027928,INTUIT INC,461202103,45,Information Technology
A,USD,STD,INDL,C,INTU,7/31/11,027928,INTUIT INC,461202103,45,Information Technology
A,USD,STD,INDL,C,INTU,7/31/12,027928,INTUIT INC,461202103,45,Information Technology
A,USD,STD,INDL,C,INTU,7/31/13,027928,INTUIT INC,461202103,45,Information Technology
A,USD,STD,INDL,C,INTU,7/31/14,027928,INTUIT INC,461202103,45,Information Technology
A,USD,STD,INDL,C,INTU,7/31/15,027928,INTUIT INC,461202103,45,Information Technology
A,USD,STD,INDL,C,INTU,7/31/16,027928,INTUIT INC,461202103,45,Information Technology
A,USD,STD,INDL,C,INTU,7/31/17,027928,INTUIT INC,461202103,45,Information Technology
A,USD,STD,INDL,C,INTU,7/31/18,027928,INTUIT INC,461202103,45,Information Technology
A,USD,STD,INDL,C,INTU,7/31/19,027928,INTUIT INC,461202103,45,Information Technology
A,USD,STD,INDL,C,INTU,7/31/20,027928,INTUIT INC,461202103,45,Information Technology
A,USD,STD,INDL,C,INTU,7/31/21,027928,INTUIT INC,461202103,45,Information Technology
A,USD,STD,INDL,C,INTU,7/31/22,027928,INTUIT INC,461202103,45,Information Technology
A,USD,STD,INDL,C,INTU,7/31/23,027928,INTUIT INC,461202103,45,Information Technology
A,USD,STD,INDL,C,INTU,7/31/24,027928,INTUIT INC,461202103,45,Information Technology
A,USD,STD,INDL,C,INTU,7/31/25,027928,INTUIT INC,461202103,45,Information Technology
A,USD,STD,INDL,C,MCHP,3/31/04,027965,MICROCHIP TECHNOLOGY INC,595017104,45,Information Technology
A,USD,STD,INDL,C,MCHP,3/31/05,027965,MICROCHIP TECHNOLOGY INC,595017104,45,Information Technology
A,USD,STD,INDL,C,MCHP,3/31/06,027965,MICROCHIP TECHNOLOGY INC,595017104,45,Information Technology
A,USD,STD,INDL,C,MCHP,3/31/07,027965,MICROCHIP TECHNOLOGY INC,595017104,45,Information Technology
A,USD,STD,INDL,C,MCHP,3/31/08,027965,MICROCHIP TECHNOLOGY INC,595017104,45,Information Technology
A,USD,STD,INDL,C,MCHP,3/31/09,027965,MICROCHIP TECHNOLOGY INC,595017104,45,Information Technology
A,USD,STD,INDL,C,MCHP,3/31/10,027965,MICROCHIP TECHNOLOGY INC,595017104,45,Information Technology
A,USD,STD,INDL,C,MCHP,3/31/11,027965,MICROCHIP TECHNOLOGY INC,595017104,45,Information Technology
A,USD,STD,INDL,C,MCHP,3/31/12,027965,MICROCHIP TECHNOLOGY INC,595017104,45,Information Technology
A,USD,STD,INDL,C,MCHP,3/31/13,027965,MICROCHIP TECHNOLOGY INC,595017104,45,Information Technology
A,USD,STD,INDL,C,MCHP,3/31/14,027965,MICROCHIP TECHNOLOGY INC,595017104,45,Information Technology
A,USD,STD,INDL,C,MCHP,3/31/15,027965,MICROCHIP TECHNOLOGY INC,595017104,45,Information Technology
A,USD,STD,INDL,C,MCHP,3/31/16,027965,MICROCHIP TECHNOLOGY INC,595017104,45,Information Technology
A,USD,STD,INDL,C,MCHP,3/31/17,027965,MICROCHIP TECHNOLOGY INC,595017104,45,Information Technology
A,USD,STD,INDL,C,MCHP,3/31/18,027965,MICROCHIP TECHNOLOGY INC,595017104,45,Information Technology
A,USD,STD,INDL,C,MCHP,3/31/19,027965,MICROCHIP TECHNOLOGY INC,595017104,45,Information Technology
A,USD,STD,INDL,C,MCHP,3/31/20,027965,MICROCHIP TECHNOLOGY INC,595017104,45,Information Technology
A,USD,STD,INDL,C,MCHP,3/31/21,027965,MICROCHIP TECHNOLOGY INC,595017104,45,Information Technology
A,USD,STD,INDL,C,MCHP,3/31/22,027965,MICROCHIP TECHNOLOGY INC,595017104,45,Information Technology
A,USD,STD,INDL,C,MCHP,3/31/23,027965,MICROCHIP TECHNOLOGY INC,595017104,45,Information Technology
A,USD,STD,INDL,C,MCHP,3/31/24,027965,MICROCHIP TECHNOLOGY INC,595017104,45,Information Technology
A,USD,STD,INDL,C,MCHP,3/31/25,027965,MICROCHIP TECHNOLOGY INC,595017104,45,Information Technology
A,USD,STD,INDL,C,FOSL,12/31/04,028118,FOSSIL GROUP INC,34988V106,25,Consumer Discretionary
A,USD,STD,INDL,C,FOSL,12/31/05,028118,FOSSIL GROUP INC,34988V106,25,Consumer Discretionary
A,USD,STD,INDL,C,FOSL,12/31/06,028118,FOSSIL GROUP INC,34988V106,25,Consumer Discretionary
A,USD,STD,INDL,C,FOSL,12/31/07,028118,FOSSIL GROUP INC,34988V106,25,Consumer Discretionary
A,USD,STD,INDL,C,FOSL,12/31/08,028118,FOSSIL GROUP INC,34988V106,25,Consumer Discretionary
A,USD,STD,INDL,C,FOSL,12/31/09,028118,FOSSIL GROUP INC,34988V106,25,Consumer Discretionary
A,USD,STD,INDL,C,FOSL,12/31/10,028118,FOSSIL GROUP INC,34988V106,25,Consumer Discretionary
A,USD,STD,INDL,C,FOSL,12/31/11,028118,FOSSIL GROUP INC,34988V106,25,Consumer Discretionary
A,USD,STD,INDL,C,FOSL,12/31/12,028118,FOSSIL GROUP INC,34988V106,25,Consumer Discretionary
A,USD,STD,INDL,C,FOSL,12/31/13,028118,FOSSIL GROUP INC,34988V106,25,Consumer Discretionary
A,USD,STD,INDL,C,FOSL,12/31/14,028118,FOSSIL GROUP INC,34988V106,25,Consumer Discretionary
A,USD,STD,INDL,C,FOSL,12/31/15,028118,FOSSIL GROUP INC,34988V106,25,Consumer Discretionary
A,USD,STD,INDL,C,FOSL,12/31/16,028118,FOSSIL GROUP INC,34988V106,25,Consumer Discretionary
A,USD,STD,INDL,C,FOSL,12/31/17,028118,FOSSIL GROUP INC,34988V106,25,Consumer Discretionary
A,USD,STD,INDL,C,FOSL,12/31/18,028118,FOSSIL GROUP INC,34988V106,25,Consumer Discretionary
A,USD,STD,INDL,C,FOSL,12/31/19,028118,FOSSIL GROUP INC,34988V106,25,Consumer Discretionary
A,USD,STD,INDL,C,FOSL,12/31/20,028118,FOSSIL GROUP INC,34988V106,25,Consumer Discretionary
A,USD,STD,INDL,C,FOSL,12/31/21,028118,FOSSIL GROUP INC,34988V106,25,Consumer Discretionary
A,USD,STD,INDL,C,FOSL,12/31/22,028118,FOSSIL GROUP INC,34988V106,25,Consumer Discretionary
A,USD,STD,INDL,C,FOSL,12/31/23,028118,FOSSIL GROUP INC,34988V106,25,Consumer Discretionary
A,USD,STD,INDL,C,FOSL,12/31/24,028118,FOSSIL GROUP INC,34988V106,25,Consumer Discretionary
A,USD,STD,INDL,C,SANM,9/30/04,028139,SANMINA CORP,801056102,45,Information Technology
A,USD,STD,INDL,C,SANM,9/30/05,028139,SANMINA CORP,801056102,45,Information Technology
A,USD,STD,INDL,C,SANM,9/30/06,028139,SANMINA CORP,801056102,45,Information Technology
A,USD,STD,INDL,C,SANM,9/30/07,028139,SANMINA CORP,801056102,45,Information Technology
A,USD,STD,INDL,C,SANM,9/30/08,028139,SANMINA CORP,801056102,45,Information Technology
A,USD,STD,INDL,C,SANM,9/30/09,028139,SANMINA CORP,801056102,45,Information Technology
A,USD,STD,INDL,C,SANM,9/30/10,028139,SANMINA CORP,801056102,45,Information Technology
A,USD,STD,INDL,C,SANM,9/30/11,028139,SANMINA CORP,801056102,45,Information Technology
A,USD,STD,INDL,C,SANM,9/30/12,028139,SANMINA CORP,801056102,45,Information Technology
A,USD,STD,INDL,C,SANM,9/30/13,028139,SANMINA CORP,801056102,45,Information Technology
A,USD,STD,INDL,C,SANM,9/30/14,028139,SANMINA CORP,801056102,45,Information Technology
A,USD,STD,INDL,C,SANM,9/30/15,028139,SANMINA CORP,801056102,45,Information Technology
A,USD,STD,INDL,C,SANM,9/30/16,028139,SANMINA CORP,801056102,45,Information Technology
A,USD,STD,INDL,C,SANM,9/30/17,028139,SANMINA CORP,801056102,45,Information Technology
A,USD,STD,INDL,C,SANM,9/30/18,028139,SANMINA CORP,801056102,45,Information Technology
A,USD,STD,INDL,C,SANM,9/30/19,028139,SANMINA CORP,801056102,45,Information Technology
A,USD,STD,INDL,C,SANM,9/30/20,028139,SANMINA CORP,801056102,45,Information Technology
A,USD,STD,INDL,C,SANM,9/30/21,028139,SANMINA CORP,801056102,45,Information Technology
A,USD,STD,INDL,C,SANM,9/30/22,028139,SANMINA CORP,801056102,45,Information Technology
A,USD,STD,INDL,C,SANM,9/30/23,028139,SANMINA CORP,801056102,45,Information Technology
A,USD,STD,INDL,C,SANM,9/30/24,028139,SANMINA CORP,801056102,45,Information Technology
A,USD,STD,INDL,C,SANM,9/30/25,028139,SANMINA CORP,801056102,45,Information Technology
A,USD,STD,INDL,C,ORLY,12/31/04,028180,O'REILLY AUTOMOTIVE INC,67103H107,25,Consumer Discretionary
A,USD,STD,INDL,C,ORLY,12/31/05,028180,O'REILLY AUTOMOTIVE INC,67103H107,25,Consumer Discretionary
A,USD,STD,INDL,C,ORLY,12/31/06,028180,O'REILLY AUTOMOTIVE INC,67103H107,25,Consumer Discretionary
A,USD,STD,INDL,C,ORLY,12/31/07,028180,O'REILLY AUTOMOTIVE INC,67103H107,25,Consumer Discretionary
A,USD,STD,INDL,C,ORLY,12/31/08,028180,O'REILLY AUTOMOTIVE INC,67103H107,25,Consumer Discretionary
A,USD,STD,INDL,C,ORLY,12/31/09,028180,O'REILLY AUTOMOTIVE INC,67103H107,25,Consumer Discretionary
A,USD,STD,INDL,C,ORLY,12/31/10,028180,O'REILLY AUTOMOTIVE INC,67103H107,25,Consumer Discretionary
A,USD,STD,INDL,C,ORLY,12/31/11,028180,O'REILLY AUTOMOTIVE INC,67103H107,25,Consumer Discretionary
A,USD,STD,INDL,C,ORLY,12/31/12,028180,O'REILLY AUTOMOTIVE INC,67103H107,25,Consumer Discretionary
A,USD,STD,INDL,C,ORLY,12/31/13,028180,O'REILLY AUTOMOTIVE INC,67103H107,25,Consumer Discretionary
A,USD,STD,INDL,C,ORLY,12/31/14,028180,O'REILLY AUTOMOTIVE INC,67103H107,25,Consumer Discretionary
A,USD,STD,INDL,C,ORLY,12/31/15,028180,O'REILLY AUTOMOTIVE INC,67103H107,25,Consumer Discretionary
A,USD,STD,INDL,C,ORLY,12/31/16,028180,O'REILLY AUTOMOTIVE INC,67103H107,25,Consumer Discretionary
A,USD,STD,INDL,C,ORLY,12/31/17,028180,O'REILLY AUTOMOTIVE INC,67103H107,25,Consumer Discretionary
A,USD,STD,INDL,C,ORLY,12/31/18,028180,O'REILLY AUTOMOTIVE INC,67103H107,25,Consumer Discretionary
A,USD,STD,INDL,C,ORLY,12/31/19,028180,O'REILLY AUTOMOTIVE INC,67103H107,25,Consumer Discretionary
A,USD,STD,INDL,C,ORLY,12/31/20,028180,O'REILLY AUTOMOTIVE INC,67103H107,25,Consumer Discretionary
A,USD,STD,INDL,C,ORLY,12/31/21,028180,O'REILLY AUTOMOTIVE INC,67103H107,25,Consumer Discretionary
A,USD,STD,INDL,C,ORLY,12/31/22,028180,O'REILLY AUTOMOTIVE INC,67103H107,25,Consumer Discretionary
A,USD,STD,INDL,C,ORLY,12/31/23,028180,O'REILLY AUTOMOTIVE INC,67103H107,25,Consumer Discretionary
A,USD,STD,INDL,C,ORLY,12/31/24,028180,O'REILLY AUTOMOTIVE INC,67103H107,25,Consumer Discretionary
A,USD,STD,INDL,C,ORLY,12/31/25,028180,O'REILLY AUTOMOTIVE INC,67103H107,25,Consumer Discretionary
A,USD,STD,INDL,C,AZN,12/31/04,028272,ASTRAZENECA PLC,G0593M107,35,Health Care
A,USD,STD,INDL,C,AZN,12/31/05,028272,ASTRAZENECA PLC,G0593M107,35,Health Care
A,USD,STD,INDL,C,AZN,12/31/06,028272,ASTRAZENECA PLC,G0593M107,35,Health Care
A,USD,STD,INDL,C,AZN,12/31/07,028272,ASTRAZENECA PLC,G0593M107,35,Health Care
A,USD,STD,INDL,C,AZN,12/31/08,028272,ASTRAZENECA PLC,G0593M107,35,Health Care
A,USD,STD,INDL,C,AZN,12/31/09,028272,ASTRAZENECA PLC,G0593M107,35,Health Care
A,USD,STD,INDL,C,AZN,12/31/10,028272,ASTRAZENECA PLC,G0593M107,35,Health Care
A,USD,STD,INDL,C,AZN,12/31/11,028272,ASTRAZENECA PLC,G0593M107,35,Health Care
A,USD,STD,INDL,C,AZN,12/31/12,028272,ASTRAZENECA PLC,G0593M107,35,Health Care
A,USD,STD,INDL,C,AZN,12/31/13,028272,ASTRAZENECA PLC,G0593M107,35,Health Care
A,USD,STD,INDL,C,AZN,12/31/14,028272,ASTRAZENECA PLC,G0593M107,35,Health Care
A,USD,STD,INDL,C,AZN,12/31/15,028272,ASTRAZENECA PLC,G0593M107,35,Health Care
A,USD,STD,INDL,C,AZN,12/31/16,028272,ASTRAZENECA PLC,G0593M107,35,Health Care
A,USD,STD,INDL,C,AZN,12/31/17,028272,ASTRAZENECA PLC,G0593M107,35,Health Care
A,USD,STD,INDL,C,AZN,12/31/18,028272,ASTRAZENECA PLC,G0593M107,35,Health Care
A,USD,STD,INDL,C,AZN,12/31/19,028272,ASTRAZENECA PLC,G0593M107,35,Health Care
A,USD,STD,INDL,C,AZN,12/31/20,028272,ASTRAZENECA PLC,G0593M107,35,Health Care
A,USD,STD,INDL,C,AZN,12/31/21,028272,ASTRAZENECA PLC,G0593M107,35,Health Care
A,USD,STD,INDL,C,AZN,12/31/22,028272,ASTRAZENECA PLC,G0593M107,35,Health Care
A,USD,STD,INDL,C,AZN,12/31/23,028272,ASTRAZENECA PLC,G0593M107,35,Health Care
A,USD,STD,INDL,C,AZN,12/31/24,028272,ASTRAZENECA PLC,G0593M107,35,Health Care
A,USD,STD,INDL,C,AZN,12/31/25,028272,ASTRAZENECA PLC,G0593M107,35,Health Care
A,USD,STD,INDL,C,CDW,12/31/06,028320,CDW CORP,12514G108,45,Information Technology
A,USD,STD,INDL,C,CDW,12/31/07,028320,CDW CORP,12514G108,45,Information Technology
A,USD,STD,INDL,C,CDW,12/31/08,028320,CDW CORP,12514G108,45,Information Technology
A,USD,STD,INDL,C,CDW,12/31/04,028320,CDW CORP,12514G108,45,Information Technology
A,USD,STD,INDL,C,CDW,12/31/05,028320,CDW CORP,12514G108,45,Information Technology
A,USD,STD,INDL,C,CDW,12/31/09,028320,CDW CORP,12514G108,45,Information Technology
A,USD,STD,INDL,C,CDW,12/31/10,028320,CDW CORP,12514G108,45,Information Technology
A,USD,STD,INDL,C,CDW,12/31/11,028320,CDW CORP,12514G108,45,Information Technology
A,USD,STD,INDL,C,CDW,12/31/12,028320,CDW CORP,12514G108,45,Information Technology
A,USD,STD,INDL,C,CDW,12/31/13,028320,CDW CORP,12514G108,45,Information Technology
A,USD,STD,INDL,C,CDW,12/31/14,028320,CDW CORP,12514G108,45,Information Technology
A,USD,STD,INDL,C,CDW,12/31/15,028320,CDW CORP,12514G108,45,Information Technology
A,USD,STD,INDL,C,CDW,12/31/16,028320,CDW CORP,12514G108,45,Information Technology
A,USD,STD,INDL,C,CDW,12/31/17,028320,CDW CORP,12514G108,45,Information Technology
A,USD,STD,INDL,C,CDW,12/31/18,028320,CDW CORP,12514G108,45,Information Technology
A,USD,STD,INDL,C,CDW,12/31/19,028320,CDW CORP,12514G108,45,Information Technology
A,USD,STD,INDL,C,CDW,12/31/20,028320,CDW CORP,12514G108,45,Information Technology
A,USD,STD,INDL,C,CDW,12/31/21,028320,CDW CORP,12514G108,45,Information Technology
A,USD,STD,INDL,C,CDW,12/31/22,028320,CDW CORP,12514G108,45,Information Technology
A,USD,STD,INDL,C,CDW,12/31/23,028320,CDW CORP,12514G108,45,Information Technology
A,USD,STD,INDL,C,CDW,12/31/24,028320,CDW CORP,12514G108,45,Information Technology
A,USD,STD,INDL,C,CDW,12/31/25,028320,CDW CORP,12514G108,45,Information Technology
I,USD,STD,INDL,C,FLIR,12/31/04,028477,FLIR SYSTEMS INC,302445101,45,Information Technology
I,USD,STD,INDL,C,FLIR,12/31/05,028477,FLIR SYSTEMS INC,302445101,45,Information Technology
I,USD,STD,INDL,C,FLIR,12/31/06,028477,FLIR SYSTEMS INC,302445101,45,Information Technology
I,USD,STD,INDL,C,FLIR,12/31/07,028477,FLIR SYSTEMS INC,302445101,45,Information Technology
I,USD,STD,INDL,C,FLIR,12/31/08,028477,FLIR SYSTEMS INC,302445101,45,Information Technology
I,USD,STD,INDL,C,FLIR,12/31/09,028477,FLIR SYSTEMS INC,302445101,45,Information Technology
I,USD,STD,INDL,C,FLIR,12/31/10,028477,FLIR SYSTEMS INC,302445101,45,Information Technology
I,USD,STD,INDL,C,FLIR,12/31/11,028477,FLIR SYSTEMS INC,302445101,45,Information Technology
I,USD,STD,INDL,C,FLIR,12/31/12,028477,FLIR SYSTEMS INC,302445101,45,Information Technology
I,USD,STD,INDL,C,FLIR,12/31/13,028477,FLIR SYSTEMS INC,302445101,45,Information Technology
I,USD,STD,INDL,C,FLIR,12/31/14,028477,FLIR SYSTEMS INC,302445101,45,Information Technology
I,USD,STD,INDL,C,FLIR,12/31/15,028477,FLIR SYSTEMS INC,302445101,45,Information Technology
I,USD,STD,INDL,C,FLIR,12/31/16,028477,FLIR SYSTEMS INC,302445101,45,Information Technology
I,USD,STD,INDL,C,FLIR,12/31/17,028477,FLIR SYSTEMS INC,302445101,45,Information Technology
I,USD,STD,INDL,C,FLIR,12/31/18,028477,FLIR SYSTEMS INC,302445101,45,Information Technology
I,USD,STD,INDL,C,FLIR,12/31/19,028477,FLIR SYSTEMS INC,302445101,45,Information Technology
I,USD,STD,INDL,C,FLIR,12/31/20,028477,FLIR SYSTEMS INC,302445101,45,Information Technology
I,USD,STD,INDL,C,PETM,1/31/04,028648,PETSMART INC,716768106,25,Consumer Discretionary
I,USD,STD,INDL,C,PETM,1/31/05,028648,PETSMART INC,716768106,25,Consumer Discretionary
I,USD,STD,INDL,C,PETM,1/31/06,028648,PETSMART INC,716768106,25,Consumer Discretionary
I,USD,STD,INDL,C,PETM,1/31/07,028648,PETSMART INC,716768106,25,Consumer Discretionary
I,USD,STD,INDL,C,PETM,1/31/08,028648,PETSMART INC,716768106,25,Consumer Discretionary
I,USD,STD,INDL,C,PETM,1/31/09,028648,PETSMART INC,716768106,25,Consumer Discretionary
I,USD,STD,INDL,C,PETM,1/31/10,028648,PETSMART INC,716768106,25,Consumer Discretionary
I,USD,STD,INDL,C,PETM,1/31/11,028648,PETSMART INC,716768106,25,Consumer Discretionary
I,USD,STD,INDL,C,PETM,1/31/12,028648,PETSMART INC,716768106,25,Consumer Discretionary
I,USD,STD,INDL,C,PETM,1/31/13,028648,PETSMART INC,716768106,25,Consumer Discretionary
I,USD,STD,INDL,C,PETM,1/31/14,028648,PETSMART INC,716768106,25,Consumer Discretionary
I,USD,STD,INDL,C,PETM,1/31/15,028648,PETSMART INC,716768106,25,Consumer Discretionary
A,USD,STD,INDL,C,KDP,9/30/04,028877,KEURIG DR PEPPER INC,49271V100,30,Consumer Staples
A,USD,STD,INDL,C,KDP,9/30/05,028877,KEURIG DR PEPPER INC,49271V100,30,Consumer Staples
A,USD,STD,INDL,C,KDP,9/30/06,028877,KEURIG DR PEPPER INC,49271V100,30,Consumer Staples
A,USD,STD,INDL,C,KDP,9/30/07,028877,KEURIG DR PEPPER INC,49271V100,30,Consumer Staples
A,USD,STD,INDL,C,KDP,9/30/08,028877,KEURIG DR PEPPER INC,49271V100,30,Consumer Staples
A,USD,STD,INDL,C,KDP,9/30/09,028877,KEURIG DR PEPPER INC,49271V100,30,Consumer Staples
A,USD,STD,INDL,C,KDP,9/30/10,028877,KEURIG DR PEPPER INC,49271V100,30,Consumer Staples
A,USD,STD,INDL,C,KDP,9/30/11,028877,KEURIG DR PEPPER INC,49271V100,30,Consumer Staples
A,USD,STD,INDL,C,KDP,9/30/12,028877,KEURIG DR PEPPER INC,49271V100,30,Consumer Staples
A,USD,STD,INDL,C,KDP,9/30/13,028877,KEURIG DR PEPPER INC,49271V100,30,Consumer Staples
A,USD,STD,INDL,C,KDP,9/30/14,028877,KEURIG DR PEPPER INC,49271V100,30,Consumer Staples
A,USD,STD,INDL,C,KDP,9/30/15,028877,KEURIG DR PEPPER INC,49271V100,30,Consumer Staples
A,USD,STD,INDL,C,KDP,9/30/16,028877,KEURIG DR PEPPER INC,49271V100,30,Consumer Staples
A,USD,STD,INDL,C,KDP,9/30/17,028877,KEURIG DR PEPPER INC,49271V100,30,Consumer Staples
A,USD,STD,INDL,C,KDP,12/31/18,028877,KEURIG DR PEPPER INC,49271V100,30,Consumer Staples
A,USD,STD,INDL,C,KDP,12/31/19,028877,KEURIG DR PEPPER INC,49271V100,30,Consumer Staples
A,USD,STD,INDL,C,KDP,12/31/20,028877,KEURIG DR PEPPER INC,49271V100,30,Consumer Staples
A,USD,STD,INDL,C,KDP,12/31/21,028877,KEURIG DR PEPPER INC,49271V100,30,Consumer Staples
A,USD,STD,INDL,C,KDP,12/31/22,028877,KEURIG DR PEPPER INC,49271V100,30,Consumer Staples
A,USD,STD,INDL,C,KDP,12/31/23,028877,KEURIG DR PEPPER INC,49271V100,30,Consumer Staples
A,USD,STD,INDL,C,KDP,12/31/24,028877,KEURIG DR PEPPER INC,49271V100,30,Consumer Staples
A,USD,STD,INDL,C,KDP,12/31/25,028877,KEURIG DR PEPPER INC,49271V100,30,Consumer Staples
A,USD,STD,INDL,C,MAR,12/31/04,028930,MARRIOTT INTL INC,571903202,25,Consumer Discretionary
A,USD,STD,INDL,C,MAR,12/31/05,028930,MARRIOTT INTL INC,571903202,25,Consumer Discretionary
A,USD,STD,INDL,C,MAR,12/31/06,028930,MARRIOTT INTL INC,571903202,25,Consumer Discretionary
A,USD,STD,INDL,C,MAR,12/31/07,028930,MARRIOTT INTL INC,571903202,25,Consumer Discretionary
A,USD,STD,INDL,C,MAR,12/31/08,028930,MARRIOTT INTL INC,571903202,25,Consumer Discretionary
A,USD,STD,INDL,C,MAR,12/31/09,028930,MARRIOTT INTL INC,571903202,25,Consumer Discretionary
A,USD,STD,INDL,C,MAR,12/31/10,028930,MARRIOTT INTL INC,571903202,25,Consumer Discretionary
A,USD,STD,INDL,C,MAR,12/31/11,028930,MARRIOTT INTL INC,571903202,25,Consumer Discretionary
A,USD,STD,INDL,C,MAR,12/31/12,028930,MARRIOTT INTL INC,571903202,25,Consumer Discretionary
A,USD,STD,INDL,C,MAR,12/31/13,028930,MARRIOTT INTL INC,571903202,25,Consumer Discretionary
A,USD,STD,INDL,C,MAR,12/31/14,028930,MARRIOTT INTL INC,571903202,25,Consumer Discretionary
A,USD,STD,INDL,C,MAR,12/31/15,028930,MARRIOTT INTL INC,571903202,25,Consumer Discretionary
A,USD,STD,INDL,C,MAR,12/31/16,028930,MARRIOTT INTL INC,571903202,25,Consumer Discretionary
A,USD,STD,INDL,C,MAR,12/31/17,028930,MARRIOTT INTL INC,571903202,25,Consumer Discretionary
A,USD,STD,INDL,C,MAR,12/31/18,028930,MARRIOTT INTL INC,571903202,25,Consumer Discretionary
A,USD,STD,INDL,C,MAR,12/31/19,028930,MARRIOTT INTL INC,571903202,25,Consumer Discretionary
A,USD,STD,INDL,C,MAR,12/31/20,028930,MARRIOTT INTL INC,571903202,25,Consumer Discretionary
A,USD,STD,INDL,C,MAR,12/31/21,028930,MARRIOTT INTL INC,571903202,25,Consumer Discretionary
A,USD,STD,INDL,C,MAR,12/31/22,028930,MARRIOTT INTL INC,571903202,25,Consumer Discretionary
A,USD,STD,INDL,C,MAR,12/31/23,028930,MARRIOTT INTL INC,571903202,25,Consumer Discretionary
A,USD,STD,INDL,C,MAR,12/31/24,028930,MARRIOTT INTL INC,571903202,25,Consumer Discretionary
A,USD,STD,INDL,C,MAR,12/31/25,028930,MARRIOTT INTL INC,571903202,25,Consumer Discretionary
A,USD,STD,INDL,C,COST,8/31/04,029028,COSTCO WHOLESALE CORP,22160K105,30,Consumer Staples
A,USD,STD,INDL,C,COST,8/31/05,029028,COSTCO WHOLESALE CORP,22160K105,30,Consumer Staples
A,USD,STD,INDL,C,COST,8/31/06,029028,COSTCO WHOLESALE CORP,22160K105,30,Consumer Staples
A,USD,STD,INDL,C,COST,8/31/07,029028,COSTCO WHOLESALE CORP,22160K105,30,Consumer Staples
A,USD,STD,INDL,C,COST,8/31/08,029028,COSTCO WHOLESALE CORP,22160K105,30,Consumer Staples
A,USD,STD,INDL,C,COST,8/31/09,029028,COSTCO WHOLESALE CORP,22160K105,30,Consumer Staples
A,USD,STD,INDL,C,COST,8/31/10,029028,COSTCO WHOLESALE CORP,22160K105,30,Consumer Staples
A,USD,STD,INDL,C,COST,8/31/11,029028,COSTCO WHOLESALE CORP,22160K105,30,Consumer Staples
A,USD,STD,INDL,C,COST,8/31/12,029028,COSTCO WHOLESALE CORP,22160K105,30,Consumer Staples
A,USD,STD,INDL,C,COST,8/31/13,029028,COSTCO WHOLESALE CORP,22160K105,30,Consumer Staples
A,USD,STD,INDL,C,COST,8/31/14,029028,COSTCO WHOLESALE CORP,22160K105,30,Consumer Staples
A,USD,STD,INDL,C,COST,8/31/15,029028,COSTCO WHOLESALE CORP,22160K105,30,Consumer Staples
A,USD,STD,INDL,C,COST,8/31/16,029028,COSTCO WHOLESALE CORP,22160K105,30,Consumer Staples
A,USD,STD,INDL,C,COST,8/31/17,029028,COSTCO WHOLESALE CORP,22160K105,30,Consumer Staples
A,USD,STD,INDL,C,COST,8/31/18,029028,COSTCO WHOLESALE CORP,22160K105,30,Consumer Staples
A,USD,STD,INDL,C,COST,8/31/19,029028,COSTCO WHOLESALE CORP,22160K105,30,Consumer Staples
A,USD,STD,INDL,C,COST,8/31/20,029028,COSTCO WHOLESALE CORP,22160K105,30,Consumer Staples
A,USD,STD,INDL,C,COST,8/31/21,029028,COSTCO WHOLESALE CORP,22160K105,30,Consumer Staples
A,USD,STD,INDL,C,COST,8/31/22,029028,COSTCO WHOLESALE CORP,22160K105,30,Consumer Staples
A,USD,STD,INDL,C,COST,8/31/23,029028,COSTCO WHOLESALE CORP,22160K105,30,Consumer Staples
A,USD,STD,INDL,C,COST,8/31/24,029028,COSTCO WHOLESALE CORP,22160K105,30,Consumer Staples
A,USD,STD,INDL,C,COST,8/31/25,029028,COSTCO WHOLESALE CORP,22160K105,30,Consumer Staples
A,USD,STD,INDL,C,PTEN,12/31/04,029108,PATTERSON-UTI ENERGY INC,703481101,10,Energy
A,USD,STD,INDL,C,PTEN,12/31/05,029108,PATTERSON-UTI ENERGY INC,703481101,10,Energy
A,USD,STD,INDL,C,PTEN,12/31/06,029108,PATTERSON-UTI ENERGY INC,703481101,10,Energy
A,USD,STD,INDL,C,PTEN,12/31/07,029108,PATTERSON-UTI ENERGY INC,703481101,10,Energy
A,USD,STD,INDL,C,PTEN,12/31/08,029108,PATTERSON-UTI ENERGY INC,703481101,10,Energy
A,USD,STD,INDL,C,PTEN,12/31/09,029108,PATTERSON-UTI ENERGY INC,703481101,10,Energy
A,USD,STD,INDL,C,PTEN,12/31/10,029108,PATTERSON-UTI ENERGY INC,703481101,10,Energy
A,USD,STD,INDL,C,PTEN,12/31/11,029108,PATTERSON-UTI ENERGY INC,703481101,10,Energy
A,USD,STD,INDL,C,PTEN,12/31/12,029108,PATTERSON-UTI ENERGY INC,703481101,10,Energy
A,USD,STD,INDL,C,PTEN,12/31/13,029108,PATTERSON-UTI ENERGY INC,703481101,10,Energy
A,USD,STD,INDL,C,PTEN,12/31/14,029108,PATTERSON-UTI ENERGY INC,703481101,10,Energy
A,USD,STD,INDL,C,PTEN,12/31/15,029108,PATTERSON-UTI ENERGY INC,703481101,10,Energy
A,USD,STD,INDL,C,PTEN,12/31/16,029108,PATTERSON-UTI ENERGY INC,703481101,10,Energy
A,USD,STD,INDL,C,PTEN,12/31/17,029108,PATTERSON-UTI ENERGY INC,703481101,10,Energy
A,USD,STD,INDL,C,PTEN,12/31/18,029108,PATTERSON-UTI ENERGY INC,703481101,10,Energy
A,USD,STD,INDL,C,PTEN,12/31/19,029108,PATTERSON-UTI ENERGY INC,703481101,10,Energy
A,USD,STD,INDL,C,PTEN,12/31/20,029108,PATTERSON-UTI ENERGY INC,703481101,10,Energy
A,USD,STD,INDL,C,PTEN,12/31/21,029108,PATTERSON-UTI ENERGY INC,703481101,10,Energy
A,USD,STD,INDL,C,PTEN,12/31/22,029108,PATTERSON-UTI ENERGY INC,703481101,10,Energy
A,USD,STD,INDL,C,PTEN,12/31/23,029108,PATTERSON-UTI ENERGY INC,703481101,10,Energy
A,USD,STD,INDL,C,PTEN,12/31/24,029108,PATTERSON-UTI ENERGY INC,703481101,10,Energy
A,USD,STD,INDL,C,PTEN,12/31/25,029108,PATTERSON-UTI ENERGY INC,703481101,10,Energy
A,USD,STD,INDL,C,INCY,12/31/04,029127,INCYTE CORP,45337C102,35,Health Care
A,USD,STD,INDL,C,INCY,12/31/05,029127,INCYTE CORP,45337C102,35,Health Care
A,USD,STD,INDL,C,INCY,12/31/06,029127,INCYTE CORP,45337C102,35,Health Care
A,USD,STD,INDL,C,INCY,12/31/07,029127,INCYTE CORP,45337C102,35,Health Care
A,USD,STD,INDL,C,INCY,12/31/08,029127,INCYTE CORP,45337C102,35,Health Care
A,USD,STD,INDL,C,INCY,12/31/09,029127,INCYTE CORP,45337C102,35,Health Care
A,USD,STD,INDL,C,INCY,12/31/10,029127,INCYTE CORP,45337C102,35,Health Care
A,USD,STD,INDL,C,INCY,12/31/11,029127,INCYTE CORP,45337C102,35,Health Care
A,USD,STD,INDL,C,INCY,12/31/12,029127,INCYTE CORP,45337C102,35,Health Care
A,USD,STD,INDL,C,INCY,12/31/13,029127,INCYTE CORP,45337C102,35,Health Care
A,USD,STD,INDL,C,INCY,12/31/14,029127,INCYTE CORP,45337C102,35,Health Care
A,USD,STD,INDL,C,INCY,12/31/15,029127,INCYTE CORP,45337C102,35,Health Care
A,USD,STD,INDL,C,INCY,12/31/16,029127,INCYTE CORP,45337C102,35,Health Care
A,USD,STD,INDL,C,INCY,12/31/17,029127,INCYTE CORP,45337C102,35,Health Care
A,USD,STD,INDL,C,INCY,12/31/18,029127,INCYTE CORP,45337C102,35,Health Care
A,USD,STD,INDL,C,INCY,12/31/19,029127,INCYTE CORP,45337C102,35,Health Care
A,USD,STD,INDL,C,INCY,12/31/20,029127,INCYTE CORP,45337C102,35,Health Care
A,USD,STD,INDL,C,INCY,12/31/21,029127,INCYTE CORP,45337C102,35,Health Care
A,USD,STD,INDL,C,INCY,12/31/22,029127,INCYTE CORP,45337C102,35,Health Care
A,USD,STD,INDL,C,INCY,12/31/23,029127,INCYTE CORP,45337C102,35,Health Care
A,USD,STD,INDL,C,INCY,12/31/24,029127,INCYTE CORP,45337C102,35,Health Care
A,USD,STD,INDL,C,INCY,12/31/25,029127,INCYTE CORP,45337C102,35,Health Care
A,USD,STD,INDL,C,URBN,1/31/04,029150,URBAN OUTFITTERS INC,917047102,25,Consumer Discretionary
A,USD,STD,INDL,C,URBN,1/31/05,029150,URBAN OUTFITTERS INC,917047102,25,Consumer Discretionary
A,USD,STD,INDL,C,URBN,1/31/06,029150,URBAN OUTFITTERS INC,917047102,25,Consumer Discretionary
A,USD,STD,INDL,C,URBN,1/31/07,029150,URBAN OUTFITTERS INC,917047102,25,Consumer Discretionary
A,USD,STD,INDL,C,URBN,1/31/08,029150,URBAN OUTFITTERS INC,917047102,25,Consumer Discretionary
A,USD,STD,INDL,C,URBN,1/31/09,029150,URBAN OUTFITTERS INC,917047102,25,Consumer Discretionary
A,USD,STD,INDL,C,URBN,1/31/10,029150,URBAN OUTFITTERS INC,917047102,25,Consumer Discretionary
A,USD,STD,INDL,C,URBN,1/31/11,029150,URBAN OUTFITTERS INC,917047102,25,Consumer Discretionary
A,USD,STD,INDL,C,URBN,1/31/12,029150,URBAN OUTFITTERS INC,917047102,25,Consumer Discretionary
A,USD,STD,INDL,C,URBN,1/31/13,029150,URBAN OUTFITTERS INC,917047102,25,Consumer Discretionary
A,USD,STD,INDL,C,URBN,1/31/14,029150,URBAN OUTFITTERS INC,917047102,25,Consumer Discretionary
A,USD,STD,INDL,C,URBN,1/31/15,029150,URBAN OUTFITTERS INC,917047102,25,Consumer Discretionary
A,USD,STD,INDL,C,URBN,1/31/16,029150,URBAN OUTFITTERS INC,917047102,25,Consumer Discretionary
A,USD,STD,INDL,C,URBN,1/31/17,029150,URBAN OUTFITTERS INC,917047102,25,Consumer Discretionary
A,USD,STD,INDL,C,URBN,1/31/18,029150,URBAN OUTFITTERS INC,917047102,25,Consumer Discretionary
A,USD,STD,INDL,C,URBN,1/31/19,029150,URBAN OUTFITTERS INC,917047102,25,Consumer Discretionary
A,USD,STD,INDL,C,URBN,1/31/20,029150,URBAN OUTFITTERS INC,917047102,25,Consumer Discretionary
A,USD,STD,INDL,C,URBN,1/31/21,029150,URBAN OUTFITTERS INC,917047102,25,Consumer Discretionary
A,USD,STD,INDL,C,URBN,1/31/22,029150,URBAN OUTFITTERS INC,917047102,25,Consumer Discretionary
A,USD,STD,INDL,C,URBN,1/31/23,029150,URBAN OUTFITTERS INC,917047102,25,Consumer Discretionary
A,USD,STD,INDL,C,URBN,1/31/24,029150,URBAN OUTFITTERS INC,917047102,25,Consumer Discretionary
A,USD,STD,INDL,C,URBN,1/31/25,029150,URBAN OUTFITTERS INC,917047102,25,Consumer Discretionary
A,USD,STD,INDL,C,URBN,1/31/26,029150,URBAN OUTFITTERS INC,917047102,25,Consumer Discretionary
A,USD,STD,INDL,C,VIAV,6/30/04,029241,VIAVI SOLUTIONS INC,925550105,45,Information Technology
A,USD,STD,INDL,C,VIAV,6/30/05,029241,VIAVI SOLUTIONS INC,925550105,45,Information Technology
A,USD,STD,INDL,C,VIAV,6/30/06,029241,VIAVI SOLUTIONS INC,925550105,45,Information Technology
A,USD,STD,INDL,C,VIAV,6/30/07,029241,VIAVI SOLUTIONS INC,925550105,45,Information Technology
A,USD,STD,INDL,C,VIAV,6/30/08,029241,VIAVI SOLUTIONS INC,925550105,45,Information Technology
A,USD,STD,INDL,C,VIAV,6/30/09,029241,VIAVI SOLUTIONS INC,925550105,45,Information Technology
A,USD,STD,INDL,C,VIAV,6/30/10,029241,VIAVI SOLUTIONS INC,925550105,45,Information Technology
A,USD,STD,INDL,C,VIAV,6/30/11,029241,VIAVI SOLUTIONS INC,925550105,45,Information Technology
A,USD,STD,INDL,C,VIAV,6/30/12,029241,VIAVI SOLUTIONS INC,925550105,45,Information Technology
A,USD,STD,INDL,C,VIAV,6/30/13,029241,VIAVI SOLUTIONS INC,925550105,45,Information Technology
A,USD,STD,INDL,C,VIAV,6/30/14,029241,VIAVI SOLUTIONS INC,925550105,45,Information Technology
A,USD,STD,INDL,C,VIAV,6/30/15,029241,VIAVI SOLUTIONS INC,925550105,45,Information Technology
A,USD,STD,INDL,C,VIAV,6/30/16,029241,VIAVI SOLUTIONS INC,925550105,45,Information Technology
A,USD,STD,INDL,C,VIAV,6/30/17,029241,VIAVI SOLUTIONS INC,925550105,45,Information Technology
A,USD,STD,INDL,C,VIAV,6/30/18,029241,VIAVI SOLUTIONS INC,925550105,45,Information Technology
A,USD,STD,INDL,C,VIAV,6/30/19,029241,VIAVI SOLUTIONS INC,925550105,45,Information Technology
A,USD,STD,INDL,C,VIAV,6/30/20,029241,VIAVI SOLUTIONS INC,925550105,45,Information Technology
A,USD,STD,INDL,C,VIAV,6/30/21,029241,VIAVI SOLUTIONS INC,925550105,45,Information Technology
A,USD,STD,INDL,C,VIAV,6/30/22,029241,VIAVI SOLUTIONS INC,925550105,45,Information Technology
A,USD,STD,INDL,C,VIAV,6/30/23,029241,VIAVI SOLUTIONS INC,925550105,45,Information Technology
A,USD,STD,INDL,C,VIAV,6/30/24,029241,VIAVI SOLUTIONS INC,925550105,45,Information Technology
A,USD,STD,INDL,C,VIAV,6/30/25,029241,VIAVI SOLUTIONS INC,925550105,45,Information Technology
I,USD,STD,INDL,C,ATYT,8/31/04,029322,ATI TECHNOLOGIES INC,001941103,45,Information Technology
I,USD,STD,INDL,C,ATYT,8/31/05,029322,ATI TECHNOLOGIES INC,001941103,45,Information Technology
A,USD,STD,INDL,C,TSCO,12/31/04,029736,TRACTOR SUPPLY CO,892356106,25,Consumer Discretionary
A,USD,STD,INDL,C,TSCO,12/31/05,029736,TRACTOR SUPPLY CO,892356106,25,Consumer Discretionary
A,USD,STD,INDL,C,TSCO,12/31/06,029736,TRACTOR SUPPLY CO,892356106,25,Consumer Discretionary
A,USD,STD,INDL,C,TSCO,12/31/07,029736,TRACTOR SUPPLY CO,892356106,25,Consumer Discretionary
A,USD,STD,INDL,C,TSCO,12/31/08,029736,TRACTOR SUPPLY CO,892356106,25,Consumer Discretionary
A,USD,STD,INDL,C,TSCO,12/31/09,029736,TRACTOR SUPPLY CO,892356106,25,Consumer Discretionary
A,USD,STD,INDL,C,TSCO,12/31/10,029736,TRACTOR SUPPLY CO,892356106,25,Consumer Discretionary
A,USD,STD,INDL,C,TSCO,12/31/11,029736,TRACTOR SUPPLY CO,892356106,25,Consumer Discretionary
A,USD,STD,INDL,C,TSCO,12/31/12,029736,TRACTOR SUPPLY CO,892356106,25,Consumer Discretionary
A,USD,STD,INDL,C,TSCO,12/31/13,029736,TRACTOR SUPPLY CO,892356106,25,Consumer Discretionary
A,USD,STD,INDL,C,TSCO,12/31/14,029736,TRACTOR SUPPLY CO,892356106,25,Consumer Discretionary
A,USD,STD,INDL,C,TSCO,12/31/15,029736,TRACTOR SUPPLY CO,892356106,25,Consumer Discretionary
A,USD,STD,INDL,C,TSCO,12/31/16,029736,TRACTOR SUPPLY CO,892356106,25,Consumer Discretionary
A,USD,STD,INDL,C,TSCO,12/31/17,029736,TRACTOR SUPPLY CO,892356106,25,Consumer Discretionary
A,USD,STD,INDL,C,TSCO,12/31/18,029736,TRACTOR SUPPLY CO,892356106,25,Consumer Discretionary
A,USD,STD,INDL,C,TSCO,12/31/19,029736,TRACTOR SUPPLY CO,892356106,25,Consumer Discretionary
A,USD,STD,INDL,C,TSCO,12/31/20,029736,TRACTOR SUPPLY CO,892356106,25,Consumer Discretionary
A,USD,STD,INDL,C,TSCO,12/31/21,029736,TRACTOR SUPPLY CO,892356106,25,Consumer Discretionary
A,USD,STD,INDL,C,TSCO,12/31/22,029736,TRACTOR SUPPLY CO,892356106,25,Consumer Discretionary
A,USD,STD,INDL,C,TSCO,12/31/23,029736,TRACTOR SUPPLY CO,892356106,25,Consumer Discretionary
A,USD,STD,INDL,C,TSCO,12/31/24,029736,TRACTOR SUPPLY CO,892356106,25,Consumer Discretionary
A,USD,STD,INDL,C,TSCO,12/31/25,029736,TRACTOR SUPPLY CO,892356106,25,Consumer Discretionary
I,USD,STD,INDL,C,QLGC,3/31/04,029791,QLOGIC CORP,747277101,45,Information Technology
I,USD,STD,INDL,C,QLGC,3/31/05,029791,QLOGIC CORP,747277101,45,Information Technology
I,USD,STD,INDL,C,QLGC,3/31/06,029791,QLOGIC CORP,747277101,45,Information Technology
I,USD,STD,INDL,C,QLGC,3/31/07,029791,QLOGIC CORP,747277101,45,Information Technology
I,USD,STD,INDL,C,QLGC,3/31/08,029791,QLOGIC CORP,747277101,45,Information Technology
I,USD,STD,INDL,C,QLGC,3/31/09,029791,QLOGIC CORP,747277101,45,Information Technology
I,USD,STD,INDL,C,QLGC,3/31/10,029791,QLOGIC CORP,747277101,45,Information Technology
I,USD,STD,INDL,C,QLGC,3/31/11,029791,QLOGIC CORP,747277101,45,Information Technology
I,USD,STD,INDL,C,QLGC,3/31/12,029791,QLOGIC CORP,747277101,45,Information Technology
I,USD,STD,INDL,C,QLGC,3/31/13,029791,QLOGIC CORP,747277101,45,Information Technology
I,USD,STD,INDL,C,QLGC,3/31/14,029791,QLOGIC CORP,747277101,45,Information Technology
I,USD,STD,INDL,C,QLGC,3/31/15,029791,QLOGIC CORP,747277101,45,Information Technology
I,USD,STD,INDL,C,QLGC,3/31/16,029791,QLOGIC CORP,747277101,45,Information Technology
A,USD,STD,INDL,C,CPRT,7/31/04,029901,COPART INC,217204106,20,Industrials
A,USD,STD,INDL,C,CPRT,7/31/05,029901,COPART INC,217204106,20,Industrials
A,USD,STD,INDL,C,CPRT,7/31/06,029901,COPART INC,217204106,20,Industrials
A,USD,STD,INDL,C,CPRT,7/31/07,029901,COPART INC,217204106,20,Industrials
A,USD,STD,INDL,C,CPRT,7/31/08,029901,COPART INC,217204106,20,Industrials
A,USD,STD,INDL,C,CPRT,7/31/09,029901,COPART INC,217204106,20,Industrials
A,USD,STD,INDL,C,CPRT,7/31/10,029901,COPART INC,217204106,20,Industrials
A,USD,STD,INDL,C,CPRT,7/31/11,029901,COPART INC,217204106,20,Industrials
A,USD,STD,INDL,C,CPRT,7/31/12,029901,COPART INC,217204106,20,Industrials
A,USD,STD,INDL,C,CPRT,7/31/13,029901,COPART INC,217204106,20,Industrials
A,USD,STD,INDL,C,CPRT,7/31/14,029901,COPART INC,217204106,20,Industrials
A,USD,STD,INDL,C,CPRT,7/31/15,029901,COPART INC,217204106,20,Industrials
A,USD,STD,INDL,C,CPRT,7/31/16,029901,COPART INC,217204106,20,Industrials
A,USD,STD,INDL,C,CPRT,7/31/17,029901,COPART INC,217204106,20,Industrials
A,USD,STD,INDL,C,CPRT,7/31/18,029901,COPART INC,217204106,20,Industrials
A,USD,STD,INDL,C,CPRT,7/31/19,029901,COPART INC,217204106,20,Industrials
A,USD,STD,INDL,C,CPRT,7/31/20,029901,COPART INC,217204106,20,Industrials
A,USD,STD,INDL,C,CPRT,7/31/21,029901,COPART INC,217204106,20,Industrials
A,USD,STD,INDL,C,CPRT,7/31/22,029901,COPART INC,217204106,20,Industrials
A,USD,STD,INDL,C,CPRT,7/31/23,029901,COPART INC,217204106,20,Industrials
A,USD,STD,INDL,C,CPRT,7/31/24,029901,COPART INC,217204106,20,Industrials
A,USD,STD,INDL,C,CPRT,7/31/25,029901,COPART INC,217204106,20,Industrials
A,USD,STD,INDL,C,TIGO,12/31/04,030024,MILLICOM INTL CELLULAR SA,L6388F110,50,Communication Services
A,USD,STD,INDL,C,TIGO,12/31/05,030024,MILLICOM INTL CELLULAR SA,L6388F110,50,Communication Services
A,USD,STD,INDL,C,TIGO,12/31/06,030024,MILLICOM INTL CELLULAR SA,L6388F110,50,Communication Services
A,USD,STD,INDL,C,TIGO,12/31/07,030024,MILLICOM INTL CELLULAR SA,L6388F110,50,Communication Services
A,USD,STD,INDL,C,TIGO,12/31/08,030024,MILLICOM INTL CELLULAR SA,L6388F110,50,Communication Services
A,USD,STD,INDL,C,TIGO,12/31/09,030024,MILLICOM INTL CELLULAR SA,L6388F110,50,Communication Services
A,USD,STD,INDL,C,TIGO,12/31/10,030024,MILLICOM INTL CELLULAR SA,L6388F110,50,Communication Services
A,USD,STD,INDL,C,TIGO,12/31/11,030024,MILLICOM INTL CELLULAR SA,L6388F110,50,Communication Services
A,USD,STD,INDL,C,TIGO,12/31/12,030024,MILLICOM INTL CELLULAR SA,L6388F110,50,Communication Services
A,USD,STD,INDL,C,TIGO,12/31/13,030024,MILLICOM INTL CELLULAR SA,L6388F110,50,Communication Services
A,USD,STD,INDL,C,TIGO,12/31/14,030024,MILLICOM INTL CELLULAR SA,L6388F110,50,Communication Services
A,USD,STD,INDL,C,TIGO,12/31/15,030024,MILLICOM INTL CELLULAR SA,L6388F110,50,Communication Services
A,USD,STD,INDL,C,TIGO,12/31/16,030024,MILLICOM INTL CELLULAR SA,L6388F110,50,Communication Services
A,USD,STD,INDL,C,TIGO,12/31/17,030024,MILLICOM INTL CELLULAR SA,L6388F110,50,Communication Services
A,USD,STD,INDL,C,TIGO,12/31/18,030024,MILLICOM INTL CELLULAR SA,L6388F110,50,Communication Services
A,USD,STD,INDL,C,TIGO,12/31/19,030024,MILLICOM INTL CELLULAR SA,L6388F110,50,Communication Services
A,USD,STD,INDL,C,TIGO,12/31/20,030024,MILLICOM INTL CELLULAR SA,L6388F110,50,Communication Services
A,USD,STD,INDL,C,TIGO,12/31/21,030024,MILLICOM INTL CELLULAR SA,L6388F110,50,Communication Services
A,USD,STD,INDL,C,TIGO,12/31/22,030024,MILLICOM INTL CELLULAR SA,L6388F110,50,Communication Services
A,USD,STD,INDL,C,TIGO,12/31/23,030024,MILLICOM INTL CELLULAR SA,L6388F110,50,Communication Services
A,USD,STD,INDL,C,TIGO,12/31/24,030024,MILLICOM INTL CELLULAR SA,L6388F110,50,Communication Services
A,USD,STD,INDL,C,AEO,1/31/04,030059,AMERN EAGLE OUTFITTERS INC,02553E106,25,Consumer Discretionary
A,USD,STD,INDL,C,AEO,1/31/05,030059,AMERN EAGLE OUTFITTERS INC,02553E106,25,Consumer Discretionary
A,USD,STD,INDL,C,AEO,1/31/06,030059,AMERN EAGLE OUTFITTERS INC,02553E106,25,Consumer Discretionary
A,USD,STD,INDL,C,AEO,1/31/07,030059,AMERN EAGLE OUTFITTERS INC,02553E106,25,Consumer Discretionary
A,USD,STD,INDL,C,AEO,1/31/08,030059,AMERN EAGLE OUTFITTERS INC,02553E106,25,Consumer Discretionary
A,USD,STD,INDL,C,AEO,1/31/09,030059,AMERN EAGLE OUTFITTERS INC,02553E106,25,Consumer Discretionary
A,USD,STD,INDL,C,AEO,1/31/10,030059,AMERN EAGLE OUTFITTERS INC,02553E106,25,Consumer Discretionary
A,USD,STD,INDL,C,AEO,1/31/11,030059,AMERN EAGLE OUTFITTERS INC,02553E106,25,Consumer Discretionary
A,USD,STD,INDL,C,AEO,1/31/12,030059,AMERN EAGLE OUTFITTERS INC,02553E106,25,Consumer Discretionary
A,USD,STD,INDL,C,AEO,1/31/13,030059,AMERN EAGLE OUTFITTERS INC,02553E106,25,Consumer Discretionary
A,USD,STD,INDL,C,AEO,1/31/14,030059,AMERN EAGLE OUTFITTERS INC,02553E106,25,Consumer Discretionary
A,USD,STD,INDL,C,AEO,1/31/15,030059,AMERN EAGLE OUTFITTERS INC,02553E106,25,Consumer Discretionary
A,USD,STD,INDL,C,AEO,1/31/16,030059,AMERN EAGLE OUTFITTERS INC,02553E106,25,Consumer Discretionary
A,USD,STD,INDL,C,AEO,1/31/17,030059,AMERN EAGLE OUTFITTERS INC,02553E106,25,Consumer Discretionary
A,USD,STD,INDL,C,AEO,1/31/18,030059,AMERN EAGLE OUTFITTERS INC,02553E106,25,Consumer Discretionary
A,USD,STD,INDL,C,AEO,1/31/19,030059,AMERN EAGLE OUTFITTERS INC,02553E106,25,Consumer Discretionary
A,USD,STD,INDL,C,AEO,1/31/20,030059,AMERN EAGLE OUTFITTERS INC,02553E106,25,Consumer Discretionary
A,USD,STD,INDL,C,AEO,1/31/21,030059,AMERN EAGLE OUTFITTERS INC,02553E106,25,Consumer Discretionary
A,USD,STD,INDL,C,AEO,1/31/22,030059,AMERN EAGLE OUTFITTERS INC,02553E106,25,Consumer Discretionary
A,USD,STD,INDL,C,AEO,1/31/23,030059,AMERN EAGLE OUTFITTERS INC,02553E106,25,Consumer Discretionary
A,USD,STD,INDL,C,AEO,1/31/24,030059,AMERN EAGLE OUTFITTERS INC,02553E106,25,Consumer Discretionary
A,USD,STD,INDL,C,AEO,1/31/25,030059,AMERN EAGLE OUTFITTERS INC,02553E106,25,Consumer Discretionary
A,USD,STD,INDL,C,FLEX,3/31/04,030170,FLEX LTD,Y2573F102,45,Information Technology
A,USD,STD,INDL,C,FLEX,3/31/05,030170,FLEX LTD,Y2573F102,45,Information Technology
A,USD,STD,INDL,C,FLEX,3/31/06,030170,FLEX LTD,Y2573F102,45,Information Technology
A,USD,STD,INDL,C,FLEX,3/31/07,030170,FLEX LTD,Y2573F102,45,Information Technology
A,USD,STD,INDL,C,FLEX,3/31/08,030170,FLEX LTD,Y2573F102,45,Information Technology
A,USD,STD,INDL,C,FLEX,3/31/09,030170,FLEX LTD,Y2573F102,45,Information Technology
A,USD,STD,INDL,C,FLEX,3/31/10,030170,FLEX LTD,Y2573F102,45,Information Technology
A,USD,STD,INDL,C,FLEX,3/31/11,030170,FLEX LTD,Y2573F102,45,Information Technology
A,USD,STD,INDL,C,FLEX,3/31/12,030170,FLEX LTD,Y2573F102,45,Information Technology
A,USD,STD,INDL,C,FLEX,3/31/13,030170,FLEX LTD,Y2573F102,45,Information Technology
A,USD,STD,INDL,C,FLEX,3/31/14,030170,FLEX LTD,Y2573F102,45,Information Technology
A,USD,STD,INDL,C,FLEX,3/31/15,030170,FLEX LTD,Y2573F102,45,Information Technology
A,USD,STD,INDL,C,FLEX,3/31/16,030170,FLEX LTD,Y2573F102,45,Information Technology
A,USD,STD,INDL,C,FLEX,3/31/17,030170,FLEX LTD,Y2573F102,45,Information Technology
A,USD,STD,INDL,C,FLEX,3/31/18,030170,FLEX LTD,Y2573F102,45,Information Technology
A,USD,STD,INDL,C,FLEX,3/31/19,030170,FLEX LTD,Y2573F102,45,Information Technology
A,USD,STD,INDL,C,FLEX,3/31/20,030170,FLEX LTD,Y2573F102,45,Information Technology
A,USD,STD,INDL,C,FLEX,3/31/21,030170,FLEX LTD,Y2573F102,45,Information Technology
A,USD,STD,INDL,C,FLEX,3/31/22,030170,FLEX LTD,Y2573F102,45,Information Technology
A,USD,STD,INDL,C,FLEX,3/31/23,030170,FLEX LTD,Y2573F102,45,Information Technology
A,USD,STD,INDL,C,FLEX,3/31/24,030170,FLEX LTD,Y2573F102,45,Information Technology
A,USD,STD,INDL,C,FLEX,3/31/25,030170,FLEX LTD,Y2573F102,45,Information Technology
A,USD,STD,INDL,C,OKTA,1/31/16,030736,OKTA INC,679295105,45,Information Technology
A,USD,STD,INDL,C,OKTA,1/31/17,030736,OKTA INC,679295105,45,Information Technology
A,USD,STD,INDL,C,OKTA,1/31/18,030736,OKTA INC,679295105,45,Information Technology
A,USD,STD,INDL,C,OKTA,1/31/19,030736,OKTA INC,679295105,45,Information Technology
A,USD,STD,INDL,C,OKTA,1/31/20,030736,OKTA INC,679295105,45,Information Technology
A,USD,STD,INDL,C,OKTA,1/31/21,030736,OKTA INC,679295105,45,Information Technology
A,USD,STD,INDL,C,OKTA,1/31/22,030736,OKTA INC,679295105,45,Information Technology
A,USD,STD,INDL,C,OKTA,1/31/23,030736,OKTA INC,679295105,45,Information Technology
A,USD,STD,INDL,C,OKTA,1/31/24,030736,OKTA INC,679295105,45,Information Technology
A,USD,STD,INDL,C,OKTA,1/31/25,030736,OKTA INC,679295105,45,Information Technology
I,USD,STD,INDL,C,APOL,8/31/04,031122,APOLLO EDUCATION GROUP INC,037604105,25,Consumer Discretionary
I,USD,STD,INDL,C,APOL,8/31/05,031122,APOLLO EDUCATION GROUP INC,037604105,25,Consumer Discretionary
I,USD,STD,INDL,C,APOL,8/31/06,031122,APOLLO EDUCATION GROUP INC,037604105,25,Consumer Discretionary
I,USD,STD,INDL,C,APOL,8/31/07,031122,APOLLO EDUCATION GROUP INC,037604105,25,Consumer Discretionary
I,USD,STD,INDL,C,APOL,8/31/08,031122,APOLLO EDUCATION GROUP INC,037604105,25,Consumer Discretionary
I,USD,STD,INDL,C,APOL,8/31/09,031122,APOLLO EDUCATION GROUP INC,037604105,25,Consumer Discretionary
I,USD,STD,INDL,C,APOL,8/31/10,031122,APOLLO EDUCATION GROUP INC,037604105,25,Consumer Discretionary
I,USD,STD,INDL,C,APOL,8/31/11,031122,APOLLO EDUCATION GROUP INC,037604105,25,Consumer Discretionary
I,USD,STD,INDL,C,APOL,8/31/12,031122,APOLLO EDUCATION GROUP INC,037604105,25,Consumer Discretionary
I,USD,STD,INDL,C,APOL,8/31/13,031122,APOLLO EDUCATION GROUP INC,037604105,25,Consumer Discretionary
I,USD,STD,INDL,C,APOL,8/31/14,031122,APOLLO EDUCATION GROUP INC,037604105,25,Consumer Discretionary
I,USD,STD,INDL,C,APOL,8/31/15,031122,APOLLO EDUCATION GROUP INC,037604105,25,Consumer Discretionary
I,USD,STD,INDL,C,APOL,8/31/16,031122,APOLLO EDUCATION GROUP INC,037604105,25,Consumer Discretionary
A,USD,STD,INDL,C,DLTR,1/31/04,031587,DOLLAR TREE INC,256746108,30,Consumer Staples
A,USD,STD,INDL,C,DLTR,1/31/05,031587,DOLLAR TREE INC,256746108,30,Consumer Staples
A,USD,STD,INDL,C,DLTR,1/31/06,031587,DOLLAR TREE INC,256746108,30,Consumer Staples
A,USD,STD,INDL,C,DLTR,1/31/07,031587,DOLLAR TREE INC,256746108,30,Consumer Staples
A,USD,STD,INDL,C,DLTR,1/31/08,031587,DOLLAR TREE INC,256746108,30,Consumer Staples
A,USD,STD,INDL,C,DLTR,1/31/09,031587,DOLLAR TREE INC,256746108,30,Consumer Staples
A,USD,STD,INDL,C,DLTR,1/31/10,031587,DOLLAR TREE INC,256746108,30,Consumer Staples
A,USD,STD,INDL,C,DLTR,1/31/11,031587,DOLLAR TREE INC,256746108,30,Consumer Staples
A,USD,STD,INDL,C,DLTR,1/31/12,031587,DOLLAR TREE INC,256746108,30,Consumer Staples
A,USD,STD,INDL,C,DLTR,1/31/13,031587,DOLLAR TREE INC,256746108,30,Consumer Staples
A,USD,STD,INDL,C,DLTR,1/31/14,031587,DOLLAR TREE INC,256746108,30,Consumer Staples
A,USD,STD,INDL,C,DLTR,1/31/15,031587,DOLLAR TREE INC,256746108,30,Consumer Staples
A,USD,STD,INDL,C,DLTR,1/31/16,031587,DOLLAR TREE INC,256746108,30,Consumer Staples
A,USD,STD,INDL,C,DLTR,1/31/17,031587,DOLLAR TREE INC,256746108,30,Consumer Staples
A,USD,STD,INDL,C,DLTR,1/31/18,031587,DOLLAR TREE INC,256746108,30,Consumer Staples
A,USD,STD,INDL,C,DLTR,1/31/19,031587,DOLLAR TREE INC,256746108,30,Consumer Staples
A,USD,STD,INDL,C,DLTR,1/31/20,031587,DOLLAR TREE INC,256746108,30,Consumer Staples
A,USD,STD,INDL,C,DLTR,1/31/21,031587,DOLLAR TREE INC,256746108,30,Consumer Staples
A,USD,STD,INDL,C,DLTR,1/31/22,031587,DOLLAR TREE INC,256746108,30,Consumer Staples
A,USD,STD,INDL,C,DLTR,1/31/23,031587,DOLLAR TREE INC,256746108,30,Consumer Staples
A,USD,STD,INDL,C,DLTR,1/31/24,031587,DOLLAR TREE INC,256746108,30,Consumer Staples
A,USD,STD,INDL,C,DLTR,1/31/25,031587,DOLLAR TREE INC,256746108,30,Consumer Staples
I,USD,STD,INDL,C,CTRX,12/31/04,031616,CATAMARAN CORP,148887102,35,Health Care
I,USD,STD,INDL,C,CTRX,12/31/05,031616,CATAMARAN CORP,148887102,35,Health Care
I,USD,STD,INDL,C,CTRX,12/31/06,031616,CATAMARAN CORP,148887102,35,Health Care
I,USD,STD,INDL,C,CTRX,12/31/07,031616,CATAMARAN CORP,148887102,35,Health Care
I,USD,STD,INDL,C,CTRX,12/31/08,031616,CATAMARAN CORP,148887102,35,Health Care
I,USD,STD,INDL,C,CTRX,12/31/09,031616,CATAMARAN CORP,148887102,35,Health Care
I,USD,STD,INDL,C,CTRX,12/31/10,031616,CATAMARAN CORP,148887102,35,Health Care
I,USD,STD,INDL,C,CTRX,12/31/11,031616,CATAMARAN CORP,148887102,35,Health Care
I,USD,STD,INDL,C,CTRX,12/31/12,031616,CATAMARAN CORP,148887102,35,Health Care
I,USD,STD,INDL,C,CTRX,12/31/13,031616,CATAMARAN CORP,148887102,35,Health Care
I,USD,STD,INDL,C,CTRX,12/31/14,031616,CATAMARAN CORP,148887102,35,Health Care
A,USD,STD,INDL,C,BKR,12/31/16,032106,BAKER HUGHES CO,05722G100,10,Energy
A,USD,STD,INDL,C,BKR,12/31/17,032106,BAKER HUGHES CO,05722G100,10,Energy
A,USD,STD,INDL,C,BKR,12/31/18,032106,BAKER HUGHES CO,05722G100,10,Energy
A,USD,STD,INDL,C,BKR,12/31/19,032106,BAKER HUGHES CO,05722G100,10,Energy
A,USD,STD,INDL,C,BKR,12/31/20,032106,BAKER HUGHES CO,05722G100,10,Energy
A,USD,STD,INDL,C,BKR,12/31/21,032106,BAKER HUGHES CO,05722G100,10,Energy
A,USD,STD,INDL,C,BKR,12/31/22,032106,BAKER HUGHES CO,05722G100,10,Energy
A,USD,STD,INDL,C,BKR,12/31/23,032106,BAKER HUGHES CO,05722G100,10,Energy
A,USD,STD,INDL,C,BKR,12/31/24,032106,BAKER HUGHES CO,05722G100,10,Energy
A,USD,STD,INDL,C,BKR,12/31/25,032106,BAKER HUGHES CO,05722G100,10,Energy
I,USD,STD,INDL,C,STRZA,12/31/04,032280,STARZ,85571Q102,25,Consumer Discretionary
I,USD,STD,INDL,C,STRZA,12/31/05,032280,STARZ,85571Q102,25,Consumer Discretionary
I,USD,STD,INDL,C,STRZA,12/31/06,032280,STARZ,85571Q102,25,Consumer Discretionary
I,USD,STD,INDL,C,STRZA,12/31/07,032280,STARZ,85571Q102,25,Consumer Discretionary
I,USD,STD,INDL,C,STRZA,12/31/08,032280,STARZ,85571Q102,25,Consumer Discretionary
I,USD,STD,INDL,C,STRZA,12/31/09,032280,STARZ,85571Q102,25,Consumer Discretionary
I,USD,STD,INDL,C,STRZA,12/31/10,032280,STARZ,85571Q102,25,Consumer Discretionary
I,USD,STD,INDL,C,STRZA,12/31/11,032280,STARZ,85571Q102,25,Consumer Discretionary
I,USD,STD,INDL,C,STRZA,12/31/12,032280,STARZ,85571Q102,25,Consumer Discretionary
I,USD,STD,INDL,C,STRZA,12/31/13,032280,STARZ,85571Q102,25,Consumer Discretionary
I,USD,STD,INDL,C,STRZA,12/31/14,032280,STARZ,85571Q102,25,Consumer Discretionary
I,USD,STD,INDL,C,STRZA,12/31/15,032280,STARZ,85571Q102,25,Consumer Discretionary
A,USD,STD,INDL,C,MDB,1/31/16,032526,MONGODB INC,60937P106,45,Information Technology
A,USD,STD,INDL,C,MDB,1/31/17,032526,MONGODB INC,60937P106,45,Information Technology
A,USD,STD,INDL,C,MDB,1/31/18,032526,MONGODB INC,60937P106,45,Information Technology
A,USD,STD,INDL,C,MDB,1/31/19,032526,MONGODB INC,60937P106,45,Information Technology
A,USD,STD,INDL,C,MDB,1/31/20,032526,MONGODB INC,60937P106,45,Information Technology
A,USD,STD,INDL,C,MDB,1/31/21,032526,MONGODB INC,60937P106,45,Information Technology
A,USD,STD,INDL,C,MDB,1/31/22,032526,MONGODB INC,60937P106,45,Information Technology
A,USD,STD,INDL,C,MDB,1/31/23,032526,MONGODB INC,60937P106,45,Information Technology
A,USD,STD,INDL,C,MDB,1/31/24,032526,MONGODB INC,60937P106,45,Information Technology
A,USD,STD,INDL,C,MDB,1/31/25,032526,MONGODB INC,60937P106,45,Information Technology
A,USD,STD,INDL,C,MDB,1/31/26,032526,MONGODB INC,60937P106,45,Information Technology
I,USD,STD,INDL,C,ALTR,12/31/15,032530,ALTAIR ENGINEERING INC,021369103,45,Information Technology
I,USD,STD,INDL,C,ALTR,12/31/16,032530,ALTAIR ENGINEERING INC,021369103,45,Information Technology
I,USD,STD,INDL,C,ALTR,12/31/17,032530,ALTAIR ENGINEERING INC,021369103,45,Information Technology
I,USD,STD,INDL,C,ALTR,12/31/18,032530,ALTAIR ENGINEERING INC,021369103,45,Information Technology
I,USD,STD,INDL,C,ALTR,12/31/19,032530,ALTAIR ENGINEERING INC,021369103,45,Information Technology
I,USD,STD,INDL,C,ALTR,12/31/20,032530,ALTAIR ENGINEERING INC,021369103,45,Information Technology
I,USD,STD,INDL,C,ALTR,12/31/21,032530,ALTAIR ENGINEERING INC,021369103,45,Information Technology
I,USD,STD,INDL,C,ALTR,12/31/22,032530,ALTAIR ENGINEERING INC,021369103,45,Information Technology
I,USD,STD,INDL,C,ALTR,12/31/23,032530,ALTAIR ENGINEERING INC,021369103,45,Information Technology
I,USD,STD,INDL,C,ALTR,12/31/24,032530,ALTAIR ENGINEERING INC,021369103,45,Information Technology
A,USD,STD,INDL,C,ZS,7/31/16,033037,ZSCALER INC,98980G102,45,Information Technology
A,USD,STD,INDL,C,ZS,7/31/17,033037,ZSCALER INC,98980G102,45,Information Technology
A,USD,STD,INDL,C,ZS,7/31/18,033037,ZSCALER INC,98980G102,45,Information Technology
A,USD,STD,INDL,C,ZS,7/31/19,033037,ZSCALER INC,98980G102,45,Information Technology
A,USD,STD,INDL,C,ZS,7/31/20,033037,ZSCALER INC,98980G102,45,Information Technology
A,USD,STD,INDL,C,ZS,7/31/21,033037,ZSCALER INC,98980G102,45,Information Technology
A,USD,STD,INDL,C,ZS,7/31/22,033037,ZSCALER INC,98980G102,45,Information Technology
A,USD,STD,INDL,C,ZS,7/31/23,033037,ZSCALER INC,98980G102,45,Information Technology
A,USD,STD,INDL,C,ZS,7/31/24,033037,ZSCALER INC,98980G102,45,Information Technology
A,USD,STD,INDL,C,ZS,7/31/25,033037,ZSCALER INC,98980G102,45,Information Technology
A,USD,STD,INDL,C,DOCU,1/31/16,033301,DOCUSIGN INC,256163106,45,Information Technology
A,USD,STD,INDL,C,DOCU,1/31/17,033301,DOCUSIGN INC,256163106,45,Information Technology
A,USD,STD,INDL,C,DOCU,1/31/18,033301,DOCUSIGN INC,256163106,45,Information Technology
A,USD,STD,INDL,C,DOCU,1/31/19,033301,DOCUSIGN INC,256163106,45,Information Technology
A,USD,STD,INDL,C,DOCU,1/31/20,033301,DOCUSIGN INC,256163106,45,Information Technology
A,USD,STD,INDL,C,DOCU,1/31/21,033301,DOCUSIGN INC,256163106,45,Information Technology
A,USD,STD,INDL,C,DOCU,1/31/22,033301,DOCUSIGN INC,256163106,45,Information Technology
A,USD,STD,INDL,C,DOCU,1/31/23,033301,DOCUSIGN INC,256163106,45,Information Technology
A,USD,STD,INDL,C,DOCU,1/31/24,033301,DOCUSIGN INC,256163106,45,Information Technology
A,USD,STD,INDL,C,DOCU,1/31/25,033301,DOCUSIGN INC,256163106,45,Information Technology
A,USD,STD,INDL,C,PDD,12/31/16,033861,PDD HOLDINGS INC,722304102,25,Consumer Discretionary
A,USD,STD,INDL,C,PDD,12/31/17,033861,PDD HOLDINGS INC,722304102,25,Consumer Discretionary
A,USD,STD,INDL,C,PDD,12/31/18,033861,PDD HOLDINGS INC,722304102,25,Consumer Discretionary
A,USD,STD,INDL,C,PDD,12/31/19,033861,PDD HOLDINGS INC,722304102,25,Consumer Discretionary
A,USD,STD,INDL,C,PDD,12/31/20,033861,PDD HOLDINGS INC,722304102,25,Consumer Discretionary
A,USD,STD,INDL,C,PDD,12/31/21,033861,PDD HOLDINGS INC,722304102,25,Consumer Discretionary
A,USD,STD,INDL,C,PDD,12/31/22,033861,PDD HOLDINGS INC,722304102,25,Consumer Discretionary
A,USD,STD,INDL,C,PDD,12/31/23,033861,PDD HOLDINGS INC,722304102,25,Consumer Discretionary
A,USD,STD,INDL,C,PDD,12/31/24,033861,PDD HOLDINGS INC,722304102,25,Consumer Discretionary
A,USD,STD,INDL,C,MRNA,12/31/16,034410,MODERNA INC,60770K107,35,Health Care
A,USD,STD,INDL,C,MRNA,12/31/17,034410,MODERNA INC,60770K107,35,Health Care
A,USD,STD,INDL,C,MRNA,12/31/18,034410,MODERNA INC,60770K107,35,Health Care
A,USD,STD,INDL,C,MRNA,12/31/19,034410,MODERNA INC,60770K107,35,Health Care
A,USD,STD,INDL,C,MRNA,12/31/20,034410,MODERNA INC,60770K107,35,Health Care
A,USD,STD,INDL,C,MRNA,12/31/21,034410,MODERNA INC,60770K107,35,Health Care
A,USD,STD,INDL,C,MRNA,12/31/22,034410,MODERNA INC,60770K107,35,Health Care
A,USD,STD,INDL,C,MRNA,12/31/23,034410,MODERNA INC,60770K107,35,Health Care
A,USD,STD,INDL,C,MRNA,12/31/24,034410,MODERNA INC,60770K107,35,Health Care
A,USD,STD,INDL,C,MRNA,12/31/25,034410,MODERNA INC,60770K107,35,Health Care
A,USD,STD,INDL,C,ZM,1/31/17,035005,ZOOM COMMUNICATIONS INC,98980L101,45,Information Technology
A,USD,STD,INDL,C,ZM,1/31/18,035005,ZOOM COMMUNICATIONS INC,98980L101,45,Information Technology
A,USD,STD,INDL,C,ZM,1/31/19,035005,ZOOM COMMUNICATIONS INC,98980L101,45,Information Technology
A,USD,STD,INDL,C,ZM,1/31/20,035005,ZOOM COMMUNICATIONS INC,98980L101,45,Information Technology
A,USD,STD,INDL,C,ZM,1/31/21,035005,ZOOM COMMUNICATIONS INC,98980L101,45,Information Technology
A,USD,STD,INDL,C,ZM,1/31/22,035005,ZOOM COMMUNICATIONS INC,98980L101,45,Information Technology
A,USD,STD,INDL,C,ZM,1/31/23,035005,ZOOM COMMUNICATIONS INC,98980L101,45,Information Technology
A,USD,STD,INDL,C,ZM,1/31/24,035005,ZOOM COMMUNICATIONS INC,98980L101,45,Information Technology
A,USD,STD,INDL,C,ZM,1/31/25,035005,ZOOM COMMUNICATIONS INC,98980L101,45,Information Technology
A,USD,STD,INDL,C,ZM,1/31/26,035005,ZOOM COMMUNICATIONS INC,98980L101,45,Information Technology
A,USD,STD,INDL,C,CRWD,1/31/17,035182,CROWDSTRIKE HOLDINGS INC,22788C105,45,Information Technology
A,USD,STD,INDL,C,CRWD,1/31/18,035182,CROWDSTRIKE HOLDINGS INC,22788C105,45,Information Technology
A,USD,STD,INDL,C,CRWD,1/31/19,035182,CROWDSTRIKE HOLDINGS INC,22788C105,45,Information Technology
A,USD,STD,INDL,C,CRWD,1/31/20,035182,CROWDSTRIKE HOLDINGS INC,22788C105,45,Information Technology
A,USD,STD,INDL,C,CRWD,1/31/21,035182,CROWDSTRIKE HOLDINGS INC,22788C105,45,Information Technology
A,USD,STD,INDL,C,CRWD,1/31/22,035182,CROWDSTRIKE HOLDINGS INC,22788C105,45,Information Technology
A,USD,STD,INDL,C,CRWD,1/31/23,035182,CROWDSTRIKE HOLDINGS INC,22788C105,45,Information Technology
A,USD,STD,INDL,C,CRWD,1/31/24,035182,CROWDSTRIKE HOLDINGS INC,22788C105,45,Information Technology
A,USD,STD,INDL,C,CRWD,1/31/25,035182,CROWDSTRIKE HOLDINGS INC,22788C105,45,Information Technology
A,USD,STD,INDL,C,DDOG,12/31/17,035620,DATADOG INC,23804L103,45,Information Technology
A,USD,STD,INDL,C,DDOG,12/31/18,035620,DATADOG INC,23804L103,45,Information Technology
A,USD,STD,INDL,C,DDOG,12/31/19,035620,DATADOG INC,23804L103,45,Information Technology
A,USD,STD,INDL,C,DDOG,12/31/20,035620,DATADOG INC,23804L103,45,Information Technology
A,USD,STD,INDL,C,DDOG,12/31/21,035620,DATADOG INC,23804L103,45,Information Technology
A,USD,STD,INDL,C,DDOG,12/31/22,035620,DATADOG INC,23804L103,45,Information Technology
A,USD,STD,INDL,C,DDOG,12/31/23,035620,DATADOG INC,23804L103,45,Information Technology
A,USD,STD,INDL,C,DDOG,12/31/24,035620,DATADOG INC,23804L103,45,Information Technology
A,USD,STD,INDL,C,DDOG,12/31/25,035620,DATADOG INC,23804L103,45,Information Technology
A,USD,STD,INDL,C,PTON,6/30/17,035627,PELOTON INTERACTIVE INC,70614W100,25,Consumer Discretionary
A,USD,STD,INDL,C,PTON,6/30/18,035627,PELOTON INTERACTIVE INC,70614W100,25,Consumer Discretionary
A,USD,STD,INDL,C,PTON,6/30/19,035627,PELOTON INTERACTIVE INC,70614W100,25,Consumer Discretionary
A,USD,STD,INDL,C,PTON,6/30/20,035627,PELOTON INTERACTIVE INC,70614W100,25,Consumer Discretionary
A,USD,STD,INDL,C,PTON,6/30/21,035627,PELOTON INTERACTIVE INC,70614W100,25,Consumer Discretionary
A,USD,STD,INDL,C,PTON,6/30/22,035627,PELOTON INTERACTIVE INC,70614W100,25,Consumer Discretionary
A,USD,STD,INDL,C,PTON,6/30/23,035627,PELOTON INTERACTIVE INC,70614W100,25,Consumer Discretionary
A,USD,STD,INDL,C,PTON,6/30/24,035627,PELOTON INTERACTIVE INC,70614W100,25,Consumer Discretionary
A,USD,STD,INDL,C,PTON,6/30/25,035627,PELOTON INTERACTIVE INC,70614W100,25,Consumer Discretionary
A,USD,STD,INDL,C,PLTR,12/31/18,036910,PALANTIR TECHNOLOG INC,69608A108,45,Information Technology
A,USD,STD,INDL,C,PLTR,12/31/19,036910,PALANTIR TECHNOLOG INC,69608A108,45,Information Technology
A,USD,STD,INDL,C,PLTR,12/31/20,036910,PALANTIR TECHNOLOG INC,69608A108,45,Information Technology
A,USD,STD,INDL,C,PLTR,12/31/21,036910,PALANTIR TECHNOLOG INC,69608A108,45,Information Technology
A,USD,STD,INDL,C,PLTR,12/31/22,036910,PALANTIR TECHNOLOG INC,69608A108,45,Information Technology
A,USD,STD,INDL,C,PLTR,12/31/23,036910,PALANTIR TECHNOLOG INC,69608A108,45,Information Technology
A,USD,STD,INDL,C,PLTR,12/31/24,036910,PALANTIR TECHNOLOG INC,69608A108,45,Information Technology
A,USD,STD,INDL,C,PLTR,12/31/25,036910,PALANTIR TECHNOLOG INC,69608A108,45,Information Technology
A,USD,STD,INDL,C,DASH,12/31/18,037420,DOORDASH INC,25809K105,25,Consumer Discretionary
A,USD,STD,INDL,C,DASH,12/31/19,037420,DOORDASH INC,25809K105,25,Consumer Discretionary
A,USD,STD,INDL,C,DASH,12/31/20,037420,DOORDASH INC,25809K105,25,Consumer Discretionary
A,USD,STD,INDL,C,DASH,12/31/21,037420,DOORDASH INC,25809K105,25,Consumer Discretionary
A,USD,STD,INDL,C,DASH,12/31/22,037420,DOORDASH INC,25809K105,25,Consumer Discretionary
A,USD,STD,INDL,C,DASH,12/31/23,037420,DOORDASH INC,25809K105,25,Consumer Discretionary
A,USD,STD,INDL,C,DASH,12/31/24,037420,DOORDASH INC,25809K105,25,Consumer Discretionary
A,USD,STD,INDL,C,DASH,12/31/25,037420,DOORDASH INC,25809K105,25,Consumer Discretionary
A,USD,STD,INDL,C,ABNB,12/31/16,037460,AIRBNB INC,009066101,25,Consumer Discretionary
A,USD,STD,INDL,C,ABNB,12/31/17,037460,AIRBNB INC,009066101,25,Consumer Discretionary
A,USD,STD,INDL,C,ABNB,12/31/18,037460,AIRBNB INC,009066101,25,Consumer Discretionary
A,USD,STD,INDL,C,ABNB,12/31/19,037460,AIRBNB INC,009066101,25,Consumer Discretionary
A,USD,STD,INDL,C,ABNB,12/31/20,037460,AIRBNB INC,009066101,25,Consumer Discretionary
A,USD,STD,INDL,C,ABNB,12/31/21,037460,AIRBNB INC,009066101,25,Consumer Discretionary
A,USD,STD,INDL,C,ABNB,12/31/22,037460,AIRBNB INC,009066101,25,Consumer Discretionary
A,USD,STD,INDL,C,ABNB,12/31/23,037460,AIRBNB INC,009066101,25,Consumer Discretionary
A,USD,STD,INDL,C,ABNB,12/31/24,037460,AIRBNB INC,009066101,25,Consumer Discretionary
A,USD,STD,INDL,C,ABNB,12/31/25,037460,AIRBNB INC,009066101,25,Consumer Discretionary
A,USD,STD,INDL,C,APP,12/31/19,038212,APPLOVIN CORP,03831W108,45,Information Technology
A,USD,STD,INDL,C,APP,12/31/20,038212,APPLOVIN CORP,03831W108,45,Information Technology
A,USD,STD,INDL,C,APP,12/31/21,038212,APPLOVIN CORP,03831W108,45,Information Technology
A,USD,STD,INDL,C,APP,12/31/22,038212,APPLOVIN CORP,03831W108,45,Information Technology
A,USD,STD,INDL,C,APP,12/31/23,038212,APPLOVIN CORP,03831W108,45,Information Technology
A,USD,STD,INDL,C,APP,12/31/24,038212,APPLOVIN CORP,03831W108,45,Information Technology
A,USD,STD,INDL,C,APP,12/31/25,038212,APPLOVIN CORP,03831W108,45,Information Technology
A,USD,STD,INDL,C,LCID,12/31/19,039337,LUCID GROUP INC,549498202,25,Consumer Discretionary
A,USD,STD,INDL,C,LCID,12/31/20,039337,LUCID GROUP INC,549498202,25,Consumer Discretionary
A,USD,STD,INDL,C,LCID,12/31/21,039337,LUCID GROUP INC,549498202,25,Consumer Discretionary
A,USD,STD,INDL,C,LCID,12/31/22,039337,LUCID GROUP INC,549498202,25,Consumer Discretionary
A,USD,STD,INDL,C,LCID,12/31/23,039337,LUCID GROUP INC,549498202,25,Consumer Discretionary
A,USD,STD,INDL,C,LCID,12/31/24,039337,LUCID GROUP INC,549498202,25,Consumer Discretionary
A,USD,STD,INDL,C,RIVN,12/31/19,039811,RIVIAN AUTOMOTIVE INC,76954A103,25,Consumer Discretionary
A,USD,STD,INDL,C,RIVN,12/31/20,039811,RIVIAN AUTOMOTIVE INC,76954A103,25,Consumer Discretionary
A,USD,STD,INDL,C,RIVN,12/31/21,039811,RIVIAN AUTOMOTIVE INC,76954A103,25,Consumer Discretionary
A,USD,STD,INDL,C,RIVN,12/31/22,039811,RIVIAN AUTOMOTIVE INC,76954A103,25,Consumer Discretionary
A,USD,STD,INDL,C,RIVN,12/31/23,039811,RIVIAN AUTOMOTIVE INC,76954A103,25,Consumer Discretionary
A,USD,STD,INDL,C,RIVN,12/31/24,039811,RIVIAN AUTOMOTIVE INC,76954A103,25,Consumer Discretionary
A,USD,STD,INDL,C,RIVN,12/31/25,039811,RIVIAN AUTOMOTIVE INC,76954A103,25,Consumer Discretionary
A,USD,STD,INDL,C,GFS,12/31/18,039822,GLOBALFOUNDRIES INC,G39387108,45,Information Technology
A,USD,STD,INDL,C,GFS,12/31/19,039822,GLOBALFOUNDRIES INC,G39387108,45,Information Technology
A,USD,STD,INDL,C,GFS,12/31/20,039822,GLOBALFOUNDRIES INC,G39387108,45,Information Technology
A,USD,STD,INDL,C,GFS,12/31/21,039822,GLOBALFOUNDRIES INC,G39387108,45,Information Technology
A,USD,STD,INDL,C,GFS,12/31/22,039822,GLOBALFOUNDRIES INC,G39387108,45,Information Technology
A,USD,STD,INDL,C,GFS,12/31/23,039822,GLOBALFOUNDRIES INC,G39387108,45,Information Technology
A,USD,STD,INDL,C,GFS,12/31/24,039822,GLOBALFOUNDRIES INC,G39387108,45,Information Technology
A,USD,STD,INDL,C,JAVA,12/31/21,039824,JPMORGAN ACTIVE VALUE ETF,46641Q167,,#N/A
A,USD,STD,INDL,C,JAVA,12/31/22,039824,JPMORGAN ACTIVE VALUE ETF,46641Q167,,#N/A
A,USD,STD,INDL,C,JAVA,12/31/23,039824,JPMORGAN ACTIVE VALUE ETF,46641Q167,,#N/A
A,USD,STD,INDL,C,JAVA,12/31/24,039824,JPMORGAN ACTIVE VALUE ETF,46641Q167,,#N/A
A,USD,STD,INDL,C,JAVA,12/31/25,039824,JPMORGAN ACTIVE VALUE ETF,46641Q167,,#N/A
A,USD,STD,INDL,C,CEG,12/31/20,040614,CONSTELLATION ENE CORP,21037T109,55,Utilities
A,USD,STD,INDL,C,CEG,12/31/21,040614,CONSTELLATION ENE CORP,21037T109,55,Utilities
A,USD,STD,INDL,C,CEG,12/31/22,040614,CONSTELLATION ENE CORP,21037T109,55,Utilities
A,USD,STD,INDL,C,CEG,12/31/23,040614,CONSTELLATION ENE CORP,21037T109,55,Utilities
A,USD,STD,INDL,C,CEG,12/31/24,040614,CONSTELLATION ENE CORP,21037T109,55,Utilities
A,USD,STD,INDL,C,CEG,12/31/25,040614,CONSTELLATION ENE CORP,21037T109,55,Utilities
A,USD,STD,INDL,C,MEDI,12/31/22,041792,HARBOR HEALTH CARE ETF,41151J869,,#N/A
A,USD,STD,INDL,C,MEDI,12/31/23,041792,HARBOR HEALTH CARE ETF,41151J869,,#N/A
A,USD,STD,INDL,C,MEDI,12/31/24,041792,HARBOR HEALTH CARE ETF,41151J869,,#N/A
A,USD,STD,INDL,C,MEDI,12/31/25,041792,HARBOR HEALTH CARE ETF,41151J869,,#N/A
A,USD,STD,INDL,C,GEHC,12/31/19,041818,GE HEALTHCARE TECHNOLOGI INC,36266G107,35,Health Care
A,USD,STD,INDL,C,GEHC,12/31/20,041818,GE HEALTHCARE TECHNOLOGI INC,36266G107,35,Health Care
A,USD,STD,INDL,C,GEHC,12/31/21,041818,GE HEALTHCARE TECHNOLOGI INC,36266G107,35,Health Care
A,USD,STD,INDL,C,GEHC,12/31/22,041818,GE HEALTHCARE TECHNOLOGI INC,36266G107,35,Health Care
A,USD,STD,INDL,C,GEHC,12/31/23,041818,GE HEALTHCARE TECHNOLOGI INC,36266G107,35,Health Care
A,USD,STD,INDL,C,GEHC,12/31/24,041818,GE HEALTHCARE TECHNOLOGI INC,36266G107,35,Health Care
A,USD,STD,INDL,C,GEHC,12/31/25,041818,GE HEALTHCARE TECHNOLOGI INC,36266G107,35,Health Care
A,USD,STD,INDL,C,ARM,3/31/21,043285,ARM HOLDINGS PLC,042068205,45,Information Technology
A,USD,STD,INDL,C,ARM,3/31/22,043285,ARM HOLDINGS PLC,042068205,45,Information Technology
A,USD,STD,INDL,C,ARM,3/31/23,043285,ARM HOLDINGS PLC,042068205,45,Information Technology
A,USD,STD,INDL,C,ARM,3/31/24,043285,ARM HOLDINGS PLC,042068205,45,Information Technology
A,USD,STD,INDL,C,ARM,3/31/25,043285,ARM HOLDINGS PLC,042068205,45,Information Technology
A,USD,STD,INDL,C,CA,12/31/23,045004,XTRACKERS CALIFORNIA MUNI BD,23306X852,,#N/A
A,USD,STD,INDL,C,CA,12/31/24,045004,XTRACKERS CALIFORNIA MUNI BD,23306X852,,#N/A
A,USD,STD,INDL,C,CA,12/31/25,045004,XTRACKERS CALIFORNIA MUNI BD,23306X852,,#N/A
A,USD,STD,INDL,C,GRAL,12/31/21,045458,GRAIL INC,384747101,35,Health Care
A,USD,STD,INDL,C,GRAL,12/31/22,045458,GRAIL INC,384747101,35,Health Care
A,USD,STD,INDL,C,GRAL,12/31/23,045458,GRAIL INC,384747101,35,Health Care
A,USD,STD,INDL,C,GRAL,12/31/24,045458,GRAIL INC,384747101,35,Health Care
A,USD,STD,INDL,C,GRAL,12/31/25,045458,GRAIL INC,384747101,35,Health Care
A,USD,STD,INDL,C,SNDK,6/30/22,051008,SANDISK CORP,80004C200,45,Information Technology
A,USD,STD,INDL,C,SNDK,6/30/23,051008,SANDISK CORP,80004C200,45,Information Technology
A,USD,STD,INDL,C,SNDK,6/30/24,051008,SANDISK CORP,80004C200,45,Information Technology
A,USD,STD,INDL,C,SNDK,6/30/25,051008,SANDISK CORP,80004C200,45,Information Technology
I,USD,STD,INDL,C,DISH,12/31/04,060900,DISH NETWORK CORP,25470M109,50,Communication Services
I,USD,STD,INDL,C,DISH,12/31/05,060900,DISH NETWORK CORP,25470M109,50,Communication Services
I,USD,STD,INDL,C,DISH,12/31/06,060900,DISH NETWORK CORP,25470M109,50,Communication Services
I,USD,STD,INDL,C,DISH,12/31/07,060900,DISH NETWORK CORP,25470M109,50,Communication Services
I,USD,STD,INDL,C,DISH,12/31/08,060900,DISH NETWORK CORP,25470M109,50,Communication Services
I,USD,STD,INDL,C,DISH,12/31/09,060900,DISH NETWORK CORP,25470M109,50,Communication Services
I,USD,STD,INDL,C,DISH,12/31/10,060900,DISH NETWORK CORP,25470M109,50,Communication Services
I,USD,STD,INDL,C,DISH,12/31/11,060900,DISH NETWORK CORP,25470M109,50,Communication Services
I,USD,STD,INDL,C,DISH,12/31/12,060900,DISH NETWORK CORP,25470M109,50,Communication Services
I,USD,STD,INDL,C,DISH,12/31/13,060900,DISH NETWORK CORP,25470M109,50,Communication Services
I,USD,STD,INDL,C,DISH,12/31/14,060900,DISH NETWORK CORP,25470M109,50,Communication Services
I,USD,STD,INDL,C,DISH,12/31/15,060900,DISH NETWORK CORP,25470M109,50,Communication Services
I,USD,STD,INDL,C,DISH,12/31/16,060900,DISH NETWORK CORP,25470M109,50,Communication Services
I,USD,STD,INDL,C,DISH,12/31/17,060900,DISH NETWORK CORP,25470M109,50,Communication Services
I,USD,STD,INDL,C,DISH,12/31/18,060900,DISH NETWORK CORP,25470M109,50,Communication Services
I,USD,STD,INDL,C,DISH,12/31/19,060900,DISH NETWORK CORP,25470M109,50,Communication Services
I,USD,STD,INDL,C,DISH,12/31/20,060900,DISH NETWORK CORP,25470M109,50,Communication Services
I,USD,STD,INDL,C,DISH,12/31/21,060900,DISH NETWORK CORP,25470M109,50,Communication Services
I,USD,STD,INDL,C,DISH,12/31/22,060900,DISH NETWORK CORP,25470M109,50,Communication Services
A,USD,STD,INDL,C,ASML,12/31/04,061214,ASML HOLDING NV,N07059210,45,Information Technology
A,USD,STD,INDL,C,ASML,12/31/05,061214,ASML HOLDING NV,N07059210,45,Information Technology
A,USD,STD,INDL,C,ASML,12/31/06,061214,ASML HOLDING NV,N07059210,45,Information Technology
A,USD,STD,INDL,C,ASML,12/31/07,061214,ASML HOLDING NV,N07059210,45,Information Technology
A,USD,STD,INDL,C,ASML,12/31/08,061214,ASML HOLDING NV,N07059210,45,Information Technology
A,USD,STD,INDL,C,ASML,12/31/09,061214,ASML HOLDING NV,N07059210,45,Information Technology
A,USD,STD,INDL,C,ASML,12/31/10,061214,ASML HOLDING NV,N07059210,45,Information Technology
A,USD,STD,INDL,C,ASML,12/31/11,061214,ASML HOLDING NV,N07059210,45,Information Technology
A,USD,STD,INDL,C,ASML,12/31/12,061214,ASML HOLDING NV,N07059210,45,Information Technology
A,USD,STD,INDL,C,ASML,12/31/13,061214,ASML HOLDING NV,N07059210,45,Information Technology
A,USD,STD,INDL,C,ASML,12/31/14,061214,ASML HOLDING NV,N07059210,45,Information Technology
A,USD,STD,INDL,C,ASML,12/31/15,061214,ASML HOLDING NV,N07059210,45,Information Technology
A,USD,STD,INDL,C,ASML,12/31/16,061214,ASML HOLDING NV,N07059210,45,Information Technology
A,USD,STD,INDL,C,ASML,12/31/17,061214,ASML HOLDING NV,N07059210,45,Information Technology
A,USD,STD,INDL,C,ASML,12/31/18,061214,ASML HOLDING NV,N07059210,45,Information Technology
A,USD,STD,INDL,C,ASML,12/31/19,061214,ASML HOLDING NV,N07059210,45,Information Technology
A,USD,STD,INDL,C,ASML,12/31/20,061214,ASML HOLDING NV,N07059210,45,Information Technology
A,USD,STD,INDL,C,ASML,12/31/21,061214,ASML HOLDING NV,N07059210,45,Information Technology
A,USD,STD,INDL,C,ASML,12/31/22,061214,ASML HOLDING NV,N07059210,45,Information Technology
A,USD,STD,INDL,C,ASML,12/31/23,061214,ASML HOLDING NV,N07059210,45,Information Technology
A,USD,STD,INDL,C,ASML,12/31/24,061214,ASML HOLDING NV,N07059210,45,Information Technology
A,USD,STD,INDL,C,ASML,12/31/25,061214,ASML HOLDING NV,N07059210,45,Information Technology
I,USD,STD,INDL,C,CKFR,6/30/04,061355,CHECKFREE CORP,162813109,45,Information Technology
I,USD,STD,INDL,C,CKFR,6/30/05,061355,CHECKFREE CORP,162813109,45,Information Technology
I,USD,STD,INDL,C,CKFR,6/30/06,061355,CHECKFREE CORP,162813109,45,Information Technology
I,USD,STD,INDL,C,CKFR,6/30/07,061355,CHECKFREE CORP,162813109,45,Information Technology
A,USD,STD,INDL,C,HSIC,12/31/04,061494,HENRY SCHEIN INC,806407102,35,Health Care
A,USD,STD,INDL,C,HSIC,12/31/05,061494,HENRY SCHEIN INC,806407102,35,Health Care
A,USD,STD,INDL,C,HSIC,12/31/06,061494,HENRY SCHEIN INC,806407102,35,Health Care
A,USD,STD,INDL,C,HSIC,12/31/07,061494,HENRY SCHEIN INC,806407102,35,Health Care
A,USD,STD,INDL,C,HSIC,12/31/08,061494,HENRY SCHEIN INC,806407102,35,Health Care
A,USD,STD,INDL,C,HSIC,12/31/09,061494,HENRY SCHEIN INC,806407102,35,Health Care
A,USD,STD,INDL,C,HSIC,12/31/10,061494,HENRY SCHEIN INC,806407102,35,Health Care
A,USD,STD,INDL,C,HSIC,12/31/11,061494,HENRY SCHEIN INC,806407102,35,Health Care
A,USD,STD,INDL,C,HSIC,12/31/12,061494,HENRY SCHEIN INC,806407102,35,Health Care
A,USD,STD,INDL,C,HSIC,12/31/13,061494,HENRY SCHEIN INC,806407102,35,Health Care
A,USD,STD,INDL,C,HSIC,12/31/14,061494,HENRY SCHEIN INC,806407102,35,Health Care
A,USD,STD,INDL,C,HSIC,12/31/15,061494,HENRY SCHEIN INC,806407102,35,Health Care
A,USD,STD,INDL,C,HSIC,12/31/16,061494,HENRY SCHEIN INC,806407102,35,Health Care
A,USD,STD,INDL,C,HSIC,12/31/17,061494,HENRY SCHEIN INC,806407102,35,Health Care
A,USD,STD,INDL,C,HSIC,12/31/18,061494,HENRY SCHEIN INC,806407102,35,Health Care
A,USD,STD,INDL,C,HSIC,12/31/19,061494,HENRY SCHEIN INC,806407102,35,Health Care
A,USD,STD,INDL,C,HSIC,12/31/20,061494,HENRY SCHEIN INC,806407102,35,Health Care
A,USD,STD,INDL,C,HSIC,12/31/21,061494,HENRY SCHEIN INC,806407102,35,Health Care
A,USD,STD,INDL,C,HSIC,12/31/22,061494,HENRY SCHEIN INC,806407102,35,Health Care
A,USD,STD,INDL,C,HSIC,12/31/23,061494,HENRY SCHEIN INC,806407102,35,Health Care
A,USD,STD,INDL,C,HSIC,12/31/24,061494,HENRY SCHEIN INC,806407102,35,Health Care
A,USD,STD,INDL,C,HSIC,12/31/25,061494,HENRY SCHEIN INC,806407102,35,Health Care
A,USD,STD,INDL,C,NTAP,4/30/04,061591,NETAPP INC,64110D104,45,Information Technology
A,USD,STD,INDL,C,NTAP,4/30/05,061591,NETAPP INC,64110D104,45,Information Technology
A,USD,STD,INDL,C,NTAP,4/30/06,061591,NETAPP INC,64110D104,45,Information Technology
A,USD,STD,INDL,C,NTAP,4/30/07,061591,NETAPP INC,64110D104,45,Information Technology
A,USD,STD,INDL,C,NTAP,4/30/08,061591,NETAPP INC,64110D104,45,Information Technology
A,USD,STD,INDL,C,NTAP,4/30/09,061591,NETAPP INC,64110D104,45,Information Technology
A,USD,STD,INDL,C,NTAP,4/30/10,061591,NETAPP INC,64110D104,45,Information Technology
A,USD,STD,INDL,C,NTAP,4/30/11,061591,NETAPP INC,64110D104,45,Information Technology
A,USD,STD,INDL,C,NTAP,4/30/12,061591,NETAPP INC,64110D104,45,Information Technology
A,USD,STD,INDL,C,NTAP,4/30/13,061591,NETAPP INC,64110D104,45,Information Technology
A,USD,STD,INDL,C,NTAP,4/30/14,061591,NETAPP INC,64110D104,45,Information Technology
A,USD,STD,INDL,C,NTAP,4/30/15,061591,NETAPP INC,64110D104,45,Information Technology
A,USD,STD,INDL,C,NTAP,4/30/16,061591,NETAPP INC,64110D104,45,Information Technology
A,USD,STD,INDL,C,NTAP,4/30/17,061591,NETAPP INC,64110D104,45,Information Technology
A,USD,STD,INDL,C,NTAP,4/30/18,061591,NETAPP INC,64110D104,45,Information Technology
A,USD,STD,INDL,C,NTAP,4/30/19,061591,NETAPP INC,64110D104,45,Information Technology
A,USD,STD,INDL,C,NTAP,4/30/20,061591,NETAPP INC,64110D104,45,Information Technology
A,USD,STD,INDL,C,NTAP,4/30/21,061591,NETAPP INC,64110D104,45,Information Technology
A,USD,STD,INDL,C,NTAP,4/30/22,061591,NETAPP INC,64110D104,45,Information Technology
A,USD,STD,INDL,C,NTAP,4/30/23,061591,NETAPP INC,64110D104,45,Information Technology
A,USD,STD,INDL,C,NTAP,4/30/24,061591,NETAPP INC,64110D104,45,Information Technology
A,USD,STD,INDL,C,NTAP,4/30/25,061591,NETAPP INC,64110D104,45,Information Technology
I,USD,STD,INDL,C,PIXR,12/31/04,061627,PIXAR,725811103,25,Consumer Discretionary
I,USD,STD,INDL,C,PIXR,12/31/05,061627,PIXAR,725811103,25,Consumer Discretionary
I,USD,STD,INDL,C,CTXS,12/31/04,061676,CITRIX SYSTEMS INC,177376100,45,Information Technology
I,USD,STD,INDL,C,CTXS,12/31/05,061676,CITRIX SYSTEMS INC,177376100,45,Information Technology
I,USD,STD,INDL,C,CTXS,12/31/06,061676,CITRIX SYSTEMS INC,177376100,45,Information Technology
I,USD,STD,INDL,C,CTXS,12/31/07,061676,CITRIX SYSTEMS INC,177376100,45,Information Technology
I,USD,STD,INDL,C,CTXS,12/31/08,061676,CITRIX SYSTEMS INC,177376100,45,Information Technology
I,USD,STD,INDL,C,CTXS,12/31/09,061676,CITRIX SYSTEMS INC,177376100,45,Information Technology
I,USD,STD,INDL,C,CTXS,12/31/10,061676,CITRIX SYSTEMS INC,177376100,45,Information Technology
I,USD,STD,INDL,C,CTXS,12/31/11,061676,CITRIX SYSTEMS INC,177376100,45,Information Technology
I,USD,STD,INDL,C,CTXS,12/31/12,061676,CITRIX SYSTEMS INC,177376100,45,Information Technology
I,USD,STD,INDL,C,CTXS,12/31/13,061676,CITRIX SYSTEMS INC,177376100,45,Information Technology
I,USD,STD,INDL,C,CTXS,12/31/14,061676,CITRIX SYSTEMS INC,177376100,45,Information Technology
I,USD,STD,INDL,C,CTXS,12/31/15,061676,CITRIX SYSTEMS INC,177376100,45,Information Technology
I,USD,STD,INDL,C,CTXS,12/31/16,061676,CITRIX SYSTEMS INC,177376100,45,Information Technology
I,USD,STD,INDL,C,CTXS,12/31/17,061676,CITRIX SYSTEMS INC,177376100,45,Information Technology
I,USD,STD,INDL,C,CTXS,12/31/18,061676,CITRIX SYSTEMS INC,177376100,45,Information Technology
I,USD,STD,INDL,C,CTXS,12/31/19,061676,CITRIX SYSTEMS INC,177376100,45,Information Technology
I,USD,STD,INDL,C,CTXS,12/31/20,061676,CITRIX SYSTEMS INC,177376100,45,Information Technology
I,USD,STD,INDL,C,CTXS,12/31/21,061676,CITRIX SYSTEMS INC,177376100,45,Information Technology
I,USD,STD,INDL,C,NUAN,9/30/04,061685,NUANCE COMMUNICATIONS INC,67020Y100,45,Information Technology
I,USD,STD,INDL,C,NUAN,9/30/05,061685,NUANCE COMMUNICATIONS INC,67020Y100,45,Information Technology
I,USD,STD,INDL,C,NUAN,9/30/06,061685,NUANCE COMMUNICATIONS INC,67020Y100,45,Information Technology
I,USD,STD,INDL,C,NUAN,9/30/07,061685,NUANCE COMMUNICATIONS INC,67020Y100,45,Information Technology
I,USD,STD,INDL,C,NUAN,9/30/08,061685,NUANCE COMMUNICATIONS INC,67020Y100,45,Information Technology
I,USD,STD,INDL,C,NUAN,9/30/09,061685,NUANCE COMMUNICATIONS INC,67020Y100,45,Information Technology
I,USD,STD,INDL,C,NUAN,9/30/10,061685,NUANCE COMMUNICATIONS INC,67020Y100,45,Information Technology
I,USD,STD,INDL,C,NUAN,9/30/11,061685,NUANCE COMMUNICATIONS INC,67020Y100,45,Information Technology
I,USD,STD,INDL,C,NUAN,9/30/12,061685,NUANCE COMMUNICATIONS INC,67020Y100,45,Information Technology
I,USD,STD,INDL,C,NUAN,9/30/13,061685,NUANCE COMMUNICATIONS INC,67020Y100,45,Information Technology
I,USD,STD,INDL,C,NUAN,9/30/14,061685,NUANCE COMMUNICATIONS INC,67020Y100,45,Information Technology
I,USD,STD,INDL,C,NUAN,9/30/15,061685,NUANCE COMMUNICATIONS INC,67020Y100,45,Information Technology
I,USD,STD,INDL,C,NUAN,9/30/16,061685,NUANCE COMMUNICATIONS INC,67020Y100,45,Information Technology
I,USD,STD,INDL,C,NUAN,9/30/17,061685,NUANCE COMMUNICATIONS INC,67020Y100,45,Information Technology
I,USD,STD,INDL,C,NUAN,9/30/18,061685,NUANCE COMMUNICATIONS INC,67020Y100,45,Information Technology
I,USD,STD,INDL,C,NUAN,9/30/19,061685,NUANCE COMMUNICATIONS INC,67020Y100,45,Information Technology
I,USD,STD,INDL,C,NUAN,9/30/20,061685,NUANCE COMMUNICATIONS INC,67020Y100,45,Information Technology
I,USD,STD,INDL,C,NUAN,9/30/21,061685,NUANCE COMMUNICATIONS INC,67020Y100,45,Information Technology
I,USD,STD,INDL,C,PPDI,12/31/04,061871,PHARMACEUTICAL PROD DEV INC,717124101,35,Health Care
I,USD,STD,INDL,C,PPDI,12/31/05,061871,PHARMACEUTICAL PROD DEV INC,717124101,35,Health Care
I,USD,STD,INDL,C,PPDI,12/31/06,061871,PHARMACEUTICAL PROD DEV INC,717124101,35,Health Care
I,USD,STD,INDL,C,PPDI,12/31/07,061871,PHARMACEUTICAL PROD DEV INC,717124101,35,Health Care
I,USD,STD,INDL,C,PPDI,12/31/08,061871,PHARMACEUTICAL PROD DEV INC,717124101,35,Health Care
I,USD,STD,INDL,C,PPDI,12/31/09,061871,PHARMACEUTICAL PROD DEV INC,717124101,35,Health Care
I,USD,STD,INDL,C,PPDI,12/31/10,061871,PHARMACEUTICAL PROD DEV INC,717124101,35,Health Care
I,USD,STD,INDL,C,ALXN,7/31/04,062263,ALEXION PHARMACEUTICALS INC,015351109,35,Health Care
I,USD,STD,INDL,C,ALXN,7/31/05,062263,ALEXION PHARMACEUTICALS INC,015351109,35,Health Care
I,USD,STD,INDL,C,ALXN,12/31/06,062263,ALEXION PHARMACEUTICALS INC,015351109,35,Health Care
I,USD,STD,INDL,C,ALXN,12/31/07,062263,ALEXION PHARMACEUTICALS INC,015351109,35,Health Care
I,USD,STD,INDL,C,ALXN,12/31/08,062263,ALEXION PHARMACEUTICALS INC,015351109,35,Health Care
I,USD,STD,INDL,C,ALXN,12/31/09,062263,ALEXION PHARMACEUTICALS INC,015351109,35,Health Care
I,USD,STD,INDL,C,ALXN,12/31/10,062263,ALEXION PHARMACEUTICALS INC,015351109,35,Health Care
I,USD,STD,INDL,C,ALXN,12/31/11,062263,ALEXION PHARMACEUTICALS INC,015351109,35,Health Care
I,USD,STD,INDL,C,ALXN,12/31/12,062263,ALEXION PHARMACEUTICALS INC,015351109,35,Health Care
I,USD,STD,INDL,C,ALXN,12/31/13,062263,ALEXION PHARMACEUTICALS INC,015351109,35,Health Care
I,USD,STD,INDL,C,ALXN,12/31/14,062263,ALEXION PHARMACEUTICALS INC,015351109,35,Health Care
I,USD,STD,INDL,C,ALXN,12/31/15,062263,ALEXION PHARMACEUTICALS INC,015351109,35,Health Care
I,USD,STD,INDL,C,ALXN,12/31/16,062263,ALEXION PHARMACEUTICALS INC,015351109,35,Health Care
I,USD,STD,INDL,C,ALXN,12/31/17,062263,ALEXION PHARMACEUTICALS INC,015351109,35,Health Care
I,USD,STD,INDL,C,ALXN,12/31/18,062263,ALEXION PHARMACEUTICALS INC,015351109,35,Health Care
I,USD,STD,INDL,C,ALXN,12/31/19,062263,ALEXION PHARMACEUTICALS INC,015351109,35,Health Care
I,USD,STD,INDL,C,ALXN,12/31/20,062263,ALEXION PHARMACEUTICALS INC,015351109,35,Health Care
I,USD,STD,INDL,C,MLNM,12/31/04,062784,MILLENNIUM PHARMACEUTICALS,599902103,35,Health Care
I,USD,STD,INDL,C,MLNM,12/31/05,062784,MILLENNIUM PHARMACEUTICALS,599902103,35,Health Care
I,USD,STD,INDL,C,MLNM,12/31/06,062784,MILLENNIUM PHARMACEUTICALS,599902103,35,Health Care
I,USD,STD,INDL,C,MLNM,12/31/07,062784,MILLENNIUM PHARMACEUTICALS,599902103,35,Health Care
I,USD,STD,INDL,C,ANSS,12/31/04,063080,ANSYS INC,03662Q105,45,Information Technology
I,USD,STD,INDL,C,ANSS,12/31/05,063080,ANSYS INC,03662Q105,45,Information Technology
I,USD,STD,INDL,C,ANSS,12/31/06,063080,ANSYS INC,03662Q105,45,Information Technology
I,USD,STD,INDL,C,ANSS,12/31/07,063080,ANSYS INC,03662Q105,45,Information Technology
I,USD,STD,INDL,C,ANSS,12/31/08,063080,ANSYS INC,03662Q105,45,Information Technology
I,USD,STD,INDL,C,ANSS,12/31/09,063080,ANSYS INC,03662Q105,45,Information Technology
I,USD,STD,INDL,C,ANSS,12/31/10,063080,ANSYS INC,03662Q105,45,Information Technology
I,USD,STD,INDL,C,ANSS,12/31/11,063080,ANSYS INC,03662Q105,45,Information Technology
I,USD,STD,INDL,C,ANSS,12/31/12,063080,ANSYS INC,03662Q105,45,Information Technology
I,USD,STD,INDL,C,ANSS,12/31/13,063080,ANSYS INC,03662Q105,45,Information Technology
I,USD,STD,INDL,C,ANSS,12/31/14,063080,ANSYS INC,03662Q105,45,Information Technology
I,USD,STD,INDL,C,ANSS,12/31/15,063080,ANSYS INC,03662Q105,45,Information Technology
I,USD,STD,INDL,C,ANSS,12/31/16,063080,ANSYS INC,03662Q105,45,Information Technology
I,USD,STD,INDL,C,ANSS,12/31/17,063080,ANSYS INC,03662Q105,45,Information Technology
I,USD,STD,INDL,C,ANSS,12/31/18,063080,ANSYS INC,03662Q105,45,Information Technology
I,USD,STD,INDL,C,ANSS,12/31/19,063080,ANSYS INC,03662Q105,45,Information Technology
I,USD,STD,INDL,C,ANSS,12/31/20,063080,ANSYS INC,03662Q105,45,Information Technology
I,USD,STD,INDL,C,ANSS,12/31/21,063080,ANSYS INC,03662Q105,45,Information Technology
I,USD,STD,INDL,C,ANSS,12/31/22,063080,ANSYS INC,03662Q105,45,Information Technology
I,USD,STD,INDL,C,ANSS,12/31/23,063080,ANSYS INC,03662Q105,45,Information Technology
I,USD,STD,INDL,C,ANSS,12/31/24,063080,ANSYS INC,03662Q105,45,Information Technology
I,USD,STD,INDL,C,SEBL,12/31/04,063180,SIEBEL SYSTEMS INC,826170102,45,Information Technology
A,USD,STD,INDL,C,CHKP,12/31/04,063185,CHECK POINT SOFTWARE TECHN,M22465104,45,Information Technology
A,USD,STD,INDL,C,CHKP,12/31/05,063185,CHECK POINT SOFTWARE TECHN,M22465104,45,Information Technology
A,USD,STD,INDL,C,CHKP,12/31/06,063185,CHECK POINT SOFTWARE TECHN,M22465104,45,Information Technology
A,USD,STD,INDL,C,CHKP,12/31/07,063185,CHECK POINT SOFTWARE TECHN,M22465104,45,Information Technology
A,USD,STD,INDL,C,CHKP,12/31/08,063185,CHECK POINT SOFTWARE TECHN,M22465104,45,Information Technology
A,USD,STD,INDL,C,CHKP,12/31/09,063185,CHECK POINT SOFTWARE TECHN,M22465104,45,Information Technology
A,USD,STD,INDL,C,CHKP,12/31/10,063185,CHECK POINT SOFTWARE TECHN,M22465104,45,Information Technology
A,USD,STD,INDL,C,CHKP,12/31/11,063185,CHECK POINT SOFTWARE TECHN,M22465104,45,Information Technology
A,USD,STD,INDL,C,CHKP,12/31/12,063185,CHECK POINT SOFTWARE TECHN,M22465104,45,Information Technology
A,USD,STD,INDL,C,CHKP,12/31/13,063185,CHECK POINT SOFTWARE TECHN,M22465104,45,Information Technology
A,USD,STD,INDL,C,CHKP,12/31/14,063185,CHECK POINT SOFTWARE TECHN,M22465104,45,Information Technology
A,USD,STD,INDL,C,CHKP,12/31/15,063185,CHECK POINT SOFTWARE TECHN,M22465104,45,Information Technology
A,USD,STD,INDL,C,CHKP,12/31/16,063185,CHECK POINT SOFTWARE TECHN,M22465104,45,Information Technology
A,USD,STD,INDL,C,CHKP,12/31/17,063185,CHECK POINT SOFTWARE TECHN,M22465104,45,Information Technology
A,USD,STD,INDL,C,CHKP,12/31/18,063185,CHECK POINT SOFTWARE TECHN,M22465104,45,Information Technology
A,USD,STD,INDL,C,CHKP,12/31/19,063185,CHECK POINT SOFTWARE TECHN,M22465104,45,Information Technology
A,USD,STD,INDL,C,CHKP,12/31/20,063185,CHECK POINT SOFTWARE TECHN,M22465104,45,Information Technology
A,USD,STD,INDL,C,CHKP,12/31/21,063185,CHECK POINT SOFTWARE TECHN,M22465104,45,Information Technology
A,USD,STD,INDL,C,CHKP,12/31/22,063185,CHECK POINT SOFTWARE TECHN,M22465104,45,Information Technology
A,USD,STD,INDL,C,CHKP,12/31/23,063185,CHECK POINT SOFTWARE TECHN,M22465104,45,Information Technology
A,USD,STD,INDL,C,CHKP,12/31/24,063185,CHECK POINT SOFTWARE TECHN,M22465104,45,Information Technology
A,USD,STD,INDL,C,CHKP,12/31/25,063185,CHECK POINT SOFTWARE TECHN,M22465104,45,Information Technology
A,USD,STD,INDL,C,QGEN,12/31/04,063186,QIAGEN NV,N72482156,35,Health Care
A,USD,STD,INDL,C,QGEN,12/31/05,063186,QIAGEN NV,N72482156,35,Health Care
A,USD,STD,INDL,C,QGEN,12/31/06,063186,QIAGEN NV,N72482156,35,Health Care
A,USD,STD,INDL,C,QGEN,12/31/07,063186,QIAGEN NV,N72482156,35,Health Care
A,USD,STD,INDL,C,QGEN,12/31/08,063186,QIAGEN NV,N72482156,35,Health Care
A,USD,STD,INDL,C,QGEN,12/31/09,063186,QIAGEN NV,N72482156,35,Health Care
A,USD,STD,INDL,C,QGEN,12/31/10,063186,QIAGEN NV,N72482156,35,Health Care
A,USD,STD,INDL,C,QGEN,12/31/11,063186,QIAGEN NV,N72482156,35,Health Care
A,USD,STD,INDL,C,QGEN,12/31/12,063186,QIAGEN NV,N72482156,35,Health Care
A,USD,STD,INDL,C,QGEN,12/31/13,063186,QIAGEN NV,N72482156,35,Health Care
A,USD,STD,INDL,C,QGEN,12/31/14,063186,QIAGEN NV,N72482156,35,Health Care
A,USD,STD,INDL,C,QGEN,12/31/15,063186,QIAGEN NV,N72482156,35,Health Care
A,USD,STD,INDL,C,QGEN,12/31/16,063186,QIAGEN NV,N72482156,35,Health Care
A,USD,STD,INDL,C,QGEN,12/31/17,063186,QIAGEN NV,N72482156,35,Health Care
A,USD,STD,INDL,C,QGEN,12/31/18,063186,QIAGEN NV,N72482156,35,Health Care
A,USD,STD,INDL,C,QGEN,12/31/19,063186,QIAGEN NV,N72482156,35,Health Care
A,USD,STD,INDL,C,QGEN,12/31/20,063186,QIAGEN NV,N72482156,35,Health Care
A,USD,STD,INDL,C,QGEN,12/31/21,063186,QIAGEN NV,N72482156,35,Health Care
A,USD,STD,INDL,C,QGEN,12/31/22,063186,QIAGEN NV,N72482156,35,Health Care
A,USD,STD,INDL,C,QGEN,12/31/23,063186,QIAGEN NV,N72482156,35,Health Care
A,USD,STD,INDL,C,QGEN,12/31/24,063186,QIAGEN NV,N72482156,35,Health Care
A,USD,STD,INDL,C,QGEN,12/31/25,063186,QIAGEN NV,N72482156,35,Health Care
A,USD,STD,INDL,C,LAMR,12/31/04,063422,LAMAR ADVERTISING CO  -CL A,512816109,60,Real Estate
A,USD,STD,INDL,C,LAMR,12/31/05,063422,LAMAR ADVERTISING CO  -CL A,512816109,60,Real Estate
A,USD,STD,INDL,C,LAMR,12/31/06,063422,LAMAR ADVERTISING CO  -CL A,512816109,60,Real Estate
A,USD,STD,INDL,C,LAMR,12/31/07,063422,LAMAR ADVERTISING CO  -CL A,512816109,60,Real Estate
A,USD,STD,INDL,C,LAMR,12/31/08,063422,LAMAR ADVERTISING CO  -CL A,512816109,60,Real Estate
A,USD,STD,INDL,C,LAMR,12/31/09,063422,LAMAR ADVERTISING CO  -CL A,512816109,60,Real Estate
A,USD,STD,INDL,C,LAMR,12/31/10,063422,LAMAR ADVERTISING CO  -CL A,512816109,60,Real Estate
A,USD,STD,INDL,C,LAMR,12/31/11,063422,LAMAR ADVERTISING CO  -CL A,512816109,60,Real Estate
A,USD,STD,INDL,C,LAMR,12/31/12,063422,LAMAR ADVERTISING CO  -CL A,512816109,60,Real Estate
A,USD,STD,INDL,C,LAMR,12/31/13,063422,LAMAR ADVERTISING CO  -CL A,512816109,60,Real Estate
A,USD,STD,INDL,C,LAMR,12/31/14,063422,LAMAR ADVERTISING CO  -CL A,512816109,60,Real Estate
A,USD,STD,INDL,C,LAMR,12/31/15,063422,LAMAR ADVERTISING CO  -CL A,512816109,60,Real Estate
A,USD,STD,INDL,C,LAMR,12/31/16,063422,LAMAR ADVERTISING CO  -CL A,512816109,60,Real Estate
A,USD,STD,INDL,C,LAMR,12/31/17,063422,LAMAR ADVERTISING CO  -CL A,512816109,60,Real Estate
A,USD,STD,INDL,C,LAMR,12/31/18,063422,LAMAR ADVERTISING CO  -CL A,512816109,60,Real Estate
A,USD,STD,INDL,C,LAMR,12/31/19,063422,LAMAR ADVERTISING CO  -CL A,512816109,60,Real Estate
A,USD,STD,FS,C,LAMR,12/31/20,063422,LAMAR ADVERTISING CO  -CL A,512816109,60,Real Estate
A,USD,STD,INDL,C,LAMR,12/31/20,063422,LAMAR ADVERTISING CO  -CL A,512816109,60,Real Estate
A,USD,STD,FS,C,LAMR,12/31/21,063422,LAMAR ADVERTISING CO  -CL A,512816109,60,Real Estate
A,USD,STD,INDL,C,LAMR,12/31/21,063422,LAMAR ADVERTISING CO  -CL A,512816109,60,Real Estate
A,USD,STD,FS,C,LAMR,12/31/22,063422,LAMAR ADVERTISING CO  -CL A,512816109,60,Real Estate
A,USD,STD,INDL,C,LAMR,12/31/22,063422,LAMAR ADVERTISING CO  -CL A,512816109,60,Real Estate
A,USD,STD,FS,C,LAMR,12/31/23,063422,LAMAR ADVERTISING CO  -CL A,512816109,60,Real Estate
A,USD,STD,INDL,C,LAMR,12/31/23,063422,LAMAR ADVERTISING CO  -CL A,512816109,60,Real Estate
A,USD,STD,FS,C,LAMR,12/31/24,063422,LAMAR ADVERTISING CO  -CL A,512816109,60,Real Estate
A,USD,STD,INDL,C,LAMR,12/31/24,063422,LAMAR ADVERTISING CO  -CL A,512816109,60,Real Estate
I,USD,STD,INDL,C,SRCL,12/31/04,063527,STERICYCLE INC,858912108,20,Industrials
I,USD,STD,INDL,C,SRCL,12/31/05,063527,STERICYCLE INC,858912108,20,Industrials
I,USD,STD,INDL,C,SRCL,12/31/06,063527,STERICYCLE INC,858912108,20,Industrials
I,USD,STD,INDL,C,SRCL,12/31/07,063527,STERICYCLE INC,858912108,20,Industrials
I,USD,STD,INDL,C,SRCL,12/31/08,063527,STERICYCLE INC,858912108,20,Industrials
I,USD,STD,INDL,C,SRCL,12/31/09,063527,STERICYCLE INC,858912108,20,Industrials
I,USD,STD,INDL,C,SRCL,12/31/10,063527,STERICYCLE INC,858912108,20,Industrials
I,USD,STD,INDL,C,SRCL,12/31/11,063527,STERICYCLE INC,858912108,20,Industrials
I,USD,STD,INDL,C,SRCL,12/31/12,063527,STERICYCLE INC,858912108,20,Industrials
I,USD,STD,INDL,C,SRCL,12/31/13,063527,STERICYCLE INC,858912108,20,Industrials
I,USD,STD,INDL,C,SRCL,12/31/14,063527,STERICYCLE INC,858912108,20,Industrials
I,USD,STD,INDL,C,SRCL,12/31/15,063527,STERICYCLE INC,858912108,20,Industrials
I,USD,STD,INDL,C,SRCL,12/31/16,063527,STERICYCLE INC,858912108,20,Industrials
I,USD,STD,INDL,C,SRCL,12/31/17,063527,STERICYCLE INC,858912108,20,Industrials
I,USD,STD,INDL,C,SRCL,12/31/18,063527,STERICYCLE INC,858912108,20,Industrials
I,USD,STD,INDL,C,SRCL,12/31/19,063527,STERICYCLE INC,858912108,20,Industrials
I,USD,STD,INDL,C,SRCL,12/31/20,063527,STERICYCLE INC,858912108,20,Industrials
I,USD,STD,INDL,C,SRCL,12/31/21,063527,STERICYCLE INC,858912108,20,Industrials
I,USD,STD,INDL,C,SRCL,12/31/22,063527,STERICYCLE INC,858912108,20,Industrials
I,USD,STD,INDL,C,SRCL,12/31/23,063527,STERICYCLE INC,858912108,20,Industrials
I,USD,STD,INDL,C,ENDPQ,12/31/04,063645,ENDO INTERNATIONAL PLC,G30401106,35,Health Care
I,USD,STD,INDL,C,ENDPQ,12/31/05,063645,ENDO INTERNATIONAL PLC,G30401106,35,Health Care
I,USD,STD,INDL,C,ENDPQ,12/31/06,063645,ENDO INTERNATIONAL PLC,G30401106,35,Health Care
I,USD,STD,INDL,C,ENDPQ,12/31/07,063645,ENDO INTERNATIONAL PLC,G30401106,35,Health Care
I,USD,STD,INDL,C,ENDPQ,12/31/08,063645,ENDO INTERNATIONAL PLC,G30401106,35,Health Care
I,USD,STD,INDL,C,ENDPQ,12/31/09,063645,ENDO INTERNATIONAL PLC,G30401106,35,Health Care
I,USD,STD,INDL,C,ENDPQ,12/31/10,063645,ENDO INTERNATIONAL PLC,G30401106,35,Health Care
I,USD,STD,INDL,C,ENDPQ,12/31/11,063645,ENDO INTERNATIONAL PLC,G30401106,35,Health Care
I,USD,STD,INDL,C,ENDPQ,12/31/12,063645,ENDO INTERNATIONAL PLC,G30401106,35,Health Care
I,USD,STD,INDL,C,ENDPQ,12/31/13,063645,ENDO INTERNATIONAL PLC,G30401106,35,Health Care
I,USD,STD,INDL,C,ENDPQ,12/31/14,063645,ENDO INTERNATIONAL PLC,G30401106,35,Health Care
I,USD,STD,INDL,C,ENDPQ,12/31/15,063645,ENDO INTERNATIONAL PLC,G30401106,35,Health Care
I,USD,STD,INDL,C,ENDPQ,12/31/16,063645,ENDO INTERNATIONAL PLC,G30401106,35,Health Care
I,USD,STD,INDL,C,ENDPQ,12/31/17,063645,ENDO INTERNATIONAL PLC,G30401106,35,Health Care
I,USD,STD,INDL,C,ENDPQ,12/31/18,063645,ENDO INTERNATIONAL PLC,G30401106,35,Health Care
I,USD,STD,INDL,C,ENDPQ,12/31/19,063645,ENDO INTERNATIONAL PLC,G30401106,35,Health Care
I,USD,STD,INDL,C,ENDPQ,12/31/20,063645,ENDO INTERNATIONAL PLC,G30401106,35,Health Care
I,USD,STD,INDL,C,ENDPQ,12/31/21,063645,ENDO INTERNATIONAL PLC,G30401106,35,Health Care
I,USD,STD,INDL,C,ENDPQ,12/31/22,063645,ENDO INTERNATIONAL PLC,G30401106,35,Health Care
I,USD,STD,INDL,C,ENDPQ,12/31/23,063645,ENDO INTERNATIONAL PLC,G30401106,35,Health Care
A,USD,STD,INDL,C,VEON,12/31/04,063987,VEON LTD,91822M502,50,Communication Services
A,USD,STD,INDL,C,VEON,12/31/05,063987,VEON LTD,91822M502,50,Communication Services
A,USD,STD,INDL,C,VEON,12/31/06,063987,VEON LTD,91822M502,50,Communication Services
A,USD,STD,INDL,C,VEON,12/31/07,063987,VEON LTD,91822M502,50,Communication Services
A,USD,STD,INDL,C,VEON,12/31/08,063987,VEON LTD,91822M502,50,Communication Services
A,USD,STD,INDL,C,VEON,12/31/09,063987,VEON LTD,91822M502,50,Communication Services
A,USD,STD,INDL,C,VEON,12/31/10,063987,VEON LTD,91822M502,50,Communication Services
A,USD,STD,INDL,C,VEON,12/31/11,063987,VEON LTD,91822M502,50,Communication Services
A,USD,STD,INDL,C,VEON,12/31/12,063987,VEON LTD,91822M502,50,Communication Services
A,USD,STD,INDL,C,VEON,12/31/13,063987,VEON LTD,91822M502,50,Communication Services
A,USD,STD,INDL,C,VEON,12/31/14,063987,VEON LTD,91822M502,50,Communication Services
A,USD,STD,INDL,C,VEON,12/31/15,063987,VEON LTD,91822M502,50,Communication Services
A,USD,STD,INDL,C,VEON,12/31/16,063987,VEON LTD,91822M502,50,Communication Services
A,USD,STD,INDL,C,VEON,12/31/17,063987,VEON LTD,91822M502,50,Communication Services
A,USD,STD,INDL,C,VEON,12/31/18,063987,VEON LTD,91822M502,50,Communication Services
A,USD,STD,INDL,C,VEON,12/31/19,063987,VEON LTD,91822M502,50,Communication Services
A,USD,STD,INDL,C,VEON,12/31/20,063987,VEON LTD,91822M502,50,Communication Services
A,USD,STD,INDL,C,VEON,12/31/21,063987,VEON LTD,91822M502,50,Communication Services
A,USD,STD,INDL,C,VEON,12/31/22,063987,VEON LTD,91822M502,50,Communication Services
A,USD,STD,INDL,C,VEON,12/31/23,063987,VEON LTD,91822M502,50,Communication Services
A,USD,STD,INDL,C,VEON,12/31/24,063987,VEON LTD,91822M502,50,Communication Services
A,USD,STD,INDL,C,STLD,12/31/04,064030,STEEL DYNAMICS INC,858119100,15,Materials
A,USD,STD,INDL,C,STLD,12/31/05,064030,STEEL DYNAMICS INC,858119100,15,Materials
A,USD,STD,INDL,C,STLD,12/31/06,064030,STEEL DYNAMICS INC,858119100,15,Materials
A,USD,STD,INDL,C,STLD,12/31/07,064030,STEEL DYNAMICS INC,858119100,15,Materials
A,USD,STD,INDL,C,STLD,12/31/08,064030,STEEL DYNAMICS INC,858119100,15,Materials
A,USD,STD,INDL,C,STLD,12/31/09,064030,STEEL DYNAMICS INC,858119100,15,Materials
A,USD,STD,INDL,C,STLD,12/31/10,064030,STEEL DYNAMICS INC,858119100,15,Materials
A,USD,STD,INDL,C,STLD,12/31/11,064030,STEEL DYNAMICS INC,858119100,15,Materials
A,USD,STD,INDL,C,STLD,12/31/12,064030,STEEL DYNAMICS INC,858119100,15,Materials
A,USD,STD,INDL,C,STLD,12/31/13,064030,STEEL DYNAMICS INC,858119100,15,Materials
A,USD,STD,INDL,C,STLD,12/31/14,064030,STEEL DYNAMICS INC,858119100,15,Materials
A,USD,STD,INDL,C,STLD,12/31/15,064030,STEEL DYNAMICS INC,858119100,15,Materials
A,USD,STD,INDL,C,STLD,12/31/16,064030,STEEL DYNAMICS INC,858119100,15,Materials
A,USD,STD,INDL,C,STLD,12/31/17,064030,STEEL DYNAMICS INC,858119100,15,Materials
A,USD,STD,INDL,C,STLD,12/31/18,064030,STEEL DYNAMICS INC,858119100,15,Materials
A,USD,STD,INDL,C,STLD,12/31/19,064030,STEEL DYNAMICS INC,858119100,15,Materials
A,USD,STD,INDL,C,STLD,12/31/20,064030,STEEL DYNAMICS INC,858119100,15,Materials
A,USD,STD,INDL,C,STLD,12/31/21,064030,STEEL DYNAMICS INC,858119100,15,Materials
A,USD,STD,INDL,C,STLD,12/31/22,064030,STEEL DYNAMICS INC,858119100,15,Materials
A,USD,STD,INDL,C,STLD,12/31/23,064030,STEEL DYNAMICS INC,858119100,15,Materials
A,USD,STD,INDL,C,STLD,12/31/24,064030,STEEL DYNAMICS INC,858119100,15,Materials
A,USD,STD,INDL,C,STLD,12/31/25,064030,STEEL DYNAMICS INC,858119100,15,Materials
I,USD,STD,INDL,C,MWW,12/31/04,064156,MONSTER WORLDWIDE INC,611742107,45,Information Technology
I,USD,STD,INDL,C,MWW,12/31/05,064156,MONSTER WORLDWIDE INC,611742107,45,Information Technology
I,USD,STD,INDL,C,MWW,12/31/06,064156,MONSTER WORLDWIDE INC,611742107,45,Information Technology
I,USD,STD,INDL,C,MWW,12/31/07,064156,MONSTER WORLDWIDE INC,611742107,45,Information Technology
I,USD,STD,INDL,C,MWW,12/31/08,064156,MONSTER WORLDWIDE INC,611742107,45,Information Technology
I,USD,STD,INDL,C,MWW,12/31/09,064156,MONSTER WORLDWIDE INC,611742107,45,Information Technology
I,USD,STD,INDL,C,MWW,12/31/10,064156,MONSTER WORLDWIDE INC,611742107,45,Information Technology
I,USD,STD,INDL,C,MWW,12/31/11,064156,MONSTER WORLDWIDE INC,611742107,45,Information Technology
I,USD,STD,INDL,C,MWW,12/31/12,064156,MONSTER WORLDWIDE INC,611742107,45,Information Technology
I,USD,STD,INDL,C,MWW,12/31/13,064156,MONSTER WORLDWIDE INC,611742107,45,Information Technology
I,USD,STD,INDL,C,MWW,12/31/14,064156,MONSTER WORLDWIDE INC,611742107,45,Information Technology
I,USD,STD,INDL,C,MWW,12/31/15,064156,MONSTER WORLDWIDE INC,611742107,45,Information Technology
I,USD,STD,INDL,C,BEAS,1/31/04,064606,BEA SYSTEMS INC,073325102,45,Information Technology
I,USD,STD,INDL,C,BEAS,1/31/05,064606,BEA SYSTEMS INC,073325102,45,Information Technology
I,USD,STD,INDL,C,BEAS,1/31/06,064606,BEA SYSTEMS INC,073325102,45,Information Technology
I,USD,STD,INDL,C,BEAS,1/31/07,064606,BEA SYSTEMS INC,073325102,45,Information Technology
I,USD,STD,INDL,C,BEAS,1/31/08,064606,BEA SYSTEMS INC,073325102,45,Information Technology
A,USD,STD,INDL,C,TTWO,10/31/04,064630,TAKE-TWO INTERACTIVE SFTWR,874054109,50,Communication Services
A,USD,STD,INDL,C,TTWO,10/31/05,064630,TAKE-TWO INTERACTIVE SFTWR,874054109,50,Communication Services
A,USD,STD,INDL,C,TTWO,10/31/06,064630,TAKE-TWO INTERACTIVE SFTWR,874054109,50,Communication Services
A,USD,STD,INDL,C,TTWO,10/31/07,064630,TAKE-TWO INTERACTIVE SFTWR,874054109,50,Communication Services
A,USD,STD,INDL,C,TTWO,10/31/08,064630,TAKE-TWO INTERACTIVE SFTWR,874054109,50,Communication Services
A,USD,STD,INDL,C,TTWO,10/31/09,064630,TAKE-TWO INTERACTIVE SFTWR,874054109,50,Communication Services
A,USD,STD,INDL,C,TTWO,3/31/11,064630,TAKE-TWO INTERACTIVE SFTWR,874054109,50,Communication Services
A,USD,STD,INDL,C,TTWO,3/31/12,064630,TAKE-TWO INTERACTIVE SFTWR,874054109,50,Communication Services
A,USD,STD,INDL,C,TTWO,3/31/13,064630,TAKE-TWO INTERACTIVE SFTWR,874054109,50,Communication Services
A,USD,STD,INDL,C,TTWO,3/31/14,064630,TAKE-TWO INTERACTIVE SFTWR,874054109,50,Communication Services
A,USD,STD,INDL,C,TTWO,3/31/15,064630,TAKE-TWO INTERACTIVE SFTWR,874054109,50,Communication Services
A,USD,STD,INDL,C,TTWO,3/31/16,064630,TAKE-TWO INTERACTIVE SFTWR,874054109,50,Communication Services
A,USD,STD,INDL,C,TTWO,3/31/17,064630,TAKE-TWO INTERACTIVE SFTWR,874054109,50,Communication Services
A,USD,STD,INDL,C,TTWO,3/31/18,064630,TAKE-TWO INTERACTIVE SFTWR,874054109,50,Communication Services
A,USD,STD,INDL,C,TTWO,3/31/19,064630,TAKE-TWO INTERACTIVE SFTWR,874054109,50,Communication Services
A,USD,STD,INDL,C,TTWO,3/31/20,064630,TAKE-TWO INTERACTIVE SFTWR,874054109,50,Communication Services
A,USD,STD,INDL,C,TTWO,3/31/21,064630,TAKE-TWO INTERACTIVE SFTWR,874054109,50,Communication Services
A,USD,STD,INDL,C,TTWO,3/31/22,064630,TAKE-TWO INTERACTIVE SFTWR,874054109,50,Communication Services
A,USD,STD,INDL,C,TTWO,3/31/23,064630,TAKE-TWO INTERACTIVE SFTWR,874054109,50,Communication Services
A,USD,STD,INDL,C,TTWO,3/31/24,064630,TAKE-TWO INTERACTIVE SFTWR,874054109,50,Communication Services
A,USD,STD,INDL,C,TTWO,3/31/25,064630,TAKE-TWO INTERACTIVE SFTWR,874054109,50,Communication Services
A,USD,STD,INDL,C,AMZN,12/31/04,064768,AMAZON.COM INC,023135106,25,Consumer Discretionary
A,USD,STD,INDL,C,AMZN,12/31/05,064768,AMAZON.COM INC,023135106,25,Consumer Discretionary
A,USD,STD,INDL,C,AMZN,12/31/06,064768,AMAZON.COM INC,023135106,25,Consumer Discretionary
A,USD,STD,INDL,C,AMZN,12/31/07,064768,AMAZON.COM INC,023135106,25,Consumer Discretionary
A,USD,STD,INDL,C,AMZN,12/31/08,064768,AMAZON.COM INC,023135106,25,Consumer Discretionary
A,USD,STD,INDL,C,AMZN,12/31/09,064768,AMAZON.COM INC,023135106,25,Consumer Discretionary
A,USD,STD,INDL,C,AMZN,12/31/10,064768,AMAZON.COM INC,023135106,25,Consumer Discretionary
A,USD,STD,INDL,C,AMZN,12/31/11,064768,AMAZON.COM INC,023135106,25,Consumer Discretionary
A,USD,STD,INDL,C,AMZN,12/31/12,064768,AMAZON.COM INC,023135106,25,Consumer Discretionary
A,USD,STD,INDL,C,AMZN,12/31/13,064768,AMAZON.COM INC,023135106,25,Consumer Discretionary
A,USD,STD,INDL,C,AMZN,12/31/14,064768,AMAZON.COM INC,023135106,25,Consumer Discretionary
A,USD,STD,INDL,C,AMZN,12/31/15,064768,AMAZON.COM INC,023135106,25,Consumer Discretionary
A,USD,STD,INDL,C,AMZN,12/31/16,064768,AMAZON.COM INC,023135106,25,Consumer Discretionary
A,USD,STD,INDL,C,AMZN,12/31/17,064768,AMAZON.COM INC,023135106,25,Consumer Discretionary
A,USD,STD,INDL,C,AMZN,12/31/18,064768,AMAZON.COM INC,023135106,25,Consumer Discretionary
A,USD,STD,INDL,C,AMZN,12/31/19,064768,AMAZON.COM INC,023135106,25,Consumer Discretionary
A,USD,STD,INDL,C,AMZN,12/31/20,064768,AMAZON.COM INC,023135106,25,Consumer Discretionary
A,USD,STD,INDL,C,AMZN,12/31/21,064768,AMAZON.COM INC,023135106,25,Consumer Discretionary
A,USD,STD,INDL,C,AMZN,12/31/22,064768,AMAZON.COM INC,023135106,25,Consumer Discretionary
A,USD,STD,INDL,C,AMZN,12/31/23,064768,AMAZON.COM INC,023135106,25,Consumer Discretionary
A,USD,STD,INDL,C,AMZN,12/31/24,064768,AMAZON.COM INC,023135106,25,Consumer Discretionary
A,USD,STD,INDL,C,AMZN,12/31/25,064768,AMAZON.COM INC,023135106,25,Consumer Discretionary
A,USD,STD,INDL,C,RYAAY,3/31/04,064835,RYANAIR HOLDINGS PLC,783513203,20,Industrials
A,USD,STD,INDL,C,RYAAY,3/31/05,064835,RYANAIR HOLDINGS PLC,783513203,20,Industrials
A,USD,STD,INDL,C,RYAAY,3/31/06,064835,RYANAIR HOLDINGS PLC,783513203,20,Industrials
A,USD,STD,INDL,C,RYAAY,3/31/07,064835,RYANAIR HOLDINGS PLC,783513203,20,Industrials
A,USD,STD,INDL,C,RYAAY,3/31/08,064835,RYANAIR HOLDINGS PLC,783513203,20,Industrials
A,USD,STD,INDL,C,RYAAY,3/31/09,064835,RYANAIR HOLDINGS PLC,783513203,20,Industrials
A,USD,STD,INDL,C,RYAAY,3/31/10,064835,RYANAIR HOLDINGS PLC,783513203,20,Industrials
A,USD,STD,INDL,C,RYAAY,3/31/11,064835,RYANAIR HOLDINGS PLC,783513203,20,Industrials
A,USD,STD,INDL,C,RYAAY,3/31/12,064835,RYANAIR HOLDINGS PLC,783513203,20,Industrials
A,USD,STD,INDL,C,RYAAY,3/31/13,064835,RYANAIR HOLDINGS PLC,783513203,20,Industrials
A,USD,STD,INDL,C,RYAAY,3/31/14,064835,RYANAIR HOLDINGS PLC,783513203,20,Industrials
A,USD,STD,INDL,C,RYAAY,3/31/15,064835,RYANAIR HOLDINGS PLC,783513203,20,Industrials
A,USD,STD,INDL,C,RYAAY,3/31/16,064835,RYANAIR HOLDINGS PLC,783513203,20,Industrials
A,USD,STD,INDL,C,RYAAY,3/31/17,064835,RYANAIR HOLDINGS PLC,783513203,20,Industrials
A,USD,STD,INDL,C,RYAAY,3/31/18,064835,RYANAIR HOLDINGS PLC,783513203,20,Industrials
A,USD,STD,INDL,C,RYAAY,3/31/19,064835,RYANAIR HOLDINGS PLC,783513203,20,Industrials
A,USD,STD,INDL,C,RYAAY,3/31/20,064835,RYANAIR HOLDINGS PLC,783513203,20,Industrials
A,USD,STD,INDL,C,RYAAY,3/31/21,064835,RYANAIR HOLDINGS PLC,783513203,20,Industrials
A,USD,STD,INDL,C,RYAAY,3/31/22,064835,RYANAIR HOLDINGS PLC,783513203,20,Industrials
A,USD,STD,INDL,C,RYAAY,3/31/23,064835,RYANAIR HOLDINGS PLC,783513203,20,Industrials
A,USD,STD,INDL,C,RYAAY,3/31/24,064835,RYANAIR HOLDINGS PLC,783513203,20,Industrials
A,USD,STD,INDL,C,RYAAY,3/31/25,064835,RYANAIR HOLDINGS PLC,783513203,20,Industrials
A,USD,STD,INDL,C,SSCC,12/31/04,065107,SPIRITS CAP CORP,84861E101,40,Financials
A,USD,STD,INDL,C,SSCC,12/31/05,065107,SPIRITS CAP CORP,84861E101,40,Financials
A,USD,STD,INDL,C,SSCC,12/31/06,065107,SPIRITS CAP CORP,84861E101,40,Financials
A,USD,STD,INDL,C,SSCC,12/31/07,065107,SPIRITS CAP CORP,84861E101,40,Financials
A,USD,STD,INDL,C,SSCC,12/31/08,065107,SPIRITS CAP CORP,84861E101,40,Financials
A,USD,STD,INDL,C,SSCC,12/31/09,065107,SPIRITS CAP CORP,84861E101,40,Financials
A,USD,STD,INDL,C,SSCC,12/31/10,065107,SPIRITS CAP CORP,84861E101,40,Financials
A,USD,STD,INDL,C,CHRW,12/31/04,065609,C H ROBINSON WORLDWIDE INC,12541W209,20,Industrials
A,USD,STD,INDL,C,CHRW,12/31/05,065609,C H ROBINSON WORLDWIDE INC,12541W209,20,Industrials
A,USD,STD,INDL,C,CHRW,12/31/06,065609,C H ROBINSON WORLDWIDE INC,12541W209,20,Industrials
A,USD,STD,INDL,C,CHRW,12/31/07,065609,C H ROBINSON WORLDWIDE INC,12541W209,20,Industrials
A,USD,STD,INDL,C,CHRW,12/31/08,065609,C H ROBINSON WORLDWIDE INC,12541W209,20,Industrials
A,USD,STD,INDL,C,CHRW,12/31/09,065609,C H ROBINSON WORLDWIDE INC,12541W209,20,Industrials
A,USD,STD,INDL,C,CHRW,12/31/10,065609,C H ROBINSON WORLDWIDE INC,12541W209,20,Industrials
A,USD,STD,INDL,C,CHRW,12/31/11,065609,C H ROBINSON WORLDWIDE INC,12541W209,20,Industrials
A,USD,STD,INDL,C,CHRW,12/31/12,065609,C H ROBINSON WORLDWIDE INC,12541W209,20,Industrials
A,USD,STD,INDL,C,CHRW,12/31/13,065609,C H ROBINSON WORLDWIDE INC,12541W209,20,Industrials
A,USD,STD,INDL,C,CHRW,12/31/14,065609,C H ROBINSON WORLDWIDE INC,12541W209,20,Industrials
A,USD,STD,INDL,C,CHRW,12/31/15,065609,C H ROBINSON WORLDWIDE INC,12541W209,20,Industrials
A,USD,STD,INDL,C,CHRW,12/31/16,065609,C H ROBINSON WORLDWIDE INC,12541W209,20,Industrials
A,USD,STD,INDL,C,CHRW,12/31/17,065609,C H ROBINSON WORLDWIDE INC,12541W209,20,Industrials
A,USD,STD,INDL,C,CHRW,12/31/18,065609,C H ROBINSON WORLDWIDE INC,12541W209,20,Industrials
A,USD,STD,INDL,C,CHRW,12/31/19,065609,C H ROBINSON WORLDWIDE INC,12541W209,20,Industrials
A,USD,STD,INDL,C,CHRW,12/31/20,065609,C H ROBINSON WORLDWIDE INC,12541W209,20,Industrials
A,USD,STD,INDL,C,CHRW,12/31/21,065609,C H ROBINSON WORLDWIDE INC,12541W209,20,Industrials
A,USD,STD,INDL,C,CHRW,12/31/22,065609,C H ROBINSON WORLDWIDE INC,12541W209,20,Industrials
A,USD,STD,INDL,C,CHRW,12/31/23,065609,C H ROBINSON WORLDWIDE INC,12541W209,20,Industrials
A,USD,STD,INDL,C,CHRW,12/31/24,065609,C H ROBINSON WORLDWIDE INC,12541W209,20,Industrials
A,USD,STD,INDL,C,CHRW,12/31/25,065609,C H ROBINSON WORLDWIDE INC,12541W209,20,Industrials
A,USD,STD,INDL,C,BB,2/29/04,065986,BLACKBERRY LTD,09228F103,45,Information Technology
A,USD,STD,INDL,C,BB,2/28/05,065986,BLACKBERRY LTD,09228F103,45,Information Technology
A,USD,STD,INDL,C,BB,2/28/06,065986,BLACKBERRY LTD,09228F103,45,Information Technology
A,USD,STD,INDL,C,BB,2/28/07,065986,BLACKBERRY LTD,09228F103,45,Information Technology
A,USD,STD,INDL,C,BB,2/29/08,065986,BLACKBERRY LTD,09228F103,45,Information Technology
A,USD,STD,INDL,C,BB,2/28/09,065986,BLACKBERRY LTD,09228F103,45,Information Technology
A,USD,STD,INDL,C,BB,2/28/10,065986,BLACKBERRY LTD,09228F103,45,Information Technology
A,USD,STD,INDL,C,BB,2/28/11,065986,BLACKBERRY LTD,09228F103,45,Information Technology
A,USD,STD,INDL,C,BB,2/29/12,065986,BLACKBERRY LTD,09228F103,45,Information Technology
A,USD,STD,INDL,C,BB,2/28/13,065986,BLACKBERRY LTD,09228F103,45,Information Technology
A,USD,STD,INDL,C,BB,2/28/14,065986,BLACKBERRY LTD,09228F103,45,Information Technology
A,USD,STD,INDL,C,BB,2/28/15,065986,BLACKBERRY LTD,09228F103,45,Information Technology
A,USD,STD,INDL,C,BB,2/29/16,065986,BLACKBERRY LTD,09228F103,45,Information Technology
A,USD,STD,INDL,C,BB,2/28/17,065986,BLACKBERRY LTD,09228F103,45,Information Technology
A,USD,STD,INDL,C,BB,2/28/18,065986,BLACKBERRY LTD,09228F103,45,Information Technology
A,USD,STD,INDL,C,BB,2/28/19,065986,BLACKBERRY LTD,09228F103,45,Information Technology
A,USD,STD,INDL,C,BB,2/29/20,065986,BLACKBERRY LTD,09228F103,45,Information Technology
A,USD,STD,INDL,C,BB,2/28/21,065986,BLACKBERRY LTD,09228F103,45,Information Technology
A,USD,STD,INDL,C,BB,2/28/22,065986,BLACKBERRY LTD,09228F103,45,Information Technology
A,USD,STD,INDL,C,BB,2/28/23,065986,BLACKBERRY LTD,09228F103,45,Information Technology
A,USD,STD,INDL,C,BB,2/29/24,065986,BLACKBERRY LTD,09228F103,45,Information Technology
A,USD,STD,INDL,C,BB,2/28/25,065986,BLACKBERRY LTD,09228F103,45,Information Technology
A,USD,STD,INDL,C,VRSN,12/31/04,066368,VERISIGN INC,92343E102,45,Information Technology
A,USD,STD,INDL,C,VRSN,12/31/05,066368,VERISIGN INC,92343E102,45,Information Technology
A,USD,STD,INDL,C,VRSN,12/31/06,066368,VERISIGN INC,92343E102,45,Information Technology
A,USD,STD,INDL,C,VRSN,12/31/07,066368,VERISIGN INC,92343E102,45,Information Technology
A,USD,STD,INDL,C,VRSN,12/31/08,066368,VERISIGN INC,92343E102,45,Information Technology
A,USD,STD,INDL,C,VRSN,12/31/09,066368,VERISIGN INC,92343E102,45,Information Technology
A,USD,STD,INDL,C,VRSN,12/31/10,066368,VERISIGN INC,92343E102,45,Information Technology
A,USD,STD,INDL,C,VRSN,12/31/11,066368,VERISIGN INC,92343E102,45,Information Technology
A,USD,STD,INDL,C,VRSN,12/31/12,066368,VERISIGN INC,92343E102,45,Information Technology
A,USD,STD,INDL,C,VRSN,12/31/13,066368,VERISIGN INC,92343E102,45,Information Technology
A,USD,STD,INDL,C,VRSN,12/31/14,066368,VERISIGN INC,92343E102,45,Information Technology
A,USD,STD,INDL,C,VRSN,12/31/15,066368,VERISIGN INC,92343E102,45,Information Technology
A,USD,STD,INDL,C,VRSN,12/31/16,066368,VERISIGN INC,92343E102,45,Information Technology
A,USD,STD,INDL,C,VRSN,12/31/17,066368,VERISIGN INC,92343E102,45,Information Technology
A,USD,STD,INDL,C,VRSN,12/31/18,066368,VERISIGN INC,92343E102,45,Information Technology
A,USD,STD,INDL,C,VRSN,12/31/19,066368,VERISIGN INC,92343E102,45,Information Technology
A,USD,STD,INDL,C,VRSN,12/31/20,066368,VERISIGN INC,92343E102,45,Information Technology
A,USD,STD,INDL,C,VRSN,12/31/21,066368,VERISIGN INC,92343E102,45,Information Technology
A,USD,STD,INDL,C,VRSN,12/31/22,066368,VERISIGN INC,92343E102,45,Information Technology
A,USD,STD,INDL,C,VRSN,12/31/23,066368,VERISIGN INC,92343E102,45,Information Technology
A,USD,STD,INDL,C,VRSN,12/31/24,066368,VERISIGN INC,92343E102,45,Information Technology
A,USD,STD,INDL,C,VRSN,12/31/25,066368,VERISIGN INC,92343E102,45,Information Technology
A,USD,STD,INDL,C,PRDO,12/31/04,066379,PERDOCEO EDUCATION CORP,71363P106,25,Consumer Discretionary
A,USD,STD,INDL,C,PRDO,12/31/05,066379,PERDOCEO EDUCATION CORP,71363P106,25,Consumer Discretionary
A,USD,STD,INDL,C,PRDO,12/31/06,066379,PERDOCEO EDUCATION CORP,71363P106,25,Consumer Discretionary
A,USD,STD,INDL,C,PRDO,12/31/07,066379,PERDOCEO EDUCATION CORP,71363P106,25,Consumer Discretionary
A,USD,STD,INDL,C,PRDO,12/31/08,066379,PERDOCEO EDUCATION CORP,71363P106,25,Consumer Discretionary
A,USD,STD,INDL,C,PRDO,12/31/09,066379,PERDOCEO EDUCATION CORP,71363P106,25,Consumer Discretionary
A,USD,STD,INDL,C,PRDO,12/31/10,066379,PERDOCEO EDUCATION CORP,71363P106,25,Consumer Discretionary
A,USD,STD,INDL,C,PRDO,12/31/11,066379,PERDOCEO EDUCATION CORP,71363P106,25,Consumer Discretionary
A,USD,STD,INDL,C,PRDO,12/31/12,066379,PERDOCEO EDUCATION CORP,71363P106,25,Consumer Discretionary
A,USD,STD,INDL,C,PRDO,12/31/13,066379,PERDOCEO EDUCATION CORP,71363P106,25,Consumer Discretionary
A,USD,STD,INDL,C,PRDO,12/31/14,066379,PERDOCEO EDUCATION CORP,71363P106,25,Consumer Discretionary
A,USD,STD,INDL,C,PRDO,12/31/15,066379,PERDOCEO EDUCATION CORP,71363P106,25,Consumer Discretionary
A,USD,STD,INDL,C,PRDO,12/31/16,066379,PERDOCEO EDUCATION CORP,71363P106,25,Consumer Discretionary
A,USD,STD,INDL,C,PRDO,12/31/17,066379,PERDOCEO EDUCATION CORP,71363P106,25,Consumer Discretionary
A,USD,STD,INDL,C,PRDO,12/31/18,066379,PERDOCEO EDUCATION CORP,71363P106,25,Consumer Discretionary
A,USD,STD,INDL,C,PRDO,12/31/19,066379,PERDOCEO EDUCATION CORP,71363P106,25,Consumer Discretionary
A,USD,STD,INDL,C,PRDO,12/31/20,066379,PERDOCEO EDUCATION CORP,71363P106,25,Consumer Discretionary
A,USD,STD,INDL,C,PRDO,12/31/21,066379,PERDOCEO EDUCATION CORP,71363P106,25,Consumer Discretionary
A,USD,STD,INDL,C,PRDO,12/31/22,066379,PERDOCEO EDUCATION CORP,71363P106,25,Consumer Discretionary
A,USD,STD,INDL,C,PRDO,12/31/23,066379,PERDOCEO EDUCATION CORP,71363P106,25,Consumer Discretionary
A,USD,STD,INDL,C,PRDO,12/31/24,066379,PERDOCEO EDUCATION CORP,71363P106,25,Consumer Discretionary
A,USD,STD,INDL,C,PRDO,12/31/25,066379,PERDOCEO EDUCATION CORP,71363P106,25,Consumer Discretionary
I,USD,STD,INDL,C,BRCM,12/31/04,066708,BROADCOM CORP,111320107,45,Information Technology
I,USD,STD,INDL,C,BRCM,12/31/05,066708,BROADCOM CORP,111320107,45,Information Technology
I,USD,STD,INDL,C,BRCM,12/31/06,066708,BROADCOM CORP,111320107,45,Information Technology
I,USD,STD,INDL,C,BRCM,12/31/07,066708,BROADCOM CORP,111320107,45,Information Technology
I,USD,STD,INDL,C,BRCM,12/31/08,066708,BROADCOM CORP,111320107,45,Information Technology
I,USD,STD,INDL,C,BRCM,12/31/09,066708,BROADCOM CORP,111320107,45,Information Technology
I,USD,STD,INDL,C,BRCM,12/31/10,066708,BROADCOM CORP,111320107,45,Information Technology
I,USD,STD,INDL,C,BRCM,12/31/11,066708,BROADCOM CORP,111320107,45,Information Technology
I,USD,STD,INDL,C,BRCM,12/31/12,066708,BROADCOM CORP,111320107,45,Information Technology
I,USD,STD,INDL,C,BRCM,12/31/13,066708,BROADCOM CORP,111320107,45,Information Technology
I,USD,STD,INDL,C,BRCM,12/31/14,066708,BROADCOM CORP,111320107,45,Information Technology
A,USD,STD,INDL,C,NVS,12/31/04,101310,NOVARTIS AG,66987V109,35,Health Care
A,USD,STD,INDL,C,NVS,12/31/05,101310,NOVARTIS AG,66987V109,35,Health Care
A,USD,STD,INDL,C,NVS,12/31/06,101310,NOVARTIS AG,66987V109,35,Health Care
A,USD,STD,INDL,C,NVS,12/31/07,101310,NOVARTIS AG,66987V109,35,Health Care
A,USD,STD,INDL,C,NVS,12/31/08,101310,NOVARTIS AG,66987V109,35,Health Care
A,USD,STD,INDL,C,NVS,12/31/09,101310,NOVARTIS AG,66987V109,35,Health Care
A,USD,STD,INDL,C,NVS,12/31/10,101310,NOVARTIS AG,66987V109,35,Health Care
A,USD,STD,INDL,C,NVS,12/31/11,101310,NOVARTIS AG,66987V109,35,Health Care
A,USD,STD,INDL,C,NVS,12/31/12,101310,NOVARTIS AG,66987V109,35,Health Care
A,USD,STD,INDL,C,NVS,12/31/13,101310,NOVARTIS AG,66987V109,35,Health Care
A,USD,STD,INDL,C,NVS,12/31/14,101310,NOVARTIS AG,66987V109,35,Health Care
A,USD,STD,INDL,C,NVS,12/31/15,101310,NOVARTIS AG,66987V109,35,Health Care
A,USD,STD,INDL,C,NVS,12/31/16,101310,NOVARTIS AG,66987V109,35,Health Care
A,USD,STD,INDL,C,NVS,12/31/17,101310,NOVARTIS AG,66987V109,35,Health Care
A,USD,STD,INDL,C,NVS,12/31/18,101310,NOVARTIS AG,66987V109,35,Health Care
A,USD,STD,INDL,C,NVS,12/31/19,101310,NOVARTIS AG,66987V109,35,Health Care
A,USD,STD,INDL,C,NVS,12/31/20,101310,NOVARTIS AG,66987V109,35,Health Care
A,USD,STD,INDL,C,NVS,12/31/21,101310,NOVARTIS AG,66987V109,35,Health Care
A,USD,STD,INDL,C,NVS,12/31/22,101310,NOVARTIS AG,66987V109,35,Health Care
A,USD,STD,INDL,C,NVS,12/31/23,101310,NOVARTIS AG,66987V109,35,Health Care
A,USD,STD,INDL,C,NVS,12/31/24,101310,NOVARTIS AG,66987V109,35,Health Care
A,USD,STD,INDL,C,LOGI,3/31/04,102696,LOGITECH INTERNATIONAL SA,H50430232,45,Information Technology
A,USD,STD,INDL,C,LOGI,3/31/05,102696,LOGITECH INTERNATIONAL SA,H50430232,45,Information Technology
A,USD,STD,INDL,C,LOGI,3/31/06,102696,LOGITECH INTERNATIONAL SA,H50430232,45,Information Technology
A,USD,STD,INDL,C,LOGI,3/31/07,102696,LOGITECH INTERNATIONAL SA,H50430232,45,Information Technology
A,USD,STD,INDL,C,LOGI,3/31/08,102696,LOGITECH INTERNATIONAL SA,H50430232,45,Information Technology
A,USD,STD,INDL,C,LOGI,3/31/09,102696,LOGITECH INTERNATIONAL SA,H50430232,45,Information Technology
A,USD,STD,INDL,C,LOGI,3/31/10,102696,LOGITECH INTERNATIONAL SA,H50430232,45,Information Technology
A,USD,STD,INDL,C,LOGI,3/31/11,102696,LOGITECH INTERNATIONAL SA,H50430232,45,Information Technology
A,USD,STD,INDL,C,LOGI,3/31/12,102696,LOGITECH INTERNATIONAL SA,H50430232,45,Information Technology
A,USD,STD,INDL,C,LOGI,3/31/13,102696,LOGITECH INTERNATIONAL SA,H50430232,45,Information Technology
A,USD,STD,INDL,C,LOGI,3/31/14,102696,LOGITECH INTERNATIONAL SA,H50430232,45,Information Technology
A,USD,STD,INDL,C,LOGI,3/31/15,102696,LOGITECH INTERNATIONAL SA,H50430232,45,Information Technology
A,USD,STD,INDL,C,LOGI,3/31/16,102696,LOGITECH INTERNATIONAL SA,H50430232,45,Information Technology
A,USD,STD,INDL,C,LOGI,3/31/17,102696,LOGITECH INTERNATIONAL SA,H50430232,45,Information Technology
A,USD,STD,INDL,C,LOGI,3/31/18,102696,LOGITECH INTERNATIONAL SA,H50430232,45,Information Technology
A,USD,STD,INDL,C,LOGI,3/31/19,102696,LOGITECH INTERNATIONAL SA,H50430232,45,Information Technology
A,USD,STD,INDL,C,LOGI,3/31/20,102696,LOGITECH INTERNATIONAL SA,H50430232,45,Information Technology
A,USD,STD,INDL,C,LOGI,3/31/21,102696,LOGITECH INTERNATIONAL SA,H50430232,45,Information Technology
A,USD,STD,INDL,C,LOGI,3/31/22,102696,LOGITECH INTERNATIONAL SA,H50430232,45,Information Technology
A,USD,STD,INDL,C,LOGI,3/31/23,102696,LOGITECH INTERNATIONAL SA,H50430232,45,Information Technology
A,USD,STD,INDL,C,LOGI,3/31/24,102696,LOGITECH INTERNATIONAL SA,H50430232,45,Information Technology
A,USD,STD,INDL,C,LOGI,3/31/25,102696,LOGITECH INTERNATIONAL SA,H50430232,45,Information Technology
A,USD,STD,INDL,C,NCLH,12/31/10,104432,NORWEGIAN CRUISE LINE HLDGS,G66721104,25,Consumer Discretionary
A,USD,STD,INDL,C,NCLH,12/31/11,104432,NORWEGIAN CRUISE LINE HLDGS,G66721104,25,Consumer Discretionary
A,USD,STD,INDL,C,NCLH,12/31/12,104432,NORWEGIAN CRUISE LINE HLDGS,G66721104,25,Consumer Discretionary
A,USD,STD,INDL,C,NCLH,12/31/13,104432,NORWEGIAN CRUISE LINE HLDGS,G66721104,25,Consumer Discretionary
A,USD,STD,INDL,C,NCLH,12/31/14,104432,NORWEGIAN CRUISE LINE HLDGS,G66721104,25,Consumer Discretionary
A,USD,STD,INDL,C,NCLH,12/31/15,104432,NORWEGIAN CRUISE LINE HLDGS,G66721104,25,Consumer Discretionary
A,USD,STD,INDL,C,NCLH,12/31/16,104432,NORWEGIAN CRUISE LINE HLDGS,G66721104,25,Consumer Discretionary
A,USD,STD,INDL,C,NCLH,12/31/17,104432,NORWEGIAN CRUISE LINE HLDGS,G66721104,25,Consumer Discretionary
A,USD,STD,INDL,C,NCLH,12/31/18,104432,NORWEGIAN CRUISE LINE HLDGS,G66721104,25,Consumer Discretionary
A,USD,STD,INDL,C,NCLH,12/31/19,104432,NORWEGIAN CRUISE LINE HLDGS,G66721104,25,Consumer Discretionary
A,USD,STD,INDL,C,NCLH,12/31/20,104432,NORWEGIAN CRUISE LINE HLDGS,G66721104,25,Consumer Discretionary
A,USD,STD,INDL,C,NCLH,12/31/21,104432,NORWEGIAN CRUISE LINE HLDGS,G66721104,25,Consumer Discretionary
A,USD,STD,INDL,C,NCLH,12/31/22,104432,NORWEGIAN CRUISE LINE HLDGS,G66721104,25,Consumer Discretionary
A,USD,STD,INDL,C,NCLH,12/31/23,104432,NORWEGIAN CRUISE LINE HLDGS,G66721104,25,Consumer Discretionary
A,USD,STD,INDL,C,NCLH,12/31/24,104432,NORWEGIAN CRUISE LINE HLDGS,G66721104,25,Consumer Discretionary
A,USD,STD,INDL,C,NCLH,12/31/25,104432,NORWEGIAN CRUISE LINE HLDGS,G66721104,25,Consumer Discretionary
A,USD,STD,INDL,C,MSTR,12/31/04,111534,STRATEGY INC,594972408,45,Information Technology
A,USD,STD,INDL,C,MSTR,12/31/05,111534,STRATEGY INC,594972408,45,Information Technology
A,USD,STD,INDL,C,MSTR,12/31/06,111534,STRATEGY INC,594972408,45,Information Technology
A,USD,STD,INDL,C,MSTR,12/31/07,111534,STRATEGY INC,594972408,45,Information Technology
A,USD,STD,INDL,C,MSTR,12/31/08,111534,STRATEGY INC,594972408,45,Information Technology
A,USD,STD,INDL,C,MSTR,12/31/09,111534,STRATEGY INC,594972408,45,Information Technology
A,USD,STD,INDL,C,MSTR,12/31/10,111534,STRATEGY INC,594972408,45,Information Technology
A,USD,STD,INDL,C,MSTR,12/31/11,111534,STRATEGY INC,594972408,45,Information Technology
A,USD,STD,INDL,C,MSTR,12/31/12,111534,STRATEGY INC,594972408,45,Information Technology
A,USD,STD,INDL,C,MSTR,12/31/13,111534,STRATEGY INC,594972408,45,Information Technology
A,USD,STD,INDL,C,MSTR,12/31/14,111534,STRATEGY INC,594972408,45,Information Technology
A,USD,STD,INDL,C,MSTR,12/31/15,111534,STRATEGY INC,594972408,45,Information Technology
A,USD,STD,INDL,C,MSTR,12/31/16,111534,STRATEGY INC,594972408,45,Information Technology
A,USD,STD,INDL,C,MSTR,12/31/17,111534,STRATEGY INC,594972408,45,Information Technology
A,USD,STD,INDL,C,MSTR,12/31/18,111534,STRATEGY INC,594972408,45,Information Technology
A,USD,STD,INDL,C,MSTR,12/31/19,111534,STRATEGY INC,594972408,45,Information Technology
A,USD,STD,INDL,C,MSTR,12/31/20,111534,STRATEGY INC,594972408,45,Information Technology
A,USD,STD,INDL,C,MSTR,12/31/21,111534,STRATEGY INC,594972408,45,Information Technology
A,USD,STD,INDL,C,MSTR,12/31/22,111534,STRATEGY INC,594972408,45,Information Technology
A,USD,STD,INDL,C,MSTR,12/31/23,111534,STRATEGY INC,594972408,45,Information Technology
A,USD,STD,INDL,C,MSTR,12/31/24,111534,STRATEGY INC,594972408,45,Information Technology
A,USD,STD,INDL,C,MSTR,12/31/25,111534,STRATEGY INC,594972408,45,Information Technology
A,USD,STD,INDL,C,CTSH,12/31/04,111864,COGNIZANT TECH SOLUTIONS,192446102,45,Information Technology
A,USD,STD,INDL,C,CTSH,12/31/05,111864,COGNIZANT TECH SOLUTIONS,192446102,45,Information Technology
A,USD,STD,INDL,C,CTSH,12/31/06,111864,COGNIZANT TECH SOLUTIONS,192446102,45,Information Technology
A,USD,STD,INDL,C,CTSH,12/31/07,111864,COGNIZANT TECH SOLUTIONS,192446102,45,Information Technology
A,USD,STD,INDL,C,CTSH,12/31/08,111864,COGNIZANT TECH SOLUTIONS,192446102,45,Information Technology
A,USD,STD,INDL,C,CTSH,12/31/09,111864,COGNIZANT TECH SOLUTIONS,192446102,45,Information Technology
A,USD,STD,INDL,C,CTSH,12/31/10,111864,COGNIZANT TECH SOLUTIONS,192446102,45,Information Technology
A,USD,STD,INDL,C,CTSH,12/31/11,111864,COGNIZANT TECH SOLUTIONS,192446102,45,Information Technology
A,USD,STD,INDL,C,CTSH,12/31/12,111864,COGNIZANT TECH SOLUTIONS,192446102,45,Information Technology
A,USD,STD,INDL,C,CTSH,12/31/13,111864,COGNIZANT TECH SOLUTIONS,192446102,45,Information Technology
A,USD,STD,INDL,C,CTSH,12/31/14,111864,COGNIZANT TECH SOLUTIONS,192446102,45,Information Technology
A,USD,STD,INDL,C,CTSH,12/31/15,111864,COGNIZANT TECH SOLUTIONS,192446102,45,Information Technology
A,USD,STD,INDL,C,CTSH,12/31/16,111864,COGNIZANT TECH SOLUTIONS,192446102,45,Information Technology
A,USD,STD,INDL,C,CTSH,12/31/17,111864,COGNIZANT TECH SOLUTIONS,192446102,45,Information Technology
A,USD,STD,INDL,C,CTSH,12/31/18,111864,COGNIZANT TECH SOLUTIONS,192446102,45,Information Technology
A,USD,STD,INDL,C,CTSH,12/31/19,111864,COGNIZANT TECH SOLUTIONS,192446102,45,Information Technology
A,USD,STD,INDL,C,CTSH,12/31/20,111864,COGNIZANT TECH SOLUTIONS,192446102,45,Information Technology
A,USD,STD,INDL,C,CTSH,12/31/21,111864,COGNIZANT TECH SOLUTIONS,192446102,45,Information Technology
A,USD,STD,INDL,C,CTSH,12/31/22,111864,COGNIZANT TECH SOLUTIONS,192446102,45,Information Technology
A,USD,STD,INDL,C,CTSH,12/31/23,111864,COGNIZANT TECH SOLUTIONS,192446102,45,Information Technology
A,USD,STD,INDL,C,CTSH,12/31/24,111864,COGNIZANT TECH SOLUTIONS,192446102,45,Information Technology
A,USD,STD,INDL,C,CTSH,12/31/25,111864,COGNIZANT TECH SOLUTIONS,192446102,45,Information Technology
A,USD,STD,INDL,C,CSGP,12/31/04,112111,COSTAR GROUP INC,22160N109,60,Real Estate
A,USD,STD,INDL,C,CSGP,12/31/05,112111,COSTAR GROUP INC,22160N109,60,Real Estate
A,USD,STD,INDL,C,CSGP,12/31/06,112111,COSTAR GROUP INC,22160N109,60,Real Estate
A,USD,STD,INDL,C,CSGP,12/31/07,112111,COSTAR GROUP INC,22160N109,60,Real Estate
A,USD,STD,INDL,C,CSGP,12/31/08,112111,COSTAR GROUP INC,22160N109,60,Real Estate
A,USD,STD,INDL,C,CSGP,12/31/09,112111,COSTAR GROUP INC,22160N109,60,Real Estate
A,USD,STD,INDL,C,CSGP,12/31/10,112111,COSTAR GROUP INC,22160N109,60,Real Estate
A,USD,STD,INDL,C,CSGP,12/31/11,112111,COSTAR GROUP INC,22160N109,60,Real Estate
A,USD,STD,INDL,C,CSGP,12/31/12,112111,COSTAR GROUP INC,22160N109,60,Real Estate
A,USD,STD,INDL,C,CSGP,12/31/13,112111,COSTAR GROUP INC,22160N109,60,Real Estate
A,USD,STD,INDL,C,CSGP,12/31/14,112111,COSTAR GROUP INC,22160N109,60,Real Estate
A,USD,STD,INDL,C,CSGP,12/31/15,112111,COSTAR GROUP INC,22160N109,60,Real Estate
A,USD,STD,INDL,C,CSGP,12/31/16,112111,COSTAR GROUP INC,22160N109,60,Real Estate
A,USD,STD,INDL,C,CSGP,12/31/17,112111,COSTAR GROUP INC,22160N109,60,Real Estate
A,USD,STD,INDL,C,CSGP,12/31/18,112111,COSTAR GROUP INC,22160N109,60,Real Estate
A,USD,STD,INDL,C,CSGP,12/31/19,112111,COSTAR GROUP INC,22160N109,60,Real Estate
A,USD,STD,INDL,C,CSGP,12/31/20,112111,COSTAR GROUP INC,22160N109,60,Real Estate
A,USD,STD,INDL,C,CSGP,12/31/21,112111,COSTAR GROUP INC,22160N109,60,Real Estate
A,USD,STD,INDL,C,CSGP,12/31/22,112111,COSTAR GROUP INC,22160N109,60,Real Estate
A,USD,STD,INDL,C,CSGP,12/31/23,112111,COSTAR GROUP INC,22160N109,60,Real Estate
A,USD,STD,INDL,C,CSGP,12/31/24,112111,COSTAR GROUP INC,22160N109,60,Real Estate
A,USD,STD,INDL,C,CSGP,12/31/25,112111,COSTAR GROUP INC,22160N109,60,Real Estate
A,USD,STD,INDL,C,EBAY,12/31/04,114524,EBAY INC,278642103,25,Consumer Discretionary
A,USD,STD,INDL,C,EBAY,12/31/05,114524,EBAY INC,278642103,25,Consumer Discretionary
A,USD,STD,INDL,C,EBAY,12/31/06,114524,EBAY INC,278642103,25,Consumer Discretionary
A,USD,STD,INDL,C,EBAY,12/31/07,114524,EBAY INC,278642103,25,Consumer Discretionary
A,USD,STD,INDL,C,EBAY,12/31/08,114524,EBAY INC,278642103,25,Consumer Discretionary
A,USD,STD,INDL,C,EBAY,12/31/09,114524,EBAY INC,278642103,25,Consumer Discretionary
A,USD,STD,INDL,C,EBAY,12/31/10,114524,EBAY INC,278642103,25,Consumer Discretionary
A,USD,STD,INDL,C,EBAY,12/31/11,114524,EBAY INC,278642103,25,Consumer Discretionary
A,USD,STD,INDL,C,EBAY,12/31/12,114524,EBAY INC,278642103,25,Consumer Discretionary
A,USD,STD,INDL,C,EBAY,12/31/13,114524,EBAY INC,278642103,25,Consumer Discretionary
A,USD,STD,INDL,C,EBAY,12/31/14,114524,EBAY INC,278642103,25,Consumer Discretionary
A,USD,STD,INDL,C,EBAY,12/31/15,114524,EBAY INC,278642103,25,Consumer Discretionary
A,USD,STD,INDL,C,EBAY,12/31/16,114524,EBAY INC,278642103,25,Consumer Discretionary
A,USD,STD,INDL,C,EBAY,12/31/17,114524,EBAY INC,278642103,25,Consumer Discretionary
A,USD,STD,INDL,C,EBAY,12/31/18,114524,EBAY INC,278642103,25,Consumer Discretionary
A,USD,STD,INDL,C,EBAY,12/31/19,114524,EBAY INC,278642103,25,Consumer Discretionary
A,USD,STD,INDL,C,EBAY,12/31/20,114524,EBAY INC,278642103,25,Consumer Discretionary
A,USD,STD,INDL,C,EBAY,12/31/21,114524,EBAY INC,278642103,25,Consumer Discretionary
A,USD,STD,INDL,C,EBAY,12/31/22,114524,EBAY INC,278642103,25,Consumer Discretionary
A,USD,STD,INDL,C,EBAY,12/31/23,114524,EBAY INC,278642103,25,Consumer Discretionary
A,USD,STD,INDL,C,EBAY,12/31/24,114524,EBAY INC,278642103,25,Consumer Discretionary
A,USD,STD,INDL,C,EBAY,12/31/25,114524,EBAY INC,278642103,25,Consumer Discretionary
A,USD,STD,INDL,C,NVDA,1/31/04,117768,NVIDIA CORP,67066G104,45,Information Technology
A,USD,STD,INDL,C,NVDA,1/31/05,117768,NVIDIA CORP,67066G104,45,Information Technology
A,USD,STD,INDL,C,NVDA,1/31/06,117768,NVIDIA CORP,67066G104,45,Information Technology
A,USD,STD,INDL,C,NVDA,1/31/07,117768,NVIDIA CORP,67066G104,45,Information Technology
A,USD,STD,INDL,C,NVDA,1/31/08,117768,NVIDIA CORP,67066G104,45,Information Technology
A,USD,STD,INDL,C,NVDA,1/31/09,117768,NVIDIA CORP,67066G104,45,Information Technology
A,USD,STD,INDL,C,NVDA,1/31/10,117768,NVIDIA CORP,67066G104,45,Information Technology
A,USD,STD,INDL,C,NVDA,1/31/11,117768,NVIDIA CORP,67066G104,45,Information Technology
A,USD,STD,INDL,C,NVDA,1/31/12,117768,NVIDIA CORP,67066G104,45,Information Technology
A,USD,STD,INDL,C,NVDA,1/31/13,117768,NVIDIA CORP,67066G104,45,Information Technology
A,USD,STD,INDL,C,NVDA,1/31/14,117768,NVIDIA CORP,67066G104,45,Information Technology
A,USD,STD,INDL,C,NVDA,1/31/15,117768,NVIDIA CORP,67066G104,45,Information Technology
A,USD,STD,INDL,C,NVDA,1/31/16,117768,NVIDIA CORP,67066G104,45,Information Technology
A,USD,STD,INDL,C,NVDA,1/31/17,117768,NVIDIA CORP,67066G104,45,Information Technology
A,USD,STD,INDL,C,NVDA,1/31/18,117768,NVIDIA CORP,67066G104,45,Information Technology
A,USD,STD,INDL,C,NVDA,1/31/19,117768,NVIDIA CORP,67066G104,45,Information Technology
A,USD,STD,INDL,C,NVDA,1/31/20,117768,NVIDIA CORP,67066G104,45,Information Technology
A,USD,STD,INDL,C,NVDA,1/31/21,117768,NVIDIA CORP,67066G104,45,Information Technology
A,USD,STD,INDL,C,NVDA,1/31/22,117768,NVIDIA CORP,67066G104,45,Information Technology
A,USD,STD,INDL,C,NVDA,1/31/23,117768,NVIDIA CORP,67066G104,45,Information Technology
A,USD,STD,INDL,C,NVDA,1/31/24,117768,NVIDIA CORP,67066G104,45,Information Technology
A,USD,STD,INDL,C,NVDA,1/31/25,117768,NVIDIA CORP,67066G104,45,Information Technology
A,USD,STD,INDL,C,NVDA,1/31/26,117768,NVIDIA CORP,67066G104,45,Information Technology
I,USD,STD,INDL,C,LIFE.3,12/31/04,118577,LIFE TECHNOLOGIES CORP,53217V109,35,Health Care
I,USD,STD,INDL,C,LIFE.3,12/31/05,118577,LIFE TECHNOLOGIES CORP,53217V109,35,Health Care
I,USD,STD,INDL,C,LIFE.3,12/31/06,118577,LIFE TECHNOLOGIES CORP,53217V109,35,Health Care
I,USD,STD,INDL,C,LIFE.3,12/31/07,118577,LIFE TECHNOLOGIES CORP,53217V109,35,Health Care
I,USD,STD,INDL,C,LIFE.3,12/31/08,118577,LIFE TECHNOLOGIES CORP,53217V109,35,Health Care
I,USD,STD,INDL,C,LIFE.3,12/31/09,118577,LIFE TECHNOLOGIES CORP,53217V109,35,Health Care
I,USD,STD,INDL,C,LIFE.3,12/31/10,118577,LIFE TECHNOLOGIES CORP,53217V109,35,Health Care
I,USD,STD,INDL,C,LIFE.3,12/31/11,118577,LIFE TECHNOLOGIES CORP,53217V109,35,Health Care
I,USD,STD,INDL,C,LIFE.3,12/31/12,118577,LIFE TECHNOLOGIES CORP,53217V109,35,Health Care
A,USD,STD,INDL,C,BKNG,12/31/04,119314,BOOKING HOLDINGS INC,09857L108,25,Consumer Discretionary
A,USD,STD,INDL,C,BKNG,12/31/05,119314,BOOKING HOLDINGS INC,09857L108,25,Consumer Discretionary
A,USD,STD,INDL,C,BKNG,12/31/06,119314,BOOKING HOLDINGS INC,09857L108,25,Consumer Discretionary
A,USD,STD,INDL,C,BKNG,12/31/07,119314,BOOKING HOLDINGS INC,09857L108,25,Consumer Discretionary
A,USD,STD,INDL,C,BKNG,12/31/08,119314,BOOKING HOLDINGS INC,09857L108,25,Consumer Discretionary
A,USD,STD,INDL,C,BKNG,12/31/09,119314,BOOKING HOLDINGS INC,09857L108,25,Consumer Discretionary
A,USD,STD,INDL,C,BKNG,12/31/10,119314,BOOKING HOLDINGS INC,09857L108,25,Consumer Discretionary
A,USD,STD,INDL,C,BKNG,12/31/11,119314,BOOKING HOLDINGS INC,09857L108,25,Consumer Discretionary
A,USD,STD,INDL,C,BKNG,12/31/12,119314,BOOKING HOLDINGS INC,09857L108,25,Consumer Discretionary
A,USD,STD,INDL,C,BKNG,12/31/13,119314,BOOKING HOLDINGS INC,09857L108,25,Consumer Discretionary
A,USD,STD,INDL,C,BKNG,12/31/14,119314,BOOKING HOLDINGS INC,09857L108,25,Consumer Discretionary
A,USD,STD,INDL,C,BKNG,12/31/15,119314,BOOKING HOLDINGS INC,09857L108,25,Consumer Discretionary
A,USD,STD,INDL,C,BKNG,12/31/16,119314,BOOKING HOLDINGS INC,09857L108,25,Consumer Discretionary
A,USD,STD,INDL,C,BKNG,12/31/17,119314,BOOKING HOLDINGS INC,09857L108,25,Consumer Discretionary
A,USD,STD,INDL,C,BKNG,12/31/18,119314,BOOKING HOLDINGS INC,09857L108,25,Consumer Discretionary
A,USD,STD,INDL,C,BKNG,12/31/19,119314,BOOKING HOLDINGS INC,09857L108,25,Consumer Discretionary
A,USD,STD,INDL,C,BKNG,12/31/20,119314,BOOKING HOLDINGS INC,09857L108,25,Consumer Discretionary
A,USD,STD,INDL,C,BKNG,12/31/21,119314,BOOKING HOLDINGS INC,09857L108,25,Consumer Discretionary
A,USD,STD,INDL,C,BKNG,12/31/22,119314,BOOKING HOLDINGS INC,09857L108,25,Consumer Discretionary
A,USD,STD,INDL,C,BKNG,12/31/23,119314,BOOKING HOLDINGS INC,09857L108,25,Consumer Discretionary
A,USD,STD,INDL,C,BKNG,12/31/24,119314,BOOKING HOLDINGS INC,09857L108,25,Consumer Discretionary
A,USD,STD,INDL,C,BKNG,12/31/25,119314,BOOKING HOLDINGS INC,09857L108,25,Consumer Discretionary
A,USD,STD,INDL,C,FFIV,9/30/04,121077,F5 INC,315616102,45,Information Technology
A,USD,STD,INDL,C,FFIV,9/30/05,121077,F5 INC,315616102,45,Information Technology
A,USD,STD,INDL,C,FFIV,9/30/06,121077,F5 INC,315616102,45,Information Technology
A,USD,STD,INDL,C,FFIV,9/30/07,121077,F5 INC,315616102,45,Information Technology
A,USD,STD,INDL,C,FFIV,9/30/08,121077,F5 INC,315616102,45,Information Technology
A,USD,STD,INDL,C,FFIV,9/30/09,121077,F5 INC,315616102,45,Information Technology
A,USD,STD,INDL,C,FFIV,9/30/10,121077,F5 INC,315616102,45,Information Technology
A,USD,STD,INDL,C,FFIV,9/30/11,121077,F5 INC,315616102,45,Information Technology
A,USD,STD,INDL,C,FFIV,9/30/12,121077,F5 INC,315616102,45,Information Technology
A,USD,STD,INDL,C,FFIV,9/30/13,121077,F5 INC,315616102,45,Information Technology
A,USD,STD,INDL,C,FFIV,9/30/14,121077,F5 INC,315616102,45,Information Technology
A,USD,STD,INDL,C,FFIV,9/30/15,121077,F5 INC,315616102,45,Information Technology
A,USD,STD,INDL,C,FFIV,9/30/16,121077,F5 INC,315616102,45,Information Technology
A,USD,STD,INDL,C,FFIV,9/30/17,121077,F5 INC,315616102,45,Information Technology
A,USD,STD,INDL,C,FFIV,9/30/18,121077,F5 INC,315616102,45,Information Technology
A,USD,STD,INDL,C,FFIV,9/30/19,121077,F5 INC,315616102,45,Information Technology
A,USD,STD,INDL,C,FFIV,9/30/20,121077,F5 INC,315616102,45,Information Technology
A,USD,STD,INDL,C,FFIV,9/30/21,121077,F5 INC,315616102,45,Information Technology
A,USD,STD,INDL,C,FFIV,9/30/22,121077,F5 INC,315616102,45,Information Technology
A,USD,STD,INDL,C,FFIV,9/30/23,121077,F5 INC,315616102,45,Information Technology
A,USD,STD,INDL,C,FFIV,9/30/24,121077,F5 INC,315616102,45,Information Technology
A,USD,STD,INDL,C,FFIV,9/30/25,121077,F5 INC,315616102,45,Information Technology
A,USD,STD,INDL,C,SBAC,12/31/04,121382,SBA COMMUNICATIONS CORP,78410G104,60,Real Estate
A,USD,STD,INDL,C,SBAC,12/31/05,121382,SBA COMMUNICATIONS CORP,78410G104,60,Real Estate
A,USD,STD,INDL,C,SBAC,12/31/06,121382,SBA COMMUNICATIONS CORP,78410G104,60,Real Estate
A,USD,STD,INDL,C,SBAC,12/31/07,121382,SBA COMMUNICATIONS CORP,78410G104,60,Real Estate
A,USD,STD,INDL,C,SBAC,12/31/08,121382,SBA COMMUNICATIONS CORP,78410G104,60,Real Estate
A,USD,STD,INDL,C,SBAC,12/31/09,121382,SBA COMMUNICATIONS CORP,78410G104,60,Real Estate
A,USD,STD,INDL,C,SBAC,12/31/10,121382,SBA COMMUNICATIONS CORP,78410G104,60,Real Estate
A,USD,STD,INDL,C,SBAC,12/31/11,121382,SBA COMMUNICATIONS CORP,78410G104,60,Real Estate
A,USD,STD,INDL,C,SBAC,12/31/12,121382,SBA COMMUNICATIONS CORP,78410G104,60,Real Estate
A,USD,STD,INDL,C,SBAC,12/31/13,121382,SBA COMMUNICATIONS CORP,78410G104,60,Real Estate
A,USD,STD,INDL,C,SBAC,12/31/14,121382,SBA COMMUNICATIONS CORP,78410G104,60,Real Estate
A,USD,STD,INDL,C,SBAC,12/31/15,121382,SBA COMMUNICATIONS CORP,78410G104,60,Real Estate
A,USD,STD,INDL,C,SBAC,12/31/16,121382,SBA COMMUNICATIONS CORP,78410G104,60,Real Estate
A,USD,STD,INDL,C,SBAC,12/31/17,121382,SBA COMMUNICATIONS CORP,78410G104,60,Real Estate
A,USD,STD,INDL,C,SBAC,12/31/18,121382,SBA COMMUNICATIONS CORP,78410G104,60,Real Estate
A,USD,STD,INDL,C,SBAC,12/31/19,121382,SBA COMMUNICATIONS CORP,78410G104,60,Real Estate
A,USD,STD,INDL,C,SBAC,12/31/20,121382,SBA COMMUNICATIONS CORP,78410G104,60,Real Estate
A,USD,STD,INDL,C,SBAC,12/31/21,121382,SBA COMMUNICATIONS CORP,78410G104,60,Real Estate
A,USD,STD,INDL,C,SBAC,12/31/22,121382,SBA COMMUNICATIONS CORP,78410G104,60,Real Estate
A,USD,STD,INDL,C,SBAC,12/31/23,121382,SBA COMMUNICATIONS CORP,78410G104,60,Real Estate
A,USD,STD,INDL,C,SBAC,12/31/24,121382,SBA COMMUNICATIONS CORP,78410G104,60,Real Estate
A,USD,STD,INDL,C,SBAC,12/31/25,121382,SBA COMMUNICATIONS CORP,78410G104,60,Real Estate
I,USD,STD,INDL,C,JNPR,12/31/04,121718,JUNIPER NETWORKS INC,48203R104,45,Information Technology
I,USD,STD,INDL,C,JNPR,12/31/05,121718,JUNIPER NETWORKS INC,48203R104,45,Information Technology
I,USD,STD,INDL,C,JNPR,12/31/06,121718,JUNIPER NETWORKS INC,48203R104,45,Information Technology
I,USD,STD,INDL,C,JNPR,12/31/07,121718,JUNIPER NETWORKS INC,48203R104,45,Information Technology
I,USD,STD,INDL,C,JNPR,12/31/08,121718,JUNIPER NETWORKS INC,48203R104,45,Information Technology
I,USD,STD,INDL,C,JNPR,12/31/09,121718,JUNIPER NETWORKS INC,48203R104,45,Information Technology
I,USD,STD,INDL,C,JNPR,12/31/10,121718,JUNIPER NETWORKS INC,48203R104,45,Information Technology
I,USD,STD,INDL,C,JNPR,12/31/11,121718,JUNIPER NETWORKS INC,48203R104,45,Information Technology
I,USD,STD,INDL,C,JNPR,12/31/12,121718,JUNIPER NETWORKS INC,48203R104,45,Information Technology
I,USD,STD,INDL,C,JNPR,12/31/13,121718,JUNIPER NETWORKS INC,48203R104,45,Information Technology
I,USD,STD,INDL,C,JNPR,12/31/14,121718,JUNIPER NETWORKS INC,48203R104,45,Information Technology
I,USD,STD,INDL,C,JNPR,12/31/15,121718,JUNIPER NETWORKS INC,48203R104,45,Information Technology
I,USD,STD,INDL,C,JNPR,12/31/16,121718,JUNIPER NETWORKS INC,48203R104,45,Information Technology
I,USD,STD,INDL,C,JNPR,12/31/17,121718,JUNIPER NETWORKS INC,48203R104,45,Information Technology
I,USD,STD,INDL,C,JNPR,12/31/18,121718,JUNIPER NETWORKS INC,48203R104,45,Information Technology
I,USD,STD,INDL,C,JNPR,12/31/19,121718,JUNIPER NETWORKS INC,48203R104,45,Information Technology
I,USD,STD,INDL,C,JNPR,12/31/20,121718,JUNIPER NETWORKS INC,48203R104,45,Information Technology
I,USD,STD,INDL,C,JNPR,12/31/21,121718,JUNIPER NETWORKS INC,48203R104,45,Information Technology
I,USD,STD,INDL,C,JNPR,12/31/22,121718,JUNIPER NETWORKS INC,48203R104,45,Information Technology
I,USD,STD,INDL,C,JNPR,12/31/23,121718,JUNIPER NETWORKS INC,48203R104,45,Information Technology
I,USD,STD,INDL,C,JNPR,12/31/24,121718,JUNIPER NETWORKS INC,48203R104,45,Information Technology
A,USD,STD,INDL,C,BMRN,12/31/04,122257,BIOMARIN PHARMACEUTICAL INC,09061G101,35,Health Care
A,USD,STD,INDL,C,BMRN,12/31/05,122257,BIOMARIN PHARMACEUTICAL INC,09061G101,35,Health Care
A,USD,STD,INDL,C,BMRN,12/31/06,122257,BIOMARIN PHARMACEUTICAL INC,09061G101,35,Health Care
A,USD,STD,INDL,C,BMRN,12/31/07,122257,BIOMARIN PHARMACEUTICAL INC,09061G101,35,Health Care
A,USD,STD,INDL,C,BMRN,12/31/08,122257,BIOMARIN PHARMACEUTICAL INC,09061G101,35,Health Care
A,USD,STD,INDL,C,BMRN,12/31/09,122257,BIOMARIN PHARMACEUTICAL INC,09061G101,35,Health Care
A,USD,STD,INDL,C,BMRN,12/31/10,122257,BIOMARIN PHARMACEUTICAL INC,09061G101,35,Health Care
A,USD,STD,INDL,C,BMRN,12/31/11,122257,BIOMARIN PHARMACEUTICAL INC,09061G101,35,Health Care
A,USD,STD,INDL,C,BMRN,12/31/12,122257,BIOMARIN PHARMACEUTICAL INC,09061G101,35,Health Care
A,USD,STD,INDL,C,BMRN,12/31/13,122257,BIOMARIN PHARMACEUTICAL INC,09061G101,35,Health Care
A,USD,STD,INDL,C,BMRN,12/31/14,122257,BIOMARIN PHARMACEUTICAL INC,09061G101,35,Health Care
A,USD,STD,INDL,C,BMRN,12/31/15,122257,BIOMARIN PHARMACEUTICAL INC,09061G101,35,Health Care
A,USD,STD,INDL,C,BMRN,12/31/16,122257,BIOMARIN PHARMACEUTICAL INC,09061G101,35,Health Care
A,USD,STD,INDL,C,BMRN,12/31/17,122257,BIOMARIN PHARMACEUTICAL INC,09061G101,35,Health Care
A,USD,STD,INDL,C,BMRN,12/31/18,122257,BIOMARIN PHARMACEUTICAL INC,09061G101,35,Health Care
A,USD,STD,INDL,C,BMRN,12/31/19,122257,BIOMARIN PHARMACEUTICAL INC,09061G101,35,Health Care
A,USD,STD,INDL,C,BMRN,12/31/20,122257,BIOMARIN PHARMACEUTICAL INC,09061G101,35,Health Care
A,USD,STD,INDL,C,BMRN,12/31/21,122257,BIOMARIN PHARMACEUTICAL INC,09061G101,35,Health Care
A,USD,STD,INDL,C,BMRN,12/31/22,122257,BIOMARIN PHARMACEUTICAL INC,09061G101,35,Health Care
A,USD,STD,INDL,C,BMRN,12/31/23,122257,BIOMARIN PHARMACEUTICAL INC,09061G101,35,Health Care
A,USD,STD,INDL,C,BMRN,12/31/24,122257,BIOMARIN PHARMACEUTICAL INC,09061G101,35,Health Care
A,USD,STD,INDL,C,BMRN,12/31/25,122257,BIOMARIN PHARMACEUTICAL INC,09061G101,35,Health Care
I,USD,STD,INDL,C,RHT,2/29/04,122841,RED HAT INC,756577102,45,Information Technology
I,USD,STD,INDL,C,RHT,2/28/05,122841,RED HAT INC,756577102,45,Information Technology
I,USD,STD,INDL,C,RHT,2/28/06,122841,RED HAT INC,756577102,45,Information Technology
I,USD,STD,INDL,C,RHT,2/28/07,122841,RED HAT INC,756577102,45,Information Technology
I,USD,STD,INDL,C,RHT,2/29/08,122841,RED HAT INC,756577102,45,Information Technology
I,USD,STD,INDL,C,RHT,2/28/09,122841,RED HAT INC,756577102,45,Information Technology
I,USD,STD,INDL,C,RHT,2/28/10,122841,RED HAT INC,756577102,45,Information Technology
I,USD,STD,INDL,C,RHT,2/28/11,122841,RED HAT INC,756577102,45,Information Technology
I,USD,STD,INDL,C,RHT,2/29/12,122841,RED HAT INC,756577102,45,Information Technology
I,USD,STD,INDL,C,RHT,2/28/13,122841,RED HAT INC,756577102,45,Information Technology
I,USD,STD,INDL,C,RHT,2/28/14,122841,RED HAT INC,756577102,45,Information Technology
I,USD,STD,INDL,C,RHT,2/28/15,122841,RED HAT INC,756577102,45,Information Technology
I,USD,STD,INDL,C,RHT,2/29/16,122841,RED HAT INC,756577102,45,Information Technology
I,USD,STD,INDL,C,RHT,2/28/17,122841,RED HAT INC,756577102,45,Information Technology
I,USD,STD,INDL,C,RHT,2/28/18,122841,RED HAT INC,756577102,45,Information Technology
I,USD,STD,INDL,C,RHT,2/28/19,122841,RED HAT INC,756577102,45,Information Technology
I,USD,STD,INDL,C,XMSR,12/31/04,124442,XM SATELLITE RADIO HLDGS INC,983759101,25,Consumer Discretionary
I,USD,STD,INDL,C,XMSR,12/31/05,124442,XM SATELLITE RADIO HLDGS INC,983759101,25,Consumer Discretionary
I,USD,STD,INDL,C,XMSR,12/31/06,124442,XM SATELLITE RADIO HLDGS INC,983759101,25,Consumer Discretionary
I,USD,STD,INDL,C,XMSR,12/31/07,124442,XM SATELLITE RADIO HLDGS INC,983759101,25,Consumer Discretionary
A,USD,STD,INDL,C,AKAM,12/31/04,125595,AKAMAI TECHNOLOGIES INC,00971T101,45,Information Technology
A,USD,STD,INDL,C,AKAM,12/31/05,125595,AKAMAI TECHNOLOGIES INC,00971T101,45,Information Technology
A,USD,STD,INDL,C,AKAM,12/31/06,125595,AKAMAI TECHNOLOGIES INC,00971T101,45,Information Technology
A,USD,STD,INDL,C,AKAM,12/31/07,125595,AKAMAI TECHNOLOGIES INC,00971T101,45,Information Technology
A,USD,STD,INDL,C,AKAM,12/31/08,125595,AKAMAI TECHNOLOGIES INC,00971T101,45,Information Technology
A,USD,STD,INDL,C,AKAM,12/31/09,125595,AKAMAI TECHNOLOGIES INC,00971T101,45,Information Technology
A,USD,STD,INDL,C,AKAM,12/31/10,125595,AKAMAI TECHNOLOGIES INC,00971T101,45,Information Technology
A,USD,STD,INDL,C,AKAM,12/31/11,125595,AKAMAI TECHNOLOGIES INC,00971T101,45,Information Technology
A,USD,STD,INDL,C,AKAM,12/31/12,125595,AKAMAI TECHNOLOGIES INC,00971T101,45,Information Technology
A,USD,STD,INDL,C,AKAM,12/31/13,125595,AKAMAI TECHNOLOGIES INC,00971T101,45,Information Technology
A,USD,STD,INDL,C,AKAM,12/31/14,125595,AKAMAI TECHNOLOGIES INC,00971T101,45,Information Technology
A,USD,STD,INDL,C,AKAM,12/31/15,125595,AKAMAI TECHNOLOGIES INC,00971T101,45,Information Technology
A,USD,STD,INDL,C,AKAM,12/31/16,125595,AKAMAI TECHNOLOGIES INC,00971T101,45,Information Technology
A,USD,STD,INDL,C,AKAM,12/31/17,125595,AKAMAI TECHNOLOGIES INC,00971T101,45,Information Technology
A,USD,STD,INDL,C,AKAM,12/31/18,125595,AKAMAI TECHNOLOGIES INC,00971T101,45,Information Technology
A,USD,STD,INDL,C,AKAM,12/31/19,125595,AKAMAI TECHNOLOGIES INC,00971T101,45,Information Technology
A,USD,STD,INDL,C,AKAM,12/31/20,125595,AKAMAI TECHNOLOGIES INC,00971T101,45,Information Technology
A,USD,STD,INDL,C,AKAM,12/31/21,125595,AKAMAI TECHNOLOGIES INC,00971T101,45,Information Technology
A,USD,STD,INDL,C,AKAM,12/31/22,125595,AKAMAI TECHNOLOGIES INC,00971T101,45,Information Technology
A,USD,STD,INDL,C,AKAM,12/31/23,125595,AKAMAI TECHNOLOGIES INC,00971T101,45,Information Technology
A,USD,STD,INDL,C,AKAM,12/31/24,125595,AKAMAI TECHNOLOGIES INC,00971T101,45,Information Technology
A,USD,STD,INDL,C,AKAM,12/31/25,125595,AKAMAI TECHNOLOGIES INC,00971T101,45,Information Technology
A,USD,STD,INDL,C,CHTR,12/31/04,126136,CHARTER COMMUNICATIONS INC,16119P108,50,Communication Services
A,USD,STD,INDL,C,CHTR,12/31/05,126136,CHARTER COMMUNICATIONS INC,16119P108,50,Communication Services
A,USD,STD,INDL,C,CHTR,12/31/06,126136,CHARTER COMMUNICATIONS INC,16119P108,50,Communication Services
A,USD,STD,INDL,C,CHTR,12/31/07,126136,CHARTER COMMUNICATIONS INC,16119P108,50,Communication Services
A,USD,STD,INDL,C,CHTR,12/31/08,126136,CHARTER COMMUNICATIONS INC,16119P108,50,Communication Services
A,USD,STD,INDL,C,CHTR,12/31/09,126136,CHARTER COMMUNICATIONS INC,16119P108,50,Communication Services
A,USD,STD,INDL,C,CHTR,12/31/10,126136,CHARTER COMMUNICATIONS INC,16119P108,50,Communication Services
A,USD,STD,INDL,C,CHTR,12/31/11,126136,CHARTER COMMUNICATIONS INC,16119P108,50,Communication Services
A,USD,STD,INDL,C,CHTR,12/31/12,126136,CHARTER COMMUNICATIONS INC,16119P108,50,Communication Services
A,USD,STD,INDL,C,CHTR,12/31/13,126136,CHARTER COMMUNICATIONS INC,16119P108,50,Communication Services
A,USD,STD,INDL,C,CHTR,12/31/14,126136,CHARTER COMMUNICATIONS INC,16119P108,50,Communication Services
A,USD,STD,INDL,C,CHTR,12/31/15,126136,CHARTER COMMUNICATIONS INC,16119P108,50,Communication Services
A,USD,STD,INDL,C,CHTR,12/31/16,126136,CHARTER COMMUNICATIONS INC,16119P108,50,Communication Services
A,USD,STD,INDL,C,CHTR,12/31/17,126136,CHARTER COMMUNICATIONS INC,16119P108,50,Communication Services
A,USD,STD,INDL,C,CHTR,12/31/18,126136,CHARTER COMMUNICATIONS INC,16119P108,50,Communication Services
A,USD,STD,INDL,C,CHTR,12/31/19,126136,CHARTER COMMUNICATIONS INC,16119P108,50,Communication Services
A,USD,STD,INDL,C,CHTR,12/31/20,126136,CHARTER COMMUNICATIONS INC,16119P108,50,Communication Services
A,USD,STD,INDL,C,CHTR,12/31/21,126136,CHARTER COMMUNICATIONS INC,16119P108,50,Communication Services
A,USD,STD,INDL,C,CHTR,12/31/22,126136,CHARTER COMMUNICATIONS INC,16119P108,50,Communication Services
A,USD,STD,INDL,C,CHTR,12/31/23,126136,CHARTER COMMUNICATIONS INC,16119P108,50,Communication Services
A,USD,STD,INDL,C,CHTR,12/31/24,126136,CHARTER COMMUNICATIONS INC,16119P108,50,Communication Services
A,USD,STD,INDL,C,CHTR,12/31/25,126136,CHARTER COMMUNICATIONS INC,16119P108,50,Communication Services
A,USD,STD,INDL,C,EXPE,12/31/04,126296,EXPEDIA GROUP INC,30212P303,25,Consumer Discretionary
A,USD,STD,INDL,C,EXPE,12/31/05,126296,EXPEDIA GROUP INC,30212P303,25,Consumer Discretionary
A,USD,STD,INDL,C,EXPE,12/31/06,126296,EXPEDIA GROUP INC,30212P303,25,Consumer Discretionary
A,USD,STD,INDL,C,EXPE,12/31/07,126296,EXPEDIA GROUP INC,30212P303,25,Consumer Discretionary
A,USD,STD,INDL,C,EXPE,12/31/08,126296,EXPEDIA GROUP INC,30212P303,25,Consumer Discretionary
A,USD,STD,INDL,C,EXPE,12/31/09,126296,EXPEDIA GROUP INC,30212P303,25,Consumer Discretionary
A,USD,STD,INDL,C,EXPE,12/31/10,126296,EXPEDIA GROUP INC,30212P303,25,Consumer Discretionary
A,USD,STD,INDL,C,EXPE,12/31/11,126296,EXPEDIA GROUP INC,30212P303,25,Consumer Discretionary
A,USD,STD,INDL,C,EXPE,12/31/12,126296,EXPEDIA GROUP INC,30212P303,25,Consumer Discretionary
A,USD,STD,INDL,C,EXPE,12/31/13,126296,EXPEDIA GROUP INC,30212P303,25,Consumer Discretionary
A,USD,STD,INDL,C,EXPE,12/31/14,126296,EXPEDIA GROUP INC,30212P303,25,Consumer Discretionary
A,USD,STD,INDL,C,EXPE,12/31/15,126296,EXPEDIA GROUP INC,30212P303,25,Consumer Discretionary
A,USD,STD,INDL,C,EXPE,12/31/16,126296,EXPEDIA GROUP INC,30212P303,25,Consumer Discretionary
A,USD,STD,INDL,C,EXPE,12/31/17,126296,EXPEDIA GROUP INC,30212P303,25,Consumer Discretionary
A,USD,STD,INDL,C,EXPE,12/31/18,126296,EXPEDIA GROUP INC,30212P303,25,Consumer Discretionary
A,USD,STD,INDL,C,EXPE,12/31/19,126296,EXPEDIA GROUP INC,30212P303,25,Consumer Discretionary
A,USD,STD,INDL,C,EXPE,12/31/20,126296,EXPEDIA GROUP INC,30212P303,25,Consumer Discretionary
A,USD,STD,INDL,C,EXPE,12/31/21,126296,EXPEDIA GROUP INC,30212P303,25,Consumer Discretionary
A,USD,STD,INDL,C,EXPE,12/31/22,126296,EXPEDIA GROUP INC,30212P303,25,Consumer Discretionary
A,USD,STD,INDL,C,EXPE,12/31/23,126296,EXPEDIA GROUP INC,30212P303,25,Consumer Discretionary
A,USD,STD,INDL,C,EXPE,12/31/24,126296,EXPEDIA GROUP INC,30212P303,25,Consumer Discretionary
A,USD,STD,INDL,C,EXPE,12/31/25,126296,EXPEDIA GROUP INC,30212P303,25,Consumer Discretionary
A,USD,STD,INDL,C,ON,12/31/04,134932,ON SEMICONDUCTOR CORP,682189105,45,Information Technology
A,USD,STD,INDL,C,ON,12/31/05,134932,ON SEMICONDUCTOR CORP,682189105,45,Information Technology
A,USD,STD,INDL,C,ON,12/31/06,134932,ON SEMICONDUCTOR CORP,682189105,45,Information Technology
A,USD,STD,INDL,C,ON,12/31/07,134932,ON SEMICONDUCTOR CORP,682189105,45,Information Technology
A,USD,STD,INDL,C,ON,12/31/08,134932,ON SEMICONDUCTOR CORP,682189105,45,Information Technology
A,USD,STD,INDL,C,ON,12/31/09,134932,ON SEMICONDUCTOR CORP,682189105,45,Information Technology
A,USD,STD,INDL,C,ON,12/31/10,134932,ON SEMICONDUCTOR CORP,682189105,45,Information Technology
A,USD,STD,INDL,C,ON,12/31/11,134932,ON SEMICONDUCTOR CORP,682189105,45,Information Technology
A,USD,STD,INDL,C,ON,12/31/12,134932,ON SEMICONDUCTOR CORP,682189105,45,Information Technology
A,USD,STD,INDL,C,ON,12/31/13,134932,ON SEMICONDUCTOR CORP,682189105,45,Information Technology
A,USD,STD,INDL,C,ON,12/31/14,134932,ON SEMICONDUCTOR CORP,682189105,45,Information Technology
A,USD,STD,INDL,C,ON,12/31/15,134932,ON SEMICONDUCTOR CORP,682189105,45,Information Technology
A,USD,STD,INDL,C,ON,12/31/16,134932,ON SEMICONDUCTOR CORP,682189105,45,Information Technology
A,USD,STD,INDL,C,ON,12/31/17,134932,ON SEMICONDUCTOR CORP,682189105,45,Information Technology
A,USD,STD,INDL,C,ON,12/31/18,134932,ON SEMICONDUCTOR CORP,682189105,45,Information Technology
A,USD,STD,INDL,C,ON,12/31/19,134932,ON SEMICONDUCTOR CORP,682189105,45,Information Technology
A,USD,STD,INDL,C,ON,12/31/20,134932,ON SEMICONDUCTOR CORP,682189105,45,Information Technology
A,USD,STD,INDL,C,ON,12/31/21,134932,ON SEMICONDUCTOR CORP,682189105,45,Information Technology
A,USD,STD,INDL,C,ON,12/31/22,134932,ON SEMICONDUCTOR CORP,682189105,45,Information Technology
A,USD,STD,INDL,C,ON,12/31/23,134932,ON SEMICONDUCTOR CORP,682189105,45,Information Technology
A,USD,STD,INDL,C,ON,12/31/24,134932,ON SEMICONDUCTOR CORP,682189105,45,Information Technology
A,USD,STD,INDL,C,ON,12/31/25,134932,ON SEMICONDUCTOR CORP,682189105,45,Information Technology
A,USD,STD,INDL,C,INSM,12/31/04,136186,INSMED INC,457669307,35,Health Care
A,USD,STD,INDL,C,INSM,12/31/05,136186,INSMED INC,457669307,35,Health Care
A,USD,STD,INDL,C,INSM,12/31/06,136186,INSMED INC,457669307,35,Health Care
A,USD,STD,INDL,C,INSM,12/31/07,136186,INSMED INC,457669307,35,Health Care
A,USD,STD,INDL,C,INSM,12/31/08,136186,INSMED INC,457669307,35,Health Care
A,USD,STD,INDL,C,INSM,12/31/09,136186,INSMED INC,457669307,35,Health Care
A,USD,STD,INDL,C,INSM,12/31/10,136186,INSMED INC,457669307,35,Health Care
A,USD,STD,INDL,C,INSM,12/31/11,136186,INSMED INC,457669307,35,Health Care
A,USD,STD,INDL,C,INSM,12/31/12,136186,INSMED INC,457669307,35,Health Care
A,USD,STD,INDL,C,INSM,12/31/13,136186,INSMED INC,457669307,35,Health Care
A,USD,STD,INDL,C,INSM,12/31/14,136186,INSMED INC,457669307,35,Health Care
A,USD,STD,INDL,C,INSM,12/31/15,136186,INSMED INC,457669307,35,Health Care
A,USD,STD,INDL,C,INSM,12/31/16,136186,INSMED INC,457669307,35,Health Care
A,USD,STD,INDL,C,INSM,12/31/17,136186,INSMED INC,457669307,35,Health Care
A,USD,STD,INDL,C,INSM,12/31/18,136186,INSMED INC,457669307,35,Health Care
A,USD,STD,INDL,C,INSM,12/31/19,136186,INSMED INC,457669307,35,Health Care
A,USD,STD,INDL,C,INSM,12/31/20,136186,INSMED INC,457669307,35,Health Care
A,USD,STD,INDL,C,INSM,12/31/21,136186,INSMED INC,457669307,35,Health Care
A,USD,STD,INDL,C,INSM,12/31/22,136186,INSMED INC,457669307,35,Health Care
A,USD,STD,INDL,C,INSM,12/31/23,136186,INSMED INC,457669307,35,Health Care
A,USD,STD,INDL,C,INSM,12/31/24,136186,INSMED INC,457669307,35,Health Care
A,USD,STD,INDL,C,ISRG,12/31/04,136725,INTUITIVE SURGICAL INC,46120E602,35,Health Care
A,USD,STD,INDL,C,ISRG,12/31/05,136725,INTUITIVE SURGICAL INC,46120E602,35,Health Care
A,USD,STD,INDL,C,ISRG,12/31/06,136725,INTUITIVE SURGICAL INC,46120E602,35,Health Care
A,USD,STD,INDL,C,ISRG,12/31/07,136725,INTUITIVE SURGICAL INC,46120E602,35,Health Care
A,USD,STD,INDL,C,ISRG,12/31/08,136725,INTUITIVE SURGICAL INC,46120E602,35,Health Care
A,USD,STD,INDL,C,ISRG,12/31/09,136725,INTUITIVE SURGICAL INC,46120E602,35,Health Care
A,USD,STD,INDL,C,ISRG,12/31/10,136725,INTUITIVE SURGICAL INC,46120E602,35,Health Care
A,USD,STD,INDL,C,ISRG,12/31/11,136725,INTUITIVE SURGICAL INC,46120E602,35,Health Care
A,USD,STD,INDL,C,ISRG,12/31/12,136725,INTUITIVE SURGICAL INC,46120E602,35,Health Care
A,USD,STD,INDL,C,ISRG,12/31/13,136725,INTUITIVE SURGICAL INC,46120E602,35,Health Care
A,USD,STD,INDL,C,ISRG,12/31/14,136725,INTUITIVE SURGICAL INC,46120E602,35,Health Care
A,USD,STD,INDL,C,ISRG,12/31/15,136725,INTUITIVE SURGICAL INC,46120E602,35,Health Care
A,USD,STD,INDL,C,ISRG,12/31/16,136725,INTUITIVE SURGICAL INC,46120E602,35,Health Care
A,USD,STD,INDL,C,ISRG,12/31/17,136725,INTUITIVE SURGICAL INC,46120E602,35,Health Care
A,USD,STD,INDL,C,ISRG,12/31/18,136725,INTUITIVE SURGICAL INC,46120E602,35,Health Care
A,USD,STD,INDL,C,ISRG,12/31/19,136725,INTUITIVE SURGICAL INC,46120E602,35,Health Care
A,USD,STD,INDL,C,ISRG,12/31/20,136725,INTUITIVE SURGICAL INC,46120E602,35,Health Care
A,USD,STD,INDL,C,ISRG,12/31/21,136725,INTUITIVE SURGICAL INC,46120E602,35,Health Care
A,USD,STD,INDL,C,ISRG,12/31/22,136725,INTUITIVE SURGICAL INC,46120E602,35,Health Care
A,USD,STD,INDL,C,ISRG,12/31/23,136725,INTUITIVE SURGICAL INC,46120E602,35,Health Care
A,USD,STD,INDL,C,ISRG,12/31/24,136725,INTUITIVE SURGICAL INC,46120E602,35,Health Care
A,USD,STD,INDL,C,ISRG,12/31/25,136725,INTUITIVE SURGICAL INC,46120E602,35,Health Care
A,USD,STD,INDL,C,MRVL,1/31/04,137310,MARVELL TECHNOLOGY INC,573874104,45,Information Technology
A,USD,STD,INDL,C,MRVL,1/31/05,137310,MARVELL TECHNOLOGY INC,573874104,45,Information Technology
A,USD,STD,INDL,C,MRVL,1/31/06,137310,MARVELL TECHNOLOGY INC,573874104,45,Information Technology
A,USD,STD,INDL,C,MRVL,1/31/07,137310,MARVELL TECHNOLOGY INC,573874104,45,Information Technology
A,USD,STD,INDL,C,MRVL,1/31/08,137310,MARVELL TECHNOLOGY INC,573874104,45,Information Technology
A,USD,STD,INDL,C,MRVL,1/31/09,137310,MARVELL TECHNOLOGY INC,573874104,45,Information Technology
A,USD,STD,INDL,C,MRVL,1/31/10,137310,MARVELL TECHNOLOGY INC,573874104,45,Information Technology
A,USD,STD,INDL,C,MRVL,1/31/11,137310,MARVELL TECHNOLOGY INC,573874104,45,Information Technology
A,USD,STD,INDL,C,MRVL,1/31/12,137310,MARVELL TECHNOLOGY INC,573874104,45,Information Technology
A,USD,STD,INDL,C,MRVL,1/31/13,137310,MARVELL TECHNOLOGY INC,573874104,45,Information Technology
A,USD,STD,INDL,C,MRVL,1/31/14,137310,MARVELL TECHNOLOGY INC,573874104,45,Information Technology
A,USD,STD,INDL,C,MRVL,1/31/15,137310,MARVELL TECHNOLOGY INC,573874104,45,Information Technology
A,USD,STD,INDL,C,MRVL,1/31/16,137310,MARVELL TECHNOLOGY INC,573874104,45,Information Technology
A,USD,STD,INDL,C,MRVL,1/31/17,137310,MARVELL TECHNOLOGY INC,573874104,45,Information Technology
A,USD,STD,INDL,C,MRVL,1/31/18,137310,MARVELL TECHNOLOGY INC,573874104,45,Information Technology
A,USD,STD,INDL,C,MRVL,1/31/19,137310,MARVELL TECHNOLOGY INC,573874104,45,Information Technology
A,USD,STD,INDL,C,MRVL,1/31/20,137310,MARVELL TECHNOLOGY INC,573874104,45,Information Technology
A,USD,STD,INDL,C,MRVL,1/31/21,137310,MARVELL TECHNOLOGY INC,573874104,45,Information Technology
A,USD,STD,INDL,C,MRVL,1/31/22,137310,MARVELL TECHNOLOGY INC,573874104,45,Information Technology
A,USD,STD,INDL,C,MRVL,1/31/23,137310,MARVELL TECHNOLOGY INC,573874104,45,Information Technology
A,USD,STD,INDL,C,MRVL,1/31/24,137310,MARVELL TECHNOLOGY INC,573874104,45,Information Technology
A,USD,STD,INDL,C,MRVL,1/31/25,137310,MARVELL TECHNOLOGY INC,573874104,45,Information Technology
A,USD,STD,INDL,C,NTES,12/31/04,137435,NETEASE INC,64110W102,50,Communication Services
A,USD,STD,INDL,C,NTES,12/31/05,137435,NETEASE INC,64110W102,50,Communication Services
A,USD,STD,INDL,C,NTES,12/31/06,137435,NETEASE INC,64110W102,50,Communication Services
A,USD,STD,INDL,C,NTES,12/31/07,137435,NETEASE INC,64110W102,50,Communication Services
A,USD,STD,INDL,C,NTES,12/31/08,137435,NETEASE INC,64110W102,50,Communication Services
A,USD,STD,INDL,C,NTES,12/31/09,137435,NETEASE INC,64110W102,50,Communication Services
A,USD,STD,INDL,C,NTES,12/31/10,137435,NETEASE INC,64110W102,50,Communication Services
A,USD,STD,INDL,C,NTES,12/31/11,137435,NETEASE INC,64110W102,50,Communication Services
A,USD,STD,INDL,C,NTES,12/31/12,137435,NETEASE INC,64110W102,50,Communication Services
A,USD,STD,INDL,C,NTES,12/31/13,137435,NETEASE INC,64110W102,50,Communication Services
A,USD,STD,INDL,C,NTES,12/31/14,137435,NETEASE INC,64110W102,50,Communication Services
A,USD,STD,INDL,C,NTES,12/31/15,137435,NETEASE INC,64110W102,50,Communication Services
A,USD,STD,INDL,C,NTES,12/31/16,137435,NETEASE INC,64110W102,50,Communication Services
A,USD,STD,INDL,C,NTES,12/31/17,137435,NETEASE INC,64110W102,50,Communication Services
A,USD,STD,INDL,C,NTES,12/31/18,137435,NETEASE INC,64110W102,50,Communication Services
A,USD,STD,INDL,C,NTES,12/31/19,137435,NETEASE INC,64110W102,50,Communication Services
A,USD,STD,INDL,C,NTES,12/31/20,137435,NETEASE INC,64110W102,50,Communication Services
A,USD,STD,INDL,C,NTES,12/31/21,137435,NETEASE INC,64110W102,50,Communication Services
A,USD,STD,INDL,C,NTES,12/31/22,137435,NETEASE INC,64110W102,50,Communication Services
A,USD,STD,INDL,C,NTES,12/31/23,137435,NETEASE INC,64110W102,50,Communication Services
A,USD,STD,INDL,C,NTES,12/31/24,137435,NETEASE INC,64110W102,50,Communication Services
A,USD,STD,INDL,C,NTES,12/31/25,137435,NETEASE INC,64110W102,50,Communication Services
A,USD,STD,INDL,C,ILMN,12/31/04,138205,ILLUMINA INC,452327109,35,Health Care
A,USD,STD,INDL,C,ILMN,12/31/05,138205,ILLUMINA INC,452327109,35,Health Care
A,USD,STD,INDL,C,ILMN,12/31/06,138205,ILLUMINA INC,452327109,35,Health Care
A,USD,STD,INDL,C,ILMN,12/31/07,138205,ILLUMINA INC,452327109,35,Health Care
A,USD,STD,INDL,C,ILMN,12/31/08,138205,ILLUMINA INC,452327109,35,Health Care
A,USD,STD,INDL,C,ILMN,12/31/09,138205,ILLUMINA INC,452327109,35,Health Care
A,USD,STD,INDL,C,ILMN,12/31/10,138205,ILLUMINA INC,452327109,35,Health Care
A,USD,STD,INDL,C,ILMN,12/31/11,138205,ILLUMINA INC,452327109,35,Health Care
A,USD,STD,INDL,C,ILMN,12/31/12,138205,ILLUMINA INC,452327109,35,Health Care
A,USD,STD,INDL,C,ILMN,12/31/13,138205,ILLUMINA INC,452327109,35,Health Care
A,USD,STD,INDL,C,ILMN,12/31/14,138205,ILLUMINA INC,452327109,35,Health Care
A,USD,STD,INDL,C,ILMN,12/31/15,138205,ILLUMINA INC,452327109,35,Health Care
A,USD,STD,INDL,C,ILMN,12/31/16,138205,ILLUMINA INC,452327109,35,Health Care
A,USD,STD,INDL,C,ILMN,12/31/17,138205,ILLUMINA INC,452327109,35,Health Care
A,USD,STD,INDL,C,ILMN,12/31/18,138205,ILLUMINA INC,452327109,35,Health Care
A,USD,STD,INDL,C,ILMN,12/31/19,138205,ILLUMINA INC,452327109,35,Health Care
A,USD,STD,INDL,C,ILMN,12/31/20,138205,ILLUMINA INC,452327109,35,Health Care
A,USD,STD,INDL,C,ILMN,12/31/21,138205,ILLUMINA INC,452327109,35,Health Care
A,USD,STD,INDL,C,ILMN,12/31/22,138205,ILLUMINA INC,452327109,35,Health Care
A,USD,STD,INDL,C,ILMN,12/31/23,138205,ILLUMINA INC,452327109,35,Health Care
A,USD,STD,INDL,C,ILMN,12/31/24,138205,ILLUMINA INC,452327109,35,Health Care
A,USD,STD,INDL,C,ILMN,12/31/25,138205,ILLUMINA INC,452327109,35,Health Care
A,USD,STD,INDL,C,EQIX,12/31/04,138743,EQUINIX INC,29444U700,60,Real Estate
A,USD,STD,INDL,C,EQIX,12/31/05,138743,EQUINIX INC,29444U700,60,Real Estate
A,USD,STD,INDL,C,EQIX,12/31/06,138743,EQUINIX INC,29444U700,60,Real Estate
A,USD,STD,INDL,C,EQIX,12/31/07,138743,EQUINIX INC,29444U700,60,Real Estate
A,USD,STD,INDL,C,EQIX,12/31/08,138743,EQUINIX INC,29444U700,60,Real Estate
A,USD,STD,INDL,C,EQIX,12/31/09,138743,EQUINIX INC,29444U700,60,Real Estate
A,USD,STD,INDL,C,EQIX,12/31/10,138743,EQUINIX INC,29444U700,60,Real Estate
A,USD,STD,INDL,C,EQIX,12/31/11,138743,EQUINIX INC,29444U700,60,Real Estate
A,USD,STD,INDL,C,EQIX,12/31/12,138743,EQUINIX INC,29444U700,60,Real Estate
A,USD,STD,INDL,C,EQIX,12/31/13,138743,EQUINIX INC,29444U700,60,Real Estate
A,USD,STD,INDL,C,EQIX,12/31/14,138743,EQUINIX INC,29444U700,60,Real Estate
A,USD,STD,INDL,C,EQIX,12/31/15,138743,EQUINIX INC,29444U700,60,Real Estate
A,USD,STD,INDL,C,EQIX,12/31/16,138743,EQUINIX INC,29444U700,60,Real Estate
A,USD,STD,INDL,C,EQIX,12/31/17,138743,EQUINIX INC,29444U700,60,Real Estate
A,USD,STD,INDL,C,EQIX,12/31/18,138743,EQUINIX INC,29444U700,60,Real Estate
A,USD,STD,INDL,C,EQIX,12/31/19,138743,EQUINIX INC,29444U700,60,Real Estate
A,USD,STD,INDL,C,EQIX,12/31/20,138743,EQUINIX INC,29444U700,60,Real Estate
A,USD,STD,INDL,C,EQIX,12/31/21,138743,EQUINIX INC,29444U700,60,Real Estate
A,USD,STD,INDL,C,EQIX,12/31/22,138743,EQUINIX INC,29444U700,60,Real Estate
A,USD,STD,INDL,C,EQIX,12/31/23,138743,EQUINIX INC,29444U700,60,Real Estate
A,USD,STD,INDL,C,EQIX,12/31/24,138743,EQUINIX INC,29444U700,60,Real Estate
A,USD,STD,INDL,C,EQIX,12/31/25,138743,EQUINIX INC,29444U700,60,Real Estate
A,USD,STD,INDL,C,NIHD,12/31/04,140902,NII HOLDINGS INC,62913F508,50,Communication Services
A,USD,STD,INDL,C,NIHD,12/31/05,140902,NII HOLDINGS INC,62913F508,50,Communication Services
A,USD,STD,INDL,C,NIHD,12/31/06,140902,NII HOLDINGS INC,62913F508,50,Communication Services
A,USD,STD,INDL,C,NIHD,12/31/07,140902,NII HOLDINGS INC,62913F508,50,Communication Services
A,USD,STD,INDL,C,NIHD,12/31/08,140902,NII HOLDINGS INC,62913F508,50,Communication Services
A,USD,STD,INDL,C,NIHD,12/31/09,140902,NII HOLDINGS INC,62913F508,50,Communication Services
A,USD,STD,INDL,C,NIHD,12/31/10,140902,NII HOLDINGS INC,62913F508,50,Communication Services
A,USD,STD,INDL,C,NIHD,12/31/11,140902,NII HOLDINGS INC,62913F508,50,Communication Services
A,USD,STD,INDL,C,NIHD,12/31/12,140902,NII HOLDINGS INC,62913F508,50,Communication Services
A,USD,STD,INDL,C,NIHD,12/31/13,140902,NII HOLDINGS INC,62913F508,50,Communication Services
A,USD,STD,INDL,C,NIHD,12/31/14,140902,NII HOLDINGS INC,62913F508,50,Communication Services
A,USD,STD,INDL,C,NIHD,12/31/15,140902,NII HOLDINGS INC,62913F508,50,Communication Services
A,USD,STD,INDL,C,NIHD,12/31/16,140902,NII HOLDINGS INC,62913F508,50,Communication Services
A,USD,STD,INDL,C,NIHD,12/31/17,140902,NII HOLDINGS INC,62913F508,50,Communication Services
A,USD,STD,INDL,C,NIHD,12/31/18,140902,NII HOLDINGS INC,62913F508,50,Communication Services
I,USD,STD,INDL,C,SGEN,12/31/04,141460,SEAGEN INC,81181C104,35,Health Care
I,USD,STD,INDL,C,SGEN,12/31/05,141460,SEAGEN INC,81181C104,35,Health Care
A,USD,STD,INDL,C,ALGN,12/31/04,141384,ALIGN TECHNOLOGY INC,016255101,35,Health Care
A,USD,STD,INDL,C,ALGN,12/31/05,141384,ALIGN TECHNOLOGY INC,016255101,35,Health Care
A,USD,STD,INDL,C,ALGN,12/31/06,141384,ALIGN TECHNOLOGY INC,016255101,35,Health Care
A,USD,STD,INDL,C,ALGN,12/31/07,141384,ALIGN TECHNOLOGY INC,016255101,35,Health Care
A,USD,STD,INDL,C,ALGN,12/31/08,141384,ALIGN TECHNOLOGY INC,016255101,35,Health Care
A,USD,STD,INDL,C,ALGN,12/31/09,141384,ALIGN TECHNOLOGY INC,016255101,35,Health Care
A,USD,STD,INDL,C,ALGN,12/31/10,141384,ALIGN TECHNOLOGY INC,016255101,35,Health Care
A,USD,STD,INDL,C,ALGN,12/31/11,141384,ALIGN TECHNOLOGY INC,016255101,35,Health Care
A,USD,STD,INDL,C,ALGN,12/31/12,141384,ALIGN TECHNOLOGY INC,016255101,35,Health Care
A,USD,STD,INDL,C,ALGN,12/31/13,141384,ALIGN TECHNOLOGY INC,016255101,35,Health Care
A,USD,STD,INDL,C,ALGN,12/31/14,141384,ALIGN TECHNOLOGY INC,016255101,35,Health Care
A,USD,STD,INDL,C,ALGN,12/31/15,141384,ALIGN TECHNOLOGY INC,016255101,35,Health Care
A,USD,STD,INDL,C,ALGN,12/31/16,141384,ALIGN TECHNOLOGY INC,016255101,35,Health Care
A,USD,STD,INDL,C,ALGN,12/31/17,141384,ALIGN TECHNOLOGY INC,016255101,35,Health Care
A,USD,STD,INDL,C,ALGN,12/31/18,141384,ALIGN TECHNOLOGY INC,016255101,35,Health Care
A,USD,STD,INDL,C,ALGN,12/31/19,141384,ALIGN TECHNOLOGY INC,016255101,35,Health Care
A,USD,STD,INDL,C,ALGN,12/31/20,141384,ALIGN TECHNOLOGY INC,016255101,35,Health Care
A,USD,STD,INDL,C,ALGN,12/31/21,141384,ALIGN TECHNOLOGY INC,016255101,35,Health Care
A,USD,STD,INDL,C,ALGN,12/31/22,141384,ALIGN TECHNOLOGY INC,016255101,35,Health Care
A,USD,STD,INDL,C,ALGN,12/31/23,141384,ALIGN TECHNOLOGY INC,016255101,35,Health Care
A,USD,STD,INDL,C,ALGN,12/31/24,141384,ALIGN TECHNOLOGY INC,016255101,35,Health Care
A,USD,STD,INDL,C,ALGN,12/31/25,141384,ALIGN TECHNOLOGY INC,016255101,35,Health Care
I,USD,STD,INDL,C,SGEN,12/31/06,141460,SEAGEN INC,81181C104,35,Health Care
A,USD,STD,INDL,C,GRMN,12/31/04,141459,GARMIN LTD,H2906T109,25,Consumer Discretionary
A,USD,STD,INDL,C,GRMN,12/31/05,141459,GARMIN LTD,H2906T109,25,Consumer Discretionary
A,USD,STD,INDL,C,GRMN,12/31/06,141459,GARMIN LTD,H2906T109,25,Consumer Discretionary
A,USD,STD,INDL,C,GRMN,12/31/07,141459,GARMIN LTD,H2906T109,25,Consumer Discretionary
A,USD,STD,INDL,C,GRMN,12/31/08,141459,GARMIN LTD,H2906T109,25,Consumer Discretionary
A,USD,STD,INDL,C,GRMN,12/31/09,141459,GARMIN LTD,H2906T109,25,Consumer Discretionary
A,USD,STD,INDL,C,GRMN,12/31/10,141459,GARMIN LTD,H2906T109,25,Consumer Discretionary
A,USD,STD,INDL,C,GRMN,12/31/11,141459,GARMIN LTD,H2906T109,25,Consumer Discretionary
A,USD,STD,INDL,C,GRMN,12/31/12,141459,GARMIN LTD,H2906T109,25,Consumer Discretionary
A,USD,STD,INDL,C,GRMN,12/31/13,141459,GARMIN LTD,H2906T109,25,Consumer Discretionary
A,USD,STD,INDL,C,GRMN,12/31/14,141459,GARMIN LTD,H2906T109,25,Consumer Discretionary
A,USD,STD,INDL,C,GRMN,12/31/15,141459,GARMIN LTD,H2906T109,25,Consumer Discretionary
A,USD,STD,INDL,C,GRMN,12/31/16,141459,GARMIN LTD,H2906T109,25,Consumer Discretionary
A,USD,STD,INDL,C,GRMN,12/31/17,141459,GARMIN LTD,H2906T109,25,Consumer Discretionary
A,USD,STD,INDL,C,GRMN,12/31/18,141459,GARMIN LTD,H2906T109,25,Consumer Discretionary
A,USD,STD,INDL,C,GRMN,12/31/19,141459,GARMIN LTD,H2906T109,25,Consumer Discretionary
A,USD,STD,INDL,C,GRMN,12/31/20,141459,GARMIN LTD,H2906T109,25,Consumer Discretionary
A,USD,STD,INDL,C,GRMN,12/31/21,141459,GARMIN LTD,H2906T109,25,Consumer Discretionary
A,USD,STD,INDL,C,GRMN,12/31/22,141459,GARMIN LTD,H2906T109,25,Consumer Discretionary
A,USD,STD,INDL,C,GRMN,12/31/23,141459,GARMIN LTD,H2906T109,25,Consumer Discretionary
A,USD,STD,INDL,C,GRMN,12/31/24,141459,GARMIN LTD,H2906T109,25,Consumer Discretionary
A,USD,STD,INDL,C,GRMN,12/31/25,141459,GARMIN LTD,H2906T109,25,Consumer Discretionary
I,USD,STD,INDL,C,SGEN,12/31/07,141460,SEAGEN INC,81181C104,35,Health Care
I,USD,STD,INDL,C,SGEN,12/31/08,141460,SEAGEN INC,81181C104,35,Health Care
I,USD,STD,INDL,C,SGEN,12/31/09,141460,SEAGEN INC,81181C104,35,Health Care
I,USD,STD,INDL,C,SGEN,12/31/10,141460,SEAGEN INC,81181C104,35,Health Care
I,USD,STD,INDL,C,SGEN,12/31/11,141460,SEAGEN INC,81181C104,35,Health Care
I,USD,STD,INDL,C,SGEN,12/31/12,141460,SEAGEN INC,81181C104,35,Health Care
I,USD,STD,INDL,C,SGEN,12/31/13,141460,SEAGEN INC,81181C104,35,Health Care
I,USD,STD,INDL,C,SGEN,12/31/14,141460,SEAGEN INC,81181C104,35,Health Care
I,USD,STD,INDL,C,SGEN,12/31/15,141460,SEAGEN INC,81181C104,35,Health Care
I,USD,STD,INDL,C,SGEN,12/31/16,141460,SEAGEN INC,81181C104,35,Health Care
I,USD,STD,INDL,C,SGEN,12/31/17,141460,SEAGEN INC,81181C104,35,Health Care
I,USD,STD,INDL,C,SGEN,12/31/18,141460,SEAGEN INC,81181C104,35,Health Care
I,USD,STD,INDL,C,SGEN,12/31/19,141460,SEAGEN INC,81181C104,35,Health Care
I,USD,STD,INDL,C,SGEN,12/31/20,141460,SEAGEN INC,81181C104,35,Health Care
I,USD,STD,INDL,C,SGEN,12/31/21,141460,SEAGEN INC,81181C104,35,Health Care
I,USD,STD,INDL,C,SGEN,12/31/22,141460,SEAGEN INC,81181C104,35,Health Care
A,USD,STD,INDL,C,MDLZ,12/31/04,142953,MONDELEZ INTERNATIONAL INC,609207105,30,Consumer Staples
A,USD,STD,INDL,C,MDLZ,12/31/05,142953,MONDELEZ INTERNATIONAL INC,609207105,30,Consumer Staples
A,USD,STD,INDL,C,MDLZ,12/31/06,142953,MONDELEZ INTERNATIONAL INC,609207105,30,Consumer Staples
A,USD,STD,INDL,C,MDLZ,12/31/07,142953,MONDELEZ INTERNATIONAL INC,609207105,30,Consumer Staples
A,USD,STD,INDL,C,MDLZ,12/31/08,142953,MONDELEZ INTERNATIONAL INC,609207105,30,Consumer Staples
A,USD,STD,INDL,C,MDLZ,12/31/09,142953,MONDELEZ INTERNATIONAL INC,609207105,30,Consumer Staples
A,USD,STD,INDL,C,MDLZ,12/31/10,142953,MONDELEZ INTERNATIONAL INC,609207105,30,Consumer Staples
A,USD,STD,INDL,C,MDLZ,12/31/11,142953,MONDELEZ INTERNATIONAL INC,609207105,30,Consumer Staples
A,USD,STD,INDL,C,MDLZ,12/31/12,142953,MONDELEZ INTERNATIONAL INC,609207105,30,Consumer Staples
A,USD,STD,INDL,C,MDLZ,12/31/13,142953,MONDELEZ INTERNATIONAL INC,609207105,30,Consumer Staples
A,USD,STD,INDL,C,MDLZ,12/31/14,142953,MONDELEZ INTERNATIONAL INC,609207105,30,Consumer Staples
A,USD,STD,INDL,C,MDLZ,12/31/15,142953,MONDELEZ INTERNATIONAL INC,609207105,30,Consumer Staples
A,USD,STD,INDL,C,MDLZ,12/31/16,142953,MONDELEZ INTERNATIONAL INC,609207105,30,Consumer Staples
A,USD,STD,INDL,C,MDLZ,12/31/17,142953,MONDELEZ INTERNATIONAL INC,609207105,30,Consumer Staples
A,USD,STD,INDL,C,MDLZ,12/31/18,142953,MONDELEZ INTERNATIONAL INC,609207105,30,Consumer Staples
A,USD,STD,INDL,C,MDLZ,12/31/19,142953,MONDELEZ INTERNATIONAL INC,609207105,30,Consumer Staples
A,USD,STD,INDL,C,MDLZ,12/31/20,142953,MONDELEZ INTERNATIONAL INC,609207105,30,Consumer Staples
A,USD,STD,INDL,C,MDLZ,12/31/21,142953,MONDELEZ INTERNATIONAL INC,609207105,30,Consumer Staples
A,USD,STD,INDL,C,MDLZ,12/31/22,142953,MONDELEZ INTERNATIONAL INC,609207105,30,Consumer Staples
A,USD,STD,INDL,C,MDLZ,12/31/23,142953,MONDELEZ INTERNATIONAL INC,609207105,30,Consumer Staples
A,USD,STD,INDL,C,MDLZ,12/31/24,142953,MONDELEZ INTERNATIONAL INC,609207105,30,Consumer Staples
A,USD,STD,INDL,C,MDLZ,12/31/25,142953,MONDELEZ INTERNATIONAL INC,609207105,30,Consumer Staples
A,USD,STD,INDL,C,AXON,12/31/04,143912,AXON ENTERPRISE INC,05464C101,20,Industrials
A,USD,STD,INDL,C,AXON,12/31/05,143912,AXON ENTERPRISE INC,05464C101,20,Industrials
A,USD,STD,INDL,C,AXON,12/31/06,143912,AXON ENTERPRISE INC,05464C101,20,Industrials
A,USD,STD,INDL,C,AXON,12/31/07,143912,AXON ENTERPRISE INC,05464C101,20,Industrials
A,USD,STD,INDL,C,AXON,12/31/08,143912,AXON ENTERPRISE INC,05464C101,20,Industrials
A,USD,STD,INDL,C,AXON,12/31/09,143912,AXON ENTERPRISE INC,05464C101,20,Industrials
A,USD,STD,INDL,C,AXON,12/31/10,143912,AXON ENTERPRISE INC,05464C101,20,Industrials
A,USD,STD,INDL,C,AXON,12/31/11,143912,AXON ENTERPRISE INC,05464C101,20,Industrials
A,USD,STD,INDL,C,AXON,12/31/12,143912,AXON ENTERPRISE INC,05464C101,20,Industrials
A,USD,STD,INDL,C,AXON,12/31/13,143912,AXON ENTERPRISE INC,05464C101,20,Industrials
A,USD,STD,INDL,C,AXON,12/31/14,143912,AXON ENTERPRISE INC,05464C101,20,Industrials
A,USD,STD,INDL,C,AXON,12/31/15,143912,AXON ENTERPRISE INC,05464C101,20,Industrials
A,USD,STD,INDL,C,AXON,12/31/16,143912,AXON ENTERPRISE INC,05464C101,20,Industrials
A,USD,STD,INDL,C,AXON,12/31/17,143912,AXON ENTERPRISE INC,05464C101,20,Industrials
A,USD,STD,INDL,C,AXON,12/31/18,143912,AXON ENTERPRISE INC,05464C101,20,Industrials
A,USD,STD,INDL,C,AXON,12/31/19,143912,AXON ENTERPRISE INC,05464C101,20,Industrials
A,USD,STD,INDL,C,AXON,12/31/20,143912,AXON ENTERPRISE INC,05464C101,20,Industrials
A,USD,STD,INDL,C,AXON,12/31/21,143912,AXON ENTERPRISE INC,05464C101,20,Industrials
A,USD,STD,INDL,C,AXON,12/31/22,143912,AXON ENTERPRISE INC,05464C101,20,Industrials
A,USD,STD,INDL,C,AXON,12/31/23,143912,AXON ENTERPRISE INC,05464C101,20,Industrials
A,USD,STD,INDL,C,AXON,12/31/24,143912,AXON ENTERPRISE INC,05464C101,20,Industrials
A,USD,STD,INDL,C,AXON,12/31/25,143912,AXON ENTERPRISE INC,05464C101,20,Industrials
A,USD,STD,INDL,C,WTW,12/31/04,144009,WILLIS TOWERS WATSON PLC,G96629103,40,Financials
A,USD,STD,INDL,C,WTW,12/31/05,144009,WILLIS TOWERS WATSON PLC,G96629103,40,Financials
A,USD,STD,INDL,C,WTW,12/31/06,144009,WILLIS TOWERS WATSON PLC,G96629103,40,Financials
A,USD,STD,INDL,C,WTW,12/31/07,144009,WILLIS TOWERS WATSON PLC,G96629103,40,Financials
A,USD,STD,INDL,C,WTW,12/31/08,144009,WILLIS TOWERS WATSON PLC,G96629103,40,Financials
A,USD,STD,INDL,C,WTW,12/31/09,144009,WILLIS TOWERS WATSON PLC,G96629103,40,Financials
A,USD,STD,INDL,C,WTW,12/31/10,144009,WILLIS TOWERS WATSON PLC,G96629103,40,Financials
A,USD,STD,INDL,C,WTW,12/31/11,144009,WILLIS TOWERS WATSON PLC,G96629103,40,Financials
A,USD,STD,INDL,C,WTW,12/31/12,144009,WILLIS TOWERS WATSON PLC,G96629103,40,Financials
A,USD,STD,INDL,C,WTW,12/31/13,144009,WILLIS TOWERS WATSON PLC,G96629103,40,Financials
A,USD,STD,INDL,C,WTW,12/31/14,144009,WILLIS TOWERS WATSON PLC,G96629103,40,Financials
A,USD,STD,FS,C,WTW,12/31/15,144009,WILLIS TOWERS WATSON PLC,G96629103,40,Financials
A,USD,STD,INDL,C,WTW,12/31/15,144009,WILLIS TOWERS WATSON PLC,G96629103,40,Financials
A,USD,STD,FS,C,WTW,12/31/16,144009,WILLIS TOWERS WATSON PLC,G96629103,40,Financials
A,USD,STD,INDL,C,WTW,12/31/16,144009,WILLIS TOWERS WATSON PLC,G96629103,40,Financials
A,USD,STD,FS,C,WTW,12/31/17,144009,WILLIS TOWERS WATSON PLC,G96629103,40,Financials
A,USD,STD,INDL,C,WTW,12/31/17,144009,WILLIS TOWERS WATSON PLC,G96629103,40,Financials
A,USD,STD,FS,C,WTW,12/31/18,144009,WILLIS TOWERS WATSON PLC,G96629103,40,Financials
A,USD,STD,INDL,C,WTW,12/31/18,144009,WILLIS TOWERS WATSON PLC,G96629103,40,Financials
A,USD,STD,FS,C,WTW,12/31/19,144009,WILLIS TOWERS WATSON PLC,G96629103,40,Financials
A,USD,STD,INDL,C,WTW,12/31/19,144009,WILLIS TOWERS WATSON PLC,G96629103,40,Financials
A,USD,STD,FS,C,WTW,12/31/20,144009,WILLIS TOWERS WATSON PLC,G96629103,40,Financials
A,USD,STD,INDL,C,WTW,12/31/20,144009,WILLIS TOWERS WATSON PLC,G96629103,40,Financials
A,USD,STD,FS,C,WTW,12/31/21,144009,WILLIS TOWERS WATSON PLC,G96629103,40,Financials
A,USD,STD,INDL,C,WTW,12/31/21,144009,WILLIS TOWERS WATSON PLC,G96629103,40,Financials
A,USD,STD,FS,C,WTW,12/31/22,144009,WILLIS TOWERS WATSON PLC,G96629103,40,Financials
A,USD,STD,INDL,C,WTW,12/31/22,144009,WILLIS TOWERS WATSON PLC,G96629103,40,Financials
A,USD,STD,FS,C,WTW,12/31/23,144009,WILLIS TOWERS WATSON PLC,G96629103,40,Financials
A,USD,STD,INDL,C,WTW,12/31/23,144009,WILLIS TOWERS WATSON PLC,G96629103,40,Financials
A,USD,STD,FS,C,WTW,12/31/24,144009,WILLIS TOWERS WATSON PLC,G96629103,40,Financials
A,USD,STD,INDL,C,WTW,12/31/24,144009,WILLIS TOWERS WATSON PLC,G96629103,40,Financials
A,USD,STD,INDL,C,NFLX,12/31/04,147579,NETFLIX INC,64110L106,50,Communication Services
A,USD,STD,INDL,C,NFLX,12/31/05,147579,NETFLIX INC,64110L106,50,Communication Services
A,USD,STD,INDL,C,NFLX,12/31/06,147579,NETFLIX INC,64110L106,50,Communication Services
A,USD,STD,INDL,C,NFLX,12/31/07,147579,NETFLIX INC,64110L106,50,Communication Services
A,USD,STD,INDL,C,NFLX,12/31/08,147579,NETFLIX INC,64110L106,50,Communication Services
A,USD,STD,INDL,C,NFLX,12/31/09,147579,NETFLIX INC,64110L106,50,Communication Services
A,USD,STD,INDL,C,NFLX,12/31/10,147579,NETFLIX INC,64110L106,50,Communication Services
A,USD,STD,INDL,C,NFLX,12/31/11,147579,NETFLIX INC,64110L106,50,Communication Services
A,USD,STD,INDL,C,NFLX,12/31/12,147579,NETFLIX INC,64110L106,50,Communication Services
A,USD,STD,INDL,C,NFLX,12/31/13,147579,NETFLIX INC,64110L106,50,Communication Services
A,USD,STD,INDL,C,NFLX,12/31/14,147579,NETFLIX INC,64110L106,50,Communication Services
A,USD,STD,INDL,C,NFLX,12/31/15,147579,NETFLIX INC,64110L106,50,Communication Services
A,USD,STD,INDL,C,NFLX,12/31/16,147579,NETFLIX INC,64110L106,50,Communication Services
A,USD,STD,INDL,C,NFLX,12/31/17,147579,NETFLIX INC,64110L106,50,Communication Services
A,USD,STD,INDL,C,NFLX,12/31/18,147579,NETFLIX INC,64110L106,50,Communication Services
A,USD,STD,INDL,C,NFLX,12/31/19,147579,NETFLIX INC,64110L106,50,Communication Services
A,USD,STD,INDL,C,NFLX,12/31/20,147579,NETFLIX INC,64110L106,50,Communication Services
A,USD,STD,INDL,C,NFLX,12/31/21,147579,NETFLIX INC,64110L106,50,Communication Services
A,USD,STD,INDL,C,NFLX,12/31/22,147579,NETFLIX INC,64110L106,50,Communication Services
A,USD,STD,INDL,C,NFLX,12/31/23,147579,NETFLIX INC,64110L106,50,Communication Services
A,USD,STD,INDL,C,NFLX,12/31/24,147579,NETFLIX INC,64110L106,50,Communication Services
A,USD,STD,INDL,C,NFLX,12/31/25,147579,NETFLIX INC,64110L106,50,Communication Services
A,USD,STD,INDL,C,BBBY,12/31/04,147868,BED BATH & BEYOND INC,690370101,25,Consumer Discretionary
A,USD,STD,INDL,C,BBBY,12/31/05,147868,BED BATH & BEYOND INC,690370101,25,Consumer Discretionary
A,USD,STD,INDL,C,BBBY,12/31/06,147868,BED BATH & BEYOND INC,690370101,25,Consumer Discretionary
A,USD,STD,INDL,C,BBBY,12/31/07,147868,BED BATH & BEYOND INC,690370101,25,Consumer Discretionary
A,USD,STD,INDL,C,BBBY,12/31/08,147868,BED BATH & BEYOND INC,690370101,25,Consumer Discretionary
A,USD,STD,INDL,C,BBBY,12/31/09,147868,BED BATH & BEYOND INC,690370101,25,Consumer Discretionary
A,USD,STD,INDL,C,BBBY,12/31/10,147868,BED BATH & BEYOND INC,690370101,25,Consumer Discretionary
A,USD,STD,INDL,C,BBBY,12/31/11,147868,BED BATH & BEYOND INC,690370101,25,Consumer Discretionary
A,USD,STD,INDL,C,BBBY,12/31/12,147868,BED BATH & BEYOND INC,690370101,25,Consumer Discretionary
A,USD,STD,INDL,C,BBBY,12/31/13,147868,BED BATH & BEYOND INC,690370101,25,Consumer Discretionary
A,USD,STD,INDL,C,BBBY,12/31/14,147868,BED BATH & BEYOND INC,690370101,25,Consumer Discretionary
A,USD,STD,INDL,C,BBBY,12/31/15,147868,BED BATH & BEYOND INC,690370101,25,Consumer Discretionary
A,USD,STD,INDL,C,BBBY,12/31/16,147868,BED BATH & BEYOND INC,690370101,25,Consumer Discretionary
A,USD,STD,INDL,C,BBBY,12/31/17,147868,BED BATH & BEYOND INC,690370101,25,Consumer Discretionary
A,USD,STD,INDL,C,BBBY,12/31/18,147868,BED BATH & BEYOND INC,690370101,25,Consumer Discretionary
A,USD,STD,INDL,C,BBBY,12/31/19,147868,BED BATH & BEYOND INC,690370101,25,Consumer Discretionary
A,USD,STD,INDL,C,BBBY,12/31/20,147868,BED BATH & BEYOND INC,690370101,25,Consumer Discretionary
A,USD,STD,INDL,C,BBBY,12/31/21,147868,BED BATH & BEYOND INC,690370101,25,Consumer Discretionary
A,USD,STD,INDL,C,BBBY,12/31/22,147868,BED BATH & BEYOND INC,690370101,25,Consumer Discretionary
A,USD,STD,INDL,C,BBBY,12/31/23,147868,BED BATH & BEYOND INC,690370101,25,Consumer Discretionary
A,USD,STD,INDL,C,BBBY,12/31/24,147868,BED BATH & BEYOND INC,690370101,25,Consumer Discretionary
A,USD,STD,INDL,C,BBBY,12/31/25,147868,BED BATH & BEYOND INC,690370101,25,Consumer Discretionary
A,USD,STD,INDL,C,WYNN,12/31/04,149318,WYNN RESORTS LTD,983134107,25,Consumer Discretionary
A,USD,STD,INDL,C,WYNN,12/31/05,149318,WYNN RESORTS LTD,983134107,25,Consumer Discretionary
A,USD,STD,INDL,C,WYNN,12/31/06,149318,WYNN RESORTS LTD,983134107,25,Consumer Discretionary
A,USD,STD,INDL,C,WYNN,12/31/07,149318,WYNN RESORTS LTD,983134107,25,Consumer Discretionary
A,USD,STD,INDL,C,WYNN,12/31/08,149318,WYNN RESORTS LTD,983134107,25,Consumer Discretionary
A,USD,STD,INDL,C,WYNN,12/31/09,149318,WYNN RESORTS LTD,983134107,25,Consumer Discretionary
A,USD,STD,INDL,C,WYNN,12/31/10,149318,WYNN RESORTS LTD,983134107,25,Consumer Discretionary
A,USD,STD,INDL,C,WYNN,12/31/11,149318,WYNN RESORTS LTD,983134107,25,Consumer Discretionary
A,USD,STD,INDL,C,WYNN,12/31/12,149318,WYNN RESORTS LTD,983134107,25,Consumer Discretionary
A,USD,STD,INDL,C,WYNN,12/31/13,149318,WYNN RESORTS LTD,983134107,25,Consumer Discretionary
A,USD,STD,INDL,C,WYNN,12/31/14,149318,WYNN RESORTS LTD,983134107,25,Consumer Discretionary
A,USD,STD,INDL,C,WYNN,12/31/15,149318,WYNN RESORTS LTD,983134107,25,Consumer Discretionary
A,USD,STD,INDL,C,WYNN,12/31/16,149318,WYNN RESORTS LTD,983134107,25,Consumer Discretionary
A,USD,STD,INDL,C,WYNN,12/31/17,149318,WYNN RESORTS LTD,983134107,25,Consumer Discretionary
A,USD,STD,INDL,C,WYNN,12/31/18,149318,WYNN RESORTS LTD,983134107,25,Consumer Discretionary
A,USD,STD,INDL,C,WYNN,12/31/19,149318,WYNN RESORTS LTD,983134107,25,Consumer Discretionary
A,USD,STD,INDL,C,WYNN,12/31/20,149318,WYNN RESORTS LTD,983134107,25,Consumer Discretionary
A,USD,STD,INDL,C,WYNN,12/31/21,149318,WYNN RESORTS LTD,983134107,25,Consumer Discretionary
A,USD,STD,INDL,C,WYNN,12/31/22,149318,WYNN RESORTS LTD,983134107,25,Consumer Discretionary
A,USD,STD,INDL,C,WYNN,12/31/23,149318,WYNN RESORTS LTD,983134107,25,Consumer Discretionary
A,USD,STD,INDL,C,WYNN,12/31/24,149318,WYNN RESORTS LTD,983134107,25,Consumer Discretionary
A,USD,STD,INDL,C,STX,6/30/04,150937,SEAGATE TECHNOLOGY HOLDINGS,G7997R103,45,Information Technology
A,USD,STD,INDL,C,STX,6/30/05,150937,SEAGATE TECHNOLOGY HOLDINGS,G7997R103,45,Information Technology
A,USD,STD,INDL,C,STX,6/30/06,150937,SEAGATE TECHNOLOGY HOLDINGS,G7997R103,45,Information Technology
A,USD,STD,INDL,C,STX,6/30/07,150937,SEAGATE TECHNOLOGY HOLDINGS,G7997R103,45,Information Technology
A,USD,STD,INDL,C,STX,6/30/08,150937,SEAGATE TECHNOLOGY HOLDINGS,G7997R103,45,Information Technology
A,USD,STD,INDL,C,STX,6/30/09,150937,SEAGATE TECHNOLOGY HOLDINGS,G7997R103,45,Information Technology
A,USD,STD,INDL,C,STX,6/30/10,150937,SEAGATE TECHNOLOGY HOLDINGS,G7997R103,45,Information Technology
A,USD,STD,INDL,C,STX,6/30/11,150937,SEAGATE TECHNOLOGY HOLDINGS,G7997R103,45,Information Technology
A,USD,STD,INDL,C,STX,6/30/12,150937,SEAGATE TECHNOLOGY HOLDINGS,G7997R103,45,Information Technology
A,USD,STD,INDL,C,STX,6/30/13,150937,SEAGATE TECHNOLOGY HOLDINGS,G7997R103,45,Information Technology
A,USD,STD,INDL,C,STX,6/30/14,150937,SEAGATE TECHNOLOGY HOLDINGS,G7997R103,45,Information Technology
A,USD,STD,INDL,C,STX,6/30/15,150937,SEAGATE TECHNOLOGY HOLDINGS,G7997R103,45,Information Technology
A,USD,STD,INDL,C,STX,6/30/16,150937,SEAGATE TECHNOLOGY HOLDINGS,G7997R103,45,Information Technology
A,USD,STD,INDL,C,STX,6/30/17,150937,SEAGATE TECHNOLOGY HOLDINGS,G7997R103,45,Information Technology
A,USD,STD,INDL,C,STX,6/30/18,150937,SEAGATE TECHNOLOGY HOLDINGS,G7997R103,45,Information Technology
A,USD,STD,INDL,C,STX,6/30/19,150937,SEAGATE TECHNOLOGY HOLDINGS,G7997R103,45,Information Technology
A,USD,STD,INDL,C,STX,6/30/20,150937,SEAGATE TECHNOLOGY HOLDINGS,G7997R103,45,Information Technology
A,USD,STD,INDL,C,STX,6/30/21,150937,SEAGATE TECHNOLOGY HOLDINGS,G7997R103,45,Information Technology
A,USD,STD,INDL,C,STX,6/30/22,150937,SEAGATE TECHNOLOGY HOLDINGS,G7997R103,45,Information Technology
A,USD,STD,INDL,C,STX,6/30/23,150937,SEAGATE TECHNOLOGY HOLDINGS,G7997R103,45,Information Technology
A,USD,STD,INDL,C,STX,6/30/24,150937,SEAGATE TECHNOLOGY HOLDINGS,G7997R103,45,Information Technology
A,USD,STD,INDL,C,STX,6/30/25,150937,SEAGATE TECHNOLOGY HOLDINGS,G7997R103,45,Information Technology
I,USD,STD,INDL,C,VMED,12/31/04,153668,VIRGIN MEDIA INC,92769L101,25,Consumer Discretionary
I,USD,STD,INDL,C,VMED,12/31/05,153668,VIRGIN MEDIA INC,92769L101,25,Consumer Discretionary
I,USD,STD,INDL,C,VMED,12/31/06,153668,VIRGIN MEDIA INC,92769L101,25,Consumer Discretionary
I,USD,STD,INDL,C,VMED,12/31/07,153668,VIRGIN MEDIA INC,92769L101,25,Consumer Discretionary
I,USD,STD,INDL,C,VMED,12/31/08,153668,VIRGIN MEDIA INC,92769L101,25,Consumer Discretionary
I,USD,STD,INDL,C,VMED,12/31/09,153668,VIRGIN MEDIA INC,92769L101,25,Consumer Discretionary
I,USD,STD,INDL,C,VMED,12/31/10,153668,VIRGIN MEDIA INC,92769L101,25,Consumer Discretionary
I,USD,STD,INDL,C,VMED,12/31/11,153668,VIRGIN MEDIA INC,92769L101,25,Consumer Discretionary
I,USD,STD,INDL,C,VMED,12/31/12,153668,VIRGIN MEDIA INC,92769L101,25,Consumer Discretionary
A,USD,STD,INDL,C,TCOM,12/31/04,157413,TRIP COM GROUP LTD,89677Q107,25,Consumer Discretionary
A,USD,STD,INDL,C,TCOM,12/31/05,157413,TRIP COM GROUP LTD,89677Q107,25,Consumer Discretionary
A,USD,STD,INDL,C,TCOM,12/31/06,157413,TRIP COM GROUP LTD,89677Q107,25,Consumer Discretionary
A,USD,STD,INDL,C,TCOM,12/31/07,157413,TRIP COM GROUP LTD,89677Q107,25,Consumer Discretionary
A,USD,STD,INDL,C,TCOM,12/31/08,157413,TRIP COM GROUP LTD,89677Q107,25,Consumer Discretionary
A,USD,STD,INDL,C,TCOM,12/31/09,157413,TRIP COM GROUP LTD,89677Q107,25,Consumer Discretionary
A,USD,STD,INDL,C,TCOM,12/31/10,157413,TRIP COM GROUP LTD,89677Q107,25,Consumer Discretionary
A,USD,STD,INDL,C,TCOM,12/31/11,157413,TRIP COM GROUP LTD,89677Q107,25,Consumer Discretionary
A,USD,STD,INDL,C,TCOM,12/31/12,157413,TRIP COM GROUP LTD,89677Q107,25,Consumer Discretionary
A,USD,STD,INDL,C,TCOM,12/31/13,157413,TRIP COM GROUP LTD,89677Q107,25,Consumer Discretionary
A,USD,STD,INDL,C,TCOM,12/31/14,157413,TRIP COM GROUP LTD,89677Q107,25,Consumer Discretionary
A,USD,STD,INDL,C,TCOM,12/31/15,157413,TRIP COM GROUP LTD,89677Q107,25,Consumer Discretionary
A,USD,STD,INDL,C,TCOM,12/31/16,157413,TRIP COM GROUP LTD,89677Q107,25,Consumer Discretionary
A,USD,STD,INDL,C,TCOM,12/31/17,157413,TRIP COM GROUP LTD,89677Q107,25,Consumer Discretionary
A,USD,STD,INDL,C,TCOM,12/31/18,157413,TRIP COM GROUP LTD,89677Q107,25,Consumer Discretionary
A,USD,STD,INDL,C,TCOM,12/31/19,157413,TRIP COM GROUP LTD,89677Q107,25,Consumer Discretionary
A,USD,STD,INDL,C,TCOM,12/31/20,157413,TRIP COM GROUP LTD,89677Q107,25,Consumer Discretionary
A,USD,STD,INDL,C,TCOM,12/31/21,157413,TRIP COM GROUP LTD,89677Q107,25,Consumer Discretionary
A,USD,STD,INDL,C,TCOM,12/31/22,157413,TRIP COM GROUP LTD,89677Q107,25,Consumer Discretionary
A,USD,STD,INDL,C,TCOM,12/31/23,157413,TRIP COM GROUP LTD,89677Q107,25,Consumer Discretionary
A,USD,STD,INDL,C,TCOM,12/31/24,157413,TRIP COM GROUP LTD,89677Q107,25,Consumer Discretionary
A,USD,STD,INDL,C,GOOGL,12/31/10,160329,ALPHABET INC,02079K305,50,Communication Services
A,USD,STD,INDL,C,GOOGL,12/31/04,160329,ALPHABET INC,02079K305,50,Communication Services
A,USD,STD,INDL,C,GOOGL,12/31/05,160329,ALPHABET INC,02079K305,50,Communication Services
A,USD,STD,INDL,C,GOOGL,12/31/06,160329,ALPHABET INC,02079K305,50,Communication Services
A,USD,STD,INDL,C,GOOGL,12/31/07,160329,ALPHABET INC,02079K305,50,Communication Services
A,USD,STD,INDL,C,GOOGL,12/31/08,160329,ALPHABET INC,02079K305,50,Communication Services
A,USD,STD,INDL,C,GOOGL,12/31/09,160329,ALPHABET INC,02079K305,50,Communication Services
A,USD,STD,INDL,C,GOOGL,12/31/11,160329,ALPHABET INC,02079K305,50,Communication Services
A,USD,STD,INDL,C,GOOGL,12/31/12,160329,ALPHABET INC,02079K305,50,Communication Services
A,USD,STD,INDL,C,GOOGL,12/31/13,160329,ALPHABET INC,02079K305,50,Communication Services
A,USD,STD,INDL,C,GOOGL,12/31/14,160329,ALPHABET INC,02079K305,50,Communication Services
A,USD,STD,INDL,C,GOOGL,12/31/15,160329,ALPHABET INC,02079K305,50,Communication Services
A,USD,STD,INDL,C,GOOGL,12/31/16,160329,ALPHABET INC,02079K305,50,Communication Services
A,USD,STD,INDL,C,GOOGL,12/31/17,160329,ALPHABET INC,02079K305,50,Communication Services
A,USD,STD,INDL,C,GOOGL,12/31/18,160329,ALPHABET INC,02079K305,50,Communication Services
A,USD,STD,INDL,C,GOOGL,12/31/19,160329,ALPHABET INC,02079K305,50,Communication Services
A,USD,STD,INDL,C,GOOGL,12/31/20,160329,ALPHABET INC,02079K305,50,Communication Services
A,USD,STD,INDL,C,GOOGL,12/31/21,160329,ALPHABET INC,02079K305,50,Communication Services
A,USD,STD,INDL,C,GOOGL,12/31/22,160329,ALPHABET INC,02079K305,50,Communication Services
A,USD,STD,INDL,C,GOOGL,12/31/23,160329,ALPHABET INC,02079K305,50,Communication Services
A,USD,STD,INDL,C,GOOGL,12/31/24,160329,ALPHABET INC,02079K305,50,Communication Services
A,USD,STD,INDL,C,GOOGL,12/31/25,160329,ALPHABET INC,02079K305,50,Communication Services
A,USD,STD,INDL,C,LBTYK,12/31/04,160549,LIBERTY GLOBAL LTD,G61188127,50,Communication Services
A,USD,STD,INDL,C,LBTYK,12/31/05,160549,LIBERTY GLOBAL LTD,G61188127,50,Communication Services
A,USD,STD,INDL,C,LBTYK,12/31/06,160549,LIBERTY GLOBAL LTD,G61188127,50,Communication Services
A,USD,STD,INDL,C,LBTYK,12/31/07,160549,LIBERTY GLOBAL LTD,G61188127,50,Communication Services
A,USD,STD,INDL,C,LBTYK,12/31/08,160549,LIBERTY GLOBAL LTD,G61188127,50,Communication Services
A,USD,STD,INDL,C,LBTYK,12/31/09,160549,LIBERTY GLOBAL LTD,G61188127,50,Communication Services
A,USD,STD,INDL,C,LBTYK,12/31/10,160549,LIBERTY GLOBAL LTD,G61188127,50,Communication Services
A,USD,STD,INDL,C,LBTYK,12/31/11,160549,LIBERTY GLOBAL LTD,G61188127,50,Communication Services
A,USD,STD,INDL,C,LBTYK,12/31/12,160549,LIBERTY GLOBAL LTD,G61188127,50,Communication Services
A,USD,STD,INDL,C,LBTYK,12/31/13,160549,LIBERTY GLOBAL LTD,G61188127,50,Communication Services
A,USD,STD,INDL,C,LBTYK,12/31/14,160549,LIBERTY GLOBAL LTD,G61188127,50,Communication Services
A,USD,STD,INDL,C,LBTYK,12/31/15,160549,LIBERTY GLOBAL LTD,G61188127,50,Communication Services
A,USD,STD,INDL,C,LBTYK,12/31/16,160549,LIBERTY GLOBAL LTD,G61188127,50,Communication Services
A,USD,STD,INDL,C,LBTYK,12/31/17,160549,LIBERTY GLOBAL LTD,G61188127,50,Communication Services
A,USD,STD,INDL,C,LBTYK,12/31/18,160549,LIBERTY GLOBAL LTD,G61188127,50,Communication Services
A,USD,STD,INDL,C,LBTYK,12/31/19,160549,LIBERTY GLOBAL LTD,G61188127,50,Communication Services
A,USD,STD,INDL,C,LBTYK,12/31/20,160549,LIBERTY GLOBAL LTD,G61188127,50,Communication Services
A,USD,STD,INDL,C,LBTYK,12/31/21,160549,LIBERTY GLOBAL LTD,G61188127,50,Communication Services
A,USD,STD,INDL,C,LBTYK,12/31/22,160549,LIBERTY GLOBAL LTD,G61188127,50,Communication Services
A,USD,STD,INDL,C,LBTYK,12/31/23,160549,LIBERTY GLOBAL LTD,G61188127,50,Communication Services
A,USD,STD,INDL,C,LBTYK,12/31/24,160549,LIBERTY GLOBAL LTD,G61188127,50,Communication Services
A,USD,STD,INDL,C,LBTYK,12/31/25,160549,LIBERTY GLOBAL LTD,G61188127,50,Communication Services
A,USD,STD,INDL,C,MPWR,12/31/04,160888,MONOLITHIC POWER SYSTEMS INC,609839105,45,Information Technology
A,USD,STD,INDL,C,MPWR,12/31/05,160888,MONOLITHIC POWER SYSTEMS INC,609839105,45,Information Technology
A,USD,STD,INDL,C,MPWR,12/31/06,160888,MONOLITHIC POWER SYSTEMS INC,609839105,45,Information Technology
A,USD,STD,INDL,C,MPWR,12/31/07,160888,MONOLITHIC POWER SYSTEMS INC,609839105,45,Information Technology
A,USD,STD,INDL,C,MPWR,12/31/08,160888,MONOLITHIC POWER SYSTEMS INC,609839105,45,Information Technology
A,USD,STD,INDL,C,MPWR,12/31/09,160888,MONOLITHIC POWER SYSTEMS INC,609839105,45,Information Technology
A,USD,STD,INDL,C,MPWR,12/31/10,160888,MONOLITHIC POWER SYSTEMS INC,609839105,45,Information Technology
A,USD,STD,INDL,C,MPWR,12/31/11,160888,MONOLITHIC POWER SYSTEMS INC,609839105,45,Information Technology
A,USD,STD,INDL,C,MPWR,12/31/12,160888,MONOLITHIC POWER SYSTEMS INC,609839105,45,Information Technology
A,USD,STD,INDL,C,MPWR,12/31/13,160888,MONOLITHIC POWER SYSTEMS INC,609839105,45,Information Technology
A,USD,STD,INDL,C,MPWR,12/31/14,160888,MONOLITHIC POWER SYSTEMS INC,609839105,45,Information Technology
A,USD,STD,INDL,C,MPWR,12/31/15,160888,MONOLITHIC POWER SYSTEMS INC,609839105,45,Information Technology
A,USD,STD,INDL,C,MPWR,12/31/16,160888,MONOLITHIC POWER SYSTEMS INC,609839105,45,Information Technology
A,USD,STD,INDL,C,MPWR,12/31/17,160888,MONOLITHIC POWER SYSTEMS INC,609839105,45,Information Technology
A,USD,STD,INDL,C,MPWR,12/31/18,160888,MONOLITHIC POWER SYSTEMS INC,609839105,45,Information Technology
A,USD,STD,INDL,C,MPWR,12/31/19,160888,MONOLITHIC POWER SYSTEMS INC,609839105,45,Information Technology
A,USD,STD,INDL,C,MPWR,12/31/20,160888,MONOLITHIC POWER SYSTEMS INC,609839105,45,Information Technology
A,USD,STD,INDL,C,MPWR,12/31/21,160888,MONOLITHIC POWER SYSTEMS INC,609839105,45,Information Technology
A,USD,STD,INDL,C,MPWR,12/31/22,160888,MONOLITHIC POWER SYSTEMS INC,609839105,45,Information Technology
A,USD,STD,INDL,C,MPWR,12/31/23,160888,MONOLITHIC POWER SYSTEMS INC,609839105,45,Information Technology
A,USD,STD,INDL,C,MPWR,12/31/24,160888,MONOLITHIC POWER SYSTEMS INC,609839105,45,Information Technology
A,USD,STD,INDL,C,MPWR,12/31/25,160888,MONOLITHIC POWER SYSTEMS INC,609839105,45,Information Technology
A,USD,STD,INDL,C,DXCM,12/31/04,162887,DEXCOM INC,252131107,35,Health Care
A,USD,STD,INDL,C,DXCM,12/31/05,162887,DEXCOM INC,252131107,35,Health Care
A,USD,STD,INDL,C,DXCM,12/31/06,162887,DEXCOM INC,252131107,35,Health Care
A,USD,STD,INDL,C,DXCM,12/31/07,162887,DEXCOM INC,252131107,35,Health Care
A,USD,STD,INDL,C,DXCM,12/31/08,162887,DEXCOM INC,252131107,35,Health Care
A,USD,STD,INDL,C,DXCM,12/31/09,162887,DEXCOM INC,252131107,35,Health Care
A,USD,STD,INDL,C,DXCM,12/31/10,162887,DEXCOM INC,252131107,35,Health Care
A,USD,STD,INDL,C,DXCM,12/31/11,162887,DEXCOM INC,252131107,35,Health Care
A,USD,STD,INDL,C,DXCM,12/31/12,162887,DEXCOM INC,252131107,35,Health Care
A,USD,STD,INDL,C,DXCM,12/31/13,162887,DEXCOM INC,252131107,35,Health Care
A,USD,STD,INDL,C,DXCM,12/31/14,162887,DEXCOM INC,252131107,35,Health Care
A,USD,STD,INDL,C,DXCM,12/31/15,162887,DEXCOM INC,252131107,35,Health Care
A,USD,STD,INDL,C,DXCM,12/31/16,162887,DEXCOM INC,252131107,35,Health Care
A,USD,STD,INDL,C,DXCM,12/31/17,162887,DEXCOM INC,252131107,35,Health Care
A,USD,STD,INDL,C,DXCM,12/31/18,162887,DEXCOM INC,252131107,35,Health Care
A,USD,STD,INDL,C,DXCM,12/31/19,162887,DEXCOM INC,252131107,35,Health Care
A,USD,STD,INDL,C,DXCM,12/31/20,162887,DEXCOM INC,252131107,35,Health Care
A,USD,STD,INDL,C,DXCM,12/31/21,162887,DEXCOM INC,252131107,35,Health Care
A,USD,STD,INDL,C,DXCM,12/31/22,162887,DEXCOM INC,252131107,35,Health Care
A,USD,STD,INDL,C,DXCM,12/31/23,162887,DEXCOM INC,252131107,35,Health Care
A,USD,STD,INDL,C,DXCM,12/31/24,162887,DEXCOM INC,252131107,35,Health Care
A,USD,STD,INDL,C,DXCM,12/31/25,162887,DEXCOM INC,252131107,35,Health Care
I,USD,STD,INDL,C,FMCN,12/31/04,164283,FOCUS MEDIA HOLDING LTD,34415V109,25,Consumer Discretionary
I,USD,STD,INDL,C,FMCN,12/31/05,164283,FOCUS MEDIA HOLDING LTD,34415V109,25,Consumer Discretionary
I,USD,STD,INDL,C,FMCN,12/31/06,164283,FOCUS MEDIA HOLDING LTD,34415V109,25,Consumer Discretionary
I,USD,STD,INDL,C,FMCN,12/31/07,164283,FOCUS MEDIA HOLDING LTD,34415V109,25,Consumer Discretionary
I,USD,STD,INDL,C,FMCN,12/31/08,164283,FOCUS MEDIA HOLDING LTD,34415V109,25,Consumer Discretionary
I,USD,STD,INDL,C,FMCN,12/31/09,164283,FOCUS MEDIA HOLDING LTD,34415V109,25,Consumer Discretionary
I,USD,STD,INDL,C,FMCN,12/31/10,164283,FOCUS MEDIA HOLDING LTD,34415V109,25,Consumer Discretionary
I,USD,STD,INDL,C,FMCN,12/31/11,164283,FOCUS MEDIA HOLDING LTD,34415V109,25,Consumer Discretionary
I,USD,STD,INDL,C,FMCN,12/31/12,164283,FOCUS MEDIA HOLDING LTD,34415V109,25,Consumer Discretionary
A,USD,STD,INDL,C,WBD,12/31/04,164296,WARNER BROS DISCOVERY INC,934423104,50,Communication Services
A,USD,STD,INDL,C,WBD,12/31/05,164296,WARNER BROS DISCOVERY INC,934423104,50,Communication Services
A,USD,STD,INDL,C,WBD,12/31/06,164296,WARNER BROS DISCOVERY INC,934423104,50,Communication Services
A,USD,STD,INDL,C,WBD,12/31/07,164296,WARNER BROS DISCOVERY INC,934423104,50,Communication Services
A,USD,STD,INDL,C,WBD,12/31/08,164296,WARNER BROS DISCOVERY INC,934423104,50,Communication Services
A,USD,STD,INDL,C,WBD,12/31/09,164296,WARNER BROS DISCOVERY INC,934423104,50,Communication Services
A,USD,STD,INDL,C,WBD,12/31/10,164296,WARNER BROS DISCOVERY INC,934423104,50,Communication Services
A,USD,STD,INDL,C,WBD,12/31/11,164296,WARNER BROS DISCOVERY INC,934423104,50,Communication Services
A,USD,STD,INDL,C,WBD,12/31/12,164296,WARNER BROS DISCOVERY INC,934423104,50,Communication Services
A,USD,STD,INDL,C,WBD,12/31/13,164296,WARNER BROS DISCOVERY INC,934423104,50,Communication Services
A,USD,STD,INDL,C,WBD,12/31/14,164296,WARNER BROS DISCOVERY INC,934423104,50,Communication Services
A,USD,STD,INDL,C,WBD,12/31/15,164296,WARNER BROS DISCOVERY INC,934423104,50,Communication Services
A,USD,STD,INDL,C,WBD,12/31/16,164296,WARNER BROS DISCOVERY INC,934423104,50,Communication Services
A,USD,STD,INDL,C,WBD,12/31/17,164296,WARNER BROS DISCOVERY INC,934423104,50,Communication Services
A,USD,STD,INDL,C,WBD,12/31/18,164296,WARNER BROS DISCOVERY INC,934423104,50,Communication Services
A,USD,STD,INDL,C,WBD,12/31/19,164296,WARNER BROS DISCOVERY INC,934423104,50,Communication Services
A,USD,STD,INDL,C,WBD,12/31/20,164296,WARNER BROS DISCOVERY INC,934423104,50,Communication Services
A,USD,STD,INDL,C,WBD,12/31/21,164296,WARNER BROS DISCOVERY INC,934423104,50,Communication Services
A,USD,STD,INDL,C,WBD,12/31/22,164296,WARNER BROS DISCOVERY INC,934423104,50,Communication Services
A,USD,STD,INDL,C,WBD,12/31/23,164296,WARNER BROS DISCOVERY INC,934423104,50,Communication Services
A,USD,STD,INDL,C,WBD,12/31/24,164296,WARNER BROS DISCOVERY INC,934423104,50,Communication Services
A,USD,STD,INDL,C,WBD,12/31/25,164296,WARNER BROS DISCOVERY INC,934423104,50,Communication Services
A,USD,STD,INDL,C,BIDU,12/31/04,164532,BAIDU INC,056752108,50,Communication Services
A,USD,STD,INDL,C,BIDU,12/31/05,164532,BAIDU INC,056752108,50,Communication Services
A,USD,STD,INDL,C,BIDU,12/31/06,164532,BAIDU INC,056752108,50,Communication Services
A,USD,STD,INDL,C,BIDU,12/31/07,164532,BAIDU INC,056752108,50,Communication Services
A,USD,STD,INDL,C,BIDU,12/31/08,164532,BAIDU INC,056752108,50,Communication Services
A,USD,STD,INDL,C,BIDU,12/31/09,164532,BAIDU INC,056752108,50,Communication Services
A,USD,STD,INDL,C,BIDU,12/31/10,164532,BAIDU INC,056752108,50,Communication Services
A,USD,STD,INDL,C,BIDU,12/31/11,164532,BAIDU INC,056752108,50,Communication Services
A,USD,STD,INDL,C,BIDU,12/31/12,164532,BAIDU INC,056752108,50,Communication Services
A,USD,STD,INDL,C,BIDU,12/31/13,164532,BAIDU INC,056752108,50,Communication Services
A,USD,STD,INDL,C,BIDU,12/31/14,164532,BAIDU INC,056752108,50,Communication Services
A,USD,STD,INDL,C,BIDU,12/31/15,164532,BAIDU INC,056752108,50,Communication Services
A,USD,STD,INDL,C,BIDU,12/31/16,164532,BAIDU INC,056752108,50,Communication Services
A,USD,STD,INDL,C,BIDU,12/31/17,164532,BAIDU INC,056752108,50,Communication Services
A,USD,STD,INDL,C,BIDU,12/31/18,164532,BAIDU INC,056752108,50,Communication Services
A,USD,STD,INDL,C,BIDU,12/31/19,164532,BAIDU INC,056752108,50,Communication Services
A,USD,STD,INDL,C,BIDU,12/31/20,164532,BAIDU INC,056752108,50,Communication Services
A,USD,STD,INDL,C,BIDU,12/31/21,164532,BAIDU INC,056752108,50,Communication Services
A,USD,STD,INDL,C,BIDU,12/31/22,164532,BAIDU INC,056752108,50,Communication Services
A,USD,STD,INDL,C,BIDU,12/31/23,164532,BAIDU INC,056752108,50,Communication Services
A,USD,STD,INDL,C,BIDU,12/31/24,164532,BAIDU INC,056752108,50,Communication Services
I,USD,STD,INDL,C,VIAB,12/31/04,165675,VIACOM INC,92553P201,50,Communication Services
I,USD,STD,INDL,C,VIAB,12/31/05,165675,VIACOM INC,92553P201,50,Communication Services
I,USD,STD,INDL,C,VIAB,12/31/06,165675,VIACOM INC,92553P201,50,Communication Services
I,USD,STD,INDL,C,VIAB,12/31/07,165675,VIACOM INC,92553P201,50,Communication Services
I,USD,STD,INDL,C,VIAB,12/31/08,165675,VIACOM INC,92553P201,50,Communication Services
I,USD,STD,INDL,C,VIAB,12/31/09,165675,VIACOM INC,92553P201,50,Communication Services
I,USD,STD,INDL,C,VIAB,9/30/10,165675,VIACOM INC,92553P201,50,Communication Services
I,USD,STD,INDL,C,VIAB,9/30/11,165675,VIACOM INC,92553P201,50,Communication Services
I,USD,STD,INDL,C,VIAB,9/30/12,165675,VIACOM INC,92553P201,50,Communication Services
I,USD,STD,INDL,C,VIAB,9/30/13,165675,VIACOM INC,92553P201,50,Communication Services
I,USD,STD,INDL,C,VIAB,9/30/14,165675,VIACOM INC,92553P201,50,Communication Services
I,USD,STD,INDL,C,VIAB,9/30/15,165675,VIACOM INC,92553P201,50,Communication Services
I,USD,STD,INDL,C,VIAB,9/30/16,165675,VIACOM INC,92553P201,50,Communication Services
I,USD,STD,INDL,C,VIAB,9/30/17,165675,VIACOM INC,92553P201,50,Communication Services
I,USD,STD,INDL,C,VIAB,9/30/18,165675,VIACOM INC,92553P201,50,Communication Services
I,USD,STD,INDL,C,VIAB,9/30/19,165675,VIACOM INC,92553P201,50,Communication Services
I,USD,STD,INDL,C,SPLK,1/31/11,170616,SPLUNK INC,848637104,45,Information Technology
I,USD,STD,INDL,C,SPLK,1/31/12,170616,SPLUNK INC,848637104,45,Information Technology
I,USD,STD,INDL,C,SPLK,1/31/13,170616,SPLUNK INC,848637104,45,Information Technology
I,USD,STD,INDL,C,SPLK,1/31/14,170616,SPLUNK INC,848637104,45,Information Technology
I,USD,STD,INDL,C,SPLK,1/31/15,170616,SPLUNK INC,848637104,45,Information Technology
I,USD,STD,INDL,C,SPLK,1/31/16,170616,SPLUNK INC,848637104,45,Information Technology
I,USD,STD,INDL,C,SPLK,1/31/17,170616,SPLUNK INC,848637104,45,Information Technology
I,USD,STD,INDL,C,SPLK,1/31/18,170616,SPLUNK INC,848637104,45,Information Technology
I,USD,STD,INDL,C,SPLK,1/31/19,170616,SPLUNK INC,848637104,45,Information Technology
I,USD,STD,INDL,C,SPLK,1/31/20,170616,SPLUNK INC,848637104,45,Information Technology
I,USD,STD,INDL,C,SPLK,1/31/21,170616,SPLUNK INC,848637104,45,Information Technology
I,USD,STD,INDL,C,SPLK,1/31/22,170616,SPLUNK INC,848637104,45,Information Technology
I,USD,STD,INDL,C,SPLK,1/31/23,170616,SPLUNK INC,848637104,45,Information Technology
I,USD,STD,INDL,C,SPLK,1/31/24,170616,SPLUNK INC,848637104,45,Information Technology
A,USD,STD,INDL,C,META,12/31/10,170617,META PLATFORMS INC,30303M102,50,Communication Services
A,USD,STD,INDL,C,META,12/31/11,170617,META PLATFORMS INC,30303M102,50,Communication Services
A,USD,STD,INDL,C,META,12/31/12,170617,META PLATFORMS INC,30303M102,50,Communication Services
A,USD,STD,INDL,C,META,12/31/13,170617,META PLATFORMS INC,30303M102,50,Communication Services
A,USD,STD,INDL,C,META,12/31/14,170617,META PLATFORMS INC,30303M102,50,Communication Services
A,USD,STD,INDL,C,META,12/31/15,170617,META PLATFORMS INC,30303M102,50,Communication Services
A,USD,STD,INDL,C,META,12/31/16,170617,META PLATFORMS INC,30303M102,50,Communication Services
A,USD,STD,INDL,C,META,12/31/17,170617,META PLATFORMS INC,30303M102,50,Communication Services
A,USD,STD,INDL,C,META,12/31/18,170617,META PLATFORMS INC,30303M102,50,Communication Services
A,USD,STD,INDL,C,META,12/31/19,170617,META PLATFORMS INC,30303M102,50,Communication Services
A,USD,STD,INDL,C,META,12/31/20,170617,META PLATFORMS INC,30303M102,50,Communication Services
A,USD,STD,INDL,C,META,12/31/21,170617,META PLATFORMS INC,30303M102,50,Communication Services
A,USD,STD,INDL,C,META,12/31/22,170617,META PLATFORMS INC,30303M102,50,Communication Services
A,USD,STD,INDL,C,META,12/31/23,170617,META PLATFORMS INC,30303M102,50,Communication Services
A,USD,STD,INDL,C,META,12/31/24,170617,META PLATFORMS INC,30303M102,50,Communication Services
A,USD,STD,INDL,C,META,12/31/25,170617,META PLATFORMS INC,30303M102,50,Communication Services
A,USD,STD,INDL,C,FANG,12/31/10,170750,DIAMONDBACK ENERGY INC,25278X109,10,Energy
A,USD,STD,INDL,C,FANG,12/31/11,170750,DIAMONDBACK ENERGY INC,25278X109,10,Energy
A,USD,STD,INDL,C,FANG,12/31/12,170750,DIAMONDBACK ENERGY INC,25278X109,10,Energy
A,USD,STD,INDL,C,FANG,12/31/13,170750,DIAMONDBACK ENERGY INC,25278X109,10,Energy
A,USD,STD,INDL,C,FANG,12/31/14,170750,DIAMONDBACK ENERGY INC,25278X109,10,Energy
A,USD,STD,INDL,C,FANG,12/31/15,170750,DIAMONDBACK ENERGY INC,25278X109,10,Energy
A,USD,STD,INDL,C,FANG,12/31/16,170750,DIAMONDBACK ENERGY INC,25278X109,10,Energy
A,USD,STD,INDL,C,FANG,12/31/17,170750,DIAMONDBACK ENERGY INC,25278X109,10,Energy
A,USD,STD,INDL,C,FANG,12/31/18,170750,DIAMONDBACK ENERGY INC,25278X109,10,Energy
A,USD,STD,INDL,C,FANG,12/31/19,170750,DIAMONDBACK ENERGY INC,25278X109,10,Energy
A,USD,STD,INDL,C,FANG,12/31/20,170750,DIAMONDBACK ENERGY INC,25278X109,10,Energy
A,USD,STD,INDL,C,FANG,12/31/21,170750,DIAMONDBACK ENERGY INC,25278X109,10,Energy
A,USD,STD,INDL,C,FANG,12/31/22,170750,DIAMONDBACK ENERGY INC,25278X109,10,Energy
A,USD,STD,INDL,C,FANG,12/31/23,170750,DIAMONDBACK ENERGY INC,25278X109,10,Energy
A,USD,STD,INDL,C,FANG,12/31/24,170750,DIAMONDBACK ENERGY INC,25278X109,10,Energy
A,USD,STD,INDL,C,FANG,12/31/25,170750,DIAMONDBACK ENERGY INC,25278X109,10,Energy
A,USD,STD,INDL,C,PANW,7/31/10,171067,PALO ALTO NETWORKS INC,697435105,45,Information Technology
A,USD,STD,INDL,C,PANW,7/31/11,171067,PALO ALTO NETWORKS INC,697435105,45,Information Technology
A,USD,STD,INDL,C,PANW,7/31/12,171067,PALO ALTO NETWORKS INC,697435105,45,Information Technology
A,USD,STD,INDL,C,PANW,7/31/13,171067,PALO ALTO NETWORKS INC,697435105,45,Information Technology
A,USD,STD,INDL,C,PANW,7/31/14,171067,PALO ALTO NETWORKS INC,697435105,45,Information Technology
A,USD,STD,INDL,C,PANW,7/31/15,171067,PALO ALTO NETWORKS INC,697435105,45,Information Technology
A,USD,STD,INDL,C,PANW,7/31/16,171067,PALO ALTO NETWORKS INC,697435105,45,Information Technology
A,USD,STD,INDL,C,PANW,7/31/17,171067,PALO ALTO NETWORKS INC,697435105,45,Information Technology
A,USD,STD,INDL,C,PANW,7/31/18,171067,PALO ALTO NETWORKS INC,697435105,45,Information Technology
A,USD,STD,INDL,C,PANW,7/31/19,171067,PALO ALTO NETWORKS INC,697435105,45,Information Technology
A,USD,STD,INDL,C,PANW,7/31/20,171067,PALO ALTO NETWORKS INC,697435105,45,Information Technology
A,USD,STD,INDL,C,PANW,7/31/21,171067,PALO ALTO NETWORKS INC,697435105,45,Information Technology
A,USD,STD,INDL,C,PANW,7/31/22,171067,PALO ALTO NETWORKS INC,697435105,45,Information Technology
A,USD,STD,INDL,C,PANW,7/31/23,171067,PALO ALTO NETWORKS INC,697435105,45,Information Technology
A,USD,STD,INDL,C,PANW,7/31/24,171067,PALO ALTO NETWORKS INC,697435105,45,Information Technology
A,USD,STD,INDL,C,PANW,7/31/25,171067,PALO ALTO NETWORKS INC,697435105,45,Information Technology
A,USD,STD,INDL,C,QVCGA,12/31/04,174147,QVC GROUP INC,74915M605,25,Consumer Discretionary
A,USD,STD,INDL,C,QVCGA,12/31/05,174147,QVC GROUP INC,74915M605,25,Consumer Discretionary
A,USD,STD,INDL,C,QVCGA,12/31/06,174147,QVC GROUP INC,74915M605,25,Consumer Discretionary
A,USD,STD,INDL,C,QVCGA,12/31/07,174147,QVC GROUP INC,74915M605,25,Consumer Discretionary
A,USD,STD,INDL,C,QVCGA,12/31/08,174147,QVC GROUP INC,74915M605,25,Consumer Discretionary
A,USD,STD,INDL,C,QVCGA,12/31/09,174147,QVC GROUP INC,74915M605,25,Consumer Discretionary
A,USD,STD,INDL,C,QVCGA,12/31/10,174147,QVC GROUP INC,74915M605,25,Consumer Discretionary
A,USD,STD,INDL,C,QVCGA,12/31/11,174147,QVC GROUP INC,74915M605,25,Consumer Discretionary
A,USD,STD,INDL,C,QVCGA,12/31/12,174147,QVC GROUP INC,74915M605,25,Consumer Discretionary
A,USD,STD,INDL,C,QVCGA,12/31/13,174147,QVC GROUP INC,74915M605,25,Consumer Discretionary
A,USD,STD,INDL,C,QVCGA,12/31/14,174147,QVC GROUP INC,74915M605,25,Consumer Discretionary
A,USD,STD,INDL,C,QVCGA,12/31/15,174147,QVC GROUP INC,74915M605,25,Consumer Discretionary
A,USD,STD,INDL,C,QVCGA,12/31/16,174147,QVC GROUP INC,74915M605,25,Consumer Discretionary
A,USD,STD,INDL,C,QVCGA,12/31/17,174147,QVC GROUP INC,74915M605,25,Consumer Discretionary
A,USD,STD,INDL,C,QVCGA,12/31/18,174147,QVC GROUP INC,74915M605,25,Consumer Discretionary
A,USD,STD,INDL,C,QVCGA,12/31/19,174147,QVC GROUP INC,74915M605,25,Consumer Discretionary
A,USD,STD,INDL,C,QVCGA,12/31/20,174147,QVC GROUP INC,74915M605,25,Consumer Discretionary
A,USD,STD,INDL,C,QVCGA,12/31/21,174147,QVC GROUP INC,74915M605,25,Consumer Discretionary
A,USD,STD,INDL,C,QVCGA,12/31/22,174147,QVC GROUP INC,74915M605,25,Consumer Discretionary
A,USD,STD,INDL,C,QVCGA,12/31/23,174147,QVC GROUP INC,74915M605,25,Consumer Discretionary
A,USD,STD,INDL,C,QVCGA,12/31/24,174147,QVC GROUP INC,74915M605,25,Consumer Discretionary
I,USD,STD,INDL,C,WCRX,12/31/05,175163,WARNER CHILCOTT PLC,G94368100,35,Health Care
I,USD,STD,INDL,C,WCRX,12/31/06,175163,WARNER CHILCOTT PLC,G94368100,35,Health Care
I,USD,STD,INDL,C,WCRX,12/31/07,175163,WARNER CHILCOTT PLC,G94368100,35,Health Care
I,USD,STD,INDL,C,WCRX,12/31/08,175163,WARNER CHILCOTT PLC,G94368100,35,Health Care
I,USD,STD,INDL,C,WCRX,12/31/09,175163,WARNER CHILCOTT PLC,G94368100,35,Health Care
I,USD,STD,INDL,C,WCRX,12/31/10,175163,WARNER CHILCOTT PLC,G94368100,35,Health Care
I,USD,STD,INDL,C,WCRX,12/31/11,175163,WARNER CHILCOTT PLC,G94368100,35,Health Care
I,USD,STD,INDL,C,WCRX,12/31/12,175163,WARNER CHILCOTT PLC,G94368100,35,Health Care
A,USD,STD,INDL,C,FSLR,12/31/05,175404,FIRST SOLAR INC,336433107,45,Information Technology
A,USD,STD,INDL,C,FSLR,12/31/06,175404,FIRST SOLAR INC,336433107,45,Information Technology
A,USD,STD,INDL,C,FSLR,12/31/07,175404,FIRST SOLAR INC,336433107,45,Information Technology
A,USD,STD,INDL,C,FSLR,12/31/08,175404,FIRST SOLAR INC,336433107,45,Information Technology
A,USD,STD,INDL,C,FSLR,12/31/09,175404,FIRST SOLAR INC,336433107,45,Information Technology
A,USD,STD,INDL,C,FSLR,12/31/10,175404,FIRST SOLAR INC,336433107,45,Information Technology
A,USD,STD,INDL,C,FSLR,12/31/11,175404,FIRST SOLAR INC,336433107,45,Information Technology
A,USD,STD,INDL,C,FSLR,12/31/12,175404,FIRST SOLAR INC,336433107,45,Information Technology
A,USD,STD,INDL,C,FSLR,12/31/13,175404,FIRST SOLAR INC,336433107,45,Information Technology
A,USD,STD,INDL,C,FSLR,12/31/14,175404,FIRST SOLAR INC,336433107,45,Information Technology
A,USD,STD,INDL,C,FSLR,12/31/15,175404,FIRST SOLAR INC,336433107,45,Information Technology
A,USD,STD,INDL,C,FSLR,12/31/16,175404,FIRST SOLAR INC,336433107,45,Information Technology
A,USD,STD,INDL,C,FSLR,12/31/17,175404,FIRST SOLAR INC,336433107,45,Information Technology
A,USD,STD,INDL,C,FSLR,12/31/18,175404,FIRST SOLAR INC,336433107,45,Information Technology
A,USD,STD,INDL,C,FSLR,12/31/19,175404,FIRST SOLAR INC,336433107,45,Information Technology
A,USD,STD,INDL,C,FSLR,12/31/20,175404,FIRST SOLAR INC,336433107,45,Information Technology
A,USD,STD,INDL,C,FSLR,12/31/21,175404,FIRST SOLAR INC,336433107,45,Information Technology
A,USD,STD,INDL,C,FSLR,12/31/22,175404,FIRST SOLAR INC,336433107,45,Information Technology
A,USD,STD,INDL,C,FSLR,12/31/23,175404,FIRST SOLAR INC,336433107,45,Information Technology
A,USD,STD,INDL,C,FSLR,12/31/24,175404,FIRST SOLAR INC,336433107,45,Information Technology
A,USD,STD,INDL,C,FSLR,12/31/25,175404,FIRST SOLAR INC,336433107,45,Information Technology
A,USD,STD,INDL,C,LULU,1/31/12,178015,LULULEMON ATHLETICA INC,550021109,25,Consumer Discretionary
A,USD,STD,INDL,C,LULU,1/31/13,178015,LULULEMON ATHLETICA INC,550021109,25,Consumer Discretionary
A,USD,STD,INDL,C,LULU,1/31/14,178015,LULULEMON ATHLETICA INC,550021109,25,Consumer Discretionary
A,USD,STD,INDL,C,LULU,1/31/15,178015,LULULEMON ATHLETICA INC,550021109,25,Consumer Discretionary
A,USD,STD,INDL,C,LULU,1/31/16,178015,LULULEMON ATHLETICA INC,550021109,25,Consumer Discretionary
A,USD,STD,INDL,C,LULU,1/31/06,178015,LULULEMON ATHLETICA INC,550021109,25,Consumer Discretionary
A,USD,STD,INDL,C,LULU,1/31/07,178015,LULULEMON ATHLETICA INC,550021109,25,Consumer Discretionary
A,USD,STD,INDL,C,LULU,1/31/08,178015,LULULEMON ATHLETICA INC,550021109,25,Consumer Discretionary
A,USD,STD,INDL,C,LULU,1/31/09,178015,LULULEMON ATHLETICA INC,550021109,25,Consumer Discretionary
A,USD,STD,INDL,C,LULU,1/31/10,178015,LULULEMON ATHLETICA INC,550021109,25,Consumer Discretionary
A,USD,STD,INDL,C,LULU,1/31/11,178015,LULULEMON ATHLETICA INC,550021109,25,Consumer Discretionary
A,USD,STD,INDL,C,LULU,1/31/17,178015,LULULEMON ATHLETICA INC,550021109,25,Consumer Discretionary
A,USD,STD,INDL,C,LULU,1/31/18,178015,LULULEMON ATHLETICA INC,550021109,25,Consumer Discretionary
A,USD,STD,INDL,C,LULU,1/31/19,178015,LULULEMON ATHLETICA INC,550021109,25,Consumer Discretionary
A,USD,STD,INDL,C,LULU,1/31/20,178015,LULULEMON ATHLETICA INC,550021109,25,Consumer Discretionary
A,USD,STD,INDL,C,LULU,1/31/21,178015,LULULEMON ATHLETICA INC,550021109,25,Consumer Discretionary
A,USD,STD,INDL,C,LULU,1/31/22,178015,LULULEMON ATHLETICA INC,550021109,25,Consumer Discretionary
A,USD,STD,INDL,C,LULU,1/31/23,178015,LULULEMON ATHLETICA INC,550021109,25,Consumer Discretionary
A,USD,STD,INDL,C,LULU,1/31/24,178015,LULULEMON ATHLETICA INC,550021109,25,Consumer Discretionary
A,USD,STD,INDL,C,LULU,1/31/25,178015,LULULEMON ATHLETICA INC,550021109,25,Consumer Discretionary
A,USD,STD,INDL,C,MELI,12/31/05,178081,MERCADOLIBRE INC,58733R102,25,Consumer Discretionary
A,USD,STD,INDL,C,MELI,12/31/06,178081,MERCADOLIBRE INC,58733R102,25,Consumer Discretionary
A,USD,STD,INDL,C,MELI,12/31/07,178081,MERCADOLIBRE INC,58733R102,25,Consumer Discretionary
A,USD,STD,INDL,C,MELI,12/31/08,178081,MERCADOLIBRE INC,58733R102,25,Consumer Discretionary
A,USD,STD,INDL,C,MELI,12/31/09,178081,MERCADOLIBRE INC,58733R102,25,Consumer Discretionary
A,USD,STD,INDL,C,MELI,12/31/10,178081,MERCADOLIBRE INC,58733R102,25,Consumer Discretionary
A,USD,STD,INDL,C,MELI,12/31/11,178081,MERCADOLIBRE INC,58733R102,25,Consumer Discretionary
A,USD,STD,INDL,C,MELI,12/31/12,178081,MERCADOLIBRE INC,58733R102,25,Consumer Discretionary
A,USD,STD,INDL,C,MELI,12/31/13,178081,MERCADOLIBRE INC,58733R102,25,Consumer Discretionary
A,USD,STD,INDL,C,MELI,12/31/14,178081,MERCADOLIBRE INC,58733R102,25,Consumer Discretionary
A,USD,STD,INDL,C,MELI,12/31/15,178081,MERCADOLIBRE INC,58733R102,25,Consumer Discretionary
A,USD,STD,INDL,C,MELI,12/31/16,178081,MERCADOLIBRE INC,58733R102,25,Consumer Discretionary
A,USD,STD,INDL,C,MELI,12/31/17,178081,MERCADOLIBRE INC,58733R102,25,Consumer Discretionary
A,USD,STD,INDL,C,MELI,12/31/18,178081,MERCADOLIBRE INC,58733R102,25,Consumer Discretionary
A,USD,STD,INDL,C,MELI,12/31/19,178081,MERCADOLIBRE INC,58733R102,25,Consumer Discretionary
A,USD,STD,INDL,C,MELI,12/31/20,178081,MERCADOLIBRE INC,58733R102,25,Consumer Discretionary
A,USD,STD,INDL,C,MELI,12/31/21,178081,MERCADOLIBRE INC,58733R102,25,Consumer Discretionary
A,USD,STD,INDL,C,MELI,12/31/22,178081,MERCADOLIBRE INC,58733R102,25,Consumer Discretionary
A,USD,STD,INDL,C,MELI,12/31/23,178081,MERCADOLIBRE INC,58733R102,25,Consumer Discretionary
A,USD,STD,INDL,C,MELI,12/31/24,178081,MERCADOLIBRE INC,58733R102,25,Consumer Discretionary
A,USD,STD,INDL,C,MELI,12/31/25,178081,MERCADOLIBRE INC,58733R102,25,Consumer Discretionary
I,USD,STD,INDL,C,ENP,12/31/05,178319,ENCORE ENERGY PARTNERS LP,29257A106,10,Energy
I,USD,STD,INDL,C,ENP,12/31/06,178319,ENCORE ENERGY PARTNERS LP,29257A106,10,Energy
I,USD,STD,INDL,C,ENP,12/31/07,178319,ENCORE ENERGY PARTNERS LP,29257A106,10,Energy
I,USD,STD,INDL,C,ENP,12/31/08,178319,ENCORE ENERGY PARTNERS LP,29257A106,10,Energy
I,USD,STD,INDL,C,ENP,12/31/09,178319,ENCORE ENERGY PARTNERS LP,29257A106,10,Energy
I,USD,STD,INDL,C,ENP,12/31/10,178319,ENCORE ENERGY PARTNERS LP,29257A106,10,Energy
A,USD,STD,INDL,C,ULTA,1/31/06,178704,ULTA BEAUTY INC,90384S303,25,Consumer Discretionary
A,USD,STD,INDL,C,ULTA,1/31/07,178704,ULTA BEAUTY INC,90384S303,25,Consumer Discretionary
A,USD,STD,INDL,C,ULTA,1/31/08,178704,ULTA BEAUTY INC,90384S303,25,Consumer Discretionary
A,USD,STD,INDL,C,ULTA,1/31/09,178704,ULTA BEAUTY INC,90384S303,25,Consumer Discretionary
A,USD,STD,INDL,C,ULTA,1/31/10,178704,ULTA BEAUTY INC,90384S303,25,Consumer Discretionary
A,USD,STD,INDL,C,ULTA,1/31/11,178704,ULTA BEAUTY INC,90384S303,25,Consumer Discretionary
A,USD,STD,INDL,C,ULTA,1/31/12,178704,ULTA BEAUTY INC,90384S303,25,Consumer Discretionary
A,USD,STD,INDL,C,ULTA,1/31/13,178704,ULTA BEAUTY INC,90384S303,25,Consumer Discretionary
A,USD,STD,INDL,C,ULTA,1/31/14,178704,ULTA BEAUTY INC,90384S303,25,Consumer Discretionary
A,USD,STD,INDL,C,ULTA,1/31/15,178704,ULTA BEAUTY INC,90384S303,25,Consumer Discretionary
A,USD,STD,INDL,C,ULTA,1/31/16,178704,ULTA BEAUTY INC,90384S303,25,Consumer Discretionary
A,USD,STD,INDL,C,ULTA,1/31/17,178704,ULTA BEAUTY INC,90384S303,25,Consumer Discretionary
A,USD,STD,INDL,C,ULTA,1/31/18,178704,ULTA BEAUTY INC,90384S303,25,Consumer Discretionary
A,USD,STD,INDL,C,ULTA,1/31/19,178704,ULTA BEAUTY INC,90384S303,25,Consumer Discretionary
A,USD,STD,INDL,C,ULTA,1/31/20,178704,ULTA BEAUTY INC,90384S303,25,Consumer Discretionary
A,USD,STD,INDL,C,ULTA,1/31/21,178704,ULTA BEAUTY INC,90384S303,25,Consumer Discretionary
A,USD,STD,INDL,C,ULTA,1/31/22,178704,ULTA BEAUTY INC,90384S303,25,Consumer Discretionary
A,USD,STD,INDL,C,ULTA,1/31/23,178704,ULTA BEAUTY INC,90384S303,25,Consumer Discretionary
A,USD,STD,INDL,C,ULTA,1/31/24,178704,ULTA BEAUTY INC,90384S303,25,Consumer Discretionary
A,USD,STD,INDL,C,ULTA,1/31/25,178704,ULTA BEAUTY INC,90384S303,25,Consumer Discretionary
I,USD,STD,INDL,C,ATVI,12/31/06,180405,ACTIVISION BLIZZARD INC,00507V109,50,Communication Services
I,USD,STD,INDL,C,ATVI,12/31/07,180405,ACTIVISION BLIZZARD INC,00507V109,50,Communication Services
I,USD,STD,INDL,C,ATVI,12/31/08,180405,ACTIVISION BLIZZARD INC,00507V109,50,Communication Services
I,USD,STD,INDL,C,ATVI,12/31/09,180405,ACTIVISION BLIZZARD INC,00507V109,50,Communication Services
I,USD,STD,INDL,C,ATVI,12/31/10,180405,ACTIVISION BLIZZARD INC,00507V109,50,Communication Services
I,USD,STD,INDL,C,ATVI,12/31/11,180405,ACTIVISION BLIZZARD INC,00507V109,50,Communication Services
I,USD,STD,INDL,C,ATVI,12/31/12,180405,ACTIVISION BLIZZARD INC,00507V109,50,Communication Services
I,USD,STD,INDL,C,ATVI,12/31/13,180405,ACTIVISION BLIZZARD INC,00507V109,50,Communication Services
I,USD,STD,INDL,C,ATVI,12/31/14,180405,ACTIVISION BLIZZARD INC,00507V109,50,Communication Services
I,USD,STD,INDL,C,ATVI,12/31/15,180405,ACTIVISION BLIZZARD INC,00507V109,50,Communication Services
I,USD,STD,INDL,C,ATVI,12/31/16,180405,ACTIVISION BLIZZARD INC,00507V109,50,Communication Services
I,USD,STD,INDL,C,ATVI,12/31/17,180405,ACTIVISION BLIZZARD INC,00507V109,50,Communication Services
I,USD,STD,INDL,C,ATVI,12/31/18,180405,ACTIVISION BLIZZARD INC,00507V109,50,Communication Services
I,USD,STD,INDL,C,ATVI,12/31/19,180405,ACTIVISION BLIZZARD INC,00507V109,50,Communication Services
I,USD,STD,INDL,C,ATVI,12/31/20,180405,ACTIVISION BLIZZARD INC,00507V109,50,Communication Services
I,USD,STD,INDL,C,ATVI,12/31/21,180405,ACTIVISION BLIZZARD INC,00507V109,50,Communication Services
I,USD,STD,INDL,C,ATVI,12/31/22,180405,ACTIVISION BLIZZARD INC,00507V109,50,Communication Services
A,USD,STD,INDL,C,VRSK,12/31/07,180652,VERISK ANALYTICS INC,92345Y106,20,Industrials
A,USD,STD,INDL,C,VRSK,12/31/08,180652,VERISK ANALYTICS INC,92345Y106,20,Industrials
A,USD,STD,INDL,C,VRSK,12/31/09,180652,VERISK ANALYTICS INC,92345Y106,20,Industrials
A,USD,STD,INDL,C,VRSK,12/31/10,180652,VERISK ANALYTICS INC,92345Y106,20,Industrials
A,USD,STD,INDL,C,VRSK,12/31/11,180652,VERISK ANALYTICS INC,92345Y106,20,Industrials
A,USD,STD,INDL,C,VRSK,12/31/12,180652,VERISK ANALYTICS INC,92345Y106,20,Industrials
A,USD,STD,INDL,C,VRSK,12/31/13,180652,VERISK ANALYTICS INC,92345Y106,20,Industrials
A,USD,STD,INDL,C,VRSK,12/31/14,180652,VERISK ANALYTICS INC,92345Y106,20,Industrials
A,USD,STD,INDL,C,VRSK,12/31/15,180652,VERISK ANALYTICS INC,92345Y106,20,Industrials
A,USD,STD,INDL,C,VRSK,12/31/16,180652,VERISK ANALYTICS INC,92345Y106,20,Industrials
A,USD,STD,INDL,C,VRSK,12/31/17,180652,VERISK ANALYTICS INC,92345Y106,20,Industrials
A,USD,STD,INDL,C,VRSK,12/31/18,180652,VERISK ANALYTICS INC,92345Y106,20,Industrials
A,USD,STD,INDL,C,VRSK,12/31/19,180652,VERISK ANALYTICS INC,92345Y106,20,Industrials
A,USD,STD,INDL,C,VRSK,12/31/20,180652,VERISK ANALYTICS INC,92345Y106,20,Industrials
A,USD,STD,INDL,C,VRSK,12/31/21,180652,VERISK ANALYTICS INC,92345Y106,20,Industrials
A,USD,STD,INDL,C,VRSK,12/31/22,180652,VERISK ANALYTICS INC,92345Y106,20,Industrials
A,USD,STD,INDL,C,VRSK,12/31/23,180652,VERISK ANALYTICS INC,92345Y106,20,Industrials
A,USD,STD,INDL,C,VRSK,12/31/24,180652,VERISK ANALYTICS INC,92345Y106,20,Industrials
A,USD,STD,INDL,C,VRSK,12/31/25,180652,VERISK ANALYTICS INC,92345Y106,20,Industrials
A,USD,STD,INDL,C,AVGO,10/31/08,180711,BROADCOM INC,11135F101,45,Information Technology
A,USD,STD,INDL,C,AVGO,10/31/09,180711,BROADCOM INC,11135F101,45,Information Technology
A,USD,STD,INDL,C,AVGO,10/31/10,180711,BROADCOM INC,11135F101,45,Information Technology
A,USD,STD,INDL,C,AVGO,10/31/11,180711,BROADCOM INC,11135F101,45,Information Technology
A,USD,STD,INDL,C,AVGO,10/31/12,180711,BROADCOM INC,11135F101,45,Information Technology
A,USD,STD,INDL,C,AVGO,10/31/13,180711,BROADCOM INC,11135F101,45,Information Technology
A,USD,STD,INDL,C,AVGO,10/31/14,180711,BROADCOM INC,11135F101,45,Information Technology
A,USD,STD,INDL,C,AVGO,10/31/15,180711,BROADCOM INC,11135F101,45,Information Technology
A,USD,STD,INDL,C,AVGO,10/31/16,180711,BROADCOM INC,11135F101,45,Information Technology
A,USD,STD,INDL,C,AVGO,10/31/17,180711,BROADCOM INC,11135F101,45,Information Technology
A,USD,STD,INDL,C,AVGO,10/31/18,180711,BROADCOM INC,11135F101,45,Information Technology
A,USD,STD,INDL,C,AVGO,10/31/19,180711,BROADCOM INC,11135F101,45,Information Technology
A,USD,STD,INDL,C,AVGO,10/31/20,180711,BROADCOM INC,11135F101,45,Information Technology
A,USD,STD,INDL,C,AVGO,10/31/21,180711,BROADCOM INC,11135F101,45,Information Technology
A,USD,STD,INDL,C,AVGO,10/31/22,180711,BROADCOM INC,11135F101,45,Information Technology
A,USD,STD,INDL,C,AVGO,10/31/23,180711,BROADCOM INC,11135F101,45,Information Technology
A,USD,STD,INDL,C,AVGO,10/31/24,180711,BROADCOM INC,11135F101,45,Information Technology
A,USD,STD,INDL,C,AVGO,10/31/25,180711,BROADCOM INC,11135F101,45,Information Technology
A,USD,STD,INDL,C,NXPI,12/31/08,184725,NXP SEMICONDUCTORS NV,N6596X109,45,Information Technology
A,USD,STD,INDL,C,NXPI,12/31/09,184725,NXP SEMICONDUCTORS NV,N6596X109,45,Information Technology
A,USD,STD,INDL,C,NXPI,12/31/10,184725,NXP SEMICONDUCTORS NV,N6596X109,45,Information Technology
A,USD,STD,INDL,C,NXPI,12/31/11,184725,NXP SEMICONDUCTORS NV,N6596X109,45,Information Technology
A,USD,STD,INDL,C,NXPI,12/31/12,184725,NXP SEMICONDUCTORS NV,N6596X109,45,Information Technology
A,USD,STD,INDL,C,NXPI,12/31/13,184725,NXP SEMICONDUCTORS NV,N6596X109,45,Information Technology
A,USD,STD,INDL,C,NXPI,12/31/14,184725,NXP SEMICONDUCTORS NV,N6596X109,45,Information Technology
A,USD,STD,INDL,C,NXPI,12/31/15,184725,NXP SEMICONDUCTORS NV,N6596X109,45,Information Technology
A,USD,STD,INDL,C,NXPI,12/31/16,184725,NXP SEMICONDUCTORS NV,N6596X109,45,Information Technology
A,USD,STD,INDL,C,NXPI,12/31/17,184725,NXP SEMICONDUCTORS NV,N6596X109,45,Information Technology
A,USD,STD,INDL,C,NXPI,12/31/18,184725,NXP SEMICONDUCTORS NV,N6596X109,45,Information Technology
A,USD,STD,INDL,C,NXPI,12/31/19,184725,NXP SEMICONDUCTORS NV,N6596X109,45,Information Technology
A,USD,STD,INDL,C,NXPI,12/31/20,184725,NXP SEMICONDUCTORS NV,N6596X109,45,Information Technology
A,USD,STD,INDL,C,NXPI,12/31/21,184725,NXP SEMICONDUCTORS NV,N6596X109,45,Information Technology
A,USD,STD,INDL,C,NXPI,12/31/22,184725,NXP SEMICONDUCTORS NV,N6596X109,45,Information Technology
A,USD,STD,INDL,C,NXPI,12/31/23,184725,NXP SEMICONDUCTORS NV,N6596X109,45,Information Technology
A,USD,STD,INDL,C,NXPI,12/31/24,184725,NXP SEMICONDUCTORS NV,N6596X109,45,Information Technology
A,USD,STD,INDL,C,NXPI,12/31/25,184725,NXP SEMICONDUCTORS NV,N6596X109,45,Information Technology
A,USD,STD,INDL,C,TSLA,12/31/08,184996,TESLA INC,88160R101,25,Consumer Discretionary
A,USD,STD,INDL,C,TSLA,12/31/09,184996,TESLA INC,88160R101,25,Consumer Discretionary
A,USD,STD,INDL,C,TSLA,12/31/10,184996,TESLA INC,88160R101,25,Consumer Discretionary
A,USD,STD,INDL,C,TSLA,12/31/11,184996,TESLA INC,88160R101,25,Consumer Discretionary
A,USD,STD,INDL,C,TSLA,12/31/12,184996,TESLA INC,88160R101,25,Consumer Discretionary
A,USD,STD,INDL,C,TSLA,12/31/13,184996,TESLA INC,88160R101,25,Consumer Discretionary
A,USD,STD,INDL,C,TSLA,12/31/14,184996,TESLA INC,88160R101,25,Consumer Discretionary
A,USD,STD,INDL,C,TSLA,12/31/15,184996,TESLA INC,88160R101,25,Consumer Discretionary
A,USD,STD,INDL,C,TSLA,12/31/16,184996,TESLA INC,88160R101,25,Consumer Discretionary
A,USD,STD,INDL,C,TSLA,12/31/17,184996,TESLA INC,88160R101,25,Consumer Discretionary
A,USD,STD,INDL,C,TSLA,12/31/18,184996,TESLA INC,88160R101,25,Consumer Discretionary
A,USD,STD,INDL,C,TSLA,12/31/19,184996,TESLA INC,88160R101,25,Consumer Discretionary
A,USD,STD,INDL,C,TSLA,12/31/20,184996,TESLA INC,88160R101,25,Consumer Discretionary
A,USD,STD,INDL,C,TSLA,12/31/21,184996,TESLA INC,88160R101,25,Consumer Discretionary
A,USD,STD,INDL,C,TSLA,12/31/22,184996,TESLA INC,88160R101,25,Consumer Discretionary
A,USD,STD,INDL,C,TSLA,12/31/23,184996,TESLA INC,88160R101,25,Consumer Discretionary
A,USD,STD,INDL,C,TSLA,12/31/24,184996,TESLA INC,88160R101,25,Consumer Discretionary
A,USD,STD,INDL,C,TSLA,12/31/25,184996,TESLA INC,88160R101,25,Consumer Discretionary
A,USD,STD,INDL,C,TRIP,12/31/10,199356,TRIPADVISOR INC,896945201,50,Communication Services
A,USD,STD,INDL,C,TRIP,12/31/11,199356,TRIPADVISOR INC,896945201,50,Communication Services
A,USD,STD,INDL,C,TRIP,12/31/12,199356,TRIPADVISOR INC,896945201,50,Communication Services
A,USD,STD,INDL,C,TRIP,12/31/13,199356,TRIPADVISOR INC,896945201,50,Communication Services
A,USD,STD,INDL,C,TRIP,12/31/14,199356,TRIPADVISOR INC,896945201,50,Communication Services
A,USD,STD,INDL,C,TRIP,12/31/15,199356,TRIPADVISOR INC,896945201,50,Communication Services
A,USD,STD,INDL,C,TRIP,12/31/16,199356,TRIPADVISOR INC,896945201,50,Communication Services
A,USD,STD,INDL,C,TRIP,12/31/17,199356,TRIPADVISOR INC,896945201,50,Communication Services
A,USD,STD,INDL,C,TRIP,12/31/18,199356,TRIPADVISOR INC,896945201,50,Communication Services
A,USD,STD,INDL,C,TRIP,12/31/19,199356,TRIPADVISOR INC,896945201,50,Communication Services
A,USD,STD,INDL,C,TRIP,12/31/20,199356,TRIPADVISOR INC,896945201,50,Communication Services
A,USD,STD,INDL,C,TRIP,12/31/21,199356,TRIPADVISOR INC,896945201,50,Communication Services
A,USD,STD,INDL,C,TRIP,12/31/22,199356,TRIPADVISOR INC,896945201,50,Communication Services
A,USD,STD,INDL,C,TRIP,12/31/23,199356,TRIPADVISOR INC,896945201,50,Communication Services
A,USD,STD,INDL,C,TRIP,12/31/24,199356,TRIPADVISOR INC,896945201,50,Communication Services
A,USD,STD,INDL,C,TRIP,12/31/25,199356,TRIPADVISOR INC,896945201,50,Communication Services
I,USD,STD,INDL,C,GOLD.3,12/31/04,205692,RANDGOLD RESOURCES LTD,752344309,15,Materials
I,USD,STD,INDL,C,GOLD.3,12/31/05,205692,RANDGOLD RESOURCES LTD,752344309,15,Materials
I,USD,STD,INDL,C,GOLD.3,12/31/06,205692,RANDGOLD RESOURCES LTD,752344309,15,Materials
I,USD,STD,INDL,C,GOLD.3,12/31/07,205692,RANDGOLD RESOURCES LTD,752344309,15,Materials
I,USD,STD,INDL,C,GOLD.3,12/31/08,205692,RANDGOLD RESOURCES LTD,752344309,15,Materials
I,USD,STD,INDL,C,GOLD.3,12/31/12,205692,RANDGOLD RESOURCES LTD,752344309,15,Materials
I,USD,STD,INDL,C,GOLD.3,12/31/09,205692,RANDGOLD RESOURCES LTD,752344309,15,Materials
I,USD,STD,INDL,C,GOLD.3,12/31/10,205692,RANDGOLD RESOURCES LTD,752344309,15,Materials
I,USD,STD,INDL,C,GOLD.3,12/31/11,205692,RANDGOLD RESOURCES LTD,752344309,15,Materials
I,USD,STD,INDL,C,GOLD.3,12/31/13,205692,RANDGOLD RESOURCES LTD,752344309,15,Materials
I,USD,STD,INDL,C,GOLD.3,12/31/14,205692,RANDGOLD RESOURCES LTD,752344309,15,Materials
I,USD,STD,INDL,C,GOLD.3,12/31/15,205692,RANDGOLD RESOURCES LTD,752344309,15,Materials
I,USD,STD,INDL,C,GOLD.3,12/31/16,205692,RANDGOLD RESOURCES LTD,752344309,15,Materials
I,USD,STD,INDL,C,GOLD.3,12/31/17,205692,RANDGOLD RESOURCES LTD,752344309,15,Materials
A,USD,STD,INDL,C,INFY,3/31/04,211009,INFOSYS LTD,456788108,45,Information Technology
A,USD,STD,INDL,C,INFY,3/31/05,211009,INFOSYS LTD,456788108,45,Information Technology
A,USD,STD,INDL,C,INFY,3/31/06,211009,INFOSYS LTD,456788108,45,Information Technology
A,USD,STD,INDL,C,INFY,3/31/07,211009,INFOSYS LTD,456788108,45,Information Technology
A,USD,STD,INDL,C,INFY,3/31/08,211009,INFOSYS LTD,456788108,45,Information Technology
A,USD,STD,INDL,C,INFY,3/31/09,211009,INFOSYS LTD,456788108,45,Information Technology
A,USD,STD,INDL,C,INFY,3/31/10,211009,INFOSYS LTD,456788108,45,Information Technology
A,USD,STD,INDL,C,INFY,3/31/11,211009,INFOSYS LTD,456788108,45,Information Technology
A,USD,STD,INDL,C,INFY,3/31/12,211009,INFOSYS LTD,456788108,45,Information Technology
A,USD,STD,INDL,C,INFY,3/31/13,211009,INFOSYS LTD,456788108,45,Information Technology
A,USD,STD,INDL,C,INFY,3/31/14,211009,INFOSYS LTD,456788108,45,Information Technology
A,USD,STD,INDL,C,INFY,3/31/15,211009,INFOSYS LTD,456788108,45,Information Technology
A,USD,STD,INDL,C,INFY,3/31/16,211009,INFOSYS LTD,456788108,45,Information Technology
A,USD,STD,INDL,C,INFY,3/31/17,211009,INFOSYS LTD,456788108,45,Information Technology
A,USD,STD,INDL,C,INFY,3/31/18,211009,INFOSYS LTD,456788108,45,Information Technology
A,USD,STD,INDL,C,INFY,3/31/19,211009,INFOSYS LTD,456788108,45,Information Technology
A,USD,STD,INDL,C,INFY,3/31/20,211009,INFOSYS LTD,456788108,45,Information Technology
A,USD,STD,INDL,C,INFY,3/31/21,211009,INFOSYS LTD,456788108,45,Information Technology
A,USD,STD,INDL,C,INFY,3/31/22,211009,INFOSYS LTD,456788108,45,Information Technology
A,USD,STD,INDL,C,INFY,3/31/23,211009,INFOSYS LTD,456788108,45,Information Technology
A,USD,STD,INDL,C,INFY,3/31/24,211009,INFOSYS LTD,456788108,45,Information Technology
A,USD,STD,INDL,C,INFY,3/31/25,211009,INFOSYS LTD,456788108,45,Information Technology
I,USD,STD,INDL,C,SHPG,12/31/04,212340,SHIRE PLC,82481R106,35,Health Care
I,USD,STD,INDL,C,SHPG,12/31/05,212340,SHIRE PLC,82481R106,35,Health Care
I,USD,STD,INDL,C,SHPG,12/31/06,212340,SHIRE PLC,82481R106,35,Health Care
I,USD,STD,INDL,C,SHPG,12/31/07,212340,SHIRE PLC,82481R106,35,Health Care
I,USD,STD,INDL,C,SHPG,12/31/08,212340,SHIRE PLC,82481R106,35,Health Care
I,USD,STD,INDL,C,SHPG,12/31/09,212340,SHIRE PLC,82481R106,35,Health Care
I,USD,STD,INDL,C,SHPG,12/31/10,212340,SHIRE PLC,82481R106,35,Health Care
I,USD,STD,INDL,C,SHPG,12/31/11,212340,SHIRE PLC,82481R106,35,Health Care
I,USD,STD,INDL,C,SHPG,12/31/12,212340,SHIRE PLC,82481R106,35,Health Care
I,USD,STD,INDL,C,SHPG,12/31/13,212340,SHIRE PLC,82481R106,35,Health Care
I,USD,STD,INDL,C,SHPG,12/31/14,212340,SHIRE PLC,82481R106,35,Health Care
I,USD,STD,INDL,C,SHPG,12/31/15,212340,SHIRE PLC,82481R106,35,Health Care
I,USD,STD,INDL,C,SHPG,12/31/16,212340,SHIRE PLC,82481R106,35,Health Care
I,USD,STD,INDL,C,SHPG,12/31/17,212340,SHIRE PLC,82481R106,35,Health Care
A,USD,STD,INDL,C,ALNY,12/31/04,264265,ALNYLAM PHARMACEUTICALS INC,02043Q107,35,Health Care
A,USD,STD,INDL,C,ALNY,12/31/05,264265,ALNYLAM PHARMACEUTICALS INC,02043Q107,35,Health Care
A,USD,STD,INDL,C,ALNY,12/31/06,264265,ALNYLAM PHARMACEUTICALS INC,02043Q107,35,Health Care
A,USD,STD,INDL,C,ALNY,12/31/07,264265,ALNYLAM PHARMACEUTICALS INC,02043Q107,35,Health Care
A,USD,STD,INDL,C,ALNY,12/31/08,264265,ALNYLAM PHARMACEUTICALS INC,02043Q107,35,Health Care
A,USD,STD,INDL,C,ALNY,12/31/09,264265,ALNYLAM PHARMACEUTICALS INC,02043Q107,35,Health Care
A,USD,STD,INDL,C,ALNY,12/31/10,264265,ALNYLAM PHARMACEUTICALS INC,02043Q107,35,Health Care
A,USD,STD,INDL,C,ALNY,12/31/11,264265,ALNYLAM PHARMACEUTICALS INC,02043Q107,35,Health Care
A,USD,STD,INDL,C,ALNY,12/31/12,264265,ALNYLAM PHARMACEUTICALS INC,02043Q107,35,Health Care
A,USD,STD,INDL,C,ALNY,12/31/13,264265,ALNYLAM PHARMACEUTICALS INC,02043Q107,35,Health Care
A,USD,STD,INDL,C,ALNY,12/31/14,264265,ALNYLAM PHARMACEUTICALS INC,02043Q107,35,Health Care
A,USD,STD,INDL,C,ALNY,12/31/15,264265,ALNYLAM PHARMACEUTICALS INC,02043Q107,35,Health Care
A,USD,STD,INDL,C,ALNY,12/31/16,264265,ALNYLAM PHARMACEUTICALS INC,02043Q107,35,Health Care
A,USD,STD,INDL,C,ALNY,12/31/17,264265,ALNYLAM PHARMACEUTICALS INC,02043Q107,35,Health Care
A,USD,STD,INDL,C,ALNY,12/31/18,264265,ALNYLAM PHARMACEUTICALS INC,02043Q107,35,Health Care
A,USD,STD,INDL,C,ALNY,12/31/19,264265,ALNYLAM PHARMACEUTICALS INC,02043Q107,35,Health Care
A,USD,STD,INDL,C,ALNY,12/31/20,264265,ALNYLAM PHARMACEUTICALS INC,02043Q107,35,Health Care
A,USD,STD,INDL,C,ALNY,12/31/21,264265,ALNYLAM PHARMACEUTICALS INC,02043Q107,35,Health Care
A,USD,STD,INDL,C,ALNY,12/31/22,264265,ALNYLAM PHARMACEUTICALS INC,02043Q107,35,Health Care
A,USD,STD,INDL,C,ALNY,12/31/23,264265,ALNYLAM PHARMACEUTICALS INC,02043Q107,35,Health Care
A,USD,STD,INDL,C,ALNY,12/31/24,264265,ALNYLAM PHARMACEUTICALS INC,02043Q107,35,Health Care
A,USD,STD,INDL,C,ALNY,12/31/25,264265,ALNYLAM PHARMACEUTICALS INC,02043Q107,35,Health Care
A,USD,STD,INDL,C,FER,12/31/22,271217,FERROVIAL SE,N3168P101,20,Industrials
A,USD,STD,INDL,C,FER,12/31/23,271217,FERROVIAL SE,N3168P101,20,Industrials
A,USD,STD,INDL,C,FER,12/31/24,271217,FERROVIAL SE,N3168P101,20,Industrials