update_num,q1_loss,q2_loss,actor_loss,alpha,entropy,td_error
1,0.845322,0.847585,nan,0.100000,nan,2.141284
2,1.134450,1.135383,0.711291,0.100010,-6.870578,2.737981
3,1.533907,1.533383,nan,0.100010,nan,3.549224
4,0.998434,0.997997,0.809650,0.100020,-8.015059,2.449700
5,1.144550,1.144374,nan,0.100020,nan,2.784709
6,1.237771,1.236505,0.680640,0.100030,-6.973407,2.953505
7,1.223671,1.222906,nan,0.100030,nan,2.922587
8,1.299842,1.299152,0.829820,0.100040,-8.796122,3.093559
9,1.037239,1.038388,nan,0.100040,nan,2.543280
10,1.074292,1.074535,0.610118,0.100050,-7.218702,2.629394
11,1.240780,1.244799,nan,0.100050,nan,2.973352
12,0.883902,0.888279,0.446189,0.100060,-6.281583,2.238053
13,1.086675,1.092015,nan,0.100060,nan,2.638567
14,1.061452,1.064850,0.437422,0.100069,-7.968294,2.588135
15,1.084502,1.082133,nan,0.100069,nan,2.650567
16,1.228343,1.229829,0.232242,0.100079,-7.198485,2.936611
17,1.089906,1.093101,nan,0.100079,nan,2.664464
18,1.158897,1.173086,0.139926,0.100089,-5.863272,2.803942
19,0.994684,0.998907,nan,0.100089,nan,2.460804
20,1.278547,1.293331,0.332159,0.100098,-7.875637,3.038865
21,0.967532,0.982880,nan,0.100098,nan,2.421400
22,0.985265,1.000676,0.280932,0.100108,-7.123105,2.456936
23,0.905905,0.920133,nan,0.100108,nan,2.278849
24,1.235969,1.248093,0.258755,0.100118,-7.083679,2.966707
25,1.161826,1.179954,nan,0.100118,nan,2.814689
26,1.367306,1.392394,0.208653,0.100128,-7.201248,3.232228
27,0.925475,0.934386,nan,0.100128,nan,2.336006
28,1.440130,1.479595,-0.207602,0.100137,-6.713443,3.382993
29,1.173361,1.262837,nan,0.100137,nan,2.841081
30,1.190702,1.250891,-0.425512,0.100147,-6.014244,2.881896
31,1.162702,1.198593,nan,0.100147,nan,2.798297
32,1.192773,1.294373,-1.039521,0.100156,-5.936625,2.854473
33,1.083209,1.019668,nan,0.100156,nan,2.631668
34,1.068956,1.110889,-0.996902,0.100166,-8.225914,2.595176
35,0.771614,0.853205,nan,0.100166,nan,1.970852
36,0.900123,0.978696,-0.717436,0.100176,-9.074985,2.245546
37,0.808291,0.858043,nan,0.100176,nan,2.089780
38,1.021176,1.032614,-1.367038,0.100185,-6.067195,2.518275
39,1.207183,1.235512,nan,0.100185,nan,2.882745
40,0.821144,0.882557,-1.201603,0.100195,-7.186524,2.108098
41,1.058916,1.013417,nan,0.100195,nan,2.587392
42,0.859195,0.835164,-0.892201,0.100205,-6.496584,2.174192
43,0.946271,0.900736,nan,0.100205,nan,2.362710
44,0.623720,0.679650,-0.873184,0.100214,-6.858384,1.686193
45,1.041543,1.065208,nan,0.100214,nan,2.529548
46,1.030206,1.089466,-0.856529,0.100224,-8.130021,2.511792
47,0.829408,0.684947,nan,0.100224,nan,2.141726
48,1.051644,1.044737,-0.518665,0.100234,-7.713037,2.572446
49,0.809192,0.766593,nan,0.100234,nan,2.067400
50,0.937684,0.912718,-1.564858,0.100244,-7.134274,2.316274
51,0.996611,0.995358,nan,0.100244,nan,2.440028
52,0.924147,0.926485,-2.068632,0.100253,-6.685642,2.295758
53,1.038307,0.956725,nan,0.100253,nan,2.514046
54,1.179375,1.025124,-1.903484,0.100263,-5.939759,2.811455
55,1.012973,0.906121,nan,0.100263,nan,2.437371
56,0.913160,0.886862,-1.162076,0.100272,-6.018282,2.242762
57,1.187072,1.114259,nan,0.100272,nan,2.834616
58,0.664380,0.635540,-0.343231,0.100281,-6.316751,1.761310
59,0.877860,0.800988,nan,0.100281,nan,2.223521
60,0.801302,0.753897,0.309943,0.100291,-7.398875,2.059437
61,1.014775,0.992394,nan,0.100291,nan,2.465894
62,1.221456,1.136686,0.004141,0.100300,-5.817360,2.899215
63,0.904128,0.764605,nan,0.100300,nan,2.261112
64,0.767533,0.665432,-0.105873,0.100309,-7.303372,1.981061
65,1.004658,0.897604,nan,0.100309,nan,2.460730
66,0.711092,0.701918,-0.481593,0.100319,-6.600105,1.847197
67,0.845867,0.843118,nan,0.100319,nan,2.119384
68,1.034718,1.008760,-1.858155,0.100327,-3.140853,2.518693
69,1.020266,0.965678,nan,0.100327,nan,2.473511
70,0.705345,0.730856,-0.282872,0.100336,-6.737840,1.864110
71,1.108980,1.035675,nan,0.100336,nan,2.629700
72,1.030641,0.966570,-0.460359,0.100345,-7.963540,2.506008
73,0.926575,0.957060,nan,0.100345,nan,2.282449
74,0.797110,0.824656,-0.961116,0.100353,-5.810023,1.997990
75,1.098686,1.082965,nan,0.100353,nan,2.650023
76,0.951302,0.940723,-0.970006,0.100362,-8.324909,2.324480
77,0.834011,0.826196,nan,0.100362,nan,2.077804
78,1.137038,1.178497,-1.727617,0.100372,-6.950035,2.682328
79,0.923596,0.909025,nan,0.100372,nan,2.283142
80,0.726871,0.728096,-1.628813,0.100381,-7.507015,1.817699
81,0.902495,0.881859,nan,0.100381,nan,2.236157
82,0.809722,0.766097,-1.427894,0.100390,-3.951609,2.034679
83,0.736805,0.763782,nan,0.100390,nan,1.882303
84,0.911415,0.922771,-1.000285,0.100399,-7.560440,2.229961
85,0.694896,0.709888,nan,0.100399,nan,1.789811
86,0.727456,0.735438,-0.930908,0.100408,-6.622476,1.861337
87,0.758624,0.770623,nan,0.100408,nan,1.932906
88,0.720845,0.775054,-0.322317,0.100417,-6.883924,1.856518
89,0.808440,0.822837,nan,0.100417,nan,2.064409
90,1.070430,1.084662,-1.404127,0.100426,-6.051100,2.568381
91,0.578199,0.591701,nan,0.100426,nan,1.555699
92,0.709000,0.730698,-1.697583,0.100435,-7.462272,1.837423
93,1.376568,1.315188,nan,0.100435,nan,3.194547
94,0.847217,0.819098,-1.487246,0.100444,-5.370464,2.106987
95,0.715533,0.715103,nan,0.100444,nan,1.859336
96,0.973465,0.984033,-1.486770,0.100452,-6.105506,2.329396
97,0.741865,0.751991,nan,0.100452,nan,1.897532
98,0.888826,0.902439,-2.315956,0.100461,-7.345497,2.205060
99,1.218380,1.215887,nan,0.100461,nan,2.860402
100,0.722804,0.716478,-2.158734,0.100470,-6.060597,1.862884
101,0.841421,0.828991,nan,0.100470,nan,2.104661
102,1.031641,1.015937,-2.162920,0.100479,-7.381295,2.497969
103,1.261324,1.226862,nan,0.100479,nan,2.936700
104,1.158876,1.112409,-2.712237,0.100489,-8.017063,2.726109
105,0.877117,0.860209,nan,0.100489,nan,2.147895
106,0.871237,0.897285,-2.327810,0.100498,-6.459091,2.132888
107,1.017856,1.010522,nan,0.100498,nan,2.445818
108,1.175611,1.170910,-1.661174,0.100507,-5.990533,2.775465
109,1.041167,0.999747,nan,0.100507,nan,2.514056
110,0.966170,0.942560,-0.531310,0.100516,-6.401992,2.395402
111,0.744781,0.801134,nan,0.100516,nan,1.956635
112,1.292948,1.285936,-1.902535,0.100525,-5.449326,3.047505
113,0.841340,0.815013,nan,0.100525,nan,2.144569
114,1.280040,1.319033,-0.841482,0.100535,-9.286328,3.004918
115,0.803497,0.804421,nan,0.100535,nan,2.053770
116,0.872360,0.896022,-1.846639,0.100544,-4.630932,2.182320
117,0.884325,0.870530,nan,0.100544,nan,2.186153
118,1.246739,1.226091,-2.557047,0.100552,-5.539376,2.952343
119,1.143497,1.147861,nan,0.100552,nan,2.721998
120,0.856112,0.867031,-1.389111,0.100561,-7.160076,2.128201
121,1.238336,1.254755,nan,0.100561,nan,2.916705
122,0.850463,0.852780,-2.048387,0.100570,-5.416778,2.125373
123,1.057172,1.063572,nan,0.100570,nan,2.524394
124,0.944327,0.948478,-1.402664,0.100579,-5.603628,2.296576
125,0.706307,0.704031,nan,0.100579,nan,1.849641
126,0.838942,0.844634,-0.722357,0.100588,-8.406095,2.114273
127,0.846073,0.861791,nan,0.100588,nan,2.149761
128,1.163492,1.164652,-1.440079,0.100597,-7.059563,2.773801
129,0.635620,0.650699,nan,0.100597,nan,1.709785
130,1.086620,1.097403,-1.066877,0.100606,-7.595093,2.643123
131,1.218057,1.207526,nan,0.100606,nan,2.892396
132,0.781294,0.793184,0.015082,0.100616,-8.052799,1.984933
133,0.800240,0.805081,nan,0.100616,nan,2.064940
134,0.802810,0.820478,-1.690318,0.100626,-7.302306,2.030597
135,0.833103,0.823239,nan,0.100626,nan,2.114121
136,0.637253,0.657634,-1.657653,0.100635,-6.602506,1.640683
137,0.817467,0.850849,nan,0.100635,nan,2.051552
138,0.606844,0.643300,-1.468305,0.100645,-6.446962,1.623634
139,1.041752,1.078868,nan,0.100645,nan,2.539492
140,0.889073,0.892631,-1.403575,0.100655,-6.929717,2.218776
141,1.095661,1.118290,nan,0.100655,nan,2.638801
142,0.735087,0.733782,-1.201095,0.100664,-7.369521,1.902629
143,0.605242,0.588537,nan,0.100664,nan,1.650012
144,0.670885,0.669697,-1.292842,0.100674,-5.973683,1.740616
145,0.885024,0.891240,nan,0.100674,nan,2.186011
146,0.809134,0.801369,-2.252222,0.100684,-8.042271,2.022931
147,0.509321,0.547166,nan,0.100684,nan,1.383716
148,1.076912,1.093700,-2.443353,0.100694,-6.611412,2.570149
149,0.754158,0.778684,nan,0.100694,nan,1.925505
150,1.131559,1.144098,-1.791725,0.100703,-5.520026,2.701630
151,1.179583,1.176691,nan,0.100703,nan,2.804771
152,1.132766,1.174180,-1.911538,0.100713,-6.555371,2.744545
153,0.946864,0.964247,nan,0.100713,nan,2.354424
154,0.805530,0.823487,-0.838856,0.100722,-7.576395,2.021192
155,0.875206,0.871923,nan,0.100722,nan,2.187312
156,0.695029,0.710448,-1.188180,0.100732,-7.032836,1.823586
157,0.883276,0.868383,nan,0.100732,nan,2.176075
158,1.132580,1.140167,-1.691823,0.100742,-8.696929,2.696959
159,0.747840,0.763683,nan,0.100742,nan,1.890559
160,1.090903,1.114277,-1.616383,0.100752,-4.436130,2.622022
161,1.008432,1.005265,nan,0.100752,nan,2.433097
162,0.983803,1.015759,-1.212426,0.100761,-5.362612,2.395873
163,1.055672,1.064905,nan,0.100761,nan,2.540706
164,0.795823,0.885033,-1.645158,0.100770,-7.386599,2.005953
165,1.189817,1.193268,nan,0.100770,nan,2.813508
166,0.689336,0.730442,-1.393812,0.100779,-6.651170,1.809210
167,0.811822,0.839154,nan,0.100779,nan,2.052377
168,0.543095,0.546872,-0.812493,0.100789,-6.911107,1.472444
169,0.820592,0.889923,nan,0.100789,nan,2.075810
170,0.578173,0.632825,-1.242264,0.100799,-7.481705,1.581565
171,1.055066,1.091814,nan,0.100799,nan,2.567729
172,0.858838,0.875776,-1.458404,0.100808,-7.588171,2.156186
173,0.869390,0.866922,nan,0.100808,nan,2.163124
174,0.753141,0.722477,-1.471378,0.100818,-6.768211,1.904876
175,0.714639,0.760189,nan,0.100818,nan,1.833724
176,0.794972,0.783471,-1.961868,0.100827,-4.232506,2.003554
177,0.563969,0.569140,nan,0.100827,nan,1.531324
178,0.655806,0.654216,-0.842915,0.100836,-5.787264,1.750691
179,0.989842,0.919092,nan,0.100836,nan,2.438972
180,0.868053,0.890128,-0.907942,0.100845,-7.157824,2.172801
181,0.907882,0.861004,nan,0.100845,nan,2.290812
182,0.822719,0.780563,-1.083087,0.100855,-6.893085,2.091556
183,0.866335,0.837561,nan,0.100855,nan,2.184944
184,1.044783,1.020676,-1.052968,0.100863,-5.354704,2.557966
185,1.045492,0.998763,nan,0.100863,nan,2.565890
186,0.728287,0.744330,-0.960682,0.100872,-6.919620,1.898543
187,0.810415,0.836056,nan,0.100872,nan,2.076273
188,1.337809,1.296227,-2.024548,0.100882,-6.758663,3.164868
189,1.033446,1.068618,nan,0.100882,nan,2.512997
190,1.321675,1.300305,-2.362124,0.100891,-6.289068,3.102588
191,0.801022,0.814035,nan,0.100891,nan,2.056186
192,1.329248,1.365723,-2.084029,0.100900,-6.362491,3.112320
193,0.905391,0.957890,nan,0.100900,nan,2.228029
194,1.113767,1.123399,-1.752052,0.100908,-5.934783,2.695387
195,0.880587,0.879179,nan,0.100908,nan,2.176421
196,0.978213,1.031776,-1.356276,0.100917,-7.033763,2.405468
197,0.987286,0.934119,nan,0.100917,nan,2.422374
198,0.933307,0.923133,-0.685050,0.100927,-7.346699,2.316092
199,0.925802,0.931853,nan,0.100927,nan,2.306072
200,0.765350,0.776390,-1.041039,0.100936,-6.386445,1.950940
201,0.642721,0.669559,nan,0.100936,nan,1.696757
202,0.900374,0.904588,-1.641745,0.100945,-7.386693,2.250285
203,0.590588,0.624870,nan,0.100945,nan,1.583786
204,1.096446,1.162880,-1.299666,0.100954,-5.634309,2.640029
205,0.925460,0.971419,nan,0.100954,nan,2.281536
206,0.974911,0.981856,-1.348401,0.100963,-5.449716,2.380918
207,1.070991,1.075621,nan,0.100963,nan,2.593106
208,0.879019,0.897055,-0.505795,0.100972,-6.149576,2.222776
209,0.625276,0.636277,nan,0.100972,nan,1.680868
210,0.690090,0.735657,0.128082,0.100980,-4.223927,1.814533
211,0.863007,0.963884,nan,0.100980,nan,2.157096
212,0.587207,0.727232,-1.318245,0.100989,-6.426311,1.631147
213,0.642744,0.744572,nan,0.100989,nan,1.724861
214,0.815726,0.843229,-1.103367,0.100997,-6.716777,2.069833
215,0.999812,1.055411,nan,0.100997,nan,2.418282
216,0.714103,0.772680,-1.225768,0.101006,-8.217060,1.846238
217,0.496520,0.573314,nan,0.101006,nan,1.396330
218,0.628608,0.688613,-1.763236,0.101015,-7.043480,1.668852
219,0.743475,0.743296,nan,0.101015,nan,1.874114
220,0.577464,0.577168,-1.435427,0.101025,-7.419744,1.577275
221,0.695395,0.689499,nan,0.101025,nan,1.782037
222,0.784340,0.806510,-1.998543,0.101034,-7.172138,1.972885
223,0.795758,0.794548,nan,0.101034,nan,2.002794
224,0.707231,0.731751,-1.278517,0.101044,-7.145540,1.857515
225,0.708422,0.714172,nan,0.101044,nan,1.853640
226,0.692785,0.723798,-1.036930,0.101054,-7.828375,1.815121
227,0.714925,0.755233,nan,0.101054,nan,1.842099
228,0.624958,0.639006,-0.704922,0.101064,-6.295724,1.695895
229,0.765697,0.793727,nan,0.101064,nan,1.974452
230,0.539961,0.594376,-0.772426,0.101073,-6.707255,1.524219
231,0.563145,0.577889,nan,0.101073,nan,1.520753
232,0.612447,0.647897,-2.240467,0.101083,-5.429862,1.637115
233,0.713155,0.742871,nan,0.101083,nan,1.855197
234,0.898672,0.914892,-1.898061,0.101093,-7.981443,2.243718
235,0.740048,0.751493,nan,0.101093,nan,1.877290
236,0.541509,0.559691,-1.623728,0.101102,-4.856018,1.508517
237,0.987780,0.995293,nan,0.101102,nan,2.406432
238,0.681163,0.699668,-1.447116,0.101111,-5.280483,1.780477
239,0.535993,0.558985,nan,0.101111,nan,1.473348
240,0.779516,0.797758,-1.568150,0.101120,-8.414589,2.020856
241,0.600673,0.611026,nan,0.101120,nan,1.605710
242,0.915641,0.935511,-1.248978,0.101129,-4.968726,2.216449
243,0.564338,0.616348,nan,0.101129,nan,1.501553
244,0.690044,0.728612,-0.939398,0.101138,-4.946340,1.789676
245,0.821191,0.827197,nan,0.101138,nan,2.083835
246,0.709547,0.711322,-1.044215,0.101147,-8.858873,1.828349
247,0.513681,0.555846,nan,0.101147,nan,1.428099
248,0.612923,0.637718,-2.322514,0.101156,-5.728942,1.603538
249,0.579094,0.589642,nan,0.101156,nan,1.567495
250,0.588868,0.618847,-0.330309,0.101165,-6.170627,1.592182
251,0.606624,0.638645,nan,0.101165,nan,1.592728
252,0.467384,0.508649,-0.937446,0.101174,-5.268564,1.311681
253,0.557335,0.553189,nan,0.101174,nan,1.502455
254,0.622656,0.578944,-2.127361,0.101182,-4.356000,1.672720
255,0.684762,0.781796,nan,0.101182,nan,1.758271
256,0.586768,0.658458,-1.617846,0.101190,-6.592756,1.578749
257,0.631290,0.625622,nan,0.101190,nan,1.648422
258,0.583883,0.606563,-0.206917,0.101199,-6.083911,1.607023
259,0.582621,0.651240,nan,0.101199,nan,1.542510
260,0.556910,0.599244,-1.331736,0.101207,-4.567447,1.513305
261,0.375587,0.391752,nan,0.101207,nan,1.133707
262,0.670484,0.707881,-2.462111,0.101214,-4.606633,1.765635
263,0.560320,0.573516,nan,0.101214,nan,1.547512
264,0.471173,0.485685,-0.996196,0.101222,-6.417584,1.335250
265,0.685100,0.659336,nan,0.101222,nan,1.809307
266,0.630753,0.698426,-1.942918,0.101229,-4.391092,1.703463
267,0.644268,0.668324,nan,0.101229,nan,1.731573
268,0.642611,0.685153,-1.335310,0.101236,-5.172127,1.709947
269,0.712834,0.776461,nan,0.101236,nan,1.846390
270,0.741646,0.740954,-0.655390,0.101244,-7.349185,1.879566
271,0.598340,0.619115,nan,0.101244,nan,1.617066
272,0.620765,0.625693,-0.792401,0.101252,-6.632088,1.631036
273,0.509371,0.533616,nan,0.101252,nan,1.389426
274,0.620289,0.634752,-0.378892,0.101260,-8.860889,1.662103
275,0.761954,0.850253,nan,0.101260,nan,2.004483
276,0.486543,0.537117,-0.162093,0.101269,-5.089611,1.393984
277,0.638987,0.650035,nan,0.101269,nan,1.693689
278,0.666669,0.688161,-0.901656,0.101277,-5.295307,1.786765
279,0.492430,0.504083,nan,0.101277,nan,1.404240
280,0.498958,0.525149,-1.057397,0.101285,-7.141265,1.393923
281,0.614133,0.552987,nan,0.101285,nan,1.668055
282,0.591952,0.575067,-1.520963,0.101293,-6.355392,1.613112
283,0.582713,0.594485,nan,0.101293,nan,1.560607
284,0.612517,0.601233,-0.103656,0.101302,-9.056090,1.652205
285,0.301594,0.377070,nan,0.101302,nan,1.023928
286,0.549855,0.527308,-1.222309,0.101312,-6.485670,1.537013
287,0.614757,0.622046,nan,0.101312,nan,1.627385
288,0.722363,0.746211,-1.439533,0.101321,-7.917197,1.872152
289,0.504951,0.533674,nan,0.101321,nan,1.398118
290,0.495977,0.512008,-0.570153,0.101331,-6.840649,1.402229
291,0.450999,0.503715,nan,0.101331,nan,1.293155
292,0.509650,0.512954,-1.271586,0.101341,-7.752017,1.434016
293,0.295433,0.273435,nan,0.101341,nan,0.970415
294,0.406438,0.425462,-1.769885,0.101351,-6.942413,1.198076
295,0.332929,0.416634,nan,0.101351,nan,1.074191
296,0.382772,0.392669,-1.418380,0.101361,-6.233361,1.211066
297,0.756963,0.705504,nan,0.101361,nan,1.942176
298,0.796019,0.769836,-2.112682,0.101370,-4.581363,2.036713
299,0.733027,0.700999,nan,0.101370,nan,1.870839
300,0.680347,0.659938,0.124031,0.101379,-5.817575,1.790858
301,0.627850,0.616982,nan,0.101379,nan,1.692471
302,0.549921,0.428697,-0.008754,0.101388,-5.774170,1.506991
303,0.556841,0.715258,nan,0.101388,nan,1.507361
304,0.708921,0.651534,-1.862720,0.101397,-6.735093,1.830823
305,0.485740,0.383439,nan,0.101397,nan,1.375115
306,0.731148,0.728664,-0.845555,0.101406,-8.514296,1.917138
307,0.539821,0.521384,nan,0.101406,nan,1.509700
308,0.816275,0.785292,-1.104315,0.101416,-7.491380,2.064527
309,0.427749,0.528906,nan,0.101416,nan,1.254569
310,0.562917,0.545007,-1.309927,0.101426,-4.982193,1.546452
311,0.506821,0.483586,nan,0.101426,nan,1.427885
312,0.331309,0.303908,-2.299320,0.101435,-5.255323,1.054352
313,0.507597,0.471725,nan,0.101435,nan,1.443526
314,0.718179,0.714700,-1.403240,0.101444,-5.848906,1.854928
315,0.545300,0.501341,nan,0.101444,nan,1.517744
316,0.736665,0.724771,-0.500519,0.101452,-3.653813,1.893297
317,0.767151,0.770084,nan,0.101452,nan,1.942076
318,0.752535,0.761035,-1.802710,0.101460,-5.626922,1.926059
319,0.793658,0.781450,nan,0.101460,nan,2.006983
320,0.758256,0.765119,-1.192278,0.101468,-7.362253,1.917521
321,0.743073,0.765499,nan,0.101468,nan,1.914119
322,0.656434,0.652766,-1.564425,0.101477,-6.439252,1.747090
323,0.325640,0.295869,nan,0.101477,nan,1.045529
324,0.421260,0.378173,-2.199205,0.101485,-4.915510,1.261586
325,0.709116,0.654884,nan,0.101485,nan,1.849939
326,0.479253,0.466998,-0.937003,0.101493,-7.037096,1.379494
327,0.538845,0.504196,nan,0.101493,nan,1.493531
328,0.788866,0.787303,-1.708227,0.101501,-4.119475,1.985979
329,0.452050,0.372772,nan,0.101501,nan,1.305358
330,0.354930,0.354237,-1.716583,0.101509,-5.601843,1.098878
331,0.629627,0.490751,nan,0.101509,nan,1.691304
332,0.911361,0.902189,-2.186411,0.101516,-4.699773,2.255162
333,0.693464,0.724724,nan,0.101516,nan,1.780095
334,0.577654,0.519298,-1.236068,0.101524,-7.226505,1.567351
335,0.856375,0.900051,nan,0.101524,nan,2.126081
336,0.695629,0.717877,-0.382395,0.101532,-5.905894,1.817457
337,0.707412,0.794019,nan,0.101532,nan,1.812875
338,0.556743,0.568147,-1.762868,0.101540,-4.202365,1.513167
339,0.781643,0.753414,nan,0.101540,nan,1.981613
340,0.600514,0.563867,-3.051717,0.101547,-4.824115,1.610722
341,0.577333,0.517866,nan,0.101547,nan,1.576843
342,0.520853,0.492290,-1.469458,0.101554,-5.403732,1.434518
343,0.792762,0.791227,nan,0.101554,nan,2.015764
344,0.730970,0.701207,-2.157505,0.101561,-5.466972,1.873349
345,0.966980,0.962365,nan,0.101561,nan,2.349562
346,0.599609,0.597320,-2.083325,0.101568,-5.804864,1.607773
347,0.492169,0.458271,nan,0.101568,nan,1.391327
348,0.570257,0.540728,-1.708137,0.101575,-6.455660,1.571647
349,0.672687,0.626763,nan,0.101575,nan,1.752687
350,0.534642,0.510083,-2.326277,0.101583,-5.948115,1.460446
351,0.717814,0.659382,nan,0.101583,nan,1.857526
352,0.598453,0.626832,-0.937144,0.101590,-3.980350,1.607948
353,0.547224,0.532788,nan,0.101590,nan,1.501767
354,0.836353,0.840590,-2.298613,0.101597,-5.192804,2.088236
355,0.712102,0.807653,nan,0.101597,nan,1.821918
356,0.652747,0.643972,-2.386593,0.101604,-7.255585,1.701150
357,0.410160,0.370667,nan,0.101604,nan,1.225836
358,0.622844,0.618857,-1.905397,0.101611,-4.022335,1.646118
359,0.448498,0.399305,nan,0.101611,nan,1.298429
360,0.614004,0.498474,-0.380496,0.101618,-7.636523,1.641408
361,0.696852,0.689735,nan,0.101618,nan,1.802051
362,0.535693,0.520528,-1.743778,0.101627,-8.524137,1.434537
363,1.224374,0.939670,nan,0.101627,nan,2.888690
364,1.106992,0.838210,-3.570871,0.101634,-4.627859,2.653597
365,1.442242,1.304847,nan,0.101634,nan,3.339118
366,0.787349,0.963130,-0.919593,0.101642,-5.596547,1.985941
367,0.674756,0.659688,nan,0.101642,nan,1.761467
368,0.939640,0.968189,-0.740744,0.101650,-6.348775,2.316419
369,0.694828,0.723440,nan,0.101650,nan,1.799622
370,0.875492,0.712871,-2.025526,0.101658,-4.252699,2.183873
371,0.789215,0.773272,nan,0.101658,nan,2.009023
372,0.755372,0.665699,-1.358036,0.101665,-4.131059,1.917924
373,0.641597,0.480516,nan,0.101665,nan,1.713063
374,0.673010,0.690031,-1.040120,0.101671,-4.684752,1.771675
375,0.476792,0.306644,nan,0.101671,nan,1.364532
376,0.737869,0.596322,-0.800431,0.101678,-5.077612,1.900883
377,0.469151,0.563361,nan,0.101678,nan,1.323359
378,0.718282,0.746423,-3.533629,0.101685,-5.915637,1.821720
379,0.965135,0.929793,nan,0.101685,nan,2.359078
380,0.891960,0.870456,-1.778258,0.101692,-5.790144,2.197255
381,0.800267,0.741541,nan,0.101692,nan,1.997110
382,0.848747,0.795761,-0.431598,0.101699,-4.792642,2.118327
383,0.794976,0.872428,nan,0.101699,nan,1.996601
384,0.819159,0.934320,-1.986752,0.101706,-6.500939,2.053212
385,0.681284,0.719462,nan,0.101706,nan,1.770019
386,0.888425,1.004542,-1.760187,0.101713,-6.424437,2.186108
387,0.962837,1.003369,nan,0.101713,nan,2.340955
388,0.547422,0.638368,-0.249728,0.101720,-5.647982,1.492238
389,0.629422,0.764124,nan,0.101720,nan,1.680584
390,0.875160,0.860511,-2.524102,0.101728,-6.175547,2.182144
391,0.832550,0.970966,nan,0.101728,nan,2.099035
392,0.807385,0.765570,-2.537185,0.101735,-4.251909,2.044264
393,0.992849,0.957020,nan,0.101735,nan,2.423384
394,0.919350,0.896088,-1.638767,0.101741,-4.054146,2.269043
395,0.864807,0.885603,nan,0.101741,nan,2.118681
396,0.655618,0.637058,-1.946412,0.101748,-6.222599,1.726450
397,0.680552,0.649665,nan,0.101748,nan,1.757579
398,1.065526,1.051689,-2.601118,0.101755,-4.741505,2.573923
399,0.673504,0.694567,nan,0.101755,nan,1.741321
400,0.575451,0.601917,-1.871050,0.101761,-4.110011,1.527090
401,0.390837,0.535451,nan,0.101761,nan,1.153512
402,0.669056,0.675511,-1.747182,0.101768,-6.055018,1.732365
403,0.567481,0.555372,nan,0.101768,nan,1.516861
404,0.727424,0.824229,-1.856777,0.101775,-6.254776,1.861354
405,0.577591,0.603180,nan,0.101775,nan,1.545066
406,0.751181,0.745291,-3.504514,0.101782,-6.010536,1.891354
407,0.539221,0.516159,nan,0.101782,nan,1.487679
408,1.022709,1.119628,-2.313808,0.101789,-7.453727,2.452465
409,0.479075,0.487558,nan,0.101789,nan,1.345557
410,0.585803,0.568069,-1.042548,0.101797,-5.344166,1.578254
411,0.550251,0.888513,nan,0.101797,nan,1.489477
412,0.664883,0.695745,-1.512022,0.101804,-4.354286,1.705843
413,0.325866,0.341207,nan,0.101804,nan,1.018844
414,0.533691,0.525625,-2.746393,0.101811,-5.984913,1.469137
415,0.578660,0.620288,nan,0.101811,nan,1.533013
416,0.676016,0.633074,-1.328321,0.101818,-5.946214,1.761168
417,0.771091,0.746905,nan,0.101818,nan,1.954885
418,0.781061,0.615276,-2.876099,0.101825,-4.664125,1.991863
419,0.705302,0.604907,nan,0.101825,nan,1.838538
420,0.753460,0.853573,-0.875840,0.101833,-8.124166,1.904595
421,0.889085,0.884228,nan,0.101833,nan,2.208632
422,0.956255,1.090053,-1.540119,0.101841,-5.291748,2.317185
423,0.685082,0.681406,nan,0.101841,nan,1.756770
424,0.537099,0.570982,-2.461738,0.101848,-4.900872,1.455880
425,0.539660,0.648154,nan,0.101848,nan,1.486439
426,0.720745,0.684437,-1.403784,0.101856,-6.939036,1.849133
427,0.653931,0.677457,nan,0.101856,nan,1.713026
428,0.634793,0.619539,-1.869822,0.101864,-6.376510,1.675264
429,0.530231,0.540065,nan,0.101864,nan,1.465884
430,0.457101,0.519078,-2.354569,0.101872,-5.234529,1.297248
431,0.929190,0.938140,nan,0.101872,nan,2.291548
432,0.694431,0.699619,-1.293447,0.101880,-5.774823,1.799178
433,0.713032,0.802437,nan,0.101880,nan,1.817204
434,0.494628,0.575917,-1.633019,0.101888,-4.598810,1.398237
435,0.403874,0.418786,nan,0.101888,nan,1.185793
436,0.559331,0.639634,-2.024665,0.101895,-6.441459,1.515010
437,0.579297,0.589402,nan,0.101895,nan,1.526139
438,0.698652,0.797214,-2.293567,0.101903,-6.160767,1.793007
439,0.650114,0.657249,nan,0.101903,nan,1.697859
440,0.617573,0.608230,-2.156102,0.101911,-3.593738,1.628263
441,0.655696,0.623108,nan,0.101911,nan,1.715107
442,0.495437,0.564363,-3.006742,0.101918,-4.364654,1.374131
443,0.619188,0.800049,nan,0.101918,nan,1.645368
444,0.733573,0.731294,-1.895736,0.101925,-6.767758,1.867434
445,0.778017,0.803138,nan,0.101925,nan,1.950090
446,0.473670,0.543314,-1.592249,0.101933,-7.175356,1.333300
447,0.474399,0.589418,nan,0.101933,nan,1.340057
448,0.838397,0.749219,-1.063375,0.101940,-4.076928,2.087349
449,0.445921,0.457173,nan,0.101940,nan,1.280045
450,0.572360,0.556275,-3.063359,0.101947,-4.197899,1.528985
451,0.822487,1.012959,nan,0.101947,nan,2.043108
452,0.727734,0.752988,-0.379229,0.101954,-6.289055,1.864776
453,0.598905,0.680349,nan,0.101954,nan,1.606537
454,0.626297,1.083871,-0.789188,0.101961,-4.289750,1.669965
455,0.598139,0.622749,nan,0.101961,nan,1.592038
456,0.720368,0.700676,-2.048675,0.101967,-2.355335,1.831867
457,0.846222,1.098038,nan,0.101967,nan,2.092502
458,0.833670,0.887100,-1.645438,0.101972,-3.075177,2.093421
459,0.857588,0.866596,nan,0.101972,nan,2.127568
460,0.766876,0.880839,-0.941377,0.101978,-5.113855,1.939640
461,1.040609,0.981837,nan,0.101978,nan,2.496933
462,0.919880,0.965294,-1.904058,0.101984,-7.108921,2.249040
463,0.750752,0.838411,nan,0.101984,nan,1.918041
464,0.589165,0.712155,-1.640323,0.101990,-6.896744,1.594624
465,0.862599,0.920963,nan,0.101990,nan,2.136114
466,0.876240,0.897960,-0.778288,0.101997,-6.236276,2.144577
467,1.736192,1.715543,nan,0.101997,nan,3.873264
468,0.829773,0.812120,-1.833104,0.102004,-6.642864,2.058178
469,0.765847,0.786283,nan,0.102004,nan,1.920347
470,0.940412,0.990216,-1.645720,0.102011,-4.287224,2.271000
471,0.666381,0.657463,nan,0.102011,nan,1.721235
472,0.611893,0.636718,-1.721090,0.102019,-7.702580,1.616180
473,0.623546,0.644613,nan,0.102019,nan,1.645773
474,1.114927,0.953636,-1.706875,0.102026,-3.609413,2.631519
475,0.775380,0.778763,nan,0.102026,nan,1.952887
476,0.979105,0.790976,-2.246729,0.102033,-5.710270,2.386155
477,0.934779,0.825664,nan,0.102033,nan,2.299744
478,0.703621,0.657471,-2.128041,0.102040,-6.509892,1.816091
479,1.032175,0.998035,nan,0.102040,nan,2.467991
480,0.825870,0.763844,-2.581884,0.102048,-7.042151,2.075421
481,1.021322,0.960107,nan,0.102048,nan,2.448036
482,0.658640,0.721743,-0.649378,0.102056,-7.079778,1.716234
483,1.054939,0.845568,nan,0.102056,nan,2.517345
484,0.722643,0.804095,-1.249688,0.102065,-6.649856,1.825160
485,0.798822,0.812605,nan,0.102065,nan,2.008246
486,0.736838,0.726041,-2.616527,0.102073,-4.361571,1.847631
487,0.619984,0.861208,nan,0.102073,nan,1.618731
488,0.588152,0.656099,-2.739266,0.102081,-5.982351,1.565061
489,0.538142,0.637211,nan,0.102081,nan,1.433542
490,0.561333,0.675787,-2.773432,0.102089,-3.797566,1.527767
491,1.206917,1.212354,nan,0.102089,nan,2.812199
492,0.935354,0.951070,-2.727363,0.102096,-4.929533,2.263916
493,1.248100,1.293404,nan,0.102096,nan,2.912346
494,0.979446,0.944495,-3.476519,0.102103,-3.253607,2.374290
495,0.741340,0.818712,nan,0.102103,nan,1.868784
496,0.810169,0.679054,-1.872813,0.102108,-1.975033,2.027792
497,1.162026,1.040582,nan,0.102108,nan,2.739538
498,0.415888,0.439177,-1.791480,0.102114,-4.478951,1.210855
499,0.557029,0.597995,nan,0.102114,nan,1.506544
500,1.069444,1.102190,-2.153534,0.102119,-4.424001,2.548602
501,0.633159,0.786489,nan,0.102119,nan,1.648805
502,0.874195,0.916843,-0.653944,0.102124,-3.623543,2.149563
503,1.379932,1.157367,nan,0.102124,nan,3.191857
504,1.282847,1.310961,-0.767797,0.102129,-3.572591,2.984722
505,1.013554,1.109753,nan,0.102129,nan,2.417232
506,0.901753,0.936931,-3.040080,0.102133,-3.707919,2.208282
507,0.993151,1.231683,nan,0.102133,nan,2.387041
508,1.029624,1.139035,-4.305801,0.102137,-4.336717,2.479528
509,0.939253,1.086607,nan,0.102137,nan,2.277637
510,1.008202,1.006348,-0.136197,0.102142,-5.691162,2.442006
511,0.809333,0.932821,nan,0.102142,nan,1.999321
512,1.014811,1.062256,-0.567766,0.102147,-4.914040,2.434124
513,1.464607,1.465730,nan,0.102147,nan,3.327946
514,0.803442,0.692060,-1.830357,0.102152,-5.772095,2.024900
515,0.803998,0.881779,nan,0.102152,nan,2.028063
516,0.993193,1.069597,-1.521110,0.102157,-5.895402,2.387258
517,0.843394,0.844856,nan,0.102157,nan,2.097008
518,0.955937,1.034377,-1.016006,0.102163,-4.654455,2.321815
519,0.725681,0.741880,nan,0.102163,nan,1.860129
520,1.019636,1.105875,-4.168434,0.102168,-5.535619,2.457475
521,0.952315,1.029088,nan,0.102168,nan,2.328238
522,0.849361,1.199166,-2.223216,0.102174,-4.055270,2.111419
523,0.819900,1.043223,nan,0.102174,nan,2.044617
524,0.882328,0.910875,-0.609494,0.102178,-3.171341,2.164336
525,1.239296,1.519780,nan,0.102178,nan,2.891654
526,1.257226,1.979699,-1.197255,0.102183,-4.005290,2.908580
527,0.709217,0.855150,nan,0.102183,nan,1.808667
528,0.696853,0.747868,-2.037386,0.102188,-5.705848,1.781251
529,0.693264,0.926961,nan,0.102188,nan,1.778012
530,0.871808,1.062761,-3.301137,0.102193,-4.765882,2.164963
531,0.777164,0.846228,nan,0.102193,nan,1.934100
532,1.127733,1.308348,-1.226780,0.102198,-5.330635,2.650767
533,0.709105,0.892725,nan,0.102198,nan,1.775814
534,0.875358,1.000865,-3.288633,0.102203,-2.485080,2.126581
535,0.888906,1.046260,nan,0.102203,nan,2.148283
536,0.963973,0.906106,-3.163094,0.102207,-4.889453,2.339107
537,0.988360,1.233166,nan,0.102207,nan,2.377467
538,1.220258,1.377880,-2.745020,0.102212,-5.501340,2.840855
539,1.112251,1.246750,nan,0.102212,nan,2.625680
540,1.000490,0.942332,-2.689003,0.102217,-4.885577,2.382209
541,0.846149,1.007235,nan,0.102217,nan,2.059155
542,0.858223,0.960073,-1.929924,0.102222,-4.735171,2.114489
543,0.807536,0.894805,nan,0.102222,nan,2.000602
544,0.859091,0.760922,-0.385008,0.102227,-4.474798,2.113714
545,0.612290,0.946508,nan,0.102227,nan,1.600282
546,0.513247,0.817316,-3.992165,0.102233,-6.071300,1.405276
547,1.026670,1.236256,nan,0.102233,nan,2.467028
548,0.821435,1.410787,-2.019711,0.102238,-4.751610,2.030644
549,0.942711,1.267679,nan,0.102238,nan,2.261497
550,0.620999,0.722997,-0.409902,0.102244,-6.144046,1.623240
551,1.145552,1.380793,nan,0.102244,nan,2.681567
552,1.101047,1.253600,-1.233047,0.102250,-6.075329,2.611543
553,0.977358,1.078562,nan,0.102250,nan,2.355529
554,1.024085,1.065497,-3.871671,0.102256,-4.841059,2.435881
555,1.129634,1.324443,nan,0.102256,nan,2.659878
556,0.774791,1.171379,-1.550293,0.102262,-5.074455,1.931615
557,0.806466,0.891421,nan,0.102262,nan,1.982549
558,0.970116,1.014141,-0.842518,0.102268,-4.290364,2.345815
559,0.916204,1.344799,nan,0.102268,nan,2.230860
560,0.718526,0.819603,-1.961642,0.102274,-4.632785,1.833747
561,0.796620,0.870307,nan,0.102274,nan,1.993207
562,0.910764,1.004547,-3.106468,0.102279,-4.080342,2.216149
563,1.044830,0.876740,nan,0.102279,nan,2.481956
564,0.787802,0.779282,-1.158966,0.102285,-6.037138,1.950253
565,0.944556,1.006503,nan,0.102285,nan,2.289171
566,1.093029,1.284928,-1.232943,0.102291,-3.553384,2.574522
567,0.727089,0.865148,nan,0.102291,nan,1.824127
568,0.622159,0.672008,-1.720704,0.102297,-5.699447,1.613624
569,0.705581,0.827095,nan,0.102297,nan,1.790743
570,0.980518,1.049538,-2.566357,0.102302,-3.405025,2.327915
571,0.807022,0.890968,nan,0.102302,nan,2.012970
572,0.828028,0.805185,-1.525584,0.102307,-3.368790,2.056106
573,1.052180,1.148558,nan,0.102307,nan,2.518151
574,1.002484,1.055507,-4.134173,0.102312,-5.493172,2.404403
575,0.909307,0.739470,nan,0.102312,nan,2.232601
576,1.138491,1.451163,-2.377269,0.102316,-3.489277,2.684255
577,0.783441,1.127748,nan,0.102316,nan,1.962152
578,0.747178,0.725825,-1.190603,0.102322,-5.447902,1.906460
579,0.795241,1.131444,nan,0.102322,nan,1.979732
580,0.429287,0.793221,-1.457558,0.102327,-5.004662,1.213521
581,0.589165,0.532751,nan,0.102327,nan,1.573253
582,1.020613,1.087178,-3.971978,0.102332,-6.364916,2.436933
583,1.517785,1.225445,nan,0.102332,nan,3.474274
584,1.456243,1.341896,-3.406908,0.102337,-3.151974,3.342526
585,0.949846,1.121999,nan,0.102337,nan,2.326872
586,0.703673,0.980429,0.119059,0.102342,-4.168386,1.792979
587,1.015242,1.014040,nan,0.102342,nan,2.453988
588,1.207807,1.605995,0.629849,0.102347,-4.109615,2.852329
589,0.733295,1.102740,nan,0.102347,nan,1.871765
590,0.634778,0.991337,-1.516347,0.102352,-3.946688,1.677862
591,0.900140,0.925107,nan,0.102352,nan,2.219039
592,0.680715,0.670604,-3.942487,0.102356,-3.810618,1.763433
593,1.380662,1.201542,nan,0.102356,nan,3.205791
594,1.751302,1.347021,-3.668213,0.102361,-5.103838,3.961670
595,1.023147,1.006918,nan,0.102361,nan,2.458978
596,0.619987,0.655941,-0.882832,0.102366,-5.985863,1.667317
597,0.658479,0.639072,nan,0.102366,nan,1.709092
598,0.677852,0.796875,-0.436238,0.102370,-3.235274,1.752932
599,0.384883,0.595844,nan,0.102370,nan,1.133632
600,0.681304,0.568003,-2.770690,0.102375,-5.111385,1.762373
601,0.498628,0.661167,nan,0.102375,nan,1.373160
602,0.985908,1.016137,-1.049260,0.102381,-6.610544,2.395385
603,0.690611,0.803008,nan,0.102381,nan,1.794402
604,0.814433,0.876983,-3.729743,0.102386,-4.915178,2.052652
605,0.776687,0.791638,nan,0.102386,nan,1.967813
606,0.402922,0.572010,-1.115962,0.102392,-4.303415,1.210153
607,0.479035,0.545148,nan,0.102392,nan,1.376283
608,0.762065,0.810015,-0.800586,0.102396,-3.130715,1.941948
609,0.542722,0.745677,nan,0.102396,nan,1.478232
610,0.758777,0.907752,-1.932168,0.102402,-5.306968,1.921425
611,0.749436,0.949209,nan,0.102402,nan,1.912923
612,0.614883,0.717268,-1.897085,0.102407,-6.629159,1.611916
613,0.921173,0.791587,nan,0.102407,nan,2.256017
614,0.714100,0.665014,-0.574627,0.102413,-5.402748,1.841801
615,0.815868,0.948811,nan,0.102413,nan,2.062634
616,0.914108,0.894535,-1.370982,0.102419,-3.629510,2.253967
617,0.485338,0.597484,nan,0.102419,nan,1.384999
618,0.688502,0.797679,-1.212351,0.102424,-5.139288,1.788487
619,0.669094,0.697629,nan,0.102424,nan,1.768445
620,0.966338,0.936346,-1.355467,0.102430,-5.826267,2.380027
621,0.581574,0.614576,nan,0.102430,nan,1.564189
622,0.703226,0.711557,-1.874590,0.102437,-5.543664,1.827448
623,0.479888,0.507382,nan,0.102437,nan,1.355367
624,0.469027,0.476255,-2.854978,0.102442,-4.299202,1.342185
625,0.818254,0.651896,nan,0.102442,nan,2.071836
626,0.565030,0.565817,0.769276,0.102448,-4.915734,1.523606
627,0.625099,0.312969,nan,0.102448,nan,1.699907
628,0.745323,0.606312,-1.303360,0.102454,-3.655108,1.922808
629,0.748247,0.703255,nan,0.102454,nan,1.935035
630,0.863434,0.899750,-3.069715,0.102460,-4.627803,2.161953
631,0.814472,0.920153,nan,0.102460,nan,2.042190
632,0.521763,0.670703,-2.430774,0.102464,-2.361646,1.441535
633,0.874057,0.701193,nan,0.102464,nan,2.163047
634,0.550484,0.691268,-0.476852,0.102468,-2.106981,1.475050
635,0.596624,0.772860,nan,0.102468,nan,1.575298
636,0.453985,0.563853,-1.605668,0.102472,-2.949916,1.292616
637,0.602274,0.579742,nan,0.102472,nan,1.626705
638,0.533599,0.817589,-0.015715,0.102475,-3.129570,1.475354
639,0.623696,0.686414,nan,0.102475,nan,1.676788
640,0.509923,0.546851,-0.361268,0.102478,-5.450197,1.424744
641,0.661205,0.802003,nan,0.102478,nan,1.738756
642,0.692147,0.673673,-3.390985,0.102482,-3.447365,1.802678
643,0.462840,0.480059,nan,0.102482,nan,1.301910
644,0.546604,0.669653,0.315249,0.102485,-4.881739,1.497277
645,0.983391,1.122205,nan,0.102485,nan,2.406263
646,0.516073,0.629668,-1.479633,0.102488,-2.209795,1.415616
647,0.528179,0.549945,nan,0.102488,nan,1.461573
648,0.693626,0.906350,-1.860278,0.102491,-5.001823,1.812408
649,0.659573,0.906433,nan,0.102491,nan,1.736681
650,0.564076,0.742845,-1.102008,0.102494,-3.130279,1.542852
651,0.663211,0.951588,nan,0.102494,nan,1.742868
652,0.694507,0.857464,0.311318,0.102497,-4.186719,1.819627
653,0.415322,0.634150,nan,0.102497,nan,1.232687
654,0.754246,0.830542,-2.955830,0.102501,-5.060969,1.922016
655,1.016707,1.022959,nan,0.102501,nan,2.481172
656,0.833314,0.928738,-2.127028,0.102503,-2.213930,2.092341
657,0.798929,1.098983,nan,0.102503,nan,2.024610
658,1.080608,0.977895,0.159043,0.102507,-5.710510,2.595428
659,1.052675,1.219971,nan,0.102507,nan,2.521109
660,0.564319,0.984569,-0.961489,0.102510,-2.907121,1.519302
661,0.900600,0.675046,nan,0.102510,nan,2.233625
662,0.839454,0.877318,-2.708068,0.102513,-4.057078,2.108171
663,0.556265,0.860485,nan,0.102513,nan,1.512349
664,0.730461,1.215543,-0.925580,0.102515,-3.536081,1.852469
665,0.716111,0.800342,nan,0.102515,nan,1.843019
666,0.824897,0.963298,-0.726213,0.102518,-3.604265,2.035754
667,1.006419,1.416195,nan,0.102518,nan,2.425684
668,0.769824,0.838194,-1.239829,0.102521,-3.224273,1.937899
669,0.689672,0.845745,nan,0.102521,nan,1.773391
670,0.918288,0.936677,-2.603393,0.102524,-5.490783,2.246291
671,0.891367,0.889730,nan,0.102524,nan,2.195382
672,0.842505,0.777612,-1.580535,0.102527,-3.741957,2.101055
673,1.029153,1.051388,nan,0.102527,nan,2.464135
674,0.996884,0.961946,-1.821088,0.102530,-5.578159,2.401670
675,0.526490,0.594588,nan,0.102530,nan,1.429851
676,0.950343,1.052493,-2.142004,0.102534,-5.207858,2.285936
677,0.656697,0.876484,nan,0.102534,nan,1.684442
678,0.671214,0.742231,-1.305660,0.102537,-3.262222,1.745603
679,0.578216,0.600699,nan,0.102537,nan,1.556553
680,0.562539,0.837196,-1.955821,0.102541,-3.607898,1.513416
681,0.883202,0.940982,nan,0.102541,nan,2.184789
682,0.878803,0.926415,-0.178519,0.102545,-5.042344,2.173360
683,0.682453,0.694271,nan,0.102545,nan,1.778405
684,0.733191,0.786065,-1.386066,0.102548,-4.899834,1.870904
685,0.956888,0.641090,nan,0.102548,nan,2.344979
686,0.824545,0.865765,-1.137625,0.102552,-2.321323,2.052460
687,0.718073,0.630578,nan,0.102552,nan,1.850982
688,0.560629,0.508758,0.230225,0.102554,-2.494277,1.526236
689,0.608890,0.890481,nan,0.102554,nan,1.608666
690,0.595815,0.564394,0.588958,0.102558,-5.071519,1.572001
691,0.791437,0.667531,nan,0.102558,nan,1.982532
692,0.384432,0.401712,-0.630512,0.102562,-6.490556,1.118366
693,1.191016,0.983812,nan,0.102562,nan,2.785491
694,1.138371,0.847843,0.242468,0.102565,-3.853113,2.694283
695,0.731491,0.632382,nan,0.102565,nan,1.858949
696,0.919312,0.818883,-1.581999,0.102569,-4.165289,2.245738
697,0.507487,0.478350,nan,0.102569,nan,1.416524
698,0.683962,0.699855,-2.355953,0.102572,-1.574963,1.747677
699,0.888818,0.893901,nan,0.102572,nan,2.191747
700,0.614500,0.616700,1.003955,0.102576,-5.318248,1.595693
701,1.219330,1.232135,nan,0.102576,nan,2.846842
702,1.028752,1.165055,-0.180258,0.102579,-4.935542,2.440152
703,0.845509,1.065539,nan,0.102579,nan,2.055418
704,1.105945,1.021608,-1.580200,0.102583,-4.231514,2.586695
705,0.968672,1.258212,nan,0.102583,nan,2.296154
706,0.903110,0.991097,-0.555957,0.102588,-6.691549,2.167839
707,0.703352,0.779451,nan,0.102588,nan,1.779007
708,0.992829,0.848081,-0.702665,0.102592,-5.053403,2.372452
709,0.810900,0.932935,nan,0.102592,nan,1.981553
710,0.672764,0.664598,-1.263671,0.102597,-3.285928,1.724502
711,0.750385,1.026730,nan,0.102597,nan,1.872867
712,0.904456,0.961504,-0.176675,0.102601,-3.917885,2.184515
713,0.708298,0.808331,nan,0.102601,nan,1.768347
714,0.650251,0.660178,0.026576,0.102605,-4.552737,1.643081
715,0.495199,0.483357,nan,0.102605,nan,1.328698
716,0.906570,0.845271,-0.180274,0.102610,-5.894383,2.178118
717,0.431249,0.426026,nan,0.102610,nan,1.207320
718,0.807605,0.841497,-0.046510,0.102614,-1.137876,1.974912
719,0.737022,0.757862,nan,0.102614,nan,1.847898
720,1.129498,1.156627,-1.319740,0.102617,-1.353098,2.628012
721,1.100757,1.039001,nan,0.102617,nan,2.549993
722,0.979058,1.100190,0.927883,0.102620,-4.424993,2.304878
723,0.738983,0.665797,nan,0.102620,nan,1.830966
724,0.957096,0.946318,-0.252015,0.102622,-2.739694,2.264932
725,1.114068,0.778801,nan,0.102622,nan,2.579980
726,0.974428,0.633304,-0.670158,0.102625,-4.009946,2.299152
727,0.574503,0.595844,nan,0.102625,nan,1.455406
728,1.427672,0.760168,1.928160,0.102627,-4.406027,3.209169
729,1.288409,0.727839,nan,0.102627,nan,2.943027
730,0.614008,0.620270,1.133023,0.102631,-5.989575,1.548810
731,1.791205,1.143211,nan,0.102631,nan,3.955543
732,1.481438,1.178306,-1.000945,0.102635,-5.449074,3.324318
733,1.343188,0.839570,nan,0.102635,nan,3.066634
734,0.701993,0.640718,1.943120,0.102639,-3.780529,1.759280
735,0.969137,0.549412,nan,0.102639,nan,2.277103
736,1.021035,0.757253,1.341815,0.102642,-3.469938,2.407313
737,0.769848,0.729346,nan,0.102642,nan,1.864615
738,1.116586,0.951358,-0.726125,0.102646,-4.585500,2.592545
739,1.299531,1.280096,nan,0.102646,nan,2.965960
740,1.161521,1.118177,0.833072,0.102649,-3.966074,2.674801
741,0.734281,0.706081,nan,0.102649,nan,1.788088
742,0.946296,0.970766,0.032145,0.102652,-0.864280,2.230294
743,0.617266,0.670727,nan,0.102652,nan,1.551494
744,0.672303,0.682934,-0.916793,0.102654,-4.161246,1.679472
745,0.899082,0.775712,nan,0.102654,nan,2.159915
746,0.743359,0.688126,1.531510,0.102657,-4.665419,1.844884
747,0.600070,0.660590,nan,0.102657,nan,1.561057
748,0.762234,0.774429,-0.330958,0.102661,-4.818944,1.895669
749,0.913795,0.896157,nan,0.102661,nan,2.174464
750,0.650619,0.839333,0.543047,0.102663,-2.236889,1.628923
751,0.652907,0.681053,nan,0.102663,nan,1.610868
752,0.795590,1.038403,1.132260,0.102665,-2.707194,1.881904
753,0.816237,0.724710,nan,0.102665,nan,1.949824
754,0.568529,0.595968,0.844369,0.102668,-3.871701,1.401896
755,0.607051,1.042647,nan,0.102668,nan,1.534077
756,0.880320,0.917358,0.397038,0.102669,-2.446770,2.122912
757,0.867870,0.775466,nan,0.102669,nan,2.065022
758,0.831233,0.719550,1.228969,0.102672,-6.149348,2.013027
759,0.862155,0.846799,nan,0.102672,nan,2.065204
760,0.804619,0.651751,-1.586823,0.102675,-3.923516,1.953718
761,0.825021,0.647890,nan,0.102675,nan,2.018623
762,0.741735,0.665278,0.339348,0.102678,-4.641032,1.819893
763,0.940801,0.956168,nan,0.102678,nan,2.220402
764,0.637565,0.628693,0.951168,0.102680,-2.974575,1.633687
765,0.730388,0.773364,nan,0.102680,nan,1.801125
766,0.715366,0.645859,-1.054313,0.102682,-2.026575,1.756966
767,0.710012,0.559270,nan,0.102682,nan,1.765028
768,0.804849,0.739457,0.571012,0.102684,-4.265004,1.941918
769,1.079951,1.211589,nan,0.102684,nan,2.489922
770,0.681425,0.739886,-0.140454,0.102686,-2.907725,1.684243
771,0.992147,0.894585,nan,0.102686,nan,2.341714
772,0.508818,0.769781,0.539755,0.102688,-3.472809,1.319149
773,0.519624,0.627246,nan,0.102688,nan,1.359299
774,0.747667,0.655287,1.718524,0.102690,-5.246775,1.827136
775,0.392033,0.799231,nan,0.102690,nan,1.098058
776,0.425132,0.657717,0.436542,0.102693,-4.458381,1.143894
777,1.019313,1.032244,nan,0.102693,nan,2.363684
778,0.802078,1.017426,0.317349,0.102696,-5.001782,1.935053
779,0.857056,1.306055,nan,0.102696,nan,2.040272
780,0.665216,0.806409,0.685695,0.102699,-3.828288,1.661140
781,0.633221,0.729661,nan,0.102699,nan,1.618565
782,0.671213,0.864333,0.855903,0.102703,-4.641782,1.700184
783,0.730296,0.740404,nan,0.102703,nan,1.776418
784,0.635145,0.794841,-0.397377,0.102706,-3.252897,1.609223
785,0.645257,1.051981,nan,0.102706,nan,1.612223
786,0.684846,0.695864,0.560699,0.102709,-5.166221,1.724859
787,0.506581,0.522532,nan,0.102709,nan,1.356299
788,0.515358,0.615036,-0.246348,0.102712,-2.783602,1.412787
789,0.553134,0.661737,nan,0.102712,nan,1.467381
790,0.604985,0.691858,-0.427072,0.102715,-3.294158,1.570283
791,0.607044,0.620790,nan,0.102715,nan,1.574193
792,0.714551,0.790521,0.511023,0.102717,-3.073051,1.773476
793,0.868381,0.760555,nan,0.102717,nan,2.104399
794,0.607019,0.642464,0.053554,0.102719,-1.820418,1.554444
795,0.722523,0.769554,nan,0.102719,nan,1.772131
796,0.635180,0.691903,0.601500,0.102721,-3.595409,1.597394
797,0.675796,0.640074,nan,0.102721,nan,1.670579
798,0.615833,0.626947,0.787763,0.102724,-7.382513,1.565741
799,0.721405,0.708574,nan,0.102724,nan,1.806896
800,0.484468,0.459569,2.039780,0.102726,-2.845538,1.343499
801,0.847235,0.587813,nan,0.102726,nan,2.103812
802,0.738380,0.579460,-0.398465,0.102729,-3.391003,1.868790
803,1.099164,0.834784,nan,0.102729,nan,2.608550
804,0.925298,0.760933,-0.680696,0.102731,-1.524402,2.269351
805,0.818383,0.794221,nan,0.102731,nan,2.057576
806,0.957287,0.746902,0.651725,0.102732,-2.277369,2.334405
807,0.649508,0.608817,nan,0.102732,nan,1.716317
808,0.799317,0.755047,-0.052271,0.102733,-2.293306,1.995913
809,0.764029,0.769414,nan,0.102733,nan,1.919937
810,0.647397,0.637016,0.869911,0.102733,-2.850933,1.703723
811,0.958116,0.948065,nan,0.102733,nan,2.308361
812,0.767727,0.810992,-0.829799,0.102734,-3.165963,1.876744
813,0.941116,0.855852,nan,0.102734,nan,2.247142
814,0.573347,0.811813,0.977714,0.102734,-2.806666,1.475700
815,0.587380,0.626982,nan,0.102734,nan,1.512696
816,0.751966,1.058823,2.502238,0.102734,-3.452468,1.848016
817,0.742724,1.382004,nan,0.102734,nan,1.810781
818,0.876158,0.989161,-0.599046,0.102734,-2.303934,2.112550
819,0.737329,1.216782,nan,0.102734,nan,1.818939
820,0.802029,1.131705,1.551291,0.102735,-4.795441,1.941620
821,0.887000,1.109453,nan,0.102735,nan,2.123173
822,0.722694,0.837123,0.950528,0.102736,-3.089859,1.797273
823,0.910343,1.114183,nan,0.102736,nan,2.195307
824,0.703749,0.703377,-1.936692,0.102736,-2.330047,1.769883
825,1.064960,1.320174,nan,0.102736,nan,2.530709
826,0.770298,1.258283,-0.212966,0.102737,-6.201571,1.923644
827,0.957866,1.135820,nan,0.102737,nan,2.321609
828,0.658783,0.607112,1.882204,0.102739,-3.356321,1.702644
829,0.668193,0.760035,nan,0.102739,nan,1.716831
830,0.718167,1.320570,0.501532,0.102740,-4.528205,1.820855
831,0.865563,0.720440,nan,0.102740,nan,2.132178
832,0.533966,0.647037,-1.716718,0.102743,-4.643614,1.441190
833,1.140326,1.190915,nan,0.102743,nan,2.687854
834,1.097709,0.957064,-0.453295,0.102745,-5.708282,2.617549
835,0.582457,0.762280,nan,0.102745,nan,1.565276
836,0.808418,0.556564,1.017965,0.102748,-4.039467,2.038720
837,0.820045,0.971339,nan,0.102748,nan,2.042594
838,0.722738,0.927524,-0.251525,0.102751,-2.705386,1.832921
839,0.720204,0.730561,nan,0.102751,nan,1.836196
840,0.851716,0.840283,0.526058,0.102754,-4.359292,2.096872
841,0.604251,0.812680,nan,0.102754,nan,1.592575
842,0.663562,0.731719,1.288723,0.102757,-4.449669,1.705804
843,0.947835,1.080508,nan,0.102757,nan,2.296984
844,1.000375,1.110855,-2.040047,0.102759,-3.138529,2.384438
845,0.631822,0.810898,nan,0.102759,nan,1.659918
846,0.694993,1.212220,1.068741,0.102762,-3.814097,1.794494
847,0.623687,0.770672,nan,0.102762,nan,1.655915
848,0.845888,0.897447,1.687888,0.102764,-1.892306,2.110797
849,1.081565,0.854770,nan,0.102764,nan,2.588082
850,0.795714,1.726929,1.289177,0.102766,-3.108305,1.997472
851,0.847859,1.069724,nan,0.102766,nan,2.130174
852,0.886606,0.715417,-0.401048,0.102767,-3.439758,2.198659
853,0.652669,1.055500,nan,0.102767,nan,1.710108
854,0.944503,1.153900,-1.266375,0.102769,-3.205576,2.302257
855,0.891806,1.052993,nan,0.102769,nan,2.210965
856,0.967713,0.968236,1.220155,0.102770,-3.697757,2.354089
857,0.644469,0.872295,nan,0.102770,nan,1.705217
858,0.612367,1.067730,0.391426,0.102772,-4.115812,1.632835
859,0.761024,0.918294,nan,0.102772,nan,1.903380
860,1.071452,1.049876,-2.799826,0.102774,-4.190470,2.569580
861,0.891719,1.566748,nan,0.102774,nan,2.213178
862,0.843416,2.008286,1.334910,0.102776,-2.713913,2.112617
863,0.971033,1.287476,nan,0.102776,nan,2.374720
864,1.446179,1.025072,0.188178,0.102777,-3.341955,3.334769
865,0.706243,0.797802,nan,0.102777,nan,1.835739
866,0.888401,0.855721,0.045083,0.102779,-2.610152,2.201571
867,0.821154,0.827689,nan,0.102779,nan,2.062271
868,0.682286,0.785617,-0.495452,0.102779,-2.351972,1.767222
869,0.560746,0.595449,nan,0.102779,nan,1.517219
870,0.883736,0.988180,0.453160,0.102780,-2.429489,2.175151
871,0.688128,0.760442,nan,0.102780,nan,1.794873
872,0.825868,0.844703,-0.336001,0.102779,-1.289613,2.073536
873,0.810043,0.873388,nan,0.102779,nan,2.022475
874,0.902251,0.558302,-0.041956,0.102780,-4.968784,2.239683
875,0.806376,0.651651,nan,0.102780,nan,2.034675
876,0.547720,0.558950,-0.548041,0.102780,-4.097944,1.501451
877,0.421857,0.471037,nan,0.102780,nan,1.245003
878,0.554364,0.665027,0.781308,0.102782,-4.339268,1.523473
879,0.671428,0.838918,nan,0.102782,nan,1.740814
880,0.688997,0.685949,-0.530612,0.102782,-1.553891,1.783919
881,0.471642,0.699221,nan,0.102782,nan,1.346184
882,0.743358,0.647607,0.635124,0.102783,-3.850656,1.904296
883,0.805934,0.925613,nan,0.102783,nan,2.038599
884,0.930989,0.713787,-1.104523,0.102784,-4.033710,2.306707
885,0.721079,0.836482,nan,0.102784,nan,1.877014
886,0.795741,0.716395,-0.263630,0.102785,-5.706814,2.011856
887,0.564365,0.599398,nan,0.102785,nan,1.534123
888,0.843272,0.524651,-0.309969,0.102788,-4.271083,2.137466
889,0.586431,0.502220,nan,0.102788,nan,1.591243
890,0.948748,0.723879,0.282934,0.102790,-3.494513,2.312648
891,0.777199,0.709095,nan,0.102790,nan,1.969134
892,0.687986,0.462936,0.204508,0.102791,-2.248111,1.803183
893,0.960157,0.979800,nan,0.102791,nan,2.340965
894,0.788752,0.804161,-0.467024,0.102793,-3.767187,1.992932
895,0.477215,0.493061,nan,0.102793,nan,1.343988
896,0.704741,0.507958,-1.148625,0.102793,-0.819924,1.837343
897,0.778102,0.775229,nan,0.102793,nan,1.986333
898,0.699771,0.717264,0.160422,0.102794,-4.343162,1.787683
899,0.778989,0.778052,nan,0.102794,nan,1.955252
900,0.664749,0.495481,0.461466,0.102795,-4.438010,1.763924
901,0.536947,0.422231,nan,0.102795,nan,1.477982
902,0.742507,0.687188,0.178086,0.102797,-3.564713,1.891706
903,0.756475,0.667953,nan,0.102797,nan,1.938444
904,0.742693,0.901357,-1.660273,0.102798,-1.964593,1.915511
905,1.247567,0.990072,nan,0.102798,nan,2.965144
906,0.993065,1.080502,-1.810834,0.102799,-4.361913,2.444051
907,0.662365,1.015961,nan,0.102799,nan,1.749678
908,0.779018,0.782821,0.999980,0.102801,-5.430288,1.964624
909,1.186616,1.605802,nan,0.102801,nan,2.811054
910,0.472368,1.318319,0.151478,0.102802,-2.493820,1.339635
911,0.599874,0.709124,nan,0.102802,nan,1.624970
912,0.600020,1.008652,-0.251870,0.102804,-4.208700,1.621661
913,0.510782,1.399084,nan,0.102804,nan,1.442114
914,0.770484,1.253688,-1.416992,0.102805,-2.417868,1.963523
915,0.862421,0.881498,nan,0.102805,nan,2.180997
916,0.725673,1.023128,1.043543,0.102807,-3.668671,1.874927
917,0.896522,0.804184,nan,0.102807,nan,2.239785
918,0.834384,0.720895,-1.403259,0.102808,-2.743715,2.104089
919,0.685633,0.695877,nan,0.102808,nan,1.790429
920,0.759284,0.756197,-0.278479,0.102809,-3.235091,1.965429
921,0.520427,0.666179,nan,0.102809,nan,1.464348
922,1.370940,1.296327,1.629149,0.102810,-3.072069,3.220704
923,1.570548,1.535774,nan,0.102810,nan,3.621901
924,1.032719,1.188545,-0.434250,0.102811,-4.492394,2.512239
925,1.099287,1.120675,nan,0.102811,nan,2.686219
926,1.064658,1.150168,-1.123311,0.102812,-1.044864,2.605219
927,0.862170,1.026546,nan,0.102812,nan,2.195940
928,0.823490,0.872423,0.978656,0.102812,-2.256377,2.107886
929,0.752613,1.014708,nan,0.102812,nan,1.921397
930,0.683940,0.769070,-0.180796,0.102812,-4.468544,1.783314
931,0.633213,0.767389,nan,0.102812,nan,1.650274
932,0.646173,0.888799,-1.856734,0.102813,-5.249837,1.694345
933,0.911162,0.924976,nan,0.102813,nan,2.280431
934,0.725139,0.781649,-0.693046,0.102815,-5.001669,1.887726
935,0.428505,0.431202,nan,0.102815,nan,1.241415
936,0.591142,0.656122,-1.070389,0.102817,-3.313114,1.618995
937,0.909326,1.009458,nan,0.102817,nan,2.272555
938,0.632243,0.772542,-0.201667,0.102818,-2.231548,1.696451
939,0.361666,0.390743,nan,0.102818,nan,1.146693
940,0.616728,1.297522,0.452044,0.102820,-3.206207,1.675943
941,0.630168,0.583355,nan,0.102820,nan,1.729798
942,0.671376,0.714325,-0.367724,0.102820,-1.933169,1.790627
943,0.742459,0.731715,nan,0.102820,nan,1.945020
944,0.723617,0.766713,-0.161503,0.102821,-3.885232,1.893526
945,0.565449,0.508406,nan,0.102821,nan,1.583077
946,0.593756,0.589912,1.199461,0.102821,-1.452093,1.587137
947,0.613812,0.617013,nan,0.102821,nan,1.622491
948,0.839631,0.829639,-0.264782,0.102822,-4.724520,2.114877
949,0.971003,0.979961,nan,0.102822,nan,2.391284
950,0.858957,0.848278,-0.083307,0.102822,-1.910440,2.170738
951,0.421011,0.438171,nan,0.102822,nan,1.272972
952,0.495163,0.954743,1.518475,0.102822,-2.947368,1.437118
953,0.673293,1.059336,nan,0.102822,nan,1.798329
954,0.526811,0.546672,0.008052,0.102822,-3.165492,1.491184
955,0.467528,0.553410,nan,0.102822,nan,1.363288
956,0.713816,0.756629,0.117747,0.102822,-3.597471,1.867963
957,0.716579,0.743150,nan,0.102822,nan,1.846271
958,0.713745,0.537354,1.430207,0.102822,-1.720650,1.843036
959,1.189182,1.455522,nan,0.102822,nan,2.775377
960,0.703233,0.814257,-1.039558,0.102822,-4.423672,1.793618
961,0.861215,0.909552,nan,0.102822,nan,2.129352
962,0.722416,1.042830,-0.402024,0.102822,-2.455453,1.860534
963,0.639617,0.730650,nan,0.102822,nan,1.689355
964,0.812574,0.826991,1.822046,0.102822,-4.057569,2.038740
965,0.778145,1.374157,nan,0.102822,nan,1.971028
966,0.863880,1.087966,-1.897894,0.102822,-2.057232,2.170117
967,0.847895,1.105810,nan,0.102822,nan,2.150035
968,0.707175,1.160355,-0.417605,0.102821,-2.382565,1.840881
969,0.678631,0.946333,nan,0.102821,nan,1.790466
970,0.636210,0.686329,1.296387,0.102821,-3.206792,1.704326
971,0.468208,0.566630,nan,0.102821,nan,1.358795
972,0.864206,1.020639,0.663657,0.102820,-2.010804,2.149209
973,0.326743,0.427609,nan,0.102820,nan,1.050706
974,0.478300,0.602988,-0.225717,0.102818,-1.505460,1.366760
975,0.475204,0.515433,nan,0.102818,nan,1.344873
976,0.942513,0.641312,1.468753,0.102817,-2.377994,2.315683
977,0.481851,0.513507,nan,0.102817,nan,1.312970
978,0.784683,0.768856,-1.467930,0.102815,-4.173606,1.990136
979,0.740197,0.678574,nan,0.102815,nan,1.918122
980,1.085035,1.396521,1.699262,0.102813,0.257182,2.604461
981,1.127845,0.970072,nan,0.102813,nan,2.691095
982,0.842409,0.764152,1.317257,0.102811,-3.674900,2.102237
983,0.608626,0.801802,nan,0.102811,nan,1.640058
984,0.958194,0.808405,-0.929165,0.102809,-1.775406,2.354727
985,0.916704,1.028048,nan,0.102809,nan,2.250949
986,0.877194,0.745239,1.210910,0.102806,-2.102677,2.151441
987,1.148575,1.156819,nan,0.102806,nan,2.695425
988,0.647278,0.597791,0.088773,0.102804,-2.102098,1.698038
989,0.762646,0.757541,nan,0.102804,nan,1.918502
990,1.301681,1.117004,0.473383,0.102801,-3.330946,2.986279
991,0.684997,0.666616,nan,0.102801,nan,1.748955
992,0.627103,0.598501,-0.404857,0.102800,-4.682572,1.661372
993,0.773511,0.580914,nan,0.102800,nan,1.962595
994,0.577872,0.682832,0.691479,0.102798,-1.194912,1.518330
995,0.540853,0.450407,nan,0.102798,nan,1.424259
996,0.585366,0.673421,-0.797080,0.102796,-3.573229,1.523512
997,0.856196,0.687751,nan,0.102796,nan,2.125466
998,0.846863,0.853734,0.201428,0.102794,-2.591015,2.096532
999,0.483013,0.522953,nan,0.102794,nan,1.320412
1000,0.377253,0.497265,1.454593,0.102792,-1.893300,1.102615
1001,0.982917,1.077970,nan,0.102792,nan,2.343330
1002,0.540501,0.616326,0.827654,0.102790,-2.370037,1.455801
1003,0.861965,0.903131,nan,0.102790,nan,2.120930
1004,0.702497,0.827145,0.710880,0.102787,-1.733538,1.767043
1005,0.539388,0.492308,nan,0.102787,nan,1.418864
1006,0.978120,1.006755,-0.507567,0.102785,-2.811838,2.332648
1007,0.479099,0.580952,nan,0.102785,nan,1.294702
1008,0.498439,0.445214,1.209549,0.102781,-0.532426,1.336854
1009,0.311320,0.327543,nan,0.102781,nan,0.961621
1010,0.965347,0.936744,-1.192556,0.102778,-2.856889,2.312093
1011,0.875198,0.972072,nan,0.102778,nan,2.156455
1012,0.771946,0.819996,-0.144395,0.102774,-1.275376,1.928112
1013,0.698865,0.706952,nan,0.102774,nan,1.779600
1014,0.482135,0.666525,2.590745,0.102771,-2.563487,1.305888
1015,0.729115,0.784860,nan,0.102771,nan,1.779295
1016,0.830975,0.919397,-0.946576,0.102767,-2.815267,2.002691
1017,0.622336,0.782974,nan,0.102767,nan,1.581989
1018,0.352547,0.365610,2.676121,0.102764,-2.812604,0.990134
1019,0.813059,0.979020,nan,0.102764,nan,1.987990
1020,0.851566,1.297002,2.260022,0.102761,-3.004578,2.096147
1021,0.945466,0.982665,nan,0.102761,nan,2.297622
1022,0.702714,0.855987,2.108116,0.102759,-3.563542,1.840701
1023,1.485352,1.303104,nan,0.102759,nan,3.402600
1024,0.630800,0.739565,1.258392,0.102756,-1.644003,1.690940
1025,1.106445,0.846041,nan,0.102756,nan,2.598539
1026,0.777272,0.919018,1.562139,0.102753,-1.991435,1.935776
1027,1.026608,0.923656,nan,0.102753,nan,2.415297
1028,1.037277,1.039979,0.012357,0.102749,0.405886,2.374010
1029,1.047441,0.987906,nan,0.102749,nan,2.439718
1030,1.019805,0.954967,1.294807,0.102745,-3.928737,2.363986
1031,0.915560,0.831725,nan,0.102745,nan,2.086945
1032,0.613323,0.622328,1.640326,0.102743,-4.327869,1.507337
1033,0.548628,0.573413,nan,0.102743,nan,1.425496
1034,0.576405,0.592480,0.834115,0.102741,-3.553082,1.532938
1035,0.645474,0.647113,nan,0.102741,nan,1.687083
1036,0.495508,0.470433,0.895783,0.102738,-1.661754,1.388192
1037,0.532047,0.585902,nan,0.102738,nan,1.425389
1038,0.602126,0.607292,0.355145,0.102735,-1.320366,1.544621
1039,0.660017,0.732635,nan,0.102735,nan,1.637702
1040,0.663829,0.679018,1.148391,0.102732,-2.268401,1.662226
1041,0.725281,0.749726,nan,0.102732,nan,1.791484
1042,0.738977,0.714088,0.337232,0.102728,-1.390651,1.816960
1043,0.668738,0.779193,nan,0.102728,nan,1.681054
1044,0.570707,0.442562,1.235583,0.102724,-2.426634,1.512677
1045,0.633374,0.620707,nan,0.102724,nan,1.632827
1046,0.708977,0.526066,0.801170,0.102721,-2.765077,1.791898
1047,0.769829,0.765536,nan,0.102721,nan,1.905502
1048,0.691109,0.827211,1.384799,0.102718,-3.766665,1.730596
1049,0.850482,0.802224,nan,0.102718,nan,2.041941
1050,0.649296,1.065059,1.702024,0.102716,-3.508146,1.631743
1051,0.829128,0.813772,nan,0.102716,nan,1.985770
1052,0.778950,0.953310,0.752608,0.102712,0.512740,1.904072
1053,0.932360,1.023718,nan,0.102712,nan,2.202257
1054,0.553763,0.603273,1.502899,0.102708,-1.463545,1.414502
1055,0.906517,0.754911,nan,0.102708,nan,2.194957
1056,1.150831,0.740777,1.388889,0.102704,-1.873092,2.673885
1057,0.649854,0.622103,nan,0.102704,nan,1.649625
1058,1.094128,0.901443,-0.364581,0.102699,-1.910466,2.547613
1059,0.798364,1.068194,nan,0.102699,nan,1.961870
1060,0.862520,0.764167,0.378385,0.102695,-2.785367,2.072009
1061,0.835256,0.872866,nan,0.102695,nan,1.991263
1062,0.986256,0.815835,1.538940,0.102692,-2.587028,2.327156
1063,0.973757,0.809230,nan,0.102692,nan,2.289831
1064,0.491238,0.513528,0.239397,0.102687,-0.300583,1.302946
1065,0.708105,0.702321,nan,0.102687,nan,1.743904
1066,0.521582,0.718267,1.047266,0.102682,-1.728161,1.372986
1067,0.694511,0.694932,nan,0.102682,nan,1.738005
1068,0.539779,0.464554,1.139259,0.102678,-3.627950,1.443401
1069,0.861294,0.882414,nan,0.102678,nan,2.077647
1070,0.495317,0.524920,1.827603,0.102674,-2.947917,1.338003
1071,0.608011,0.705086,nan,0.102674,nan,1.554801
1072,0.684222,0.705534,0.723951,0.102671,-4.216612,1.695933
1073,0.732744,0.766553,nan,0.102671,nan,1.797920
1074,0.612729,0.768464,1.096879,0.102667,-0.671663,1.550618
1075,0.819059,0.884583,nan,0.102667,nan,1.968299
1076,0.714943,0.654542,1.300488,0.102664,-3.054882,1.754240
1077,0.729439,0.685937,nan,0.102664,nan,1.775908
1078,0.677212,0.538015,0.908818,0.102661,-3.010262,1.687034
1079,0.830355,0.743250,nan,0.102661,nan,1.997437
1080,0.898029,0.942430,2.058374,0.102658,-2.826587,2.115402
1081,0.630360,0.511527,nan,0.102658,nan,1.603547
1082,0.592654,0.904948,1.610230,0.102655,-2.677398,1.517681
1083,0.710054,0.713916,nan,0.102655,nan,1.763928
1084,0.627872,0.625683,2.080252,0.102653,-4.683616,1.600629
1085,0.870826,0.819305,nan,0.102653,nan,2.083369
1086,0.850076,0.809618,1.216043,0.102651,-2.395619,2.065249
1087,0.602424,0.627546,nan,0.102651,nan,1.561889
1088,0.758115,0.641443,1.841539,0.102648,-1.966693,1.873343
1089,0.734155,0.641259,nan,0.102648,nan,1.818547
1090,0.992105,0.720283,2.178878,0.102646,-2.962388,2.371762
1091,0.999423,0.970257,nan,0.102646,nan,2.366315
1092,0.503261,0.590613,1.179435,0.102644,-2.603724,1.327667
1093,0.825066,0.768208,nan,0.102644,nan,1.999907
1094,0.673678,0.830572,1.016117,0.102641,-2.144545,1.692013
1095,0.596501,0.578339,nan,0.102641,nan,1.536682
1096,0.644134,0.714390,1.680730,0.102639,-2.641078,1.607968
1097,0.859811,0.866396,nan,0.102639,nan,2.057005
1098,0.892103,0.770667,1.121505,0.102637,-4.688208,2.163017
1099,0.510285,0.530090,nan,0.102637,nan,1.364979
1100,0.551626,0.584063,2.714715,0.102636,-3.123816,1.443749
1101,0.551675,0.454693,nan,0.102636,nan,1.461557
1102,0.842828,0.985799,0.515191,0.102634,-2.448022,2.055182
1103,0.645399,0.804327,nan,0.102634,nan,1.654508
1104,0.445606,0.587459,1.529601,0.102633,-2.651231,1.250478
1105,0.755801,0.759310,nan,0.102633,nan,1.865417
1106,0.622477,1.037723,2.006753,0.102631,-2.769886,1.609937
1107,0.461607,0.462935,nan,0.102631,nan,1.296896
1108,0.609913,0.536662,2.267298,0.102630,-3.372584,1.596409
1109,0.541440,0.554478,nan,0.102630,nan,1.454828
1110,0.765875,0.704519,1.570400,0.102628,-2.705634,1.904774
1111,0.844502,0.892885,nan,0.102628,nan,2.062376
1112,0.474629,0.469012,2.546789,0.102626,-0.352951,1.321459
1113,1.042438,0.730313,nan,0.102626,nan,2.490249
1114,0.836741,0.710305,0.476603,0.102622,-0.287491,2.057992
1115,0.804015,0.851250,nan,0.102622,nan,2.000936
1116,1.031426,0.985790,0.976731,0.102619,-3.245053,2.479280
1117,0.683435,0.757017,nan,0.102619,nan,1.757527
1118,0.548657,0.542215,3.104351,0.102615,0.545029,1.472772
1119,1.086341,0.770852,nan,0.102615,nan,2.576772
1120,0.962271,0.927868,0.587060,0.102610,-1.715047,2.310604
1121,0.990415,1.292864,nan,0.102610,nan,2.382042
1122,0.836384,0.962157,1.019785,0.102605,-2.087514,2.094350
1123,0.619682,0.862215,nan,0.102605,nan,1.638373
1124,0.937315,1.030670,3.256490,0.102601,-2.933803,2.250055
1125,1.149533,0.909489,nan,0.102601,nan,2.682212
1126,0.799564,0.836179,1.630990,0.102597,-1.755548,1.939205
1127,0.557549,0.666049,nan,0.102597,nan,1.483844
1128,0.740102,0.608998,2.504207,0.102593,-3.669633,1.876294
1129,0.533793,0.569122,nan,0.102593,nan,1.431581
1130,0.752267,1.016334,1.976095,0.102588,0.542365,1.892070
1131,0.847993,0.806836,nan,0.102588,nan,2.095281
1132,0.756433,0.833459,1.944007,0.102582,-1.713596,1.926121
1133,0.919919,0.971561,nan,0.102582,nan,2.266397
1134,0.558498,0.626547,3.036265,0.102578,-2.848423,1.520132
1135,0.922454,0.724088,nan,0.102578,nan,2.255007
1136,0.821609,0.718470,2.280639,0.102574,-3.892542,2.031048
1137,0.748494,0.669404,nan,0.102574,nan,1.930625
1138,0.756836,0.708430,2.443027,0.102570,-3.102882,1.929588
1139,1.032088,0.936905,nan,0.102570,nan,2.458602
1140,0.309536,0.321020,4.340027,0.102567,-2.587586,0.997161
1141,0.918788,1.013002,nan,0.102567,nan,2.210060
1142,0.914811,0.937546,1.678106,0.102563,-3.058204,2.199239
1143,0.650827,0.868488,nan,0.102563,nan,1.671908
1144,0.506525,0.469728,2.782547,0.102559,-0.314378,1.402345
1145,0.365309,0.490269,nan,0.102559,nan,1.095309
1146,0.576059,0.476900,2.575912,0.102555,-1.450863,1.537491
1147,0.775577,0.737042,nan,0.102555,nan,1.923008
1148,0.668238,0.521768,2.330768,0.102550,-1.498986,1.763223
1149,0.645371,0.485558,nan,0.102550,nan,1.721152
1150,0.514181,0.666898,2.580970,0.102546,-3.242265,1.414423
1151,0.670907,0.712388,nan,0.102546,nan,1.713279
1152,0.643806,1.011794,3.806393,0.102541,-1.425546,1.673017
1153,0.712851,0.949840,nan,0.102541,nan,1.780309
1154,0.624956,0.808474,2.185902,0.102536,-2.086249,1.629822
1155,0.553438,0.907172,nan,0.102536,nan,1.476472
1156,0.771725,0.607099,3.047800,0.102531,-1.279346,1.949669
1157,0.906499,0.964757,nan,0.102531,nan,2.212405
1158,0.453323,0.468397,3.142435,0.102527,-3.719970,1.292593
1159,0.904151,0.926443,nan,0.102527,nan,2.193308
1160,0.803722,1.177165,3.467262,0.102523,-1.460787,2.032863
1161,0.642066,0.459756,nan,0.102523,nan,1.713339
1162,0.651765,0.814345,3.029331,0.102518,-1.399457,1.693000
1163,0.545648,0.482953,nan,0.102518,nan,1.482246
1164,0.562717,0.742356,2.685458,0.102513,-3.302047,1.503018
1165,0.439104,0.448744,nan,0.102513,nan,1.253524
1166,0.530898,0.587714,2.887887,0.102510,-3.515655,1.425880
1167,0.365611,0.381381,nan,0.102510,nan,1.071181
1168,0.704477,0.626779,3.280649,0.102507,-3.864782,1.827950
1169,0.448831,0.461642,nan,0.102507,nan,1.266191
1170,0.545708,0.554213,3.157363,0.102504,-2.815224,1.465845
1171,0.455746,0.447634,nan,0.102504,nan,1.275212
1172,0.424959,0.617971,4.058250,0.102500,-1.599799,1.227202
1173,0.557425,0.694577,nan,0.102500,nan,1.477595
1174,0.544504,0.795577,2.729427,0.102498,-4.622668,1.439374
1175,0.691669,0.973876,nan,0.102498,nan,1.765154
1176,0.359188,0.432877,4.375349,0.102496,-4.227561,1.069952
1177,0.552180,1.042047,nan,0.102496,nan,1.476430
1178,0.558493,1.168747,3.959033,0.102495,-2.192588,1.508264
1179,0.826981,0.815093,nan,0.102495,nan,2.025844
1180,0.410499,0.514326,2.241827,0.102491,-0.032011,1.180859
1181,0.583412,0.599783,nan,0.102491,nan,1.541577
1182,0.578737,0.626610,2.625148,0.102488,-1.736320,1.538714
1183,0.872503,0.770142,nan,0.102488,nan,2.127717
1184,0.804665,0.677691,2.741782,0.102485,-3.982360,2.005168
1185,0.701058,0.746846,nan,0.102485,nan,1.784687
1186,0.719104,0.727546,2.343526,0.102483,-3.092462,1.835820
1187,0.549677,0.674725,nan,0.102483,nan,1.475473
1188,0.448098,0.447371,2.787428,0.102481,-4.292496,1.247023
1189,0.602571,0.659788,nan,0.102481,nan,1.590576
1190,0.739305,0.746686,3.278648,0.102479,-0.974619,1.888149
1191,0.669851,0.728954,nan,0.102479,nan,1.727195
1192,0.578739,0.646375,2.836494,0.102476,-1.693184,1.550100
1193,0.633264,0.671316,nan,0.102476,nan,1.659529
1194,0.547415,0.885910,3.351615,0.102473,-3.442224,1.475101
1195,0.633961,0.560176,nan,0.102473,nan,1.651295
1196,0.922623,0.893236,3.650090,0.102471,-3.899704,2.238468
1197,0.728459,0.698677,nan,0.102471,nan,1.836807
1198,0.601216,0.714209,3.081975,0.102470,-4.154605,1.580868
1199,0.854878,0.849685,nan,0.102470,nan,2.097759
1200,0.372814,0.496756,2.799748,0.102468,-2.060242,1.075882
1201,0.939942,0.950691,nan,0.102468,nan,2.272079
1202,0.469285,0.572827,2.057125,0.102467,-2.711998,1.306354
1203,0.472996,0.735156,nan,0.102467,nan,1.314707
1204,0.900865,1.023623,3.120240,0.102465,-2.873136,2.204833
1205,0.612548,0.721813,nan,0.102465,nan,1.613892
1206,0.630306,0.717697,2.163992,0.102463,-1.786198,1.639980
1207,0.706873,1.018458,nan,0.102463,nan,1.797466
1208,0.711403,0.850134,2.794416,0.102461,-3.752864,1.808952
1209,0.780790,1.022922,nan,0.102461,nan,1.970796
1210,0.524174,0.678128,2.361820,0.102459,-1.430243,1.423393
1211,0.833483,0.806185,nan,0.102459,nan,2.061653
1212,0.504942,0.753376,1.987076,0.102457,-2.483085,1.389507
1213,0.784515,0.764807,nan,0.102457,nan,1.984383
1214,0.554514,0.542557,2.706221,0.102453,-0.588528,1.514800
1215,0.530329,0.489337,nan,0.102453,nan,1.441846
1216,0.718277,0.697718,2.651383,0.102450,-2.790468,1.828555
1217,0.473112,0.494333,nan,0.102450,nan,1.352619
1218,0.449315,0.448718,1.978599,0.102447,-1.381841,1.296136
1219,0.527286,0.481967,nan,0.102447,nan,1.453643
1220,0.441952,0.513914,2.581200,0.102442,-0.276294,1.253434
1221,0.613861,0.706084,nan,0.102442,nan,1.610409
1222,0.519471,0.579172,1.732650,0.102437,-0.280670,1.434429
1223,0.406715,0.503930,nan,0.102437,nan,1.163079
1224,0.744549,0.941080,3.093164,0.102432,-3.455074,1.881731
1225,0.568311,0.645369,nan,0.102432,nan,1.522802
1226,0.557063,0.663261,2.038407,0.102427,-0.581831,1.503755
1227,0.775776,0.855862,nan,0.102427,nan,1.941835
1228,0.625570,0.527117,3.182780,0.102421,-1.451989,1.655169
1229,0.642071,0.694256,nan,0.102421,nan,1.659127
1230,0.707481,0.681453,2.665339,0.102415,-1.596204,1.789406
1231,0.519391,0.630751,nan,0.102415,nan,1.412029
1232,0.818152,0.931642,1.064959,0.102410,-2.937710,1.999863
1233,0.674554,0.447543,nan,0.102410,nan,1.779255
1234,0.744788,0.693392,1.515552,0.102404,-1.799733,1.896023
1235,0.643900,0.683634,nan,0.102404,nan,1.683847
1236,0.606637,0.573707,1.994875,0.102399,-1.191625,1.586366
1237,0.278204,0.291463,nan,0.102399,nan,0.912819
1238,0.413873,0.519809,1.750231,0.102392,-0.598638,1.179864
1239,0.554527,0.527510,nan,0.102392,nan,1.469804
1240,0.705617,0.694343,1.627978,0.102386,-2.879363,1.787299
1241,0.647721,0.695468,nan,0.102386,nan,1.656610
1242,0.440894,0.480307,2.233147,0.102381,-3.250689,1.214407
1243,0.721305,0.623106,nan,0.102381,nan,1.792566
1244,0.527223,0.519814,2.515423,0.102376,-2.839936,1.397637
1245,0.630450,0.638702,nan,0.102376,nan,1.612423
1246,0.594183,0.610757,2.469210,0.102372,-2.736235,1.519255
1247,0.502029,0.600710,nan,0.102372,nan,1.349375
1248,0.680499,0.705826,2.213602,0.102366,-0.209001,1.713816
1249,0.526130,0.570496,nan,0.102366,nan,1.401209
1250,0.584083,0.601682,2.269550,0.102361,-1.982127,1.501499
1251,0.589656,0.580537,nan,0.102361,nan,1.548150
1252,0.555935,0.587681,2.007367,0.102354,0.441571,1.477568
1253,0.565321,0.580451,nan,0.102354,nan,1.489818
1254,0.640786,0.667645,2.040041,0.102348,-1.722307,1.641980
1255,0.625041,0.736012,nan,0.102348,nan,1.609936
1256,0.489685,0.509954,2.132756,0.102342,-2.328319,1.309476
1257,0.476247,0.460069,nan,0.102342,nan,1.269998
1258,0.627991,0.665209,2.946152,0.102336,-2.810472,1.587869
1259,0.511499,0.463488,nan,0.102336,nan,1.348067
1260,0.548914,0.607934,1.110891,0.102328,1.464570,1.431287
1261,0.592003,0.590119,nan,0.102328,nan,1.527276
1262,0.646949,0.736973,2.770281,0.102321,-1.155816,1.611338
1263,0.797356,0.814430,nan,0.102321,nan,1.936003
1264,0.668887,0.683418,3.835412,0.102314,-1.735137,1.679194
1265,0.461065,0.576888,nan,0.102314,nan,1.256073
1266,0.504379,0.514950,1.345126,0.102306,-1.851783,1.320927
1267,0.749933,0.735613,nan,0.102306,nan,1.865227
1268,0.742528,0.872619,2.559045,0.102299,-2.017996,1.847361
1269,0.846260,1.026743,nan,0.102299,nan,2.046865
1270,0.523285,0.590072,3.068752,0.102293,-2.748232,1.376613
1271,0.658446,0.979570,nan,0.102293,nan,1.656741
1272,0.543986,0.764711,2.909896,0.102287,-2.758795,1.413299
1273,1.014187,0.997574,nan,0.102287,nan,2.367216
1274,0.701797,0.757377,1.767207,0.102280,-0.227189,1.750204
1275,0.679012,0.705744,nan,0.102280,nan,1.694939
1276,0.860165,0.924835,1.844494,0.102273,-0.979483,2.034163
1277,0.542102,0.532616,nan,0.102273,nan,1.395977
1278,0.558744,0.676619,3.101953,0.102266,-1.747053,1.418605
1279,0.644196,0.618059,nan,0.102266,nan,1.606527
1280,0.480548,0.386698,3.443514,0.102259,-2.521477,1.290330
1281,0.553644,0.548491,nan,0.102259,nan,1.438546
1282,0.726581,0.659595,3.798131,0.102252,-1.151145,1.789582
1283,0.458045,0.455857,nan,0.102252,nan,1.245846
1284,0.741604,0.668369,2.074620,0.102244,-0.080182,1.834068
1285,0.817482,0.769503,nan,0.102244,nan,1.992371
1286,0.955598,1.002874,4.070486,0.102237,-2.324945,2.267963
1287,0.803278,0.775729,nan,0.102237,nan,1.943840
1288,0.673668,0.737258,3.034796,0.102230,-1.785027,1.698048
1289,0.607936,0.624790,nan,0.102230,nan,1.552279
1290,0.653245,0.660236,3.362392,0.102222,-0.594520,1.614466
1291,0.712980,0.798257,nan,0.102222,nan,1.746283
1292,1.002527,0.930267,3.349349,0.102215,-2.072937,2.324218
1293,0.776300,0.738098,nan,0.102215,nan,1.891072
1294,0.535779,0.631279,3.610111,0.102208,-3.142847,1.378776
1295,0.593196,0.691323,nan,0.102208,nan,1.499872
1296,0.523185,0.550612,4.694368,0.102202,-1.192828,1.351336
1297,0.487374,0.632884,nan,0.102202,nan,1.272123
1298,0.381125,0.507767,3.518806,0.102195,-1.745832,1.042512
1299,0.412317,0.375700,nan,0.102195,nan,1.127860
1300,0.565574,0.700436,3.089149,0.102187,0.013859,1.444848
1301,0.585938,0.513448,nan,0.102187,nan,1.509543
1302,0.672458,0.676308,4.473030,0.102180,-1.940509,1.678016
1303,0.546976,0.482715,nan,0.102180,nan,1.395118
1304,0.779100,0.812011,3.483869,0.102171,0.727611,1.879656
1305,0.482729,0.526724,nan,0.102171,nan,1.303489
1306,0.535835,0.611792,3.536105,0.102163,-2.523619,1.411039
1307,0.547913,0.595957,nan,0.102163,nan,1.449469
1308,0.552423,0.598350,4.419242,0.102156,-2.902233,1.452643
1309,0.388599,0.461496,nan,0.102156,nan,1.099309
1310,0.895717,0.993785,4.131909,0.102149,-1.616636,2.116762
1311,0.837379,0.977297,nan,0.102149,nan,2.005524
1312,0.713431,0.635465,2.985541,0.102142,-2.450026,1.775539
1313,0.886738,0.972420,nan,0.102142,nan,2.117270
1314,0.499628,0.541322,3.836055,0.102135,-1.771727,1.306433
1315,0.905209,0.791596,nan,0.102135,nan,2.156549
1316,0.742881,0.832728,3.833063,0.102129,-2.038783,1.805699
1317,0.490251,0.464664,nan,0.102129,nan,1.316537
1318,0.723184,0.702256,3.756685,0.102121,1.202902,1.748561
1319,0.570481,0.559268,nan,0.102121,nan,1.450620
1320,0.553157,0.629377,4.103626,0.102112,-0.404540,1.393446
1321,0.721523,0.800843,nan,0.102112,nan,1.748251
1322,0.628185,0.617300,4.151019,0.102105,-3.137905,1.581804
1323,0.726780,0.806042,nan,0.102105,nan,1.771853
1324,0.759779,0.610271,4.261969,0.102099,-4.340896,1.841777
1325,0.765291,0.752587,nan,0.102099,nan,1.853745
1326,0.648277,0.727699,3.767023,0.102092,-0.233155,1.612616
1327,0.683798,0.714665,nan,0.102092,nan,1.684940
1328,0.612106,0.626803,2.668052,0.102085,-1.383972,1.551129
1329,0.856290,0.760614,nan,0.102085,nan,2.061673
1330,1.037541,1.136600,3.178346,0.102077,-1.726981,2.431944
1331,0.570723,0.877104,nan,0.102077,nan,1.489902
1332,0.874529,0.861707,4.070798,0.102070,-0.204403,2.067796
1333,1.027750,1.030265,nan,0.102070,nan,2.391691
1334,0.523126,0.629622,4.251120,0.102062,-2.115639,1.353157
1335,0.570416,0.587803,nan,0.102062,nan,1.466634
1336,0.679569,0.696693,4.386796,0.102054,0.886459,1.666286
1337,0.386149,0.437955,nan,0.102054,nan,1.074743
1338,0.437177,0.466244,3.938065,0.102046,-2.366345,1.176605
1339,0.751790,0.748906,nan,0.102046,nan,1.832058
1340,0.537385,0.609636,5.519816,0.102038,-2.472165,1.381191
1341,0.652168,0.633197,nan,0.102038,nan,1.604682
1342,0.876840,0.963170,4.249637,0.102029,1.314984,2.067341
1343,0.634338,0.657164,nan,0.102029,nan,1.592988
1344,0.670788,0.706558,4.325755,0.102021,-1.121432,1.670577
1345,0.488035,0.555781,nan,0.102021,nan,1.331398
1346,0.607953,0.625518,4.294762,0.102011,-0.714179,1.553388
1347,1.180690,1.164371,nan,0.102011,nan,2.703849
1348,1.122540,1.167430,5.327582,0.102003,-3.541067,2.574421
1349,0.682215,0.746693,nan,0.102003,nan,1.696707
1350,0.487668,0.466879,3.554730,0.101994,1.578382,1.312180
1351,0.776073,0.740846,nan,0.101994,nan,1.899158
1352,1.241404,1.248088,3.711159,0.101985,-1.190223,2.821323
1353,0.724465,0.731261,nan,0.101985,nan,1.789201
1354,0.806242,0.779273,4.429353,0.101975,-0.784450,1.955881
1355,0.868346,0.859037,nan,0.101975,nan,2.062237
1356,0.711839,0.732555,4.745363,0.101965,0.416860,1.740788
1357,0.984184,0.896391,nan,0.101965,nan,2.315312
1358,1.091893,1.056596,3.968385,0.101955,-1.387790,2.525810
1359,0.895743,0.957627,nan,0.101955,nan,2.124079
1360,1.110803,0.905573,5.276943,0.101946,-3.375763,2.546371
1361,1.009768,1.054065,nan,0.101946,nan,2.333095
1362,0.781790,0.664334,3.390191,0.101938,-1.760911,1.905785
1363,0.899465,0.692921,nan,0.101938,nan,2.150796
1364,0.933831,0.901709,4.203522,0.101929,-1.588720,2.204346
1365,1.183340,1.151492,nan,0.101929,nan,2.691101
1366,0.467823,0.499539,4.479190,0.101921,-2.145200,1.222916
1367,0.749534,0.728260,nan,0.101921,nan,1.843018
1368,0.790806,0.620849,4.589852,0.101913,-0.887347,1.912808
1369,1.044209,1.045593,nan,0.101913,nan,2.418248
1370,0.966130,0.968128,4.349735,0.101904,-0.016149,2.256453
1371,0.842956,0.828037,nan,0.101904,nan,2.011292
1372,0.711949,0.673054,3.962019,0.101895,-0.762657,1.750563
1373,1.147463,1.103895,nan,0.101895,nan,2.662774
1374,0.924318,0.914674,4.240717,0.101886,-2.319499,2.182673
1375,0.490602,0.487720,nan,0.101886,nan,1.317283
1376,0.716221,0.773715,3.900029,0.101878,-2.565224,1.788658
1377,1.028867,1.017451,nan,0.101878,nan,2.439040
1378,0.658931,0.670092,4.002337,0.101870,-0.528594,1.684650
1379,0.391636,0.398736,nan,0.101870,nan,1.121455
1380,0.623666,0.717577,5.412671,0.101861,0.013648,1.610269
1381,0.727981,0.722658,nan,0.101861,nan,1.822628
1382,0.611717,0.628153,3.917175,0.101851,0.221066,1.592093
1383,0.659144,0.615186,nan,0.101851,nan,1.697607
1384,0.519375,0.549165,4.623799,0.101841,-0.110510,1.416539
1385,0.703876,0.717151,nan,0.101841,nan,1.777969
1386,0.881865,0.875655,3.521909,0.101831,-1.266471,2.172236
1387,0.639430,0.658131,nan,0.101831,nan,1.681287
1388,1.029319,0.984783,3.676883,0.101822,-2.073157,2.487648
1389,0.777667,0.695977,nan,0.101822,nan,1.964163
1390,0.760434,0.764218,4.043219,0.101812,-1.054054,1.922880
1391,1.142065,1.183866,nan,0.101812,nan,2.712934
1392,0.748936,0.711924,4.446895,0.101803,-1.124087,1.933604
1393,1.038423,0.980520,nan,0.101803,nan,2.520259
1394,0.917356,0.863139,4.068514,0.101793,0.432396,2.256940
1395,0.896640,0.878401,nan,0.101793,nan,2.212419
1396,1.059805,1.057182,3.998677,0.101782,0.941515,2.551650
1397,0.722308,0.807393,nan,0.101782,nan,1.852691
1398,1.161427,1.124290,4.856967,0.101771,-1.226444,2.732843
1399,0.871027,0.883622,nan,0.101771,nan,2.172203
1400,0.896524,0.929346,3.740105,0.101761,-1.562909,2.228254
1401,0.841091,0.825969,nan,0.101761,nan,2.172721
1402,0.887561,0.990788,3.377081,0.101751,-2.928551,2.234939
1403,0.909607,1.128915,nan,0.101751,nan,2.289597
1404,0.782698,0.923964,4.991972,0.101742,-1.217285,1.978912
1405,0.840788,0.832918,nan,0.101742,nan,2.105082
1406,1.119267,1.185367,5.026240,0.101732,0.218759,2.678562
1407,0.657632,0.547679,nan,0.101732,nan,1.768864
1408,0.586686,0.573144,4.513548,0.101722,-0.690100,1.585238
1409,0.874860,0.880327,nan,0.101722,nan,2.186624
1410,0.739295,0.738677,5.645773,0.101712,-0.594114,1.881512
1411,0.947947,0.896484,nan,0.101712,nan,2.342127
1412,0.894911,0.909592,4.768001,0.101701,-0.807156,2.237484
1413,1.110847,1.046313,nan,0.101701,nan,2.671441
1414,0.575250,0.602252,4.254300,0.101692,-2.342335,1.548648
1415,1.031436,1.018110,nan,0.101692,nan,2.517645
1416,0.785728,0.835452,4.123791,0.101682,-0.355549,2.024485
1417,0.824035,0.813572,nan,0.101682,nan,2.124547
1418,0.771629,0.795121,5.131111,0.101671,1.701275,1.996469
1419,1.074961,1.026463,nan,0.101671,nan,2.593131
1420,0.779967,0.710486,5.192808,0.101661,-2.608563,2.006876
1421,0.595615,0.564615,nan,0.101661,nan,1.625173
1422,0.713300,0.591662,5.002854,0.101650,-0.787750,1.887034
1423,0.779522,0.790046,nan,0.101650,nan,2.032933
1424,0.942588,0.913341,4.255741,0.101639,0.582063,2.344320
1425,0.776445,0.766545,nan,0.101639,nan,2.001215
1426,1.014598,1.004232,4.346696,0.101628,-0.153656,2.506946
1427,0.847939,0.836194,nan,0.101628,nan,2.182667
1428,0.519627,0.579142,6.003798,0.101617,0.032230,1.480749
1429,0.902480,0.919614,nan,0.101617,nan,2.275854
1430,0.709351,0.784849,6.619860,0.101606,-2.918525,1.878150
1431,1.385094,1.399151,nan,0.101606,nan,3.255607
1432,0.691209,0.615357,4.526984,0.101596,-2.160976,1.848932
1433,1.024344,0.990076,nan,0.101596,nan,2.553162
1434,0.640208,0.660984,5.252594,0.101587,-1.738243,1.732875
1435,0.740282,0.789758,nan,0.101587,nan,1.927765
1436,0.655404,0.686484,6.075751,0.101577,-0.138435,1.744228
1437,0.614962,0.718303,nan,0.101577,nan,1.660250
1438,0.758959,0.704451,5.562801,0.101567,-1.516806,1.956492
1439,1.011597,1.014939,nan,0.101567,nan,2.461560
1440,1.012036,0.953524,5.690598,0.101558,-1.555126,2.481260
1441,0.672258,0.653711,nan,0.101558,nan,1.789024
1442,0.956437,0.991892,5.462959,0.101547,0.989830,2.370343
1443,0.672834,0.687833,nan,0.101547,nan,1.791662
1444,0.789898,0.846278,5.393432,0.101537,-1.725940,2.038528
1445,0.999845,0.922761,nan,0.101537,nan,2.475592
1446,0.518349,0.626381,6.237926,0.101528,-2.083205,1.442896
1447,0.624719,0.759968,nan,0.101528,nan,1.670302
1448,0.711057,0.693654,5.412906,0.101518,0.303753,1.865265
1449,0.559345,0.487965,nan,0.101518,nan,1.566336
1450,1.021989,1.108737,5.435623,0.101507,0.787306,2.514407
1451,0.946234,0.934041,nan,0.101507,nan,2.299467
1452,1.106058,1.151273,6.046688,0.101495,0.812445,2.653879
1453,0.931490,0.960191,nan,0.101495,nan,2.343654
1454,0.819158,0.787178,6.382606,0.101484,-1.139292,2.078840
1455,0.732383,0.688181,nan,0.101484,nan,1.897275
1456,0.774821,0.821040,5.420204,0.101473,-0.574986,1.953386
1457,1.345199,0.862871,nan,0.101473,nan,3.190918
1458,0.855956,0.657284,5.654552,0.101462,-0.933493,2.179580
1459,0.642630,0.533617,nan,0.101462,nan,1.717416
1460,0.941710,0.700567,7.205488,0.101452,-2.821758,2.346681
1461,0.718855,0.671153,nan,0.101452,nan,1.843927
1462,1.126361,0.904761,4.968550,0.101441,-0.391589,2.739870
1463,1.132959,0.764132,nan,0.101441,nan,2.750287
1464,1.083162,0.592373,5.462803,0.101430,1.265376,2.661761
1465,0.678494,0.663459,nan,0.101430,nan,1.817894
1466,0.836664,0.642534,6.681617,0.101418,-0.247790,2.110948
1467,0.774786,0.742920,nan,0.101418,nan,1.953986
1468,0.660109,0.545222,5.545290,0.101407,-1.487674,1.761440
1469,1.015087,0.845470,nan,0.101407,nan,2.490554
1470,0.978637,0.851386,6.337734,0.101397,-1.497513,2.423272
1471,0.644058,0.462142,nan,0.101397,nan,1.713842
1472,0.877233,0.841888,6.562487,0.101387,-2.626486,2.195215
1473,1.069951,1.070469,nan,0.101387,nan,2.578201
1474,1.103395,0.976381,5.848189,0.101377,-1.033375,2.653791
1475,0.776283,0.804419,nan,0.101377,nan,1.976235
1476,0.946997,0.926101,6.715517,0.101367,0.213981,2.330454
1477,0.931010,0.916517,nan,0.101367,nan,2.312491
1478,0.820044,0.830020,5.757728,0.101356,-0.709518,2.102354
1479,1.057863,1.168326,nan,0.101356,nan,2.592929
1480,0.648898,0.765999,5.597151,0.101346,-0.413226,1.715992
1481,0.783897,0.861772,nan,0.101346,nan,2.005634
1482,0.536219,0.494549,7.162247,0.101335,-1.208549,1.471699
1483,0.919790,0.875047,nan,0.101335,nan,2.303048
1484,0.663395,0.672789,6.060516,0.101324,0.369758,1.748156
1485,1.046734,1.074028,nan,0.101324,nan,2.545238
1486,0.799595,0.820452,4.945855,0.101314,-2.798069,2.061465
1487,1.185359,1.112119,nan,0.101314,nan,2.860488
1488,0.819255,0.799826,6.204748,0.101304,0.161752,2.050748
1489,0.846090,0.850736,nan,0.101304,nan,2.105164
1490,0.505563,0.440020,6.602802,0.101294,-2.784857,1.445632
1491,0.844184,0.838655,nan,0.101294,nan,2.148961
1492,0.703284,0.737067,6.142472,0.101284,0.359786,1.833342
1493,0.571593,0.566453,nan,0.101284,nan,1.551835
1494,0.859310,0.832017,6.262228,0.101274,-0.914626,2.152807
1495,0.685159,0.818847,nan,0.101274,nan,1.803687
1496,0.679759,0.641340,6.225937,0.101264,-0.941316,1.786621
1497,0.662987,0.700347,nan,0.101264,nan,1.737718
1498,0.687226,0.745999,7.006248,0.101254,-2.274161,1.805007
1499,0.441927,0.498075,nan,0.101254,nan,1.287318
1500,0.646474,0.607761,5.064801,0.101244,0.937018,1.735796
1501,0.857248,0.946203,nan,0.101244,nan,2.189751
1502,0.623293,0.697531,6.414254,0.101234,-1.899808,1.653060
1503,0.654082,0.622751,nan,0.101234,nan,1.720739
1504,0.735982,0.746718,6.038555,0.101223,0.985356,1.901234
1505,0.904387,0.966060,nan,0.101223,nan,2.233096
1506,0.604699,0.635739,6.299204,0.101213,-2.226421,1.601316
1507,0.887985,0.893404,nan,0.101213,nan,2.194963
1508,0.647923,0.622435,7.601413,0.101203,-0.474215,1.683486
1509,0.533523,0.604124,nan,0.101203,nan,1.489011
1510,0.657225,0.698352,5.694632,0.101192,-0.479035,1.748172
1511,0.937953,0.786309,nan,0.101192,nan,2.331997
1512,1.117817,1.122565,5.372807,0.101182,-0.526000,2.697014
1513,1.149867,1.152436,nan,0.101182,nan,2.746651
1514,0.971545,0.941188,6.909460,0.101172,-2.847685,2.384864
1515,1.155739,1.231005,nan,0.101172,nan,2.765418
1516,0.719261,0.719138,6.809179,0.101161,1.572726,1.885700
1517,0.529808,0.508056,nan,0.101161,nan,1.475181
1518,1.017058,0.966203,4.435231,0.101150,1.847613,2.479698
1519,0.995191,1.014677,nan,0.101150,nan,2.456532
1520,0.855162,0.952781,5.858919,0.101138,-0.561140,2.159970
1521,1.121836,1.185525,nan,0.101138,nan,2.704256
1522,0.748812,0.828521,7.088828,0.101127,-1.887040,1.908103
1523,0.789049,0.833532,nan,0.101127,nan,1.989013
1524,0.647667,0.537840,6.669278,0.101116,-2.307250,1.720030
1525,0.650802,0.557522,nan,0.101116,nan,1.758100
1526,0.493065,0.464615,6.756550,0.101107,-2.901537,1.405914
1527,0.690854,0.569901,nan,0.101107,nan,1.834339
1528,0.589480,0.721886,6.537947,0.101097,-0.460255,1.627874
1529,0.799096,0.850881,nan,0.101097,nan,2.061835
1530,0.552776,0.452342,7.380250,0.101087,-1.202691,1.563921
1531,0.779831,0.654982,nan,0.101087,nan,1.982958
1532,0.744786,0.706578,5.507559,0.101078,-1.120379,1.946386
1533,0.820310,0.773795,nan,0.101078,nan,2.096108
1534,0.802653,0.806995,7.045690,0.101069,-2.310184,2.006255
1535,0.975464,0.857363,nan,0.101069,nan,2.413033
1536,0.799044,0.829005,7.641290,0.101059,-0.186654,2.040475
1537,0.743752,0.701868,nan,0.101059,nan,1.918436
1538,1.374949,1.245380,5.271855,0.101050,-2.069944,3.237639
1539,1.174792,1.028186,nan,0.101050,nan,2.824700
1540,1.004157,0.940241,6.858110,0.101041,-0.463867,2.476997
1541,1.104723,0.919675,nan,0.101041,nan,2.663942
1542,1.101020,1.043991,8.527412,0.101032,-1.461483,2.658295
1543,0.940070,0.752261,nan,0.101032,nan,2.353503
1544,1.134404,1.011556,6.890407,0.101022,1.255038,2.717814
1545,0.764536,0.887711,nan,0.101022,nan,1.953192
1546,0.795665,0.746768,6.843377,0.101011,-0.129936,2.060215
1547,0.886178,0.801534,nan,0.101011,nan,2.248299
1548,0.677556,0.681067,7.299118,0.101001,-1.755550,1.803100
1549,0.762308,0.789568,nan,0.101001,nan,1.987567
1550,0.628271,0.574628,7.907135,0.100991,-0.458592,1.708465
1551,0.734307,0.701855,nan,0.100991,nan,1.899243
1552,1.030749,0.999936,8.735329,0.100981,-0.813374,2.527536
1553,0.757308,0.746540,nan,0.100981,nan,1.979013
1554,0.603962,0.633262,7.272235,0.100970,0.136676,1.665289
1555,0.750383,0.643434,nan,0.100970,nan,1.947695
1556,0.504930,0.472050,7.789578,0.100960,-0.853983,1.447134
1557,0.579390,0.575935,nan,0.100960,nan,1.607933
1558,0.695024,0.667315,8.071990,0.100949,-0.175251,1.833771
1559,0.665275,0.532270,nan,0.100949,nan,1.788758
1560,0.822750,0.616727,7.266320,0.100938,0.630512,2.131437
1561,0.999261,0.964724,nan,0.100938,nan,2.508886
1562,1.296549,1.284257,6.302931,0.100926,-0.018866,3.100130
1563,0.960471,1.056928,nan,0.100926,nan,2.412423
1564,1.171525,1.407463,7.159739,0.100915,-1.475098,2.859172
1565,0.707588,0.913221,nan,0.100915,nan,1.863023
1566,0.864756,0.709252,6.761994,0.100904,-0.604053,2.190416
1567,0.837431,0.821418,nan,0.100904,nan,2.163570
1568,0.702277,0.726584,5.391532,0.100892,0.094893,1.886915
1569,0.873245,1.026671,nan,0.100892,nan,2.244063
1570,0.483947,0.699446,6.550839,0.100880,0.093837,1.428562
1571,0.582596,0.634922,nan,0.100880,nan,1.645079
1572,0.623710,0.622213,6.162715,0.100868,0.353398,1.721862
1573,0.953449,0.796465,nan,0.100868,nan,2.394130
1574,0.708808,0.869480,6.221251,0.100856,0.087045,1.899208
1575,0.782772,0.913651,nan,0.100856,nan,2.058910
1576,0.563827,0.789085,6.984672,0.100844,-1.041375,1.591460
1577,0.646443,0.850593,nan,0.100844,nan,1.748189
1578,0.887812,0.909056,7.786770,0.100833,-1.550413,2.265153
1579,0.799555,0.627307,nan,0.100833,nan,2.077194
1580,0.704900,0.999599,6.920268,0.100820,1.768141,1.870362
1581,0.703104,0.665017,nan,0.100820,nan,1.895380
1582,0.808197,0.628687,6.712858,0.100808,-0.510023,2.075157
1583,1.029711,0.718979,nan,0.100808,nan,2.575612
1584,0.623789,0.705930,5.504775,0.100794,2.390309,1.706283
1585,0.745460,0.706772,nan,0.100794,nan,1.964291
1586,0.950768,0.711756,7.624561,0.100780,2.140554,2.402469
1587,0.769140,0.987305,nan,0.100780,nan,2.011400
1588,0.768493,0.723077,5.487668,0.100766,-0.920877,1.985112
1589,1.421496,0.784790,nan,0.100766,nan,3.362730
1590,1.379498,0.660360,7.440549,0.100752,-0.338085,3.259670
1591,0.747979,0.737670,nan,0.100752,nan,1.964589
1592,0.592782,0.425591,9.481173,0.100739,0.436503,1.647918
1593,1.566914,0.452530,nan,0.100739,nan,3.645869
1594,1.224092,0.603608,8.818178,0.100724,1.184329,2.928751
1595,0.833987,0.844575,nan,0.100724,nan,2.125412
1596,1.095548,0.881503,6.683845,0.100710,-0.730784,2.688695
1597,1.327296,0.826145,nan,0.100710,nan,3.142912
1598,1.311674,0.464763,7.145541,0.100697,-0.464888,3.114275
1599,1.127486,0.414840,nan,0.100697,nan,2.755908
1600,1.155243,1.010528,8.305139,0.100683,1.041043,2.804647
1601,1.244621,0.708991,nan,0.100683,nan,2.987359
1602,1.354893,0.437831,7.217103,0.100668,1.990304,3.202075
1603,1.648781,1.019107,nan,0.100668,nan,3.805837
1604,1.239080,0.656344,8.428015,0.100654,-2.822792,2.975214
1605,1.015400,0.644064,nan,0.100654,nan,2.518170
1606,1.079390,0.579779,5.499741,0.100640,1.493916,2.630379
1607,1.148829,0.962424,nan,0.100640,nan,2.802859
1608,1.264611,1.522371,6.325144,0.100626,-0.018368,3.035891
1609,1.022522,0.996747,nan,0.100626,nan,2.538820
1610,0.936536,0.521474,7.121258,0.100612,1.096037,2.384221
1611,0.871925,0.596858,nan,0.100612,nan,2.213937
1612,1.098933,0.736372,7.308030,0.100597,1.266788,2.687992
1613,0.694984,0.661848,nan,0.100597,nan,1.839668
1614,0.881063,0.735676,7.202820,0.100582,0.767471,2.221803
1615,0.562911,0.578374,nan,0.100582,nan,1.606235
1616,0.643564,0.599489,7.134545,0.100567,0.320174,1.729388
1617,0.690224,1.092135,nan,0.100567,nan,1.855394
1618,0.691590,1.271709,7.187007,0.100552,-0.108186,1.836095
1619,0.561161,0.996941,nan,0.100552,nan,1.554709
1620,0.556597,0.648573,9.298398,0.100537,2.880210,1.520995
1621,0.617959,1.261744,nan,0.100537,nan,1.696500
1622,0.439911,1.624030,8.010720,0.100521,1.099030,1.325043
1623,0.837958,1.035003,nan,0.100521,nan,2.157332
1624,0.504080,0.652156,8.013769,0.100505,0.066796,1.474727
1625,0.593620,0.816331,nan,0.100505,nan,1.627081
1626,0.866747,0.484510,7.223516,0.100490,-0.064631,2.228191
1627,0.317459,0.636403,nan,0.100490,nan,1.038369
1628,0.481081,0.590389,7.243917,0.100474,1.279163,1.389643
1629,0.325803,0.705762,nan,0.100474,nan,1.066544
1630,0.596241,0.495323,7.149133,0.100458,1.526058,1.640470
1631,0.541940,0.682536,nan,0.100458,nan,1.527673
1632,0.521614,0.835426,8.980063,0.100444,-2.287393,1.508076
1633,0.705356,0.939432,nan,0.100444,nan,1.883569
1634,0.525990,0.725490,9.228920,0.100428,1.522840,1.494322
1635,0.478269,0.852667,nan,0.100428,nan,1.368332
1636,0.647122,0.708910,7.981717,0.100413,2.014598,1.764969
1637,0.682744,0.761488,nan,0.100413,nan,1.822337
1638,0.756048,0.621756,8.485470,0.100397,1.002049,2.006709
1639,0.530865,0.595121,nan,0.100397,nan,1.508710
1640,0.462229,0.495924,9.177266,0.100382,-3.024837,1.373634
1641,0.638365,0.488485,nan,0.100382,nan,1.733791
1642,0.485969,0.671116,9.330702,0.100367,1.856078,1.429223
1643,0.540064,0.562927,nan,0.100367,nan,1.524179
1644,0.521715,0.578156,7.064445,0.100353,-0.085485,1.467235
1645,0.907766,1.145396,nan,0.100353,nan,2.322240
1646,1.091204,0.914515,7.615568,0.100338,0.976524,2.695642
1647,0.804500,0.788883,nan,0.100338,nan,2.058808
1648,0.534179,0.559191,9.818798,0.100324,-1.164353,1.523698
1649,0.632278,0.679014,nan,0.100324,nan,1.718248
1650,0.516341,0.745639,8.191945,0.100309,-0.032374,1.494763
1651,0.795407,0.966359,nan,0.100309,nan,2.076166
1652,0.629155,0.758243,10.465246,0.100295,1.226768,1.747882
1653,0.830453,0.690942,nan,0.100295,nan,2.146065
1654,0.731932,0.824248,9.211470,0.100281,-0.577921,1.952734
1655,0.837478,0.855331,nan,0.100281,nan,2.163070
1656,0.934038,0.825288,8.481234,0.100266,3.128686,2.351735
1657,0.764043,0.674674,nan,0.100266,nan,2.002394
1658,0.656714,0.600824,8.152298,0.100250,1.479293,1.754075
1659,0.785913,0.739285,nan,0.100250,nan,2.072562
1660,0.646872,0.709701,10.799807,0.100235,1.157133,1.779354
1661,0.698062,0.605950,nan,0.100235,nan,1.869219
1662,0.600349,0.757733,9.539082,0.100219,0.178698,1.664941
1663,0.581414,0.859553,nan,0.100219,nan,1.641680
1664,0.975380,0.830501,10.215977,0.100204,-0.306599,2.462540
1665,0.697420,0.722999,nan,0.100204,nan,1.888061
1666,0.662824,0.883008,11.875177,0.100190,-1.727189,1.791382
1667,0.521839,0.616758,nan,0.100190,nan,1.517804
1668,0.820184,0.631807,9.421159,0.100177,-3.200760,2.135505
1669,0.534091,0.799534,nan,0.100177,nan,1.534347
1670,0.738046,0.729805,10.948913,0.100164,2.075225,1.982525
1671,0.601348,0.669171,nan,0.100164,nan,1.683135
1672,0.658916,0.741874,10.836250,0.100150,0.746344,1.810924
1673,0.442194,0.683159,nan,0.100150,nan,1.355643
1674,0.567622,0.949223,10.499426,0.100136,0.644557,1.585841
1675,0.489404,0.516033,nan,0.100136,nan,1.423720
1676,0.392654,0.541720,11.938443,0.100122,0.261032,1.239992
1677,0.586611,0.581876,nan,0.100122,nan,1.624001
1678,0.534323,0.601706,10.565569,0.100108,1.948077,1.515875
1679,0.623680,0.703819,nan,0.100108,nan,1.737720
1680,0.442522,0.507910,12.809017,0.100093,0.302664,1.327806
1681,0.707268,0.716195,nan,0.100093,nan,1.884672
1682,0.701404,0.630110,9.762880,0.100079,0.918448,1.914191
1683,0.964221,0.921420,nan,0.100079,nan,2.431994
1684,0.965580,0.844725,10.053267,0.100064,0.330193,2.429664
1685,0.911055,0.963490,nan,0.100064,nan,2.342597
1686,0.629677,0.825732,13.809757,0.100050,0.044380,1.734365
1687,1.381922,1.309748,nan,0.100050,nan,3.254886
1688,1.148176,1.379351,14.122550,0.100036,0.655831,2.789950
1689,0.824708,1.018781,nan,0.100036,nan,2.106553
1690,0.801342,0.787583,10.330400,0.100021,1.601649,2.069607
1691,0.605550,0.680901,nan,0.100021,nan,1.689836
1692,0.746909,1.068487,11.288944,0.100006,0.216628,1.946943
1693,0.726520,0.750674,nan,0.100006,nan,1.883327
1694,0.611795,0.731949,12.499122,0.099991,0.739094,1.686305
1695,0.754883,1.115084,nan,0.099991,nan,1.958762
1696,0.465912,0.601537,10.892433,0.099977,0.955009,1.373226
1697,0.872925,0.869409,nan,0.099977,nan,2.216618
1698,0.838328,1.306501,10.189168,0.099961,1.399770,2.154205
1699,0.620084,1.174718,nan,0.099961,nan,1.697289
1700,0.681375,0.980757,13.426754,0.099945,3.445676,1.845791
1701,0.546369,0.546685,nan,0.099945,nan,1.505882
1702,0.477863,0.634359,14.144238,0.099930,-2.614394,1.375098
1703,0.479121,0.925336,nan,0.099930,nan,1.386421
1704,0.506506,0.561436,11.568428,0.099916,0.796495,1.428135
1705,0.684165,0.737690,nan,0.099916,nan,1.823718
1706,0.780822,0.719612,12.747464,0.099901,-0.393064,2.019483
1707,0.650100,0.663226,nan,0.099901,nan,1.748606
1708,0.624949,0.838207,12.186226,0.099886,0.964545,1.688263
1709,0.708396,0.378205,nan,0.099886,nan,1.853899
1710,0.592986,0.486562,13.031929,0.099872,0.091103,1.619788
1711,0.804672,0.630686,nan,0.099872,nan,2.060323
1712,0.807631,0.661671,11.916214,0.099858,-0.711968,2.033776
1713,1.689244,0.786662,nan,0.099858,nan,3.850763
1714,1.791961,0.761481,14.267843,0.099844,1.039617,4.077065
1715,0.837430,0.815820,nan,0.099844,nan,2.132979
1716,0.732979,0.635974,13.034498,0.099829,1.430508,1.880910
1717,0.592705,0.933731,nan,0.099829,nan,1.584617
1718,0.713714,0.666035,13.375252,0.099815,0.473053,1.838550
1719,0.838956,0.890084,nan,0.099815,nan,2.126567
1720,0.565291,0.698347,12.214868,0.099800,2.858367,1.560781
1721,0.565086,0.644815,nan,0.099800,nan,1.567178
1722,0.462599,0.449040,13.140847,0.099784,2.037935,1.327644
1723,0.506840,0.483545,nan,0.099784,nan,1.442491
1724,0.333304,0.428066,13.687473,0.099769,-0.033903,1.052033
1725,0.583809,0.577667,nan,0.099769,nan,1.613407
1726,0.676085,0.641889,12.476959,0.099754,-0.191035,1.801381
1727,0.490989,0.698151,nan,0.099754,nan,1.418982
1728,0.585819,1.000203,12.309366,0.099738,1.278806,1.600193
1729,1.341733,0.957934,nan,0.099738,nan,3.161319
1730,0.793570,0.791518,11.817277,0.099723,1.666884,1.997575
1731,1.104458,1.022659,nan,0.099723,nan,2.666645
1732,0.654077,0.729284,16.554092,0.099708,-0.270390,1.741109
1733,1.538127,1.510123,nan,0.099708,nan,3.555738
1734,1.569668,1.919045,16.387112,0.099693,-0.010532,3.620184
1735,0.684006,0.716410,nan,0.099693,nan,1.806527
1736,0.878364,0.752124,13.318301,0.099678,0.307688,2.194633
1737,0.837638,0.596698,nan,0.099678,nan,2.120856
1738,0.685240,0.622711,12.348387,0.099665,-1.573689,1.811043
1739,0.901576,0.733050,nan,0.099665,nan,2.245513
1740,0.548468,0.562560,14.592911,0.099651,0.473624,1.533092
1741,1.013367,0.832055,nan,0.099651,nan,2.470481
1742,1.077785,0.828293,12.602988,0.099636,2.337509,2.606718
1743,1.026006,0.861792,nan,0.099636,nan,2.514566
1744,1.108006,0.935631,11.405559,0.099623,-1.472477,2.680803
1745,0.836863,0.958630,nan,0.099623,nan,2.102576
1746,0.755884,0.628781,14.654224,0.099609,1.309737,1.939112
1747,0.837731,0.868721,nan,0.099609,nan,2.117015
1748,0.749092,0.730936,14.385892,0.099594,1.745185,1.928204
1749,0.520149,0.517207,nan,0.099594,nan,1.457716
1750,0.799546,0.730950,15.698519,0.099580,-0.545795,2.036950
1751,0.771808,0.890790,nan,0.099580,nan,1.982144
1752,1.085660,0.889410,15.222358,0.099566,1.411628,2.626693
1753,0.675703,0.622714,nan,0.099566,nan,1.783869
1754,1.044784,0.683111,12.435715,0.099552,0.332838,2.545980
1755,1.077745,1.199291,nan,0.099552,nan,2.602766
1756,1.126529,1.181001,13.760223,0.099537,1.077949,2.713223
1757,0.981372,0.728698,nan,0.099537,nan,2.388150
1758,0.666678,0.776961,13.669395,0.099523,1.069199,1.753304
1759,0.852540,1.125580,nan,0.099523,nan,2.123467
1760,0.614915,1.003613,15.320461,0.099509,-1.148811,1.660663
1761,0.821588,0.754300,nan,0.099509,nan,2.061695
1762,0.965261,1.387170,15.115754,0.099495,0.684876,2.366420
1763,0.718115,0.840915,nan,0.099495,nan,1.851764
1764,0.814076,0.728991,12.445322,0.099481,-0.091805,2.023815
1765,1.178969,1.271962,nan,0.099481,nan,2.798522
1766,1.345385,1.131924,13.483576,0.099467,1.980123,3.127851
1767,1.050933,0.749162,nan,0.099467,nan,2.529632
1768,1.691199,1.299136,16.204746,0.099453,-1.084307,3.834002
1769,1.218598,0.843894,nan,0.099453,nan,2.849031
1770,1.066890,0.987760,12.745940,0.099440,-0.238635,2.557769
1771,1.392768,1.124234,nan,0.099440,nan,3.216015
1772,1.303157,0.852116,16.314157,0.099427,0.344383,3.035785
1773,1.167090,0.591891,nan,0.099427,nan,2.762349
1774,1.183227,0.706886,13.913849,0.099413,1.014795,2.799287
1775,1.665341,1.193459,nan,0.099413,nan,3.760740
1776,1.279351,1.195642,12.958473,0.099400,0.860910,2.982875
1777,1.110603,1.093789,nan,0.099400,nan,2.632756
1778,0.981828,0.853872,15.382637,0.099386,-0.105050,2.391205
1779,1.203754,0.962474,nan,0.099386,nan,2.836294
1780,1.069056,1.275683,14.050418,0.099373,-0.591812,2.560590
1781,1.778978,1.330367,nan,0.099373,nan,4.011129
1782,0.817619,0.798352,15.380734,0.099359,2.330570,2.053146
1783,1.065167,0.975665,nan,0.099359,nan,2.548151
1784,0.945123,0.803388,13.239300,0.099346,0.148051,2.296192
1785,1.341178,0.732293,nan,0.099346,nan,3.114461
1786,1.068706,0.686703,13.710020,0.099332,-1.237831,2.562626
1787,0.842647,0.839253,nan,0.099332,nan,2.103963
1788,1.533052,0.838625,15.864590,0.099319,1.746885,3.509189
1789,1.650839,0.735966,nan,0.099319,nan,3.732428
1790,0.953712,0.986898,12.040167,0.099306,-1.281936,2.333783
1791,1.549285,1.435280,nan,0.099306,nan,3.514201
1792,2.059731,1.777651,12.125808,0.099292,2.454125,4.552600
1793,1.294559,0.775582,nan,0.099292,nan,3.008343
1794,0.979859,1.040810,15.318296,0.099278,2.690298,2.362921
1795,2.127325,1.030548,nan,0.099278,nan,4.686670
1796,1.587922,0.662880,12.393190,0.099263,2.999351,3.603028
1797,1.369751,1.235983,nan,0.099263,nan,3.145642
1798,1.836477,1.145532,13.727627,0.099248,0.852156,4.102877
1799,1.226131,1.278566,nan,0.099248,nan,2.879815
1800,1.791787,1.266159,16.528742,0.099232,0.500493,3.994334
1801,1.116142,1.038596,nan,0.099232,nan,2.640754
1802,1.004195,1.169996,14.985010,0.099217,2.122476,2.425169
1803,0.870650,0.797549,nan,0.099217,nan,2.158651
1804,0.993550,0.987143,13.205482,0.099202,-0.641537,2.399603
1805,1.135244,1.795282,nan,0.099202,nan,2.686421
1806,1.239066,1.195039,12.948219,0.099188,0.364747,2.896752
1807,1.045459,1.239298,nan,0.099188,nan,2.497685
1808,1.137001,1.092073,13.153693,0.099173,1.510487,2.684321
1809,1.068585,0.854916,nan,0.099173,nan,2.533931
1810,0.997500,1.075385,12.880116,0.099158,-0.231700,2.410797
1811,1.097605,1.025924,nan,0.099158,nan,2.618193
1812,0.972808,0.925552,12.938780,0.099144,1.389144,2.352016
1813,0.913636,1.034066,nan,0.099144,nan,2.229620
1814,0.978360,1.259261,13.746438,0.099129,1.550249,2.366640
1815,0.843796,1.099842,nan,0.099129,nan,2.087404
1816,0.967950,1.129586,12.011816,0.099114,1.704707,2.329858
1817,0.840870,1.429306,nan,0.099114,nan,2.082130
1818,0.868485,0.951350,13.648806,0.099099,-1.531223,2.138899
1819,0.826352,0.741245,nan,0.099099,nan,2.059861
1820,1.441238,0.847186,11.124612,0.099085,1.049793,3.303488
1821,1.184919,1.671044,nan,0.099085,nan,2.765808
1822,1.521847,1.571803,10.697346,0.099071,0.470732,3.447835
1823,0.633399,0.745220,nan,0.099071,nan,1.627843
1824,0.956562,0.838980,14.266735,0.099057,0.580330,2.317208
1825,0.979026,1.695301,nan,0.099057,nan,2.361230
1826,0.973403,1.185389,11.349604,0.099042,0.573349,2.340526
1827,1.008517,1.304946,nan,0.099042,nan,2.407467
1828,1.267125,1.560257,13.077058,0.099028,1.912787,2.944766
1829,1.139257,1.306831,nan,0.099028,nan,2.669820
1830,1.047562,1.176359,12.829588,0.099013,1.152674,2.513451
1831,0.828198,1.013603,nan,0.099013,nan,2.038908
1832,0.686955,0.858764,11.346731,0.098999,0.021821,1.749710
1833,0.963001,1.065259,nan,0.098999,nan,2.307746
1834,0.946762,1.037194,11.968174,0.098986,-1.363527,2.284979
1835,0.984401,0.928382,nan,0.098986,nan,2.374442
1836,1.294609,1.506036,11.806823,0.098972,0.727585,2.980440
1837,1.149897,1.067699,nan,0.098972,nan,2.690105
1838,0.927694,0.705506,10.523499,0.098958,0.318052,2.258735
1839,1.155257,1.164861,nan,0.098958,nan,2.710925
1840,1.128122,1.069384,12.081890,0.098945,1.547390,2.655366
1841,1.351714,1.156676,nan,0.098945,nan,3.118836
1842,1.229750,1.088692,12.259468,0.098931,1.230661,2.865737
1843,1.011377,0.911108,nan,0.098931,nan,2.416204
1844,0.713772,1.019999,8.983548,0.098916,1.598184,1.812537
1845,1.618208,1.753693,nan,0.098916,nan,3.656844
1846,1.109768,1.998750,11.010547,0.098902,0.284076,2.620219
1847,1.328788,1.673730,nan,0.098902,nan,3.058172
1848,1.224376,0.930643,9.991035,0.098888,1.049238,2.868314
1849,1.774414,1.175750,nan,0.098888,nan,3.964010
1850,1.070400,1.047766,11.216668,0.098874,1.197695,2.548131
1851,1.177469,1.205844,nan,0.098874,nan,2.755444
1852,1.251949,1.035662,11.839092,0.098860,-0.522273,2.920128
1853,1.242874,0.971252,nan,0.098860,nan,2.883816
1854,0.992866,0.863208,10.026857,0.098846,1.456099,2.369830
1855,1.323545,1.316696,nan,0.098846,nan,3.041870
1856,1.268802,1.148749,10.178772,0.098831,2.592287,2.942321
1857,1.115723,0.897342,nan,0.098831,nan,2.647650
1858,1.356215,1.260723,9.206532,0.098817,0.393585,3.110196
1859,1.088894,1.106177,nan,0.098817,nan,2.569382
1860,1.061444,1.154829,10.434666,0.098802,1.251225,2.514554
1861,0.939381,0.962472,nan,0.098802,nan,2.292702
1862,1.331905,1.198590,11.871378,0.098787,3.019678,3.079495
1863,0.871213,0.993937,nan,0.098787,nan,2.132325
1864,0.986098,0.944236,8.462271,0.098772,-0.081792,2.367241
1865,0.908815,1.102464,nan,0.098772,nan,2.216389
1866,0.793404,1.395697,12.817869,0.098757,0.056739,1.981219
1867,1.120900,0.843294,nan,0.098757,nan,2.651403
1868,0.922662,1.257209,11.017885,0.098743,-0.770173,2.230815
1869,1.313374,0.959059,nan,0.098743,nan,3.040693
1870,1.188535,1.019176,10.391227,0.098729,0.596145,2.784606
1871,1.213948,1.256757,nan,0.098729,nan,2.834046
1872,1.039561,1.055351,10.478546,0.098716,0.436494,2.470032
1873,1.012428,1.010144,nan,0.098716,nan,2.428108
1874,0.772472,0.789695,11.023308,0.098703,-1.266127,1.951143
1875,0.955905,0.985079,nan,0.098703,nan,2.295516
1876,0.692489,0.958448,11.284498,0.098690,0.543015,1.766276
1877,1.099424,1.316788,nan,0.098690,nan,2.594508
1878,1.008663,1.477313,10.474035,0.098677,-1.883495,2.414186
1879,0.919805,1.976393,nan,0.098677,nan,2.225793
1880,1.252774,1.352300,10.174191,0.098664,2.785807,2.918141
1881,0.645126,1.005910,nan,0.098664,nan,1.657772
1882,0.950713,0.948063,10.475210,0.098650,2.776944,2.293199
1883,0.763405,1.073640,nan,0.098650,nan,1.926734
1884,1.270255,0.880463,12.373014,0.098636,1.400473,2.943456
1885,0.740312,0.979562,nan,0.098636,nan,1.876284
1886,1.046553,1.044159,8.823668,0.098622,3.162662,2.502085
1887,0.953713,0.916018,nan,0.098622,nan,2.315534
1888,1.047391,0.819157,11.252497,0.098607,0.823113,2.508664
1889,0.794312,0.904759,nan,0.098607,nan,1.975170
1890,0.794801,0.894505,10.057841,0.098592,1.875672,1.980477
1891,1.382106,1.206590,nan,0.098592,nan,3.190573
1892,0.857762,1.055362,10.948116,0.098577,2.175984,2.126105
1893,0.888457,0.968298,nan,0.098577,nan,2.185596
1894,1.467907,1.188159,9.917264,0.098561,0.596799,3.355702
1895,1.280321,1.203311,nan,0.098561,nan,2.979687
1896,1.103201,1.211508,10.985529,0.098547,0.347329,2.607514
1897,1.024368,1.068196,nan,0.098547,nan,2.454950
1898,1.197688,1.185338,8.519093,0.098532,0.073382,2.801174
1899,1.280358,1.214178,nan,0.098532,nan,2.982759
1900,1.047425,1.056272,12.061948,0.098518,1.667195,2.518732
1901,1.163386,1.107359,nan,0.098518,nan,2.736043
1902,1.245211,0.969385,10.154133,0.098503,0.524545,2.891409
1903,1.235015,1.664459,nan,0.098503,nan,2.877671
1904,1.468034,1.584927,9.888165,0.098488,1.966697,3.357645
1905,0.836299,0.645333,nan,0.098488,nan,2.080895
1906,1.661386,1.088541,13.137646,0.098473,2.100298,3.755457
1907,1.582442,1.230801,nan,0.098473,nan,3.603604
1908,0.999506,0.868176,10.247169,0.098458,1.901305,2.414226
1909,1.294628,0.955998,nan,0.098458,nan,3.024004
1910,0.944077,0.646264,11.963720,0.098443,0.584244,2.306785
1911,0.621943,0.752401,nan,0.098443,nan,1.635524
1912,1.054304,0.708305,10.704405,0.098428,1.498619,2.538576
1913,0.917342,0.890407,nan,0.098428,nan,2.255129
1914,1.224732,1.076831,12.861692,0.098412,2.296640,2.889524
1915,1.086805,0.809300,nan,0.098412,nan,2.600971
1916,0.990591,0.747562,11.266830,0.098397,0.735359,2.415844
1917,0.815362,0.988163,nan,0.098397,nan,2.038939
1918,1.027599,0.873457,12.129333,0.098382,1.131446,2.470728
1919,0.915201,0.873834,nan,0.098382,nan,2.246274
1920,1.070611,1.019231,11.402122,0.098367,0.857903,2.579458
1921,1.198551,1.450807,nan,0.098367,nan,2.840780
1922,0.599064,0.919620,12.959230,0.098351,1.970382,1.615415
1923,1.584679,1.355097,nan,0.098351,nan,3.612290
1924,1.031867,1.224540,10.848228,0.098336,1.866141,2.479217
1925,1.146713,2.066676,nan,0.098336,nan,2.726327
1926,1.100308,1.887231,10.651454,0.098320,3.660890,2.634228
1927,0.872089,1.423723,nan,0.098320,nan,2.166821
1928,1.072860,1.744155,17.243923,0.098304,0.833014,2.570116
1929,0.975597,2.255495,nan,0.098304,nan,2.378690
1930,1.202695,1.657607,10.544066,0.098288,1.056271,2.841734
1931,1.819777,2.338960,nan,0.098288,nan,4.092897
1932,1.119470,2.246716,11.105898,0.098272,2.325269,2.698499
1933,1.159111,2.468005,nan,0.098272,nan,2.756988
1934,1.152743,1.736637,15.225654,0.098257,0.073047,2.745585
1935,1.323375,2.500486,nan,0.098257,nan,3.082325
1936,0.967414,2.905922,15.312948,0.098241,2.159839,2.373466
1937,1.068139,1.771905,nan,0.098241,nan,2.570924
1938,1.103368,1.882930,12.558777,0.098225,1.628277,2.645516
1939,1.248958,2.306030,nan,0.098225,nan,2.953423
1940,1.007057,1.974031,15.449822,0.098209,2.389753,2.467233
1941,1.102534,1.186634,nan,0.098209,nan,2.637607
1942,1.333107,1.865544,13.780903,0.098193,1.765625,3.114508
1943,0.721128,0.942188,nan,0.098193,nan,1.865279
1944,0.637006,1.245165,10.794641,0.098177,3.026248,1.692478
1945,1.633449,2.232024,nan,0.098177,nan,3.726893
1946,0.936963,1.994489,15.060525,0.098160,0.593417,2.318505
1947,0.988997,1.401034,nan,0.098160,nan,2.414928
1948,1.446090,1.784508,16.746811,0.098145,1.288310,3.345738
1949,1.067068,2.006585,nan,0.098145,nan,2.585776
1950,0.991905,1.589565,13.693128,0.098129,1.789234,2.394998
1951,1.485238,2.084605,nan,0.098129,nan,3.426313
1952,2.038325,2.959320,14.728224,0.098112,2.633164,4.551081
1953,1.297907,2.326487,nan,0.098112,nan,3.041380
1954,0.986341,1.347426,18.824642,0.098096,0.857012,2.400837
1955,1.370119,2.140548,nan,0.098096,nan,3.188266
1956,1.070307,1.773685,17.712349,0.098080,2.593287,2.545087
1957,1.242601,1.556528,nan,0.098080,nan,2.932475
1958,1.093892,1.353121,11.476987,0.098064,1.387856,2.634195
1959,1.625968,2.630826,nan,0.098064,nan,3.726403
1960,1.061318,1.968902,16.323360,0.098047,3.317528,2.552899
1961,1.043516,1.331467,nan,0.098047,nan,2.537999
1962,2.050582,2.012249,22.121546,0.098030,3.112237,4.560370
1963,1.379802,2.382996,nan,0.098030,nan,3.201970
1964,1.586294,1.717046,20.419672,0.098013,2.062569,3.627728
1965,1.252588,1.442424,nan,0.098013,nan,2.959857
1966,1.494136,2.186502,16.389120,0.097996,1.546105,3.437547
1967,1.585977,3.165388,nan,0.097996,nan,3.615612
1968,1.282049,2.025052,19.678265,0.097980,0.996552,3.012939
1969,1.673893,1.874062,nan,0.097980,nan,3.792578
1970,1.063395,1.818119,18.827229,0.097963,2.651232,2.559543
1971,1.619539,1.795753,nan,0.097963,nan,3.673815
1972,1.081097,1.521612,17.254725,0.097946,2.422806,2.606566
1973,1.354897,1.164125,nan,0.097946,nan,3.173733
1974,1.102517,1.306011,21.457748,0.097929,3.060700,2.628807
1975,1.143287,1.176666,nan,0.097929,nan,2.726641
1976,1.285634,1.890590,21.467205,0.097912,3.880966,3.019495
1977,1.393322,1.380732,nan,0.097912,nan,3.236167
1978,1.003811,1.527910,20.236641,0.097894,1.683665,2.460609
1979,1.444704,1.686061,nan,0.097894,nan,3.339647
1980,1.198202,1.373774,20.115892,0.097877,1.673755,2.831446
1981,2.171844,1.588534,nan,0.097877,nan,4.805787
1982,2.507654,2.355541,19.975037,0.097860,1.310284,5.512011
1983,2.136765,2.169694,nan,0.097860,nan,4.764189
1984,1.441250,1.964633,24.563618,0.097843,1.454885,3.323787
1985,1.590814,1.799259,nan,0.097843,nan,3.636193
1986,2.135331,2.303369,25.840975,0.097827,0.501533,4.739823
1987,1.533839,2.369691,nan,0.097827,nan,3.547441
1988,1.892036,1.842846,24.088463,0.097810,4.314174,4.252574
1989,1.926379,3.217861,nan,0.097810,nan,4.327317
1990,1.855404,3.635418,21.023806,0.097794,0.568511,4.180109
1991,2.045745,1.669905,nan,0.097794,nan,4.581807
1992,2.074732,1.775955,26.269524,0.097777,1.943175,4.635858
1993,1.670945,2.356010,nan,0.097777,nan,3.799726
1994,1.881565,1.580034,25.528721,0.097761,1.510435,4.241035
1995,2.624636,2.592859,nan,0.097761,nan,5.718850
1996,2.437743,2.884115,17.988697,0.097745,1.394927,5.363424
1997,2.036462,2.468735,nan,0.097745,nan,4.558186
1998,2.219861,2.101078,24.819046,0.097729,1.528698,4.903114
1999,1.527042,1.441641,nan,0.097729,nan,3.521603
2000,2.225313,2.087141,28.673981,0.097713,2.563828,4.929825
2001,2.154880,1.679964,nan,0.097713,nan,4.787247
2002,1.992660,2.192584,28.489555,0.097697,0.403268,4.472154
2003,2.060426,1.352980,nan,0.097697,nan,4.605196
2004,3.656502,1.489254,30.112892,0.097681,1.679039,7.820415
2005,2.556666,1.702292,nan,0.097681,nan,5.590407
2006,1.810134,1.925605,23.218422,0.097666,1.157934,4.105957
2007,2.230307,1.386973,nan,0.097666,nan,4.934770
2008,3.122032,1.993574,26.854507,0.097651,0.702238,6.717588
2009,1.950609,1.617549,nan,0.097651,nan,4.366915
2010,2.209408,1.750417,24.977268,0.097636,1.128445,4.901037
2011,1.846112,1.575962,nan,0.097636,nan,4.171823
2012,2.855384,1.713817,31.481638,0.097621,2.107318,6.194928
2013,2.143289,1.589136,nan,0.097621,nan,4.778343
2014,2.794617,1.854418,24.538921,0.097605,3.900294,6.059447
2015,2.945554,2.321162,nan,0.097605,nan,6.376845
2016,1.582870,1.312999,28.540787,0.097589,1.596154,3.638558
2017,2.759520,1.698725,nan,0.097589,nan,6.004072
2018,4.018491,2.321038,25.519817,0.097574,0.774761,8.540691
2019,2.312390,2.546893,nan,0.097574,nan,5.097567
2020,2.881139,2.363961,22.851154,0.097559,1.513837,6.244757
2021,1.951787,2.520703,nan,0.097559,nan,4.368488
2022,1.454240,1.537852,28.522572,0.097543,2.479960,3.394140
2023,2.963508,3.045804,nan,0.097543,nan,6.402685
2024,2.704783,2.093458,28.630634,0.097528,-0.041269,5.875218
2025,3.482919,2.182888,nan,0.097528,nan,7.448218
2026,1.782884,1.873907,18.899591,0.097513,3.749550,4.044282
2027,3.322855,2.502622,nan,0.097513,nan,7.133153
2028,2.729201,1.805960,28.439453,0.097497,2.244216,5.950786
2029,2.835081,2.078328,nan,0.097497,nan,6.155147
2030,1.819305,1.746476,25.551483,0.097482,1.044717,4.115548
2031,2.619808,1.917784,nan,0.097482,nan,5.736237
2032,1.968780,2.618445,24.747929,0.097466,2.465777,4.387786
2033,1.656899,1.767650,nan,0.097466,nan,3.792261
2034,2.074448,2.114831,27.367649,0.097451,0.982161,4.627270
2035,2.026269,2.199590,nan,0.097451,nan,4.514290
2036,1.823997,1.514434,25.439093,0.097436,0.580218,4.113054
2037,1.562753,1.981724,nan,0.097436,nan,3.608064
2038,1.250076,2.153268,25.689695,0.097421,2.156906,2.957318
2039,2.207921,1.929807,nan,0.097421,nan,4.891803
2040,2.083037,2.308247,27.404211,0.097405,2.080697,4.648928
2041,2.272706,1.674564,nan,0.097405,nan,5.025720
2042,1.919473,1.802258,24.009016,0.097390,1.845330,4.320775
2043,2.312459,2.712433,nan,0.097390,nan,5.101035
2044,2.038394,2.207935,23.887863,0.097375,1.821269,4.563438
2045,1.802807,1.126898,nan,0.097375,nan,4.091352
2046,1.914977,1.791705,27.359203,0.097360,2.281522,4.302473
2047,1.703737,1.528585,nan,0.097360,nan,3.861235
2048,2.844288,2.141491,31.634956,0.097345,0.605018,6.187061
2049,1.475871,1.259315,nan,0.097345,nan,3.413354
2050,1.603124,2.450104,30.047533,0.097330,1.322639,3.688226
2051,2.422396,1.727131,nan,0.097330,nan,5.340666
2052,1.815901,2.036741,26.593822,0.097315,1.460836,4.115801
2053,1.616450,1.967689,nan,0.097315,nan,3.703719
2054,1.951852,2.002265,26.834949,0.097301,-0.258899,4.398959
2055,1.703134,1.870882,nan,0.097301,nan,3.874406
2056,1.694416,1.449912,30.474617,0.097287,0.279120,3.875031
2057,2.315550,1.186308,nan,0.097287,nan,5.104978
2058,1.939711,1.996895,31.228554,0.097273,0.428516,4.354079
2059,2.006468,1.561355,nan,0.097273,nan,4.508620
2060,2.425026,2.187507,25.035767,0.097259,3.209196,5.344892
2061,2.500056,1.970109,nan,0.097259,nan,5.473024
2062,2.389609,1.732477,35.640274,0.097245,0.318431,5.241632
2063,1.886581,1.503125,nan,0.097245,nan,4.262036
2064,2.002301,1.872468,34.901531,0.097232,1.322210,4.470952
2065,4.028733,1.872855,nan,0.097232,nan,8.567077
2066,3.208564,1.824962,30.297058,0.097218,0.418728,6.900681
2067,3.948131,1.567850,nan,0.097218,nan,8.412609
2068,3.544693,2.257935,27.773972,0.097204,2.943973,7.598686
2069,1.953029,2.653588,nan,0.097204,nan,4.387661
2070,2.797657,2.151644,30.751316,0.097190,3.283395,6.100412
2071,2.132205,2.817220,nan,0.097190,nan,4.743581
2072,2.520232,2.697276,33.780884,0.097175,1.380242,5.526191
2073,2.492845,1.876087,nan,0.097175,nan,5.471460
2074,1.577159,1.521356,32.298687,0.097160,3.104007,3.633245
2075,1.644125,1.967272,nan,0.097160,nan,3.755051
2076,1.403951,1.559812,33.058075,0.097145,4.246082,3.272599
2077,2.102556,1.646830,nan,0.097145,nan,4.703509
2078,2.518806,3.082317,33.950668,0.097129,2.472699,5.506018
2079,2.310655,2.008286,nan,0.097129,nan,5.120031
2080,2.033982,1.791395,35.562149,0.097113,2.393433,4.571570
2081,1.590999,1.855154,nan,0.097113,nan,3.662137
2082,2.886039,2.026119,28.866932,0.097097,2.055094,6.273253
2083,2.043138,2.696845,nan,0.097097,nan,4.587613
2084,2.390737,1.659045,33.507736,0.097081,2.431131,5.286454
2085,2.138125,1.712607,nan,0.097081,nan,4.747840
2086,2.065160,1.887239,32.016346,0.097066,1.281374,4.612338
2087,2.891509,3.821083,nan,0.097066,nan,6.245868
2088,2.109443,2.417738,38.860157,0.097050,3.218577,4.711739
2089,2.598472,3.492103,nan,0.097050,nan,5.698054
2090,2.371185,3.102261,30.176538,0.097033,3.877239,5.235207
2091,2.778783,3.335280,nan,0.097033,nan,6.057022
2092,3.432422,4.868475,31.185944,0.097017,2.659764,7.361782
2093,2.579716,2.567213,nan,0.097017,nan,5.665220
2094,3.191067,2.355838,45.539566,0.097000,3.670455,6.891397
2095,4.047158,7.231020,nan,0.097000,nan,8.580852
2096,3.971410,6.505904,43.066490,0.096984,1.012589,8.435848
2097,2.465931,2.623053,nan,0.096984,nan,5.393093
2098,3.222022,5.649692,38.082336,0.096969,-1.728206,6.933371
2099,3.384243,7.929270,nan,0.096969,nan,7.266949
2100,3.644909,7.653880,25.439178,0.096952,5.133493,7.785702
2101,4.525743,5.074811,nan,0.096952,nan,9.550986
2102,3.526607,2.681930,38.893044,0.096936,2.342681,7.548736
2103,2.182265,4.039911,nan,0.096936,nan,4.863207
2104,2.242966,3.888898,36.018353,0.096920,2.703526,4.967143
2105,2.421177,2.848901,nan,0.096920,nan,5.332475
2106,2.585332,3.390062,43.279907,0.096904,0.896484,5.666958
2107,2.019548,2.836506,nan,0.096904,nan,4.527692
2108,2.379503,2.739512,42.425877,0.096888,3.885472,5.261587
2109,2.074518,2.252162,nan,0.096888,nan,4.631283
2110,2.446939,2.876586,33.862358,0.096873,0.770380,5.381168
2111,3.101912,3.542750,nan,0.096873,nan,6.691205
2112,2.970963,3.747709,34.219788,0.096857,2.206728,6.438095
2113,2.981771,4.049010,nan,0.096857,nan,6.451305
2114,2.628551,3.337776,41.462982,0.096841,2.266023,5.727300
2115,2.513554,2.258488,nan,0.096841,nan,5.498704
2116,2.602625,3.254634,38.774101,0.096826,1.791933,5.680332
2117,2.302649,2.742965,nan,0.096826,nan,5.072094
2118,2.465313,2.187130,34.501652,0.096810,0.498959,5.420531
2119,2.714501,2.842610,nan,0.096810,nan,5.909914
2120,2.766063,4.199744,39.328232,0.096795,3.006498,6.015706
2121,2.819023,3.063847,nan,0.096795,nan,6.125974
2122,2.737442,2.549320,41.575039,0.096780,1.585433,5.970440
2123,2.475416,2.265310,nan,0.096780,nan,5.421221
2124,2.901958,3.614999,39.952782,0.096765,1.979748,6.296528
2125,1.865697,2.430844,nan,0.096765,nan,4.185153
2126,2.069351,3.019017,37.692535,0.096750,1.685060,4.614098
2127,2.009063,3.304467,nan,0.096750,nan,4.470320
2128,2.339300,2.376712,37.342926,0.096734,2.525724,5.157305
2129,1.822908,1.827598,nan,0.096734,nan,4.109376
2130,2.144123,2.480858,42.812958,0.096719,3.942010,4.766881
2131,2.794272,2.166920,nan,0.096719,nan,6.065482
2132,2.351826,1.501001,35.968666,0.096703,2.292793,5.169993
2133,3.214561,2.174295,nan,0.096703,nan,6.917536
2134,2.582396,2.171541,45.619705,0.096687,2.085379,5.633046
2135,2.929894,2.816695,nan,0.096687,nan,6.326640
2136,2.414769,2.350444,40.458664,0.096671,4.452161,5.281312
2137,2.045730,1.836610,nan,0.096671,nan,4.552891
2138,3.167217,2.371365,40.671848,0.096655,3.735319,6.814428
2139,2.383642,1.883579,nan,0.096655,nan,5.252606
2140,2.975891,2.817150,40.125168,0.096638,2.918293,6.428783
2141,2.144254,2.290284,nan,0.096638,nan,4.750544
2142,2.549784,2.979743,43.122452,0.096622,2.197539,5.568319
2143,1.432637,1.650293,nan,0.096622,nan,3.283794
2144,1.736229,2.163608,37.811638,0.096605,2.676797,3.919729
2145,1.775810,1.804812,nan,0.096605,nan,4.007855
2146,3.072367,2.814603,41.346176,0.096588,3.407162,6.634246
2147,2.590511,2.692450,nan,0.096588,nan,5.636022
2148,2.702502,2.888281,43.580502,0.096572,0.773545,5.885544
2149,2.129261,2.038997,nan,0.096572,nan,4.726246
2150,2.856217,3.274908,52.105186,0.096556,1.612844,6.188988
2151,3.534767,3.152083,nan,0.096556,nan,7.539104
2152,1.811020,2.008694,39.973381,0.096541,2.453751,4.099743
2153,3.122672,3.617561,nan,0.096541,nan,6.742749
2154,4.017408,3.620464,41.618942,0.096525,0.757666,8.513584
2155,3.844704,3.227399,nan,0.096525,nan,8.174421
2156,2.807547,2.779232,49.388935,0.096510,0.920128,6.082236
2157,3.842989,3.251428,nan,0.096510,nan,8.148419
2158,2.532697,3.090368,42.846222,0.096495,2.783813,5.534235
2159,3.613546,2.587587,nan,0.096495,nan,7.716979
2160,3.658828,3.675982,46.399048,0.096480,2.361512,7.803221
2161,3.883225,3.416512,nan,0.096480,nan,8.255438
2162,2.634089,1.769172,51.125561,0.096464,4.213431,5.732767
2163,3.453410,2.956086,nan,0.096464,nan,7.390697
2164,3.454453,3.030948,44.100777,0.096449,0.756600,7.416432
2165,2.091264,2.360852,nan,0.096449,nan,4.659463
2166,4.160782,3.045016,41.533779,0.096433,3.183945,8.835939
2167,5.710642,3.332808,nan,0.096433,nan,11.922774
2168,3.301971,2.087922,51.061283,0.096418,2.713943,7.121924
2169,3.435022,3.014311,nan,0.096418,nan,7.366450
2170,3.444152,2.863566,46.031151,0.096402,1.438535,7.392992
2171,3.289106,2.907623,nan,0.096402,nan,7.094010
2172,3.560903,3.729063,46.615829,0.096387,3.607262,7.638818
2173,2.744677,1.776363,nan,0.096387,nan,5.992821
2174,1.872389,2.533459,49.894775,0.096371,2.042716,4.274563
2175,2.060344,2.046081,nan,0.096371,nan,4.621580
2176,3.182418,1.987679,50.817020,0.096355,4.348575,6.900589
2177,2.074330,2.787517,nan,0.096355,nan,4.657070
2178,2.442850,3.028719,49.759983,0.096339,2.751404,5.423718
2179,1.972297,2.175717,nan,0.096339,nan,4.435197
2180,2.028166,2.081053,49.968140,0.096323,2.395550,4.574776
2181,2.531694,1.783979,nan,0.096323,nan,5.592710
2182,3.387688,1.735602,50.955322,0.096307,2.670703,7.318932
2183,2.328094,1.957792,nan,0.096307,nan,5.197075
2184,5.037224,1.952804,57.663578,0.096291,2.927171,10.602592
2185,3.489614,1.883881,nan,0.096291,nan,7.531271
2186,2.288994,2.340177,54.659790,0.096275,3.984953,5.111819
2187,3.094961,2.744426,nan,0.096275,nan,6.719363
2188,2.640586,2.285795,50.992825,0.096258,3.709585,5.819256
2189,2.708097,2.737359,nan,0.096258,nan,5.966343
2190,2.723879,2.932558,52.142181,0.096241,3.338178,5.983921
2191,2.091171,2.919010,nan,0.096241,nan,4.709884
2192,1.826999,2.728854,56.558846,0.096225,3.047255,4.197623
2193,1.793612,2.333622,nan,0.096225,nan,4.117321
2194,2.718428,3.177403,59.312565,0.096208,1.479482,5.974602
2195,1.886922,3.164380,nan,0.096208,nan,4.310999
2196,1.357201,2.029703,50.012089,0.096191,4.817806,3.235518
2197,3.033681,4.105361,nan,0.096191,nan,6.633326
2198,2.749264,4.125358,54.191875,0.096175,2.512682,6.061395
2199,2.063359,2.124772,nan,0.096175,nan,4.672583
2200,2.177654,3.425775,62.836075,0.096158,2.895642,4.905199
2201,2.782883,3.148842,nan,0.096158,nan,6.133498
2202,2.482921,2.385096,57.889095,0.096141,3.597795,5.526772
2203,2.696941,3.263631,nan,0.096141,nan,5.967765
2204,2.365555,2.587442,57.675568,0.096125,1.962553,5.278243
2205,2.563007,2.152161,nan,0.096125,nan,5.679089
2206,2.091745,2.223747,56.737434,0.096109,1.061462,4.721513
2207,2.892352,4.507042,nan,0.096109,nan,6.345122
2208,2.335482,3.436061,58.452080,0.096093,2.772897,5.211193
2209,2.784082,2.626909,nan,0.096093,nan,6.130040
2210,2.239747,2.824591,64.201752,0.096077,2.171646,5.023090
2211,2.254074,2.280715,nan,0.096077,nan,5.067702
2212,2.242278,2.819042,58.437813,0.096061,4.151000,5.021681
2213,3.632355,3.481922,nan,0.096061,nan,7.829370
2214,2.749463,2.146610,62.960175,0.096045,2.552876,6.044957
2215,2.820454,2.972953,nan,0.096045,nan,6.209483
2216,2.823247,2.863547,58.789658,0.096028,2.977669,6.198704
2217,2.218203,3.685201,nan,0.096028,nan,5.012769
2218,2.657169,3.069518,63.133797,0.096012,2.116107,5.862681
2219,2.281707,1.983896,nan,0.096012,nan,5.136774
2220,3.785660,3.228897,66.243164,0.095997,2.886397,8.144185
2221,3.193877,2.435601,nan,0.095997,nan,6.966128
2222,2.137678,2.108679,56.713207,0.095980,3.925331,4.805462
2223,5.222003,4.555966,nan,0.095980,nan,11.028212
2224,4.081604,3.312734,54.037521,0.095965,1.257703,8.729199
2225,4.030346,4.473198,nan,0.095965,nan,8.639332
2226,3.040356,4.055676,66.954788,0.095949,2.262062,6.647754
2227,3.435676,3.396685,nan,0.095949,nan,7.451183
2228,4.498848,5.004806,67.337097,0.095933,2.047300,9.576693
2229,3.065493,3.049611,nan,0.095933,nan,6.676795
2230,3.193780,2.962557,59.115250,0.095918,2.310951,6.966774
2231,3.582410,3.624586,nan,0.095918,nan,7.731297
2232,3.480163,3.549267,63.104301,0.095902,3.918086,7.537197
2233,3.556857,4.390675,nan,0.095902,nan,7.696709
2234,2.927214,3.182131,65.957458,0.095887,3.097813,6.414040
2235,3.046115,3.271933,nan,0.095887,nan,6.664801
2236,1.956957,2.563559,62.687538,0.095871,2.410672,4.473491
2237,3.114647,3.053772,nan,0.095871,nan,6.814133
2238,3.542245,3.085524,68.705322,0.095855,3.327065,7.638841
2239,3.804221,3.506317,nan,0.095855,nan,8.186476
2240,3.131173,2.564926,67.898346,0.095839,3.578880,6.819931
2241,2.299598,2.139202,nan,0.095839,nan,5.160259
2242,3.519338,2.829700,65.554459,0.095824,1.048569,7.593031
2243,3.665474,1.886263,nan,0.095824,nan,7.925584
2244,2.450504,2.499225,68.996796,0.095808,4.369728,5.436163
2245,2.836238,2.674625,nan,0.095808,nan,6.220807
2246,3.268178,2.113303,66.894417,0.095792,0.981613,7.113067
2247,2.559037,2.951622,nan,0.095792,nan,5.685958
2248,2.929014,2.707508,71.093414,0.095777,4.476364,6.417366
2249,2.849816,2.553470,nan,0.095777,nan,6.260340
2250,1.797328,1.921955,69.738800,0.095761,1.861111,4.136291
2251,2.472699,3.605562,nan,0.095761,nan,5.503992
2252,2.214767,3.551936,64.467834,0.095745,4.853302,4.987562
2253,3.654794,2.569027,nan,0.095745,nan,7.907574
2254,2.784887,2.182761,71.791237,0.095729,2.946844,6.155155
2255,2.241908,2.632906,nan,0.095729,nan,5.038393
2256,2.182141,2.310940,70.500305,0.095713,1.655543,4.939254
2257,2.366254,3.219320,nan,0.095713,nan,5.310911
2258,1.915486,1.989492,69.661316,0.095698,1.091683,4.398228
2259,4.686109,2.556702,nan,0.095698,nan,9.988007
2260,4.342053,1.589937,71.025536,0.095683,2.139359,9.289297
2261,3.220623,2.856624,nan,0.095683,nan,7.022638
2262,2.960966,2.342807,72.090744,0.095667,3.775931,6.492432
2263,2.696881,2.197852,nan,0.095667,nan,5.990699
2264,2.344900,2.515507,63.809570,0.095652,2.216119,5.252918
2265,4.265177,5.089298,nan,0.095652,nan,9.105104
2266,4.063279,5.243637,64.025955,0.095638,-0.845692,8.709198
2267,4.482045,4.642324,nan,0.095638,nan,9.567702
2268,4.034623,4.136100,71.766029,0.095624,1.376060,8.650813
2269,2.644439,2.646370,nan,0.095624,nan,5.871307
2270,2.945051,2.304474,72.758057,0.095610,2.563725,6.479964
2271,2.766365,3.508012,nan,0.095610,nan,6.116135
2272,3.480794,3.652910,74.034256,0.095595,5.046247,7.554353
2273,4.042603,4.320028,nan,0.095595,nan,8.671393
2274,3.870577,3.877131,69.317505,0.095580,3.433084,8.326975
2275,3.284136,3.609335,nan,0.095580,nan,7.147977
2276,2.644446,2.973573,73.206085,0.095565,3.054034,5.859041
2277,2.404854,2.453089,nan,0.095565,nan,5.389837
2278,2.502458,3.352212,71.772659,0.095550,2.373306,5.584809
2279,4.380089,2.981894,nan,0.095550,nan,9.342922
2280,3.356063,3.254786,69.020538,0.095535,2.626081,7.274961
2281,2.785586,3.259635,nan,0.095535,nan,6.122356
2282,3.300311,3.231387,73.119461,0.095520,1.124544,7.153103
2283,2.699781,3.193927,nan,0.095520,nan,5.946763
2284,3.919784,3.789958,65.992340,0.095505,2.963184,8.393744
2285,3.649824,4.540535,nan,0.095505,nan,7.876379
2286,3.361045,3.548305,72.986778,0.095491,3.672043,7.286291
2287,2.549746,2.657299,nan,0.095491,nan,5.662507
2288,2.076991,2.205031,70.170670,0.095475,3.550238,4.675759
2289,3.139585,3.596593,nan,0.095475,nan,6.843606
2290,3.180510,3.124152,68.754997,0.095460,4.532216,6.924783
2291,3.293912,3.249098,nan,0.095460,nan,7.145035
2292,3.278536,2.529369,73.737534,0.095444,2.743514,7.143364
2293,3.327533,3.314018,nan,0.095444,nan,7.197506
2294,2.743310,2.947784,65.589951,0.095428,4.271756,6.041595
2295,3.170391,3.891575,nan,0.095428,nan,6.914998
2296,2.840222,4.344746,68.569107,0.095412,3.808751,6.247915
2297,2.440705,2.398048,nan,0.095412,nan,5.413686
2298,3.647685,4.878612,76.898346,0.095397,1.590296,7.836725
2299,3.574275,4.167490,nan,0.095397,nan,7.719050
2300,4.503074,2.630513,69.464279,0.095381,3.657260,9.578859
2301,4.201837,6.760267,nan,0.095381,nan,8.958241
2302,5.806641,8.840471,61.267429,0.095366,1.745375,12.175452
2303,6.081850,5.545307,nan,0.095366,nan,12.702677
2304,4.654028,2.653518,75.925354,0.095350,4.785574,9.852016
2305,3.032660,4.780077,nan,0.095350,nan,6.594371
2306,4.490835,4.987156,74.430496,0.095334,3.195071,9.541320
2307,2.806151,2.938184,nan,0.095334,nan,6.136096
2308,2.486866,1.895931,68.525192,0.095318,3.916886,5.522957
2309,2.766815,2.708503,nan,0.095318,nan,6.071523
2310,3.861308,3.754118,75.511902,0.095302,2.432796,8.262017
2311,3.719955,4.649685,nan,0.095302,nan,7.981549
2312,3.004807,3.848593,73.604073,0.095286,3.335071,6.556965
2313,3.122565,2.745396,nan,0.095286,nan,6.785125
2314,2.725239,3.104149,70.845039,0.095270,3.421969,5.965538
2315,3.382394,2.595447,nan,0.095270,nan,7.296992
2316,2.367204,2.150078,76.423035,0.095255,2.024366,5.266489
2317,1.963870,1.884388,nan,0.095255,nan,4.437181
2318,1.944956,1.994595,73.869926,0.095239,4.234403,4.407390
2319,2.170943,1.758834,nan,0.095239,nan,4.839656
2320,3.043654,3.262437,78.382767,0.095223,4.931318,6.628886
2321,2.539321,2.660918,nan,0.095223,nan,5.627246
2322,2.326554,2.320324,82.380531,0.095206,2.629624,5.179940
2323,2.518492,2.774728,nan,0.095206,nan,5.572906
2324,2.592068,2.498873,80.423248,0.095190,4.194041,5.726294
2325,2.439931,2.375068,nan,0.095190,nan,5.409792
2326,2.317304,2.720804,83.173477,0.095174,4.884014,5.167850
2327,1.888214,1.732205,nan,0.095174,nan,4.308786
2328,2.519713,1.727201,79.235283,0.095157,4.080679,5.585657
2329,3.277755,3.422095,nan,0.095157,nan,7.106932
2330,2.694391,3.233273,89.740860,0.095141,1.676314,5.934940
2331,1.664910,3.212925,nan,0.095141,nan,3.862963
2332,2.426456,3.963596,83.491119,0.095124,3.779621,5.383154
2333,3.476475,3.776102,nan,0.095124,nan,7.499942
2334,2.047482,3.319186,84.499039,0.095108,2.351089,4.619743
2335,2.118719,2.233009,nan,0.095108,nan,4.745351
2336,2.345398,3.241104,93.899597,0.095093,1.992608,5.233604
2337,2.980383,4.235476,nan,0.095093,nan,6.501741
2338,2.334780,2.553531,89.057144,0.095077,4.471664,5.193639
2339,2.515897,4.324644,nan,0.095077,nan,5.574841
2340,2.480434,2.746410,92.704559,0.095061,4.007893,5.494339
2341,2.973079,3.097509,nan,0.095061,nan,6.487899
2342,3.257634,3.102060,92.532364,0.095045,2.664440,7.057199
2343,2.095630,3.340565,nan,0.095045,nan,4.745955
2344,2.498856,2.759887,92.102707,0.095029,3.350779,5.548309
2345,2.087600,2.408222,nan,0.095029,nan,4.726721
2346,3.604249,2.660048,88.600723,0.095013,4.669012,7.759490
2347,4.191722,2.881593,nan,0.095013,nan,8.950417
2348,4.673854,2.244598,89.484055,0.094996,4.821671,9.914800
2349,2.753305,2.399824,nan,0.094996,nan,6.056822
2350,5.833279,1.893471,103.641159,0.094980,4.169890,12.230626
2351,3.934561,2.771730,nan,0.094980,nan,8.425361
2352,1.613434,2.347075,87.458832,0.094963,3.830350,3.758879
2353,4.773814,5.388654,nan,0.094963,nan,10.095506
2354,2.425148,6.028287,93.739044,0.094946,5.886199,5.408308
2355,2.643041,4.184062,nan,0.094946,nan,5.852234
2356,3.496900,5.747458,106.334312,0.094929,3.588379,7.561586
2357,3.100640,6.371316,nan,0.094929,nan,6.769320
2358,2.092086,4.752472,95.084999,0.094912,1.236681,4.732382
2359,3.025806,4.547973,nan,0.094912,nan,6.622211
2360,2.905185,4.364544,92.819618,0.094896,2.869117,6.353703
2361,2.761776,2.533502,nan,0.094896,nan,6.063258
2362,3.957766,3.128466,97.958740,0.094880,2.495093,8.474766
2363,2.327744,2.180699,nan,0.094880,nan,5.205481
2364,4.034149,3.080661,86.743668,0.094865,2.169808,8.622347
2365,5.377323,5.131630,nan,0.094865,nan,11.327815
2366,2.717497,4.334129,98.626862,0.094849,3.709921,6.007512
2367,3.629377,2.982240,nan,0.094849,nan,7.815749
2368,2.117672,3.608406,96.659058,0.094834,1.253830,4.782515
2369,3.279472,2.652197,nan,0.094834,nan,7.120517
2370,2.488314,3.005491,94.667198,0.094819,4.501935,5.524879
2371,2.783649,2.489269,nan,0.094819,nan,6.131792
2372,2.614768,2.644727,102.451111,0.094803,3.875089,5.796091
2373,2.791852,1.783870,nan,0.094803,nan,6.147326
2374,1.413048,2.192858,90.960701,0.094788,2.127008,3.364422
2375,3.897955,3.643755,nan,0.094788,nan,8.335682
2376,3.354545,5.263044,91.886108,0.094772,3.839252,7.261207
2377,3.015294,4.112375,nan,0.094772,nan,6.558206
2378,1.792355,1.634332,101.233383,0.094757,2.491834,4.096681
2379,2.071641,2.633471,nan,0.094757,nan,4.676775
2380,2.500233,1.621346,94.610008,0.094742,4.451047,5.533497
2381,3.530004,2.371661,nan,0.094742,nan,7.618786
2382,3.762243,2.591127,95.775909,0.094726,3.464655,8.083539
2383,2.478013,2.552199,nan,0.094726,nan,5.499007
2384,4.013889,2.490435,104.665215,0.094711,3.603998,8.592927
2385,3.250394,3.735112,nan,0.094711,nan,7.057623
2386,1.811600,2.900612,93.304672,0.094695,3.298201,4.154051
2387,3.620243,3.198266,nan,0.094695,nan,7.792518
2388,4.308899,5.199950,93.133095,0.094680,2.542828,9.168633
2389,3.884147,3.163377,nan,0.094680,nan,8.311685
2390,1.631168,1.322315,103.002274,0.094665,4.044759,3.793229
2391,3.792214,2.987890,nan,0.094665,nan,8.135747
2392,1.513496,1.284538,97.518478,0.094650,0.819849,3.547878
2393,4.621459,1.834395,nan,0.094650,nan,9.791999
2394,4.386721,2.509598,98.143097,0.094635,4.271371,9.318888
2395,3.214843,2.583090,nan,0.094635,nan,6.957512
2396,2.803126,1.505818,102.994385,0.094619,4.041315,6.134407
2397,2.414785,2.234534,nan,0.094619,nan,5.353777
2398,1.908143,1.459946,99.280228,0.094604,2.641000,4.359886
2399,3.003157,2.254892,nan,0.094604,nan,6.552780
2400,2.088097,1.605807,108.048515,0.094589,4.772289,4.744277
2401,2.349378,3.034097,nan,0.094589,nan,5.248049
2402,1.773636,1.521639,97.168221,0.094574,3.560259,4.105086
2403,3.319945,3.630162,nan,0.094574,nan,7.189792
2404,3.030893,3.813611,101.002304,0.094558,4.204609,6.592268
2405,1.664287,2.261386,nan,0.094558,nan,3.842730
2406,3.106833,4.605585,112.718094,0.094543,2.749607,6.739530
2407,2.709222,4.481315,nan,0.094543,nan,5.934042
2408,2.029948,1.773597,101.815353,0.094527,3.897172,4.568966
2409,2.941915,6.522176,nan,0.094527,nan,6.383309
2410,3.016160,6.482282,98.783798,0.094511,4.473244,6.553331
2411,3.450211,3.005931,nan,0.094511,nan,7.432179
2412,2.944544,2.935376,112.659805,0.094496,4.441217,6.416729
2413,2.361242,2.866092,nan,0.094496,nan,5.237429
2414,2.848733,1.571482,102.248093,0.094479,5.657269,6.228781
2415,4.299467,2.930928,nan,0.094479,nan,9.128486
2416,3.974949,2.819182,112.683052,0.094463,3.588243,8.486746
2417,2.589346,3.939444,nan,0.094463,nan,5.699106
2418,4.319400,4.715306,113.073120,0.094447,5.233466,9.172180
2419,2.922573,3.131980,nan,0.094447,nan,6.348457
2420,3.606299,3.218067,114.828629,0.094430,5.603712,7.759964
2421,5.187354,4.041916,nan,0.094430,nan,10.923683
2422,2.198801,2.060850,116.528992,0.094413,5.009750,4.899652
2423,5.506413,5.552077,nan,0.094413,nan,11.541245
2424,7.594566,3.554719,118.278381,0.094395,6.969163,15.730556
2425,3.095345,3.030811,nan,0.094395,nan,6.717067
2426,3.951385,3.860713,112.511047,0.094378,3.192532,8.420147
2427,7.163476,2.401311,nan,0.094378,nan,14.862705
2428,4.645952,2.719416,108.505341,0.094361,4.371828,9.812712
2429,1.924460,4.293994,nan,0.094361,nan,4.373844
2430,3.694920,1.884818,117.100159,0.094344,2.970011,7.927729
2431,1.880318,2.513862,nan,0.094344,nan,4.246239
2432,2.374799,2.795975,110.613419,0.094327,4.334033,5.228484
2433,2.560291,4.377628,nan,0.094327,nan,5.653152
2434,2.565746,4.740535,108.526718,0.094310,4.241165,5.662239
2435,3.551852,2.919689,nan,0.094310,nan,7.625064
2436,2.773621,3.011644,117.897186,0.094293,3.744896,6.058829
2437,3.348141,3.168917,nan,0.094293,nan,7.214559
2438,3.331148,2.757974,110.369598,0.094277,3.334526,7.208025
2439,5.085785,3.547561,nan,0.094277,nan,10.694992
2440,6.502720,3.327680,111.999413,0.094261,3.710337,13.566427
2441,5.451895,3.006800,nan,0.094261,nan,11.456676
2442,2.596332,3.111577,121.522751,0.094244,5.042330,5.718884
2443,3.330442,2.269301,nan,0.094244,nan,7.223595
2444,2.964645,3.207192,112.487671,0.094227,5.941359,6.465002
2445,7.099047,2.706981,nan,0.094227,nan,14.754149
2446,7.833555,3.520237,111.117645,0.094210,4.267125,16.234333
2447,4.277731,4.200090,nan,0.094210,nan,9.102057
2448,3.483629,2.620205,124.961899,0.094193,5.549099,7.541550
2449,4.808150,5.292529,nan,0.094193,nan,10.183010
2450,2.447524,4.588712,113.893616,0.094176,3.060898,5.428968
2451,3.570633,2.687644,nan,0.094176,nan,7.694990
2452,2.609681,2.662530,114.183739,0.094160,3.569307,5.776642
2453,2.953401,2.884581,nan,0.094160,nan,6.441171
2454,3.523962,3.117597,117.993195,0.094143,5.368935,7.634789
2455,3.004139,2.633274,nan,0.094143,nan,6.576678
2456,2.522470,2.958491,113.801178,0.094126,3.771536,5.618638
2457,2.536953,3.367181,nan,0.094126,nan,5.648463
2458,2.405608,2.298041,111.588272,0.094110,3.568172,5.372090
2459,2.801397,2.307706,nan,0.094110,nan,6.188092
2460,2.915728,3.347216,117.552017,0.094094,2.367601,6.405678
2461,2.494148,2.208582,nan,0.094094,nan,5.557778
2462,3.167784,2.597185,109.724884,0.094077,5.826480,6.898334
2463,3.396104,2.496813,nan,0.094077,nan,7.355984
2464,3.350958,3.003367,116.788315,0.094061,4.862327,7.275945
2465,2.490650,1.846968,nan,0.094061,nan,5.548382
2466,3.178497,2.932174,110.117470,0.094045,2.533078,6.915752
2467,3.525436,2.436486,nan,0.094045,nan,7.656594
2468,3.005007,3.187542,121.899414,0.094029,3.515449,6.593752
2469,3.931869,2.169431,nan,0.094029,nan,8.470131
2470,4.059017,3.578054,113.923286,0.094013,3.514750,8.714539
2471,3.991391,2.569528,nan,0.094013,nan,8.575850
2472,3.677332,2.640849,117.452408,0.093997,3.264533,7.949664
2473,2.327940,2.085376,nan,0.093997,nan,5.239745
2474,3.600373,3.175833,113.391663,0.093982,4.082946,7.797466
2475,3.426726,3.954899,nan,0.093982,nan,7.436984
2476,4.812843,2.601179,117.896004,0.093966,4.567897,10.237265
2477,3.490125,3.663961,nan,0.093966,nan,7.574908
2478,3.454871,2.497448,122.193642,0.093950,3.735189,7.514308
2479,4.066147,2.763575,nan,0.093950,nan,8.736696
2480,3.169593,3.040770,115.598175,0.093934,6.265118,6.933992
2481,6.968569,4.310664,nan,0.093934,nan,14.549578
2482,6.989339,4.267953,120.263718,0.093918,3.164655,14.565754
2483,4.882713,2.990574,nan,0.093918,nan,10.365435
2484,3.135590,2.343987,118.909637,0.093902,3.615242,6.851640
2485,3.893487,4.214791,nan,0.093902,nan,8.385149
2486,3.890247,4.459946,121.200943,0.093886,4.392769,8.367558
2487,3.570308,3.461300,nan,0.093886,nan,7.716514
2488,3.992405,3.678181,121.111023,0.093871,3.382802,8.570846
2489,3.360118,3.422627,nan,0.093871,nan,7.294613
2490,4.489375,3.617107,125.910736,0.093855,3.042215,9.576609
2491,4.352049,4.013417,nan,0.093855,nan,9.276946
2492,3.185694,3.077385,124.998695,0.093840,2.358577,6.951470
2493,4.503093,3.639098,nan,0.093840,nan,9.580067
2494,3.743838,4.162851,119.146309,0.093825,3.586188,8.078291
2495,3.928125,3.795716,nan,0.093825,nan,8.416725
2496,3.227727,3.388371,113.351028,0.093810,4.567652,7.020720
2497,5.447553,6.624644,nan,0.093810,nan,11.480621
2498,6.267272,6.330248,122.945999,0.093795,3.996949,13.130191
2499,4.206615,3.917181,nan,0.093795,nan,8.989136
2500,5.441729,4.814832,119.388786,0.093780,3.858699,11.465259
2501,4.034280,4.540629,nan,0.093780,nan,8.625747
2502,6.710477,5.681597,120.074852,0.093764,5.911866,14.003244
2503,7.009652,4.604001,nan,0.093764,nan,14.596406
2504,5.322294,4.931077,116.878731,0.093749,3.049648,11.216558
2505,3.782372,6.299840,nan,0.093749,nan,8.125879
2506,5.857490,4.664582,128.373322,0.093734,3.320953,12.287895
2507,5.190630,3.531359,nan,0.093734,nan,10.956189
2508,5.040760,5.259412,117.747772,0.093718,4.242883,10.643625
2509,3.901327,3.768339,nan,0.093718,nan,8.352133
2510,5.664437,4.873516,121.440834,0.093703,5.014947,11.907570
2511,4.080419,3.482732,nan,0.093703,nan,8.704012
2512,4.425169,6.209573,127.186417,0.093687,5.393624,9.397414
2513,6.270434,4.529315,nan,0.093687,nan,13.089029
2514,5.808505,4.513392,112.353714,0.093671,4.429858,12.148357
2515,5.371008,6.683281,nan,0.093671,nan,11.292587
2516,4.186343,3.808146,112.674843,0.093655,5.277237,8.883694
2517,6.332758,4.241282,nan,0.093655,nan,13.208112
2518,3.806264,4.174954,117.027115,0.093639,4.899821,8.139597
2519,6.206683,4.747620,nan,0.093639,nan,12.938293
2520,4.470689,5.226132,120.428642,0.093624,1.703591,9.480641
2521,5.508162,4.540631,nan,0.093624,nan,11.545922
2522,4.870475,5.436585,105.056015,0.093608,5.087755,10.265536
2523,4.522542,6.411912,nan,0.093608,nan,9.548174
2524,4.161597,3.768308,112.563354,0.093593,1.610747,8.837399
2525,5.346853,4.010468,nan,0.093593,nan,11.226290
2526,4.384528,2.861593,114.191071,0.093578,2.918558,9.242556
2527,3.821600,3.549510,nan,0.093578,nan,8.140233
2528,3.932321,3.373943,107.159470,0.093563,4.816949,8.355890
2529,3.606521,3.955947,nan,0.093563,nan,7.700668
2530,4.058862,4.196290,114.426331,0.093548,4.283476,8.615484
2531,5.100423,4.108448,nan,0.093548,nan,10.686851
2532,3.988297,3.162681,106.860062,0.093533,3.366977,8.467548
2533,5.973590,5.699414,nan,0.093533,nan,12.441145
2534,6.053135,6.098822,102.152901,0.093518,1.884506,12.615452
2535,4.366211,5.289714,nan,0.093518,nan,9.206585
2536,3.557688,3.054081,113.628128,0.093504,4.260739,7.581742
2537,5.102254,6.269766,nan,0.093504,nan,10.697338
2538,6.848783,4.837667,111.976501,0.093490,1.234259,14.176399
2539,5.740844,5.707916,nan,0.093490,nan,11.983032
2540,4.130229,4.615434,109.164734,0.093475,6.810877,8.733141
2541,4.237817,4.848831,nan,0.093475,nan,8.920082
2542,4.516329,4.663841,94.519104,0.093460,4.549234,9.502403
2543,5.291279,10.074423,nan,0.093460,nan,11.061121
2544,3.141297,8.287594,99.720337,0.093445,4.035527,6.764187
2545,3.381094,4.840630,nan,0.093445,nan,7.228523
2546,3.746783,7.305386,116.816101,0.093431,1.508982,7.969871
2547,3.514566,7.095222,nan,0.093431,nan,7.492738
2548,3.289820,5.224184,100.177338,0.093416,3.899128,7.018797
2549,4.066915,6.607880,nan,0.093416,nan,8.594964
2550,5.077724,9.351297,101.693680,0.093402,3.426262,10.650433
2551,3.683852,3.528879,nan,0.093402,nan,7.828957
2552,3.535388,4.115556,100.002457,0.093388,3.903372,7.529232
2553,3.788159,4.346836,nan,0.093388,nan,8.052792
2554,4.508296,4.517255,104.258781,0.093373,4.755387,9.480363
2555,3.384161,3.485495,nan,0.093373,nan,7.244744
2556,3.312685,2.741266,100.335571,0.093359,4.211117,7.081967
2557,3.872415,3.818685,nan,0.093359,nan,8.201218
2558,5.279414,3.551867,96.804535,0.093344,3.822761,11.041991
2559,4.770491,3.216572,nan,0.093344,nan,9.997881
2560,2.726320,2.489401,104.083839,0.093330,2.827080,5.895204
2561,3.848811,4.570807,nan,0.093330,nan,8.151256
2562,4.356083,4.735607,100.968491,0.093315,2.642080,9.196260
2563,3.064641,6.812927,nan,0.093315,nan,6.579039
2564,2.836541,6.330563,97.844666,0.093301,3.542198,6.126956
2565,3.050278,3.215106,nan,0.093301,nan,6.572104
2566,3.246909,3.220042,101.099655,0.093287,3.617111,6.941022
2567,3.645950,4.237199,nan,0.093287,nan,7.739578
2568,3.916311,4.811187,105.493652,0.093273,2.441713,8.303022
2569,3.682199,4.961646,nan,0.093273,nan,7.797423
2570,3.575967,4.293478,102.676086,0.093259,4.146828,7.615817
2571,3.997092,7.006766,nan,0.093259,nan,8.477331
2572,3.886847,6.288734,104.904129,0.093246,2.729386,8.231365
2573,4.407718,5.402834,nan,0.093246,nan,9.279726
2574,4.859712,4.890566,107.594002,0.093231,5.928879,10.183619
2575,3.301117,3.016864,nan,0.093231,nan,7.063104
2576,5.262363,5.533434,102.337860,0.093217,3.914263,10.991608
2577,3.954224,3.557411,nan,0.093217,nan,8.360640
2578,5.715471,4.195321,111.200211,0.093203,3.931850,11.897869
2579,4.498025,3.143989,nan,0.093203,nan,9.445660
2580,4.034615,3.763075,109.081711,0.093189,2.282883,8.528040
2581,3.592521,3.199904,nan,0.093189,nan,7.642634
2582,3.026728,3.939210,103.784790,0.093175,4.759808,6.513024
2583,3.298060,4.344609,nan,0.093175,nan,7.027121
2584,3.799599,3.934200,118.644890,0.093161,3.676425,8.059727
2585,3.695221,3.537684,nan,0.093161,nan,7.832879
2586,4.572104,4.693600,111.200279,0.093146,5.727638,9.594499
2587,4.747236,4.169175,nan,0.093146,nan,9.944806
2588,4.455356,5.232595,119.159790,0.093131,4.058653,9.370182
2589,3.678534,3.863092,nan,0.093131,nan,7.820675
2590,5.457105,5.685714,111.871048,0.093117,4.155287,11.377594
2591,5.431318,6.202126,nan,0.093117,nan,11.320349
2592,5.683466,4.515201,124.862839,0.093102,3.908839,11.838681
2593,4.643860,5.198843,nan,0.093102,nan,9.746212
2594,5.391977,4.886680,122.584366,0.093087,5.326000,11.250896
2595,4.398810,5.017342,nan,0.093087,nan,9.256983
2596,4.543652,3.812253,128.055389,0.093072,4.935899,9.546425
2597,4.553114,4.489765,nan,0.093072,nan,9.557439
2598,5.664221,5.483609,119.471474,0.093057,7.013805,11.781725
2599,5.398424,5.350900,nan,0.093057,nan,11.241878
2600,5.311364,4.310023,134.757019,0.093041,4.827111,11.082616
2601,4.476346,3.900671,nan,0.093041,nan,9.403451
2602,4.969331,4.188981,119.668983,0.093026,4.359970,10.385622
2603,5.616429,7.364445,nan,0.093026,nan,11.687009
2604,7.427533,7.148627,124.769302,0.093011,3.856870,15.299850
2605,6.856112,5.519409,nan,0.093011,nan,14.179962
2606,3.203781,4.173844,148.418182,0.092995,3.536777,6.854527
2607,7.321482,3.819148,nan,0.092995,nan,15.102678
2608,5.607489,3.912089,136.258072,0.092980,4.403885,11.655653
2609,6.071181,4.041588,nan,0.092980,nan,12.585498
2610,6.982360,3.988560,133.926865,0.092965,4.637258,14.394381
2611,3.716774,4.282723,nan,0.092965,nan,7.877083
2612,5.548090,5.277368,140.018677,0.092950,5.264688,11.547276
2613,5.261117,4.204794,nan,0.092950,nan,10.963414
2614,4.685765,3.907444,133.030609,0.092935,3.317951,9.814184
2615,5.313112,7.281635,nan,0.092935,nan,11.061813
2616,5.493612,6.166237,147.262650,0.092920,2.523544,11.427200
2617,4.069125,5.075291,nan,0.092920,nan,8.569993
2618,3.723263,5.065068,139.290741,0.092905,4.789764,7.857738
2619,5.363818,6.197809,nan,0.092905,nan,11.147779
2620,4.866566,4.438437,155.342438,0.092890,4.013700,10.154730
2621,4.001609,6.094171,nan,0.092890,nan,8.431231
2622,5.382959,9.485037,168.629456,0.092875,4.947032,11.186227
2623,8.900581,10.243099,nan,0.092875,nan,18.224041
2624,5.693349,6.067898,135.735413,0.092860,5.296903,11.802896
2625,8.776878,21.090609,nan,0.092860,nan,17.977703
2626,11.594707,11.780909,150.843628,0.092845,4.525042,23.611652
2627,9.327643,5.566011,nan,0.092845,nan,19.067844
2628,4.074605,7.019166,163.343048,0.092830,4.864172,8.552704
2629,11.580406,5.446044,nan,0.092830,nan,23.580387
2630,7.105982,4.616539,144.770386,0.092815,4.707940,14.614639
2631,5.875032,7.745110,nan,0.092815,nan,12.162811
2632,11.206797,7.317328,151.812057,0.092799,6.948022,22.826611
2633,9.540476,4.934658,nan,0.092799,nan,19.476580
2634,4.321876,4.493709,166.740616,0.092784,4.662348,9.049559
2635,11.549238,5.407628,nan,0.092784,nan,23.512596
2636,12.069685,3.711111,169.113571,0.092768,4.203808,24.536915
2637,5.871013,7.520368,nan,0.092768,nan,12.139925
2638,4.385545,8.197124,152.418106,0.092753,3.064352,9.179471
2639,6.883190,8.325726,nan,0.092753,nan,14.150243
2640,7.507174,11.890350,145.073441,0.092738,5.145180,15.398998
2641,8.270668,7.912560,nan,0.092738,nan,16.940111
2642,8.175444,5.240419,175.217468,0.092723,3.795147,16.746128
2643,3.760798,4.526254,nan,0.092723,nan,7.894597
2644,8.165365,4.892935,188.345703,0.092708,3.895523,16.707939
2645,11.231735,4.616945,nan,0.092708,nan,22.862038
2646,7.179655,5.233451,188.701828,0.092692,5.501136,14.739581
2647,5.268664,10.399746,nan,0.092692,nan,10.912136
2648,7.348197,7.815751,163.959473,0.092678,2.950865,15.075256
2649,4.576911,9.464237,nan,0.092678,nan,9.526264
2650,5.839452,17.544926,170.485580,0.092663,4.891425,12.045074
2651,4.967324,9.938205,nan,0.092663,nan,10.291276
2652,4.988216,4.824895,178.469193,0.092648,2.540485,10.335743
2653,6.036079,6.744722,nan,0.092648,nan,12.432257
2654,4.203788,4.512614,180.075623,0.092634,3.893373,8.757597
2655,6.391256,5.773077,nan,0.092634,nan,13.147612
2656,3.782761,8.529144,187.558075,0.092619,4.491619,7.919233
2657,5.369396,6.085814,nan,0.092619,nan,11.073689
2658,4.495511,6.830224,171.514023,0.092605,4.772153,9.323521
2659,4.864751,8.474633,nan,0.092605,nan,10.081060
2660,6.099467,4.641213,194.378693,0.092590,5.911066,12.534424
2661,5.363602,7.522999,nan,0.092590,nan,11.053679
2662,6.588425,5.630301,191.833130,0.092575,4.065550,13.497911
2663,5.814256,9.634835,nan,0.092575,nan,11.961218
2664,6.475747,6.533554,196.270813,0.092560,4.500060,13.271446
2665,6.816689,6.497495,nan,0.092560,nan,13.941366
2666,3.972408,4.737224,195.040054,0.092545,5.943007,8.254287
2667,5.547872,10.390125,nan,0.092545,nan,11.404078
2668,6.158862,8.223809,191.753296,0.092530,5.117952,12.625005
2669,5.960488,4.119560,nan,0.092530,nan,12.229298
2670,4.634034,5.941774,188.461655,0.092515,5.712779,9.561373
2671,6.891373,8.835015,nan,0.092515,nan,14.092114
2672,5.311902,6.590821,211.889404,0.092499,5.952747,10.916574
2673,4.459983,7.489964,nan,0.092499,nan,9.194628
2674,8.173783,7.339541,203.972900,0.092484,3.349984,16.639357
2675,6.340969,9.437290,nan,0.092484,nan,12.961652
2676,6.190256,7.919207,202.595398,0.092469,3.577467,12.660509
2677,7.787899,6.443504,nan,0.092469,nan,15.858620
2678,9.264894,5.939473,214.399521,0.092454,7.015843,18.811306
2679,5.382442,5.343338,nan,0.092454,nan,11.035493
2680,7.480491,6.549329,206.070801,0.092438,5.359810,15.235954
2681,6.283643,6.077621,nan,0.092438,nan,12.841751
2682,8.637475,8.152278,215.228973,0.092423,2.724612,17.561455
2683,6.096436,7.091603,nan,0.092423,nan,12.457014
2684,7.436958,6.622241,221.940338,0.092408,4.107965,15.134052
2685,8.609170,4.670604,nan,0.092408,nan,17.479969
2686,4.620089,4.853584,208.189728,0.092393,4.171694,9.484076
2687,6.770498,7.246880,nan,0.092393,nan,13.797948
2688,5.088243,6.460590,218.447083,0.092379,4.354661,10.425840
2689,6.559917,6.207076,nan,0.092379,nan,13.374029
2690,6.556531,5.653435,221.977509,0.092364,4.439048,13.355576
2691,6.528900,6.172894,nan,0.092364,nan,13.316170
2692,6.305721,6.022565,228.369659,0.092349,5.127804,12.858311
2693,6.973086,5.650442,nan,0.092349,nan,14.181269
2694,7.029901,6.911488,242.075806,0.092334,5.710236,14.292281
2695,10.347946,6.553956,nan,0.092334,nan,20.926189
2696,8.419344,6.158153,232.037659,0.092319,3.430786,17.073589
2697,5.178328,3.629565,nan,0.092319,nan,10.590535
2698,8.316233,7.923460,224.411636,0.092305,3.149927,16.859344
2699,3.747474,4.690205,nan,0.092305,nan,7.713922
2700,6.299356,8.454653,232.464355,0.092290,4.568195,12.828802
2701,6.456159,5.857961,nan,0.092290,nan,13.153931
2702,5.663537,5.804103,222.408417,0.092276,6.023787,11.550647
2703,6.001686,6.875987,nan,0.092276,nan,12.226042
2704,5.196002,4.867458,252.744797,0.092261,2.903196,10.606585
2705,9.135501,8.669690,nan,0.092261,nan,18.500851
2706,10.163660,7.987010,239.258636,0.092247,4.583099,20.563057
2707,5.840251,7.184313,nan,0.092247,nan,11.919478
2708,7.666821,7.123883,229.413361,0.092232,5.564413,15.554766
2709,5.805755,5.168178,nan,0.092232,nan,11.848835
2710,6.059375,6.368568,238.505951,0.092218,4.546220,12.336078
2711,8.657410,6.592266,nan,0.092218,nan,17.550379
2712,7.365196,6.177253,234.623291,0.092203,6.466632,14.939912
2713,6.518382,7.053653,nan,0.092203,nan,13.260724
2714,6.658347,5.521472,234.012970,0.092187,6.403702,13.545410
2715,7.769993,7.742466,nan,0.092187,nan,15.769432
2716,6.943363,6.034425,258.851501,0.092172,4.979531,14.098682
2717,5.781935,6.683740,nan,0.092172,nan,11.771933
2718,5.554008,6.638193,232.847260,0.092157,5.206887,11.336425
2719,6.585547,14.960287,nan,0.092157,nan,13.393831
2720,8.420837,14.454130,228.353073,0.092142,4.178678,17.053297
2721,8.722638,8.151348,nan,0.092142,nan,17.663750
2722,5.801762,5.802635,253.806396,0.092127,3.991223,11.821470
2723,6.361987,6.176902,nan,0.092127,nan,12.946807
2724,10.577650,7.212921,245.905960,0.092112,5.611374,21.388821
2725,4.961596,5.849214,nan,0.092112,nan,10.146087
2726,4.992233,6.635757,236.966370,0.092097,6.514121,10.207857
2727,7.140281,11.364784,nan,0.092097,nan,14.522840
2728,6.239000,8.389551,245.588989,0.092082,4.413370,12.702236
2729,7.600816,8.319249,nan,0.092082,nan,15.429857
2730,6.852742,12.352079,264.662018,0.092067,2.876670,13.925828
2731,8.907241,7.875261,nan,0.092067,nan,18.034536
2732,6.279504,6.182626,243.234589,0.092052,5.652571,12.794508
2733,6.661051,9.439087,nan,0.092052,nan,13.551280
2734,10.990921,8.656151,255.861389,0.092037,4.378211,22.203947
2735,6.425581,7.548374,nan,0.092037,nan,13.084330
2736,7.069853,6.909255,253.850494,0.092022,4.857231,14.365289
2737,7.322390,5.181763,nan,0.092022,nan,14.876316
2738,7.556150,7.592494,245.490295,0.092007,4.873547,15.335562
2739,8.377986,11.447215,nan,0.092007,nan,16.996212
2740,6.877307,7.371565,255.827393,0.091993,4.148159,13.984949
2741,5.472410,7.969059,nan,0.091993,nan,11.186553
2742,5.599731,6.945225,239.782532,0.091978,5.807091,11.439533
2743,6.990553,14.744560,nan,0.091978,nan,14.209921
2744,4.880527,10.568182,234.970123,0.091963,3.425708,9.999363
2745,11.051677,7.197006,nan,0.091963,nan,22.337894
2746,6.952040,7.226539,248.203522,0.091949,5.530943,14.154716
2747,7.329807,5.771582,nan,0.091949,nan,14.909545
2748,6.807564,6.269419,249.385559,0.091934,3.487226,13.862815
2749,7.570081,8.008627,nan,0.091934,nan,15.388315
2750,6.617788,6.156670,238.220306,0.091920,5.405231,13.493153
2751,8.589518,12.699156,nan,0.091920,nan,17.440445
2752,6.292699,9.013932,240.850464,0.091905,4.414901,12.841471
2753,6.467183,6.577336,nan,0.091905,nan,13.206196
2754,6.823321,5.857295,232.355270,0.091891,5.768772,13.917175
2755,6.732854,6.885520,nan,0.091891,nan,13.737450
2756,11.278337,6.442811,247.155548,0.091876,5.472419,22.821747
2757,7.038742,7.039766,nan,0.091876,nan,14.345682
2758,8.493994,4.749281,254.461700,0.091861,4.534802,17.273962
2759,8.726316,6.246212,nan,0.091861,nan,17.736343
2760,6.254648,9.539551,253.271347,0.091847,3.806785,12.787523
2761,5.420004,5.339814,nan,0.091847,nan,11.125240
2762,5.454675,7.630123,243.070435,0.091832,4.091038,11.189234
2763,5.780389,5.445020,nan,0.091832,nan,11.853113
2764,6.438515,13.437401,268.009644,0.091818,3.924867,13.175029
2765,7.505419,15.060826,nan,0.091818,nan,15.308280
2766,6.970130,6.768318,238.475800,0.091804,5.210522,14.229611
2767,5.437008,9.056631,nan,0.091804,nan,11.182538
2768,9.799099,6.691477,242.141235,0.091789,6.427850,19.913040
2769,8.193699,4.634228,nan,0.091789,nan,16.709459
2770,7.386485,6.773287,244.889740,0.091775,3.880332,15.096649
2771,6.182420,7.512096,nan,0.091775,nan,12.688304
2772,6.416788,4.715215,236.727570,0.091761,5.092947,13.164845
2773,5.980125,7.423557,nan,0.091761,nan,12.290307
2774,10.406271,8.232552,243.157135,0.091746,5.118075,21.133020
2775,6.963259,6.673171,nan,0.091746,nan,14.262606
2776,9.811352,7.659104,253.474716,0.091731,6.173040,19.965761
2777,9.397461,4.860942,nan,0.091731,nan,19.141556
2778,7.911682,7.691224,261.720551,0.091717,4.365164,16.156778
2779,10.053461,10.075796,nan,0.091717,nan,20.456661
2780,10.877409,6.590382,222.614380,0.091702,4.773262,22.110258
2781,3.986296,13.260402,nan,0.091702,nan,8.324709
2782,4.994851,11.383144,236.983475,0.091688,4.787704,10.345961
2783,4.917400,5.284444,nan,0.091688,nan,10.192961
2784,6.373031,6.661448,244.400299,0.091673,5.357583,13.104578
2785,4.624171,5.739137,nan,0.091673,nan,9.611313
2786,6.280735,11.135983,245.767212,0.091659,5.211207,12.934464
2787,5.335815,5.241065,nan,0.091659,nan,11.035444
2788,5.099348,9.147024,231.435883,0.091644,6.210902,10.580938
2789,5.695162,7.025775,nan,0.091644,nan,11.771831
2790,5.470606,11.704647,258.869843,0.091629,5.507903,11.292723
2791,5.197945,9.772159,nan,0.091629,nan,10.760283
2792,6.280724,6.853803,234.122101,0.091614,6.413764,12.911367
2793,5.870220,9.389637,nan,0.091614,nan,12.101614
2794,6.585956,4.221821,233.043808,0.091599,4.797615,13.557674
2795,7.371131,5.528305,nan,0.091599,nan,15.140724
2796,7.143891,6.136622,239.630814,0.091584,4.061780,14.676328
2797,4.614946,5.398686,nan,0.091584,nan,9.610308
2798,6.467877,5.762288,212.344650,0.091569,5.729006,13.347054
2799,8.538795,16.207300,nan,0.091569,nan,17.458590
2800,9.367832,20.879959,219.301544,0.091554,6.842857,19.162718
2801,12.594690,8.109783,nan,0.091554,nan,25.602930
2802,7.968996,10.211891,254.746338,0.091539,4.354032,16.355497
2803,5.604477,10.045872,nan,0.091539,nan,11.612473
2804,12.666766,5.555105,255.566605,0.091524,5.594558,25.768469
2805,9.722745,8.307364,nan,0.091524,nan,19.849909
2806,4.431777,7.035284,244.591034,0.091509,5.996596,9.239392
2807,13.364393,11.432188,nan,0.091509,nan,27.151554
2808,12.185076,13.844263,231.230392,0.091494,7.762164,24.794638
2809,7.146454,8.573977,nan,0.091494,nan,14.667420
2810,7.011049,8.193157,244.309143,0.091478,5.219468,14.434643
2811,6.130995,5.116216,nan,0.091478,nan,12.712866
2812,6.379232,8.036531,242.539612,0.091463,4.446558,13.197102
2813,6.930486,7.012862,nan,0.091463,nan,14.315228
2814,5.287909,8.444015,237.001785,0.091448,4.669557,11.022493
2815,5.741074,8.134844,nan,0.091448,nan,11.910114
2816,5.674505,8.434017,239.133972,0.091433,3.848558,11.799503
2817,6.371008,4.319098,nan,0.091433,nan,13.195438
2818,4.365698,4.742943,227.976471,0.091418,5.861993,9.206652
2819,7.061810,9.436716,nan,0.091418,nan,14.592415
2820,5.216706,3.426572,238.607513,0.091403,7.564495,10.924503
2821,5.071789,4.555449,nan,0.091403,nan,10.620064
2822,5.210176,3.911068,229.408478,0.091388,5.309067,10.933174
2823,3.722152,3.970474,nan,0.091388,nan,7.941319
2824,4.370028,3.749329,254.043625,0.091373,5.223808,9.222348
2825,3.512482,8.369269,nan,0.091373,nan,7.484225
2826,4.855273,5.896651,229.684814,0.091358,5.514733,10.240158
2827,3.603911,17.336613,nan,0.091358,nan,7.728467
2828,7.806832,16.007523,210.888489,0.091342,7.605584,16.108727
2829,8.920559,11.639133,nan,0.091342,nan,18.324657
2830,6.953799,2.724730,247.024109,0.091327,3.888121,14.430771
2831,10.055414,4.174776,nan,0.091327,nan,20.587860
2832,13.244547,4.879091,258.042053,0.091312,3.977956,26.999025
2833,8.857858,5.193347,nan,0.091312,nan,18.272448
2834,3.112139,3.802889,224.953217,0.091297,6.070158,6.746691
2835,9.313955,11.029047,nan,0.091297,nan,19.197632
2836,7.190463,7.542267,234.565140,0.091282,6.543348,14.917236
2837,4.132216,4.063719,nan,0.091282,nan,8.768831
2838,4.886411,11.165596,258.403473,0.091267,4.064487,10.336184
2839,12.536421,6.974711,nan,0.091267,nan,25.609241
2840,11.938240,3.339019,242.698578,0.091252,6.679995,24.418282
2841,3.036022,9.289308,nan,0.091252,nan,6.640015
2842,11.129618,4.434459,245.497192,0.091237,4.817420,22.832966
2843,10.929070,3.364378,nan,0.091237,nan,22.450546
2844,5.030558,4.266281,246.407883,0.091223,5.032583,10.601735
2845,5.931661,6.005410,nan,0.091223,nan,12.456679
2846,8.114865,6.511216,257.862213,0.091208,5.069518,16.829800
2847,6.248782,5.979804,nan,0.091208,nan,13.060396
2848,3.409279,2.703467,229.974762,0.091193,5.036856,7.406650
2849,7.964745,9.496808,nan,0.091193,nan,16.540716
2850,9.699512,3.710454,248.419434,0.091179,4.119680,20.009583
2851,4.570512,3.123682,nan,0.091179,nan,9.749428
2852,6.680759,3.331857,254.832748,0.091164,4.862562,13.959682
2853,8.699955,5.635885,nan,0.091164,nan,17.979465
2854,5.174277,3.072330,245.208740,0.091150,5.617085,10.957886
2855,7.854359,2.681861,nan,0.091150,nan,16.325123
2856,7.102780,2.766605,236.170929,0.091135,5.749156,14.810792
2857,2.751883,10.576675,nan,0.091135,nan,6.100574
2858,3.661719,5.038932,264.762634,0.091121,5.118838,7.897215
2859,4.057361,8.679347,nan,0.091121,nan,8.728610
2860,4.195145,11.034081,249.935104,0.091106,6.757383,9.005581
2861,4.319293,7.712220,nan,0.091106,nan,9.243402
2862,3.282816,6.135629,259.255707,0.091092,4.327647,7.170401
2863,6.080420,4.140752,nan,0.091092,nan,12.785352
2864,4.001649,5.295669,250.376389,0.091077,4.131747,8.592951
2865,4.826613,12.946783,nan,0.091077,nan,10.249376
2866,5.112866,10.779333,249.232025,0.091063,4.404590,10.861191
2867,3.327540,3.622525,nan,0.091063,nan,7.255182
2868,3.517752,3.615966,244.239395,0.091049,5.255111,7.646164
2869,3.536925,13.162079,nan,0.091049,nan,7.676940
2870,3.732069,5.197796,259.995117,0.091035,5.429886,8.065472
2871,6.210238,6.643231,nan,0.091035,nan,13.045177
2872,3.327982,5.464050,260.982300,0.091021,4.897518,7.277508
2873,8.140579,10.726174,nan,0.091021,nan,16.908365
2874,6.759792,9.181843,249.812836,0.091006,6.204287,14.135370
2875,2.903930,3.520574,nan,0.091006,nan,6.415382
2876,1.713282,2.968415,246.221222,0.090992,4.440290,4.017335
2877,3.559288,12.954937,nan,0.090992,nan,7.741675
2878,4.585164,8.753814,257.075500,0.090978,6.719228,9.787477
2879,5.183107,5.787570,nan,0.090978,nan,10.994198
2880,3.040068,4.504056,262.312225,0.090963,5.978468,6.686227
2881,8.852588,10.108660,nan,0.090963,nan,18.353046
2882,6.778866,9.960770,254.743271,0.090949,4.244408,14.199501
2883,2.441318,3.360473,nan,0.090949,nan,5.495614
2884,3.475574,3.408413,260.055298,0.090935,5.264345,7.566488
2885,5.730083,2.767850,nan,0.090935,nan,12.051663
2886,4.173477,2.475848,256.954529,0.090921,5.648131,8.938095
2887,5.523104,3.575633,nan,0.090921,nan,11.674398
2888,6.110676,3.731221,249.793213,0.090907,3.765114,12.849609
2889,3.839177,7.122218,nan,0.090907,nan,8.331977
2890,6.148520,3.175312,268.801788,0.090892,5.965249,12.924063
2891,3.055740,4.779900,nan,0.090892,nan,6.713750
2892,3.854665,4.793871,251.660355,0.090878,6.678867,8.327981
2893,3.091505,16.975222,nan,0.090878,nan,6.777416
2894,5.039158,14.717239,244.228973,0.090864,6.327837,10.728083
2895,7.062626,6.442553,nan,0.090864,nan,14.765102
2896,5.042491,9.737494,278.046448,0.090849,6.649811,10.703061
2897,4.221496,7.323276,nan,0.090849,nan,9.068632
2898,6.896573,4.384120,266.968414,0.090834,6.921643,14.441045
2899,5.087538,5.421989,nan,0.090834,nan,10.791531
2900,6.419639,5.915153,260.136108,0.090819,5.614277,13.429372
2901,7.454760,5.549650,nan,0.090819,nan,15.512011
2902,3.985068,4.424153,267.020569,0.090804,4.776711,8.583803
2903,8.393365,6.884551,nan,0.090804,nan,17.434246
2904,9.509779,3.531710,259.356995,0.090790,5.291812,19.635370
2905,2.467640,3.869344,nan,0.090790,nan,5.533921
2906,5.508247,4.741915,255.840164,0.090775,5.611237,11.614233
2907,3.416892,6.208153,nan,0.090775,nan,7.434852
2908,3.240296,3.231916,271.085388,0.090761,5.379142,7.057127
2909,6.799471,4.856778,nan,0.090761,nan,14.193850
2910,8.121084,4.959704,263.829468,0.090746,5.982440,16.831692
2911,4.609378,6.566188,nan,0.090746,nan,9.843164
2912,5.266836,2.942121,259.592041,0.090731,5.644337,11.151303
2913,5.507419,4.402265,nan,0.090731,nan,11.618774
2914,6.313273,7.311302,279.551514,0.090717,4.978023,13.260193
2915,10.279792,5.444359,nan,0.090717,nan,21.146257
2916,9.601322,3.379157,261.067078,0.090703,5.857471,19.817104
2917,4.294516,3.575047,nan,0.090703,nan,9.153047
2918,5.200669,3.293965,253.883530,0.090688,5.461435,10.991411
2919,4.147890,3.434744,nan,0.090688,nan,8.882553
2920,4.203964,6.084889,267.564423,0.090674,5.629743,8.971244
2921,4.594082,3.488650,nan,0.090674,nan,9.812695
2922,6.071303,5.331883,262.646393,0.090659,6.951536,12.747019
2923,3.964030,4.490980,nan,0.090659,nan,8.516104
2924,6.361714,7.362591,280.104645,0.090644,6.380932,13.308722
2925,7.501248,8.271978,nan,0.090644,nan,15.599895
2926,4.561735,4.308711,269.501587,0.090629,7.832047,9.708473
2927,3.792958,4.837270,nan,0.090629,nan,8.184467
2928,5.279229,4.987007,270.225525,0.090614,5.435790,11.141187
2929,3.812128,3.568224,nan,0.090614,nan,8.239868
2930,4.610893,4.626466,269.157410,0.090600,4.156029,9.840936
2931,5.420949,6.745224,nan,0.090600,nan,11.458122
2932,7.104458,4.599576,278.041840,0.090585,6.835003,14.824448
2933,3.777914,4.035087,nan,0.090585,nan,8.154160
2934,10.864665,2.917433,295.778839,0.090570,5.851415,22.327564
2935,9.843337,4.756797,nan,0.090570,nan,20.283216
2936,5.313922,4.138834,268.861450,0.090555,4.251344,11.253686
2937,4.765571,6.215721,nan,0.090555,nan,10.144073
2938,8.453060,6.750240,272.396057,0.090541,6.193898,17.509459
2939,10.773020,4.305238,nan,0.090541,nan,22.169800
2940,5.624255,5.771954,291.810669,0.090526,6.229213,11.833168
2941,8.157512,5.192756,nan,0.090526,nan,16.939199
2942,9.561102,5.918146,285.436279,0.090512,5.621873,19.713514
2943,4.519826,6.216221,nan,0.090512,nan,9.639123
2944,6.175413,4.725716,268.617798,0.090497,6.311430,12.946245
2945,7.714203,8.169103,nan,0.090497,nan,16.034269
2946,7.349047,5.819706,292.742004,0.090482,5.463088,15.292095
2947,4.842618,6.145927,nan,0.090482,nan,10.267992
2948,8.148821,5.522888,297.120514,0.090468,5.984649,16.869928
2949,5.857706,5.143394,nan,0.090468,nan,12.310161
2950,5.850412,6.572547,290.363068,0.090453,6.370880,12.297836
2951,7.510326,5.920454,nan,0.090453,nan,15.632642
2952,6.226212,13.326111,293.569580,0.090438,6.574824,13.066086
2953,5.884809,10.198050,nan,0.090438,nan,12.331179
2954,5.360777,5.253952,297.198425,0.090424,6.298871,11.317209
2955,6.419910,7.382381,nan,0.090424,nan,13.422014
2956,6.838245,9.885540,299.373932,0.090409,5.723040,14.276346
2957,7.406749,9.320427,nan,0.090409,nan,15.422290
2958,5.543783,7.743942,312.105377,0.090394,6.732941,11.692655
2959,5.540907,6.480234,nan,0.090394,nan,11.672250
2960,12.462570,10.323915,311.400269,0.090380,3.619087,25.501682
2961,8.363015,12.505392,nan,0.090380,nan,17.343090
2962,9.878098,10.768357,315.998840,0.090365,5.076871,20.345390
2963,9.726931,11.002399,nan,0.090365,nan,20.061628
2964,10.238168,11.281467,310.806427,0.090351,4.986835,21.049335
2965,9.445725,8.878771,nan,0.090351,nan,19.449728
2966,9.018445,15.167408,311.887299,0.090337,6.049032,18.622435
2967,10.392167,15.459308,nan,0.090337,nan,21.385462
2968,9.993670,8.597624,325.249329,0.090323,6.682467,20.583630
2969,9.023029,8.773297,nan,0.090323,nan,18.642653
2970,11.366184,12.737204,327.054596,0.090308,7.675237,23.303223
2971,15.998039,11.715446,nan,0.090308,nan,32.594646
2972,10.428274,8.952770,310.453857,0.090293,6.553402,21.406605
2973,12.668202,12.079138,nan,0.090293,nan,25.908520
2974,16.633038,11.775944,327.563904,0.090278,6.627521,33.880939
2975,9.126638,10.340917,nan,0.090278,nan,18.821335
2976,12.023314,11.445395,327.078918,0.090264,5.693268,24.624619
2977,8.551265,8.122452,nan,0.090264,nan,17.650560
2978,11.243623,14.859729,345.780823,0.090249,5.774518,23.047367
2979,10.353243,9.531351,nan,0.090249,nan,21.254620
2980,8.909641,8.555197,331.704529,0.090234,7.960302,18.403559
2981,10.948130,13.086813,nan,0.090234,nan,22.422220
2982,10.420591,11.464598,333.705719,0.090219,5.485836,21.397974
2983,12.228279,11.124722,nan,0.090219,nan,25.052622
2984,12.613888,14.944362,332.684509,0.090205,3.794453,25.786415
2985,11.862003,10.224860,nan,0.090205,nan,24.258595
2986,15.595934,16.512148,323.298584,0.090191,5.383048,31.789114
2987,11.569952,10.968713,nan,0.090191,nan,23.674400
2988,11.697985,12.487657,332.893402,0.090176,5.187364,23.929058
2989,12.980515,13.268212,nan,0.090176,nan,26.528111
2990,10.728708,11.615997,319.911987,0.090162,6.738061,21.979305
2991,12.696835,13.821480,nan,0.090162,nan,25.931042
2992,16.115030,16.180319,327.207123,0.090148,5.910655,32.756454
2993,15.169058,15.789255,nan,0.090148,nan,30.850565
2994,16.567116,16.070301,344.609436,0.090133,5.570515,33.664467
2995,13.202877,12.823322,nan,0.090133,nan,26.937778
2996,12.248616,12.622847,337.528137,0.090119,5.502983,25.035677
2997,13.976277,12.678795,nan,0.090119,nan,28.469414
2998,12.000948,12.202984,330.487122,0.090105,6.922876,24.545492
2999,17.009586,20.989025,nan,0.090105,nan,34.540798
3000,16.080826,15.496833,321.836243,0.090091,5.789003,32.648125
3001,16.267944,14.111935,nan,0.090091,nan,33.044212
3002,16.831326,14.386434,358.902405,0.090076,8.601627,34.215462
3003,15.214464,12.402576,nan,0.090076,nan,30.959831
3004,21.590523,21.540825,368.330139,0.090061,7.672536,43.694519
3005,20.091818,12.976641,nan,0.090061,nan,40.686272
3006,17.272747,14.641249,326.533600,0.090046,6.290451,35.053482
3007,20.401993,19.904463,nan,0.090046,nan,41.326202
3008,17.460957,13.893137,328.648590,0.090031,8.119287,35.442070
3009,19.274048,16.892752,nan,0.090031,nan,39.052982
3010,14.101993,14.849302,302.729980,0.090016,6.983133,28.657780
3011,15.078260,20.394905,nan,0.090016,nan,30.678841
3012,12.390932,13.878094,339.432983,0.090001,7.052577,25.265186
3013,17.700603,15.578207,nan,0.090001,nan,35.939686
3014,18.694328,15.906013,340.354309,0.089986,6.065166,37.924965
3015,19.062752,15.209974,nan,0.089986,nan,38.611954
3016,22.540150,19.924133,351.642517,0.089971,5.706037,45.595840
3017,17.219919,14.688317,nan,0.089971,nan,34.946922
3018,18.469757,17.741575,342.989136,0.089956,6.820191,37.438469
3019,17.868660,17.165981,nan,0.089956,nan,36.299576
3020,21.017160,21.593712,308.888550,0.089941,5.342081,42.578293
3021,16.570168,15.154236,nan,0.089941,nan,33.667942
3022,14.450666,16.427277,324.523071,0.089926,6.515301,29.375338
3023,17.052055,13.922151,nan,0.089926,nan,34.591114
3024,13.518041,14.190529,330.970184,0.089911,3.896176,27.556499
3025,17.650158,15.557137,nan,0.089911,nan,35.773830
3026,20.584503,20.181831,335.042999,0.089897,6.281824,41.680161
3027,18.622890,19.565386,nan,0.089897,nan,37.750832
3028,19.873051,20.996531,305.446411,0.089883,5.614106,40.272102
3029,15.432104,15.499619,nan,0.089883,nan,31.327408
3030,10.952989,8.817993,305.964905,0.089869,4.758720,22.398197
3031,12.531885,11.988143,nan,0.089869,nan,25.515528
3032,11.945188,10.572279,307.505066,0.089854,7.005971,24.340622
3033,15.729828,15.895376,nan,0.089854,nan,31.908962
3034,17.487469,19.666252,287.960358,0.089840,5.795001,35.416515
3035,12.699512,17.250189,nan,0.089840,nan,25.847546
3036,25.120966,16.248093,325.289520,0.089826,6.323210,50.715557
3037,16.237389,16.128010,nan,0.089826,nan,32.981106
3038,11.957006,15.631554,322.823273,0.089812,6.627049,24.400211
3039,17.874289,24.003948,nan,0.089812,nan,36.188213
3040,20.153683,17.360529,314.313293,0.089797,7.240956,40.742916
3041,11.665127,16.455917,nan,0.089797,nan,23.823362
3042,11.509044,18.883984,302.331482,0.089783,7.046165,23.471191
3043,15.359047,15.734602,nan,0.089783,nan,31.207897
3044,12.462766,12.879730,299.618835,0.089768,6.063874,25.355652
3045,8.868103,9.186079,nan,0.089768,nan,18.214077
3046,18.409161,16.228714,291.594330,0.089754,6.467962,37.298100
3047,13.011816,14.865294,nan,0.089754,nan,26.455208
3048,12.631021,13.059032,342.636200,0.089739,5.319513,25.701389
3049,16.636238,23.385847,nan,0.089739,nan,33.779007
3050,9.932661,17.322231,297.853149,0.089725,5.587805,20.291943
3051,17.778809,17.018078,nan,0.089725,nan,35.960747
3052,14.369605,11.527977,287.727966,0.089711,5.998134,29.210033
3053,16.866619,19.142590,nan,0.089711,nan,34.180031
3054,15.042837,14.748329,281.491302,0.089697,4.722242,30.498119
3055,16.335966,22.201265,nan,0.089697,nan,33.162018
3056,15.375690,13.996021,306.628967,0.089683,6.065726,31.231337
3057,12.885487,14.434663,nan,0.089683,nan,26.223070
3058,13.443854,16.963835,292.333557,0.089669,5.852537,27.326551
3059,20.873011,30.995914,nan,0.089669,nan,42.199337
3060,11.225906,11.516672,314.245453,0.089655,6.918580,22.891417
3061,11.219680,21.847488,nan,0.089655,nan,22.846857
3062,16.155048,20.532608,292.071899,0.089641,7.247179,32.730717
3063,17.284149,16.533237,nan,0.089641,nan,34.992699
3064,14.796318,9.639854,268.780701,0.089627,6.403413,30.013304
3065,11.814804,10.040699,nan,0.089627,nan,24.041893
3066,16.391216,11.334410,282.023132,0.089613,6.864059,33.157135
3067,13.837517,11.759079,nan,0.089613,nan,28.095526
3068,15.636757,12.011634,300.554413,0.089598,8.358469,31.714571
3069,15.135948,15.775920,nan,0.089598,nan,30.690582
3070,12.209503,10.371411,272.682678,0.089584,6.472063,24.812572
3071,10.094414,6.581667,nan,0.089584,nan,20.582748
3072,10.968110,9.461672,277.850586,0.089569,7.192854,22.342907
3073,9.203833,11.617685,nan,0.089569,nan,18.901323
3074,14.913172,14.836845,317.283569,0.089554,6.090426,30.275543
3075,22.406242,14.575293,nan,0.089554,nan,45.236801
3076,18.690594,12.395073,284.212097,0.089540,7.268378,37.803452
3077,9.635381,9.647890,nan,0.089540,nan,19.681168
3078,13.841599,10.233409,279.769806,0.089525,6.269260,28.099518
3079,22.271687,12.315323,nan,0.089525,nan,44.949463
3080,15.503504,18.742775,252.402649,0.089511,4.089954,31.452221
3081,12.623352,17.863920,nan,0.089511,nan,25.692738
3082,12.072048,8.566193,286.107788,0.089497,2.467643,24.570026
3083,10.455025,9.897832,nan,0.089497,nan,21.293034
3084,14.984507,14.243810,306.892792,0.089483,9.468281,30.374975
3085,17.316004,8.615757,nan,0.089483,nan,35.048973
3086,15.777243,16.837700,308.594421,0.089469,6.873837,31.946579
3087,14.583483,16.703835,nan,0.089469,nan,29.564306
3088,17.842644,14.149143,277.425079,0.089455,6.093658,36.118404
3089,14.505814,21.002872,nan,0.089455,nan,29.426916
3090,10.574656,12.950768,283.386475,0.089441,5.353252,21.548244
3091,25.081764,15.966099,nan,0.089441,nan,50.573395
3092,17.067869,14.910835,265.942993,0.089427,4.799556,34.555161
3093,9.297205,19.274858,nan,0.089427,nan,18.974714
3094,8.445379,13.629550,280.967712,0.089413,5.930270,17.312960
3095,9.954700,7.827649,nan,0.089413,nan,20.354801
3096,7.860840,8.960241,249.632919,0.089399,8.609908,16.141617
3097,16.458931,18.076481,nan,0.089399,nan,33.336983
3098,18.290119,13.930962,279.540649,0.089385,6.971600,37.009640
3099,9.973770,13.374592,nan,0.089385,nan,20.417742
3100,6.966788,12.252892,274.214722,0.089371,6.650468,14.359742
3101,11.360584,16.769360,nan,0.089371,nan,23.183670
3102,11.719437,14.238789,275.473022,0.089357,7.340612,23.901134
3103,8.150772,11.185918,nan,0.089357,nan,16.755371
3104,8.230986,11.735616,258.197174,0.089343,4.695676,16.914059
3105,8.373692,14.885334,nan,0.089343,nan,17.206215
3106,8.611588,14.478251,258.651794,0.089329,6.846699,17.667353
3107,9.052950,10.971725,nan,0.089329,nan,18.591719
3108,8.445452,9.791280,277.489563,0.089314,8.733525,17.313511
3109,10.587576,9.454241,nan,0.089314,nan,21.629562
3110,8.533125,10.971364,261.162567,0.089300,5.100867,17.483490
3111,6.082142,11.857286,nan,0.089300,nan,12.656260
3112,10.471790,13.473776,272.859924,0.089286,5.677241,21.387577
3113,8.569237,5.514593,nan,0.089286,nan,17.600590
3114,4.501516,7.433001,289.642242,0.089272,7.176324,9.476465
3115,12.862793,7.715539,nan,0.089272,nan,26.220734
3116,14.943151,11.126772,272.965942,0.089258,7.250249,30.391216
3117,4.441682,4.360564,nan,0.089258,nan,9.351834
3118,7.249729,5.395813,260.421021,0.089244,5.191084,14.989239
3119,5.700239,9.844201,nan,0.089244,nan,11.871065
3120,9.924115,10.376868,288.885040,0.089230,7.076883,20.302502
3121,6.590219,9.552389,nan,0.089230,nan,13.664927
3122,11.564647,11.013626,274.047302,0.089216,6.256318,23.614706
3123,9.179559,11.813328,nan,0.089216,nan,18.818478
3124,5.218867,8.263851,277.151428,0.089202,5.751487,10.926170
3125,11.083019,9.233397,nan,0.089202,nan,22.660282
3126,15.691887,10.385786,252.369690,0.089188,5.398273,31.887114
3127,7.849887,20.904634,nan,0.089188,nan,16.153366
3128,5.324662,20.105047,267.183838,0.089174,6.105760,11.101837
3129,4.773566,9.002426,nan,0.089174,nan,10.005510
3130,4.951723,13.930761,305.416962,0.089160,8.005862,10.385157
3131,2.285038,19.358833,nan,0.089160,nan,5.001511
3132,3.439830,12.975554,277.823547,0.089146,5.312561,7.349645
3133,9.464947,10.068886,nan,0.089146,nan,19.403715
3134,8.744688,11.666882,265.865570,0.089132,6.271277,17.974812
3135,5.002831,5.030109,nan,0.089132,nan,10.469088
3136,8.473335,8.597260,258.676819,0.089119,4.580974,17.421291
3137,3.537121,8.488733,nan,0.089119,nan,7.522741
3138,3.039980,8.665025,264.991577,0.089105,7.813873,6.541347
3139,6.957582,8.024335,nan,0.089105,nan,14.382605
3140,2.162370,5.837515,269.457367,0.089091,6.926927,4.781494
3141,4.788820,8.430710,nan,0.089091,nan,10.052728
3142,4.156429,4.714049,291.766418,0.089077,7.329408,8.744605
3143,11.191728,18.195274,nan,0.089077,nan,22.864361
3144,4.134123,15.898441,274.188751,0.089063,7.952562,8.722437
3145,7.192222,3.714831,nan,0.089063,nan,14.842374
3146,10.354598,6.359081,282.759033,0.089049,4.876408,21.163973
3147,9.381815,8.543588,nan,0.089049,nan,19.218500
3148,2.766414,5.637200,257.483521,0.089035,8.150143,5.966275
3149,6.463669,12.276718,nan,0.089035,nan,13.379909
3150,6.683031,14.199583,258.305756,0.089021,6.873874,13.809292
3151,7.853833,4.828191,nan,0.089021,nan,16.138931
3152,6.618456,11.100632,299.563538,0.089007,7.636333,13.673288
3153,3.452245,13.049265,nan,0.089007,nan,7.328650
3154,8.054659,4.329421,286.026184,0.088993,7.771009,16.539701
3155,9.373476,13.115896,nan,0.088993,nan,19.176365
3156,7.997708,11.282321,276.362946,0.088978,8.199217,16.430567
3157,9.964910,8.758307,nan,0.088978,nan,20.355904
3158,9.049347,8.226290,257.462463,0.088964,7.394773,18.528004
3159,4.097332,6.187195,nan,0.088964,nan,8.607523
3160,6.710874,7.152327,283.593781,0.088949,5.933998,13.824882
3161,4.729638,9.213325,nan,0.088949,nan,9.869453
3162,5.719346,7.999867,284.416473,0.088935,7.160173,11.830904
3163,10.281400,7.227132,nan,0.088935,nan,20.992966
3164,10.690644,8.613722,276.678162,0.088921,5.611244,21.808670
3165,7.363845,7.826525,nan,0.088921,nan,15.158600
3166,7.688729,7.458398,278.330353,0.088906,7.529291,15.796934
3167,7.036034,7.436835,nan,0.088906,nan,14.488785
3168,5.875659,7.021401,287.568237,0.088892,7.279132,12.156715
3169,6.736677,11.465025,nan,0.088892,nan,13.898804
3170,8.667575,7.928832,281.052612,0.088877,7.178983,17.761280
3171,10.812255,9.607698,nan,0.088877,nan,22.047550
3172,6.533532,8.604356,282.390564,0.088863,7.301424,13.493402
3173,8.469872,5.168736,nan,0.088863,nan,17.364552
3174,8.801300,10.162792,302.444397,0.088849,5.437624,18.013103
3175,11.803135,5.812078,nan,0.088849,nan,24.032246
3176,14.401499,10.628548,287.900482,0.088835,7.206329,29.234623
3177,9.178543,9.048332,nan,0.088835,nan,18.783928
3178,9.105385,6.734254,274.200775,0.088821,4.483236,18.638134
3179,7.391965,6.154876,nan,0.088821,nan,15.205475
3180,11.740914,8.233023,265.605042,0.088807,6.938313,23.908312
3181,16.002241,6.019352,nan,0.088807,nan,32.435257
3182,8.335142,6.637027,302.169617,0.088793,8.754990,17.096043
3183,15.169041,10.328014,nan,0.088793,nan,30.776005
3184,17.033958,5.987531,301.591736,0.088778,9.116565,34.501816
3185,9.584575,11.446671,nan,0.088778,nan,19.602776
3186,7.399086,6.505684,277.972961,0.088764,7.256563,15.233182
3187,15.889508,7.217457,nan,0.088764,nan,32.220650
3188,14.136747,8.960552,280.342285,0.088750,6.347655,28.705513
3189,8.403962,8.156384,nan,0.088750,nan,17.250656
3190,9.879274,7.870358,310.442902,0.088735,7.009559,20.195044
3191,9.333145,10.574301,nan,0.088735,nan,19.107483
3192,10.951572,10.803418,291.765686,0.088721,6.766524,22.352045
3193,10.533924,11.549558,nan,0.088721,nan,21.519028
3194,9.222932,7.664232,304.759247,0.088707,7.331343,18.888622
3195,15.953585,10.763735,nan,0.088707,nan,32.361958
3196,12.365648,11.868162,300.599243,0.088692,8.196792,25.187794
3197,9.766424,8.549633,nan,0.088692,nan,19.992279
3198,9.229171,6.100121,310.159546,0.088678,7.889538,18.919815
3199,10.748706,7.104259,nan,0.088678,nan,21.963425
3200,10.445016,6.943693,307.593567,0.088663,8.671873,21.355381
3201,9.547210,5.717286,nan,0.088663,nan,19.561306
3202,11.384707,7.364435,312.541290,0.088649,5.693419,23.232830
3203,14.408769,8.191507,nan,0.088649,nan,29.282440
3204,12.951749,6.530600,323.123535,0.088634,8.078293,26.373249
3205,7.816669,5.914419,nan,0.088634,nan,16.099010
3206,7.634558,5.481008,326.085632,0.088619,8.613500,15.752800
3207,9.809887,7.014475,nan,0.088619,nan,20.088512
3208,7.152250,10.217196,328.199310,0.088605,5.358613,14.791233
3209,9.392152,5.748888,nan,0.088605,nan,19.253798
3210,9.797459,5.266629,316.485718,0.088591,6.645373,20.092680
3211,9.976933,11.092000,nan,0.088591,nan,20.437378
3212,8.834127,7.765839,333.994080,0.088576,6.933072,18.160236
3213,7.471092,7.168956,nan,0.088576,nan,15.424974
3214,9.803185,7.332132,328.273621,0.088562,6.937152,20.101753
3215,11.035609,13.780055,nan,0.088562,nan,22.576359
3216,11.710417,13.317770,336.623138,0.088548,4.158996,23.925962
3217,9.011658,6.780375,nan,0.088548,nan,18.526463
3218,7.694347,5.053655,322.748535,0.088535,5.412471,15.901606
3219,10.463220,10.697784,nan,0.088535,nan,21.441330
3220,11.154188,6.167552,356.311218,0.088521,7.048696,22.821238
3221,10.055862,13.124783,nan,0.088521,nan,20.630978
3222,11.689440,10.385492,350.188202,0.088507,8.252064,23.904518
3223,10.058203,17.848768,nan,0.088507,nan,20.639189
3224,9.321056,18.484978,351.787659,0.088494,5.011821,19.171713
3225,10.413013,9.031036,nan,0.088494,nan,21.346981
3226,6.656893,14.448714,378.733612,0.088480,8.701667,13.849577
3227,14.712095,15.322737,nan,0.088480,nan,29.960800
3228,8.426678,10.484867,337.034973,0.088466,6.027341,17.396887
3229,11.339567,14.676737,nan,0.088466,nan,23.225924
3230,11.676001,18.183151,341.404968,0.088453,7.602239,23.900589
3231,10.993929,9.179392,nan,0.088453,nan,22.531408
3232,15.525288,10.653814,371.391174,0.088439,7.492688,31.606659
3233,8.733542,10.593193,nan,0.088439,nan,18.010986
3234,12.022620,9.387328,368.989441,0.088425,9.230097,24.593740
3235,10.758173,6.755230,nan,0.088425,nan,22.073318
3236,10.247950,10.399657,357.112183,0.088410,9.263165,21.049812
3237,10.121809,8.315868,nan,0.088410,nan,20.801512
3238,8.947568,14.266838,348.184265,0.088396,6.368206,18.458380
3239,7.138439,13.143741,nan,0.088396,nan,14.836540
3240,9.408367,7.714410,384.252258,0.088382,7.363213,19.385946
3241,5.759529,21.936111,nan,0.088382,nan,12.071364
3242,8.383621,18.953417,380.599762,0.088367,8.078732,17.321875
3243,8.980275,7.372315,nan,0.088367,nan,18.526489
3244,9.046249,7.276917,364.289795,0.088353,7.827349,18.664232
3245,12.539291,9.351913,nan,0.088353,nan,25.654257
3246,8.343496,8.763673,367.736725,0.088339,7.707199,17.239168
3247,12.579735,12.466485,nan,0.088339,nan,25.734377
3248,10.785127,9.668131,377.550232,0.088324,9.253958,22.144958
3249,10.898347,9.341005,nan,0.088324,nan,22.375168
3250,9.481461,7.716547,394.969849,0.088310,6.212537,19.542261
3251,12.302157,7.490176,nan,0.088310,nan,25.182432
3252,10.306506,11.916151,380.683899,0.088295,7.556684,21.191648
3253,12.262196,15.158478,nan,0.088295,nan,25.106741
3254,13.030661,9.783949,405.204285,0.088281,5.800414,26.643522
3255,7.939947,6.809242,nan,0.088281,nan,16.464779
3256,10.364689,6.196424,401.335175,0.088267,7.868572,21.320164
3257,11.658871,8.600344,nan,0.088267,nan,23.905775
3258,5.367694,8.671362,394.231445,0.088253,5.940240,11.293170
3259,11.381437,13.941843,nan,0.088253,nan,23.346664
3260,13.373193,10.734859,384.913879,0.088239,8.458193,27.328220
3261,15.834468,9.499783,nan,0.088239,nan,32.258511
3262,14.522249,10.875517,423.927734,0.088225,6.315774,29.618746
3263,11.648787,7.596425,nan,0.088225,nan,23.870535
3264,16.259081,9.096390,423.586884,0.088210,8.506358,33.108040
3265,13.997993,7.022731,nan,0.088210,nan,28.578671
3266,12.527490,11.071585,420.495422,0.088197,5.486492,25.649139
3267,7.561089,7.307164,nan,0.088197,nan,15.714790
3268,18.380329,11.654726,414.666382,0.088183,7.592949,37.356812
3269,17.591948,8.359330,nan,0.088183,nan,35.773117
3270,15.850597,12.877833,411.253082,0.088169,6.477489,32.294037
3271,12.848581,16.518606,nan,0.088169,nan,26.286921
3272,13.372208,9.273890,449.669250,0.088155,9.208810,27.339352
3273,15.415915,13.460578,nan,0.088155,nan,31.418409
3274,13.773471,11.187616,440.564880,0.088141,6.504722,28.137386
3275,16.979078,11.961062,nan,0.088141,nan,34.546921
3276,10.787771,8.093920,437.833221,0.088127,6.686923,22.168320
3277,15.646271,11.455631,nan,0.088127,nan,31.883436
3278,21.267071,8.825906,449.639496,0.088113,6.913196,43.125626
3279,10.482239,12.270599,nan,0.088113,nan,21.558996
3280,11.324138,8.234496,467.944458,0.088100,5.601326,23.246880
3281,10.715036,10.823191,nan,0.088100,nan,22.006966
3282,11.752707,10.268782,479.473572,0.088086,8.725451,24.088694
3283,12.734188,15.745008,nan,0.088086,nan,26.060993
3284,14.431526,16.620195,497.226379,0.088072,7.862176,29.447245
3285,12.464688,10.816295,nan,0.088072,nan,25.515345
3286,10.724955,9.915653,446.721008,0.088058,6.553673,22.049076
3287,7.948921,19.185646,nan,0.088058,nan,16.473732
3288,11.446623,17.843769,454.333740,0.088044,8.446527,23.484562
3289,13.661127,14.829471,nan,0.088044,nan,27.918211
3290,15.313388,12.629868,473.931915,0.088030,10.286696,31.215073
3291,11.870393,12.042224,nan,0.088030,nan,24.340143
3292,11.751064,9.934134,514.061401,0.088016,7.821970,24.082764
3293,20.166363,18.919685,nan,0.088016,nan,40.927147
3294,16.940451,24.114677,518.678772,0.088001,10.343569,34.474655
3295,9.734049,12.041489,nan,0.088001,nan,20.062679
3296,9.173950,19.769974,546.723633,0.087986,9.770632,18.925854
3297,11.694217,30.409021,nan,0.087986,nan,23.989498
3298,11.476674,16.604927,493.045105,0.087972,8.076973,23.548382
3299,11.021597,20.829224,nan,0.087972,nan,22.648321
3300,9.881752,29.638714,475.252502,0.087957,6.572782,20.356455
3301,13.770438,15.421162,nan,0.087957,nan,28.137484
3302,15.373816,12.847975,538.799133,0.087943,6.888697,31.345356
3303,12.516093,25.076118,nan,0.087943,nan,25.619965
3304,10.956828,24.218983,529.134155,0.087928,7.733877,22.517092
3305,12.299030,15.387553,nan,0.087928,nan,25.189152
3306,13.512913,14.381357,501.148865,0.087914,5.681247,27.615211
3307,12.303737,13.753675,nan,0.087914,nan,25.209904
3308,11.257187,17.746508,500.130859,0.087900,6.988142,23.116611
3309,19.140388,11.107364,nan,0.087900,nan,38.877262
3310,20.166988,16.342438,496.259460,0.087886,7.400229,40.933529
3311,8.675731,17.289869,nan,0.087886,nan,17.946358
3312,8.901536,7.994550,530.208435,0.087872,7.064804,18.382931
3313,9.307960,14.384785,nan,0.087872,nan,19.208246
3314,7.486940,10.839024,510.177429,0.087858,8.125831,15.564326
3315,8.682924,20.137222,nan,0.087858,nan,17.956356
3316,10.196744,17.934586,454.166901,0.087844,6.916806,20.992046
3317,13.672336,10.925994,nan,0.087844,nan,27.942219
3318,18.724442,12.979882,554.483459,0.087830,7.504011,38.055260
3319,10.481825,13.575661,nan,0.087830,nan,21.560379
3320,9.016003,11.138871,557.955566,0.087817,7.059533,18.621597
3321,10.947218,18.505047,nan,0.087817,nan,22.489063
3322,8.257698,7.974134,521.228638,0.087803,7.266480,17.105230
3323,9.652096,9.845140,nan,0.087803,nan,19.883434
3324,12.757388,13.421325,500.290894,0.087789,8.917666,26.111824
3325,14.309093,13.442967,nan,0.087789,nan,29.216772
3326,11.858965,14.400620,523.456055,0.087775,7.141038,24.316723
3327,10.706199,13.460311,nan,0.087775,nan,22.010948
3328,10.217074,11.948658,508.540466,0.087761,8.439571,21.021782
3329,11.171284,12.678396,nan,0.087761,nan,22.931259
3330,8.230184,10.098735,522.527954,0.087747,7.093485,17.057106
3331,11.314615,19.272675,nan,0.087747,nan,23.226498
3332,11.534210,13.038557,531.410339,0.087733,6.847892,23.664371
3333,11.122549,12.338623,nan,0.087733,nan,22.838173
3334,14.773813,14.108458,558.788391,0.087720,6.204906,30.149513
3335,17.790924,10.518414,nan,0.087720,nan,36.174286
3336,15.569789,10.213490,529.275757,0.087706,7.540480,31.740499
3337,15.139486,10.949541,nan,0.087706,nan,30.877823
3338,16.361095,11.945189,550.104370,0.087693,8.209548,33.313835
3339,17.668818,13.157818,nan,0.087693,nan,35.934639
3340,7.416430,11.554909,562.425415,0.087679,5.981448,15.425117
3341,12.260346,12.550644,nan,0.087679,nan,25.122513
3342,13.129070,10.799564,550.671997,0.087666,7.297751,26.840530
3343,8.596623,13.302648,nan,0.087666,nan,17.789886
3344,10.840927,9.949568,535.068848,0.087652,9.630988,22.274971
3345,9.323949,17.068848,nan,0.087652,nan,19.246750
3346,10.104742,10.389750,576.708984,0.087638,8.455383,20.796965
3347,8.815981,16.505304,nan,0.087638,nan,18.224518
3348,9.803885,16.978201,581.044189,0.087624,9.384442,20.198601
3349,9.646523,19.116901,nan,0.087624,nan,19.893709
3350,14.142752,19.792665,495.100769,0.087610,6.838967,28.875404
3351,17.713329,11.139986,nan,0.087610,nan,36.018944
3352,14.329897,14.862389,560.386108,0.087596,8.160852,29.251972
3353,9.784085,7.787549,nan,0.087596,nan,20.163506
3354,11.096750,11.736374,556.219604,0.087582,7.311510,22.784401
3355,11.383491,7.835467,nan,0.087582,nan,23.367756
3356,8.309385,14.479891,573.025146,0.087568,9.025318,17.213215
3357,6.983280,14.824379,nan,0.087568,nan,14.540899
3358,11.194874,10.683859,570.982300,0.087554,6.345255,22.984253
3359,9.478471,8.640471,nan,0.087554,nan,19.549717
3360,9.683010,8.516199,541.407654,0.087540,8.671999,19.960022
3361,9.582833,26.147455,nan,0.087540,nan,19.763718
3362,14.699994,19.205448,581.493774,0.087527,6.437707,29.998581
3363,14.183950,9.502949,nan,0.087527,nan,28.965172
3364,9.966330,19.768406,597.045227,0.087513,6.841412,20.513527
3365,13.993456,9.599070,nan,0.087513,nan,28.588963
3366,17.656906,9.938808,557.903137,0.087499,6.350869,35.913315
3367,11.077017,12.380529,nan,0.087499,nan,22.755228
3368,8.477026,15.620653,596.984741,0.087486,6.559050,17.546982
3369,19.124565,8.215767,nan,0.087486,nan,38.842133
3370,12.943878,10.126779,533.258179,0.087473,8.458746,26.487297
3371,8.428857,12.421063,nan,0.087473,nan,17.429300
3372,8.098921,12.618320,603.214172,0.087459,9.013866,16.788631
3373,9.522285,7.519001,nan,0.087459,nan,19.641890
3374,9.937526,8.519261,596.167786,0.087445,7.108473,20.481438
3375,8.911433,13.111386,nan,0.087445,nan,18.404621
3376,9.327822,10.440813,578.864258,0.087432,9.644451,19.251186
3377,9.189853,11.805394,nan,0.087432,nan,18.983524
3378,12.485506,10.689305,549.509399,0.087418,9.035023,25.569431
3379,7.626706,27.059616,nan,0.087418,nan,15.863418
3380,9.257529,15.077002,606.531494,0.087404,8.481262,19.122889
3381,8.078218,13.998084,nan,0.087404,nan,16.762667
3382,7.877925,12.183769,586.269165,0.087390,6.796121,16.361040
3383,6.997575,30.639887,nan,0.087390,nan,14.598927
3384,8.480509,23.709717,575.789917,0.087376,7.922584,17.563650
3385,11.206478,10.483579,nan,0.087376,nan,23.011076
3386,7.325842,7.819606,576.177368,0.087362,8.880769,15.248482
3387,9.964952,25.760725,nan,0.087362,nan,20.530231
3388,5.839901,8.476849,641.988220,0.087348,8.341345,12.283440
3389,7.825472,26.567232,nan,0.087348,nan,16.250393
3390,6.892283,19.873302,578.563599,0.087334,8.293356,14.377570
3391,11.922337,22.160452,nan,0.087334,nan,24.447479
3392,7.845015,18.458065,573.996338,0.087320,5.169620,16.285389
3393,13.796770,8.262642,nan,0.087320,nan,28.194210
3394,10.850243,13.420890,576.844482,0.087307,9.575088,22.306091
3395,11.048285,15.899259,nan,0.087307,nan,22.694242
3396,10.042421,9.442984,599.963501,0.087293,7.635578,20.692543
3397,10.344350,10.674511,nan,0.087293,nan,21.290348
3398,9.380098,11.032181,567.839600,0.087279,8.943239,19.366207
3399,9.474582,10.566257,nan,0.087279,nan,19.550909
3400,12.374844,8.934216,557.573853,0.087265,6.865751,25.337481
3401,7.918133,16.229460,nan,0.087265,nan,16.435953
3402,10.840563,9.074091,573.308228,0.087252,7.136704,22.280544
3403,10.948153,20.315966,nan,0.087252,nan,22.498013
3404,8.568274,9.913393,652.388306,0.087238,8.708149,17.748867
3405,11.627455,21.292953,nan,0.087238,nan,23.866299
3406,10.830046,17.453362,576.635254,0.087224,9.376186,22.256721
3407,9.339214,26.670244,nan,0.087224,nan,19.264393
3408,10.360077,20.785215,597.465271,0.087210,7.900941,21.331421
3409,14.977722,10.945769,nan,0.087210,nan,30.564138
3410,10.868373,12.292955,601.204834,0.087196,10.375229,22.354656
3411,10.536757,21.950821,nan,0.087196,nan,21.685238
3412,13.768572,9.481697,621.553040,0.087182,8.529324,28.149347
3413,9.960327,14.560877,nan,0.087182,nan,20.523888
3414,9.458015,12.428313,608.749939,0.087168,8.431152,19.520851
3415,8.312864,9.285985,nan,0.087168,nan,17.232355
3416,10.028954,15.892338,606.262817,0.087153,10.154362,20.658464
3417,13.912056,15.406423,nan,0.087153,nan,28.434454
3418,9.814617,9.242224,638.023438,0.087139,7.858972,20.242889
3419,15.397014,11.883493,nan,0.087139,nan,31.408632
3420,14.630152,10.068527,593.479797,0.087125,10.224205,29.866318
3421,7.761763,21.199926,nan,0.087125,nan,16.134502
3422,11.783491,12.468319,644.116882,0.087110,7.397017,24.172844
3423,10.411700,19.697737,nan,0.087110,nan,21.438057
3424,13.157349,19.997623,593.798523,0.087096,8.046075,26.918041
3425,12.723560,24.825426,nan,0.087096,nan,26.048065
3426,11.955851,19.144993,588.840576,0.087082,8.741168,24.505285
3427,18.350836,15.475570,nan,0.087082,nan,37.300980
3428,20.666790,16.449066,661.195923,0.087068,8.098765,41.952446
3429,14.012339,11.939541,nan,0.087068,nan,28.633581
3430,17.913128,14.033272,622.515381,0.087054,7.654108,36.429337
3431,13.239910,17.322517,nan,0.087054,nan,27.072227
3432,17.096863,17.846390,637.231628,0.087040,7.613504,34.791870
3433,26.614021,10.340675,nan,0.087040,nan,53.835537
3434,15.566732,12.697030,628.570679,0.087026,6.815400,31.731911
3435,11.698472,16.123112,nan,0.087026,nan,23.996742
3436,12.511110,13.715355,634.067383,0.087012,9.504953,25.612610
3437,10.632662,15.515094,nan,0.087012,nan,21.858501
3438,11.125113,12.387506,597.216309,0.086998,7.049758,22.846264
3439,8.321843,27.319462,nan,0.086998,nan,17.237389
3440,10.226275,21.776678,642.865173,0.086985,6.266551,21.047371
3441,8.672520,9.532142,nan,0.086985,nan,17.930902
3442,9.354485,32.440113,684.338074,0.086971,6.858329,19.300419
3443,15.291636,13.768600,nan,0.086971,nan,31.178137
3444,11.439041,16.469326,635.352539,0.086958,7.314944,23.467148
3445,10.716894,17.177719,nan,0.086958,nan,22.014614
3446,21.649582,15.891297,657.185425,0.086945,8.591000,43.887859
3447,22.337944,10.889647,nan,0.086945,nan,45.261757
3448,9.356318,13.996738,668.028931,0.086931,8.720932,19.303368
3449,17.132116,14.390838,nan,0.086931,nan,34.849281
3450,11.935205,17.871754,637.008179,0.086918,7.946126,24.453419
3451,10.175280,25.809393,nan,0.086918,nan,20.927559
3452,14.789381,18.328091,655.292847,0.086904,8.070719,30.159851
3453,14.246635,16.404827,nan,0.086904,nan,29.071098
3454,12.937850,12.218201,644.473755,0.086891,8.031515,26.449993
3455,13.035048,16.491537,nan,0.086891,nan,26.645548
3456,11.939835,26.180046,661.251831,0.086877,8.597849,24.461788
3457,19.351578,14.168531,nan,0.086877,nan,39.285927
3458,11.660233,12.815783,644.640015,0.086863,10.476762,23.888813
3459,13.624077,34.365440,nan,0.086863,nan,27.824257
3460,16.102524,21.143402,643.766846,0.086850,8.759756,32.778488
3461,14.243624,18.530518,nan,0.086850,nan,29.061447
3462,11.761078,12.748646,644.196777,0.086836,8.817142,24.093708
3463,14.117237,36.742241,nan,0.086836,nan,28.793846
3464,12.531914,26.571774,633.705688,0.086822,9.579185,25.631992
3465,15.743578,11.171049,nan,0.086822,nan,32.057343
3466,9.453022,22.973545,670.336731,0.086808,7.839462,19.474289
3467,17.232615,14.405572,nan,0.086808,nan,35.018593
3468,14.246942,16.401201,648.254883,0.086794,7.076368,29.059032
3469,11.776043,13.254786,nan,0.086794,nan,24.111767
3470,13.271063,17.556784,663.672852,0.086781,7.423310,27.107567
3471,10.430108,19.068035,nan,0.086781,nan,21.416189
3472,15.641920,15.305624,684.770874,0.086767,8.551571,31.841778
3473,11.949796,19.622093,nan,0.086767,nan,24.443579
3474,9.066484,9.719657,659.358154,0.086753,7.783928,18.683270
3475,16.079849,23.909714,nan,0.086753,nan,32.716740
3476,12.619251,13.989717,648.875366,0.086740,10.157398,25.790689
3477,11.548622,14.639694,nan,0.086740,nan,23.647861
3478,14.181923,11.230816,664.750732,0.086726,8.279953,28.920763
3479,12.498978,11.725124,nan,0.086726,nan,25.549757
3480,14.248351,18.369144,645.645142,0.086712,7.093068,29.051109
3481,14.465599,24.458422,nan,0.086712,nan,29.481144
3482,11.372591,17.792500,651.571411,0.086699,8.276325,23.297707
3483,15.595406,14.737505,nan,0.086699,nan,31.740746
3484,13.526226,22.072811,690.995361,0.086685,8.691205,27.597923
3485,23.598923,11.486932,nan,0.086685,nan,47.750389
3486,21.269283,15.437366,653.749634,0.086672,9.156113,43.087242
3487,12.443872,22.830521,nan,0.086672,nan,25.426159
3488,14.557291,15.603752,642.031433,0.086658,8.011667,29.657764
3489,13.693165,20.485928,nan,0.086658,nan,27.929415
3490,9.272524,11.146660,674.457214,0.086644,8.475309,19.089653
3491,21.888783,12.505640,nan,0.086644,nan,44.319717
3492,19.301523,22.790651,667.019653,0.086631,9.358003,39.139923
3493,14.772711,15.372723,nan,0.086631,nan,30.083155
3494,10.116110,11.007038,628.192810,0.086617,7.414472,20.764784
3495,13.822587,27.749222,nan,0.086617,nan,28.173441
3496,12.888742,15.847122,667.956543,0.086603,10.865352,26.306597
3497,18.351868,21.276363,nan,0.086603,nan,37.227646
3498,16.521334,13.488207,645.983398,0.086589,8.663846,33.569206
3499,16.989372,15.886139,nan,0.086589,nan,34.513626
3500,14.578813,14.295220,646.697754,0.086576,6.552772,29.686478
3501,16.232029,17.135681,nan,0.086576,nan,32.995308
3502,10.490974,11.427498,677.713257,0.086562,7.201704,21.504467
3503,14.918615,15.780867,nan,0.086562,nan,30.362230
3504,17.595898,20.929604,620.694092,0.086549,7.147459,35.710541
3505,13.947872,14.180799,nan,0.086549,nan,28.420670
3506,23.261478,12.494656,650.281128,0.086536,7.863126,47.028847
3507,23.195614,14.319613,nan,0.086536,nan,46.897835
3508,16.092674,15.037297,633.688843,0.086522,7.957613,32.677376
3509,10.713619,15.526500,nan,0.086522,nan,21.924513
3510,9.131013,19.262705,683.994629,0.086509,7.889411,18.767340
3511,16.790066,14.450983,nan,0.086509,nan,34.077370
3512,17.276016,17.418943,615.298950,0.086496,7.226789,35.034843
3513,8.191270,20.523090,nan,0.086496,nan,16.882538
3514,21.993628,18.092466,645.757568,0.086483,7.166521,44.464470
3515,21.744080,9.247007,nan,0.086483,nan,43.952938
3516,15.345789,16.034262,656.407227,0.086470,7.148671,31.156977
3517,22.177763,22.256403,nan,0.086470,nan,44.835361
3518,17.369221,16.498161,655.139343,0.086457,10.246378,35.190994
3519,16.804121,20.326462,nan,0.086457,nan,34.062469
3520,14.598963,17.020958,601.275513,0.086444,8.826155,29.639849
3521,14.690811,30.804295,nan,0.086444,nan,29.827400
3522,12.281631,25.723568,620.861816,0.086431,8.244729,25.001038
3523,10.613378,14.208763,nan,0.086431,nan,21.646263
3524,14.858034,13.675304,639.517822,0.086417,9.348240,30.141510
3525,9.579007,10.338987,nan,0.086417,nan,19.579781
3526,11.879780,21.483442,635.199158,0.086404,8.501993,24.178732
3527,7.271630,14.005728,nan,0.086404,nan,14.963581
3528,11.535626,12.593777,668.915527,0.086391,6.069061,23.494164
3529,11.504503,23.130482,nan,0.086391,nan,23.421215
3530,14.247217,14.479319,617.853027,0.086378,8.164421,28.911991
3531,11.098202,37.700394,nan,0.086378,nan,22.613476
3532,10.984194,26.808828,599.534790,0.086365,7.448752,22.389587
3533,24.634476,16.310923,nan,0.086365,nan,49.683254
3534,15.015516,15.483059,622.237183,0.086352,8.733824,30.441441
3535,11.210855,12.056890,nan,0.086352,nan,22.840166
3536,13.862169,17.043774,617.997925,0.086339,8.574050,28.140575
3537,14.081023,16.144941,nan,0.086339,nan,28.574432
3538,16.170187,16.916571,630.998291,0.086326,6.586718,32.754997
3539,12.617722,9.798199,nan,0.086326,nan,25.657675
3540,13.131104,11.180845,618.125244,0.086313,7.606475,26.678413
3541,8.140152,14.248684,nan,0.086313,nan,16.693686
3542,11.920177,23.752447,649.553955,0.086300,8.437546,24.251333
3543,9.639647,10.877129,nan,0.086300,nan,19.691906
3544,24.112129,10.439386,673.914429,0.086287,8.013220,48.639862
3545,17.185303,20.186089,nan,0.086287,nan,34.780575
3546,8.306686,17.140053,644.896179,0.086274,9.965803,17.033234
3547,17.837330,12.494522,nan,0.086274,nan,36.080856
3548,15.030958,14.809498,632.970093,0.086261,7.841135,30.461594
3549,16.641411,13.252894,nan,0.086261,nan,33.701942
3550,10.739950,12.357547,637.977417,0.086248,9.240446,21.896759
3551,10.510191,12.514986,nan,0.086248,nan,21.430874
3552,15.626117,15.816074,626.740540,0.086235,12.328852,31.663588
3553,8.698159,12.483544,nan,0.086235,nan,17.792473
3554,10.526869,15.457993,626.036377,0.086221,9.628134,21.458385
3555,16.227798,14.662865,nan,0.086221,nan,32.866325
3556,10.524926,12.606556,596.395508,0.086207,8.578346,21.463463
3557,7.887758,20.278887,nan,0.086207,nan,16.196236
3558,12.249036,16.868511,629.532471,0.086194,7.205879,24.915062
3559,12.024994,15.344306,nan,0.086194,nan,24.471842
3560,9.824854,16.065498,621.636475,0.086181,7.564564,20.077133
3561,7.689829,17.304768,nan,0.086181,nan,15.808802
3562,15.376847,17.149406,633.373291,0.086167,7.641491,31.187300
3563,10.727882,9.964552,nan,0.086167,nan,21.888905
3564,13.591033,12.795283,627.303406,0.086154,9.454065,27.611614
3565,12.106371,11.201057,nan,0.086154,nan,24.644190
3566,14.357979,16.197968,629.437866,0.086141,8.530432,29.155848
3567,21.319389,10.746607,nan,0.086141,nan,43.078556
3568,11.079610,16.675900,626.022034,0.086127,8.420891,22.601912
3569,9.117701,9.772655,nan,0.086127,nan,18.659176
3570,10.559170,12.262453,627.826477,0.086114,7.145287,21.546034
3571,5.782637,13.774909,nan,0.086114,nan,11.999521
3572,10.485488,12.979980,621.684692,0.086101,8.240955,21.404396
3573,7.406463,6.199171,nan,0.086101,nan,15.251204
3574,17.868916,11.183420,630.245789,0.086088,7.319651,36.186443
3575,10.084167,15.450564,nan,0.086088,nan,20.612741
3576,14.710593,12.277700,632.991821,0.086075,7.398513,29.866835
3577,9.180745,12.311829,nan,0.086075,nan,18.810547
3578,8.882226,12.253295,625.972778,0.086063,8.517666,18.212116
3579,9.992807,11.115265,nan,0.086063,nan,20.433256
3580,10.101590,12.986540,629.181946,0.086050,8.150341,20.645525
3581,7.820268,10.006098,nan,0.086050,nan,16.084312
3582,13.236641,11.736017,615.704102,0.086037,10.606143,26.930452
3583,14.826466,17.659887,nan,0.086037,nan,30.107073
3584,12.316585,13.453722,616.420715,0.086023,8.539738,25.082943
3585,9.577156,9.534676,nan,0.086023,nan,19.608746
3586,18.662178,15.630693,589.408081,0.086010,8.995639,37.766190
3587,15.007740,22.095320,nan,0.086010,nan,30.466541
3588,12.863260,20.965902,613.760315,0.085997,8.969528,26.183834
3589,7.576161,9.382790,nan,0.085997,nan,15.607660
3590,13.910389,24.648266,688.720947,0.085984,10.902390,28.281706
3591,18.599903,21.407013,nan,0.085984,nan,37.654869
3592,17.868378,13.861314,615.388428,0.085970,10.523607,36.196243
3593,12.971056,15.909101,nan,0.085970,nan,26.407135
3594,22.456280,14.159985,614.269592,0.085956,9.750095,45.369690
3595,20.236443,22.803556,nan,0.085956,nan,40.928165
3596,14.269030,15.085384,636.655640,0.085943,7.447512,28.992226
3597,20.236860,15.108685,nan,0.085943,nan,40.935772
3598,18.906746,11.861498,630.268921,0.085929,7.613942,38.278725
3599,13.013544,14.530519,nan,0.085929,nan,26.498177
3600,8.888641,12.693628,586.365906,0.085916,7.292104,18.224182
3601,12.060074,21.494713,nan,0.085916,nan,24.574596
3602,10.123652,15.949919,619.780029,0.085903,6.170675,20.707949
3603,12.565601,12.767765,nan,0.085903,nan,25.596258
3604,14.209548,14.296369,612.631531,0.085891,6.445642,28.873787
3605,13.196192,13.066561,nan,0.085891,nan,26.850090
3606,8.927711,14.743071,620.851196,0.085878,7.480678,18.316216
3607,9.911709,9.555016,nan,0.085878,nan,20.279720
3608,12.342514,16.602032,613.266602,0.085865,8.801802,25.140629
3609,11.210703,11.913529,nan,0.085865,nan,22.880203
3610,14.324632,13.169730,640.090149,0.085853,9.117151,29.101118
3611,12.222231,14.671400,nan,0.085853,nan,24.900505
3612,13.465212,9.581573,640.357178,0.085840,9.898693,27.388029
3613,9.258110,14.938330,nan,0.085840,nan,18.970299
3614,9.259890,8.688612,629.498291,0.085827,11.466616,18.964520
3615,16.718067,14.303898,nan,0.085827,nan,33.886757
3616,8.688911,8.908459,646.230225,0.085813,11.470650,17.826029
3617,28.690430,20.192949,nan,0.085813,nan,57.836128
3618,25.880205,23.111858,651.622437,0.085800,7.190696,52.204239
3619,9.054708,12.834939,nan,0.085800,nan,18.547337
3620,15.876108,22.468655,626.669617,0.085786,9.577384,32.184303
3621,17.326656,19.989670,nan,0.085786,nan,35.093582
3622,13.098352,20.320509,631.223511,0.085773,7.210171,26.642094
3623,16.751024,17.984318,nan,0.085773,nan,33.940014
3624,13.584736,16.204433,633.593750,0.085760,10.227709,27.606606
3625,8.522326,11.069985,nan,0.085760,nan,17.480358
3626,14.593621,18.165558,588.143188,0.085747,6.094826,29.622017
3627,26.811256,21.600161,nan,0.085747,nan,54.059147
3628,19.160011,16.318295,600.839172,0.085734,7.745429,38.746052
3629,8.370790,11.738097,nan,0.085734,nan,17.167231
3630,15.598881,12.787647,660.128418,0.085721,9.555464,31.625650
3631,15.602087,22.945580,nan,0.085721,nan,31.623341
3632,11.954601,17.922836,584.777954,0.085708,7.812238,24.326628
3633,24.015606,22.654579,nan,0.085708,nan,48.447983
3634,32.567459,30.842190,567.432495,0.085695,7.981001,65.556877
3635,29.235130,26.654350,nan,0.085695,nan,58.885391
3636,15.893362,19.395123,632.675171,0.085683,7.640565,32.186958
3637,12.896108,11.410116,nan,0.085683,nan,26.203697
3638,19.171524,14.099552,635.669250,0.085670,7.933255,38.754955
3639,13.875518,15.210098,nan,0.085670,nan,28.142895
3640,21.337276,16.036854,650.212280,0.085657,7.516733,43.068180
3641,23.719559,12.555040,nan,0.085657,nan,47.837341
3642,14.536718,18.835489,639.487671,0.085645,10.038672,29.465584
3643,16.685942,12.548867,nan,0.085645,nan,33.751141
3644,9.890448,14.825050,634.720459,0.085632,8.896935,20.172363
3645,12.041190,14.071787,nan,0.085632,nan,24.460629
3646,12.221111,11.570005,643.752319,0.085619,6.775203,24.819181
3647,10.067347,14.027060,nan,0.085619,nan,20.513191
3648,10.627130,10.588033,643.145996,0.085607,8.160138,21.634809
3649,9.453019,10.173938,nan,0.085607,nan,19.274866
3650,10.990291,16.688019,634.799377,0.085594,8.954344,22.349716
3651,22.978678,20.633738,nan,0.085594,nan,46.328392
3652,12.302217,19.839359,617.614380,0.085581,8.429590,24.962221
3653,12.950410,17.554256,nan,0.085581,nan,26.260448
3654,12.676739,30.482197,704.095947,0.085569,8.398570,25.719704
3655,15.555803,32.954430,nan,0.085569,nan,31.470819
3656,12.723953,12.397565,626.153687,0.085556,9.625214,25.802872
3657,21.309349,36.141701,nan,0.085556,nan,42.977318
3658,33.637722,42.219959,589.182373,0.085543,10.664982,67.641983
3659,38.692604,28.568867,nan,0.085543,nan,77.733147
3660,28.829319,15.984321,677.713135,0.085530,8.034416,58.017563
3661,8.991158,17.121073,nan,0.085530,nan,18.312038
3662,24.975321,15.037676,667.468384,0.085518,7.693362,50.299026
3663,18.071974,32.159950,nan,0.085518,nan,36.498657
3664,12.386634,17.800583,675.284302,0.085505,9.295099,25.122616
3665,23.590097,21.716433,nan,0.085505,nan,47.529053
3666,23.892529,18.449394,608.318787,0.085492,8.129794,48.133904
3667,15.332424,52.799473,nan,0.085492,nan,31.013836
3668,11.711964,61.678806,662.268738,0.085479,9.007999,23.773628
3669,12.384672,51.308479,nan,0.085479,nan,25.105499
3670,11.636034,16.549126,725.903076,0.085466,9.745440,23.614502
3671,19.895939,55.252869,nan,0.085466,nan,40.138611
3672,22.326485,69.214478,768.799255,0.085453,10.254756,44.997952
3673,9.518725,38.167038,nan,0.085453,nan,19.356709
3674,12.582483,13.637066,665.901489,0.085440,9.984369,25.504951
3675,8.406487,35.502174,nan,0.085440,nan,17.126753
3676,13.982718,24.678139,657.319580,0.085427,9.159523,28.299965
3677,20.840981,12.269678,nan,0.085427,nan,42.014343
3678,7.914037,35.225708,687.904724,0.085414,7.840222,16.144402
3679,17.218643,9.572441,nan,0.085414,nan,34.762917
3680,15.108743,10.140820,622.646851,0.085401,11.392944,30.544331
3681,18.664078,23.411953,nan,0.085401,nan,37.659508
3682,28.562899,11.441116,664.796753,0.085388,6.871640,57.452980
3683,34.259209,10.446167,nan,0.085388,nan,68.844139
3684,10.637640,10.616669,692.590027,0.085375,10.090225,21.574581
3685,31.634182,40.828949,nan,0.085375,nan,63.597424
3686,39.071659,30.906500,702.103638,0.085361,8.979025,78.471397
3687,22.850685,22.877708,nan,0.085361,nan,46.033825
3688,9.712452,30.314631,665.739868,0.085348,8.926508,19.741367
3689,20.649406,8.604900,nan,0.085348,nan,41.626797
3690,18.040154,12.965054,632.235840,0.085335,8.997179,36.397392
3691,11.760032,20.357519,nan,0.085335,nan,23.843090
3692,14.268047,10.810251,680.730713,0.085322,9.042912,28.860630
3693,11.875496,12.137518,nan,0.085322,nan,24.074787
3694,10.791904,23.381279,684.734741,0.085309,7.564554,21.898369
3695,12.575676,8.663532,nan,0.085309,nan,25.469400
3696,9.953055,9.541578,702.843323,0.085297,8.148178,20.201851
3697,20.353912,9.777599,nan,0.085297,nan,41.029358
3698,21.210686,8.058846,652.199280,0.085284,9.668681,42.743164
3699,12.665028,22.541348,nan,0.085284,nan,25.651785
3700,27.433329,7.877394,665.102417,0.085271,9.189819,55.191772
3701,22.817715,25.433649,nan,0.085271,nan,45.955044
3702,17.533178,15.563732,707.566650,0.085258,8.840105,35.384762
3703,13.393461,7.838000,nan,0.085258,nan,27.103897
3704,18.720537,25.746517,672.956421,0.085245,9.627079,37.766644
3705,11.738762,18.148102,nan,0.085245,nan,23.800209
3706,9.658941,11.161603,735.511230,0.085232,9.396205,19.639050
3707,18.721378,23.869865,nan,0.085232,nan,37.770271
3708,19.192730,17.113235,635.864319,0.085219,10.652412,38.713356
3709,9.516157,40.653801,nan,0.085219,nan,19.364775
3710,9.348181,34.131889,657.200684,0.085206,8.995918,19.027735
3711,6.882323,9.051450,nan,0.085206,nan,14.090475
3712,7.709476,36.938564,774.311279,0.085193,7.871257,15.740525
3713,7.660165,29.143591,nan,0.085193,nan,15.654896
3714,11.943309,9.600592,664.133240,0.085180,9.186672,24.222725
3715,10.982533,25.729132,nan,0.085180,nan,22.302326
3716,22.628845,8.761517,712.052368,0.085167,8.277144,45.605762
3717,25.077085,16.765396,nan,0.085167,nan,50.495438
3718,11.937313,9.645273,714.049927,0.085154,8.617764,24.219860
3719,24.176003,46.707218,nan,0.085154,nan,48.697212
3720,25.161739,37.176826,687.694214,0.085141,8.175856,50.671600
3721,6.897780,17.964249,nan,0.085141,nan,14.149881
3722,9.803480,26.316372,670.253479,0.085129,9.432772,19.947445
3723,13.100583,22.303997,nan,0.085129,nan,26.550676
3724,11.743788,23.576340,678.551636,0.085116,10.904623,23.837532
3725,10.124006,8.515265,nan,0.085116,nan,20.605116
3726,10.056057,8.197752,682.440979,0.085103,9.391649,20.470448
3727,9.812362,16.169689,nan,0.085103,nan,19.988331
3728,11.705381,8.615568,695.492615,0.085090,8.166643,23.768299
3729,8.960022,11.541259,nan,0.085090,nan,18.282850
3730,10.068439,12.570213,694.230652,0.085077,8.163893,20.511810
3731,18.172863,11.504112,nan,0.085077,nan,36.723862
3732,7.510077,6.949037,703.889282,0.085064,8.969443,15.395966
3733,17.142136,7.088454,nan,0.085064,nan,34.667873
3734,17.329718,9.585154,693.451355,0.085051,8.808474,35.039539
3735,15.290879,16.699938,nan,0.085051,nan,30.963743
3736,18.714771,3.806887,715.145142,0.085039,9.895565,37.815823
3737,13.073143,21.545073,nan,0.085039,nan,26.534620
3738,15.341000,7.851231,721.778320,0.085026,10.323997,31.076471
3739,20.165184,50.861801,nan,0.085026,nan,40.731285
3740,10.819740,45.554161,664.043213,0.085013,10.142715,22.036629
3741,35.506920,8.611795,nan,0.085013,nan,71.418274
3742,37.297211,15.884869,678.467651,0.085000,10.837772,74.999756
3743,27.021297,21.280430,nan,0.085000,nan,54.452881
3744,8.847124,20.268757,716.163757,0.084987,7.179280,18.091900
3745,8.575628,19.759056,nan,0.084987,nan,17.562174
3746,13.056666,18.573570,725.644409,0.084974,7.350719,26.535965
3747,10.705906,15.759470,nan,0.084974,nan,21.831188
3748,13.697794,14.896590,698.714355,0.084961,9.032520,27.820175
3749,9.854873,12.119697,nan,0.084961,nan,20.136818
3750,11.961279,13.277823,689.225830,0.084948,9.569107,24.346626
3751,12.429745,9.014567,nan,0.084948,nan,25.273829
3752,19.430656,16.239809,738.759094,0.084936,8.755413,39.297428
3753,13.928151,10.032020,nan,0.084936,nan,28.275551
3754,11.961803,9.644743,715.753174,0.084923,8.538252,24.358042
3755,12.718493,28.301895,nan,0.084923,nan,25.870552
3756,11.075500,12.291590,718.395874,0.084910,9.925812,22.583323
3757,5.545525,46.130299,nan,0.084910,nan,11.517072
3758,10.981535,45.585236,654.978149,0.084898,8.365932,22.395493
3759,39.610794,9.521563,nan,0.084898,nan,79.670837
3760,33.898285,14.735888,713.142944,0.084885,6.398331,68.241989
3761,9.608379,10.359161,nan,0.084885,nan,19.670090
3762,18.005651,18.399771,702.606445,0.084873,8.681282,36.465919
3763,21.452229,15.226231,nan,0.084873,nan,43.362724
3764,15.035009,13.679659,730.729919,0.084860,9.859360,30.543678
3765,14.172855,16.748350,nan,0.084860,nan,28.808876
3766,8.849592,14.338791,674.297302,0.084848,8.353722,18.158566
3767,27.426012,14.890396,nan,0.084848,nan,55.346874
3768,15.409122,26.419218,734.172363,0.084836,8.505913,31.335136
3769,20.804291,25.349804,nan,0.084836,nan,42.121449
3770,19.785057,20.526339,691.755615,0.084823,6.917851,40.103325
3771,30.813892,15.883562,nan,0.084823,nan,62.162361
3772,29.510849,16.352034,700.857666,0.084811,8.263992,59.569969
3773,14.606990,12.955599,nan,0.084811,nan,29.752649
3774,40.223286,10.199304,813.082520,0.084799,6.985905,80.976707
3775,40.796707,18.747499,nan,0.084799,nan,82.153549
3776,24.168301,29.341473,749.218567,0.084787,9.866388,48.909203
3777,18.175720,14.880493,nan,0.084787,nan,36.926422
3778,17.052113,23.613733,725.762329,0.084775,10.903121,34.661865
3779,11.201769,24.529587,nan,0.084775,nan,22.985210
3780,10.632327,10.424417,763.378418,0.084763,8.190469,21.857616
3781,18.982634,22.757078,nan,0.084763,nan,38.553970
3782,23.335543,23.319199,756.844971,0.084750,9.406622,47.262318
3783,11.060120,16.547161,nan,0.084750,nan,22.700745
3784,10.134030,9.101622,718.608948,0.084738,10.339487,20.871738
3785,11.362122,19.376532,nan,0.084738,nan,23.328407
3786,5.891082,8.366495,762.976562,0.084725,10.055998,12.386940
3787,12.489065,17.939444,nan,0.084725,nan,25.582760
3788,13.591513,14.030029,728.006226,0.084713,7.473123,27.786976
3789,19.124660,9.695469,nan,0.084713,nan,38.857883
3790,13.508614,13.526468,758.362976,0.084701,8.487251,27.631649
3791,10.649479,12.552683,nan,0.084701,nan,21.908150
3792,18.862522,9.060625,797.392212,0.084688,10.688524,38.339783
3793,8.413715,14.089025,nan,0.084688,nan,17.443064
3794,11.309910,16.223953,745.999512,0.084675,11.159161,23.229618
3795,29.049480,5.999796,nan,0.084675,nan,58.735703
3796,27.022150,17.577343,759.765442,0.084663,9.628731,54.670963
3797,11.002569,9.535645,nan,0.084663,nan,22.637131
3798,25.365177,8.570694,826.938110,0.084650,8.351172,51.362232
3799,14.815360,25.578983,nan,0.084650,nan,30.274380
3800,13.849061,19.436596,781.211792,0.084637,9.991314,28.335789
3801,16.509487,12.544722,nan,0.084637,nan,33.648449
3802,15.207692,8.774158,781.188538,0.084625,8.860961,31.055779
3803,12.997637,12.417612,nan,0.084625,nan,26.638817
3804,24.093262,6.306109,810.319458,0.084612,8.443120,48.844967
3805,11.015273,14.849413,nan,0.084612,nan,22.675148
3806,10.079252,8.105968,768.610352,0.084600,8.956627,20.814270
3807,27.629929,8.515611,nan,0.084600,nan,55.919636
3808,9.055284,23.232502,797.150024,0.084587,7.994478,18.765591
3809,14.688629,5.407386,nan,0.084587,nan,30.041817
3810,12.233737,9.601974,801.285706,0.084575,8.714725,25.131500
3811,9.301678,9.240115,nan,0.084575,nan,19.272797
3812,18.851084,31.506393,834.602783,0.084563,8.805347,38.366447
3813,8.539410,19.111263,nan,0.084563,nan,17.761024
3814,20.895079,10.214742,817.053833,0.084550,10.955748,42.470383
3815,22.803965,10.565943,nan,0.084550,nan,46.291245
3816,12.019036,17.251352,841.454468,0.084538,8.603781,24.721407
3817,10.740728,9.718472,nan,0.084538,nan,22.164984
3818,15.018969,20.316660,853.893921,0.084525,7.449397,30.729172
3819,12.215683,21.713589,nan,0.084525,nan,25.125607
3820,22.501295,8.201127,856.794556,0.084513,8.493728,45.703556
3821,15.786814,9.037776,nan,0.084513,nan,32.280735
3822,20.415325,10.134254,836.665466,0.084501,8.005222,41.540428
3823,23.356060,9.829948,nan,0.084501,nan,47.416458
3824,15.928900,18.921766,859.594543,0.084489,10.525372,32.564281
3825,15.590277,14.364821,nan,0.084489,nan,31.889896
3826,14.576523,11.708288,864.119873,0.084476,9.408106,29.867168
3827,10.732022,13.317770,nan,0.084476,nan,22.186392
3828,26.238325,9.891124,891.008362,0.084464,9.071159,53.200699
3829,19.462944,6.886449,nan,0.084464,nan,39.654602
3830,11.094236,11.571586,846.774658,0.084452,9.055959,22.920383
3831,21.158634,5.848108,nan,0.084452,nan,43.049858
3832,8.336526,22.454556,857.584412,0.084439,12.344563,17.400036
3833,5.978422,17.698334,nan,0.084439,nan,12.680849
3834,20.191301,8.574458,870.197754,0.084427,9.494373,41.117332
3835,11.450553,9.857870,nan,0.084427,nan,23.644274
3836,25.502037,8.438222,917.995056,0.084414,9.383846,51.746868
3837,24.112495,7.485558,nan,0.084414,nan,48.966232
3838,6.248096,18.503029,887.255920,0.084402,7.597963,13.235350
3839,16.928839,10.661077,nan,0.084402,nan,34.603165
3840,8.052935,20.512272,866.193359,0.084389,11.718371,16.851036
3841,10.446562,21.096878,nan,0.084389,nan,21.634335
3842,9.121276,6.197097,888.634888,0.084376,8.188982,18.985008
3843,6.920483,12.111780,nan,0.084376,nan,14.579370
3844,13.627459,7.876357,863.660400,0.084364,8.489923,28.008263
3845,27.262577,8.028185,nan,0.084364,nan,55.282402
3846,28.127560,17.563280,855.347778,0.084352,7.833639,57.023411
3847,22.526390,19.590826,nan,0.084352,nan,45.821594
3848,7.458966,11.645396,904.333740,0.084339,8.000185,15.674786
3849,7.474318,22.931564,nan,0.084339,nan,15.711420
3850,12.383322,20.047054,906.380920,0.084327,7.617079,25.528492
3851,7.404260,7.764280,nan,0.084327,nan,15.567687
3852,7.919620,17.526728,878.485962,0.084315,11.044682,16.605492
3853,29.403545,13.682371,nan,0.084315,nan,59.576721
3854,34.173546,8.713153,888.265015,0.084303,11.151340,69.117439
3855,9.229141,10.665365,nan,0.084303,nan,19.215841
3856,18.677654,7.632344,941.055054,0.084290,10.297125,38.142929
3857,8.437458,17.282772,nan,0.084290,nan,17.646629
3858,7.396619,7.985608,897.728027,0.084278,8.657197,15.562167
3859,17.116835,15.666092,nan,0.084278,nan,35.016113
3860,14.743906,15.809467,903.954468,0.084266,7.861123,30.263474
3861,8.906082,6.800149,nan,0.084266,nan,18.600552
3862,15.312263,11.836867,960.241211,0.084253,9.370378,31.416706
3863,9.229006,22.598469,nan,0.084253,nan,19.233406
3864,7.999347,10.279998,930.564575,0.084241,9.545459,16.783432
3865,6.610644,29.109932,nan,0.084241,nan,13.996365
3866,16.049030,29.023026,892.668579,0.084229,10.177320,32.886810
3867,35.916245,11.389612,nan,0.084229,nan,72.635353
3868,24.240540,7.991333,947.844727,0.084216,11.085831,49.276520
3869,9.599882,6.992258,nan,0.084216,nan,19.996500
3870,7.380082,7.885304,925.894104,0.084204,8.742229,15.557004
3871,23.523911,7.967206,nan,0.084204,nan,47.845940
3872,11.932283,22.128532,947.803894,0.084191,10.543301,24.652672
3873,10.923738,13.494484,nan,0.084191,nan,22.642107
3874,9.141088,11.288240,973.290894,0.084179,8.527260,19.078094
3875,7.057976,23.785931,nan,0.084179,nan,14.909828
3876,17.532402,7.890538,960.355347,0.084166,10.233168,35.869064
3877,10.776915,8.672541,nan,0.084166,nan,22.359732
3878,5.271409,7.416616,961.289185,0.084153,10.200678,11.340471
3879,6.298532,7.516957,nan,0.084153,nan,13.380456
3880,28.706913,13.510801,1018.734863,0.084141,9.827912,58.216438
3881,21.142933,7.543732,nan,0.084141,nan,43.091728
3882,9.986843,22.375551,979.895630,0.084128,9.423020,20.760206
3883,25.567909,12.098000,nan,0.084128,nan,51.937939
3884,6.841647,16.485413,968.520874,0.084116,9.548335,14.475838
3885,7.135789,13.936764,nan,0.084116,nan,15.057322
3886,18.963425,9.528219,983.505615,0.084103,8.979442,38.725159
3887,5.770057,9.892950,nan,0.084103,nan,12.327541
3888,35.520905,12.995041,1050.509155,0.084091,10.492357,71.845711
3889,36.019485,12.901042,nan,0.084091,nan,72.842728
3890,9.884916,9.287218,978.942139,0.084078,10.296350,20.570358
3891,27.189320,7.544345,nan,0.084078,nan,55.194504
3892,14.912471,17.609831,990.961243,0.084065,9.989573,30.616611
3893,13.645247,31.109093,nan,0.084065,nan,28.081213
3894,10.017931,11.223992,1009.201782,0.084053,10.880798,20.811918
3895,29.966417,29.954597,nan,0.084053,nan,60.722073
3896,19.264385,33.246025,1002.622437,0.084040,11.870483,39.326187
3897,29.931625,10.592543,nan,0.084040,nan,60.654747
3898,37.366089,11.799646,998.993896,0.084027,8.798313,75.516998
3899,8.895029,11.981012,nan,0.084027,nan,18.547215
3900,9.132669,9.819099,979.844299,0.084014,10.931383,19.034306
3901,7.345906,14.561180,nan,0.084014,nan,15.448977
3902,10.450781,11.073853,983.869019,0.084001,10.001664,21.675138
3903,8.376049,10.431866,nan,0.084001,nan,17.522114
3904,21.391970,8.270809,985.927307,0.083989,9.143164,43.544067
3905,11.160334,16.406248,nan,0.083989,nan,23.075962
3906,8.107607,10.702757,1000.719482,0.083976,8.813993,16.981218
3907,7.123843,19.941542,nan,0.083976,nan,15.014926
3908,7.878666,18.812067,959.701965,0.083963,9.212909,16.504759
3909,16.675819,11.225438,nan,0.083963,nan,34.104752
3910,23.177002,7.610781,1022.122375,0.083951,10.635221,47.119514
3911,9.341358,16.406084,nan,0.083951,nan,19.431259
3912,8.287472,10.711104,974.970825,0.083938,10.024868,17.317125
3913,11.051161,23.160706,nan,0.083938,nan,22.845045
3914,13.362535,17.976509,952.346802,0.083925,8.755294,27.461113
3915,12.455523,6.761006,nan,0.083925,nan,25.642937
3916,22.779732,8.699099,1016.953125,0.083913,11.708996,46.305149
3917,14.057389,37.062126,nan,0.083913,nan,28.863155
3918,8.389661,35.386452,977.807739,0.083900,10.899313,17.513636
3919,17.377695,10.911312,nan,0.083900,nan,35.478600
3920,9.900459,17.880096,937.897949,0.083887,9.798731,20.507685
3921,22.867775,14.764217,nan,0.083887,nan,46.453224
3922,11.527821,11.783745,965.672974,0.083874,10.558168,23.756607
3923,9.187286,12.044310,nan,0.083874,nan,19.094687
3924,10.580244,14.060768,961.792419,0.083862,6.833302,21.867043
3925,9.115459,9.611907,nan,0.083862,nan,18.925404
3926,9.900513,15.952034,970.741821,0.083849,11.110926,20.501253
3927,9.992435,10.745577,nan,0.083849,nan,20.687679
3928,11.553908,16.022776,932.689819,0.083837,9.068915,23.785591
3929,12.563151,21.836485,nan,0.083837,nan,25.824837
3930,13.378856,21.576736,940.878540,0.083824,9.543070,27.460979
3931,11.219373,10.539366,nan,0.083824,nan,23.121130
3932,18.207943,13.687096,958.069214,0.083812,11.458492,37.100357
3933,13.875061,11.297918,nan,0.083812,nan,28.407928
3934,15.507366,10.828407,898.067139,0.083799,10.330132,31.667723
3935,23.257353,22.591528,nan,0.083799,nan,47.185204
3936,13.431693,22.074158,925.781006,0.083787,9.331709,27.516438
3937,16.744463,13.252237,nan,0.083787,nan,34.146507
3938,17.121151,21.821360,947.269897,0.083774,9.923209,34.895027
3939,14.358772,15.416919,nan,0.083774,nan,29.371235
3940,10.048695,10.057780,901.961426,0.083761,9.990326,20.745525
3941,39.178841,14.489099,nan,0.083761,nan,79.012550
3942,28.702553,23.749142,899.187622,0.083749,9.844046,58.048645
3943,13.208185,30.268099,nan,0.083749,nan,27.049849
3944,12.668665,20.851198,942.599915,0.083736,10.318470,25.968815
3945,17.489029,21.600204,nan,0.083736,nan,35.617764
3946,17.006376,12.484121,881.687378,0.083724,10.931852,34.642105
3947,15.654056,10.023088,nan,0.083724,nan,31.928375
3948,13.399494,15.486992,866.749390,0.083711,9.143003,27.417828
3949,20.668938,12.077991,nan,0.083711,nan,41.963066
3950,17.672508,10.435855,904.641296,0.083699,7.412673,35.948891
3951,15.887148,23.991352,nan,0.083699,nan,32.367516
3952,11.856775,18.626598,863.472046,0.083687,9.226177,24.300730
3953,29.041733,22.412691,nan,0.083687,nan,58.688889
3954,13.157188,24.527786,853.186401,0.083674,12.052618,26.879215
3955,28.926067,15.068532,nan,0.083674,nan,58.415665
3956,19.846298,20.565407,913.390503,0.083662,9.140335,40.279945
3957,29.061592,19.310760,nan,0.083662,nan,58.673531
3958,16.894903,14.444910,881.186401,0.083649,10.423880,34.317268
3959,31.844486,26.696566,nan,0.083649,nan,64.224838
3960,33.197624,16.297258,842.447571,0.083637,10.869450,66.876144
3961,10.824196,24.835215,nan,0.083637,nan,22.120451
3962,10.901028,19.063347,846.901855,0.083624,9.830795,22.227047
3963,15.401670,12.399161,nan,0.083624,nan,31.255621
3964,15.776529,12.546112,906.020447,0.083612,10.893386,31.986956
3965,36.035255,18.703075,nan,0.083612,nan,72.484558
3966,19.488392,12.698723,871.620361,0.083599,8.687860,39.381325
3967,28.018040,20.881359,nan,0.083599,nan,56.411022
3968,24.027615,14.140259,853.523315,0.083587,9.299122,48.430954
3969,10.829403,14.640087,nan,0.083587,nan,22.045212
3970,12.379039,10.596075,901.814941,0.083575,10.014252,25.159927
3971,12.344103,23.619999,nan,0.083575,nan,25.042620
3972,15.084429,20.122944,876.262329,0.083562,8.563319,30.545343
3973,11.288868,12.467316,nan,0.083562,nan,22.973803
3974,25.212147,5.939824,833.129028,0.083550,9.261086,50.808956
3975,29.316893,21.787052,nan,0.083550,nan,59.035515
3976,9.273702,21.186005,890.474731,0.083538,10.590884,18.947008
3977,9.100066,13.418364,nan,0.083538,nan,18.593012
3978,10.305039,11.524040,857.811707,0.083526,9.236170,20.986790
3979,9.183855,10.880625,nan,0.083526,nan,18.754753
3980,12.303360,22.078117,879.425903,0.083514,8.109545,24.981464
3981,6.459789,8.019732,nan,0.083514,nan,13.334483
3982,7.622308,18.243504,883.710510,0.083502,9.606441,15.610229
3983,15.351051,8.060351,nan,0.083502,nan,31.063326
3984,5.649771,8.289230,874.250061,0.083490,9.513673,11.684925
3985,29.770748,8.894138,nan,0.083490,nan,59.943665
3986,21.440710,8.396545,868.405640,0.083478,9.552806,43.252220
3987,23.259361,22.533567,nan,0.083478,nan,46.909210
3988,14.785545,7.084285,899.807983,0.083466,8.088786,29.961140
3989,22.648245,22.690304,nan,0.083466,nan,45.669655
3990,15.549376,22.287525,879.395020,0.083454,12.391533,31.481611
3991,13.037008,8.915833,nan,0.083454,nan,26.454443
3992,6.289824,7.210932,863.506226,0.083442,9.599041,12.974922
3993,7.168411,13.418077,nan,0.083442,nan,14.730350
3994,16.528374,10.214005,859.730103,0.083430,10.701795,33.434845
3995,7.104524,9.491652,nan,0.083430,nan,14.582380
3996,7.612613,9.743597,871.162903,0.083418,10.270341,15.616116
3997,15.915068,10.141531,nan,0.083418,nan,32.221188
3998,7.975103,13.711763,859.720459,0.083405,8.976306,16.342316
3999,12.951193,8.059032,nan,0.083405,nan,26.298397
4000,7.876654,11.270859,916.550903,0.083393,10.790682,16.149027
4001,25.505394,9.962741,nan,0.083393,nan,51.408524
4002,15.634220,11.613024,897.931396,0.083381,10.186433,31.662350
4003,21.606449,32.781929,nan,0.083381,nan,43.627792
4004,19.708574,8.751614,873.263062,0.083369,9.935978,39.837551
4005,9.711542,30.659763,nan,0.083369,nan,19.820892
4006,8.297969,30.689606,842.401306,0.083356,11.415693,16.982086
4007,23.889088,7.556823,nan,0.083356,nan,48.170506
4008,7.628356,8.561178,912.697998,0.083344,12.505751,15.650551
4009,27.222187,18.147064,nan,0.083344,nan,54.857277
4010,24.165222,9.052151,893.567505,0.083331,10.610267,48.740540
4011,12.015491,22.736893,nan,0.083331,nan,24.441425
4012,7.668004,14.933115,880.935669,0.083319,12.090816,15.753374
4013,12.151228,19.765369,nan,0.083319,nan,24.699528
4014,10.483299,20.374107,874.753662,0.083306,10.857389,21.398991
4015,28.230339,13.980386,nan,0.083306,nan,56.884121
4016,14.683084,12.909159,897.979309,0.083293,9.222081,29.779469
4017,21.316532,18.245850,nan,0.083293,nan,43.040279
4018,24.126266,8.375822,893.580994,0.083281,9.871562,48.673176
4019,11.973076,18.689838,nan,0.083281,nan,24.366610
4020,10.687191,13.665358,885.849304,0.083268,11.914862,21.772308
4021,19.249390,21.187965,nan,0.083268,nan,38.908592
4022,11.970668,24.622257,855.816101,0.083256,8.013785,24.357784
4023,29.004040,8.718143,nan,0.083256,nan,58.412289
4024,22.696175,11.011646,894.813538,0.083243,11.714566,45.825062
4025,22.766127,9.993989,nan,0.083243,nan,45.937012
4026,17.972506,11.231421,910.581421,0.083231,9.128374,36.361244
4027,9.876383,31.040833,nan,0.083231,nan,20.154898
4028,10.380934,18.737385,884.290222,0.083218,10.406490,21.187290
4029,16.479542,14.691547,nan,0.083218,nan,33.367516
4030,10.006841,13.324573,867.697388,0.083206,10.194022,20.433502
4031,26.540691,11.282943,nan,0.083206,nan,53.487999
4032,24.349911,10.326217,875.664490,0.083194,8.488595,49.119663
4033,15.579942,14.791636,nan,0.083194,nan,31.573492
4034,13.569372,8.289518,901.636353,0.083181,12.212587,27.558517
4035,18.851553,22.733467,nan,0.083181,nan,38.137466
4036,12.647529,22.097134,886.096863,0.083169,11.206688,25.723898
4037,18.964262,8.042318,nan,0.083169,nan,38.361557
4038,9.114700,9.543329,863.287842,0.083156,11.174831,18.650663
4039,35.157509,11.527779,nan,0.083156,nan,70.745064
4040,26.238901,9.534773,853.590149,0.083143,11.696463,52.897697
4041,9.078238,22.711239,nan,0.083143,nan,18.585186
4042,10.275686,11.708027,893.963196,0.083131,12.362734,20.985529
4043,24.494719,20.090015,nan,0.083131,nan,49.407665
4044,10.153486,24.700832,895.342529,0.083118,10.641142,20.737099
4045,23.908417,11.939274,nan,0.083118,nan,48.240334
4046,21.073837,10.719675,846.909668,0.083105,9.198881,42.588406
4047,17.032547,8.286102,nan,0.083105,nan,34.500313
4048,10.008092,19.273251,852.409912,0.083093,10.199093,20.452379
4049,13.330053,13.778526,nan,0.083093,nan,27.105871
4050,11.271312,11.006598,874.989136,0.083080,9.695901,22.980942
4051,10.601382,15.063843,nan,0.083080,nan,21.638386
4052,12.430446,12.397440,847.186523,0.083068,10.646676,25.293783
4053,16.941353,8.297163,nan,0.083068,nan,34.324810
4054,13.580807,10.560598,884.382324,0.083055,10.619358,27.611750
4055,16.155231,7.816128,nan,0.083055,nan,32.756592
4056,11.326153,11.080669,891.488159,0.083043,9.726774,23.103537
4057,34.757690,22.512440,nan,0.083043,nan,69.965424
4058,30.967880,15.787361,833.597534,0.083030,11.286671,62.378208
4059,7.882773,18.318617,nan,0.083030,nan,16.201996
4060,7.663154,20.625393,846.091919,0.083018,10.492698,15.781744
4061,11.249769,9.716287,nan,0.083018,nan,22.949366
4062,12.644067,9.891855,872.338745,0.083006,10.434610,25.746426
4063,11.391861,8.475592,nan,0.083006,nan,23.237612
4064,9.317001,12.185909,844.502808,0.082993,10.266826,19.073254
4065,9.338614,8.227071,nan,0.082993,nan,19.131279
4066,6.971950,7.682764,880.709534,0.082981,11.759747,14.396698
4067,7.225012,12.989115,nan,0.082981,nan,14.909771
4068,14.089383,10.393240,861.141663,0.082968,9.817942,28.634274
4069,8.854287,8.041740,nan,0.082968,nan,18.169613
4070,5.210274,12.743644,824.999512,0.082956,11.575878,10.861915
4071,13.515042,16.279377,nan,0.082956,nan,27.483162
4072,6.687383,11.470901,863.251831,0.082943,9.040540,13.825006
4073,10.993362,6.721292,nan,0.082943,nan,22.438614
4074,8.821388,13.706045,864.916870,0.082931,11.834322,18.101032
4075,12.949921,7.099153,nan,0.082931,nan,26.358578
4076,6.380075,8.471321,867.288940,0.082919,9.627116,13.215098
4077,18.616825,8.896585,nan,0.082919,nan,37.693436
4078,10.389910,7.823072,869.657349,0.082906,11.829977,21.230604
4079,23.279415,21.291679,nan,0.082906,nan,47.015263
4080,20.028419,10.039751,871.367615,0.082894,11.002815,40.516548
4081,5.999175,14.184265,nan,0.082894,nan,12.454662
4082,6.103406,10.246086,862.754089,0.082881,9.708994,12.655884
4083,16.981522,16.178589,nan,0.082881,nan,34.416615
4084,5.567208,10.760070,860.317078,0.082869,9.382244,11.583130
4085,26.426832,9.297155,nan,0.082869,nan,53.326187
4086,17.610107,11.891331,839.375122,0.082857,10.355279,35.677967
4087,7.774679,14.822330,nan,0.082857,nan,16.015999
4088,5.694016,5.657805,883.331543,0.082844,10.180895,11.845036
4089,19.459026,24.665201,nan,0.082844,nan,39.382675
4090,11.311630,22.747086,859.048889,0.082832,9.311086,23.087967
4091,13.270825,6.481798,nan,0.082832,nan,27.007072
4092,7.796884,7.900636,844.931885,0.082820,10.170658,16.055624
4093,26.791317,6.505291,nan,0.082820,nan,54.048695
4094,23.353092,17.301624,834.966858,0.082808,11.248871,47.179653
4095,5.664199,26.841785,nan,0.082808,nan,11.788032
4096,5.263308,13.741850,876.061157,0.082796,11.931965,10.988164
4097,13.968627,25.073057,nan,0.082796,nan,28.400936
4098,6.940243,29.089943,884.694580,0.082783,10.364836,14.344490
4099,20.931149,9.562039,nan,0.082783,nan,42.338875
4100,15.733083,5.609295,824.334717,0.082771,10.587463,31.935543
4101,15.485201,9.167283,nan,0.082771,nan,31.445801
4102,11.351351,21.418224,839.988159,0.082759,9.540477,23.179485
4103,6.249185,18.551529,nan,0.082759,nan,12.969007
4104,6.502121,8.667489,862.938965,0.082747,11.987960,13.472992
4105,5.671559,16.175034,nan,0.082747,nan,11.812766
4106,10.236790,12.365908,833.340942,0.082735,8.358990,20.949976
4107,6.473511,5.622561,nan,0.082735,nan,13.406440
4108,13.855740,20.929201,856.489929,0.082723,11.125099,28.191414
4109,4.170904,16.434502,nan,0.082723,nan,8.812435
4110,16.548841,12.286797,873.874512,0.082710,10.195782,33.570793
4111,9.004486,20.853840,nan,0.082710,nan,18.494772
4112,17.447170,8.849327,874.095581,0.082698,10.569565,35.372219
4113,11.548668,10.488505,nan,0.082698,nan,23.578972
4114,11.443496,9.286144,844.085815,0.082686,9.098822,23.356510
4115,9.821852,5.346203,nan,0.082686,nan,20.114765
4116,17.495522,16.123053,874.292542,0.082674,11.079580,35.470932
4117,15.665423,11.736734,nan,0.082674,nan,31.810593
4118,7.336582,13.607222,860.570679,0.082662,9.785542,15.150093
4119,6.985929,13.148806,nan,0.082662,nan,14.457587
4120,13.009962,11.298093,844.703247,0.082650,11.605835,26.501915
4121,6.588690,12.997771,nan,0.082650,nan,13.649378
4122,16.612637,10.118745,845.342834,0.082638,11.629799,33.705654
4123,18.251514,8.122326,nan,0.082638,nan,36.975800
4124,8.193985,10.013348,846.856750,0.082626,10.861450,16.866510
4125,7.843218,5.409286,nan,0.082626,nan,16.166454
4126,14.205032,17.431814,860.205750,0.082614,10.972635,28.895077
4127,15.023621,13.369742,nan,0.082614,nan,30.534948
4128,8.847887,7.700644,840.940796,0.082601,10.286364,18.170994
4129,5.420326,7.349468,nan,0.082601,nan,11.321320
4130,16.328184,14.299465,854.030823,0.082589,9.676266,33.137672
4131,11.532608,16.674994,nan,0.082589,nan,23.549503
4132,9.523722,8.607267,838.796509,0.082577,10.720100,19.526711
4133,6.889413,10.372533,nan,0.082577,nan,14.266720
4134,16.996117,9.487720,833.647827,0.082565,10.887128,34.486725
4135,15.208462,5.578933,nan,0.082565,nan,30.900558
4136,8.276413,14.826604,837.123413,0.082553,10.792046,17.042227
4137,6.726289,12.615853,nan,0.082553,nan,13.932279
4138,13.102259,8.777113,838.371094,0.082541,10.150375,26.697968
4139,7.420545,9.147600,nan,0.082541,nan,15.332598
4140,18.901266,10.416845,855.568848,0.082529,11.108781,38.294876
4141,17.363323,8.319662,nan,0.082529,nan,35.218491
4142,7.181993,13.910130,829.143799,0.082517,7.924126,14.850489
4143,5.920590,10.182722,nan,0.082517,nan,12.326921
4144,11.998734,16.778400,822.432739,0.082505,10.417902,24.490648
4145,4.967122,20.398922,nan,0.082505,nan,10.420940
4146,19.453381,5.763170,822.959045,0.082493,11.590537,39.405167
4147,14.721288,7.044521,nan,0.082493,nan,29.937113
4148,6.371346,5.450791,821.584534,0.082481,8.953429,13.237059
4149,5.041330,6.463336,nan,0.082481,nan,10.575202
4150,14.691925,12.993422,809.651123,0.082469,11.461960,29.883587
4151,9.879013,5.620688,nan,0.082469,nan,20.254429
4152,15.150610,17.622147,844.085388,0.082457,12.960756,30.800871
4153,17.553238,13.821141,nan,0.082457,nan,35.608696
4154,3.662464,7.496878,809.679199,0.082445,12.918427,7.818174
4155,6.018314,5.580493,nan,0.082445,nan,12.538555
4156,12.315822,10.869387,824.791138,0.082433,10.402509,25.132912
4157,10.952185,8.057709,nan,0.082433,nan,22.405075
4158,15.484131,18.862175,844.726196,0.082420,10.843798,31.470966
4159,17.033724,19.307459,nan,0.082420,nan,34.570023
4160,3.324600,5.590963,851.192627,0.082408,10.515404,7.140996
4161,38.902718,33.034866,nan,0.082408,nan,78.310028
4162,40.210121,37.147545,849.794067,0.082396,9.628783,80.927322
4163,11.195833,16.418304,nan,0.082396,nan,22.892803
4164,20.509933,12.127447,842.387207,0.082384,10.803139,41.527908
4165,36.631760,24.694645,nan,0.082384,nan,73.771332
4166,25.101788,17.459145,783.079712,0.082372,11.593269,50.713486
4167,4.409092,14.085415,nan,0.082372,nan,9.307737
4168,8.134159,11.107544,800.833984,0.082360,10.031164,16.773560
4169,4.231830,9.425882,nan,0.082360,nan,8.961274
4170,10.107306,5.477348,802.881897,0.082348,11.262063,20.721228
4171,6.304011,9.626948,nan,0.082348,nan,13.106916
4172,6.475389,6.581253,824.858521,0.082336,9.535967,13.445388
4173,17.959217,11.231170,nan,0.082336,nan,36.426407
4174,15.915470,6.033158,804.643494,0.082324,9.708643,32.335640
4175,15.482782,16.028318,nan,0.082324,nan,31.474194
4176,11.756880,8.063990,799.250854,0.082312,9.466536,24.025551
4177,10.097670,12.983140,nan,0.082312,nan,20.698204
4178,5.973174,9.310629,803.911011,0.082300,9.706179,12.460135
4179,16.485804,14.019651,nan,0.082300,nan,33.480682
4180,8.996176,10.251106,798.799133,0.082288,13.257421,18.501364
4181,12.600609,11.870532,nan,0.082288,nan,25.715809
4182,13.118877,7.620184,796.780029,0.082276,9.825435,26.744280
4183,12.953331,13.388495,nan,0.082276,nan,26.418385
4184,6.097565,8.152470,804.343323,0.082264,8.960799,12.695110
4185,17.724363,15.139333,nan,0.082264,nan,35.957985
4186,12.660967,11.288427,786.169678,0.082253,11.018076,25.831373
4187,11.396688,8.741016,nan,0.082253,nan,23.303703
4188,5.459129,5.377472,804.799927,0.082241,10.945295,11.416057
4189,19.707399,18.526651,nan,0.082241,nan,39.922493
4190,17.527676,11.570208,777.858398,0.082229,12.101278,35.566631
4191,7.179351,7.916183,nan,0.082229,nan,14.870682
4192,4.366782,4.903265,767.446045,0.082217,11.691311,9.243002
4193,5.419203,10.287673,nan,0.082217,nan,11.342695
4194,7.530223,7.704675,783.836670,0.082205,10.401032,15.568794
4195,3.188911,6.881174,nan,0.082205,nan,6.872342
4196,12.687705,6.916741,776.764526,0.082193,9.977769,25.887104
4197,5.954757,12.834208,nan,0.082193,nan,12.418996
4198,5.355711,5.265681,788.322144,0.082181,9.001518,11.217923
4199,9.029810,14.168725,nan,0.082181,nan,18.575302
4200,3.246392,11.528572,778.531921,0.082169,10.642960,6.996107
4201,24.323250,12.847511,nan,0.082169,nan,49.160439
4202,14.838831,9.426665,777.555420,0.082158,9.848831,30.194031
4203,7.309894,9.294385,nan,0.082158,nan,15.126972
4204,6.362903,3.596241,779.219360,0.082146,10.854918,13.239609
4205,18.685299,15.205573,nan,0.082146,nan,37.882023
4206,14.469107,10.577737,775.498596,0.082134,8.947820,29.448545
4207,11.172789,8.765949,nan,0.082134,nan,22.855350
4208,9.244784,5.406119,771.838379,0.082123,9.565196,18.995697
4209,12.971049,13.727616,nan,0.082123,nan,26.439520
4210,7.650661,7.934734,784.898438,0.082111,12.821421,15.805220
4211,18.554222,9.139283,nan,0.082111,nan,37.612087
4212,15.038692,4.000220,769.152222,0.082100,9.658484,30.568470
4213,9.307167,11.759964,nan,0.082100,nan,19.108509
4214,3.615672,6.694743,782.632751,0.082088,12.965589,7.715140
4215,16.904568,15.602852,nan,0.082088,nan,34.292564
4216,11.770914,13.841339,755.327820,0.082076,10.531172,24.031475
4217,10.939724,4.685017,nan,0.082076,nan,22.359705
4218,7.293950,3.761259,784.938110,0.082064,12.323396,15.074751
4219,16.154602,9.645275,nan,0.082064,nan,32.787148
4220,14.100360,7.661580,794.078003,0.082052,10.245637,28.682117
4221,4.146375,15.811056,nan,0.082052,nan,8.747729
4222,4.089611,4.805779,765.662170,0.082040,12.798974,8.637899
4223,10.377862,28.275021,nan,0.082040,nan,21.232254
4224,7.109914,30.274937,737.263672,0.082028,10.429398,14.689669
4225,16.390820,19.460007,nan,0.082028,nan,33.247726
4226,12.135157,8.703905,769.706665,0.082016,8.982856,24.744911
4227,13.251249,5.742317,nan,0.082016,nan,26.985508
4228,16.942858,12.685070,804.811646,0.082004,12.293403,34.360249
4229,10.565510,20.485962,nan,0.082004,nan,21.607922
4230,6.667920,19.837296,765.130371,0.081992,11.161470,13.805601
4231,6.807944,11.156197,nan,0.081992,nan,14.094586
4232,6.654263,15.878495,761.385498,0.081980,11.754596,13.796215
4233,2.859170,5.168530,nan,0.081980,nan,6.177376
4234,4.589258,11.946819,788.505005,0.081968,13.179176,9.645552
4235,23.169065,7.470660,nan,0.081968,nan,46.818821
4236,23.646019,4.654696,781.070190,0.081956,10.888561,47.772224
4237,2.813138,5.249740,nan,0.081956,nan,6.085091
4238,14.516171,8.002139,732.006348,0.081944,10.070242,29.503845
4239,17.922413,13.920311,nan,0.081944,nan,36.318344
4240,12.571465,11.924039,773.564880,0.081932,12.066362,25.619925
4241,7.824514,3.624965,nan,0.081932,nan,16.118835
4242,6.296744,16.126804,801.949219,0.081920,10.648051,13.079091
4243,7.659237,13.195405,nan,0.081920,nan,15.791695
4244,5.591455,2.931745,745.874390,0.081908,9.581582,11.650299
4245,12.766400,13.778189,nan,0.081908,nan,26.018215
4246,7.555665,20.529072,772.690918,0.081896,9.385740,15.583850
4247,12.844130,29.207951,nan,0.081896,nan,26.168375
4248,6.447572,13.230682,790.291138,0.081884,12.036721,13.372780
4249,15.201436,15.970256,nan,0.081884,nan,30.880207
4250,14.747456,20.723026,795.138062,0.081872,12.455372,29.977205
4251,21.762276,5.062037,nan,0.081872,nan,44.009605
4252,27.118713,8.076216,798.199219,0.081860,10.618487,54.709579
4253,11.480135,3.466199,nan,0.081860,nan,23.431850
4254,17.395536,16.844122,807.550781,0.081848,12.503630,35.276688
4255,27.465786,17.019493,nan,0.081848,nan,55.401257
4256,19.560163,4.422741,772.842896,0.081836,11.757870,39.601524
4257,11.079293,26.570017,nan,0.081836,nan,22.643801
4258,12.669895,25.735117,764.691956,0.081824,11.450850,25.820368
4259,14.660875,4.670299,nan,0.081824,nan,29.802326
4260,17.542778,12.833539,797.907837,0.081812,10.708704,35.571533
4261,4.126352,9.965555,nan,0.081812,nan,8.718592
4262,19.924839,7.203233,810.985107,0.081800,9.909219,40.330254
4263,20.006466,10.132292,nan,0.081800,nan,40.498402
4264,6.051774,7.962919,789.236816,0.081788,11.423710,12.581843
4265,17.482775,10.133535,nan,0.081788,nan,35.439529
4266,17.491814,4.950358,757.107422,0.081776,11.796413,35.463333
4267,2.459204,17.187458,nan,0.081776,nan,5.389991
4268,3.264213,7.764834,803.450317,0.081764,10.572481,6.999148
4269,6.181263,20.047260,nan,0.081764,nan,12.841703
4270,9.290121,23.745598,809.971191,0.081752,12.211572,19.062305
4271,18.004776,14.679090,nan,0.081752,nan,36.493507
4272,15.552740,4.376048,765.831848,0.081740,11.870116,31.591352
4273,11.315903,2.190948,nan,0.081740,nan,23.110216
4274,17.491032,11.558106,747.803711,0.081728,11.096889,35.467720
4275,13.786581,10.491944,nan,0.081728,nan,28.055418
4276,4.555383,5.822576,795.207886,0.081716,10.993029,9.582525
4277,13.311261,13.472344,nan,0.081716,nan,27.106701
4278,19.133020,19.613342,806.649353,0.081704,12.033087,38.751755
4279,14.630085,17.203384,nan,0.081704,nan,29.746241
4280,4.656701,7.222212,752.807373,0.081692,11.262825,9.795570
4281,14.751247,10.600601,nan,0.081692,nan,29.990025
4282,14.940661,24.848902,760.467834,0.081680,9.169610,30.368750
4283,4.843558,34.911961,nan,0.081680,nan,10.156092
4284,4.369651,19.912815,785.088013,0.081668,10.314810,9.221952
4285,9.803204,10.805683,nan,0.081668,nan,20.098202
4286,7.791484,17.596420,797.635864,0.081656,12.629182,16.072824
4287,11.328657,14.483521,nan,0.081656,nan,23.150906
4288,2.300419,10.178854,754.742310,0.081644,11.332449,5.080971
4289,14.264472,6.834115,nan,0.081644,nan,29.022573
4290,12.776993,13.681217,767.316162,0.081632,10.766124,26.047543
4291,5.363914,15.807339,nan,0.081632,nan,11.222672
4292,9.239910,3.242039,810.498779,0.081620,10.892071,18.972580
4293,7.156118,23.211716,nan,0.081620,nan,14.808672
4294,4.098603,24.319984,792.973145,0.081608,12.631423,8.688164
4295,9.155632,2.641231,nan,0.081608,nan,18.806772
4296,5.988701,6.655511,756.887573,0.081596,11.247910,12.470267
4297,1.686291,13.734592,nan,0.081596,nan,3.849886
4298,8.329353,3.013457,780.423035,0.081585,10.758742,17.155783
4299,11.284392,6.411726,nan,0.081585,nan,23.071301
4300,12.390360,12.181485,809.619934,0.081573,10.678436,25.276203
4301,7.372682,14.238968,nan,0.081573,nan,15.241463
4302,8.464090,11.092815,767.425232,0.081561,10.246722,17.424608
4303,3.690182,17.439270,nan,0.081561,nan,7.865722
4304,4.236634,19.572098,764.438599,0.081549,10.824345,8.965481
4305,3.363738,15.866237,nan,0.081549,nan,7.212589
4306,11.432075,9.953884,808.429810,0.081537,12.317667,23.360531
4307,3.792738,13.043619,nan,0.081537,nan,8.070808
4308,15.925203,3.159804,803.380127,0.081526,9.071215,32.345947
4309,14.834350,7.707803,nan,0.081526,nan,30.165031
4310,3.833462,2.584247,764.557617,0.081514,10.089626,8.154102
4311,3.344862,7.660586,nan,0.081514,nan,7.157970
4312,2.935630,2.815238,797.093018,0.081503,10.095664,6.358488
4313,12.815916,2.251528,nan,0.081503,nan,26.124222
4314,4.848823,7.242779,784.121948,0.081491,10.989575,10.190884
4315,18.157726,9.020836,nan,0.081491,nan,36.813606
4316,12.409315,7.316971,771.590149,0.081480,11.596207,25.311695
4317,3.423544,18.584085,nan,0.081480,nan,7.329548
4318,2.295199,9.694616,792.084595,0.081468,12.607658,5.057212
4319,13.592649,16.083874,nan,0.081468,nan,27.681206
4320,2.634211,19.002853,802.755493,0.081456,11.044550,5.755940
4321,18.041691,5.331888,nan,0.081456,nan,36.579872
4322,12.287117,5.941360,768.744263,0.081445,9.942450,25.071108
4323,8.028230,3.451562,nan,0.081445,nan,16.552742
4324,2.371839,8.108924,766.947449,0.081433,13.993619,5.226593
4325,6.107443,4.386769,nan,0.081433,nan,12.706650
4326,4.096787,2.447392,779.403259,0.081421,11.344272,8.684149
4327,2.075063,7.880117,nan,0.081421,nan,4.621772
4328,11.758739,5.834917,786.798340,0.081409,12.221897,24.014435
4329,4.094348,3.374428,nan,0.081409,nan,8.673770
4330,19.969549,6.017376,762.527954,0.081397,11.726404,40.437454
4331,24.162266,4.296200,nan,0.081397,nan,48.823105
4332,10.506387,11.912482,788.694092,0.081385,13.951332,21.512091
4333,14.772538,17.230818,nan,0.081385,nan,30.046200
4334,15.181233,2.275563,804.391541,0.081373,11.047148,30.862040
4335,3.036934,21.355537,nan,0.081373,nan,6.562145
4336,3.251361,20.664278,782.455078,0.081361,10.995691,6.987725
4337,8.886669,3.642019,nan,0.081361,nan,18.274090
4338,6.120955,4.243081,749.374268,0.081349,13.779098,12.741667
4339,3.269690,13.219887,nan,0.081349,nan,7.031898
4340,3.434488,8.808723,779.981934,0.081337,11.379625,7.361867
4341,3.581787,6.677546,nan,0.081337,nan,7.649570
4342,9.601177,2.797579,771.082520,0.081325,12.291801,19.701389
4343,2.231660,3.001887,nan,0.081325,nan,4.950599
4344,2.175159,8.635677,760.436157,0.081313,9.648866,4.843564
4345,10.401058,4.173655,nan,0.081313,nan,21.300953
4346,4.063272,2.090300,797.366821,0.081301,11.528600,8.625743
4347,14.139581,8.114588,nan,0.081301,nan,28.776615
4348,16.207022,2.555987,787.671753,0.081289,11.632277,32.910961
4349,4.976186,16.950621,nan,0.081289,nan,10.449780
4350,2.669876,9.234228,782.482910,0.081277,8.517294,5.808565
4351,8.679276,12.978621,nan,0.081277,nan,17.855745
4352,2.441495,14.268101,760.184998,0.081266,10.399072,5.370734
4353,16.995674,2.985253,nan,0.081266,nan,34.489990
4354,4.991399,2.037883,799.275635,0.081254,9.425804,10.479063
4355,19.442976,4.985875,nan,0.081254,nan,39.382874
4356,22.532806,8.507535,797.374573,0.081243,11.389685,45.561424
4357,12.535151,17.220749,nan,0.081243,nan,25.567930
4358,1.843830,15.936056,765.583496,0.081231,11.415277,4.149233
4359,10.242908,4.628817,nan,0.081231,nan,20.983192
4360,4.874887,16.591244,775.613647,0.081220,10.687408,10.231092
4361,9.646978,25.004816,nan,0.081220,nan,19.790421
4362,3.514354,12.259485,787.766479,0.081208,12.831120,7.506186
4363,17.578611,14.980035,nan,0.081208,nan,35.655636
4364,15.433654,19.189480,783.970947,0.081196,13.159676,31.366861
4365,14.042459,3.089462,nan,0.081196,nan,28.583929
4366,15.963942,5.389833,781.758362,0.081185,10.746220,32.428940
4367,3.500879,12.938660,nan,0.081185,nan,7.486796
4368,14.156273,17.741425,781.908142,0.081173,10.051823,28.812374
4369,8.848951,2.549058,nan,0.081173,nan,18.199047
4370,5.834330,20.721888,775.971497,0.081162,11.412609,12.168797
4371,6.892581,28.510855,nan,0.081162,nan,14.283678
4372,9.465042,18.200405,755.334717,0.081150,12.282330,19.428066
4373,8.735001,5.847206,nan,0.081150,nan,17.970249
4374,3.471094,5.907749,781.631470,0.081138,11.421736,7.434237
4375,13.896229,3.810087,nan,0.081138,nan,28.293295
4376,2.610567,6.043897,749.981873,0.081127,12.305406,5.703753
4377,2.220393,13.329826,nan,0.081127,nan,4.920546
4378,13.195305,14.840576,734.808105,0.081115,11.699164,26.891426
4379,4.822721,21.061474,nan,0.081115,nan,10.145329
4380,5.150534,14.712412,766.659180,0.081103,12.397615,10.794132
4381,12.948885,2.083220,nan,0.081103,nan,26.398729
4382,1.990380,19.887493,810.122070,0.081091,13.098245,4.461287
4383,9.278954,15.712816,nan,0.081091,nan,19.056683
4384,2.096902,11.565799,750.429138,0.081079,13.809673,4.684399
4385,2.926742,12.518145,nan,0.081079,nan,6.338785
4386,14.825447,9.846519,749.969543,0.081067,10.113781,30.153839
4387,14.246531,9.073063,nan,0.081067,nan,28.998417
4388,6.187266,2.554812,785.799316,0.081055,11.554746,12.874952
4389,23.875608,3.908013,nan,0.081055,nan,48.254414
4390,25.514370,16.433889,813.985107,0.081043,12.773319,51.531067
4391,18.430210,26.488743,nan,0.081043,nan,37.362953
4392,6.969292,28.558393,800.976074,0.081032,10.483004,14.438659
4393,11.561201,18.257862,nan,0.081032,nan,23.625378
4394,12.474915,4.271025,749.459106,0.081020,10.663847,25.451712
4395,4.024764,28.306728,nan,0.081020,nan,8.548392
4396,2.034682,23.305317,732.955017,0.081008,14.170471,4.548607
4397,8.629737,8.478601,nan,0.081008,nan,17.758757
4398,1.628690,5.011294,775.841797,0.080996,10.128180,3.734497
4399,15.430515,2.666850,nan,0.080996,nan,31.362957
4400,8.273068,7.164883,759.986755,0.080984,11.233631,17.047722
4401,9.870893,5.859763,nan,0.080984,nan,20.242275
4402,7.733460,11.623489,751.966431,0.080972,14.040364,15.971062
4403,5.563034,22.390102,nan,0.080972,nan,11.622778
4404,2.646338,13.300964,753.517578,0.080960,12.723377,5.781608
4405,4.093626,5.322619,nan,0.080960,nan,8.690138
4406,9.619206,4.282227,768.218384,0.080948,13.883517,19.734861
4407,6.029923,4.843952,nan,0.080948,nan,12.555084
4408,6.985752,3.985262,724.570251,0.080936,11.198529,14.473667
4409,16.802250,2.874216,nan,0.080936,nan,34.105431
4410,10.776432,10.902164,749.469116,0.080924,11.990903,22.053093
4411,1.922339,6.542699,nan,0.080924,nan,4.294755
4412,2.885109,11.536858,771.519165,0.080912,10.600637,6.257310
4413,4.251800,14.268934,nan,0.080912,nan,9.000227
4414,6.845770,3.949438,732.849243,0.080901,10.223775,14.194129
4415,12.677487,3.297378,nan,0.080901,nan,25.855944
4416,14.080393,6.734696,726.539490,0.080889,10.552893,28.664053
4417,9.990969,3.251321,nan,0.080889,nan,20.485060
4418,3.144778,5.181952,756.938293,0.080877,12.014437,6.764173
4419,5.160058,6.079618,nan,0.080877,nan,10.823381
4420,2.988364,4.110788,736.577515,0.080865,12.194613,6.453160
4421,6.499351,6.651959,nan,0.080865,nan,13.502828
4422,2.129963,10.026648,737.525391,0.080854,14.387668,4.735267
4423,2.417305,2.532058,nan,0.080854,nan,5.296037
4424,12.779055,6.374303,764.530762,0.080841,13.702486,26.064960
4425,6.484232,4.499074,nan,0.080841,nan,13.474630
4426,6.545762,9.706705,737.463989,0.080830,10.707291,13.597925
4427,5.066789,1.989359,nan,0.080830,nan,10.635304
4428,14.083492,13.691284,770.832031,0.080818,12.979729,28.675060
4429,14.109571,11.265797,nan,0.080818,nan,28.726650
4430,1.464683,4.547948,744.179626,0.080806,12.123916,3.385781
4431,6.069701,3.813264,nan,0.080806,nan,12.649288
4432,2.064010,11.901031,728.150879,0.080794,11.032837,4.612099
4433,5.929837,9.795303,nan,0.080794,nan,12.357204
4434,4.396594,1.858244,750.297302,0.080782,12.582678,9.302713
4435,8.276511,5.035014,nan,0.080782,nan,17.061504
4436,6.313759,7.581799,736.510254,0.080770,12.491663,13.136453
4437,6.713123,4.161426,nan,0.080770,nan,13.936983
4438,1.693220,15.181490,728.395203,0.080758,11.488686,3.850328
4439,8.041836,14.667327,nan,0.080758,nan,16.593288
4440,3.990798,7.206053,742.007324,0.080746,14.043533,8.484285
4441,2.107460,13.350321,nan,0.080746,nan,4.710831
4442,11.556721,16.454422,754.491577,0.080734,11.502625,23.626534
4443,4.086016,19.739029,nan,0.080734,nan,8.682900
4444,7.714003,13.456350,718.941406,0.080722,11.193056,15.940981
4445,3.597651,8.362494,nan,0.080722,nan,7.698318
4446,10.439101,19.010094,743.818787,0.080710,13.529463,21.392725
4447,2.317104,9.410638,nan,0.080710,nan,5.144257
4448,9.930530,9.688003,759.221558,0.080698,11.570998,20.375410
4449,5.617411,16.176079,nan,0.080698,nan,11.750531
4450,16.015202,5.228442,776.039917,0.080686,12.565169,32.546310
4451,20.240559,6.624485,nan,0.080686,nan,40.996346
4452,10.454924,3.919518,746.205078,0.080675,9.182764,21.426250
4453,19.543375,16.520164,nan,0.080675,nan,39.603802
4454,19.420355,11.830192,714.976318,0.080663,13.775710,39.360466
4455,4.091998,13.541458,nan,0.080663,nan,8.694889
4456,7.711638,21.277142,720.803345,0.080651,12.263826,15.941346
4457,10.684499,9.221268,nan,0.080651,nan,21.889370
4458,12.054224,5.537449,733.337341,0.080639,11.059568,24.626526
4459,6.537530,1.292230,nan,0.080639,nan,13.593368
4460,4.299970,1.689208,729.524048,0.080628,10.391456,9.111389
4461,8.334438,2.382047,nan,0.080628,nan,17.186676
4462,3.845227,10.743553,732.051147,0.080616,11.967981,8.210554
4463,4.237106,10.955441,nan,0.080616,nan,8.994099
4464,5.595957,3.122748,730.751953,0.080604,11.678049,11.711823
4465,3.194492,1.819720,nan,0.080604,nan,6.898216
4466,2.980316,1.907297,731.690186,0.080593,13.400847,6.460736
4467,5.218468,3.359907,nan,0.080593,nan,10.956878
4468,4.172823,7.549940,731.649170,0.080581,10.688828,8.865082
4469,4.372136,2.983897,nan,0.080581,nan,9.264944
4470,1.578220,5.887254,721.001038,0.080569,10.687060,3.660024
4471,8.752301,1.211827,nan,0.080569,nan,18.026348
4472,4.346786,4.105049,724.559021,0.080558,12.844318,9.213173
4473,2.965329,5.530474,nan,0.080558,nan,6.443244
4474,2.309290,3.341273,728.840698,0.080546,13.258617,5.112339
4475,3.979563,9.919000,nan,0.080546,nan,8.479285
4476,10.667156,7.056396,716.342773,0.080535,10.867640,21.855362
4477,10.054960,2.557076,nan,0.080535,nan,20.630924
4478,5.979276,1.977805,727.431702,0.080523,14.377840,12.478903
4479,2.260015,8.884756,nan,0.080523,nan,5.013056
4480,5.528110,5.216591,714.486938,0.080511,12.812446,11.575687
4481,1.388941,8.875554,nan,0.080511,nan,3.243378
4482,6.734879,5.162613,723.703491,0.080499,11.703980,13.991248
4483,4.557715,1.961240,nan,0.080499,nan,9.636837
4484,2.260682,4.625468,711.013489,0.080487,13.703013,5.016092
4485,1.741183,6.102041,nan,0.080487,nan,3.981506
4486,4.614876,2.465772,717.604370,0.080476,12.274084,9.750608
4487,8.993725,4.692970,nan,0.080476,nan,18.508179
4488,6.745090,8.062529,741.455933,0.080464,12.660464,14.011431
4489,2.570483,10.789219,nan,0.080464,nan,5.661525
4490,2.884700,1.931597,703.173218,0.080452,10.720490,6.287973
4491,1.058249,12.256603,nan,0.080452,nan,2.592398
4492,8.626905,4.742731,724.673889,0.080440,10.568747,17.776369
4493,4.341590,2.596148,nan,0.080440,nan,9.205656
4494,1.427484,15.175674,743.137085,0.080429,14.104661,3.353430
4495,17.537590,3.944885,nan,0.080429,nan,35.600170
4496,14.267106,4.008565,712.209839,0.080417,14.621351,29.058397
4497,7.102635,5.641263,nan,0.080417,nan,14.730015
4498,13.463733,5.805401,717.727417,0.080405,11.953438,27.453388
4499,8.135077,7.114631,nan,0.080405,nan,16.797211
4500,1.633968,4.714912,728.887268,0.080393,13.665714,3.759866
4501,14.416212,2.528324,nan,0.080393,nan,29.359148
4502,7.070863,10.434148,730.027832,0.080381,13.208474,14.668482
4503,1.387766,3.776585,nan,0.080381,nan,3.274014
4504,1.662483,14.874928,696.136963,0.080369,12.204885,3.833975
4505,5.603344,17.713058,nan,0.080369,nan,11.735447
4506,5.552916,6.170831,719.403198,0.080357,11.284342,11.632034
4507,14.290840,1.869072,nan,0.080357,nan,29.111599
4508,13.834141,10.963274,730.380005,0.080345,12.556295,28.195492
4509,8.769006,7.269206,nan,0.080345,nan,18.067657
4510,4.648663,2.351303,699.623596,0.080333,14.011598,9.817617
4511,1.582865,11.836540,nan,0.080333,nan,3.681453
4512,6.868560,1.838887,717.173035,0.080321,12.710067,14.265553
4513,8.598871,1.797136,nan,0.080321,nan,17.726089
4514,7.989322,10.306414,723.961792,0.080309,11.216871,16.507462
4515,1.487224,6.110485,nan,0.080309,nan,3.466835
4516,2.309902,11.953766,684.505981,0.080298,11.342070,5.121650
4517,11.459820,13.994957,nan,0.080298,nan,23.450634
4518,16.425243,3.694368,710.257812,0.080286,11.820789,33.379440
4519,1.392557,3.109529,nan,0.080286,nan,3.261513
4520,3.539454,15.812519,746.296021,0.080274,12.137807,7.609535
4521,3.155888,16.775150,nan,0.080274,nan,6.839273
4522,1.969930,9.096434,699.410583,0.080262,12.952950,4.460279
4523,6.331841,23.286898,nan,0.080262,nan,13.193468
4524,10.936821,24.404446,660.131592,0.080251,12.504168,22.403118
4525,22.171721,16.349194,nan,0.080251,nan,44.874001
4526,24.067196,2.800265,721.258240,0.080239,11.789923,48.663727
4527,3.194623,5.443001,nan,0.080239,nan,6.887948
4528,21.324100,3.137270,757.518555,0.080227,11.938034,43.178055
4529,33.291321,3.224945,nan,0.080227,nan,67.111832
4530,22.643885,6.866990,717.175903,0.080216,14.781711,45.816315
4531,3.666387,10.861334,nan,0.080216,nan,7.860755
4532,14.467978,3.813386,662.277954,0.080204,12.252081,29.463449
4533,11.473923,25.402107,nan,0.080204,nan,23.473274
4534,1.619928,39.927376,697.429199,0.080192,12.315741,3.744822
4535,2.421190,38.228882,nan,0.080192,nan,5.324371
4536,10.096811,19.490929,694.288574,0.080180,13.622335,20.722099
4537,8.993369,2.306354,nan,0.080180,nan,18.514240
4538,8.584299,5.757884,717.429199,0.080168,13.122223,17.693863
4539,12.304977,6.227104,nan,0.080168,nan,25.134192
4540,1.674352,6.767547,675.530823,0.080156,11.452485,3.832569
4541,12.166673,4.843216,nan,0.080156,nan,24.858730
4542,11.392771,7.349104,680.933533,0.080145,11.930915,23.311758
4543,6.017983,2.067550,nan,0.080145,nan,12.558748
4544,10.873489,2.535108,711.893372,0.080133,13.939520,22.270966
4545,3.963246,13.356030,nan,0.080133,nan,8.448307
4546,7.047547,13.443174,686.032410,0.080121,13.326874,14.618484
4547,3.087584,3.021127,nan,0.080121,nan,6.685967
4548,15.736782,15.080750,724.181885,0.080109,10.755916,31.996038
4549,14.367117,9.704735,nan,0.080109,nan,29.256205
4550,1.843083,6.262911,699.410522,0.080098,12.636923,4.200274
4551,8.790846,7.606927,nan,0.080098,nan,18.103148
4552,2.742273,7.260070,699.372681,0.080086,12.510827,5.982452
4553,9.561823,11.672861,nan,0.080086,nan,19.642601
4554,2.640706,2.072015,708.572266,0.080074,13.516015,5.781307
4555,20.803198,18.691849,nan,0.080074,nan,42.125416
4556,21.546158,13.805681,675.656860,0.080062,13.508555,43.608952
4557,2.879148,11.653503,nan,0.080062,nan,6.259295
4558,6.490821,17.487019,672.877075,0.080051,12.408484,13.496327
4559,9.381980,6.569333,nan,0.080051,nan,19.280308
4560,11.546911,8.893055,696.863037,0.080039,12.327744,23.608177
4561,5.849524,3.444248,nan,0.080039,nan,12.212152
4562,7.064721,3.594573,679.153442,0.080027,13.973785,14.643965
4563,1.387447,2.492767,nan,0.080027,nan,3.252568
4564,11.045726,11.345822,699.202515,0.080015,11.879665,22.602913
4565,1.739675,3.528938,nan,0.080015,nan,3.972432
4566,14.834299,11.992668,708.522827,0.080003,12.494526,30.177910
4567,17.162539,15.880731,nan,0.080003,nan,34.834675
4568,1.868773,2.756158,714.485352,0.079992,12.743119,4.225914
4569,27.054790,24.840679,nan,0.079992,nan,54.615116
4570,32.195740,29.797783,714.923950,0.079980,12.177582,64.898994
4571,12.349911,9.136980,nan,0.079980,nan,25.204643
4572,10.302898,13.489478,708.814758,0.079968,14.736349,21.110662
4573,22.045521,25.444328,nan,0.079968,nan,44.595200
4574,11.181005,16.375204,678.293579,0.079956,13.362750,22.866320
4575,11.765327,5.069260,nan,0.079956,nan,24.033747
4576,12.141479,6.174412,666.396973,0.079945,10.544043,24.786858
4577,1.849157,7.529527,nan,0.079945,nan,4.188235
4578,2.608700,1.831809,680.285034,0.079933,13.880058,5.702933
4579,3.077466,3.572039,nan,0.079933,nan,6.636446
4580,5.418341,2.109792,670.881836,0.079921,13.813882,11.338024
4581,4.903443,5.019998,nan,0.079921,nan,10.307442
4582,7.596939,3.651542,678.867188,0.079909,13.407466,15.695893
4583,3.344636,6.707953,nan,0.079909,nan,7.180996
4584,1.499120,4.999995,672.322449,0.079897,12.057689,3.478434
4585,1.359781,10.307280,nan,0.079897,nan,3.161045
4586,6.803388,3.361479,678.680542,0.079886,11.979578,14.106125
4587,1.969251,3.991394,nan,0.079886,nan,4.403114
4588,11.928198,4.204052,679.224121,0.079874,13.399487,24.357639
4589,1.522729,2.938296,nan,0.079874,nan,3.526448
4590,7.609194,4.635023,660.599854,0.079862,15.634589,15.719138
4591,4.723206,3.781320,nan,0.079862,nan,9.942547
4592,5.996979,3.131318,679.356995,0.079850,13.875141,12.494340
4593,3.271926,4.869889,nan,0.079850,nan,7.041847
4594,2.936752,2.335872,671.271606,0.079838,12.088732,6.356562
4595,3.795810,8.285688,nan,0.079838,nan,8.088797
4596,7.625779,4.534987,669.029175,0.079826,11.148029,15.750258
4597,1.918389,3.449991,nan,0.079826,nan,4.306383
4598,3.210758,5.428038,671.973511,0.079815,11.379147,6.908787
4599,5.385123,3.851199,nan,0.079815,nan,11.265442
4600,4.210908,3.125671,660.189575,0.079803,13.752423,8.921258
4601,2.526152,4.223242,nan,0.079803,nan,5.501841
4602,3.963058,7.318155,676.239197,0.079791,12.753798,8.421279
4603,2.755032,9.804768,nan,0.079791,nan,5.996730
4604,1.260617,4.438424,665.696716,0.079780,12.759044,2.985103
4605,3.577465,14.112828,nan,0.079780,nan,7.643732
4606,1.929931,20.560493,653.052368,0.079768,12.820448,4.317041
4607,18.621969,2.738937,nan,0.079768,nan,37.738838
4608,12.958439,7.186986,670.389404,0.079756,12.702527,26.411457
4609,1.088471,3.941820,nan,0.079756,nan,2.623698
4610,16.841496,12.562721,700.978333,0.079745,13.179083,34.177673
4611,7.489903,6.924383,nan,0.079745,nan,15.466490
4612,7.898756,9.288580,683.783630,0.079733,11.616230,16.293604
4613,9.993417,10.947216,nan,0.079733,nan,20.480537
4614,9.049138,4.885449,685.332031,0.079721,13.654946,18.593283
4615,4.026615,2.360268,nan,0.079721,nan,8.547586
4616,12.877136,10.032587,677.601013,0.079710,13.407311,26.249796
4617,14.138268,6.665942,nan,0.079710,nan,28.770910
4618,3.304992,11.092392,671.750732,0.079698,14.214638,7.101019
4619,1.231813,10.929718,nan,0.079698,nan,2.899864
4620,9.140334,5.075422,673.990662,0.079686,11.872091,18.773666
4621,1.191586,3.849027,nan,0.079686,nan,2.844425
4622,20.723915,12.976526,712.664795,0.079675,12.867329,41.942390
4623,20.678104,13.561426,nan,0.079675,nan,41.850441
4624,6.246547,1.699062,698.469482,0.079663,13.013254,12.986084
4625,31.722666,26.176432,nan,0.079663,nan,63.939575
4626,37.090847,24.384493,679.217407,0.079651,13.796530,74.676987
4627,15.474061,1.937814,nan,0.079651,nan,31.442852
4628,13.158395,20.186523,711.149048,0.079640,13.614335,26.810600
4629,26.805851,27.142986,nan,0.079640,nan,54.105858
4630,18.218460,14.337789,676.065063,0.079628,13.343073,36.932285
4631,5.171824,12.394186,nan,0.079628,nan,10.838724
4632,4.745076,14.758978,676.316040,0.079616,13.295640,9.985254
4633,10.139957,3.493080,nan,0.079616,nan,20.774204
4634,2.388820,2.253079,661.599854,0.079604,14.365413,5.235893
4635,24.380211,3.306882,nan,0.079604,nan,49.256325
4636,24.198769,10.911220,628.711182,0.079592,13.901535,48.893055
4637,14.379921,19.823883,nan,0.079592,nan,29.254013
4638,1.411560,15.779700,664.164429,0.079580,13.356880,3.293746
4639,4.508706,9.716831,nan,0.079580,nan,9.507630
4640,6.194127,18.736263,697.631897,0.079569,13.452152,12.882944
4641,5.431530,18.245583,nan,0.079569,nan,11.357729
4642,1.041102,9.942818,651.922363,0.079557,14.580601,2.514711
4643,5.005101,14.436027,nan,0.079557,nan,10.505013
4644,1.693832,25.383484,652.308289,0.079545,13.129381,3.858827
4645,10.941942,10.984076,nan,0.079545,nan,22.377495
4646,5.999665,2.350562,681.527832,0.079533,11.865471,12.496132
4647,8.519522,10.004000,nan,0.079533,nan,17.532957
4648,8.763866,12.166895,674.365479,0.079521,12.129774,18.024597
4649,6.808272,11.684443,nan,0.079521,nan,14.111279
4650,2.368284,8.511340,649.911255,0.079509,14.657266,5.223512
4651,12.617117,5.381729,nan,0.079509,nan,25.732224
4652,10.145393,1.999611,663.495728,0.079498,13.149430,20.788486
4653,1.291446,7.835752,nan,0.079498,nan,3.020413
4654,14.040249,1.905212,674.234497,0.079486,12.313288,28.578173
4655,1.487876,6.175582,nan,0.079486,nan,3.444428
4656,1.464650,9.665889,642.483521,0.079474,11.622515,3.401841
4657,20.208986,8.500900,nan,0.079474,nan,40.917633
4658,16.766771,2.384866,653.052612,0.079463,12.179320,34.031784
4659,3.880591,8.938836,nan,0.079463,nan,8.256506
4660,11.065571,7.054971,673.390381,0.079451,14.364740,22.632030
4661,4.095734,26.409227,nan,0.079451,nan,8.692701
4662,7.491422,23.785707,675.926880,0.079440,11.982008,15.484332
4663,2.398171,16.610508,nan,0.079440,nan,5.282824
4664,1.479876,3.961723,637.338745,0.079428,9.228698,3.428683
4665,14.781535,5.731623,nan,0.079428,nan,30.066505
4666,3.807951,9.721870,670.053833,0.079417,14.347427,8.109079
4667,7.953795,1.782269,nan,0.079417,nan,16.412666
4668,1.757390,12.909101,661.570496,0.079406,13.607755,3.984267
4669,4.608785,4.139795,nan,0.079406,nan,9.722907
4670,1.179444,10.073948,627.196960,0.079394,14.595444,2.835587
4671,10.864059,9.634853,nan,0.079394,nan,22.234901
4672,1.185658,8.677692,659.640991,0.079383,13.584581,2.847805
4673,6.098543,5.497846,nan,0.079383,nan,12.701674
4674,1.615101,9.592892,645.109619,0.079371,15.426334,3.703243
4675,1.767287,1.850272,nan,0.079371,nan,4.032943
4676,7.572135,8.002001,645.169067,0.079359,12.911440,15.654150
4677,7.723522,5.303892,nan,0.079359,nan,15.956718
4678,14.362820,13.382221,662.688965,0.079347,13.944691,29.229603
4679,8.741538,10.535236,nan,0.079347,nan,17.993290
4680,2.506257,4.697152,667.479858,0.079336,11.768576,5.504889
