update_num,q1_loss,q2_loss,actor_loss,alpha,entropy,td_error
1,0.790490,0.794222,nan,0.200000,nan,2.046587
2,0.737078,0.740065,1.068417,0.200020,-5.204080,1.940790
3,0.765892,0.765732,nan,0.200020,nan,1.990304
4,0.815660,0.814025,1.355693,0.200038,-6.589594,2.108661
5,0.679766,0.678217,nan,0.200038,nan,1.808362
6,0.815764,0.814586,1.371884,0.200057,-6.667758,2.087648
7,0.948118,0.947351,nan,0.200057,nan,2.377927
8,0.661824,0.662163,1.143975,0.200076,-5.522552,1.766588
9,0.632017,0.632239,nan,0.200076,nan,1.715050
10,0.845016,0.846299,1.629065,0.200095,-7.935082,2.152390
11,0.744418,0.745591,nan,0.200095,nan,1.902622
12,0.558664,0.559554,1.359486,0.200114,-6.570949,1.553014
13,0.852881,0.853611,nan,0.200114,nan,2.166908
14,0.759547,0.759865,1.190414,0.200132,-5.717295,1.963407
15,0.726679,0.727149,nan,0.200132,nan,1.914701
16,0.598634,0.598464,1.348392,0.200151,-6.534206,1.650676
17,0.913606,0.913825,nan,0.200151,nan,2.266744
18,0.684460,0.684851,1.454461,0.200170,-7.062104,1.845881
19,0.742699,0.743483,nan,0.200170,nan,1.963620
20,0.937154,0.937752,1.585434,0.200190,-7.711481,2.359311
21,0.571825,0.571571,nan,0.200190,nan,1.612069
22,0.697758,0.697342,1.351711,0.200209,-6.566287,1.864565
23,0.844537,0.844025,nan,0.200209,nan,2.178578
24,0.772568,0.772017,1.297596,0.200229,-6.261833,2.024436
25,0.742848,0.742135,nan,0.200229,nan,1.957119
26,0.683997,0.683709,1.704236,0.200249,-8.247816,1.821245
27,0.698535,0.697847,nan,0.200249,nan,1.844503
28,0.677256,0.678169,1.397532,0.200269,-6.676661,1.818432
29,0.532352,0.531999,nan,0.200269,nan,1.498810
30,0.730448,0.731410,1.440873,0.200289,-6.871981,1.889235
31,0.762371,0.763977,nan,0.200289,nan,1.992279
32,0.705886,0.705125,1.311179,0.200308,-5.893947,1.886854
33,0.771668,0.771556,nan,0.200308,nan,2.004954
34,0.592979,0.592544,1.569942,0.200328,-7.438627,1.639251
35,0.574136,0.575238,nan,0.200328,nan,1.595876
36,0.592712,0.592835,1.610147,0.200348,-7.658833,1.637022
37,0.650780,0.651505,nan,0.200348,nan,1.764678
38,0.621969,0.624412,1.631329,0.200368,-7.483469,1.696147
39,0.602798,0.603001,nan,0.200368,nan,1.644735
40,0.682094,0.682974,0.983945,0.200387,-4.541977,1.822929
41,0.682036,0.681325,nan,0.200387,nan,1.826513
42,0.650832,0.650323,1.791062,0.200407,-8.273121,1.744483
43,0.722376,0.719948,nan,0.200407,nan,1.895809
44,0.698072,0.698041,1.676454,0.200427,-7.849479,1.853495
45,0.563546,0.565116,nan,0.200427,nan,1.578627
46,0.758660,0.759632,1.945795,0.200447,-9.025817,1.981789
47,0.945183,0.944403,nan,0.200447,nan,2.363497
48,0.621343,0.623846,1.992890,0.200469,-9.093200,1.692143
49,0.663289,0.663181,nan,0.200469,nan,1.772550
50,0.734888,0.731079,1.448343,0.200489,-6.359296,1.932475
51,0.652740,0.650008,nan,0.200489,nan,1.767755
52,0.645737,0.642498,1.762322,0.200510,-7.930798,1.730712
53,0.555575,0.553230,nan,0.200510,nan,1.573974
54,0.546001,0.543296,2.221667,0.200532,-8.842840,1.529325
55,0.548481,0.549875,nan,0.200532,nan,1.528139
56,0.515703,0.515990,1.878502,0.200553,-7.015313,1.460476
57,0.690134,0.689687,nan,0.200553,nan,1.817281
58,0.549369,0.549677,1.805753,0.200574,-6.623051,1.526870
59,0.685003,0.684947,nan,0.200574,nan,1.800853
60,0.594133,0.591885,2.046481,0.200595,-7.049591,1.630762
61,0.476899,0.473443,nan,0.200595,nan,1.379151
62,0.516832,0.512168,2.356243,0.200616,-8.897047,1.434374
63,0.557987,0.553185,nan,0.200616,nan,1.542770
64,0.623826,0.621831,1.914003,0.200637,-6.756646,1.689004
65,0.624050,0.620435,nan,0.200637,nan,1.696600
66,0.466736,0.463535,1.744125,0.200657,-5.724986,1.352265
67,0.615463,0.609607,nan,0.200657,nan,1.667723
68,0.673976,0.668320,2.871123,0.200678,-10.090133,1.789077
69,0.596972,0.591048,nan,0.200678,nan,1.606285
70,0.474594,0.465792,2.467979,0.200699,-7.790610,1.367088
71,0.543238,0.529052,nan,0.200699,nan,1.523405
72,0.605515,0.597255,2.543827,0.200720,-8.557480,1.642257
73,0.411277,0.402750,nan,0.200720,nan,1.246048
74,0.375047,0.363934,2.260309,0.200741,-6.082305,1.140986
75,0.481414,0.471054,nan,0.200741,nan,1.394519
76,0.514579,0.506467,2.730601,0.200762,-9.204526,1.445962
77,0.471545,0.461322,nan,0.200762,nan,1.352854
78,0.604896,0.600856,1.641203,0.200782,-5.300457,1.629493
79,0.480137,0.469691,nan,0.200782,nan,1.386473
80,0.422169,0.412270,2.337086,0.200803,-8.058696,1.263005
81,0.564269,0.554572,nan,0.200803,nan,1.557236
82,0.518673,0.509660,2.523551,0.200824,-9.040833,1.447463
83,0.508270,0.504030,nan,0.200824,nan,1.441519
84,0.628927,0.619611,1.934815,0.200844,-6.255177,1.685699
85,0.543846,0.536165,nan,0.200844,nan,1.514911
86,0.533436,0.527850,2.203564,0.200863,-6.335067,1.493238
87,0.587778,0.579551,nan,0.200863,nan,1.587922
88,0.435904,0.426778,2.526366,0.200883,-7.599605,1.279701
89,0.537902,0.526022,nan,0.200883,nan,1.482261
90,0.522264,0.512238,2.169194,0.200902,-6.283992,1.467030
91,0.533273,0.524788,nan,0.200902,nan,1.491899
92,0.577621,0.565335,2.628736,0.200922,-8.324496,1.568185
93,0.468841,0.457079,nan,0.200922,nan,1.318549
94,0.265222,0.245492,2.594026,0.200941,-6.388203,0.897511
95,0.410624,0.397032,nan,0.200941,nan,1.219847
96,0.461149,0.451238,2.609486,0.200960,-7.382631,1.325919
97,0.529440,0.513577,nan,0.200960,nan,1.464566
98,0.509012,0.501703,2.029387,0.200978,-6.016173,1.436223
99,0.383358,0.371341,nan,0.200978,nan,1.149745
100,0.403150,0.389190,2.852559,0.200997,-7.226982,1.191013
101,0.424946,0.414479,nan,0.200997,nan,1.251844
102,0.314670,0.296674,2.300014,0.201014,-4.495171,1.015417
103,0.432924,0.418262,nan,0.201014,nan,1.278187
104,0.367410,0.352024,3.088955,0.201031,-7.198627,1.103886
105,0.293063,0.278946,nan,0.201031,nan,0.964350
106,0.275118,0.264331,3.002932,0.201048,-7.581418,0.927835
107,0.465713,0.463154,nan,0.201048,nan,1.336377
108,0.420862,0.416328,3.101242,0.201066,-8.288187,1.251457
109,0.433861,0.434402,nan,0.201066,nan,1.248726
110,0.480035,0.484257,3.213730,0.201086,-9.084373,1.372939
111,0.546581,0.541557,nan,0.201086,nan,1.517820
112,0.376931,0.374602,2.290257,0.201104,-6.050760,1.168306
113,0.372361,0.363874,nan,0.201104,nan,1.141509
114,0.421048,0.415848,2.906758,0.201122,-6.706481,1.210287
115,0.561758,0.552837,nan,0.201122,nan,1.522655
116,0.348731,0.350131,2.667793,0.201140,-6.971317,1.122269
117,0.277882,0.267586,nan,0.201140,nan,0.940380
118,0.490889,0.493502,1.984090,0.201157,-4.971087,1.416078
119,0.576921,0.581821,nan,0.201157,nan,1.567932
120,0.466678,0.474685,2.475576,0.201174,-6.843598,1.386947
121,0.352013,0.351310,nan,0.201174,nan,1.116782
122,0.412421,0.402279,3.026718,0.201191,-6.757293,1.224038
123,0.463580,0.458978,nan,0.201191,nan,1.350168
124,0.308714,0.303025,2.749547,0.201207,-5.351667,0.997762
125,0.435440,0.435864,nan,0.201207,nan,1.253313
126,0.375714,0.372506,2.877346,0.201223,-7.621404,1.144683
127,0.616274,0.616356,nan,0.201223,nan,1.669909
128,0.393254,0.393587,3.159565,0.201240,-7.811013,1.180208
129,0.355027,0.350707,nan,0.201240,nan,1.118250
130,0.359303,0.363962,2.634253,0.201258,-7.504888,1.138875
131,0.437418,0.446942,nan,0.201258,nan,1.265925
132,0.474742,0.471374,1.956332,0.201274,-4.542431,1.354432
133,0.473843,0.489406,nan,0.201274,nan,1.377516
134,0.444323,0.424889,2.907453,0.201289,-6.232974,1.300642
135,0.392067,0.376587,nan,0.201289,nan,1.173754
136,0.415797,0.406311,2.811520,0.201305,-6.398780,1.232830
137,0.385309,0.378130,nan,0.201305,nan,1.172798
138,0.391333,0.395919,2.821655,0.201320,-6.193591,1.164724
139,0.405933,0.407070,nan,0.201320,nan,1.202893
140,0.412575,0.413847,2.995302,0.201334,-5.764754,1.224273
141,0.319217,0.336990,nan,0.201334,nan,1.017940
142,0.369641,0.386658,2.605465,0.201348,-5.194867,1.117944
143,0.418402,0.438668,nan,0.201348,nan,1.238433
144,0.515303,0.523753,2.618026,0.201363,-7.001550,1.450928
145,0.352499,0.350898,nan,0.201363,nan,1.100971
146,0.392041,0.401102,2.665662,0.201377,-6.954055,1.187218
147,0.314070,0.304797,nan,0.201377,nan,1.005634
148,0.372607,0.377043,3.496104,0.201393,-7.838418,1.152516
149,0.299358,0.303298,nan,0.201393,nan,0.973179
150,0.313843,0.312362,3.344971,0.201410,-9.212065,0.997597
151,0.406330,0.408985,nan,0.201410,nan,1.227126
152,0.403284,0.402827,2.655459,0.201427,-6.599292,1.199738
153,0.328259,0.334076,nan,0.201427,nan,1.066054
154,0.378396,0.375537,2.786594,0.201445,-7.725468,1.138850
155,0.287623,0.285313,nan,0.201445,nan,0.948955
156,0.523238,0.509915,3.363437,0.201463,-7.531864,1.475522
157,0.409675,0.404705,nan,0.201463,nan,1.250036
158,0.344063,0.339221,3.319257,0.201480,-6.338655,1.093792
159,0.302257,0.302378,nan,0.201480,nan,0.979960
160,0.429189,0.425951,2.748912,0.201497,-5.528491,1.280636
161,0.253521,0.253904,nan,0.201497,nan,0.861509
162,0.289661,0.289510,2.547986,0.201513,-5.377299,0.965080
163,0.442983,0.453479,nan,0.201513,nan,1.306078
164,0.451134,0.462657,2.968961,0.201530,-8.183411,1.327032
165,0.353641,0.351086,nan,0.201530,nan,1.071800
166,0.313758,0.320041,2.050073,0.201546,-5.636527,1.021378
167,0.401479,0.394276,nan,0.201546,nan,1.220459
168,0.408290,0.393888,3.748164,0.201564,-9.802457,1.230871
169,0.491515,0.492626,nan,0.201564,nan,1.401272
170,0.375034,0.378603,2.414691,0.201581,-5.049805,1.116117
171,0.286105,0.291779,nan,0.201581,nan,0.939730
172,0.424622,0.428147,3.179027,0.201597,-6.115976,1.267210
173,0.302751,0.303257,nan,0.201597,nan,1.005297
174,0.321929,0.330947,2.350953,0.201613,-6.494301,1.033944
175,0.494129,0.498399,nan,0.201613,nan,1.402413
176,0.427953,0.428681,1.621230,0.201628,-4.432116,1.263114
177,0.338677,0.323165,nan,0.201628,nan,1.057146
178,0.332265,0.319698,2.013632,0.201642,-5.851203,1.069841
179,0.436651,0.434972,nan,0.201642,nan,1.284195
180,0.366167,0.367086,3.097476,0.201657,-7.761631,1.125623
181,0.498648,0.500401,nan,0.201657,nan,1.438300
182,0.455467,0.455431,2.647448,0.201672,-6.464826,1.327358
183,0.290890,0.291641,nan,0.201672,nan,0.981502
184,0.423491,0.424593,2.911423,0.201688,-6.993503,1.269650
185,0.393624,0.396579,nan,0.201688,nan,1.168052
186,0.598865,0.579386,1.476658,0.201703,-6.028639,1.614172
187,0.523210,0.515390,nan,0.201703,nan,1.472227
188,0.482140,0.475787,1.807757,0.201718,-6.312886,1.363039
189,0.406801,0.416355,nan,0.201718,nan,1.206290
190,0.462652,0.470122,2.355434,0.201733,-6.456869,1.332954
191,0.470435,0.475368,nan,0.201733,nan,1.341624
192,0.399901,0.404166,3.334800,0.201748,-6.802965,1.174963
193,0.299791,0.299674,nan,0.201748,nan,0.952702
194,0.384262,0.383204,2.860048,0.201763,-5.911221,1.152529
195,0.359829,0.362402,nan,0.201763,nan,1.112794
196,0.373398,0.369009,2.579408,0.201777,-5.465830,1.143688
197,0.368507,0.373551,nan,0.201777,nan,1.131591
198,0.344758,0.351314,1.966208,0.201791,-6.246402,1.047162
199,0.395402,0.392001,nan,0.201791,nan,1.151909
200,0.561440,0.560136,1.891125,0.201806,-7.748437,1.534018
201,0.499351,0.485013,nan,0.201806,nan,1.389983
202,0.539879,0.521088,2.115664,0.201822,-6.728773,1.529923
203,0.472718,0.469732,nan,0.201822,nan,1.359598
204,0.501670,0.486783,2.724262,0.201838,-7.852778,1.432444
205,0.433456,0.443485,nan,0.201838,nan,1.280933
206,0.344267,0.345838,3.101634,0.201855,-7.915813,1.082509
207,0.412364,0.413737,nan,0.201855,nan,1.240951
208,0.344080,0.344206,3.328364,0.201873,-7.305429,1.078444
209,0.346957,0.355549,nan,0.201873,nan,1.079389
210,0.226028,0.225479,3.012982,0.201890,-6.602783,0.811979
211,0.426126,0.422363,nan,0.201890,nan,1.264469
212,0.231256,0.233166,2.416879,0.201907,-5.747437,0.832326
213,0.324745,0.327460,nan,0.201907,nan,1.026465
214,0.397943,0.392673,2.488375,0.201923,-5.305011,1.160580
215,0.356621,0.352267,nan,0.201923,nan,1.113802
216,0.474035,0.474445,2.565270,0.201937,-5.524904,1.328476
217,0.310603,0.311014,nan,0.201937,nan,0.965995
218,0.342527,0.342857,3.081485,0.201953,-7.236700,1.073091
219,0.356186,0.351063,nan,0.201953,nan,1.101230
220,0.344969,0.341633,3.121396,0.201969,-6.504109,1.076079
221,0.324903,0.324757,nan,0.201969,nan,1.026699
222,0.423672,0.416955,3.632212,0.201984,-6.453544,1.253523
223,0.215197,0.223196,nan,0.201984,nan,0.790562
224,0.515580,0.527237,2.385525,0.201999,-5.805764,1.478501
225,0.436949,0.439545,nan,0.201999,nan,1.308287
226,0.475488,0.471491,2.484494,0.202013,-5.103058,1.363598
227,0.375293,0.380416,nan,0.202013,nan,1.136194
228,0.397008,0.400898,3.110990,0.202028,-6.543805,1.169561
229,0.471198,0.466874,nan,0.202028,nan,1.360674
230,0.294735,0.293270,3.118775,0.202041,-5.633688,0.982684
231,0.309790,0.302328,nan,0.202041,nan,1.015555
232,0.439040,0.434102,2.394140,0.202055,-6.635324,1.307911
233,0.330146,0.323722,nan,0.202055,nan,1.080260
234,0.353521,0.344863,2.557216,0.202070,-6.458902,1.126469
235,0.419706,0.409850,nan,0.202070,nan,1.265128
236,0.292221,0.296120,2.811633,0.202085,-7.452273,0.970067
237,0.311590,0.306348,nan,0.202085,nan,1.023005
238,0.419080,0.415372,3.062381,0.202099,-5.714348,1.222708
239,0.336238,0.339576,nan,0.202099,nan,1.028691
240,0.354184,0.351747,3.071046,0.202114,-6.340921,1.133121
241,0.410568,0.415254,nan,0.202114,nan,1.246849
242,0.406820,0.401100,2.157138,0.202127,-4.612309,1.222500
243,0.325354,0.326073,nan,0.202127,nan,1.026705
244,0.298751,0.305759,2.906971,0.202140,-5.260239,0.951743
245,0.310833,0.310855,nan,0.202140,nan,1.019889
246,0.270625,0.275253,2.872509,0.202151,-4.788284,0.934865
247,0.377685,0.382900,nan,0.202151,nan,1.145835
248,0.230967,0.237871,2.928313,0.202163,-5.750297,0.820848
249,0.371965,0.371653,nan,0.202163,nan,1.150552
250,0.276865,0.276037,2.845359,0.202174,-5.398838,0.961990
251,0.323057,0.321787,nan,0.202174,nan,1.040683
252,0.477273,0.475756,2.675856,0.202186,-6.867717,1.365521
253,0.382518,0.387088,nan,0.202186,nan,1.166392
254,0.379358,0.383339,2.375471,0.202198,-5.859608,1.176431
255,0.509680,0.508894,nan,0.202198,nan,1.427576
256,0.459660,0.468715,2.865252,0.202210,-6.659013,1.367848
257,0.381815,0.370120,nan,0.202210,nan,1.178041
258,0.361018,0.360988,2.290086,0.202222,-5.523850,1.145451
259,0.446770,0.459678,nan,0.202222,nan,1.310794
260,0.388932,0.389774,2.115563,0.202233,-4.918940,1.155515
261,0.306308,0.302992,nan,0.202233,nan,0.976827
262,0.460190,0.452361,2.143357,0.202245,-6.077001,1.372096
263,0.433815,0.430952,nan,0.202245,nan,1.264089
264,0.336261,0.338862,2.374932,0.202256,-5.548549,1.053619
265,0.375908,0.374849,nan,0.202256,nan,1.122576
266,0.671968,0.683113,1.313910,0.202265,-3.677257,1.793723
267,0.422810,0.424814,nan,0.202265,nan,1.248675
268,0.455224,0.470401,2.269018,0.202275,-6.109445,1.326501
269,0.320724,0.323234,nan,0.202275,nan,1.069158
270,0.344741,0.350175,2.666147,0.202286,-6.864206,1.057932
271,0.447329,0.446610,nan,0.202286,nan,1.273993
272,0.474126,0.478259,2.550932,0.202297,-6.131525,1.342524
273,0.340097,0.339597,nan,0.202297,nan,1.083506
274,0.559859,0.576577,2.619567,0.202310,-7.411956,1.552831
275,0.405081,0.412776,nan,0.202310,nan,1.208172
276,0.493697,0.497149,1.989303,0.202323,-7.798603,1.416861
277,0.484900,0.477409,nan,0.202323,nan,1.408034
278,0.360996,0.357075,1.091036,0.202336,-4.881039,1.128895
279,0.544252,0.541440,nan,0.202336,nan,1.519182
280,0.377503,0.378839,1.367867,0.202348,-5.252207,1.179793
281,0.265262,0.265390,nan,0.202348,nan,0.902799
282,0.255645,0.265082,3.501653,0.202361,-6.506412,0.919585
283,0.442919,0.429641,nan,0.202361,nan,1.303876
284,0.440619,0.437432,2.622623,0.202374,-6.750492,1.298891
285,0.308166,0.325364,nan,0.202374,nan,0.983030
286,0.477792,0.506478,2.264306,0.202389,-7.567301,1.389113
287,0.443877,0.440131,nan,0.202389,nan,1.313002
288,0.432174,0.403952,1.943113,0.202403,-6.386240,1.293061
289,0.390603,0.375019,nan,0.202403,nan,1.181547
290,0.422460,0.428458,2.313090,0.202417,-5.933078,1.269961
291,0.396663,0.397334,nan,0.202417,nan,1.228245
292,0.261912,0.277142,2.307463,0.202430,-4.610399,0.903344
293,0.408732,0.417781,nan,0.202430,nan,1.214898
294,0.421241,0.411791,1.366740,0.202441,-2.916655,1.269947
295,0.395973,0.394353,nan,0.202441,nan,1.216273
296,0.352421,0.346821,1.919489,0.202452,-6.793966,1.081383
297,0.397554,0.400185,nan,0.202452,nan,1.241207
298,0.306498,0.322137,2.225616,0.202464,-6.016311,0.996243
299,0.369425,0.366021,nan,0.202464,nan,1.156552
300,0.436544,0.433256,1.869956,0.202474,-3.765519,1.309367
301,0.336440,0.343030,nan,0.202474,nan,1.062393
302,0.250847,0.244351,2.814676,0.202483,-5.634528,0.891329
303,0.442908,0.440465,nan,0.202483,nan,1.271727
304,0.313916,0.318860,2.355535,0.202493,-5.450490,1.012172
305,0.454128,0.438920,nan,0.202493,nan,1.329332
306,0.364959,0.376548,2.266877,0.202503,-6.316714,1.141384
307,0.440413,0.439340,nan,0.202503,nan,1.302105
308,0.455153,0.463243,1.726434,0.202514,-6.166464,1.312906
309,0.251993,0.248066,nan,0.202514,nan,0.872104
310,0.302146,0.298404,2.245782,0.202524,-5.134241,0.969562
311,0.557121,0.555243,nan,0.202524,nan,1.540748
312,0.447066,0.442084,2.389440,0.202535,-6.050227,1.282954
313,0.341765,0.347968,nan,0.202535,nan,1.099183
314,0.453958,0.471449,1.406582,0.202544,-4.259094,1.326134
315,0.586290,0.598978,nan,0.202544,nan,1.624423
316,0.417368,0.426794,1.098242,0.202552,-4.450747,1.254130
317,0.575261,0.588575,nan,0.202552,nan,1.584221
318,0.524430,0.525864,1.636221,0.202560,-5.202825,1.473033
319,0.536994,0.551172,nan,0.202560,nan,1.458269
320,0.288375,0.290358,2.035718,0.202569,-5.716359,0.936472
321,0.382246,0.389420,nan,0.202569,nan,1.158404
322,0.350306,0.370395,2.444975,0.202579,-7.049681,1.117901
323,0.548750,0.556495,nan,0.202579,nan,1.462997
324,0.435484,0.437596,0.644914,0.202587,-4.241826,1.299893
325,0.704390,0.715661,nan,0.202587,nan,1.849133
326,0.588246,0.579808,0.996135,0.202595,-4.963320,1.622710
327,0.530646,0.530009,nan,0.202595,nan,1.487237
328,0.525233,0.539374,1.641289,0.202605,-7.624087,1.459492
329,0.398309,0.396605,nan,0.202605,nan,1.195075
330,0.322491,0.336607,2.426696,0.202615,-5.604690,1.055062
331,0.307791,0.307222,nan,0.202615,nan,1.006533
332,0.426578,0.429021,2.196340,0.202624,-4.470732,1.287301
333,0.639420,0.647745,nan,0.202624,nan,1.705457
334,0.481129,0.495802,2.581334,0.202635,-7.413424,1.394064
335,0.332502,0.330942,nan,0.202635,nan,1.050512
336,0.576886,0.569357,1.275503,0.202644,-4.242973,1.574871
337,0.450759,0.449678,nan,0.202644,nan,1.310129
338,0.578877,0.596390,1.816270,0.202653,-4.608204,1.586889
339,0.554444,0.546507,nan,0.202653,nan,1.548903
340,0.650245,0.646131,1.423407,0.202662,-6.136095,1.765171
341,0.492438,0.501161,nan,0.202662,nan,1.388441
342,0.526079,0.586441,1.854284,0.202670,-4.622405,1.491137
343,0.455698,0.478559,nan,0.202670,nan,1.335227
344,0.581482,0.605216,2.259110,0.202679,-5.825790,1.590241
345,0.516640,0.534873,nan,0.202679,nan,1.455196
346,0.353528,0.377311,1.993297,0.202689,-6.319140,1.113991
347,0.500085,0.455146,nan,0.202689,nan,1.446701
348,0.549583,0.508580,1.061243,0.202698,-5.502891,1.532086
349,0.685701,0.708969,nan,0.202698,nan,1.837453
350,0.525750,0.538732,1.336176,0.202707,-4.612663,1.480254
351,0.459988,0.489166,nan,0.202707,nan,1.327218
352,0.382723,0.403345,1.046728,0.202715,-5.411180,1.150011
353,0.543278,0.541668,nan,0.202715,nan,1.537899
354,0.428128,0.436744,1.554052,0.202723,-4.483953,1.254463
355,0.406335,0.415467,nan,0.202723,nan,1.230337
356,0.714673,0.691315,0.302867,0.202731,-5.566659,1.884106
357,0.641843,0.670983,nan,0.202731,nan,1.727108
358,0.672237,0.703520,0.453078,0.202738,-4.336354,1.775974
359,0.901786,0.910005,nan,0.202738,nan,2.249092
360,0.765231,0.775998,0.263021,0.202744,-4.484118,1.963658
361,0.526144,0.498885,nan,0.202744,nan,1.475636
362,0.550409,0.529763,1.937230,0.202750,-4.607924,1.487175
363,0.412600,0.415549,nan,0.202750,nan,1.217463
364,0.528423,0.516630,2.140263,0.202758,-7.466221,1.474404
365,0.433620,0.430761,nan,0.202758,nan,1.277268
366,0.430828,0.434529,2.280024,0.202766,-4.780795,1.296679
367,0.428958,0.384682,nan,0.202766,nan,1.252879
368,0.521702,0.494945,1.052665,0.202771,-3.338611,1.467518
369,0.527403,0.502112,nan,0.202771,nan,1.510742
370,0.510384,0.490363,2.213545,0.202779,-7.696436,1.457243
371,0.341631,0.332797,nan,0.202779,nan,1.101846
372,0.392493,0.388597,2.083400,0.202788,-6.812856,1.201536
373,0.523687,0.530263,nan,0.202788,nan,1.427256
374,0.656450,0.636334,0.578753,0.202796,-4.100882,1.751298
375,0.551502,0.542305,nan,0.202796,nan,1.522932
376,0.497930,0.520936,1.654527,0.202806,-7.371505,1.430686
377,0.600205,0.613720,nan,0.202806,nan,1.652018
378,0.421096,0.399398,2.607498,0.202818,-7.926880,1.270386
379,0.660831,0.648358,nan,0.202818,nan,1.715715
380,0.482963,0.465820,1.401162,0.202829,-5.477776,1.389359
381,0.644220,0.622631,nan,0.202829,nan,1.731213
382,0.440659,0.431616,2.100915,0.202842,-7.451931,1.285926
383,0.299819,0.295250,nan,0.202842,nan,1.002077
384,0.581808,0.594444,0.774673,0.202856,-6.657523,1.611072
385,0.443140,0.442014,nan,0.202856,nan,1.284948
386,0.632868,0.620112,1.652393,0.202868,-4.556863,1.707272
387,0.567129,0.560279,nan,0.202868,nan,1.569731
388,0.385079,0.390275,1.773815,0.202881,-6.119036,1.200140
389,0.426749,0.412820,nan,0.202881,nan,1.270494
390,0.546867,0.549247,1.886536,0.202894,-6.425451,1.523883
391,0.439960,0.436169,nan,0.202894,nan,1.319317
392,0.443708,0.461472,1.152116,0.202907,-5.716475,1.286740
393,0.514105,0.511958,nan,0.202907,nan,1.446862
394,0.646368,0.574820,1.132040,0.202918,-4.338896,1.727943
395,0.595408,0.632457,nan,0.202918,nan,1.650479
396,0.639198,0.682498,1.253756,0.202929,-4.266817,1.721314
397,0.361136,0.432013,nan,0.202929,nan,1.133767
398,0.406515,0.404421,1.577290,0.202938,-4.580306,1.218869
399,0.455290,0.440957,nan,0.202938,nan,1.330985
400,0.563686,0.512686,1.588786,0.202947,-5.784987,1.588559
401,0.437506,0.395561,nan,0.202947,nan,1.312941
402,0.422464,0.412081,1.819759,0.202957,-5.342545,1.262394
403,0.442674,0.472114,nan,0.202957,nan,1.341657
404,0.406877,0.413978,1.347533,0.202964,-3.525459,1.221644
405,0.504715,0.497227,nan,0.202964,nan,1.418862
406,0.413018,0.416157,2.120057,0.202972,-4.969279,1.251111
407,0.507021,0.499576,nan,0.202972,nan,1.409666
408,0.354793,0.341082,1.925105,0.202979,-5.597749,1.101156
409,0.505020,0.471046,nan,0.202979,nan,1.423688
410,0.470422,0.467680,1.613090,0.202988,-6.763704,1.343043
411,0.421191,0.427281,nan,0.202988,nan,1.260591
412,0.364521,0.365846,1.030690,0.202997,-4.984929,1.131473
413,0.524975,0.519979,nan,0.202997,nan,1.475540
414,0.329848,0.314319,1.590470,0.203006,-6.634533,1.090177
415,0.490942,0.490730,nan,0.203006,nan,1.413593
416,0.602607,0.592875,1.272681,0.203017,-6.691267,1.662109
417,0.460387,0.456601,nan,0.203017,nan,1.368164
418,0.429811,0.430287,1.892376,0.203028,-5.561862,1.249698
419,0.564991,0.553094,nan,0.203028,nan,1.573979
420,0.479681,0.484630,1.280499,0.203040,-7.233313,1.376053
421,0.486326,0.463020,nan,0.203040,nan,1.395661
422,0.446956,0.414334,1.887648,0.203053,-7.084909,1.334885
423,0.309393,0.306479,nan,0.203053,nan,0.975970
424,0.349023,0.345716,1.437266,0.203066,-5.674977,1.072143
425,0.449559,0.419858,nan,0.203066,nan,1.338673
426,0.416577,0.370933,0.837046,0.203078,-5.011797,1.225194
427,0.382593,0.364859,nan,0.203078,nan,1.167457
428,0.587091,0.566648,0.901986,0.203090,-5.344074,1.628147
429,0.434966,0.431940,nan,0.203090,nan,1.282907
430,0.426267,0.427500,1.718176,0.203102,-6.560465,1.241347
431,0.387115,0.395935,nan,0.203102,nan,1.179458
432,0.392395,0.360467,0.903350,0.203115,-6.114655,1.176164
433,0.469745,0.435432,nan,0.203115,nan,1.355178
434,0.276717,0.254347,0.511895,0.203126,-3.804738,0.914235
435,0.400045,0.439963,nan,0.203126,nan,1.202888
436,0.371519,0.354748,1.788822,0.203136,-4.191881,1.168104
437,0.528330,0.529952,nan,0.203136,nan,1.454588
438,0.396265,0.430365,0.686012,0.203145,-4.784140,1.211815
439,0.321728,0.314299,nan,0.203145,nan,1.020526
440,0.449623,0.431079,0.797197,0.203156,-7.401655,1.308653
441,0.797797,0.782756,nan,0.203156,nan,2.069592
442,0.651136,0.673130,1.100070,0.203166,-5.443474,1.750942
443,0.445443,0.540946,nan,0.203166,nan,1.303703
444,0.367938,0.414262,1.985483,0.203178,-7.039418,1.125826
445,0.536841,0.538083,nan,0.203178,nan,1.519149
446,0.472191,0.471650,2.365107,0.203189,-4.442080,1.379693
447,0.500025,0.494819,nan,0.203189,nan,1.433280
448,0.488052,0.514337,0.616889,0.203199,-5.210374,1.399422
449,0.460118,0.466592,nan,0.203199,nan,1.349698
450,0.655213,0.710034,-0.239403,0.203209,-4.719536,1.759416
451,0.919500,1.058209,nan,0.203209,nan,2.280262
452,0.684146,0.760197,-0.146176,0.203217,-4.435888,1.822485
453,0.435427,0.430315,nan,0.203217,nan,1.269380
454,0.579304,0.570808,0.844260,0.203225,-4.686116,1.573765
455,0.437613,0.454903,nan,0.203225,nan,1.314296
456,0.359364,0.396911,1.107762,0.203231,-3.721768,1.099868
457,0.310427,0.334790,nan,0.203231,nan,1.010471
458,0.323268,0.341357,1.479658,0.203240,-7.350358,1.052713
459,0.433953,0.417439,nan,0.203240,nan,1.293399
460,0.507848,0.528803,1.058840,0.203249,-5.632414,1.420011
461,0.472338,0.466320,nan,0.203249,nan,1.358593
462,0.530158,0.526446,1.719450,0.203259,-7.042124,1.486341
463,0.520425,0.495338,nan,0.203259,nan,1.498376
464,0.651252,0.670222,0.726175,0.203268,-4.200437,1.745753
465,0.363418,0.357225,nan,0.203268,nan,1.153121
466,0.535134,0.549767,1.235687,0.203278,-6.562049,1.511207
467,0.676310,0.700872,nan,0.203278,nan,1.755586
468,0.672965,0.674026,-0.290208,0.203287,-5.126864,1.780018
469,0.549979,0.548208,nan,0.203287,nan,1.511813
470,0.531974,0.495890,1.474229,0.203297,-5.985534,1.491545
471,0.566310,0.565513,nan,0.203297,nan,1.552115
472,0.469800,0.495929,2.260025,0.203308,-5.783578,1.357238
473,0.272260,0.247956,nan,0.203308,nan,0.936289
474,0.641932,0.641915,0.603782,0.203318,-6.247987,1.694584
475,0.577613,0.578578,nan,0.203318,nan,1.591823
476,0.581749,0.586606,0.836050,0.203329,-5.286195,1.576188
477,0.488476,0.489753,nan,0.203329,nan,1.398579
478,0.609180,0.606337,0.494958,0.203339,-5.093252,1.675500
479,0.512695,0.504802,nan,0.203339,nan,1.465017
480,0.420244,0.435234,1.646522,0.203349,-5.010625,1.259771
481,0.435557,0.422631,nan,0.203349,nan,1.277397
482,0.689230,0.644211,1.015010,0.203359,-6.044383,1.825993
483,0.491468,0.474351,nan,0.203359,nan,1.402345
484,0.588681,0.609731,-0.392961,0.203369,-5.581328,1.616360
485,0.514170,0.552456,nan,0.203369,nan,1.468194
486,0.389790,0.411888,1.089590,0.203378,-4.174654,1.194408
487,0.551434,0.541379,nan,0.203378,nan,1.533986
488,0.512401,0.474848,1.334654,0.203389,-7.188123,1.491075
489,0.528154,0.560393,nan,0.203389,nan,1.461641
490,0.248196,0.265245,0.756513,0.203399,-5.087893,0.879039
491,0.415842,0.402448,nan,0.203399,nan,1.245458
492,0.725830,0.735194,0.082014,0.203409,-5.810013,1.892350
493,0.414432,0.406698,nan,0.203409,nan,1.244006
494,0.330884,0.331134,0.309780,0.203417,-2.909595,1.044325
495,0.371023,0.366037,nan,0.203417,nan,1.143921
496,0.517897,0.568274,0.266780,0.203426,-6.180596,1.446782
497,0.542713,0.476837,nan,0.203426,nan,1.512196
498,0.398954,0.386512,1.420846,0.203436,-6.444366,1.197652
499,0.693283,0.655002,nan,0.203436,nan,1.811354
500,0.549213,0.528694,1.152242,0.203445,-4.535126,1.541763
501,0.667895,0.617831,nan,0.203445,nan,1.764856
502,0.417212,0.393810,1.243099,0.203454,-5.456378,1.233096
503,0.841878,0.824444,nan,0.203454,nan,2.124095
504,0.459330,0.471752,-0.209084,0.203462,-4.597921,1.310841
505,0.774640,0.729597,nan,0.203462,nan,1.956298
506,0.651338,0.611074,-0.196427,0.203469,-4.526247,1.711829
507,0.583374,0.613507,nan,0.203469,nan,1.576538
508,0.685381,0.683984,0.066252,0.203476,-4.229456,1.804296
509,0.907405,0.949377,nan,0.203476,nan,2.275435
510,0.388306,0.413219,1.586753,0.203483,-5.889927,1.171721
511,0.547565,0.541706,nan,0.203483,nan,1.492997
512,0.480405,0.493984,0.164814,0.203491,-6.827777,1.357851
513,0.500874,0.487895,nan,0.203491,nan,1.410455
514,0.580103,0.575355,0.760920,0.203501,-5.888975,1.597429
515,0.515070,0.527741,nan,0.203501,nan,1.464055
516,0.413749,0.428002,0.871951,0.203510,-5.199644,1.230848
517,0.763360,0.739262,nan,0.203510,nan,1.969299
518,0.607833,0.613923,-0.294042,0.203518,-4.417820,1.625451
519,0.606680,0.599259,nan,0.203518,nan,1.666984
520,0.929239,0.878472,0.149942,0.203525,-4.705482,2.312838
521,0.453450,0.458041,nan,0.203525,nan,1.339443
522,0.540258,0.544683,0.988587,0.203532,-4.226243,1.476824
523,0.608747,0.610316,nan,0.203532,nan,1.642004
524,0.519314,0.532341,1.144028,0.203539,-5.350604,1.451999
525,0.480398,0.499905,nan,0.203539,nan,1.404460
526,0.504694,0.468759,0.931956,0.203544,-3.408088,1.441937
527,0.752124,0.764969,nan,0.203544,nan,1.950708
528,0.482575,0.526787,-0.227152,0.203547,-3.215521,1.359290
529,0.514462,0.505022,nan,0.203547,nan,1.471859
530,0.541043,0.542626,1.061767,0.203551,-6.098509,1.508387
531,0.733851,0.670969,nan,0.203551,nan,1.896111
532,0.674943,0.705452,0.143791,0.203554,-3.452904,1.776693
533,0.776098,0.758693,nan,0.203554,nan,2.025029
534,0.532261,0.507872,0.751750,0.203558,-5.815884,1.516605
535,0.528751,0.512031,nan,0.203558,nan,1.485205
536,0.571644,0.578444,0.424261,0.203560,-2.251716,1.558838
537,0.477834,0.507446,nan,0.203560,nan,1.355697
538,0.478629,0.472687,0.878299,0.203560,-3.572885,1.358323
539,0.543437,0.527678,nan,0.203560,nan,1.529297
540,0.657089,0.644837,0.394662,0.203558,-2.717513,1.776005
541,0.938614,0.871292,nan,0.203558,nan,2.346202
542,0.444804,0.453887,1.240507,0.203556,-3.666286,1.282434
543,0.446887,0.424800,nan,0.203556,nan,1.297776
544,0.589286,0.567198,0.135090,0.203555,-5.096418,1.600836
545,0.565552,0.530520,nan,0.203555,nan,1.549741
546,0.659680,0.626032,0.206754,0.203553,-3.616718,1.744945
547,0.683468,0.676271,nan,0.203553,nan,1.825549
548,0.660698,0.693725,0.947480,0.203554,-7.141142,1.749763
549,0.486682,0.464019,nan,0.203554,nan,1.367801
550,0.658004,0.641990,-0.002183,0.203554,-4.090501,1.707779
551,0.658274,0.632132,nan,0.203554,nan,1.747397
552,0.620113,0.622651,0.297263,0.203556,-6.430121,1.641595
553,0.750508,0.725629,nan,0.203556,nan,1.895400
554,0.504178,0.495388,-0.138594,0.203559,-5.641936,1.445188
555,0.525818,0.472133,nan,0.203559,nan,1.458398
556,0.834882,0.833234,0.053510,0.203561,-3.327188,2.109105
557,0.864363,0.864901,nan,0.203561,nan,2.186511
558,0.858790,0.879802,-0.129688,0.203564,-6.401717,2.152973
559,0.791906,0.762076,nan,0.203564,nan,2.032833
560,0.596568,0.543408,0.032768,0.203568,-5.250217,1.650736
561,0.701526,0.707489,nan,0.203568,nan,1.832061
562,0.617772,0.636162,1.941537,0.203573,-5.693026,1.636387
563,0.802812,0.759975,nan,0.203573,nan,2.057590
564,0.452806,0.437706,0.122461,0.203579,-6.989378,1.306137
565,0.879537,0.807921,nan,0.203579,nan,2.218177
566,0.679154,0.692258,0.189745,0.203586,-4.753605,1.776876
567,0.858074,0.863822,nan,0.203586,nan,2.162085
568,0.815392,0.749609,-1.046751,0.203590,-2.734826,2.080466
569,0.623497,0.623509,nan,0.203590,nan,1.675489
570,0.608611,0.632370,2.090211,0.203595,-6.616635,1.615295
571,0.591180,0.523418,nan,0.203595,nan,1.595432
572,0.622750,0.615751,0.596568,0.203601,-5.494040,1.668765
573,0.418120,0.376362,nan,0.203601,nan,1.235966
574,0.450055,0.469585,1.021952,0.203607,-5.084713,1.307053
575,0.624850,0.605239,nan,0.203607,nan,1.672628
576,0.500345,0.527244,0.935705,0.203614,-5.360291,1.420132
577,0.477061,0.433534,nan,0.203614,nan,1.350750
578,0.421344,0.414351,0.147819,0.203620,-4.878406,1.242438
579,0.276613,0.301713,nan,0.203620,nan,0.941608
580,0.783802,0.742587,1.140256,0.203625,-3.764091,2.018949
581,0.614708,0.566449,nan,0.203625,nan,1.636775
582,0.689376,0.626535,-0.480470,0.203628,-3.689852,1.822365
583,0.840445,0.803219,nan,0.203628,nan,2.112720
584,0.694944,0.683940,-0.357677,0.203632,-4.992049,1.828215
585,0.693001,0.695590,nan,0.203632,nan,1.798229
586,0.749017,0.702410,-0.042241,0.203635,-4.058927,1.932611
587,0.637458,0.616752,nan,0.203635,nan,1.696384
588,0.607708,0.596400,0.309279,0.203638,-4.947857,1.617501
589,0.531008,0.517007,nan,0.203638,nan,1.499865
590,0.636267,0.576740,-0.688087,0.203637,-1.215709,1.699997
591,0.558957,0.526173,nan,0.203637,nan,1.550430
592,0.644136,0.634326,0.598589,0.203636,-4.312032,1.702039
593,0.395827,0.306024,nan,0.203636,nan,1.182601
594,0.638554,0.622402,0.888526,0.203636,-4.535523,1.701307
595,0.731649,0.718509,nan,0.203636,nan,1.889369
596,0.485008,0.479534,0.442141,0.203637,-5.939551,1.366139
597,0.709421,0.713429,nan,0.203637,nan,1.836096
598,0.876188,0.850477,-0.673259,0.203637,-3.753256,2.157116
599,0.655388,0.570588,nan,0.203637,nan,1.756556
600,0.574988,0.496759,0.519333,0.203637,-4.627604,1.600542
601,0.681347,0.621620,nan,0.203637,nan,1.788823
602,0.555797,0.500216,1.160589,0.203637,-4.912226,1.549007
603,0.415295,0.402943,nan,0.203637,nan,1.211870
604,0.838785,0.849372,0.505047,0.203638,-4.885195,2.104599
605,0.907270,0.817373,nan,0.203638,nan,2.276210
606,0.930765,0.952368,-0.609242,0.203638,-3.516505,2.293031
607,0.558773,0.542278,nan,0.203638,nan,1.533673
608,0.499191,0.462416,0.940643,0.203639,-5.310867,1.403253
609,0.609003,0.629122,nan,0.203639,nan,1.621874
610,0.707631,0.655408,0.501305,0.203639,-4.317050,1.852542
611,0.866780,0.837854,nan,0.203639,nan,2.128850
612,0.630113,0.593307,0.371424,0.203639,-3.677077,1.692131
613,0.585426,0.631326,nan,0.203639,nan,1.590049
614,0.525778,0.527288,0.811435,0.203637,-3.212539,1.463388
615,0.450611,0.429835,nan,0.203637,nan,1.312736
616,0.371489,0.386403,0.313396,0.203636,-4.612063,1.139130
617,0.597680,0.449966,nan,0.203636,nan,1.646123
618,0.899518,0.792402,-0.284322,0.203635,-4.671124,2.248572
619,0.764657,0.708516,nan,0.203635,nan,1.980556
620,0.665961,0.697655,0.593542,0.203633,-3.939619,1.753292
621,0.668875,0.626454,nan,0.203633,nan,1.763283
622,0.634953,0.632732,0.550220,0.203632,-4.259956,1.681141
623,0.453726,0.501370,nan,0.203632,nan,1.289214
624,0.701855,0.680062,0.851359,0.203630,-4.340316,1.812231
625,0.577091,0.597769,nan,0.203630,nan,1.548945
626,0.667423,0.607217,-0.557100,0.203629,-4.903211,1.750172
627,0.600610,0.530216,nan,0.203629,nan,1.635784
628,0.520016,0.432754,1.183525,0.203630,-6.304180,1.437719
629,0.644970,0.621142,nan,0.203630,nan,1.715746
630,0.725907,0.620249,0.364996,0.203629,-2.866062,1.882237
631,0.599351,0.516169,nan,0.203629,nan,1.626025
632,0.744189,0.714581,-0.328085,0.203628,-4.119057,1.924249
633,0.794929,0.661093,nan,0.203628,nan,2.031222
634,0.618750,0.554368,-1.041028,0.203627,-4.457498,1.652045
635,0.638606,0.657640,nan,0.203627,nan,1.723463
636,0.562847,0.624047,1.504446,0.203628,-6.570504,1.541983
637,0.739284,0.697983,nan,0.203628,nan,1.905797
638,0.657313,0.669489,0.364790,0.203628,-3.255478,1.747729
639,0.542311,0.477706,nan,0.203628,nan,1.453666
640,0.528180,0.516456,-0.739116,0.203626,-2.960793,1.484945
641,0.626615,0.572411,nan,0.203626,nan,1.685870
642,0.614047,0.575263,0.087760,0.203623,-3.251189,1.631110
643,0.521980,0.538218,nan,0.203623,nan,1.407521
644,0.409673,0.388629,0.728126,0.203619,-3.478836,1.216683
645,0.410764,0.475568,nan,0.203619,nan,1.199002
646,0.450366,0.421271,-0.389360,0.203615,-3.173550,1.314195
647,0.455922,0.446423,nan,0.203615,nan,1.308431
648,0.584807,0.512783,0.485011,0.203611,-4.960073,1.580098
649,0.461864,0.481740,nan,0.203611,nan,1.355990
650,1.023958,0.933186,-0.224430,0.203607,-3.791808,2.483672
651,0.599418,0.522663,nan,0.203607,nan,1.617739
652,0.529048,0.464288,0.770219,0.203601,-2.604081,1.455237
653,0.724109,0.657839,nan,0.203601,nan,1.886598
654,0.601226,0.572932,-0.201126,0.203595,-3.505905,1.631862
655,0.638676,0.546650,nan,0.203595,nan,1.688812
656,0.835001,0.693215,0.082171,0.203587,-2.485253,2.089361
657,0.594271,0.557946,nan,0.203587,nan,1.575615
658,0.555666,0.490805,0.676826,0.203580,-5.221630,1.511230
659,0.940427,0.891562,nan,0.203580,nan,2.311963
660,0.536467,0.481995,1.552359,0.203574,-3.352314,1.479904
661,0.817822,0.752701,nan,0.203574,nan,2.044137
662,0.479126,0.430943,1.087672,0.203568,-4.914353,1.345844
663,0.737466,0.759964,nan,0.203568,nan,1.913654
664,0.660468,0.673167,-0.776050,0.203561,-2.875188,1.738233
665,0.567930,0.572662,nan,0.203561,nan,1.535177
666,0.524062,0.462356,1.323849,0.203556,-6.107374,1.457058
667,0.522628,0.529098,nan,0.203556,nan,1.428430
668,0.648727,0.641514,0.735581,0.203550,-2.660682,1.715698
669,0.526353,0.530405,nan,0.203550,nan,1.456257
670,0.677692,0.679733,0.918492,0.203544,-3.755851,1.783511
671,0.809583,0.789209,nan,0.203544,nan,2.021812
672,0.694758,0.668468,0.660523,0.203539,-5.072015,1.784051
673,0.441016,0.452823,nan,0.203539,nan,1.269723
674,0.930992,0.916146,-0.491651,0.203535,-4.556200,2.308342
675,0.739755,0.702419,nan,0.203535,nan,1.907056
676,0.592552,0.636277,0.798615,0.203532,-5.475643,1.615007
677,0.751244,0.718467,nan,0.203532,nan,1.925897
678,0.395348,0.386311,1.603023,0.203531,-6.484094,1.178587
679,0.405921,0.375369,nan,0.203531,nan,1.213013
680,0.538332,0.506848,0.266294,0.203532,-5.924280,1.491401
681,0.628723,0.580461,nan,0.203532,nan,1.659983
682,0.590570,0.539269,0.251262,0.203535,-5.492631,1.600059
683,0.757271,0.717633,nan,0.203535,nan,1.931880
684,0.536712,0.534519,0.137014,0.203536,-3.778517,1.479943
685,0.574968,0.542693,nan,0.203536,nan,1.570784
686,0.625184,0.587623,1.476384,0.203537,-4.759988,1.657964
687,0.771839,0.751959,nan,0.203537,nan,1.920954
688,0.645169,0.655360,0.935255,0.203537,-3.171877,1.693128
689,0.951051,0.879083,nan,0.203537,nan,2.341324
690,0.787828,0.727996,-0.091399,0.203536,-4.275147,2.001883
691,0.810163,0.797558,nan,0.203536,nan,2.065083
692,0.821260,0.789079,0.588849,0.203536,-4.760439,2.074723
693,0.800631,0.765737,nan,0.203536,nan,2.024366
694,0.664932,0.620348,1.933785,0.203536,-4.693961,1.730763
695,0.728358,0.707539,nan,0.203536,nan,1.897141
696,0.843000,0.793491,1.023019,0.203537,-5.470922,2.104047
697,0.695866,0.728702,nan,0.203537,nan,1.802498
698,0.736773,0.687471,0.427278,0.203538,-4.165179,1.922743
699,0.883026,0.871882,nan,0.203538,nan,2.223550
700,0.553472,0.578864,-0.036055,0.203537,-3.032845,1.488540
701,1.015074,0.976134,nan,0.203537,nan,2.470198
702,0.772760,0.783018,0.632830,0.203535,-3.824684,1.963512
703,0.678907,0.661690,nan,0.203535,nan,1.774979
704,0.565166,0.595849,0.943930,0.203534,-5.269427,1.546731
705,0.548510,0.628785,nan,0.203534,nan,1.504846
706,0.959747,0.963034,-0.301391,0.203533,-4.074838,2.371876
707,0.636819,0.629082,nan,0.203533,nan,1.696930
708,0.792196,0.722681,1.452697,0.203533,-5.156103,1.994755
709,0.614847,0.564803,nan,0.203533,nan,1.626756
710,0.764131,0.774959,0.923407,0.203529,-1.385181,1.948060
711,0.724529,0.827172,nan,0.203529,nan,1.881000
712,0.620557,0.594396,0.753083,0.203525,-3.584845,1.653679
713,0.637325,0.617306,nan,0.203525,nan,1.694351
714,0.522960,0.451581,1.119586,0.203520,-3.535827,1.481297
715,0.922860,0.919732,nan,0.203520,nan,2.283020
716,0.741631,0.685565,1.376388,0.203517,-5.534136,1.908336
717,0.786332,0.844341,nan,0.203517,nan,2.015799
718,0.973616,0.928689,-0.185985,0.203514,-4.595140,2.390545
719,0.798948,0.789019,nan,0.203514,nan,2.043808
720,0.690961,0.682442,0.742826,0.203512,-4.751848,1.822827
721,0.880449,0.835732,nan,0.203512,nan,2.186867
722,0.926972,0.824350,0.132911,0.203507,-2.207529,2.302519
723,0.526709,0.530181,nan,0.203507,nan,1.470307
724,1.471597,1.402874,0.232435,0.203501,-2.948230,3.365822
725,0.888939,0.791471,nan,0.203501,nan,2.198767
726,1.182656,1.087897,0.526375,0.203496,-4.721608,2.796530
727,0.911910,0.940138,nan,0.203496,nan,2.287916
728,0.582092,0.590249,-0.468373,0.203490,-2.475974,1.611157
729,0.789834,0.759803,nan,0.203490,nan,1.982574
730,0.620051,0.565444,0.547169,0.203481,-2.406858,1.678203
731,0.818096,0.809494,nan,0.203481,nan,2.039958
732,0.745976,0.732455,0.949216,0.203474,-4.965201,1.921454
733,1.017168,0.959940,nan,0.203474,nan,2.467376
734,0.814072,0.780055,0.986877,0.203467,-4.032937,2.054056
735,0.871898,0.880373,nan,0.203467,nan,2.156223
736,1.048681,0.992365,1.986430,0.203460,-3.211301,2.553360
737,0.622945,0.590484,nan,0.203460,nan,1.691732
738,0.970807,0.863512,1.268531,0.203452,-4.296456,2.373869
739,0.752428,0.669692,nan,0.203452,nan,1.918937
740,0.843509,0.758312,0.944197,0.203446,-4.112472,2.109520
741,0.757435,0.710472,nan,0.203446,nan,1.967372
742,0.871843,0.948545,1.066219,0.203439,-4.149946,2.165844
743,0.684196,0.642491,nan,0.203439,nan,1.813315
744,0.811469,0.827286,0.810982,0.203434,-5.136414,2.067391
745,0.765881,0.717728,nan,0.203434,nan,1.960842
746,0.665242,0.612075,1.606385,0.203430,-5.202251,1.734064
747,0.705163,0.692088,nan,0.203430,nan,1.838884
748,0.551309,0.507964,1.656372,0.203427,-4.535335,1.510011
749,1.231740,1.174913,nan,0.203427,nan,2.892293
750,1.010350,0.989729,1.059206,0.203424,-4.397523,2.461660
751,0.832561,0.827992,nan,0.203424,nan,2.075322
752,0.438875,0.404724,1.129195,0.203420,-3.857290,1.306403
753,0.721821,0.755975,nan,0.203420,nan,1.898531
754,0.628587,0.590096,1.462565,0.203414,-2.105244,1.692017
755,0.654270,0.625736,nan,0.203414,nan,1.747552
756,0.648073,0.668914,2.254600,0.203409,-4.730912,1.752615
757,0.868286,0.841737,nan,0.203409,nan,2.169699
758,0.751536,0.741393,1.940863,0.203403,-3.087768,1.933361
759,0.681073,0.655230,nan,0.203403,nan,1.802174
760,0.708526,0.708563,2.433061,0.203399,-6.198569,1.833408
761,0.496848,0.478541,nan,0.203399,nan,1.403907
762,0.613298,0.500411,0.552019,0.203394,-3.068225,1.659476
763,0.733390,0.638116,nan,0.203394,nan,1.890740
764,0.795045,0.692911,1.578116,0.203388,-3.298452,2.048261
765,0.788129,0.700775,nan,0.203388,nan,2.005141
766,1.292145,1.175058,0.604612,0.203383,-4.590600,3.058291
767,0.873128,0.815869,nan,0.203383,nan,2.156466
768,0.731844,0.720549,1.423732,0.203378,-3.982563,1.916213
769,0.954306,0.955821,nan,0.203378,nan,2.333192
770,0.572376,0.537703,1.351267,0.203374,-4.709285,1.572624
771,0.716979,0.893965,nan,0.203374,nan,1.885931
772,0.670572,0.707918,1.144769,0.203372,-6.240614,1.769571
773,0.506671,0.406940,nan,0.203372,nan,1.451470
774,1.101446,1.058250,2.587881,0.203369,-3.970178,2.663129
775,0.752397,0.723922,nan,0.203369,nan,1.945120
776,0.668972,0.780022,1.380258,0.203367,-4.406604,1.788540
777,0.703663,0.726343,nan,0.203367,nan,1.856681
778,0.739960,0.716339,0.900583,0.203365,-4.303222,1.925317
779,0.951506,0.892187,nan,0.203365,nan,2.380560
780,1.439154,1.300908,0.093086,0.203360,-2.686510,3.350155
781,1.218391,1.208815,nan,0.203360,nan,2.905581
782,0.718286,0.760981,1.109923,0.203356,-3.640166,1.877809
783,0.662310,0.688441,nan,0.203356,nan,1.761961
784,0.788662,0.632125,2.633409,0.203352,-5.090652,1.991222
785,0.699772,0.643476,nan,0.203352,nan,1.835860
786,0.608754,0.620388,1.612904,0.203345,-1.423889,1.629835
787,0.638888,0.639696,nan,0.203345,nan,1.722288
788,0.971397,0.930366,1.689141,0.203340,-5.066398,2.411758
789,0.822043,0.740029,nan,0.203340,nan,2.102157
790,0.773561,0.707863,1.201777,0.203336,-4.927503,1.982031
791,0.756446,0.720200,nan,0.203336,nan,1.945465
792,0.832323,0.749595,1.259376,0.203331,-3.389973,2.125511
793,0.598436,0.579237,nan,0.203331,nan,1.618096
794,0.740375,0.653122,0.854254,0.203325,-3.956380,1.911816
795,0.693492,0.626474,nan,0.203325,nan,1.834836
796,0.640719,0.599867,2.611106,0.203319,-3.493894,1.701143
797,0.642366,0.584146,nan,0.203319,nan,1.756744
798,0.569708,0.595558,1.084400,0.203311,-1.562242,1.591753
799,0.729498,0.968798,nan,0.203311,nan,1.889541
800,1.115666,1.333516,-0.546160,0.203301,-2.680833,2.703760
801,1.330105,1.363062,nan,0.203301,nan,3.126285
802,0.833821,0.780028,0.948224,0.203292,-4.553955,2.116313
803,0.796169,0.753572,nan,0.203292,nan,2.020980
804,0.734033,0.753764,2.383699,0.203283,-3.729874,1.912188
805,0.712761,0.717887,nan,0.203283,nan,1.874113
806,1.400896,1.294061,1.112602,0.203272,-1.972952,3.267773
807,0.800333,0.701749,nan,0.203272,nan,2.036042
808,0.667639,0.657926,0.703744,0.203261,-2.926363,1.760705
809,0.538470,0.509640,nan,0.203261,nan,1.492530
810,0.789853,0.818020,1.733685,0.203248,-2.543786,2.020281
811,1.036765,1.059085,nan,0.203248,nan,2.503949
812,0.846187,0.857826,2.777963,0.203235,-3.307648,2.143136
813,0.742268,0.616833,nan,0.203235,nan,1.946646
814,0.817314,0.870626,2.775054,0.203222,-3.085204,2.050077
815,0.537366,0.540276,nan,0.203222,nan,1.465878
816,0.577730,0.597138,0.959122,0.203208,-2.527425,1.587928
817,1.438733,1.566040,nan,0.203208,nan,3.357824
818,1.014964,1.137844,-0.603911,0.203194,-3.288939,2.509851
819,1.671722,1.612560,nan,0.203194,nan,3.815121
820,1.258126,1.164899,0.397862,0.203180,-2.734657,2.993545
821,0.945815,0.877315,nan,0.203180,nan,2.339921
822,1.079711,1.080270,2.929148,0.203167,-4.405946,2.615482
823,1.117505,0.957693,nan,0.203167,nan,2.693712
824,0.771043,0.573590,2.689488,0.203153,-3.451871,1.998811
825,0.800690,0.854110,nan,0.203153,nan,2.045806
826,0.716451,0.668571,1.294482,0.203138,-1.065666,1.881285
827,1.012481,0.863613,nan,0.203138,nan,2.488949
828,1.079538,1.102463,2.002599,0.203125,-5.431598,2.595531
829,0.877735,0.784738,nan,0.203125,nan,2.157158
830,0.777748,0.824101,2.494104,0.203111,-2.610228,1.989852
831,0.646409,0.620424,nan,0.203111,nan,1.737788
832,0.949761,0.841661,1.273163,0.203097,-3.654912,2.350626
833,0.564539,0.655118,nan,0.203097,nan,1.573232
834,0.769874,0.755008,2.115590,0.203083,-2.639986,1.998571
835,0.839006,0.758103,nan,0.203083,nan,2.150267
836,0.853159,0.801502,2.931517,0.203071,-5.364802,2.160223
837,0.380353,0.306698,nan,0.203071,nan,1.185693
838,0.619676,0.619063,1.560948,0.203059,-2.907433,1.663686
839,1.062914,0.912993,nan,0.203059,nan,2.599137
840,0.936512,0.864987,1.258581,0.203045,-2.170783,2.335307
841,0.811293,0.819462,nan,0.203045,nan,2.072007
842,0.599287,0.603603,2.270373,0.203030,-2.199613,1.647163
843,0.540801,0.516247,nan,0.203030,nan,1.506503
844,0.541954,0.558202,2.218301,0.203018,-5.858454,1.465328
845,0.720690,0.701504,nan,0.203018,nan,1.889353
846,0.761490,0.605162,2.987983,0.203005,-3.019502,1.961951
847,0.733643,0.706740,nan,0.203005,nan,1.911933
848,0.529119,0.400042,4.171208,0.202994,-4.504634,1.475409
849,0.750877,0.601201,nan,0.202994,nan,1.968513
850,0.613213,0.609203,1.093637,0.202981,-1.813079,1.641460
851,0.773089,0.745966,nan,0.202981,nan,1.997993
852,0.978333,0.830024,1.708119,0.202967,-2.640488,2.404911
853,1.144222,1.190722,nan,0.202967,nan,2.760451
854,0.774271,0.758415,2.705235,0.202956,-6.194340,1.959860
855,0.794201,0.779556,nan,0.202956,nan,2.015076
856,0.631070,0.653464,2.409163,0.202945,-3.450419,1.695028
857,0.742511,0.660680,nan,0.202945,nan,1.959080
858,0.944906,0.916773,2.972298,0.202934,-3.048710,2.348303
859,0.581542,0.559823,nan,0.202934,nan,1.602063
860,0.522230,0.447897,4.038799,0.202926,-6.512301,1.442999
861,0.569006,0.576555,nan,0.202926,nan,1.537586
862,0.551914,0.573830,3.123573,0.202917,-3.185700,1.528959
863,0.657086,0.605974,nan,0.202917,nan,1.746659
864,0.755458,0.775689,1.617367,0.202907,-2.155504,1.929542
865,0.436996,0.531433,nan,0.202907,nan,1.267327
866,0.640108,0.679677,2.077165,0.202896,-3.001053,1.730080
867,0.644811,0.605638,nan,0.202896,nan,1.745606
868,0.764573,0.686763,1.654557,0.202883,-1.996395,1.983382
869,0.847211,0.931760,nan,0.202883,nan,2.140684
870,0.605375,0.604727,2.083666,0.202870,-3.442650,1.641569
871,0.543446,0.612479,nan,0.202870,nan,1.526277
872,0.445887,0.487078,2.593431,0.202858,-3.777432,1.315941
873,0.610400,0.533381,nan,0.202858,nan,1.657819
874,0.591980,0.549398,2.672209,0.202846,-3.885918,1.590071
875,0.789032,0.711694,nan,0.202846,nan,2.034935
876,0.665050,0.699639,2.092479,0.202834,-3.872227,1.744733
877,0.751072,0.728804,nan,0.202834,nan,1.946246
878,0.799085,0.816536,2.351122,0.202822,-2.865199,2.038800
879,0.667824,0.601250,nan,0.202822,nan,1.789268
880,0.712097,0.617194,3.750842,0.202811,-4.491630,1.882775
881,0.613481,0.597556,nan,0.202811,nan,1.666220
882,0.790242,0.679665,2.982679,0.202799,-2.236858,2.021679
883,0.587303,0.536354,nan,0.202799,nan,1.595056
884,0.819601,0.773308,2.475713,0.202785,-2.085134,2.088527
885,0.620399,0.549151,nan,0.202785,nan,1.648561
886,0.563123,0.580085,3.973353,0.202771,-3.059550,1.569315
887,0.822944,0.567076,nan,0.202771,nan,2.077774
888,0.609561,0.581032,1.948931,0.202757,-3.683472,1.644893
889,1.049751,0.746723,nan,0.202757,nan,2.577075
890,1.433934,0.954319,2.072149,0.202742,-2.404548,3.363140
891,1.149999,0.861149,nan,0.202742,nan,2.780923
892,0.622690,0.549084,2.030496,0.202728,-3.498951,1.685572
893,0.591219,0.686043,nan,0.202728,nan,1.599594
894,0.680772,0.727931,3.000314,0.202714,-3.883847,1.792609
895,0.962047,0.836134,nan,0.202714,nan,2.398952
896,0.551220,0.550812,4.076896,0.202698,-1.548068,1.495393
897,0.494585,0.335352,nan,0.202698,nan,1.381180
898,0.565821,0.626136,4.283702,0.202684,-4.510392,1.562183
899,0.682256,0.685438,nan,0.202684,nan,1.805924
900,0.806910,0.631991,2.997405,0.202670,-2.975306,2.050713
901,0.870970,0.694366,nan,0.202670,nan,2.179579
902,0.709777,0.810013,3.253155,0.202656,-3.986064,1.883532
903,0.571653,0.582868,nan,0.202656,nan,1.534512
904,0.746817,0.799656,2.387845,0.202642,-2.459255,1.942274
905,0.565422,0.641112,nan,0.202642,nan,1.566705
906,0.782115,0.755112,3.366624,0.202627,-2.866736,1.997938
907,0.596618,0.588816,nan,0.202627,nan,1.632347
908,0.639531,0.630392,4.348271,0.202614,-5.130988,1.724549
909,0.609934,0.652893,nan,0.202614,nan,1.664286
910,0.628760,0.780641,3.005223,0.202600,-2.055122,1.688508
911,0.595859,0.561931,nan,0.202600,nan,1.635074
912,0.769539,0.710598,3.275351,0.202585,-2.479977,1.973119
913,0.583815,0.522574,nan,0.202585,nan,1.593608
914,0.714566,0.613141,3.022396,0.202570,-3.769701,1.852579
915,0.557840,0.604079,nan,0.202570,nan,1.508388
916,0.670629,0.656998,2.285457,0.202557,-4.554752,1.734241
917,0.741341,0.694717,nan,0.202557,nan,1.935563
918,0.729494,0.609720,3.395394,0.202542,-1.719733,1.891239
919,1.052672,0.913448,nan,0.202542,nan,2.552269
920,0.823416,0.855976,3.289606,0.202525,-1.471990,2.100023
921,0.886287,0.760695,nan,0.202525,nan,2.221778
922,0.586249,0.566154,2.630566,0.202508,-2.590797,1.607708
923,0.700744,0.577271,nan,0.202508,nan,1.841627
924,0.739691,0.676278,2.832788,0.202490,-2.595640,1.960433
925,0.771446,0.728745,nan,0.202490,nan,1.970134
926,0.822500,0.797278,1.895097,0.202471,-1.707648,2.105364
927,0.815491,0.667788,nan,0.202471,nan,2.086263
928,0.806611,0.762476,2.697382,0.202452,-2.427034,2.072376
929,0.570435,0.550741,nan,0.202452,nan,1.586820
930,0.850609,0.795377,1.021099,0.202431,-1.972423,2.156607
931,0.540767,0.629198,nan,0.202431,nan,1.513862
932,0.699183,0.597249,1.546223,0.202408,0.070213,1.836679
933,0.740332,0.753634,nan,0.202408,nan,1.880656
934,0.641111,0.605947,2.755204,0.202386,-4.009804,1.700752
935,0.829781,0.795187,nan,0.202386,nan,2.106325
936,0.623428,0.703505,2.986450,0.202363,-1.609266,1.697854
937,0.779489,0.852432,nan,0.202363,nan,2.025926
938,0.848523,0.822951,3.813655,0.202341,-3.212851,2.171906
939,0.693526,0.725068,nan,0.202341,nan,1.832083
940,0.492286,0.457453,3.893467,0.202322,-5.007415,1.416250
941,0.910027,0.989348,nan,0.202322,nan,2.280606
942,0.680504,0.664041,1.974339,0.202303,-2.662917,1.814873
943,0.535002,0.466368,nan,0.202303,nan,1.509608
944,0.834920,0.800745,3.484458,0.202283,-1.989219,2.132356
945,0.673366,0.609422,nan,0.202283,nan,1.777997
946,1.045593,0.887270,1.669214,0.202263,-3.501139,2.537478
947,0.684172,0.645214,nan,0.202263,nan,1.815212
948,0.608206,0.505736,2.447046,0.202245,-3.718219,1.638362
949,0.512886,0.469350,nan,0.202245,nan,1.447197
950,0.592038,0.517237,3.337940,0.202228,-4.467067,1.624058
951,0.748357,0.736356,nan,0.202228,nan,1.925503
952,0.669348,0.649185,3.143996,0.202214,-5.289158,1.780101
953,0.700407,0.587226,nan,0.202214,nan,1.860054
954,0.917436,0.697004,1.397071,0.202199,-2.168555,2.295444
955,0.799289,0.714630,nan,0.202199,nan,2.038005
956,0.513963,0.462352,3.995026,0.202183,-1.842581,1.463974
957,0.550990,0.497924,nan,0.202183,nan,1.532990
958,0.753465,0.741090,4.444837,0.202166,-3.196411,1.967632
959,0.677779,0.797279,nan,0.202166,nan,1.804583
960,0.782379,0.846686,4.064837,0.202148,-2.032280,1.996778
961,0.830975,0.774216,nan,0.202148,nan,2.141012
962,0.936488,0.845360,1.380369,0.202132,-3.967856,2.331319
963,1.105985,1.214825,nan,0.202132,nan,2.686290
964,0.878641,0.892371,1.687269,0.202117,-4.088788,2.228043
965,0.961155,1.023501,nan,0.202117,nan,2.368028
966,0.803112,0.670228,4.065309,0.202103,-4.827313,2.055525
967,0.546884,0.579243,nan,0.202103,nan,1.511807
968,0.556724,0.504623,4.268783,0.202090,-3.477594,1.540497
969,0.452614,0.609597,nan,0.202090,nan,1.312944
970,0.635648,0.652072,2.588802,0.202076,-2.076765,1.725101
971,0.690262,0.601203,nan,0.202076,nan,1.792142
972,0.880329,0.935316,2.577570,0.202060,-1.985591,2.215084
973,0.689283,0.705338,nan,0.202060,nan,1.832064
974,0.545056,0.516662,3.505543,0.202043,-2.989890,1.522206
975,0.742029,0.745762,nan,0.202043,nan,1.867453
976,0.578859,0.534104,2.870818,0.202028,-3.433814,1.561234
977,0.484121,0.477397,nan,0.202028,nan,1.383617
978,0.599876,0.551478,1.952163,0.202012,-3.103117,1.619259
979,0.905497,0.847599,nan,0.202012,nan,2.266405
980,0.675880,0.563916,3.554468,0.201995,-2.350755,1.801695
981,0.480150,0.432580,nan,0.201995,nan,1.400623
982,0.786003,0.757144,4.778041,0.201978,-2.219474,2.032227
983,0.490191,0.596104,nan,0.201978,nan,1.414933
984,0.437127,0.523796,3.286097,0.201960,-2.907106,1.263244
985,0.769312,0.697394,nan,0.201960,nan,1.973211
986,0.715505,0.635429,2.563546,0.201943,-3.244557,1.868912
987,0.737008,0.686290,nan,0.201943,nan,1.905469
988,0.612869,0.655683,2.517939,0.201926,-2.795305,1.661449
989,0.691455,0.750713,nan,0.201926,nan,1.820374
990,0.711374,0.599328,3.458390,0.201908,-3.042942,1.861372
991,0.692706,0.636347,nan,0.201908,nan,1.839555
992,0.510384,0.498086,3.052558,0.201893,-4.988416,1.456277
993,0.676643,0.609007,nan,0.201893,nan,1.818941
994,0.568006,0.559120,4.899345,0.201876,-1.297223,1.552944
995,0.411060,0.390271,nan,0.201876,nan,1.224390
996,0.674225,0.659592,3.552388,0.201860,-3.672188,1.809762
997,1.133587,0.972504,nan,0.201860,nan,2.724222
998,1.067186,0.972760,1.793090,0.201844,-3.218333,2.574285
999,0.822617,0.746240,nan,0.201844,nan,2.109603
1000,0.448026,0.402281,3.495454,0.201825,-0.577870,1.283049
1001,0.586459,0.582520,nan,0.201825,nan,1.619212
1002,0.484438,0.429175,4.156754,0.201805,-1.832046,1.371246
1003,0.504600,0.462365,nan,0.201805,nan,1.411715
1004,0.394112,0.499377,3.461868,0.201786,-4.287223,1.194285
1005,1.016004,1.005731,nan,0.201786,nan,2.500543
1006,0.811281,0.849527,1.964854,0.201766,-0.946441,2.060298
1007,0.964089,0.891619,nan,0.201766,nan,2.381385
1008,0.808028,0.752013,4.867126,0.201746,-3.140356,2.068842
1009,0.791828,0.723333,nan,0.201746,nan,2.004081
1010,0.743381,0.725791,4.796374,0.201727,-2.795814,1.921867
1011,0.683926,0.579133,nan,0.201727,nan,1.806147
1012,0.688075,0.651801,3.770754,0.201706,-2.062996,1.820795
1013,0.952818,0.674225,nan,0.201706,nan,2.367680
1014,0.619795,0.544446,3.386330,0.201686,-3.399646,1.672072
1015,0.648716,0.531671,nan,0.201686,nan,1.719600
1016,0.611424,0.602645,4.442810,0.201666,-2.450611,1.647966
1017,0.697963,0.743417,nan,0.201666,nan,1.857980
1018,0.399124,0.379233,3.384239,0.201647,-3.391379,1.217706
1019,0.999543,0.914975,nan,0.201647,nan,2.451835
1020,1.056729,1.145935,3.587264,0.201628,-3.312552,2.567329
1021,1.100675,1.231154,nan,0.201628,nan,2.683762
1022,0.935041,1.027673,3.192190,0.201610,-2.934828,2.324448
1023,0.840173,0.689518,nan,0.201610,nan,2.102562
1024,0.666252,0.533930,4.821579,0.201593,-4.113816,1.779207
1025,0.562637,0.456923,nan,0.201593,nan,1.581327
1026,0.764644,0.689948,4.046267,0.201576,-3.222353,1.976293
1027,0.635673,0.648522,nan,0.201576,nan,1.679484
1028,0.718694,0.797688,4.068062,0.201560,-3.713048,1.871250
1029,0.783197,0.712218,nan,0.201560,nan,2.000820
1030,0.662553,0.563934,5.548202,0.201543,-2.021365,1.762791
1031,0.749032,0.594596,nan,0.201543,nan,1.942126
1032,0.705642,0.680746,2.910679,0.201525,-2.195366,1.829807
1033,0.711829,0.511135,nan,0.201525,nan,1.870505
1034,0.693644,0.683431,4.430046,0.201505,-1.755085,1.838851
1035,1.146603,1.217724,nan,0.201505,nan,2.761239
1036,0.890900,0.892556,4.828554,0.201486,-2.434866,2.256338
1037,0.662040,0.693240,nan,0.201486,nan,1.749079
1038,0.541369,0.565795,5.019038,0.201466,-3.111370,1.459118
1039,0.736291,0.584852,nan,0.201466,nan,1.904992
1040,0.712435,0.762766,2.726968,0.201448,-3.543272,1.846301
1041,0.751979,0.797469,nan,0.201448,nan,1.937407
1042,1.006756,1.050373,2.520782,0.201427,-0.864841,2.461781
1043,1.160891,0.899997,nan,0.201427,nan,2.782037
1044,1.129009,0.896207,2.895048,0.201407,-3.290761,2.721507
1045,0.543480,0.625194,nan,0.201407,nan,1.511242
1046,0.724184,0.623438,3.901256,0.201386,-1.131904,1.882684
1047,0.727957,0.695617,nan,0.201386,nan,1.910665
1048,0.783615,0.613131,4.974343,0.201365,-2.854629,1.993618
1049,0.563823,0.509330,nan,0.201365,nan,1.527630
1050,0.663684,0.695961,3.516277,0.201344,-3.172769,1.753492
1051,0.776091,0.836929,nan,0.201344,nan,1.981191
1052,0.579136,0.678792,3.181094,0.201323,-2.413196,1.582461
1053,0.520058,0.462135,nan,0.201323,nan,1.453146
1054,0.796433,0.552731,4.458208,0.201302,-2.973087,2.060827
1055,0.957739,0.735538,nan,0.201302,nan,2.353945
1056,0.726976,0.750379,1.989408,0.201283,-4.040194,1.909163
1057,0.773124,0.857530,nan,0.201283,nan,2.009348
1058,0.964820,0.830394,3.143863,0.201266,-4.345788,2.390465
1059,0.788513,0.662466,nan,0.201266,nan,2.026980
1060,1.381958,0.865085,3.801105,0.201247,-1.146011,3.238354
1061,0.899464,0.690172,nan,0.201247,nan,2.248964
1062,0.942983,0.824860,3.809169,0.201227,-1.704122,2.345715
1063,0.807278,0.808597,nan,0.201227,nan,2.055186
1064,0.680881,0.853972,4.159864,0.201205,-1.885897,1.765793
1065,0.793895,0.975623,nan,0.201205,nan,2.030230
1066,0.863687,0.803001,5.494292,0.201185,-2.995922,2.194311
1067,0.689162,0.774614,nan,0.201185,nan,1.799292
1068,0.580704,0.504726,5.709827,0.201165,-3.182542,1.614714
1069,0.810076,0.979001,nan,0.201165,nan,2.066501
1070,0.559356,0.663168,4.944580,0.201146,-3.823790,1.524367
1071,0.739258,0.655635,nan,0.201146,nan,1.911638
1072,0.513205,0.528306,4.481328,0.201128,-3.887952,1.450965
1073,0.773322,0.592342,nan,0.201128,nan,1.972945
1074,0.566733,0.583305,3.981321,0.201109,-1.984591,1.576709
1075,0.561499,0.806083,nan,0.201109,nan,1.548089
1076,0.746497,0.787093,5.124272,0.201092,-3.680878,1.925679
1077,0.600744,0.556979,nan,0.201092,nan,1.642015
1078,0.541611,0.532590,3.992328,0.201074,-3.408203,1.491555
1079,0.574611,0.615086,nan,0.201074,nan,1.569921
1080,0.518147,0.540157,4.754725,0.201056,-1.463893,1.470544
1081,0.661333,0.745092,nan,0.201056,nan,1.739099
1082,0.699785,0.521128,3.659473,0.201037,-2.892548,1.850795
1083,0.564373,0.642247,nan,0.201037,nan,1.548393
1084,0.618614,0.479669,4.469833,0.201017,-1.662167,1.663413
1085,0.640075,0.544251,nan,0.201017,nan,1.694791
1086,0.472131,0.526325,5.438323,0.200995,-1.100929,1.366900
1087,0.661936,0.592874,nan,0.200995,nan,1.754396
1088,0.650343,0.621007,6.584670,0.200975,-3.658867,1.729747
1089,0.812869,0.708743,nan,0.200975,nan,2.049177
1090,0.408123,0.373275,4.927718,0.200952,-0.855012,1.222685
1091,0.588383,0.442618,nan,0.200952,nan,1.598910
1092,0.629909,0.637255,4.585441,0.200931,-3.240992,1.685691
1093,0.713263,0.801929,nan,0.200931,nan,1.894730
1094,0.514319,0.608534,3.964666,0.200910,-2.907211,1.457168
1095,0.502768,0.573519,nan,0.200910,nan,1.420318
1096,0.516005,0.640176,4.497490,0.200888,-2.225613,1.451444
1097,0.825801,0.852670,nan,0.200888,nan,2.090786
1098,0.899585,1.009797,4.813877,0.200867,-3.218893,2.234819
1099,0.719548,0.774184,nan,0.200867,nan,1.874199
1100,0.788015,0.701113,6.131351,0.200846,-2.441314,2.028617
1101,0.477684,0.704106,nan,0.200846,nan,1.394602
1102,0.646345,0.657640,5.524242,0.200826,-2.613628,1.697147
1103,0.873563,1.171907,nan,0.200826,nan,2.215801
1104,0.578329,0.827418,5.380221,0.200803,-1.308736,1.567682
1105,0.776673,0.740451,nan,0.200803,nan,1.991047
1106,0.741606,0.769447,5.525047,0.200780,-1.104837,1.923678
1107,0.754615,0.700971,nan,0.200780,nan,1.932365
1108,0.626160,0.554043,4.740396,0.200757,-3.068537,1.681647
1109,0.763162,0.743770,nan,0.200757,nan,1.961105
1110,1.002037,0.926042,5.265459,0.200734,-2.622603,2.457475
1111,0.814889,0.702954,nan,0.200734,nan,2.052226
1112,0.903746,0.973867,4.865000,0.200712,-3.216317,2.246627
1113,0.782428,0.687598,nan,0.200712,nan,1.995778
1114,0.607678,0.621385,3.999969,0.200689,-1.414308,1.643256
1115,0.956541,0.886185,nan,0.200689,nan,2.368886
1116,0.863183,0.791439,6.416608,0.200667,-3.048398,2.180774
1117,0.654789,0.556648,nan,0.200667,nan,1.762291
1118,0.568881,0.760425,6.894267,0.200646,-3.990924,1.541178
1119,0.461866,0.439136,nan,0.200646,nan,1.330282
1120,0.647416,0.603541,4.517860,0.200625,-2.467263,1.744961
1121,0.724898,0.710989,nan,0.200625,nan,1.915559
1122,0.663572,0.770054,5.747960,0.200605,-2.954813,1.761342
1123,0.734707,0.932676,nan,0.200605,nan,1.919389
1124,0.651476,0.727073,5.640701,0.200585,-2.660446,1.743653
1125,0.729016,0.506929,nan,0.200585,nan,1.926049
1126,0.679830,0.806802,5.795564,0.200564,-2.515765,1.796337
1127,0.576659,0.568706,nan,0.200564,nan,1.553305
1128,0.725380,0.733457,6.185509,0.200542,-1.320881,1.888129
1129,0.891304,0.772947,nan,0.200542,nan,2.249738
1130,0.569034,0.650908,6.362993,0.200521,-3.230771,1.603599
1131,0.881819,0.933228,nan,0.200521,nan,2.238395
1132,0.581982,0.890540,6.427579,0.200499,-1.024570,1.577736
1133,0.732671,0.832683,nan,0.200499,nan,1.914755
1134,0.638646,0.672119,6.804448,0.200479,-5.046675,1.703117
1135,0.679212,0.661193,nan,0.200479,nan,1.819703
1136,0.863428,1.004999,5.236832,0.200457,-1.153955,2.168622
1137,0.579878,0.709851,nan,0.200457,nan,1.579551
1138,0.491758,0.883304,5.955730,0.200435,-1.514271,1.423334
1139,0.625839,0.524236,nan,0.200435,nan,1.699636
1140,0.619705,0.495934,6.084495,0.200411,-1.658420,1.684306
1141,0.618092,0.607203,nan,0.200411,nan,1.654233
1142,0.483472,0.637520,5.662836,0.200386,-0.645366,1.366198
1143,0.656119,0.894804,nan,0.200386,nan,1.784624
1144,0.698465,1.094810,4.138207,0.200362,-3.268740,1.834193
1145,0.866620,0.698547,nan,0.200362,nan,2.179945
1146,1.025246,0.642487,8.259372,0.200338,-1.540284,2.522676
1147,0.912895,1.006871,nan,0.200338,nan,2.283605
1148,0.668389,0.608307,7.094346,0.200314,-2.885614,1.767459
1149,0.923486,0.492613,nan,0.200314,nan,2.321372
1150,0.702170,0.669704,5.952980,0.200288,-0.363535,1.833320
1151,0.732542,0.831944,nan,0.200288,nan,1.927816
1152,0.652817,0.540952,5.251985,0.200262,-2.461880,1.758474
1153,1.150839,0.793367,nan,0.200262,nan,2.768451
1154,1.037752,0.777325,4.797930,0.200236,-1.249079,2.543545
1155,0.806410,0.857827,nan,0.200236,nan,2.090194
1156,0.838134,0.895666,4.199871,0.200210,-2.754173,2.114747
1157,0.590555,0.609213,nan,0.200210,nan,1.618868
1158,0.604891,0.428291,6.303226,0.200185,-2.226845,1.660938
1159,0.491903,0.515205,nan,0.200185,nan,1.395787
1160,0.599467,0.635540,6.161075,0.200160,-2.350137,1.627411
1161,0.682601,0.591876,nan,0.200160,nan,1.816806
1162,0.742772,0.774044,6.271956,0.200134,-1.560435,1.944074
1163,0.588239,0.572690,nan,0.200134,nan,1.600220
1164,0.737371,0.818388,5.506187,0.200110,-3.665742,1.925526
1165,0.859270,0.843348,nan,0.200110,nan,2.169513
1166,1.106663,0.911605,6.372527,0.200089,-4.798548,2.673893
1167,0.567669,0.577097,nan,0.200089,nan,1.583632
1168,0.817625,1.006797,4.881925,0.200065,-0.620620,2.103171
1169,0.829766,0.936687,nan,0.200065,nan,2.093585
1170,0.532988,0.528429,6.771180,0.200041,-1.321869,1.490559
1171,0.537511,0.681084,nan,0.200041,nan,1.501951
1172,0.429541,0.521412,4.275421,0.200017,-2.568579,1.243588
1173,0.509441,0.537722,nan,0.200017,nan,1.425121
1174,0.563002,0.615116,6.421388,0.199992,-0.879523,1.563841
1175,0.683454,0.643091,nan,0.199992,nan,1.787898
1176,0.606474,0.612448,5.446403,0.199967,-2.418460,1.648267
1177,0.604931,0.632468,nan,0.199967,nan,1.667480
1178,0.902425,0.730801,5.746604,0.199940,-0.598500,2.259614
1179,0.853272,0.808192,nan,0.199940,nan,2.120052
1180,0.921530,0.693684,5.396075,0.199913,-1.235541,2.307984
1181,0.720626,0.669056,nan,0.199913,nan,1.868046
1182,0.630803,0.665979,6.792828,0.199886,-2.253608,1.702506
1183,0.525575,0.677133,nan,0.199886,nan,1.467117
1184,0.623744,0.571432,5.996680,0.199859,-1.347757,1.699121
1185,0.800956,0.749892,nan,0.199859,nan,2.069983
1186,0.734979,0.705723,7.270608,0.199834,-4.007087,1.949590
1187,0.614757,0.693290,nan,0.199834,nan,1.636349
1188,0.571274,0.422645,6.627714,0.199808,-1.376511,1.594028
1189,0.840471,0.762225,nan,0.199808,nan,2.093571
1190,0.974483,0.958061,5.373370,0.199784,-4.581476,2.411716
1191,0.959186,0.923372,nan,0.199784,nan,2.374576
1192,0.602235,0.710416,6.131091,0.199762,-2.906111,1.647785
1193,0.864492,0.740571,nan,0.199762,nan,2.193224
1194,0.704512,0.649185,5.224290,0.199738,-1.464934,1.852572
1195,0.610572,0.706390,nan,0.199738,nan,1.671112
1196,0.593158,0.568017,5.627069,0.199713,-0.494222,1.607713
1197,1.090018,1.028529,nan,0.199713,nan,2.636964
1198,0.914405,0.910909,4.644638,0.199687,-1.621517,2.254896
1199,0.712438,0.596554,nan,0.199687,nan,1.868290
1200,0.788617,0.758517,7.104166,0.199663,-3.193056,2.052464
1201,0.610319,0.559897,nan,0.199663,nan,1.680297
1202,0.903018,0.629414,8.000923,0.199638,-1.991019,2.261059
1203,0.640402,0.535320,nan,0.199638,nan,1.728882
1204,0.599470,0.523261,6.745385,0.199612,-0.365665,1.624198
1205,0.807424,0.676368,nan,0.199612,nan,2.065601
1206,0.841233,0.798678,6.828773,0.199585,-1.203026,2.128286
1207,0.771698,0.785075,nan,0.199585,nan,1.996379
1208,1.228441,1.139726,4.750375,0.199557,-1.124538,2.932944
1209,0.758927,0.741688,nan,0.199557,nan,1.965464
1210,0.693573,0.550033,6.400651,0.199530,-2.333033,1.812303
1211,0.795390,0.854084,nan,0.199530,nan,2.046669
1212,0.727375,0.797411,5.547435,0.199501,-0.827116,1.885621
1213,0.769034,0.617107,nan,0.199501,nan,2.008238
1214,0.535905,0.773330,7.631521,0.199473,-1.519925,1.457205
1215,0.694286,0.727925,nan,0.199473,nan,1.855192
1216,0.601151,0.588233,6.184465,0.199446,-3.287430,1.622278
1217,0.788057,0.892726,nan,0.199446,nan,2.041366
1218,0.884236,1.049000,3.544265,0.199420,-2.744977,2.218645
1219,1.310223,1.022703,nan,0.199420,nan,3.088423
1220,1.074968,0.797615,6.203156,0.199394,-1.402243,2.615958
1221,0.761618,0.639496,nan,0.199394,nan,1.989771
1222,0.442359,0.477147,8.205448,0.199367,-1.834433,1.315784
1223,0.649831,0.575940,nan,0.199367,nan,1.719060
1224,0.653698,0.739462,6.012600,0.199341,-2.510556,1.745509
1225,0.482608,0.755910,nan,0.199341,nan,1.411869
1226,0.970726,1.127013,6.419989,0.199317,-3.432535,2.406982
1227,0.773278,0.806613,nan,0.199317,nan,1.985211
1228,1.048676,0.954589,8.222267,0.199290,-0.371306,2.544291
1229,0.394662,0.496030,nan,0.199290,nan,1.195858
1230,0.844723,0.710726,5.651590,0.199264,-1.561308,2.150397
1231,0.746981,0.624308,nan,0.199264,nan,1.927696
1232,0.676356,0.714101,4.950618,0.199238,-2.327235,1.799294
1233,0.846785,0.809163,nan,0.199238,nan,2.142499
1234,0.624058,0.828007,7.069899,0.199211,-1.008068,1.683251
1235,0.823890,0.903127,nan,0.199211,nan,2.095405
1236,0.687976,0.510782,8.025553,0.199182,-0.101256,1.821294
1237,0.588902,0.824444,nan,0.199182,nan,1.620185
1238,0.455140,0.525156,7.077990,0.199151,1.601541,1.335538
1239,0.533864,0.733509,nan,0.199151,nan,1.483219
1240,0.618593,0.474019,7.389442,0.199119,-1.072787,1.632079
1241,0.721280,0.596398,nan,0.199119,nan,1.888909
1242,0.954468,0.771609,6.867239,0.199089,-2.943137,2.381907
1243,0.756529,0.449583,nan,0.199089,nan,1.986605
1244,0.544538,0.481626,7.021230,0.199058,-1.148248,1.523372
1245,0.827767,0.532487,nan,0.199058,nan,2.131384
1246,0.931047,0.801392,6.345718,0.199030,-3.076684,2.312385
1247,0.609742,0.684524,nan,0.199030,nan,1.659640
1248,0.349733,0.303908,8.926815,0.199002,-3.231973,1.078954
1249,0.600866,0.554167,nan,0.199002,nan,1.659942
1250,0.538631,0.505340,6.887061,0.198974,-0.892083,1.496385
1251,0.616389,0.530724,nan,0.198974,nan,1.637532
1252,0.629377,0.737298,6.843843,0.198946,-1.608395,1.702278
1253,0.801235,0.692480,nan,0.198946,nan,2.076647
1254,0.706581,0.850662,7.482562,0.198919,-2.418977,1.867651
1255,0.803398,0.763283,nan,0.198919,nan,2.089843
1256,0.462006,0.637419,7.924136,0.198891,-1.654419,1.339864
1257,0.546350,0.619162,nan,0.198891,nan,1.548005
1258,0.525745,0.427534,7.456971,0.198864,-1.859475,1.484461
1259,0.692910,0.634782,nan,0.198864,nan,1.829889
1260,0.813856,0.650025,6.963013,0.198837,-1.495978,2.105013
1261,0.890478,0.906547,nan,0.198837,nan,2.234027
1262,0.572074,0.520123,6.006173,0.198809,-2.137346,1.578435
1263,0.732813,0.697812,nan,0.198809,nan,1.937873
1264,0.848987,0.793591,5.668859,0.198781,-0.643774,2.161399
1265,0.764986,0.748794,nan,0.198781,nan,1.966974
1266,0.859684,0.717481,8.441999,0.198754,-2.948115,2.192652
1267,0.491428,0.540344,nan,0.198754,nan,1.421856
1268,0.776956,0.790749,7.271457,0.198729,-3.315460,1.980330
1269,0.939008,0.767447,nan,0.198729,nan,2.342683
1270,0.618993,0.552199,5.921206,0.198703,-1.434728,1.694758
1271,0.799397,0.892878,nan,0.198703,nan,2.040687
1272,1.002095,0.869437,7.817314,0.198679,-3.585904,2.471186
1273,0.592875,0.690905,nan,0.198679,nan,1.602309
1274,0.662564,0.558330,7.985547,0.198656,-3.002896,1.787036
1275,0.631280,0.630987,nan,0.198656,nan,1.704933
1276,0.896025,0.637217,5.963215,0.198632,-1.060622,2.239064
1277,1.128235,0.816283,nan,0.198632,nan,2.717812
1278,0.648839,0.464196,8.105422,0.198607,-1.144253,1.767044
1279,0.707544,0.681125,nan,0.198607,nan,1.885773
1280,0.781563,0.809492,7.266531,0.198581,-0.899078,1.995275
1281,0.746150,0.725363,nan,0.198581,nan,1.943535
1282,0.714642,0.642724,6.595469,0.198554,-1.139324,1.869517
1283,0.702761,0.838002,nan,0.198554,nan,1.842115
1284,0.699413,0.561260,7.868898,0.198524,1.139113,1.845414
1285,0.704080,0.641345,nan,0.198524,nan,1.868111
1286,0.948061,0.806811,4.843473,0.198495,-1.811725,2.370906
1287,0.534066,0.613406,nan,0.198495,nan,1.509522
1288,0.640721,0.624725,8.042461,0.198467,-1.745596,1.731769
1289,0.513448,0.514305,nan,0.198467,nan,1.456544
1290,0.476229,0.648596,6.480751,0.198436,0.228567,1.390246
1291,0.850278,0.737941,nan,0.198436,nan,2.170377
1292,0.745162,0.561121,6.915532,0.198407,-2.664895,1.953144
1293,0.471663,0.614252,nan,0.198407,nan,1.352713
1294,0.579805,0.650528,7.035374,0.198378,-1.446594,1.598957
1295,0.494031,0.385534,nan,0.198378,nan,1.398010
1296,0.608481,0.615992,4.342988,0.198350,-2.842704,1.683431
1297,0.897345,0.797678,nan,0.198350,nan,2.234933
1298,0.750197,0.662009,8.512134,0.198323,-2.014795,1.928982
1299,0.490921,0.469338,nan,0.198323,nan,1.376167
1300,0.548303,0.598021,7.235925,0.198295,-1.405530,1.521857
1301,0.741294,0.589539,nan,0.198295,nan,1.947131
1302,0.772838,0.872111,1.004182,0.198270,-3.671470,2.005263
1303,0.546382,0.772568,nan,0.198270,nan,1.534697
1304,0.650615,0.947729,-0.413427,0.198245,-2.932355,1.746618
1305,0.877888,0.747995,nan,0.198245,nan,2.240629
1306,0.837451,0.708864,-1.058235,0.198219,-0.573225,2.122428
1307,0.462496,0.396842,nan,0.198219,nan,1.390074
1308,0.564500,0.347071,1.064538,0.198193,-1.505825,1.591193
1309,0.382716,0.597179,nan,0.198193,nan,1.195582
1310,0.427710,0.568476,0.495278,0.198169,-3.723079,1.288484
1311,0.557267,0.682708,nan,0.198169,nan,1.548004
1312,0.759276,0.713265,0.203477,0.198145,-2.823184,1.987076
1313,0.569378,0.505185,nan,0.198145,nan,1.592268
1314,0.414206,0.416133,0.788765,0.198121,-1.325587,1.238667
1315,0.556451,0.720842,nan,0.198121,nan,1.548628
1316,0.663468,0.746878,0.062792,0.198096,-0.910074,1.780139
1317,0.400385,0.440255,nan,0.198096,nan,1.215883
1318,0.485046,0.463221,-0.650978,0.198070,-0.845157,1.384587
1319,0.408371,0.354743,nan,0.198070,nan,1.240323
1320,0.533280,0.483261,-0.904691,0.198045,-2.596997,1.494957
1321,0.518482,0.422516,nan,0.198045,nan,1.500686
1322,0.509966,0.415374,-0.498511,0.198018,-0.260231,1.446113
1323,0.438349,0.530135,nan,0.198018,nan,1.298778
1324,0.413043,0.319964,0.104277,0.197993,-2.507807,1.279177
1325,0.601068,0.409536,nan,0.197993,nan,1.676269
1326,0.353125,0.306789,-0.555943,0.197965,-0.208592,1.141228
1327,0.706096,0.503473,nan,0.197965,nan,1.884622
1328,0.558227,0.540139,0.537627,0.197939,-2.681953,1.574408
1329,0.504956,0.459011,nan,0.197939,nan,1.475834
1330,0.360249,0.326620,-0.000884,0.197911,-0.063962,1.149912
1331,0.368533,0.388954,nan,0.197911,nan,1.140487
1332,0.360478,0.385874,-0.257641,0.197882,-0.036815,1.134145
1333,0.368087,0.471749,nan,0.197882,nan,1.165127
1334,0.446446,0.431192,-0.148240,0.197853,-1.531375,1.321301
1335,0.541905,0.654797,nan,0.197853,nan,1.524052
1336,0.574774,0.569649,-1.050101,0.197824,-1.300140,1.617687
1337,0.757080,0.635171,nan,0.197824,nan,1.975929
1338,0.563797,0.619997,0.561586,0.197794,0.423917,1.596087
1339,0.481028,0.351957,nan,0.197794,nan,1.424040
1340,0.629078,0.757989,-0.261231,0.197762,-0.363857,1.719263
1341,0.505987,0.589926,nan,0.197762,nan,1.466146
1342,0.407605,0.410112,-1.260697,0.197732,-1.486368,1.246189
1343,0.679847,0.571045,nan,0.197732,nan,1.816176
1344,0.757898,0.613584,-1.260621,0.197700,-0.263968,1.995974
1345,0.472827,0.611349,nan,0.197700,nan,1.423500
1346,0.388482,0.498074,-0.640027,0.197669,-1.967897,1.182450
1347,0.564043,0.459352,nan,0.197669,nan,1.598856
1348,0.325636,0.369975,-0.331699,0.197638,-0.369949,1.054544
1349,0.632344,0.456830,nan,0.197638,nan,1.717624
1350,0.527595,0.415539,0.159782,0.197606,-0.953914,1.528643
1351,0.495316,0.463844,nan,0.197606,nan,1.467712
1352,0.403017,0.459385,-0.972444,0.197575,-1.350194,1.247694
1353,0.725786,0.502300,nan,0.197575,nan,1.937093
1354,0.650954,0.480810,0.283980,0.197544,-1.633885,1.768925
1355,0.489544,0.436790,nan,0.197544,nan,1.441857
1356,0.683258,0.598521,-0.720004,0.197514,-1.445939,1.822066
1357,0.370857,0.296853,nan,0.197514,nan,1.144355
1358,0.545334,0.501572,-0.617302,0.197481,0.896722,1.527159
1359,0.491473,0.464675,nan,0.197481,nan,1.462436
1360,0.416387,0.391597,-0.648213,0.197448,-0.063060,1.291658
1361,0.467726,0.444857,nan,0.197448,nan,1.374564
1362,0.398751,0.438781,-0.073879,0.197416,-1.435444,1.198886
1363,0.455224,0.534880,nan,0.197416,nan,1.351457
1364,0.476284,0.513477,0.644172,0.197384,-1.007068,1.386416
1365,0.475969,0.356985,nan,0.197384,nan,1.397760
1366,0.378822,0.407389,0.002859,0.197352,-1.279661,1.180139
1367,0.389226,0.284678,nan,0.197352,nan,1.220545
1368,0.367604,0.321666,1.451177,0.197321,-2.390599,1.166138
1369,0.625773,0.496626,nan,0.197321,nan,1.736296
1370,0.686514,0.462674,0.499120,0.197293,-3.803894,1.859469
1371,0.454889,0.482593,nan,0.197293,nan,1.336670
1372,0.454500,0.459173,0.840107,0.197266,-3.261367,1.341051
1373,0.726498,0.601477,nan,0.197266,nan,1.907627
1374,0.594911,0.436073,-0.058705,0.197240,-2.088229,1.641488
1375,0.528597,0.594122,nan,0.197240,nan,1.536530
1376,0.366923,0.370942,-0.135341,0.197213,0.141051,1.152515
1377,0.629887,0.505331,nan,0.197213,nan,1.726193
1378,0.359153,0.453364,0.179962,0.197183,0.578616,1.136750
1379,0.944896,0.654187,nan,0.197183,nan,2.368829
1380,0.599632,0.440849,0.174298,0.197153,-0.335852,1.666633
1381,0.554351,0.491807,nan,0.197153,nan,1.574120
1382,0.433776,0.431143,-0.929958,0.197123,-0.490546,1.307820
1383,0.413819,0.596494,nan,0.197123,nan,1.261946
1384,0.606556,0.604259,-0.315081,0.197092,-1.144250,1.680144
1385,0.315542,0.326719,nan,0.197092,nan,1.020191
1386,0.472062,0.592358,-0.090069,0.197062,-0.670362,1.361075
1387,0.581954,0.532372,nan,0.197062,nan,1.647677
1388,0.519077,0.620589,-0.310894,0.197031,-0.922541,1.479684
1389,0.689186,0.580790,nan,0.197031,nan,1.836143
1390,0.477196,0.530124,-1.323747,0.196999,-0.274145,1.386065
1391,0.562529,0.469355,nan,0.196999,nan,1.572500
1392,0.506576,0.497365,-2.055622,0.196968,-1.302558,1.468800
1393,0.551873,0.508443,nan,0.196968,nan,1.562695
1394,0.529214,0.553074,-1.000408,0.196939,-2.712957,1.518866
1395,0.464068,0.499446,nan,0.196939,nan,1.374635
1396,0.365520,0.336752,-0.354288,0.196909,-1.508718,1.154462
1397,0.413794,0.506113,nan,0.196909,nan,1.241680
1398,0.385421,0.450572,0.513812,0.196882,-2.863761,1.206914
1399,0.557229,0.587047,nan,0.196882,nan,1.553457
1400,0.550220,0.560791,-1.313514,0.196854,-1.646839,1.553060
1401,0.439123,0.517108,nan,0.196854,nan,1.292403
1402,0.486557,0.520388,-1.473626,0.196827,-1.207029,1.416645
1403,0.576165,0.554580,nan,0.196827,nan,1.586297
1404,0.436549,0.503555,-0.909051,0.196799,-0.837237,1.317088
1405,0.542035,0.632467,nan,0.196799,nan,1.572265
1406,0.200643,0.390662,0.422494,0.196771,-2.027377,0.773116
1407,0.508957,0.390419,nan,0.196771,nan,1.436304
1408,0.576732,0.639945,-1.049191,0.196745,-2.476489,1.603430
1409,0.480720,0.486412,nan,0.196745,nan,1.405452
1410,0.544795,0.540148,-1.548222,0.196717,-0.014098,1.538016
1411,0.835264,0.698873,nan,0.196717,nan,2.149569
1412,0.742763,0.478677,-2.394764,0.196690,-2.089782,1.950788
1413,0.491565,0.632262,nan,0.196690,nan,1.445110
1414,0.454016,0.611813,-1.175599,0.196661,1.690680,1.344378
1415,0.733757,0.393276,nan,0.196661,nan,1.950292
1416,0.397817,0.611879,-2.105889,0.196631,-0.558731,1.189185
1417,0.574888,0.611657,nan,0.196631,nan,1.607137
1418,0.528756,0.616813,0.041954,0.196600,-0.638384,1.508688
1419,0.514661,0.517907,nan,0.196600,nan,1.472833
1420,0.470158,0.529317,-1.176469,0.196571,-2.258081,1.372655
1421,0.503831,0.583379,nan,0.196571,nan,1.471517
1422,0.701324,0.562628,-1.765333,0.196541,-0.498541,1.870118
1423,0.651337,0.650401,nan,0.196541,nan,1.771057
1424,0.547725,0.566829,-1.027516,0.196512,-1.056872,1.554713
1425,0.512493,0.589682,nan,0.196512,nan,1.450016
1426,0.655404,0.715024,1.033919,0.196483,-1.512490,1.791821
1427,0.436253,0.421055,nan,0.196483,nan,1.282732
1428,0.451373,0.502327,-0.707109,0.196453,-1.301870,1.315757
1429,0.683253,0.617708,nan,0.196453,nan,1.843120
1430,0.319131,0.362792,-1.134397,0.196425,-1.275022,1.070843
1431,0.414098,0.504251,nan,0.196425,nan,1.283414
1432,0.516182,0.462558,-0.290117,0.196396,-2.047604,1.457115
1433,0.499112,0.707709,nan,0.196396,nan,1.457809
1434,0.622964,0.580068,-1.344434,0.196369,-2.258790,1.716637
1435,0.736008,0.534307,nan,0.196369,nan,1.940673
1436,0.647110,0.493202,-1.645570,0.196339,2.362355,1.743870
1437,0.475138,0.490403,nan,0.196339,nan,1.403745
1438,0.665691,0.501458,-1.277632,0.196307,0.987612,1.788690
1439,0.475285,0.672518,nan,0.196307,nan,1.397084
1440,0.478662,0.572342,-0.299515,0.196276,-1.379784,1.384437
1441,0.583894,0.591024,nan,0.196276,nan,1.608514
1442,0.492309,0.648982,-0.682615,0.196246,-2.448455,1.405576
1443,0.615123,0.724542,nan,0.196246,nan,1.714635
1444,0.415146,0.415509,-2.237627,0.196216,-0.286353,1.257958
1445,0.489808,0.429929,nan,0.196216,nan,1.409833
1446,0.677560,0.678033,-1.251245,0.196185,-0.569684,1.836462
1447,0.351351,0.430987,nan,0.196185,nan,1.101990
1448,0.389149,0.439471,-1.196828,0.196156,-2.507573,1.205458
1449,0.491704,0.426874,nan,0.196156,nan,1.430760
1450,0.660771,0.510523,-1.237555,0.196127,-1.535564,1.801509
1451,0.593817,0.624142,nan,0.196127,nan,1.648063
1452,0.707504,0.528704,-1.613927,0.196096,1.937241,1.909082
1453,0.526351,0.536429,nan,0.196096,nan,1.481696
1454,0.374346,0.371146,-0.455961,0.196065,-0.534892,1.169048
1455,0.589028,0.554946,nan,0.196065,nan,1.638264
1456,0.292020,0.265134,-1.157410,0.196032,1.202106,1.026188
1457,0.829525,0.573215,nan,0.196032,nan,2.125134
1458,0.403148,0.365821,-0.984995,0.195998,0.737954,1.252590
1459,0.546200,0.465192,nan,0.195998,nan,1.524956
1460,0.454950,0.572264,-1.129255,0.195964,-0.157877,1.345792
1461,0.683066,0.699637,nan,0.195964,nan,1.830491
1462,0.516912,0.476204,-2.403732,0.195931,-1.761007,1.479454
1463,0.342659,0.430995,nan,0.195931,nan,1.059152
1464,0.577915,0.590775,-2.635291,0.195897,0.976110,1.607232
1465,0.569341,0.585169,nan,0.195897,nan,1.606501
1466,0.403716,0.358548,-1.953886,0.195865,-1.988045,1.228133
1467,0.532123,0.571544,nan,0.195865,nan,1.500665
1468,0.447914,0.532314,-2.128479,0.195832,-1.043675,1.337567
1469,0.522716,0.473339,nan,0.195832,nan,1.496527
1470,0.548879,0.487095,-1.546939,0.195800,0.112254,1.556981
1471,0.545941,0.469683,nan,0.195800,nan,1.526574
1472,0.446733,0.437076,-2.211196,0.195768,-1.300644,1.312489
1473,0.472860,0.526473,nan,0.195768,nan,1.372991
1474,0.559703,0.397904,-2.296870,0.195735,-0.091672,1.573923
1475,0.763553,0.529277,nan,0.195735,nan,1.975809
1476,0.774880,0.565070,-3.137588,0.195702,0.577561,1.977423
1477,0.581973,0.457555,nan,0.195702,nan,1.611033
1478,0.455994,0.485051,-2.706314,0.195670,-2.129835,1.364056
1479,0.533589,0.583365,nan,0.195670,nan,1.508517
1480,0.496855,0.636493,-2.624447,0.195637,1.863034,1.446070
1481,0.469991,0.410271,nan,0.195637,nan,1.387506
1482,0.607611,0.583445,-1.506397,0.195604,-0.695252,1.667444
1483,0.566594,0.673935,nan,0.195604,nan,1.580436
1484,0.668212,0.630422,-1.812145,0.195572,-2.660539,1.777374
1485,0.525353,0.582546,nan,0.195572,nan,1.487764
1486,0.421153,0.398052,-2.238232,0.195539,1.695817,1.286831
1487,0.330451,0.403207,nan,0.195539,nan,1.067657
1488,0.431453,0.459316,-2.462694,0.195504,2.755323,1.280851
1489,0.784359,0.536266,nan,0.195504,nan,2.027747
1490,0.631302,0.648855,-2.809781,0.195469,-0.948682,1.726555
1491,0.454213,0.426468,nan,0.195469,nan,1.360303
1492,0.493374,0.531995,-2.933442,0.195435,-0.857708,1.419192
1493,0.487628,0.679944,nan,0.195435,nan,1.420045
1494,0.435284,0.635822,-1.443271,0.195402,-1.510856,1.287258
1495,0.403484,0.576245,nan,0.195402,nan,1.231740
1496,0.561941,0.609411,-2.540632,0.195369,-0.303360,1.551575
1497,0.673372,0.478433,nan,0.195369,nan,1.798038
1498,0.600344,0.899033,-1.785616,0.195336,0.158912,1.629839
1499,0.499026,0.422168,nan,0.195336,nan,1.421795
1500,0.625715,0.533799,-1.813031,0.195302,0.365496,1.677686
1501,0.592764,0.649924,nan,0.195302,nan,1.657783
1502,0.623350,0.475699,-1.761195,0.195269,-0.852844,1.684258
1503,0.401398,0.411968,nan,0.195269,nan,1.251135
1504,0.602962,0.684054,-2.341054,0.195238,-2.734755,1.649114
1505,0.756187,0.701149,nan,0.195238,nan,1.966717
1506,0.716785,0.587431,-2.748400,0.195206,-0.444401,1.878457
1507,0.581860,0.700838,nan,0.195206,nan,1.582107
1508,0.558414,0.568172,-2.614242,0.195176,-2.187897,1.531646
1509,0.669845,0.654422,nan,0.195176,nan,1.799091
1510,0.408835,0.421273,-1.651540,0.195147,-1.221710,1.239186
1511,0.390577,0.510156,nan,0.195147,nan,1.185236
1512,0.468963,0.572323,-2.920382,0.195117,-0.593887,1.372446
1513,0.411060,0.403718,nan,0.195117,nan,1.264445
1514,0.463640,0.444983,-2.575525,0.195086,1.043513,1.348818
1515,0.542215,0.635817,nan,0.195086,nan,1.546952
1516,0.472528,0.529565,-3.516921,0.195055,-0.423606,1.393585
1517,0.743757,0.668895,nan,0.195055,nan,1.945327
1518,0.530289,0.731372,-2.435266,0.195024,0.152138,1.496573
1519,0.347096,0.367953,nan,0.195024,nan,1.102159
1520,0.496159,0.584242,-2.165107,0.194991,0.709001,1.430942
1521,0.733999,0.623647,nan,0.194991,nan,1.913835
1522,0.676066,0.683874,-2.594201,0.194958,0.945753,1.759696
1523,0.551814,0.496863,nan,0.194958,nan,1.562220
1524,0.503248,0.549404,-3.151870,0.194925,-0.455507,1.419988
1525,0.790411,0.622447,nan,0.194925,nan,2.013809
1526,0.768954,0.784492,-2.705649,0.194892,0.318083,1.982955
1527,0.750788,0.874113,nan,0.194892,nan,1.949527
1528,0.575981,0.582551,-1.801673,0.194859,-0.048018,1.591511
1529,0.557090,0.620971,nan,0.194859,nan,1.556296
1530,0.836850,0.801850,-2.626729,0.194826,-1.263215,2.171347
1531,0.706225,0.520359,nan,0.194826,nan,1.875027
1532,0.708584,0.745181,-2.905993,0.194795,-2.173809,1.873587
1533,0.742991,0.735160,nan,0.194795,nan,1.943706
1534,0.733426,0.788410,-4.073383,0.194764,0.106894,1.905337
1535,0.719125,0.601138,nan,0.194764,nan,1.875908
1536,0.616937,0.613977,-2.723850,0.194733,-0.857404,1.658098
1537,0.883257,1.239620,nan,0.194733,nan,2.213863
1538,0.730273,0.779879,-2.637298,0.194701,0.230136,1.901042
1539,0.948254,0.811430,nan,0.194701,nan,2.362866
1540,0.585790,0.635733,-1.634635,0.194670,-0.452884,1.597386
1541,0.627490,0.594033,nan,0.194670,nan,1.703235
1542,0.664909,0.779471,-0.851109,0.194639,-0.767010,1.781592
1543,0.591584,0.625272,nan,0.194639,nan,1.638463
1544,0.874750,0.845365,-1.987197,0.194608,-0.629018,2.205297
1545,0.890313,0.916822,nan,0.194608,nan,2.242897
1546,0.649125,0.682863,-4.012665,0.194579,-2.347122,1.720989
1547,1.007796,1.005167,nan,0.194579,nan,2.472277
1548,1.131916,1.105671,-3.401670,0.194550,-1.029502,2.747002
1549,1.265784,1.055180,nan,0.194550,nan,2.992021
1550,1.103063,0.911929,-3.621543,0.194522,-1.598064,2.667573
1551,0.886266,0.866148,nan,0.194522,nan,2.236900
1552,0.638775,0.671688,-2.151480,0.194493,0.113209,1.695596
1553,0.690334,0.727817,nan,0.194493,nan,1.831116
1554,0.784675,0.821187,-2.625298,0.194464,-0.478677,2.036612
1555,0.687406,0.599284,nan,0.194464,nan,1.826970
1556,0.670271,0.643610,-2.924780,0.194434,0.027799,1.801203
1557,0.549482,0.471412,nan,0.194434,nan,1.541837
1558,0.638022,0.749654,-2.898515,0.194404,-0.145057,1.716643
1559,0.900150,0.914962,nan,0.194404,nan,2.245216
1560,0.733507,0.765338,-2.512578,0.194375,-1.530571,1.931359
1561,0.717773,0.693988,nan,0.194375,nan,1.877276
1562,0.640313,0.706605,-1.498864,0.194345,0.429813,1.716540
1563,0.668304,0.686306,nan,0.194345,nan,1.790721
1564,0.540044,0.496431,-3.169922,0.194315,-0.041968,1.514984
1565,0.712828,0.583471,nan,0.194315,nan,1.897905
1566,0.673951,0.661823,-2.183899,0.194285,-0.212706,1.819390
1567,0.548165,0.566267,nan,0.194285,nan,1.533805
1568,0.829900,0.807071,-3.587090,0.194255,-0.459600,2.138545
1569,0.785804,0.741990,nan,0.194255,nan,2.024192
1570,1.115076,1.192650,-3.060575,0.194224,0.676530,2.710080
1571,0.750765,0.642206,nan,0.194224,nan,1.948098
1572,0.857394,0.766779,-3.015932,0.194193,-1.028016,2.180003
1573,0.776711,0.801728,nan,0.194193,nan,2.005314
1574,0.788403,0.742987,-2.234542,0.194163,-0.619564,2.040784
1575,0.894672,0.844965,nan,0.194163,nan,2.258129
1576,0.578254,0.628664,-2.438907,0.194132,0.283352,1.593847
1577,0.557446,0.679761,nan,0.194132,nan,1.550629
1578,0.720518,0.632143,-1.752156,0.194102,-0.996582,1.917481
1579,0.754454,0.760588,nan,0.194102,nan,1.959591
1580,0.625607,0.593362,-3.182625,0.194072,-0.445070,1.711177
1581,0.709048,0.783228,nan,0.194072,nan,1.849612
1582,0.799035,0.863780,-3.102756,0.194041,-0.296524,2.069934
1583,0.941447,0.862629,nan,0.194041,nan,2.353370
1584,0.981323,0.857704,-3.814624,0.194010,1.335839,2.410259
1585,0.732124,0.807171,nan,0.194010,nan,1.916277
1586,0.654510,0.707048,-4.311696,0.193978,0.730127,1.772044
1587,0.930489,0.695483,nan,0.193978,nan,2.335693
1588,0.788358,0.662959,-2.619198,0.193947,-1.686696,2.030654
1589,1.052515,1.058231,nan,0.193947,nan,2.565275
1590,0.654403,0.682801,-3.890345,0.193914,2.649607,1.759426
1591,0.746729,0.840064,nan,0.193914,nan,1.923453
1592,0.691321,0.739575,-4.303291,0.193880,1.751595,1.866036
1593,0.864627,0.543431,nan,0.193880,nan,2.200266
1594,0.713369,0.705840,-2.278664,0.193846,-0.074862,1.874074
1595,0.808575,1.105464,nan,0.193846,nan,2.087265
1596,0.864236,0.748442,-1.225429,0.193812,1.088203,2.178671
1597,0.750419,0.782130,nan,0.193812,nan,1.973150
1598,0.978344,0.932438,-3.610249,0.193777,1.343331,2.432431
1599,0.740896,0.656010,nan,0.193777,nan,1.931809
1600,0.742616,0.776881,-3.921088,0.193742,-0.105749,1.953449
1601,0.703108,0.670837,nan,0.193742,nan,1.869397
1602,0.778517,0.770905,-2.938409,0.193707,1.127790,1.994587
1603,0.613455,0.721111,nan,0.193707,nan,1.666692
1604,0.945410,0.894402,-3.692398,0.193673,-1.345582,2.365636
1605,0.783922,0.758265,nan,0.193673,nan,2.000293
1606,1.233843,1.193372,-2.177694,0.193640,-0.635331,2.941545
1607,0.871544,0.851168,nan,0.193640,nan,2.209488
1608,0.651070,0.500967,-3.169579,0.193608,-2.136514,1.740875
1609,1.037481,0.980320,nan,0.193608,nan,2.562920
1610,0.730621,0.699947,-3.056537,0.193577,-0.437751,1.909868
1611,0.843953,0.869411,nan,0.193577,nan,2.129444
1612,0.909620,0.826110,-3.532054,0.193545,-0.072663,2.272881
1613,0.816450,0.773969,nan,0.193545,nan,2.068801
1614,0.962897,0.919624,-4.391283,0.193515,-1.765377,2.381034
1615,0.635878,0.698171,nan,0.193515,nan,1.694377
1616,1.020712,0.999335,-4.004987,0.193485,0.239014,2.509064
1617,0.805464,0.861166,nan,0.193485,nan,2.060864
1618,0.810397,0.871368,-3.996505,0.193455,-1.191669,2.076022
1619,0.765695,0.774679,nan,0.193455,nan,1.977658
1620,0.852051,0.906166,-3.215832,0.193425,-0.046598,2.158432
1621,0.434394,0.662785,nan,0.193425,nan,1.326152
1622,0.673886,0.856853,-2.060657,0.193395,0.240352,1.785910
1623,0.964609,0.993399,nan,0.193395,nan,2.392105
1624,0.759235,0.716707,-3.273862,0.193365,-1.034172,1.990420
1625,0.710188,0.777806,nan,0.193365,nan,1.868459
1626,1.019256,0.947458,-2.597346,0.193336,-1.163812,2.489373
1627,0.712422,0.740321,nan,0.193336,nan,1.885747
1628,1.116704,1.220300,-2.670186,0.193307,-0.197855,2.691471
1629,0.877160,0.922266,nan,0.193307,nan,2.222004
1630,0.454405,0.527723,-3.846775,0.193277,1.563961,1.329331
1631,0.970499,0.884457,nan,0.193277,nan,2.390761
1632,0.530194,0.499868,-3.329526,0.193246,0.335836,1.496026
1633,0.981419,0.928227,nan,0.193246,nan,2.415125
1634,0.831679,0.887007,-1.079785,0.193218,-3.302477,2.145406
1635,0.927252,0.915687,nan,0.193218,nan,2.323436
1636,0.908043,0.816267,-2.266296,0.193189,-0.736146,2.288913
1637,0.963046,0.913831,nan,0.193189,nan,2.376400
1638,0.915233,0.791502,-1.546308,0.193161,-0.924465,2.308031
1639,0.696429,0.713766,nan,0.193161,nan,1.842071
1640,0.898900,0.844472,-1.894138,0.193134,-1.000166,2.246642
1641,1.020313,0.889764,nan,0.193134,nan,2.518822
1642,1.278474,0.879487,-4.357225,0.193105,1.087046,3.036944
1643,0.969993,1.076350,nan,0.193105,nan,2.399818
1644,0.909228,1.141191,-2.188749,0.193076,-0.515947,2.255578
1645,0.860615,0.782604,nan,0.193076,nan,2.188891
1646,1.073733,1.003396,-2.441951,0.193048,-0.619964,2.612102
1647,0.861626,0.873433,nan,0.193048,nan,2.176755
1648,1.065172,0.842134,-2.446372,0.193019,0.795389,2.597757
1649,0.649817,0.863073,nan,0.193019,nan,1.742446
1650,0.676170,1.112166,-3.863195,0.192989,0.182860,1.786457
1651,0.686944,0.754252,nan,0.192989,nan,1.823479
1652,1.003219,1.368532,-3.322802,0.192959,0.145416,2.441650
1653,1.094809,1.086067,nan,0.192959,nan,2.660069
1654,0.881149,0.830159,-3.626134,0.192930,-1.208430,2.206681
1655,0.516138,0.609049,nan,0.192930,nan,1.451611
1656,0.808360,0.756757,-3.758150,0.192901,-0.014655,2.056156
1657,0.927812,0.863471,nan,0.192901,nan,2.300752
1658,0.872156,0.880001,-4.569172,0.192870,2.435252,2.190945
1659,0.874113,0.886168,nan,0.192870,nan,2.196560
1660,0.681670,0.696058,-3.660287,0.192839,-0.206300,1.787536
1661,0.956646,0.887115,nan,0.192839,nan,2.384604
1662,0.760890,0.745171,-2.498671,0.192808,0.598707,1.974908
1663,0.504463,0.563413,nan,0.192808,nan,1.432489
1664,1.026307,0.995072,-4.093118,0.192777,-0.806095,2.499609
1665,0.769516,0.795805,nan,0.192777,nan,1.967472
1666,0.863420,0.783482,-4.243567,0.192747,0.479194,2.178403
1667,0.765442,0.784127,nan,0.192747,nan,1.985867
1668,0.620081,0.786634,-4.131676,0.192715,0.738828,1.657301
1669,0.829772,0.922946,nan,0.192715,nan,2.114719
1670,0.902166,0.847161,-2.740848,0.192683,1.559757,2.264361
1671,0.911770,0.986585,nan,0.192683,nan,2.255166
1672,1.068674,0.898245,-3.221319,0.192651,0.507813,2.585329
1673,0.730620,1.056134,nan,0.192651,nan,1.905439
1674,0.513072,0.787634,-2.878746,0.192619,-0.702900,1.453417
1675,0.801226,0.852919,nan,0.192619,nan,2.032823
1676,0.706544,0.896741,-2.961311,0.192588,-0.969396,1.860012
1677,1.308237,0.994985,nan,0.192588,nan,3.097813
1678,1.024454,1.048881,-2.548675,0.192557,-0.057833,2.504622
1679,0.819772,0.948947,nan,0.192557,nan,2.049060
1680,1.553989,0.935596,-1.267939,0.192527,-0.488936,3.588748
1681,1.675429,1.091241,nan,0.192527,nan,3.833803
1682,1.012621,0.763321,-2.517718,0.192496,0.140392,2.471863
1683,1.165633,1.146125,nan,0.192496,nan,2.785389
1684,0.811499,0.712625,-1.338436,0.192467,-1.356644,2.042212
1685,0.850372,0.931979,nan,0.192467,nan,2.147976
1686,0.818523,0.959399,-1.553770,0.192438,-1.859829,2.093470
1687,0.581409,0.789044,nan,0.192438,nan,1.607790
1688,0.733931,0.828976,-2.439192,0.192410,0.679843,1.889924
1689,0.827443,0.674496,nan,0.192410,nan,2.096268
1690,1.126211,0.706585,-2.849144,0.192381,-0.534734,2.704777
1691,0.900680,0.792416,nan,0.192381,nan,2.237445
1692,1.340051,1.124338,-4.358822,0.192353,-1.367653,3.109217
1693,0.662367,0.771446,nan,0.192353,nan,1.719219
1694,0.874146,1.050589,-2.407115,0.192325,0.171492,2.190198
1695,0.728516,0.994748,nan,0.192325,nan,1.887404
1696,0.604323,0.576515,-1.892931,0.192296,0.823704,1.620505
1697,0.762321,0.810581,nan,0.192296,nan,1.974760
1698,0.995887,0.789494,-0.681447,0.192266,0.113740,2.420617
1699,1.559176,1.230522,nan,0.192266,nan,3.576365
1700,0.776354,0.776613,-3.942534,0.192237,0.455073,1.976434
1701,0.631275,0.699332,nan,0.192237,nan,1.681289
1702,0.897527,1.092222,-3.270473,0.192206,1.581996,2.235322
1703,1.053685,1.077266,nan,0.192206,nan,2.544723
1704,0.934527,0.935082,-2.675465,0.192177,-1.376534,2.307180
1705,0.733399,0.739959,nan,0.192177,nan,1.907698
1706,0.893336,1.042909,-1.128029,0.192147,1.092605,2.215830
1707,0.785485,0.875591,nan,0.192147,nan,1.982419
1708,0.641038,0.906111,-1.227637,0.192117,-0.380058,1.692973
1709,1.220726,1.148996,nan,0.192117,nan,2.896381
1710,1.017581,0.977843,-3.493944,0.192087,0.222240,2.477439
1711,0.721865,0.714463,nan,0.192087,nan,1.861494
1712,0.816301,0.996637,-4.399870,0.192056,0.989284,2.072128
1713,0.879673,0.978428,nan,0.192056,nan,2.215077
1714,0.836509,0.822017,-2.457226,0.192025,1.269017,2.118232
1715,1.105539,0.949999,nan,0.192025,nan,2.653941
1716,1.110705,1.048948,-1.363295,0.191994,0.327405,2.680061
1717,0.864963,0.916319,nan,0.191994,nan,2.146975
1718,0.691111,0.753292,-2.525061,0.191961,2.491564,1.804162
1719,0.669297,0.639782,nan,0.191961,nan,1.736950
1720,1.013475,0.870393,-3.548097,0.191928,0.321309,2.457254
1721,0.875035,0.787046,nan,0.191928,nan,2.173416
1722,1.071546,1.162019,-2.975012,0.191895,1.987417,2.595513
1723,0.732447,0.685388,nan,0.191895,nan,1.869220
1724,0.920995,0.899379,-2.161319,0.191861,1.462064,2.276561
1725,0.653051,0.686582,nan,0.191861,nan,1.727708
1726,0.771711,0.729506,-2.471963,0.191827,1.250070,1.990689
1727,0.726054,0.793759,nan,0.191827,nan,1.886272
1728,0.703085,0.776657,-2.420382,0.191792,1.847244,1.796267
1729,0.842268,1.065678,nan,0.191792,nan,2.114827
1730,0.681998,0.782058,-3.264913,0.191757,1.382199,1.801253
1731,0.685345,0.627155,nan,0.191757,nan,1.789824
1732,0.677626,0.674769,-2.151657,0.191722,0.964296,1.771616
1733,0.657955,0.753090,nan,0.191722,nan,1.732868
1734,0.572514,0.669270,-1.965603,0.191687,2.453578,1.569247
1735,0.625037,0.649400,nan,0.191687,nan,1.663772
1736,0.840109,0.882840,-3.226058,0.191651,1.022727,2.102257
1737,0.835423,0.804576,nan,0.191651,nan,2.083577
1738,0.578306,0.633297,-2.317232,0.191615,1.123274,1.568235
1739,1.137313,0.829726,nan,0.191615,nan,2.716799
1740,0.591895,0.746559,-3.830841,0.191579,2.389699,1.608227
1741,0.934951,1.033766,nan,0.191579,nan,2.306398
1742,0.638673,0.908726,-2.233362,0.191542,2.432394,1.709142
1743,0.790968,0.968356,nan,0.191542,nan,1.982933
1744,0.847497,0.828366,-3.818213,0.191504,2.623244,2.127168
1745,0.816912,0.751096,nan,0.191504,nan,2.062482
1746,0.625216,0.836470,0.113789,0.191469,-2.469205,1.658157
1747,0.553078,0.574303,nan,0.191469,nan,1.510937
1748,0.743674,0.929791,-3.224631,0.191434,1.495576,1.897951
1749,0.729972,0.864063,nan,0.191434,nan,1.874650
1750,0.761827,0.663326,-2.785768,0.191398,1.650222,1.954801
1751,0.795392,0.891744,nan,0.191398,nan,1.998080
1752,1.162101,1.193712,-2.670802,0.191362,3.052390,2.747244
1753,0.743237,0.808244,nan,0.191362,nan,1.899630
1754,0.941172,0.936841,-2.954528,0.191324,2.476245,2.305824
1755,1.048462,0.808560,nan,0.191324,nan,2.523411
1756,1.143562,0.692549,-2.316576,0.191287,1.698048,2.725277
1757,0.780245,0.903187,nan,0.191287,nan,1.981085
1758,0.924403,0.899521,0.190279,0.191251,-0.245252,2.302440
1759,0.846449,0.774250,nan,0.191251,nan,2.108363
1760,0.906160,0.994322,-1.473946,0.191214,2.653964,2.238620
1761,0.864745,0.730306,nan,0.191214,nan,2.160047
1762,0.810720,0.951893,-1.143537,0.191177,2.299178,2.017185
1763,0.688406,0.885990,nan,0.191177,nan,1.763973
1764,0.811900,0.925240,-2.407470,0.191139,2.568202,2.060016
1765,0.726797,0.756716,nan,0.191139,nan,1.868688
1766,0.878980,0.907703,-3.544288,0.191101,2.395350,2.181944
1767,1.110968,1.071275,nan,0.191101,nan,2.649216
1768,0.675073,0.890012,-1.766415,0.191063,1.095887,1.751323
1769,0.495621,0.524390,nan,0.191063,nan,1.387362
1770,0.854014,0.897559,-2.749732,0.191026,1.326734,2.132069
1771,0.593640,0.626936,nan,0.191026,nan,1.584826
1772,0.609168,0.659312,-0.396058,0.190990,0.561205,1.621769
1773,0.731189,0.750783,nan,0.190990,nan,1.873750
1774,0.683530,0.700732,-1.271287,0.190953,2.161381,1.781823
1775,0.516207,0.677174,nan,0.190953,nan,1.397567
1776,0.894125,0.868911,-2.022351,0.190917,0.278619,2.213502
1777,1.186226,1.127450,nan,0.190917,nan,2.799048
1778,0.932027,0.822182,-5.274555,0.190880,2.585832,2.297085
1779,1.158191,1.289628,nan,0.190880,nan,2.754940
1780,0.802360,1.104530,-3.159784,0.190844,0.258656,2.003349
1781,0.943652,1.009955,nan,0.190844,nan,2.302505
1782,0.916627,0.782314,-1.950661,0.190809,0.488979,2.237397
1783,0.776011,0.797112,nan,0.190809,nan,1.970189
1784,0.661173,0.692761,-1.248984,0.190775,0.123596,1.747372
1785,0.627673,0.670476,nan,0.190775,nan,1.669214
1786,0.623232,0.514532,-0.126400,0.190741,-1.021583,1.624711
1787,0.928166,0.982025,nan,0.190741,nan,2.271435
1788,0.763615,0.654298,-1.712277,0.190709,-0.540113,1.923064
1789,0.629584,0.704153,nan,0.190709,nan,1.638574
1790,0.817810,1.092687,-2.713267,0.190678,0.048541,2.001163
1791,0.857942,0.812478,nan,0.190678,nan,2.144573
1792,0.623275,0.617103,-1.323987,0.190647,0.152791,1.644253
1793,0.733457,0.676425,nan,0.190647,nan,1.890279
1794,0.509262,0.687116,-2.597206,0.190615,1.299349,1.380401
1795,0.761995,0.909367,nan,0.190615,nan,1.923807
1796,0.485901,0.503531,-2.808564,0.190584,0.919445,1.339912
1797,0.791156,0.671230,nan,0.190584,nan,2.016138
1798,0.592497,0.627968,-1.770908,0.190551,2.249907,1.545550
1799,0.971005,0.840688,nan,0.190551,nan,2.343159
1800,0.689856,0.660823,-3.411641,0.190519,0.876999,1.789345
1801,0.701584,0.662134,nan,0.190519,nan,1.798863
1802,1.073355,0.959424,-1.880142,0.190487,0.833491,2.573615
1803,0.814094,0.781623,nan,0.190487,nan,2.055454
1804,0.717423,0.770758,-0.560912,0.190454,1.550328,1.838074
1805,0.661229,0.636351,nan,0.190454,nan,1.699913
1806,0.822685,0.798571,-2.538988,0.190420,3.769708,2.023001
1807,0.790259,0.780229,nan,0.190420,nan,1.998554
1808,0.808801,0.703637,-3.037256,0.190387,1.421628,2.037309
1809,0.973320,0.822659,nan,0.190387,nan,2.369115
1810,0.829566,0.769877,-0.741584,0.190353,0.686265,2.069283
1811,0.737280,0.615139,nan,0.190353,nan,1.883384
1812,0.559858,0.575384,-0.303313,0.190321,-0.698238,1.517012
1813,0.728657,0.630855,nan,0.190321,nan,1.855507
1814,0.632699,0.596064,-2.752834,0.190287,2.275861,1.675210
1815,0.737119,0.765179,nan,0.190287,nan,1.881607
1816,0.682668,0.856682,-0.770186,0.190255,0.698390,1.744755
1817,0.743566,0.711646,nan,0.190255,nan,1.873232
1818,1.107838,1.058106,-0.890038,0.190222,0.537535,2.616562
1819,0.950305,1.116867,nan,0.190222,nan,2.306238
1820,0.882838,1.118172,-1.506696,0.190190,0.456060,2.182972
1821,1.122580,0.974634,nan,0.190190,nan,2.671611
1822,1.014065,0.854560,-2.917976,0.190158,2.399169,2.430300
1823,1.043217,0.836392,nan,0.190158,nan,2.503486
1824,1.517441,1.257773,-4.400711,0.190126,-1.121670,3.464500
1825,1.186537,1.503975,nan,0.190126,nan,2.779097
1826,0.724367,1.721688,-1.417161,0.190095,0.569173,1.844498
1827,0.689892,1.312921,nan,0.190095,nan,1.780812
1828,0.666928,0.680238,-0.881061,0.190063,1.597644,1.714669
1829,1.319976,0.874187,nan,0.190063,nan,3.067140
1830,0.984199,1.168423,0.345931,0.190032,1.121294,2.367751
1831,1.504125,1.006619,nan,0.190032,nan,3.447151
1832,1.596489,0.779531,0.942446,0.190001,0.759579,3.645252
1833,1.366327,1.077607,nan,0.190001,nan,3.140935
1834,1.016870,1.008777,-0.775493,0.189970,-0.343353,2.457974
1835,1.277281,1.106066,nan,0.189970,nan,2.980970
1836,1.031995,1.022660,-2.405300,0.189939,1.042892,2.460780
1837,1.038393,1.413723,nan,0.189939,nan,2.502598
1838,1.010048,1.059262,-2.713956,0.189909,0.031080,2.439476
1839,0.850247,0.796861,nan,0.189909,nan,2.118865
1840,0.828449,0.767560,0.326958,0.189880,-0.709184,2.052128
1841,1.483826,1.066804,nan,0.189880,nan,3.389534
1842,1.099290,0.863204,-0.426635,0.189850,1.176808,2.619602
1843,0.675885,1.007092,nan,0.189850,nan,1.726149
1844,0.754719,0.794715,-2.451143,0.189819,3.526871,1.908367
1845,0.992199,0.947195,nan,0.189819,nan,2.400234
1846,0.618527,0.897942,-3.077799,0.189788,0.953066,1.640064
1847,0.974082,0.863915,nan,0.189788,nan,2.355695
1848,0.938419,0.881500,-2.173677,0.189757,0.055788,2.296094
1849,0.739634,0.735075,nan,0.189757,nan,1.891906
1850,0.686529,0.623966,-0.980975,0.189726,1.407943,1.773615
1851,1.084602,0.970809,nan,0.189726,nan,2.586858
1852,0.972517,0.819161,-0.966366,0.189695,2.074049,2.339799
1853,0.945080,0.930519,nan,0.189695,nan,2.301469
1854,0.790718,0.818111,-1.862503,0.189664,0.220005,1.979306
1855,0.995270,0.925314,nan,0.189664,nan,2.398415
1856,0.933116,0.817546,-2.691875,0.189632,2.336617,2.278862
1857,0.782039,0.752051,nan,0.189632,nan,1.965871
1858,1.033886,1.098973,-1.770321,0.189602,-0.659439,2.483816
1859,0.634749,0.650163,nan,0.189602,nan,1.674376
1860,1.154161,1.166168,-1.931720,0.189572,0.135722,2.710975
1861,0.556723,0.546700,nan,0.189572,nan,1.504264
1862,0.602885,0.621554,-1.310009,0.189542,-0.639143,1.622435
1863,0.823407,0.887942,nan,0.189542,nan,2.047450
1864,0.985524,0.761967,-3.725900,0.189513,0.956043,2.371842
1865,0.602326,0.600035,nan,0.189513,nan,1.587357
1866,0.830222,0.850165,-2.705847,0.189484,0.185503,2.073545
1867,0.771113,0.700573,nan,0.189484,nan,1.939820
1868,0.970096,0.956705,-3.867855,0.189455,0.283345,2.342888
1869,0.813537,0.627836,nan,0.189455,nan,2.050673
1870,0.717746,0.791353,-1.858092,0.189427,-0.169632,1.830034
1871,0.921961,0.769710,nan,0.189427,nan,2.237462
1872,0.846942,0.942067,-2.169181,0.189398,0.638144,2.106749
1873,0.962618,0.781464,nan,0.189398,nan,2.341830
1874,0.781402,0.541619,-1.117077,0.189370,0.213364,1.981728
1875,0.876408,0.775817,nan,0.189370,nan,2.132838
1876,1.150275,0.878316,-2.013838,0.189341,2.449296,2.715089
1877,0.821512,0.762419,nan,0.189341,nan,2.060235
1878,1.055336,1.234834,-2.522506,0.189312,-0.026632,2.497572
1879,1.124062,0.696046,nan,0.189312,nan,2.663761
1880,1.029093,0.730072,-2.342607,0.189283,0.496611,2.475575
1881,0.980300,0.905106,nan,0.189283,nan,2.360569
1882,1.357120,0.876058,0.461398,0.189255,0.009694,3.146883
1883,1.108034,0.906415,nan,0.189255,nan,2.663058
1884,0.622796,0.772178,0.420236,0.189226,2.812677,1.658769
1885,0.790384,0.820478,nan,0.189226,nan,1.993886
1886,0.822797,1.020956,-0.895366,0.189195,3.203414,2.068280
1887,0.970173,1.022115,nan,0.189195,nan,2.378906
1888,0.735633,0.775103,-1.985723,0.189165,0.496233,1.876335
1889,0.872032,1.040980,nan,0.189165,nan,2.147252
1890,0.787921,0.708854,-0.029502,0.189134,2.070683,1.996322
1891,1.390521,0.848513,nan,0.189134,nan,3.212357
1892,0.864074,0.786908,-2.362431,0.189103,2.213469,2.148721
1893,0.867099,0.690483,nan,0.189103,nan,2.160477
1894,1.140781,0.907643,-2.478218,0.189072,-0.459320,2.698978
1895,1.126676,1.429978,nan,0.189072,nan,2.689343
1896,1.205001,0.825577,-1.584356,0.189041,1.536403,2.855793
1897,0.944970,0.903746,nan,0.189041,nan,2.301608
1898,0.800004,0.718291,-2.064904,0.189011,1.046632,2.026849
1899,1.201629,0.883879,nan,0.189011,nan,2.843475
1900,1.060904,0.890097,-1.633067,0.188980,1.702694,2.549790
1901,1.206328,0.984851,nan,0.188980,nan,2.841721
1902,0.958385,0.833060,-1.993756,0.188949,1.205707,2.351700
1903,0.996792,0.962626,nan,0.188949,nan,2.417451
1904,1.151603,0.881934,-2.317399,0.188918,0.848680,2.741440
1905,0.989980,0.872165,nan,0.188918,nan,2.410425
1906,1.265974,1.243217,-0.402991,0.188889,-0.910386,2.976164
1907,0.879982,1.190709,nan,0.188889,nan,2.167400
1908,1.109764,0.916967,-2.619423,0.188859,1.513763,2.657800
1909,1.183035,0.822658,nan,0.188859,nan,2.818689
1910,0.966170,0.764447,-2.001342,0.188830,-0.950870,2.367438
1911,1.122012,1.141446,nan,0.188830,nan,2.654136
1912,0.847231,0.762174,-2.539707,0.188801,1.601395,2.101060
1913,0.709157,0.767115,nan,0.188801,nan,1.844395
1914,1.063557,1.029429,-1.809348,0.188772,0.899915,2.543912
1915,0.597671,0.395061,nan,0.188772,nan,1.598940
1916,1.130044,1.120247,-2.576620,0.188742,1.201452,2.676002
1917,1.239019,1.009532,nan,0.188742,nan,2.876476
1918,1.218531,1.009373,-2.842462,0.188713,1.565197,2.867549
1919,0.967280,1.143847,nan,0.188713,nan,2.364492
1920,0.937972,0.658618,-1.404572,0.188683,1.566551,2.305245
1921,1.091685,1.112203,nan,0.188683,nan,2.610790
1922,1.214898,0.993689,-0.876209,0.188653,1.075490,2.843380
1923,0.809838,0.734364,nan,0.188653,nan,2.021092
1924,1.076365,0.913352,-1.816871,0.188624,-0.228298,2.556875
1925,1.292130,1.136323,nan,0.188624,nan,3.017877
1926,0.714748,0.652915,-2.656292,0.188595,1.534686,1.825599
1927,0.627364,0.653883,nan,0.188595,nan,1.661691
1928,0.656271,0.688323,-0.954900,0.188565,1.290174,1.709447
1929,0.714087,0.832853,nan,0.188565,nan,1.855181
1930,1.035591,0.908262,-1.587281,0.188535,0.795111,2.505361
1931,0.607492,0.669479,nan,0.188535,nan,1.630294
1932,1.005868,0.679317,-1.836905,0.188507,-1.189559,2.443858
1933,0.500555,0.652183,nan,0.188507,nan,1.404836
1934,0.909419,0.753045,-2.596515,0.188478,2.232762,2.253366
1935,0.627108,0.655353,nan,0.188478,nan,1.657236
1936,0.817702,0.917772,-2.722554,0.188449,0.810132,2.068717
1937,1.296853,1.183699,nan,0.188449,nan,3.022024
1938,0.789658,0.798655,-2.893551,0.188420,2.282002,1.992154
1939,0.917761,0.678249,nan,0.188420,nan,2.266360
1940,0.977059,1.024560,0.330649,0.188390,1.888892,2.423152
1941,1.114609,0.891663,nan,0.188390,nan,2.671833
1942,1.392290,1.138936,-1.655864,0.188360,0.978720,3.245476
1943,1.151448,1.235998,nan,0.188360,nan,2.728930
1944,0.761449,0.698085,0.101660,0.188330,1.106396,1.944615
1945,1.093225,0.906335,nan,0.188330,nan,2.628317
1946,1.243216,1.471319,-0.444038,0.188299,4.166934,2.922735
1947,0.950684,0.936073,nan,0.188299,nan,2.339405
1948,1.033862,0.956866,-0.755854,0.188268,1.282233,2.511662
1949,1.152545,0.919666,nan,0.188268,nan,2.757495
1950,0.914591,0.685565,-2.485371,0.188235,4.444548,2.247947
1951,1.583881,0.971955,nan,0.188235,nan,3.624691
1952,1.052200,1.022951,-2.013133,0.188202,2.574809,2.539156
1953,1.161166,1.013011,nan,0.188202,nan,2.746194
1954,0.829989,1.075968,0.270903,0.188170,0.284189,2.084052
1955,1.031903,0.808297,nan,0.188170,nan,2.484186
1956,1.078956,1.174086,-0.569838,0.188138,1.532559,2.581986
1957,0.704541,0.616243,nan,0.188138,nan,1.852599
1958,0.884745,0.844267,-1.010777,0.188106,0.753437,2.211465
1959,1.172885,0.990150,nan,0.188106,nan,2.792958
1960,0.685152,0.845368,-0.684423,0.188074,1.619677,1.758510
1961,1.173824,1.073483,nan,0.188074,nan,2.775763
1962,0.843195,0.891473,-0.463705,0.188042,2.531371,2.107671
1963,1.170068,1.214907,nan,0.188042,nan,2.769753
1964,0.924115,0.949466,1.138686,0.188011,1.223684,2.278444
1965,0.956955,1.025387,nan,0.188011,nan,2.355982
1966,0.978883,0.999883,-1.658425,0.187978,3.301844,2.410493
1967,0.908428,1.121984,nan,0.187978,nan,2.237620
1968,0.849325,0.765148,-3.586455,0.187945,3.189622,2.130165
1969,0.829131,0.973351,nan,0.187945,nan,2.093170
1970,0.823794,0.864637,-0.394087,0.187911,2.228175,2.080911
1971,1.322297,1.346509,nan,0.187911,nan,3.073784
1972,0.796889,0.764738,-0.448395,0.187878,2.164888,2.039146
1973,1.094159,0.989699,nan,0.187878,nan,2.612892
1974,1.074068,0.975215,-0.091745,0.187845,1.106055,2.603383
1975,0.977681,1.176316,nan,0.187845,nan,2.406799
1976,0.516090,0.692603,-1.872999,0.187812,2.188923,1.428132
1977,1.067497,1.115600,nan,0.187812,nan,2.561342
1978,1.448126,1.508466,-0.848972,0.187780,1.640573,3.346045
1979,1.051793,1.011559,nan,0.187780,nan,2.545415
1980,1.045042,0.957945,0.432877,0.187748,0.501925,2.516453
1981,0.988661,0.871235,nan,0.187748,nan,2.394594
1982,1.141634,1.273240,1.516070,0.187716,0.625122,2.705597
1983,0.917285,1.236078,nan,0.187716,nan,2.266299
1984,1.272312,1.261060,0.803670,0.187685,1.043408,2.990171
1985,0.780619,1.413781,nan,0.187685,nan,1.960272
1986,1.260839,1.472597,-0.825780,0.187655,-0.739211,2.954113
1987,1.054433,0.633417,nan,0.187655,nan,2.553575
1988,1.240237,0.879633,-0.469483,0.187625,1.848846,2.931437
1989,0.967258,1.094566,nan,0.187625,nan,2.370287
1990,1.494818,1.596559,1.931017,0.187595,2.573918,3.431335
1991,1.266841,1.337067,nan,0.187595,nan,3.003553
1992,0.798844,0.702696,0.505200,0.187564,1.428855,2.019873
1993,1.169845,1.464734,nan,0.187564,nan,2.799548
1994,1.089120,1.208582,-1.209793,0.187533,2.015087,2.622765
1995,1.170990,1.063127,nan,0.187533,nan,2.802206
1996,0.731360,0.715958,-0.302087,0.187502,3.673727,1.884663
1997,1.066391,1.141719,nan,0.187502,nan,2.580821
1998,0.798305,0.868978,0.572815,0.187470,2.403304,2.014077
1999,1.057997,1.097657,nan,0.187470,nan,2.574723
2000,0.782786,0.827409,-0.165891,0.187438,1.438682,1.995067
2001,1.216484,1.142203,nan,0.187438,nan,2.878862
2002,0.696779,0.701337,-0.080913,0.187407,1.363221,1.839430
2003,0.828727,0.812983,nan,0.187407,nan,2.091542
2004,1.062292,1.023664,-0.041518,0.187375,1.407141,2.561822
2005,0.703018,0.609901,nan,0.187375,nan,1.828629
2006,0.921365,0.869262,0.175951,0.187345,-0.313360,2.257857
2007,0.871770,0.817585,nan,0.187345,nan,2.176386
2008,0.892045,0.792116,1.393588,0.187314,2.719065,2.219548
2009,0.754870,0.473422,nan,0.187314,nan,1.957629
2010,0.726239,0.830792,1.153280,0.187283,2.136878,1.860753
2011,0.609831,0.684479,nan,0.187283,nan,1.621252
2012,1.102932,1.093799,-0.872887,0.187253,1.467424,2.626198
2013,1.150137,0.927893,nan,0.187253,nan,2.757605
2014,1.192058,1.036704,0.403583,0.187222,1.970566,2.843482
2015,0.894437,1.037167,nan,0.187222,nan,2.215299
2016,1.108823,1.103562,0.083893,0.187191,1.879232,2.654751
2017,0.853508,0.899372,nan,0.187191,nan,2.141495
2018,0.834789,0.795694,-0.402217,0.187161,0.472457,2.103262
2019,1.221074,1.105176,nan,0.187161,nan,2.875367
2020,0.855827,0.747663,-1.748153,0.187130,1.603019,2.136758
2021,1.295660,1.152574,nan,0.187130,nan,3.032588
2022,0.913929,0.713052,-0.864858,0.187100,0.985873,2.269314
2023,0.806074,0.787867,nan,0.187100,nan,2.032338
2024,0.831257,0.844098,-0.449382,0.187070,3.367268,2.091702
2025,0.894787,0.798156,nan,0.187070,nan,2.215859
2026,0.669488,0.611249,0.124055,0.187039,0.975666,1.755570
2027,1.216967,1.410936,nan,0.187039,nan,2.887263
2028,0.760635,0.757354,-1.487718,0.187009,1.954378,1.942471
2029,0.929836,0.775883,nan,0.187009,nan,2.307256
2030,1.535422,1.073653,-1.484400,0.186979,0.462707,3.537959
2031,1.159802,1.396283,nan,0.186979,nan,2.773415
2032,0.843060,1.144930,-1.063155,0.186950,-0.015734,2.120185
2033,0.753331,0.854640,nan,0.186950,nan,1.936848
2034,1.078324,1.073720,2.045106,0.186920,3.464472,2.596602
2035,1.071996,1.095515,nan,0.186920,nan,2.566149
2036,1.104925,0.508218,0.964784,0.186891,0.288069,2.680029
2037,1.170024,0.810022,nan,0.186891,nan,2.774794
2038,0.679124,1.003181,-0.130228,0.186860,3.600928,1.757020
2039,0.764082,0.719555,nan,0.186860,nan,1.965755
2040,0.997390,1.179742,-1.835131,0.186830,2.075230,2.421083
2041,0.847301,0.915956,nan,0.186830,nan,2.129940
2042,1.129366,0.891570,0.045402,0.186800,1.114862,2.696276
2043,1.085003,0.808763,nan,0.186800,nan,2.613093
2044,0.961376,1.091014,0.031934,0.186771,-0.280438,2.340481
2045,1.049660,0.969529,nan,0.186771,nan,2.544627
2046,0.748606,0.783003,-0.525363,0.186741,2.203852,1.891735
2047,0.748103,0.731150,nan,0.186741,nan,1.912733
2048,0.908226,0.808365,0.124352,0.186712,1.332511,2.238056
2049,0.864992,0.831022,nan,0.186712,nan,2.180042
2050,1.129303,0.906134,-1.419190,0.186683,1.162416,2.697522
2051,0.833789,0.820624,nan,0.186683,nan,2.099212
2052,1.046418,0.974387,-1.617583,0.186654,1.875267,2.517005
2053,0.905388,0.856892,nan,0.186654,nan,2.235472
2054,0.743530,0.686702,0.129957,0.186624,2.493474,1.910782
2055,0.818747,0.842866,nan,0.186624,nan,2.064184
2056,0.654500,0.674948,-0.306537,0.186594,3.037077,1.716739
2057,0.945404,0.938643,nan,0.186594,nan,2.321703
2058,0.953052,0.793150,0.551899,0.186564,1.301147,2.316671
2059,0.705233,0.643587,nan,0.186564,nan,1.822495
2060,0.790213,0.860769,-0.124157,0.186533,1.894276,2.008257
2061,1.036316,1.131726,nan,0.186533,nan,2.483864
2062,0.886748,0.983309,-1.353961,0.186503,2.587299,2.216371
2063,0.694321,0.674679,nan,0.186503,nan,1.811699
2064,0.632514,0.508654,-0.285301,0.186473,1.568277,1.692399
2065,0.808056,0.851435,nan,0.186473,nan,2.054359
2066,0.980977,0.887741,-0.868537,0.186442,2.746914,2.395844
2067,0.655168,0.634458,nan,0.186442,nan,1.725379
2068,0.663725,0.710301,-0.535504,0.186411,2.155488,1.763672
2069,0.752358,0.901819,nan,0.186411,nan,1.911955
2070,0.632892,0.584545,-1.023539,0.186381,1.999383,1.669543
2071,1.004776,0.961584,nan,0.186381,nan,2.466976
2072,0.593587,0.477009,1.062752,0.186350,2.998728,1.619724
2073,0.515971,0.531454,nan,0.186350,nan,1.434196
2074,0.863718,0.794712,0.169757,0.186319,0.727523,2.181737
2075,0.833471,0.720789,nan,0.186319,nan,2.086044
2076,0.804081,0.737958,-0.586380,0.186288,2.880158,2.022842
2077,0.856808,0.878667,nan,0.186288,nan,2.150800
2078,1.144269,1.090444,-0.091184,0.186257,1.927814,2.729227
2079,0.929343,0.839158,nan,0.186257,nan,2.288541
2080,0.904803,0.892097,-0.577772,0.186226,2.431919,2.209225
2081,0.810926,0.866717,nan,0.186226,nan,2.036239
2082,0.951054,0.760894,-0.797345,0.186195,2.688708,2.334301
2083,0.612777,0.944773,nan,0.186195,nan,1.631830
2084,1.248978,0.862652,-0.911848,0.186164,2.796462,2.952439
2085,0.901923,0.875596,nan,0.186164,nan,2.221468
2086,0.955997,1.327711,-2.209932,0.186132,1.560446,2.334908
2087,1.238707,0.847975,nan,0.186132,nan,2.931050
2088,1.261979,0.834782,0.305210,0.186101,3.232273,2.969123
2089,0.702947,0.738828,nan,0.186101,nan,1.829841
2090,1.528186,1.048547,-0.730619,0.186070,0.891636,3.511071
2091,0.821934,1.391359,nan,0.186070,nan,2.089332
2092,0.575693,1.173324,1.418429,0.186038,3.498180,1.551253
2093,1.174145,1.574432,nan,0.186038,nan,2.781252
2094,0.712788,0.614563,-1.234297,0.186006,2.881756,1.847626
2095,0.699439,1.055718,nan,0.186006,nan,1.819668
2096,0.721916,0.779480,-2.515436,0.185975,0.899866,1.866844
2097,0.540313,0.635844,nan,0.185975,nan,1.484041
2098,0.648611,0.583847,-1.236711,0.185943,4.332119,1.715582
2099,0.546145,0.487063,nan,0.185943,nan,1.497394
2100,0.845067,0.635757,0.580316,0.185911,1.794082,2.104697
2101,0.818746,0.829268,nan,0.185911,nan,2.070399
2102,1.001037,0.834371,-1.641339,0.185880,2.617882,2.434770
2103,0.592239,0.543423,nan,0.185880,nan,1.606858
2104,0.810819,0.748132,0.388367,0.185848,1.802167,2.062973
2105,0.775877,0.738778,nan,0.185848,nan,1.974169
2106,0.731886,0.685186,-0.581391,0.185817,1.776366,1.890393
2107,0.881269,0.867350,nan,0.185817,nan,2.185613
2108,0.750075,0.943566,-0.347274,0.185786,1.958394,1.922058
2109,0.852991,0.669141,nan,0.185786,nan,2.139436
2110,0.501511,0.708288,2.054995,0.185754,3.398920,1.412415
2111,1.007510,0.856840,nan,0.185754,nan,2.459618
2112,1.005881,0.698115,-0.706744,0.185722,3.292421,2.464252
2113,1.036842,0.957572,nan,0.185722,nan,2.509724
2114,0.875097,0.686938,-1.087100,0.185690,3.849812,2.205268
2115,0.855949,0.868432,nan,0.185690,nan,2.141819
2116,1.251039,1.153478,-2.127052,0.185658,1.971042,2.949880
2117,0.916729,0.696012,nan,0.185658,nan,2.275990
2118,0.771394,0.696403,-0.824570,0.185627,-0.120503,1.955964
2119,0.823220,0.940820,nan,0.185627,nan,2.061882
2120,0.684563,0.912415,-0.824960,0.185597,0.929177,1.780858
2121,0.748709,0.885641,nan,0.185597,nan,1.905992
2122,0.646878,0.903546,0.163594,0.185566,1.687947,1.702650
2123,0.770140,0.619076,nan,0.185566,nan,1.959675
2124,0.668727,0.682734,-0.257677,0.185537,0.412009,1.753971
2125,0.773331,0.804115,nan,0.185537,nan,1.952702
2126,0.758661,0.771469,-1.021394,0.185508,1.794237,1.959166
2127,1.077128,0.923847,nan,0.185508,nan,2.595880
2128,1.075213,0.990904,-1.862688,0.185479,0.336664,2.610369
2129,0.741536,0.804430,nan,0.185479,nan,1.896232
2130,0.712078,0.839741,0.454204,0.185451,0.828582,1.815577
2131,0.928904,1.124767,nan,0.185451,nan,2.288443
2132,1.007557,0.800501,0.252600,0.185424,0.322744,2.435461
2133,0.565858,0.446401,nan,0.185424,nan,1.555782
2134,0.478171,0.566401,0.661583,0.185396,3.229172,1.364852
2135,0.873211,0.637575,nan,0.185396,nan,2.151288
2136,0.675210,0.668929,0.920435,0.185368,0.784878,1.747939
2137,1.051950,0.786205,nan,0.185368,nan,2.530080
2138,0.652268,0.639987,0.654282,0.185340,2.762920,1.704243
2139,0.660468,1.104694,nan,0.185340,nan,1.746141
2140,1.040576,1.124140,-0.014577,0.185312,1.120123,2.509373
2141,1.434303,1.235240,nan,0.185312,nan,3.307475
2142,1.085903,1.207150,-1.034174,0.185285,0.376070,2.613406
2143,0.870394,0.795038,nan,0.185285,nan,2.186849
2144,0.948591,0.784122,2.349576,0.185257,1.855510,2.356626
2145,1.104997,0.883401,nan,0.185257,nan,2.662791
2146,1.042011,0.968086,1.338749,0.185230,1.920452,2.509706
2147,1.049994,1.624222,nan,0.185230,nan,2.546861
2148,1.022078,1.389372,2.346942,0.185202,0.814904,2.481342
2149,0.944079,1.059684,nan,0.185202,nan,2.305984
2150,0.942097,0.824899,1.366579,0.185175,2.150632,2.290689
2151,0.733599,1.020171,nan,0.185175,nan,1.881000
2152,0.671232,0.550990,0.834006,0.185148,0.501817,1.766396
2153,0.925263,0.957930,nan,0.185148,nan,2.272524
2154,0.563941,0.675125,0.205148,0.185121,2.774120,1.520641
2155,0.607013,0.623964,nan,0.185121,nan,1.623157
2156,0.789192,0.639853,0.206039,0.185093,2.410985,2.002316
2157,0.684948,0.691209,nan,0.185093,nan,1.780881
2158,0.943253,0.729194,0.997649,0.185065,2.441612,2.316536
2159,1.015153,1.193902,nan,0.185065,nan,2.427882
2160,0.811345,0.687527,-0.205332,0.185037,-0.243046,2.035156
2161,1.050361,1.028191,nan,0.185037,nan,2.525675
2162,0.869375,0.776718,-0.997494,0.185010,2.878197,2.166091
2163,1.019519,1.087113,nan,0.185010,nan,2.443799
2164,0.611666,0.823076,-1.284010,0.184982,1.896653,1.637241
2165,0.772585,0.870080,nan,0.184982,nan,1.984620
2166,0.715816,1.185446,-0.549493,0.184954,1.237579,1.858348
2167,0.807059,0.832436,nan,0.184954,nan,2.054523
2168,0.807077,0.575810,-0.798726,0.184926,3.352808,2.034330
2169,0.669091,0.549559,nan,0.184926,nan,1.774589
2170,0.667526,0.510468,-1.013863,0.184898,2.068501,1.777311
2171,0.625307,0.637119,nan,0.184898,nan,1.659441
2172,0.301241,0.483598,0.453586,0.184869,3.020292,0.970298
2173,0.581183,0.616341,nan,0.184869,nan,1.547723
2174,0.787339,0.715707,-0.392820,0.184839,4.873145,2.032289
2175,0.643358,0.631078,nan,0.184839,nan,1.696805
2176,0.769247,0.871677,-0.654282,0.184809,1.785469,1.975752
2177,0.696135,0.522549,nan,0.184809,nan,1.823596
2178,0.930750,0.933712,0.677676,0.184780,1.750463,2.293878
2179,0.762964,0.777643,nan,0.184780,nan,1.961528
2180,1.012582,1.115359,-0.436984,0.184749,4.527190,2.469032
2181,0.742273,0.717098,nan,0.184749,nan,1.909850
2182,0.571106,0.646496,0.529529,0.184719,2.290373,1.549350
2183,0.700178,0.627882,nan,0.184719,nan,1.814781
2184,0.697840,0.658735,-0.371421,0.184689,2.378886,1.820011
2185,0.776036,0.712706,nan,0.184689,nan,1.995973
2186,0.723156,0.746377,0.354011,0.184659,1.615799,1.876544
2187,0.817889,0.882450,nan,0.184659,nan,2.063022
2188,0.614855,0.722067,-0.591056,0.184629,2.647918,1.649007
2189,0.680323,0.734938,nan,0.184629,nan,1.796102
2190,0.796843,0.832738,-0.803331,0.184598,3.842626,2.048953
2191,0.735532,0.840355,nan,0.184598,nan,1.888590
2192,0.631379,0.714568,-0.193933,0.184568,1.513657,1.700602
2193,0.625020,0.668274,nan,0.184568,nan,1.675989
2194,0.740191,0.687072,0.524802,0.184538,2.815609,1.904817
2195,0.746753,0.740940,nan,0.184538,nan,1.926045
2196,0.586315,0.696734,-1.084618,0.184507,3.005751,1.610232
2197,0.963125,0.876884,nan,0.184507,nan,2.385993
2198,0.750532,0.793100,-0.452491,0.184477,0.480112,1.932077
2199,0.887561,1.154733,nan,0.184477,nan,2.197484
2200,0.864415,0.900729,-0.211463,0.184448,1.764796,2.186346
2201,0.419115,0.481949,nan,0.184448,nan,1.239954
2202,1.264677,0.863153,2.134338,0.184418,3.288686,2.985422
2203,0.907637,0.964988,nan,0.184418,nan,2.269560
2204,0.602365,0.927038,1.627689,0.184389,2.299803,1.630951
2205,0.744540,0.888831,nan,0.184389,nan,1.916103
2206,0.788505,0.921459,-0.125640,0.184359,2.496797,1.998022
2207,0.740013,1.181140,nan,0.184359,nan,1.900182
2208,0.866363,0.774993,-1.081898,0.184329,3.374312,2.174728
2209,0.956951,0.854252,nan,0.184329,nan,2.371747
2210,0.699582,0.667873,0.449234,0.184299,3.621077,1.790195
2211,0.621981,0.591081,nan,0.184299,nan,1.648569
2212,0.788490,0.631245,0.695867,0.184268,2.117020,2.005964
2213,0.747436,0.803270,nan,0.184268,nan,1.939192
2214,0.813030,0.790919,-1.034759,0.184238,2.906354,2.048266
2215,0.888260,0.757818,nan,0.184238,nan,2.233642
2216,1.099888,0.619871,-0.575312,0.184208,0.298035,2.643750
2217,0.737363,0.878425,nan,0.184208,nan,1.925307
2218,1.064022,1.107265,-0.885253,0.184179,2.109695,2.566630
2219,1.099193,0.896398,nan,0.184179,nan,2.668626
2220,0.806577,0.596192,0.671616,0.184149,3.745084,2.047831
2221,0.760914,0.708191,nan,0.184149,nan,1.969447
2222,0.949387,0.737645,-0.234699,0.184119,2.979701,2.336035
2223,0.598397,0.563843,nan,0.184119,nan,1.623396
2224,0.889894,0.774269,-0.003922,0.184089,3.192247,2.219759
2225,0.761519,0.787475,nan,0.184089,nan,1.928726
2226,0.725342,0.681739,-0.093788,0.184060,0.234074,1.874597
2227,0.730358,0.806762,nan,0.184060,nan,1.905051
2228,0.939076,0.756600,-0.578561,0.184031,1.103017,2.334256
2229,0.678709,0.659584,nan,0.184031,nan,1.771401
2230,0.467750,0.439466,-0.089080,0.184002,4.100695,1.354731
2231,0.866120,0.848474,nan,0.184002,nan,2.158268
2232,1.150547,1.072335,0.289256,0.183972,3.282776,2.727907
2233,0.698136,0.855685,nan,0.183972,nan,1.816381
2234,0.864408,0.979477,-0.244586,0.183942,3.733409,2.182452
2235,0.825555,0.722847,nan,0.183942,nan,2.076215
2236,0.801619,0.847878,0.126464,0.183912,2.815331,2.039009
2237,0.807738,0.829278,nan,0.183912,nan,2.074861
2238,0.757962,0.711984,-0.942756,0.183881,3.403522,1.959060
2239,0.844550,0.766259,nan,0.183881,nan,2.132845
2240,0.388206,0.427312,0.556457,0.183851,2.867787,1.164937
2241,0.775232,0.867195,nan,0.183851,nan,1.987039
2242,0.881965,1.181896,-0.808376,0.183820,3.925708,2.186095
2243,1.037860,0.905057,nan,0.183820,nan,2.502687
2244,0.781842,0.961549,-0.049259,0.183789,2.547721,2.002125
2245,0.492429,0.456260,nan,0.183789,nan,1.383694
2246,0.658978,0.719262,0.333183,0.183758,3.564658,1.737661
2247,0.679343,0.894495,nan,0.183758,nan,1.788468
2248,0.721480,0.654672,-0.385372,0.183728,0.313946,1.862023
2249,0.795581,0.744784,nan,0.183728,nan,2.035846
2250,0.786799,0.774647,-0.015345,0.183698,2.399386,1.998591
2251,0.889194,0.889857,nan,0.183698,nan,2.222837
2252,0.834912,0.814333,1.154752,0.183670,0.324397,2.091891
2253,0.793165,0.931447,nan,0.183670,nan,2.021099
2254,0.784709,0.770786,1.149304,0.183641,2.490250,1.993013
2255,0.714069,0.753134,nan,0.183641,nan,1.840015
2256,0.620068,0.856467,1.050706,0.183612,2.390264,1.644941
2257,1.029007,1.061307,nan,0.183612,nan,2.503438
2258,0.667423,0.773363,1.578247,0.183582,5.529198,1.730385
2259,0.942320,0.937523,nan,0.183582,nan,2.340352
2260,0.642882,0.638714,0.022644,0.183551,3.872650,1.736700
2261,0.954522,0.542253,nan,0.183551,nan,2.366901
2262,0.741794,0.550632,-0.330466,0.183522,1.391027,1.919568
2263,0.836823,0.845300,nan,0.183522,nan,2.101805
2264,0.624911,0.633824,0.779984,0.183492,2.950781,1.675167
2265,0.848297,0.680228,nan,0.183492,nan,2.123595
2266,0.804739,0.704861,-0.045999,0.183462,1.799246,2.036143
2267,1.084721,1.083449,nan,0.183462,nan,2.645434
2268,0.719266,0.932858,-0.098356,0.183433,3.585447,1.859835
2269,0.677898,0.658516,nan,0.183433,nan,1.789337
2270,0.606063,0.838460,1.146185,0.183403,2.103649,1.645759
2271,0.925952,0.935710,nan,0.183403,nan,2.293793
2272,0.605352,0.634933,0.344285,0.183374,1.472695,1.632282
2273,0.765267,0.853277,nan,0.183374,nan,1.980126
2274,0.586590,0.730244,1.429462,0.183345,2.589419,1.618970
2275,1.014566,1.051599,nan,0.183345,nan,2.463012
2276,0.820073,0.748913,0.740371,0.183316,1.978907,2.073936
2277,0.803130,0.710919,nan,0.183316,nan,2.055195
2278,0.932281,0.795224,0.213683,0.183288,2.516598,2.303335
2279,0.733821,0.654688,nan,0.183288,nan,1.892306
2280,0.666673,0.675830,-0.211221,0.183258,4.775260,1.758470
2281,0.894112,0.862275,nan,0.183258,nan,2.245396
2282,0.637972,0.633751,1.760431,0.183229,1.700356,1.712990
2283,0.847095,0.840530,nan,0.183229,nan,2.147767
2284,0.879331,0.837386,1.448960,0.183199,4.533566,2.202336
2285,1.103896,1.113180,nan,0.183199,nan,2.654895
2286,0.790666,0.801502,0.924528,0.183169,3.088814,2.024316
2287,0.886312,0.855313,nan,0.183169,nan,2.234435
2288,0.430975,0.561583,0.910683,0.183139,3.503572,1.289591
2289,0.854177,0.702553,nan,0.183139,nan,2.140381
2290,1.167921,0.852854,2.451296,0.183108,4.211003,2.803125
2291,0.683939,0.554932,nan,0.183108,nan,1.790506
2292,0.763992,0.751446,1.968007,0.183078,2.441523,1.953286
2293,0.715580,0.600596,nan,0.183078,nan,1.884930
2294,0.815422,0.692062,1.020547,0.183047,4.273874,2.075505
2295,1.000348,0.738242,nan,0.183047,nan,2.483987
2296,0.994312,0.792265,0.306016,0.183016,3.585131,2.439602
2297,0.707185,0.701730,nan,0.183016,nan,1.849957
2298,0.912441,0.727578,0.903768,0.182985,3.022095,2.299352
2299,0.593998,0.513430,nan,0.182985,nan,1.597055
2300,1.146827,0.916186,1.896582,0.182955,3.099957,2.757032
2301,0.631769,0.805269,nan,0.182955,nan,1.683393
2302,0.728420,0.565222,0.081549,0.182924,2.062700,1.905946
2303,0.853960,0.789690,nan,0.182924,nan,2.169626
2304,0.875994,0.643001,-1.710520,0.182894,3.505689,2.208404
2305,0.754918,0.673936,nan,0.182894,nan,1.963609
2306,0.694656,0.641614,2.590958,0.182864,2.677414,1.808110
2307,0.909817,0.858399,nan,0.182864,nan,2.262951
2308,0.846631,0.628585,2.590069,0.182833,3.423302,2.132095
2309,0.823093,0.701667,nan,0.182833,nan,2.106683
2310,0.925057,0.744923,-0.063953,0.182802,4.312657,2.281438
2311,0.652287,0.934230,nan,0.182802,nan,1.752022
2312,0.830093,1.001493,1.740527,0.182772,1.014931,2.101156
2313,0.896126,0.705992,nan,0.182772,nan,2.253760
2314,0.828691,0.690652,3.217173,0.182743,2.724527,2.073457
2315,0.925381,0.721244,nan,0.182743,nan,2.295685
2316,0.610360,0.523801,2.033907,0.182713,3.378627,1.656531
2317,0.907284,0.940241,nan,0.182713,nan,2.254432
2318,0.639120,0.716309,3.679529,0.182683,3.359293,1.708880
2319,1.136188,0.887904,nan,0.182683,nan,2.757607
2320,0.862365,0.733956,0.649958,0.182652,4.129758,2.158330
2321,0.851983,0.710184,nan,0.182652,nan,2.134199
2322,1.018566,0.851426,1.279906,0.182621,5.184397,2.485238
2323,0.779845,0.756986,nan,0.182621,nan,2.004844
2324,0.712784,0.821634,2.509446,0.182590,3.752290,1.842792
2325,0.580241,0.588236,nan,0.182590,nan,1.589550
2326,0.897476,0.652812,3.710141,0.182560,0.863820,2.259679
2327,0.715005,0.672894,nan,0.182560,nan,1.884048
2328,0.997254,0.894571,3.093575,0.182530,3.794505,2.461023
2329,0.951017,0.842552,nan,0.182530,nan,2.352743
2330,0.767821,0.995849,2.075819,0.182500,2.609782,1.997187
2331,1.071572,0.938289,nan,0.182500,nan,2.608973
2332,1.006581,0.621473,2.058162,0.182470,0.438719,2.467370
2333,1.122462,0.743886,nan,0.182470,nan,2.700619
2334,1.013330,0.676949,1.760836,0.182442,1.375795,2.488583
2335,0.846750,0.522432,nan,0.182442,nan,2.165770
2336,0.535939,0.566403,3.729564,0.182413,3.763612,1.491682
2337,0.738792,0.643638,nan,0.182413,nan,1.925773
2338,0.652519,0.955898,2.742907,0.182385,2.211032,1.722281
2339,0.997697,0.674834,nan,0.182385,nan,2.447727
2340,0.868729,0.670035,0.658463,0.182355,5.560182,2.188564
2341,0.833444,0.725700,nan,0.182355,nan,2.135050
2342,1.088145,0.750087,3.269820,0.182326,1.921454,2.649882
2343,0.904328,0.787280,nan,0.182326,nan,2.247206
2344,0.660021,0.739714,2.690064,0.182297,3.156942,1.751472
2345,0.936388,0.601244,nan,0.182297,nan,2.346329
2346,0.750740,0.791045,2.274902,0.182268,3.073300,1.954790
2347,0.708655,0.606260,nan,0.182268,nan,1.855266
2348,0.835817,0.809756,0.935531,0.182238,5.370990,2.108604
2349,0.708526,0.764930,nan,0.182238,nan,1.830487
2350,0.695542,0.493505,1.815372,0.182208,3.862315,1.831852
2351,0.950698,0.826056,nan,0.182208,nan,2.331882
2352,0.727540,0.539492,4.036504,0.182178,1.349136,1.908020
2353,0.621428,0.708342,nan,0.182178,nan,1.665703
2354,1.070585,0.891887,2.855215,0.182148,4.011632,2.599640
2355,0.928328,0.730888,nan,0.182148,nan,2.297045
2356,0.837108,0.847505,2.010656,0.182118,6.094784,2.133018
2357,0.735837,0.706515,nan,0.182118,nan,1.923611
2358,1.037415,0.793247,-0.543460,0.182086,4.717443,2.508066
2359,0.951889,0.734214,nan,0.182086,nan,2.355148
2360,1.013264,1.061015,1.858907,0.182055,3.752480,2.481390
2361,0.894977,0.898856,nan,0.182055,nan,2.188141
2362,0.966388,0.856763,1.446584,0.182024,4.287911,2.385818
2363,0.830675,0.860901,nan,0.182024,nan,2.119436
2364,0.901423,1.012680,1.762229,0.181993,2.850819,2.254902
2365,0.564936,0.658433,nan,0.181993,nan,1.544931
2366,0.989885,0.989859,2.272483,0.181962,2.709933,2.442062
2367,0.512680,0.587588,nan,0.181962,nan,1.463777
2368,0.988217,1.396537,3.502015,0.181931,3.440107,2.435391
2369,0.472083,0.736228,nan,0.181931,nan,1.348567
2370,0.987327,0.857490,0.428927,0.181901,3.161415,2.419417
2371,0.815005,0.967003,nan,0.181901,nan,2.077666
2372,0.846926,0.765917,1.588587,0.181871,2.710302,2.149289
2373,1.112718,0.981106,nan,0.181871,nan,2.710461
2374,0.931186,0.690286,2.422111,0.181841,1.521090,2.280496
2375,0.767309,0.778104,nan,0.181841,nan,1.986757
2376,0.598488,0.486042,3.513519,0.181812,3.696560,1.629808
2377,0.816634,0.633927,nan,0.181812,nan,2.109535
2378,0.965203,1.163265,1.998433,0.181782,3.379946,2.391060
2379,0.780280,0.598135,nan,0.181782,nan,2.041651
2380,0.845283,0.805999,1.414454,0.181753,3.273352,2.123898
2381,0.748471,0.806688,nan,0.181753,nan,1.934899
2382,0.841770,0.690827,4.129173,0.181724,2.990236,2.159289
2383,0.898235,0.786302,nan,0.181724,nan,2.262697
2384,1.192301,1.077542,3.275165,0.181694,2.567890,2.846930
2385,1.584864,1.290798,nan,0.181694,nan,3.636233
2386,0.730684,0.693723,3.589258,0.181665,3.209810,1.887917
2387,1.138314,0.925061,nan,0.181665,nan,2.757780
2388,0.934107,0.941625,2.506234,0.181636,3.295681,2.334981
2389,0.862191,0.753579,nan,0.181636,nan,2.140994
2390,0.963164,0.701047,2.095659,0.181607,4.600848,2.350731
2391,0.635810,0.911270,nan,0.181607,nan,1.692668
2392,0.613938,0.879082,2.860373,0.181578,2.642812,1.657058
2393,0.819975,0.607923,nan,0.181578,nan,2.119382
2394,0.783207,0.486280,4.235690,0.181548,3.648850,2.006832
2395,0.629763,0.692530,nan,0.181548,nan,1.679213
2396,0.483612,0.504855,3.897939,0.181520,1.214774,1.389834
2397,0.796381,0.771666,nan,0.181520,nan,2.041127
2398,0.752251,0.684004,2.372850,0.181492,0.772899,1.950170
2399,0.774018,0.719083,nan,0.181492,nan,1.981444
2400,0.785217,0.769997,3.776223,0.181464,3.442828,2.028040
2401,0.874665,0.832235,nan,0.181464,nan,2.197265
2402,0.668870,0.576363,4.676409,0.181435,6.614484,1.758300
2403,0.631736,0.470815,nan,0.181435,nan,1.687891
2404,1.250087,0.634576,2.990539,0.181406,2.996617,2.965233
2405,1.023447,0.893209,nan,0.181406,nan,2.492458
2406,0.779057,0.990065,3.842824,0.181377,2.662634,1.995666
2407,0.804459,0.951362,nan,0.181377,nan,2.016480
2408,1.081870,1.149587,2.685545,0.181348,3.480089,2.620620
2409,1.410702,1.174552,nan,0.181348,nan,3.305406
2410,0.548971,0.541539,2.743651,0.181320,1.868174,1.505258
2411,1.170909,0.985608,nan,0.181320,nan,2.807936
2412,0.924532,0.832076,3.353515,0.181292,1.901676,2.299264
2413,1.091124,1.001573,nan,0.181292,nan,2.640917
2414,1.794308,1.409509,2.066941,0.181264,2.792360,4.059157
2415,0.852673,0.692645,nan,0.181264,nan,2.183233
2416,0.751606,0.675914,3.358322,0.181237,3.595603,1.942485
2417,1.041737,0.854163,nan,0.181237,nan,2.522049
2418,1.037558,0.745837,3.550180,0.181208,4.372534,2.531418
2419,0.757831,0.690122,nan,0.181208,nan,1.960409
2420,0.961261,0.920826,3.004421,0.181179,3.939326,2.374600
2421,1.066930,0.634663,nan,0.181179,nan,2.606890
2422,0.932758,0.706145,2.607438,0.181151,2.447538,2.324711
2423,0.842857,0.518884,nan,0.181151,nan,2.136801
2424,0.670426,0.566344,2.340441,0.181122,5.856661,1.772883
2425,1.614746,1.683760,nan,0.181122,nan,3.657663
2426,0.867415,1.014113,3.289491,0.181093,1.907044,2.203017
2427,0.986254,0.749798,nan,0.181093,nan,2.419399
2428,0.995417,0.770641,3.360928,0.181065,3.448414,2.473863
2429,1.052592,0.893197,nan,0.181065,nan,2.565950
2430,0.745422,0.805974,2.205644,0.181035,6.789544,1.939740
2431,0.510618,0.517334,nan,0.181035,nan,1.445678
2432,1.286419,1.418300,4.395073,0.181005,4.444540,3.007182
2433,0.919621,0.969140,nan,0.181005,nan,2.300619
2434,1.065706,1.029724,5.802005,0.180975,3.364935,2.602554
2435,1.497359,1.305884,nan,0.180975,nan,3.467571
2436,0.885720,0.820210,2.026762,0.180945,2.911119,2.214467
2437,1.114737,1.026000,nan,0.180945,nan,2.683861
2438,0.886862,0.977514,3.523360,0.180915,5.317702,2.226052
2439,0.638714,0.682365,nan,0.180915,nan,1.698253
2440,0.959858,0.971794,4.583866,0.180885,2.556892,2.373687
2441,0.930174,0.876430,nan,0.180885,nan,2.329327
2442,0.850155,0.794634,3.058136,0.180855,4.795508,2.156323
2443,0.903099,0.724976,nan,0.180855,nan,2.285199
2444,0.814115,0.702940,3.676242,0.180825,3.770108,2.066829
2445,0.621162,0.620063,nan,0.180825,nan,1.703432
2446,0.767949,0.645923,4.440662,0.180794,5.474417,2.010754
2447,0.575704,0.640876,nan,0.180794,nan,1.588137
2448,0.858140,0.834894,5.895839,0.180764,2.024509,2.182368
2449,0.938246,0.699265,nan,0.180764,nan,2.331987
2450,0.752299,0.876718,1.809833,0.180734,4.032299,1.924729
2451,0.589948,0.613589,nan,0.180734,nan,1.624855
2452,0.650810,0.697233,5.265506,0.180705,3.074957,1.743636
2453,0.645756,0.503285,nan,0.180705,nan,1.727504
2454,0.655808,0.648835,5.867116,0.180675,4.411698,1.767267
2455,0.943682,0.775482,nan,0.180675,nan,2.352066
2456,0.785573,0.925318,4.342947,0.180645,3.384558,2.039071
2457,0.811524,0.715696,nan,0.180645,nan,2.093849
2458,0.865640,0.743681,3.669385,0.180616,2.957320,2.171999
2459,1.124917,1.009938,nan,0.180616,nan,2.735365
2460,1.336267,0.981614,3.996539,0.180586,5.105122,3.164295
2461,0.870505,0.906287,nan,0.180586,nan,2.206967
2462,0.746706,0.719496,3.596206,0.180556,5.208833,1.923084
2463,0.543593,0.590375,nan,0.180556,nan,1.522223
2464,0.799866,0.605730,3.714306,0.180526,3.362689,1.995610
2465,0.735549,0.680928,nan,0.180526,nan,1.925322
2466,1.143387,0.822207,2.982876,0.180496,4.159562,2.783871
2467,0.999073,1.043680,nan,0.180496,nan,2.486802
2468,0.708013,0.802620,2.691535,0.180465,6.084761,1.824071
2469,0.927225,0.876381,nan,0.180465,nan,2.308988
2470,0.749236,0.831002,6.043461,0.180434,4.674374,1.934853
2471,0.753829,0.539420,nan,0.180434,nan,1.950778
2472,1.060006,0.962546,5.874453,0.180403,3.414625,2.601066
2473,0.619585,0.732943,nan,0.180403,nan,1.658908
2474,0.996154,1.010221,4.557476,0.180373,3.500142,2.440473
2475,0.685913,0.703738,nan,0.180373,nan,1.832615
2476,0.896832,0.796520,4.154417,0.180342,4.901338,2.284440
2477,0.987683,0.966065,nan,0.180342,nan,2.422445
2478,0.942978,0.641374,4.436722,0.180312,3.820954,2.357449
2479,0.516968,0.519572,nan,0.180312,nan,1.456741
2480,0.736721,0.579876,4.800610,0.180281,4.479339,1.931533
2481,0.623609,0.655383,nan,0.180281,nan,1.682552
2482,0.985120,0.618256,4.654560,0.180251,5.270063,2.449776
2483,0.819671,1.007617,nan,0.180251,nan,2.089598
2484,0.955741,1.130744,5.198538,0.180220,3.348081,2.397778
2485,1.063455,0.895970,nan,0.180220,nan,2.589305
2486,0.844508,0.748243,5.020077,0.180190,2.023285,2.127415
2487,0.535779,0.659339,nan,0.180190,nan,1.494209
2488,0.845363,0.650600,5.307484,0.180160,4.417069,2.153291
2489,0.967161,0.912646,nan,0.180160,nan,2.423944
2490,0.788710,0.739955,5.794401,0.180131,3.607478,2.000834
2491,0.661291,0.659312,nan,0.180131,nan,1.751301
2492,0.716083,0.802561,6.164495,0.180101,3.392883,1.883710
2493,1.009435,0.817317,nan,0.180101,nan,2.482358
2494,0.766015,0.639110,5.673383,0.180073,1.998037,1.988389
2495,0.966721,0.920439,nan,0.180073,nan,2.375445
2496,0.620295,0.556246,4.180911,0.180044,2.830694,1.679070
2497,0.826439,0.813177,nan,0.180044,nan,2.098474
2498,0.773193,0.755856,5.207792,0.180015,4.424394,2.009045
2499,0.819460,0.685149,nan,0.180015,nan,2.114169
2500,0.808304,0.796307,6.113336,0.179988,0.815975,2.037303
2501,0.904101,0.946170,nan,0.179988,nan,2.257641
2502,0.783283,0.861731,5.683187,0.179960,3.187389,1.999254
2503,0.476631,0.457060,nan,0.179960,nan,1.362827
2504,0.955277,0.694813,5.453850,0.179933,2.338783,2.351314
2505,0.850978,0.947686,nan,0.179933,nan,2.145201
2506,0.631862,0.915834,3.875991,0.179906,3.707520,1.708961
2507,0.938780,0.925061,nan,0.179906,nan,2.310683
2508,0.721535,0.767039,6.498358,0.179878,4.094539,1.923469
2509,0.819812,0.598108,nan,0.179878,nan,2.096049
2510,0.827221,0.742798,6.567644,0.179851,3.262588,2.104303
2511,0.825077,0.642906,nan,0.179851,nan,2.137955
2512,1.060336,1.108227,5.577146,0.179823,5.220613,2.559762
2513,0.568504,0.770937,nan,0.179823,nan,1.562596
2514,0.661745,0.600572,6.597079,0.179795,4.481774,1.790326
2515,0.984999,0.889750,nan,0.179795,nan,2.417936
2516,0.609770,0.661287,6.856285,0.179766,3.091429,1.660886
2517,0.923133,0.847346,nan,0.179766,nan,2.306348
2518,1.218599,1.027649,4.559361,0.179738,5.533906,2.909956
2519,1.314545,1.525185,nan,0.179738,nan,3.114346
2520,0.977316,0.938473,4.928240,0.179709,5.037495,2.432658
2521,0.953908,0.831345,nan,0.179709,nan,2.361924
2522,0.940597,0.924388,7.280603,0.179680,3.498636,2.336442
2523,0.945050,0.755201,nan,0.179680,nan,2.343102
2524,0.768922,0.793109,5.830206,0.179651,4.879536,1.986866
2525,0.933356,1.011218,nan,0.179651,nan,2.332735
2526,0.700520,0.664978,6.030970,0.179621,4.721090,1.861996
2527,0.952961,0.927508,nan,0.179621,nan,2.386905
2528,0.940534,0.804379,6.341658,0.179591,5.905234,2.349039
2529,0.592985,0.645492,nan,0.179591,nan,1.640200
2530,0.571503,0.850848,7.652246,0.179562,2.880532,1.559086
2531,0.963160,0.940272,nan,0.179562,nan,2.370938
2532,0.870677,0.920626,5.695646,0.179533,3.285969,2.207160
2533,0.700998,0.592427,nan,0.179533,nan,1.851916
2534,0.787437,1.134141,5.968851,0.179504,3.614482,2.007602
2535,0.643281,0.923927,nan,0.179504,nan,1.748715
2536,1.138667,0.881425,7.150104,0.179475,4.580281,2.763139
2537,0.862375,1.018103,nan,0.179475,nan,2.179876
2538,0.889850,0.908752,8.657118,0.179445,5.657771,2.233518
2539,1.113990,0.898592,nan,0.179445,nan,2.666148
2540,0.922550,1.048118,6.179361,0.179416,4.375048,2.309273
2541,0.614218,0.627549,nan,0.179416,nan,1.678046
2542,1.021866,1.246548,7.284252,0.179386,2.935989,2.506592
2543,0.826884,0.922072,nan,0.179386,nan,2.099261
2544,0.880711,0.957841,7.559153,0.179358,2.751586,2.205459
2545,0.985562,1.013443,nan,0.179358,nan,2.437279
2546,1.038682,0.847467,7.043129,0.179329,3.982704,2.555922
2547,0.963650,0.841256,nan,0.179329,nan,2.427377
2548,0.942499,0.550541,4.890255,0.179300,4.934761,2.345453
2549,0.928707,1.345452,nan,0.179300,nan,2.328874
2550,0.926217,1.131108,7.839926,0.179271,4.464426,2.313728
2551,0.714369,0.843466,nan,0.179271,nan,1.879318
2552,1.231541,1.051967,7.766624,0.179243,2.281089,2.974135
2553,0.985811,0.883840,nan,0.179243,nan,2.455568
2554,1.090262,0.661993,7.919288,0.179214,4.424820,2.654485
2555,1.041550,0.755330,nan,0.179214,nan,2.575726
2556,1.115031,0.975845,6.082765,0.179186,2.997026,2.724646
2557,0.841698,1.047101,nan,0.179186,nan,2.148565
2558,0.616801,0.752416,6.285276,0.179158,3.314799,1.649006
2559,1.104100,0.804566,nan,0.179158,nan,2.704175
2560,1.094290,0.762200,6.826152,0.179130,3.987212,2.695366
2561,0.823154,0.814896,nan,0.179130,nan,2.097424
2562,0.748300,0.789703,8.280113,0.179102,4.255989,1.952866
2563,0.706585,0.694456,nan,0.179102,nan,1.873901
2564,0.783091,0.723752,7.919506,0.179073,5.131032,2.029190
2565,1.083584,0.886990,nan,0.179073,nan,2.657762
2566,1.101196,1.087286,6.833464,0.179044,5.328928,2.679370
2567,0.969810,1.032855,nan,0.179044,nan,2.419521
2568,0.873218,0.762097,8.954906,0.179016,3.710576,2.203558
2569,0.811142,0.815021,nan,0.179016,nan,2.101957
2570,0.876118,0.797617,8.515371,0.178987,4.524599,2.210649
2571,0.718882,0.822298,nan,0.178987,nan,1.890393
2572,0.691282,0.766960,8.942209,0.178958,4.224906,1.853756
2573,0.479917,0.746228,nan,0.178958,nan,1.359692
2574,0.596668,0.729941,9.443706,0.178929,4.107864,1.632710
2575,0.784619,0.816373,nan,0.178929,nan,2.006651
2576,0.782649,0.833218,7.468732,0.178900,5.023458,2.011056
2577,0.937704,0.814530,nan,0.178900,nan,2.368440
2578,0.845695,0.841384,7.929873,0.178871,4.092186,2.162021
2579,0.999552,0.927290,nan,0.178871,nan,2.457672
2580,0.704507,0.633046,8.261878,0.178842,5.526414,1.880314
2581,0.716686,0.697154,nan,0.178842,nan,1.889125
2582,0.779219,0.950860,7.311680,0.178812,5.488474,2.013057
2583,0.817073,0.627038,nan,0.178812,nan,2.106167
2584,0.509162,0.483364,10.780390,0.178783,3.939024,1.449522
2585,0.714334,0.719325,nan,0.178783,nan,1.866426
2586,0.687656,0.588948,7.700377,0.178753,7.741889,1.834209
2587,1.216828,0.842986,nan,0.178753,nan,2.897534
2588,1.008067,0.831356,8.820646,0.178723,3.467800,2.479815
2589,0.993555,0.864205,nan,0.178723,nan,2.406854
2590,0.896326,0.930340,7.155562,0.178692,5.158441,2.245528
2591,0.841133,0.691428,nan,0.178692,nan,2.130203
2592,0.832647,0.946917,7.374007,0.178662,4.685431,2.105573
2593,0.981282,0.838018,nan,0.178662,nan,2.404827
2594,0.921875,0.617127,10.333965,0.178633,3.884812,2.302037
2595,0.734678,0.657266,nan,0.178633,nan,1.918813
2596,0.664243,0.627901,8.760932,0.178603,3.960039,1.784446
2597,1.062600,0.938505,nan,0.178603,nan,2.583229
2598,1.008670,0.619500,9.170295,0.178573,5.977455,2.465841
2599,1.083568,1.225815,nan,0.178573,nan,2.616023
2600,1.368176,1.020688,8.032819,0.178544,3.532461,3.218489
2601,1.051131,1.272731,nan,0.178544,nan,2.577888
2602,0.890743,1.011214,5.424376,0.178515,2.822811,2.244986
2603,0.889904,0.904744,nan,0.178515,nan,2.234074
2604,1.042027,1.227155,4.581542,0.178485,7.319311,2.545846
2605,0.900304,1.088809,nan,0.178485,nan,2.247661
2606,1.222976,0.917627,4.892342,0.178455,4.898568,2.921762
2607,1.501353,1.369640,nan,0.178455,nan,3.469582
2608,0.662471,0.741073,6.602241,0.178425,3.943108,1.765100
2609,0.874145,0.768142,nan,0.178425,nan,2.174498
2610,0.510574,0.680403,5.114191,0.178395,6.456402,1.448567
2611,1.029280,0.928821,nan,0.178395,nan,2.514613
2612,0.695359,0.746106,5.917479,0.178365,4.511081,1.841419
2613,0.600104,0.700832,nan,0.178365,nan,1.643925
2614,0.886873,0.590771,6.696837,0.178335,5.595088,2.221995
2615,0.787246,0.913921,nan,0.178335,nan,2.011245
2616,0.567779,0.577175,7.188860,0.178305,4.207192,1.561155
2617,0.780301,0.492423,nan,0.178305,nan,2.019400
2618,0.960370,1.005520,5.780864,0.178275,5.879202,2.370274
2619,1.201192,0.880583,nan,0.178275,nan,2.868968
2620,0.737311,0.943287,6.097390,0.178245,5.405520,1.900699
2621,0.771197,1.244591,nan,0.178245,nan,1.987311
2622,0.682170,0.939765,6.083465,0.178214,4.935201,1.801401
2623,1.069913,1.123603,nan,0.178214,nan,2.602121
2624,0.956409,0.861150,5.458443,0.178184,6.171971,2.373405
2625,0.825198,0.954620,nan,0.178184,nan,2.055790
2626,0.970587,0.792829,6.022563,0.178153,4.317438,2.377742
2627,0.635901,0.701402,nan,0.178153,nan,1.686605
2628,0.939959,0.896696,5.659883,0.178123,5.691514,2.295733
2629,1.051829,0.656060,nan,0.178123,nan,2.554367
2630,1.007293,0.870079,5.932645,0.178092,4.905402,2.452553
2631,0.465606,0.499632,nan,0.178092,nan,1.352024
2632,0.570557,0.510912,6.730917,0.178063,2.700131,1.521663
2633,0.766267,0.759048,nan,0.178063,nan,1.954958
2634,0.692664,0.631549,6.809020,0.178033,4.434053,1.799944
2635,0.597297,0.560048,nan,0.178033,nan,1.608516
2636,0.832433,0.840578,6.261425,0.178004,5.289507,2.092268
2637,0.658057,0.542710,nan,0.178004,nan,1.743562
2638,0.744445,0.955634,6.643972,0.177975,3.779898,1.899665
2639,0.797155,0.737739,nan,0.177975,nan,2.022177
2640,0.892276,0.866892,6.914904,0.177945,5.155985,2.203925
2641,0.757449,0.709753,nan,0.177945,nan,1.920948
2642,0.562567,0.663130,7.147047,0.177915,6.293785,1.523206
2643,0.729343,0.666137,nan,0.177915,nan,1.882437
2644,0.466802,0.472498,7.462426,0.177886,3.815751,1.321793
2645,0.880927,0.833655,nan,0.177886,nan,2.182657
2646,0.593255,0.571723,7.360556,0.177857,4.370191,1.595610
2647,0.409944,0.453472,nan,0.177857,nan,1.190860
2648,0.909759,0.985301,7.125844,0.177828,4.677711,2.224008
2649,0.745713,0.664003,nan,0.177828,nan,1.896266
2650,0.631601,0.637452,6.363202,0.177799,4.051515,1.646585
2651,0.805374,0.685115,nan,0.177799,nan,2.039482
2652,0.544503,0.616229,8.712381,0.177770,3.874408,1.501513
2653,0.681836,0.651308,nan,0.177770,nan,1.770066
2654,0.885207,0.963421,7.049554,0.177741,6.878469,2.177981
2655,0.480308,0.450199,nan,0.177741,nan,1.331746
2656,0.594793,0.669630,7.931864,0.177712,4.812566,1.568573
2657,0.686472,0.596986,nan,0.177712,nan,1.774627
2658,0.538107,0.501309,8.119697,0.177683,3.172792,1.471337
2659,1.033920,0.939847,nan,0.177683,nan,2.500204
2660,0.880209,0.808303,8.102383,0.177654,5.265532,2.173527
2661,0.707074,0.870197,nan,0.177654,nan,1.794039
2662,0.454710,0.474464,8.552328,0.177625,5.727383,1.298984
2663,0.596505,0.514933,nan,0.177625,nan,1.585919
2664,0.813250,0.755897,6.851775,0.177597,3.816828,2.014524
2665,1.009900,0.901453,nan,0.177597,nan,2.437222
2666,1.225987,1.132381,6.175756,0.177568,5.998439,2.878284
2667,1.203370,1.143670,nan,0.177568,nan,2.812822
2668,1.368328,1.042117,7.052395,0.177539,4.890382,3.169752
2669,0.668472,0.569435,nan,0.177539,nan,1.743050
2670,0.657526,0.764164,8.537732,0.177510,2.027658,1.732775
2671,0.370115,0.574108,nan,0.177510,nan,1.092298
2672,0.913636,0.769133,9.301654,0.177482,3.915988,2.240732
2673,0.750837,0.760394,nan,0.177482,nan,1.867863
2674,0.797631,0.784507,7.510837,0.177455,3.654170,1.997717
2675,0.831919,0.796780,nan,0.177455,nan,2.069678
2676,0.808889,0.719850,8.210253,0.177427,3.851948,2.019243
2677,0.774286,0.862068,nan,0.177427,nan,1.953298
2678,0.843495,0.884946,7.781656,0.177400,5.508970,2.088473
2679,0.772352,0.749484,nan,0.177400,nan,1.932259
2680,0.801411,0.645858,8.134090,0.177372,4.848135,1.993800
2681,0.674263,0.820559,nan,0.177372,nan,1.739540
2682,0.523048,0.554981,8.770584,0.177343,7.121692,1.424448
2683,0.498076,0.651244,nan,0.177343,nan,1.366758
2684,1.023643,0.937653,9.828349,0.177315,3.273901,2.457923
2685,0.863438,0.769277,nan,0.177315,nan,2.122631
2686,0.793829,0.919030,7.177114,0.177287,5.134916,1.968800
2687,0.619754,0.853360,nan,0.177287,nan,1.615539
2688,0.566962,0.891659,8.374443,0.177259,3.241414,1.538260
2689,0.656229,0.641869,nan,0.177259,nan,1.709550
2690,0.751260,0.636117,8.996585,0.177231,6.104410,1.917914
2691,0.708884,0.703033,nan,0.177231,nan,1.816966
2692,0.757642,0.732798,7.265338,0.177202,6.043591,1.904110
2693,1.023541,0.657965,nan,0.177202,nan,2.463650
2694,0.770032,0.610109,8.071572,0.177174,4.766970,1.939644
2695,0.948438,0.814777,nan,0.177174,nan,2.300862
2696,0.744742,0.569599,8.823469,0.177145,5.932022,1.892517
2697,0.629596,0.621760,nan,0.177145,nan,1.631940
2698,0.797974,0.742543,8.885830,0.177117,4.374544,1.989973
2699,0.465030,0.438413,nan,0.177117,nan,1.291036
2700,0.541482,0.685814,8.240434,0.177088,4.362991,1.455032
2701,0.671690,0.756003,nan,0.177088,nan,1.748655
2702,0.728586,0.644138,8.430269,0.177060,5.057872,1.856749
2703,0.674108,0.533163,nan,0.177060,nan,1.755890
2704,0.768907,0.614753,9.842823,0.177032,1.083546,1.953794
2705,0.760309,0.661722,nan,0.177032,nan,1.944864
2706,0.597400,0.514226,8.704738,0.177005,4.409947,1.599438
2707,0.699278,0.545924,nan,0.177005,nan,1.779958
2708,0.849648,0.731749,8.548179,0.176978,4.143095,2.122970
2709,0.588842,0.788162,nan,0.176978,nan,1.570377
2710,0.637532,0.800378,8.614356,0.176951,6.051975,1.674091
2711,0.784140,0.915398,nan,0.176951,nan,1.992793
2712,0.726440,0.667998,9.653815,0.176924,1.623051,1.855966
2713,0.700880,0.731123,nan,0.176924,nan,1.817846
2714,0.952738,0.775020,9.366808,0.176897,4.876938,2.318196
2715,0.458776,0.492174,nan,0.176897,nan,1.327717
2716,0.769647,0.860438,9.014407,0.176870,3.955284,1.932791
2717,0.745036,0.729636,nan,0.176870,nan,1.924198
2718,0.494499,0.515662,8.323548,0.176844,5.411161,1.375272
2719,1.285627,1.104461,nan,0.176844,nan,3.000010
2720,0.950394,0.843912,6.798707,0.176816,7.189631,2.326860
2721,0.744197,0.861331,nan,0.176816,nan,1.887499
2722,0.657789,0.694558,9.233915,0.176789,2.954393,1.725826
2723,1.031844,1.136814,nan,0.176789,nan,2.461070
2724,0.566729,0.719070,9.355074,0.176761,4.880962,1.534251
2725,0.664198,0.623344,nan,0.176761,nan,1.732513
2726,0.703773,0.744702,8.896038,0.176734,6.189517,1.814942
2727,0.755759,0.523331,nan,0.176734,nan,1.919913
2728,1.096678,0.975684,8.246298,0.176706,4.300206,2.632149
2729,1.097867,1.074135,nan,0.176706,nan,2.621691
2730,0.673880,0.703774,8.514667,0.176679,3.785631,1.740757
2731,1.368499,1.044920,nan,0.176679,nan,3.174187
2732,1.136817,1.098778,8.094417,0.176651,6.693756,2.694374
2733,0.811182,0.783411,nan,0.176651,nan,2.028658
2734,0.659594,0.732780,9.298260,0.176623,5.357845,1.725614
2735,1.156350,1.118702,nan,0.176623,nan,2.721093
2736,0.638874,0.635863,9.240108,0.176595,5.747937,1.666049
2737,0.830001,0.841285,nan,0.176595,nan,2.087300
2738,0.884260,0.900939,9.501875,0.176567,4.127129,2.181578
2739,0.778398,0.813225,nan,0.176567,nan,1.945417
2740,0.512051,0.518182,8.290400,0.176539,5.639442,1.425982
2741,0.760373,0.722973,nan,0.176539,nan,1.946285
2742,1.022662,0.750655,8.004639,0.176510,7.446498,2.466372
2743,1.022246,1.114335,nan,0.176510,nan,2.450934
2744,1.069718,1.180472,8.741321,0.176482,4.529905,2.570693
2745,0.875709,0.821976,nan,0.176482,nan,2.193876
2746,1.148224,1.189639,8.598244,0.176453,4.706037,2.749354
2747,0.616393,0.610856,nan,0.176453,nan,1.639526
2748,0.635192,0.751666,9.333422,0.176425,4.250422,1.675004
2749,1.090872,0.772093,nan,0.176425,nan,2.611951
2750,0.885933,0.551558,9.964198,0.176398,3.498411,2.199386
2751,0.978631,1.021319,nan,0.176398,nan,2.390248
2752,0.452499,0.705750,9.457163,0.176369,6.757625,1.287980
2753,0.887357,0.787197,nan,0.176369,nan,2.201915
2754,0.633687,0.623439,10.303791,0.176341,6.449166,1.705608
2755,0.851235,0.759679,nan,0.176341,nan,2.129030
2756,0.777304,0.834115,9.774405,0.176313,4.084098,1.973188
2757,0.912530,1.046246,nan,0.176313,nan,2.263830
2758,0.867292,0.805349,9.179098,0.176285,4.098377,2.172338
2759,0.869558,0.933509,nan,0.176285,nan,2.161453
2760,0.725223,0.771091,8.288654,0.176256,6.658199,1.897991
2761,1.181473,0.885820,nan,0.176256,nan,2.807387
2762,0.971910,0.851254,9.455524,0.176228,4.530254,2.401591
2763,0.663550,0.597743,nan,0.176228,nan,1.761331
2764,0.759296,0.832805,9.517200,0.176200,4.962398,1.950610
2765,0.580834,0.668337,nan,0.176200,nan,1.588950
2766,1.066312,1.073461,9.022516,0.176173,3.852232,2.579875
2767,0.721702,0.678731,nan,0.176173,nan,1.875014
2768,0.766600,0.669474,9.073769,0.176145,4.433918,1.967127
2769,0.733283,0.748552,nan,0.176145,nan,1.906371
2770,0.547250,0.533890,8.734428,0.176117,5.974538,1.527248
2771,0.536783,0.527025,nan,0.176117,nan,1.476842
2772,0.669217,0.664135,9.832301,0.176090,4.642714,1.771395
2773,0.597045,0.727239,nan,0.176090,nan,1.618779
2774,0.574564,0.713772,9.256379,0.176062,6.078135,1.554072
2775,0.631372,0.603472,nan,0.176062,nan,1.699350
2776,0.742303,0.739737,9.317907,0.176034,5.586952,1.940489
2777,0.700323,0.697040,nan,0.176034,nan,1.859299
2778,0.776606,0.767392,9.090318,0.176006,6.320459,2.003344
2779,0.766678,0.898008,nan,0.176006,nan,1.961934
2780,0.666592,0.568203,9.714278,0.175977,5.480969,1.783026
2781,0.556280,0.772033,nan,0.175977,nan,1.572078
2782,0.986962,1.035885,9.783760,0.175949,5.710011,2.424235
2783,0.912197,0.971734,nan,0.175949,nan,2.296552
2784,0.654007,0.761881,10.704176,0.175921,4.727781,1.750379
2785,0.620207,0.572448,nan,0.175921,nan,1.679210
2786,0.750036,0.722167,10.249573,0.175893,3.298678,1.938675
2787,0.787204,0.830202,nan,0.175893,nan,2.030583
2788,0.613365,0.725658,9.742996,0.175866,3.027451,1.664097
2789,0.689446,0.634555,nan,0.175866,nan,1.860691
2790,0.678930,0.689697,9.745096,0.175839,5.301033,1.817365
2791,0.922499,0.752972,nan,0.175839,nan,2.320031
2792,0.799735,0.723167,9.526436,0.175812,4.351148,2.048713
2793,0.668415,0.806131,nan,0.175812,nan,1.799532
2794,0.700534,0.687661,9.411696,0.175785,3.563644,1.860881
2795,0.802413,0.854206,nan,0.175785,nan,2.077829
2796,0.827967,0.713577,9.482041,0.175759,4.719610,2.115094
2797,0.625488,0.671530,nan,0.175759,nan,1.716683
2798,0.623022,0.676912,9.350297,0.175732,6.319562,1.707922
2799,0.797611,0.823901,nan,0.175732,nan,2.070618
2800,0.663944,0.671897,8.922773,0.175705,5.553289,1.777446
2801,1.014178,1.048122,nan,0.175705,nan,2.502772
2802,0.799179,0.790913,9.418263,0.175677,6.124768,2.078744
2803,0.646968,0.651263,nan,0.175677,nan,1.750714
2804,0.834375,0.795297,8.777764,0.175650,4.949329,2.132311
2805,0.741189,0.754201,nan,0.175650,nan,1.938134
2806,0.610152,0.571531,10.291336,0.175623,4.918607,1.677146
2807,0.890042,0.633239,nan,0.175623,nan,2.257600
2808,0.918054,1.020803,9.568106,0.175596,5.669672,2.305056
2809,0.863522,0.867683,nan,0.175596,nan,2.196354
2810,0.791561,0.683119,9.824615,0.175568,5.321246,2.060413
2811,0.801070,0.746235,nan,0.175568,nan,2.087685
2812,0.743053,0.650302,9.333630,0.175541,5.109748,1.950268
2813,0.768739,0.818434,nan,0.175541,nan,1.977794
2814,0.555837,0.780195,9.752880,0.175514,3.550961,1.566842
2815,0.794327,0.803543,nan,0.175514,nan,2.059480
2816,0.853358,0.835806,8.828321,0.175487,6.086488,2.169972
2817,1.037426,1.010730,nan,0.175487,nan,2.550470
2818,0.638847,0.675556,8.924162,0.175459,4.625478,1.742056
2819,0.804058,0.804970,nan,0.175459,nan,2.066314
2820,0.776667,0.662655,9.208773,0.175433,4.373096,2.034261
2821,0.742119,0.709904,nan,0.175433,nan,1.950221
2822,0.720000,0.635263,9.447437,0.175406,4.539918,1.907639
2823,1.125236,1.082806,nan,0.175406,nan,2.749783
2824,0.916892,0.840434,9.874228,0.175380,2.885233,2.314697
2825,0.852853,0.743986,nan,0.175380,nan,2.214197
2826,0.974426,0.779931,9.313828,0.175354,4.650887,2.439272
2827,0.820678,0.807456,nan,0.175354,nan,2.141469
2828,0.757544,0.989464,7.876944,0.175327,7.551500,1.980913
2829,0.530753,0.574252,nan,0.175327,nan,1.521802
2830,0.875715,0.981477,9.167429,0.175300,4.308793,2.232075
2831,0.622411,0.562490,nan,0.175300,nan,1.693855
2832,0.818848,0.762059,8.288689,0.175274,4.155593,2.114703
2833,0.648155,0.571926,nan,0.175274,nan,1.750953
2834,0.732743,0.692121,8.588270,0.175247,5.326178,1.945619
2835,0.683759,0.724013,nan,0.175247,nan,1.841515
2836,0.656057,0.593125,8.967768,0.175221,3.217273,1.790611
2837,0.689796,0.756633,nan,0.175221,nan,1.830788
2838,0.621301,0.635367,8.321150,0.175195,6.187880,1.710930
2839,0.606095,0.460369,nan,0.175195,nan,1.670166
2840,0.611886,0.629480,8.668913,0.175169,5.394122,1.694937
2841,0.619869,0.618333,nan,0.175169,nan,1.697858
2842,0.837013,0.901090,8.397777,0.175142,3.680165,2.150898
2843,0.670232,0.770563,nan,0.175142,nan,1.829041
2844,0.647414,0.931873,7.957869,0.175116,5.706967,1.778690
2845,0.836050,0.660794,nan,0.175116,nan,2.171551
2846,0.973443,0.950910,8.096447,0.175090,5.447424,2.421729
2847,0.821592,0.723700,nan,0.175090,nan,2.136928
2848,0.711238,0.599559,8.908709,0.175063,6.901600,1.915537
2849,0.705545,0.626765,nan,0.175063,nan,1.880844
2850,1.076679,0.910162,8.587512,0.175036,4.759842,2.660768
2851,0.710122,0.682726,nan,0.175036,nan,1.885798
2852,0.566487,0.452086,8.689848,0.175009,6.105815,1.590456
2853,0.426855,0.449746,nan,0.175009,nan,1.289539
2854,0.913704,0.799636,7.886744,0.174982,5.618706,2.296414
2855,0.518721,0.595770,nan,0.174982,nan,1.515368
2856,0.559733,0.489760,7.631170,0.174954,5.526480,1.560291
2857,0.774797,0.811197,nan,0.174954,nan,2.046465
2858,0.585771,0.607434,9.008512,0.174927,5.981298,1.634534
2859,0.790460,0.873074,nan,0.174927,nan,2.065033
2860,0.490253,0.531286,7.037451,0.174900,5.164281,1.417434
2861,0.857215,0.943851,nan,0.174900,nan,2.195482
2862,0.687031,0.701207,7.840249,0.174872,5.963830,1.839601
2863,0.742905,1.071703,nan,0.174872,nan,1.958886
2864,0.900954,0.958193,7.672228,0.174845,6.008712,2.301050
2865,0.702601,0.649136,nan,0.174845,nan,1.888986
2866,0.723276,0.704814,6.903902,0.174816,7.819794,1.896025
2867,0.816672,0.949049,nan,0.174816,nan,2.103486
2868,0.611825,0.669017,8.931719,0.174788,5.779164,1.687635
2869,0.616423,0.956173,nan,0.174788,nan,1.698305
2870,1.084479,1.235392,8.813325,0.174761,4.174192,2.661387
2871,0.584607,0.689873,nan,0.174761,nan,1.634988
2872,0.569530,0.657803,8.513581,0.174733,6.075948,1.602945
2873,0.698668,0.881889,nan,0.174733,nan,1.878887
2874,0.604815,0.665960,7.038424,0.174704,7.582274,1.673745
2875,0.745251,0.810258,nan,0.174704,nan,1.960353
2876,0.632166,0.676404,6.517663,0.174676,5.667859,1.695720
2877,0.888971,0.939445,nan,0.174676,nan,2.249687
2878,0.953423,0.885439,6.998837,0.174648,5.259408,2.393749
2879,0.784180,0.727848,nan,0.174648,nan,2.035957
2880,0.903513,0.821490,8.231472,0.174620,4.152505,2.274860
2881,0.767028,0.920123,nan,0.174620,nan,2.002042
2882,0.450767,0.586655,7.195374,0.174593,6.404914,1.348197
2883,0.662851,0.942709,nan,0.174593,nan,1.772634
2884,0.601023,0.588541,7.290415,0.174565,4.526882,1.641473
2885,0.772055,0.774557,nan,0.174565,nan,2.000452
2886,0.816804,0.912423,6.817259,0.174538,5.847061,2.085478
2887,0.776304,0.862533,nan,0.174538,nan,2.025519
2888,0.820122,0.716941,6.412414,0.174510,6.606037,2.101794
2889,0.839253,0.860688,nan,0.174510,nan,2.157943
2890,0.863402,0.796913,7.139771,0.174483,3.828222,2.191292
2891,0.753913,0.633994,nan,0.174483,nan,1.979280
2892,0.621577,0.627072,6.728907,0.174455,6.076322,1.675574
2893,0.579588,0.649679,nan,0.174455,nan,1.600291
2894,0.903496,0.989734,7.424369,0.174428,5.457429,2.280530
2895,0.709011,0.648336,nan,0.174428,nan,1.887735
2896,0.654529,0.784589,7.056123,0.174401,5.709837,1.770921
2897,0.502376,0.548875,nan,0.174401,nan,1.471253
2898,0.555357,0.615099,7.820647,0.174374,3.033043,1.555894
2899,0.735177,0.832292,nan,0.174374,nan,1.917279
2900,0.795834,0.685597,7.056308,0.174348,4.417283,2.064532
2901,0.693377,1.011225,nan,0.174348,nan,1.818972
2902,0.975396,0.876551,6.514494,0.174321,5.575547,2.407928
2903,0.578488,0.678639,nan,0.174321,nan,1.581816
2904,0.907537,0.905810,7.020401,0.174295,4.618795,2.273287
2905,0.636110,1.042651,nan,0.174295,nan,1.726339
2906,0.756273,0.763882,6.311739,0.174269,5.099301,1.945601
2907,0.585540,0.832832,nan,0.174269,nan,1.618407
2908,1.251268,1.180518,5.800844,0.174242,6.320351,2.968707
2909,0.868617,0.615535,nan,0.174242,nan,2.198072
2910,0.759276,0.781902,5.573556,0.174215,7.922820,1.965070
2911,0.928429,0.978503,nan,0.174215,nan,2.318256
2912,0.745055,0.661887,7.225741,0.174188,4.197808,1.931856
2913,0.738015,0.846164,nan,0.174188,nan,1.910462
2914,0.999287,0.928575,7.376671,0.174162,4.378840,2.469451
2915,0.812019,0.513565,nan,0.174162,nan,2.072261
2916,0.761132,0.471035,6.950730,0.174135,5.434286,1.948207
2917,0.777532,0.663288,nan,0.174135,nan,2.013460
2918,0.561569,0.651642,5.961987,0.174109,5.502093,1.545440
2919,0.885902,0.914391,nan,0.174109,nan,2.213811
2920,0.874450,0.941636,5.798807,0.174083,4.988893,2.193816
2921,0.739124,0.536703,nan,0.174083,nan,1.922053
2922,0.719032,0.641010,5.397668,0.174056,5.600458,1.869895
2923,0.963270,1.288438,nan,0.174056,nan,2.391061
2924,0.970340,1.288071,5.762546,0.174030,5.649653,2.397871
2925,0.754706,0.788992,nan,0.174030,nan,1.946739
2926,0.870597,0.739622,6.217412,0.174003,7.821616,2.183340
2927,0.913069,0.965216,nan,0.174003,nan,2.290590
2928,0.721059,0.707450,6.099511,0.173975,6.596566,1.876605
2929,1.115158,0.880742,nan,0.173975,nan,2.674301
2930,0.826878,0.670793,6.523502,0.173948,4.271938,2.083696
2931,0.933775,0.846113,nan,0.173948,nan,2.301182
2932,0.794074,0.774609,6.697560,0.173921,5.928370,2.014843
2933,0.745431,0.788847,nan,0.173921,nan,1.919918
2934,1.114653,0.937035,6.421337,0.173895,4.274713,2.661875
2935,0.731847,0.719713,nan,0.173895,nan,1.880021
2936,0.988542,0.623488,6.367311,0.173869,4.861315,2.427216
2937,0.696262,0.560648,nan,0.173869,nan,1.825834
2938,0.928254,0.715885,5.947851,0.173842,7.280872,2.327507
2939,0.813789,0.582583,nan,0.173842,nan,2.066326
2940,1.022710,0.855561,6.228646,0.173815,5.169086,2.483294
2941,0.629086,0.633775,nan,0.173815,nan,1.667721
2942,0.710830,0.656786,6.796437,0.173789,4.228498,1.862812
2943,0.812539,0.783628,nan,0.173789,nan,2.059073
2944,1.029183,0.855447,5.476989,0.173762,7.552769,2.477882
2945,1.136981,0.974176,nan,0.173762,nan,2.707224
2946,0.795830,0.801204,6.720371,0.173735,4.829806,2.026551
2947,1.022565,1.015116,nan,0.173735,nan,2.447492
2948,1.156679,1.017561,6.670095,0.173708,6.751211,2.743340
2949,0.576515,0.469548,nan,0.173708,nan,1.538070
2950,0.845750,0.785703,6.417352,0.173681,8.626381,2.117863
2951,0.899780,0.725090,nan,0.173681,nan,2.232310
2952,1.062418,1.039226,6.935594,0.173653,5.257790,2.560041
2953,1.105669,0.823965,nan,0.173653,nan,2.641829
2954,1.099562,1.082063,6.071163,0.173626,6.810026,2.649493
2955,0.603932,0.467992,nan,0.173626,nan,1.614259
2956,1.241340,0.898071,6.282177,0.173598,5.966394,2.923063
2957,0.913934,0.878739,nan,0.173598,nan,2.246340
2958,1.454109,1.076763,7.092896,0.173571,5.494946,3.340926
2959,0.984462,0.764579,nan,0.173571,nan,2.381641
2960,0.742807,0.587144,7.275805,0.173544,4.297800,1.904978
2961,0.573156,0.986604,nan,0.173544,nan,1.568487
2962,0.803587,0.869924,7.964248,0.173517,4.993745,2.043192
2963,1.075562,1.391057,nan,0.173517,nan,2.603056
2964,0.949049,1.089998,6.581404,0.173490,6.334473,2.318893
2965,1.252152,0.698038,nan,0.173490,nan,2.932234
2966,1.420467,1.540428,5.316251,0.173463,6.788568,3.291442
2967,1.071567,1.038813,nan,0.173463,nan,2.600539
2968,1.091074,0.727987,6.574040,0.173436,4.722680,2.621849
2969,1.045404,0.736057,nan,0.173436,nan,2.548460
2970,1.128966,0.849218,5.619862,0.173409,5.063803,2.680709
2971,0.687060,1.109364,nan,0.173409,nan,1.771197
2972,0.970304,0.953198,6.452448,0.173383,5.263167,2.366748
2973,0.970285,0.934527,nan,0.173383,nan,2.360279
2974,0.869682,0.932189,5.974175,0.173356,7.507756,2.161860
2975,0.880186,1.000236,nan,0.173356,nan,2.164506
2976,0.844029,0.922424,6.368688,0.173329,6.464863,2.108571
2977,0.754837,0.687284,nan,0.173329,nan,1.908554
2978,0.963729,0.920523,5.735731,0.173302,7.657808,2.331979
2979,0.741065,0.607241,nan,0.173302,nan,1.897489
2980,1.242269,1.140713,6.196266,0.173274,6.173677,2.943104
2981,0.943806,1.194649,nan,0.173274,nan,2.299678
2982,0.814023,0.741681,6.742255,0.173247,5.820635,2.070205
2983,1.015738,1.179497,nan,0.173247,nan,2.457139
2984,0.705748,1.022979,5.453887,0.173219,7.415774,1.824424
2985,1.097691,0.826655,nan,0.173219,nan,2.657672
2986,0.998436,0.906778,7.308206,0.173191,7.175045,2.433737
2987,0.945287,1.089243,nan,0.173191,nan,2.317867
2988,1.118576,0.876675,6.272105,0.173164,5.981544,2.690697
2989,0.819787,0.926987,nan,0.173164,nan,2.054749
2990,0.906558,0.675587,5.354035,0.173135,7.637059,2.258320
2991,1.099216,0.721273,nan,0.173135,nan,2.628430
2992,0.856377,0.658714,6.304912,0.173108,5.668797,2.148275
2993,1.063208,1.059072,nan,0.173108,nan,2.538352
2994,0.741011,0.677662,6.290987,0.173080,6.549335,1.888004
2995,0.783598,0.662039,nan,0.173080,nan,1.986844
2996,0.609928,0.654676,5.993971,0.173052,4.741896,1.633077
2997,1.035402,0.910137,nan,0.173052,nan,2.507501
2998,0.876042,0.715316,6.824071,0.173025,3.562661,2.177606
2999,0.844162,0.730772,nan,0.173025,nan,2.130125
3000,0.913021,0.653046,7.586541,0.172999,3.939512,2.247333
3001,0.779728,0.853291,nan,0.172999,nan,1.982232
3002,0.852578,0.708827,7.087387,0.172973,7.174703,2.123727
3003,0.745941,0.722121,nan,0.172973,nan,1.922659
3004,0.851737,0.701950,6.038348,0.172946,6.299562,2.126276
3005,0.904414,0.767158,nan,0.172946,nan,2.243154
3006,0.717655,0.823381,5.681915,0.172919,6.252817,1.871177
3007,0.945488,0.917123,nan,0.172919,nan,2.326913
3008,1.022822,0.733478,5.663772,0.172893,5.937349,2.473674
3009,0.867871,0.553267,nan,0.172893,nan,2.162027
3010,0.942692,0.832279,6.197295,0.172866,6.270810,2.331046
3011,1.168907,0.653781,nan,0.172866,nan,2.797667
3012,1.204060,0.923553,6.604592,0.172839,7.049573,2.846266
3013,0.759181,0.928974,nan,0.172839,nan,1.951536
3014,0.911822,0.843221,6.327653,0.172812,5.937242,2.263762
3015,0.970382,0.771593,nan,0.172812,nan,2.412364
3016,0.895962,0.866441,6.552084,0.172785,5.461334,2.230899
3017,0.770873,0.637432,nan,0.172785,nan,1.986930
3018,0.569184,0.829181,5.288287,0.172758,6.238523,1.538975
3019,1.323655,1.205324,nan,0.172758,nan,3.079841
3020,1.462901,0.959886,5.294415,0.172731,7.691664,3.398192
3021,1.575510,1.097397,nan,0.172731,nan,3.614205
3022,0.889785,0.835857,5.519229,0.172704,6.486718,2.220948
3023,0.836359,0.728533,nan,0.172704,nan,2.107259
3024,0.920315,0.677924,6.365320,0.172677,4.792275,2.300950
3025,0.920855,0.918808,nan,0.172677,nan,2.291899
3026,0.800167,0.672538,6.099373,0.172650,7.637620,1.995613
3027,0.785704,0.765849,nan,0.172650,nan,2.016042
3028,0.942792,0.777980,6.385062,0.172623,5.262229,2.347677
3029,0.790138,0.790497,nan,0.172623,nan,2.003607
3030,0.782308,0.675429,5.837472,0.172596,5.400673,1.992768
3031,0.845286,0.720037,nan,0.172596,nan,2.136950
3032,0.890109,0.932832,6.397444,0.172570,4.995053,2.197761
3033,1.184398,0.914855,nan,0.172570,nan,2.838993
3034,1.033976,0.564278,5.817127,0.172543,7.419044,2.506053
3035,0.735872,1.052481,nan,0.172543,nan,1.873747
3036,0.793828,1.107484,5.651531,0.172516,6.986738,1.999653
3037,0.775132,1.003111,nan,0.172516,nan,1.968118
3038,0.936572,1.424423,6.598834,0.172489,6.583295,2.311124
3039,0.628908,0.635843,nan,0.172489,nan,1.686996
3040,0.777732,0.924482,8.222162,0.172462,6.668019,1.951818
3041,0.844683,0.898082,nan,0.172462,nan,2.102180
3042,0.834409,0.892988,5.703939,0.172436,5.066066,2.106861
3043,0.711039,0.858715,nan,0.172436,nan,1.855789
3044,0.657695,0.914894,5.824440,0.172409,6.258025,1.719977
3045,0.710550,1.229763,nan,0.172409,nan,1.756064
3046,0.814136,0.904316,4.905236,0.172382,6.501825,2.040649
3047,1.160339,0.798867,nan,0.172382,nan,2.763982
3048,0.920502,0.639492,6.393498,0.172355,8.097887,2.267839
3049,0.785792,0.853978,nan,0.172355,nan,2.025931
3050,0.870714,0.828794,6.786968,0.172328,5.681677,2.171151
3051,0.784367,0.774306,nan,0.172328,nan,1.996182
3052,1.071196,1.086246,6.404190,0.172301,6.387721,2.556428
3053,0.720171,0.784505,nan,0.172301,nan,1.861993
3054,0.709381,0.762626,7.140413,0.172274,4.566202,1.826602
3055,0.553370,0.609263,nan,0.172274,nan,1.544851
3056,1.021109,0.849357,5.770657,0.172248,7.065676,2.503983
3057,1.020259,1.202975,nan,0.172248,nan,2.435897
3058,0.994526,0.801081,7.205855,0.172221,6.185901,2.383833
3059,0.884602,0.870348,nan,0.172221,nan,2.206157
3060,0.741452,0.813729,4.838911,0.172194,6.737863,1.913356
3061,0.812946,0.794666,nan,0.172194,nan,2.063123
3062,0.801691,0.950747,4.924272,0.172168,5.675295,2.008847
3063,0.788937,0.872327,nan,0.172168,nan,1.985940
3064,0.699092,0.658741,7.006246,0.172141,7.888254,1.794463
3065,0.949186,0.830428,nan,0.172141,nan,2.272898
3066,0.963238,1.030418,5.869719,0.172114,6.704624,2.332951
3067,0.817763,0.856190,nan,0.172114,nan,2.036931
3068,0.796598,1.174653,6.491251,0.172087,6.389282,2.021077
3069,0.944554,0.797888,nan,0.172087,nan,2.330877
3070,0.772807,0.800495,6.056119,0.172060,5.725673,1.963710
3071,0.916385,0.814819,nan,0.172060,nan,2.265500
3072,0.723241,0.708027,4.682390,0.172033,7.135656,1.884239
3073,1.043077,0.914663,nan,0.172033,nan,2.525955
3074,0.964976,0.709125,5.391621,0.172006,6.847011,2.355046
3075,0.865148,0.969970,nan,0.172006,nan,2.092625
3076,0.720375,0.944365,6.379713,0.171979,4.049176,1.833091
3077,0.989054,0.978090,nan,0.171979,nan,2.416581
3078,0.531880,0.699356,5.841431,0.171953,6.113154,1.435931
3079,0.565962,0.554493,nan,0.171953,nan,1.530904
3080,0.946464,0.881362,6.329021,0.171927,4.974142,2.334747
3081,0.697815,0.799933,nan,0.171927,nan,1.797950
3082,0.657773,0.628291,6.578896,0.171900,9.606249,1.692619
3083,0.750160,0.648325,nan,0.171900,nan,1.823287
3084,0.786599,0.738604,6.090918,0.171874,5.103571,2.000990
3085,0.949998,0.797076,nan,0.171874,nan,2.312726
3086,0.666413,0.555942,5.730483,0.171847,6.329537,1.744938
3087,0.659463,0.569856,nan,0.171847,nan,1.685578
3088,0.823442,0.670910,5.851933,0.171821,5.713078,2.076729
3089,0.573927,0.537566,nan,0.171821,nan,1.548310
3090,0.743082,0.759963,7.132532,0.171795,6.979633,1.796659
3091,0.720471,0.961174,nan,0.171795,nan,1.776905
3092,0.885571,1.088732,5.981771,0.171768,7.116757,2.107690
3093,0.969714,0.903048,nan,0.171768,nan,2.366085
3094,0.836722,1.024441,6.027807,0.171741,7.418126,2.030860
3095,0.781306,0.739176,nan,0.171741,nan,1.970779
3096,0.584160,0.695245,5.928945,0.171715,4.532508,1.462023
3097,0.638664,0.670272,nan,0.171715,nan,1.606941
3098,0.790766,0.846369,6.140811,0.171689,4.891262,1.949751
3099,0.905615,0.993347,nan,0.171689,nan,2.197119
3100,0.695634,0.707360,5.427004,0.171663,6.526951,1.759878
3101,1.013674,1.023457,nan,0.171663,nan,2.354948
3102,0.873920,0.988855,5.602984,0.171637,6.470089,2.121012
3103,0.918817,0.461700,nan,0.171637,nan,2.201477
3104,1.050212,0.841549,4.826251,0.171610,7.196592,2.513117
3105,0.951225,1.093224,nan,0.171610,nan,2.300774
3106,0.833002,1.101700,6.160223,0.171584,5.668312,2.013654
3107,0.770840,1.104150,nan,0.171584,nan,1.915964
3108,0.648485,0.642110,4.586804,0.171558,6.822572,1.647844
3109,0.931283,1.551734,nan,0.171558,nan,2.213397
3110,0.673356,1.343814,5.542491,0.171532,5.962133,1.727831
3111,0.648824,0.935319,nan,0.171532,nan,1.679705
3112,0.813643,1.420264,8.822911,0.171506,7.396899,1.911589
3113,0.769497,0.977778,nan,0.171506,nan,1.905194
3114,0.756255,1.059783,6.915272,0.171480,6.263363,1.809616
3115,0.915846,1.045677,nan,0.171480,nan,2.208359
3116,0.997574,0.857893,4.546546,0.171453,7.336137,2.387125
3117,0.883462,0.565883,nan,0.171453,nan,2.180818
3118,0.940173,0.849210,5.161300,0.171427,5.736329,2.236088
3119,0.705870,1.213160,nan,0.171427,nan,1.739631
3120,0.702809,0.959774,5.630346,0.171401,5.527077,1.755080
3121,0.855003,0.761567,nan,0.171401,nan,2.071850
3122,0.745625,0.782181,5.236116,0.171374,9.423900,1.812836
3123,0.979721,1.214064,nan,0.171374,nan,2.375103
3124,1.023134,0.938877,5.046459,0.171347,7.745321,2.465323
3125,1.123333,1.030504,nan,0.171347,nan,2.618989
3126,0.837712,0.757038,5.069526,0.171320,8.585743,1.992271
3127,0.890141,0.751524,nan,0.171320,nan,2.136458
3128,1.078640,1.160904,4.131235,0.171292,6.604112,2.516707
3129,0.786458,0.974423,nan,0.171292,nan,1.937344
3130,0.757818,1.072064,4.322510,0.171265,6.485909,1.876664
3131,0.973282,1.578992,nan,0.171265,nan,2.261085
3132,1.067166,0.956491,5.484006,0.171238,6.129263,2.530843
3133,0.878554,0.897930,nan,0.171238,nan,2.127977
3134,0.836865,0.872495,4.900362,0.171211,6.971907,2.033095
3135,0.815673,1.095401,nan,0.171211,nan,1.931191
3136,0.694151,1.251382,5.579098,0.171185,6.399145,1.748354
3137,0.841910,0.830279,nan,0.171185,nan,2.055343
3138,0.848624,0.696653,5.796072,0.171158,7.620192,2.034201
3139,1.062010,1.398448,nan,0.171158,nan,2.540911
3140,0.950471,0.984927,4.253088,0.171131,6.350924,2.323295
3141,0.923777,1.039720,nan,0.171131,nan,2.214943
3142,0.640833,1.203304,5.226432,0.171104,5.754673,1.628795
3143,0.785050,0.829946,nan,0.171104,nan,1.965253
3144,1.018853,1.270593,3.722139,0.171077,7.777148,2.401785
3145,0.965806,0.858538,nan,0.171077,nan,2.322217
3146,0.922468,1.051367,3.083714,0.171050,8.037488,2.198399
3147,1.080065,1.044311,nan,0.171050,nan,2.534857
3148,0.643697,0.781135,7.541061,0.171023,9.426908,1.577655
3149,0.678598,1.401871,nan,0.171023,nan,1.691074
3150,1.030180,1.491626,6.059643,0.170995,6.530213,2.434965
3151,1.111016,1.155683,nan,0.170995,nan,2.569580
3152,1.086230,0.988206,3.992878,0.170968,6.337245,2.554915
3153,1.051846,0.976367,nan,0.170968,nan,2.446986
3154,0.830777,0.777140,6.013961,0.170941,7.477662,2.017057
3155,1.053727,0.877367,nan,0.170941,nan,2.485947
3156,0.878840,0.935165,2.700494,0.170914,5.019696,2.132174
3157,0.908477,0.726946,nan,0.170914,nan,2.186990
3158,1.162651,0.645985,5.403476,0.170887,8.801559,2.697916
3159,0.982977,0.930401,nan,0.170887,nan,2.373652
3160,0.786066,0.837528,4.071066,0.170860,5.955754,1.915490
3161,0.791320,0.629051,nan,0.170860,nan,1.907207
3162,0.842628,0.625950,4.692043,0.170833,8.189326,2.062002
3163,1.116793,1.010082,nan,0.170833,nan,2.624777
3164,0.744418,0.757225,4.368113,0.170805,9.340575,1.869035
3165,0.774854,0.558108,nan,0.170805,nan,1.886559
3166,0.525110,0.571885,4.251010,0.170778,6.607902,1.403117
3167,0.805638,1.142467,nan,0.170778,nan,1.976586
3168,1.178442,1.218686,3.937616,0.170751,5.234456,2.746036
3169,0.580996,0.763247,nan,0.170751,nan,1.509969
3170,0.957462,1.078426,4.593584,0.170724,7.248894,2.264202
3171,0.713738,0.880900,nan,0.170724,nan,1.759692
3172,0.870740,1.073523,3.916303,0.170697,5.377402,2.112744
3173,0.768622,0.707820,nan,0.170697,nan,1.889883
3174,0.714301,0.844525,4.094807,0.170671,5.941339,1.789322
3175,1.189670,0.805284,nan,0.170671,nan,2.765014
3176,0.801987,0.730927,4.458679,0.170644,8.453714,1.962513
3177,0.677212,0.654658,nan,0.170644,nan,1.699950
3178,0.686545,0.942761,3.520842,0.170618,4.876653,1.760629
3179,0.764838,0.952428,nan,0.170618,nan,1.911282
3180,0.958283,0.816766,4.242546,0.170591,8.900497,2.283328
3181,1.044145,0.970203,nan,0.170591,nan,2.457293
3182,0.811860,0.689536,3.947920,0.170565,6.877635,1.990901
3183,0.682555,1.139176,nan,0.170565,nan,1.682860
3184,0.768485,1.345248,4.257684,0.170538,7.991964,1.890068
3185,0.898086,0.982402,nan,0.170538,nan,2.105047
3186,0.814178,0.919406,5.591537,0.170511,6.872979,1.994123
3187,0.674122,0.908305,nan,0.170511,nan,1.715169
3188,0.580241,0.928205,2.680114,0.170484,6.691696,1.523826
3189,0.681233,0.808571,nan,0.170484,nan,1.720870
3190,1.094998,1.140616,4.251447,0.170458,6.381243,2.549543
3191,1.303793,1.082368,nan,0.170458,nan,3.006105
3192,0.917013,0.652846,3.005003,0.170432,6.573115,2.207706
3193,0.913078,0.894367,nan,0.170432,nan,2.232460
3194,0.746479,0.640402,3.815364,0.170405,9.435176,1.873047
3195,0.799736,0.691570,nan,0.170405,nan,1.976018
3196,1.123346,0.949395,4.250420,0.170378,6.830124,2.643964
3197,0.834489,0.797183,nan,0.170378,nan,2.030265
3198,0.560604,0.665507,5.965181,0.170352,5.285330,1.467131
3199,1.036572,0.839348,nan,0.170352,nan,2.448105
3200,0.873938,0.819569,5.699441,0.170326,5.205568,2.087842
3201,1.150297,1.318289,nan,0.170326,nan,2.684951
3202,1.260366,1.237861,3.266245,0.170300,6.162998,2.929582
3203,0.701836,1.028313,nan,0.170300,nan,1.751844
3204,0.973488,1.060231,4.578685,0.170274,6.410109,2.324624
3205,0.832731,2.052354,nan,0.170274,nan,2.038880
3206,0.825299,1.686375,5.493150,0.170249,5.411678,2.019085
3207,1.320976,1.573764,nan,0.170249,nan,3.038669
3208,0.892912,1.310926,2.535789,0.170223,8.860138,2.145341
3209,1.429111,1.145630,nan,0.170223,nan,3.277910
3210,1.676832,1.083441,4.739314,0.170197,7.923498,3.771657
3211,1.419200,1.105160,nan,0.170197,nan,3.246055
3212,1.293294,1.212678,3.422165,0.170171,7.595925,2.977868
3213,1.514645,1.452626,nan,0.170171,nan,3.436533
3214,1.310787,1.508234,4.358442,0.170145,5.601393,3.018100
3215,1.014060,0.965143,nan,0.170145,nan,2.392432
3216,1.227034,0.993338,4.703825,0.170119,6.833327,2.857335
3217,0.953036,0.797772,nan,0.170119,nan,2.298811
3218,0.593676,0.776854,4.120940,0.170093,6.376222,1.513314
3219,0.896624,1.033567,nan,0.170093,nan,2.179112
3220,0.548806,0.520674,1.394286,0.170068,6.519879,1.474815
3221,0.963240,0.682621,nan,0.170068,nan,2.287788
3222,0.795880,0.952760,1.974065,0.170042,5.178362,1.956271
3223,0.655163,0.863281,nan,0.170042,nan,1.680254
3224,1.065129,0.940700,6.035884,0.170017,8.196712,2.510626
3225,0.686355,1.214960,nan,0.170017,nan,1.771520
3226,1.336593,1.754769,4.652128,0.169991,7.374296,3.069684
3227,1.085255,0.853779,nan,0.169991,nan,2.565454
3228,0.912520,1.177593,4.565283,0.169965,7.423406,2.238324
3229,1.966473,2.702244,nan,0.169965,nan,4.345261
3230,1.525232,1.325581,4.099717,0.169940,5.270127,3.437530
3231,1.011603,1.227953,nan,0.169940,nan,2.407250
3232,0.938249,1.196213,3.188117,0.169914,7.140142,2.248234
3233,1.820618,1.767998,nan,0.169914,nan,4.042346
3234,0.776677,0.828274,2.945253,0.169889,6.933017,1.944007
3235,1.154121,0.844853,nan,0.169889,nan,2.711567
3236,1.453106,1.342839,5.716447,0.169863,7.446488,3.288860
3237,1.897974,1.388826,nan,0.169863,nan,4.212947
3238,1.788124,1.594933,2.803146,0.169837,7.645154,3.993574
3239,1.693354,1.726859,nan,0.169837,nan,3.787607
3240,1.815489,1.565024,4.312107,0.169812,4.886514,4.041025
3241,1.515181,1.739537,nan,0.169812,nan,3.426404
3242,1.655521,1.510945,5.139648,0.169787,6.626572,3.707551
3243,1.365268,1.490987,nan,0.169787,nan,3.117437
3244,1.563889,1.632543,3.249866,0.169761,8.984385,3.545639
3245,1.360708,1.227781,nan,0.169761,nan,3.114043
3246,1.648314,1.563978,3.739206,0.169735,8.318510,3.677565
3247,2.029957,1.561659,nan,0.169735,nan,4.462892
3248,1.861823,1.274883,4.264474,0.169709,5.887554,4.140868
3249,1.416029,1.308760,nan,0.169709,nan,3.208431
3250,1.922596,1.467167,3.700347,0.169683,7.516796,4.230821
3251,1.595197,1.145778,nan,0.169683,nan,3.570789
3252,1.052385,0.804393,5.158264,0.169658,5.403110,2.523382
3253,0.788355,0.876800,nan,0.169658,nan,1.936044
3254,1.299656,0.832000,6.444431,0.169632,6.184167,2.973863
3255,1.834599,1.401053,nan,0.169632,nan,4.068215
3256,0.926328,1.232864,4.582570,0.169607,6.638942,2.198635
3257,1.551292,0.912256,nan,0.169607,nan,3.520019
3258,1.270350,0.802155,3.800716,0.169582,6.444145,2.949941
3259,1.255505,0.814564,nan,0.169582,nan,2.899150
3260,1.574053,1.181275,4.842498,0.169557,8.565575,3.541819
3261,0.822636,1.545639,nan,0.169557,nan,2.054380
3262,1.484248,1.520185,5.144750,0.169531,8.469111,3.342276
3263,1.146403,0.655363,nan,0.169531,nan,2.719186
3264,1.248902,1.002079,4.529944,0.169505,7.826579,2.920969
3265,1.549438,0.874020,nan,0.169505,nan,3.506360
3266,1.014589,1.033680,4.833981,0.169479,7.930236,2.413944
3267,1.760671,1.042374,nan,0.169479,nan,3.926968
3268,1.658861,1.164841,5.059244,0.169453,5.650559,3.721681
3269,2.198570,0.774780,nan,0.169453,nan,4.813632
3270,1.641669,0.883279,5.537898,0.169427,8.434223,3.667890
3271,0.752152,0.916503,nan,0.169427,nan,1.873258
3272,1.286936,0.702756,5.782646,0.169401,7.463148,2.952700
3273,0.948863,0.732919,nan,0.169401,nan,2.277170
3274,0.840566,0.882979,3.544526,0.169375,5.390079,2.052715
3275,0.993905,0.776064,nan,0.169375,nan,2.366880
3276,1.028073,0.939596,3.828153,0.169349,8.647058,2.452138
3277,2.299531,1.196584,nan,0.169349,nan,5.035442
3278,1.820817,0.995311,4.251952,0.169323,7.332110,4.088085
3279,1.633660,1.112570,nan,0.169323,nan,3.679968
3280,1.247267,0.886075,5.130982,0.169297,7.482936,2.905241
3281,1.227706,0.989906,nan,0.169297,nan,2.879595
3282,1.202612,0.880532,4.277981,0.169272,6.783092,2.793497
3283,1.343963,0.678127,nan,0.169272,nan,3.088338
3284,1.299619,0.688824,4.570300,0.169246,7.997020,3.018360
3285,0.840601,0.798965,nan,0.169246,nan,2.068137
3286,1.053553,0.703695,5.329008,0.169220,6.990526,2.510579
3287,0.769187,0.572016,nan,0.169220,nan,1.918915
3288,1.072884,0.918860,4.456185,0.169194,6.531424,2.531064
3289,1.465611,0.795747,nan,0.169194,nan,3.330532
3290,1.392447,0.739604,4.745892,0.169168,6.922375,3.195975
3291,1.050290,0.790398,nan,0.169168,nan,2.490157
3292,1.010220,0.767676,4.403790,0.169143,6.564349,2.429374
3293,1.491967,1.029066,nan,0.169143,nan,3.402991
3294,1.046502,0.774697,4.783121,0.169117,7.313560,2.460460
3295,0.965519,0.927972,nan,0.169117,nan,2.337156
3296,1.297540,0.814538,5.319031,0.169092,7.054888,2.991486
3297,1.208169,0.671753,nan,0.169092,nan,2.778735
3298,1.164781,0.684001,5.392267,0.169066,7.436160,2.711727
3299,1.672677,1.046399,nan,0.169066,nan,3.783090
3300,1.336979,0.834370,4.178751,0.169041,7.293149,3.107275
3301,1.249290,0.815775,nan,0.169041,nan,2.900659
3302,1.050018,0.733802,3.619931,0.169015,8.058657,2.491554
3303,1.352549,1.104454,nan,0.169015,nan,3.119387
3304,1.255814,1.377460,3.858579,0.168989,7.427370,2.932856
3305,1.096557,1.422180,nan,0.168989,nan,2.596416
3306,1.410405,1.180548,4.302128,0.168963,9.756587,3.227833
3307,1.696330,1.646051,nan,0.168963,nan,3.804390
3308,1.528491,1.156747,3.742027,0.168937,5.935694,3.474496
3309,1.585453,1.736392,nan,0.168937,nan,3.570358
3310,1.390495,1.344180,3.590364,0.168911,8.338351,3.199250
3311,1.520148,1.156893,nan,0.168911,nan,3.450675
3312,1.358075,0.710549,6.496320,0.168885,8.127182,3.148754
3313,1.001698,0.988762,nan,0.168885,nan,2.408493
3314,1.257751,0.897048,5.943400,0.168859,8.617075,2.926479
3315,1.209981,1.479901,nan,0.168859,nan,2.812650
3316,1.230895,1.492741,4.865212,0.168832,7.959461,2.868751
3317,1.103099,1.076827,nan,0.168832,nan,2.586302
3318,1.195854,0.719445,5.360215,0.168806,8.209628,2.781267
3319,1.433902,1.034141,nan,0.168806,nan,3.231090
3320,1.334874,0.847920,3.307352,0.168779,7.456747,3.080566
3321,1.139882,1.179656,nan,0.168779,nan,2.706265
3322,1.170716,0.998826,4.405085,0.168753,7.642980,2.752597
3323,1.756267,1.111517,nan,0.168753,nan,3.936152
3324,1.576867,1.066585,3.997892,0.168726,8.672169,3.583900
3325,1.369925,0.993209,nan,0.168726,nan,3.160809
3326,1.281469,0.509132,6.036262,0.168700,7.243412,2.953434
3327,1.519977,0.939546,nan,0.168700,nan,3.478306
3328,1.076026,0.779056,4.822221,0.168673,8.212448,2.543470
3329,1.415254,0.773297,nan,0.168673,nan,3.247021
3330,1.162570,0.648347,4.703534,0.168647,7.638375,2.746506
3331,1.883490,0.723112,nan,0.168647,nan,4.183453
3332,1.775300,1.083283,3.921004,0.168620,9.653052,3.973394
3333,1.600254,0.890906,nan,0.168620,nan,3.635406
3334,1.236338,0.817577,4.768051,0.168593,8.442932,2.886209
3335,1.207065,0.758850,nan,0.168593,nan,2.829310
3336,1.664430,0.888060,4.552669,0.168567,6.698227,3.750249
3337,1.352734,0.594299,nan,0.168567,nan,3.124085
3338,1.139930,0.764950,4.623069,0.168540,7.365683,2.672972
3339,1.339883,1.067813,nan,0.168540,nan,3.060098
3340,1.247708,1.102594,5.171864,0.168514,6.116627,2.874056
3341,1.582309,0.720292,nan,0.168514,nan,3.592001
3342,1.166732,0.683509,4.142079,0.168488,7.629999,2.755586
3343,0.940097,1.127683,nan,0.168488,nan,2.275172
3344,1.286672,1.220435,4.287753,0.168462,9.588739,2.968826
3345,1.324955,0.743585,nan,0.168462,nan,3.074968
3346,1.684823,1.127660,4.828373,0.168436,7.470521,3.773482
3347,1.105555,0.975492,nan,0.168436,nan,2.612506
3348,1.380419,0.842756,4.395567,0.168410,6.240361,3.167209
3349,1.255356,0.844813,nan,0.168410,nan,2.925942
3350,1.511636,0.724011,5.140728,0.168384,7.730568,3.449131
3351,1.566450,1.300015,nan,0.168384,nan,3.560542
3352,1.439236,0.789844,5.585423,0.168358,7.904497,3.288489
3353,1.168578,1.409824,nan,0.168358,nan,2.751997
3354,1.257737,1.623934,4.938588,0.168332,7.677646,2.906386
3355,1.435618,1.666930,nan,0.168332,nan,3.262602
3356,1.332266,0.922032,4.086137,0.168306,6.563943,3.092016
3357,1.172862,0.892794,nan,0.168306,nan,2.780674
3358,1.009771,0.817636,3.131809,0.168281,6.288049,2.447531
3359,1.522376,1.163990,nan,0.168281,nan,3.466564
3360,1.350561,1.619139,6.025644,0.168256,7.427169,3.095336
3361,0.912048,0.658352,nan,0.168256,nan,2.236505
3362,1.566064,0.799281,6.795989,0.168230,9.646896,3.567753
3363,1.153336,0.876029,nan,0.168230,nan,2.730751
3364,1.433489,0.996525,7.249808,0.168205,5.419123,3.304256
3365,1.389432,0.839234,nan,0.168205,nan,3.204803
3366,1.548609,0.721331,6.308102,0.168179,6.646090,3.515453
3367,1.098781,0.592488,nan,0.168179,nan,2.610594
3368,1.321806,1.114464,5.067142,0.168154,7.333277,3.089733
3369,1.376222,0.681498,nan,0.168154,nan,3.185394
3370,1.081180,0.913968,5.294540,0.168129,8.992311,2.550285
3371,1.263056,0.694722,nan,0.168129,nan,2.918175
3372,1.143002,0.713383,5.494216,0.168104,7.130910,2.681768
3373,1.242663,1.126866,nan,0.168104,nan,2.922826
3374,1.416175,1.325153,3.345418,0.168078,9.783783,3.268930
3375,1.118631,0.925632,nan,0.168078,nan,2.664364
3376,1.787941,0.916003,5.729432,0.168052,7.673747,4.016262
3377,1.087372,0.734610,nan,0.168052,nan,2.586666
3378,1.439979,0.867397,4.697756,0.168027,7.761106,3.304030
3379,1.041265,1.063075,nan,0.168027,nan,2.490910
3380,0.812769,0.656326,5.242984,0.168001,7.745745,2.035537
3381,1.434618,1.273466,nan,0.168001,nan,3.304691
3382,1.526614,1.261688,5.115239,0.167976,6.933562,3.496933
3383,1.562196,1.180262,nan,0.167976,nan,3.536813
3384,0.931159,1.370373,4.323098,0.167950,5.772511,2.238791
3385,1.718373,1.234469,nan,0.167950,nan,3.880683
3386,1.423513,0.996912,5.014227,0.167926,7.108709,3.312346
3387,1.170924,0.703149,nan,0.167926,nan,2.772257
3388,1.229302,0.933647,6.335849,0.167900,8.466319,2.848287
3389,1.416995,0.709497,nan,0.167900,nan,3.274210
3390,1.482171,0.683423,4.805775,0.167875,8.795807,3.400619
3391,1.049197,0.661485,nan,0.167875,nan,2.509140
3392,0.998499,0.946922,5.042777,0.167850,7.262608,2.435493
3393,1.201351,0.800202,nan,0.167850,nan,2.813397
3394,0.988790,0.764776,5.750463,0.167824,6.968639,2.414261
3395,0.898791,0.733097,nan,0.167824,nan,2.212223
3396,1.333748,0.974720,4.560660,0.167800,6.168080,3.099840
3397,1.524494,1.399807,nan,0.167800,nan,3.480887
3398,1.252755,0.993979,4.499388,0.167775,7.754304,2.950628
3399,1.823690,1.253654,nan,0.167775,nan,4.114691
3400,1.555968,0.768653,5.384092,0.167750,7.034611,3.552240
3401,1.844663,0.913194,nan,0.167750,nan,4.129822
3402,1.403882,1.229102,5.564489,0.167725,9.436916,3.218067
3403,1.027089,1.141270,nan,0.167725,nan,2.480996
3404,1.234218,1.199121,3.874995,0.167700,7.294792,2.904438
3405,1.745781,0.917477,nan,0.167700,nan,3.925619
3406,2.026220,1.352215,4.906501,0.167675,8.065350,4.502844
3407,1.472830,0.759131,nan,0.167675,nan,3.373200
3408,1.316882,0.578642,6.223373,0.167649,6.957820,3.070154
3409,1.391535,0.884347,nan,0.167649,nan,3.204479
3410,1.726708,0.822519,5.233398,0.167624,10.206390,3.859118
3411,1.313306,0.602244,nan,0.167624,nan,3.028813
3412,1.053635,1.064770,4.130924,0.167599,6.502632,2.525182
3413,0.895326,1.094034,nan,0.167599,nan,2.204195
3414,1.079736,1.042142,6.165811,0.167574,7.047500,2.561040
3415,1.589795,0.933110,nan,0.167574,nan,3.615395
3416,1.068452,0.784711,6.414058,0.167548,8.629728,2.537854
3417,1.727194,1.036349,nan,0.167548,nan,3.869918
3418,1.786624,1.260054,9.228032,0.167523,6.034257,3.980983
3419,0.804089,0.805393,nan,0.167523,nan,2.016603
3420,1.324871,0.848593,4.678901,0.167498,8.561209,3.075536
3421,1.450028,1.169864,nan,0.167498,nan,3.299253
3422,1.300481,1.109870,4.335210,0.167473,7.463980,3.021197
3423,1.111068,1.061803,nan,0.167473,nan,2.621119
3424,1.345948,0.737056,7.485696,0.167448,9.477072,3.115673
3425,1.150312,0.761507,nan,0.167448,nan,2.721776
3426,1.732999,1.512613,4.680982,0.167423,7.153637,3.874945
3427,1.612732,1.699310,nan,0.167423,nan,3.671659
3428,1.368180,1.595894,3.848861,0.167397,9.359533,3.178908
3429,1.983163,0.995323,nan,0.167397,nan,4.407493
3430,1.431676,0.616659,6.202126,0.167372,9.079068,3.309682
3431,1.549967,0.654296,nan,0.167372,nan,3.528104
3432,1.636836,0.801220,8.187263,0.167346,8.181784,3.693088
3433,1.445841,0.638013,nan,0.167346,nan,3.349673
3434,1.306956,0.474461,6.148419,0.167320,7.426973,3.046045
3435,1.763833,1.150094,nan,0.167320,nan,3.970312
3436,2.019464,1.246589,7.051109,0.167295,8.475783,4.511095
3437,1.919358,1.288252,nan,0.167295,nan,4.295215
3438,1.222850,1.212230,7.397880,0.167269,7.605707,2.871844
3439,1.701562,1.056314,nan,0.167269,nan,3.851228
3440,1.561405,0.722089,6.486148,0.167244,8.417356,3.574624
3441,1.309047,1.033297,nan,0.167244,nan,3.055367
3442,2.104875,0.841935,8.034233,0.167218,9.419021,4.647315
3443,1.175578,1.160714,nan,0.167218,nan,2.741412
3444,1.396082,1.129373,8.215311,0.167192,9.086514,3.224132
3445,1.204496,0.640206,nan,0.167192,nan,2.836272
3446,1.032934,0.925511,8.279329,0.167166,7.962352,2.482257
3447,1.311321,0.812445,nan,0.167166,nan,3.055641
3448,1.638611,0.630191,9.066702,0.167140,6.244049,3.710363
3449,2.004625,1.040600,nan,0.167140,nan,4.453667
3450,1.359326,0.731552,5.382227,0.167115,7.664925,3.157053
3451,1.491465,1.136779,nan,0.167115,nan,3.407369
3452,1.428295,1.196456,5.868558,0.167089,9.652555,3.285420
3453,1.110675,0.897687,nan,0.167089,nan,2.671554
3454,0.831518,0.744333,6.119642,0.167064,9.139597,2.070901
3455,1.540221,0.814269,nan,0.167064,nan,3.537660
3456,1.178351,0.690328,6.230764,0.167038,8.573370,2.794920
3457,1.284466,0.789967,nan,0.167038,nan,2.998126
3458,1.094639,0.607496,5.582945,0.167012,7.949852,2.623421
3459,1.497192,0.996997,nan,0.167012,nan,3.432880
3460,1.213570,0.911920,5.702678,0.166986,6.601594,2.885389
3461,1.170715,1.445897,nan,0.166986,nan,2.796500
3462,1.537758,0.916358,6.416052,0.166961,8.040826,3.544746
3463,1.253750,0.693568,nan,0.166961,nan,2.945188
3464,1.657059,0.821782,9.552322,0.166936,7.246742,3.767614
3465,0.962029,0.595415,nan,0.166936,nan,2.345251
3466,1.139481,0.823752,6.590813,0.166911,7.431349,2.721679
3467,1.228771,0.884758,nan,0.166911,nan,2.902534
3468,1.487839,0.956939,6.427305,0.166886,7.726834,3.421373
3469,1.676305,1.255577,nan,0.166886,nan,3.812150
3470,1.256818,0.847860,7.592557,0.166861,8.217313,2.948399
3471,0.894049,0.761412,nan,0.166861,nan,2.230462
3472,0.969025,1.042764,7.278903,0.166836,6.617174,2.349856
3473,1.355854,0.826303,nan,0.166836,nan,3.155038
3474,0.981133,0.749671,6.552229,0.166811,8.888236,2.404908
3475,1.709029,1.085330,nan,0.166811,nan,3.885055
3476,1.189652,1.057479,7.828646,0.166786,5.986911,2.802695
3477,0.764947,0.845712,nan,0.166786,nan,1.903174
3478,1.196494,0.759550,7.855146,0.166762,9.082788,2.820744
3479,0.721935,0.618275,nan,0.166762,nan,1.891202
3480,1.320264,1.097483,7.577301,0.166737,7.463501,3.085192
3481,0.739324,0.742162,nan,0.166737,nan,1.852672
3482,1.660047,1.309541,6.903341,0.166712,7.150713,3.747193
3483,1.361925,1.195155,nan,0.166712,nan,3.165344
3484,1.828402,0.995857,6.625231,0.166688,7.810064,4.097713
3485,0.927013,0.880357,nan,0.166688,nan,2.275130
3486,1.008445,0.837378,8.687077,0.166663,7.917166,2.444999
3487,1.581385,1.004380,nan,0.166663,nan,3.603323
3488,1.239432,0.613339,8.344534,0.166639,8.703053,2.881414
3489,1.438343,0.971983,nan,0.166639,nan,3.300359
3490,0.829739,0.924293,7.859529,0.166613,12.085295,2.039711
3491,1.686499,0.716808,nan,0.166613,nan,3.810183
3492,1.369999,0.709187,8.109743,0.166588,6.851590,3.155432
3493,1.348326,0.883426,nan,0.166588,nan,3.092920
3494,0.978032,0.689783,7.439128,0.166563,7.152997,2.363185
3495,1.741539,0.743016,nan,0.166563,nan,3.948132
3496,1.088248,0.869052,5.849524,0.166538,9.522558,2.593711
3497,1.296362,1.415085,nan,0.166538,nan,3.023087
3498,0.838564,0.795402,7.332803,0.166513,7.987896,2.102718
3499,1.153895,0.836060,nan,0.166513,nan,2.745273
3500,1.191336,0.663433,9.381250,0.166487,8.934073,2.812095
3501,0.851611,0.601695,nan,0.166487,nan,2.106102
3502,1.443006,0.762473,8.876936,0.166462,8.214268,3.327975
3503,0.740424,0.858069,nan,0.166462,nan,1.866386
3504,0.781366,0.889236,5.923550,0.166436,10.779339,1.965663
3505,1.497453,1.130000,nan,0.166436,nan,3.429998
3506,1.203613,1.013873,7.893977,0.166411,8.306044,2.822865
3507,1.402279,1.064378,nan,0.166411,nan,3.225570
3508,0.915126,0.695440,8.452493,0.166385,9.804664,2.284232
3509,1.380578,1.171556,nan,0.166385,nan,3.195444
3510,1.109690,1.016095,7.963737,0.166359,9.174163,2.643185
3511,1.370408,0.719871,nan,0.166359,nan,3.189797
3512,1.337703,1.049062,8.180294,0.166333,7.564836,3.095632
3513,0.975106,0.895511,nan,0.166333,nan,2.331246
3514,1.138601,0.884789,6.796438,0.166308,6.615872,2.691869
3515,1.455317,1.192356,nan,0.166308,nan,3.349177
3516,1.437010,1.201962,7.405645,0.166282,8.953071,3.280044
3517,0.763739,0.720817,nan,0.166282,nan,1.922555
3518,1.155079,0.822044,8.532972,0.166257,8.732426,2.719176
3519,1.041329,0.759805,nan,0.166257,nan,2.490505
3520,0.930635,0.862351,8.270456,0.166231,10.008245,2.269436
3521,0.977422,1.000305,nan,0.166231,nan,2.373367
3522,1.540311,1.152864,8.636752,0.166206,7.265115,3.491809
3523,1.508789,0.694877,nan,0.166206,nan,3.437478
3524,0.975081,0.714075,7.924832,0.166180,10.114676,2.368836
3525,1.495441,0.789618,nan,0.166180,nan,3.425462
3526,1.143410,0.871320,8.385376,0.166154,8.664479,2.707862
3527,0.858989,1.072205,nan,0.166154,nan,2.109922
3528,1.295348,0.735350,10.006614,0.166129,8.389299,3.014378
3529,1.259419,0.983487,nan,0.166129,nan,2.899756
3530,1.447842,0.795553,10.018440,0.166103,8.320314,3.337533
3531,1.137757,0.867850,nan,0.166103,nan,2.690546
3532,1.042723,0.946240,8.556827,0.166078,9.092566,2.495158
3533,1.118500,0.834516,nan,0.166078,nan,2.624096
3534,1.275587,0.654620,8.824450,0.166052,7.115734,2.974815
3535,0.698204,0.593744,nan,0.166052,nan,1.813654
3536,0.947175,0.965941,7.138435,0.166027,8.411463,2.295002
3537,1.314050,1.155414,nan,0.166027,nan,3.032303
3538,1.035419,1.160248,5.292443,0.166001,10.069150,2.461022
3539,1.711718,0.706999,nan,0.166001,nan,3.852449
3540,1.144136,0.829892,7.357791,0.165976,8.760681,2.708284
3541,1.068353,0.914025,nan,0.165976,nan,2.541257
3542,1.067284,0.940947,7.122579,0.165951,7.353481,2.552379
3543,1.034828,1.121821,nan,0.165951,nan,2.480040
3544,1.259561,1.008165,7.389084,0.165925,9.041604,2.917959
3545,0.661476,0.590108,nan,0.165925,nan,1.701676
3546,1.087955,0.906573,6.977518,0.165900,9.858513,2.595252
3547,1.095248,0.870618,nan,0.165900,nan,2.617907
3548,0.659766,0.558945,6.376231,0.165874,10.131118,1.700505
3549,1.052650,0.667462,nan,0.165874,nan,2.506344
3550,1.403706,1.057756,9.093240,0.165848,8.328762,3.217858
3551,1.257580,1.177455,nan,0.165848,nan,2.907390
3552,1.424393,0.724706,8.711684,0.165822,9.946929,3.277043
3553,1.511559,0.999669,nan,0.165822,nan,3.448332
3554,1.158757,0.906400,9.199690,0.165797,6.233255,2.718805
3555,1.273892,0.801400,nan,0.165797,nan,2.968028
3556,0.828717,0.846391,7.530246,0.165772,8.214673,2.057487
3557,0.915253,1.349910,nan,0.165772,nan,2.236367
3558,1.133575,1.078889,8.187891,0.165747,8.298468,2.670867
3559,0.976489,1.058245,nan,0.165747,nan,2.364212
3560,0.745438,1.243255,8.814879,0.165722,7.321025,1.891513
3561,1.041340,1.254941,nan,0.165722,nan,2.469152
3562,1.131225,0.827963,7.084097,0.165697,10.259382,2.655686
3563,0.849484,0.892257,nan,0.165697,nan,2.098093
3564,1.048959,0.721053,8.285778,0.165671,9.249713,2.527050
3565,1.124373,0.923409,nan,0.165671,nan,2.657574
3566,0.744475,0.823970,8.432098,0.165646,10.233896,1.885877
3567,0.852241,1.117161,nan,0.165646,nan,2.113166
3568,0.754627,0.874162,7.588386,0.165620,9.931480,1.889521
3569,0.910924,0.829213,nan,0.165620,nan,2.222116
3570,0.689096,0.709151,7.740622,0.165594,8.057043,1.779158
3571,0.953827,0.758986,nan,0.165594,nan,2.334071
3572,0.490842,0.534593,7.827758,0.165569,7.914567,1.372076
3573,0.769147,0.651193,nan,0.165569,nan,1.934806
3574,0.847601,0.720865,8.349779,0.165544,6.329731,2.111572
3575,1.036515,0.871979,nan,0.165544,nan,2.456187
3576,0.846532,0.649002,8.653998,0.165519,8.468666,2.125523
3577,0.935116,0.808457,nan,0.165519,nan,2.262763
3578,1.486813,0.943098,9.918834,0.165495,7.835733,3.384237
3579,0.745911,0.697331,nan,0.165495,nan,1.885108
3580,0.986314,1.064220,8.799236,0.165470,9.995317,2.394936
3581,0.874714,0.968779,nan,0.165470,nan,2.150682
3582,0.838355,0.687467,7.785738,0.165445,8.795465,2.094680
3583,1.359525,0.908126,nan,0.165445,nan,3.125678
3584,0.950989,0.999845,8.952695,0.165420,7.234986,2.306572
3585,1.012034,1.230522,nan,0.165420,nan,2.447243
3586,0.866550,0.844155,7.689624,0.165395,8.488877,2.140841
3587,0.752446,0.746354,nan,0.165395,nan,1.906832
3588,1.042496,1.133977,7.971591,0.165371,8.577735,2.505362
3589,0.981681,0.872240,nan,0.165371,nan,2.351219
3590,1.135011,0.894809,8.756181,0.165346,10.670901,2.682704
3591,0.799071,0.654164,nan,0.165346,nan,1.991121
3592,1.059853,1.011240,10.804810,0.165321,9.215467,2.558343
3593,1.335436,0.891413,nan,0.165321,nan,3.079339
3594,1.591495,0.960462,10.173296,0.165296,7.251349,3.594955
3595,0.967910,0.738283,nan,0.165296,nan,2.355744
3596,1.227577,1.029198,11.500904,0.165271,8.079005,2.876165
3597,1.004761,1.070257,nan,0.165271,nan,2.423637
3598,0.845758,0.964183,7.607141,0.165246,9.790953,2.111764
3599,1.424412,1.121131,nan,0.165246,nan,3.279861
3600,0.938303,1.539792,9.233442,0.165221,9.466111,2.274063
3601,0.999694,1.092574,nan,0.165221,nan,2.397901
3602,0.819813,0.665145,6.809487,0.165196,8.203526,2.039204
3603,0.653401,0.791213,nan,0.165196,nan,1.701314
3604,1.116831,0.912262,10.171230,0.165171,8.281770,2.636885
3605,0.835906,0.819113,nan,0.165171,nan,2.086122
3606,0.930990,0.686614,8.336173,0.165147,9.207476,2.274405
3607,0.796436,0.670037,nan,0.165147,nan,1.984216
3608,0.704330,0.846731,7.507950,0.165122,9.517904,1.796042
3609,0.880864,0.720379,nan,0.165122,nan,2.164181
3610,0.925967,1.064404,11.780603,0.165097,8.792751,2.268197
3611,1.071871,0.984470,nan,0.165097,nan,2.564270
3612,0.714767,0.912181,6.620409,0.165072,8.542540,1.833942
3613,1.545826,0.748720,nan,0.165072,nan,3.517515
3614,1.124897,0.912018,8.360582,0.165047,7.411972,2.678240
3615,0.979922,1.569708,nan,0.165047,nan,2.368698
3616,1.010339,1.411103,9.346148,0.165022,8.524246,2.448820
3617,1.174598,1.048194,nan,0.165022,nan,2.771952
3618,0.934803,0.951822,9.098317,0.164997,11.673760,2.289258
3619,1.100287,0.963016,nan,0.164997,nan,2.628513
3620,1.029543,0.876813,9.210668,0.164972,9.129681,2.471115
3621,0.887421,0.819433,nan,0.164972,nan,2.201328
3622,0.735319,0.827953,10.215843,0.164948,5.778266,1.862348
3623,0.962343,1.065070,nan,0.164948,nan,2.349245
3624,0.941935,0.897750,10.064272,0.164923,7.165544,2.305589
3625,1.168056,0.770100,nan,0.164923,nan,2.747058
3626,0.824808,0.937852,9.737831,0.164899,8.694717,2.050431
3627,0.786422,0.607500,nan,0.164899,nan,2.008123
3628,0.778339,0.698352,8.290571,0.164875,10.516195,1.966228
3629,1.044450,0.544399,nan,0.164875,nan,2.513854
3630,1.123166,0.860629,12.911005,0.164850,9.055647,2.678967
3631,1.446280,1.057691,nan,0.164850,nan,3.329017
3632,0.718532,0.812176,8.405125,0.164825,8.895407,1.860165
3633,1.654598,0.909614,nan,0.164825,nan,3.764149
3634,1.175554,0.787215,7.120160,0.164801,6.850661,2.775377
3635,0.657430,0.770368,nan,0.164801,nan,1.741062
3636,0.688363,0.930553,11.050942,0.164777,9.169321,1.800769
3637,0.698387,0.571831,nan,0.164777,nan,1.810942
3638,0.987046,1.005828,10.255790,0.164752,8.173033,2.397570
3639,1.000795,0.768286,nan,0.164752,nan,2.445605
3640,0.806990,0.683183,9.698838,0.164728,7.960982,2.051026
3641,0.645896,0.839878,nan,0.164728,nan,1.715576
3642,0.624123,0.793286,9.538202,0.164704,9.775335,1.650756
3643,0.794048,0.660096,nan,0.164704,nan,2.007499
3644,0.891086,0.772892,8.686687,0.164679,10.553058,2.221225
3645,1.137464,1.047852,nan,0.164679,nan,2.702790
3646,0.853405,0.797482,9.234539,0.164654,9.987142,2.110153
3647,0.773178,0.661854,nan,0.164654,nan,1.973738
3648,0.922027,0.770320,8.078354,0.164629,9.438046,2.246789
3649,0.635055,0.829800,nan,0.164629,nan,1.683885
3650,0.767884,0.820237,8.549960,0.164605,7.479283,1.965695
3651,0.803329,0.668216,nan,0.164605,nan,2.025068
3652,0.576315,0.753661,11.276922,0.164580,7.956842,1.563790
3653,0.684788,0.844310,nan,0.164580,nan,1.790863
3654,0.625213,1.269146,6.794532,0.164556,11.468195,1.664516
3655,0.713985,0.851036,nan,0.164556,nan,1.847603
3656,1.097825,0.784871,9.874579,0.164531,9.183067,2.633185
3657,0.825512,0.795851,nan,0.164531,nan,2.077779
3658,1.075860,0.907206,8.824486,0.164506,9.201426,2.606736
3659,0.895409,0.998328,nan,0.164506,nan,2.213818
3660,0.704154,1.000189,9.739190,0.164481,10.460693,1.823527
3661,0.555442,0.637506,nan,0.164481,nan,1.505377
3662,0.748258,1.049154,8.948974,0.164456,8.364747,1.922394
3663,0.798897,0.678489,nan,0.164456,nan,2.038410
3664,0.850043,0.809914,11.298904,0.164431,7.517302,2.128675
3665,0.773938,0.786279,nan,0.164431,nan,1.998972
3666,0.919519,0.771355,8.306389,0.164406,9.124773,2.264661
3667,0.946620,0.982028,nan,0.164406,nan,2.333408
3668,0.667345,0.800256,9.763205,0.164382,8.975918,1.767434
3669,0.908466,1.035640,nan,0.164382,nan,2.257543
3670,0.851045,0.844099,6.340368,0.164357,11.726562,2.133346
3671,0.846380,1.045347,nan,0.164357,nan,2.101490
3672,1.220444,1.066734,9.601231,0.164331,9.095041,2.888769
3673,0.732227,0.818996,nan,0.164331,nan,1.883279
3674,0.651108,0.914489,7.543364,0.164306,12.010895,1.721452
3675,0.580011,0.736916,nan,0.164306,nan,1.573836
3676,0.836216,0.759466,10.610227,0.164281,7.785786,2.119382
3677,0.837220,0.780620,nan,0.164281,nan,2.116640
3678,0.608470,0.568113,7.526520,0.164255,11.508291,1.632399
3679,0.997261,0.927019,nan,0.164255,nan,2.441966
3680,0.789012,0.865078,11.830875,0.164230,8.721886,2.018967
3681,1.214962,0.872025,nan,0.164230,nan,2.902243
3682,1.258157,0.657206,8.687048,0.164205,8.455605,2.988823
3683,1.177876,0.802830,nan,0.164205,nan,2.784636
3684,1.009232,0.802981,9.195459,0.164180,8.341416,2.438192
3685,0.792852,0.728685,nan,0.164180,nan,2.008382
3686,0.754376,0.673076,6.508732,0.164155,10.258044,1.938445
3687,1.143714,0.661249,nan,0.164155,nan,2.717052
3688,0.836712,0.706123,10.174214,0.164129,12.535658,2.098765
3689,1.691679,0.926054,nan,0.164129,nan,3.837728
3690,1.691426,0.832131,9.815554,0.164104,6.393381,3.851303
3691,1.126100,0.580178,nan,0.164104,nan,2.709353
3692,1.289705,0.916948,7.830145,0.164079,9.672039,3.063148
3693,0.551466,0.744228,nan,0.164079,nan,1.508498
3694,0.646730,1.058637,7.511454,0.164054,10.553910,1.693894
3695,0.690345,0.736891,nan,0.164054,nan,1.819301
3696,0.528823,0.873160,10.094931,0.164029,7.306946,1.471185
3697,0.555398,0.691689,nan,0.164029,nan,1.529830
3698,0.673187,0.725180,7.986292,0.164004,8.519436,1.772110
3699,0.530591,0.806057,nan,0.164004,nan,1.484730
3700,0.842888,0.857535,9.495907,0.163979,10.469520,2.135632
3701,0.794824,0.849709,nan,0.163979,nan,2.035079
3702,0.983490,0.855218,10.121912,0.163954,8.018841,2.400973
3703,0.687019,0.775853,nan,0.163954,nan,1.804629
3704,0.960897,0.846042,8.538298,0.163930,8.921468,2.370381
3705,0.562113,0.528148,nan,0.163930,nan,1.550054
3706,0.680497,0.723644,8.929273,0.163905,9.153722,1.800603
3707,0.720943,0.678457,nan,0.163905,nan,1.883704
3708,0.779979,0.883914,8.404350,0.163881,6.695257,1.987126
3709,1.199950,0.650887,nan,0.163881,nan,2.876997
3710,0.800093,0.675213,9.352280,0.163857,8.271914,2.039476
3711,0.701834,0.815067,nan,0.163857,nan,1.849824
3712,0.957679,0.605547,9.435453,0.163833,9.646034,2.363538
3713,1.049721,0.822488,nan,0.163833,nan,2.542167
3714,0.606751,0.737223,8.689909,0.163809,9.971552,1.644199
3715,0.711597,0.618282,nan,0.163809,nan,1.895738
3716,0.676558,0.568669,7.561942,0.163784,11.138816,1.818427
3717,1.215082,1.011081,nan,0.163784,nan,2.908475
3718,0.959262,0.872552,9.533434,0.163760,6.651985,2.383512
3719,0.810258,0.890780,nan,0.163760,nan,2.064747
3720,0.785583,0.797305,9.832523,0.163736,9.023883,1.992399
3721,1.222180,1.188831,nan,0.163736,nan,2.928354
3722,0.829900,1.139993,8.604593,0.163712,9.923869,2.130439
3723,0.846454,0.925855,nan,0.163712,nan,2.138726
3724,0.810118,0.876096,9.134813,0.163688,8.026149,2.065713
3725,1.077965,1.144588,nan,0.163688,nan,2.597348
3726,1.027970,0.893957,7.275969,0.163664,11.551380,2.527769
3727,0.590147,0.884821,nan,0.163664,nan,1.589074
3728,0.701768,0.709245,8.360794,0.163639,9.831793,1.836346
3729,0.708429,0.693851,nan,0.163639,nan,1.880669
3730,0.872808,1.116542,8.793026,0.163615,8.880715,2.190900
3731,0.903051,1.102483,nan,0.163615,nan,2.245927
3732,0.725303,0.566280,9.423563,0.163590,7.752522,1.902285
3733,0.627071,1.061517,nan,0.163590,nan,1.679223
3734,0.808608,1.117043,9.882689,0.163566,10.165026,2.066117
3735,0.738555,0.650539,nan,0.163566,nan,1.904767
3736,0.691286,0.991065,9.293103,0.163542,8.380222,1.839805
3737,0.668152,0.581045,nan,0.163542,nan,1.778029
3738,0.655579,0.595251,10.463819,0.163518,8.623442,1.767476
3739,0.541601,0.824234,nan,0.163518,nan,1.489401
3740,0.676991,0.631446,9.738211,0.163494,9.287331,1.792870
3741,0.705198,0.958043,nan,0.163494,nan,1.866913
3742,0.786384,0.742329,7.503463,0.163470,10.017527,2.008029
3743,1.017709,0.892847,nan,0.163470,nan,2.485304
3744,0.818572,0.699272,9.416416,0.163446,8.031759,2.084631
3745,0.706466,0.592780,nan,0.163446,nan,1.853985
3746,0.853413,0.919237,9.526312,0.163422,7.495980,2.168578
3747,0.679402,0.473864,nan,0.163422,nan,1.806540
3748,1.093904,0.716701,9.349447,0.163398,11.578441,2.659066
3749,0.847797,0.532738,nan,0.163398,nan,2.157084
3750,0.925351,0.640337,8.944855,0.163373,11.581610,2.304300
3751,0.911994,0.721969,nan,0.163373,nan,2.284680
3752,0.842332,0.450703,10.387228,0.163349,10.279358,2.170525
3753,0.669374,0.632865,nan,0.163349,nan,1.796685
3754,0.746179,0.563465,10.736732,0.163324,10.819377,1.955829
3755,0.649818,0.842732,nan,0.163324,nan,1.740232
3756,0.633873,0.742165,7.135529,0.163299,10.418238,1.698080
3757,0.762817,0.694888,nan,0.163299,nan,1.987275
3758,0.511285,0.750334,11.230318,0.163274,7.599717,1.457433
3759,0.709800,0.619285,nan,0.163274,nan,1.887340
3760,0.690555,0.956591,9.822964,0.163250,9.122681,1.823805
3761,0.966590,0.630459,nan,0.163250,nan,2.406531
3762,0.952427,0.840613,6.478231,0.163226,8.860345,2.370656
3763,1.097731,0.556318,nan,0.163226,nan,2.699919
3764,0.984749,0.983950,7.588665,0.163201,8.899499,2.445240
3765,0.522213,0.699680,nan,0.163201,nan,1.447099
3766,0.827597,0.816896,7.993064,0.163177,11.513180,2.108311
3767,0.752988,0.781240,nan,0.163177,nan,1.957633
3768,0.595681,0.826826,9.328942,0.163152,9.242021,1.629922
3769,0.584741,0.593178,nan,0.163152,nan,1.613946
3770,0.794972,0.754770,8.601528,0.163127,11.728250,2.059863
3771,0.891027,0.593664,nan,0.163127,nan,2.250345
3772,0.889026,0.721975,10.460037,0.163103,9.656880,2.255563
3773,0.729628,0.897845,nan,0.163103,nan,1.908809
3774,0.729121,0.857366,8.051231,0.163078,10.027538,1.918541
3775,0.654023,0.640776,nan,0.163078,nan,1.741078
3776,0.555720,0.687855,10.202686,0.163053,9.150188,1.545398
3777,0.720802,0.829166,nan,0.163053,nan,1.883442
3778,0.714911,0.632762,9.411043,0.163028,9.453039,1.884740
3779,0.700781,0.795270,nan,0.163028,nan,1.842528
3780,0.809327,0.614697,7.737131,0.163004,9.156078,2.074720
3781,0.835499,0.513624,nan,0.163004,nan,2.126961
3782,0.680161,0.683787,9.630873,0.162979,10.637594,1.818722
3783,0.746442,0.745363,nan,0.162979,nan,1.930527
3784,0.596461,0.811818,7.395232,0.162954,10.017062,1.607535
3785,0.551804,0.863175,nan,0.162954,nan,1.529270
3786,0.952761,0.847328,8.821331,0.162930,9.727796,2.370526
3787,1.054942,0.850314,nan,0.162930,nan,2.598603
3788,1.214394,0.849819,10.753627,0.162905,10.276978,2.921460
3789,0.664044,0.780651,nan,0.162905,nan,1.761112
3790,1.050436,0.999199,12.195574,0.162880,9.403902,2.578826
3791,1.316671,0.840871,nan,0.162880,nan,3.120327
3792,0.639736,0.860379,8.875116,0.162856,8.198754,1.722748
3793,1.449586,0.930151,nan,0.162856,nan,3.394078
3794,1.420980,1.140624,8.203218,0.162832,9.967375,3.317308
3795,0.725681,0.695853,nan,0.162832,nan,1.870073
3796,0.666481,0.856698,8.966782,0.162807,8.760485,1.781637
3797,0.898262,1.018798,nan,0.162807,nan,2.258209
3798,0.842555,0.655389,8.016163,0.162783,9.643646,2.159569
3799,0.721589,0.709459,nan,0.162783,nan,1.861453
3800,0.759566,0.766259,7.977316,0.162759,8.015388,1.969686
3801,0.994583,0.699586,nan,0.162759,nan,2.452130
3802,1.297043,0.802964,8.419058,0.162735,8.805214,3.072685
3803,0.618401,0.617905,nan,0.162735,nan,1.680667
3804,0.828809,1.098762,7.710066,0.162711,10.239758,2.113318
3805,0.754759,0.926606,nan,0.162711,nan,1.952120
3806,0.848553,0.701859,9.982407,0.162688,8.632351,2.162972
3807,0.499964,0.569606,nan,0.162688,nan,1.412367
3808,0.862610,0.615981,6.694281,0.162664,10.362293,2.171892
3809,0.765482,0.829740,nan,0.162664,nan,1.967804
3810,0.621765,0.637424,9.172534,0.162640,10.695656,1.693018
3811,0.440830,0.696937,nan,0.162640,nan,1.305639
3812,0.580964,0.753617,8.139402,0.162615,10.717762,1.594993
3813,0.860238,0.727786,nan,0.162615,nan,2.193175
3814,0.523181,0.718101,8.817116,0.162591,8.810949,1.478578
3815,0.672527,0.412786,nan,0.162591,nan,1.811301
3816,0.548196,0.488396,8.822561,0.162567,11.650124,1.549060
3817,0.533545,0.675464,nan,0.162567,nan,1.511880
3818,0.559019,0.821154,9.373373,0.162542,12.091391,1.563405
3819,0.507774,0.887670,nan,0.162542,nan,1.433960
3820,0.569754,0.647127,10.775833,0.162517,11.024361,1.595058
3821,0.726792,0.977601,nan,0.162517,nan,1.909021
3822,0.686664,0.783250,7.905818,0.162492,9.082417,1.822694
3823,0.740660,0.928026,nan,0.162492,nan,1.952557
3824,0.616749,0.589388,6.981131,0.162467,10.497410,1.668884
3825,1.073878,0.721394,nan,0.162467,nan,2.647821
3826,0.745652,0.486922,10.210736,0.162443,8.283401,1.956117
3827,0.513406,0.549443,nan,0.162443,nan,1.464989
3828,0.659627,0.644408,7.837854,0.162418,11.987009,1.765852
3829,1.049129,0.693562,nan,0.162418,nan,2.585136
3830,0.593894,0.562262,9.590755,0.162393,9.664241,1.638948
3831,0.628996,0.589818,nan,0.162393,nan,1.714472
3832,0.508997,0.510104,8.461184,0.162369,10.405419,1.467324
3833,0.696096,0.727736,nan,0.162369,nan,1.827503
3834,0.587849,0.925975,6.936691,0.162344,9.197745,1.614937
3835,0.678052,0.608908,nan,0.162344,nan,1.812929
3836,0.698127,0.468941,8.807780,0.162320,9.959658,1.836214
3837,0.782955,0.695190,nan,0.162320,nan,2.032603
3838,0.643047,0.709375,6.081790,0.162295,10.527764,1.718566
3839,0.689955,0.665032,nan,0.162295,nan,1.842085
3840,0.926361,1.022715,8.460329,0.162271,8.107504,2.300463
3841,0.544121,0.547631,nan,0.162271,nan,1.533625
3842,0.555826,0.630334,10.729950,0.162247,7.599174,1.569595
3843,0.596864,0.587904,nan,0.162247,nan,1.637170
3844,0.498000,0.513731,6.519966,0.162223,10.647699,1.446034
3845,1.071806,1.033376,nan,0.162223,nan,2.627183
3846,1.282944,0.913590,5.272600,0.162199,10.853740,3.049392
3847,0.703883,1.299930,nan,0.162199,nan,1.849801
3848,0.711813,1.562297,8.381084,0.162174,10.546316,1.865399
3849,0.611103,0.788536,nan,0.162174,nan,1.677517
3850,0.669732,0.650799,9.695250,0.162150,11.465776,1.806471
3851,0.562895,0.675334,nan,0.162150,nan,1.568970
3852,0.527803,0.845993,8.709238,0.162125,12.121740,1.482953
3853,0.579649,0.772976,nan,0.162125,nan,1.591635
3854,0.625017,0.799024,7.658602,0.162100,9.517666,1.700727
3855,0.962656,0.969111,nan,0.162100,nan,2.392854
3856,1.174388,1.063901,9.145462,0.162076,9.700161,2.820108
3857,0.848539,0.881850,nan,0.162076,nan,2.148935
3858,0.474147,0.902744,8.502558,0.162051,11.558279,1.369576
3859,0.766541,0.851587,nan,0.162051,nan,2.004347
3860,0.513876,0.710784,8.741888,0.162027,8.028104,1.455187
3861,0.637611,0.684599,nan,0.162027,nan,1.734084
3862,0.706406,0.641522,7.588161,0.162002,10.754011,1.866095
3863,0.871907,0.837286,nan,0.162002,nan,2.207743
3864,0.571866,0.794242,7.227497,0.161978,10.746313,1.600405
3865,0.772018,0.649242,nan,0.161978,nan,2.009840
3866,0.596511,0.651965,7.342461,0.161953,9.700803,1.634712
3867,0.434096,0.605803,nan,0.161953,nan,1.293013
3868,0.551225,0.591397,7.311687,0.161929,10.155455,1.548321
3869,0.383369,0.703174,nan,0.161929,nan,1.183669
3870,0.577666,0.690040,11.501109,0.161904,9.560986,1.586420
3871,0.782840,0.651290,nan,0.161904,nan,2.035827
3872,0.724902,0.548652,8.222925,0.161880,10.966286,1.913763
3873,0.662001,0.644251,nan,0.161880,nan,1.781747
3874,0.961735,0.922956,8.522427,0.161856,10.240915,2.386761
3875,0.617116,1.072131,nan,0.161856,nan,1.682124
3876,0.558423,0.806240,8.273997,0.161831,9.264994,1.571289
3877,0.712331,0.657355,nan,0.161831,nan,1.895879
3878,0.598969,0.575598,8.585911,0.161807,10.861116,1.652159
3879,0.469711,0.584758,nan,0.161807,nan,1.379890
3880,0.468316,0.525280,9.353561,0.161783,9.986639,1.384837
3881,1.011023,0.648867,nan,0.161783,nan,2.493445
3882,0.587995,0.660817,6.901506,0.161758,10.689819,1.641616
3883,0.706763,0.823851,nan,0.161758,nan,1.895727
3884,0.609948,0.639221,7.839450,0.161734,8.214186,1.676960
3885,0.606658,0.663162,nan,0.161734,nan,1.668132
3886,0.874893,0.834322,7.692134,0.161710,9.716639,2.244576
3887,0.495718,0.637571,nan,0.161710,nan,1.463138
3888,0.685563,0.783913,8.843630,0.161687,9.084461,1.821354
3889,0.558918,0.618025,nan,0.161687,nan,1.593887
3890,0.751214,0.584449,7.281850,0.161663,10.031140,1.958498
3891,0.489839,0.929944,nan,0.161663,nan,1.442209
3892,0.511938,0.729729,7.093699,0.161639,10.756324,1.472775
3893,1.168825,0.667434,nan,0.161639,nan,2.825553
3894,0.879079,0.662836,7.741641,0.161615,11.236218,2.258772
3895,0.565705,0.680828,nan,0.161615,nan,1.570356
3896,0.576155,0.491887,9.113935,0.161590,12.360687,1.604168
3897,0.616859,0.833643,nan,0.161590,nan,1.678546
3898,0.502388,0.920872,6.803959,0.161566,11.077806,1.404649
3899,0.706592,0.823815,nan,0.161566,nan,1.882688
3900,0.608816,0.616775,5.159555,0.161541,10.882625,1.676654
