update_num,q1_loss,q2_loss,actor_loss,alpha,entropy,td_error
1,0.764456,0.768581,nan,0.200000,nan,1.991101
2,0.592691,0.596256,1.068223,0.200020,-5.204080,1.639916
3,0.599038,0.599568,nan,0.200020,nan,1.650513
4,0.661372,0.660438,1.354410,0.200038,-6.589594,1.787968
5,0.610474,0.609243,nan,0.200038,nan,1.648188
6,0.817149,0.815513,1.460246,0.200057,-7.105027,2.104798
7,0.718528,0.719104,nan,0.200057,nan,1.887599
8,0.501253,0.501343,1.654833,0.200076,-8.050842,1.398006
9,0.520666,0.521666,nan,0.200076,nan,1.479850
10,0.727102,0.728264,2.015502,0.200095,-9.823306,1.915848
11,0.460812,0.461634,nan,0.200095,nan,1.329115
12,0.627380,0.626764,1.563473,0.200115,-7.522686,1.696757
13,0.718351,0.718133,nan,0.200115,nan,1.872307
14,0.745536,0.745284,1.657177,0.200134,-7.959455,1.938036
15,0.492903,0.494030,nan,0.200134,nan,1.410749
16,0.593927,0.594275,1.404455,0.200153,-6.678962,1.603944
17,0.596190,0.596881,nan,0.200153,nan,1.635529
18,0.732241,0.733078,1.444299,0.200172,-6.837869,1.917541
19,0.746033,0.746120,nan,0.200172,nan,1.926687
20,0.668809,0.667993,1.380795,0.200190,-6.437824,1.796571
21,0.603590,0.602812,nan,0.200190,nan,1.665696
22,0.697070,0.696616,1.529987,0.200209,-7.155145,1.841867
23,0.735761,0.736544,nan,0.200209,nan,1.945014
24,0.620417,0.622156,1.798083,0.200228,-8.402042,1.699116
25,0.714557,0.716456,nan,0.200228,nan,1.872668
26,0.797356,0.798185,1.321986,0.200246,-5.972070,2.041365
27,0.487117,0.487553,nan,0.200246,nan,1.390847
28,0.558616,0.558425,2.046132,0.200265,-9.420912,1.594177
29,0.633530,0.634243,nan,0.200265,nan,1.733798
30,0.569545,0.570206,1.713933,0.200285,-7.706904,1.542556
31,0.733967,0.735027,nan,0.200285,nan,1.912865
32,0.543035,0.542855,1.676822,0.200304,-7.306739,1.522948
33,0.572053,0.572107,nan,0.200304,nan,1.586129
34,0.583511,0.584055,1.933381,0.200324,-8.405710,1.603781
35,0.764603,0.764397,nan,0.200324,nan,1.989870
36,0.498526,0.498324,1.816453,0.200343,-7.800622,1.429310
37,0.581809,0.581201,nan,0.200343,nan,1.607800
38,0.484123,0.483456,1.978381,0.200363,-8.340532,1.398400
39,0.534302,0.534576,nan,0.200363,nan,1.525738
40,0.616545,0.617961,1.439133,0.200382,-5.531601,1.668113
41,0.471308,0.471368,nan,0.200382,nan,1.379126
42,0.519726,0.519274,1.744938,0.200401,-7.063310,1.476120
43,0.666538,0.667251,nan,0.200401,nan,1.773364
44,0.625462,0.624643,1.763916,0.200420,-7.283381,1.718498
45,0.676779,0.677986,nan,0.200420,nan,1.783413
46,0.520913,0.521900,1.906487,0.200439,-7.489764,1.483134
47,0.480784,0.482504,nan,0.200439,nan,1.386319
48,0.621753,0.622006,1.735543,0.200457,-6.830182,1.657829
49,0.666040,0.663958,nan,0.200457,nan,1.765413
50,0.454484,0.451670,1.915542,0.200476,-7.502377,1.321979
51,0.519322,0.514563,nan,0.200476,nan,1.454292
52,0.511158,0.507434,1.846593,0.200495,-6.881950,1.453140
53,0.466324,0.463616,nan,0.200495,nan,1.349727
54,0.469738,0.469330,1.910053,0.200513,-6.997811,1.361132
55,0.443331,0.445837,nan,0.200513,nan,1.299823
56,0.521222,0.520970,1.733421,0.200531,-6.340057,1.465607
57,0.547677,0.544994,nan,0.200531,nan,1.515051
58,0.394128,0.391723,2.094952,0.200549,-7.466922,1.207233
59,0.587725,0.584092,nan,0.200549,nan,1.616272
60,0.408396,0.405035,1.872993,0.200567,-5.963943,1.241908
61,0.520718,0.516723,nan,0.200567,nan,1.443158
62,0.518822,0.512783,2.479994,0.200585,-8.678003,1.477621
63,0.484387,0.480959,nan,0.200585,nan,1.391718
64,0.422661,0.416309,2.170535,0.200604,-6.946873,1.268737
65,0.532780,0.524322,nan,0.200604,nan,1.471875
66,0.564884,0.564264,2.218444,0.200622,-7.114970,1.569354
67,0.434898,0.428914,nan,0.200622,nan,1.263876
68,0.384150,0.371574,2.759046,0.200641,-9.418365,1.144946
69,0.492435,0.483350,nan,0.200641,nan,1.414332
70,0.462703,0.456589,2.191248,0.200661,-8.174501,1.342432
71,0.550652,0.543573,nan,0.200661,nan,1.524956
72,0.583881,0.574231,1.980842,0.200680,-6.522540,1.601628
73,0.462526,0.454273,nan,0.200680,nan,1.354989
74,0.518462,0.511498,2.298114,0.200699,-6.923566,1.468300
75,0.415519,0.408400,nan,0.200699,nan,1.245002
76,0.389977,0.380367,1.865866,0.200717,-4.983490,1.175576
77,0.363123,0.357139,nan,0.200717,nan,1.126319
78,0.553150,0.544799,2.651432,0.200736,-9.676922,1.510154
79,0.364682,0.357544,nan,0.200736,nan,1.124690
80,0.443254,0.435329,2.645913,0.200755,-8.741203,1.303756
81,0.424777,0.416054,nan,0.200755,nan,1.278393
82,0.346785,0.330472,2.429804,0.200775,-7.061844,1.066814
83,0.488838,0.476639,nan,0.200775,nan,1.383068
84,0.337491,0.323816,2.869134,0.200795,-9.149124,1.082800
85,0.468325,0.451251,nan,0.200795,nan,1.352059
86,0.500830,0.486609,2.375162,0.200815,-6.692733,1.419998
87,0.457173,0.445697,nan,0.200815,nan,1.309849
88,0.511036,0.500866,2.508478,0.200834,-7.379854,1.448686
89,0.435645,0.427261,nan,0.200834,nan,1.295456
90,0.357714,0.341322,2.984216,0.200854,-8.861278,1.111164
91,0.459311,0.443711,nan,0.200854,nan,1.316796
92,0.429828,0.417443,2.661855,0.200875,-7.367989,1.248165
93,0.377421,0.364533,nan,0.200875,nan,1.164630
94,0.396538,0.385421,2.313341,0.200893,-5.023195,1.186130
95,0.350150,0.343180,nan,0.200893,nan,1.086901
96,0.283586,0.272145,2.451541,0.200911,-5.490035,0.957088
97,0.365635,0.351199,nan,0.200911,nan,1.118145
98,0.349216,0.332833,2.919281,0.200929,-8.274338,1.069315
99,0.364904,0.357865,nan,0.200929,nan,1.101070
100,0.453145,0.447452,2.405676,0.200947,-6.412931,1.305725
101,0.475833,0.474698,nan,0.200947,nan,1.362991
102,0.529265,0.526015,2.370903,0.200964,-5.956195,1.487730
103,0.371474,0.359591,nan,0.200964,nan,1.160819
104,0.293268,0.281618,2.409800,0.200980,-5.765838,0.938288
105,0.386714,0.380373,nan,0.200980,nan,1.180181
106,0.310777,0.298130,2.859979,0.200996,-6.312012,1.007913
107,0.381529,0.370624,nan,0.200996,nan,1.136947
108,0.335650,0.320125,3.208782,0.201012,-7.583670,1.051877
109,0.432389,0.419789,nan,0.201012,nan,1.276336
110,0.363748,0.352457,2.654644,0.201028,-5.935500,1.120741
111,0.350549,0.344578,nan,0.201028,nan,1.087689
112,0.428520,0.430503,2.665617,0.201045,-8.116940,1.251231
113,0.575400,0.596415,nan,0.201045,nan,1.609714
114,0.481536,0.489082,2.225257,0.201062,-6.864115,1.379543
115,0.385088,0.372719,nan,0.201062,nan,1.138683
116,0.452552,0.430289,2.901140,0.201078,-7.487820,1.299229
117,0.424661,0.401166,nan,0.201078,nan,1.244922
118,0.471960,0.472631,2.784821,0.201095,-6.581156,1.350562
119,0.444447,0.406119,nan,0.201095,nan,1.272994
120,0.347466,0.345157,3.520915,0.201113,-7.946680,1.087959
121,0.348938,0.343489,nan,0.201113,nan,1.090039
122,0.456390,0.447122,2.480450,0.201129,-5.612719,1.352287
123,0.454854,0.470863,nan,0.201129,nan,1.317012
124,0.263943,0.275617,2.712459,0.201146,-7.207795,0.879490
125,0.519731,0.557361,nan,0.201146,nan,1.479555
126,0.460412,0.489601,3.085029,0.201163,-7.922918,1.351544
127,0.372974,0.375327,nan,0.201163,nan,1.131739
128,0.333487,0.331384,2.867070,0.201180,-5.965430,1.022523
129,0.278719,0.271170,nan,0.201180,nan,0.949570
130,0.288341,0.293983,2.428040,0.201196,-5.281008,0.958914
131,0.388407,0.380182,nan,0.201196,nan,1.185664
132,0.364889,0.361648,2.793352,0.201212,-7.748699,1.128051
133,0.428399,0.438602,nan,0.201212,nan,1.249612
134,0.284662,0.290530,2.798575,0.201228,-7.282207,0.925853
135,0.438194,0.453959,nan,0.201228,nan,1.292189
136,0.576331,0.574421,2.578978,0.201244,-5.498303,1.578702
137,0.484841,0.488736,nan,0.201244,nan,1.383859
138,0.476753,0.477419,3.113110,0.201260,-6.090692,1.380513
139,0.327633,0.326753,nan,0.201260,nan,1.034956
140,0.298755,0.298998,3.066068,0.201275,-6.249478,0.990430
141,0.339621,0.343013,nan,0.201275,nan,1.060607
142,0.472936,0.465043,2.853978,0.201289,-4.815068,1.369605
143,0.382029,0.393707,nan,0.201289,nan,1.154139
144,0.267679,0.272464,3.052932,0.201302,-5.988138,0.900782
145,0.228962,0.235208,nan,0.201302,nan,0.799287
146,0.285207,0.294927,2.966848,0.201316,-6.440652,0.967574
147,0.432603,0.440184,nan,0.201316,nan,1.248306
148,0.337125,0.342625,2.776018,0.201330,-6.391125,1.078795
149,0.301119,0.302903,nan,0.201330,nan,0.991686
150,0.263402,0.250184,3.096959,0.201344,-7.415445,0.869886
151,0.368562,0.371685,nan,0.201344,nan,1.145537
152,0.333242,0.343389,3.129663,0.201358,-5.839221,1.053241
153,0.330214,0.335030,nan,0.201358,nan,1.044852
154,0.273174,0.298428,3.025638,0.201373,-7.822350,0.943203
155,0.400213,0.427722,nan,0.201373,nan,1.197813
156,0.300965,0.312339,2.787503,0.201388,-5.835333,0.977324
157,0.364704,0.366497,nan,0.201388,nan,1.156646
158,0.460422,0.445784,3.707937,0.201403,-8.175416,1.351433
159,0.312455,0.310869,nan,0.201403,nan,1.031320
160,0.292794,0.319517,3.498009,0.201419,-6.408401,0.951221
161,0.373268,0.377366,nan,0.201419,nan,1.123240
162,0.276312,0.273963,2.604649,0.201433,-5.075266,0.902831
163,0.394943,0.421980,nan,0.201433,nan,1.215338
164,0.390762,0.402342,2.518593,0.201449,-7.556344,1.204818
165,0.387707,0.408674,nan,0.201449,nan,1.179822
166,0.438184,0.465391,2.423826,0.201465,-7.812021,1.279349
167,0.487632,0.484949,nan,0.201465,nan,1.391766
168,0.462688,0.436196,2.523822,0.201479,-4.578866,1.356112
169,0.495116,0.468274,nan,0.201479,nan,1.414802
170,0.346392,0.335849,3.158538,0.201494,-6.905268,1.100380
171,0.268143,0.260151,nan,0.201494,nan,0.926643
172,0.290678,0.299555,3.719425,0.201509,-6.595525,0.965619
173,0.485653,0.477447,nan,0.201509,nan,1.388435
174,0.286603,0.281782,3.295604,0.201524,-6.747300,0.964637
175,0.330695,0.336026,nan,0.201524,nan,1.091404
176,0.250156,0.245744,3.250233,0.201540,-6.665486,0.870871
177,0.223894,0.232297,nan,0.201540,nan,0.816675
178,0.279072,0.280754,3.145673,0.201556,-8.425764,0.949227
179,0.320767,0.317707,nan,0.201556,nan,1.034659
180,0.429032,0.409720,2.692282,0.201572,-6.232027,1.259462
181,0.395691,0.381740,nan,0.201572,nan,1.185182
182,0.401100,0.396517,3.173069,0.201588,-6.351752,1.207679
183,0.397898,0.396080,nan,0.201588,nan,1.207093
184,0.345485,0.351939,3.588087,0.201605,-6.864993,1.056824
185,0.433906,0.432672,nan,0.201605,nan,1.263307
186,0.271556,0.269896,3.893349,0.201621,-7.123847,0.926081
187,0.387567,0.390342,nan,0.201621,nan,1.186975
188,0.237450,0.238030,3.018168,0.201636,-5.059611,0.857480
189,0.303505,0.303041,nan,0.201636,nan,1.017980
190,0.292892,0.297016,3.545030,0.201653,-8.752041,0.979020
191,0.271341,0.282279,nan,0.201653,nan,0.897793
192,0.292306,0.288590,3.279261,0.201670,-6.605403,0.927704
193,0.342360,0.350556,nan,0.201670,nan,1.087003
194,0.297037,0.295111,3.121598,0.201686,-6.714704,0.973624
195,0.440378,0.435994,nan,0.201686,nan,1.296946
196,0.410955,0.407374,2.531313,0.201703,-6.699248,1.252193
197,0.311746,0.307017,nan,0.201703,nan,0.996769
198,0.411844,0.421025,3.379038,0.201721,-9.332211,1.228334
199,0.315894,0.315652,nan,0.201721,nan,1.009202
200,0.342060,0.348680,3.242202,0.201740,-7.742073,1.078161
201,0.243015,0.236890,nan,0.201740,nan,0.870718
202,0.390119,0.392146,3.394833,0.201758,-5.816734,1.165230
203,0.308612,0.316537,nan,0.201758,nan,1.000136
204,0.366322,0.369492,2.887721,0.201774,-4.358078,1.170454
205,0.299759,0.295051,nan,0.201774,nan,1.009707
206,0.405098,0.405190,3.146628,0.201790,-5.472960,1.195506
207,0.318318,0.308733,nan,0.201790,nan,1.006256
208,0.327805,0.323564,4.023938,0.201806,-8.296696,1.061519
209,0.271633,0.267910,nan,0.201806,nan,0.880409
210,0.281395,0.286473,3.415497,0.201821,-4.718585,0.944367
211,0.286355,0.283499,nan,0.201821,nan,0.949802
212,0.122843,0.125649,3.967824,0.201837,-7.857952,0.559296
213,0.175802,0.182999,nan,0.201837,nan,0.692293
214,0.274826,0.277205,3.586718,0.201855,-8.405485,0.913439
215,0.339726,0.346505,nan,0.201855,nan,1.090535
216,0.523193,0.556806,2.839874,0.201872,-7.273251,1.483862
217,0.484957,0.506860,nan,0.201872,nan,1.401841
218,0.361318,0.366507,2.863915,0.201890,-7.217851,1.108031
219,0.355732,0.346469,nan,0.201890,nan,1.100669
220,0.458802,0.450545,3.264156,0.201908,-7.981952,1.343881
221,0.318134,0.311713,nan,0.201908,nan,1.016258
222,0.283891,0.290226,3.381858,0.201926,-5.724751,0.951242
223,0.363787,0.364243,nan,0.201926,nan,1.129262
224,0.407170,0.411498,3.110391,0.201943,-5.439271,1.217301
225,0.223681,0.220461,nan,0.201943,nan,0.837990
226,0.282282,0.290498,2.902978,0.201960,-7.551567,0.952091
227,0.285316,0.282651,nan,0.201960,nan,0.976933
228,0.244378,0.240946,2.583116,0.201976,-5.169583,0.888059
229,0.387233,0.401931,nan,0.201976,nan,1.197232
230,0.422223,0.424229,3.372437,0.201992,-6.264853,1.258516
231,0.267356,0.280209,nan,0.201992,nan,0.896303
232,0.295815,0.299609,2.996826,0.202007,-5.145450,0.979736
233,0.341569,0.345753,nan,0.202007,nan,1.082294
234,0.305062,0.309296,3.544614,0.202021,-6.282727,0.992566
235,0.390740,0.395818,nan,0.202021,nan,1.184102
236,0.380459,0.377368,3.193298,0.202035,-5.553144,1.150637
237,0.277603,0.278443,nan,0.202035,nan,0.929905
238,0.396768,0.396025,3.383892,0.202050,-7.121324,1.194216
239,0.301054,0.298487,nan,0.202050,nan,0.952757
240,0.327540,0.333020,3.595790,0.202065,-7.356432,1.042232
241,0.301056,0.300892,nan,0.202065,nan,0.992494
242,0.326902,0.328442,3.695118,0.202081,-7.262272,1.039832
243,0.308708,0.311476,nan,0.202081,nan,1.000982
244,0.314595,0.311744,3.467447,0.202096,-5.862912,1.027369
245,0.327431,0.335260,nan,0.202096,nan,1.055267
246,0.285760,0.293023,3.425000,0.202113,-7.859261,0.953300
247,0.332842,0.355499,nan,0.202113,nan,1.045131
248,0.358819,0.377598,2.446578,0.202128,-4.845172,1.115381
249,0.286323,0.278637,nan,0.202128,nan,0.969957
250,0.450924,0.436659,3.185874,0.202144,-7.844066,1.300577
251,0.416963,0.388569,nan,0.202144,nan,1.216424
252,0.271568,0.245548,3.326259,0.202159,-6.280609,0.908637
253,0.346003,0.349269,nan,0.202159,nan,1.086176
254,0.335719,0.332067,3.385898,0.202175,-6.067790,1.089608
255,0.330638,0.330366,nan,0.202175,nan,1.034894
256,0.313812,0.316588,3.256271,0.202189,-5.479989,1.013828
257,0.296399,0.284545,nan,0.202189,nan,0.978900
258,0.263658,0.240517,3.205314,0.202203,-4.970424,0.915693
259,0.324285,0.305500,nan,0.202203,nan,1.065157
260,0.305837,0.312566,3.085625,0.202215,-4.102678,0.992241
261,0.330190,0.331410,nan,0.202215,nan,1.084497
262,0.326964,0.290843,4.297851,0.202229,-9.018023,1.079703
263,0.297472,0.338794,nan,0.202229,nan,0.960065
264,0.352461,0.398840,3.154136,0.202243,-4.972507,1.125674
265,0.372025,0.393119,nan,0.202243,nan,1.176029
266,0.285540,0.289959,3.934477,0.202256,-6.450735,0.948847
267,0.240907,0.264782,nan,0.202256,nan,0.853884
268,0.314757,0.325040,3.494983,0.202268,-4.995236,1.039260
269,0.400664,0.402119,nan,0.202268,nan,1.185358
270,0.250712,0.279495,3.662227,0.202282,-7.300543,0.896605
271,0.373053,0.466338,nan,0.202282,nan,1.136178
272,0.271691,0.303540,2.948733,0.202295,-5.808973,0.907713
273,0.300500,0.296555,nan,0.202295,nan,1.004318
274,0.286815,0.291953,3.495736,0.202309,-7.188107,0.948179
275,0.404529,0.387168,nan,0.202309,nan,1.236588
276,0.320212,0.291198,3.101466,0.202322,-5.919772,1.070602
277,0.325567,0.325711,nan,0.202322,nan,1.049345
278,0.346302,0.358998,3.922839,0.202338,-8.525580,1.091918
279,0.206465,0.203231,nan,0.202338,nan,0.783512
280,0.271127,0.276190,3.358797,0.202351,-3.647290,0.937949
281,0.311092,0.308502,nan,0.202351,nan,1.028092
282,0.361123,0.365373,3.366124,0.202363,-5.590669,1.133520
283,0.466323,0.478393,nan,0.202363,nan,1.345618
284,0.391076,0.395788,2.845323,0.202373,-2.654378,1.193788
285,0.380472,0.388469,nan,0.202373,nan,1.181490
286,0.260155,0.257559,3.851874,0.202384,-6.421870,0.924935
287,0.370026,0.383978,nan,0.202384,nan,1.161366
288,0.325922,0.336277,3.362305,0.202394,-4.550892,1.036219
289,0.321324,0.322355,nan,0.202394,nan,1.053793
290,0.352000,0.365599,3.503202,0.202403,-5.735204,1.109328
291,0.366105,0.356766,nan,0.202403,nan,1.117802
292,0.328806,0.326051,3.693977,0.202413,-5.996951,1.069024
293,0.276891,0.276654,nan,0.202413,nan,0.927588
294,0.184607,0.190611,3.378003,0.202422,-4.773038,0.726502
295,0.313983,0.314494,nan,0.202422,nan,1.044593
296,0.374881,0.373164,3.687081,0.202431,-5.286684,1.187066
297,0.289328,0.285448,nan,0.202431,nan,0.955283
298,0.396868,0.396869,3.882318,0.202442,-7.854377,1.205183
299,0.389485,0.388453,nan,0.202442,nan,1.154737
300,0.316725,0.318014,3.772336,0.202453,-6.303932,1.015511
301,0.296345,0.292746,nan,0.202453,nan,0.996429
302,0.238882,0.249289,4.106850,0.202464,-6.978632,0.864395
303,0.300442,0.296658,nan,0.202464,nan,1.002670
304,0.219638,0.219759,3.565742,0.202477,-7.424562,0.795391
305,0.427019,0.427676,nan,0.202477,nan,1.270111
306,0.424663,0.421647,3.678917,0.202492,-7.776749,1.251651
307,0.359580,0.355972,nan,0.202492,nan,1.134139
308,0.409890,0.402557,3.838795,0.202505,-5.651291,1.250656
309,0.317771,0.315953,nan,0.202505,nan,1.040956
310,0.385476,0.385086,4.046439,0.202519,-5.736606,1.161896
311,0.339667,0.343467,nan,0.202519,nan,1.118697
312,0.319635,0.332212,4.298869,0.202532,-6.357011,1.043869
313,0.377339,0.388238,nan,0.202532,nan,1.154313
314,0.334444,0.341345,3.516974,0.202545,-6.084424,1.075120
315,0.365081,0.388381,nan,0.202545,nan,1.128601
316,0.485108,0.483234,2.373631,0.202556,-2.893131,1.400697
317,0.410860,0.407841,nan,0.202556,nan,1.243972
318,0.318734,0.324173,3.373008,0.202567,-6.180603,1.039933
319,0.300235,0.301961,nan,0.202567,nan,1.009392
320,0.251098,0.249889,3.972735,0.202579,-6.860581,0.851576
321,0.199163,0.196378,nan,0.202579,nan,0.765212
322,0.293690,0.294128,3.410367,0.202590,-4.723708,0.971106
323,0.318277,0.309684,nan,0.202590,nan,1.047696
324,0.292390,0.290084,4.072718,0.202600,-5.053227,1.006757
325,0.420230,0.416428,nan,0.202600,nan,1.242857
326,0.303039,0.296847,3.982058,0.202611,-6.142165,0.968911
327,0.416210,0.408830,nan,0.202611,nan,1.251162
328,0.320107,0.319942,3.389173,0.202622,-6.418804,1.039245
329,0.480978,0.484763,nan,0.202622,nan,1.394386
330,0.564964,0.579017,2.840027,0.202633,-5.682394,1.573583
331,0.439610,0.436741,nan,0.202633,nan,1.315016
332,0.337054,0.334045,3.653725,0.202645,-7.059663,1.085019
333,0.278151,0.266932,nan,0.202645,nan,0.935036
334,0.315688,0.302823,4.210560,0.202657,-6.055107,1.049327
335,0.430755,0.432816,nan,0.202657,nan,1.267482
336,0.253338,0.257165,3.914028,0.202669,-5.774926,0.889193
337,0.332028,0.348618,nan,0.202669,nan,1.084314
338,0.390545,0.383375,4.070460,0.202682,-6.882747,1.171350
339,0.385011,0.376762,nan,0.202682,nan,1.131030
340,0.271453,0.263221,3.891711,0.202695,-7.096958,0.913726
341,0.457229,0.454655,nan,0.202695,nan,1.343679
342,0.268040,0.276091,3.488296,0.202708,-4.911242,0.947380
343,0.307230,0.295036,nan,0.202708,nan,1.021731
344,0.274259,0.285317,3.106928,0.202718,-3.661232,0.882934
345,0.297421,0.297701,nan,0.202718,nan,0.982236
346,0.420739,0.422849,2.884959,0.202726,-2.146606,1.246143
347,0.323466,0.333794,nan,0.202726,nan,1.022082
348,0.156525,0.156907,3.790643,0.202735,-6.857309,0.681361
349,0.246713,0.253148,nan,0.202735,nan,0.884915
350,0.315537,0.314820,3.812725,0.202743,-4.900329,1.017109
351,0.318196,0.311635,nan,0.202743,nan,1.061548
352,0.285649,0.291649,3.792873,0.202752,-6.221859,0.963827
353,0.424728,0.427661,nan,0.202752,nan,1.275878
354,0.486066,0.489553,3.146293,0.202761,-5.668031,1.426740
355,0.512958,0.512928,nan,0.202761,nan,1.487509
356,0.562596,0.575576,3.408462,0.202769,-4.644443,1.578660
357,0.378201,0.389274,nan,0.202769,nan,1.179317
358,0.331828,0.347096,3.914811,0.202776,-4.097698,1.105865
359,0.481698,0.487191,nan,0.202776,nan,1.391167
360,0.342902,0.332982,3.517342,0.202784,-5.461241,1.076793
361,0.347578,0.366789,nan,0.202784,nan,1.094999
362,0.377811,0.382899,3.688899,0.202793,-7.831666,1.142481
363,0.430066,0.406053,nan,0.202793,nan,1.293772
364,0.499303,0.466890,3.804344,0.202802,-5.277884,1.420106
365,0.312825,0.330789,nan,0.202802,nan,1.006596
366,0.327775,0.327471,3.264047,0.202808,-2.089379,1.051363
367,0.280076,0.290283,nan,0.202808,nan,0.981666
368,0.259984,0.261293,4.004114,0.202815,-5.879986,0.901384
369,0.307608,0.304816,nan,0.202815,nan,1.050845
370,0.252901,0.257627,4.109341,0.202822,-5.975638,0.894688
371,0.353140,0.361496,nan,0.202822,nan,1.132713
372,0.330381,0.343647,3.233576,0.202828,-4.515997,1.088380
373,0.469462,0.485765,nan,0.202828,nan,1.363880
374,0.357089,0.401764,3.082530,0.202836,-6.356458,1.085851
375,0.600155,0.620241,nan,0.202836,nan,1.659527
376,0.531305,0.500073,3.123331,0.202844,-6.003845,1.492104
377,0.477426,0.405996,nan,0.202844,nan,1.392385
378,0.293801,0.271996,3.834872,0.202851,-4.353523,0.990000
379,0.358096,0.354256,nan,0.202851,nan,1.162609
380,0.342877,0.357743,4.775991,0.202860,-7.264676,1.135278
381,0.226005,0.251572,nan,0.202860,nan,0.867267
382,0.390717,0.390303,4.277830,0.202869,-5.971956,1.158938
383,0.310847,0.301124,nan,0.202869,nan,1.008125
384,0.388368,0.387338,3.695277,0.202877,-5.000102,1.182363
385,0.405722,0.457643,nan,0.202877,nan,1.227921
386,0.278363,0.351954,3.626188,0.202885,-4.663260,0.952798
387,0.385188,0.385217,nan,0.202885,nan,1.159099
388,0.312345,0.308702,3.961462,0.202892,-4.279761,1.045323
389,0.396718,0.362064,nan,0.202892,nan,1.206725
390,0.311218,0.314368,3.850596,0.202899,-5.427632,1.012135
391,0.388450,0.395114,nan,0.202899,nan,1.163362
392,0.377839,0.394271,4.896539,0.202906,-4.901262,1.173658
393,0.415109,0.402123,nan,0.202906,nan,1.214062
394,0.310090,0.298470,3.810461,0.202913,-4.771189,1.008567
395,0.354789,0.366701,nan,0.202913,nan,1.119818
396,0.344356,0.353797,3.349948,0.202919,-5.376776,1.117048
397,0.541107,0.555208,nan,0.202919,nan,1.514554
398,0.512091,0.533969,3.036617,0.202925,-4.096092,1.470245
399,0.302666,0.300355,nan,0.202925,nan,0.990714
400,0.465790,0.447266,4.417192,0.202931,-6.488913,1.388190
401,0.323289,0.346048,nan,0.202931,nan,1.061486
402,0.432426,0.429426,4.190292,0.202938,-5.009752,1.289528
403,0.269979,0.310054,nan,0.202938,nan,0.893195
404,0.472949,0.489132,3.917821,0.202944,-4.537209,1.375510
405,0.269543,0.253454,nan,0.202944,nan,0.941693
406,0.280470,0.281352,3.703461,0.202948,-3.842457,0.980337
407,0.340542,0.336327,nan,0.202948,nan,1.117129
408,0.403221,0.407224,3.989821,0.202954,-5.634736,1.240200
409,0.394381,0.369849,nan,0.202954,nan,1.215105
410,0.300843,0.278226,3.949022,0.202959,-5.221367,0.946850
411,0.333217,0.318285,nan,0.202959,nan,1.045825
412,0.323847,0.326682,4.410306,0.202965,-6.250846,1.057255
413,0.311218,0.316150,nan,0.202965,nan,0.982319
414,0.359948,0.353135,4.163354,0.202971,-4.628398,1.132628
415,0.321980,0.322748,nan,0.202971,nan,1.041603
416,0.307416,0.302875,4.310176,0.202978,-6.668852,1.017114
417,0.263188,0.277045,nan,0.202978,nan,0.924922
418,0.263827,0.260918,4.750908,0.202987,-6.467527,0.906005
419,0.392270,0.392432,nan,0.202987,nan,1.188092
420,0.274285,0.280377,4.428114,0.202996,-6.396441,0.903719
421,0.319638,0.310656,nan,0.202996,nan,0.979686
422,0.414169,0.411474,4.042195,0.203004,-5.041487,1.237834
423,0.350475,0.343142,nan,0.203004,nan,1.133181
424,0.269413,0.302404,4.283462,0.203012,-4.677134,0.925262
425,0.289120,0.288928,nan,0.203012,nan,1.016064
426,0.415220,0.435177,4.621708,0.203021,-6.855745,1.250969
427,0.318678,0.323413,nan,0.203021,nan,1.061658
428,0.274735,0.290455,3.730036,0.203030,-4.870909,0.926712
429,0.345301,0.455326,nan,0.203030,nan,1.091840
430,0.265056,0.343672,3.360142,0.203036,-2.806776,0.947637
431,0.286894,0.268965,nan,0.203036,nan,0.969598
432,0.245571,0.280734,4.309571,0.203043,-5.719646,0.919861
433,0.391568,0.427367,nan,0.203043,nan,1.207765
434,0.369293,0.386128,3.877291,0.203050,-5.472612,1.163146
435,0.308252,0.408633,nan,0.203050,nan,1.011794
436,0.362823,0.430797,3.962450,0.203058,-6.324704,1.134497
437,0.400663,0.376530,nan,0.203058,nan,1.201650
438,0.313511,0.300041,4.365543,0.203067,-6.310623,1.037277
439,0.248286,0.252608,nan,0.203067,nan,0.882871
440,0.260149,0.260193,4.050333,0.203075,-4.807730,0.904235
441,0.312319,0.344436,nan,0.203075,nan,1.047986
442,0.404814,0.434722,3.566412,0.203082,-4.331264,1.241301
443,0.315901,0.299918,nan,0.203082,nan,0.992894
444,0.234488,0.221203,4.338298,0.203090,-5.256518,0.843144
445,0.268612,0.276506,nan,0.203090,nan,0.906822
446,0.490887,0.454065,4.751279,0.203098,-5.992004,1.417663
447,0.364002,0.360774,nan,0.203098,nan,1.132380
448,0.380704,0.378216,3.342366,0.203104,-4.044256,1.166153
449,0.585308,0.585569,nan,0.203104,nan,1.638058
450,0.783813,0.846607,2.491216,0.203111,-4.871903,2.039788
451,0.942931,1.001166,nan,0.203111,nan,2.362844
452,0.899498,0.879326,2.453066,0.203117,-5.151937,2.274237
453,0.641452,0.552832,nan,0.203117,nan,1.732886
454,0.521629,0.486458,3.395492,0.203122,-4.257199,1.476491
455,0.368906,0.373074,nan,0.203122,nan,1.140227
456,0.386822,0.393173,4.954195,0.203129,-6.008287,1.216837
457,0.453397,0.450297,nan,0.203129,nan,1.357007
458,0.487655,0.511640,4.886321,0.203134,-4.426837,1.409856
459,0.420875,0.406938,nan,0.203134,nan,1.264521
460,0.279081,0.271964,3.559161,0.203140,-4.796167,0.923841
461,0.565189,0.539922,nan,0.203140,nan,1.577622
462,0.571705,0.481551,2.721262,0.203145,-4.363150,1.592684
463,0.677722,0.474116,nan,0.203145,nan,1.787210
464,0.536470,0.423377,3.422905,0.203149,-4.545740,1.508677
465,0.447279,0.352468,nan,0.203149,nan,1.346148
466,0.357985,0.336929,4.002385,0.203153,-4.780651,1.156471
467,0.384963,0.372685,nan,0.203153,nan,1.172050
468,0.273697,0.264771,4.236173,0.203157,-4.585840,0.939018
469,0.244795,0.272257,nan,0.203157,nan,0.871252
470,0.342447,0.344864,4.081872,0.203160,-3.913247,1.067577
471,0.323675,0.311540,nan,0.203160,nan,1.043002
472,0.267356,0.264311,4.359632,0.203164,-5.767034,0.967824
473,0.338382,0.325805,nan,0.203164,nan,1.072991
474,0.354419,0.350390,3.822324,0.203167,-3.753875,1.082563
475,0.481191,0.485217,nan,0.203167,nan,1.390130
476,0.402312,0.387892,4.492976,0.203170,-5.820563,1.193908
477,0.283876,0.286019,nan,0.203170,nan,1.001240
478,0.229296,0.230896,3.986106,0.203174,-5.280907,0.804895
479,0.320615,0.341167,nan,0.203174,nan,1.034701
480,0.382886,0.382648,4.350099,0.203179,-5.093786,1.177609
481,0.425954,0.429726,nan,0.203179,nan,1.288741
482,0.275318,0.270020,4.820247,0.203184,-6.390381,0.928720
483,0.311576,0.288355,nan,0.203184,nan,1.049751
484,0.386670,0.428962,3.561532,0.203189,-3.882283,1.207057
485,0.367945,0.378885,nan,0.203189,nan,1.132014
486,0.243439,0.240656,4.349864,0.203195,-6.626111,0.852738
487,0.325118,0.309171,nan,0.203195,nan,1.088384
488,0.303700,0.311368,3.737854,0.203200,-4.110456,0.999109
489,0.335495,0.375424,nan,0.203200,nan,1.069019
490,0.450687,0.462118,3.774441,0.203205,-4.478499,1.325678
491,0.319148,0.321986,nan,0.203205,nan,1.038001
492,0.383198,0.400802,4.377714,0.203210,-5.634661,1.194697
493,0.251139,0.268880,nan,0.203210,nan,0.891476
494,0.478667,0.472986,3.735686,0.203215,-4.590423,1.401283
495,0.545448,0.560936,nan,0.203215,nan,1.517221
496,0.354764,0.393166,3.491495,0.203219,-4.112157,1.127599
497,0.387751,0.376571,nan,0.203219,nan,1.169131
498,0.386641,0.375890,4.482306,0.203222,-4.686327,1.186195
499,0.398865,0.451813,nan,0.203222,nan,1.212044
500,0.480182,0.485427,4.491177,0.203227,-5.579265,1.416480
501,0.410205,0.379259,nan,0.203227,nan,1.241732
502,0.412188,0.440821,3.731190,0.203233,-6.361124,1.238048
503,0.637324,0.566393,nan,0.203233,nan,1.720578
504,0.869119,0.647299,3.125384,0.203239,-5.644044,2.209136
505,0.853950,0.467588,nan,0.203239,nan,2.198492
506,0.641200,0.433597,3.659296,0.203245,-4.888265,1.738083
507,0.641227,0.512103,nan,0.203245,nan,1.745582
508,0.298907,0.274057,4.132450,0.203251,-4.831542,1.014426
509,0.271835,0.274840,nan,0.203251,nan,0.917855
510,0.392186,0.349789,5.321268,0.203256,-4.678020,1.213435
511,0.540750,0.515939,nan,0.203256,nan,1.524240
512,0.433934,0.424633,4.160397,0.203259,-3.021304,1.276968
513,0.326129,0.327540,nan,0.203259,nan,1.030826
514,0.310680,0.303108,3.675722,0.203262,-4.085513,1.028785
515,0.437573,0.437079,nan,0.203262,nan,1.320511
516,0.433507,0.444641,3.102803,0.203265,-4.827393,1.314183
517,0.363760,0.371059,nan,0.203265,nan,1.143786
518,0.385400,0.391666,3.243664,0.203266,-3.067073,1.161621
519,0.418478,0.426434,nan,0.203266,nan,1.260202
520,0.301672,0.309982,4.399290,0.203266,-3.660654,1.016019
521,0.451573,0.447327,nan,0.203266,nan,1.334790
522,0.408573,0.389052,4.841228,0.203267,-4.348525,1.237359
523,0.355596,0.341578,nan,0.203267,nan,1.101992
524,0.309944,0.297918,3.034237,0.203266,-3.521573,1.008906
525,0.533814,0.494609,nan,0.203266,nan,1.539489
526,0.659644,0.596923,2.171786,0.203264,-3.539086,1.773429
527,0.949615,0.920026,nan,0.203264,nan,2.376333
528,0.679567,0.675193,2.180030,0.203262,-3.546630,1.829227
529,0.528397,0.593477,nan,0.203262,nan,1.500029
530,0.557984,0.603199,3.543481,0.203261,-6.396811,1.564281
531,0.316143,0.310955,nan,0.203261,nan,1.021970
532,0.365768,0.333001,3.878089,0.203261,-4.314438,1.155424
533,0.446579,0.422550,nan,0.203261,nan,1.319127
534,0.458937,0.467881,5.068222,0.203262,-6.106927,1.359591
535,0.604641,0.525123,nan,0.203262,nan,1.669130
536,0.468068,0.389667,3.952469,0.203262,-4.083975,1.382049
537,0.265482,0.325503,nan,0.203262,nan,0.919961
538,0.386485,0.425692,3.190419,0.203262,-3.762608,1.183868
539,0.498122,0.444593,nan,0.203262,nan,1.413658
540,0.652000,0.561932,3.522667,0.203262,-4.407604,1.759486
541,0.302468,0.255333,nan,0.203262,nan,1.005966
542,0.309881,0.277542,3.995348,0.203262,-4.624220,0.977450
543,0.358211,0.356222,nan,0.203262,nan,1.136392
544,0.373760,0.293149,4.138846,0.203261,-3.759535,1.163154
545,0.333260,0.329114,nan,0.203261,nan,1.074415
546,0.464025,0.446026,4.667461,0.203260,-4.154990,1.379026
547,0.343965,0.382241,nan,0.203260,nan,1.094557
548,0.308200,0.321397,3.781325,0.203259,-3.874418,1.039235
549,0.432707,0.502101,nan,0.203259,nan,1.277946
550,0.355604,0.470547,3.561667,0.203258,-4.884829,1.085402
551,0.354757,0.518426,nan,0.203258,nan,1.094867
552,0.326828,0.366324,3.840483,0.203257,-4.616940,1.046496
553,0.509299,0.406530,nan,0.203257,nan,1.453503
554,0.475709,0.433259,4.874631,0.203258,-5.933111,1.427188
555,0.392080,0.425588,nan,0.203258,nan,1.177980
556,0.286512,0.274945,4.278761,0.203261,-6.892062,0.966848
557,0.349454,0.338906,nan,0.203261,nan,1.086626
558,0.380451,0.458593,3.141199,0.203264,-4.872739,1.184305
559,0.447368,0.382286,nan,0.203264,nan,1.316717
560,0.569267,0.382503,3.546544,0.203266,-3.811730,1.604723
561,0.590907,0.304866,nan,0.203266,nan,1.647276
562,0.521735,0.399570,4.010416,0.203268,-3.955483,1.483746
563,0.323099,0.297263,nan,0.203268,nan,1.061600
564,0.329754,0.335302,4.923531,0.203270,-5.199250,1.082406
565,0.243882,0.152355,nan,0.203270,nan,0.886957
566,0.449423,0.386267,4.629488,0.203271,-4.147573,1.303694
567,0.372349,0.370100,nan,0.203271,nan,1.169169
568,0.291748,0.281747,3.569479,0.203271,-3.459205,0.975513
569,0.393921,0.270976,nan,0.203271,nan,1.207240
570,0.479409,0.366600,3.529440,0.203272,-5.024356,1.403731
571,0.361098,0.328096,nan,0.203272,nan,1.097540
572,0.300334,0.288720,3.844541,0.203273,-4.216702,0.981243
573,0.363387,0.317086,nan,0.203273,nan,1.125719
574,0.380282,0.393093,4.080421,0.203273,-4.382544,1.193415
575,0.408554,0.412813,nan,0.203273,nan,1.235046
576,0.411130,0.395516,4.428109,0.203276,-6.710557,1.263222
577,0.315760,0.305412,nan,0.203276,nan,1.051028
578,0.411839,0.405689,3.432063,0.203275,-1.378156,1.239944
579,0.298697,0.289372,nan,0.203275,nan,1.013984
580,0.257511,0.304228,3.675920,0.203274,-4.322657,0.874633
581,0.422960,0.414966,nan,0.203274,nan,1.273514
582,0.345492,0.299564,3.748319,0.203273,-4.419868,1.126565
583,0.386973,0.396662,nan,0.203273,nan,1.198782
584,0.241875,0.246682,3.586757,0.203272,-3.881715,0.897564
585,0.358837,0.335054,nan,0.203272,nan,1.122771
586,0.294248,0.421386,3.915955,0.203271,-4.724144,0.974536
587,0.207177,0.231852,nan,0.203271,nan,0.767550
588,0.333312,0.310512,3.593575,0.203268,-3.098231,1.065987
589,0.303235,0.344469,nan,0.203268,nan,1.024670
590,0.375532,0.366465,2.961925,0.203266,-3.977169,1.166215
591,0.300447,0.288163,nan,0.203266,nan,1.030720
592,0.359546,0.453592,3.896531,0.203264,-4.917043,1.061211
593,0.246426,0.240945,nan,0.203264,nan,0.861106
594,0.404947,0.378120,3.665594,0.203264,-5.735842,1.241003
595,0.493954,0.433167,nan,0.203264,nan,1.421098
596,0.340268,0.292776,4.434648,0.203264,-5.681430,1.063145
597,0.450696,0.462438,nan,0.203264,nan,1.333735
598,0.406180,0.400190,4.611334,0.203265,-4.703642,1.231864
599,0.462415,0.390463,nan,0.203265,nan,1.381545
600,0.262416,0.293495,3.520993,0.203266,-4.435697,0.942208
601,0.507279,0.512136,nan,0.203266,nan,1.448328
602,0.510270,0.382318,3.790297,0.203268,-5.972691,1.459259
603,0.589470,0.388068,nan,0.203268,nan,1.631316
604,0.507799,0.497249,3.410859,0.203270,-4.424380,1.452192
605,0.434550,0.423653,nan,0.203270,nan,1.276466
606,0.324480,0.391242,3.508635,0.203271,-2.924575,1.052649
607,0.488077,0.464296,nan,0.203271,nan,1.401600
608,0.262618,0.265994,4.421084,0.203271,-4.839346,0.946128
609,0.407799,0.479916,nan,0.203271,nan,1.261381
610,0.391803,0.433898,3.365868,0.203271,-4.036945,1.186388
611,0.450025,0.502107,nan,0.203271,nan,1.345135
612,0.367428,0.487849,3.155787,0.203272,-5.242970,1.182279
613,0.494626,0.581344,nan,0.203272,nan,1.411076
614,0.455198,0.497628,2.549779,0.203272,-3.335831,1.341800
615,0.373861,0.337359,nan,0.203272,nan,1.162863
616,0.330064,0.367921,3.816632,0.203271,-3.728844,1.070071
617,0.331856,0.334072,nan,0.203271,nan,1.071695
618,0.286571,0.340920,3.856586,0.203270,-4.634379,0.935694
619,0.343022,0.319098,nan,0.203270,nan,1.113702
620,0.337692,0.352350,3.710187,0.203269,-4.204484,1.043075
621,0.291911,0.288749,nan,0.203269,nan,0.994357
622,0.606653,0.609550,3.389173,0.203268,-4.852209,1.659240
623,0.439817,0.477486,nan,0.203268,nan,1.304467
624,0.438065,0.482951,2.693736,0.203268,-4.888007,1.317782
625,0.490957,0.494234,nan,0.203268,nan,1.431033
626,0.435897,0.422513,2.967522,0.203268,-4.572018,1.291815
627,0.371550,0.364085,nan,0.203268,nan,1.132463
628,0.339817,0.354429,4.164349,0.203269,-5.537945,1.097414
629,0.591794,0.546960,nan,0.203269,nan,1.627321
630,0.593513,0.501262,4.149530,0.203269,-3.640795,1.634674
631,0.391099,0.400040,nan,0.203269,nan,1.191990
632,0.478111,0.444544,2.769540,0.203269,-4.414410,1.420414
633,0.672082,0.591675,nan,0.203269,nan,1.803518
634,0.747497,0.553718,3.072240,0.203271,-5.505998,1.931874
635,0.933285,0.437492,nan,0.203271,nan,2.338876
636,0.873388,0.422849,3.261205,0.203274,-6.197915,2.215180
637,0.813672,0.451157,nan,0.203274,nan,2.095960
638,0.626861,0.423970,3.954330,0.203277,-4.755660,1.701607
639,0.501872,0.402947,nan,0.203277,nan,1.449956
640,0.433731,0.418673,4.325086,0.203277,-2.658978,1.300803
641,0.622617,0.484480,nan,0.203277,nan,1.669797
642,0.529194,0.421931,4.684815,0.203278,-4.681376,1.464772
643,0.516007,0.385461,nan,0.203278,nan,1.442616
644,0.465749,0.452650,3.081656,0.203280,-5.379762,1.363491
645,0.624797,0.578524,nan,0.203280,nan,1.692687
646,0.326492,0.252899,2.533578,0.203281,-4.051519,1.040225
647,0.696392,0.348654,nan,0.203281,nan,1.871885
648,0.927461,0.606938,2.866543,0.203281,-3.554093,2.328742
649,0.614976,0.334839,nan,0.203281,nan,1.679237
650,0.610314,0.267451,4.484286,0.203282,-5.313932,1.667673
651,0.336621,0.325768,nan,0.203282,nan,1.071352
652,0.465433,0.440113,4.403903,0.203283,-4.573178,1.378987
653,0.377168,0.362239,nan,0.203283,nan,1.150231
654,0.496899,0.399127,4.887794,0.203283,-4.054326,1.412798
655,0.547837,0.489978,nan,0.203283,nan,1.539557
656,0.476338,0.438930,3.016400,0.203280,-1.398150,1.374755
657,0.367861,0.314533,nan,0.203280,nan,1.144697
658,0.359292,0.303997,3.062403,0.203274,-0.844527,1.116956
659,0.472463,0.386662,nan,0.203274,nan,1.355701
660,0.592735,0.443085,3.866880,0.203268,-4.734165,1.641610
661,0.447012,0.375749,nan,0.203268,nan,1.294849
662,0.312661,0.274704,3.810596,0.203263,-4.210231,1.049648
663,0.504243,0.497356,nan,0.203263,nan,1.407833
664,0.350540,0.298320,4.023550,0.203258,-4.124992,1.091424
665,0.397025,0.366013,nan,0.203258,nan,1.197847
666,0.539265,0.508417,4.032839,0.203254,-5.653915,1.506459
667,0.407970,0.412038,nan,0.203254,nan,1.232049
668,0.403227,0.344262,4.083403,0.203251,-4.539510,1.196511
669,0.543429,0.451829,nan,0.203251,nan,1.553097
670,0.407102,0.347315,3.399375,0.203246,-2.349299,1.230308
671,0.525777,0.517592,nan,0.203246,nan,1.462036
672,0.420181,0.406604,3.916276,0.203242,-4.421254,1.272414
673,0.585347,0.852031,nan,0.203242,nan,1.567769
674,0.549745,0.982194,2.541462,0.203237,-3.528242,1.501499
675,0.358991,0.696317,nan,0.203237,nan,1.130943
676,0.447401,0.614478,3.468734,0.203233,-5.299601,1.305165
677,0.420587,0.438621,nan,0.203233,nan,1.238040
678,0.478638,0.520224,4.329738,0.203230,-5.130838,1.377311
679,0.523058,0.487402,nan,0.203230,nan,1.489131
680,0.551663,0.573939,2.669851,0.203225,-1.065893,1.549084
681,0.496658,0.499105,nan,0.203225,nan,1.409885
682,0.374628,0.502188,3.740160,0.203220,-4.899393,1.098331
683,0.423340,0.570758,nan,0.203220,nan,1.251983
684,0.466969,0.513868,2.922511,0.203213,-2.196099,1.335040
685,0.467489,0.424634,nan,0.203213,nan,1.369191
686,0.512919,0.523410,3.953639,0.203207,-5.029098,1.434184
687,0.475638,0.421163,nan,0.203207,nan,1.370488
688,0.342604,0.308556,3.686534,0.203202,-4.563718,1.090686
689,0.480366,0.495221,nan,0.203202,nan,1.357831
690,0.334437,0.330123,3.867392,0.203200,-6.366275,1.054986
691,0.381926,0.527268,nan,0.203200,nan,1.165937
692,0.521626,0.655708,3.855175,0.203199,-5.632434,1.512812
693,0.581985,0.624825,nan,0.203199,nan,1.599897
694,0.497625,0.479424,3.772116,0.203197,-3.236644,1.410640
695,0.506188,0.514647,nan,0.203197,nan,1.452319
696,0.606924,0.613619,4.110749,0.203194,-4.188887,1.654077
697,0.473676,0.477672,nan,0.203194,nan,1.357653
698,0.556746,0.642364,3.585849,0.203191,-3.559287,1.550737
699,0.459166,0.680187,nan,0.203191,nan,1.340928
700,0.420679,0.558342,3.452314,0.203188,-3.650914,1.249937
701,0.563671,0.588552,nan,0.203188,nan,1.595448
702,0.435004,0.417793,4.530869,0.203184,-4.365551,1.298929
703,0.586588,0.769251,nan,0.203184,nan,1.574805
704,0.325854,0.391091,4.240111,0.203179,-2.747997,1.058666
705,0.365403,0.369365,nan,0.203179,nan,1.123352
706,0.528714,0.583791,2.365666,0.203174,-3.471905,1.496252
707,0.426895,0.690957,nan,0.203174,nan,1.255587
708,0.365234,0.656075,2.853966,0.203169,-4.158878,1.148687
709,0.520807,0.631112,nan,0.203169,nan,1.486027
710,0.661194,0.761464,2.996702,0.203162,-3.190009,1.759807
711,0.607880,0.578001,nan,0.203162,nan,1.630975
712,0.550173,0.568028,4.179037,0.203158,-5.370142,1.517139
713,0.368851,0.386765,nan,0.203158,nan,1.134045
714,0.476543,0.506583,3.650871,0.203153,-3.587832,1.350220
715,0.438901,0.461098,nan,0.203153,nan,1.282142
716,0.417832,0.400783,4.043518,0.203147,-4.059197,1.191709
717,0.440361,0.424661,nan,0.203147,nan,1.292444
718,0.284277,0.272104,4.016205,0.203143,-4.391582,0.950048
719,0.398200,0.430248,nan,0.203143,nan,1.227104
720,0.206886,0.208965,3.107366,0.203138,-4.007095,0.764520
721,0.514286,0.532982,nan,0.203138,nan,1.455407
722,0.682105,0.784970,2.694002,0.203133,-3.604753,1.806139
723,0.374304,0.449275,nan,0.203133,nan,1.145013
724,0.517059,0.522668,3.229166,0.203128,-4.699290,1.449569
725,0.508802,0.495760,nan,0.203128,nan,1.434361
726,0.407442,0.403505,3.989920,0.203123,-3.666800,1.241996
727,0.677224,0.698225,nan,0.203123,nan,1.788625
728,0.297065,0.283622,4.039310,0.203119,-4.394292,0.956223
729,0.495770,0.503354,nan,0.203119,nan,1.418678
730,0.418544,0.436414,2.986583,0.203113,-2.670331,1.224177
731,0.512763,0.519261,nan,0.203113,nan,1.438339
732,0.527362,0.532872,3.589339,0.203107,-3.656725,1.500630
733,0.500405,0.488820,nan,0.203107,nan,1.379423
734,0.485801,0.478370,3.436841,0.203100,-3.249880,1.355455
735,0.444260,0.420374,nan,0.203100,nan,1.319864
736,0.476144,0.477024,3.759734,0.203094,-4.991932,1.370237
737,0.446096,0.494614,nan,0.203094,nan,1.327409
738,0.401247,0.409748,2.496127,0.203087,-3.066410,1.191744
739,0.449808,0.426836,nan,0.203087,nan,1.297365
740,0.629740,0.611516,2.911714,0.203078,-2.079055,1.700278
741,0.415603,0.405028,nan,0.203078,nan,1.261156
742,0.504461,0.493246,3.171233,0.203068,-2.295964,1.486506
743,0.333392,0.339997,nan,0.203068,nan,1.062501
744,0.391373,0.365993,3.150259,0.203058,-3.434190,1.160137
745,0.478666,0.481947,nan,0.203058,nan,1.403170
746,0.509996,0.513138,2.661750,0.203047,-3.210717,1.436031
747,0.498753,0.482919,nan,0.203047,nan,1.394175
748,0.452893,0.401441,3.563266,0.203039,-6.014302,1.290467
749,0.336541,0.324986,nan,0.203039,nan,1.031561
750,0.402689,0.393914,3.737182,0.203031,-4.006716,1.176168
751,0.472565,0.480774,nan,0.203031,nan,1.347506
752,0.550844,0.529751,4.876453,0.203025,-5.305629,1.514641
753,0.485610,0.454928,nan,0.203025,nan,1.402555
754,0.413239,0.398393,3.842010,0.203018,-3.150602,1.267911
755,0.567744,0.555908,nan,0.203018,nan,1.562310
756,0.344608,0.341856,3.283100,0.203010,-2.926099,1.088765
757,0.777463,0.705363,nan,0.203010,nan,1.980478
758,0.514976,0.449858,3.439856,0.203003,-3.981532,1.438388
759,0.350773,0.300456,nan,0.203003,nan,1.140993
760,0.457347,0.503338,3.626509,0.202995,-3.479078,1.327295
761,0.421728,0.399045,nan,0.202995,nan,1.287613
762,0.438650,0.434563,3.281118,0.202987,-4.552670,1.283220
763,0.700066,0.745668,nan,0.202987,nan,1.851537
764,0.694103,0.711285,2.496603,0.202980,-3.497528,1.852281
765,0.632539,0.583608,nan,0.202980,nan,1.671002
766,0.703783,0.646291,3.566258,0.202973,-4.639790,1.841249
767,0.582999,0.593818,nan,0.202973,nan,1.615496
768,0.511604,0.520469,3.430038,0.202965,-2.150553,1.450255
769,0.467142,0.454556,nan,0.202965,nan,1.320144
770,0.429296,0.441021,3.319207,0.202958,-5.768007,1.277777
771,0.513576,0.506303,nan,0.202958,nan,1.432112
772,0.420803,0.433280,3.907119,0.202955,-6.700974,1.248444
773,0.584320,0.596310,nan,0.202955,nan,1.603000
774,0.416482,0.426409,3.775814,0.202953,-4.718410,1.272778
775,0.366007,0.367383,nan,0.202953,nan,1.135090
776,0.452947,0.453447,3.091233,0.202951,-4.983145,1.307103
777,0.474165,0.481388,nan,0.202951,nan,1.391246
778,0.616720,0.590133,2.392733,0.202947,-2.643524,1.690240
779,0.572881,0.528740,nan,0.202947,nan,1.600886
780,0.649844,0.588403,3.167364,0.202942,-2.450306,1.757361
781,0.588322,0.564123,nan,0.202942,nan,1.577967
782,0.378490,0.382712,3.692459,0.202935,-3.167528,1.124013
783,0.512979,0.479407,nan,0.202935,nan,1.461260
784,0.329903,0.387309,3.391252,0.202929,-4.085404,1.071042
785,0.543952,0.558456,nan,0.202929,nan,1.498728
786,0.913835,0.926063,3.116961,0.202920,-1.839550,2.265929
787,0.461976,0.434021,nan,0.202920,nan,1.380959
788,0.347165,0.364270,3.784986,0.202912,-4.582192,1.100975
789,0.547451,0.554047,nan,0.202912,nan,1.515734
790,0.380729,0.399600,3.766470,0.202904,-2.671257,1.191524
791,0.498087,0.485790,nan,0.202904,nan,1.397151
792,0.401638,0.395249,3.571836,0.202896,-4.722678,1.198642
793,0.385153,0.382951,nan,0.202896,nan,1.188366
794,0.496232,0.490026,2.675386,0.202887,-2.570307,1.423315
795,0.522136,0.469408,nan,0.202887,nan,1.483618
796,0.476763,0.430016,3.251759,0.202877,-2.965825,1.374827
797,0.268022,0.263369,nan,0.202877,nan,0.915387
798,0.504197,0.502039,4.145468,0.202868,-4.753275,1.426740
799,0.661022,0.654753,nan,0.202868,nan,1.767276
800,0.606854,0.557034,3.804940,0.202859,-3.337997,1.664557
801,0.400247,0.433683,nan,0.202859,nan,1.222118
802,0.561584,0.587599,3.493495,0.202851,-4.300282,1.549909
803,0.415770,0.418786,nan,0.202851,nan,1.235072
804,0.325928,0.289832,3.970822,0.202841,-2.837554,1.053274
805,0.484714,0.556509,nan,0.202841,nan,1.378848
806,0.324637,0.340730,2.943778,0.202830,-1.987622,1.035997
807,0.450084,0.451527,nan,0.202830,nan,1.308645
808,0.409669,0.484752,3.212302,0.202820,-4.698622,1.241569
809,0.312202,0.388829,nan,0.202820,nan,1.035263
810,0.412570,0.531509,3.825419,0.202810,-3.523842,1.196362
811,0.403713,0.356618,nan,0.202810,nan,1.221747
812,0.363599,0.360464,3.418581,0.202801,-4.385881,1.111118
813,0.446393,0.438378,nan,0.202801,nan,1.278735
814,0.520874,0.489415,2.831866,0.202793,-4.772607,1.461734
815,0.651238,0.646684,nan,0.202793,nan,1.717704
816,0.658019,0.653713,3.032664,0.202786,-4.340877,1.744734
817,0.382746,0.393763,nan,0.202786,nan,1.205954
818,0.497677,0.499175,3.936373,0.202780,-4.507326,1.409623
819,0.567759,0.568768,nan,0.202780,nan,1.550447
820,0.612485,0.610772,3.493735,0.202772,-3.028012,1.664526
821,0.377571,0.367540,nan,0.202772,nan,1.130619
822,0.418593,0.458155,2.230881,0.202765,-3.734421,1.251493
823,0.738834,0.730953,nan,0.202765,nan,1.914093
824,0.661825,0.621841,2.029334,0.202755,-2.526282,1.776414
825,0.697559,0.647858,nan,0.202755,nan,1.833230
826,0.811271,0.761655,2.698481,0.202747,-4.195436,2.094471
827,0.469116,0.457986,nan,0.202747,nan,1.342173
828,0.529027,0.526093,3.486144,0.202740,-4.982334,1.462422
829,0.429154,0.409914,nan,0.202740,nan,1.268096
830,0.399105,0.378759,3.345427,0.202733,-3.891765,1.208300
831,0.494927,0.501045,nan,0.202733,nan,1.417978
832,0.401165,0.405440,2.788744,0.202725,-3.489450,1.230814
833,0.465496,0.466886,nan,0.202725,nan,1.341339
834,0.670903,0.655055,2.654827,0.202718,-3.893812,1.762508
835,0.448713,0.422291,nan,0.202718,nan,1.291988
836,0.557239,0.543985,2.345142,0.202708,-1.824844,1.546689
837,0.435506,0.428904,nan,0.202708,nan,1.280210
838,0.392406,0.394198,3.024185,0.202698,-2.836725,1.176772
839,0.519651,0.521967,nan,0.202698,nan,1.431375
840,0.499369,0.502131,3.639713,0.202686,-2.958982,1.402133
841,0.294914,0.293998,nan,0.202686,nan,0.964366
842,0.439149,0.450860,3.295962,0.202677,-5.076209,1.272833
843,0.556500,0.546214,nan,0.202677,nan,1.539809
844,0.458846,0.454775,2.661225,0.202666,-2.628769,1.344006
845,0.427747,0.421253,nan,0.202666,nan,1.258540
846,0.369118,0.363494,3.983599,0.202658,-5.662411,1.153263
847,0.398571,0.401188,nan,0.202658,nan,1.171003
848,0.550935,0.552748,3.087399,0.202647,-1.571440,1.517064
849,0.657630,0.644046,nan,0.202647,nan,1.748164
850,0.499202,0.512304,3.047304,0.202636,-3.190979,1.384044
851,0.283927,0.299362,nan,0.202636,nan,0.965178
852,0.439753,0.455923,2.680662,0.202626,-4.110050,1.301739
853,0.339155,0.344176,nan,0.202626,nan,1.063714
854,0.458470,0.447877,2.438483,0.202612,-0.847219,1.344843
855,0.436575,0.441793,nan,0.202612,nan,1.303680
856,0.438974,0.437038,2.971567,0.202600,-4.351882,1.318689
857,0.401341,0.401294,nan,0.202600,nan,1.195206
858,0.436081,0.441617,3.040975,0.202587,-3.093846,1.278388
859,0.376890,0.390540,nan,0.202587,nan,1.166735
860,0.415870,0.415343,2.697184,0.202574,-2.883580,1.242270
861,0.550334,0.527517,nan,0.202574,nan,1.516175
862,0.638014,0.640855,2.923733,0.202560,-2.429420,1.702164
863,0.517460,0.506309,nan,0.202560,nan,1.472699
864,0.365723,0.368924,2.534286,0.202543,-0.941986,1.121565
865,0.444391,0.442142,nan,0.202543,nan,1.320026
866,0.325794,0.323486,2.955844,0.202528,-4.396280,1.061441
867,0.575143,0.575373,nan,0.202528,nan,1.581329
868,0.389895,0.396959,2.961939,0.202512,-2.282328,1.177669
869,0.617451,0.618840,nan,0.202512,nan,1.634657
870,0.521389,0.531735,3.333061,0.202496,-3.526682,1.439030
871,0.551278,0.561944,nan,0.202496,nan,1.525049
872,0.464992,0.459117,2.290116,0.202481,-3.150471,1.326263
873,0.346497,0.348408,nan,0.202481,nan,1.076040
874,0.636172,0.619184,1.998600,0.202467,-4.458672,1.715449
875,0.665963,0.635949,nan,0.202467,nan,1.793032
876,0.563838,0.551278,2.389379,0.202455,-4.928880,1.559931
877,0.581154,0.580517,nan,0.202455,nan,1.628685
878,0.486869,0.491321,3.092818,0.202442,-2.966862,1.399732
879,0.423123,0.415826,nan,0.202442,nan,1.272781
880,0.486962,0.477348,2.710406,0.202428,-1.770667,1.425820
881,0.408511,0.416062,nan,0.202428,nan,1.230005
882,0.651785,0.651096,2.970101,0.202413,-3.414079,1.746322
883,0.399470,0.397315,nan,0.202413,nan,1.209558
884,0.444259,0.449339,2.655500,0.202399,-3.101918,1.312390
885,0.583320,0.596504,nan,0.202399,nan,1.612258
886,0.544001,0.563392,2.578807,0.202383,-1.489855,1.536392
887,0.437530,0.443565,nan,0.202383,nan,1.322791
888,0.318448,0.316453,2.867970,0.202366,-2.394454,0.999376
889,0.487821,0.489299,nan,0.202366,nan,1.417448
890,0.470231,0.478529,3.431365,0.202349,-3.194355,1.342828
891,0.492714,0.493561,nan,0.202349,nan,1.392760
892,0.458059,0.454983,2.182517,0.202332,-2.817522,1.356414
893,0.725017,0.768246,nan,0.202332,nan,1.873586
894,0.650161,0.696390,1.274059,0.202315,-2.797130,1.712487
895,0.880108,0.870775,nan,0.202315,nan,2.225530
896,1.021748,0.999750,0.969501,0.202296,-2.047011,2.508838
897,0.585182,0.556817,nan,0.202296,nan,1.603656
898,0.720216,0.685753,2.178351,0.202281,-5.660059,1.891511
899,0.662701,0.643163,nan,0.202281,nan,1.776804
900,0.438536,0.432718,2.710463,0.202265,-1.816915,1.219107
901,0.539417,0.539431,nan,0.202265,nan,1.498947
902,0.257509,0.257643,3.526605,0.202250,-4.851734,0.900375
903,0.373764,0.372261,nan,0.202250,nan,1.165035
904,0.764317,0.759249,2.926897,0.202236,-3.940694,1.963243
905,0.569036,0.576548,nan,0.202236,nan,1.554279
906,0.330668,0.327946,2.749535,0.202221,-2.133319,1.039657
907,0.537799,0.540472,nan,0.202221,nan,1.516680
908,0.576135,0.581714,2.678442,0.202204,-1.382684,1.551610
909,0.415267,0.411876,nan,0.202204,nan,1.238292
910,0.377916,0.377682,2.375233,0.202188,-3.020957,1.148975
911,0.699182,0.706526,nan,0.202188,nan,1.819408
912,0.520813,0.520878,2.242579,0.202170,-2.154019,1.453028
913,0.443133,0.438604,nan,0.202170,nan,1.308094
914,0.510444,0.512395,2.628962,0.202152,-3.282268,1.470196
915,0.508814,0.521517,nan,0.202152,nan,1.475160
916,0.343965,0.347155,2.905207,0.202135,-2.649460,1.103291
917,0.333356,0.319691,nan,0.202135,nan,1.042588
918,0.504968,0.494740,2.272746,0.202115,-0.858804,1.416191
919,0.350026,0.354261,nan,0.202115,nan,1.103671
920,0.579943,0.595530,1.707215,0.202092,-0.330556,1.541859
921,0.443726,0.449790,nan,0.202092,nan,1.291280
922,0.510377,0.489801,2.284115,0.202071,-3.763049,1.452342
923,0.586260,0.586993,nan,0.202071,nan,1.635727
924,0.582019,0.586743,3.282146,0.202051,-3.547657,1.596718
925,0.580098,0.580106,nan,0.202051,nan,1.574935
926,0.529118,0.529958,3.148549,0.202030,-1.888011,1.483035
927,0.474230,0.468314,nan,0.202030,nan,1.379583
928,0.636435,0.643351,2.995934,0.202009,-2.324241,1.686883
929,0.478426,0.480694,nan,0.202009,nan,1.360079
930,0.622417,0.624334,1.598422,0.201986,-1.028791,1.685616
931,0.533100,0.513100,nan,0.201986,nan,1.522170
932,0.700472,0.678569,2.680701,0.201964,-3.136918,1.828755
933,0.638021,0.638039,nan,0.201964,nan,1.725190
934,0.459716,0.478254,2.397063,0.201943,-3.490443,1.348225
935,0.492641,0.493656,nan,0.201943,nan,1.445023
936,0.523762,0.525134,2.867597,0.201921,-2.178404,1.465286
937,0.462602,0.472243,nan,0.201921,nan,1.347253
938,0.405124,0.402851,2.867242,0.201900,-2.926560,1.231087
939,0.513373,0.531756,nan,0.201900,nan,1.455145
940,0.259233,0.258050,2.227418,0.201880,-3.408552,0.877152
941,0.498292,0.484987,nan,0.201880,nan,1.429200
942,0.420810,0.416279,2.216227,0.201861,-3.995526,1.223937
943,0.601938,0.622498,nan,0.201861,nan,1.610407
944,0.352159,0.369184,2.499037,0.201842,-2.448490,1.134970
945,0.594570,0.589439,nan,0.201842,nan,1.614856
946,0.496139,0.503359,2.832951,0.201822,-1.556127,1.389156
947,0.513532,0.522552,nan,0.201822,nan,1.418055
948,0.533211,0.537636,2.968779,0.201801,-2.361121,1.494838
949,0.401698,0.389030,nan,0.201801,nan,1.226071
950,0.595007,0.592041,1.974144,0.201781,-3.439623,1.641466
951,0.601161,0.642529,nan,0.201781,nan,1.666931
952,0.654999,0.689980,1.057604,0.201762,-3.346014,1.748257
953,0.731115,0.767851,nan,0.201762,nan,1.913359
954,0.641236,0.658801,1.744161,0.201745,-4.948402,1.739705
955,0.747003,0.734602,nan,0.201745,nan,1.974136
956,0.833405,0.833230,1.090571,0.201726,-0.823035,2.138749
957,0.508727,0.497289,nan,0.201726,nan,1.391984
958,0.410629,0.410201,2.785690,0.201707,-2.860652,1.246565
959,0.423467,0.423583,nan,0.201707,nan,1.279329
960,0.590680,0.583755,3.527353,0.201689,-3.912169,1.624923
961,0.395058,0.394984,nan,0.201689,nan,1.197689
962,0.507888,0.510763,2.209719,0.201671,-2.170003,1.423438
963,0.712478,0.705973,nan,0.201671,nan,1.890054
964,0.385346,0.399278,1.174721,0.201651,-1.174781,1.189372
965,0.378697,0.349738,nan,0.201651,nan,1.170155
966,0.682870,0.655046,1.487662,0.201632,-3.743103,1.833792
967,0.638838,0.624979,nan,0.201632,nan,1.704480
968,0.620687,0.620445,1.342522,0.201612,-2.013546,1.664045
969,0.723967,0.738662,nan,0.201612,nan,1.867195
970,0.585804,0.592212,2.904950,0.201595,-5.915836,1.578325
971,0.410960,0.423738,nan,0.201595,nan,1.232107
972,0.542273,0.543154,3.096554,0.201580,-4.197334,1.482402
973,0.436332,0.441480,nan,0.201580,nan,1.281290
974,0.538711,0.534244,3.107571,0.201565,-2.841235,1.515167
975,0.340444,0.349802,nan,0.201565,nan,1.100894
976,0.477389,0.469147,1.849167,0.201547,-0.652517,1.396878
977,0.647341,0.671568,nan,0.201547,nan,1.730033
978,0.672748,0.695506,0.856458,0.201528,-2.123407,1.795077
979,0.841624,0.843295,nan,0.201528,nan,2.141031
980,0.617817,0.619607,1.119026,0.201511,-3.454240,1.681849
981,0.548906,0.535280,nan,0.201511,nan,1.529488
982,0.726608,0.711447,1.211668,0.201493,-3.344353,1.924343
983,0.702505,0.681727,nan,0.201493,nan,1.872574
984,0.641625,0.637616,1.983728,0.201476,-3.143111,1.736626
985,0.467149,0.461424,nan,0.201476,nan,1.380251
986,0.488952,0.495176,2.222636,0.201457,-1.423845,1.409090
987,0.499474,0.493528,nan,0.201457,nan,1.421585
988,0.377450,0.358454,2.290881,0.201440,-3.915336,1.167550
989,0.529730,0.532016,nan,0.201440,nan,1.468445
990,0.657631,0.681582,1.462795,0.201422,-2.914485,1.754150
991,0.618895,0.623581,nan,0.201422,nan,1.670232
992,0.548110,0.540472,1.440982,0.201404,-1.992227,1.538035
993,0.501793,0.506197,nan,0.201404,nan,1.395651
994,0.618266,0.593980,1.933632,0.201385,-2.932300,1.714545
995,0.517866,0.508575,nan,0.201385,nan,1.465047
996,0.546355,0.554608,2.449753,0.201367,-2.770579,1.496252
997,0.407614,0.401223,nan,0.201367,nan,1.236457
998,0.400570,0.402886,2.996278,0.201349,-3.598650,1.199673
999,0.377880,0.373817,nan,0.201349,nan,1.155220
1000,0.715650,0.719493,3.147655,0.201333,-4.022303,1.856995
1001,0.591608,0.598172,nan,0.201333,nan,1.649282
1002,0.520928,0.513193,1.761972,0.201314,-0.424113,1.463822
1003,0.416558,0.410169,nan,0.201314,nan,1.271301
1004,0.427498,0.423056,2.113179,0.201297,-4.559486,1.256485
1005,0.692118,0.683401,nan,0.201297,nan,1.842487
1006,0.738025,0.694562,1.335582,0.201279,-2.432035,1.901185
1007,0.561423,0.532461,nan,0.201279,nan,1.562160
1008,0.571102,0.534291,1.603798,0.201261,-2.388879,1.570705
1009,0.438689,0.433800,nan,0.201261,nan,1.298206
1010,0.478533,0.496776,2.077006,0.201242,-1.310971,1.374198
1011,0.395905,0.357067,nan,0.201242,nan,1.197128
1012,0.574977,0.554684,2.225435,0.201222,-2.771301,1.585183
1013,0.409711,0.391365,nan,0.201222,nan,1.220493
1014,0.399961,0.404111,2.760274,0.201204,-4.020535,1.206287
1015,0.300836,0.300446,nan,0.201204,nan,1.018926
1016,0.420482,0.440642,1.986030,0.201185,-2.004032,1.269600
1017,0.579203,0.574123,nan,0.201185,nan,1.603621
1018,0.579482,0.583126,2.308362,0.201166,-3.506609,1.613918
1019,0.748594,0.775125,nan,0.201166,nan,1.954754
1020,0.409097,0.421959,2.190944,0.201148,-2.675126,1.252832
1021,0.445062,0.441059,nan,0.201148,nan,1.286999
1022,0.508814,0.489027,2.172040,0.201129,-2.446369,1.472625
1023,0.533340,0.524307,nan,0.201129,nan,1.483111
1024,0.702322,0.726841,2.098077,0.201109,-1.482996,1.872062
1025,0.591678,0.590555,nan,0.201109,nan,1.604019
1026,0.451634,0.434677,2.388221,0.201088,-1.718524,1.328192
1027,0.368314,0.387340,nan,0.201088,nan,1.115269
1028,0.681213,0.648890,2.006106,0.201068,-3.330698,1.821133
1029,0.395995,0.381967,nan,0.201068,nan,1.160809
1030,0.367338,0.366238,1.631741,0.201048,-3.096292,1.164823
1031,0.620085,0.606707,nan,0.201048,nan,1.670066
1032,0.509163,0.520442,2.367217,0.201029,-3.395398,1.429034
1033,0.503560,0.495692,nan,0.201029,nan,1.464933
1034,0.572952,0.532810,2.421764,0.201010,-3.129803,1.568015
1035,0.549188,0.534564,nan,0.201010,nan,1.534852
1036,0.524814,0.505256,2.447715,0.200991,-1.612972,1.490835
1037,0.366873,0.376755,nan,0.200991,nan,1.156781
1038,0.547543,0.537958,2.768899,0.200971,-2.700502,1.525317
1039,0.457269,0.456552,nan,0.200971,nan,1.360172
1040,0.402481,0.406114,2.442553,0.200949,-1.204761,1.182737
1041,0.481315,0.472301,nan,0.200949,nan,1.398728
1042,0.449891,0.446122,1.713406,0.200928,-2.404888,1.328063
1043,0.618965,0.591215,nan,0.200928,nan,1.662660
1044,0.569223,0.510356,1.785977,0.200905,-1.468234,1.602282
1045,0.506564,0.480548,nan,0.200905,nan,1.426472
1046,0.500200,0.503603,1.867648,0.200881,-0.636000,1.388064
1047,0.622802,0.615752,nan,0.200881,nan,1.708812
1048,0.491041,0.477267,2.206803,0.200857,-2.937162,1.410041
1049,0.463741,0.483453,nan,0.200857,nan,1.341712
1050,0.363170,0.341802,1.637584,0.200834,-2.383493,1.134639
1051,0.603080,0.640268,nan,0.200834,nan,1.657492
1052,0.498300,0.500854,1.379501,0.200811,-2.665138,1.426623
1053,0.694142,0.676683,nan,0.200811,nan,1.812922
1054,0.802667,0.779668,1.193778,0.200786,-1.039600,2.063987
1055,0.498859,0.489252,nan,0.200786,nan,1.402863
1056,0.429483,0.408159,2.413617,0.200762,-2.501798,1.254158
1057,0.509865,0.505421,nan,0.200762,nan,1.440841
1058,0.684637,0.684899,2.499413,0.200739,-3.173314,1.805904
1059,0.666368,0.687216,nan,0.200739,nan,1.751006
1060,0.513528,0.512768,2.739036,0.200717,-3.171731,1.446018
1061,0.437778,0.474468,nan,0.200717,nan,1.293865
1062,0.258570,0.241998,1.669598,0.200693,-1.168579,0.883287
1063,0.514767,0.541760,nan,0.200693,nan,1.419499
1064,0.640422,0.636248,1.841123,0.200672,-3.915903,1.731730
1065,0.689057,0.656836,nan,0.200672,nan,1.821306
1066,0.463221,0.454466,1.820252,0.200650,-2.772808,1.301456
1067,0.713144,0.693833,nan,0.200650,nan,1.870099
1068,0.469837,0.466299,1.372948,0.200628,-1.831168,1.353526
1069,0.651623,0.638590,nan,0.200628,nan,1.751307
1070,0.708618,0.711094,2.468714,0.200607,-3.744057,1.820959
1071,0.422046,0.401258,nan,0.200607,nan,1.284722
1072,0.576456,0.547846,2.741160,0.200585,-0.869965,1.603045
1073,0.375339,0.405112,nan,0.200585,nan,1.146316
1074,0.457142,0.499566,2.089675,0.200562,-1.540352,1.329422
1075,0.538036,0.542231,nan,0.200562,nan,1.514692
1076,0.493645,0.499972,2.302775,0.200541,-4.663795,1.393585
1077,0.580485,0.539592,nan,0.200541,nan,1.606206
1078,0.413646,0.401480,2.390866,0.200520,-2.384226,1.227102
1079,0.441903,0.433532,nan,0.200520,nan,1.309863
1080,0.542288,0.523459,2.393607,0.200499,-2.371598,1.493380
1081,0.438254,0.424319,nan,0.200499,nan,1.287300
1082,0.516068,0.496314,3.381392,0.200480,-4.755812,1.461083
1083,0.641833,0.634779,nan,0.200480,nan,1.713357
1084,0.537062,0.492291,2.600951,0.200461,-2.049014,1.499225
1085,0.494151,0.446386,nan,0.200461,nan,1.370070
1086,0.410105,0.453586,1.858034,0.200443,-4.308965,1.215013
1087,0.497389,0.664874,nan,0.200443,nan,1.417573
1088,0.796700,0.988200,0.998541,0.200426,-3.246242,2.034867
1089,0.859465,0.934047,nan,0.200426,nan,2.157220
1090,0.688498,0.670393,1.256160,0.200409,-3.281261,1.808958
1091,0.814478,0.549076,nan,0.200409,nan,2.110174
1092,0.738373,0.490643,1.627057,0.200390,-1.074437,1.956228
1093,0.655790,0.407289,nan,0.200390,nan,1.743339
1094,0.527054,0.321028,2.637665,0.200371,-2.552269,1.494015
1095,0.349806,0.438303,nan,0.200371,nan,1.093288
1096,0.356159,0.419596,2.245669,0.200351,-0.875224,1.109596
1097,0.512797,0.518828,nan,0.200351,nan,1.417616
1098,0.627608,0.619016,2.148705,0.200331,-3.807084,1.673436
1099,0.506985,0.532905,nan,0.200331,nan,1.432424
1100,0.513963,0.582556,2.008065,0.200312,-3.400003,1.427581
1101,0.570428,0.705385,nan,0.200312,nan,1.570462
1102,0.439265,0.544829,2.012525,0.200292,-1.385431,1.310452
1103,0.431974,0.496136,nan,0.200292,nan,1.303385
1104,0.531453,0.569182,1.959306,0.200268,1.523088,1.471790
1105,0.448743,0.439182,nan,0.200268,nan,1.319023
1106,0.349415,0.341187,2.722337,0.200243,-1.799963,1.116299
1107,0.585487,0.577399,nan,0.200243,nan,1.566681
1108,0.435621,0.427266,2.231480,0.200220,-3.183100,1.317390
1109,0.697750,0.568908,nan,0.200220,nan,1.858411
1110,0.580515,0.518982,1.501243,0.200194,-0.527117,1.629549
1111,0.455526,0.390083,nan,0.200194,nan,1.355099
1112,0.833706,0.789642,1.810762,0.200168,-1.229392,2.105560
1113,0.626047,0.630555,nan,0.200168,nan,1.683380
1114,0.466338,0.491607,2.615772,0.200145,-4.405398,1.329570
1115,0.423338,0.401972,nan,0.200145,nan,1.284018
1116,0.443632,0.456299,2.043428,0.200122,-2.763659,1.324160
1117,0.498040,0.493168,nan,0.200122,nan,1.421985
1118,0.502433,0.496348,2.134265,0.200098,-1.658944,1.417069
1119,0.489904,0.496714,nan,0.200098,nan,1.408726
1120,0.427148,0.406543,2.828231,0.200075,-3.004893,1.282934
1121,0.423581,0.409916,nan,0.200075,nan,1.248964
1122,0.601891,0.579946,2.239321,0.200051,-1.110923,1.651272
1123,0.562490,0.579954,nan,0.200051,nan,1.567629
1124,0.413455,0.417411,2.001542,0.200026,-1.156922,1.214701
1125,0.509604,0.522868,nan,0.200026,nan,1.465007
1126,0.433207,0.454012,2.674450,0.200002,-2.734659,1.258007
1127,0.499757,0.521882,nan,0.200002,nan,1.426357
1128,0.478075,0.477063,3.199349,0.199979,-3.548022,1.378259
1129,0.404782,0.397812,nan,0.199979,nan,1.231683
1130,0.507595,0.500970,2.583784,0.199956,-2.453563,1.419407
1131,0.407720,0.412902,nan,0.199956,nan,1.224354
1132,0.507274,0.512088,1.811489,0.199933,-2.200022,1.436232
1133,0.460251,0.490241,nan,0.199933,nan,1.336976
1134,0.578658,0.605623,1.501386,0.199909,-1.014372,1.586674
1135,0.615061,0.620210,nan,0.199909,nan,1.657216
1136,0.421112,0.414318,1.825680,0.199885,-2.450849,1.273226
1137,0.448188,0.445514,nan,0.199885,nan,1.321618
1138,0.543676,0.521165,2.575190,0.199862,-3.073906,1.540380
1139,0.457712,0.485015,nan,0.199862,nan,1.314371
1140,0.343510,0.330042,2.715290,0.199841,-3.241359,1.094599
1141,0.483801,0.495012,nan,0.199841,nan,1.393816
1142,0.605780,0.629938,2.140581,0.199819,-2.720743,1.625559
1143,0.390095,0.399381,nan,0.199819,nan,1.208664
1144,0.699975,0.707455,1.652751,0.199797,-1.974877,1.842527
1145,0.601277,0.560996,nan,0.199797,nan,1.632649
1146,0.496384,0.475689,1.271841,0.199773,-0.392334,1.406944
1147,0.478723,0.429369,nan,0.199773,nan,1.360963
1148,0.643886,0.604338,3.025103,0.199750,-2.692869,1.744838
1149,0.471223,0.461753,nan,0.199750,nan,1.355467
1150,0.468250,0.450645,2.853041,0.199728,-3.520769,1.361302
1151,0.373584,0.348595,nan,0.199728,nan,1.152146
1152,0.531437,0.574940,2.144156,0.199705,-1.772581,1.495804
1153,0.380896,0.384963,nan,0.199705,nan,1.171585
1154,0.443505,0.460428,2.026644,0.199682,-2.119895,1.309181
1155,0.525810,0.530041,nan,0.199682,nan,1.475201
1156,0.478047,0.459186,1.689819,0.199659,-1.987983,1.383909
1157,0.562043,0.525082,nan,0.199659,nan,1.550788
1158,0.666673,0.616101,2.506538,0.199636,-2.402984,1.780396
1159,0.483913,0.475009,nan,0.199636,nan,1.360980
1160,0.543164,0.563977,2.666112,0.199612,-0.520563,1.478641
1161,0.592089,0.588683,nan,0.199612,nan,1.653524
1162,0.400359,0.335701,2.515598,0.199586,-0.671049,1.237178
1163,0.415046,0.428644,nan,0.199586,nan,1.258048
1164,0.408552,0.538950,1.569281,0.199558,-0.345282,1.222520
1165,0.612716,0.681862,nan,0.199558,nan,1.664213
1166,0.513956,0.549548,1.631860,0.199531,-1.727698,1.481146
1167,0.457996,0.440066,nan,0.199531,nan,1.359802
1168,0.576694,0.535676,2.029033,0.199502,-0.344286,1.584628
1169,0.570230,0.528421,nan,0.199502,nan,1.558376
1170,0.579485,0.559204,2.762012,0.199474,-2.675041,1.609094
1171,0.703132,0.691276,nan,0.199474,nan,1.872008
1172,0.490884,0.492781,2.979829,0.199447,-2.295070,1.396247
1173,0.308375,0.294857,nan,0.199447,nan,1.035233
1174,0.336374,0.331317,2.635894,0.199422,-4.414886,1.084342
1175,0.415438,0.412339,nan,0.199422,nan,1.246923
1176,0.456867,0.459577,2.016994,0.199397,-0.911242,1.323269
1177,0.674922,0.665610,nan,0.199397,nan,1.792513
1178,0.518568,0.485491,2.386691,0.199370,-1.263191,1.475792
1179,0.415081,0.403215,nan,0.199370,nan,1.235620
1180,0.372619,0.375124,2.737241,0.199344,-1.555098,1.149807
1181,0.525273,0.530694,nan,0.199344,nan,1.465995
1182,0.423252,0.435385,2.499144,0.199317,-2.142833,1.238729
1183,0.432862,0.427214,nan,0.199317,nan,1.306610
1184,0.528631,0.511467,1.594069,0.199289,0.302441,1.514277
1185,0.505623,0.465398,nan,0.199289,nan,1.437954
1186,0.551433,0.529481,2.618033,0.199262,-3.695073,1.549180
1187,0.509145,0.508695,nan,0.199262,nan,1.437758
1188,0.605065,0.587656,2.900906,0.199237,-3.129219,1.660429
1189,0.642126,0.639243,nan,0.199237,nan,1.713028
1190,0.370223,0.381240,2.835924,0.199213,-3.346570,1.159455
1191,0.560416,0.556006,nan,0.199213,nan,1.552416
1192,0.463863,0.466101,2.663908,0.199191,-2.983080,1.353297
1193,0.459449,0.513405,nan,0.199191,nan,1.344536
1194,0.500225,0.511796,2.321710,0.199166,-0.847455,1.446620
1195,0.563326,0.528802,nan,0.199166,nan,1.530661
1196,0.423609,0.406437,1.908434,0.199141,-0.531036,1.230153
1197,0.464411,0.455425,nan,0.199141,nan,1.352575
1198,0.373548,0.383634,2.481052,0.199115,-1.927598,1.159226
1199,0.438213,0.421633,nan,0.199115,nan,1.315250
1200,0.541985,0.562980,2.184479,0.199089,-1.827326,1.523313
1201,0.542176,0.521387,nan,0.199089,nan,1.537202
1202,0.558588,0.550493,2.090466,0.199063,-1.470393,1.566250
1203,0.587078,0.587178,nan,0.199063,nan,1.590005
1204,0.682481,0.697123,1.559857,0.199036,-0.806483,1.785591
1205,0.457623,0.434856,nan,0.199036,nan,1.327736
1206,0.393746,0.379048,2.184204,0.199008,-0.582772,1.200475
1207,0.496869,0.472640,nan,0.199008,nan,1.411865
1208,0.326994,0.329201,2.644543,0.198979,-1.135782,1.076699
1209,0.577729,0.551806,nan,0.198979,nan,1.608337
1210,0.393654,0.408496,2.850456,0.198952,-2.847668,1.197667
1211,0.375259,0.383335,nan,0.198952,nan,1.179576
1212,0.417430,0.422762,2.074164,0.198927,-3.700955,1.286290
1213,0.545723,0.541210,nan,0.198927,nan,1.540805
1214,0.450043,0.424524,2.370149,0.198903,-3.542908,1.346741
1215,0.417966,0.387335,nan,0.198903,nan,1.245974
1216,0.623565,0.614940,2.034447,0.198878,-1.044326,1.693964
1217,0.394607,0.387963,nan,0.198878,nan,1.167306
1218,0.446537,0.448403,2.776394,0.198853,-2.166080,1.320872
1219,0.323557,0.339981,nan,0.198853,nan,1.014581
1220,0.360518,0.334256,2.863056,0.198829,-2.207953,1.147159
1221,0.589972,0.612766,nan,0.198829,nan,1.588834
1222,0.523896,0.567218,1.955912,0.198804,-1.757430,1.496423
1223,0.525947,0.498328,nan,0.198804,nan,1.484699
1224,0.436077,0.411810,2.172688,0.198779,-1.324391,1.289234
1225,0.579356,0.580912,nan,0.198779,nan,1.593715
1226,0.624761,0.633760,2.585431,0.198753,-0.607182,1.697060
1227,0.455904,0.444217,nan,0.198753,nan,1.374257
1228,0.603855,0.613572,2.457991,0.198725,-0.455893,1.656488
1229,0.418904,0.464664,nan,0.198725,nan,1.231282
1230,0.723242,0.692135,2.804693,0.198700,-3.906536,1.872803
1231,0.325360,0.329592,nan,0.198700,nan,1.067969
1232,0.537024,0.533759,1.837912,0.198673,-0.782128,1.490829
1233,0.753167,0.754710,nan,0.198673,nan,1.978718
1234,0.700339,0.643420,2.934840,0.198649,-4.292932,1.849897
1235,0.547810,0.538728,nan,0.198649,nan,1.508139
1236,0.251695,0.268253,2.380791,0.198625,-1.796146,0.883182
1237,0.404388,0.438197,nan,0.198625,nan,1.238638
1238,0.467226,0.471377,2.648829,0.198601,-2.222203,1.341733
1239,0.408726,0.390776,nan,0.198601,nan,1.257950
1240,0.440492,0.432706,2.333813,0.198577,-1.761902,1.282374
1241,0.548261,0.566949,nan,0.198577,nan,1.517047
1242,0.558917,0.536928,2.079838,0.198551,-0.328783,1.544189
1243,0.453147,0.449953,nan,0.198551,nan,1.318370
1244,0.563147,0.562526,2.410280,0.198525,-1.738917,1.587261
1245,0.388822,0.400966,nan,0.198525,nan,1.155231
1246,0.651965,0.665616,2.168960,0.198500,-2.453695,1.754405
1247,0.507287,0.505652,nan,0.198500,nan,1.439263
1248,0.485384,0.482606,2.375727,0.198475,-1.980378,1.397667
1249,0.440511,0.443304,nan,0.198475,nan,1.305050
1250,0.413393,0.414429,3.102021,0.198451,-2.951588,1.234247
1251,0.578733,0.587780,nan,0.198451,nan,1.567437
1252,0.692269,0.705664,2.569418,0.198427,-2.451727,1.839756
1253,0.552177,0.553215,nan,0.198427,nan,1.531761
1254,0.495055,0.504590,2.784416,0.198405,-3.088237,1.431025
1255,0.587078,0.581433,nan,0.198405,nan,1.608290
1256,0.258729,0.251682,2.841228,0.198384,-3.711760,0.911855
1257,0.467931,0.453252,nan,0.198384,nan,1.369034
1258,0.399837,0.420446,2.523267,0.198364,-4.412144,1.200727
1259,0.508859,0.504161,nan,0.198364,nan,1.439446
1260,0.516086,0.552578,1.882481,0.198344,-1.150888,1.442151
1261,0.612578,0.610272,nan,0.198344,nan,1.669596
1262,0.485947,0.450938,3.032750,0.198324,-3.026332,1.369772
1263,0.417784,0.432334,nan,0.198324,nan,1.222293
1264,0.572559,0.572381,2.510664,0.198304,-1.553216,1.542665
1265,0.311691,0.312351,nan,0.198304,nan,1.014323
1266,0.433826,0.427304,2.417845,0.198285,-4.222063,1.288880
1267,0.794533,0.824951,nan,0.198285,nan,2.033531
1268,0.844276,0.866651,0.765695,0.198265,-1.528571,2.134044
1269,0.969936,0.970610,nan,0.198265,nan,2.427068
1270,0.922969,0.895768,0.995031,0.198244,-1.723058,2.320436
1271,1.021237,1.016037,nan,0.198244,nan,2.506102
1272,0.669681,0.672258,1.843729,0.198223,-0.986558,1.804092
1273,0.438928,0.444833,nan,0.198223,nan,1.308555
1274,0.384641,0.381729,2.495036,0.198200,-1.304500,1.173437
1275,0.583108,0.583172,nan,0.198200,nan,1.588743
1276,0.620988,0.625871,3.033775,0.198179,-3.651452,1.682284
1277,0.754793,0.781726,nan,0.198179,nan,1.958275
1278,0.469734,0.469154,1.121157,0.198156,-0.502826,1.359827
1279,0.416437,0.432991,nan,0.198156,nan,1.243370
1280,0.599838,0.640132,1.153987,0.198131,-0.318024,1.632709
1281,0.421048,0.402764,nan,0.198131,nan,1.275712
1282,0.478200,0.507383,2.858856,0.198109,-4.047379,1.375218
1283,0.677833,0.676952,nan,0.198109,nan,1.802206
1284,0.493712,0.504825,2.738368,0.198088,-3.468932,1.376631
1285,0.573516,0.532497,nan,0.198088,nan,1.562951
1286,0.492479,0.485479,2.520616,0.198066,-1.637922,1.388647
1287,0.498804,0.472469,nan,0.198066,nan,1.459956
1288,0.498653,0.507550,1.674308,0.198043,-1.435679,1.407802
1289,0.577759,0.567815,nan,0.198043,nan,1.561735
1290,0.559323,0.513686,2.262639,0.198019,-0.494219,1.534133
1291,0.468612,0.447700,nan,0.198019,nan,1.359345
1292,0.399315,0.378549,2.611959,0.197996,-2.928963,1.203291
1293,0.526324,0.530918,nan,0.197996,nan,1.456342
1294,0.750693,0.789329,1.691154,0.197970,1.150902,1.916815
1295,0.531719,0.541234,nan,0.197970,nan,1.502906
1296,0.660940,0.650691,2.889168,0.197944,-1.557902,1.770334
1297,0.440346,0.447334,nan,0.197944,nan,1.309998
1298,0.533841,0.503707,2.018453,0.197918,-2.348083,1.493637
1299,0.550269,0.518140,nan,0.197918,nan,1.535512
1300,0.630934,0.637351,1.198429,0.197892,-0.886618,1.688249
1301,0.607129,0.625293,nan,0.197892,nan,1.656824
1302,0.577699,0.604645,1.470505,0.197866,-2.031164,1.585293
1303,0.533921,0.531799,nan,0.197866,nan,1.521229
1304,0.610674,0.620285,2.438110,0.197838,-0.520898,1.675412
1305,0.397768,0.410528,nan,0.197838,nan,1.215820
1306,0.413966,0.405622,2.139797,0.197810,-0.238728,1.220540
1307,0.512173,0.505223,nan,0.197810,nan,1.438251
1308,0.368467,0.366326,2.714245,0.197782,-1.903433,1.123257
1309,0.402216,0.388343,nan,0.197782,nan,1.205838
1310,0.416932,0.371897,2.584236,0.197756,-3.442005,1.250655
1311,0.663890,0.655489,nan,0.197756,nan,1.746273
1312,0.274182,0.264084,2.523016,0.197729,-1.158674,0.940276
1313,0.591935,0.569862,nan,0.197729,nan,1.605667
1314,0.592268,0.567735,2.138871,0.197703,-1.354829,1.596051
1315,0.581042,0.566423,nan,0.197703,nan,1.589116
1316,0.485457,0.477575,2.595241,0.197678,-4.118038,1.353347
1317,0.579049,0.588007,nan,0.197678,nan,1.545660
1318,0.629692,0.583213,2.483003,0.197652,-0.528484,1.679840
1319,0.786051,0.756068,nan,0.197652,nan,2.046076
1320,0.447825,0.473965,2.941998,0.197627,-1.596801,1.326904
1321,0.537109,0.513647,nan,0.197627,nan,1.525411
1322,0.581820,0.536385,1.691564,0.197600,-0.256148,1.595366
1323,0.439713,0.474801,nan,0.197600,nan,1.296026
1324,0.538167,0.566736,1.751029,0.197573,-1.817718,1.503311
1325,0.578690,0.518400,nan,0.197573,nan,1.592771
1326,0.621189,0.566760,1.785536,0.197545,-0.894283,1.679353
1327,0.685827,0.667052,nan,0.197545,nan,1.773797
1328,0.641373,0.663880,3.243109,0.197519,-2.750825,1.727816
1329,0.459986,0.462322,nan,0.197519,nan,1.362493
1330,0.298527,0.303749,2.333611,0.197493,-1.968885,1.004827
1331,0.693877,0.695806,nan,0.197493,nan,1.840026
1332,0.718555,0.642118,1.600802,0.197466,-1.098334,1.879254
1333,0.529022,0.459129,nan,0.197466,nan,1.494019
1334,0.620318,0.578342,1.625273,0.197440,-1.910393,1.692983
1335,0.560247,0.625373,nan,0.197440,nan,1.560780
1336,0.468384,0.436468,2.364370,0.197415,-2.171352,1.342993
1337,0.566735,0.573926,nan,0.197415,nan,1.536762
1338,0.363617,0.416780,2.489569,0.197387,-0.149411,1.102960
1339,0.550705,0.515088,nan,0.197387,nan,1.531733
1340,0.605600,0.603735,2.248831,0.197361,-2.663583,1.641082
1341,0.493394,0.506263,nan,0.197361,nan,1.405295
1342,0.542144,0.691729,2.228518,0.197335,-0.784609,1.530377
1343,0.443923,0.499421,nan,0.197335,nan,1.320543
1344,0.417528,0.447931,2.248413,0.197307,-0.901072,1.247096
1345,0.592081,0.583047,nan,0.197307,nan,1.627551
1346,0.419236,0.404382,2.153804,0.197280,-1.405414,1.263687
1347,0.632346,0.656398,nan,0.197280,nan,1.710765
1348,0.680284,0.690852,2.528735,0.197254,-2.931950,1.749276
1349,0.498283,0.469356,nan,0.197254,nan,1.410565
1350,0.661527,0.657309,1.835837,0.197227,-1.150154,1.766525
1351,0.393376,0.391444,nan,0.197227,nan,1.206460
1352,0.527592,0.529178,1.135037,0.197200,-0.251761,1.512695
1353,0.738936,0.713598,nan,0.197200,nan,1.883207
1354,0.478425,0.434073,1.321740,0.197172,-1.632798,1.368582
1355,0.695511,0.711612,nan,0.197172,nan,1.859201
1356,0.787817,0.798141,2.691769,0.197145,-2.274392,1.998989
1357,0.492820,0.547915,nan,0.197145,nan,1.402026
1358,0.465746,0.457372,3.003216,0.197117,0.184438,1.348831
1359,0.425606,0.399964,nan,0.197117,nan,1.278080
1360,0.669482,0.651794,2.741426,0.197091,-3.952251,1.769766
1361,0.328681,0.354781,nan,0.197091,nan,1.083565
1362,0.916349,0.950028,1.144326,0.197066,-2.149475,2.304615
1363,0.450934,0.477105,nan,0.197066,nan,1.327662
1364,0.615857,0.603541,1.696231,0.197040,-1.467127,1.676100
1365,0.565813,0.500795,nan,0.197040,nan,1.567965
1366,0.716605,0.689864,2.210692,0.197014,-1.732241,1.862427
1367,0.598776,0.570313,nan,0.197014,nan,1.642739
1368,0.436806,0.414010,2.431257,0.196990,-2.426965,1.259502
1369,0.377624,0.401365,nan,0.196990,nan,1.170671
1370,0.563738,0.576815,2.452272,0.196965,-1.691475,1.565140
1371,0.662369,0.628389,nan,0.196965,nan,1.755599
1372,0.415354,0.415722,2.011391,0.196938,0.740511,1.238365
1373,0.557337,0.560185,nan,0.196938,nan,1.539987
1374,0.382451,0.388246,1.837115,0.196909,0.213236,1.187795
1375,0.475185,0.461025,nan,0.196909,nan,1.363014
1376,0.598027,0.584038,2.191458,0.196881,-1.221830,1.602765
1377,0.467489,0.456877,nan,0.196881,nan,1.357131
1378,0.512761,0.526277,2.604367,0.196852,-0.989449,1.429911
1379,0.373520,0.387635,nan,0.196852,nan,1.126087
1380,0.713682,0.670751,1.951995,0.196822,0.005032,1.839550
1381,0.666994,0.677229,nan,0.196822,nan,1.790883
1382,0.565793,0.542884,1.204893,0.196792,-1.386527,1.559916
1383,0.824775,0.857554,nan,0.196792,nan,2.107542
1384,0.716642,0.715337,2.296428,0.196763,-1.726377,1.885864
1385,0.482533,0.467364,nan,0.196763,nan,1.399908
1386,0.507586,0.458284,2.743758,0.196735,-1.777900,1.462059
1387,0.503661,0.458062,nan,0.196735,nan,1.455691
1388,0.556584,0.521308,2.202795,0.196706,-0.448202,1.564847
1389,0.399432,0.381588,nan,0.196706,nan,1.193940
1390,0.546608,0.539503,1.826869,0.196675,0.019024,1.501132
1391,0.638501,0.588890,nan,0.196675,nan,1.704197
1392,0.612729,0.553566,2.615409,0.196645,-1.406805,1.691130
1393,0.573465,0.548945,nan,0.196645,nan,1.575527
1394,0.410628,0.426890,3.163887,0.196616,-1.583669,1.211025
1395,0.730170,0.729866,nan,0.196616,nan,1.917016
1396,0.374726,0.354132,2.710434,0.196587,-1.442963,1.159400
1397,0.549637,0.540676,nan,0.196587,nan,1.537886
1398,0.834858,0.822073,1.742511,0.196558,-1.576151,2.107201
1399,0.617037,0.632461,nan,0.196558,nan,1.654096
1400,0.440523,0.420615,1.989457,0.196529,-1.453944,1.279685
1401,0.439827,0.502935,nan,0.196529,nan,1.279936
1402,0.586026,0.613780,2.947144,0.196502,-2.782603,1.574788
1403,0.641210,0.644900,nan,0.196502,nan,1.701210
1404,0.605941,0.588090,1.932267,0.196474,-0.664139,1.642655
1405,0.808665,0.760584,nan,0.196474,nan,2.061792
1406,0.423578,0.412534,2.869423,0.196446,-0.561167,1.276453
1407,0.684679,0.609640,nan,0.196446,nan,1.793812
1408,0.498161,0.489935,2.510341,0.196418,-1.974703,1.399870
1409,0.370122,0.395478,nan,0.196418,nan,1.139978
1410,0.415752,0.436562,1.507014,0.196389,0.078027,1.214821
1411,0.597888,0.586128,nan,0.196389,nan,1.603914
1412,0.742476,0.713880,0.657481,0.196361,-1.680203,1.917218
1413,0.632400,0.627028,nan,0.196361,nan,1.709912
1414,0.461515,0.459283,1.327226,0.196331,-0.197428,1.318660
1415,0.636320,0.623928,nan,0.196331,nan,1.687067
1416,0.500710,0.525909,1.782943,0.196300,1.257701,1.427093
1417,0.494108,0.515459,nan,0.196300,nan,1.388336
1418,0.604664,0.628875,2.599731,0.196270,-2.149869,1.644842
1419,0.546683,0.509306,nan,0.196270,nan,1.506309
1420,0.565093,0.534051,2.116727,0.196240,-1.322046,1.558069
1421,0.359159,0.346101,nan,0.196240,nan,1.143854
1422,0.626360,0.585921,2.060710,0.196211,-1.928934,1.698011
1423,0.533636,0.533306,nan,0.196211,nan,1.479242
1424,0.441568,0.437390,2.520578,0.196183,-1.895126,1.324864
1425,0.569386,0.550886,nan,0.196183,nan,1.579409
1426,0.508873,0.510170,2.930748,0.196156,-2.489792,1.441646
1427,0.602842,0.615023,nan,0.196156,nan,1.624111
1428,0.391476,0.337764,1.967087,0.196128,-0.540798,1.222646
1429,0.456098,0.452954,nan,0.196128,nan,1.309225
1430,0.831321,0.781869,0.579929,0.196098,1.344635,2.100549
1431,0.678636,0.574929,nan,0.196098,nan,1.817088
1432,0.602768,0.561704,0.820767,0.196066,1.343338,1.652901
1433,0.613157,0.543116,nan,0.196066,nan,1.630698
1434,0.776376,0.712305,2.423508,0.196036,-2.770485,1.998810
1435,0.664374,0.608792,nan,0.196036,nan,1.804569
1436,0.647866,0.623392,2.880830,0.196006,-1.085662,1.723730
1437,0.487162,0.497004,nan,0.196006,nan,1.382656
1438,0.644166,0.617453,2.266749,0.195977,-2.713706,1.708403
1439,0.531930,0.606139,nan,0.195977,nan,1.480022
1440,0.552536,0.599595,1.857133,0.195949,-1.708823,1.523245
1441,0.510039,0.498344,nan,0.195949,nan,1.443910
1442,0.408787,0.394338,2.670323,0.195920,-0.362579,1.190296
1443,0.529966,0.500324,nan,0.195920,nan,1.459229
1444,0.455277,0.433384,1.962333,0.195891,-0.372069,1.327647
1445,0.474428,0.507704,nan,0.195891,nan,1.360448
1446,0.523727,0.504511,2.453835,0.195863,-2.565261,1.478485
1447,0.794879,0.750767,nan,0.195863,nan,2.025490
1448,0.551401,0.562530,2.383709,0.195836,-1.313183,1.516330
1449,0.601277,0.574071,nan,0.195836,nan,1.615174
1450,0.491110,0.508445,2.924727,0.195808,-1.279833,1.423355
1451,0.312690,0.318435,nan,0.195808,nan,1.006220
1452,0.617044,0.606131,3.262852,0.195781,-2.261265,1.615958
1453,0.448639,0.481141,nan,0.195781,nan,1.320150
1454,0.568124,0.539687,1.945001,0.195754,-0.553218,1.544060
1455,0.706223,0.713134,nan,0.195754,nan,1.857577
1456,0.837612,0.833037,1.176379,0.195726,-1.413915,2.149250
1457,0.933987,0.883446,nan,0.195726,nan,2.343581
1458,1.033970,0.970879,1.440750,0.195698,-0.541594,2.535123
1459,0.793836,0.833749,nan,0.195698,nan,2.038826
1460,0.748981,0.751344,1.920878,0.195670,-0.164356,1.957271
1461,0.433023,0.447022,nan,0.195670,nan,1.272501
1462,0.548947,0.573099,3.362534,0.195641,-0.485462,1.508462
1463,0.849320,0.832358,nan,0.195641,nan,2.168415
1464,0.430785,0.356349,2.788544,0.195613,-2.135304,1.272976
1465,0.664212,0.750206,nan,0.195613,nan,1.734639
1466,0.665368,0.762553,0.845053,0.195583,0.943489,1.755319
1467,0.928828,0.841917,nan,0.195583,nan,2.325656
1468,1.040764,0.821767,2.092220,0.195554,-1.368290,2.562556
1469,0.605082,0.499268,nan,0.195554,nan,1.659845
1470,0.625045,0.556636,2.125116,0.195522,1.230768,1.671944
1471,0.474965,0.419647,nan,0.195522,nan,1.384195
1472,0.290123,0.221235,2.572086,0.195492,-0.893058,0.997526
1473,0.538617,0.492120,nan,0.195492,nan,1.483871
1474,0.621634,0.533805,2.820921,0.195462,-2.449486,1.687703
1475,0.710838,0.655745,nan,0.195462,nan,1.858523
1476,0.858597,0.848649,2.620567,0.195432,0.154585,2.148755
1477,0.432361,0.442259,nan,0.195432,nan,1.282164
1478,0.732903,0.715931,2.146346,0.195401,-0.105240,1.889367
1479,0.698869,0.731244,nan,0.195401,nan,1.848883
1480,0.723493,0.736022,2.319565,0.195372,-2.725604,1.891912
1481,0.770527,0.770287,nan,0.195372,nan,1.979334
1482,0.564600,0.526207,2.083957,0.195341,0.388968,1.571711
1483,0.714419,0.641793,nan,0.195341,nan,1.865590
1484,0.594547,0.581410,3.073183,0.195311,-0.226677,1.626086
1485,0.718321,0.656666,nan,0.195311,nan,1.871478
1486,0.642205,0.606909,2.898013,0.195281,-1.255824,1.723776
1487,0.487406,0.476775,nan,0.195281,nan,1.372341
1488,0.400136,0.429407,1.922262,0.195249,0.968487,1.205291
1489,0.708631,0.697976,nan,0.195249,nan,1.861368
1490,0.728362,0.734388,2.520327,0.195217,-0.025486,1.910990
1491,0.701342,0.698061,nan,0.195217,nan,1.837657
1492,0.395592,0.405363,1.897285,0.195185,0.019040,1.175899
1493,0.790146,0.794789,nan,0.195185,nan,2.006458
1494,0.758246,0.711427,2.144186,0.195153,-0.484113,1.969861
1495,0.604469,0.561248,nan,0.195153,nan,1.622162
1496,0.638104,0.581172,2.224152,0.195120,-0.172517,1.716081
1497,0.753781,0.793260,nan,0.195120,nan,1.922848
1498,0.484736,0.504405,2.704518,0.195088,-1.297840,1.380069
1499,0.549884,0.512041,nan,0.195088,nan,1.511059
1500,0.619066,0.625702,2.235080,0.195057,-1.004069,1.645627
1501,0.630900,0.585787,nan,0.195057,nan,1.673223
1502,0.522105,0.527966,1.675273,0.195025,-0.158868,1.483615
1503,0.795742,0.795936,nan,0.195025,nan,2.039241
1504,0.814441,0.829816,1.291239,0.194993,0.676992,2.078055
1505,0.695075,0.689865,nan,0.194993,nan,1.816385
1506,0.592400,0.551725,2.078840,0.194961,-1.692476,1.612447
1507,0.551419,0.592941,nan,0.194961,nan,1.507447
1508,0.800241,0.588817,3.438519,0.194931,-2.747749,2.043123
1509,0.503040,0.418320,nan,0.194931,nan,1.414613
1510,0.598197,0.657746,2.020987,0.194900,0.653233,1.634282
1511,0.677186,0.586659,nan,0.194900,nan,1.811687
1512,0.699877,0.683630,1.294326,0.194868,0.984206,1.809973
1513,0.628531,0.735237,nan,0.194868,nan,1.704583
1514,0.653834,0.688306,2.141044,0.194837,-1.489023,1.730332
1515,0.432265,0.403065,nan,0.194837,nan,1.282875
1516,0.460778,0.448698,3.260187,0.194807,-2.098287,1.340681
1517,0.338288,0.408558,nan,0.194807,nan,1.076097
1518,0.633529,0.694863,1.610319,0.194777,0.476607,1.695572
1519,0.562401,0.573989,nan,0.194777,nan,1.557897
1520,0.529244,0.507338,2.115061,0.194744,1.629431,1.504932
1521,0.633829,0.584404,nan,0.194744,nan,1.670453
1522,0.717824,0.771953,2.683254,0.194712,-0.719430,1.864468
1523,0.600133,0.647613,nan,0.194712,nan,1.608087
1524,0.573786,0.589297,3.666921,0.194681,-1.309281,1.563508
1525,0.618524,0.694613,nan,0.194681,nan,1.644814
1526,0.628191,0.653867,2.346363,0.194650,-1.088275,1.683489
1527,0.684763,0.662215,nan,0.194650,nan,1.819169
1528,0.618825,0.709420,1.231964,0.194618,0.627031,1.675550
1529,1.227025,1.045212,nan,0.194618,nan,2.933724
1530,1.127469,1.040977,1.443846,0.194585,1.525590,2.707779
1531,0.826854,0.651923,nan,0.194585,nan,2.115521
1532,0.536862,0.502130,3.049942,0.194552,-0.631663,1.502563
1533,0.769163,0.671525,nan,0.194552,nan,1.967357
1534,0.604018,0.598970,3.516570,0.194520,-1.081813,1.632803
1535,0.863819,0.831418,nan,0.194520,nan,2.156763
1536,0.511730,0.533136,2.149162,0.194489,-1.452489,1.428513
1537,0.742916,0.825463,nan,0.194489,nan,1.928213
1538,0.721346,0.768774,1.747193,0.194458,-0.520996,1.858505
1539,0.889625,0.759578,nan,0.194458,nan,2.212510
1540,0.718698,0.587743,2.388290,0.194426,-0.152509,1.869833
1541,0.697801,0.725606,nan,0.194426,nan,1.810005
1542,0.719444,0.654573,2.667948,0.194393,1.781390,1.866694
1543,0.990926,0.895814,nan,0.194393,nan,2.428532
1544,0.829300,0.699246,2.690496,0.194360,0.672615,2.085142
1545,0.666114,0.620095,nan,0.194360,nan,1.749104
1546,0.563094,0.561089,3.024734,0.194327,-1.800020,1.572266
1547,0.617040,0.613600,nan,0.194327,nan,1.664047
1548,0.431583,0.498578,2.277861,0.194296,-0.706519,1.232991
1549,0.764686,0.752458,nan,0.194296,nan,1.960047
1550,0.497452,0.476842,2.641769,0.194264,-1.091189,1.402772
1551,0.738284,0.800777,nan,0.194264,nan,1.903792
1552,0.558468,0.552871,3.554624,0.194232,1.037170,1.546517
1553,0.538777,0.608021,nan,0.194232,nan,1.512561
1554,0.470515,0.601872,2.935946,0.194199,0.815429,1.324623
1555,0.569335,0.464490,nan,0.194199,nan,1.559692
1556,0.516777,0.449665,2.065000,0.194166,0.145798,1.450529
1557,0.598434,0.561437,nan,0.194166,nan,1.601282
1558,0.984474,0.847900,1.942117,0.194133,-0.139719,2.426339
1559,0.677815,0.602586,nan,0.194133,nan,1.772499
1560,0.676495,0.665917,2.665911,0.194100,-0.476465,1.784173
1561,0.606815,0.485896,nan,0.194100,nan,1.598286
1562,0.485074,0.458817,2.296288,0.194067,-0.041877,1.372503
1563,0.592743,0.663774,nan,0.194067,nan,1.629411
1564,0.849847,0.796698,1.398887,0.194034,0.097007,2.163625
1565,0.775892,0.888792,nan,0.194034,nan,1.991863
1566,0.741641,0.972423,2.187989,0.194002,-0.845706,1.950505
1567,0.652054,0.772858,nan,0.194002,nan,1.741516
1568,0.539786,0.535328,2.997394,0.193969,0.289154,1.495848
1569,0.688266,0.701548,nan,0.193969,nan,1.817532
1570,0.483061,0.458303,3.374609,0.193936,0.249774,1.375041
1571,0.651885,0.708377,nan,0.193936,nan,1.728250
1572,0.409612,0.425202,2.583730,0.193904,-0.846668,1.215369
1573,0.446111,0.540274,nan,0.193904,nan,1.276289
1574,0.575950,0.798938,3.037561,0.193872,-0.946427,1.585705
1575,0.543205,0.532416,nan,0.193872,nan,1.494246
1576,0.499897,0.599824,2.818767,0.193839,1.598565,1.405379
1577,0.628435,0.735058,nan,0.193839,nan,1.685748
1578,0.644193,0.623067,2.619413,0.193807,-0.516088,1.696610
1579,0.393226,0.525483,nan,0.193807,nan,1.190353
1580,0.652921,0.653533,3.438592,0.193775,-0.762714,1.741092
1581,0.665125,0.664718,nan,0.193775,nan,1.759517
1582,0.451238,0.532493,3.047436,0.193743,-0.251224,1.326991
1583,0.590105,0.563674,nan,0.193743,nan,1.580250
1584,0.629291,0.653988,2.467757,0.193711,0.255497,1.690633
1585,0.559662,0.521497,nan,0.193711,nan,1.527368
1586,0.591250,0.680645,2.142845,0.193678,0.656666,1.608609
1587,0.306386,0.328204,nan,0.193678,nan,1.000602
1588,0.559387,0.579302,2.765528,0.193645,0.157852,1.534872
1589,0.665040,0.620948,nan,0.193645,nan,1.741275
1590,0.318266,0.352668,3.402771,0.193614,-1.901866,1.007519
1591,0.513127,0.527757,nan,0.193614,nan,1.446094
1592,0.488765,0.562433,2.566565,0.193581,2.198486,1.401320
1593,0.698093,0.637071,nan,0.193581,nan,1.836463
1594,0.614437,0.616098,3.034428,0.193547,1.615229,1.658132
1595,0.482336,0.503670,nan,0.193547,nan,1.364194
1596,0.557965,0.561027,3.536309,0.193513,0.131570,1.530228
1597,0.538127,0.538085,nan,0.193513,nan,1.470964
1598,0.421125,0.527562,2.548099,0.193479,0.681247,1.257683
1599,0.631287,0.686963,nan,0.193479,nan,1.681124
1600,0.625406,0.640531,2.554734,0.193446,-1.499843,1.694254
1601,0.582801,0.576523,nan,0.193446,nan,1.580261
1602,0.616525,0.547072,3.004724,0.193413,-0.589053,1.666580
1603,0.503466,0.506320,nan,0.193413,nan,1.413922
1604,0.666560,0.666165,1.580971,0.193379,2.825418,1.757275
1605,0.897736,0.930085,nan,0.193379,nan,2.240569
1606,0.371112,0.420719,2.465151,0.193344,1.319665,1.118345
1607,0.477061,0.481848,nan,0.193344,nan,1.384511
1608,0.470247,0.541565,2.415381,0.193308,1.933438,1.334165
1609,0.823687,0.780550,nan,0.193308,nan,2.095179
1610,0.573087,0.656580,3.362097,0.193273,-0.949089,1.574500
1611,0.491556,0.477887,nan,0.193273,nan,1.386102
1612,0.578354,0.641580,3.564951,0.193239,-0.495723,1.564129
1613,0.626615,0.652309,nan,0.193239,nan,1.650242
1614,0.622940,0.606779,3.579884,0.193206,-1.594938,1.643449
1615,0.663759,0.673152,nan,0.193206,nan,1.779005
1616,0.587716,0.508984,3.618384,0.193174,-1.133575,1.591210
1617,0.609973,0.667658,nan,0.193174,nan,1.654949
1618,0.600646,0.608127,2.988255,0.193142,0.520826,1.609647
1619,0.488029,0.501059,nan,0.193142,nan,1.365046
1620,0.530004,0.609194,2.930902,0.193110,-0.305008,1.474310
1621,0.561773,0.568269,nan,0.193110,nan,1.517133
1622,0.568802,0.637054,2.687894,0.193078,0.444345,1.538664
1623,0.447289,0.418841,nan,0.193078,nan,1.296073
1624,0.497077,0.551820,2.746305,0.193045,1.262998,1.406849
1625,0.643583,0.674124,nan,0.193045,nan,1.707853
1626,0.593144,0.632192,2.375539,0.193013,-0.702112,1.612015
1627,0.516860,0.484012,nan,0.193013,nan,1.437433
1628,0.409927,0.443662,2.843620,0.192980,0.892083,1.222465
1629,0.558745,0.484228,nan,0.192980,nan,1.536300
1630,0.423515,0.429724,3.052842,0.192948,-0.747311,1.269288
1631,0.593140,0.413218,nan,0.192948,nan,1.627469
1632,0.619521,0.293189,2.300807,0.192915,2.002134,1.695996
1633,0.601065,0.600210,nan,0.192915,nan,1.620833
1634,0.590045,0.649817,3.493418,0.192882,-0.513330,1.617700
1635,0.427830,0.422457,nan,0.192882,nan,1.246646
1636,0.665023,0.800993,3.798766,0.192850,-1.534957,1.736824
1637,0.770890,0.732894,nan,0.192850,nan,1.979364
1638,0.677825,0.735918,3.195194,0.192819,-0.645910,1.778945
1639,0.355655,0.465992,nan,0.192819,nan,1.103308
1640,0.661831,0.722617,3.651608,0.192789,-0.440035,1.748446
1641,0.574294,0.634301,nan,0.192789,nan,1.577660
1642,0.471446,0.487186,2.226909,0.192757,1.099249,1.315246
1643,0.585491,0.598122,nan,0.192757,nan,1.605536
1644,0.574591,0.638910,2.479557,0.192726,-0.119588,1.570203
1645,0.559095,0.518032,nan,0.192726,nan,1.536421
1646,0.870163,0.869740,2.811066,0.192694,1.622172,2.191644
1647,0.608241,0.615934,nan,0.192694,nan,1.643306
1648,0.606190,0.576931,3.636768,0.192662,-0.847755,1.652986
1649,0.486676,0.506444,nan,0.192662,nan,1.399698
1650,0.575722,0.559229,2.428989,0.192631,-1.173331,1.574626
1651,0.814100,0.900031,nan,0.192631,nan,2.058929
1652,0.711500,0.960356,2.400553,0.192600,0.803454,1.887987
1653,0.562996,0.814841,nan,0.192600,nan,1.527121
1654,0.541398,0.655657,3.645420,0.192570,-0.938555,1.528506
1655,0.464775,0.603830,nan,0.192570,nan,1.343277
1656,0.478984,0.480740,4.001447,0.192540,-0.952914,1.391290
1657,0.583381,0.520732,nan,0.192540,nan,1.583160
1658,0.600908,0.513205,2.732116,0.192509,0.766443,1.658865
1659,0.550879,0.476302,nan,0.192509,nan,1.557106
1660,0.518758,0.496839,3.561711,0.192479,-0.369802,1.476170
1661,0.507092,0.485437,nan,0.192479,nan,1.434916
1662,0.427205,0.481660,3.624568,0.192448,0.587789,1.273288
1663,0.651405,0.679080,nan,0.192448,nan,1.729286
1664,0.458318,0.429189,3.038052,0.192419,-1.878102,1.304768
1665,0.813311,0.706981,nan,0.192419,nan,2.072327
1666,0.949472,0.708113,3.253442,0.192391,-1.832064,2.357071
1667,0.771491,0.705560,nan,0.192391,nan,1.996375
1668,0.512379,0.614764,3.829510,0.192362,1.276912,1.451814
1669,0.742096,0.583704,nan,0.192362,nan,1.945857
1670,0.823455,0.794665,3.653155,0.192333,-0.562507,2.079240
1671,0.410222,0.436338,nan,0.192333,nan,1.198378
1672,0.346051,0.355326,3.399010,0.192304,0.016165,1.097490
1673,0.916467,0.968758,nan,0.192304,nan,2.257037
1674,0.724306,0.771603,3.458699,0.192274,-0.013220,1.899744
1675,0.447325,0.527953,nan,0.192274,nan,1.287726
1676,0.708838,0.721864,2.571561,0.192243,2.476278,1.858704
1677,0.531850,0.582985,nan,0.192243,nan,1.497283
1678,0.689461,0.724176,3.580310,0.192213,-0.992792,1.778151
1679,0.531916,0.562348,nan,0.192213,nan,1.506916
1680,0.512045,0.525460,3.239322,0.192185,-3.078563,1.397347
1681,0.633926,0.517883,nan,0.192185,nan,1.726342
1682,0.529149,0.522053,2.772699,0.192156,0.834831,1.480195
1683,0.567097,0.627626,nan,0.192156,nan,1.553867
1684,0.519133,0.573451,3.233870,0.192127,1.145386,1.496016
1685,0.646241,0.634360,nan,0.192127,nan,1.686028
1686,0.260839,0.283857,2.696367,0.192095,3.699478,0.914824
1687,0.471138,0.510655,nan,0.192095,nan,1.362982
1688,0.383242,0.449954,3.064069,0.192063,0.173678,1.189573
1689,0.377034,0.388860,nan,0.192063,nan,1.163623
1690,0.429227,0.407457,3.909711,0.192032,-1.171833,1.279062
1691,0.455719,0.423312,nan,0.192032,nan,1.330760
1692,0.415820,0.444656,3.269409,0.192000,1.663265,1.244397
1693,0.906939,0.973919,nan,0.192000,nan,2.260973
1694,0.513920,0.564983,2.978042,0.191969,-0.010718,1.465731
1695,0.536220,0.469028,nan,0.191969,nan,1.496480
1696,0.500232,0.568983,3.785840,0.191938,-0.602829,1.422642
1697,0.643388,0.563336,nan,0.191938,nan,1.735710
1698,0.614104,0.500045,3.133294,0.191906,0.597432,1.640824
1699,0.757276,0.784973,nan,0.191906,nan,1.938545
1700,0.653671,0.666732,2.693547,0.191875,0.437288,1.733020
1701,0.583600,0.610679,nan,0.191875,nan,1.598014
1702,0.474936,0.539158,3.048022,0.191844,-0.275312,1.353985
1703,0.419569,0.447214,nan,0.191844,nan,1.252320
1704,0.409555,0.434813,3.118979,0.191813,0.763802,1.229322
1705,0.410027,0.413044,nan,0.191813,nan,1.200033
1706,0.690119,0.709072,3.178409,0.191781,1.718206,1.834332
1707,0.554897,0.562919,nan,0.191781,nan,1.528616
1708,0.560213,0.524439,2.963418,0.191749,0.178404,1.552945
1709,0.702027,0.674968,nan,0.191749,nan,1.856898
1710,0.845250,0.830087,2.712167,0.191717,0.622602,2.154690
1711,0.672099,0.675771,nan,0.191717,nan,1.755536
1712,0.629821,0.635903,4.103397,0.191685,0.248169,1.688754
1713,0.329574,0.331131,nan,0.191685,nan,1.052112
1714,0.363270,0.349442,3.163756,0.191654,-0.652772,1.133184
1715,0.517151,0.553678,nan,0.191654,nan,1.461990
1716,0.511760,0.448703,2.339341,0.191622,1.308114,1.443559
1717,0.596873,0.786032,nan,0.191622,nan,1.628321
1718,0.434301,0.763438,3.833228,0.191591,-0.267340,1.289797
1719,0.479810,0.509929,nan,0.191591,nan,1.366765
1720,0.419467,0.534745,5.024218,0.191560,0.177487,1.276508
1721,0.726960,0.988866,nan,0.191560,nan,1.875263
1722,0.780424,0.887233,4.118041,0.191529,0.146861,2.012723
1723,0.752888,0.824571,nan,0.191529,nan,1.942215
1724,0.590680,0.566388,3.330251,0.191499,-1.626680,1.602539
1725,0.731580,0.797700,nan,0.191499,nan,1.930086
1726,0.877053,0.806588,2.616055,0.191468,1.337291,2.208750
1727,0.632616,0.755673,nan,0.191468,nan,1.694840
1728,0.419321,0.519833,3.566435,0.191438,0.385207,1.248821
1729,0.617991,0.712456,nan,0.191438,nan,1.665628
1730,0.787690,1.008230,3.196363,0.191407,1.024530,2.025191
1731,0.591137,0.641085,nan,0.191407,nan,1.600282
1732,0.836567,0.829442,2.495292,0.191375,1.116423,2.151050
1733,0.654446,0.624698,nan,0.191375,nan,1.770931
1734,0.607962,0.577009,2.453545,0.191344,-0.000213,1.664189
1735,0.291148,0.279191,nan,0.191344,nan,0.985742
1736,0.645212,0.680416,2.768990,0.191313,0.451200,1.729171
1737,0.510393,0.539210,nan,0.191313,nan,1.454237
1738,0.580464,0.498409,2.808337,0.191282,-0.188038,1.599427
1739,0.479654,0.514723,nan,0.191282,nan,1.368214
1740,0.755212,0.626693,2.620493,0.191251,0.770387,1.968362
1741,0.524328,0.478350,nan,0.191251,nan,1.450814
1742,0.562587,0.820942,3.376935,0.191220,1.647747,1.544936
1743,0.483399,0.508902,nan,0.191220,nan,1.415855
1744,0.795795,0.787262,3.991043,0.191190,-2.037626,2.014196
1745,0.522760,0.611774,nan,0.191190,nan,1.462271
1746,0.745263,0.524688,3.400827,0.191160,-0.078866,1.952062
1747,0.731470,0.784965,nan,0.191160,nan,1.900645
1748,0.408613,0.497595,3.205724,0.191130,-0.371082,1.227193
1749,0.549244,0.593737,nan,0.191130,nan,1.514246
1750,0.527089,0.562122,3.512885,0.191101,-0.130219,1.472899
1751,0.476875,0.485000,nan,0.191101,nan,1.388264
1752,0.367646,0.436544,3.586463,0.191070,2.799428,1.158548
1753,0.719011,0.645419,nan,0.191070,nan,1.888160
1754,0.513749,0.517894,2.506553,0.191040,-0.552066,1.437985
1755,0.940744,0.939466,nan,0.191040,nan,2.359632
1756,0.737127,0.770537,2.031115,0.191010,0.171049,1.924376
1757,0.395369,0.412914,nan,0.191010,nan,1.222409
1758,0.482366,0.515661,2.637988,0.190978,2.614543,1.406083
1759,0.598193,0.632570,nan,0.190978,nan,1.643704
1760,0.504967,0.563356,3.713914,0.190947,0.986549,1.432939
1761,0.521514,0.506580,nan,0.190947,nan,1.471273
1762,0.353070,0.430666,3.091451,0.190915,1.361075,1.092013
1763,0.877868,0.839675,nan,0.190915,nan,2.209684
1764,0.542734,0.558422,3.394976,0.190883,-0.279212,1.514490
1765,0.376102,0.420352,nan,0.190883,nan,1.161467
1766,0.693926,0.777990,4.371115,0.190853,-1.856522,1.828438
1767,0.593703,0.613381,nan,0.190853,nan,1.619584
1768,0.547617,0.598030,3.486183,0.190823,1.212670,1.502605
1769,0.540655,0.553824,nan,0.190823,nan,1.505838
1770,0.605416,0.629473,3.245713,0.190792,1.119950,1.693679
1771,0.387067,0.324941,nan,0.190792,nan,1.173554
1772,0.483249,0.489079,3.198475,0.190760,2.189953,1.377699
1773,0.433188,0.455327,nan,0.190760,nan,1.285650
1774,0.463618,0.467745,4.284555,0.190729,-1.336986,1.337997
1775,0.574342,0.592824,nan,0.190729,nan,1.577187
1776,0.479388,0.517059,3.060652,0.190699,-0.257400,1.395098
1777,0.771302,0.919866,nan,0.190699,nan,1.973208
1778,0.486549,0.684997,1.956048,0.190669,0.935763,1.398012
1779,0.636614,0.615660,nan,0.190669,nan,1.711873
1780,1.029698,0.851955,2.458737,0.190638,0.959935,2.527740
1781,0.659363,0.715959,nan,0.190638,nan,1.748574
1782,0.654655,0.726646,3.937163,0.190607,1.092040,1.741822
1783,0.743230,0.810250,nan,0.190607,nan,1.922195
1784,0.562277,0.734475,4.120122,0.190576,0.778171,1.563607
1785,0.588158,0.692287,nan,0.190576,nan,1.555531
1786,0.539706,0.608682,2.105426,0.190543,2.665479,1.489598
1787,1.064567,1.020184,nan,0.190543,nan,2.590102
1788,0.967922,0.978135,1.944375,0.190511,1.644138,2.405223
1789,0.658514,0.801922,nan,0.190511,nan,1.717636
1790,0.765381,0.928758,3.549009,0.190479,-1.021337,2.000910
1791,0.803435,0.965874,nan,0.190479,nan,2.052367
1792,0.698557,0.862827,3.157465,0.190447,1.484355,1.861873
1793,0.625799,0.674986,nan,0.190447,nan,1.655167
1794,0.636687,0.722233,4.055814,0.190415,0.006149,1.698720
1795,0.455870,0.521797,nan,0.190415,nan,1.318578
1796,0.578474,0.610749,2.570407,0.190384,0.971682,1.605308
1797,0.901980,0.969930,nan,0.190384,nan,2.232352
1798,0.663409,0.878232,2.989463,0.190351,1.970461,1.750397
1799,0.584338,0.888171,nan,0.190351,nan,1.605759
1800,0.432149,0.567986,2.916347,0.190319,0.633071,1.235835
1801,0.550511,0.630116,nan,0.190319,nan,1.526575
1802,0.281554,0.313527,3.839691,0.190288,0.352297,0.939652
1803,0.800155,0.865391,nan,0.190288,nan,2.038450
1804,0.637122,0.895168,3.620113,0.190255,2.226248,1.709567
1805,0.496656,0.519030,nan,0.190255,nan,1.411324
1806,0.690729,0.691837,3.871128,0.190223,-0.525789,1.852787
1807,0.374364,0.464586,nan,0.190223,nan,1.143554
1808,0.676812,0.791862,3.528391,0.190192,-0.115051,1.798209
1809,0.509372,0.491343,nan,0.190192,nan,1.432220
1810,0.766946,0.736841,3.928032,0.190162,-0.187168,1.954141
1811,0.529766,0.598124,nan,0.190162,nan,1.445043
1812,0.560113,0.711547,4.561619,0.190131,0.086921,1.565125
1813,0.616511,0.774714,nan,0.190131,nan,1.674905
1814,0.457685,0.541014,4.051676,0.190103,-2.032475,1.337938
1815,0.620168,0.548366,nan,0.190103,nan,1.663670
1816,0.768112,0.966666,2.544567,0.190074,0.942992,1.961957
1817,0.719553,0.474511,nan,0.190074,nan,1.898862
1818,0.917806,0.611581,3.542827,0.190045,-0.556516,2.302006
1819,0.734930,0.701419,nan,0.190045,nan,1.904655
1820,0.648133,0.786023,4.080742,0.190017,0.610154,1.755608
1821,0.816967,0.616992,nan,0.190017,nan,2.082916
1822,0.664971,0.663618,4.805807,0.189988,0.504632,1.763430
1823,0.488621,0.768152,nan,0.189988,nan,1.404766
1824,0.469640,0.614192,3.562684,0.189959,0.808121,1.360634
1825,0.434307,0.551696,nan,0.189959,nan,1.288801
1826,0.585400,0.658387,3.696901,0.189930,0.956636,1.600413
1827,0.429679,0.561425,nan,0.189930,nan,1.268653
1828,0.515086,0.508365,2.753624,0.189900,2.249777,1.466807
1829,0.559849,0.643952,nan,0.189900,nan,1.530757
1830,0.559552,0.567412,4.025847,0.189870,-0.140409,1.516955
1831,0.725761,0.766470,nan,0.189870,nan,1.891707
1832,0.742233,0.808540,2.779229,0.189839,1.983517,1.944190
1833,0.671988,0.622660,nan,0.189839,nan,1.807912
1834,0.634579,0.713709,3.301190,0.189808,1.886137,1.673709
1835,0.446151,0.461097,nan,0.189808,nan,1.306487
1836,0.553044,0.632709,3.349846,0.189777,0.112207,1.534913
1837,0.590250,0.697917,nan,0.189777,nan,1.602401
1838,0.497517,0.549414,3.106020,0.189746,2.050498,1.358935
1839,0.494011,0.554757,nan,0.189746,nan,1.422035
1840,0.504559,0.401936,4.388746,0.189716,-0.883813,1.479351
1841,0.733768,0.779132,nan,0.189716,nan,1.898691
1842,0.364951,0.410399,3.759925,0.189685,1.387945,1.120986
1843,0.630153,0.658587,nan,0.189685,nan,1.691647
1844,0.470109,0.581084,3.320922,0.189653,2.517621,1.378582
1845,0.556622,0.625757,nan,0.189653,nan,1.573803
1846,0.454011,0.506431,3.076838,0.189621,1.685270,1.333408
1847,0.522097,0.613910,nan,0.189621,nan,1.515356
1848,0.488796,0.705764,3.340448,0.189589,1.457266,1.399922
1849,0.431009,0.742154,nan,0.189589,nan,1.280069
1850,0.392571,0.567283,3.151316,0.189557,0.879931,1.223805
1851,0.559061,0.637891,nan,0.189557,nan,1.516214
1852,0.581807,0.626670,4.304868,0.189525,-0.311297,1.600719
1853,0.406970,0.441960,nan,0.189525,nan,1.227135
1854,0.697291,0.772863,3.718134,0.189494,0.823256,1.859727
1855,0.392180,0.459668,nan,0.189494,nan,1.208407
1856,0.691748,0.830015,3.347443,0.189463,0.843653,1.815298
1857,0.403732,0.497130,nan,0.189463,nan,1.218541
1858,0.870208,0.975504,2.144309,0.189431,1.910050,2.225923
1859,0.447405,0.393154,nan,0.189431,nan,1.307620
1860,0.529136,0.621846,3.144830,0.189401,-0.328559,1.490310
1861,0.496247,0.626250,nan,0.189401,nan,1.439475
1862,0.567848,0.602556,3.286986,0.189369,1.314179,1.585446
1863,0.481817,0.564560,nan,0.189369,nan,1.406970
1864,0.583198,0.631017,3.222729,0.189338,1.815707,1.612062
1865,0.423595,0.448337,nan,0.189338,nan,1.244379
1866,0.812642,0.869628,2.049143,0.189306,2.089195,2.091542
1867,0.709994,0.791066,nan,0.189306,nan,1.894616
1868,0.412224,0.452272,3.642091,0.189275,-0.730361,1.238624
1869,0.438990,0.586034,nan,0.189275,nan,1.288805
1870,0.533454,0.640703,2.868406,0.189244,0.631190,1.511915
1871,0.574036,0.718602,nan,0.189244,nan,1.599064
1872,0.455086,0.498467,3.183394,0.189214,0.616947,1.335284
1873,0.686482,0.795466,nan,0.189214,nan,1.826083
1874,0.700829,0.800714,3.398668,0.189182,1.949223,1.839983
1875,0.532966,0.549601,nan,0.189182,nan,1.489505
1876,0.487990,0.502922,2.624248,0.189151,1.634595,1.397772
1877,0.380161,0.432266,nan,0.189151,nan,1.176043
1878,0.627363,0.625125,3.233275,0.189120,0.244617,1.704751
1879,0.341457,0.430803,nan,0.189120,nan,1.099150
1880,0.592438,0.635271,3.178484,0.189089,0.971926,1.622700
1881,0.406266,0.415472,nan,0.189089,nan,1.227396
1882,0.586671,0.534908,1.906999,0.189056,4.280504,1.620756
1883,0.472492,0.606179,nan,0.189056,nan,1.391988
1884,0.595129,0.898180,3.467078,0.189024,0.587051,1.622869
1885,0.596039,0.715455,nan,0.189024,nan,1.622684
1886,0.481160,0.513576,3.866968,0.188992,1.768544,1.382540
1887,0.483388,0.622600,nan,0.188992,nan,1.416074
1888,0.510051,0.553883,4.102471,0.188960,-0.442762,1.455899
1889,0.570719,0.700670,nan,0.188960,nan,1.540379
1890,0.383648,0.468148,2.308842,0.188928,3.006920,1.176888
1891,0.892555,1.036941,nan,0.188928,nan,2.251173
1892,0.512951,0.953345,3.556117,0.188897,-1.168133,1.459503
1893,0.742526,1.371487,nan,0.188897,nan,1.905514
1894,0.598409,1.112635,3.422436,0.188867,-0.446205,1.623827
1895,0.546161,0.553676,nan,0.188867,nan,1.528461
1896,0.459821,0.559933,3.335956,0.188836,1.826077,1.355690
1897,0.567390,0.763418,nan,0.188836,nan,1.560458
1898,0.620004,0.667530,3.610579,0.188805,1.384435,1.665892
1899,0.316024,0.296927,nan,0.188805,nan,1.030563
1900,0.523403,0.631017,2.930331,0.188774,2.417668,1.478235
1901,0.797275,0.874271,nan,0.188774,nan,2.055618
1902,0.455722,0.432440,3.472636,0.188742,1.329586,1.320669
1903,0.659430,0.561854,nan,0.188742,nan,1.770734
1904,0.658926,0.741709,3.161943,0.188712,-1.577346,1.762567
1905,0.463520,0.575942,nan,0.188712,nan,1.337983
1906,0.334571,0.482230,2.973898,0.188682,2.558342,1.084496
1907,0.441969,0.499765,nan,0.188682,nan,1.291933
1908,0.383976,0.509897,3.666413,0.188651,0.401551,1.189347
1909,0.426877,0.486651,nan,0.188651,nan,1.262513
1910,0.452273,0.480108,3.108976,0.188621,0.569939,1.316797
1911,0.408304,0.487862,nan,0.188621,nan,1.216447
1912,0.514630,0.547322,2.450805,0.188590,2.102890,1.475371
1913,0.543833,0.518480,nan,0.188590,nan,1.507943
1914,0.415162,0.464202,3.414791,0.188559,1.817124,1.226998
1915,0.391612,0.437437,nan,0.188559,nan,1.195914
1916,0.387246,0.512743,3.653042,0.188528,1.803365,1.185331
1917,0.466981,0.517326,nan,0.188528,nan,1.351775
1918,0.486005,0.530946,1.922751,0.188496,3.349779,1.405462
1919,0.476794,0.524207,nan,0.188496,nan,1.379536
1920,0.692773,0.850356,2.739093,0.188464,-0.756662,1.819075
1921,0.432992,0.404116,nan,0.188464,nan,1.303544
1922,0.626246,0.637255,2.819321,0.188433,0.772592,1.661798
1923,0.534930,0.472663,nan,0.188433,nan,1.516210
1924,0.461204,0.473582,3.238033,0.188403,0.089757,1.356159
1925,0.499451,0.432616,nan,0.188403,nan,1.404871
1926,0.555529,0.561803,3.197184,0.188373,1.797735,1.553793
1927,0.461154,0.484661,nan,0.188373,nan,1.310486
1928,0.532417,0.558742,2.968158,0.188341,2.264823,1.482239
1929,0.620035,0.620500,nan,0.188341,nan,1.678848
1930,0.684771,0.753203,3.331821,0.188311,0.228569,1.807191
1931,0.552307,0.692258,nan,0.188311,nan,1.517583
1932,0.803437,0.898161,3.596141,0.188279,2.852223,2.072353
1933,0.574709,0.602239,nan,0.188279,nan,1.566528
1934,0.404912,0.493881,3.666280,0.188248,0.691572,1.216639
1935,0.852518,0.760330,nan,0.188248,nan,2.152841
1936,0.505830,0.549814,3.718105,0.188218,-0.078489,1.469608
1937,0.719268,0.799602,nan,0.188218,nan,1.879273
1938,0.546340,0.655317,2.258391,0.188187,2.621239,1.545977
1939,0.498981,0.617784,nan,0.188187,nan,1.422250
1940,0.485421,0.660933,3.614041,0.188156,1.248413,1.396653
1941,0.480770,0.519325,nan,0.188156,nan,1.351045
1942,0.515343,0.593231,4.184227,0.188125,0.778146,1.453948
1943,0.447788,0.483935,nan,0.188125,nan,1.327705
1944,0.466107,0.557717,3.416745,0.188094,1.867868,1.346915
1945,0.433005,0.503920,nan,0.188094,nan,1.285827
1946,0.527103,0.594938,2.975820,0.188064,0.358961,1.497581
1947,0.758511,0.761256,nan,0.188064,nan,1.966193
1948,0.479100,0.461243,2.364735,0.188033,2.451215,1.393906
1949,0.480633,0.561085,nan,0.188033,nan,1.376729
1950,0.588075,0.649301,4.434528,0.188002,0.839471,1.616692
1951,0.578387,0.631873,nan,0.188002,nan,1.596158
1952,0.660859,0.677041,3.802011,0.187972,0.253725,1.760399
1953,0.609993,0.603080,nan,0.187972,nan,1.701042
1954,0.505201,0.574273,3.385103,0.187942,1.663093,1.451646
1955,0.474198,0.524639,nan,0.187942,nan,1.352009
1956,0.564168,0.566398,4.078374,0.187911,1.456348,1.558966
1957,0.445785,0.520960,nan,0.187911,nan,1.271720
1958,0.555130,0.617650,3.076325,0.187880,1.666993,1.508067
1959,0.435906,0.477907,nan,0.187880,nan,1.294215
1960,0.720958,0.786180,2.138898,0.187850,2.063433,1.866807
1961,0.739696,0.826482,nan,0.187850,nan,1.922641
1962,0.375600,0.476650,2.799423,0.187819,-0.323458,1.155549
1963,0.438052,0.506443,nan,0.187819,nan,1.271681
1964,0.468098,0.555861,3.381615,0.187790,1.072006,1.325686
1965,0.401274,0.443281,nan,0.187790,nan,1.209353
1966,0.487136,0.519657,3.355379,0.187760,0.783463,1.381040
1967,0.551583,0.518653,nan,0.187760,nan,1.536646
1968,0.480464,0.485592,3.067061,0.187731,0.153924,1.402300
1969,0.458824,0.540918,nan,0.187731,nan,1.349600
1970,0.405860,0.556731,2.953357,0.187701,2.128404,1.228325
1971,0.618977,0.645179,nan,0.187701,nan,1.661018
1972,0.647787,0.555763,3.232382,0.187672,0.433994,1.756468
1973,0.651120,0.572143,nan,0.187672,nan,1.728146
1974,0.438311,0.426635,3.002076,0.187641,3.544764,1.282829
1975,0.506615,0.546835,nan,0.187641,nan,1.430835
1976,0.373966,0.338753,3.315291,0.187611,1.118961,1.141154
1977,0.564439,0.520970,nan,0.187611,nan,1.572387
1978,0.439217,0.454732,3.082345,0.187580,2.287460,1.270153
1979,0.372403,0.383283,nan,0.187580,nan,1.136077
1980,0.864217,0.979450,3.444710,0.187549,1.702039,2.174539
1981,0.417610,0.402604,nan,0.187549,nan,1.233373
1982,0.373468,0.464687,3.391793,0.187519,1.132834,1.154762
1983,0.452775,0.472189,nan,0.187519,nan,1.313810
1984,0.384554,0.491263,2.649720,0.187487,3.289066,1.181762
1985,0.615498,0.686044,nan,0.187487,nan,1.679801
1986,0.636594,0.638053,2.741023,0.187455,2.019641,1.728999
1987,0.553543,0.586264,nan,0.187455,nan,1.568291
1988,0.515985,0.561546,4.216881,0.187424,0.650166,1.434611
1989,0.481781,0.475415,nan,0.187424,nan,1.352739
1990,0.352427,0.436283,3.942787,0.187394,-0.316591,1.094636
1991,0.378688,0.395457,nan,0.187394,nan,1.180712
1992,0.549765,0.540974,3.994819,0.187364,1.813258,1.487636
1993,0.583841,0.637009,nan,0.187364,nan,1.592536
1994,0.545889,0.635320,3.269634,0.187333,1.158819,1.517339
1995,0.517531,0.568788,nan,0.187333,nan,1.458887
1996,0.465711,0.506207,4.734663,0.187303,2.616474,1.344800
1997,0.399732,0.378152,nan,0.187303,nan,1.210907
1998,0.460689,0.474279,2.861437,0.187271,2.630595,1.356073
1999,0.486747,0.451995,nan,0.187271,nan,1.393387
2000,0.676915,0.744714,3.230123,0.187242,-1.950052,1.769426
2001,0.681938,0.849090,nan,0.187242,nan,1.806473
2002,0.512945,0.824106,3.697288,0.187211,3.340687,1.449660
2003,0.444232,0.577372,nan,0.187211,nan,1.296231
2004,0.644334,0.693333,4.516505,0.187181,1.163877,1.723094
2005,0.527804,0.797578,nan,0.187181,nan,1.506753
2006,0.571989,0.798844,5.184208,0.187151,1.547453,1.573497
2007,0.505716,0.560843,nan,0.187151,nan,1.415509
2008,0.496632,0.493439,3.430565,0.187121,0.759847,1.382629
2009,0.624265,0.675012,nan,0.187121,nan,1.668745
2010,0.598159,0.705779,2.681728,0.187091,0.715234,1.605144
2011,0.711696,1.047818,nan,0.187091,nan,1.868137
2012,0.582433,0.957949,3.379065,0.187061,1.807802,1.582794
2013,0.424315,0.892711,nan,0.187061,nan,1.207229
2014,0.366548,0.605191,3.498189,0.187032,1.137321,1.120850
2015,0.629175,0.630870,nan,0.187032,nan,1.686322
2016,0.472988,0.677647,4.010792,0.187002,2.188596,1.396833
2017,0.420058,0.481190,nan,0.187002,nan,1.239494
2018,0.614959,0.568422,5.356919,0.186972,1.099156,1.633162
2019,0.634292,0.384373,nan,0.186972,nan,1.673464
2020,0.422987,0.468179,4.440806,0.186943,0.683561,1.208032
2021,0.550508,0.560384,nan,0.186943,nan,1.538390
2022,0.647582,0.577246,3.235572,0.186913,2.953717,1.711862
2023,0.502583,0.570468,nan,0.186913,nan,1.425920
2024,0.418959,0.522370,3.210890,0.186882,3.117304,1.252403
2025,0.519994,0.580614,nan,0.186882,nan,1.457572
2026,0.433411,0.483591,4.334677,0.186852,-1.164199,1.235994
2027,0.496159,0.472232,nan,0.186852,nan,1.420933
2028,0.522912,0.558375,3.955229,0.186822,4.008216,1.466313
2029,0.499041,0.558864,nan,0.186822,nan,1.406214
2030,0.410066,0.471749,3.456676,0.186790,4.590982,1.250490
2031,0.536228,0.583977,nan,0.186790,nan,1.500285
2032,0.627530,0.593978,3.089193,0.186758,1.460334,1.690565
2033,0.581515,0.598029,nan,0.186758,nan,1.596999
2034,0.654615,0.661395,4.432602,0.186726,2.167562,1.735670
2035,0.409578,0.459908,nan,0.186726,nan,1.197580
2036,0.473009,0.735177,4.638503,0.186694,1.315467,1.353969
2037,0.319489,0.475735,nan,0.186694,nan,1.016794
2038,0.705914,0.696958,3.432151,0.186663,0.820636,1.803520
2039,0.450285,0.685068,nan,0.186663,nan,1.301620
2040,0.505711,0.815297,4.411059,0.186633,1.558775,1.437420
2041,0.465715,0.535390,nan,0.186633,nan,1.321251
2042,0.438729,0.493219,3.973224,0.186602,1.604211,1.265976
2043,0.708111,0.450829,nan,0.186602,nan,1.834858
2044,0.471183,0.469737,4.130192,0.186571,1.833188,1.362719
2045,0.494994,0.552758,nan,0.186571,nan,1.368889
2046,0.602489,0.647612,4.482999,0.186541,0.944123,1.630939
2047,0.348904,0.350172,nan,0.186541,nan,1.076935
2048,0.515171,0.545652,4.392282,0.186510,2.285817,1.459574
2049,0.645580,0.617057,nan,0.186510,nan,1.664798
2050,0.563800,0.518106,4.635464,0.186480,0.802217,1.545708
2051,0.332436,0.397388,nan,0.186480,nan,1.023262
2052,0.547045,0.552447,3.659060,0.186449,3.011042,1.511589
2053,0.534074,0.469742,nan,0.186449,nan,1.494378
2054,0.377857,0.428523,5.748503,0.186420,-1.468750,1.134921
2055,0.507302,0.524353,nan,0.186420,nan,1.437535
2056,0.427023,0.422981,4.124264,0.186391,1.797135,1.261681
2057,0.471126,0.415856,nan,0.186391,nan,1.354157
2058,0.521282,0.536552,3.377173,0.186361,2.221568,1.442972
2059,0.387726,0.396718,nan,0.186361,nan,1.151633
2060,0.421561,0.390397,5.110965,0.186332,2.264775,1.222058
2061,0.530229,0.513310,nan,0.186332,nan,1.450750
2062,0.475858,0.523044,3.448406,0.186301,3.246655,1.393265
2063,0.547604,0.467684,nan,0.186301,nan,1.491973
2064,0.668047,0.637558,4.051965,0.186270,2.777907,1.758159
2065,0.500006,0.541917,nan,0.186270,nan,1.391714
2066,0.357459,0.432259,4.213769,0.186238,3.487669,1.055069
2067,0.473371,0.498329,nan,0.186238,nan,1.369174
2068,0.393944,0.426531,3.681294,0.186206,2.080213,1.171736
2069,0.377208,0.390477,nan,0.186206,nan,1.124882
2070,0.448045,0.509846,3.684397,0.186175,2.785628,1.313035
2071,0.570986,0.604866,nan,0.186175,nan,1.519792
2072,0.454767,0.492850,4.389838,0.186143,1.314705,1.292933
2073,0.385779,0.300685,nan,0.186143,nan,1.165126
2074,0.600512,0.616878,5.089235,0.186111,3.268210,1.586838
2075,0.415206,0.398677,nan,0.186111,nan,1.210226
2076,0.531692,0.543439,4.413734,0.186078,3.553419,1.476357
2077,0.815723,0.769734,nan,0.186078,nan,2.067208
2078,0.550858,0.513620,4.126998,0.186045,3.585440,1.541874
2079,0.548264,0.580529,nan,0.186045,nan,1.495589
2080,0.482061,0.478506,4.252947,0.186012,2.744696,1.355674
2081,0.421867,0.412464,nan,0.186012,nan,1.239658
2082,0.603218,0.632763,4.871423,0.185979,1.161066,1.588360
2083,0.323975,0.319857,nan,0.185979,nan,1.025537
2084,0.465381,0.479019,4.089933,0.185947,1.518083,1.317291
2085,0.579914,0.544091,nan,0.185947,nan,1.579219
2086,0.623961,0.609044,4.158334,0.185916,0.781808,1.671398
2087,0.734174,0.761213,nan,0.185916,nan,1.917382
2088,0.571098,0.620292,4.325121,0.185884,3.141909,1.505172
2089,0.551807,0.576876,nan,0.185884,nan,1.519616
2090,0.375034,0.505036,4.611223,0.185851,3.869739,1.127099
2091,0.601765,0.630324,nan,0.185851,nan,1.612891
2092,0.507465,0.590689,4.532592,0.185819,2.518447,1.415781
2093,0.527037,0.626731,nan,0.185819,nan,1.436075
2094,0.559502,0.603040,4.486444,0.185786,3.001556,1.523877
2095,0.489039,0.541118,nan,0.185786,nan,1.368611
2096,0.529640,0.591963,5.500782,0.185754,1.305980,1.441838
2097,0.582634,0.590228,nan,0.185754,nan,1.577874
2098,0.452938,0.473936,3.520402,0.185722,1.332317,1.303010
2099,0.799174,0.708818,nan,0.185722,nan,2.024392
2100,1.099331,0.936414,4.261227,0.185690,2.202072,2.652753
2101,0.587530,0.579020,nan,0.185690,nan,1.590484
2102,0.664158,0.705329,4.141040,0.185658,3.371587,1.752743
2103,0.595682,0.624393,nan,0.185658,nan,1.601779
2104,0.548981,0.443956,5.120986,0.185626,3.362926,1.528557
2105,0.523310,0.527892,nan,0.185626,nan,1.430587
2106,0.624640,0.580469,4.138449,0.185593,2.249753,1.682813
2107,0.586858,0.592473,nan,0.185593,nan,1.557704
2108,0.559948,0.611355,4.276067,0.185562,1.081725,1.540160
2109,0.536489,0.563876,nan,0.185562,nan,1.472964
2110,0.462564,0.499792,4.019238,0.185531,0.696873,1.323436
2111,0.699785,0.729466,nan,0.185531,nan,1.826511
2112,0.582422,0.649165,4.040022,0.185500,1.765076,1.583801
2113,0.707375,0.546062,nan,0.185500,nan,1.827535
2114,0.576729,0.498062,5.222709,0.185470,1.297555,1.564219
2115,0.627853,0.621975,nan,0.185470,nan,1.668718
2116,0.456227,0.392091,4.225239,0.185439,2.969754,1.317013
2117,0.513271,0.450872,nan,0.185439,nan,1.433641
2118,0.402176,0.488654,4.092316,0.185408,2.961287,1.163172
2119,0.451795,0.385623,nan,0.185408,nan,1.307627
2120,0.838855,0.788507,3.721156,0.185378,0.215984,2.109120
2121,0.520914,0.540851,nan,0.185378,nan,1.447892
2122,0.503717,0.630236,5.262666,0.185348,1.612819,1.395071
2123,0.642648,0.556148,nan,0.185348,nan,1.685210
2124,0.583737,0.482884,5.145737,0.185319,1.260711,1.595439
2125,0.321351,0.363431,nan,0.185319,nan,1.006973
2126,0.696132,0.504212,4.241856,0.185289,3.544867,1.838971
2127,0.576460,0.526711,nan,0.185289,nan,1.573207
2128,0.615032,0.614448,3.915276,0.185258,2.422029,1.649133
2129,0.622117,0.822399,nan,0.185258,nan,1.628608
2130,0.435283,0.557471,5.420787,0.185229,0.365034,1.289678
2131,0.473266,0.489539,nan,0.185229,nan,1.344448
2132,0.442652,0.436315,4.614953,0.185200,0.894743,1.262916
2133,0.464396,0.522677,nan,0.185200,nan,1.326977
2134,0.517681,0.515030,3.905142,0.185170,3.933001,1.446094
2135,0.490317,0.536105,nan,0.185170,nan,1.385418
2136,0.648450,0.768745,4.594269,0.185140,1.828932,1.728078
2137,0.602926,0.597352,nan,0.185140,nan,1.615144
2138,0.637206,0.672318,4.300457,0.185110,2.688831,1.693230
2139,0.466900,0.462231,nan,0.185110,nan,1.316344
2140,0.527487,0.499534,4.559921,0.185079,3.618032,1.453549
2141,0.678357,0.690520,nan,0.185079,nan,1.764732
2142,0.564457,0.681562,4.008126,0.185049,3.007385,1.526878
2143,0.527556,0.527772,nan,0.185049,nan,1.501857
2144,0.475392,0.433815,4.320867,0.185017,3.665137,1.360082
2145,0.411197,0.419233,nan,0.185017,nan,1.223618
2146,0.371935,0.391235,3.905341,0.184985,3.576828,1.096303
2147,0.712328,0.704478,nan,0.184985,nan,1.836606
2148,0.607394,0.596995,5.846377,0.184954,-0.396003,1.665224
2149,0.479579,0.503491,nan,0.184954,nan,1.352201
2150,0.535599,0.543506,3.999205,0.184924,2.392896,1.493463
2151,0.396739,0.364325,nan,0.184924,nan,1.193084
2152,0.605695,0.608436,3.679721,0.184893,3.862771,1.635375
2153,0.528058,0.484240,nan,0.184893,nan,1.466159
2154,0.691417,0.639408,3.988897,0.184861,2.662887,1.815381
2155,0.562076,0.534681,nan,0.184861,nan,1.567065
2156,0.676678,0.689031,4.379923,0.184830,2.797480,1.764580
2157,0.459780,0.526002,nan,0.184830,nan,1.320721
2158,0.649059,0.683790,5.259483,0.184799,1.153327,1.725212
2159,0.607321,0.674620,nan,0.184799,nan,1.640839
2160,0.471290,0.481208,4.620065,0.184768,2.296146,1.371839
2161,0.638117,0.618796,nan,0.184768,nan,1.691335
2162,0.518067,0.532481,4.956131,0.184738,2.916155,1.436383
2163,0.605109,0.637217,nan,0.184738,nan,1.629819
2164,0.765481,0.771032,4.213606,0.184707,2.397637,1.976829
2165,0.608178,0.641693,nan,0.184707,nan,1.655563
2166,0.482957,0.467800,4.682872,0.184676,2.854127,1.409093
2167,0.352090,0.388179,nan,0.184676,nan,1.108591
2168,0.505240,0.512250,4.507651,0.184645,1.694054,1.391469
2169,0.493769,0.547288,nan,0.184645,nan,1.421311
2170,0.465006,0.518341,5.965666,0.184615,0.864393,1.332743
2171,0.632350,0.637015,nan,0.184615,nan,1.708936
2172,0.817447,0.936581,4.910555,0.184585,3.409162,2.090375
2173,0.531863,0.718590,nan,0.184585,nan,1.490942
2174,0.626518,0.647872,4.157741,0.184555,2.224620,1.689638
2175,0.443943,0.463712,nan,0.184555,nan,1.280120
2176,0.506319,0.532103,4.787480,0.184525,1.301005,1.426217
2177,0.514888,0.499697,nan,0.184525,nan,1.450136
2178,0.695468,0.681866,6.121898,0.184495,1.003588,1.839754
2179,0.653085,0.629371,nan,0.184495,nan,1.727502
2180,0.449909,0.479116,3.952021,0.184466,1.923927,1.283383
2181,0.580597,0.480529,nan,0.184466,nan,1.582831
2182,0.689126,0.631128,5.219025,0.184437,2.272813,1.797840
2183,0.852501,0.901824,nan,0.184437,nan,2.145425
2184,0.598929,0.621590,5.370547,0.184408,2.363105,1.615947
2185,0.605294,0.578989,nan,0.184408,nan,1.639429
2186,0.388771,0.379407,4.711865,0.184379,2.062234,1.182707
2187,0.696304,0.745045,nan,0.184379,nan,1.807921
2188,0.420224,0.432705,4.706933,0.184350,2.072475,1.253041
2189,0.793974,0.766307,nan,0.184350,nan,2.045231
2190,0.732750,0.661736,5.709551,0.184321,1.965503,1.907194
2191,0.575275,0.602000,nan,0.184321,nan,1.588215
2192,0.482369,0.498837,4.692756,0.184291,4.468794,1.343778
2193,0.327773,0.393651,nan,0.184291,nan,1.031138
2194,0.628430,0.608902,4.882031,0.184261,0.870595,1.682577
2195,0.568341,0.602259,nan,0.184261,nan,1.557789
2196,0.500268,0.523572,6.149873,0.184232,3.235382,1.410965
2197,0.588527,0.513727,nan,0.184232,nan,1.609820
2198,0.681970,0.678225,5.693041,0.184202,1.223515,1.786173
2199,0.617672,0.596307,nan,0.184202,nan,1.674110
2200,0.781535,0.775025,4.622011,0.184173,3.393399,1.992456
2201,0.561347,0.538829,nan,0.184173,nan,1.532304
2202,0.461011,0.528798,5.731920,0.184143,1.911110,1.334287
2203,0.558304,0.471787,nan,0.184143,nan,1.514532
2204,0.685558,0.765446,5.683119,0.184114,2.871245,1.791412
2205,0.529723,0.511036,nan,0.184114,nan,1.469906
2206,0.543748,0.510368,5.095634,0.184084,2.016899,1.485762
2207,0.665118,0.707587,nan,0.184084,nan,1.765939
2208,0.721540,0.704315,5.224250,0.184055,2.196838,1.899353
2209,0.512223,0.548599,nan,0.184055,nan,1.425522
2210,0.585810,0.571004,4.995275,0.184025,3.929867,1.584542
2211,0.446495,0.472224,nan,0.184025,nan,1.294906
2212,0.546707,0.539227,5.469469,0.183995,1.486853,1.513865
2213,0.558112,0.574013,nan,0.183995,nan,1.531358
2214,0.728948,0.748306,6.321016,0.183966,1.294066,1.886906
2215,0.606649,0.691616,nan,0.183966,nan,1.636266
2216,0.565794,0.519233,5.170662,0.183936,3.341960,1.535839
2217,0.578259,0.567222,nan,0.183936,nan,1.574408
2218,0.524381,0.605497,5.040214,0.183906,4.408866,1.470663
2219,0.557862,0.583969,nan,0.183906,nan,1.517525
2220,0.463584,0.433922,6.006446,0.183875,3.634286,1.331645
2221,0.450824,0.479761,nan,0.183875,nan,1.314662
2222,0.537534,0.540620,4.996834,0.183844,4.891766,1.489317
2223,0.794878,0.842675,nan,0.183844,nan,2.034093
2224,0.610541,0.723718,5.202344,0.183812,2.664187,1.647269
2225,0.510586,0.694379,nan,0.183812,nan,1.428738
2226,0.634887,0.810875,6.287217,0.183782,0.913551,1.716316
2227,0.470133,0.463683,nan,0.183782,nan,1.319792
2228,0.662407,0.701151,5.304320,0.183751,2.805541,1.767508
2229,0.485755,0.615212,nan,0.183751,nan,1.354059
2230,0.590118,0.519977,5.088450,0.183720,3.947030,1.611134
2231,0.761003,0.816757,nan,0.183720,nan,1.951373
2232,0.649918,0.746681,5.455469,0.183690,0.952939,1.719296
2233,0.502995,0.640322,nan,0.183690,nan,1.421520
2234,0.630948,0.791231,5.836824,0.183660,1.324367,1.691312
2235,0.447447,0.438475,nan,0.183660,nan,1.302856
2236,0.505664,0.650552,5.809202,0.183630,3.546384,1.416604
2237,0.619369,0.754495,nan,0.183630,nan,1.664639
2238,0.426793,0.500810,5.539314,0.183599,3.849699,1.264045
2239,0.396295,0.407457,nan,0.183599,nan,1.182033
2240,0.683165,0.724501,5.319524,0.183568,3.623361,1.789248
2241,0.417647,0.508686,nan,0.183568,nan,1.242891
2242,0.768830,0.813189,5.200400,0.183537,3.704713,1.978397
2243,0.613596,0.618996,nan,0.183537,nan,1.653943
2244,0.510412,0.531235,5.840393,0.183506,2.561313,1.432298
2245,0.558277,0.610099,nan,0.183506,nan,1.553399
2246,0.739490,0.717780,5.825188,0.183475,3.512042,1.911687
2247,0.501102,0.583292,nan,0.183475,nan,1.408936
2248,0.472492,0.590408,6.342508,0.183444,2.476659,1.322320
2249,0.561860,0.633711,nan,0.183444,nan,1.534906
2250,0.419594,0.519674,6.146203,0.183414,1.915735,1.248092
2251,0.550727,0.435744,nan,0.183414,nan,1.528359
2252,0.558267,0.516398,6.160384,0.183383,2.921328,1.524686
2253,0.476179,0.570891,nan,0.183383,nan,1.332685
2254,0.535481,0.542725,6.094134,0.183353,2.163341,1.475467
2255,0.416341,0.533478,nan,0.183353,nan,1.245380
2256,0.488341,0.514505,5.371533,0.183323,1.928325,1.391083
2257,0.642704,0.568820,nan,0.183323,nan,1.694394
2258,0.520716,0.578853,5.772024,0.183293,3.838380,1.447808
2259,0.594913,0.564253,nan,0.183293,nan,1.604817
2260,0.671252,0.594004,5.927197,0.183263,1.359141,1.771315
2261,0.660563,0.733784,nan,0.183263,nan,1.752715
2262,0.613958,0.580703,5.218120,0.183233,4.063449,1.659010
2263,0.461021,0.371839,nan,0.183233,nan,1.327249
2264,0.547216,0.458679,6.503587,0.183203,1.917213,1.531020
2265,0.476128,0.532963,nan,0.183203,nan,1.333186
2266,0.419196,0.434157,6.019609,0.183173,3.190213,1.249001
2267,0.530351,0.553181,nan,0.183173,nan,1.463870
2268,0.581466,0.727616,5.767570,0.183143,3.199876,1.579138
2269,0.674489,0.716874,nan,0.183143,nan,1.784108
2270,0.480279,0.523676,4.820097,0.183113,3.511919,1.403143
2271,0.539255,0.536894,nan,0.183113,nan,1.501280
2272,0.793483,0.616792,5.282681,0.183082,4.154866,2.040745
2273,0.477366,0.426001,nan,0.183082,nan,1.387114
2274,0.420093,0.539464,6.111004,0.183051,3.084802,1.250323
2275,0.556620,0.607164,nan,0.183051,nan,1.515224
2276,0.543794,0.441137,5.880702,0.183021,1.731571,1.535694
2277,0.483101,0.727464,nan,0.183021,nan,1.371832
2278,0.551282,0.679058,4.732601,0.182990,3.953313,1.520614
2279,0.551389,0.619193,nan,0.182990,nan,1.548460
2280,0.544554,0.614416,5.522241,0.182960,2.619439,1.517459
2281,0.742052,0.726938,nan,0.182960,nan,1.931553
2282,0.444502,0.458383,5.652225,0.182930,1.546392,1.274059
2283,0.778973,0.692282,nan,0.182930,nan,2.011638
2284,0.570146,0.506030,5.666562,0.182900,3.228959,1.601571
2285,0.677196,0.653471,nan,0.182900,nan,1.791900
2286,0.443194,0.471460,6.552315,0.182869,4.286764,1.329858
2287,0.555680,0.573033,nan,0.182869,nan,1.520634
2288,0.463328,0.589046,6.824189,0.182839,1.517228,1.345232
2289,0.499728,0.501694,nan,0.182839,nan,1.427166
2290,0.532799,0.538389,6.205870,0.182809,3.529821,1.468143
2291,0.518839,0.585407,nan,0.182809,nan,1.457579
2292,0.571253,0.554542,5.271758,0.182780,2.258617,1.573706
2293,0.546059,0.536850,nan,0.182780,nan,1.521600
2294,0.629277,0.643049,5.329340,0.182750,1.471325,1.709756
2295,0.643262,0.696963,nan,0.182750,nan,1.705238
2296,0.590093,0.620227,6.260304,0.182721,2.458566,1.608741
2297,0.581223,0.536137,nan,0.182721,nan,1.602934
2298,0.464274,0.435795,6.752188,0.182692,4.119824,1.375160
2299,0.541582,0.553904,nan,0.182692,nan,1.518138
2300,0.376404,0.439437,7.263006,0.182663,1.020571,1.150235
2301,0.543434,0.454597,nan,0.182663,nan,1.506657
2302,0.584277,0.498736,7.048213,0.182634,2.724071,1.592533
2303,0.466580,0.441740,nan,0.182634,nan,1.351708
2304,0.559554,0.648679,4.579391,0.182604,4.705388,1.560890
2305,0.497953,0.594541,nan,0.182604,nan,1.428441
2306,0.474223,0.716665,6.203449,0.182575,2.274726,1.348129
2307,0.750579,0.571414,nan,0.182575,nan,1.960401
2308,0.877358,0.935638,5.586197,0.182546,3.115680,2.215935
2309,0.562890,0.435006,nan,0.182546,nan,1.577640
2310,0.514387,0.480039,7.641798,0.182517,1.579645,1.478734
2311,0.693962,0.697982,nan,0.182517,nan,1.834692
2312,0.503388,0.417642,7.234319,0.182488,1.676615,1.434130
2313,0.377243,0.488611,nan,0.182488,nan,1.140853
2314,0.501061,0.594050,5.650167,0.182460,2.620507,1.409718
2315,0.362284,0.417888,nan,0.182460,nan,1.147958
2316,0.493924,0.631629,5.653723,0.182431,2.927031,1.411159
2317,0.713299,0.914955,nan,0.182431,nan,1.843323
2318,0.496422,0.774495,5.999052,0.182403,2.227767,1.396053
2319,0.563233,0.754236,nan,0.182403,nan,1.539888
2320,0.655303,1.080797,6.928944,0.182374,3.962957,1.770456
2321,0.346782,0.660310,nan,0.182374,nan,1.100780
2322,0.390827,0.489596,5.813366,0.182346,1.413459,1.163467
2323,0.536499,0.578360,nan,0.182346,nan,1.504464
2324,0.808000,0.575414,6.320159,0.182318,1.993036,2.065959
2325,0.560566,0.565903,nan,0.182318,nan,1.570799
2326,0.456758,0.419694,6.165669,0.182290,2.065355,1.325938
2327,0.559459,0.625543,nan,0.182290,nan,1.541318
2328,0.476217,0.559890,5.919029,0.182261,4.588231,1.372043
2329,0.538924,0.536002,nan,0.182261,nan,1.478972
2330,0.642816,0.521979,6.049524,0.182233,3.329410,1.720131
2331,0.674345,0.708336,nan,0.182233,nan,1.763542
2332,0.541368,0.737597,5.898132,0.182203,4.472365,1.501429
2333,0.398484,0.573290,nan,0.182203,nan,1.224467
2334,0.437207,0.547329,6.615467,0.182173,4.732943,1.259391
2335,0.299353,0.546487,nan,0.182173,nan,0.982565
2336,0.425715,0.486842,6.539677,0.182143,3.340141,1.241912
2337,0.760754,0.666115,nan,0.182143,nan,1.974587
2338,0.540190,0.513787,6.434179,0.182113,4.004189,1.534998
2339,0.623617,0.498905,nan,0.182113,nan,1.695518
2340,0.507655,0.555588,5.945618,0.182082,3.835159,1.415233
2341,0.525811,0.565588,nan,0.182082,nan,1.461448
2342,0.633642,0.659380,5.763364,0.182052,2.914503,1.707249
2343,0.617357,0.562479,nan,0.182052,nan,1.680049
2344,0.587887,0.574679,7.515226,0.182023,0.481804,1.610024
2345,0.515549,0.477197,nan,0.182023,nan,1.481381
2346,0.774065,0.714970,6.423708,0.181993,2.801850,2.003640
2347,0.571661,0.572609,nan,0.181993,nan,1.558701
2348,0.474761,0.439238,6.841500,0.181964,3.773766,1.393610
2349,0.535884,0.454000,nan,0.181964,nan,1.507000
2350,0.482937,0.470137,6.967134,0.181935,2.131165,1.402390
2351,0.383818,0.359427,nan,0.181935,nan,1.184658
2352,0.692984,0.716994,5.670494,0.181906,3.169010,1.836248
2353,0.795528,0.785875,nan,0.181906,nan,2.042332
2354,0.497086,0.565040,6.503718,0.181877,2.987825,1.416754
2355,0.519408,0.629340,nan,0.181877,nan,1.465536
2356,0.563761,0.587464,6.455254,0.181847,3.714476,1.569699
2357,0.558118,0.510640,nan,0.181847,nan,1.559092
2358,0.400771,0.403373,7.571660,0.181818,2.546164,1.211503
2359,0.361397,0.380837,nan,0.181818,nan,1.092901
2360,0.430715,0.447562,5.993387,0.181789,4.721127,1.275735
2361,0.717962,0.687391,nan,0.181789,nan,1.859085
2362,0.639168,0.609528,6.337814,0.181759,4.155632,1.727828
2363,0.621519,0.585618,nan,0.181759,nan,1.697292
2364,0.593561,0.700222,6.794765,0.181728,4.953188,1.633582
2365,0.690078,0.616010,nan,0.181728,nan,1.830054
2366,0.632428,0.507759,6.367240,0.181698,2.627462,1.661892
2367,0.609419,0.671481,nan,0.181698,nan,1.656575
2368,0.833030,0.822912,6.302628,0.181668,2.291620,2.123573
2369,0.470062,0.467753,nan,0.181668,nan,1.362235
2370,0.413075,0.467262,5.589421,0.181638,2.972190,1.233739
2371,0.531647,0.435385,nan,0.181638,nan,1.474073
2372,0.516674,0.506317,5.501823,0.181609,3.553152,1.478110
2373,0.505920,0.390772,nan,0.181609,nan,1.458306
2374,0.465768,0.411624,6.477314,0.181579,1.637774,1.325219
2375,0.455111,0.363770,nan,0.181579,nan,1.354489
2376,0.386972,0.400213,5.283673,0.181550,4.186695,1.170418
2377,0.616710,0.485300,nan,0.181550,nan,1.675995
2378,0.636407,0.521620,5.471618,0.181520,4.764709,1.723881
2379,0.452614,0.493518,nan,0.181520,nan,1.319459
2380,0.561076,0.580226,6.522190,0.181491,1.918934,1.583835
2381,0.427182,0.375354,nan,0.181491,nan,1.273801
2382,0.466995,0.425818,6.905550,0.181461,3.458155,1.354706
2383,0.458839,0.410513,nan,0.181461,nan,1.299818
2384,0.883847,1.007756,6.261883,0.181432,1.304723,2.221344
2385,0.541223,0.531286,nan,0.181432,nan,1.514211
2386,0.681220,0.785832,5.576974,0.181403,3.706657,1.796784
2387,0.715213,0.802596,nan,0.181403,nan,1.868794
2388,0.459287,0.534608,6.760411,0.181375,3.017598,1.367534
2389,0.709269,0.512861,nan,0.181375,nan,1.852520
2390,0.736514,0.792892,8.192503,0.181346,3.420657,1.938430
2391,0.656677,0.838454,nan,0.181346,nan,1.735746
2392,0.578227,0.685423,5.654123,0.181316,3.875652,1.575299
2393,0.775138,0.667895,nan,0.181316,nan,2.000135
2394,0.682811,0.605802,5.756151,0.181287,4.791683,1.814857
2395,0.736210,0.786468,nan,0.181287,nan,1.913320
2396,0.632645,0.850393,6.383705,0.181257,4.293990,1.723349
2397,0.488921,0.532135,nan,0.181257,nan,1.407284
2398,0.584587,0.690795,6.997307,0.181228,1.499918,1.604168
2399,0.565758,0.877593,nan,0.181228,nan,1.549580
2400,0.622458,1.006172,7.121963,0.181198,4.150435,1.673417
2401,0.725408,0.883652,nan,0.181198,nan,1.892835
2402,0.530725,0.582387,6.066872,0.181168,5.453597,1.496943
2403,0.669404,0.698742,nan,0.181168,nan,1.777866
2404,0.909809,0.915621,6.479818,0.181138,2.860380,2.265194
2405,0.735138,0.778085,nan,0.181138,nan,1.904598
2406,0.568106,0.594579,5.756907,0.181108,3.921333,1.564479
2407,0.753895,0.612058,nan,0.181108,nan,1.964204
2408,0.725793,0.515199,6.015709,0.181077,4.234174,1.903566
2409,0.953048,0.634249,nan,0.181077,nan,2.359993
2410,0.709024,0.470297,6.484770,0.181047,5.123285,1.883162
2411,0.514733,0.460976,nan,0.181047,nan,1.459812
2412,0.751614,0.651186,5.835396,0.181016,3.849086,1.937216
2413,0.613598,0.444848,nan,0.181016,nan,1.675042
2414,0.494943,0.670166,6.135840,0.180986,0.899741,1.409838
2415,0.796562,0.541442,nan,0.180986,nan,2.050411
2416,0.695750,0.583018,6.303052,0.180956,4.633693,1.848237
2417,0.519119,0.479939,nan,0.180956,nan,1.442026
2418,0.675879,0.628048,7.130800,0.180926,2.883553,1.789422
2419,0.592637,0.671128,nan,0.180926,nan,1.595216
2420,0.501146,0.533099,5.518063,0.180896,4.581153,1.400613
2421,0.501969,0.547023,nan,0.180896,nan,1.450176
2422,0.548378,0.667078,5.156554,0.180866,4.186135,1.537425
2423,0.607983,0.668771,nan,0.180866,nan,1.629771
2424,0.710986,0.785783,6.956369,0.180837,1.786332,1.869724
2425,0.544530,0.555730,nan,0.180837,nan,1.502819
2426,0.557981,0.462390,6.048842,0.180807,4.528749,1.543896
2427,0.617989,0.691205,nan,0.180807,nan,1.655307
2428,0.507804,0.748379,5.912754,0.180777,3.100185,1.416616
2429,0.725782,0.667090,nan,0.180777,nan,1.924265
2430,0.629070,0.536374,7.751485,0.180747,3.573254,1.688662
2431,0.486721,0.625011,nan,0.180747,nan,1.392701
2432,0.595658,0.612921,7.691155,0.180718,4.113769,1.634212
2433,0.750711,0.496154,nan,0.180718,nan,1.942470
2434,0.622887,0.544143,6.978844,0.180688,2.615588,1.704100
2435,0.628113,0.726056,nan,0.180688,nan,1.701625
2436,0.674777,0.747338,5.486038,0.180660,1.147504,1.786345
2437,0.546227,0.480419,nan,0.180660,nan,1.528972
2438,0.553741,0.394469,5.988177,0.180632,2.276991,1.547881
2439,0.400986,0.584922,nan,0.180632,nan,1.208781
2440,0.465624,0.575219,5.793665,0.180603,4.369446,1.364187
2441,0.634244,0.547672,nan,0.180603,nan,1.708471
2442,0.814663,0.726396,5.310033,0.180575,2.952242,2.097735
2443,0.621639,0.834133,nan,0.180575,nan,1.688549
2444,0.643450,0.661070,5.571190,0.180547,2.692098,1.755836
2445,0.493733,0.521875,nan,0.180547,nan,1.411443
2446,0.499262,0.499756,7.506917,0.180519,2.575942,1.405909
2447,0.517259,0.723868,nan,0.180519,nan,1.444736
2448,0.728914,0.900066,6.593487,0.180491,3.911858,1.920060
2449,0.459392,0.565535,nan,0.180491,nan,1.320326
2450,0.499302,0.329686,5.088545,0.180463,3.923326,1.412552
2451,0.614607,0.468830,nan,0.180463,nan,1.680882
2452,0.728587,0.719472,7.296742,0.180434,3.660804,1.925781
2453,0.369342,0.324805,nan,0.180434,nan,1.121329
2454,0.533325,0.449188,5.341084,0.180406,4.139272,1.498322
2455,0.597671,0.525427,nan,0.180406,nan,1.619247
2456,0.434634,0.458462,6.219937,0.180377,3.894659,1.288349
2457,0.516682,0.645944,nan,0.180377,nan,1.454014
2458,0.501872,0.491800,5.367776,0.180347,5.311018,1.418374
2459,0.404297,0.479553,nan,0.180347,nan,1.228698
2460,0.441868,0.483220,6.568437,0.180318,2.507895,1.321715
2461,0.514407,0.488253,nan,0.180318,nan,1.467321
2462,0.410853,0.496657,6.813137,0.180289,3.756742,1.219868
2463,0.640134,0.580050,nan,0.180289,nan,1.736571
2464,0.502568,0.400053,6.760853,0.180261,2.330719,1.441291
2465,0.448060,0.443521,nan,0.180261,nan,1.326941
2466,0.280060,0.318249,6.840762,0.180233,2.851601,0.949288
2467,0.854022,0.936565,nan,0.180233,nan,2.120233
2468,0.470654,0.581494,6.662184,0.180204,3.605573,1.371043
2469,0.366503,0.405389,nan,0.180204,nan,1.136296
2470,0.424797,0.337435,6.012419,0.180176,3.153856,1.285786
2471,0.628932,0.486522,nan,0.180176,nan,1.706182
2472,0.388517,0.457130,6.786106,0.180148,3.906923,1.179715
2473,0.569797,0.580339,nan,0.180148,nan,1.563262
2474,0.468632,0.398734,6.940102,0.180119,3.922542,1.349297
2475,0.437263,0.392915,nan,0.180119,nan,1.287941
2476,0.566566,0.371387,7.021258,0.180090,4.327698,1.577172
2477,0.442191,0.508224,nan,0.180090,nan,1.312969
2478,0.439071,0.348033,7.163940,0.180062,1.856893,1.290439
2479,0.509836,0.466818,nan,0.180062,nan,1.478060
2480,0.667790,0.476927,5.975729,0.180034,4.308861,1.785317
2481,0.481698,0.479219,nan,0.180034,nan,1.383330
2482,0.521680,0.597850,6.370010,0.180005,4.560010,1.474102
2483,0.401133,0.456452,nan,0.180005,nan,1.222211
2484,0.556713,0.570266,6.590333,0.179976,2.443028,1.515749
2485,0.434059,0.490922,nan,0.179976,nan,1.305083
2486,0.581016,0.589928,4.830912,0.179948,4.022846,1.613392
2487,0.457556,0.464878,nan,0.179948,nan,1.345550
2488,0.504428,0.599165,6.763309,0.179919,5.773321,1.425790
2489,0.326774,0.269280,nan,0.179919,nan,1.028823
2490,0.402663,0.459269,6.344834,0.179889,4.010208,1.198991
2491,0.414034,0.461057,nan,0.179889,nan,1.234828
2492,0.441026,0.459214,7.543792,0.179860,4.148727,1.327260
2493,0.521208,0.601431,nan,0.179860,nan,1.507363
2494,0.410922,0.530840,4.821069,0.179830,4.475173,1.232064
2495,0.342091,0.465604,nan,0.179830,nan,1.056598
2496,0.421792,0.512172,5.601001,0.179801,5.120740,1.272192
2497,0.460584,0.617672,nan,0.179801,nan,1.347819
2498,0.560890,0.692110,5.686926,0.179771,3.169493,1.533127
2499,0.606280,0.623790,nan,0.179771,nan,1.653906
2500,0.497690,0.514841,4.763305,0.179741,3.570651,1.404918
2501,0.645568,0.593386,nan,0.179741,nan,1.742550
2502,0.745630,0.614417,5.934980,0.179712,4.002867,1.932698
2503,0.666694,0.730789,nan,0.179712,nan,1.757429
2504,0.406822,0.372004,8.207264,0.179683,3.419204,1.217704
2505,0.441681,0.445902,nan,0.179683,nan,1.277651
2506,0.405868,0.451927,6.644375,0.179653,4.188765,1.251427
2507,0.511300,0.353739,nan,0.179653,nan,1.439203
2508,0.370525,0.383579,6.926729,0.179624,4.002556,1.154794
2509,0.479173,0.469993,nan,0.179624,nan,1.368452
2510,0.428286,0.421632,5.392733,0.179595,2.940551,1.264916
2511,0.643279,0.548744,nan,0.179595,nan,1.710725
2512,0.580258,0.620630,5.786712,0.179566,4.707536,1.597371
2513,0.525470,0.765793,nan,0.179566,nan,1.457479
2514,0.355281,0.556451,7.358315,0.179537,4.174723,1.105597
2515,0.677902,0.576981,nan,0.179537,nan,1.784602
2516,0.485622,0.604021,6.498645,0.179507,4.468208,1.387419
2517,0.695289,0.500951,nan,0.179507,nan,1.818877
2518,0.924718,0.662812,6.839008,0.179477,7.428948,2.314343
2519,0.544768,0.549040,nan,0.179477,nan,1.521272
2520,0.566085,0.433993,6.911850,0.179446,4.195922,1.567127
2521,0.998198,0.670116,nan,0.179446,nan,2.437079
2522,0.516473,0.377274,5.511662,0.179416,3.839059,1.468904
2523,0.520295,0.664841,nan,0.179416,nan,1.467152
2524,0.468200,0.631356,7.076447,0.179386,4.217632,1.355716
2525,0.474093,0.475973,nan,0.179386,nan,1.360418
2526,0.589098,0.530908,6.784921,0.179356,4.026156,1.614298
2527,0.436253,0.389609,nan,0.179356,nan,1.272674
2528,0.609185,0.541415,5.807950,0.179326,2.084796,1.651251
2529,0.462789,0.545055,nan,0.179326,nan,1.328738
2530,0.562807,0.523697,6.155978,0.179297,3.348530,1.548798
2531,0.753834,0.586080,nan,0.179297,nan,1.949580
2532,0.541005,0.558278,5.854151,0.179268,3.785243,1.507371
2533,0.654437,0.630350,nan,0.179268,nan,1.782054
2534,0.593831,0.651490,5.694628,0.179239,4.390284,1.616420
2535,0.585607,0.618558,nan,0.179239,nan,1.616527
2536,0.536136,0.487180,6.321030,0.179210,5.109853,1.522059
2537,0.367906,0.306274,nan,0.179210,nan,1.100765
2538,0.624936,0.454363,6.175664,0.179180,4.770223,1.691322
2539,0.374352,0.427672,nan,0.179180,nan,1.156726
2540,0.498268,0.712259,6.551870,0.179151,2.088721,1.392142
2541,0.394781,0.368999,nan,0.179151,nan,1.184589
2542,0.401601,0.394953,7.233950,0.179122,4.081193,1.232049
2543,0.564673,0.600672,nan,0.179122,nan,1.557106
2544,0.550782,0.485115,6.797569,0.179094,3.789395,1.526841
2545,0.591006,0.551535,nan,0.179094,nan,1.632219
2546,0.532061,0.600018,6.157790,0.179065,3.520588,1.490944
2547,0.480388,0.505348,nan,0.179065,nan,1.400033
2548,0.821420,0.624038,5.713607,0.179036,6.498205,2.118262
2549,0.568693,0.533892,nan,0.179036,nan,1.571564
2550,0.580664,0.531255,5.683910,0.179006,4.478478,1.578616
2551,0.336811,0.243779,nan,0.179006,nan,1.074315
2552,0.502275,0.496235,7.048663,0.178977,3.546807,1.424815
2553,0.522515,0.442983,nan,0.178977,nan,1.430870
2554,0.326936,0.364110,6.416084,0.178948,4.050082,1.063650
2555,0.442196,0.463254,nan,0.178948,nan,1.277160
2556,0.387934,0.323856,7.209213,0.178918,5.146091,1.199566
2557,0.474402,0.449784,nan,0.178918,nan,1.371146
2558,0.613393,0.660028,7.719565,0.178889,5.170252,1.657571
2559,0.654939,0.657388,nan,0.178889,nan,1.733314
2560,0.616487,0.454608,7.050559,0.178859,3.503952,1.656893
2561,0.500727,0.456158,nan,0.178859,nan,1.425502
2562,0.604348,0.593975,6.292704,0.178830,3.710539,1.645039
2563,0.465442,0.424685,nan,0.178830,nan,1.334677
2564,0.491081,0.461574,7.653378,0.178801,3.443378,1.404135
2565,0.577009,0.580709,nan,0.178801,nan,1.565390
2566,0.422170,0.414693,7.238923,0.178773,2.586804,1.282809
2567,0.533785,0.616902,nan,0.178773,nan,1.505737
2568,0.483002,0.345773,7.332852,0.178745,3.135831,1.382551
2569,0.412315,0.384171,nan,0.178745,nan,1.208993
2570,0.529144,0.471951,5.281548,0.178715,7.276199,1.476012
2571,0.497101,0.468982,nan,0.178715,nan,1.394909
2572,0.356395,0.363751,6.060524,0.178687,3.276644,1.128434
2573,0.592497,0.562708,nan,0.178687,nan,1.623516
2574,0.501679,0.551520,5.723227,0.178657,6.355560,1.441103
2575,0.527643,0.508952,nan,0.178657,nan,1.508769
2576,0.593152,0.589868,6.424677,0.178627,5.595832,1.606576
2577,0.525957,0.473206,nan,0.178627,nan,1.482938
2578,0.435268,0.419259,5.604707,0.178597,5.361440,1.286668
2579,0.459773,0.499917,nan,0.178597,nan,1.316457
2580,0.461232,0.571511,5.915161,0.178567,6.130107,1.309404
2581,0.350576,0.427939,nan,0.178567,nan,1.120276
2582,0.460627,0.366308,6.190798,0.178536,3.562795,1.322836
2583,0.497582,0.573982,nan,0.178536,nan,1.421666
2584,0.634459,0.470617,7.368762,0.178507,1.530549,1.724955
2585,0.433992,0.411041,nan,0.178507,nan,1.279937
2586,0.449511,0.486984,5.035064,0.178479,2.664640,1.313800
2587,0.516359,0.480975,nan,0.178479,nan,1.469532
2588,0.388285,0.483245,5.389201,0.178449,7.555196,1.178905
2589,0.579118,0.618245,nan,0.178449,nan,1.577533
2590,0.470551,0.460167,5.118387,0.178420,4.758928,1.366570
2591,0.518030,0.371119,nan,0.178420,nan,1.442292
2592,0.501622,0.464392,7.763504,0.178390,3.986733,1.420241
2593,0.567461,0.596943,nan,0.178390,nan,1.552925
2594,0.603045,0.383303,5.164303,0.178360,6.850186,1.663305
2595,0.567139,0.548288,nan,0.178360,nan,1.588551
2596,0.574616,0.580275,6.940487,0.178330,5.254436,1.556406
2597,0.467341,0.431663,nan,0.178330,nan,1.378104
2598,0.526328,0.427191,5.851561,0.178299,4.503475,1.495972
2599,0.470912,0.454481,nan,0.178299,nan,1.354374
2600,0.375687,0.464651,7.523681,0.178269,5.496676,1.156649
2601,0.506919,0.470425,nan,0.178269,nan,1.409377
2602,0.717311,0.695362,6.663074,0.178239,5.420455,1.888362
2603,0.493681,0.509170,nan,0.178239,nan,1.424905
2604,0.464377,0.475613,7.112826,0.178208,5.733068,1.377780
2605,0.605686,0.607411,nan,0.178208,nan,1.671497
2606,0.406880,0.400697,7.680620,0.178177,3.896905,1.253655
2607,0.528191,0.556372,nan,0.178177,nan,1.509791
2608,0.521032,0.571933,8.949083,0.178148,2.796073,1.464218
2609,0.509633,0.464415,nan,0.178148,nan,1.453525
2610,0.465948,0.660550,8.307251,0.178118,6.376233,1.331561
2611,0.511079,0.452294,nan,0.178118,nan,1.436413
2612,0.399993,0.521348,8.245138,0.178087,5.716024,1.255714
2613,0.560072,0.445122,nan,0.178087,nan,1.539012
2614,0.678182,0.500949,7.887354,0.178057,5.333300,1.816255
2615,0.472829,0.570886,nan,0.178057,nan,1.365995
2616,0.386439,0.385754,8.100542,0.178026,4.685511,1.177616
2617,0.434573,0.414011,nan,0.178026,nan,1.314183
2618,0.406226,0.380577,7.282626,0.177996,3.963710,1.230065
2619,0.601926,0.608097,nan,0.177996,nan,1.611956
2620,0.354144,0.359893,8.214533,0.177967,2.987696,1.104140
2621,0.410664,0.455650,nan,0.177967,nan,1.218892
2622,0.559447,0.626024,7.027937,0.177938,3.521080,1.531540
2623,0.335788,0.334917,nan,0.177938,nan,1.083939
2624,0.544167,0.484838,8.262476,0.177909,3.876390,1.502154
2625,0.701324,0.803970,nan,0.177909,nan,1.838375
2626,0.662815,0.672261,7.220523,0.177880,5.357357,1.764654
2627,0.656226,0.569476,nan,0.177880,nan,1.760567
2628,0.753363,0.357166,8.033518,0.177851,4.549958,1.947309
2629,0.671751,0.586155,nan,0.177851,nan,1.778931
2630,0.450213,0.473834,5.932199,0.177821,6.549976,1.309464
2631,0.565419,0.461935,nan,0.177821,nan,1.568874
2632,0.454077,0.436406,8.123983,0.177792,4.007693,1.316226
2633,0.749251,0.717735,nan,0.177792,nan,1.919805
2634,0.790353,0.707123,5.827137,0.177763,4.652476,2.041738
2635,0.585110,0.581513,nan,0.177763,nan,1.609478
2636,0.592693,0.489274,6.575094,0.177734,4.054853,1.648886
2637,0.452964,0.457522,nan,0.177734,nan,1.308131
2638,0.502878,0.514192,7.488414,0.177704,5.539395,1.412690
2639,0.575515,0.542872,nan,0.177704,nan,1.594585
2640,0.406326,0.467162,7.755547,0.177676,3.122900,1.207619
2641,0.526591,0.468547,nan,0.177676,nan,1.499889
2642,0.448274,0.547784,8.706627,0.177648,2.689802,1.291237
2643,0.471670,0.364972,nan,0.177648,nan,1.389480
2644,0.465416,0.448949,6.439672,0.177619,6.308395,1.347863
2645,0.544755,0.457525,nan,0.177619,nan,1.550619
2646,0.595154,0.456931,7.415155,0.177590,5.693341,1.614498
2647,0.441154,0.489276,nan,0.177590,nan,1.294064
2648,0.497528,0.438224,8.431016,0.177561,4.360282,1.419935
2649,0.395825,0.389107,nan,0.177561,nan,1.198798
2650,0.416195,0.438079,8.123073,0.177532,6.237382,1.241243
2651,0.525775,0.458720,nan,0.177532,nan,1.488836
2652,0.532777,0.495733,7.577753,0.177502,4.556324,1.486263
2653,0.528403,0.495135,nan,0.177502,nan,1.500104
2654,0.647678,0.590644,6.969234,0.177474,1.762448,1.740242
2655,0.530504,0.428931,nan,0.177474,nan,1.506651
2656,0.495845,0.462338,8.357346,0.177445,6.385304,1.398827
2657,0.545303,0.487930,nan,0.177445,nan,1.497420
2658,0.382094,0.411463,6.377095,0.177417,5.316412,1.160147
2659,0.538591,0.446816,nan,0.177417,nan,1.514456
2660,0.562608,0.652599,5.877617,0.177387,5.111888,1.506793
2661,0.815513,0.765264,nan,0.177387,nan,2.091443
2662,0.714996,0.803107,6.782672,0.177358,4.836852,1.853703
2663,0.656758,0.633557,nan,0.177358,nan,1.745164
2664,0.452638,0.510699,9.161709,0.177330,2.396702,1.314494
2665,0.691054,0.568993,nan,0.177330,nan,1.811795
2666,0.519788,0.463730,6.505270,0.177302,5.393740,1.486688
2667,0.588954,0.614807,nan,0.177302,nan,1.567657
2668,0.542116,0.392511,6.427376,0.177273,6.110445,1.495124
2669,0.563292,0.556501,nan,0.177273,nan,1.562661
2670,0.380963,0.386438,7.367465,0.177244,4.908963,1.148305
2671,0.461650,0.433044,nan,0.177244,nan,1.329046
2672,0.535561,0.459870,8.713104,0.177215,4.294052,1.469747
2673,0.436400,0.291636,nan,0.177215,nan,1.274599
2674,0.444020,0.617091,6.419674,0.177186,5.738703,1.294037
2675,0.793147,0.680395,nan,0.177186,nan,2.013321
2676,0.468704,0.536068,6.898666,0.177157,4.588271,1.337174
2677,0.622976,0.484566,nan,0.177157,nan,1.699319
2678,0.898120,0.747693,7.577209,0.177129,4.405664,2.229978
2679,0.365338,0.337047,nan,0.177129,nan,1.116110
2680,0.434953,0.375409,8.658773,0.177099,6.583515,1.245981
2681,0.687163,0.546070,nan,0.177099,nan,1.814769
2682,0.519194,0.470586,8.253145,0.177070,5.603223,1.472442
2683,0.650412,0.600492,nan,0.177070,nan,1.727577
2684,0.780552,0.592020,8.056615,0.177040,5.566339,1.997216
2685,0.429328,0.356878,nan,0.177040,nan,1.257010
2686,0.441651,0.438840,8.076994,0.177011,3.908020,1.279470
2687,0.409567,0.315343,nan,0.177011,nan,1.224338
2688,0.565135,0.572034,7.423809,0.176983,3.760625,1.540344
2689,0.734870,0.667248,nan,0.176983,nan,1.885854
2690,0.711916,0.607560,6.702649,0.176954,4.121476,1.836978
2691,0.645399,0.428217,nan,0.176954,nan,1.745008
2692,0.681418,0.553831,8.782404,0.176926,2.305895,1.831568
2693,0.615895,0.522734,nan,0.176926,nan,1.677796
2694,0.572752,0.540119,7.761408,0.176899,5.279849,1.575471
2695,0.652969,0.563435,nan,0.176899,nan,1.741199
2696,0.677665,0.548187,9.089720,0.176871,3.911841,1.791920
2697,0.750452,0.415934,nan,0.176871,nan,1.957439
2698,0.685003,0.503560,6.619863,0.176843,6.517815,1.789936
2699,0.755709,0.681292,nan,0.176843,nan,1.958087
2700,0.799821,0.477643,8.546267,0.176815,3.463513,2.091738
2701,0.709229,0.487742,nan,0.176815,nan,1.850005
2702,0.548083,0.414606,6.550483,0.176787,5.448397,1.525868
2703,0.512211,0.397269,nan,0.176787,nan,1.437938
2704,0.578285,0.431172,6.608323,0.176759,4.452768,1.604336
2705,0.728911,0.513373,nan,0.176759,nan,1.918912
2706,0.766559,0.619884,7.964116,0.176731,4.456906,1.983511
2707,0.578955,0.443365,nan,0.176731,nan,1.586800
2708,0.544169,0.519788,7.678114,0.176703,6.383615,1.506081
2709,0.483351,0.514082,nan,0.176703,nan,1.355534
2710,0.432171,0.427009,7.834390,0.176675,4.456135,1.274572
2711,0.486720,0.399944,nan,0.176675,nan,1.379812
2712,0.528122,0.501634,9.072094,0.176647,3.445961,1.486933
2713,0.602050,0.523783,nan,0.176647,nan,1.605837
2714,0.614835,0.521992,8.093588,0.176619,4.362920,1.654225
2715,0.609133,0.454887,nan,0.176619,nan,1.625916
2716,0.577469,0.428609,6.701787,0.176591,6.653266,1.574665
2717,0.596932,0.387729,nan,0.176591,nan,1.614032
2718,0.672012,0.559879,7.605308,0.176563,4.145121,1.772354
2719,0.462972,0.546324,nan,0.176563,nan,1.353842
2720,0.662240,0.747994,8.069665,0.176536,3.466735,1.766952
2721,0.645537,0.535823,nan,0.176536,nan,1.731350
2722,0.622515,0.631922,7.537202,0.176508,4.912671,1.683965
2723,0.435152,0.431160,nan,0.176508,nan,1.256949
2724,0.330813,0.358473,8.557813,0.176481,2.829749,1.048782
2725,0.615728,0.555786,nan,0.176481,nan,1.691259
2726,0.499586,0.487410,6.864614,0.176454,5.718982,1.403764
2727,0.473037,0.463403,nan,0.176454,nan,1.362030
2728,0.432414,0.416363,8.997988,0.176426,3.970628,1.260493
2729,0.651908,0.570183,nan,0.176426,nan,1.721408
2730,0.527572,0.608182,7.860881,0.176400,3.105496,1.477933
2731,0.594442,0.427359,nan,0.176400,nan,1.614055
2732,0.992503,0.716776,7.715755,0.176373,4.464316,2.455118
2733,0.532277,0.513540,nan,0.176373,nan,1.483068
2734,0.337441,0.300155,7.582884,0.176346,5.561885,1.051074
2735,0.507574,0.554561,nan,0.176346,nan,1.419967
2736,0.769232,0.590935,9.267708,0.176319,5.044452,1.984743
2737,0.566172,0.580777,nan,0.176319,nan,1.570428
2738,0.554043,0.495447,8.597885,0.176292,4.792371,1.551518
2739,0.757740,0.640816,nan,0.176292,nan,1.975005
2740,0.564075,0.517215,8.440868,0.176264,4.759520,1.543815
2741,0.518354,0.488536,nan,0.176264,nan,1.465519
2742,0.366911,0.368366,8.869358,0.176237,5.037101,1.119149
2743,0.423451,0.417817,nan,0.176237,nan,1.268601
2744,0.556765,0.489314,9.270887,0.176210,3.622867,1.527814
2745,0.782155,0.589845,nan,0.176210,nan,2.007836
2746,0.688141,0.522253,6.813549,0.176184,2.697510,1.798852
2747,0.657755,0.626036,nan,0.176184,nan,1.729955
2748,0.624713,0.565172,7.716740,0.176157,7.071446,1.674665
2749,0.797535,0.594515,nan,0.176157,nan,2.053513
2750,0.473200,0.399016,7.801098,0.176130,3.578409,1.372903
2751,0.569549,0.352688,nan,0.176130,nan,1.597304
2752,0.568309,0.352379,8.224097,0.176103,4.521926,1.554652
2753,0.406958,0.613279,nan,0.176103,nan,1.243418
2754,0.646426,0.580819,8.092250,0.176077,3.001559,1.744688
2755,0.662218,0.563007,nan,0.176077,nan,1.796990
2756,0.628386,0.552564,8.025043,0.176050,6.764037,1.690660
2757,0.642915,0.666976,nan,0.176050,nan,1.712440
2758,0.518234,0.404263,7.074533,0.176022,5.918959,1.452139
2759,0.598219,0.737523,nan,0.176022,nan,1.641087
2760,0.625873,0.632871,5.694988,0.175995,5.650451,1.695382
2761,0.674825,0.467922,nan,0.175995,nan,1.790503
2762,0.660173,0.601012,6.691667,0.175967,6.375663,1.756443
2763,0.562552,0.477442,nan,0.175967,nan,1.569974
2764,0.452003,0.411752,7.548639,0.175939,5.445215,1.335501
2765,0.365228,0.351080,nan,0.175939,nan,1.144202
2766,0.660007,0.582828,8.504854,0.175910,7.025460,1.751476
2767,0.751514,0.547797,nan,0.175910,nan,1.932959
2768,0.609138,0.787667,8.334111,0.175882,4.519578,1.638232
2769,0.497562,0.561910,nan,0.175882,nan,1.435695
2770,0.673123,0.511192,9.625058,0.175854,3.545713,1.784549
2771,0.624650,0.577140,nan,0.175854,nan,1.706686
2772,0.578048,0.599917,8.180737,0.175826,5.011932,1.595594
2773,0.866228,0.580087,nan,0.175826,nan,2.181225
2774,0.513227,0.550998,7.377645,0.175798,5.081239,1.437007
2775,0.586788,0.452916,nan,0.175798,nan,1.602437
2776,0.506270,0.762784,9.177608,0.175770,4.972662,1.453915
2777,0.643791,0.467869,nan,0.175770,nan,1.731884
2778,0.508640,0.476552,8.153000,0.175743,4.758724,1.427101
2779,0.358066,0.558328,nan,0.175743,nan,1.112865
2780,0.531107,0.510609,8.873907,0.175715,5.183023,1.489373
2781,0.709846,0.639028,nan,0.175715,nan,1.875447
2782,0.447892,0.515912,8.291454,0.175687,5.753131,1.299070
2783,0.595363,0.420643,nan,0.175687,nan,1.618925
2784,0.574244,0.528147,8.630352,0.175660,2.364757,1.591467
2785,0.527125,0.484821,nan,0.175660,nan,1.482835
2786,0.514342,0.529978,8.612376,0.175632,6.548782,1.467612
2787,0.611535,0.591366,nan,0.175632,nan,1.624211
2788,0.490289,0.519552,8.265587,0.175605,6.279282,1.408889
2789,0.692119,0.596781,nan,0.175605,nan,1.830394
2790,0.595551,0.357770,8.770620,0.175577,4.371927,1.651231
2791,0.581469,0.690514,nan,0.175577,nan,1.586925
2792,0.536032,0.676308,8.342212,0.175549,4.430462,1.484279
2793,0.528980,0.513275,nan,0.175549,nan,1.456602
2794,0.642123,0.749562,6.718005,0.175522,5.813663,1.741551
2795,0.820272,0.345333,nan,0.175522,nan,2.098478
2796,0.676847,0.418519,8.704216,0.175494,6.871187,1.796370
2797,0.538902,0.406463,nan,0.175494,nan,1.504519
2798,0.532907,0.399310,8.566883,0.175465,5.669208,1.516675
2799,0.760435,0.522076,nan,0.175465,nan,1.953516
2800,0.637899,0.468837,8.882921,0.175438,3.365841,1.705005
2801,0.569497,0.446780,nan,0.175438,nan,1.568378
2802,0.629443,0.549258,8.197210,0.175410,7.498884,1.700341
2803,0.494239,0.524113,nan,0.175410,nan,1.418791
2804,0.493867,0.546275,7.680401,0.175381,5.818107,1.415988
2805,0.541916,0.546329,nan,0.175381,nan,1.511623
2806,0.454299,0.382493,7.086662,0.175353,5.250047,1.329338
2807,0.380598,0.405006,nan,0.175353,nan,1.160593
2808,0.557935,0.410194,7.202793,0.175325,5.646743,1.552632
2809,0.446790,0.586488,nan,0.175325,nan,1.285747
2810,0.389422,0.380649,9.650764,0.175297,3.799039,1.175627
2811,0.592885,0.371639,nan,0.175297,nan,1.623380
2812,0.437387,0.312786,8.704336,0.175269,6.597912,1.293154
2813,0.602992,0.567774,nan,0.175269,nan,1.625425
2814,0.390560,0.350279,9.035971,0.175241,4.493273,1.200388
2815,0.596343,0.583333,nan,0.175241,nan,1.636843
2816,0.454305,0.331364,9.108271,0.175213,5.203421,1.348705
2817,0.539742,0.373084,nan,0.175213,nan,1.501736
2818,0.564411,0.474671,7.823384,0.175185,3.936855,1.540417
2819,0.468571,0.462138,nan,0.175185,nan,1.337920
2820,0.588724,0.500622,7.975128,0.175158,4.522734,1.605213
2821,1.098043,0.734999,nan,0.175158,nan,2.661005
2822,0.819839,0.451851,5.607127,0.175131,5.378475,2.070778
2823,0.715442,0.823663,nan,0.175131,nan,1.898571
2824,0.642806,0.728085,7.283968,0.175104,3.515380,1.715700
2825,0.663759,0.558137,nan,0.175104,nan,1.790311
2826,0.477736,0.389825,10.172235,0.175077,3.986536,1.392263
2827,1.149460,0.382893,nan,0.175077,nan,2.778614
2828,1.189770,0.352764,9.720192,0.175051,5.172987,2.848958
2829,0.341382,0.455838,nan,0.175051,nan,1.072162
2830,0.602218,0.656840,6.983016,0.175024,5.504631,1.637546
2831,0.592694,0.437269,nan,0.175024,nan,1.609309
2832,0.658140,0.397026,6.426688,0.174997,5.379815,1.718352
2833,0.600824,0.513122,nan,0.174997,nan,1.626953
2834,0.484138,0.527663,9.759924,0.174970,4.416837,1.393401
2835,0.617510,0.684549,nan,0.174970,nan,1.675557
2836,0.614985,0.578870,8.253054,0.174943,6.294347,1.667147
2837,0.640381,0.701640,nan,0.174943,nan,1.699005
2838,0.505203,0.425400,8.527513,0.174917,3.607047,1.448327
2839,0.568639,0.599728,nan,0.174917,nan,1.581227
2840,0.415586,0.456601,6.709225,0.174890,6.984937,1.250049
2841,0.547360,0.461609,nan,0.174890,nan,1.518939
2842,0.461344,0.445388,7.578309,0.174862,8.035358,1.360964
2843,0.462752,0.443270,nan,0.174862,nan,1.337161
2844,0.678966,0.464868,7.918600,0.174834,3.977405,1.805157
2845,0.554685,0.541713,nan,0.174834,nan,1.566763
2846,0.484869,0.563878,7.937425,0.174807,5.153126,1.402725
2847,0.385506,0.414786,nan,0.174807,nan,1.176711
2848,0.619669,0.513790,9.986425,0.174780,4.379643,1.680568
2849,0.669104,0.353917,nan,0.174780,nan,1.766807
2850,0.742790,0.694886,9.690105,0.174753,5.289124,1.931002
2851,0.724106,0.517322,nan,0.174753,nan,1.885474
2852,0.481867,0.451614,9.330108,0.174725,6.358035,1.401476
2853,0.538871,0.717593,nan,0.174725,nan,1.506962
2854,0.452426,0.540402,8.587610,0.174698,7.175252,1.325245
2855,0.585096,0.720127,nan,0.174698,nan,1.604966
2856,0.407701,0.581363,9.572412,0.174670,4.771559,1.207036
2857,0.697778,0.467027,nan,0.174670,nan,1.844205
2858,0.653729,0.490730,7.643330,0.174643,4.020226,1.757576
2859,0.519915,0.514543,nan,0.174643,nan,1.486841
2860,0.470038,0.489146,7.508855,0.174615,5.342885,1.352409
2861,0.423895,0.644473,nan,0.174615,nan,1.292964
2862,0.562142,0.505850,7.358586,0.174588,6.440833,1.554168
2863,0.376825,0.382985,nan,0.174588,nan,1.141523
2864,0.434551,0.480033,9.138922,0.174560,5.472815,1.288575
2865,0.496244,0.536074,nan,0.174560,nan,1.417387
2866,0.389412,0.292777,8.304125,0.174533,6.051002,1.175345
2867,0.707556,0.538795,nan,0.174533,nan,1.867860
2868,0.688188,0.753438,8.557472,0.174505,5.384071,1.811802
2869,0.565731,0.522034,nan,0.174505,nan,1.563011
2870,0.488024,0.416893,8.863033,0.174478,5.070393,1.392523
2871,0.409781,0.342456,nan,0.174478,nan,1.221361
2872,0.534438,0.521003,9.894252,0.174451,3.750958,1.482528
2873,0.397793,0.411066,nan,0.174451,nan,1.200724
2874,0.485310,0.728562,8.703708,0.174424,6.582739,1.399075
2875,0.789649,0.623907,nan,0.174424,nan,2.029372
2876,0.639253,0.556773,8.875221,0.174396,5.956842,1.728903
2877,0.643990,0.707132,nan,0.174396,nan,1.703852
2878,0.547817,0.516790,9.266675,0.174369,5.422194,1.536111
2879,0.336181,0.494076,nan,0.174369,nan,1.071246
2880,0.656413,0.559329,8.867634,0.174341,5.756104,1.759014
2881,0.448508,0.782625,nan,0.174341,nan,1.297878
2882,0.622725,0.510459,6.738316,0.174315,2.968890,1.685211
2883,1.285698,0.504140,nan,0.174315,nan,3.017650
2884,1.042639,0.456343,8.073729,0.174288,4.627910,2.548555
2885,0.626000,0.695426,nan,0.174288,nan,1.698969
2886,0.593929,0.571570,10.055248,0.174262,5.191726,1.619128
2887,0.539842,0.378296,nan,0.174262,nan,1.517012
2888,0.548829,0.361023,8.083853,0.174235,7.108268,1.518977
2889,0.499307,0.475741,nan,0.174235,nan,1.430670
2890,0.591799,0.567566,8.255264,0.174208,3.991523,1.628965
2891,0.375633,0.535229,nan,0.174208,nan,1.151000
2892,0.389147,0.446752,8.511831,0.174181,7.117290,1.184845
2893,0.599046,0.275069,nan,0.174181,nan,1.638319
2894,0.523012,0.541672,8.415031,0.174154,4.256520,1.457279
2895,0.719238,0.705831,nan,0.174154,nan,1.857254
2896,0.380134,0.394416,8.073820,0.174127,6.286852,1.165257
2897,0.631433,0.356523,nan,0.174127,nan,1.674553
2898,0.619521,0.582833,8.003783,0.174100,6.060644,1.670197
2899,0.511527,0.428813,nan,0.174100,nan,1.436323
2900,0.662655,0.587132,8.367148,0.174072,7.231669,1.744798
2901,0.496378,0.678558,nan,0.174072,nan,1.402072
2902,0.419779,0.367422,8.600380,0.174045,6.313305,1.252699
2903,0.721847,0.844296,nan,0.174045,nan,1.866152
2904,0.667348,0.447541,9.939240,0.174017,6.674609,1.768425
2905,0.329691,0.413303,nan,0.174017,nan,1.049035
2906,0.677807,0.430765,8.434944,0.173989,4.030931,1.775752
2907,0.575638,0.478323,nan,0.173989,nan,1.590478
2908,0.526859,0.375877,7.827766,0.173961,7.516834,1.487838
2909,0.436726,0.506243,nan,0.173961,nan,1.285890
2910,0.601692,0.411536,8.784243,0.173933,7.195838,1.642919
2911,0.438937,0.442129,nan,0.173933,nan,1.298955
2912,0.563789,0.420332,8.169741,0.173905,7.072171,1.572864
2913,0.718018,0.924375,nan,0.173905,nan,1.849951
2914,1.050234,1.051949,7.624511,0.173877,4.942459,2.560953
2915,0.867378,1.220252,nan,0.173877,nan,2.198743
2916,0.598689,0.910728,7.098347,0.173848,6.392612,1.624962
2917,0.451484,0.596538,nan,0.173848,nan,1.323268
2918,0.437463,0.498544,10.257353,0.173820,6.359539,1.295318
2919,0.583788,0.467966,nan,0.173820,nan,1.594417
2920,0.433306,0.517706,9.533930,0.173792,5.284717,1.280461
2921,0.768680,0.762838,nan,0.173792,nan,1.997764
2922,0.633950,0.931786,7.652151,0.173764,5.275356,1.706786
2923,0.926139,0.524516,nan,0.173764,nan,2.307759
2924,1.360553,0.780307,9.166030,0.173737,3.455467,3.179630
2925,0.816173,0.904992,nan,0.173737,nan,2.076383
2926,0.856180,0.854060,9.399889,0.173710,4.304687,2.146269
2927,0.664297,0.789853,nan,0.173710,nan,1.761217
2928,0.359145,0.509282,9.974677,0.173684,5.203079,1.103595
2929,0.350726,0.473680,nan,0.173684,nan,1.098806
2930,0.646086,0.730889,8.573804,0.173657,6.055655,1.714730
2931,0.473855,0.406279,nan,0.173657,nan,1.371569
2932,0.431766,0.514392,9.604563,0.173630,5.950263,1.259468
2933,0.772485,0.640118,nan,0.173630,nan,2.004079
2934,0.476126,0.508806,8.929688,0.173603,7.874583,1.382976
2935,0.599867,0.615656,nan,0.173603,nan,1.600928
2936,0.343178,0.580811,9.886906,0.173575,5.305701,1.116083
2937,0.399489,0.405383,nan,0.173575,nan,1.214263
2938,0.622543,0.772071,9.159757,0.173548,6.785657,1.662685
2939,0.771843,0.689092,nan,0.173548,nan,1.999275
2940,0.562095,0.610222,9.029420,0.173520,5.368813,1.549967
2941,0.611710,0.534259,nan,0.173520,nan,1.653571
2942,0.474852,0.487162,8.379047,0.173492,7.988235,1.383601
2943,0.624066,0.519588,nan,0.173492,nan,1.663369
2944,0.548801,0.477519,8.517815,0.173465,5.212060,1.525876
2945,0.497012,0.426647,nan,0.173465,nan,1.411780
2946,0.585549,0.607755,9.906738,0.173437,4.859769,1.590347
2947,0.383313,0.362721,nan,0.173437,nan,1.172113
2948,0.678075,0.439758,11.884764,0.173410,7.356151,1.811740
2949,0.440937,0.618848,nan,0.173410,nan,1.327266
2950,0.564713,0.521435,10.114717,0.173382,8.251589,1.561219
2951,0.482555,0.311055,nan,0.173382,nan,1.410630
2952,0.435143,0.617537,8.972212,0.173353,5.598453,1.288998
2953,0.446172,0.386107,nan,0.173353,nan,1.310077
2954,0.713022,0.517588,9.229501,0.173326,5.788515,1.890618
2955,0.500760,0.453043,nan,0.173326,nan,1.412539
2956,0.546321,0.568528,8.594309,0.173297,9.956934,1.527357
2957,0.734519,0.392690,nan,0.173297,nan,1.910846
2958,0.664698,0.372049,9.060342,0.173268,5.516025,1.751031
2959,0.618955,0.589551,nan,0.173268,nan,1.675032
2960,0.581957,0.474455,9.040584,0.173240,4.592031,1.600137
2961,0.472319,0.554189,nan,0.173240,nan,1.340584
2962,0.639924,0.862889,10.059194,0.173213,4.100142,1.692624
2963,0.480578,0.359899,nan,0.173213,nan,1.397955
2964,0.701724,0.702525,9.976049,0.173185,6.856462,1.819736
2965,0.825592,0.622597,nan,0.173185,nan,2.089007
2966,0.413373,0.478296,10.218399,0.173158,5.056869,1.252700
2967,0.779694,0.725564,nan,0.173158,nan,2.001125
2968,0.573733,0.594325,8.338290,0.173130,6.410301,1.550423
2969,0.672595,0.649216,nan,0.173130,nan,1.801175
2970,0.521654,0.593731,9.918930,0.173103,6.120688,1.437440
2971,0.522664,0.576362,nan,0.173103,nan,1.445026
2972,0.508445,0.520802,9.730106,0.173076,4.716763,1.432716
2973,0.528126,0.620354,nan,0.173076,nan,1.458720
2974,0.496533,0.564546,9.531321,0.173049,5.812340,1.392263
2975,0.456085,0.564585,nan,0.173049,nan,1.298963
2976,0.536921,0.571004,9.274933,0.173021,6.874819,1.481920
2977,0.512577,0.481531,nan,0.173021,nan,1.453856
2978,0.527539,0.470253,8.631834,0.172994,8.311207,1.483399
2979,0.976795,0.826489,nan,0.172994,nan,2.393888
2980,0.509493,0.770755,9.530869,0.172966,6.473131,1.433391
2981,0.534803,0.497909,nan,0.172966,nan,1.489413
2982,0.382087,0.510542,9.828228,0.172938,6.277260,1.194717
2983,0.569725,0.658723,nan,0.172938,nan,1.551232
2984,0.397109,0.423852,8.180567,0.172910,7.070489,1.199684
2985,0.346837,0.500093,nan,0.172910,nan,1.113076
2986,0.512967,0.589359,10.298098,0.172882,7.140818,1.427736
2987,0.347810,0.429381,nan,0.172882,nan,1.065389
2988,0.521620,0.565156,9.194633,0.172854,6.220299,1.464114
2989,0.689705,0.572303,nan,0.172854,nan,1.799618
2990,0.597684,0.510359,9.725168,0.172826,5.192740,1.629240
2991,0.594288,0.564941,nan,0.172826,nan,1.627615
2992,0.468648,0.455652,8.243679,0.172798,7.444837,1.370780
2993,0.666117,0.877338,nan,0.172798,nan,1.769542
2994,0.643420,0.565811,11.728989,0.172771,4.250036,1.696165
2995,0.707078,0.830401,nan,0.172771,nan,1.859925
2996,0.503867,0.399961,9.137757,0.172743,6.516152,1.436493
2997,0.435229,0.350643,nan,0.172743,nan,1.282873
2998,0.434496,0.371373,10.974498,0.172716,6.649466,1.294389
2999,0.629161,0.705330,nan,0.172716,nan,1.659568
3000,0.364741,0.361203,10.549900,0.172689,5.114920,1.119426
3001,0.452435,0.417022,nan,0.172689,nan,1.318582
3002,0.418252,0.433445,11.632500,0.172661,8.399506,1.217241
3003,0.380406,0.369691,nan,0.172661,nan,1.152769
3004,0.319361,0.376504,9.342478,0.172633,5.257861,1.029831
3005,0.484328,0.460907,nan,0.172633,nan,1.404044
3006,0.363947,0.278216,9.475586,0.172606,6.361737,1.126710
3007,0.585654,0.533161,nan,0.172606,nan,1.604263
3008,0.685714,0.590854,10.593256,0.172579,6.692283,1.805575
3009,0.456333,0.395997,nan,0.172579,nan,1.335624
3010,0.465513,0.417503,9.245247,0.172551,7.627553,1.364950
3011,0.757628,0.626284,nan,0.172551,nan,1.946706
3012,0.466390,0.539273,10.693910,0.172524,4.257902,1.344426
3013,0.389144,0.297092,nan,0.172524,nan,1.181899
3014,0.463676,0.522550,12.399893,0.172497,4.753847,1.343215
3015,0.578316,0.510606,nan,0.172497,nan,1.590833
3016,0.525401,0.551631,8.725890,0.172470,5.875081,1.459622
3017,0.573349,0.503035,nan,0.172470,nan,1.573904
3018,0.353505,0.393968,7.969317,0.172443,6.175792,1.101005
3019,0.990000,0.629687,nan,0.172443,nan,2.433417
3020,0.547916,0.415879,11.584631,0.172417,4.267451,1.526109
3021,0.833051,0.702748,nan,0.172417,nan,2.102211
3022,0.541319,0.627952,9.694994,0.172391,5.654780,1.501827
3023,0.600138,0.636410,nan,0.172391,nan,1.627651
3024,0.532950,0.640570,11.511974,0.172365,6.376131,1.493322
3025,0.722704,0.583944,nan,0.172365,nan,1.890972
3026,0.675480,0.659823,11.204806,0.172339,5.022510,1.802136
3027,0.400452,0.385072,nan,0.172339,nan,1.208865
3028,0.454262,0.529525,9.604129,0.172312,7.095748,1.324349
3029,0.456583,0.554254,nan,0.172312,nan,1.320055
3030,0.468816,0.536321,10.555873,0.172285,7.871126,1.356385
3031,0.742671,0.567145,nan,0.172285,nan,1.925440
3032,0.728867,0.594237,12.229639,0.172259,5.981478,1.889715
3033,0.818222,0.515119,nan,0.172259,nan,2.076280
3034,0.512662,0.605687,11.127684,0.172232,7.063109,1.437574
3035,0.562697,0.436289,nan,0.172232,nan,1.537492
3036,0.580397,0.540205,9.330183,0.172205,6.864554,1.572801
3037,0.505082,0.557677,nan,0.172205,nan,1.433554
3038,0.561466,0.585354,11.366653,0.172178,7.201849,1.551797
3039,0.637012,0.484062,nan,0.172178,nan,1.701947
3040,0.517004,0.464854,10.230680,0.172150,6.913934,1.482173
3041,0.700782,0.482273,nan,0.172150,nan,1.833013
3042,0.521192,0.397352,10.636652,0.172123,6.442012,1.457978
3043,0.536982,0.672574,nan,0.172123,nan,1.495857
3044,0.541617,0.398901,9.560612,0.172095,8.320702,1.500114
3045,0.575758,0.596319,nan,0.172095,nan,1.552655
3046,0.592183,0.530824,10.568891,0.172068,7.138237,1.634135
3047,0.502872,0.474672,nan,0.172068,nan,1.429333
3048,0.501361,0.487301,11.363742,0.172040,7.262844,1.426553
3049,0.484603,0.417034,nan,0.172040,nan,1.380999
3050,0.553650,0.546670,9.281157,0.172012,6.151320,1.535638
3051,0.575849,0.344056,nan,0.172012,nan,1.582725
3052,0.519341,0.374026,12.003346,0.171984,8.857063,1.433952
3053,0.494843,0.433730,nan,0.171984,nan,1.397422
3054,0.537763,0.629818,11.162296,0.171956,6.072249,1.476072
3055,0.543360,0.457253,nan,0.171956,nan,1.495961
3056,0.561313,0.544255,10.561134,0.171927,7.758825,1.545868
3057,0.547750,0.460468,nan,0.171927,nan,1.513324
3058,0.584918,0.410520,13.047596,0.171900,5.516425,1.595182
3059,0.514716,0.551218,nan,0.171900,nan,1.414033
3060,0.517578,0.419530,10.245461,0.171872,6.283867,1.433773
3061,0.733417,0.560225,nan,0.171872,nan,1.882359
3062,0.582255,0.417720,11.601245,0.171844,6.432575,1.590623
3063,0.651286,0.499651,nan,0.171844,nan,1.751148
3064,0.479097,0.519124,12.851706,0.171817,6.809265,1.362860
3065,0.564751,0.450538,nan,0.171817,nan,1.564383
3066,0.532310,0.699534,12.367514,0.171789,7.798396,1.475912
3067,0.456274,0.438788,nan,0.171789,nan,1.322715
3068,0.468501,0.584890,12.218982,0.171762,3.903731,1.376334
3069,0.692431,0.495920,nan,0.171762,nan,1.788419
3070,0.518898,0.619920,11.793020,0.171735,7.203169,1.449905
3071,0.508497,0.362105,nan,0.171735,nan,1.435127
3072,0.551457,0.430378,13.764661,0.171708,6.358416,1.523582
3073,0.582557,0.483539,nan,0.171708,nan,1.594915
3074,0.406563,0.444010,12.049365,0.171681,5.757132,1.208106
3075,0.756525,0.517822,nan,0.171681,nan,1.960356
3076,0.763799,0.542784,11.861528,0.171654,5.784914,1.957212
3077,0.709766,0.680957,nan,0.171654,nan,1.844244
3078,0.641271,0.514627,12.267331,0.171627,7.891020,1.702049
3079,0.516439,0.492187,nan,0.171627,nan,1.419996
3080,0.481857,0.474291,12.788394,0.171600,7.030482,1.371072
3081,0.965430,0.681632,nan,0.171600,nan,2.361112
3082,0.699914,0.524877,11.857153,0.171573,6.699109,1.833667
3083,0.650722,1.063726,nan,0.171573,nan,1.719453
3084,0.552829,0.939756,11.375406,0.171546,6.106154,1.504863
3085,0.939479,0.512212,nan,0.171546,nan,2.335504
3086,0.529500,0.378969,12.603470,0.171520,4.224509,1.475111
3087,0.699552,0.557404,nan,0.171520,nan,1.834722
3088,0.431655,0.485605,11.183499,0.171492,10.653999,1.251219
3089,1.148280,0.840683,nan,0.171492,nan,2.749823
3090,1.111025,0.598839,12.143163,0.171465,7.841327,2.661634
3091,0.575232,0.629745,nan,0.171465,nan,1.561035
3092,0.546293,0.589117,11.848418,0.171437,6.264604,1.523332
3093,0.514862,0.483960,nan,0.171437,nan,1.424331
3094,0.596825,0.395171,13.925655,0.171410,7.878919,1.596642
3095,0.676093,0.704671,nan,0.171410,nan,1.768925
3096,0.880402,0.494099,10.489550,0.171382,7.042528,2.193517
3097,0.650302,0.630530,nan,0.171382,nan,1.705269
3098,0.744083,0.442657,11.658829,0.171355,6.312640,1.936009
3099,0.405209,0.644297,nan,0.171355,nan,1.190467
3100,0.593815,0.729886,11.117368,0.171327,5.754975,1.603226
3101,0.515929,0.678388,nan,0.171327,nan,1.435580
3102,0.635024,0.421125,13.316405,0.171300,7.675453,1.684968
3103,0.625595,0.545189,nan,0.171300,nan,1.663584
3104,0.474442,0.444902,12.576982,0.171273,6.401139,1.333302
3105,0.819679,0.756137,nan,0.171273,nan,2.038402
3106,0.827058,0.650067,11.213417,0.171246,7.026566,2.098980
3107,0.796545,0.712723,nan,0.171246,nan,2.012127
3108,0.559081,0.541208,13.373425,0.171218,7.172998,1.519907
3109,0.543663,0.481410,nan,0.171218,nan,1.496913
3110,0.747806,0.722256,11.938486,0.171191,6.809368,1.924988
3111,0.697720,0.667697,nan,0.171191,nan,1.840364
3112,0.617977,0.673168,12.407467,0.171164,5.672734,1.670310
3113,0.753456,0.665278,nan,0.171164,nan,1.929550
3114,0.790153,0.838139,12.345888,0.171137,7.014932,2.016354
3115,0.692510,0.811836,nan,0.171137,nan,1.794798
3116,0.685012,0.655160,13.121040,0.171110,7.688005,1.775410
3117,0.549219,0.557530,nan,0.171110,nan,1.489565
3118,0.849955,0.542744,11.720079,0.171082,9.596422,2.131138
3119,0.698513,0.639224,nan,0.171082,nan,1.798754
3120,0.892109,0.584153,12.719975,0.171055,5.915971,2.212769
3121,0.662643,0.910702,nan,0.171055,nan,1.748305
3122,0.692455,0.940046,14.273298,0.171028,5.525591,1.787203
3123,0.743830,0.600145,nan,0.171028,nan,1.899718
3124,0.658383,0.563105,13.722715,0.171001,5.861383,1.734218
3125,0.935352,0.748021,nan,0.171001,nan,2.297470
3126,0.792254,0.558023,12.305256,0.170974,9.435855,2.012695
3127,0.680183,0.445703,nan,0.170974,nan,1.785618
3128,0.564717,0.833027,13.255351,0.170946,7.289978,1.531795
3129,0.641163,0.578969,nan,0.170946,nan,1.708349
3130,0.785496,0.435820,11.402508,0.170919,7.919350,2.005202
3131,0.729334,0.726852,nan,0.170919,nan,1.852345
3132,0.518911,0.615179,15.275127,0.170891,7.343869,1.429973
3133,0.688207,0.657171,nan,0.170891,nan,1.775096
3134,0.569796,0.461027,13.224175,0.170864,7.110852,1.529481
3135,0.911012,0.719968,nan,0.170864,nan,2.249639
3136,0.902691,0.615622,14.205935,0.170836,7.381983,2.233910
3137,0.863301,0.885334,nan,0.170836,nan,2.143690
3138,0.619124,0.586715,13.077144,0.170808,8.650244,1.627894
3139,0.474686,0.466918,nan,0.170808,nan,1.331573
3140,0.757756,0.668730,13.794853,0.170781,7.001343,1.932100
3141,0.569943,0.495509,nan,0.170781,nan,1.545491
3142,0.544822,0.464160,12.046705,0.170753,7.994302,1.487993
3143,0.724898,0.603716,nan,0.170753,nan,1.846987
3144,0.993077,0.692012,12.677858,0.170725,5.729011,2.410638
3145,0.851712,0.659562,nan,0.170725,nan,2.132459
3146,0.744002,0.685664,11.823551,0.170698,7.569673,1.910745
3147,0.590513,0.658687,nan,0.170698,nan,1.597201
3148,0.649541,0.616173,14.868036,0.170671,2.778020,1.717329
3149,0.625390,0.535301,nan,0.170671,nan,1.668375
3150,1.095219,0.520876,14.162728,0.170645,8.092171,2.638480
3151,0.619846,0.547058,nan,0.170645,nan,1.652021
3152,0.918115,0.589887,14.809649,0.170618,7.274259,2.252557
3153,0.836912,0.704161,nan,0.170618,nan,2.081877
3154,0.574551,0.537457,13.098975,0.170591,7.040212,1.560019
3155,0.517799,0.577423,nan,0.170591,nan,1.421871
3156,0.504516,0.579210,11.857428,0.170564,7.815049,1.416749
3157,0.518686,0.499394,nan,0.170564,nan,1.432192
3158,0.520702,0.672667,14.148392,0.170537,6.577176,1.454319
3159,0.554381,0.592186,nan,0.170537,nan,1.509133
3160,0.621851,0.737040,14.243294,0.170511,5.912185,1.650845
3161,0.601967,0.510252,nan,0.170511,nan,1.585061
3162,0.542452,0.492158,10.480355,0.170484,7.240516,1.471998
3163,0.737147,0.657202,nan,0.170484,nan,1.887023
3164,0.786887,0.947245,12.071766,0.170458,7.125441,1.996614
3165,0.579961,0.981349,nan,0.170458,nan,1.533537
3166,0.799910,0.578639,12.572803,0.170431,8.253690,2.022944
3167,0.686570,0.544042,nan,0.170431,nan,1.778800
3168,0.712457,0.624920,14.860186,0.170404,5.126683,1.843014
3169,0.609159,0.585167,nan,0.170404,nan,1.634146
3170,0.617846,0.757721,14.937838,0.170378,7.448967,1.636520
3171,0.784641,0.649400,nan,0.170378,nan,1.997404
3172,0.829652,0.626773,11.016697,0.170352,5.745088,2.074361
3173,0.618351,0.774942,nan,0.170352,nan,1.639896
3174,0.738180,0.702602,13.143233,0.170325,7.868275,1.900305
3175,0.477679,0.681521,nan,0.170325,nan,1.362042
3176,0.500003,0.726305,11.742195,0.170299,8.544682,1.420926
3177,0.562777,0.419476,nan,0.170299,nan,1.548565
3178,0.728348,0.628960,15.029469,0.170272,6.220842,1.873676
3179,0.689072,0.665686,nan,0.170272,nan,1.817145
3180,0.415215,0.728978,15.065664,0.170246,7.410758,1.236382
3181,0.706710,0.670038,nan,0.170246,nan,1.833014
3182,0.559775,0.645914,13.354780,0.170219,6.852198,1.546205
3183,0.590696,0.627504,nan,0.170219,nan,1.600039
3184,0.471092,0.541041,14.245234,0.170193,6.217347,1.327337
3185,0.664688,0.560073,nan,0.170193,nan,1.720047
3186,0.624314,0.650660,12.198418,0.170166,7.647114,1.672391
3187,0.713597,0.932868,nan,0.170166,nan,1.879561
3188,0.451670,0.475176,14.220470,0.170140,7.637553,1.305022
3189,0.751442,0.659963,nan,0.170140,nan,1.905163
3190,0.616632,0.431390,13.731398,0.170113,7.358310,1.662907
3191,0.553699,0.861788,nan,0.170113,nan,1.502574
3192,0.638041,0.939608,12.465097,0.170086,8.666968,1.692187
3193,0.676685,0.791439,nan,0.170086,nan,1.775133
3194,0.341575,0.564453,11.500913,0.170060,6.138510,1.066002
3195,1.126652,0.942574,nan,0.170060,nan,2.692194
3196,1.506544,1.289981,11.287136,0.170033,8.308931,3.458961
3197,0.815245,0.766820,nan,0.170033,nan,2.068031
3198,0.684147,0.819321,13.742929,0.170006,8.447077,1.785343
3199,0.393654,0.516984,nan,0.170006,nan,1.176554
3200,0.485755,1.394077,14.610418,0.169979,5.578638,1.376488
3201,0.681331,1.140504,nan,0.169979,nan,1.777354
3202,0.654628,0.852095,16.772692,0.169952,8.110952,1.735605
3203,0.585254,0.575797,nan,0.169952,nan,1.586744
3204,0.666371,0.538611,14.743664,0.169925,8.423347,1.758435
3205,0.895377,0.968173,nan,0.169925,nan,2.234157
3206,0.787922,1.213969,12.308787,0.169898,7.179173,2.001583
3207,0.565718,0.836285,nan,0.169898,nan,1.543471
3208,0.447160,0.575976,11.744051,0.169871,7.711095,1.296283
3209,0.594598,0.690764,nan,0.169871,nan,1.597506
3210,0.610362,0.832663,14.595808,0.169844,7.154871,1.624286
3211,0.357252,0.440894,nan,0.169844,nan,1.096421
3212,0.575602,0.622065,12.920393,0.169817,8.722200,1.547589
3213,0.859788,0.542356,nan,0.169817,nan,2.148443
3214,0.772719,0.507682,13.512358,0.169790,6.882969,1.957969
3215,0.662550,0.639280,nan,0.169790,nan,1.741174
3216,0.481038,0.558419,13.550896,0.169764,5.701128,1.367501
3217,0.491596,0.601730,nan,0.169764,nan,1.388118
3218,0.484114,0.596834,12.537335,0.169737,5.641773,1.354988
3219,0.538235,0.566994,nan,0.169737,nan,1.488539
3220,0.665737,0.487991,13.418025,0.169712,5.946004,1.748171
3221,0.612016,0.575218,nan,0.169712,nan,1.663966
3222,0.424763,0.480762,14.311647,0.169685,8.613432,1.244476
3223,0.440583,0.552583,nan,0.169685,nan,1.263966
3224,0.625897,0.862663,14.726556,0.169659,7.774930,1.698642
3225,0.589691,0.399469,nan,0.169659,nan,1.593803
3226,0.454724,0.571860,12.576702,0.169633,7.323253,1.314757
3227,1.177833,1.166851,nan,0.169633,nan,2.793363
3228,1.365083,1.415378,11.468269,0.169607,4.878593,3.157330
3229,1.905141,1.663303,nan,0.169607,nan,4.273436
3230,1.446507,1.154950,13.237482,0.169581,7.824614,3.353910
3231,0.706121,0.611734,nan,0.169581,nan,1.866831
3232,0.577042,0.774640,14.980154,0.169555,7.906794,1.563324
3233,0.903837,1.247935,nan,0.169555,nan,2.258480
3234,1.009098,1.336238,18.409004,0.169529,7.087320,2.478702
3235,0.521815,0.811366,nan,0.169529,nan,1.461528
3236,0.600582,0.471993,16.429064,0.169502,8.081213,1.648306
3237,0.999656,0.926532,nan,0.169502,nan,2.466344
3238,1.089687,1.026682,12.781401,0.169477,5.176197,2.602779
3239,1.281624,1.022492,nan,0.169477,nan,3.044915
3240,0.780445,1.060856,12.673256,0.169451,8.130798,1.992814
3241,0.662371,0.595844,nan,0.169451,nan,1.728218
3242,0.584201,0.516892,15.760502,0.169425,5.364152,1.598388
3243,0.553190,0.619236,nan,0.169425,nan,1.509040
3244,0.842915,0.506832,10.858839,0.169399,10.299612,2.137815
3245,0.877255,0.731517,nan,0.169399,nan,2.186089
3246,0.948708,0.618539,12.212507,0.169373,6.983962,2.352075
3247,0.715983,0.689659,nan,0.169373,nan,1.856320
3248,0.429999,0.491427,14.924969,0.169346,7.752900,1.275597
3249,0.629458,0.567411,nan,0.169346,nan,1.678668
3250,0.597621,0.823492,10.582566,0.169320,7.850947,1.618268
3251,0.520232,0.514908,nan,0.169320,nan,1.451669
3252,0.423018,0.517450,13.671461,0.169294,7.041629,1.244447
3253,0.428584,0.566115,nan,0.169294,nan,1.251601
3254,1.130848,0.754922,12.658539,0.169268,7.967162,2.724744
3255,0.662823,0.415703,nan,0.169268,nan,1.724580
3256,0.522960,0.494237,13.232495,0.169241,9.014263,1.465123
3257,0.621348,0.555732,nan,0.169241,nan,1.664958
3258,0.501410,0.562341,12.810095,0.169214,6.700608,1.432885
3259,0.677368,0.630547,nan,0.169214,nan,1.741041
3260,0.801865,0.816384,12.976891,0.169188,8.233518,2.053360
3261,0.636795,0.554277,nan,0.169188,nan,1.696489
3262,0.557395,0.612792,12.592766,0.169161,7.878217,1.524695
3263,0.682928,0.487998,nan,0.169161,nan,1.809952
3264,0.540395,0.504428,13.914692,0.169135,6.613559,1.488530
3265,0.579075,0.339146,nan,0.169135,nan,1.555460
3266,0.689496,0.575834,13.357950,0.169109,6.379308,1.801541
3267,0.708141,0.529209,nan,0.169109,nan,1.845209
3268,0.845753,0.648646,12.982227,0.169082,9.265303,2.095792
3269,0.576597,0.619234,nan,0.169082,nan,1.571568
3270,0.666756,0.500005,15.117459,0.169056,8.799207,1.752965
3271,1.027610,0.795857,nan,0.169056,nan,2.487633
3272,0.835289,0.686571,14.455700,0.169029,7.678319,2.100514
3273,0.625867,0.569983,nan,0.169029,nan,1.678961
3274,0.502287,0.474858,13.522057,0.169002,9.305391,1.417546
3275,0.589009,0.638389,nan,0.169002,nan,1.585687
3276,0.560005,0.550578,11.403003,0.168975,8.147705,1.542607
3277,0.575022,0.502112,nan,0.168975,nan,1.584692
3278,0.556281,0.640511,13.000629,0.168948,9.174257,1.516707
3279,0.662316,0.784165,nan,0.168948,nan,1.748709
3280,0.560492,0.588986,13.068927,0.168921,5.710313,1.547736
3281,0.314521,0.441735,nan,0.168921,nan,1.019604
3282,0.567488,0.662917,15.286155,0.168894,8.169662,1.577209
3283,0.635978,0.542858,nan,0.168894,nan,1.706173
3284,0.715655,0.467597,12.501580,0.168867,8.764023,1.849774
3285,0.567098,0.652596,nan,0.168867,nan,1.534548
3286,0.830203,0.807426,12.315384,0.168840,8.353627,2.116469
3287,0.608636,0.527665,nan,0.168840,nan,1.641531
3288,0.926113,0.650762,13.229086,0.168813,8.251865,2.311828
3289,0.545505,0.565957,nan,0.168813,nan,1.509359
3290,0.691732,0.818055,15.651259,0.168786,8.548102,1.818027
3291,0.626653,0.599569,nan,0.168786,nan,1.672421
3292,0.622028,0.953626,15.651154,0.168759,7.526411,1.674744
3293,0.658402,0.612332,nan,0.168759,nan,1.758732
3294,0.786244,0.737457,13.547970,0.168731,9.369631,2.028120
3295,0.611125,0.558008,nan,0.168731,nan,1.636451
3296,0.743648,0.558286,11.351814,0.168704,7.808170,1.937804
3297,0.610709,0.838311,nan,0.168704,nan,1.676005
3298,0.540735,0.501996,14.721387,0.168678,4.579075,1.488968
3299,0.738086,0.616102,nan,0.168678,nan,1.940466
3300,0.407610,0.403603,13.815451,0.168652,6.911644,1.224470
3301,0.681931,0.804609,nan,0.168652,nan,1.794349
3302,0.805070,0.785286,16.305872,0.168625,8.966560,2.041152
3303,0.519716,0.693955,nan,0.168625,nan,1.448896
3304,0.734023,0.517081,15.131496,0.168599,6.641334,1.921061
3305,0.565091,0.487098,nan,0.168599,nan,1.581632
3306,0.594556,0.403451,15.480883,0.168573,7.468747,1.628245
3307,0.529375,0.555758,nan,0.168573,nan,1.491254
3308,0.721657,0.718048,12.884687,0.168547,9.647861,1.877019
3309,0.775502,0.472310,nan,0.168547,nan,1.978779
3310,0.616421,0.383385,15.677602,0.168520,7.337036,1.677323
3311,0.644675,0.543527,nan,0.168520,nan,1.725127
3312,0.383620,0.347523,15.552404,0.168494,8.201194,1.160491
3313,0.860366,0.639916,nan,0.168494,nan,2.161954
3314,0.958167,0.730660,15.184302,0.168467,8.528288,2.351593
3315,0.687715,0.545705,nan,0.168467,nan,1.830127
3316,0.749503,0.631230,16.593552,0.168441,7.351347,1.959540
3317,0.536365,0.762399,nan,0.168441,nan,1.502087
3318,0.569714,0.738310,15.659277,0.168414,8.634416,1.583282
3319,0.653564,0.750559,nan,0.168414,nan,1.759088
3320,0.816667,1.482775,16.081581,0.168388,7.808751,2.074023
3321,0.816513,0.944892,nan,0.168388,nan,2.091277
3322,0.635033,0.645564,16.110935,0.168361,7.489204,1.694847
3323,0.589081,0.575510,nan,0.168361,nan,1.609691
3324,0.924683,0.610684,17.462029,0.168335,7.004008,2.304162
3325,0.781826,1.116964,nan,0.168335,nan,2.001977
3326,0.500908,0.617256,11.878813,0.168309,7.615281,1.413882
3327,0.896070,0.837726,nan,0.168309,nan,2.239140
3328,1.321332,1.342729,13.214892,0.168283,7.142038,3.129851
3329,1.181052,0.886835,nan,0.168283,nan,2.828572
3330,1.582725,1.086754,14.625229,0.168257,8.057344,3.668934
3331,0.882343,1.198889,nan,0.168257,nan,2.220784
3332,0.719937,0.942925,17.665630,0.168232,6.959805,1.877299
3333,0.643428,0.650973,nan,0.168232,nan,1.751965
3334,0.643690,0.844762,18.106655,0.168206,7.687012,1.749946
3335,1.153381,1.297547,nan,0.168206,nan,2.793254
3336,1.320635,1.775450,19.178789,0.168180,8.889303,3.141337
3337,0.919975,1.049822,nan,0.168180,nan,2.304845
3338,0.659799,1.019044,12.995473,0.168154,8.095754,1.783842
3339,0.418393,0.568711,nan,0.168154,nan,1.264983
3340,0.610116,0.498569,18.463699,0.168128,9.632358,1.656483
3341,0.826723,0.970562,nan,0.168128,nan,2.126587
3342,0.934508,0.575850,16.373394,0.168101,8.074669,2.334480
3343,0.689376,0.450659,nan,0.168101,nan,1.812382
3344,0.732705,0.610871,19.105614,0.168075,8.536713,1.936505
3345,1.084817,0.788367,nan,0.168075,nan,2.637358
3346,0.856251,0.628468,17.778856,0.168048,8.266249,2.171640
3347,0.969033,0.882230,nan,0.168048,nan,2.436696
3348,0.932432,0.919542,15.082256,0.168022,5.709319,2.296736
3349,1.434551,1.187914,nan,0.168022,nan,3.369286
3350,0.914094,0.969127,15.408164,0.167997,6.826145,2.313605
3351,0.779422,0.828493,nan,0.167997,nan,2.003759
3352,0.539406,0.523320,15.047659,0.167971,8.389538,1.532806
3353,0.938418,0.969732,nan,0.167971,nan,2.339781
3354,0.503800,0.537472,15.261321,0.167945,10.222322,1.415604
3355,0.651685,0.698268,nan,0.167945,nan,1.774922
3356,0.757454,0.790143,15.218470,0.167919,6.594847,1.972904
3357,1.332585,1.136962,nan,0.167919,nan,3.136482
3358,0.871947,0.952836,14.645830,0.167893,7.114667,2.196417
3359,0.626557,0.667169,nan,0.167893,nan,1.697633
3360,0.663750,0.663025,17.205837,0.167867,6.692320,1.765767
3361,0.605587,0.515730,nan,0.167867,nan,1.669205
3362,0.813840,0.980549,18.043501,0.167842,7.407256,2.081933
3363,0.651638,0.912146,nan,0.167842,nan,1.729626
3364,0.690755,0.816407,15.530404,0.167816,8.821356,1.824591
3365,0.819319,0.542322,nan,0.167816,nan,2.099306
3366,0.880270,0.542453,17.909267,0.167791,7.116270,2.205839
3367,0.689557,0.607394,nan,0.167791,nan,1.832711
3368,0.503291,0.668578,16.163845,0.167766,6.444924,1.422076
3369,0.855912,0.873631,nan,0.167766,nan,2.157198
3370,0.546974,0.606796,17.517254,0.167741,7.660920,1.522954
3371,0.483942,0.919043,nan,0.167741,nan,1.382354
3372,0.453209,0.662337,18.062454,0.167716,7.156158,1.328373
3373,0.566869,0.511590,nan,0.167716,nan,1.556039
3374,0.551049,0.655153,17.143986,0.167691,7.411451,1.531825
3375,0.484748,0.505551,nan,0.167691,nan,1.404042
3376,0.572683,0.461840,18.046692,0.167666,6.555518,1.580281
3377,0.548816,0.620956,nan,0.167666,nan,1.542094
3378,0.728661,0.551206,19.095852,0.167641,7.890434,1.936833
3379,0.608580,0.582318,nan,0.167641,nan,1.662611
3380,0.512103,0.503642,18.113705,0.167616,9.305886,1.459926
3381,0.371498,0.342266,nan,0.167616,nan,1.170068
3382,0.787847,0.817316,17.472212,0.167590,8.342543,2.051613
3383,0.787282,0.695844,nan,0.167590,nan,2.036694
3384,0.705713,0.541686,15.423787,0.167565,9.012632,1.885792
3385,0.669650,0.996126,nan,0.167565,nan,1.806129
3386,0.771809,1.264806,15.189118,0.167540,6.387560,1.991396
3387,0.575533,0.752032,nan,0.167540,nan,1.612894
3388,0.596460,0.654904,20.619104,0.167514,9.221155,1.672342
3389,0.864874,0.614074,nan,0.167514,nan,2.222505
3390,1.043640,0.817066,18.191628,0.167489,9.389261,2.517385
3391,0.578260,0.973098,nan,0.167489,nan,1.574560
3392,0.659074,0.663799,19.681923,0.167463,7.640111,1.751626
3393,0.620572,1.186109,nan,0.167463,nan,1.676142
3394,0.572733,0.603887,16.245167,0.167437,8.619705,1.593447
3395,0.646638,0.685793,nan,0.167437,nan,1.742064
3396,0.701220,0.897725,19.599190,0.167412,7.006392,1.840782
3397,0.574585,0.654786,nan,0.167412,nan,1.607684
3398,0.539265,0.517605,20.483299,0.167386,7.819441,1.520018
3399,0.627320,0.546225,nan,0.167386,nan,1.688157
3400,0.829134,0.657451,15.084609,0.167360,10.010101,2.114598
3401,0.572572,0.398171,nan,0.167360,nan,1.579853
3402,0.638711,0.682380,17.826576,0.167334,8.622128,1.730558
3403,0.900347,0.893774,nan,0.167334,nan,2.263062
3404,0.707697,0.628051,14.551581,0.167308,8.260400,1.845114
3405,1.070368,1.191236,nan,0.167308,nan,2.603820
3406,0.766161,0.940557,18.035643,0.167282,8.711276,1.983577
3407,1.200061,1.280901,nan,0.167282,nan,2.854194
3408,0.673632,0.635406,14.402605,0.167256,7.764091,1.779254
3409,0.776665,0.761566,nan,0.167256,nan,2.013284
3410,0.944171,0.716359,17.554611,0.167231,6.039271,2.341914
3411,0.742072,0.849525,nan,0.167231,nan,1.949997
3412,0.960066,0.536564,17.639101,0.167206,6.191840,2.394743
3413,0.751970,0.694687,nan,0.167206,nan,1.938221
3414,0.706839,0.672447,15.465061,0.167181,7.465609,1.849727
3415,0.836104,0.766723,nan,0.167181,nan,2.156708
3416,0.608187,0.606491,16.883152,0.167156,8.447332,1.677495
3417,0.739953,0.774854,nan,0.167156,nan,1.947805
3418,0.765076,0.846395,16.602169,0.167131,8.520906,1.997115
3419,1.141849,0.918270,nan,0.167131,nan,2.745214
3420,1.338890,1.054218,18.814514,0.167106,8.299161,3.155030
3421,0.777743,0.734070,nan,0.167106,nan,1.993985
3422,0.984833,0.889860,15.178020,0.167080,8.309036,2.461101
3423,0.614977,0.881585,nan,0.167080,nan,1.686025
3424,1.205946,0.584496,19.171110,0.167055,9.074497,2.873394
3425,0.465706,0.474757,nan,0.167055,nan,1.368210
3426,0.635167,0.933882,15.311056,0.167030,6.635454,1.712187
3427,0.905194,0.507135,nan,0.167030,nan,2.290498
3428,0.833320,1.260112,17.852312,0.167005,7.232096,2.095342
3429,0.844389,0.864807,nan,0.167005,nan,2.149151
3430,0.955717,0.512366,18.909477,0.166980,8.356358,2.346886
3431,0.725717,0.964942,nan,0.166980,nan,1.911132
3432,1.052417,0.742617,22.543751,0.166954,9.038673,2.558783
3433,1.008633,0.805896,nan,0.166954,nan,2.474103
3434,0.604679,0.691625,13.420966,0.166929,10.093473,1.661354
3435,0.988842,0.722796,nan,0.166929,nan,2.454084
3436,0.555951,0.707837,15.916422,0.166903,9.320655,1.535157
3437,0.737827,0.885282,nan,0.166903,nan,1.940619
3438,0.495303,0.709325,18.154228,0.166877,6.190886,1.405782
3439,0.426338,0.492350,nan,0.166877,nan,1.281258
3440,0.421900,0.593327,17.929340,0.166852,6.391106,1.286779
3441,0.401643,0.585906,nan,0.166852,nan,1.218212
3442,0.864023,0.567356,15.412823,0.166827,9.731898,2.182669
3443,1.060998,1.162623,nan,0.166827,nan,2.616197
3444,0.868997,1.188877,15.890561,0.166801,10.553991,2.216134
3445,0.630798,0.971257,nan,0.166801,nan,1.722625
3446,0.700598,0.716850,17.178003,0.166776,6.351919,1.851269
3447,0.779701,0.697427,nan,0.166776,nan,2.014107
3448,1.095441,0.772039,16.546703,0.166750,8.447319,2.657419
3449,0.607486,0.562094,nan,0.166750,nan,1.656801
3450,0.636913,0.505961,16.735081,0.166725,6.660182,1.730588
3451,0.374928,0.357842,nan,0.166725,nan,1.191311
3452,0.570306,0.716846,18.485706,0.166700,8.265817,1.596762
3453,0.608833,0.629573,nan,0.166700,nan,1.696426
3454,0.755146,0.997493,15.179724,0.166675,8.573603,1.975504
3455,0.917230,0.613302,nan,0.166675,nan,2.274211
3456,0.754622,0.519932,16.290596,0.166650,8.108403,1.961197
3457,0.427587,0.668988,nan,0.166650,nan,1.292924
3458,0.548522,0.672031,18.032158,0.166625,7.963334,1.520089
3459,0.508395,0.504739,nan,0.166625,nan,1.439423
3460,0.486078,0.508821,16.932384,0.166600,7.850795,1.364078
3461,0.864201,1.142880,nan,0.166600,nan,2.183906
3462,1.074031,1.069188,16.859219,0.166575,8.148899,2.625641
3463,0.935931,0.588570,nan,0.166575,nan,2.344662
3464,0.824975,0.533863,19.234962,0.166550,8.795695,2.093380
3465,0.426335,0.438657,nan,0.166550,nan,1.272409
3466,0.477409,0.376939,18.391529,0.166525,8.606217,1.372131
3467,0.648679,0.596893,nan,0.166525,nan,1.751388
3468,0.873257,0.625169,19.009216,0.166499,8.071754,2.207947
3469,0.802428,0.590376,nan,0.166499,nan,2.055611
3470,0.720116,0.623749,17.103374,0.166474,8.510228,1.912268
3471,0.972322,0.953562,nan,0.166474,nan,2.423445
3472,1.039380,1.087126,15.110670,0.166449,7.237350,2.552327
3473,1.034881,0.772546,nan,0.166449,nan,2.515944
3474,0.627126,0.596733,16.803503,0.166424,9.176847,1.694877
3475,0.672305,0.692466,nan,0.166424,nan,1.785512
3476,0.603172,0.614821,17.162518,0.166399,7.393565,1.640166
3477,0.536981,0.640445,nan,0.166399,nan,1.527046
3478,0.540802,0.513415,17.715487,0.166374,9.821487,1.502893
3479,0.714284,0.750029,nan,0.166374,nan,1.885001
3480,0.390617,0.580090,17.348562,0.166349,6.877235,1.212127
3481,0.918123,0.601751,nan,0.166349,nan,2.300153
3482,0.638349,0.569641,15.785918,0.166324,9.171975,1.706562
3483,0.554842,0.672133,nan,0.166324,nan,1.551241
3484,0.659327,0.636124,15.209172,0.166299,8.931292,1.776454
3485,0.534378,0.773913,nan,0.166299,nan,1.494747
3486,0.706932,0.551096,18.768696,0.166274,5.883621,1.889734
3487,0.556824,0.540335,nan,0.166274,nan,1.539387
3488,0.580996,0.568206,15.823021,0.166249,9.062536,1.607240
3489,0.769217,1.175209,nan,0.166249,nan,1.981567
3490,0.761213,0.959047,19.996223,0.166224,6.860357,1.963434
3491,1.178022,0.909003,nan,0.166224,nan,2.821792
3492,1.374587,1.037487,21.610622,0.166199,9.565639,3.230289
3493,0.806962,0.962883,nan,0.166199,nan,2.080533
3494,0.704219,0.683314,19.326948,0.166175,7.150454,1.872800
3495,0.596204,0.677307,nan,0.166175,nan,1.623357
3496,0.717619,0.945361,19.700840,0.166150,7.058438,1.868142
3497,0.717423,0.596773,nan,0.166150,nan,1.875439
3498,0.599148,0.887769,16.245071,0.166126,7.008948,1.647761
3499,0.895314,0.594729,nan,0.166126,nan,2.269740
3500,0.629183,0.838767,18.381002,0.166102,8.912462,1.700264
3501,0.842744,0.835723,nan,0.166102,nan,2.139614
3502,0.697849,0.478493,19.219608,0.166077,8.450409,1.828443
3503,0.913186,0.738611,nan,0.166077,nan,2.305637
3504,1.314411,0.648036,16.747417,0.166053,7.259179,3.103417
3505,0.740898,1.036230,nan,0.166053,nan,1.946581
3506,0.784194,0.979043,17.960819,0.166029,8.507883,1.995308
3507,0.520134,0.820502,nan,0.166029,nan,1.459842
3508,0.816570,0.816933,17.955107,0.166004,8.106429,2.100733
3509,0.822630,0.826779,nan,0.166004,nan,2.114918
3510,1.011966,0.521695,16.795170,0.165980,8.523169,2.511798
3511,0.828622,0.856070,nan,0.165980,nan,2.092317
3512,0.682844,0.718452,19.873924,0.165955,7.815585,1.803734
3513,0.921003,0.787665,nan,0.165955,nan,2.328186
3514,0.523176,0.676748,19.054287,0.165931,6.701225,1.468986
3515,0.709837,0.803073,nan,0.165931,nan,1.893689
3516,0.652951,0.795496,19.182688,0.165907,7.154933,1.750399
3517,0.952092,0.810030,nan,0.165907,nan,2.360285
3518,0.741855,0.807863,15.096941,0.165883,8.705643,1.907795
3519,0.879857,0.620690,nan,0.165883,nan,2.219226
3520,0.744524,0.568832,17.767502,0.165859,8.987280,1.949724
3521,0.575672,0.702625,nan,0.165859,nan,1.610011
3522,0.828385,0.755162,17.595732,0.165834,9.868145,2.120008
3523,0.586554,0.775118,nan,0.165834,nan,1.618959
3524,0.675177,0.568457,18.520725,0.165810,8.121681,1.808984
3525,0.772125,0.635130,nan,0.165810,nan,2.020925
3526,0.948783,0.598243,18.788010,0.165785,9.886328,2.360510
3527,1.080014,0.925801,nan,0.165785,nan,2.596348
3528,0.949660,0.823560,19.680296,0.165760,7.686322,2.351801
3529,0.650590,0.854563,nan,0.165760,nan,1.738716
3530,0.910121,0.835625,18.866009,0.165735,9.202187,2.271916
3531,0.904609,1.006695,nan,0.165735,nan,2.251335
3532,0.607229,0.928512,18.128685,0.165710,10.419950,1.638503
3533,1.053815,1.444070,nan,0.165710,nan,2.578279
3534,0.765076,1.451780,18.969448,0.165685,7.856442,1.934273
3535,1.176960,0.649135,nan,0.165685,nan,2.839154
3536,1.370741,0.679326,17.423370,0.165660,7.309420,3.226176
3537,0.763745,0.763887,nan,0.165660,nan,1.957340
3538,0.914168,0.784264,17.706196,0.165635,8.993021,2.287137
3539,0.714165,0.907493,nan,0.165635,nan,1.866065
3540,0.827499,0.902108,18.501654,0.165611,6.378716,2.109208
3541,0.644258,1.161913,nan,0.165611,nan,1.717019
3542,0.858685,1.050320,14.964169,0.165586,8.589111,2.150900
3543,1.210040,0.930248,nan,0.165586,nan,2.872013
3544,1.164093,1.145633,16.874432,0.165562,8.517429,2.795804
3545,0.547264,0.874368,nan,0.165562,nan,1.517076
3546,1.060424,1.011214,18.719330,0.165537,9.331942,2.586346
3547,0.757478,0.852506,nan,0.165537,nan,1.957201
3548,0.646188,0.662986,20.114082,0.165513,7.529406,1.737643
3549,0.569731,1.101141,nan,0.165513,nan,1.554837
3550,0.711799,1.075379,17.006033,0.165488,8.405897,1.850538
3551,0.916776,0.646423,nan,0.165488,nan,2.290130
3552,0.830418,0.645601,17.608746,0.165464,9.034191,2.134143
3553,0.782170,0.559685,nan,0.165464,nan,1.968036
3554,0.603068,0.749113,20.370975,0.165439,8.284126,1.657083
3555,0.753422,0.809939,nan,0.165439,nan,1.943089
3556,0.587418,0.815520,18.704826,0.165414,9.584932,1.578497
3557,0.496775,1.231460,nan,0.165414,nan,1.400268
3558,0.681319,1.278166,15.440002,0.165390,7.631073,1.785070
3559,1.413815,0.735809,nan,0.165390,nan,3.318700
3560,1.383164,0.829412,20.173258,0.165365,9.533306,3.266527
3561,0.643340,0.685969,nan,0.165365,nan,1.683615
3562,0.820722,0.525072,18.702358,0.165340,7.309171,2.070427
3563,0.808953,0.695249,nan,0.165340,nan,2.082981
3564,0.581152,0.813612,19.124229,0.165316,8.778942,1.606763
3565,0.665482,0.813636,nan,0.165316,nan,1.756350
3566,0.778792,0.777309,17.254585,0.165291,9.922260,1.995526
3567,0.477430,0.606934,nan,0.165291,nan,1.404456
3568,0.641325,0.603011,16.376530,0.165266,10.175739,1.730119
3569,0.736047,0.558470,nan,0.165266,nan,1.931804
3570,0.718868,0.645021,15.178442,0.165241,8.736014,1.887492
3571,0.689115,0.621372,nan,0.165241,nan,1.823897
3572,1.051212,0.500650,16.564495,0.165215,11.931080,2.586812
3573,1.088065,0.796507,nan,0.165215,nan,2.628894
3574,0.691257,0.751461,17.788761,0.165190,8.310339,1.819090
3575,0.606090,0.464118,nan,0.165190,nan,1.642121
3576,0.587398,0.654678,19.449745,0.165164,9.232244,1.591449
3577,0.539932,0.929465,nan,0.165164,nan,1.495012
3578,0.721870,0.731379,17.305698,0.165139,6.480072,1.885069
3579,0.682977,0.742390,nan,0.165139,nan,1.791996
3580,0.697874,0.553245,19.109402,0.165115,7.589795,1.848672
3581,0.601282,0.831006,nan,0.165115,nan,1.609724
3582,0.947626,0.618346,21.645782,0.165090,9.626432,2.365119
3583,0.738396,0.930907,nan,0.165090,nan,1.923995
3584,0.695565,0.427839,23.040770,0.165064,10.439454,1.829211
3585,0.744449,0.752922,nan,0.165064,nan,1.940377
3586,0.859912,0.696865,17.527931,0.165039,10.234665,2.170464
3587,0.696190,0.731886,nan,0.165039,nan,1.838956
3588,0.605045,0.624075,19.515465,0.165014,9.118423,1.641001
3589,0.536750,0.762998,nan,0.165014,nan,1.477767
3590,1.137024,0.540522,19.986546,0.164988,8.544279,2.751936
3591,0.650244,0.737587,nan,0.164988,nan,1.725860
3592,0.719328,0.873733,16.804985,0.164963,10.234558,1.899853
3593,0.799313,0.726097,nan,0.164963,nan,2.049989
3594,0.879267,1.842578,18.778820,0.164937,9.291891,2.221779
3595,0.655730,1.844356,nan,0.164937,nan,1.764906
3596,0.468995,0.534654,23.108231,0.164912,6.571738,1.344883
3597,0.677446,1.532081,nan,0.164912,nan,1.795825
3598,0.783718,1.763910,20.524620,0.164887,9.978691,1.993090
3599,1.027550,0.383457,nan,0.164887,nan,2.532015
3600,0.812211,0.999205,17.335548,0.164862,9.508725,2.052359
3601,0.845932,0.923526,nan,0.164862,nan,2.133800
3602,1.159518,0.783192,20.358662,0.164837,10.007299,2.769478
3603,0.594768,0.394225,nan,0.164837,nan,1.602910
3604,0.555346,0.366675,22.244242,0.164812,8.090401,1.516006
3605,0.691109,0.521808,nan,0.164812,nan,1.819532
3606,0.884712,0.665808,19.434006,0.164786,8.544469,2.208192
3607,0.481595,0.437333,nan,0.164786,nan,1.397172
3608,0.531366,0.720636,18.677624,0.164762,8.121120,1.478082
3609,1.115346,0.667524,nan,0.164762,nan,2.690079
3610,1.258834,0.406440,20.895437,0.164737,9.856934,2.976009
3611,0.937343,1.001137,nan,0.164737,nan,2.361677
3612,0.978509,1.134988,16.756880,0.164712,8.636023,2.410669
3613,1.026981,0.714175,nan,0.164712,nan,2.522125
3614,1.195375,1.003764,19.684511,0.164687,9.169477,2.837493
3615,1.194837,0.759297,nan,0.164687,nan,2.849698
3616,0.939762,1.139020,22.516171,0.164662,7.890594,2.310271
3617,0.660729,0.672820,nan,0.164662,nan,1.763777
3618,0.647062,1.187243,21.293224,0.164637,10.036244,1.713005
3619,0.661335,0.781860,nan,0.164637,nan,1.779207
3620,0.852538,1.114293,16.494265,0.164612,9.476796,2.138810
3621,0.828320,0.755647,nan,0.164612,nan,2.106999
3622,1.018346,0.962052,19.922432,0.164587,9.680426,2.487349
3623,0.718318,1.098623,nan,0.164587,nan,1.907435
3624,0.850507,0.736790,19.484871,0.164562,8.491378,2.142820
3625,0.614934,0.838203,nan,0.164562,nan,1.649722
3626,0.758737,0.688306,18.233055,0.164537,8.174462,1.979882
3627,0.628532,1.043407,nan,0.164537,nan,1.715024
3628,0.749649,0.748262,20.201664,0.164513,8.252170,1.939721
3629,0.775362,0.860212,nan,0.164513,nan,2.009985
3630,0.618761,0.554225,17.079332,0.164488,7.808934,1.653023
3631,0.714036,0.661458,nan,0.164488,nan,1.877048
3632,0.639332,0.658118,22.276211,0.164464,8.768671,1.726972
3633,0.671651,0.626035,nan,0.164464,nan,1.777285
3634,0.583836,0.410466,23.757851,0.164440,5.797027,1.593095
3635,0.748474,0.741802,nan,0.164440,nan,1.927469
3636,0.383097,0.511283,20.252144,0.164416,10.628401,1.131409
3637,0.872215,0.963432,nan,0.164416,nan,2.204751
3638,1.000283,0.501619,18.072491,0.164392,9.088879,2.440125
3639,0.774326,1.127893,nan,0.164392,nan,2.030371
3640,0.690444,0.690353,20.885483,0.164368,8.793238,1.821534
3641,0.663041,0.486872,nan,0.164368,nan,1.810659
3642,1.075137,0.906084,16.928078,0.164343,10.820362,2.601477
3643,0.715528,0.755015,nan,0.164343,nan,1.888163
3644,0.725035,0.687594,19.252161,0.164318,9.176867,1.888921
3645,0.462344,0.632308,nan,0.164318,nan,1.319349
3646,0.892659,0.571388,23.263794,0.164294,8.801307,2.251194
3647,0.522218,0.498671,nan,0.164294,nan,1.480240
3648,0.694109,0.579364,21.203329,0.164269,9.230370,1.803675
3649,1.058253,1.128306,nan,0.164269,nan,2.577522
3650,0.853323,1.200622,23.109716,0.164245,6.780911,2.157501
3651,1.126663,0.987351,nan,0.164245,nan,2.711955
3652,0.959346,0.775064,18.809330,0.164220,11.375494,2.372622
3653,0.925696,0.641079,nan,0.164220,nan,2.322849
3654,0.748670,0.920626,21.491249,0.164196,9.995417,1.943231
3655,1.077045,0.899977,nan,0.164196,nan,2.601832
3656,1.118416,0.746626,19.898087,0.164171,11.268101,2.713873
3657,0.608295,0.668638,nan,0.164171,nan,1.655173
3658,0.910122,1.137193,21.318790,0.164146,8.127956,2.255516
3659,0.849717,0.991419,nan,0.164146,nan,2.121491
3660,1.016956,0.993128,20.843529,0.164121,8.822994,2.489705
3661,0.547324,0.745650,nan,0.164121,nan,1.517848
3662,0.552258,0.460232,23.067963,0.164096,9.662716,1.524900
3663,0.846719,1.213319,nan,0.164096,nan,2.137975
3664,0.748660,0.839120,19.831821,0.164071,10.404194,1.937213
3665,0.633326,0.826946,nan,0.164071,nan,1.723680
3666,0.806941,0.729533,21.153656,0.164046,9.499025,2.021549
3667,0.611753,0.698360,nan,0.164046,nan,1.620857
3668,0.652941,1.169448,20.914219,0.164021,8.635105,1.763595
3669,0.571598,0.434806,nan,0.164021,nan,1.574679
3670,0.798165,1.010982,21.815502,0.163996,8.733366,2.020694
3671,0.810244,0.980017,nan,0.163996,nan,2.073096
3672,0.839621,0.845921,18.652531,0.163972,8.336087,2.126371
3673,0.804303,1.008730,nan,0.163972,nan,2.003003
3674,0.597622,0.556323,21.359726,0.163947,9.553948,1.623982
3675,0.691668,1.682562,nan,0.163947,nan,1.834183
3676,0.814722,1.290512,20.723003,0.163923,7.687048,2.088503
3677,1.099672,0.927758,nan,0.163923,nan,2.685796
3678,0.736970,0.778982,20.266605,0.163898,10.242804,1.912916
3679,0.633407,0.865007,nan,0.163898,nan,1.679218
3680,0.522120,0.622703,22.870182,0.163874,9.227305,1.469816
3681,0.529055,1.594728,nan,0.163874,nan,1.439359
3682,0.451245,1.186435,25.089199,0.163849,8.797467,1.314385
3683,0.680234,1.047858,nan,0.163849,nan,1.779006
3684,0.758113,0.695628,19.168791,0.163825,8.758189,1.975705
3685,1.186747,0.590926,nan,0.163825,nan,2.849579
3686,0.683531,0.542035,22.956091,0.163801,8.492579,1.802721
3687,0.903699,0.591341,nan,0.163801,nan,2.224476
3688,0.921305,0.500789,21.209084,0.163777,8.774250,2.314307
3689,1.285152,0.947155,nan,0.163777,nan,3.009500
3690,1.421207,1.162667,19.344006,0.163752,9.353305,3.308717
3691,0.829083,0.674316,nan,0.163752,nan,2.098363
3692,0.989713,0.553226,22.738268,0.163728,9.315689,2.431142
3693,1.115630,0.729729,nan,0.163728,nan,2.705644
3694,1.433099,0.504954,20.644508,0.163704,8.745159,3.337237
3695,0.974181,0.767566,nan,0.163704,nan,2.414451
3696,0.997349,0.759615,18.089628,0.163679,12.114300,2.452919
3697,1.462125,1.245646,nan,0.163679,nan,3.389578
3698,1.486569,1.531147,18.879910,0.163655,9.122426,3.440987
3699,1.488566,1.361325,nan,0.163655,nan,3.452048
3700,1.505316,0.968681,22.589537,0.163630,10.205219,3.475167
3701,1.027466,1.077698,nan,0.163630,nan,2.496225
3702,1.208330,0.825661,22.931936,0.163605,9.145743,2.867133
3703,1.291724,1.010576,nan,0.163605,nan,3.044645
3704,0.552494,0.615017,22.432297,0.163581,8.612408,1.498084
3705,1.160353,0.906271,nan,0.163581,nan,2.776761
3706,1.258774,0.840952,21.867764,0.163556,9.626814,2.991661
3707,1.478386,0.948466,nan,0.163556,nan,3.453841
3708,1.048531,0.651057,20.937824,0.163531,13.468523,2.549664
3709,1.198891,1.122687,nan,0.163531,nan,2.838651
3710,1.308080,0.815732,23.328228,0.163505,12.232211,3.089321
3711,1.398503,1.086437,nan,0.163505,nan,3.259174
3712,0.885771,0.825388,19.991638,0.163480,9.509371,2.197292
3713,0.960610,1.114429,nan,0.163480,nan,2.393862
3714,1.328720,0.814151,20.271011,0.163454,9.661933,3.137881
3715,0.980204,0.982244,nan,0.163454,nan,2.386494
3716,0.748329,0.827125,20.896917,0.163429,11.624944,1.939312
3717,0.859213,0.731861,nan,0.163429,nan,2.148059
3718,0.858837,0.744578,21.936209,0.163403,8.707922,2.165143
3719,0.848377,0.690953,nan,0.163403,nan,2.150950
3720,0.635621,1.028790,22.893147,0.163378,9.708536,1.677722
3721,0.829223,0.806194,nan,0.163378,nan,2.127693
3722,0.684959,0.631227,22.275566,0.163352,10.655962,1.799658
3723,0.999357,1.110114,nan,0.163352,nan,2.433040
3724,0.680093,0.686501,22.117876,0.163327,11.241270,1.790173
3725,0.797704,0.851141,nan,0.163327,nan,2.036946
3726,0.722354,0.928685,20.967136,0.163301,10.316284,1.885670
3727,0.536790,0.612145,nan,0.163301,nan,1.467374
3728,0.758631,0.785817,20.101795,0.163276,8.691154,1.949092
3729,0.665223,0.643093,nan,0.163276,nan,1.774911
3730,1.027286,0.801535,21.548958,0.163250,10.106312,2.499573
3731,0.902159,0.838510,nan,0.163250,nan,2.262352
3732,0.800400,0.423505,23.877022,0.163225,8.649999,2.044451
3733,0.816769,0.560959,nan,0.163225,nan,2.081665
3734,0.728845,0.935111,23.641201,0.163200,7.875424,1.887521
3735,0.619609,0.821432,nan,0.163200,nan,1.662061
3736,1.003899,0.775370,19.011776,0.163175,9.908991,2.460207
3737,0.844893,1.073369,nan,0.163175,nan,2.122273
3738,0.873122,0.782364,23.423422,0.163151,9.669300,2.194075
3739,0.788956,0.513398,nan,0.163151,nan,2.014261
3740,0.749539,0.523100,20.605701,0.163126,11.483059,1.949773
3741,0.582546,0.694545,nan,0.163126,nan,1.564632
3742,1.139000,0.590114,24.623566,0.163100,11.792115,2.752878
3743,1.168262,0.939748,nan,0.163100,nan,2.798545
3744,1.353346,1.346706,24.349773,0.163075,7.917312,3.159965
3745,0.828743,0.558671,nan,0.163075,nan,2.100067
3746,1.135407,0.835824,23.723398,0.163051,8.670160,2.704001
3747,0.563011,0.545967,nan,0.163051,nan,1.559371
3748,1.002056,0.777238,21.399143,0.163026,10.223482,2.479093
3749,0.754667,0.534739,nan,0.163026,nan,1.931071
3750,0.622110,0.709599,21.506870,0.163001,9.832729,1.666700
3751,0.567262,1.388012,nan,0.163001,nan,1.546314
3752,0.727537,0.649029,25.451498,0.162977,8.541073,1.905997
3753,0.932988,0.840623,nan,0.162977,nan,2.309813
3754,0.768159,0.742688,24.633080,0.162952,8.534717,1.978886
3755,0.815156,1.214669,nan,0.162952,nan,2.041596
3756,0.552246,0.663520,19.733978,0.162928,9.614176,1.509979
3757,0.745981,1.538955,nan,0.162928,nan,1.954265
3758,0.934819,1.400084,21.243015,0.162904,9.587320,2.316664
3759,1.609076,1.274624,nan,0.162904,nan,3.690829
3760,1.003055,1.093670,19.132437,0.162879,10.783646,2.469788
3761,1.056510,1.094615,nan,0.162879,nan,2.574749
3762,0.546967,1.105980,23.224211,0.162855,9.673994,1.518121
3763,0.810785,0.775600,nan,0.162855,nan,2.076989
3764,0.870568,0.646006,23.515852,0.162830,8.772367,2.193069
3765,0.767222,1.226774,nan,0.162830,nan,1.963650
3766,0.966629,1.439915,24.715078,0.162806,10.847353,2.378664
3767,0.552005,1.133783,nan,0.162806,nan,1.523190
3768,0.516602,0.848144,25.835590,0.162781,8.920914,1.459640
3769,0.754577,0.793361,nan,0.162781,nan,1.979864
3770,0.510917,0.582627,24.154058,0.162757,9.632801,1.418154
3771,0.678768,0.551418,nan,0.162757,nan,1.784993
3772,0.670274,0.949711,26.027149,0.162733,9.971760,1.750034
3773,0.617120,1.117824,nan,0.162733,nan,1.688042
3774,0.617327,1.139320,25.421371,0.162708,9.569328,1.689060
3775,0.524961,0.804663,nan,0.162708,nan,1.473255
3776,0.591082,0.538050,26.452511,0.162684,9.929983,1.575365
3777,0.587234,0.551378,nan,0.162684,nan,1.615516
3778,0.533593,0.670269,25.436821,0.162660,7.408335,1.465656
3779,0.664946,1.113945,nan,0.162660,nan,1.716435
3780,0.718008,1.227838,24.756485,0.162636,10.116899,1.903684
3781,0.821489,0.672615,nan,0.162636,nan,2.111053
3782,0.597283,0.655876,26.504356,0.162612,8.199583,1.622939
3783,1.150733,0.673904,nan,0.162612,nan,2.776492
3784,0.954914,0.773859,25.949747,0.162589,9.061647,2.357498
3785,0.640724,0.738967,nan,0.162589,nan,1.727892
3786,0.903632,1.078312,24.990168,0.162565,9.722328,2.256313
3787,0.781661,0.655479,nan,0.162565,nan,1.978553
3788,0.780011,0.705879,24.749035,0.162542,7.955305,2.018541
3789,0.592222,0.511533,nan,0.162542,nan,1.624832
3790,0.625001,0.442497,25.062853,0.162518,9.846289,1.681822
3791,0.621615,0.645399,nan,0.162518,nan,1.653339
3792,0.607274,0.952459,26.808407,0.162495,8.575744,1.654538
3793,0.699378,0.508047,nan,0.162495,nan,1.814861
3794,0.695620,0.244184,26.876448,0.162471,8.913778,1.847180
3795,0.526903,0.480590,nan,0.162471,nan,1.502688
3796,0.540740,0.456420,25.852108,0.162448,8.758902,1.517327
3797,0.505589,0.701890,nan,0.162448,nan,1.447041
3798,0.551124,0.445187,26.976763,0.162425,8.928085,1.501119
3799,0.584236,0.439055,nan,0.162425,nan,1.598671
3800,0.846074,0.565839,26.036047,0.162401,10.265266,2.140941
3801,0.540488,0.702068,nan,0.162401,nan,1.495686
3802,0.480049,0.763643,24.232491,0.162378,10.699478,1.382615
3803,0.999573,0.803413,nan,0.162378,nan,2.484729
3804,1.032415,0.609957,26.499809,0.162354,11.864962,2.551461
3805,0.503978,1.509976,nan,0.162354,nan,1.454324
3806,0.779728,1.425320,26.154734,0.162330,8.333823,2.028072
3807,0.640230,0.566504,nan,0.162330,nan,1.732237
3808,0.630619,1.086737,25.465584,0.162306,11.375954,1.720149
3809,0.891538,1.495019,nan,0.162306,nan,2.248739
3810,0.842652,1.561528,26.769245,0.162282,9.275202,2.137537
3811,1.342633,0.717169,nan,0.162282,nan,3.172770
3812,1.041625,1.132186,26.441849,0.162258,10.186438,2.528596
3813,0.585487,0.581034,nan,0.162258,nan,1.619280
3814,0.795534,0.546031,25.648464,0.162234,9.438108,2.013619
3815,0.591564,0.562104,nan,0.162234,nan,1.590926
3816,0.559352,0.718460,25.774517,0.162210,10.753748,1.545838
3817,0.499354,1.053911,nan,0.162210,nan,1.447407
3818,1.013945,0.575313,23.863102,0.162186,9.252277,2.488393
3819,0.554717,0.871732,nan,0.162186,nan,1.553341
3820,0.435237,0.502923,27.077934,0.162162,10.876386,1.275946
3821,0.928581,0.989690,nan,0.162162,nan,2.290343
3822,0.865988,0.648139,26.239912,0.162138,9.288139,2.201380
3823,1.419859,0.809247,nan,0.162138,nan,3.310861
3824,0.700137,0.793860,27.602999,0.162114,7.835643,1.850218
3825,1.003670,1.042867,nan,0.162114,nan,2.486033
3826,0.911913,0.538772,26.682793,0.162091,8.114677,2.289082
3827,0.662934,2.132541,nan,0.162091,nan,1.789862
3828,0.569396,1.669924,26.492128,0.162067,8.708697,1.574445
3829,1.301534,0.608923,nan,0.162067,nan,3.092355
3830,0.929202,0.702887,25.395729,0.162044,10.899791,2.325773
3831,1.032640,1.025164,nan,0.162044,nan,2.539365
3832,0.917601,1.446406,27.704273,0.162020,8.983685,2.314801
3833,0.672732,0.860271,nan,0.162020,nan,1.785932
3834,0.857628,0.867705,27.163048,0.161997,11.444687,2.200776
3835,0.809958,1.266728,nan,0.161997,nan,2.032367
3836,0.827874,1.365728,27.908390,0.161973,8.422435,2.112155
3837,0.940223,0.807381,nan,0.161973,nan,2.361484
3838,1.101899,0.948956,24.404913,0.161949,11.032436,2.686956
3839,0.538317,1.054614,nan,0.161949,nan,1.490784
3840,0.598481,1.034588,25.227318,0.161926,9.540978,1.635955
3841,1.354396,0.691876,nan,0.161926,nan,3.195901
3842,1.370926,0.984349,23.375757,0.161902,11.524839,3.228154
3843,0.645696,0.958139,nan,0.161902,nan,1.730979
3844,0.500037,1.068693,25.926949,0.161878,9.864393,1.379293
3845,0.878892,0.763285,nan,0.161878,nan,2.233863
3846,0.918471,0.707756,26.379555,0.161854,9.171041,2.318192
3847,0.869744,1.398158,nan,0.161854,nan,2.186173
3848,0.884291,1.495955,25.667414,0.161830,10.853268,2.245397
3849,0.831658,0.574554,nan,0.161830,nan,2.133688
3850,0.960808,0.920429,27.481226,0.161806,8.168707,2.382992
3851,0.547189,0.624224,nan,0.161806,nan,1.539288
3852,0.570256,0.468422,27.350712,0.161783,10.331839,1.580245
3853,0.761195,0.696242,nan,0.161783,nan,1.986152
3854,0.436703,0.459320,26.287172,0.161759,10.142485,1.285189
3855,0.689382,0.897218,nan,0.161759,nan,1.809764
3856,0.835224,0.787131,26.012840,0.161735,10.040581,2.130777
3857,0.905222,0.824712,nan,0.161735,nan,2.240062
3858,0.796198,0.633464,26.316153,0.161712,6.705956,2.034856
3859,0.885378,0.661982,nan,0.161712,nan,2.219040
3860,0.773379,0.757516,25.300758,0.161688,9.727201,2.012673
3861,0.739599,0.926890,nan,0.161688,nan,1.919265
3862,0.817502,1.037360,27.192469,0.161665,9.459731,2.105116
3863,0.733747,0.348083,nan,0.161665,nan,1.927931
3864,0.775437,0.726343,24.186592,0.161642,9.489651,1.984854
3865,0.642124,0.689747,nan,0.161642,nan,1.696829
3866,0.565249,0.318066,27.720528,0.161619,9.493344,1.575688
3867,0.788264,1.273095,nan,0.161619,nan,1.994934
3868,0.792187,0.549882,25.753183,0.161595,11.705082,2.017955
3869,1.283827,1.737207,nan,0.161595,nan,3.048129
3870,1.116820,1.265308,25.002243,0.161572,8.827381,2.697968
3871,1.199145,0.482646,nan,0.161572,nan,2.863225
3872,1.357277,0.591280,23.462749,0.161549,7.221060,3.199769
3873,0.558200,0.904554,nan,0.161549,nan,1.550806
3874,0.807132,0.610627,25.169115,0.161526,10.567924,2.056258
3875,0.630612,0.496659,nan,0.161526,nan,1.712266
3876,1.141346,0.788381,27.784004,0.161503,8.134480,2.743514
3877,0.967420,0.577057,nan,0.161503,nan,2.410313
3878,0.657934,1.167973,29.123817,0.161480,9.914635,1.761219
3879,0.902602,0.946623,nan,0.161480,nan,2.250252
3880,0.619295,0.909418,26.127708,0.161457,10.508510,1.646604
3881,0.817531,0.688116,nan,0.161457,nan,2.070973
3882,1.126110,0.840936,27.887295,0.161434,10.303029,2.727499
3883,1.389745,0.756737,nan,0.161434,nan,3.270842
3884,0.580047,0.857423,25.445810,0.161410,10.874149,1.577289
3885,0.654619,0.733752,nan,0.161410,nan,1.742784
3886,0.622314,0.408924,27.481998,0.161387,9.318052,1.645463
3887,0.541866,0.454889,nan,0.161387,nan,1.527509
3888,0.784041,0.607348,26.713800,0.161364,10.409824,2.007447
3889,0.728337,0.944831,nan,0.161364,nan,1.894555
3890,0.633400,0.640083,27.048855,0.161340,10.612175,1.707994
3891,0.810032,0.648255,nan,0.161340,nan,2.073773
3892,1.028872,0.716140,24.097466,0.161317,8.816130,2.532842
3893,0.566552,0.939239,nan,0.161317,nan,1.546465
3894,0.606713,0.674446,25.518978,0.161294,8.760899,1.639414
3895,0.685289,0.707140,nan,0.161294,nan,1.808104
3896,0.570623,0.509294,26.679310,0.161270,9.260500,1.565170
3897,0.716425,0.422129,nan,0.161270,nan,1.906825
3898,0.725052,0.543658,24.155821,0.161248,9.116375,1.881643
3899,0.671329,0.492372,nan,0.161248,nan,1.789455
3900,0.581686,0.538383,25.739046,0.161225,9.772587,1.584259
3901,0.937514,0.725305,nan,0.161225,nan,2.354938
3902,1.020832,0.696092,24.904179,0.161201,10.787922,2.487160
3903,0.526635,0.512733,nan,0.161201,nan,1.470483
3904,0.561160,0.606927,24.550812,0.161178,11.180899,1.542049
3905,0.494027,0.797116,nan,0.161178,nan,1.431438
3906,0.641932,0.561737,23.762955,0.161155,8.997642,1.725833
3907,0.537636,0.760137,nan,0.161155,nan,1.499708
3908,0.684624,0.689204,26.587521,0.161132,8.769426,1.805818
3909,0.473279,0.455920,nan,0.161132,nan,1.363809
3910,0.393354,0.417228,25.183125,0.161109,10.802653,1.172428
3911,0.366244,0.578045,nan,0.161109,nan,1.102041
3912,0.656013,0.830681,25.242083,0.161085,9.948098,1.767825
3913,1.040605,0.794843,nan,0.161085,nan,2.547102
3914,0.657601,0.841476,25.842907,0.161062,8.465034,1.741934
3915,0.957373,0.655432,nan,0.161062,nan,2.378384
3916,0.597413,0.405862,24.519665,0.161040,8.404180,1.625894
3917,0.974778,0.925179,nan,0.161040,nan,2.413814
3918,0.793283,0.538864,26.275969,0.161017,8.915828,2.056896
3919,0.399139,0.377482,nan,0.161017,nan,1.225627
3920,0.843789,0.775259,24.971102,0.160994,11.477965,2.138249
3921,0.678700,0.587737,nan,0.160994,nan,1.809760
3922,0.401620,0.459845,26.482006,0.160971,9.931282,1.185307
3923,0.578538,0.643542,nan,0.160971,nan,1.586969
3924,0.826766,0.728926,23.977421,0.160948,11.008522,2.127138
3925,0.951279,0.731698,nan,0.160948,nan,2.368692
3926,0.777651,1.052853,25.332546,0.160925,9.000103,2.018261
3927,1.096962,0.865833,nan,0.160925,nan,2.671901
3928,0.873218,0.753542,26.135317,0.160902,9.438637,2.179704
3929,0.898770,0.830468,nan,0.160902,nan,2.241003
3930,0.534988,0.577951,25.836117,0.160879,10.316740,1.482195
3931,1.132522,0.607877,nan,0.160879,nan,2.729679
3932,0.608617,0.818110,25.989096,0.160856,11.103848,1.637290
3933,1.005256,1.715218,nan,0.160856,nan,2.444001
3934,0.767989,0.741703,27.152328,0.160832,9.661737,1.980388
3935,1.057496,1.214105,nan,0.160832,nan,2.577475
3936,0.863447,0.841594,26.848896,0.160809,11.195919,2.187274
3937,0.828213,0.813940,nan,0.160809,nan,2.102562
3938,0.461742,0.725262,27.154438,0.160786,9.608926,1.319865
3939,0.880509,1.247005,nan,0.160786,nan,2.190294
3940,0.703820,0.865233,23.114109,0.160763,9.437742,1.849442
3941,1.036277,1.520188,nan,0.160763,nan,2.550689
3942,0.810764,1.238348,24.373457,0.160739,11.252815,2.068213
3943,1.063535,0.629323,nan,0.160739,nan,2.588588
3944,0.734465,0.731611,25.228706,0.160716,10.926809,1.920973
3945,0.733637,0.572328,nan,0.160716,nan,1.918794
3946,0.378144,0.461739,26.724182,0.160693,8.999018,1.155103
3947,0.792967,0.690077,nan,0.160693,nan,2.026985
3948,0.600574,0.497780,25.302668,0.160669,10.606169,1.628729
3949,0.772058,0.732938,nan,0.160669,nan,1.987578
3950,0.468935,0.431663,25.200558,0.160646,11.932612,1.359107
3951,0.687541,0.453050,nan,0.160646,nan,1.811984
3952,0.388869,0.428090,28.251110,0.160622,7.590333,1.178795
3953,0.768238,0.572686,nan,0.160622,nan,1.973526
3954,0.431327,0.841239,26.993782,0.160599,10.934176,1.276413
3955,0.466151,0.358742,nan,0.160599,nan,1.333695
3956,0.974267,0.585842,24.556681,0.160576,9.785432,2.427490
3957,0.805160,0.561798,nan,0.160576,nan,2.059570
3958,0.905966,0.330828,22.923458,0.160553,10.411760,2.261044
3959,0.659499,0.795341,nan,0.160553,nan,1.770521
3960,0.885032,0.529753,25.048981,0.160529,10.982018,2.234149
3961,0.672524,0.942127,nan,0.160529,nan,1.774780
3962,0.728578,0.761083,25.285004,0.160506,9.155598,1.915831
3963,0.558027,0.511541,nan,0.160506,nan,1.535227
3964,0.579278,0.526499,25.810337,0.160482,12.205187,1.591474
3965,0.545760,0.336447,nan,0.160482,nan,1.537962
3966,0.696773,0.557902,25.255322,0.160459,12.102798,1.805571
3967,0.492420,0.354512,nan,0.160459,nan,1.419247
3968,0.771732,0.439831,24.908072,0.160435,10.976606,1.982116
3969,0.469968,0.605462,nan,0.160435,nan,1.338748
3970,0.776461,0.462284,27.013027,0.160411,10.130375,2.014885
3971,0.513139,0.562913,nan,0.160411,nan,1.443710
3972,0.756908,0.462250,24.793915,0.160387,11.385191,1.963424
3973,0.366923,0.701859,nan,0.160387,nan,1.126771
3974,0.580086,0.572710,26.000278,0.160363,13.174981,1.580902
3975,0.575004,0.788398,nan,0.160363,nan,1.555967
3976,0.597515,0.643158,25.159439,0.160339,11.526572,1.636240
3977,0.654912,0.644909,nan,0.160339,nan,1.753596
3978,0.654653,0.643332,24.661684,0.160314,11.565298,1.736283
3979,0.949976,0.650307,nan,0.160314,nan,2.387483
3980,0.703000,0.817407,25.756908,0.160290,12.186293,1.860717
3981,0.654718,0.928798,nan,0.160290,nan,1.742316
3982,0.627707,0.657501,23.175106,0.160265,13.804129,1.678892
3983,0.693012,0.715782,nan,0.160265,nan,1.822214
3984,0.644863,0.483587,26.246552,0.160240,10.229996,1.760414
3985,0.523217,0.815368,nan,0.160240,nan,1.446072
3986,0.468774,0.388611,26.385902,0.160215,12.103259,1.313982
3987,0.764072,0.731447,nan,0.160215,nan,2.005999
3988,0.471499,0.449968,26.219858,0.160190,10.158793,1.346423
3989,0.673385,0.709885,nan,0.160190,nan,1.774034
3990,0.633741,0.719871,24.979496,0.160166,11.001085,1.692981
3991,0.647780,0.484908,nan,0.160166,nan,1.727458
3992,0.566674,0.984565,26.222252,0.160141,11.696106,1.545083
3993,0.514924,0.497694,nan,0.160141,nan,1.419779
3994,0.481586,0.524286,26.174706,0.160117,10.185623,1.347829
3995,0.392491,0.492041,nan,0.160117,nan,1.188666
3996,0.974260,0.601132,24.853836,0.160092,10.769272,2.413208
3997,0.589503,0.953061,nan,0.160092,nan,1.607261
3998,0.480265,0.933309,24.458431,0.160068,11.736887,1.386056
3999,0.428955,0.488046,nan,0.160068,nan,1.246152
4000,0.894414,0.553769,23.946209,0.160043,10.613712,2.253523
4001,0.767204,0.984310,nan,0.160043,nan,1.973842
4002,0.990393,0.987215,26.864731,0.160019,9.387240,2.411655
4003,1.105299,0.882410,nan,0.160019,nan,2.688076
4004,0.575375,0.586006,23.822739,0.159995,12.436260,1.565379
4005,0.868733,0.562739,nan,0.159995,nan,2.169614
4006,0.397796,0.632270,26.823456,0.159971,10.955654,1.207895
4007,0.966262,0.772340,nan,0.159971,nan,2.367218
4008,0.556877,0.510899,26.525629,0.159946,12.126881,1.537320
4009,0.425820,0.582882,nan,0.159946,nan,1.265963
4010,0.408535,0.620963,25.448555,0.159922,9.964364,1.201750
4011,0.723721,0.717713,nan,0.159922,nan,1.869927
4012,0.939091,0.539506,24.057228,0.159898,12.255352,2.337895
4013,0.688025,0.974474,nan,0.159898,nan,1.797710
4014,0.645192,0.747763,24.842192,0.159873,11.332794,1.719836
4015,0.648327,1.107449,nan,0.159873,nan,1.720512
4016,0.583012,0.533828,25.510120,0.159849,10.103817,1.587114
4017,0.763864,1.001117,nan,0.159849,nan,1.967151
4018,0.746714,1.114500,24.754009,0.159825,12.528655,1.954617
4019,0.953080,1.031490,nan,0.159825,nan,2.342561
4020,0.711092,0.761564,23.713278,0.159801,10.470058,1.880017
4021,0.931317,0.822591,nan,0.159801,nan,2.317902
4022,0.894866,1.071099,23.270031,0.159776,10.370152,2.238753
4023,0.717192,0.846411,nan,0.159776,nan,1.885867
4024,0.609603,1.114035,23.108990,0.159752,11.685051,1.661237
4025,0.735896,0.849848,nan,0.159752,nan,1.926273
4026,0.414990,0.549836,26.068203,0.159728,10.904761,1.235873
4027,0.788398,0.845381,nan,0.159728,nan,2.037640
4028,0.551490,0.884216,25.037163,0.159704,9.919432,1.531801
4029,0.699454,0.778474,nan,0.159704,nan,1.830972
4030,0.721066,0.627272,24.423420,0.159680,10.877289,1.879026
4031,0.548483,0.650656,nan,0.159680,nan,1.522881
4032,0.656179,0.938329,25.126310,0.159657,11.120110,1.731284
4033,0.336554,0.344823,nan,0.159657,nan,1.059100
4034,0.780322,0.866164,25.822872,0.159633,11.835287,2.033190
4035,0.539137,0.442477,nan,0.159633,nan,1.495732
4036,0.731175,0.468396,25.272066,0.159609,11.497849,1.913308
4037,0.823776,0.822963,nan,0.159609,nan,2.101022
4038,0.787660,0.653134,24.035456,0.159585,10.309766,2.021480
4039,0.984375,0.891901,nan,0.159585,nan,2.411988
4040,0.593559,0.565281,26.760405,0.159561,9.210716,1.621962
4041,0.728953,0.793846,nan,0.159561,nan,1.909072
4042,0.666680,0.781853,27.075905,0.159538,10.621603,1.758328
4043,1.368670,1.155441,nan,0.159538,nan,3.201478
4044,0.551547,0.844433,23.167122,0.159514,9.115413,1.516172
4045,1.388716,0.741671,nan,0.159514,nan,3.252972
4046,1.361739,0.579368,23.489231,0.159492,8.850317,3.202879
4047,0.570373,1.291725,nan,0.159492,nan,1.564031
4048,0.706474,0.872810,23.199879,0.159469,10.962269,1.861905
4049,0.537535,0.772981,nan,0.159469,nan,1.472808
4050,0.978095,1.054261,26.296751,0.159446,8.801909,2.399427
4051,0.686720,0.816412,nan,0.159446,nan,1.791424
4052,0.662359,1.140321,24.457157,0.159423,12.057964,1.713776
4053,0.623711,0.942763,nan,0.159423,nan,1.668687
4054,0.918214,1.273668,23.435677,0.159400,12.233246,2.295626
4055,0.885816,0.741135,nan,0.159400,nan,2.234463
4056,0.787342,0.773704,24.595612,0.159377,9.557939,2.052237
4057,0.652453,0.678585,nan,0.159377,nan,1.707296
4058,0.443169,0.656512,25.332737,0.159354,10.005377,1.293176
4059,0.703634,0.641612,nan,0.159354,nan,1.828187
4060,0.528471,0.826884,25.361107,0.159331,9.904673,1.479778
4061,0.560195,0.657747,nan,0.159331,nan,1.536018
4062,0.775406,0.867682,23.529621,0.159308,11.282728,1.980496
4063,0.747296,0.681198,nan,0.159308,nan,1.928065
4064,0.651744,0.573545,24.223301,0.159285,12.346375,1.742385
4065,0.628116,0.769353,nan,0.159285,nan,1.691003
4066,0.523007,0.657814,23.798019,0.159262,11.783333,1.433874
4067,0.678216,0.680126,nan,0.159262,nan,1.809943
4068,0.725538,0.695184,23.881985,0.159238,10.075291,1.888959
4069,1.244572,0.714731,nan,0.159238,nan,2.969197
4070,0.996640,1.036556,23.725849,0.159215,10.072063,2.453598
4071,0.737922,1.694203,nan,0.159215,nan,1.925996
4072,0.676650,1.330193,24.069614,0.159192,10.320745,1.780872
4073,0.885721,0.580926,nan,0.159192,nan,2.223768
4074,0.609369,0.564920,25.456835,0.159169,10.861666,1.645659
4075,0.615600,0.727045,nan,0.159169,nan,1.664310
4076,0.716284,1.103160,24.732191,0.159146,10.880201,1.872546
4077,0.835858,0.785889,nan,0.159146,nan,2.135303
4078,0.627637,0.587269,25.656380,0.159123,12.456253,1.693820
4079,0.799838,1.284150,nan,0.159123,nan,2.037183
4080,0.924975,0.720043,24.811260,0.159100,10.968232,2.293321
4081,1.046799,1.042866,nan,0.159100,nan,2.575521
4082,0.486253,0.666896,24.315285,0.159077,9.152210,1.371253
4083,0.763477,1.611196,nan,0.159077,nan,1.963427
4084,1.329374,1.027562,23.254131,0.159054,10.863863,3.126367
4085,0.858888,2.105030,nan,0.159054,nan,2.167315
4086,0.959545,2.931026,23.647161,0.159031,9.412813,2.370697
4087,0.780523,2.011755,nan,0.159031,nan,2.024055
4088,1.918465,0.842696,24.458067,0.159009,8.872437,4.313873
4089,2.207121,0.811631,nan,0.159009,nan,4.890129
4090,1.189168,1.018572,22.386545,0.158986,9.787230,2.854623
4091,1.097292,1.272288,nan,0.158986,nan,2.660596
4092,1.022125,1.244887,23.240353,0.158964,10.886471,2.523235
4093,0.674054,1.124911,nan,0.158964,nan,1.778619
4094,0.611964,0.709594,23.887823,0.158942,10.372371,1.647188
4095,0.815444,1.018537,nan,0.158942,nan,2.090317
4096,0.671091,0.980424,23.346457,0.158919,9.061717,1.746293
4097,0.588922,0.679493,nan,0.158919,nan,1.625830
4098,0.694680,0.691200,22.269260,0.158897,9.983823,1.835395
4099,0.466282,0.580388,nan,0.158897,nan,1.362337
4100,0.688055,0.624717,23.842907,0.158875,11.357603,1.799564
4101,0.759034,0.751376,nan,0.158875,nan,1.970415
4102,0.612357,0.602151,23.968147,0.158853,10.419271,1.674717
4103,0.741621,0.961884,nan,0.158853,nan,1.934763
4104,0.823122,0.985505,24.404839,0.158830,10.855600,2.096228
4105,0.759603,0.823093,nan,0.158830,nan,1.957187
4106,0.449660,0.670885,25.999710,0.158808,10.711100,1.314190
4107,0.880477,0.808941,nan,0.158808,nan,2.222788
4108,0.778280,0.798839,21.895554,0.158786,9.861494,2.001362
4109,0.580111,0.838171,nan,0.158786,nan,1.600140
4110,0.689361,0.710177,22.162918,0.158764,9.204761,1.806540
4111,0.906904,1.072265,nan,0.158764,nan,2.272865
4112,0.816110,0.595982,20.926193,0.158741,11.500177,2.061536
4113,0.751325,1.328674,nan,0.158741,nan,1.934134
4114,0.627191,1.120707,23.209633,0.158719,11.495602,1.684398
4115,0.753076,0.844004,nan,0.158719,nan,1.945092
4116,0.598035,0.581635,23.010609,0.158696,12.106781,1.629823
4117,0.557877,0.702882,nan,0.158696,nan,1.523128
4118,0.528967,0.870539,23.447035,0.158674,9.088022,1.466725
4119,0.652956,1.083012,nan,0.158674,nan,1.729009
4120,0.884464,0.874233,25.051922,0.158652,10.699137,2.221640
4121,0.806923,0.887349,nan,0.158652,nan,2.070215
4122,0.965548,1.002145,20.753613,0.158629,12.640272,2.401863
4123,0.825599,0.919730,nan,0.158629,nan,2.104506
4124,0.600224,0.624738,22.752777,0.158606,9.625579,1.621201
4125,0.702102,1.288172,nan,0.158606,nan,1.857293
4126,0.612094,0.567235,24.702080,0.158584,8.407947,1.664999
4127,0.556691,0.692942,nan,0.158584,nan,1.531156
4128,0.965407,0.796644,23.145887,0.158562,13.279705,2.398709
4129,0.619202,0.667301,nan,0.158562,nan,1.665008
4130,0.481283,0.519071,25.633339,0.158539,11.313459,1.363910
4131,0.469373,0.641806,nan,0.158539,nan,1.371471
4132,0.565945,0.559820,21.940716,0.158516,11.670965,1.579137
4133,0.778971,1.414533,nan,0.158516,nan,2.003209
4134,0.491474,1.280323,23.366579,0.158494,11.753444,1.411122
4135,0.734459,0.650401,nan,0.158494,nan,1.925289
4136,0.797877,0.700403,24.872713,0.158471,9.029348,2.036458
4137,0.733665,0.817761,nan,0.158471,nan,1.918625
4138,0.772757,0.883512,21.658297,0.158448,11.108503,2.006677
4139,0.682535,0.670521,nan,0.158448,nan,1.818167
4140,0.602916,0.845573,23.568277,0.158425,12.674507,1.648561
4141,0.643328,0.978931,nan,0.158425,nan,1.715294
4142,0.742232,0.831280,22.759254,0.158403,11.595242,1.939198
4143,1.054665,1.214476,nan,0.158403,nan,2.565940
4144,0.663345,1.166783,22.903721,0.158380,10.045552,1.770704
4145,0.760407,0.616042,nan,0.158380,nan,1.960112
4146,0.640517,0.696559,24.111561,0.158357,13.004406,1.712665
4147,0.702584,0.952353,nan,0.158357,nan,1.863308
4148,0.624022,0.633980,25.182148,0.158334,12.019768,1.685716
4149,0.672648,0.527484,nan,0.158334,nan,1.793547
4150,0.590229,0.573183,22.745678,0.158311,9.828379,1.625398
4151,0.607334,0.870053,nan,0.158311,nan,1.667216
4152,1.187239,0.744617,23.733389,0.158288,11.633420,2.869390
4153,0.760104,0.744583,nan,0.158288,nan,1.990329
4154,0.617101,1.254142,22.380487,0.158265,9.722360,1.658521
4155,0.370982,0.526115,nan,0.158265,nan,1.142424
4156,0.943219,1.117212,26.319729,0.158242,9.919188,2.343407
4157,0.690896,0.864518,nan,0.158242,nan,1.790228
4158,0.734308,0.677629,23.945520,0.158219,12.957311,1.929372
4159,0.742573,0.857378,nan,0.158219,nan,1.924702
4160,0.672978,0.647518,23.257282,0.158196,14.018420,1.784423
4161,0.769636,0.729461,nan,0.158196,nan,2.014647
4162,0.994553,0.875726,23.501331,0.158173,11.774498,2.469202
4163,0.448366,0.440788,nan,0.158173,nan,1.340419
4164,0.630429,0.794573,22.978455,0.158149,11.784498,1.685543
4165,0.641150,1.136642,nan,0.158149,nan,1.743627
4166,0.973637,0.765885,24.617950,0.158126,9.947441,2.416612
4167,0.522321,0.700515,nan,0.158126,nan,1.484352
4168,1.005629,0.818789,22.822369,0.158103,11.466315,2.461903
4169,0.619288,0.657429,nan,0.158103,nan,1.670298
4170,0.846443,0.988620,22.324738,0.158080,13.120316,2.151389
4171,0.526753,1.568629,nan,0.158080,nan,1.460629
4172,0.586966,1.268858,24.192268,0.158056,11.332764,1.601748
4173,0.768108,0.954597,nan,0.158056,nan,2.004344
4174,0.663933,0.646682,23.777031,0.158033,14.602352,1.778159
4175,0.840837,0.518002,nan,0.158033,nan,2.111527
4176,0.655597,1.416423,24.467766,0.158009,14.609152,1.750389
4177,0.974353,0.839056,nan,0.158009,nan,2.416884
4178,0.532717,0.578971,22.964233,0.157985,10.006409,1.506796
4179,0.791157,1.462198,nan,0.157985,nan,2.038473
4180,0.980657,1.223016,22.055189,0.157961,10.083511,2.444515
4181,0.891401,0.735220,nan,0.157961,nan,2.228415
4182,0.615129,0.631486,24.387512,0.157938,13.088485,1.650608
4183,1.054557,0.744179,nan,0.157938,nan,2.570574
4184,0.901580,0.732258,22.968975,0.157914,12.996477,2.245678
4185,0.593255,0.809190,nan,0.157914,nan,1.639386
4186,0.977021,0.732087,24.283432,0.157890,9.771660,2.418426
4187,1.030569,1.429690,nan,0.157890,nan,2.518968
4188,0.590665,0.887018,24.096432,0.157867,12.003380,1.637797
4189,0.789121,1.035917,nan,0.157867,nan,2.027640
4190,0.624032,0.459000,25.375065,0.157844,9.317680,1.677143
4191,1.081187,0.641983,nan,0.157844,nan,2.635936
4192,0.681004,0.760429,23.134228,0.157820,11.572207,1.791927
4193,0.573033,0.964863,nan,0.157820,nan,1.566927
4194,0.956266,0.896670,25.122936,0.157797,11.748213,2.377968
4195,1.498705,1.299913,nan,0.157797,nan,3.483825
4196,1.379345,1.449037,23.977674,0.157774,12.336119,3.237749
4197,0.661100,1.083054,nan,0.157774,nan,1.780446
4198,1.162784,1.642172,27.787424,0.157751,11.480404,2.797403
4199,1.395278,0.854956,nan,0.157751,nan,3.280137
4200,0.956956,1.418646,22.807585,0.157727,15.226318,2.362562
4201,1.147968,1.357921,nan,0.157727,nan,2.757505
4202,1.106447,1.200066,25.843740,0.157703,11.790530,2.688596
4203,0.662450,0.545886,nan,0.157703,nan,1.757958
4204,0.667952,1.368601,24.268745,0.157680,11.627346,1.773690
4205,0.637054,1.212920,nan,0.157680,nan,1.694729
4206,1.046948,0.675394,26.747684,0.157656,13.112052,2.555042
4207,0.715782,0.619614,nan,0.157656,nan,1.890059
4208,1.060483,0.717086,25.342390,0.157632,11.596624,2.581732
4209,0.917621,0.787912,nan,0.157632,nan,2.297753
4210,1.034383,0.717633,23.785641,0.157609,13.224564,2.543319
4211,0.648713,0.609103,nan,0.157609,nan,1.742399
4212,0.715475,1.559009,25.088879,0.157585,11.560035,1.881169
4213,0.500780,0.844183,nan,0.157585,nan,1.434708
4214,0.639404,1.157302,27.902573,0.157561,12.139837,1.708388
4215,0.523723,1.280290,nan,0.157561,nan,1.475157
4216,0.816040,0.809053,25.332886,0.157537,12.809292,2.097637
4217,0.531810,0.593806,nan,0.157537,nan,1.469708
4218,0.511620,1.050646,25.544304,0.157513,13.266186,1.433348
4219,0.702139,0.603578,nan,0.157513,nan,1.843191
4220,0.715677,1.045871,24.845066,0.157490,11.116528,1.874154
4221,0.568323,0.662909,nan,0.157490,nan,1.582813
4222,0.580656,0.963929,27.300165,0.157466,10.975889,1.592930
4223,0.947769,0.662581,nan,0.157466,nan,2.368461
4224,0.836136,1.059697,23.564888,0.157443,11.152754,2.125168
4225,0.826524,1.140046,nan,0.157443,nan,2.094744
4226,0.650271,0.988852,25.484301,0.157419,11.944937,1.741941
4227,0.697184,0.807516,nan,0.157419,nan,1.834434
4228,1.009669,0.656832,24.067688,0.157396,13.093061,2.488296
4229,0.625475,0.904929,nan,0.157396,nan,1.696811
4230,0.799212,0.710070,23.386326,0.157372,11.452976,2.048437
4231,0.780759,1.056761,nan,0.157372,nan,2.009150
4232,0.727311,0.839645,22.416462,0.157349,11.203321,1.912705
4233,0.911629,0.892679,nan,0.157349,nan,2.259146
4234,1.396804,0.753284,24.322895,0.157326,11.161697,3.269342
4235,0.584057,0.543357,nan,0.157326,nan,1.587476
4236,0.793140,0.747540,23.487822,0.157303,9.832354,2.046787
4237,0.703035,0.355262,nan,0.157303,nan,1.858373
4238,0.650740,0.658914,23.550306,0.157280,11.840399,1.752850
4239,0.700007,0.684993,nan,0.157280,nan,1.856203
4240,0.710242,0.572631,22.409609,0.157257,11.589149,1.886049
4241,0.544782,0.550341,nan,0.157257,nan,1.527968
4242,0.494075,0.727406,25.079021,0.157234,12.601063,1.415882
4243,0.950624,0.785293,nan,0.157234,nan,2.346312
4244,0.916509,1.014830,25.615313,0.157211,12.884188,2.299509
4245,0.781063,0.519063,nan,0.157211,nan,2.022704
4246,0.710670,0.743968,24.295544,0.157188,12.460348,1.889578
4247,0.749284,0.735084,nan,0.157188,nan,1.954812
4248,0.578932,0.685010,26.628683,0.157165,10.875830,1.591987
4249,0.778563,0.566014,nan,0.157165,nan,2.024886
4250,0.588886,0.508164,24.301640,0.157142,10.307045,1.592760
4251,0.661160,0.708560,nan,0.157142,nan,1.750052
4252,0.759023,0.752694,26.554909,0.157119,11.432734,1.983795
4253,0.649502,1.997986,nan,0.157119,nan,1.751471
4254,0.616782,0.824066,24.246206,0.157096,12.080555,1.658736
4255,0.574490,0.645429,nan,0.157096,nan,1.565505
4256,0.591336,1.589143,26.342468,0.157074,11.966072,1.619805
4257,0.703158,1.141454,nan,0.157074,nan,1.855110
4258,0.957321,0.642869,23.868687,0.157051,10.120870,2.399279
4259,0.598598,1.070449,nan,0.157051,nan,1.651731
4260,1.010111,1.058536,25.631199,0.157029,11.427658,2.482595
4261,1.418107,1.140331,nan,0.157029,nan,3.330525
4262,0.743413,0.952948,25.203392,0.157006,12.124916,1.951049
4263,0.697334,1.011824,nan,0.157006,nan,1.856211
4264,0.544392,0.441912,24.246296,0.156983,10.978785,1.532093
4265,0.880344,0.563450,nan,0.156983,nan,2.222322
4266,0.407650,0.768402,25.533197,0.156961,13.715040,1.220442
4267,0.983774,0.771813,nan,0.156961,nan,2.438010
4268,0.777282,0.727643,23.407366,0.156938,11.196287,2.015490
4269,1.156142,0.701298,nan,0.156938,nan,2.765763
4270,0.939027,0.551113,24.018957,0.156915,12.778140,2.352300
4271,0.545457,1.004545,nan,0.156915,nan,1.493140
4272,0.625763,0.402948,23.450377,0.156892,11.976170,1.688616
4273,0.675748,0.507909,nan,0.156892,nan,1.801271
4274,0.489771,0.565618,24.932880,0.156870,9.562220,1.427207
4275,0.640729,0.657098,nan,0.156870,nan,1.716933
4276,0.737609,0.644394,22.972160,0.156847,13.101551,1.919319
4277,0.745718,0.839566,nan,0.156847,nan,1.962368
4278,0.797505,0.526835,23.631828,0.156825,11.102076,2.062509
4279,0.791077,0.642541,nan,0.156825,nan,2.018984
4280,0.764587,1.052716,22.447292,0.156802,10.585743,1.975856
4281,0.788773,0.483813,nan,0.156802,nan,2.056828
4282,0.823782,0.642335,21.795435,0.156780,12.101141,2.089536
4283,0.591458,0.792276,nan,0.156780,nan,1.613862
4284,0.481603,0.540851,24.387190,0.156757,12.583747,1.398917
4285,0.662824,0.612909,nan,0.156757,nan,1.783984
4286,0.748877,0.426354,23.245434,0.156735,10.558897,1.940883
4287,0.780796,0.519233,nan,0.156735,nan,2.001199
4288,0.774175,0.918685,24.128767,0.156712,13.101874,1.978040
4289,0.646300,0.916996,nan,0.156712,nan,1.735510
4290,0.786711,0.902738,22.916279,0.156689,12.377322,1.978953
4291,0.924461,0.558376,nan,0.156689,nan,2.297474
4292,0.843060,0.737800,24.018497,0.156667,13.798150,2.120877
4293,0.869359,0.345518,nan,0.156667,nan,2.187007
4294,0.889436,0.860414,21.923437,0.156644,12.017048,2.267754
4295,0.874134,0.822256,nan,0.156644,nan,2.240395
4296,0.749593,0.819533,25.650558,0.156621,11.574374,1.942930
4297,1.291437,1.027636,nan,0.156621,nan,3.075404
4298,0.992126,0.742457,22.909336,0.156598,11.212864,2.486225
4299,0.814296,1.249638,nan,0.156598,nan,2.105688
4300,0.897183,1.022966,24.221376,0.156576,11.241787,2.271292
4301,0.873751,0.790625,nan,0.156576,nan,2.226385
4302,0.558612,0.975318,22.940601,0.156553,11.632205,1.542427
4303,0.988704,0.805866,nan,0.156553,nan,2.463147
4304,0.702585,0.545023,24.470320,0.156530,12.042805,1.884011
4305,0.681486,0.706061,nan,0.156530,nan,1.818850
4306,0.828646,0.580889,23.037369,0.156508,13.186600,2.136290
4307,0.565775,0.558666,nan,0.156508,nan,1.548998
4308,0.702679,0.895419,23.202888,0.156485,12.441318,1.850595
4309,0.886820,0.428043,nan,0.156485,nan,2.243294
4310,0.933645,0.803694,24.568659,0.156462,13.134745,2.341052
4311,0.670091,0.813982,nan,0.156462,nan,1.756726
4312,0.669154,0.662202,23.745794,0.156439,11.593352,1.765747
4313,0.830056,1.018539,nan,0.156439,nan,2.132725
4314,0.717848,0.805063,22.787903,0.156417,11.655460,1.862291
4315,0.792303,0.883110,nan,0.156417,nan,2.033312
4316,0.598488,0.612539,23.504503,0.156394,11.432173,1.652236
4317,0.794581,0.742935,nan,0.156394,nan,2.067652
4318,0.515158,0.659794,22.977859,0.156371,12.428235,1.438202
4319,0.889450,0.465814,nan,0.156371,nan,2.249791
4320,0.812170,0.680249,21.225445,0.156348,13.909731,2.084808
4321,0.994889,1.048220,nan,0.156348,nan,2.454481
4322,0.875623,0.543444,23.274170,0.156325,11.555428,2.194302
4323,0.842708,0.811452,nan,0.156325,nan,2.172453
4324,0.584061,0.573051,24.604710,0.156303,13.171913,1.604255
4325,0.552384,0.417524,nan,0.156303,nan,1.568262
4326,0.630339,0.710487,21.996393,0.156280,11.872375,1.707941
4327,1.200860,0.911457,nan,0.156280,nan,2.892096
4328,0.943713,0.971111,21.699287,0.156257,12.437829,2.364731
4329,1.499996,0.517562,nan,0.156257,nan,3.503482
4330,0.763822,0.498416,24.016014,0.156234,11.794813,1.979525
4331,0.645954,0.565375,nan,0.156234,nan,1.763754
4332,0.756899,0.560366,22.224058,0.156211,11.386942,1.966364
4333,0.984510,0.921798,nan,0.156211,nan,2.439919
4334,0.844542,0.748244,24.399939,0.156189,12.985266,2.156363
4335,0.547898,0.826576,nan,0.156189,nan,1.539740
4336,0.704701,0.616451,24.047232,0.156166,9.101848,1.880828
4337,0.786112,0.662181,nan,0.156166,nan,2.017365
4338,0.988018,0.820015,21.685108,0.156144,11.391411,2.470134
4339,1.071068,0.865250,nan,0.156144,nan,2.629423
4340,0.668974,1.096366,24.274437,0.156122,11.010496,1.793060
4341,0.951046,0.737436,nan,0.156122,nan,2.373650
4342,0.936891,0.755351,24.535980,0.156100,11.991699,2.326220
4343,0.734266,0.635092,nan,0.156100,nan,1.931266
4344,0.861024,0.903772,24.604172,0.156077,14.482247,2.176422
4345,1.112341,0.819981,nan,0.156077,nan,2.688059
4346,0.868338,0.798293,24.614445,0.156055,12.425973,2.189822
4347,0.681555,0.824303,nan,0.156055,nan,1.826875
4348,0.794445,0.672015,20.993050,0.156032,11.448648,2.079785
4349,1.346082,1.045217,nan,0.156032,nan,3.161544
4350,1.698908,1.000775,24.323769,0.156009,14.899963,3.895924
4351,0.884993,0.573553,nan,0.156009,nan,2.246803
4352,0.618140,0.627130,24.474525,0.155987,12.903863,1.684376
4353,0.686789,0.745941,nan,0.155987,nan,1.832206
4354,0.984054,0.875054,21.316980,0.155964,11.344979,2.436168
4355,0.933558,1.117949,nan,0.155964,nan,2.336247
4356,1.218344,1.360825,23.143967,0.155941,10.931583,2.923331
4357,1.176847,1.701735,nan,0.155941,nan,2.821391
4358,0.877178,1.168804,19.474611,0.155919,12.238638,2.212253
4359,1.038725,0.934951,nan,0.155919,nan,2.532763
4360,0.905707,1.070324,23.083454,0.155896,13.826553,2.275513
4361,1.092386,0.901422,nan,0.155896,nan,2.652519
4362,0.959035,0.654066,19.816761,0.155873,12.210154,2.384384
4363,0.903282,0.999517,nan,0.155873,nan,2.286778
4364,1.282506,1.185243,26.067209,0.155851,10.809954,3.045459
4365,1.102443,1.457503,nan,0.155851,nan,2.686704
4366,0.894830,0.690666,22.680737,0.155829,12.152645,2.272353
4367,0.716049,0.622224,nan,0.155829,nan,1.891558
4368,0.991951,1.016761,20.693165,0.155806,13.569588,2.432789
4369,0.599451,0.708473,nan,0.155806,nan,1.660103
4370,0.638819,0.473168,22.525276,0.155783,11.451218,1.701801
4371,0.827810,0.676687,nan,0.155783,nan,2.119552
4372,0.537008,0.764999,21.591736,0.155761,13.792772,1.530021
4373,0.801877,0.842152,nan,0.155761,nan,2.091614
4374,0.837623,0.790292,20.932215,0.155738,12.248375,2.138509
4375,0.892329,0.755639,nan,0.155738,nan,2.209771
4376,0.803130,0.613357,24.319729,0.155716,11.350175,2.067130
4377,1.136193,0.605799,nan,0.155716,nan,2.745304
4378,1.062276,0.795421,21.195938,0.155693,12.014701,2.593920
4379,1.051845,0.786198,nan,0.155693,nan,2.593641
4380,1.271652,0.896904,22.945618,0.155671,11.728908,3.017757
4381,0.795886,0.631009,nan,0.155671,nan,2.041810
4382,1.206116,0.738546,24.831638,0.155648,12.940834,2.903693
4383,1.338054,0.794897,nan,0.155648,nan,3.152142
4384,1.160610,1.130295,22.514168,0.155626,13.043636,2.787078
4385,0.777187,0.653807,nan,0.155626,nan,2.006390
4386,0.824491,0.821474,21.508308,0.155603,11.793046,2.119901
4387,0.717913,1.166348,nan,0.155603,nan,1.862727
4388,1.087666,0.874613,22.553699,0.155581,10.723792,2.653501
4389,1.073596,0.641142,nan,0.155581,nan,2.618997
4390,0.945731,0.844340,22.627426,0.155559,13.182730,2.354437
4391,1.378777,1.171090,nan,0.155559,nan,3.237225
4392,1.390619,1.147778,20.722603,0.155536,12.424960,3.243545
4393,0.781372,0.852643,nan,0.155536,nan,2.030408
4394,0.529809,0.835591,24.054523,0.155514,11.927843,1.481629
4395,0.910638,1.197295,nan,0.155514,nan,2.289039
4396,1.105714,1.302655,18.724312,0.155492,11.271431,2.665488
4397,1.074930,0.724877,nan,0.155492,nan,2.620121
4398,0.857387,0.833291,22.223417,0.155470,13.980139,2.188832
4399,0.982548,1.035200,nan,0.155470,nan,2.417613
4400,1.083971,0.791024,19.867023,0.155447,12.837044,2.624748
4401,1.204620,1.704385,nan,0.155447,nan,2.887078
4402,1.258564,1.392377,21.127132,0.155425,13.050390,3.001126
4403,1.021844,1.172243,nan,0.155425,nan,2.490887
4404,0.633682,1.322247,23.199215,0.155402,13.622642,1.687948
4405,0.908576,0.926635,nan,0.155402,nan,2.283198
4406,0.888500,1.079119,22.605644,0.155379,11.490475,2.210445
4407,0.850638,1.172697,nan,0.155379,nan,2.154142
4408,0.739069,0.738012,21.077782,0.155357,10.484505,1.946016
4409,1.142134,1.426768,nan,0.155357,nan,2.730978
4410,0.900202,0.843055,20.601316,0.155335,13.968872,2.246746
4411,0.663735,1.196820,nan,0.155335,nan,1.780674
4412,0.813571,1.111141,18.686670,0.155312,12.200821,2.079884
4413,1.356116,1.643884,nan,0.155312,nan,3.189938
4414,1.272758,1.945352,22.486713,0.155290,12.374581,3.027667
4415,0.936938,2.240015,nan,0.155290,nan,2.333289
4416,1.087164,1.594360,18.403015,0.155268,12.224142,2.634209
4417,1.174538,0.839189,nan,0.155268,nan,2.826401
4418,0.951283,0.939381,20.709602,0.155245,13.198578,2.361195
4419,0.854567,1.392261,nan,0.155245,nan,2.173765
4420,1.190109,1.088307,20.564236,0.155223,14.742290,2.838543
4421,1.000124,1.032683,nan,0.155223,nan,2.435687
4422,0.964046,1.179386,20.846254,0.155200,12.051659,2.373136
4423,1.433452,1.523671,nan,0.155200,nan,3.352990
4424,0.641630,1.057786,17.585167,0.155178,12.012102,1.723269
4425,0.773384,1.787969,nan,0.155178,nan,1.962280
4426,1.000263,1.202327,22.468052,0.155155,10.889973,2.458940
4427,0.960978,1.010168,nan,0.155155,nan,2.383972
4428,0.706698,1.102919,19.686869,0.155133,14.730746,1.855629
4429,0.803828,0.653251,nan,0.155133,nan,2.083265
4430,0.852411,1.008045,18.119385,0.155110,14.301357,2.148757
4431,1.337861,0.992294,nan,0.155110,nan,3.153988
4432,0.969786,0.702973,20.420456,0.155087,12.130524,2.389818
4433,0.696229,0.664200,nan,0.155087,nan,1.855573
4434,0.598220,0.694291,20.000160,0.155065,12.521816,1.627692
4435,0.692955,0.488655,nan,0.155065,nan,1.832497
4436,0.428841,0.395845,19.872450,0.155042,12.808096,1.273186
4437,0.594166,0.647631,nan,0.155042,nan,1.650638
4438,0.654320,0.496251,18.586464,0.155020,13.755300,1.736876
4439,0.831641,0.621950,nan,0.155020,nan,2.076188
4440,0.896197,0.827388,18.717949,0.154997,12.618935,2.236553
4441,0.564220,0.677396,nan,0.154997,nan,1.575534
4442,1.039726,0.978599,19.504391,0.154974,12.111024,2.541857
4443,0.834227,1.227071,nan,0.154974,nan,2.119806
4444,0.881057,0.907223,18.496012,0.154952,13.642010,2.219966
4445,0.916370,0.816764,nan,0.154952,nan,2.290290
4446,1.304928,1.168553,14.568340,0.154929,11.727454,3.104058
4447,0.961895,0.539545,nan,0.154929,nan,2.385743
4448,1.210285,0.610427,17.448271,0.154907,12.913435,2.889585
4449,0.652102,0.839464,nan,0.154907,nan,1.763519
4450,1.041408,0.999064,19.220903,0.154884,14.127044,2.520083
4451,0.810492,0.988155,nan,0.154884,nan,2.046875
4452,0.622324,1.087242,18.189735,0.154862,12.870182,1.651568
4453,0.859381,0.667805,nan,0.154862,nan,2.165780
4454,0.666249,0.863340,18.496576,0.154839,13.427080,1.783881
4455,0.979781,0.819006,nan,0.154839,nan,2.443555
4456,0.699577,0.733548,18.510975,0.154816,12.005063,1.847583
4457,1.217348,0.898770,nan,0.154816,nan,2.906561
4458,0.657246,0.698908,19.356028,0.154794,12.231243,1.765310
4459,0.714905,0.757421,nan,0.154794,nan,1.901214
4460,1.068374,0.866013,18.846937,0.154772,10.915026,2.568808
4461,0.756071,1.209814,nan,0.154772,nan,1.960593
4462,0.941892,0.988108,17.406216,0.154750,11.522959,2.319384
4463,0.827423,0.772372,nan,0.154750,nan,2.046781
4464,0.347576,0.524995,21.060251,0.154728,12.598385,1.108970
4465,0.762033,1.034925,nan,0.154728,nan,1.976852
4466,0.609403,0.660964,18.198475,0.154706,11.960017,1.661177
4467,0.595517,1.134373,nan,0.154706,nan,1.626528
4468,1.127298,1.231836,19.057396,0.154684,12.088349,2.723758
4469,0.834187,0.923874,nan,0.154684,nan,2.125385
4470,1.003971,1.084203,17.827772,0.154662,13.403246,2.463233
4471,0.701557,0.710448,nan,0.154662,nan,1.849217
4472,0.526055,0.957687,19.786018,0.154640,11.458511,1.461504
4473,0.632471,0.781841,nan,0.154640,nan,1.657442
4474,0.707438,1.037367,18.776237,0.154618,13.403402,1.871553
4475,1.211294,1.010391,nan,0.154618,nan,2.878765
4476,0.593528,0.646677,16.718159,0.154596,12.059472,1.580324
4477,0.813067,1.155723,nan,0.154596,nan,2.066672
4478,0.715181,0.792289,17.864006,0.154574,12.519036,1.873630
4479,0.793852,0.827120,nan,0.154574,nan,2.048720
4480,0.830500,1.086535,17.775700,0.154552,11.923777,2.115021
4481,0.916291,1.245875,nan,0.154552,nan,2.285761
4482,0.847606,1.150983,16.879427,0.154530,11.728969,2.126585
4483,0.720851,0.784005,nan,0.154530,nan,1.903055
4484,0.757051,0.752609,18.749727,0.154509,13.975981,1.962392
4485,0.892052,0.989008,nan,0.154509,nan,2.250134
4486,0.869528,0.668846,16.725855,0.154487,11.967264,2.181343
4487,0.757452,0.594154,nan,0.154487,nan,1.968091
4488,0.787404,0.824363,15.753813,0.154465,11.902962,2.026702
4489,0.608010,0.495106,nan,0.154465,nan,1.656952
4490,0.823643,0.914327,16.492155,0.154443,12.515109,2.084895
4491,0.682895,0.694030,nan,0.154443,nan,1.769284
4492,0.932348,1.070454,20.195820,0.154421,14.130008,2.317724
4493,0.718446,1.054599,nan,0.154421,nan,1.869224
4494,0.748780,0.688249,17.635609,0.154399,12.777340,1.956255
4495,0.630709,1.279033,nan,0.154399,nan,1.701041
4496,1.082389,1.155211,16.371519,0.154377,13.859610,2.597276
4497,0.703351,0.770661,nan,0.154377,nan,1.828339
4498,0.622512,0.648556,19.276310,0.154355,13.462677,1.669647
4499,0.675380,0.555251,nan,0.154355,nan,1.794217
4500,0.482992,0.638391,18.359463,0.154333,12.603549,1.398436
4501,0.730001,0.999843,nan,0.154333,nan,1.853861
4502,0.719718,0.990727,18.535706,0.154311,13.225101,1.882428
4503,0.697904,0.900022,nan,0.154311,nan,1.847593
4504,0.923587,1.122811,16.773136,0.154289,13.122001,2.300998
4505,0.628807,0.670649,nan,0.154289,nan,1.702160
4506,0.635524,1.232677,17.033562,0.154266,13.712805,1.680543
4507,0.866072,1.443539,nan,0.154266,nan,2.165646
4508,0.635678,1.204601,15.410800,0.154244,12.003508,1.703788
4509,0.819282,0.931287,nan,0.154244,nan,2.094322
4510,0.746891,0.904378,18.899391,0.154222,13.037299,1.929872
4511,0.835798,0.791170,nan,0.154222,nan,2.102501
4512,1.014539,1.452570,20.213835,0.154200,11.765245,2.497030
4513,0.598155,0.673353,nan,0.154200,nan,1.644697
4514,0.657941,0.932033,18.451357,0.154178,13.834169,1.764785
4515,0.487177,0.707681,nan,0.154178,nan,1.370163
4516,0.554319,0.706343,17.347092,0.154156,12.735182,1.541867
4517,0.844620,0.686871,nan,0.154156,nan,2.124352
4518,0.547570,0.735277,20.592232,0.154134,14.291701,1.533287
4519,0.747522,0.985399,nan,0.154134,nan,1.946915
4520,0.592123,0.630324,19.500488,0.154111,15.005616,1.632773
4521,0.901736,1.075000,nan,0.154111,nan,2.231594
4522,0.586834,1.048672,19.169991,0.154088,16.029417,1.597365
4523,0.692752,0.893597,nan,0.154088,nan,1.828834
4524,0.559699,0.613592,15.598166,0.154066,12.917940,1.532829
4525,0.626121,0.897749,nan,0.154066,nan,1.706590
4526,0.651112,0.812020,19.040108,0.154043,11.954304,1.722600
4527,0.840974,0.460012,nan,0.154043,nan,2.134037
4528,0.688145,0.554610,18.180351,0.154020,13.446376,1.832748
4529,1.156108,0.672280,nan,0.154020,nan,2.762997
4530,0.672326,0.596392,19.039322,0.153998,13.431797,1.768109
4531,0.904665,1.003304,nan,0.153998,nan,2.227888
4532,0.644987,0.829432,18.734005,0.153975,13.523511,1.737074
4533,0.476573,0.522816,nan,0.153975,nan,1.383387
4534,0.786350,1.021333,15.597774,0.153953,12.585167,1.975527
4535,0.750747,0.797353,nan,0.153953,nan,1.932684
4536,0.678271,0.612765,17.531847,0.153930,14.376107,1.802865
4537,0.603384,0.429675,nan,0.153930,nan,1.631501
4538,0.785267,0.558069,19.230368,0.153908,13.411415,2.052177
4539,0.652004,0.704230,nan,0.153908,nan,1.761629
4540,0.358284,0.658606,19.427536,0.153885,12.341604,1.066685
4541,0.513714,0.746149,nan,0.153885,nan,1.454434
4542,0.404973,0.406721,16.874228,0.153863,14.820307,1.224430
4543,0.965008,0.884431,nan,0.153863,nan,2.376524
4544,0.790043,0.497704,18.811459,0.153840,13.800843,2.039294
4545,0.772501,0.821280,nan,0.153840,nan,1.990868
4546,0.931831,0.702327,18.136103,0.153818,13.507910,2.335401
4547,0.527498,1.146397,nan,0.153818,nan,1.452770
4548,0.490470,1.064353,17.096718,0.153795,11.627926,1.402363
4549,0.657621,0.561890,nan,0.153795,nan,1.769732
4550,0.605095,0.891567,18.574411,0.153773,12.482554,1.654126
4551,0.972190,0.370351,nan,0.153773,nan,2.400201
4552,0.941779,0.745213,14.810408,0.153751,15.535391,2.350599
4553,0.573824,1.000928,nan,0.153751,nan,1.590631
4554,0.874032,0.819415,17.117170,0.153728,13.988546,2.180325
4555,0.531108,0.618406,nan,0.153728,nan,1.522126
4556,0.493774,0.539971,18.221760,0.153706,13.070124,1.447588
4557,0.703428,0.739947,nan,0.153706,nan,1.842274
4558,0.998571,1.247545,18.038563,0.153683,14.078963,2.444634
4559,0.738708,1.214011,nan,0.153683,nan,1.898375
4560,0.586051,1.308419,16.874336,0.153661,13.224661,1.574880
4561,0.455238,0.786633,nan,0.153661,nan,1.310666
4562,0.600386,0.908175,20.495550,0.153638,12.885204,1.653557
4563,0.581551,0.713021,nan,0.153638,nan,1.585270
4564,0.524507,0.533472,19.708424,0.153616,13.264613,1.480426
4565,0.617209,0.493010,nan,0.153616,nan,1.693879
4566,0.489777,0.695815,19.731850,0.153594,12.114152,1.406639
4567,0.403790,0.745171,nan,0.153594,nan,1.208887
4568,0.714420,0.860301,16.122011,0.153572,12.530381,1.864524
4569,0.417546,0.667635,nan,0.153572,nan,1.233630
4570,0.617097,0.820208,18.638638,0.153550,12.595589,1.637906
4571,0.527068,0.635072,nan,0.153550,nan,1.473879
4572,0.595787,0.818351,17.992109,0.153528,12.401643,1.645205
4573,0.878008,0.715230,nan,0.153528,nan,2.187527
4574,0.683405,0.494953,18.426918,0.153506,13.371095,1.811578
4575,0.814232,0.741953,nan,0.153506,nan,2.078546
4576,0.794506,0.620261,17.529881,0.153484,13.824966,2.047281
4577,0.589020,0.746788,nan,0.153484,nan,1.620494
4578,0.686476,0.714986,17.143061,0.153462,13.262115,1.804904
4579,0.634138,0.767067,nan,0.153462,nan,1.722882
4580,0.901717,0.724970,18.218559,0.153440,14.135941,2.253983
4581,0.659663,0.776325,nan,0.153440,nan,1.753979
4582,0.957755,0.586398,19.806793,0.153418,12.931057,2.384747
4583,0.746713,0.618925,nan,0.153418,nan,1.953103
4584,0.455194,0.887829,19.022108,0.153396,15.037508,1.318439
4585,0.621676,0.635278,nan,0.153396,nan,1.689563
4586,0.532283,1.017962,20.115969,0.153374,12.275181,1.506181
4587,0.386797,0.880718,nan,0.153374,nan,1.173909
4588,0.893378,0.720620,18.409637,0.153352,13.785374,2.262200
4589,0.769617,1.079403,nan,0.153352,nan,1.989680
4590,0.679646,0.835322,16.750763,0.153330,11.722724,1.797423
4591,0.707613,0.758932,nan,0.153330,nan,1.845325
4592,0.584073,0.628071,19.138767,0.153308,13.791039,1.625390
4593,0.741203,0.988574,nan,0.153308,nan,1.940753
4594,0.647044,0.723068,17.568985,0.153286,12.332203,1.754433
4595,0.525885,0.779341,nan,0.153286,nan,1.453263
4596,0.871106,0.602013,19.311909,0.153264,12.654821,2.217961
4597,0.537701,0.677381,nan,0.153264,nan,1.506851
4598,0.829319,0.912375,19.110565,0.153242,12.534710,2.110541
4599,0.702739,0.630577,nan,0.153242,nan,1.849667
4600,0.375083,0.638020,18.318430,0.153221,14.314884,1.188653
4601,0.683798,0.600237,nan,0.153221,nan,1.837553
4602,0.741321,0.612227,17.667524,0.153199,12.802891,1.924670
4603,0.662544,0.669780,nan,0.153199,nan,1.774888
4604,0.552456,0.707975,16.293646,0.153177,14.799706,1.532185
4605,0.800939,0.825364,nan,0.153177,nan,2.059074
4606,0.652240,0.713312,17.098215,0.153155,14.876849,1.729249
4607,0.843850,0.795011,nan,0.153155,nan,2.144299
4608,0.795827,0.901453,18.352539,0.153133,12.520238,2.043961
4609,0.808037,0.770361,nan,0.153133,nan,2.092004
4610,0.676240,0.546807,17.654190,0.153111,13.660192,1.802577
4611,0.590108,0.596839,nan,0.153111,nan,1.616531
4612,0.621767,0.541511,18.594793,0.153089,11.806677,1.687871
4613,0.582780,0.407155,nan,0.153089,nan,1.613641
4614,0.636359,0.666352,16.607882,0.153068,12.258108,1.706590
4615,0.828482,0.747334,nan,0.153068,nan,2.125796
4616,0.924112,0.744076,18.521545,0.153046,13.445668,2.326284
4617,0.479545,0.527557,nan,0.153046,nan,1.379624
4618,0.614088,0.719784,18.568554,0.153024,12.064034,1.665871
4619,0.520467,0.745784,nan,0.153024,nan,1.454221
4620,0.665739,0.716646,18.474167,0.153003,11.896441,1.753688
4621,0.563292,0.614683,nan,0.153003,nan,1.545912
4622,0.538457,0.689422,20.215080,0.152982,13.887960,1.520055
4623,0.600372,0.562736,nan,0.152982,nan,1.624060
4624,0.641981,0.531397,17.167767,0.152960,11.914387,1.733819
4625,0.556733,0.766423,nan,0.152960,nan,1.538032
4626,0.610835,0.906520,19.949512,0.152939,14.997901,1.657691
4627,0.540895,0.867822,nan,0.152939,nan,1.535160
4628,0.618355,0.507231,15.206249,0.152917,13.924946,1.647231
4629,0.700179,0.489558,nan,0.152917,nan,1.855496
4630,0.627684,0.866923,15.280149,0.152896,12.377153,1.691026
4631,0.834994,0.766967,nan,0.152896,nan,2.122332
4632,0.892131,0.622795,17.957689,0.152874,13.295673,2.252234
4633,0.570589,0.809323,nan,0.152874,nan,1.598846
4634,0.492855,0.541356,19.454128,0.152853,13.244001,1.404293
4635,0.613218,0.733433,nan,0.152853,nan,1.660331
4636,0.638726,0.543819,17.789967,0.152831,12.847972,1.734407
4637,0.656297,0.551098,nan,0.152831,nan,1.767478
4638,0.598835,0.759508,17.038422,0.152810,12.645010,1.625082
4639,0.995674,0.560242,nan,0.152810,nan,2.445038
4640,1.132080,0.567199,17.793144,0.152789,12.848137,2.719953
4641,0.669819,0.771575,nan,0.152789,nan,1.812798
4642,0.592194,0.581523,20.013380,0.152767,12.309094,1.616285
4643,0.716838,0.795289,nan,0.152767,nan,1.897059
4644,0.796452,0.868185,22.339033,0.152746,12.744576,2.011846
4645,1.227101,0.507434,nan,0.152746,nan,2.936734
4646,0.530603,0.535420,17.934786,0.152725,13.001680,1.478283
4647,0.610406,0.586391,nan,0.152725,nan,1.646758
4648,0.727856,0.636895,18.048023,0.152704,11.357487,1.904141
4649,0.517514,0.469817,nan,0.152704,nan,1.446245
4650,0.666307,0.853490,17.673378,0.152683,12.784879,1.758067
4651,0.466968,0.646470,nan,0.152683,nan,1.364477
4652,0.420507,0.744614,18.654100,0.152662,13.464274,1.263765
4653,0.600354,0.636212,nan,0.152662,nan,1.640052
4654,0.580194,0.687217,17.350691,0.152641,13.538293,1.587463
4655,0.583249,0.671036,nan,0.152641,nan,1.594893
4656,0.635411,0.687388,18.131994,0.152620,14.347160,1.716160
4657,0.597373,0.551842,nan,0.152620,nan,1.590995
4658,0.485489,0.777026,20.570965,0.152598,13.236565,1.355652
4659,0.409812,0.546611,nan,0.152598,nan,1.259366
4660,0.776557,0.696953,18.353609,0.152577,14.559937,2.004660
4661,0.640051,0.660371,nan,0.152577,nan,1.729060
4662,0.843262,0.593313,16.417004,0.152556,9.422920,2.167729
4663,0.403531,0.701267,nan,0.152556,nan,1.222571
4664,0.437972,0.538270,18.404163,0.152535,11.953896,1.317338
4665,0.720248,0.469507,nan,0.152535,nan,1.893312
4666,0.752122,0.507396,18.398344,0.152514,13.044109,1.960055
4667,0.839723,0.914288,nan,0.152514,nan,2.112929
4668,0.549850,0.344998,19.185226,0.152493,12.104266,1.516722
4669,0.690036,0.621523,nan,0.152493,nan,1.837348
4670,0.681148,0.570758,18.691887,0.152473,13.658520,1.817683
4671,0.673232,0.689207,nan,0.152473,nan,1.781364
4672,0.525608,0.666386,20.292465,0.152452,12.664119,1.468678
4673,0.595362,0.855162,nan,0.152452,nan,1.647118
4674,0.688557,0.765040,17.974520,0.152431,14.376650,1.806808
4675,0.501005,0.630258,nan,0.152431,nan,1.441637
4676,0.619702,0.900697,21.627468,0.152410,13.978233,1.680341
4677,0.736745,0.719246,nan,0.152410,nan,1.899845
4678,0.776191,0.487960,20.560217,0.152389,12.632874,2.008605
4679,0.463319,0.471804,nan,0.152389,nan,1.339385
4680,0.343125,0.560925,20.416616,0.152368,12.953311,1.082392
4681,0.423958,0.754067,nan,0.152368,nan,1.232706
4682,0.463163,0.765025,19.883888,0.152346,14.939054,1.366315
4683,0.717865,0.715631,nan,0.152346,nan,1.864559
4684,0.653367,0.470625,16.387396,0.152325,15.202034,1.742127
4685,0.651706,0.645073,nan,0.152325,nan,1.731458
4686,0.550614,0.563227,20.545963,0.152304,10.823350,1.547454
4687,0.441256,0.640481,nan,0.152304,nan,1.279546
4688,0.647378,0.483214,19.718048,0.152283,13.499039,1.726912
4689,0.575890,0.534115,nan,0.152283,nan,1.603866
4690,0.553806,0.530071,20.760342,0.152261,13.167326,1.539741
4691,0.657514,0.569148,nan,0.152261,nan,1.751313
4692,0.416385,0.471144,17.158413,0.152240,13.697140,1.260294
4693,0.656673,0.631282,nan,0.152240,nan,1.765135
4694,0.889344,1.037022,19.220852,0.152219,12.358263,2.234396
4695,0.686826,0.782621,nan,0.152219,nan,1.804553
4696,0.737870,0.631521,17.172953,0.152198,13.457132,1.929018
4697,0.757674,0.519714,nan,0.152198,nan,1.958930
4698,0.676395,0.668642,17.802820,0.152177,14.637110,1.802355
4699,0.593368,0.800285,nan,0.152177,nan,1.624118
4700,0.783756,0.895668,18.671345,0.152156,12.403357,1.997470
4701,0.733039,0.817434,nan,0.152156,nan,1.914112
4702,0.448005,0.415197,18.624325,0.152135,13.785864,1.278465
4703,0.595150,0.635207,nan,0.152135,nan,1.618672
4704,0.909262,0.640306,17.399765,0.152113,12.292351,2.270498
4705,0.474004,0.860929,nan,0.152113,nan,1.389247
4706,0.594485,0.612750,20.235649,0.152092,13.702488,1.614444
4707,0.640200,0.680939,nan,0.152092,nan,1.694366
4708,0.402780,0.444282,19.634047,0.152071,13.340168,1.202814
4709,0.469760,0.572981,nan,0.152071,nan,1.352417
4710,0.433889,0.582271,18.087492,0.152050,14.261032,1.288628
4711,0.735237,0.877725,nan,0.152050,nan,1.905916
4712,0.671936,0.752377,18.020939,0.152029,16.023832,1.791279
4713,0.622550,0.653747,nan,0.152029,nan,1.685974
4714,0.547394,0.319174,19.645617,0.152007,14.341900,1.521804
4715,1.138674,1.060060,nan,0.152007,nan,2.741651
4716,0.782328,0.424511,20.911697,0.151985,15.114244,2.039153
4717,0.753347,1.151829,nan,0.151985,nan,1.964140
4718,0.391709,1.197222,17.442057,0.151963,16.036201,1.171614
4719,0.731619,0.768178,nan,0.151963,nan,1.897926
4720,0.673049,0.623704,18.065430,0.151941,13.644671,1.773431
4721,0.986757,0.606541,nan,0.151941,nan,2.438191
4722,0.618999,0.388086,19.682110,0.151919,14.478596,1.655995
4723,0.891622,1.040351,nan,0.151919,nan,2.265571
4724,0.780191,0.411880,19.505836,0.151898,13.944563,2.006566
4725,0.617800,1.195866,nan,0.151898,nan,1.663902
4726,0.645577,0.919803,18.670021,0.151876,14.712127,1.756490
4727,0.470432,0.547457,nan,0.151876,nan,1.342042
4728,0.609493,0.634545,18.525063,0.151853,15.459454,1.601225
4729,0.845091,1.155641,nan,0.151853,nan,2.153363
4730,0.471329,0.422540,20.472317,0.151831,14.697681,1.367484
4731,1.147780,1.058393,nan,0.151831,nan,2.759302
4732,0.777278,0.387672,19.195646,0.151809,14.328967,1.989443
4733,0.591107,0.744387,nan,0.151809,nan,1.599724
4734,0.540927,0.651006,19.702749,0.151787,14.204129,1.491249
4735,0.479325,0.948234,nan,0.151787,nan,1.397073
4736,0.505564,0.672755,20.883404,0.151765,15.206222,1.427879
4737,0.445898,0.831723,nan,0.151765,nan,1.315757
4738,0.829561,0.501809,17.457218,0.151743,14.228643,2.102850
4739,0.648209,0.546367,nan,0.151743,nan,1.754658
4740,0.569369,0.702283,17.570034,0.151721,13.895269,1.550856
4741,0.605002,0.741420,nan,0.151721,nan,1.631828
4742,0.504542,0.590384,17.343283,0.151699,13.553627,1.423324
4743,0.609989,0.676538,nan,0.151699,nan,1.596504
4744,0.553931,0.522385,19.147810,0.151677,15.238565,1.525845
4745,0.527073,0.450462,nan,0.151677,nan,1.493567
4746,0.673878,0.399438,18.208107,0.151655,12.155483,1.774354
4747,0.572789,0.675273,nan,0.151655,nan,1.581132
4748,0.342883,0.441366,19.759190,0.151633,11.844353,1.085579
4749,0.422839,0.562711,nan,0.151633,nan,1.247474
4750,0.552504,0.504946,16.595036,0.151612,13.107372,1.516490
4751,0.473267,0.799723,nan,0.151612,nan,1.338799
4752,0.475090,0.438430,19.561697,0.151590,13.803921,1.375187
4753,0.377929,0.476757,nan,0.151590,nan,1.165238
4754,0.386594,0.467666,18.110273,0.151569,12.968632,1.177813
4755,0.710494,0.863236,nan,0.151569,nan,1.861889
4756,0.611500,0.764758,18.403854,0.151548,12.599285,1.629027
4757,0.581165,0.796883,nan,0.151548,nan,1.534999
4758,0.501963,0.728047,16.464844,0.151527,13.083590,1.390311
4759,0.438954,0.538099,nan,0.151527,nan,1.301574
4760,0.498936,0.370527,18.854376,0.151506,15.008641,1.402757
4761,0.649124,0.637191,nan,0.151506,nan,1.692445
4762,0.504859,0.474188,17.463728,0.151485,13.091232,1.389971
4763,0.469757,0.518206,nan,0.151485,nan,1.317966
4764,0.697014,0.759714,17.965012,0.151463,13.833961,1.823771
4765,0.683316,0.641991,nan,0.151463,nan,1.802948
4766,0.683725,0.624946,17.811615,0.151442,14.581682,1.824958
4767,0.587649,0.580341,nan,0.151442,nan,1.592605
4768,0.562749,0.729761,18.314823,0.151421,13.534625,1.517234
4769,0.639997,0.704212,nan,0.151421,nan,1.724102
4770,0.687220,0.549805,18.336735,0.151400,15.533631,1.760226
4771,0.548710,0.453360,nan,0.151400,nan,1.510045
4772,0.414330,0.560985,20.239712,0.151378,12.388453,1.204764
4773,0.406419,0.459859,nan,0.151378,nan,1.212952
4774,0.629115,0.789895,18.283920,0.151357,14.630654,1.701657
4775,0.474321,0.548659,nan,0.151357,nan,1.351243
4776,0.854273,0.829061,18.816401,0.151336,13.251169,2.135082
4777,0.513150,0.513711,nan,0.151336,nan,1.461705
4778,0.559454,0.529851,16.646662,0.151314,15.231604,1.533479
4779,0.430263,0.524822,nan,0.151314,nan,1.282411
4780,0.669165,0.711921,16.421917,0.151293,15.117267,1.777878
4781,0.829767,0.688084,nan,0.151293,nan,2.114819
4782,0.633714,0.709629,17.905939,0.151271,15.963434,1.696671
4783,0.594638,0.679866,nan,0.151271,nan,1.644908
4784,0.462861,0.633718,19.617641,0.151250,9.794719,1.300961
4785,0.494167,0.430433,nan,0.151250,nan,1.402676
4786,0.711268,0.603507,16.866295,0.151229,12.499012,1.864554
4787,0.550508,0.538059,nan,0.151229,nan,1.519304
4788,0.486865,0.485452,19.193472,0.151208,14.056488,1.370770
4789,0.773439,0.913687,nan,0.151208,nan,2.008703
4790,0.426198,0.514498,17.989580,0.151187,16.069845,1.256756
4791,0.632342,0.652531,nan,0.151187,nan,1.698616
4792,0.493031,0.448934,18.297224,0.151165,15.050726,1.415408
4793,0.554537,0.511392,nan,0.151165,nan,1.510251
4794,0.690331,0.478431,20.063078,0.151144,13.136005,1.815999
4795,0.488033,0.479848,nan,0.151144,nan,1.362505
4796,0.673616,0.580320,17.621988,0.151123,16.288130,1.758780
4797,0.620608,0.414535,nan,0.151123,nan,1.684132
4798,0.371639,0.566885,17.113262,0.151101,14.379442,1.115330
4799,0.708658,0.841274,nan,0.151101,nan,1.825824
4800,0.326758,0.453292,18.719818,0.151080,14.474180,1.038646
4801,0.716949,0.715688,nan,0.151080,nan,1.885553
4802,0.647355,0.724958,19.448009,0.151058,13.431843,1.711825
4803,0.486120,0.570946,nan,0.151058,nan,1.396833
4804,0.494974,0.352460,19.303331,0.151037,14.834227,1.418136
4805,0.447986,0.835958,nan,0.151037,nan,1.309655
4806,0.610758,0.599221,17.499298,0.151015,14.111073,1.666560
4807,0.672180,0.680377,nan,0.151015,nan,1.774863
4808,0.464068,0.571398,17.663933,0.150994,16.605467,1.296116
4809,0.355710,0.376981,nan,0.150994,nan,1.101408
4810,0.614022,0.893859,18.052868,0.150972,13.914431,1.687225
4811,0.268471,0.336017,nan,0.150972,nan,0.911754
4812,0.543675,0.451779,19.723396,0.150950,14.583072,1.480155
4813,0.713743,0.744637,nan,0.150950,nan,1.878296
4814,0.554426,0.818292,20.144989,0.150929,14.215926,1.556262
4815,0.754474,0.647968,nan,0.150929,nan,1.970190
4816,0.498958,0.549420,20.601543,0.150907,12.314848,1.405566
4817,0.426594,1.015256,nan,0.150907,nan,1.272660
4818,0.660816,0.624363,18.001118,0.150886,14.685106,1.754176
4819,0.554923,0.605492,nan,0.150886,nan,1.560426
4820,0.317553,0.531053,19.423336,0.150865,13.681035,1.048011
4821,0.500460,0.549445,nan,0.150865,nan,1.424096
4822,0.293622,0.397084,20.709444,0.150843,14.378668,0.971220
4823,1.025174,0.971819,nan,0.150843,nan,2.498708
4824,0.363464,0.434786,19.658878,0.150822,15.638524,1.100953
4825,0.587664,0.450442,nan,0.150822,nan,1.628131
4826,0.517277,0.503168,18.638699,0.150800,14.318419,1.430289
4827,0.595721,0.636862,nan,0.150800,nan,1.630473
4828,0.662056,0.604721,19.442301,0.150779,14.025185,1.761184
4829,0.632263,1.096155,nan,0.150779,nan,1.682588
4830,0.523632,1.024636,17.774191,0.150757,16.029346,1.481524
4831,0.640299,0.770872,nan,0.150757,nan,1.738521
4832,0.497383,0.668084,19.275591,0.150736,13.865641,1.434620
4833,0.526605,0.667317,nan,0.150736,nan,1.483029
4834,0.905490,0.611097,18.141098,0.150714,13.536474,2.266840
4835,0.635002,0.633346,nan,0.150714,nan,1.713946
4836,0.414021,0.561375,20.207520,0.150693,14.751094,1.251953
4837,0.827810,0.866120,nan,0.150693,nan,2.074197
4838,0.495078,0.824678,16.966526,0.150672,13.202979,1.427639
4839,1.170145,0.491267,nan,0.150672,nan,2.823449
4840,0.813195,0.586278,18.593121,0.150650,14.940404,2.067191
4841,0.746057,1.050927,nan,0.150650,nan,1.942672
4842,0.643846,0.836146,18.118904,0.150629,14.892765,1.709642
4843,0.798043,0.604242,nan,0.150629,nan,2.043604
4844,0.603799,0.410128,18.992508,0.150608,14.717439,1.633256
4845,0.360921,0.502037,nan,0.150608,nan,1.111074
4846,0.497439,0.709108,18.252026,0.150586,14.576275,1.414319
4847,0.654314,0.676804,nan,0.150586,nan,1.724200
4848,0.596403,0.480143,19.504902,0.150565,13.662823,1.621332
4849,0.622194,0.501204,nan,0.150565,nan,1.677555
4850,0.607188,0.921909,20.887428,0.150544,13.172371,1.652925
4851,0.498633,0.498946,nan,0.150544,nan,1.418240
4852,1.211944,1.412394,23.113644,0.150523,14.722117,2.898777
4853,1.247850,1.465904,nan,0.150523,nan,2.966735
4854,0.593323,0.555034,23.801777,0.150501,14.904160,1.603896
4855,1.695765,2.621588,nan,0.150501,nan,3.884800
4856,1.756037,2.672545,22.824333,0.150480,14.261571,4.000534
4857,0.739366,0.543418,nan,0.150480,nan,1.908496
4858,1.111160,2.043201,23.960272,0.150459,14.709039,2.688675
4859,1.998327,2.911862,nan,0.150459,nan,4.483328
4860,1.372162,2.127943,19.315460,0.150437,14.929255,3.226889
4861,1.404587,1.028096,nan,0.150437,nan,3.284466
4862,2.488113,1.818090,25.460945,0.150416,14.602038,5.463648
4863,1.882392,1.277548,nan,0.150416,nan,4.239578
4864,0.942382,0.754747,18.981770,0.150395,14.612014,2.341586
4865,0.446506,1.121181,nan,0.150395,nan,1.267605
4866,0.552938,0.445900,20.040113,0.150374,12.995454,1.539560
4867,0.431324,0.493716,nan,0.150374,nan,1.297473
4868,0.410304,0.539563,21.053534,0.150353,13.890490,1.215662
4869,0.600007,0.578659,nan,0.150353,nan,1.629028
4870,0.753389,0.687110,19.234291,0.150331,16.182171,1.966888
4871,0.607775,0.770584,nan,0.150331,nan,1.651767
4872,0.528811,0.899790,21.475792,0.150310,15.278463,1.476046
4873,1.231230,1.056596,nan,0.150310,nan,2.919649
4874,0.713105,0.692584,21.383623,0.150288,16.387604,1.883808
4875,0.699445,0.566129,nan,0.150288,nan,1.860450
4876,0.698796,0.618855,20.557335,0.150267,16.736656,1.814653
4877,0.452891,0.537172,nan,0.150267,nan,1.313417
4878,0.665873,0.981503,19.425611,0.150245,13.321765,1.745224
4879,0.761572,0.756952,nan,0.150245,nan,1.988096
4880,0.747967,0.575662,20.187103,0.150224,14.063902,1.929271
4881,0.849904,0.799122,nan,0.150224,nan,2.162288
4882,0.778065,1.010266,21.150496,0.150202,16.618023,2.008114
4883,0.571075,0.859903,nan,0.150202,nan,1.555127
4884,0.529577,0.641543,20.058205,0.150181,14.725775,1.501797
4885,0.745037,0.800857,nan,0.150181,nan,1.947232
4886,0.839712,0.587051,21.520763,0.150159,15.617921,2.136905
4887,0.873659,0.720204,nan,0.150159,nan,2.159278
4888,0.861487,0.681110,23.779774,0.150137,16.131109,2.151606
4889,1.049843,1.504135,nan,0.150137,nan,2.552502
4890,0.776771,0.765108,20.484066,0.150115,14.656982,1.994934
4891,0.955298,0.765014,nan,0.150115,nan,2.347880
4892,0.692404,0.510306,19.590855,0.150093,17.407892,1.822227
4893,0.683261,0.788004,nan,0.150093,nan,1.798648
4894,0.796395,0.928293,21.851063,0.150072,14.863485,2.034735
4895,0.907194,0.857685,nan,0.150072,nan,2.286888
4896,0.851633,0.610552,19.686409,0.150050,14.623026,2.145786
4897,0.618870,0.504935,nan,0.150050,nan,1.676445
4898,0.723760,0.600102,19.261484,0.150028,14.122431,1.872844
4899,0.731551,0.791724,nan,0.150028,nan,1.895912
4900,0.812485,0.586303,20.060894,0.150007,12.639880,2.067910
4901,0.816706,0.931623,nan,0.150007,nan,2.076782
4902,0.632912,0.584415,21.924995,0.149985,15.416075,1.711585
4903,0.461817,0.690513,nan,0.149985,nan,1.350631
4904,0.687935,0.467414,21.278267,0.149964,12.902233,1.813973
4905,0.625685,0.594190,nan,0.149964,nan,1.708859
4906,0.792089,0.425123,21.747002,0.149943,14.200433,2.032371
4907,0.594751,0.640674,nan,0.149943,nan,1.609060
4908,0.549171,0.556097,19.881863,0.149921,16.570049,1.519638
4909,0.686764,0.894687,nan,0.149921,nan,1.791088
4910,0.494919,0.717688,21.675005,0.149900,15.495586,1.398147
4911,0.485035,0.663861,nan,0.149900,nan,1.356974
4912,1.061418,0.822345,20.142994,0.149879,14.318201,2.567076
4913,0.667590,0.627097,nan,0.149879,nan,1.787072
4914,0.526842,0.396246,21.339149,0.149857,16.137297,1.448205
4915,0.545318,0.603476,nan,0.149857,nan,1.498526
4916,0.607043,0.595489,20.803034,0.149836,13.858375,1.641763
4917,0.467542,0.567438,nan,0.149836,nan,1.332627
4918,0.768277,0.711890,20.881424,0.149815,14.824553,1.960972
4919,0.571217,0.510297,nan,0.149815,nan,1.549310
4920,0.515100,0.518258,19.274574,0.149793,15.037233,1.450348
4921,0.699241,0.271563,nan,0.149793,nan,1.843891
4922,0.566479,0.617715,22.475534,0.149772,12.713593,1.559733
4923,0.720935,0.699889,nan,0.149772,nan,1.872088
4924,0.446535,0.410368,22.337944,0.149751,17.096786,1.311537
4925,1.366951,1.490303,nan,0.149751,nan,3.203260
4926,1.283747,0.697273,20.116093,0.149729,16.038937,3.030484
4927,0.519303,0.880371,nan,0.149729,nan,1.457052
4928,0.623319,0.770720,21.979322,0.149708,14.532373,1.680525
4929,0.903895,0.505376,nan,0.149708,nan,2.254783
4930,0.570144,0.509032,21.510189,0.149687,12.533692,1.555334
4931,0.630057,0.808640,nan,0.149687,nan,1.683946
4932,0.498335,0.731714,21.569759,0.149666,15.132153,1.434449
4933,0.782549,0.680105,nan,0.149666,nan,2.005707
4934,0.475751,0.434680,19.930481,0.149645,13.519400,1.371571
4935,0.585588,0.677419,nan,0.149645,nan,1.581338
4936,0.381527,0.501167,19.661417,0.149624,14.282576,1.157395
4937,0.544598,0.554379,nan,0.149624,nan,1.506235
4938,0.954126,0.712349,21.692316,0.149603,12.225485,2.359580
4939,0.783163,0.662138,nan,0.149603,nan,1.992353
4940,0.962340,0.992571,23.851154,0.149583,13.992130,2.382495
4941,1.514085,0.921954,nan,0.149583,nan,3.509222
4942,0.622190,0.531059,21.825899,0.149562,14.783032,1.670617
4943,1.584140,1.571393,nan,0.149562,nan,3.649310
4944,1.355250,1.183189,19.869869,0.149541,16.122040,3.189277
4945,0.867645,0.952855,nan,0.149541,nan,2.190130
4946,1.377599,1.542253,22.682333,0.149521,13.690048,3.224824
4947,0.679046,0.598448,nan,0.149521,nan,1.809523
4948,0.972324,0.854612,22.227959,0.149500,15.166296,2.379191
4949,0.874737,1.666251,nan,0.149500,nan,2.212882
4950,0.702963,0.808551,22.061960,0.149479,15.751337,1.819674
4951,1.548431,1.231971,nan,0.149479,nan,3.573943
4952,1.210179,1.119333,19.316528,0.149458,14.884451,2.901060
4953,0.518883,1.281449,nan,0.149458,nan,1.448851
4954,0.832821,1.530626,20.584873,0.149437,16.373108,2.120064
4955,0.515979,0.599091,nan,0.149437,nan,1.467543
4956,1.286317,0.877849,23.822168,0.149416,14.771093,3.049303
4957,1.181914,1.842069,nan,0.149416,nan,2.827754
4958,0.833138,0.866624,20.937775,0.149395,16.439579,2.131866
4959,0.962083,1.204855,nan,0.149395,nan,2.394269
4960,1.435084,0.843991,20.488461,0.149374,15.195906,3.346823
4961,0.759245,0.867175,nan,0.149374,nan,1.940056
4962,0.764973,1.505821,21.545418,0.149352,16.405670,1.974962
4963,0.494537,0.504884,nan,0.149352,nan,1.403201
4964,1.382809,1.019871,24.241745,0.149331,12.462193,3.235517
4965,1.593697,1.473628,nan,0.149331,nan,3.673048
4966,0.913740,0.831719,19.929686,0.149310,13.455748,2.257113
4967,0.796518,1.436705,nan,0.149310,nan,2.025074
4968,0.753582,1.357776,19.482285,0.149289,15.386166,1.965191
4969,1.046088,0.959777,nan,0.149289,nan,2.552402
4970,1.374344,1.332952,20.730537,0.149268,16.047298,3.211905
4971,0.602335,0.808580,nan,0.149268,nan,1.618772
4972,1.069153,1.055944,23.380554,0.149247,13.987732,2.570626
4973,1.502447,1.094078,nan,0.149247,nan,3.478741
4974,0.921684,0.568692,21.048559,0.149227,15.159107,2.288131
4975,0.880812,1.488211,nan,0.149227,nan,2.185493
4976,1.119264,1.068853,18.998180,0.149206,15.297914,2.689833
4977,0.881563,0.913455,nan,0.149206,nan,2.217621
4978,1.045161,1.549105,20.142525,0.149185,15.146324,2.554090
4979,0.827877,0.928316,nan,0.149185,nan,2.089964
4980,0.803803,1.269868,20.284441,0.149164,13.862164,2.034329
4981,1.487246,1.649155,nan,0.149164,nan,3.443648
4982,0.722072,1.567838,19.127863,0.149143,15.987963,1.876121
4983,1.157949,0.716920,nan,0.149143,nan,2.769653
4984,1.144034,0.581588,18.842012,0.149122,14.210339,2.737158
4985,0.759657,1.201405,nan,0.149122,nan,1.923458
4986,1.099733,1.629201,19.189465,0.149101,16.115528,2.666326
4987,0.673961,0.660985,nan,0.149101,nan,1.741857
4988,1.203753,0.711276,23.370045,0.149080,13.219318,2.871074
4989,1.522182,1.158240,nan,0.149080,nan,3.531819
4990,0.994470,0.705429,20.996058,0.149059,14.837296,2.440458
4991,0.877617,0.993024,nan,0.149059,nan,2.184207
4992,0.922473,1.079917,19.498667,0.149039,13.596336,2.301835
4993,1.267485,0.797198,nan,0.149039,nan,3.016875
4994,1.181489,1.560602,20.797497,0.149018,15.446633,2.807279
4995,1.079085,0.705117,nan,0.149018,nan,2.618395
4996,0.874282,1.066343,21.209156,0.148998,12.720369,2.164623
4997,0.945132,1.470291,nan,0.148998,nan,2.329545
4998,0.721563,0.795023,21.610973,0.148977,15.414989,1.886056
4999,1.268762,1.483380,nan,0.148977,nan,3.004029
5000,0.978659,1.857350,18.871355,0.148956,15.436227,2.428221
5001,0.597630,0.641677,nan,0.148956,nan,1.595516
5002,0.660817,0.937748,20.264717,0.148936,15.240739,1.722609
5003,0.510580,0.585088,nan,0.148936,nan,1.445701
5004,0.565122,0.672692,18.988319,0.148915,14.031237,1.549311
5005,0.667390,0.670689,nan,0.148915,nan,1.764004
5006,0.839011,0.602127,20.604702,0.148894,16.609283,2.133782
5007,0.723054,0.713251,nan,0.148894,nan,1.872330
5008,0.715454,0.799972,18.601526,0.148874,15.288009,1.876063
5009,0.642079,0.793166,nan,0.148874,nan,1.720402
5010,0.437792,0.553728,21.167683,0.148853,13.401305,1.300140
5011,0.467986,0.445535,nan,0.148853,nan,1.382975
5012,0.678056,0.815411,18.781059,0.148832,15.608879,1.791274
5013,0.659294,0.523948,nan,0.148832,nan,1.749219
5014,0.459332,1.394848,19.784943,0.148812,14.293274,1.316641
5015,0.770075,1.017189,nan,0.148812,nan,1.975636
5016,0.672452,0.631664,21.696274,0.148791,15.421246,1.777915
5017,0.698592,0.892172,nan,0.148791,nan,1.826828
5018,0.861184,0.601793,20.734133,0.148770,15.416590,2.131114
5019,0.753738,0.581663,nan,0.148770,nan,1.952657
5020,0.651123,0.693387,18.587528,0.148750,12.618377,1.752535
5021,0.540912,0.623330,nan,0.148750,nan,1.494338
5022,0.563437,1.082621,20.383247,0.148730,14.901053,1.529122
5023,0.838133,0.977628,nan,0.148730,nan,2.124419
5024,0.494276,0.480105,19.287296,0.148709,13.688625,1.398128
5025,1.255447,0.635369,nan,0.148709,nan,2.980152
5026,0.444288,0.449468,21.709602,0.148689,13.941641,1.298088
5027,1.730224,0.821620,nan,0.148689,nan,3.943817
5028,1.342338,0.728335,21.150469,0.148668,17.772459,3.152673
5029,0.605485,1.663700,nan,0.148668,nan,1.650309
5030,0.689376,2.168478,21.398643,0.148648,14.243519,1.823771
5031,0.418164,1.031934,nan,0.148648,nan,1.233012
5032,1.244524,0.553609,20.878433,0.148627,15.975323,2.954217
5033,1.517422,1.054147,nan,0.148627,nan,3.513686
5034,0.622081,0.659505,19.744436,0.148607,15.011458,1.671065
5035,1.325643,0.953456,nan,0.148607,nan,3.116540
5036,1.471806,0.647564,19.992489,0.148586,14.621504,3.416010
5037,0.664307,1.091427,nan,0.148586,nan,1.774074
5038,0.913919,1.410182,17.534054,0.148566,14.286337,2.259131
5039,0.930108,1.202110,nan,0.148566,nan,2.309572
5040,1.260844,0.443368,22.223108,0.148545,14.714188,2.996902
5041,1.310778,1.041524,nan,0.148545,nan,3.085823
5042,0.668217,0.689921,20.281223,0.148525,14.678931,1.787388
5043,1.246156,1.087781,nan,0.148525,nan,2.943786
5044,1.283415,0.920481,20.623959,0.148504,14.496257,3.040668
5045,0.732973,0.797364,nan,0.148504,nan,1.895401
5046,0.647333,1.063215,20.491001,0.148484,14.683788,1.729639
5047,0.436166,0.478153,nan,0.148484,nan,1.285445
5048,0.786751,0.594143,19.586416,0.148464,14.364448,2.034249
5049,0.512247,1.058801,nan,0.148464,nan,1.448389
5050,0.480951,1.047134,19.480478,0.148443,15.321781,1.377140
5051,0.826142,0.773372,nan,0.148443,nan,2.095757
5052,0.757895,0.920046,17.509624,0.148423,16.708946,1.951176
5053,0.950706,0.518459,nan,0.148423,nan,2.350707
5054,1.414064,0.593420,19.096334,0.148402,14.996229,3.270147
5055,0.466874,0.742723,nan,0.148402,nan,1.318413
5056,0.706059,0.894239,17.378399,0.148382,13.554962,1.859049
5057,1.019741,0.919902,nan,0.148382,nan,2.493975
5058,0.856660,0.843965,18.886700,0.148361,17.749317,2.169680
5059,0.857310,0.485928,nan,0.148361,nan,2.179149
5060,1.077685,0.591715,19.948177,0.148341,13.648254,2.611958
5061,0.715714,0.782629,nan,0.148341,nan,1.836037
5062,0.418952,0.672001,19.253702,0.148320,16.026331,1.220281
5063,0.429072,0.476683,nan,0.148320,nan,1.249029
5064,0.663676,0.643955,16.781509,0.148300,15.472305,1.741404
5065,0.781397,0.694597,nan,0.148300,nan,2.001376
5066,0.874480,0.631838,18.504993,0.148279,15.957638,2.197323
5067,0.546745,0.983886,nan,0.148279,nan,1.499993
5068,0.590962,1.304774,18.046579,0.148258,15.273563,1.582418
5069,1.047303,0.633880,nan,0.148258,nan,2.541223
5070,1.332679,0.769165,18.714069,0.148238,14.764894,3.133995
5071,0.906063,0.916206,nan,0.148238,nan,2.250050
5072,0.855686,0.935392,18.142460,0.148217,17.563286,2.140913
5073,0.591816,0.715696,nan,0.148217,nan,1.584855
5074,0.754763,0.926699,19.140495,0.148196,15.492623,1.929236
5075,0.934895,0.709746,nan,0.148196,nan,2.304376
5076,1.005294,0.765399,17.726311,0.148175,17.230221,2.470021
5077,0.653393,0.782444,nan,0.148175,nan,1.727194
5078,0.909977,0.968689,16.712870,0.148154,14.765690,2.227286
5079,0.652587,0.960007,nan,0.148154,nan,1.744892
5080,0.815361,1.255599,18.207058,0.148133,16.826191,2.074757
5081,0.744504,0.483456,nan,0.148133,nan,1.912092
5082,0.928940,0.620858,16.403343,0.148112,14.954935,2.316928
5083,0.566494,0.903088,nan,0.148112,nan,1.545185
5084,0.881268,0.921003,17.814266,0.148091,15.240454,2.190079
5085,0.786430,0.822646,nan,0.148091,nan,2.006132
5086,0.683468,0.891912,17.166080,0.148070,16.521364,1.771426
5087,0.846568,0.793150,nan,0.148070,nan,2.142206
5088,0.905876,0.606350,19.320393,0.148050,12.996060,2.221153
5089,0.717937,0.724710,nan,0.148050,nan,1.867976
5090,0.674719,1.241948,17.229397,0.148029,16.230230,1.759369
5091,0.899715,0.650257,nan,0.148029,nan,2.240381
5092,0.696649,1.046409,16.824650,0.148008,15.768268,1.802681
5093,0.909617,0.819661,nan,0.148008,nan,2.254401
5094,0.920144,0.601236,17.454224,0.147987,17.019539,2.285942
5095,0.505819,0.845076,nan,0.147987,nan,1.420779
5096,0.934395,0.989399,15.493872,0.147966,17.268375,2.317006
5097,0.855868,0.684118,nan,0.147966,nan,2.159348
5098,0.966816,0.736159,17.608681,0.147945,16.230753,2.370479
5099,0.871951,0.835238,nan,0.147945,nan,2.167916
5100,1.055850,0.560935,17.332130,0.147924,15.918661,2.569311
5101,0.827515,1.004477,nan,0.147924,nan,2.092524
5102,0.875044,0.779175,18.469292,0.147903,15.709823,2.198241
5103,0.646702,1.069488,nan,0.147903,nan,1.710079
5104,0.897017,0.738325,20.865253,0.147882,14.968004,2.258380
5105,0.767797,0.464958,nan,0.147882,nan,1.953460
5106,0.865858,0.898945,17.966942,0.147861,15.772951,2.174667
5107,0.656191,0.527999,nan,0.147861,nan,1.737562
5108,0.889274,0.880716,19.314783,0.147840,16.008335,2.217603
5109,0.631791,0.739730,nan,0.147840,nan,1.684588
5110,0.749905,0.817534,18.031282,0.147819,16.357336,1.938300
5111,0.621283,1.180888,nan,0.147819,nan,1.621280
5112,0.762900,0.751001,18.848234,0.147798,15.147213,1.954260
5113,0.927346,0.730507,nan,0.147798,nan,2.302419
5114,0.858266,0.887552,17.268669,0.147777,17.212055,2.139264
5115,0.797509,0.880644,nan,0.147777,nan,2.022573
5116,1.114502,1.189387,17.691885,0.147756,14.687859,2.653020
5117,0.600523,0.764607,nan,0.147756,nan,1.592361
5118,0.643640,0.644666,17.722908,0.147735,17.630421,1.708966
5119,0.848289,0.791649,nan,0.147735,nan,2.147341
5120,1.012269,0.931859,17.934563,0.147714,16.319473,2.450314
5121,0.717740,0.450241,nan,0.147714,nan,1.860497
5122,0.912975,0.760704,17.157120,0.147693,14.063251,2.257376
5123,0.716662,1.003414,nan,0.147693,nan,1.868354
5124,0.795944,0.940082,17.405039,0.147672,15.253632,2.040426
5125,0.963917,1.105379,nan,0.147672,nan,2.341509
5126,0.685799,1.001171,16.838835,0.147651,16.631229,1.790304
5127,0.577153,0.630740,nan,0.147651,nan,1.577082
5128,0.768630,0.891493,17.907135,0.147631,12.613987,1.955847
5129,0.692760,0.696777,nan,0.147631,nan,1.800870
5130,0.881484,0.737832,17.912910,0.147610,13.727419,2.188487
5131,0.616899,0.701917,nan,0.147610,nan,1.618714
5132,0.861077,0.824265,16.605145,0.147590,14.171060,2.156983
5133,0.944976,0.698952,nan,0.147590,nan,2.322010
5134,0.906305,0.701634,17.668938,0.147570,15.390453,2.250977
5135,0.767006,0.678398,nan,0.147570,nan,1.952049
5136,0.783047,0.839790,16.149731,0.147549,19.216854,2.008444
5137,0.981166,0.976473,nan,0.147549,nan,2.376374
5138,0.821994,1.176898,19.186543,0.147529,12.314457,2.069264
5139,0.712851,0.521283,nan,0.147529,nan,1.857729
5140,0.788045,0.944336,18.420750,0.147509,16.166353,1.991767
5141,0.551963,0.862312,nan,0.147509,nan,1.496579
5142,0.880441,0.718873,17.559040,0.147488,15.806606,2.193627
5143,0.505662,0.903335,nan,0.147488,nan,1.407142
5144,0.661017,0.985447,17.254723,0.147468,15.730956,1.759049
5145,0.860871,0.536902,nan,0.147468,nan,2.166240
5146,1.174043,0.995841,16.515549,0.147447,17.688725,2.803648
5147,0.650844,0.734053,nan,0.147447,nan,1.740890
5148,0.726239,0.911932,16.570251,0.147427,16.990242,1.868716
5149,0.723162,0.850934,nan,0.147427,nan,1.852357
5150,0.847229,1.067075,17.318859,0.147406,14.709696,2.123445
5151,1.033695,0.720430,nan,0.147406,nan,2.516212
5152,0.753753,1.177884,16.255306,0.147385,17.246052,1.935416
5153,0.775943,0.896367,nan,0.147385,nan,1.973115
5154,0.943149,0.582158,17.317635,0.147364,15.890136,2.312070
5155,0.722022,1.231589,nan,0.147364,nan,1.857859
5156,0.986057,0.721488,16.793325,0.147344,17.067398,2.437838
5157,0.801057,0.998176,nan,0.147344,nan,2.030428
5158,0.845820,0.691416,17.490501,0.147323,18.100887,2.116936
5159,0.458603,0.952258,nan,0.147323,nan,1.322862
5160,0.884126,0.932041,16.197403,0.147302,14.202312,2.190043
5161,0.722172,0.664447,nan,0.147302,nan,1.858214
5162,0.982422,1.150310,15.355887,0.147281,14.484813,2.400616
5163,0.400513,0.517682,nan,0.147281,nan,1.210411
5164,0.722777,0.684043,17.391357,0.147261,14.323785,1.878321
5165,0.679575,0.727102,nan,0.147261,nan,1.764563
5166,0.635641,0.655065,17.763489,0.147241,12.715427,1.686850
5167,0.701442,0.930174,nan,0.147241,nan,1.793899
5168,0.670624,0.683126,15.815119,0.147220,16.112936,1.767063
5169,0.851997,0.644427,nan,0.147220,nan,2.152864
5170,0.783482,0.955094,19.706760,0.147200,15.332239,2.000396
5171,0.612471,0.644438,nan,0.147200,nan,1.644876
5172,0.533808,0.662108,17.696960,0.147180,16.383150,1.483467
5173,0.677784,0.702148,nan,0.147180,nan,1.775862
5174,0.516295,0.654558,16.706161,0.147159,16.117481,1.420954
5175,0.634541,0.657525,nan,0.147159,nan,1.670020
5176,0.765427,0.671795,15.537876,0.147139,15.268167,1.963701
5177,0.831632,0.900747,nan,0.147139,nan,2.090063
5178,0.657868,0.862629,17.033033,0.147119,15.042858,1.725335
5179,0.746817,0.647918,nan,0.147119,nan,1.912380
5180,0.615465,0.418275,18.953682,0.147099,15.496443,1.658616
5181,0.825824,0.751637,nan,0.147099,nan,2.081000
5182,0.725984,0.775241,16.345993,0.147079,16.132343,1.874881
5183,0.613620,0.503839,nan,0.147079,nan,1.643488
5184,0.671035,0.563184,15.727316,0.147058,13.855059,1.727302
5185,0.746897,0.713366,nan,0.147058,nan,1.889814
5186,0.665933,0.488164,15.356170,0.147038,16.266188,1.760635
5187,0.784790,1.310674,nan,0.147038,nan,2.008767
5188,0.622074,0.632131,18.111124,0.147018,15.818385,1.655039
5189,0.850165,1.768490,nan,0.147018,nan,2.132624
5190,0.768156,1.103573,16.514782,0.146998,17.872860,1.985279
5191,1.255223,0.815346,nan,0.146998,nan,2.950144
5192,1.089859,0.905125,17.106121,0.146978,14.482491,2.613621
5193,0.891729,1.071155,nan,0.146978,nan,2.205560
5194,0.847177,0.973305,15.126071,0.146957,17.263216,2.106452
5195,0.914540,0.877408,nan,0.146957,nan,2.258335
5196,0.474535,0.480242,19.165466,0.146937,15.998754,1.345952
5197,0.854160,0.669984,nan,0.146937,nan,2.157613
5198,0.775437,0.663267,18.267433,0.146916,17.519775,2.004593
5199,0.650125,1.418592,nan,0.146916,nan,1.728255
5200,0.476473,0.751308,18.225645,0.146896,14.746700,1.329527
5201,1.713662,0.409327,nan,0.146896,nan,3.880476
5202,1.661334,0.669959,9.165126,0.146876,13.780539,3.771974
5203,0.470090,0.604967,nan,0.146876,nan,1.280514
5204,0.622024,0.638585,7.232525,0.146855,14.525637,1.602211
5205,0.522902,0.966711,nan,0.146855,nan,1.351924
5206,0.646006,0.666916,7.894598,0.146835,15.649220,1.661529
5207,0.506338,0.378168,nan,0.146835,nan,1.348956
5208,0.950295,0.581283,10.244709,0.146815,16.788837,2.299910
5209,1.088295,0.732452,nan,0.146815,nan,2.585607
5210,0.414974,1.046229,9.461232,0.146795,16.695494,1.166363
5211,0.521951,0.549452,nan,0.146795,nan,1.389402
5212,0.850223,1.204833,9.678043,0.146775,14.962774,2.091141
5213,0.883882,1.269539,nan,0.146775,nan,2.184338
5214,0.553167,0.567963,9.279254,0.146754,17.816879,1.453238
5215,0.983651,1.524583,nan,0.146754,nan,2.388491
5216,0.839347,1.791091,9.651089,0.146734,15.851670,2.109587
5217,0.448562,0.425718,nan,0.146734,nan,1.214454
5218,0.998425,1.014196,10.213585,0.146714,15.626073,2.419986
5219,1.365100,1.988372,nan,0.146714,nan,3.188828
5220,0.943847,1.679056,6.566314,0.146694,15.445325,2.281811
5221,1.376959,0.395756,nan,0.146694,nan,3.204984
5222,1.422865,0.880493,8.991500,0.146673,17.790302,3.293650
5223,1.590243,0.610451,nan,0.146673,nan,3.636304
5224,0.812519,0.478960,7.634764,0.146653,15.005527,2.024756
5225,0.767448,1.296392,nan,0.146653,nan,1.913338
5226,0.694863,1.230540,8.600340,0.146633,14.106838,1.787451
5227,0.377041,0.411316,nan,0.146633,nan,1.060694
5228,0.557897,1.248716,10.960156,0.146612,17.087616,1.462953
5229,0.549636,2.226272,nan,0.146612,nan,1.456314
5230,0.664676,1.547403,8.484280,0.146592,15.180916,1.680246
5231,0.953858,0.782065,nan,0.146592,nan,2.324741
5232,1.083738,0.789112,8.671040,0.146572,15.786067,2.618504
5233,0.678379,0.689925,nan,0.146572,nan,1.738705
5234,0.492067,0.444333,7.153037,0.146552,15.560865,1.273048
5235,0.623418,0.403816,nan,0.146552,nan,1.628513
5236,0.313492,0.398806,6.702298,0.146532,14.744205,0.940826
5237,0.488905,0.407600,nan,0.146532,nan,1.313731
5238,0.345219,0.442000,7.479210,0.146512,15.808816,1.047717
5239,0.855307,0.502653,nan,0.146512,nan,2.117690
5240,0.916190,0.405902,7.441493,0.146492,16.196737,2.272475
5241,0.369247,0.843889,nan,0.146492,nan,1.097480
5242,0.724908,0.803657,6.882056,0.146472,16.369072,1.857898
5243,0.345085,0.315015,nan,0.146472,nan,1.024023
5244,0.394114,0.353489,5.779664,0.146452,15.591836,1.153264
5245,0.569307,0.532924,nan,0.146452,nan,1.498539
5246,0.432809,0.354280,6.276681,0.146432,15.041925,1.195056
5247,0.409472,0.363209,nan,0.146432,nan,1.185945
5248,0.439173,0.387059,7.078372,0.146412,15.136784,1.207764
5249,0.366376,0.328500,nan,0.146412,nan,1.100233
5250,0.342784,0.342187,5.924830,0.146392,15.646084,1.031540
5251,0.621867,0.433591,nan,0.146392,nan,1.620992
5252,0.296946,0.451869,5.860234,0.146372,14.330479,0.933058
5253,0.469872,0.378915,nan,0.146372,nan,1.263450
5254,0.465739,0.413413,6.643843,0.146353,16.388861,1.321031
5255,0.550305,0.346740,nan,0.146353,nan,1.496899
5256,0.629832,0.657256,6.938035,0.146333,16.882418,1.669327
5257,0.541538,0.336299,nan,0.146333,nan,1.482406
5258,0.558097,0.581984,6.221311,0.146313,16.923073,1.491045
5259,0.374871,0.522817,nan,0.146313,nan,1.148781
5260,0.402453,0.351320,5.780021,0.146292,17.318523,1.197560
5261,0.483606,0.350521,nan,0.146292,nan,1.354027
5262,0.511355,0.462159,5.635680,0.146272,16.335556,1.382791
5263,0.360053,0.344912,nan,0.146272,nan,1.109079
5264,0.411070,0.391633,6.027949,0.146252,14.975116,1.217814
5265,0.497274,0.507239,nan,0.146252,nan,1.381076
5266,0.432074,0.367183,6.097221,0.146232,15.890728,1.232609
5267,0.318888,0.448199,nan,0.146232,nan,1.017361
5268,0.359547,0.316657,4.507835,0.146212,16.496536,1.070307
5269,0.476453,0.646937,nan,0.146212,nan,1.321630
5270,0.318143,0.299191,5.748873,0.146192,15.379990,1.009000
5271,0.728705,0.607184,nan,0.146192,nan,1.868905
5272,0.363955,0.355646,5.603288,0.146172,16.753000,1.101680
5273,0.674681,0.422778,nan,0.146172,nan,1.794199
5274,0.512839,0.275780,5.928195,0.146152,16.171043,1.433225
5275,0.288368,0.457598,nan,0.146152,nan,0.935399
5276,0.352678,0.363435,5.462821,0.146132,17.964649,1.090889
5277,0.542357,0.457230,nan,0.146132,nan,1.498162
5278,0.518548,0.732156,4.919094,0.146111,16.692932,1.408645
5279,0.986763,0.556387,nan,0.146111,nan,2.413972
5280,0.497774,0.321700,4.745243,0.146091,15.663063,1.425916
5281,0.339914,0.437584,nan,0.146091,nan,1.052156
5282,0.390955,0.374702,5.071633,0.146071,16.870544,1.148438
5283,0.429950,0.429540,nan,0.146071,nan,1.244159
5284,0.311437,0.477203,4.549049,0.146050,16.135057,0.981998
5285,0.324943,0.469086,nan,0.146050,nan,1.046045
5286,0.740621,0.447939,5.672429,0.146030,16.114830,1.919536
5287,0.416663,0.417270,nan,0.146030,nan,1.225938
5288,0.511173,0.400943,5.448649,0.146010,15.604547,1.438823
5289,0.314804,0.282883,nan,0.146010,nan,0.982916
5290,0.522626,0.534515,4.805161,0.145990,16.811607,1.479235
5291,0.273081,0.287742,nan,0.145990,nan,0.914231
5292,0.471629,0.462684,5.534335,0.145970,14.415571,1.343319
5293,0.390887,0.470746,nan,0.145970,nan,1.169439
5294,0.202149,0.253570,4.656491,0.145950,15.223150,0.736192
5295,0.298002,0.402852,nan,0.145950,nan,0.962206
5296,0.362025,0.323747,4.579596,0.145930,14.161860,1.114066
5297,0.503515,0.455559,nan,0.145930,nan,1.427446
5298,0.290954,0.305993,3.828543,0.145910,17.503815,0.939300
5299,0.376506,0.409951,nan,0.145910,nan,1.123239
5300,0.330930,0.363015,4.015684,0.145891,14.337740,1.044462
5301,0.439171,0.284113,nan,0.145891,nan,1.294269
5302,0.370923,0.360585,4.330452,0.145871,15.984751,1.129951
5303,0.447894,0.303916,nan,0.145871,nan,1.311066
5304,0.375009,0.383523,3.900105,0.145851,16.500843,1.143760
5305,0.410606,0.345130,nan,0.145851,nan,1.222115
5306,0.263726,0.219295,3.222937,0.145831,17.415607,0.913468
5307,0.312941,0.260648,nan,0.145831,nan,1.010500
5308,0.348371,0.349042,4.518301,0.145811,15.573453,1.081250
5309,0.296867,0.568124,nan,0.145811,nan,0.974143
5310,0.495323,0.528350,4.554491,0.145791,17.083775,1.423168
5311,0.408831,0.667047,nan,0.145791,nan,1.217038
5312,0.427062,0.420060,4.044127,0.145771,15.056387,1.247855
5313,0.213439,0.257484,nan,0.145771,nan,0.783140
5314,0.374402,0.440586,3.413238,0.145752,15.890838,1.130509
5315,0.385537,0.813601,nan,0.145752,nan,1.156248
5316,0.472042,0.569661,3.821541,0.145732,15.674439,1.337961
5317,0.467820,0.280722,nan,0.145732,nan,1.366150
5318,0.294557,0.369626,3.480143,0.145712,15.460173,0.975755
5319,0.539340,0.547634,nan,0.145712,nan,1.511952
5320,0.203663,0.222676,4.562038,0.145692,17.280910,0.723950
5321,0.462158,0.632463,nan,0.145692,nan,1.354003
5322,0.294318,0.755573,3.471359,0.145672,16.833015,0.962160
5323,0.391596,0.419805,nan,0.145672,nan,1.200966
5324,0.327952,0.314760,3.432221,0.145652,17.065287,1.035552
5325,0.328270,0.449980,nan,0.145652,nan,1.035198
5326,0.387283,0.350380,3.302593,0.145633,16.251163,1.168582
5327,0.445779,0.435389,nan,0.145633,nan,1.298639
5328,0.573687,0.481482,2.603095,0.145613,16.493473,1.530515
5329,0.497368,0.369634,nan,0.145613,nan,1.421075
5330,0.308922,0.548114,2.858346,0.145593,16.743000,1.009089
5331,0.345499,0.409702,nan,0.145593,nan,1.067376
5332,0.357692,0.343407,3.983368,0.145572,18.041819,1.119374
5333,0.359298,0.608136,nan,0.145572,nan,1.118555
5334,0.614233,0.380633,4.047183,0.145552,16.626858,1.652456
5335,0.633699,0.375398,nan,0.145552,nan,1.709079
5336,0.287014,0.296280,2.810893,0.145532,14.766977,0.945392
5337,0.417885,0.381371,nan,0.145532,nan,1.220954
5338,0.346010,0.362069,2.003039,0.145512,16.747967,1.103837
5339,0.417773,0.722939,nan,0.145512,nan,1.218241
5340,0.345841,0.430130,2.251390,0.145492,17.340481,1.100133
5341,0.377971,0.407854,nan,0.145492,nan,1.134068
5342,0.306289,0.266606,2.764435,0.145472,16.910538,0.999976
5343,0.521677,0.481591,nan,0.145472,nan,1.445535
5344,0.502776,0.580344,2.695246,0.145452,16.424625,1.405649
5345,0.517407,0.409138,nan,0.145452,nan,1.436477
5346,0.338586,0.350967,1.604331,0.145432,17.340719,1.074278
5347,0.483916,0.641764,nan,0.145432,nan,1.376626
5348,0.333847,0.456562,2.252423,0.145411,15.965507,1.055783
5349,0.684987,0.525625,nan,0.145411,nan,1.807972
5350,0.563952,0.486328,2.063942,0.145392,14.617612,1.573781
5351,0.415900,0.414926,nan,0.145392,nan,1.248884
5352,0.345010,0.349605,2.906393,0.145372,17.157774,1.087780
5353,0.644265,0.356333,nan,0.145372,nan,1.742348
5354,0.582349,0.340989,2.222584,0.145352,17.293369,1.618104
5355,0.281731,0.329945,nan,0.145352,nan,0.955501
5356,0.406270,0.380938,2.563460,0.145332,13.959554,1.246324
5357,0.408699,0.397744,nan,0.145332,nan,1.228539
5358,0.443330,0.395067,1.370367,0.145312,16.293301,1.312761
5359,0.389194,0.351703,nan,0.145312,nan,1.176958
5360,0.366531,0.323630,1.617841,0.145292,17.059607,1.129106
5361,0.705801,0.716808,nan,0.145292,nan,1.881456
5362,0.427860,0.385095,2.389518,0.145272,16.264503,1.262109
5363,0.657800,0.685714,nan,0.145272,nan,1.730988
5364,0.497943,0.458219,1.692391,0.145252,15.668968,1.430821
5365,0.340622,0.268709,nan,0.145252,nan,1.069577
5366,0.542439,0.366110,1.362777,0.145233,15.683343,1.522217
5367,0.430169,0.403892,nan,0.145233,nan,1.258432
5368,0.413548,0.321195,2.277929,0.145213,14.519621,1.229615
5369,0.531600,0.372998,nan,0.145213,nan,1.494325
5370,0.489344,0.266924,2.381709,0.145194,14.425947,1.446812
5371,0.467408,0.552962,nan,0.145194,nan,1.311960
5372,0.454207,0.562262,1.177769,0.145174,17.442059,1.314720
5373,0.303063,0.337512,nan,0.145174,nan,0.994910
5374,0.489635,0.438950,0.984115,0.145155,16.277269,1.392277
5375,0.381289,0.463692,nan,0.145155,nan,1.161690
5376,0.378405,0.421622,1.565824,0.145135,18.200710,1.150366
5377,0.589348,0.516927,nan,0.145135,nan,1.584654
5378,0.352862,0.325373,2.313262,0.145115,15.838052,1.090426
5379,0.471559,0.682055,nan,0.145115,nan,1.325233
5380,0.401840,0.326055,2.420620,0.145096,16.506466,1.208245
5381,0.494832,0.816835,nan,0.145096,nan,1.420049
5382,0.375286,0.591360,1.003630,0.145076,19.617523,1.101023
5383,0.470978,0.539026,nan,0.145076,nan,1.342780
5384,0.439921,0.376941,1.796739,0.145056,16.983057,1.292812
5385,0.524789,0.370450,nan,0.145056,nan,1.457468
5386,0.428314,0.464997,1.536822,0.145036,17.097147,1.261092
5387,0.511527,0.449531,nan,0.145036,nan,1.455367
5388,0.444806,0.450166,0.402508,0.145016,17.721077,1.280454
5389,0.379517,0.357864,nan,0.145016,nan,1.091303
5390,0.482296,0.484696,0.116681,0.144995,20.311230,1.337842
5391,0.455711,0.409448,nan,0.144995,nan,1.332885
5392,0.372516,0.361623,1.503611,0.144975,17.192690,1.192330
5393,0.328034,0.238096,nan,0.144975,nan,1.068238
5394,0.450239,0.352085,1.813416,0.144955,16.241966,1.326106
5395,0.454877,0.409059,nan,0.144955,nan,1.325465
5396,0.334078,0.339817,1.420345,0.144934,16.502277,1.035789
5397,0.347123,0.335469,nan,0.144934,nan,1.081276
5398,0.371458,0.508864,0.953183,0.144914,15.706419,1.125827
5399,0.461142,0.785298,nan,0.144914,nan,1.336092
5400,0.409207,0.375276,0.732043,0.144894,14.970129,1.198285
5401,0.339091,0.230364,nan,0.144894,nan,1.061104
5402,0.528312,0.528135,1.120406,0.144874,18.328329,1.479244
5403,0.449809,0.442444,nan,0.144874,nan,1.312311
5404,0.546611,0.627520,1.443281,0.144854,15.563240,1.516539
5405,0.409794,0.356253,nan,0.144854,nan,1.263023
5406,0.581557,0.435601,0.315708,0.144834,18.205103,1.595262
5407,0.424122,0.425385,nan,0.144834,nan,1.212519
5408,0.518230,0.432365,0.661563,0.144814,14.494445,1.467775
5409,0.541889,0.572012,nan,0.144814,nan,1.539534
5410,0.428589,0.403996,0.340175,0.144794,17.315060,1.268296
5411,0.524744,0.498404,nan,0.144794,nan,1.472752
5412,0.324998,0.246751,0.348253,0.144774,16.763681,1.086124
5413,0.312965,0.316382,nan,0.144774,nan,0.994421
5414,0.366339,0.365643,0.128391,0.144755,16.545645,1.127040
5415,0.402929,0.466887,nan,0.144755,nan,1.189320
5416,0.374705,0.348540,0.580318,0.144735,17.279957,1.119424
5417,0.587702,0.508610,nan,0.144735,nan,1.599808
5418,0.414931,0.454380,0.707810,0.144715,17.497328,1.231812
5419,0.448951,0.417222,nan,0.144715,nan,1.341701
5420,0.276815,0.267312,-0.298558,0.144695,17.358141,0.918184
5421,0.348586,0.321802,nan,0.144695,nan,1.069421
5422,0.496020,0.333647,-0.215851,0.144675,16.644047,1.379584
5423,0.576513,0.574920,nan,0.144675,nan,1.566433
5424,0.495690,0.481084,-0.076098,0.144655,15.589873,1.409052
5425,0.374426,0.266547,nan,0.144655,nan,1.158783
5426,0.561458,0.576095,0.162397,0.144635,16.594677,1.528220
5427,0.542420,0.445768,nan,0.144635,nan,1.537665
5428,0.562000,0.516917,0.949600,0.144615,17.825489,1.576447
5429,0.313329,0.450823,nan,0.144615,nan,1.000268
5430,0.430150,0.441402,0.685242,0.144595,18.698017,1.269051
5431,0.597735,0.399905,nan,0.144595,nan,1.661713
5432,0.453490,0.511922,-0.434816,0.144575,18.564201,1.350628
5433,0.614038,0.449704,nan,0.144575,nan,1.676086
5434,0.705609,0.554711,-0.740310,0.144555,18.640949,1.842952
5435,0.472702,0.521460,nan,0.144555,nan,1.388240
5436,0.294780,0.297169,-0.372025,0.144534,16.935497,1.001456
5437,0.377928,0.351480,nan,0.144534,nan,1.144070
5438,0.389688,0.399489,0.051333,0.144514,17.673403,1.149040
5439,0.571592,0.368373,nan,0.144514,nan,1.590575
5440,0.303440,0.369185,0.218906,0.144494,18.642860,0.989677
5441,0.796143,0.687997,nan,0.144494,nan,2.058379
5442,0.748415,0.589688,0.069111,0.144473,17.035942,1.947374
5443,0.271264,0.406713,nan,0.144473,nan,0.912049
5444,0.356392,0.432763,-1.170363,0.144453,18.702015,1.115713
5445,0.366937,0.473752,nan,0.144453,nan,1.144927
5446,0.669404,0.599619,-1.598721,0.144432,18.752953,1.779127
5447,0.479458,0.589274,nan,0.144432,nan,1.384849
5448,0.512286,0.416943,-0.748847,0.144412,16.530792,1.485476
5449,0.329735,0.266694,nan,0.144412,nan,1.066499
5450,0.489850,0.442287,0.020289,0.144392,16.436674,1.416277
5451,0.350165,0.364741,nan,0.144392,nan,1.083847
5452,0.468726,0.374215,0.127887,0.144372,14.084528,1.369438
5453,0.361844,0.412363,nan,0.144372,nan,1.108964
5454,0.479083,0.529773,-0.600769,0.144352,16.293468,1.383443
5455,0.492550,0.566883,nan,0.144352,nan,1.391569
5456,0.484371,0.499088,-0.426755,0.144332,14.966087,1.399518
5457,0.322587,0.337824,nan,0.144332,nan,1.047340
5458,0.269891,0.237894,-1.073905,0.144312,17.300550,0.976902
5459,0.503083,0.499159,nan,0.144312,nan,1.456168
5460,0.374539,0.411430,-0.605560,0.144292,19.160233,1.164976
5461,0.358706,0.377169,nan,0.144292,nan,1.112757
5462,0.462852,0.451674,-0.754878,0.144272,17.091688,1.341887
5463,0.475976,0.505015,nan,0.144272,nan,1.380687
5464,0.364441,0.359141,-1.479553,0.144252,16.995377,1.127411
5465,0.431684,0.451954,nan,0.144252,nan,1.293516
5466,0.353602,0.350709,-0.737847,0.144232,17.010429,1.114637
5467,0.319360,0.284729,nan,0.144232,nan,1.035630
5468,0.510795,0.391643,-0.734705,0.144212,18.016430,1.473436
5469,0.277006,0.295856,nan,0.144212,nan,0.960164
5470,0.612215,0.675861,0.118260,0.144192,17.920761,1.690131
5471,0.621602,0.632963,nan,0.144192,nan,1.713553
5472,0.379718,0.392212,-0.871050,0.144173,16.319494,1.162560
5473,0.497828,0.482264,nan,0.144173,nan,1.437796
5474,0.274683,0.337460,-1.242755,0.144153,17.481270,0.930740
5475,0.429745,0.492751,nan,0.144153,nan,1.276552
5476,0.434475,0.433774,-0.551794,0.144133,16.122051,1.255540
5477,0.354383,0.420342,nan,0.144133,nan,1.144636
5478,0.591025,0.438644,-0.451831,0.144113,16.734156,1.653182
5479,0.372131,0.395752,nan,0.144113,nan,1.178977
5480,0.653476,0.518772,-0.865046,0.144093,16.384808,1.771220
5481,0.551944,0.470686,nan,0.144093,nan,1.501642
5482,0.603728,0.802826,-0.644243,0.144074,16.893332,1.644853
5483,0.521024,0.481821,nan,0.144074,nan,1.450178
5484,0.606473,0.412901,-0.534750,0.144054,18.091892,1.646305
5485,0.345668,0.491207,nan,0.144054,nan,1.080354
5486,0.547746,0.349101,-0.735844,0.144034,18.846203,1.566679
5487,0.540669,0.506688,nan,0.144034,nan,1.485190
5488,0.352143,0.327331,-1.666115,0.144014,17.858997,1.101875
5489,0.728384,0.610214,nan,0.144014,nan,1.924354
5490,0.345027,0.317232,-1.410549,0.143994,18.124069,1.115286
5491,0.464499,0.468870,nan,0.143994,nan,1.347877
5492,0.389605,0.329795,-1.511347,0.143974,16.164013,1.214911
5493,0.398708,0.351053,nan,0.143974,nan,1.224091
5494,0.504020,0.561575,-1.852512,0.143954,16.945004,1.433488
5495,0.467163,0.405654,nan,0.143954,nan,1.339668
5496,0.321365,0.328999,-0.956112,0.143934,18.227737,1.036757
5497,0.422413,0.265082,nan,0.143934,nan,1.277865
5498,0.445994,0.435541,-0.836049,0.143914,16.513586,1.302932
5499,0.488558,0.480783,nan,0.143914,nan,1.419848
5500,0.355413,0.374967,-0.462627,0.143894,17.353954,1.132384
5501,0.575897,0.559413,nan,0.143894,nan,1.626387
5502,0.391607,0.426738,-1.903924,0.143875,18.048170,1.223874
5503,0.382373,0.462489,nan,0.143875,nan,1.156374
5504,0.586068,0.634472,-2.113596,0.143855,16.938744,1.596442
5505,0.410263,0.519530,nan,0.143855,nan,1.244633
5506,0.463656,0.434866,-0.549728,0.143835,16.492893,1.340676
5507,0.415585,0.849748,nan,0.143835,nan,1.252007
5508,0.420870,0.474444,-0.141081,0.143815,17.272057,1.270856
5509,0.932367,0.505805,nan,0.143815,nan,2.348264
5510,0.420139,0.294319,-1.726403,0.143795,17.068802,1.277345
5511,0.454430,0.399788,nan,0.143795,nan,1.349359
5512,0.511403,0.476865,-1.845263,0.143776,16.804699,1.435979
5513,0.537518,0.810561,nan,0.143776,nan,1.503307
5514,0.409325,0.446380,-0.738552,0.143756,16.751118,1.253335
5515,0.407905,0.607120,nan,0.143756,nan,1.259760
5516,0.502194,0.557034,-1.118911,0.143736,19.544992,1.428993
5517,0.632519,0.482779,nan,0.143736,nan,1.747748
5518,0.438667,0.323394,-1.837929,0.143716,17.852209,1.294281
5519,0.352491,0.374631,nan,0.143716,nan,1.056624
5520,0.250638,0.430000,-2.755569,0.143696,17.871073,0.859433
5521,0.486333,0.455642,nan,0.143696,nan,1.408143
5522,0.633910,0.736907,-2.302256,0.143677,16.631321,1.709103
5523,0.522014,0.631463,nan,0.143677,nan,1.499677
5524,0.376717,0.445584,-0.983384,0.143657,15.958977,1.160930
5525,0.392258,0.472952,nan,0.143657,nan,1.221156
5526,0.731362,0.604171,-0.531855,0.143637,17.808456,1.923304
5527,0.573547,0.471132,nan,0.143637,nan,1.593602
5528,0.331567,0.347251,-0.880065,0.143618,15.793560,1.092250
5529,0.465469,0.714237,nan,0.143618,nan,1.357334
5530,0.660779,0.453050,-1.969971,0.143598,14.520605,1.767590
5531,0.665669,0.760404,nan,0.143598,nan,1.805396
5532,0.941141,0.505195,-1.280703,0.143579,17.710487,2.346745
5533,0.518714,0.720287,nan,0.143579,nan,1.467298
5534,0.414144,0.400654,-2.070595,0.143560,17.012352,1.251850
5535,0.506697,0.433348,nan,0.143560,nan,1.423137
5536,0.572324,0.563663,-1.946876,0.143540,20.904118,1.600757
5537,0.554382,0.514028,nan,0.143540,nan,1.541391
5538,0.369229,0.449507,-1.766613,0.143520,18.353737,1.122360
5539,0.466421,0.492258,nan,0.143520,nan,1.369621
5540,0.417281,0.425247,-2.685549,0.143500,19.762108,1.266399
5541,0.488337,0.600213,nan,0.143500,nan,1.392603
5542,0.531376,0.540160,-2.156680,0.143480,14.982086,1.476944
5543,0.430666,0.411545,nan,0.143480,nan,1.249512
5544,0.354298,0.374210,-1.871299,0.143461,17.350613,1.060877
5545,0.411187,0.412927,nan,0.143461,nan,1.223281
5546,0.452275,0.596254,-1.580190,0.143441,19.341511,1.339661
5547,0.599438,0.491437,nan,0.143441,nan,1.646276
5548,0.353584,0.360102,-1.961814,0.143421,18.861481,1.118414
5549,0.526119,0.573319,nan,0.143421,nan,1.488704
5550,0.554028,0.560704,-2.939928,0.143401,17.138710,1.506745
5551,0.418625,0.462310,nan,0.143401,nan,1.264076
5552,0.555392,0.614022,-2.367449,0.143381,18.900167,1.570039
5553,0.455637,0.389078,nan,0.143381,nan,1.332103
5554,0.551015,0.564715,-1.501779,0.143361,15.938047,1.554679
5555,0.459328,0.480965,nan,0.143361,nan,1.340240
5556,0.515296,0.495243,-1.253043,0.143341,13.924546,1.463969
5557,0.430024,0.601494,nan,0.143341,nan,1.271416
5558,0.664936,0.614321,-2.436903,0.143322,19.396652,1.793177
5559,0.391195,0.397693,nan,0.143322,nan,1.222809
5560,0.432010,0.426872,-2.945465,0.143302,17.637241,1.329881
5561,0.485077,0.489726,nan,0.143302,nan,1.396712
5562,0.461128,0.460046,-2.232222,0.143283,14.943920,1.357760
5563,0.384573,0.423528,nan,0.143283,nan,1.178257
5564,0.304605,0.479442,-2.967544,0.143263,18.910294,1.014405
5565,0.422390,0.459651,nan,0.143263,nan,1.260343
5566,0.796776,0.815905,-2.837925,0.143244,16.068823,2.054361
5567,0.255976,0.251679,nan,0.143244,nan,0.901362
5568,0.507399,0.476151,-3.245816,0.143224,18.444757,1.448523
5569,0.372234,0.415814,nan,0.143224,nan,1.157795
5570,0.523651,0.635067,-3.262741,0.143205,16.976028,1.511193
5571,0.499296,0.479217,nan,0.143205,nan,1.405788
5572,0.449671,0.399382,-1.800002,0.143185,16.255354,1.297716
5573,0.718015,0.588031,nan,0.143185,nan,1.921727
5574,0.673484,0.439892,-2.502485,0.143166,18.145000,1.808450
5575,0.403700,0.499778,nan,0.143166,nan,1.227733
5576,0.329227,0.465985,-4.009682,0.143146,19.654861,1.044002
5577,0.475152,0.623029,nan,0.143146,nan,1.387979
5578,0.650385,1.101445,-2.551595,0.143127,16.065338,1.779255
5579,0.665997,0.693593,nan,0.143127,nan,1.776379
5580,0.658039,0.563324,-1.964806,0.143107,17.633862,1.767840
5581,0.506622,0.586578,nan,0.143107,nan,1.438038
5582,0.698224,0.508572,-1.590646,0.143088,18.138119,1.867536
5583,0.707258,0.568601,nan,0.143088,nan,1.884027
5584,0.491756,0.515891,-2.572284,0.143068,15.721861,1.417682
5585,0.340423,0.437178,nan,0.143068,nan,1.068671
5586,0.578895,0.655009,-3.019893,0.143049,16.924566,1.598138
5587,0.498367,0.569765,nan,0.143049,nan,1.404870
5588,0.483081,0.366973,-3.034374,0.143030,18.239769,1.346137
5589,0.328389,0.378731,nan,0.143030,nan,1.034743
5590,0.409141,0.383226,-2.130910,0.143010,16.171526,1.256473
5591,0.377463,0.322122,nan,0.143010,nan,1.154644
5592,0.461986,0.504071,-3.451328,0.142991,19.016045,1.342761
5593,0.395874,0.329593,nan,0.142991,nan,1.174118
5594,0.373938,0.458592,-3.394344,0.142971,18.576389,1.148421
5595,0.409222,0.475440,nan,0.142971,nan,1.216691
5596,0.564615,0.481957,-2.284478,0.142952,16.522861,1.563129
5597,0.494476,0.561523,nan,0.142952,nan,1.405349
5598,0.545752,0.488630,-3.055234,0.142932,18.450077,1.551164
5599,0.487590,0.566896,nan,0.142932,nan,1.414040
5600,0.517461,0.448960,-3.392045,0.142913,17.173023,1.450122
5601,0.604260,0.591111,nan,0.142913,nan,1.672103
5602,0.475038,0.573899,-3.259141,0.142893,18.402290,1.403329
5603,0.627377,0.722415,nan,0.142893,nan,1.694642
5604,0.404213,0.498452,-3.098319,0.142874,16.725039,1.208673
5605,0.360027,0.445931,nan,0.142874,nan,1.143361
5606,0.400031,0.402635,-2.798134,0.142854,18.081657,1.231925
5607,0.527053,0.633142,nan,0.142854,nan,1.485308
5608,0.439497,0.494964,-3.638692,0.142835,18.340387,1.295512
5609,0.582870,0.554830,nan,0.142835,nan,1.592417
5610,0.557073,0.562675,-3.620244,0.142816,14.978489,1.541795
5611,0.349550,0.355815,nan,0.142816,nan,1.105186
5612,0.522284,0.460485,-3.700586,0.142796,15.523923,1.494225
5613,0.365062,0.365440,nan,0.142796,nan,1.120457
5614,0.374317,0.389971,-3.565989,0.142777,18.568552,1.164616
5615,0.390917,0.423896,nan,0.142777,nan,1.167084
5616,0.519009,0.549249,-4.096010,0.142758,18.327019,1.473782
5617,0.698913,0.570611,nan,0.142758,nan,1.852264
5618,0.466226,0.491091,-3.637642,0.142739,14.904129,1.350038
5619,0.424149,0.467326,nan,0.142739,nan,1.271843
5620,0.533892,0.559977,-3.336692,0.142720,19.589592,1.489239
5621,0.612383,0.679573,nan,0.142720,nan,1.686756
5622,0.627907,0.645017,-2.746175,0.142700,17.043049,1.712451
5623,0.583012,0.649188,nan,0.142700,nan,1.595431
5624,0.700985,0.448276,-3.968164,0.142681,17.214737,1.863254
5625,0.586479,0.582415,nan,0.142681,nan,1.601248
5626,0.579532,0.606569,-3.139883,0.142662,17.750168,1.590878
5627,0.573757,0.580707,nan,0.142662,nan,1.613824
5628,0.578865,0.494162,-3.540180,0.142643,16.422573,1.634125
5629,0.849710,0.879893,nan,0.142643,nan,2.141293
5630,0.526492,0.477126,-4.084131,0.142624,16.276211,1.488359
5631,0.464690,0.489105,nan,0.142624,nan,1.330612
5632,0.308892,0.312351,-4.232003,0.142605,17.712818,1.003333
5633,0.426478,0.413708,nan,0.142605,nan,1.257078
5634,0.426193,0.315643,-3.721347,0.142585,18.368992,1.296646
5635,0.536057,0.545768,nan,0.142585,nan,1.496119
5636,0.335933,0.340149,-4.643270,0.142566,16.945253,1.083279
5637,0.548681,0.626348,nan,0.142566,nan,1.526052
5638,0.677838,0.701657,-4.036558,0.142547,19.337234,1.784178
5639,0.384483,0.392326,nan,0.142547,nan,1.195024
5640,0.549644,0.378499,-3.227220,0.142528,17.745005,1.548783
5641,0.523997,0.548006,nan,0.142528,nan,1.479211
5642,0.663181,0.528493,-2.820240,0.142509,16.070690,1.760040
5643,0.491436,0.387077,nan,0.142509,nan,1.418431
5644,0.583880,0.501344,-3.558612,0.142489,18.941021,1.612435
5645,0.529923,0.494410,nan,0.142489,nan,1.468098
5646,0.598789,0.537528,-2.444788,0.142470,16.731520,1.638283
5647,0.485167,0.531303,nan,0.142470,nan,1.411951
5648,0.644718,0.511714,-3.042945,0.142451,19.212763,1.726815
5649,0.452888,0.556329,nan,0.142451,nan,1.326793
5650,0.545076,0.492740,-3.262183,0.142432,18.058575,1.521243
5651,0.530489,0.568762,nan,0.142432,nan,1.519095
5652,0.416060,0.449555,-3.753556,0.142412,16.735302,1.252594
5653,0.407217,0.430171,nan,0.142412,nan,1.253409
5654,0.462785,0.443349,-4.568601,0.142393,18.108673,1.348059
5655,0.635933,0.744840,nan,0.142393,nan,1.704557
5656,0.676354,0.780688,-4.687115,0.142374,17.761267,1.780852
5657,0.344232,0.386241,nan,0.142374,nan,1.047939
5658,0.439116,0.504315,-4.080118,0.142354,18.355284,1.287896
5659,0.574659,0.589207,nan,0.142354,nan,1.591243
5660,0.568042,0.541031,-4.643814,0.142335,18.426455,1.574612
5661,0.788499,0.664609,nan,0.142335,nan,2.016678
5662,0.537529,0.524922,-3.238903,0.142316,17.460836,1.536672
5663,0.502254,0.433955,nan,0.142316,nan,1.446782
5664,0.671882,0.574549,-4.288142,0.142296,18.571550,1.791559
5665,0.504296,0.502960,nan,0.142296,nan,1.391885
5666,0.499507,0.519920,-4.258895,0.142277,18.799612,1.401126
5667,0.479231,0.394407,nan,0.142277,nan,1.375948
5668,0.528483,0.513165,-4.156960,0.142257,17.765894,1.484655
5669,0.465710,0.527536,nan,0.142257,nan,1.370224
5670,0.599886,0.589774,-5.023301,0.142238,18.431055,1.655462
5671,0.545270,0.492153,nan,0.142238,nan,1.509725
5672,0.525022,0.543871,-5.070795,0.142218,18.839729,1.473514
5673,0.481645,0.478997,nan,0.142218,nan,1.376645
5674,0.475683,0.465640,-5.101437,0.142199,18.483780,1.372449
5675,0.595208,0.562045,nan,0.142199,nan,1.651078
5676,0.395379,0.370534,-4.208672,0.142179,20.198120,1.213667
5677,0.536039,0.520249,nan,0.142179,nan,1.507059
5678,0.474968,0.540891,-4.701492,0.142160,16.490417,1.365555
5679,0.681924,0.731778,nan,0.142160,nan,1.805037
5680,0.723783,0.832589,-4.738574,0.142140,19.070032,1.873970
5681,0.550218,0.539344,nan,0.142140,nan,1.550939
5682,0.433035,0.573416,-2.596225,0.142120,18.524746,1.300915
5683,0.523678,0.947693,nan,0.142120,nan,1.502141
5684,0.657041,0.602393,-4.352229,0.142101,17.281084,1.745530
5685,0.415111,0.681385,nan,0.142101,nan,1.226369
5686,0.917222,0.929237,-5.339149,0.142081,16.616798,2.244074
5687,0.831764,0.504128,nan,0.142081,nan,2.125026
5688,0.651861,0.594413,-4.119154,0.142062,18.003109,1.759457
5689,0.700687,0.778479,nan,0.142062,nan,1.843761
5690,0.550552,0.726250,-3.788010,0.142043,16.209734,1.495618
5691,0.373167,0.413761,nan,0.142043,nan,1.143211
5692,0.386665,0.392904,-4.972116,0.142024,16.895653,1.198964
5693,0.735549,0.423080,nan,0.142024,nan,1.909186
5694,0.661378,0.407208,-4.815920,0.142005,15.523781,1.758945
5695,0.488286,0.647578,nan,0.142005,nan,1.398236
5696,0.732412,0.503478,-3.999085,0.141986,16.720901,1.927512
5697,0.457732,0.631363,nan,0.141986,nan,1.305092
5698,0.433906,0.521447,-4.081960,0.141967,18.839251,1.247922
5699,0.591591,0.581756,nan,0.141967,nan,1.643151
5700,0.602208,0.723405,-5.800760,0.141948,18.792715,1.629116
5701,0.650644,0.597852,nan,0.141948,nan,1.741862
5702,0.441524,0.381746,-5.619613,0.141929,17.279949,1.285187
5703,0.486568,0.528654,nan,0.141929,nan,1.410183
5704,0.530597,0.710256,-4.663472,0.141910,18.851896,1.501088
5705,0.718317,0.598664,nan,0.141910,nan,1.888408
5706,0.550801,0.598651,-4.346220,0.141890,20.284046,1.530100
5707,0.772796,0.639287,nan,0.141890,nan,1.994480
5708,0.904206,0.603464,-3.134682,0.141871,16.849901,2.261765
5709,0.475670,0.413217,nan,0.141871,nan,1.403174
5710,0.774269,0.592402,-3.556308,0.141852,18.186382,1.977120
5711,0.654764,0.486322,nan,0.141852,nan,1.714109
5712,0.431136,0.459625,-5.014283,0.141833,19.061371,1.295797
5713,0.448408,0.489953,nan,0.141833,nan,1.274952
5714,0.558359,0.821771,-3.290045,0.141813,17.669975,1.553256
5715,0.552383,0.659541,nan,0.141813,nan,1.550789
5716,0.497374,0.854420,-3.648173,0.141794,16.626282,1.396307
5717,0.547894,0.700853,nan,0.141794,nan,1.524155
5718,0.346866,0.363375,-3.767597,0.141775,15.762168,1.071313
5719,0.421367,1.036577,nan,0.141775,nan,1.281399
5720,0.490753,0.733925,-4.345578,0.141756,17.755013,1.401197
5721,0.603742,0.548852,nan,0.141756,nan,1.622665
5722,0.388836,0.417082,-5.010406,0.141737,16.616142,1.179451
5723,0.635425,0.438321,nan,0.141737,nan,1.704695
5724,0.572260,0.447136,-5.086465,0.141718,19.011848,1.577419
5725,0.589355,0.523109,nan,0.141718,nan,1.586854
5726,0.545817,0.556041,-4.668017,0.141700,17.686573,1.517113
5727,0.725591,1.201283,nan,0.141700,nan,1.883049
5728,0.634241,1.258550,-5.475234,0.141681,16.887962,1.721563
5729,0.542347,0.439283,nan,0.141681,nan,1.502607
5730,0.440827,0.507382,-4.370827,0.141662,20.607021,1.297040
5731,0.568705,0.568017,nan,0.141662,nan,1.555935
5732,0.631500,0.634691,-6.090529,0.141642,19.122477,1.677307
5733,1.279772,0.618441,nan,0.141642,nan,3.025208
5734,1.005708,0.978274,-6.060210,0.141623,17.613586,2.470206
5735,0.521356,0.628204,nan,0.141623,nan,1.465411
5736,0.551331,0.676361,-5.260745,0.141604,18.170359,1.494551
5737,0.663704,1.018028,nan,0.141604,nan,1.778325
5738,0.492198,0.795669,-5.636054,0.141585,17.958317,1.367793
5739,0.542020,0.771669,nan,0.141585,nan,1.520140
5740,0.637526,1.132476,-6.600620,0.141566,18.953468,1.705054
5741,0.923521,0.735049,nan,0.141566,nan,2.289588
5742,0.997749,0.727853,-3.895644,0.141547,17.272217,2.409886
5743,0.462516,0.582828,nan,0.141547,nan,1.354739
5744,0.776507,0.484273,-3.301387,0.141528,18.271042,2.004111
5745,0.789180,0.741754,nan,0.141528,nan,2.016475
5746,0.417327,0.452999,-4.351863,0.141509,17.117172,1.263736
5747,0.544735,0.723147,nan,0.141509,nan,1.503084
5748,0.421666,0.445594,-4.774480,0.141490,18.062191,1.226733
5749,0.590455,0.966353,nan,0.141490,nan,1.595429
5750,0.568820,0.598864,-6.846784,0.141470,18.169043,1.573314
5751,1.208416,0.694387,nan,0.141470,nan,2.887383
5752,1.031979,0.773386,-3.328660,0.141452,16.403469,2.524514
5753,1.002444,0.933316,nan,0.141452,nan,2.471220
5754,0.590243,0.615142,-6.412365,0.141433,15.625757,1.577127
5755,0.541574,0.657712,nan,0.141433,nan,1.487029
5756,0.532643,0.957769,-4.554740,0.141414,16.691158,1.503878
5757,0.482010,0.545828,nan,0.141414,nan,1.383039
5758,0.704682,0.626841,-5.941572,0.141396,18.081133,1.848948
5759,0.672812,0.546233,nan,0.141396,nan,1.795887
5760,0.552260,0.558176,-5.535462,0.141377,18.300987,1.563597
5761,0.637008,0.615925,nan,0.141377,nan,1.725614
5762,0.578390,0.644264,-5.596068,0.141358,18.057255,1.580343
5763,0.423309,0.480890,nan,0.141358,nan,1.272681
5764,0.669745,0.866526,-6.411136,0.141339,18.146280,1.774777
5765,0.772336,0.725373,nan,0.141339,nan,1.981065
5766,0.454060,0.660845,-6.016173,0.141320,20.747850,1.353228
5767,0.553258,0.575470,nan,0.141320,nan,1.532254
5768,0.481998,0.534219,-6.953908,0.141301,18.507755,1.385540
5769,0.559210,0.464575,nan,0.141301,nan,1.546608
5770,0.829351,0.550408,-6.338065,0.141282,19.665546,2.079117
5771,0.573184,0.484703,nan,0.141282,nan,1.580705
5772,0.635150,0.436903,-5.820373,0.141263,18.843815,1.686422
5773,0.634408,0.645833,nan,0.141263,nan,1.698823
5774,0.456375,0.504318,-5.918146,0.141244,19.359375,1.330693
5775,0.647286,0.506755,nan,0.141244,nan,1.724673
5776,0.451401,0.506842,-6.328713,0.141225,18.327528,1.310061
5777,0.557076,0.383838,nan,0.141225,nan,1.529151
5778,0.486441,0.496264,-6.695196,0.141205,18.537960,1.387609
5779,0.648810,0.688014,nan,0.141205,nan,1.721977
5780,0.646068,0.655495,-7.634761,0.141186,18.696283,1.717873
5781,0.624500,0.659421,nan,0.141186,nan,1.683876
5782,0.622280,0.577600,-5.065073,0.141167,17.419991,1.686394
5783,1.018758,0.662953,nan,0.141167,nan,2.513754
5784,1.031354,0.571381,-4.653878,0.141148,19.087763,2.528625
5785,0.536767,0.472682,nan,0.141148,nan,1.527398
5786,0.752699,0.520372,-7.545839,0.141129,17.972597,1.936599
5787,0.953027,0.728557,nan,0.141129,nan,2.363236
5788,1.107234,1.095052,-8.127906,0.141110,18.398132,2.669285
5789,0.856781,0.836291,nan,0.141110,nan,2.157620
5790,0.772106,0.649848,-5.330412,0.141091,16.776579,1.963775
5791,0.811755,0.622780,nan,0.141091,nan,2.104904
5792,0.933403,0.584078,-6.179152,0.141072,18.503901,2.327279
5793,0.563196,0.562805,nan,0.141072,nan,1.566346
5794,0.610641,0.532527,-6.986657,0.141053,19.073212,1.623095
5795,0.412132,0.540230,nan,0.141053,nan,1.239183
5796,0.431147,0.442038,-5.945006,0.141033,18.610826,1.274498
5797,0.580715,0.569959,nan,0.141033,nan,1.567204
5798,0.625373,0.602584,-6.880043,0.141014,17.967142,1.683872
5799,0.662578,0.511780,nan,0.141014,nan,1.748872
5800,0.591076,0.654202,-6.073700,0.140995,18.312851,1.591289
5801,0.481971,0.561188,nan,0.140995,nan,1.385648
5802,0.612451,0.510272,-6.236650,0.140976,21.219040,1.654450
5803,0.381264,0.452181,nan,0.140976,nan,1.182474
5804,0.459830,0.419495,-7.355676,0.140957,19.141611,1.292940
5805,0.792757,0.565499,nan,0.140957,nan,2.013293
5806,0.514834,0.416110,-6.013399,0.140938,17.648430,1.438506
5807,0.632172,0.760585,nan,0.140938,nan,1.712955
5808,0.544044,0.428884,-7.300808,0.140919,16.089085,1.529162
5809,0.709241,0.485350,nan,0.140919,nan,1.860324
5810,0.554540,0.463385,-6.522939,0.140900,19.836185,1.557326
5811,0.607590,0.596890,nan,0.140900,nan,1.639425
5812,0.471735,0.439659,-5.223777,0.140881,16.512993,1.345853
5813,0.586250,0.593342,nan,0.140881,nan,1.611722
5814,0.459443,0.458968,-7.932948,0.140862,20.286945,1.340580
5815,0.470535,0.827687,nan,0.140862,nan,1.325162
5816,0.565866,0.804072,-6.112630,0.140843,17.308521,1.553828
5817,0.850571,0.791510,nan,0.140843,nan,2.158782
5818,0.786194,0.680287,-5.943747,0.140823,19.607578,2.012913
5819,0.524658,0.546874,nan,0.140823,nan,1.461941
5820,0.770437,0.709164,-7.723612,0.140804,19.739880,1.950739
5821,0.603790,0.716449,nan,0.140804,nan,1.627902
5822,0.688880,0.913008,-6.460848,0.140785,20.176315,1.807025
5823,0.627759,0.703991,nan,0.140785,nan,1.694451
5824,0.473590,0.695415,-6.257202,0.140766,20.532291,1.368700
5825,0.431978,0.531071,nan,0.140766,nan,1.283785
5826,0.502672,0.556914,-6.730951,0.140746,17.516659,1.435280
5827,0.719108,0.612258,nan,0.140746,nan,1.877122
5828,0.468408,0.689646,-5.672202,0.140727,18.934240,1.335443
5829,0.737719,0.635344,nan,0.140727,nan,1.903779
5830,0.590209,0.490845,-7.490615,0.140708,18.906506,1.610227
5831,0.881803,0.778010,nan,0.140708,nan,2.213362
5832,0.794658,0.633351,-7.197677,0.140689,17.957190,2.027787
5833,0.870088,0.728177,nan,0.140689,nan,2.164502
5834,0.638591,0.539764,-6.952244,0.140669,19.260290,1.721200
5835,0.756379,0.605957,nan,0.140669,nan,1.960842
5836,0.786960,0.707179,-7.711226,0.140650,19.279949,1.975408
5837,0.707849,0.654655,nan,0.140650,nan,1.845576
5838,0.577756,0.537273,-6.559813,0.140631,18.615252,1.551209
5839,0.690519,0.551739,nan,0.140631,nan,1.826597
5840,0.716468,0.686932,-6.990846,0.140612,17.699528,1.894144
5841,0.865089,0.871406,nan,0.140612,nan,2.182814
5842,0.786879,0.812463,-7.110177,0.140593,17.012674,1.996357
5843,0.771489,0.787885,nan,0.140593,nan,1.927803
5844,0.469479,0.458767,-6.392504,0.140574,18.083132,1.358355
5845,0.693656,0.712771,nan,0.140574,nan,1.813860
5846,0.633571,0.666595,-7.870982,0.140555,17.210743,1.705293
5847,0.604368,0.466125,nan,0.140555,nan,1.633254
5848,0.559711,0.556529,-5.616951,0.140536,19.591625,1.511775
5849,1.042181,0.808044,nan,0.140536,nan,2.521962
5850,0.672092,0.744993,-6.316082,0.140517,19.532963,1.791279
5851,1.544258,0.610549,nan,0.140517,nan,3.549981
5852,1.176386,0.771349,-7.845500,0.140498,18.287228,2.793156
5853,0.478343,0.512789,nan,0.140498,nan,1.352309
5854,0.737705,0.740883,-6.249838,0.140479,18.806822,1.913853
5855,1.065400,1.055647,nan,0.140479,nan,2.590333
5856,1.256325,0.783870,-6.748728,0.140460,18.656086,2.993685
5857,0.672415,0.838046,nan,0.140460,nan,1.748177
5858,0.854644,0.914528,-7.092084,0.140442,16.565302,2.113151
5859,0.687262,0.565561,nan,0.140442,nan,1.800124
5860,0.447593,0.450001,-7.759574,0.140423,18.434864,1.317624
5861,0.809699,0.775706,nan,0.140423,nan,2.041963
5862,0.868989,0.682148,-7.033359,0.140404,18.731182,2.153479
5863,0.575955,0.590232,nan,0.140404,nan,1.579980
5864,1.074887,0.758301,-5.329606,0.140385,18.798889,2.615463
5865,1.411172,1.065470,nan,0.140385,nan,3.300365
5866,0.944506,1.062404,-6.132665,0.140366,18.364025,2.339226
5867,1.150117,0.562426,nan,0.140366,nan,2.743834
5868,0.980134,0.615146,-7.949292,0.140348,19.792309,2.389093
5869,0.644556,0.776342,nan,0.140348,nan,1.729247
5870,0.758825,0.840518,-5.723456,0.140329,17.501160,1.951114
5871,1.106617,1.408437,nan,0.140329,nan,2.670792
5872,1.050364,0.802144,-5.991421,0.140310,20.764679,2.581042
5873,0.746310,0.651936,nan,0.140310,nan,1.930649
5874,1.037051,0.969213,-7.757905,0.140291,18.903320,2.501644
5875,0.660864,0.509169,nan,0.140291,nan,1.757894
5876,0.622294,0.639044,-7.860352,0.140272,17.789856,1.652475
5877,0.833922,0.838368,nan,0.140272,nan,2.067826
5878,0.579361,0.533102,-7.756017,0.140253,18.691776,1.597314
5879,0.594850,0.569359,nan,0.140253,nan,1.608447
5880,0.788959,0.763380,-7.207747,0.140234,17.487770,2.032377
5881,0.538606,0.522539,nan,0.140234,nan,1.475404
5882,0.682361,0.665711,-8.423483,0.140216,18.527626,1.802584
5883,0.852645,0.735644,nan,0.140216,nan,2.117303
5884,0.984250,0.945549,-8.373250,0.140197,19.290365,2.402056
5885,1.056663,1.263318,nan,0.140197,nan,2.549785
5886,0.818926,0.833639,-7.280574,0.140178,20.061939,2.081759
5887,0.807950,0.688506,nan,0.140178,nan,2.069915
5888,0.740804,0.494124,-6.698537,0.140159,17.506405,1.909462
5889,1.108007,0.624024,nan,0.140159,nan,2.662764
5890,1.538715,1.103717,-8.924089,0.140140,18.797745,3.539700
5891,0.989373,1.027550,nan,0.140140,nan,2.414546
5892,0.527601,0.517273,-6.662917,0.140121,18.077631,1.479660
5893,0.792529,0.688236,nan,0.140121,nan,2.037852
5894,0.722423,0.706473,-5.847846,0.140103,17.485668,1.872038
5895,0.773536,0.744151,nan,0.140103,nan,1.997613
5896,0.504333,0.561070,-8.826405,0.140084,19.472012,1.429473
5897,1.104212,0.984038,nan,0.140084,nan,2.654050
5898,1.032177,0.995537,-8.145096,0.140065,18.296600,2.507154
5899,0.670125,0.609670,nan,0.140065,nan,1.777796
5900,0.509097,0.574929,-6.609831,0.140047,18.696590,1.428774
5901,0.779374,0.799033,nan,0.140047,nan,1.990710
5902,0.727175,0.681513,-7.900057,0.140028,19.297018,1.911997
5903,0.902865,0.685466,nan,0.140028,nan,2.227972
5904,1.498154,1.395825,-8.590695,0.140009,18.145809,3.420257
5905,0.724950,0.581563,nan,0.140009,nan,1.896006
5906,0.492331,0.571671,-7.812648,0.139990,21.155115,1.419701
5907,1.060164,1.065731,nan,0.139990,nan,2.564334
5908,0.475532,0.547609,-8.160069,0.139971,19.031727,1.366666
5909,0.549562,0.536818,nan,0.139971,nan,1.540537
5910,0.824223,0.882592,-8.447159,0.139953,19.010681,2.088187
5911,0.656211,0.623669,nan,0.139953,nan,1.739798
5912,0.547521,0.533314,-9.582521,0.139934,19.833250,1.468455
5913,0.844188,0.684370,nan,0.139934,nan,2.110853
5914,0.940557,0.947639,-8.132781,0.139914,21.777237,2.287613
5915,0.751886,0.826051,nan,0.139914,nan,1.935336
5916,0.973411,0.813874,-6.176546,0.139895,18.543217,2.396514
5917,0.604133,0.806881,nan,0.139895,nan,1.620821
5918,0.711859,0.631886,-7.713628,0.139876,20.506416,1.840199
5919,0.859427,0.961703,nan,0.139876,nan,2.182536
5920,0.648223,0.645781,-7.113649,0.139857,18.704294,1.728062
5921,0.711440,0.824345,nan,0.139857,nan,1.845597
5922,0.781492,0.842872,-7.507491,0.139838,18.989874,2.014583
5923,0.572996,0.813005,nan,0.139838,nan,1.563182
5924,0.744225,0.806875,-7.776533,0.139819,19.088112,1.879403
5925,0.806199,0.713041,nan,0.139819,nan,2.025768
5926,0.371615,0.410265,-9.014439,0.139800,19.632851,1.137357
5927,0.611457,0.915901,nan,0.139800,nan,1.644450
5928,0.835231,1.077664,-9.177200,0.139780,22.427517,2.102788
5929,0.674913,0.824054,nan,0.139780,nan,1.755005
5930,0.932801,0.814931,-8.250237,0.139761,18.763973,2.301101
5931,0.594874,0.907970,nan,0.139761,nan,1.616158
5932,0.895071,0.777558,-8.015323,0.139742,20.705326,2.249250
5933,0.768441,0.722396,nan,0.139742,nan,1.978124
5934,1.146073,0.878834,-7.604007,0.139722,19.713497,2.724029
5935,1.214764,0.814443,nan,0.139722,nan,2.876466
5936,1.296841,1.049645,-8.195663,0.139703,17.092487,3.040904
5937,0.746526,0.625852,nan,0.139703,nan,1.911873
5938,0.805194,0.866766,-7.815176,0.139684,17.797173,2.036006
5939,0.850431,0.862635,nan,0.139684,nan,2.168464
5940,0.717329,0.708757,-8.308568,0.139665,18.638721,1.861158
5941,0.974638,0.921082,nan,0.139665,nan,2.396877
5942,0.860050,1.035484,-7.947868,0.139646,20.149292,2.156466
5943,0.617993,0.560130,nan,0.139646,nan,1.672932
5944,0.973002,0.956333,-6.890272,0.139627,19.542294,2.395737
5945,1.011144,1.203563,nan,0.139627,nan,2.434214
5946,1.018604,0.928067,-8.475088,0.139608,18.804119,2.482501
5947,0.782622,0.725902,nan,0.139608,nan,1.999499
5948,0.902752,0.894645,-9.490673,0.139589,19.568790,2.257684
5949,0.786710,0.609648,nan,0.139589,nan,1.980063
5950,0.840886,0.790070,-7.049872,0.139570,19.246307,2.139353
5951,0.903372,1.204506,nan,0.139570,nan,2.263250
5952,0.923705,1.531410,-5.901167,0.139551,19.297081,2.287910
5953,0.721653,0.907446,nan,0.139551,nan,1.891037
5954,0.706343,0.945209,-8.397253,0.139532,19.268898,1.854690
5955,0.938676,1.199798,nan,0.139532,nan,2.331949
5956,1.030148,1.682265,-8.190519,0.139513,20.046303,2.531813
5957,1.039076,0.931991,nan,0.139513,nan,2.535190
5958,0.725869,0.779018,-7.783813,0.139495,18.104122,1.890266
5959,0.931884,0.974796,nan,0.139495,nan,2.282916
5960,0.955916,0.727764,-9.433409,0.139475,21.661495,2.358849
5961,0.864741,0.987892,nan,0.139475,nan,2.195044
5962,0.928205,0.840671,-7.285498,0.139456,18.493738,2.321160
5963,0.865967,1.093190,nan,0.139456,nan,2.162489
5964,0.597391,0.624469,-7.881690,0.139438,18.576321,1.592850
5965,0.638270,0.794347,nan,0.139438,nan,1.716151
5966,0.840458,0.886628,-8.854126,0.139419,20.162727,2.111002
5967,0.798052,0.836308,nan,0.139419,nan,2.017680
5968,0.652536,0.854095,-9.053354,0.139400,18.921339,1.766224
5969,0.965088,1.252555,nan,0.139400,nan,2.393659
5970,0.751324,0.856482,-7.225062,0.139381,19.294657,1.932678
5971,0.567844,0.835636,nan,0.139381,nan,1.580119
5972,0.769409,1.159571,-8.195512,0.139362,20.148701,1.971350
5973,0.959972,0.952935,nan,0.139362,nan,2.372715
5974,0.800457,0.881686,-8.741539,0.139343,20.046349,2.060714
5975,0.805243,0.889172,nan,0.139343,nan,2.049571
5976,0.939733,2.219869,-4.291142,0.139324,19.953106,2.345255
5977,0.696100,0.934806,nan,0.139324,nan,1.844862
5978,1.411427,1.517659,-6.261328,0.139305,19.570189,3.291354
5979,0.949676,1.539100,nan,0.139305,nan,2.345758
5980,0.748456,1.154951,-8.854914,0.139286,20.125710,1.940578
5981,0.941612,1.122321,nan,0.139286,nan,2.341606
5982,1.142786,1.181310,-6.455997,0.139267,19.168930,2.752344
5983,0.800107,1.274145,nan,0.139267,nan,2.050798
5984,0.947207,1.125579,-9.652068,0.139248,20.318584,2.352364
5985,1.173794,1.082896,nan,0.139248,nan,2.814379
5986,0.866864,0.930968,-7.226136,0.139229,18.761765,2.146498
5987,0.947245,1.015593,nan,0.139229,nan,2.352436
5988,1.219166,1.068134,-5.861043,0.139210,19.952240,2.912543
5989,1.337234,1.002203,nan,0.139210,nan,3.157658
5990,0.808241,1.031376,-8.153643,0.139191,20.255051,2.065335
5991,1.334287,1.011550,nan,0.139191,nan,3.129626
5992,1.358881,0.939564,-10.119564,0.139172,18.126505,3.190498
5993,0.871566,0.977404,nan,0.139172,nan,2.181401
5994,0.509456,1.188528,-7.122727,0.139153,18.980242,1.457907
5995,1.006629,1.162618,nan,0.139153,nan,2.479459
5996,1.048865,0.882970,-8.663772,0.139134,20.077866,2.562769
5997,0.741806,0.770123,nan,0.139134,nan,1.932492
5998,0.914128,0.817982,-8.357395,0.139115,19.544128,2.293116
5999,0.641397,0.714836,nan,0.139115,nan,1.707068
6000,1.160626,1.157358,-7.395692,0.139096,19.334579,2.811578
6001,0.969370,0.971728,nan,0.139096,nan,2.412658
6002,0.684911,0.841581,-8.530708,0.139077,18.016178,1.825399
6003,0.915193,0.731493,nan,0.139077,nan,2.283625
6004,0.903868,0.659522,-10.190454,0.139059,20.948143,2.280340
6005,0.625075,0.665878,nan,0.139059,nan,1.697305
6006,0.825766,1.018344,-8.389187,0.139040,17.948139,2.099937
6007,0.532168,0.524212,nan,0.139040,nan,1.503919
6008,0.987841,1.002355,-7.993904,0.139021,17.523138,2.451545
6009,0.787367,0.914950,nan,0.139021,nan,2.030027
6010,1.097993,1.180141,-9.951984,0.139003,20.617184,2.690088
6011,0.759687,0.848045,nan,0.139003,nan,1.974852
6012,0.837369,1.019579,-7.105632,0.138984,17.834766,2.109146
6013,0.898812,1.393618,nan,0.138984,nan,2.251235
6014,1.057397,0.882981,-8.682220,0.138965,19.573217,2.593125
6015,0.563728,0.597846,nan,0.138965,nan,1.550138
6016,0.809962,0.717799,-8.765972,0.138947,18.661081,2.080748
6017,1.140214,1.083991,nan,0.138947,nan,2.758908
6018,1.011699,1.108451,-8.847356,0.138928,20.479362,2.468874
6019,0.704175,0.791921,nan,0.138928,nan,1.847410
6020,0.583327,0.709099,-9.361504,0.138910,19.365372,1.610850
6021,0.936793,0.855292,nan,0.138910,nan,2.288878
6022,1.002883,0.978540,-8.823261,0.138891,17.529190,2.468246
6023,0.760352,0.702374,nan,0.138891,nan,1.976612
6024,0.777448,0.851808,-8.798183,0.138873,19.218792,2.006309
6025,0.531328,0.518010,nan,0.138873,nan,1.514884
6026,0.848778,0.921611,-8.995249,0.138854,16.976538,2.139248
6027,0.759111,0.713514,nan,0.138854,nan,1.963670
6028,0.665594,0.664902,-8.802183,0.138836,19.110537,1.772392
6029,0.880524,0.895503,nan,0.138836,nan,2.213510
6030,0.748489,0.841366,-9.422500,0.138818,18.033333,1.964591
6031,0.916727,0.893658,nan,0.138818,nan,2.278088
6032,0.971441,0.999546,-9.946229,0.138800,19.372517,2.401855
6033,0.807829,0.802247,nan,0.138800,nan,2.066683
6034,0.663231,0.989773,-10.125938,0.138781,20.356319,1.758557
6035,0.915773,0.701446,nan,0.138781,nan,2.259519
6036,0.898390,0.662085,-8.765937,0.138763,19.152225,2.237094
6037,0.870391,0.721202,nan,0.138763,nan,2.211918
6038,0.846003,0.639274,-9.340537,0.138745,20.158272,2.145650
6039,0.903423,0.901604,nan,0.138745,nan,2.269138
6040,1.019891,0.826486,-8.745669,0.138726,18.739738,2.489822
6041,0.767416,0.755681,nan,0.138726,nan,1.966647
6042,0.637345,0.514230,-8.060780,0.138708,19.876600,1.739107
6043,0.956825,0.834598,nan,0.138708,nan,2.365731
6044,0.689802,0.560672,-9.317120,0.138689,22.421465,1.800235
6045,0.734899,0.697011,nan,0.138689,nan,1.927817
6046,0.680266,0.672641,-9.970142,0.138670,20.523891,1.818446
6047,0.804688,0.962152,nan,0.138670,nan,2.065213
6048,0.812783,0.831635,-9.741121,0.138652,18.620386,2.072092
6049,0.695256,0.767798,nan,0.138652,nan,1.809020
6050,0.725005,0.790031,-8.022289,0.138633,18.259298,1.914997
6051,0.924195,0.993494,nan,0.138633,nan,2.296501
6052,1.092879,1.112616,-9.942179,0.138615,20.041706,2.659639
6053,0.910032,0.909193,nan,0.138615,nan,2.268974
6054,1.163254,1.068181,-9.690365,0.138596,19.028824,2.785191
6055,0.691247,0.770865,nan,0.138596,nan,1.811063
6056,0.672906,0.910249,-9.475283,0.138577,22.170197,1.812166
6057,0.632473,0.597876,nan,0.138577,nan,1.709730
6058,0.853793,1.011039,-9.495790,0.138558,21.155148,2.159571
6059,0.897380,0.656350,nan,0.138558,nan,2.242518
6060,0.712714,0.710622,-9.182667,0.138540,17.686129,1.861665
6061,1.010417,1.044504,nan,0.138540,nan,2.493627
6062,0.756825,0.794503,-10.326880,0.138521,17.278013,1.946596
6063,1.134347,0.925599,nan,0.138521,nan,2.739820
6064,0.954836,0.675447,-8.980619,0.138503,18.595839,2.363179
6065,0.844974,0.881571,nan,0.138503,nan,2.155666
6066,0.975278,0.968751,-10.342855,0.138484,21.434029,2.402446
6067,0.809453,0.852670,nan,0.138484,nan,2.046606
6068,0.897009,0.905543,-9.753278,0.138466,18.927919,2.234806
6069,0.713610,0.867229,nan,0.138466,nan,1.850210
6070,0.652493,0.584447,-9.652996,0.138447,20.426369,1.741153
6071,0.694622,0.654514,nan,0.138447,nan,1.847886
6072,0.883551,0.947059,-8.602052,0.138429,19.413126,2.205087
6073,1.132147,0.964043,nan,0.138429,nan,2.745310
6074,0.906155,0.926217,-9.337198,0.138410,18.477951,2.277665
6075,1.119247,1.034147,nan,0.138410,nan,2.675819
6076,1.589679,0.741886,-8.741230,0.138392,19.121346,3.643769
6077,0.779380,0.936732,nan,0.138392,nan,1.978235
6078,1.066082,1.287742,-7.986825,0.138373,20.116833,2.596398
6079,1.146024,0.947804,nan,0.138373,nan,2.775886
6080,0.943674,1.029859,-8.570027,0.138355,19.794392,2.339779
6081,1.399645,0.941365,nan,0.138355,nan,3.275270
6082,1.626918,0.695540,-9.130344,0.138336,19.936375,3.730769
6083,1.152560,1.111583,nan,0.138336,nan,2.739937
6084,1.044608,0.887357,-7.153464,0.138318,20.086521,2.542199
6085,1.141725,0.790927,nan,0.138318,nan,2.740112
6086,1.062463,0.742107,-9.960516,0.138299,18.927977,2.602020
6087,1.005294,0.660140,nan,0.138299,nan,2.449901
6088,1.103458,1.052981,-10.115531,0.138281,21.200083,2.669906
6089,0.590875,0.657430,nan,0.138281,nan,1.622612
6090,0.748981,0.732678,-9.001306,0.138262,19.743542,1.953944
6091,0.862702,0.690249,nan,0.138262,nan,2.183011
6092,0.840793,0.722093,-10.024918,0.138244,18.833294,2.138320
6093,0.860909,0.765537,nan,0.138244,nan,2.170206
6094,1.302344,1.102921,-10.059387,0.138225,19.505398,3.058942
6095,0.908825,0.912059,nan,0.138225,nan,2.241558
6096,0.800682,0.952832,-8.922250,0.138207,20.695669,2.042615
6097,0.643994,0.596975,nan,0.138207,nan,1.735349
6098,0.841827,0.906175,-9.609273,0.138188,19.488762,2.148949
6099,0.969490,1.007622,nan,0.138188,nan,2.396135
6100,1.096875,1.016531,-9.527698,0.138170,16.953362,2.649816
6101,0.881432,0.609029,nan,0.138170,nan,2.213713
6102,0.702432,0.785612,-9.947608,0.138152,19.898289,1.828931
6103,0.616128,0.760021,nan,0.138152,nan,1.680260
6104,0.811225,0.810308,-9.738216,0.138133,18.926964,2.072743
6105,0.961855,1.065488,nan,0.138133,nan,2.392574
6106,0.793680,0.837485,-9.946614,0.138115,19.872375,2.040080
6107,0.988817,0.964682,nan,0.138115,nan,2.434454
6108,0.807648,0.884398,-8.743155,0.138096,22.067463,2.057317
6109,1.082930,1.088139,nan,0.138096,nan,2.632861
6110,0.846481,0.860579,-8.763992,0.138078,19.193909,2.147031
6111,0.872076,0.877429,nan,0.138078,nan,2.176044
6112,1.090181,1.092368,-8.312488,0.138060,19.898495,2.617040
6113,0.770038,0.727480,nan,0.138060,nan,1.971899
6114,0.959310,0.918613,-10.468899,0.138041,19.949429,2.383750
6115,0.987639,0.888190,nan,0.138041,nan,2.428185
6116,0.938111,0.921832,-9.925619,0.138022,22.124374,2.324666
6117,0.800413,0.745744,nan,0.138022,nan,2.027448
6118,0.864107,0.769716,-8.386091,0.138004,18.762295,2.192896
6119,0.963851,0.929357,nan,0.138004,nan,2.383743
6120,0.912476,0.907466,-9.341524,0.137985,21.730556,2.293415
6121,0.831394,0.985128,nan,0.137985,nan,2.107365
6122,1.121067,1.039828,-10.767546,0.137967,19.826508,2.690698
6123,0.838785,0.773694,nan,0.137967,nan,2.127029
6124,0.893580,1.001636,-9.691478,0.137948,22.686893,2.249922
6125,0.816867,0.903640,nan,0.137948,nan,2.090333
6126,0.721953,0.593428,-10.015554,0.137929,19.255943,1.892066
6127,0.844526,0.824895,nan,0.137929,nan,2.138132
6128,0.760298,0.760699,-10.428965,0.137910,19.256348,1.978665
6129,0.679098,0.731260,nan,0.137910,nan,1.805186
6130,0.752575,0.736471,-9.967930,0.137892,19.105659,1.947524
6131,1.260338,1.280996,nan,0.137892,nan,2.994864
6132,0.992313,0.982541,-10.295277,0.137873,22.967239,2.428459
6133,0.857121,0.868465,nan,0.137873,nan,2.164239
6134,0.749762,0.702869,-10.521006,0.137854,21.609451,1.952735
6135,0.637659,0.553469,nan,0.137854,nan,1.701077
6136,1.145697,1.026528,-9.754423,0.137835,21.737041,2.727261
6137,0.714104,0.693108,nan,0.137835,nan,1.870696
6138,0.930659,0.762343,-9.554133,0.137816,19.990582,2.303759
6139,0.963553,1.060241,nan,0.137816,nan,2.400355
6140,0.955418,0.980460,-10.471890,0.137797,19.142527,2.345973
6141,1.037428,0.628339,nan,0.137797,nan,2.520172
6142,0.911992,0.587013,-10.025408,0.137779,21.218941,2.266865
6143,1.179610,1.131108,nan,0.137779,nan,2.832839
6144,0.898850,0.740414,-9.942598,0.137760,21.121544,2.250473
6145,1.081774,0.983965,nan,0.137760,nan,2.616235
6146,0.974172,0.812007,-9.483792,0.137741,21.421375,2.395282
6147,0.738784,0.911025,nan,0.137741,nan,1.916706
6148,0.920419,0.683744,-9.587963,0.137722,21.492702,2.292646
6149,0.912563,0.925749,nan,0.137722,nan,2.285889
6150,1.328168,0.863677,-8.441300,0.137703,20.279531,3.111316
6151,1.251919,0.971074,nan,0.137703,nan,2.975546
6152,0.762574,0.747718,-9.699940,0.137684,19.636021,1.958541
6153,0.747664,0.629684,nan,0.137684,nan,1.927617
6154,0.914555,0.938857,-9.313345,0.137665,20.478922,2.278628
6155,0.790983,0.784263,nan,0.137665,nan,2.041765
6156,1.003371,0.839358,-8.896433,0.137646,19.444759,2.449560
6157,0.767821,0.919536,nan,0.137646,nan,1.972740
6158,1.131893,1.153463,-10.020578,0.137628,19.565884,2.727796
6159,0.782820,0.921886,nan,0.137628,nan,2.014505
6160,0.861953,0.998901,-10.986963,0.137609,21.720358,2.155952
6161,0.940778,0.864138,nan,0.137609,nan,2.326534
6162,0.820174,0.788699,-9.795752,0.137590,20.910450,2.075114
6163,0.662358,0.716299,nan,0.137590,nan,1.762599
6164,0.870699,0.937590,-9.881628,0.137571,18.440369,2.207939
6165,0.651972,0.719962,nan,0.137571,nan,1.755006
6166,0.888761,0.864347,-9.866858,0.137553,18.490570,2.228672
6167,0.775477,0.801226,nan,0.137553,nan,2.004694
6168,0.847988,0.851430,-9.441973,0.137534,20.515339,2.161777
6169,0.908108,0.842080,nan,0.137534,nan,2.281550
6170,0.992385,1.040318,-10.104395,0.137516,20.194649,2.427212
6171,1.049394,1.034416,nan,0.137516,nan,2.553517
6172,0.688686,0.759658,-9.353176,0.137497,21.521769,1.831191
6173,1.120666,0.830776,nan,0.137497,nan,2.694358
6174,0.895375,0.720371,-10.969645,0.137479,20.751961,2.238414
6175,0.754544,0.698122,nan,0.137479,nan,1.924873
6176,0.744725,0.586212,-10.894992,0.137460,18.138172,1.912048
6177,1.159926,1.093937,nan,0.137460,nan,2.773623
6178,0.828173,0.832488,-10.128304,0.137442,21.337770,2.113679
6179,0.934065,0.880006,nan,0.137442,nan,2.312262
6180,1.023602,1.195378,-9.478416,0.137423,19.243641,2.503128
6181,0.929633,0.871738,nan,0.137423,nan,2.306921
6182,0.840657,0.803692,-10.184040,0.137405,19.209948,2.118288
6183,0.832423,0.723639,nan,0.137405,nan,2.107669
6184,0.612214,0.781349,-9.865619,0.137387,17.611855,1.651499
6185,0.711837,0.768508,nan,0.137387,nan,1.859966
6186,0.560424,0.540189,-9.053308,0.137369,20.691713,1.531520
6187,1.041169,0.921107,nan,0.137369,nan,2.524955
6188,0.976521,1.038920,-8.527596,0.137350,20.557568,2.386626
6189,0.848797,0.986709,nan,0.137350,nan,2.148137
6190,1.150705,0.843503,-9.760674,0.137332,22.568638,2.757640
6191,0.928753,0.927284,nan,0.137332,nan,2.313958
6192,0.893319,0.912727,-9.906332,0.137314,19.110678,2.229905
6193,0.723273,0.809540,nan,0.137314,nan,1.880969
6194,1.073642,0.968177,-10.972540,0.137295,20.627932,2.590173
6195,0.908106,0.898640,nan,0.137295,nan,2.255742
6196,1.366414,1.440554,-11.914576,0.137277,20.956968,3.193436
6197,1.077293,1.118343,nan,0.137277,nan,2.571959
6198,0.760094,0.652832,-10.369118,0.137259,19.883816,1.950547
6199,0.504902,0.516295,nan,0.137259,nan,1.442314
6200,0.917051,0.770010,-8.553249,0.137240,20.980679,2.289965
6201,1.068626,1.123845,nan,0.137240,nan,2.586354
6202,1.244739,1.241076,-9.888802,0.137222,21.743843,2.960469
6203,0.910405,0.949089,nan,0.137222,nan,2.273932
6204,0.951232,0.937584,-10.553775,0.137203,19.250904,2.358804
6205,1.176545,1.107693,nan,0.137203,nan,2.817941
6206,0.691001,0.827111,-11.049029,0.137185,21.209429,1.807468
6207,0.676330,0.737457,nan,0.137185,nan,1.789639
6208,0.732259,0.749860,-10.097608,0.137166,20.872400,1.911745
6209,0.823773,0.774130,nan,0.137166,nan,2.087655
6210,0.822432,0.803601,-10.354988,0.137148,19.834930,2.101437
6211,0.815543,0.875265,nan,0.137148,nan,2.082581
6212,0.842850,0.891441,-10.514193,0.137129,19.523552,2.131165
6213,0.989636,0.932616,nan,0.137129,nan,2.425417
6214,0.562706,0.705028,-10.451385,0.137111,19.050602,1.555022
6215,0.841572,0.794086,nan,0.137111,nan,2.138132
6216,0.670965,0.677630,-10.201225,0.137093,22.172955,1.770661
6217,0.943399,0.909316,nan,0.137093,nan,2.329093
6218,0.942065,0.848424,-8.963322,0.137075,17.490318,2.358389
6219,0.977942,0.925640,nan,0.137075,nan,2.413703
6220,1.174814,1.088208,-9.527966,0.137056,21.268906,2.793637
6221,1.053775,0.910576,nan,0.137056,nan,2.546315
6222,0.874228,0.834476,-11.096784,0.137038,22.192898,2.201363
6223,0.939042,0.917109,nan,0.137038,nan,2.319404
6224,0.677973,0.743732,-9.718894,0.137020,19.124855,1.798317
6225,0.743871,0.824968,nan,0.137020,nan,1.943203
6226,0.872165,0.822883,-10.121204,0.137001,18.856979,2.173955
6227,0.863737,0.753299,nan,0.137001,nan,2.160029
6228,0.618078,0.583954,-9.485449,0.136983,19.719282,1.671042
6229,0.898633,0.885162,nan,0.136983,nan,2.230993
6230,0.548633,0.570364,-10.331547,0.136965,20.661938,1.511071
6231,0.783221,0.865331,nan,0.136965,nan,1.993853
6232,0.701665,0.682135,-11.152795,0.136947,22.212139,1.852867
6233,1.009551,0.938783,nan,0.136947,nan,2.437985
6234,0.923441,0.850626,-8.968618,0.136928,21.877310,2.278354
6235,0.860283,0.850449,nan,0.136928,nan,2.167978
6236,0.863245,1.151455,-9.687240,0.136910,19.185101,2.194057
6237,1.342333,0.841671,nan,0.136910,nan,3.118341
6238,1.126623,0.707498,-9.776984,0.136892,18.993820,2.720295
6239,1.017314,1.084461,nan,0.136892,nan,2.461456
6240,0.835769,1.081832,-9.546064,0.136874,20.095943,2.095389
6241,1.010509,0.939831,nan,0.136874,nan,2.449050
6242,0.736818,0.636326,-11.180573,0.136855,20.350685,1.897980
6243,0.796941,0.884119,nan,0.136855,nan,2.023017
6244,0.828257,0.956212,-9.824146,0.136837,20.152672,2.092597
6245,0.568377,0.693557,nan,0.136837,nan,1.567321
6246,1.011779,1.052325,-10.772045,0.136819,20.790081,2.476361
6247,1.053763,0.876806,nan,0.136819,nan,2.546352
6248,1.070777,0.753103,-11.300461,0.136801,21.902708,2.591076
6249,0.863863,0.788666,nan,0.136801,nan,2.174842
6250,0.738810,0.776801,-9.093292,0.136783,19.740061,1.924067
6251,1.079474,1.071244,nan,0.136783,nan,2.615348
6252,1.134967,0.930110,-10.048428,0.136764,20.141502,2.722213
6253,0.793621,0.810692,nan,0.136764,nan,2.018382
6254,1.501614,1.361506,-11.972158,0.136746,18.458847,3.459110
6255,0.854483,0.850616,nan,0.136746,nan,2.142246
6256,1.019079,0.999290,-10.646896,0.136728,18.062702,2.473326
6257,1.038308,1.072984,nan,0.136728,nan,2.505804
6258,0.658226,0.661782,-8.734119,0.136711,19.297840,1.728433
6259,0.902140,0.726866,nan,0.136711,nan,2.222568
6260,1.002836,1.001307,-10.901251,0.136693,21.117069,2.445266
6261,0.812400,0.687132,nan,0.136693,nan,2.045092
6262,0.882894,0.792926,-11.146700,0.136675,20.165321,2.201485
6263,0.663608,0.710572,nan,0.136675,nan,1.728132
6264,1.053749,1.004971,-10.795736,0.136657,19.881145,2.566031
6265,0.907566,0.913536,nan,0.136657,nan,2.255129
6266,0.804388,0.897831,-10.825339,0.136639,19.839241,2.052165
6267,0.830387,0.823104,nan,0.136639,nan,2.096524
6268,1.047683,0.916789,-10.526945,0.136621,19.647343,2.526655
6269,0.773653,0.825826,nan,0.136621,nan,1.968395
6270,0.699804,0.794290,-9.771454,0.136603,19.342354,1.821557
6271,0.892540,1.040722,nan,0.136603,nan,2.206178
6272,0.664828,0.659065,-11.005466,0.136585,21.796396,1.744614
6273,0.820670,0.816662,nan,0.136585,nan,2.081631
6274,1.032909,1.042656,-10.731103,0.136567,22.749958,2.518434
6275,0.818057,0.857096,nan,0.136567,nan,2.079087
6276,0.859029,0.786797,-11.276163,0.136549,21.621054,2.138446
6277,1.057807,1.045828,nan,0.136549,nan,2.565776
6278,0.868499,0.774846,-9.818163,0.136531,20.077412,2.157940
6279,0.778194,0.725213,nan,0.136531,nan,2.002284
6280,0.686417,0.669679,-10.869171,0.136513,20.645004,1.783685
6281,0.778233,0.680483,nan,0.136513,nan,1.972910
6282,0.994665,1.053501,-10.721873,0.136495,20.276207,2.395226
6283,1.142085,1.240413,nan,0.136495,nan,2.740117
6284,0.998679,0.901086,-9.545815,0.136476,22.566399,2.438530
6285,0.873601,0.918513,nan,0.136476,nan,2.178654
6286,0.737093,0.671874,-10.426896,0.136458,19.763809,1.905877
6287,0.638155,0.709486,nan,0.136458,nan,1.695415
6288,0.869219,0.932497,-10.317337,0.136440,21.899408,2.130199
6289,0.935024,0.934137,nan,0.136440,nan,2.310393
6290,0.900303,0.877161,-10.354532,0.136422,21.625546,2.245924
6291,0.866491,0.772131,nan,0.136422,nan,2.174284
6292,1.069390,0.995000,-10.874114,0.136403,19.950588,2.568791
6293,1.045155,0.968263,nan,0.136403,nan,2.525732
6294,0.965522,0.953259,-10.658943,0.136385,21.757656,2.371522
6295,1.311140,1.239406,nan,0.136385,nan,3.070741
6296,0.813255,0.873883,-10.487741,0.136367,18.955801,2.065457
6297,0.851843,0.745663,nan,0.136367,nan,2.129861
6298,1.098211,1.198967,-11.106796,0.136349,19.976166,2.626522
6299,0.972634,1.137301,nan,0.136349,nan,2.390793
6300,0.671116,0.644536,-9.561014,0.136331,20.350288,1.774024
6301,0.838343,0.952127,nan,0.136331,nan,2.101624
6302,1.071457,0.982723,-9.874796,0.136312,20.254345,2.582711
6303,0.818524,0.867626,nan,0.136312,nan,2.065446
6304,0.582661,0.601035,-11.045675,0.136294,21.358265,1.580738
6305,1.307816,1.425488,nan,0.136294,nan,3.047822
6306,0.977030,0.948960,-11.326069,0.136276,21.196732,2.366314
6307,0.608558,0.615387,nan,0.136276,nan,1.634101
6308,1.018319,1.083548,-11.550478,0.136258,21.136967,2.463013
6309,0.893420,0.904666,nan,0.136258,nan,2.208641
6310,0.873719,0.972746,-11.299459,0.136240,19.535847,2.143032
6311,0.866283,0.948483,nan,0.136240,nan,2.145296
6312,0.721394,0.810954,-11.088803,0.136222,21.035282,1.854087
6313,0.858778,0.852716,nan,0.136222,nan,2.126890
6314,0.665060,0.718432,-10.838160,0.136203,21.905544,1.745137
6315,0.655403,0.605054,nan,0.136203,nan,1.743567
6316,1.110571,1.077377,-12.195530,0.136185,20.942621,2.664617
6317,1.149783,1.089218,nan,0.136185,nan,2.710432
6318,2.161469,0.874053,-11.912348,0.136167,19.127268,4.772094
6319,1.315699,0.948879,nan,0.136167,nan,3.080636
6320,1.036967,0.977706,-10.457331,0.136149,23.698738,2.481270
6321,0.998487,0.704027,nan,0.136149,nan,2.439447
6322,1.030480,0.813084,-9.019386,0.136131,18.371563,2.507543
6323,0.947892,0.891087,nan,0.136131,nan,2.333822
6324,0.860275,0.872539,-11.370514,0.136113,21.300117,2.158851
6325,0.525523,0.772365,nan,0.136113,nan,1.425722
6326,1.108707,1.235462,-12.429777,0.136095,21.607277,2.646348
6327,1.001554,0.951529,nan,0.136095,nan,2.433761
6328,0.670936,0.678421,-10.617353,0.136076,20.987926,1.752947
6329,0.616536,0.645544,nan,0.136076,nan,1.655517
6330,0.756001,1.049646,-10.504080,0.136058,23.077227,1.951103
6331,0.784548,0.736289,nan,0.136058,nan,1.995298
6332,0.934879,1.084093,-11.032654,0.136040,20.075699,2.308107
6333,1.239005,1.379129,nan,0.136040,nan,2.923216
6334,0.847722,0.870826,-10.582141,0.136022,19.799891,2.102636
6335,0.935625,0.992896,nan,0.136022,nan,2.304513
6336,0.837784,0.768503,-10.733529,0.136003,20.922703,2.114843
6337,0.779665,0.728881,nan,0.136003,nan,1.975554
6338,1.033333,0.916056,-12.022322,0.135985,19.762066,2.465317
6339,0.916032,0.879529,nan,0.135985,nan,2.231653
6340,1.103696,0.930405,-11.891640,0.135967,23.082685,2.621419
6341,1.088873,1.092099,nan,0.135967,nan,2.585284
6342,0.700863,0.718785,-9.790648,0.135949,20.487898,1.818346
6343,1.053902,0.983196,nan,0.135949,nan,2.574750
6344,0.793288,0.882415,-9.732195,0.135931,20.548105,2.029726
6345,0.926626,0.821636,nan,0.135931,nan,2.297830
6346,1.177669,0.881362,-10.647322,0.135912,23.206160,2.784233
6347,0.863659,0.741497,nan,0.135912,nan,2.160092
6348,1.066676,1.057038,-11.238900,0.135894,19.771675,2.594357
6349,0.764686,0.694029,nan,0.135894,nan,1.960363
6350,0.994502,0.933849,-10.880565,0.135876,20.526773,2.432405
6351,1.120655,0.995149,nan,0.135876,nan,2.695293
6352,1.136656,1.139517,-11.753202,0.135858,20.765682,2.697622
6353,1.114297,1.305861,nan,0.135858,nan,2.678022
6354,0.877608,0.965489,-9.562078,0.135840,22.635010,2.164541
6355,0.888574,0.783608,nan,0.135840,nan,2.213027
6356,0.848860,0.650153,-10.840256,0.135821,22.651148,2.111719
6357,0.607637,0.609647,nan,0.135821,nan,1.653754
6358,0.768405,0.721578,-12.059919,0.135803,20.592087,1.978145
6359,0.889823,0.814109,nan,0.135803,nan,2.189439
6360,0.987203,0.935033,-10.859219,0.135785,21.052729,2.371036
6361,0.911143,0.996597,nan,0.135785,nan,2.246205
6362,0.653922,0.687623,-11.178222,0.135767,21.001827,1.748515
6363,1.036663,0.930176,nan,0.135767,nan,2.498241
6364,0.810958,0.760429,-12.317934,0.135748,20.271021,2.027926
6365,1.141703,1.144542,nan,0.135748,nan,2.723171
6366,0.795432,0.809674,-11.964144,0.135730,20.155649,2.016799
6367,0.719770,0.747097,nan,0.135730,nan,1.850945
6368,0.590856,0.598412,-12.103394,0.135712,22.814667,1.609901
6369,0.740513,0.724530,nan,0.135712,nan,1.924452
6370,0.639809,0.629737,-11.940169,0.135694,19.436533,1.675435
6371,0.779686,0.644532,nan,0.135694,nan,1.989928
6372,1.073021,0.961311,-12.350243,0.135676,21.148304,2.575897
6373,0.735390,0.773993,nan,0.135676,nan,1.895812
6374,0.745524,0.664538,-10.846091,0.135658,20.303822,1.939382
6375,0.693216,0.759484,nan,0.135658,nan,1.821073
6376,0.947773,0.919766,-11.640821,0.135640,21.185638,2.338022
6377,0.906850,0.854779,nan,0.135640,nan,2.232262
6378,0.680662,0.633576,-10.642492,0.135622,22.698072,1.794531
6379,0.712864,0.827081,nan,0.135622,nan,1.870303
6380,1.054998,1.100172,-10.724428,0.135604,21.744850,2.551466
6381,0.710445,0.809044,nan,0.135604,nan,1.851216
6382,0.681269,0.685500,-12.199213,0.135585,23.872114,1.786277
6383,0.692978,0.662957,nan,0.135585,nan,1.823902
6384,0.891307,0.861372,-11.346312,0.135567,22.168169,2.198262
6385,0.756064,0.769456,nan,0.135567,nan,1.961452
6386,0.892915,0.883022,-12.486660,0.135548,20.854267,2.214367
6387,0.962259,0.712872,nan,0.135548,nan,2.340399
6388,0.932310,0.979153,-12.093603,0.135530,23.523712,2.276074
6389,1.095428,1.114146,nan,0.135530,nan,2.634452
6390,0.893018,0.791691,-10.517965,0.135512,21.213528,2.219953
6391,0.686148,0.645208,nan,0.135512,nan,1.809721
6392,0.906309,0.815934,-11.085770,0.135493,21.590069,2.261253
6393,0.909118,0.887221,nan,0.135493,nan,2.223503
6394,0.929210,0.895275,-11.672541,0.135475,19.658600,2.265575
6395,0.839552,0.820976,nan,0.135475,nan,2.104187
6396,0.617850,0.624748,-11.664776,0.135457,21.798887,1.657024
6397,0.761206,0.657910,nan,0.135457,nan,1.945718
6398,0.918751,0.895234,-12.192886,0.135438,21.397121,2.248976
6399,1.064683,1.075134,nan,0.135438,nan,2.588862
6400,0.791469,0.720514,-12.588866,0.135420,20.259151,2.001139
6401,1.097440,0.942057,nan,0.135420,nan,2.616960
6402,1.055724,1.010022,-12.842316,0.135402,20.657829,2.528243
6403,1.196770,1.256428,nan,0.135402,nan,2.821701
6404,0.821155,0.834349,-10.815517,0.135384,19.871548,2.073606
6405,0.897887,1.015851,nan,0.135384,nan,2.255592
6406,1.081074,1.248304,-10.652253,0.135366,20.141327,2.636967
6407,1.093903,1.069108,nan,0.135366,nan,2.644023
6408,1.001136,0.999639,-12.252537,0.135348,21.498844,2.452050
6409,0.725635,0.998176,nan,0.135348,nan,1.907634
6410,0.708328,0.899416,-12.086061,0.135330,21.437244,1.836897
6411,0.987852,0.974545,nan,0.135330,nan,2.415310
6412,0.822889,0.905732,-11.471550,0.135312,22.338219,2.094919
6413,0.860754,0.824655,nan,0.135312,nan,2.198853
6414,0.967787,0.855965,-12.268147,0.135294,21.798332,2.401188
6415,1.033288,1.053833,nan,0.135294,nan,2.517965
6416,1.287951,1.272419,-11.584547,0.135276,21.595251,3.043546
6417,0.899562,0.923672,nan,0.135276,nan,2.273814
6418,0.908270,0.856903,-12.500786,0.135258,20.334757,2.265297
6419,0.995662,0.845355,nan,0.135258,nan,2.452187
6420,1.041981,0.865440,-13.200644,0.135240,19.800648,2.524258
6421,1.005350,1.096103,nan,0.135240,nan,2.460709
6422,0.765054,0.864919,-11.061435,0.135222,21.331764,1.972909
6423,1.133005,1.261571,nan,0.135222,nan,2.735041
6424,0.877088,1.280134,-10.841311,0.135204,21.470428,2.222720
6425,1.133904,0.991052,nan,0.135204,nan,2.737172
6426,1.067622,1.019199,-12.518720,0.135186,22.656946,2.598957
6427,0.924077,0.840254,nan,0.135186,nan,2.300612
6428,1.554505,0.673632,-12.685009,0.135168,22.281189,3.557442
6429,0.841324,0.842291,nan,0.135168,nan,2.128572
6430,0.698780,0.772503,-12.478056,0.135150,21.292934,1.844187
6431,0.966353,0.846612,nan,0.135150,nan,2.402990
6432,0.638348,0.593056,-12.477062,0.135132,20.653992,1.715387
6433,0.651938,0.688539,nan,0.135132,nan,1.730963
6434,0.712677,0.615997,-13.013237,0.135114,22.689714,1.899786
6435,0.653891,0.619499,nan,0.135114,nan,1.734276
6436,1.049595,0.975873,-12.855402,0.135096,20.979572,2.527496
6437,1.036026,0.947397,nan,0.135096,nan,2.482370
6438,0.904896,0.953327,-11.446106,0.135078,22.314404,2.262573
6439,1.001950,0.824435,nan,0.135078,nan,2.473613
6440,0.774853,0.832466,-11.437147,0.135060,22.814751,2.005606
6441,2.514564,0.690630,nan,0.135060,nan,5.493606
6442,1.399047,0.676038,-12.344641,0.135041,23.462734,3.261492
6443,0.870494,0.790859,nan,0.135041,nan,2.208026
6444,0.828236,0.814798,-12.322508,0.135023,20.299061,2.079015
6445,0.835482,0.861937,nan,0.135023,nan,2.110219
6446,0.723555,0.802593,-12.158342,0.135005,21.037632,1.903627
6447,0.892550,0.846558,nan,0.135005,nan,2.252392
6448,0.791043,0.696272,-12.205987,0.134987,22.369072,2.054472
6449,0.603044,0.595912,nan,0.134987,nan,1.614461
6450,0.718822,0.778316,-11.677958,0.134969,21.125965,1.888855
6451,0.973519,0.978698,nan,0.134969,nan,2.423708
6452,0.841852,0.790832,-11.832132,0.134950,22.409632,2.147526
6453,0.733446,0.662955,nan,0.134950,nan,1.899569
6454,0.887458,0.747170,-12.425777,0.134932,20.679432,2.201777
6455,0.691116,0.610962,nan,0.134932,nan,1.822067
6456,0.792773,0.706238,-12.736080,0.134914,22.396801,2.040297
6457,2.024596,0.552169,nan,0.134914,nan,4.499302
6458,2.654506,0.976854,-13.438543,0.134896,23.252478,5.787632
6459,1.092487,1.100827,nan,0.134896,nan,2.636676
6460,0.783913,0.739241,-12.177509,0.134878,20.421328,2.026664
6461,0.679042,0.700713,nan,0.134878,nan,1.810258
6462,0.726481,0.676183,-12.390120,0.134860,19.059731,1.910978
6463,0.779180,0.633064,nan,0.134860,nan,2.009744
6464,0.899727,0.825628,-12.674179,0.134842,22.430334,2.266738
6465,0.673657,0.678509,nan,0.134842,nan,1.801524
6466,0.904516,0.833565,-13.327698,0.134824,21.730412,2.250820
6467,0.744406,0.652452,nan,0.134824,nan,1.930208
6468,0.824912,0.809271,-11.418405,0.134806,22.508373,2.127289
6469,0.949711,0.917982,nan,0.134806,nan,2.381961
6470,0.576129,0.651960,-12.173366,0.134788,21.739368,1.609734
6471,0.949660,0.842597,nan,0.134788,nan,2.346819
6472,1.159982,1.122867,-13.210876,0.134770,20.796560,2.770237
6473,0.909803,0.974453,nan,0.134770,nan,2.268590
6474,0.766163,0.863361,-12.567289,0.134752,21.150677,1.984032
6475,0.779742,0.846376,nan,0.134752,nan,1.956600
6476,0.699015,0.641535,-13.089444,0.134734,23.483063,1.842203
6477,0.916623,1.088279,nan,0.134734,nan,2.258714
6478,0.829979,0.887752,-11.961481,0.134716,22.919197,2.101344
6479,0.883043,0.869487,nan,0.134716,nan,2.175550
6480,0.834469,0.871431,-11.635998,0.134698,19.300537,2.107025
6481,0.921535,0.689299,nan,0.134698,nan,2.258534
6482,0.545444,0.642371,-12.508552,0.134680,21.383862,1.515776
6483,1.043507,1.123703,nan,0.134680,nan,2.574854
6484,0.809200,1.216614,-12.133070,0.134662,23.777115,2.057141
6485,0.944250,0.771730,nan,0.134662,nan,2.366438
6486,0.924864,0.986054,-12.889364,0.134644,21.069130,2.300159
6487,1.169527,1.022825,nan,0.134644,nan,2.760928
6488,1.322534,0.882077,-13.036599,0.134626,21.294403,3.096892
6489,0.898044,0.642878,nan,0.134626,nan,2.235274
6490,0.881423,0.896814,-11.888652,0.134608,19.989410,2.210189
6491,0.861249,0.519399,nan,0.134608,nan,2.195387
6492,1.040694,0.977530,-13.066586,0.134590,22.779022,2.550935
6493,1.163152,0.741014,nan,0.134590,nan,2.756121
6494,1.771790,1.075183,-12.955914,0.134572,21.496017,3.963071
6495,0.990538,1.058299,nan,0.134572,nan,2.448503
6496,0.903519,0.842801,-13.567507,0.134554,22.785286,2.269724
6497,1.164849,1.116891,nan,0.134554,nan,2.798284
6498,0.835186,0.683091,-13.745093,0.134536,19.383709,2.095451
6499,0.798776,0.714091,nan,0.134536,nan,2.000249
6500,0.716066,0.732220,-13.466896,0.134518,22.391359,1.849458
6501,0.851934,0.758122,nan,0.134518,nan,2.170681
6502,0.995081,1.058835,-11.947503,0.134501,20.449860,2.449577
6503,0.635987,0.675078,nan,0.134501,nan,1.681246
6504,1.257295,0.882631,-12.655357,0.134483,22.490589,2.966235
6505,0.719174,0.716456,nan,0.134483,nan,1.827674
6506,0.940388,0.950849,-12.043835,0.134465,21.455784,2.332667
6507,0.948612,0.878619,nan,0.134465,nan,2.355360
6508,0.911524,1.020831,-13.834719,0.134447,21.767900,2.236985
6509,2.988788,0.784372,nan,0.134447,nan,6.415870
6510,1.981580,0.901588,-14.310251,0.134429,20.548149,4.416282
6511,1.564497,1.343137,nan,0.134429,nan,3.546571
6512,0.700729,0.748799,-13.450510,0.134412,22.822632,1.810654
6513,0.931559,0.796428,nan,0.134412,nan,2.333353
6514,1.082325,0.813322,-11.962790,0.134394,22.484076,2.630454
6515,1.126199,1.048735,nan,0.134394,nan,2.707275
6516,0.892231,1.194194,-11.894123,0.134376,19.819763,2.251461
6517,1.191105,0.944137,nan,0.134376,nan,2.844155
6518,1.161528,0.770919,-13.937839,0.134358,21.922533,2.796778
6519,1.078266,1.094610,nan,0.134358,nan,2.600567
6520,0.858843,0.702447,-15.592384,0.134340,23.450485,2.151064
6521,1.651064,1.448153,nan,0.134340,nan,3.738636
6522,1.020504,0.975214,-14.009313,0.134323,20.401731,2.462586
6523,0.886999,0.893876,nan,0.134323,nan,2.235071
6524,0.902434,0.848388,-12.645552,0.134305,21.668980,2.247506
6525,0.924045,0.920390,nan,0.134305,nan,2.285592
6526,0.923549,0.781265,-13.239298,0.134287,22.792191,2.299550
6527,0.898560,0.892508,nan,0.134287,nan,2.251045
6528,1.146260,1.117399,-13.717785,0.134269,22.958736,2.738825
6529,0.736725,0.658252,nan,0.134269,nan,1.894166
6530,0.646292,0.548013,-13.880442,0.134251,22.321247,1.724321
6531,0.695807,0.647461,nan,0.134251,nan,1.805393
6532,0.894591,0.925025,-14.422015,0.134233,23.441704,2.221382
6533,0.573438,0.530547,nan,0.134233,nan,1.523278
6534,0.766143,0.786678,-14.550617,0.134215,22.147511,1.956792
6535,0.865973,0.855302,nan,0.134215,nan,2.190516
6536,0.848243,0.896896,-12.998377,0.134197,21.874643,2.147959
6537,0.911075,0.867156,nan,0.134197,nan,2.263512
6538,0.764295,0.749361,-13.044471,0.134179,20.112099,1.958198
6539,0.719972,0.731280,nan,0.134179,nan,1.819308
6540,1.007707,0.984240,-13.707354,0.134161,21.569260,2.471091
6541,0.651475,0.568399,nan,0.134161,nan,1.738711
6542,0.950357,1.019020,-13.512297,0.134144,20.685215,2.287437
6543,0.874415,0.877837,nan,0.134144,nan,2.200306
6544,0.923594,0.989721,-12.134380,0.134126,22.961124,2.296383
6545,0.853958,1.233993,nan,0.134126,nan,2.163754
6546,1.061429,1.165127,-13.391245,0.134108,21.469023,2.554714
6547,0.672923,0.622136,nan,0.134108,nan,1.742007
6548,0.839437,0.933716,-12.966123,0.134090,22.190548,2.100325
6549,1.157184,1.052385,nan,0.134090,nan,2.766072
6550,0.992887,0.835786,-14.832069,0.134073,22.204029,2.457319
6551,0.987995,0.850899,nan,0.134073,nan,2.397385
6552,0.696474,0.599335,-14.225082,0.134055,22.018570,1.794601
6553,0.851540,0.876703,nan,0.134055,nan,2.160068
6554,0.871216,0.882080,-13.722073,0.134037,22.426815,2.200866
6555,0.885677,0.879940,nan,0.134037,nan,2.198539
6556,0.746906,0.642804,-14.860855,0.134019,22.782093,1.932897
6557,1.263871,0.921003,nan,0.134019,nan,2.916377
6558,1.806161,1.207671,-14.276133,0.134001,20.205572,4.033290
6559,0.946549,1.213626,nan,0.134001,nan,2.332624
6560,0.934178,0.792439,-13.733440,0.133984,21.487793,2.315735
6561,1.128744,1.134336,nan,0.133984,nan,2.717361
6562,1.019528,0.986785,-13.414189,0.133966,22.892250,2.478722
6563,0.784856,0.800939,nan,0.133966,nan,1.973464
6564,0.552011,0.624671,-14.478695,0.133948,21.723757,1.523880
6565,0.776067,0.981173,nan,0.133948,nan,1.976477
6566,0.844272,1.016629,-14.498044,0.133930,21.521572,2.135222
6567,1.168601,1.045522,nan,0.133930,nan,2.764492
6568,0.837616,0.852562,-13.167697,0.133912,22.257389,2.116457
6569,0.801261,0.889289,nan,0.133912,nan,2.037869
6570,0.650776,0.670027,-14.321182,0.133895,22.085447,1.721882
6571,1.013186,0.947111,nan,0.133895,nan,2.433755
6572,1.198213,0.842942,-14.706750,0.133877,21.649218,2.838432
6573,0.703094,0.641187,nan,0.133877,nan,1.808884
6574,0.821873,0.874108,-15.236412,0.133859,23.159130,2.052006
6575,1.099183,1.219048,nan,0.133859,nan,2.629715
6576,0.991586,1.083126,-14.280309,0.133841,21.819017,2.428889
6577,0.890283,0.882155,nan,0.133841,nan,2.220197
6578,0.672221,0.716144,-14.401478,0.133824,21.531616,1.759320
6579,1.011789,0.974855,nan,0.133824,nan,2.473968
6580,1.087997,1.158060,-13.921747,0.133806,20.688210,2.612826
6581,0.806399,1.084437,nan,0.133806,nan,2.043107
6582,0.979902,1.015272,-14.220190,0.133789,20.181381,2.423275
6583,0.955458,0.844968,nan,0.133789,nan,2.284447
6584,1.127183,0.843876,-14.027519,0.133771,21.983643,2.624995
6585,0.897018,0.784258,nan,0.133771,nan,2.217347
6586,0.684420,0.751130,-13.273557,0.133753,22.696873,1.783430
6587,0.613790,0.638791,nan,0.133753,nan,1.646079
6588,0.819597,0.823090,-13.421509,0.133736,21.317850,2.077797
6589,0.876830,0.800104,nan,0.133736,nan,2.156150
6590,1.017116,0.592369,-14.447612,0.133718,24.329559,2.440437
6591,1.057551,1.066461,nan,0.133718,nan,2.571301
6592,1.340231,0.840390,-12.324023,0.133701,21.194271,3.152575
6593,0.955137,0.878847,nan,0.133701,nan,2.341327
6594,0.936985,0.954055,-14.031326,0.133683,22.850368,2.321208
6595,0.878473,0.828453,nan,0.133683,nan,2.174444
6596,0.728051,0.740564,-14.404721,0.133665,25.048811,1.876633
6597,0.887939,0.882153,nan,0.133665,nan,2.225800
6598,0.864105,0.826418,-13.591593,0.133647,20.822206,2.165131
6599,0.898949,0.677494,nan,0.133647,nan,2.225263
6600,1.012441,0.870239,-14.499813,0.133629,21.093830,2.422773
6601,0.964564,0.944414,nan,0.133629,nan,2.385976
6602,0.963132,1.020809,-13.141838,0.133612,22.233616,2.388074
6603,0.976900,0.785397,nan,0.133612,nan,2.401721
6604,0.913193,0.977620,-13.037793,0.133594,21.667046,2.268008
6605,0.967494,0.853644,nan,0.133594,nan,2.317878
6606,1.293833,0.875836,-14.143520,0.133576,20.722260,2.986903
6607,0.994830,0.964840,nan,0.133576,nan,2.428057
6608,0.812769,0.506993,-13.658772,0.133559,23.455139,2.052380
6609,0.897185,0.833827,nan,0.133559,nan,2.233555
6610,0.619249,0.653433,-13.847773,0.133541,21.573570,1.652694
6611,2.593791,0.762318,nan,0.133541,nan,5.622101
6612,1.422345,0.761034,-15.005662,0.133524,20.836765,3.242218
6613,1.100782,0.908741,nan,0.133524,nan,2.651619
6614,0.790750,0.787435,-13.132147,0.133506,21.709091,2.013349
6615,1.358957,1.058658,nan,0.133506,nan,3.184701
6616,0.948061,0.819671,-14.495003,0.133489,22.671932,2.360005
6617,1.311290,0.847757,nan,0.133489,nan,3.085752
6618,1.201956,0.750595,-13.259735,0.133471,19.871262,2.850227
6619,0.780520,0.992121,nan,0.133471,nan,1.981833
6620,0.954097,0.868955,-14.317960,0.133454,21.805651,2.361658
6621,0.947381,0.868052,nan,0.133454,nan,2.360332
6622,0.972300,0.980575,-14.680628,0.133436,22.981785,2.404742
6623,0.727584,0.706887,nan,0.133436,nan,1.898398
6624,1.140698,0.848301,-14.904010,0.133419,23.488550,2.747575
6625,0.922262,0.930047,nan,0.133419,nan,2.296576
6626,0.718421,0.588748,-14.291485,0.133401,22.925877,1.842794
6627,0.963231,0.779185,nan,0.133401,nan,2.366823
6628,0.786842,0.768800,-14.270118,0.133384,21.138042,2.029700
6629,1.351879,1.147492,nan,0.133384,nan,3.145511
6630,0.748088,0.650819,-13.406214,0.133366,21.228825,1.896918
6631,0.750140,0.622787,nan,0.133366,nan,1.935325
6632,0.566175,0.521086,-14.291103,0.133349,21.245529,1.554187
6633,0.788445,0.757078,nan,0.133349,nan,1.991609
6634,0.595159,0.725760,-14.979603,0.133331,20.943207,1.603040
6635,0.755252,0.732220,nan,0.133331,nan,1.918794
6636,0.793430,0.756156,-15.941595,0.133314,24.132811,2.012444
6637,1.357972,1.123559,nan,0.133314,nan,3.110426
6638,1.093635,0.836229,-16.172779,0.133296,21.725685,2.575607
6639,1.167764,1.239094,nan,0.133296,nan,2.750093
6640,0.892468,1.025499,-14.351707,0.133279,22.163847,2.207761
6641,0.848282,0.767592,nan,0.133279,nan,2.160977
6642,0.918330,0.897167,-14.914944,0.133261,23.881432,2.294282
6643,1.042583,0.694597,nan,0.133261,nan,2.525156
6644,1.449441,0.855583,-14.997097,0.133244,22.717575,3.343678
6645,0.812681,0.773920,nan,0.133244,nan,2.045398
6646,0.887341,0.883879,-14.555748,0.133226,22.286942,2.237586
6647,0.890150,1.011803,nan,0.133226,nan,2.237588
6648,0.596297,0.568084,-14.142083,0.133208,21.240891,1.597929
6649,0.650321,0.695114,nan,0.133208,nan,1.734258
6650,0.725544,0.655696,-14.303986,0.133191,22.834599,1.894737
6651,0.722758,0.779977,nan,0.133191,nan,1.888672
6652,0.796213,0.818528,-13.308863,0.133173,22.276283,2.042411
6653,0.724288,0.666785,nan,0.133173,nan,1.866964
6654,0.962143,0.912255,-14.797855,0.133156,21.941036,2.346765
6655,0.796010,0.712967,nan,0.133156,nan,2.001785
6656,0.656884,0.702706,-14.130960,0.133138,22.652828,1.713212
6657,0.818665,0.814205,nan,0.133138,nan,2.069213
6658,0.881219,0.532680,-15.298136,0.133121,21.547077,2.153260
6659,0.683660,0.756747,nan,0.133121,nan,1.799782
6660,1.067798,1.155804,-12.797894,0.133103,21.987247,2.593966
6661,0.914679,0.812116,nan,0.133103,nan,2.283175
6662,0.935859,0.798400,-14.478815,0.133086,22.764877,2.322809
6663,0.762351,0.542189,nan,0.133086,nan,1.953413
6664,0.770322,0.747114,-14.077404,0.133068,22.736275,1.976097
6665,0.770334,0.711801,nan,0.133068,nan,1.987270
6666,0.761331,0.857907,-15.164316,0.133051,22.087002,1.947283
6667,0.733050,0.724032,nan,0.133051,nan,1.899655
6668,0.776401,0.748880,-15.175324,0.133033,22.886333,1.988695
6669,0.735058,0.644787,nan,0.133033,nan,1.893103
6670,0.800687,0.774903,-14.813095,0.133015,23.061554,2.033810
6671,0.875868,0.952880,nan,0.133015,nan,2.181509
6672,0.873771,0.821726,-14.059387,0.132998,23.417614,2.204338
6673,0.726237,0.743413,nan,0.132998,nan,1.897659
6674,0.735208,0.946617,-14.267265,0.132980,23.360651,1.897197
6675,0.753151,0.605875,nan,0.132980,nan,1.936783
6676,0.824354,0.728953,-13.639183,0.132962,21.900314,2.095224
6677,0.851270,1.014039,nan,0.132962,nan,2.147420
6678,0.864725,0.887544,-15.051622,0.132945,23.286873,2.170247
6679,5.773297,1.382944,nan,0.132945,nan,12.021532
6680,8.212812,0.749693,-7.388535,0.132927,20.746700,16.876656
6681,1.446123,0.893854,nan,0.132927,nan,3.334281
6682,0.767383,0.688037,-13.506936,0.132910,22.681828,1.916551
6683,1.175819,0.782707,nan,0.132910,nan,2.814498
6684,1.053405,0.777963,-13.898353,0.132892,22.047333,2.572961
6685,0.916549,0.749948,nan,0.132892,nan,2.311423
6686,1.221085,1.001884,-14.816922,0.132874,22.048424,2.894672
6687,1.128215,0.767585,nan,0.132874,nan,2.689765
6688,1.244082,0.895687,-15.514889,0.132857,22.246223,2.934904
6689,1.106771,1.081702,nan,0.132857,nan,2.652118
6690,1.061431,0.958221,-14.321634,0.132839,22.820034,2.600106
6691,0.872589,1.040555,nan,0.132839,nan,2.185349
6692,0.991075,0.870836,-14.232066,0.132822,21.230528,2.430011
6693,0.876874,0.728124,nan,0.132822,nan,2.180522
6694,0.968343,0.719328,-15.363943,0.132805,23.446699,2.375839
6695,0.824951,0.920772,nan,0.132805,nan,2.087744
6696,1.215472,0.926428,-13.565039,0.132787,23.753923,2.876207
6697,0.911128,0.838661,nan,0.132787,nan,2.274592
6698,0.845947,0.802327,-14.105164,0.132770,20.381565,2.126768
6699,1.238675,0.994287,nan,0.132770,nan,2.896178
6700,0.950919,0.947311,-13.906363,0.132752,22.245173,2.342953
6701,0.899774,0.779410,nan,0.132752,nan,2.243861
6702,0.778066,0.727314,-14.072752,0.132735,22.586880,2.009565
6703,1.244842,1.232599,nan,0.132735,nan,2.917367
6704,0.835851,0.806047,-15.071160,0.132717,24.612698,2.093608
6705,0.619781,0.570307,nan,0.132717,nan,1.646843
6706,0.944451,0.980447,-15.135571,0.132700,24.489342,2.350640
6707,0.931521,0.992021,nan,0.132700,nan,2.295396
6708,0.886517,0.906295,-15.267718,0.132682,24.561506,2.229631
6709,0.842700,0.767089,nan,0.132682,nan,2.153816
6710,0.609034,0.603899,-14.202311,0.132664,22.682135,1.653803
6711,0.719126,0.840293,nan,0.132664,nan,1.881589
6712,1.742540,0.654971,-12.661191,0.132646,24.414688,3.933566
6713,1.203476,0.655937,nan,0.132646,nan,2.856675
6714,0.821541,0.670028,-14.773833,0.132628,22.736797,2.107032
6715,0.680298,0.727176,nan,0.132628,nan,1.823340
6716,0.757328,0.844203,-15.068258,0.132611,22.911655,1.961934
6717,0.905083,0.799267,nan,0.132611,nan,2.244684
6718,0.819465,0.882962,-15.031830,0.132593,23.419622,2.107548
6719,0.704167,0.696241,nan,0.132593,nan,1.838396
6720,0.649024,0.529942,-15.501623,0.132575,25.214590,1.749876
6721,1.004238,0.891696,nan,0.132575,nan,2.442387
6722,0.789366,0.705992,-15.708992,0.132557,24.759220,2.022322
6723,0.538818,0.586054,nan,0.132557,nan,1.515350
6724,0.983472,0.985625,-14.352019,0.132539,23.679771,2.429194
6725,0.941073,0.865573,nan,0.132539,nan,2.349272
6726,0.949556,0.878950,-13.953014,0.132521,20.492167,2.380995
6727,1.175540,1.081874,nan,0.132521,nan,2.796637
6728,0.989512,0.837499,-15.018913,0.132503,22.247761,2.433072
6729,0.519032,0.551039,nan,0.132503,nan,1.448414
6730,0.555419,0.599540,-15.907810,0.132486,21.925961,1.520707
6731,1.159328,0.983224,nan,0.132486,nan,2.766956
6732,0.891955,0.877920,-15.458256,0.132468,23.058338,2.248211
6733,0.742621,0.793995,nan,0.132468,nan,1.964956
6734,1.032342,1.050249,-15.174721,0.132450,24.236094,2.511401
6735,1.662617,0.835916,nan,0.132450,nan,3.808406
6736,1.725820,0.995194,-14.687660,0.132432,22.618093,3.904635
6737,0.826496,0.732263,nan,0.132432,nan,2.091083
6738,0.962626,0.836999,-14.206059,0.132415,21.880646,2.393488
6739,0.752620,0.790131,nan,0.132415,nan,1.950302
6740,0.728415,0.787828,-15.771813,0.132397,21.509644,1.910470
6741,0.661691,0.571380,nan,0.132397,nan,1.759864
6742,0.778332,0.818876,-14.556349,0.132380,23.838850,2.021482
6743,1.070988,0.769969,nan,0.132380,nan,2.624919
6744,0.897637,0.835021,-14.647238,0.132362,23.356117,2.262388
6745,0.855870,0.731102,nan,0.132362,nan,2.180302
6746,0.895896,0.547671,-14.668358,0.132345,22.953636,2.253412
6747,0.608719,0.501211,nan,0.132345,nan,1.659286
6748,0.965245,1.106746,-13.910484,0.132327,23.551781,2.410860
6749,0.966837,0.913643,nan,0.132327,nan,2.393897
6750,0.882038,0.906775,-14.016161,0.132309,22.036114,2.253851
6751,0.924734,0.970007,nan,0.132309,nan,2.310003
6752,0.632080,0.713219,-15.682667,0.132292,23.541889,1.704366
6753,1.251305,1.079945,nan,0.132292,nan,2.987981
6754,0.806723,0.944723,-15.254728,0.132274,21.567638,2.071746
6755,0.997526,1.083785,nan,0.132274,nan,2.487218
6756,0.765679,0.632339,-15.167387,0.132257,20.846424,2.007090
6757,0.835426,0.646253,nan,0.132257,nan,2.099071
6758,1.251837,0.782930,-14.210416,0.132240,20.561499,2.974399
6759,0.767448,0.766489,nan,0.132240,nan,1.965069
6760,0.877440,0.862597,-15.082513,0.132222,24.626469,2.205693
6761,0.947072,0.779720,nan,0.132222,nan,2.377075
6762,0.841118,0.752423,-15.625881,0.132205,22.921398,2.170954
6763,1.278342,1.080742,nan,0.132205,nan,3.025038
6764,1.215600,0.778616,-15.219742,0.132188,22.684868,2.884465
6765,0.726765,0.625712,nan,0.132188,nan,1.887620
6766,0.944900,0.929509,-15.848238,0.132170,22.317020,2.390095
6767,0.661785,0.779486,nan,0.132170,nan,1.734568
6768,0.911988,0.839425,-16.601166,0.132153,23.967590,2.290545
6769,0.900653,0.812707,nan,0.132153,nan,2.257280
6770,1.318602,1.010031,-15.166183,0.132136,24.533190,3.065501
6771,0.964681,0.799258,nan,0.132136,nan,2.374323
6772,0.898399,0.739580,-14.347857,0.132118,21.854275,2.275942
6773,1.040551,0.821382,nan,0.132118,nan,2.554445
6774,0.741153,0.791715,-15.042124,0.132101,19.902115,1.958748
6775,2.552226,0.708482,nan,0.132101,nan,5.550814
6776,7.666772,0.630268,-4.463873,0.132084,22.280340,15.815824
6777,2.133652,0.747512,nan,0.132084,nan,4.751908
6778,0.710587,0.599746,-14.741718,0.132066,24.493473,1.858887
6779,0.855335,0.712747,nan,0.132066,nan,2.184034
6780,0.939198,0.905105,-14.646318,0.132049,23.173199,2.355962
6781,0.764893,0.567594,nan,0.132049,nan,2.005417
6782,0.851830,0.863581,-16.211313,0.132032,22.164047,2.141715
6783,1.453234,1.153469,nan,0.132032,nan,3.391896
6784,0.759758,0.594180,-15.687057,0.132014,25.628139,1.956306
6785,0.940808,0.818709,nan,0.132014,nan,2.332148
6786,0.966297,0.939745,-14.198727,0.131997,22.814060,2.399630
6787,1.113333,0.903593,nan,0.131997,nan,2.703044
6788,0.845130,0.782692,-14.941551,0.131979,23.461742,2.147335
6789,2.188114,0.917819,nan,0.131979,nan,4.843337
6790,1.401230,0.733539,-15.589533,0.131962,24.320755,3.287848
6791,1.750867,1.737081,nan,0.131962,nan,3.882097
6792,0.876346,0.790149,-13.792593,0.131944,23.282330,2.209064
6793,1.054479,0.799807,nan,0.131944,nan,2.588599
6794,1.374396,0.930582,-15.150873,0.131927,23.319798,3.238824
6795,0.890143,0.818552,nan,0.131927,nan,2.244949
6796,1.158073,0.946027,-16.287941,0.131909,24.759052,2.781801
6797,1.042320,0.706692,nan,0.131909,nan,2.506971
6798,1.205648,0.652959,-15.242682,0.131892,21.549654,2.850990
6799,1.256988,1.038738,nan,0.131892,nan,2.952657
6800,0.714386,0.529680,-15.277609,0.131874,21.060593,1.861092
6801,1.146060,0.914352,nan,0.131874,nan,2.732359
6802,1.107845,0.752626,-14.106838,0.131857,21.968203,2.705523
6803,0.824600,0.692021,nan,0.131857,nan,2.095873
6804,0.745942,0.696377,-14.958941,0.131840,21.255341,1.944624
6805,1.280061,1.146209,nan,0.131840,nan,3.023868
6806,0.897072,0.972902,-15.500299,0.131823,23.630550,2.200244
6807,0.930215,0.652616,nan,0.131823,nan,2.302288
6808,1.112162,0.754056,-15.203995,0.131806,22.004644,2.667539
6809,0.882439,0.814644,nan,0.131806,nan,2.179662
6810,0.750709,0.783352,-14.904193,0.131788,23.533464,1.931991
6811,1.205847,0.879382,nan,0.131788,nan,2.891926
6812,0.966214,0.707480,-14.498621,0.131771,23.715303,2.402978
6813,0.866312,0.799772,nan,0.131771,nan,2.170306
6814,1.271189,1.053637,-15.361356,0.131754,21.814531,2.985813
6815,1.091794,1.010385,nan,0.131754,nan,2.625061
6816,1.608148,1.323431,-14.008022,0.131737,22.085245,3.637157
6817,0.971485,0.866635,nan,0.131737,nan,2.415772
6818,0.823447,0.783444,-15.383570,0.131720,21.764723,2.086546
6819,1.212634,1.181235,nan,0.131720,nan,2.864287
6820,1.146199,1.227052,-15.312368,0.131703,24.210894,2.725962
6821,1.006462,0.877088,nan,0.131703,nan,2.474863
6822,0.579846,0.635675,-15.038443,0.131685,22.049595,1.616170
6823,1.140752,1.061742,nan,0.131685,nan,2.719869
6824,0.999006,0.926456,-15.390848,0.131668,22.606264,2.478116
6825,1.133245,1.020054,nan,0.131668,nan,2.709455
6826,1.054422,1.052352,-15.234699,0.131651,21.602028,2.556863
6827,0.909760,0.860804,nan,0.131651,nan,2.275966
6828,0.862190,0.850613,-15.830154,0.131634,25.583405,2.174021
6829,1.157199,0.992264,nan,0.131634,nan,2.729490
6830,1.082480,1.036983,-15.554090,0.131617,22.591393,2.603916
6831,0.759454,0.771876,nan,0.131617,nan,1.949542
6832,0.656904,0.756049,-14.686584,0.131600,22.177444,1.746479
6833,0.777000,0.773599,nan,0.131600,nan,1.984108
6834,0.711687,0.634020,-15.995753,0.131583,24.278437,1.854145
6835,0.914931,1.151176,nan,0.131583,nan,2.245395
6836,1.154123,1.450744,-13.805225,0.131565,24.391537,2.758272
6837,1.304576,0.807500,nan,0.131565,nan,3.089948
6838,1.071228,0.772302,-14.345504,0.131548,22.629667,2.590059
6839,0.934776,0.881562,nan,0.131548,nan,2.320710
6840,0.989643,0.763791,-14.831998,0.131531,22.994226,2.411498
6841,0.937805,0.771067,nan,0.131531,nan,2.312072
6842,0.864972,0.878384,-15.565971,0.131514,23.127934,2.171185
6843,0.962719,1.000656,nan,0.131514,nan,2.359167
6844,0.579352,0.657320,-15.604920,0.131496,23.645342,1.581728
6845,1.309149,1.316792,nan,0.131496,nan,3.060071
6846,1.021421,1.063792,-14.767227,0.131479,21.549944,2.464625
6847,1.370053,1.339833,nan,0.131479,nan,3.184762
6848,0.525118,0.501222,-15.412336,0.131462,25.171822,1.473877
6849,1.196385,0.855920,nan,0.131462,nan,2.822516
6850,1.225131,1.034093,-14.732204,0.131445,23.159313,2.902208
6851,0.792536,0.705086,nan,0.131445,nan,2.035627
6852,1.556223,1.600289,-15.559251,0.131427,22.313726,3.516809
6853,0.861498,0.740373,nan,0.131427,nan,2.171603
6854,1.052938,1.025717,-15.565071,0.131410,21.734695,2.565140
6855,1.235520,0.906472,nan,0.131410,nan,2.906232
6856,1.012411,0.983268,-16.680401,0.131393,23.635983,2.459658
6857,1.032720,1.116764,nan,0.131393,nan,2.494353
6858,0.826790,0.821838,-15.518961,0.131376,23.101620,2.088019
6859,0.959095,1.143883,nan,0.131376,nan,2.350061
6860,1.001259,1.043575,-15.857993,0.131359,22.147057,2.440977
6861,1.153482,0.905764,nan,0.131359,nan,2.750195
6862,0.792345,0.792827,-15.800198,0.131342,23.099731,2.003953
6863,1.863509,1.948675,nan,0.131342,nan,4.152867
6864,1.231663,1.007611,-15.036661,0.131325,23.621880,2.937152
6865,0.996122,0.908658,nan,0.131325,nan,2.431802
6866,0.821903,0.918619,-15.767033,0.131307,25.770859,2.086713
6867,0.900885,0.947925,nan,0.131307,nan,2.273570
6868,0.771230,0.733621,-14.958047,0.131290,23.481327,2.005254
6869,0.637245,0.680448,nan,0.131290,nan,1.719009
6870,0.942598,0.999691,-15.878706,0.131273,23.291147,2.317169
6871,0.856679,0.678321,nan,0.131273,nan,2.179557
6872,1.045072,1.107783,-15.342051,0.131256,22.357084,2.549364
6873,0.828826,0.897639,nan,0.131256,nan,2.076659
6874,0.928300,0.881944,-15.495249,0.131238,23.177525,2.297181
6875,1.215541,0.599594,nan,0.131238,nan,2.858759
6876,0.932012,0.642824,-15.750972,0.131221,23.952168,2.293457
6877,0.902538,0.911648,nan,0.131221,nan,2.235122
6878,0.921739,0.683658,-14.778770,0.131204,23.256903,2.330993
6879,0.763319,0.823580,nan,0.131204,nan,1.968378
6880,1.692037,1.406325,-15.209307,0.131187,23.066454,3.782054
6881,2.693022,1.277684,nan,0.131187,nan,5.814005
6882,0.509643,0.563987,-15.747458,0.131170,21.925449,1.442412
6883,1.187055,1.192087,nan,0.131170,nan,2.821694
6884,0.911991,1.015682,-15.687095,0.131152,25.974905,2.262140
6885,0.719522,0.631324,nan,0.131152,nan,1.863717
6886,1.152068,1.162885,-15.155058,0.131135,21.698721,2.748650
6887,0.753812,0.737255,nan,0.131135,nan,1.962501
6888,0.976767,0.917993,-15.105755,0.131118,21.852821,2.398562
6889,0.531331,0.519542,nan,0.131118,nan,1.519650
6890,1.193287,1.210762,-16.023399,0.131101,26.109360,2.854037
6891,0.841537,0.930205,nan,0.131101,nan,2.126248
6892,1.005636,0.971380,-14.333677,0.131084,21.601490,2.438421
6893,0.869304,1.337777,nan,0.131084,nan,2.083583
6894,0.533357,0.677554,-15.436920,0.131067,23.340420,1.497641
6895,0.960437,0.942171,nan,0.131067,nan,2.369191
6896,0.767566,0.636216,-15.826957,0.131049,23.864529,2.014225
6897,1.090016,1.181350,nan,0.131049,nan,2.637239
6898,0.706953,0.858453,-15.636319,0.131032,22.658958,1.834659
6899,0.957032,0.991157,nan,0.131032,nan,2.319843
6900,0.666061,0.855658,-15.029358,0.131015,23.469563,1.724891
6901,1.094573,1.469391,nan,0.131015,nan,2.607064
6902,1.310427,1.189054,-14.588000,0.130998,24.160500,3.061581
6903,0.592419,0.556915,nan,0.130998,nan,1.625211
6904,1.972374,1.590446,-10.779100,0.130981,22.375444,4.388226
6905,1.713058,1.520026,nan,0.130981,nan,3.863386
6906,0.962501,1.048059,-13.671898,0.130964,24.474966,2.318234
6907,0.744106,0.727489,nan,0.130964,nan,1.903097
6908,0.516005,0.584030,-16.696602,0.130947,23.805317,1.445438
6909,0.926989,0.979022,nan,0.130947,nan,2.315118
6910,0.777137,0.807238,-16.354984,0.130929,24.450806,2.006859
6911,1.358232,2.030252,nan,0.130929,nan,3.066044
6912,0.850854,0.804366,-14.990623,0.130912,25.325775,2.094850
6913,0.802214,0.739198,nan,0.130912,nan,2.043769
6914,0.772339,0.743665,-16.152628,0.130895,24.185503,2.007467
6915,0.799487,0.730611,nan,0.130895,nan,1.964151
6916,0.715429,0.597971,-16.010986,0.130877,23.232422,1.860861
6917,0.738924,0.459762,nan,0.130877,nan,1.888746
6918,0.613119,0.705869,-16.049812,0.130860,21.817472,1.663554
6919,1.236158,0.950987,nan,0.130860,nan,2.908109
6920,1.158974,0.977802,-14.982367,0.130843,24.488176,2.784302
6921,1.488212,0.982710,nan,0.130843,nan,3.434000
6922,1.412196,1.078683,-13.585526,0.130826,24.105106,3.256734
6923,1.302982,1.001073,nan,0.130826,nan,3.066880
6924,2.345246,2.175889,-11.582121,0.130808,23.215736,5.132242
6925,1.131637,1.088833,nan,0.130808,nan,2.729913
6926,1.088255,1.785956,-12.680511,0.130791,23.576103,2.629017
6927,0.972228,1.271523,nan,0.130791,nan,2.373954
6928,0.709513,1.189005,-13.917393,0.130774,23.233171,1.882872
6929,1.102609,1.761355,nan,0.130774,nan,2.637527
6930,0.705424,0.669703,-16.546869,0.130757,23.342695,1.855308
6931,1.257085,2.298734,nan,0.130757,nan,2.984578
6932,0.630222,0.663177,-16.241810,0.130740,25.258978,1.665226
6933,0.937982,0.970448,nan,0.130740,nan,2.310542
6934,1.299808,1.230752,-14.173047,0.130722,24.861401,2.988107
6935,0.819657,0.783726,nan,0.130722,nan,2.049717
6936,0.704097,0.658071,-15.233290,0.130705,21.825943,1.864433
6937,0.823312,0.852957,nan,0.130705,nan,2.095090
6938,0.976594,0.821241,-13.528404,0.130688,25.268606,2.377062
6939,0.850069,0.736066,nan,0.130688,nan,2.122384
6940,1.209660,0.899421,-11.854014,0.130671,25.058846,2.853719
6941,1.181504,1.294270,nan,0.130671,nan,2.761904
6942,0.815910,0.747974,-15.604537,0.130653,23.419830,2.086153
6943,1.277138,1.303508,nan,0.130653,nan,3.024805
6944,1.046010,1.078782,-15.157440,0.130636,22.743889,2.517055
6945,1.438075,2.030850,nan,0.130636,nan,3.331946
6946,0.908951,0.895701,-14.868363,0.130619,23.991478,2.203236
6947,1.096051,1.383311,nan,0.130619,nan,2.640926
6948,1.150280,0.785515,-15.475725,0.130602,24.255909,2.724402
6949,0.961994,0.920224,nan,0.130602,nan,2.390983
6950,1.154787,1.208805,-12.221111,0.130584,23.000641,2.734776
6951,0.950751,1.329921,nan,0.130584,nan,2.324644
6952,0.844791,0.893269,-13.896062,0.130567,22.997690,2.116965
6953,1.067515,0.759191,nan,0.130567,nan,2.540424
6954,1.323282,0.955229,-13.059564,0.130550,24.081854,3.066218
6955,1.057613,0.942085,nan,0.130550,nan,2.531667
6956,1.072231,0.924837,-14.072248,0.130533,25.143436,2.568993
6957,0.850032,1.055938,nan,0.130533,nan,2.172695
6958,1.046789,0.940518,-13.564026,0.130516,23.499046,2.553257
6959,1.428297,0.961692,nan,0.130516,nan,3.287587
6960,0.952595,0.851544,-12.041352,0.130499,22.242954,2.339641
6961,1.426358,1.314144,nan,0.130499,nan,3.287657
6962,1.587030,1.306570,-12.830141,0.130482,22.543205,3.659564
6963,0.701158,0.627410,nan,0.130482,nan,1.842058
6964,0.859566,0.759045,-15.924608,0.130465,23.346487,2.128613
6965,1.014746,2.038050,nan,0.130465,nan,2.400229
6966,0.928005,0.982297,-13.973108,0.130448,23.039253,2.270939
6967,1.198018,1.593000,nan,0.130448,nan,2.814953
6968,1.187127,1.073921,-12.787243,0.130431,24.087345,2.753981
6969,1.409920,1.029374,nan,0.130431,nan,3.287019
6970,1.421529,1.681295,-12.427999,0.130414,24.120975,3.270244
6971,0.902173,0.795389,nan,0.130414,nan,2.241960
6972,1.448589,1.510733,-12.847520,0.130397,24.905348,3.362946
6973,1.250195,0.801031,nan,0.130397,nan,2.931859
6974,1.690239,1.369681,-11.975926,0.130379,22.621681,3.817785
6975,1.537819,1.234915,nan,0.130379,nan,3.495824
6976,0.923219,1.159382,-15.467295,0.130362,24.559870,2.281442
6977,0.738060,0.741385,nan,0.130362,nan,1.922694
6978,0.925366,0.912308,-10.903305,0.130345,23.709656,2.276528
6979,0.750255,0.868973,nan,0.130345,nan,1.932931
6980,0.914869,1.140204,-12.488375,0.130328,25.405067,2.277966
6981,1.394150,1.775669,nan,0.130328,nan,3.211422
6982,0.946194,1.199303,-14.582655,0.130311,24.088173,2.340880
6983,1.305332,2.000759,nan,0.130311,nan,3.021644
6984,0.894258,0.635497,-15.933563,0.130294,26.023180,2.203722
6985,1.430026,1.334496,nan,0.130294,nan,3.288189
6986,1.508146,1.090604,-14.101643,0.130277,23.175566,3.447281
6987,1.192787,1.305280,nan,0.130277,nan,2.825453
6988,0.944036,1.238168,-12.790932,0.130259,24.519611,2.305496
6989,1.290532,2.389739,nan,0.130259,nan,2.965881
6990,0.878074,1.178947,-14.216688,0.130242,21.679396,2.211225
6991,0.738528,1.157010,nan,0.130242,nan,1.950708
6992,1.075894,1.780402,-9.194479,0.130225,23.421246,2.579231
6993,0.940597,1.158798,nan,0.130225,nan,2.162140
6994,1.376363,1.338022,-8.934236,0.130208,21.703793,3.092763
6995,1.298397,1.999159,nan,0.130208,nan,2.939811
6996,1.060325,1.123553,-12.611073,0.130191,23.668606,2.435728
6997,1.253958,0.930923,nan,0.130191,nan,2.970821
6998,0.840713,1.001476,-13.803201,0.130174,24.508778,2.114294
6999,0.727914,0.709506,nan,0.130174,nan,1.830661
7000,1.193035,1.953549,-9.764247,0.130157,24.079847,2.813202
7001,1.037913,1.455239,nan,0.130157,nan,2.553449
7002,1.045811,1.037971,-14.137136,0.130140,24.605667,2.542315
7003,1.487906,1.541440,nan,0.130140,nan,3.318700
7004,0.966293,1.335166,-14.168348,0.130124,22.850773,2.344497
7005,1.100206,1.071329,nan,0.130124,nan,2.653494
7006,1.824873,1.352353,-11.827903,0.130107,23.388945,4.065952
7007,1.122830,1.750452,nan,0.130107,nan,2.671041
7008,1.177875,1.876318,-11.136534,0.130090,21.883385,2.812049
7009,1.322887,2.678166,nan,0.130090,nan,3.128790
7010,0.976484,1.861727,-12.625984,0.130073,25.015812,2.389961
7011,1.379525,1.715034,nan,0.130073,nan,3.213552
7012,1.132158,1.354205,-14.087245,0.130056,24.101788,2.705193
7013,1.611020,1.585043,nan,0.130056,nan,3.648299
7014,0.730216,0.883739,-13.903513,0.130039,22.344158,1.831425
7015,1.192443,1.432295,nan,0.130039,nan,2.814734
7016,0.939311,1.350194,-15.878136,0.130022,24.062363,2.313014
7017,1.174484,1.311452,nan,0.130022,nan,2.797147
7018,0.994309,0.975298,-14.085447,0.130006,23.069675,2.419965
7019,0.958044,1.223424,nan,0.130006,nan,2.344471
7020,0.889472,0.977077,-12.397897,0.129989,20.836653,2.163893
7021,0.967694,1.194812,nan,0.129989,nan,2.399268
7022,1.157830,1.690889,-8.223359,0.129972,25.036572,2.726192
7023,1.342309,1.581335,nan,0.129972,nan,3.109331
7024,1.118456,1.657466,-8.194239,0.129955,26.862705,2.601104
7025,1.480372,1.202072,nan,0.129955,nan,3.284951
7026,1.122038,1.439477,-12.941259,0.129938,22.615845,2.669892
7027,0.772807,0.577419,nan,0.129938,nan,1.936391
7028,0.902755,0.839315,-15.793592,0.129922,24.889988,2.248953
7029,1.217227,1.260484,nan,0.129922,nan,2.651327
7030,1.335272,1.212563,-11.370519,0.129905,24.287579,3.057427
7031,1.359455,1.496455,nan,0.129905,nan,3.079659
7032,0.979719,0.833178,-13.980815,0.129888,26.289400,2.323940
7033,1.221210,1.164949,nan,0.129888,nan,2.820428
7034,1.591396,1.349216,-6.211402,0.129871,24.541706,3.590328
7035,0.957654,1.276710,nan,0.129871,nan,2.307646
7036,1.152424,1.175443,-12.076574,0.129853,24.433777,2.649904
7037,1.848916,1.513786,nan,0.129853,nan,4.104668
7038,1.103200,0.813212,-13.771919,0.129837,21.934654,2.624304
7039,1.092370,2.002398,nan,0.129837,nan,2.623747
7040,1.546576,2.845970,-8.414896,0.129820,24.154194,3.433178
7041,0.671638,0.620088,nan,0.129820,nan,1.782719
7042,0.901698,1.810266,-12.696783,0.129803,23.852438,2.186778
7043,1.336892,1.676905,nan,0.129803,nan,2.978516
7044,1.310658,1.442974,-11.546759,0.129786,22.352043,2.965564
7045,1.073463,1.117809,nan,0.129786,nan,2.457026
7046,0.967086,0.814527,-12.957985,0.129769,25.375937,2.363404
7047,1.088625,1.341815,nan,0.129769,nan,2.217690
7048,0.963083,0.849579,-13.457184,0.129752,24.858553,2.308872
7049,0.718741,0.606658,nan,0.129752,nan,1.848569
7050,0.996695,1.157807,-12.378788,0.129735,22.863455,2.381235
7051,1.156478,0.884002,nan,0.129735,nan,2.677906
7052,1.233859,1.026058,-12.425672,0.129718,23.882710,2.729953
7053,1.186140,1.273196,nan,0.129718,nan,2.540648
7054,1.112128,1.180937,-12.844627,0.129701,24.038082,2.687778
7055,0.643005,0.571536,nan,0.129701,nan,1.698158
7056,0.799698,0.588125,-15.185143,0.129685,23.047373,2.084750
7057,0.819480,0.823687,nan,0.129685,nan,2.054705
7058,1.796555,1.639997,-11.687276,0.129668,22.572239,3.996025
7059,1.333124,1.114568,nan,0.129668,nan,3.086917
7060,0.694223,0.643350,-16.975224,0.129651,23.918156,1.830265
7061,1.323052,1.121777,nan,0.129651,nan,3.036556
7062,1.195555,1.952064,-11.293705,0.129634,24.096504,2.652439
7063,1.176332,1.240400,nan,0.129634,nan,2.759054
7064,1.362581,1.044120,-13.709519,0.129618,24.485128,3.130027
7065,1.600124,0.919708,nan,0.129618,nan,3.643756
7066,1.279953,1.534086,-11.644175,0.129601,25.141768,2.860338
7067,1.439074,0.877354,nan,0.129601,nan,3.265943
7068,1.193813,0.848863,-13.568085,0.129584,23.231913,2.799547
7069,1.009773,1.122309,nan,0.129584,nan,2.337816
7070,1.326832,1.129123,-13.091715,0.129567,22.611305,3.035559
7071,1.317094,1.313141,nan,0.129567,nan,2.904274
7072,0.899320,1.010566,-12.203450,0.129551,24.088989,2.041062
7073,1.184296,1.165477,nan,0.129551,nan,2.498555
7074,0.786768,0.601956,-15.035157,0.129534,22.187120,1.945451
7075,1.466818,1.305917,nan,0.129534,nan,3.196473
7076,0.722981,0.555961,-13.884488,0.129517,22.773346,1.780071
7077,1.356897,1.138362,nan,0.129517,nan,3.050261
7078,1.072597,0.936784,-9.754286,0.129501,25.646219,2.339434
7079,1.029216,0.976367,nan,0.129501,nan,2.502820
7080,0.996842,0.934398,-11.504208,0.129484,23.537064,2.348518
7081,1.436582,1.510310,nan,0.129484,nan,3.104809
7082,0.983834,1.207395,-14.439182,0.129467,23.947752,2.313475
7083,1.303481,1.094006,nan,0.129467,nan,2.877862
7084,1.372264,1.454934,-13.317245,0.129451,25.182182,3.133836
7085,1.289012,0.942913,nan,0.129451,nan,2.652814
7086,1.662157,1.174734,-11.070448,0.129434,23.967701,3.573506
7087,1.116455,1.141137,nan,0.129434,nan,2.565789
7088,1.065075,1.022810,-8.331289,0.129417,23.829269,2.307997
7089,0.746787,0.616091,nan,0.129417,nan,1.823775
7090,0.777255,0.634235,-13.085100,0.129401,22.243095,1.891387
7091,0.885432,0.729361,nan,0.129401,nan,2.077361
7092,0.778139,0.664824,-14.090206,0.129384,22.512844,1.873875
7093,1.154566,1.121537,nan,0.129384,nan,2.749335
7094,1.095287,0.721875,-10.928845,0.129367,24.794569,2.553540
7095,0.981679,0.885806,nan,0.129367,nan,2.149134
7096,1.070792,0.718979,-10.731413,0.129351,25.028320,2.450413
7097,1.042777,1.030540,nan,0.129351,nan,2.392430
7098,0.910858,1.041386,-9.272498,0.129334,23.660667,2.058039
7099,0.949460,0.887543,nan,0.129334,nan,2.166219
7100,0.986077,0.832624,-9.659966,0.129317,25.058641,2.178771
7101,1.354780,1.819224,nan,0.129317,nan,2.975950
7102,0.872066,0.794077,-11.074465,0.129301,26.379831,1.903658
7103,1.174336,0.837896,nan,0.129301,nan,2.596489
7104,1.389714,0.920756,-9.851374,0.129284,25.405647,2.999698
7105,1.392400,1.402308,nan,0.129284,nan,3.195536
7106,0.590899,0.845210,-13.113537,0.129267,25.258972,1.427055
7107,1.007954,1.158232,nan,0.129267,nan,2.373861
7108,1.185032,1.343182,-10.031569,0.129250,25.469822,2.617090
7109,1.266510,0.915354,nan,0.129250,nan,2.939641
7110,1.521788,1.364458,-9.927199,0.129233,23.514633,3.329940
7111,0.981728,0.987428,nan,0.129233,nan,2.199081
7112,0.809483,0.925894,-11.563986,0.129216,24.555958,1.755927
7113,0.976103,1.161893,nan,0.129216,nan,2.287801
7114,0.927403,0.817901,-11.869636,0.129199,24.847406,2.164075
7115,0.816697,0.898044,nan,0.129199,nan,1.997015
7116,0.972619,0.871992,-11.145664,0.129182,25.537067,2.285229
7117,0.914376,0.852803,nan,0.129182,nan,2.112567
7118,0.804644,0.715256,-13.555441,0.129165,23.062267,1.954043
7119,1.268516,1.112688,nan,0.129165,nan,2.926733
7120,1.070543,0.948659,-11.646753,0.129148,24.451469,2.432023
7121,1.225957,1.274136,nan,0.129148,nan,2.601897
7122,1.151909,1.292009,-13.191626,0.129131,24.852442,2.608160
7123,1.275985,1.156101,nan,0.129131,nan,2.735831
7124,0.671432,0.861293,-13.180072,0.129115,23.091082,1.595968
7125,0.825344,0.879905,nan,0.129115,nan,1.806358
7126,1.064321,1.081236,-10.598284,0.129098,24.597624,2.387617
7127,0.743438,1.017004,nan,0.129098,nan,1.885819
7128,1.323038,1.386000,-8.416470,0.129081,23.946600,2.903774
7129,1.178233,1.115862,nan,0.129081,nan,2.645731
7130,0.988254,0.837726,-11.065084,0.129064,24.313942,2.209133
7131,1.129307,1.118065,nan,0.129064,nan,2.479654
7132,0.802042,0.922818,-12.415602,0.129047,25.425398,1.996491
7133,1.075971,0.804672,nan,0.129047,nan,2.427969
7134,0.607269,0.516107,-14.878603,0.129031,23.732853,1.576670
7135,1.090072,1.166005,nan,0.129031,nan,2.438848
7136,1.326431,1.397588,-10.796928,0.129014,24.712648,2.938712
7137,0.900178,1.215984,nan,0.129014,nan,2.081644
7138,0.860676,0.834945,-13.113520,0.128997,24.902679,2.103582
7139,0.864551,0.856649,nan,0.128997,nan,2.107432
7140,0.760283,0.723801,-15.785471,0.128980,26.598183,1.943406
7141,0.847933,0.867308,nan,0.128980,nan,1.876921
7142,0.874929,0.914416,-12.045874,0.128963,26.024935,2.072528
7143,1.000309,0.973903,nan,0.128963,nan,2.419672
7144,1.409996,0.964718,-12.303969,0.128946,25.070875,3.215182
7145,0.870892,0.788658,nan,0.128946,nan,2.127945
7146,1.304886,1.012836,-15.251257,0.128929,26.494633,3.049796
7147,0.904204,1.438721,nan,0.128929,nan,1.974023
7148,1.325505,1.474506,-11.085215,0.128912,26.467607,2.985570
7149,0.834019,0.724711,nan,0.128912,nan,2.131492
7150,0.769063,0.804675,-12.789534,0.128895,23.056034,1.891332
7151,0.840152,1.061817,nan,0.128895,nan,1.892371
7152,1.017753,0.904983,-14.862047,0.128878,26.951569,2.423150
7153,0.813455,0.917357,nan,0.128878,nan,2.044035
7154,0.900676,0.816499,-12.962334,0.128860,24.916212,2.186162
7155,0.749594,0.700839,nan,0.128860,nan,1.860543
7156,0.994907,0.967991,-11.734003,0.128843,24.643698,2.284546
7157,1.135649,1.103138,nan,0.128843,nan,2.608165
7158,0.884930,0.896745,-14.416737,0.128826,23.521992,2.128792
7159,0.791706,0.788593,nan,0.128826,nan,1.812293
7160,0.992557,0.867526,-13.122252,0.128809,24.760284,2.390215
7161,1.029994,0.762703,nan,0.128809,nan,2.518680
7162,0.921564,0.690996,-12.602434,0.128792,24.263834,2.209883
7163,1.020369,1.059824,nan,0.128792,nan,2.375197
7164,0.822869,0.915147,-10.117413,0.128775,26.257166,1.904095
7165,1.239272,1.121339,nan,0.128775,nan,2.545224
7166,1.064543,0.770342,-9.232037,0.128758,25.071712,2.437756
7167,0.752808,0.758364,nan,0.128758,nan,1.903408
7168,0.960340,1.005480,-12.276687,0.128741,24.356434,2.301081
7169,1.093338,1.132540,nan,0.128741,nan,2.614451
7170,0.836971,0.766940,-14.130764,0.128724,26.285490,2.046566
7171,1.200389,0.953737,nan,0.128724,nan,2.816122
7172,1.474603,0.802414,-7.898932,0.128707,24.323547,3.203059
7173,1.158282,1.151484,nan,0.128707,nan,2.727848
7174,1.406337,1.079063,-10.299824,0.128690,26.584778,3.185699
7175,0.578264,0.702293,nan,0.128690,nan,1.396182
7176,1.278304,0.977974,-13.732393,0.128673,22.876068,2.976840
7177,1.208058,1.095545,nan,0.128673,nan,2.826768
7178,0.910127,0.750923,-13.388199,0.128656,24.283546,2.202965
7179,1.075182,0.879366,nan,0.128656,nan,2.551281
7180,0.739750,0.762437,-13.067079,0.128640,24.532131,1.838655
7181,1.007426,0.898556,nan,0.128640,nan,2.450017
7182,1.047446,0.940345,-13.052804,0.128623,23.750296,2.535631
7183,0.957724,0.925733,nan,0.128623,nan,2.274179
7184,0.836840,0.762860,-10.950327,0.128606,26.991165,1.942604
7185,1.408955,1.552258,nan,0.128606,nan,3.154395
7186,0.944151,0.817587,-13.585035,0.128589,24.204807,2.299480
7187,1.103593,1.178563,nan,0.128589,nan,2.623899
7188,0.955494,1.360348,-13.361232,0.128572,22.110867,2.237481
7189,0.864556,1.044716,nan,0.128572,nan,2.045249
7190,0.728053,0.646422,-12.965697,0.128556,25.445042,1.825171
7191,1.078886,1.165501,nan,0.128556,nan,2.541910
7192,1.042110,0.801732,-7.993571,0.128539,24.166643,2.392561
7193,1.379413,1.014256,nan,0.128539,nan,3.131645
7194,1.160837,0.945530,-11.736618,0.128522,25.686497,2.736815
7195,0.715564,0.846187,nan,0.128522,nan,1.836442
7196,1.126498,1.106500,-12.729491,0.128506,24.830690,2.632126
7197,0.841781,1.081830,nan,0.128506,nan,1.996575
7198,1.030508,0.931594,-11.229166,0.128489,23.982212,2.385170
7199,0.876560,0.688697,nan,0.128489,nan,2.149070
7200,0.933010,1.012540,-13.612648,0.128472,23.422009,2.286087
7201,1.142929,1.860625,nan,0.128472,nan,2.640009
7202,0.835253,1.011752,-13.310005,0.128456,25.939159,2.033359
7203,1.128876,1.389098,nan,0.128456,nan,2.660356
7204,1.200096,1.368299,-13.910059,0.128439,24.083492,2.837202
7205,0.989015,1.395932,nan,0.128439,nan,2.343958
7206,0.989981,0.967999,-15.760838,0.128422,24.964554,2.426275
7207,0.860836,1.075514,nan,0.128422,nan,2.079771
7208,0.860022,1.453554,-10.979639,0.128406,24.121288,2.014621
7209,1.458446,1.626686,nan,0.128406,nan,3.288243
7210,0.695902,0.543875,-15.256860,0.128389,26.762934,1.762187
7211,1.116884,1.516079,nan,0.128389,nan,2.656595
7212,0.966074,0.938140,-8.602069,0.128372,24.591801,2.178845
7213,1.625582,1.370958,nan,0.128372,nan,3.627656
7214,1.227928,1.175933,-14.909954,0.128355,24.969894,2.904538
7215,1.752383,1.578477,nan,0.128355,nan,3.914730
7216,1.342633,1.352942,-12.098928,0.128339,27.176325,3.108425
7217,0.998107,0.872991,nan,0.128339,nan,2.474231
7218,1.384612,1.449792,-11.226444,0.128322,25.354111,3.162258
7219,1.105795,1.163961,nan,0.128322,nan,2.624163
7220,0.770719,0.710831,-13.183687,0.128305,23.574755,1.972336
7221,1.629272,1.181388,nan,0.128305,nan,3.687191
7222,1.210841,1.476270,-13.205659,0.128288,27.116072,2.762885
7223,1.026567,0.920618,nan,0.128288,nan,2.478775
7224,1.199805,0.920893,-11.053743,0.128271,23.894791,2.828053
7225,1.550214,1.826555,nan,0.128271,nan,3.516444
7226,1.240178,0.994079,-6.578863,0.128255,22.709011,2.827264
7227,1.143026,1.270280,nan,0.128255,nan,2.579347
7228,1.252474,1.100840,-9.950050,0.128238,26.536823,2.846374
7229,1.507699,1.095211,nan,0.128238,nan,3.408624
7230,1.193761,0.884210,-10.666859,0.128221,24.620169,2.762016
7231,0.961810,1.092869,nan,0.128221,nan,2.322967
7232,1.257491,1.080218,-13.360026,0.128205,25.208620,2.978463
7233,1.335364,1.152591,nan,0.128205,nan,3.053877
7234,1.478200,1.383898,-12.916841,0.128188,26.159649,3.378670
7235,0.985216,1.240098,nan,0.128188,nan,2.352477
7236,1.140577,1.262171,-13.486344,0.128171,25.762192,2.688834
7237,0.940618,1.084871,nan,0.128171,nan,2.212466
7238,1.098852,0.960091,-11.726597,0.128154,23.953732,2.631540
7239,1.128309,1.041756,nan,0.128154,nan,2.610211
7240,0.991099,1.116042,-12.372094,0.128138,24.040119,2.374883
7241,0.740502,0.850994,nan,0.128138,nan,1.856982
7242,1.128479,1.252652,-11.645699,0.128121,27.879238,2.600827
7243,1.281119,1.313668,nan,0.128121,nan,2.955733
7244,0.693586,0.999489,-9.812852,0.128104,25.727972,1.677637
7245,1.439940,1.237433,nan,0.128104,nan,3.218419
7246,0.789273,1.016123,-11.347780,0.128087,24.412788,1.922330
7247,1.199875,0.890174,nan,0.128087,nan,2.823955
7248,0.961458,0.993215,-12.505847,0.128071,23.439863,2.335989
7249,0.750778,0.832622,nan,0.128071,nan,1.814892
7250,0.896100,0.864684,-14.407722,0.128054,25.517109,2.168521
7251,1.324893,0.949353,nan,0.128054,nan,3.095432
7252,1.197725,0.926310,-11.641094,0.128037,24.527996,2.817604
7253,0.944044,1.014722,nan,0.128037,nan,2.311271
7254,1.016797,0.804112,-9.598152,0.128021,23.302338,2.372528
7255,1.074680,1.010985,nan,0.128021,nan,2.583302
7256,0.986242,0.977276,-13.501493,0.128004,25.558620,2.364200
7257,1.075191,1.317651,nan,0.128004,nan,2.454861
7258,0.728994,0.774183,-11.723656,0.127988,24.422356,1.824905
7259,1.530022,1.343301,nan,0.127988,nan,3.439786
7260,1.105383,1.092197,-12.207479,0.127971,25.094406,2.631037
7261,0.817282,0.870945,nan,0.127971,nan,1.951434
7262,1.435670,2.040153,-10.589572,0.127954,23.954260,3.172551
7263,1.094393,0.965837,nan,0.127954,nan,2.637477
7264,1.818902,1.866894,-11.035993,0.127938,23.995201,4.059960
7265,1.524798,1.585479,nan,0.127938,nan,3.435882
7266,0.972068,1.012627,-11.794440,0.127922,25.064953,2.338721
7267,1.763585,0.968861,nan,0.127922,nan,3.963243
7268,0.913819,0.931077,-13.392683,0.127905,26.308277,2.229766
7269,0.870543,0.926892,nan,0.127905,nan,2.163326
7270,1.086282,0.655581,-11.865599,0.127888,24.589043,2.569682
7271,1.085299,1.107202,nan,0.127888,nan,2.485432
7272,1.194351,1.260618,-12.691317,0.127872,24.925760,2.761499
7273,0.892891,0.832790,nan,0.127872,nan,2.097491
7274,0.942928,1.241312,-11.300322,0.127855,25.597683,2.196454
7275,0.689107,0.637008,nan,0.127855,nan,1.809314
7276,0.840202,0.640896,-12.648229,0.127839,25.327299,2.046657
7277,1.083328,1.091000,nan,0.127839,nan,2.552403
7278,1.239310,0.949860,-15.482565,0.127822,25.090277,2.869301
7279,1.024280,1.268444,nan,0.127822,nan,2.460389
7280,0.790319,0.874538,-12.339493,0.127806,24.749523,1.946041
7281,1.050389,0.883631,nan,0.127806,nan,2.524323
7282,0.805480,1.026450,-10.511292,0.127789,23.446665,1.974707
7283,1.590626,1.634622,nan,0.127789,nan,3.576309
7284,1.711384,1.461971,-8.816266,0.127773,23.369608,3.832329
7285,0.823276,0.917859,nan,0.127773,nan,1.919803
7286,1.287854,1.453646,-12.856574,0.127757,24.253536,2.911701
7287,0.661582,1.103397,nan,0.127757,nan,1.680479
7288,0.981895,0.884815,-14.784294,0.127740,25.831287,2.376483
7289,0.876478,0.553541,nan,0.127740,nan,2.105230
7290,1.198067,1.516203,-8.390283,0.127724,25.394449,2.693181
7291,0.994932,1.043288,nan,0.127724,nan,2.379348
7292,1.052112,1.145519,-12.170927,0.127707,25.386393,2.509701
7293,0.966281,0.857001,nan,0.127707,nan,2.321754
7294,0.753504,0.798470,-12.935961,0.127691,25.964371,1.804898
7295,0.764088,0.956332,nan,0.127691,nan,1.883776
7296,0.907907,1.456355,-11.362730,0.127674,26.581696,2.077856
7297,0.904845,1.328535,nan,0.127674,nan,2.172828
7298,0.848689,0.965870,-11.192767,0.127658,25.815815,2.038029
7299,0.709522,0.726719,nan,0.127658,nan,1.715479
7300,0.994680,1.176974,-10.123398,0.127641,24.482216,2.291235
7301,1.126676,1.106310,nan,0.127641,nan,2.613609
7302,1.222112,0.777132,-12.559475,0.127625,26.870230,2.866685
7303,1.335008,0.920279,nan,0.127625,nan,3.058064
7304,0.828656,0.878162,-12.823582,0.127608,24.182297,2.007769
7305,0.954566,1.169231,nan,0.127608,nan,2.222146
7306,0.994917,0.962663,-8.977488,0.127592,25.919025,2.317502
7307,0.979453,0.900207,nan,0.127592,nan,2.342887
7308,1.145301,1.334975,-8.223080,0.127575,25.049801,2.566136
7309,0.894117,0.933111,nan,0.127575,nan,2.139670
7310,1.074926,1.040179,-10.395164,0.127558,24.841751,2.541203
7311,0.928322,0.847414,nan,0.127558,nan,2.204547
7312,1.309858,0.914314,-9.580022,0.127542,25.590923,2.962513
7313,0.877892,1.239892,nan,0.127542,nan,2.096028
7314,1.454022,1.372616,-10.379539,0.127525,25.204832,3.264410
7315,1.166196,1.094022,nan,0.127525,nan,2.733549
7316,1.121907,1.146436,-9.496222,0.127509,25.148561,2.537957
7317,0.670481,0.700526,nan,0.127509,nan,1.677507
7318,0.943292,0.738983,-11.200676,0.127492,27.300457,2.257442
7319,1.210610,1.038591,nan,0.127492,nan,2.705585
7320,1.146853,0.918951,-10.671234,0.127476,25.657223,2.672937
7321,0.806771,0.829832,nan,0.127476,nan,1.838837
7322,1.004757,0.862173,-12.223379,0.127459,25.894583,2.408607
7323,0.615375,0.658564,nan,0.127459,nan,1.595073
7324,0.639675,0.642577,-10.674006,0.127442,26.480610,1.592439
7325,1.035399,1.006382,nan,0.127442,nan,2.480561
7326,1.488991,1.096923,-8.833103,0.127425,26.499130,3.293863
7327,1.005020,0.767202,nan,0.127425,nan,2.360771
7328,1.243560,1.078266,-13.753752,0.127409,24.203106,2.904640
7329,0.863722,0.680048,nan,0.127409,nan,2.103892
7330,1.287323,0.762497,-14.010495,0.127392,26.319969,2.992323
7331,0.960780,0.675051,nan,0.127392,nan,2.322211
7332,1.193751,0.879113,-12.457550,0.127375,25.161499,2.744688
7333,0.998142,1.166718,nan,0.127375,nan,2.263442
7334,1.313221,1.319820,-8.951124,0.127359,24.074207,2.863561
7335,1.429950,0.920484,nan,0.127359,nan,3.251107
7336,1.362023,0.933801,-13.386122,0.127342,24.340065,3.132988
7337,1.162911,1.087651,nan,0.127342,nan,2.731676
7338,0.949068,0.707497,-9.280761,0.127326,27.333649,2.250447
7339,1.312523,0.982404,nan,0.127326,nan,2.974989
7340,1.646143,1.139079,-7.215841,0.127309,25.167454,3.617856
7341,1.436778,1.277692,nan,0.127309,nan,3.284915
7342,1.049847,0.986677,-13.829086,0.127293,24.091455,2.517936
7343,2.438568,1.910584,nan,0.127293,nan,5.214549
7344,2.287269,1.933279,-12.020956,0.127276,27.448063,4.921337
7345,1.756390,1.727399,nan,0.127276,nan,3.945621
7346,2.769398,1.991697,-10.608620,0.127260,26.397280,5.954326
7347,1.903757,1.246950,nan,0.127260,nan,4.239516
7348,1.408780,1.103801,-10.666531,0.127243,27.659126,3.246472
7349,1.191167,1.092285,nan,0.127243,nan,2.800036
7350,1.449576,0.956508,-7.626066,0.127226,24.088423,3.271164
7351,1.445272,1.361011,nan,0.127226,nan,3.303777
7352,1.558876,1.315151,-13.479473,0.127210,25.522331,3.590588
7353,1.164489,0.817495,nan,0.127210,nan,2.618043
7354,1.708740,0.724230,-13.117439,0.127193,24.873178,3.783544
7355,1.445484,0.969515,nan,0.127193,nan,3.313768
7356,1.102795,0.618634,-11.930748,0.127176,27.010323,2.606378
7357,0.752959,0.936619,nan,0.127176,nan,1.888595
7358,1.124321,1.036533,-9.486713,0.127160,26.123247,2.598405
7359,1.139726,0.982383,nan,0.127160,nan,2.641854
7360,1.122696,1.064123,-9.044521,0.127143,23.107212,2.600151
7361,1.250392,1.236117,nan,0.127143,nan,2.842473
7362,1.023663,1.386974,-8.119829,0.127127,24.962868,2.353529
7363,1.033363,1.104745,nan,0.127127,nan,2.467101
7364,0.939890,0.842268,-13.134035,0.127110,24.794758,2.289255
7365,1.022215,0.973626,nan,0.127110,nan,2.327725
7366,1.211528,0.983029,-11.274870,0.127094,26.770559,2.769721
7367,1.032612,0.833153,nan,0.127094,nan,2.361289
7368,0.839126,0.722726,-12.477997,0.127077,25.230173,2.041815
7369,0.996325,0.814651,nan,0.127077,nan,2.419020
7370,1.113441,0.937873,-11.368383,0.127061,25.798313,2.627064
7371,1.013729,0.722035,nan,0.127061,nan,2.373990
7372,1.085997,1.005845,-12.448139,0.127044,25.786758,2.573142
7373,0.966243,0.868689,nan,0.127044,nan,2.300539
7374,0.895678,0.673062,-10.875216,0.127028,24.952847,2.165648
7375,0.786944,1.073905,nan,0.127028,nan,1.923111
7376,1.384334,1.103949,-12.291727,0.127012,24.615896,3.159434
7377,0.662858,1.222512,nan,0.127012,nan,1.613099
7378,1.135264,0.735326,-13.939454,0.126995,27.400639,2.693202
7379,0.951545,0.982822,nan,0.126995,nan,2.249591
7380,1.020169,1.201522,-7.016009,0.126979,22.918667,2.352423
7381,1.132146,1.010671,nan,0.126979,nan,2.656243
7382,1.050358,0.864798,-12.618549,0.126962,26.476704,2.501751
7383,0.845991,0.703417,nan,0.126962,nan,2.058541
7384,1.145573,0.927889,-14.327148,0.126946,28.404339,2.669935
7385,1.248152,1.096575,nan,0.126946,nan,2.835589
7386,1.251649,0.795159,-9.098356,0.126929,25.386414,2.889939
7387,1.130426,0.906165,nan,0.126929,nan,2.603418
7388,0.890769,0.686285,-11.128807,0.126913,26.752136,2.100127
7389,1.330443,0.656909,nan,0.126913,nan,3.008653
7390,1.547354,1.020124,-10.307520,0.126896,28.110384,3.474368
7391,1.008841,0.842702,nan,0.126896,nan,2.388446
7392,1.265396,0.949993,-12.829780,0.126880,23.254555,2.996548
7393,1.072081,0.841102,nan,0.126880,nan,2.546845
7394,1.115008,0.936832,-13.720970,0.126863,25.615496,2.660872
7395,1.099959,0.990410,nan,0.126863,nan,2.573156
7396,1.027385,0.812773,-6.579990,0.126847,25.819077,2.272951
7397,1.147728,0.927251,nan,0.126847,nan,2.651065
7398,0.966844,0.566835,-12.065853,0.126830,27.221241,2.363263
7399,1.052711,0.895564,nan,0.126830,nan,2.496115
7400,1.274011,0.890291,-12.765225,0.126814,26.499077,2.964170
7401,0.935764,1.028393,nan,0.126814,nan,2.302936
7402,1.094403,1.211613,-12.896570,0.126797,27.842419,2.538663
7403,0.986161,0.892780,nan,0.126797,nan,2.368125
7404,0.522554,0.747994,-13.025752,0.126780,25.805517,1.362206
7405,0.828994,0.955223,nan,0.126780,nan,1.891534
7406,0.941002,0.946565,-10.753282,0.126763,27.065163,2.226390
7407,0.760019,0.916797,nan,0.126763,nan,1.838300
7408,1.050949,0.908794,-13.219913,0.126747,24.371191,2.486033
7409,1.180936,0.637705,nan,0.126747,nan,2.734474
7410,0.997895,1.002032,-13.774904,0.126730,26.245266,2.382799
7411,0.936355,0.838501,nan,0.126730,nan,2.290427
7412,0.831199,0.769396,-11.979244,0.126714,24.611416,2.033165
7413,1.086032,0.980205,nan,0.126714,nan,2.576680
7414,0.838229,0.735314,-12.341000,0.126697,25.467304,2.047402
7415,0.720008,0.776210,nan,0.126697,nan,1.820706
7416,0.695039,0.610438,-11.360727,0.126681,26.730942,1.757447
7417,1.030030,1.107240,nan,0.126681,nan,2.474699
7418,0.746179,1.112262,-9.459061,0.126664,26.499781,1.811909
7419,1.064581,0.724114,nan,0.126664,nan,2.447397
7420,0.855027,0.751195,-11.753972,0.126648,26.154623,2.053313
7421,0.837339,0.729464,nan,0.126648,nan,2.053595
7422,1.090435,0.793400,-10.495941,0.126631,25.558857,2.585697
7423,0.880605,0.898634,nan,0.126631,nan,2.102337
7424,1.016434,0.727403,-12.277338,0.126615,24.658043,2.417117
7425,0.938945,0.892765,nan,0.126615,nan,2.174869
7426,0.957522,0.715063,-10.396581,0.126598,25.921562,2.276777
7427,1.197015,0.921874,nan,0.126598,nan,2.836359
7428,0.936821,0.686194,-10.868818,0.126582,26.616398,2.242179
7429,1.310811,0.851563,nan,0.126582,nan,3.034971
7430,1.237125,1.105757,-11.702589,0.126565,26.235119,2.868965
7431,1.084670,1.068188,nan,0.126565,nan,2.581707
7432,0.635963,0.513217,-10.219621,0.126549,23.676607,1.617854
7433,0.899359,0.750605,nan,0.126549,nan,2.175722
7434,0.897924,0.623434,-12.790506,0.126533,27.414558,2.118255
7435,1.181578,1.136320,nan,0.126533,nan,2.738868
7436,1.164228,1.198891,-14.854939,0.126516,28.459831,2.691925
7437,1.171842,0.907115,nan,0.126516,nan,2.715524
7438,1.035610,0.660492,-10.468225,0.126500,24.548206,2.483570
7439,0.761743,0.719657,nan,0.126500,nan,1.897180
7440,0.738595,0.778645,-12.735100,0.126483,29.158821,1.840487
7441,0.676143,0.682507,nan,0.126483,nan,1.723589
7442,0.575084,0.557111,-13.482466,0.126466,28.280895,1.447646
7443,0.742348,0.689857,nan,0.126466,nan,1.826394
7444,0.686186,0.622097,-12.735700,0.126450,26.110157,1.743709
7445,0.828955,0.623053,nan,0.126450,nan,2.032811
7446,0.757001,0.607030,-12.052719,0.126433,25.191246,1.844796
7447,1.590924,0.833042,nan,0.126433,nan,3.567674
7448,0.735706,0.607537,-13.721727,0.126416,29.053101,1.847186
7449,0.696730,0.596279,nan,0.126416,nan,1.766865
7450,1.064710,1.005077,-12.133027,0.126400,26.107265,2.540250
7451,0.685639,0.706807,nan,0.126400,nan,1.725108
7452,1.002980,0.837527,-12.206748,0.126383,25.200672,2.405842
7453,1.236911,1.080383,nan,0.126383,nan,2.832123
7454,0.581358,0.633288,-13.475493,0.126366,25.744865,1.496542
7455,0.816714,0.615931,nan,0.126366,nan,1.984692
7456,0.927589,0.642804,-13.778101,0.126350,25.338715,2.251856
7457,0.851544,0.648310,nan,0.126350,nan,2.034679
7458,0.717916,0.644915,-13.466442,0.126333,28.128920,1.839104
7459,0.651121,0.510495,nan,0.126333,nan,1.610258
7460,0.831629,0.720314,-13.097514,0.126317,26.312378,2.057751
7461,0.912568,0.621877,nan,0.126317,nan,2.233698
7462,0.842111,0.658872,-16.097950,0.126300,24.932486,2.107802
7463,3.258279,0.805993,nan,0.126300,nan,6.961133
7464,11.884755,1.195248,-2.032867,0.126284,28.553982,24.268370
7465,1.640065,1.094537,nan,0.126284,nan,3.708630
7466,0.667532,0.710884,-11.968958,0.126267,24.262608,1.722832
7467,0.912404,0.689077,nan,0.126267,nan,2.197377
7468,0.706207,0.804428,-12.043096,0.126251,27.283636,1.761255
7469,1.469124,0.937851,nan,0.126251,nan,3.350087
7470,1.412176,1.327473,-13.341064,0.126234,25.244961,3.219681
7471,0.732249,1.309933,nan,0.126234,nan,1.871342
7472,0.697690,1.147024,-12.852837,0.126218,23.697350,1.759279
7473,0.714737,0.833086,nan,0.126218,nan,1.817614
7474,0.830465,0.984286,-10.030863,0.126202,26.276188,2.066283
7475,0.714398,0.635712,nan,0.126202,nan,1.782871
7476,0.722563,0.714524,-13.032703,0.126185,27.187632,1.814852
7477,0.872329,0.833582,nan,0.126185,nan,2.130764
7478,1.043756,0.924529,-12.562773,0.126169,26.220087,2.426617
7479,0.858808,0.661323,nan,0.126169,nan,2.088464
7480,0.657768,0.738913,-12.892488,0.126152,26.063324,1.667258
7481,1.093557,0.865597,nan,0.126152,nan,2.613256
7482,1.088786,0.881743,-12.825481,0.126136,24.624729,2.616661
7483,1.110889,0.690080,nan,0.126136,nan,2.616398
7484,1.087322,0.910247,-13.307346,0.126120,25.682413,2.564366
7485,0.645134,0.853963,nan,0.126120,nan,1.630165
7486,1.413360,0.635471,-13.661623,0.126104,24.687845,3.286885
7487,0.683702,0.810075,nan,0.126104,nan,1.684372
7488,0.851960,0.746562,-11.714974,0.126088,25.906000,2.028838
7489,0.964651,0.817868,nan,0.126088,nan,2.306939
7490,0.950196,1.129193,-12.507635,0.126071,27.145676,2.285804
7491,0.884673,1.038459,nan,0.126071,nan,2.136585
7492,0.767835,0.641692,-12.632093,0.126055,24.071598,1.919796
7493,1.227590,1.115533,nan,0.126055,nan,2.883772
7494,0.679782,0.987580,-13.284415,0.126039,26.684816,1.702585
7495,0.994208,0.841803,nan,0.126039,nan,2.291526
7496,0.947574,0.658287,-12.846697,0.126023,26.128279,2.324929
7497,1.155658,0.802583,nan,0.126023,nan,2.685211
7498,0.752738,1.016264,-14.642981,0.126007,27.089268,1.878320
7499,0.780898,0.538372,nan,0.126007,nan,1.919483
7500,0.909053,0.826363,-11.959318,0.125991,24.987602,2.203991
7501,0.900009,0.705219,nan,0.125991,nan,2.215647
7502,0.852713,0.665797,-14.419352,0.125974,25.782921,2.063211
7503,0.899901,0.781354,nan,0.125974,nan,2.179171
7504,0.659424,0.715343,-11.012354,0.125958,26.292320,1.641855
7505,0.824046,0.645620,nan,0.125958,nan,2.027785
7506,0.706097,0.645858,-12.072390,0.125942,25.231697,1.774078
7507,0.887549,0.610769,nan,0.125942,nan,2.160450
7508,0.746678,0.649315,-11.600990,0.125926,25.684315,1.871177
7509,1.287271,0.463116,nan,0.125926,nan,3.005724
7510,0.858911,0.632846,-15.135532,0.125910,26.491562,2.135621
7511,2.608229,1.020018,nan,0.125910,nan,5.665256
7512,7.280323,0.896480,-8.550693,0.125894,28.128784,15.021471
7513,0.654814,1.029660,nan,0.125894,nan,1.616393
7514,0.783922,0.729174,-13.125001,0.125877,25.844532,1.957229
7515,0.912441,0.862279,nan,0.125877,nan,2.196607
7516,0.807492,0.965759,-12.430618,0.125861,25.446301,1.992718
7517,0.783783,0.681094,nan,0.125861,nan,1.947647
7518,0.719232,0.679243,-12.724813,0.125845,27.505558,1.818696
7519,0.829340,1.010837,nan,0.125845,nan,2.053342
7520,0.704510,0.825171,-13.037838,0.125829,26.942406,1.759374
7521,0.733697,0.527168,nan,0.125829,nan,1.817868
7522,0.858530,0.784079,-13.974992,0.125813,25.754238,2.081590
7523,0.668026,0.784751,nan,0.125813,nan,1.674733
7524,0.479339,0.627282,-13.946328,0.125796,26.329704,1.316435
7525,2.607697,0.788104,nan,0.125796,nan,5.648359
7526,1.360292,1.502956,-14.484332,0.125780,25.138460,3.074296
7527,0.721155,1.378782,nan,0.125780,nan,1.785258
7528,0.960051,1.487967,-16.164787,0.125764,26.264267,2.301651
7529,0.758478,1.201938,nan,0.125764,nan,1.901555
7530,1.137686,0.786530,-13.704571,0.125748,26.091587,2.624996
7531,0.775043,0.852558,nan,0.125748,nan,1.933335
7532,0.952026,0.978388,-13.521255,0.125732,27.435871,2.309992
7533,0.621891,0.658615,nan,0.125732,nan,1.583877
7534,0.768673,0.706019,-13.760715,0.125715,27.312973,1.891124
7535,1.649956,0.883475,nan,0.125715,nan,3.721746
7536,1.083071,0.783723,-12.588772,0.125699,27.347170,2.595065
7537,0.975815,1.279381,nan,0.125699,nan,2.352599
7538,1.014351,0.952372,-13.390548,0.125683,27.597231,2.408881
7539,0.849701,0.820733,nan,0.125683,nan,2.058738
7540,0.944281,0.794789,-14.857363,0.125666,25.723661,2.274659
7541,0.973093,0.723188,nan,0.125666,nan,2.354883
7542,0.669971,0.781894,-12.119972,0.125650,27.068489,1.728840
7543,0.977268,0.737467,nan,0.125650,nan,2.370807
7544,1.098335,0.727637,-10.284473,0.125634,24.254646,2.643674
7545,3.557197,0.508702,nan,0.125634,nan,7.569531
7546,1.480404,0.684435,-13.570910,0.125618,24.755398,3.386564
7547,0.932317,0.843133,nan,0.125618,nan,2.282531
7548,0.676031,0.593896,-12.341454,0.125602,27.027430,1.726257
7549,1.016398,0.699222,nan,0.125602,nan,2.439060
7550,0.929403,0.645819,-13.907346,0.125585,26.904732,2.268193
7551,0.900413,0.910226,nan,0.125585,nan,2.202225
7552,0.644499,0.699733,-14.226561,0.125569,25.394215,1.623923
7553,0.780953,0.678211,nan,0.125569,nan,1.937352
7554,1.030782,1.029518,-13.836435,0.125553,26.129446,2.427568
7555,0.783566,0.647116,nan,0.125553,nan,2.009869
7556,0.792872,0.831979,-11.928035,0.125537,26.912390,1.967856
7557,0.691131,0.626093,nan,0.125537,nan,1.796587
7558,1.134000,0.732847,-14.631294,0.125521,26.641518,2.712051
7559,0.692724,0.762455,nan,0.125521,nan,1.777130
7560,0.698759,0.672124,-13.998796,0.125505,26.364990,1.753711
7561,0.874800,0.694915,nan,0.125505,nan,2.140471
7562,0.882479,1.055113,-14.032346,0.125488,27.287146,2.142679
7563,1.290997,0.731390,nan,0.125488,nan,2.992529
7564,0.638580,0.601623,-10.740638,0.125472,26.418005,1.619107
7565,2.863266,1.047092,nan,0.125472,nan,6.206868
7566,2.098092,0.842143,-13.615214,0.125456,26.169189,4.678616
7567,1.062157,0.566646,nan,0.125456,nan,2.546191
7568,2.837941,0.873092,-12.460115,0.125440,26.018181,6.121920
7569,0.813014,0.783419,nan,0.125440,nan,2.004186
7570,0.737916,0.564645,-10.883518,0.125424,24.661427,1.866920
7571,0.875724,0.892727,nan,0.125424,nan,2.151468
7572,0.708024,0.646556,-12.515816,0.125408,25.927639,1.739187
7573,1.999014,0.663729,nan,0.125408,nan,4.447239
7574,0.705853,0.713935,-13.592473,0.125392,26.685593,1.815360
7575,1.819295,0.779982,nan,0.125392,nan,4.107748
7576,1.753698,0.819317,-15.931626,0.125376,25.736406,3.981876
7577,1.323182,0.484434,nan,0.125376,nan,3.066941
7578,3.402281,0.850816,-12.836868,0.125360,27.766348,7.261576
7579,0.991529,0.488642,nan,0.125360,nan,2.402557
7580,1.040542,0.896261,-12.476667,0.125344,24.835669,2.506830
7581,1.278188,0.925151,nan,0.125344,nan,2.988353
7582,0.803952,0.662410,-16.165224,0.125328,25.805891,1.991514
7583,1.466923,1.000415,nan,0.125328,nan,3.374130
7584,1.419119,1.181500,-16.016842,0.125312,27.600876,3.261663
7585,0.786234,0.884884,nan,0.125312,nan,1.980760
7586,0.871338,0.906566,-13.530668,0.125296,27.213999,2.154578
7587,0.729987,0.595300,nan,0.125296,nan,1.846812
7588,0.984518,0.655746,-14.552586,0.125280,28.476313,2.398533
7589,0.765707,0.812941,nan,0.125280,nan,1.914990
7590,0.967927,0.994684,-16.092794,0.125263,25.332796,2.365100
7591,0.762396,0.722097,nan,0.125263,nan,1.856820
7592,1.218546,1.466363,-15.568400,0.125247,27.201132,2.845520
7593,0.943491,0.921400,nan,0.125247,nan,2.317843
7594,0.825255,0.832024,-13.243464,0.125231,26.000450,2.048761
7595,0.841204,0.848356,nan,0.125231,nan,2.083947
7596,0.536108,0.545257,-15.851218,0.125215,28.327795,1.427283
7597,0.945474,1.156687,nan,0.125215,nan,2.300965
7598,0.870750,0.762940,-16.013262,0.125199,26.799595,2.152729
7599,0.691194,0.743963,nan,0.125199,nan,1.801261
7600,0.965016,1.123358,-13.022129,0.125183,27.512005,2.358660
7601,0.838741,0.979060,nan,0.125183,nan,2.102264
7602,0.877587,0.564759,-14.614069,0.125166,25.327852,2.175637
7603,0.753560,0.727098,nan,0.125166,nan,1.882539
7604,0.801104,0.960295,-15.792223,0.125150,26.374195,1.999602
7605,0.691287,0.827676,nan,0.125150,nan,1.777497
7606,1.214775,0.909690,-13.537516,0.125134,27.413645,2.845615
7607,1.059802,1.192466,nan,0.125134,nan,2.499403
7608,1.379033,1.160460,-13.927838,0.125118,24.986954,3.218416
7609,0.550288,0.577500,nan,0.125118,nan,1.516088
7610,0.809611,0.664165,-15.436699,0.125102,27.085804,2.042169
7611,0.706475,0.606346,nan,0.125102,nan,1.823391
7612,0.790019,0.743123,-13.784133,0.125086,27.233696,2.006926
7613,1.149098,0.967147,nan,0.125086,nan,2.741313
7614,0.923801,0.849601,-15.014865,0.125070,26.040920,2.280298
7615,1.036865,0.963616,nan,0.125070,nan,2.475921
7616,1.011689,0.921918,-15.681620,0.125054,25.680899,2.454875
7617,0.788019,0.775530,nan,0.125054,nan,1.986949
7618,0.690805,0.690963,-14.899392,0.125038,26.495731,1.778226
7619,0.864074,0.824881,nan,0.125038,nan,2.109637
7620,1.019339,0.922457,-16.313442,0.125022,25.874504,2.435681
7621,0.774660,0.950979,nan,0.125022,nan,1.981566
7622,0.659534,0.681861,-14.900902,0.125006,25.671741,1.718066
7623,1.011359,0.924379,nan,0.125006,nan,2.479544
7624,1.022871,0.888462,-14.184288,0.124990,25.307415,2.497931
7625,0.707435,0.793827,nan,0.124990,nan,1.842960
7626,0.931745,0.765943,-15.835218,0.124974,26.407585,2.315099
7627,1.004772,0.981452,nan,0.124974,nan,2.477076
7628,0.815875,0.886641,-12.439739,0.124958,26.323086,2.079884
7629,1.092101,0.756644,nan,0.124958,nan,2.579203
7630,0.720606,0.723443,-16.829935,0.124942,27.775785,1.870396
7631,1.878485,0.816419,nan,0.124942,nan,4.236263
7632,0.855946,0.850422,-15.717291,0.124926,27.524303,2.151026
7633,0.922638,0.844457,nan,0.124926,nan,2.290564
7634,1.008159,0.984351,-14.984692,0.124910,25.735941,2.440872
7635,0.668794,0.601276,nan,0.124910,nan,1.758816
7636,0.875436,1.004912,-13.585408,0.124895,24.658947,2.182885
7637,0.759832,0.639976,nan,0.124895,nan,1.937465
7638,0.637622,0.715859,-16.343643,0.124879,27.386051,1.667513
7639,0.980449,0.854578,nan,0.124879,nan,2.411535
7640,0.526376,0.538001,-14.303989,0.124863,27.293709,1.432560
7641,1.415337,0.771593,nan,0.124863,nan,3.305547
7642,0.852921,0.758990,-16.784098,0.124847,27.697248,2.137575
7643,2.370386,1.103303,nan,0.124847,nan,5.207069
7644,1.551907,0.737228,-14.569096,0.124831,26.576458,3.549395
7645,0.963931,1.091748,nan,0.124831,nan,2.341877
7646,0.643105,0.711996,-14.462614,0.124815,27.014753,1.692422
7647,1.135188,0.897122,nan,0.124815,nan,2.713856
7648,0.892919,0.889055,-13.808486,0.124799,27.455147,2.223947
7649,0.778360,0.732643,nan,0.124799,nan,1.965273
7650,0.663503,0.830130,-14.964108,0.124783,26.985264,1.713626
7651,1.239408,0.594166,nan,0.124783,nan,2.951936
7652,0.745457,0.905758,-14.348875,0.124767,26.709541,1.897826
7653,0.997882,1.016088,nan,0.124767,nan,2.446712
7654,0.704276,1.002474,-13.099035,0.124751,25.560833,1.794525
7655,3.284371,0.729120,nan,0.124751,nan,7.042769
7656,0.818424,1.068631,-13.574624,0.124735,27.588329,2.056891
7657,1.177112,1.104783,nan,0.124735,nan,2.827798
7658,0.839714,0.884414,-15.399158,0.124719,27.030003,2.120914
7659,2.239067,0.753560,nan,0.124719,nan,4.931345
7660,0.742344,0.808674,-15.573803,0.124703,27.682585,1.911178
7661,0.856802,0.832738,nan,0.124703,nan,2.173132
7662,0.666388,0.725504,-14.920668,0.124687,25.539581,1.737970
7663,0.949840,0.636147,nan,0.124687,nan,2.344875
7664,0.859636,0.484433,-14.943769,0.124671,25.600700,2.152230
7665,0.667095,0.694039,nan,0.124671,nan,1.756358
7666,0.700306,0.686402,-14.438756,0.124655,27.471579,1.826196
7667,0.842467,0.639243,nan,0.124655,nan,2.147028
7668,0.741991,0.610537,-14.399326,0.124639,26.052174,1.919477
7669,1.025573,0.765663,nan,0.124639,nan,2.506497
7670,0.680415,0.737500,-14.700769,0.124623,26.494143,1.761773
7671,1.168949,0.913992,nan,0.124623,nan,2.815205
7672,0.841592,0.864821,-15.049901,0.124607,30.104031,2.098084
7673,0.850880,0.838255,nan,0.124607,nan,2.128854
7674,0.795814,0.796234,-16.213356,0.124591,27.282799,1.977136
7675,0.957592,0.698005,nan,0.124591,nan,2.331422
7676,0.682948,0.870815,-13.687820,0.124575,27.004347,1.775293
7677,1.352238,0.846032,nan,0.124575,nan,3.188035
7678,0.730056,0.729654,-15.713223,0.124559,29.243696,1.877262
7679,1.753217,0.552688,nan,0.124559,nan,3.929900
7680,0.860253,0.427157,-17.621462,0.124543,26.813669,2.129489
7681,0.820304,1.033302,nan,0.124543,nan,2.047543
7682,0.814466,0.834557,-18.044823,0.124526,28.311985,2.067450
7683,0.794829,0.794405,nan,0.124526,nan,2.009736
7684,0.629476,0.787264,-16.647671,0.124510,27.799006,1.630600
7685,0.970033,1.034775,nan,0.124510,nan,2.385816
7686,0.608459,0.878632,-14.685141,0.124494,25.585371,1.622922
7687,0.813502,0.905656,nan,0.124494,nan,2.043665
7688,1.049567,0.623446,-16.268009,0.124478,26.446749,2.554879
7689,0.870837,0.757307,nan,0.124478,nan,2.155795
7690,1.118772,0.876251,-15.201976,0.124462,26.494122,2.703023
7691,0.561708,0.682752,nan,0.124462,nan,1.504701
7692,0.676913,0.585989,-15.192404,0.124446,28.128801,1.711517
7693,1.180099,0.963957,nan,0.124446,nan,2.818896
7694,0.839936,0.670622,-15.206574,0.124430,24.203802,2.122693
7695,0.962024,0.683928,nan,0.124430,nan,2.362376
7696,0.902219,0.516623,-16.777258,0.124414,28.308723,2.217085
7697,0.697553,0.631893,nan,0.124414,nan,1.832510
7698,0.948445,0.612574,-13.486103,0.124398,29.313587,2.352906
7699,1.059239,0.897963,nan,0.124398,nan,2.568531
7700,1.205868,0.940209,-16.156322,0.124382,27.903049,2.840132
7701,0.843168,0.597997,nan,0.124382,nan,2.133866
7702,0.746045,0.748918,-14.000385,0.124366,28.638538,1.879609
7703,0.745430,0.708304,nan,0.124366,nan,1.919666
7704,0.967105,0.726297,-15.600389,0.124349,28.324865,2.383758
7705,0.545487,0.518351,nan,0.124349,nan,1.498664
7706,0.687632,0.617112,-14.113987,0.124333,27.250753,1.783222
7707,1.367774,0.655990,nan,0.124333,nan,3.201318
7708,1.017216,0.658199,-16.198713,0.124317,26.618671,2.516850
7709,1.788605,0.846835,nan,0.124317,nan,4.015158
7710,0.771273,0.619862,-15.138062,0.124301,27.939026,1.955219
7711,0.777738,0.676134,nan,0.124301,nan,2.010269
7712,0.647016,0.602643,-16.506704,0.124285,26.243460,1.686434
7713,0.785166,0.818264,nan,0.124285,nan,1.955178
7714,0.676679,0.581603,-16.703962,0.124269,25.511414,1.770103
7715,1.029116,0.917113,nan,0.124269,nan,2.478514
7716,0.668295,0.651916,-15.279783,0.124253,29.452488,1.730424
7717,0.911342,0.873127,nan,0.124253,nan,2.229964
7718,0.915334,0.907049,-17.517147,0.124236,29.593325,2.265791
7719,0.666462,0.542645,nan,0.124236,nan,1.702582
7720,0.972151,0.607993,-13.582989,0.124220,27.239059,2.386922
7721,1.101673,0.858658,nan,0.124220,nan,2.665997
7722,1.319790,1.017233,-14.587749,0.124204,27.499798,3.078218
7723,0.972069,1.080840,nan,0.124204,nan,2.381465
7724,0.798290,0.906187,-15.904898,0.124188,27.328747,2.017443
7725,0.894889,0.812968,nan,0.124188,nan,2.208922
7726,1.023259,0.834075,-16.400803,0.124172,26.242809,2.491251
7727,0.930473,0.673089,nan,0.124172,nan,2.304370
7728,0.778526,0.690183,-15.786871,0.124156,25.996532,1.967147
7729,0.778022,0.662007,nan,0.124156,nan,1.967469
7730,0.749163,0.686034,-14.764293,0.124140,26.269405,1.925335
7731,0.992502,0.663896,nan,0.124140,nan,2.421369
7732,0.990249,0.876378,-15.974216,0.124124,28.895664,2.416168
7733,1.149254,0.822536,nan,0.124124,nan,2.748223
7734,0.922667,0.770860,-15.987698,0.124108,26.314672,2.240407
7735,0.729729,0.590367,nan,0.124108,nan,1.868940
7736,0.736341,0.682397,-16.356182,0.124092,26.968674,1.879662
7737,1.929191,0.685103,nan,0.124092,nan,4.310258
7738,0.974339,0.641753,-15.479572,0.124076,28.340553,2.408063
7739,0.784081,0.568865,nan,0.124076,nan,2.021303
7740,0.715302,0.640354,-15.903566,0.124060,29.613365,1.837077
7741,1.099873,0.757217,nan,0.124060,nan,2.635801
7742,0.591744,0.664863,-15.346960,0.124044,28.337406,1.557133
7743,1.430246,0.927833,nan,0.124044,nan,3.337415
7744,0.934755,0.828322,-16.988625,0.124028,29.366215,2.309651
7745,1.793085,0.754281,nan,0.124028,nan,4.062706
7746,3.704038,0.857977,-15.803333,0.124011,28.220734,7.872118
7747,0.925478,0.621551,nan,0.124011,nan,2.237531
7748,1.249268,1.107848,-14.305676,0.123995,27.064854,2.949413
7749,1.477058,0.805833,nan,0.123995,nan,3.402894
7750,1.160741,1.082505,-17.124910,0.123979,28.557827,2.775838
7751,1.474752,0.611408,nan,0.123979,nan,3.394969
7752,3.100659,0.934706,-17.383711,0.123963,28.370876,6.678013
7753,1.018068,0.866822,nan,0.123963,nan,2.453665
7754,1.422076,1.238684,-14.031303,0.123947,26.754271,3.303610
7755,1.501282,0.758419,nan,0.123947,nan,3.454675
7756,0.959346,0.771927,-17.022245,0.123930,26.663254,2.368719
7757,1.457777,0.719346,nan,0.123930,nan,3.358624
7758,5.922939,1.048433,-11.527310,0.123914,27.744396,12.338296
7759,1.450453,1.198500,nan,0.123914,nan,3.322834
7760,0.929394,0.704084,-15.974989,0.123898,26.335533,2.287874
7761,1.410263,0.756987,nan,0.123898,nan,3.283391
7762,1.497769,1.040636,-15.837797,0.123882,26.853127,3.463480
7763,1.445458,0.906457,nan,0.123882,nan,3.341331
7764,0.913864,0.525685,-15.854761,0.123866,28.050999,2.243492
7765,0.612222,0.526377,nan,0.123866,nan,1.631452
7766,0.633854,0.639367,-14.569787,0.123850,27.285093,1.692387
7767,1.038034,1.348134,nan,0.123850,nan,2.527587
7768,0.970649,1.271651,-17.298988,0.123835,27.792076,2.369429
7769,0.672719,0.623139,nan,0.123835,nan,1.783507
7770,1.052936,0.998528,-15.431254,0.123819,27.438435,2.522102
7771,0.806249,0.766826,nan,0.123819,nan,2.053171
7772,1.031230,0.890210,-16.236279,0.123803,27.045471,2.509818
7773,0.988039,0.881878,nan,0.123803,nan,2.409199
7774,0.924556,0.717757,-16.106905,0.123787,30.507797,2.256759
7775,1.345623,1.085912,nan,0.123787,nan,3.117424
7776,0.724452,0.847406,-15.877596,0.123770,27.444027,1.851559
7777,1.009102,0.740799,nan,0.123770,nan,2.462002
7778,0.685417,0.692370,-16.916529,0.123754,29.634216,1.800790
7779,1.747160,0.781419,nan,0.123754,nan,3.942360
7780,1.125143,0.842159,-16.768368,0.123738,27.138884,2.710217
7781,0.735890,0.728241,nan,0.123738,nan,1.891438
7782,1.039233,0.801708,-15.678662,0.123722,27.249002,2.509260
7783,0.642751,0.527060,nan,0.123722,nan,1.676492
7784,0.685814,0.718397,-16.639065,0.123706,25.707161,1.745240
7785,1.174474,0.947990,nan,0.123706,nan,2.786478
7786,0.750524,0.800079,-16.914394,0.123690,28.589375,1.884679
7787,0.712018,0.696645,nan,0.123690,nan,1.812971
7788,0.653054,0.677789,-16.696377,0.123674,29.696241,1.717646
7789,0.952873,0.682878,nan,0.123674,nan,2.347724
7790,0.817826,0.891316,-16.465755,0.123658,25.195347,2.051450
7791,1.015703,0.727482,nan,0.123658,nan,2.479764
7792,0.751059,0.632016,-16.607319,0.123642,26.503080,1.927387
7793,0.663056,0.579743,nan,0.123642,nan,1.721419
7794,0.665076,0.541672,-15.181693,0.123627,27.541714,1.743931
7795,0.936159,0.843170,nan,0.123627,nan,2.293550
7796,0.970023,0.682405,-17.047169,0.123611,26.994278,2.352289
7797,0.787507,0.692117,nan,0.123611,nan,1.975555
7798,0.855183,0.818749,-17.460911,0.123595,25.017937,2.118976
7799,0.828507,0.680362,nan,0.123595,nan,2.088608
7800,0.691251,0.699621,-18.286400,0.123579,26.336731,1.753263
7801,0.841987,0.845988,nan,0.123579,nan,2.112925
7802,0.841886,0.685790,-15.260190,0.123564,27.102497,2.104790
7803,0.920433,0.863779,nan,0.123564,nan,2.282700
7804,1.331856,0.965652,-14.681350,0.123548,28.985275,3.098751
7805,0.823056,0.623684,nan,0.123548,nan,2.076784
7806,1.066676,0.844223,-12.824739,0.123532,26.478882,2.605616
7807,1.128838,0.904777,nan,0.123532,nan,2.718041
7808,0.559052,0.412956,-12.764732,0.123517,26.425762,1.550611
7809,8.798676,0.948174,nan,0.123517,nan,18.075516
7810,6.822073,0.850275,-14.857540,0.123501,26.291897,14.134837
7811,0.546813,0.610862,nan,0.123501,nan,1.490700
7812,1.382824,0.953700,-11.455742,0.123486,26.850792,3.232354
7813,1.359663,1.319094,nan,0.123486,nan,3.196163
7814,0.777197,0.902410,-14.316704,0.123470,27.195721,1.968250
7815,0.917655,0.794115,nan,0.123470,nan,2.281261
7816,1.176147,0.962477,-15.341025,0.123454,26.909241,2.804825
7817,0.881207,0.813740,nan,0.123454,nan,2.193779
7818,1.156171,0.934270,-14.089943,0.123439,28.830296,2.749700
7819,0.866534,0.584413,nan,0.123439,nan,2.169470
7820,0.746265,0.637129,-14.136150,0.123423,26.760099,1.924344
7821,0.642665,0.499103,nan,0.123423,nan,1.726748
7822,0.463792,0.310862,-15.156900,0.123407,27.592213,1.298383
7823,0.772848,0.602105,nan,0.123407,nan,1.948790
7824,0.886949,0.736021,-16.211147,0.123392,28.131392,2.174491
7825,0.732185,0.689048,nan,0.123392,nan,1.863066
7826,0.758229,0.695841,-14.707459,0.123376,28.461220,1.937880
7827,1.031478,1.161514,nan,0.123376,nan,2.514698
7828,1.086975,0.979663,-16.090807,0.123360,25.926529,2.604215
7829,0.570145,0.593534,nan,0.123360,nan,1.508438
7830,0.944723,0.733651,-15.977423,0.123345,27.690504,2.301087
7831,1.022467,0.805480,nan,0.123345,nan,2.473422
7832,0.500758,0.642213,-14.519771,0.123329,28.223328,1.363154
7833,0.663799,0.480253,nan,0.123329,nan,1.743319
7834,0.824694,0.905061,-14.550411,0.123314,26.356012,2.038854
7835,1.658824,0.639712,nan,0.123314,nan,3.792637
7836,2.451155,0.716004,-14.370432,0.123298,26.104240,5.351433
7837,0.924256,0.961874,nan,0.123298,nan,2.297925
7838,1.126288,0.882180,-11.976555,0.123283,24.962032,2.665234
7839,1.778000,0.912959,nan,0.123283,nan,4.005065
7840,1.480458,0.943583,-15.672655,0.123267,25.823204,3.415205
7841,1.028524,0.691425,nan,0.123267,nan,2.496472
7842,2.864243,0.761932,-11.814995,0.123252,28.075897,6.220093
7843,1.383892,0.567169,nan,0.123252,nan,3.218778
7844,1.358023,0.859275,-14.098736,0.123236,28.530542,3.193050
7845,1.112168,0.710534,nan,0.123236,nan,2.669440
7846,1.261856,0.804626,-14.798485,0.123221,28.360054,2.944881
7847,0.983718,0.941407,nan,0.123221,nan,2.405982
7848,0.949726,0.663975,-13.596596,0.123205,26.775639,2.331265
7849,1.007002,0.960984,nan,0.123205,nan,2.433471
7850,0.862869,0.642144,-15.204647,0.123189,30.099056,2.169206
7851,1.373986,1.110588,nan,0.123189,nan,3.199408
7852,0.922461,0.939134,-14.001762,0.123174,25.568991,2.273641
7853,1.124266,0.711426,nan,0.123174,nan,2.706969
7854,0.588979,0.488465,-15.155619,0.123158,31.459711,1.569469
7855,0.840940,0.417132,nan,0.123158,nan,2.115891
7856,0.726261,0.489346,-15.915948,0.123142,26.385252,1.880926
7857,0.769821,0.619107,nan,0.123142,nan,1.964168
7858,0.631321,0.501908,-13.703012,0.123127,26.692154,1.667222
7859,0.826802,0.815999,nan,0.123127,nan,2.081829
7860,0.718824,0.541443,-16.756573,0.123111,30.491344,1.844547
7861,0.901219,0.813735,nan,0.123111,nan,2.257524
7862,0.670118,0.631270,-15.341990,0.123095,30.338190,1.759490
7863,0.661656,0.795936,nan,0.123095,nan,1.719143
7864,0.550797,0.444764,-14.102392,0.123079,27.738068,1.478135
7865,0.880458,0.944939,nan,0.123079,nan,2.174038
7866,0.913813,0.739247,-14.358698,0.123063,27.656021,2.283480
7867,0.815243,0.743350,nan,0.123063,nan,2.050721
7868,0.690465,0.792385,-14.428468,0.123048,28.191570,1.785169
7869,1.123895,0.885046,nan,0.123048,nan,2.693669
7870,0.714173,1.093440,-14.822363,0.123032,28.138697,1.841354
7871,0.713257,0.929164,nan,0.123032,nan,1.844202
7872,0.723752,0.766226,-15.484393,0.123016,27.369965,1.877184
7873,1.483979,0.776664,nan,0.123016,nan,3.432388
7874,0.724078,0.482664,-13.997725,0.123000,29.106972,1.898063
7875,0.648927,0.584959,nan,0.123000,nan,1.699769
7876,0.838550,0.806825,-15.516214,0.122984,29.246555,2.081674
7877,0.788449,0.588773,nan,0.122984,nan,2.031709
7878,0.823951,0.747367,-14.336395,0.122968,27.367619,2.055907
7879,0.799562,0.474417,nan,0.122968,nan,2.053297
7880,0.461313,0.422595,-15.007738,0.122953,26.422340,1.316193
7881,0.940917,0.584085,nan,0.122953,nan,2.322645
7882,0.655948,0.551027,-16.191523,0.122937,28.019619,1.714269
7883,0.674248,0.583470,nan,0.122937,nan,1.740879
7884,0.842930,0.745685,-15.060534,0.122921,27.627529,2.116296
7885,0.458082,0.421971,nan,0.122921,nan,1.332169
7886,0.810605,0.808325,-13.840927,0.122905,27.008642,2.014832
7887,0.913486,0.552286,nan,0.122905,nan,2.291071
7888,0.835210,0.645597,-16.753555,0.122890,26.601425,2.104486
7889,2.331354,0.986067,nan,0.122890,nan,5.146933
7890,4.744136,0.819536,-13.000221,0.122874,29.015034,9.983768
7891,1.027504,0.943984,nan,0.122874,nan,2.502739
7892,0.607394,0.666600,-13.841431,0.122858,29.174831,1.596801
7893,1.179801,0.548928,nan,0.122858,nan,2.792483
7894,1.013393,0.706100,-13.031988,0.122842,29.596825,2.460234
7895,0.933978,0.957260,nan,0.122842,nan,2.313072
7896,1.037639,0.830582,-15.418659,0.122827,27.542702,2.537036
7897,0.979866,0.794683,nan,0.122827,nan,2.416883
7898,0.883113,0.898515,-15.786516,0.122811,27.533051,2.183707
7899,1.042885,0.952599,nan,0.122811,nan,2.544235
7900,0.503061,0.673347,-14.329114,0.122795,27.650522,1.420683
7901,0.643405,0.781517,nan,0.122795,nan,1.675066
7902,0.856672,0.945780,-14.384115,0.122779,29.032215,2.136051
7903,0.883833,0.822444,nan,0.122779,nan,2.205186
7904,0.737498,0.647226,-14.862270,0.122764,26.482639,1.906579
7905,1.124224,0.958967,nan,0.122764,nan,2.691142
7906,0.573815,0.589959,-15.238435,0.122748,27.588543,1.538468
7907,0.791736,0.689862,nan,0.122748,nan,1.984551
7908,0.728595,0.799831,-15.468388,0.122732,28.011263,1.834663
7909,0.822409,0.682783,nan,0.122732,nan,2.067329
7910,0.649092,0.572390,-13.495177,0.122717,29.566223,1.697211
7911,1.173823,0.843876,nan,0.122717,nan,2.760529
7912,0.805212,0.726359,-14.766590,0.122701,28.422752,2.034188
7913,1.139250,0.399052,nan,0.122701,nan,2.758359
7914,1.399917,0.718720,-16.721523,0.122685,28.050949,3.251034
7915,0.913212,0.908679,nan,0.122685,nan,2.250294
7916,1.065477,0.682807,-13.083115,0.122670,27.681843,2.547815
7917,1.328296,0.833165,nan,0.122670,nan,3.113098
7918,0.807522,0.786371,-16.134838,0.122654,27.024849,2.013762
7919,3.079858,0.986612,nan,0.122654,nan,6.637090
7920,5.004052,0.918999,-11.940368,0.122638,27.756752,10.501552
7921,1.832141,0.838930,nan,0.122638,nan,4.146775
7922,0.812857,0.708914,-13.461232,0.122623,26.396713,2.066647
7923,1.144066,0.641557,nan,0.122623,nan,2.697535
7924,1.808735,0.725186,-13.529284,0.122607,29.286213,4.083240
7925,0.893796,0.695828,nan,0.122607,nan,2.197771
7926,0.830635,0.617922,-15.061539,0.122591,28.403179,2.102948
7927,1.089848,0.599657,nan,0.122591,nan,2.614898
7928,1.000104,0.594038,-15.521301,0.122576,29.067087,2.460689
7929,0.900096,0.757438,nan,0.122576,nan,2.211983
7930,0.895741,0.684391,-14.320785,0.122560,28.576267,2.225446
7931,0.581617,0.596020,nan,0.122560,nan,1.502152
7932,0.560114,0.613450,-14.281319,0.122544,29.696037,1.506116
7933,0.601661,0.319212,nan,0.122544,nan,1.612560
7934,0.819636,0.504583,-14.331240,0.122529,27.302370,2.046368
7935,0.772029,0.626749,nan,0.122529,nan,1.968481
7936,0.956576,0.907957,-15.373126,0.122513,29.558752,2.329132
7937,0.807820,0.679009,nan,0.122513,nan,2.019482
7938,0.805347,0.765950,-15.148072,0.122497,28.009869,1.991905
7939,0.575619,0.498457,nan,0.122497,nan,1.518289
7940,1.038714,0.928528,-16.155470,0.122481,27.409050,2.479054
7941,0.982045,0.392196,nan,0.122481,nan,2.409194
7942,1.102334,0.587063,-15.741261,0.122466,28.777792,2.664341
7943,0.817280,0.720426,nan,0.122466,nan,2.077064
7944,0.629801,0.715827,-12.641104,0.122450,25.932627,1.636625
7945,1.223511,0.831977,nan,0.122450,nan,2.857755
7946,0.706347,0.791252,-14.438890,0.122435,28.181004,1.817438
7947,1.291714,0.660360,nan,0.122435,nan,3.041799
7948,1.528553,0.626883,-15.076276,0.122419,28.032417,3.508149
7949,0.848698,0.733472,nan,0.122419,nan,2.124214
7950,0.977693,0.736053,-13.015295,0.122403,28.482386,2.386265
7951,1.272079,0.684748,nan,0.122403,nan,2.982600
7952,0.733967,0.585956,-15.503147,0.122388,28.162987,1.859750
7953,2.605260,0.734320,nan,0.122388,nan,5.693964
7954,7.196227,0.806412,-9.670759,0.122372,29.529682,14.871533
7955,1.676193,0.717909,nan,0.122372,nan,3.793466
7956,1.072822,0.675329,-12.931749,0.122357,26.498693,2.579516
7957,1.501113,0.885167,nan,0.122357,nan,3.419675
7958,1.184069,0.723778,-13.732809,0.122341,30.248180,2.775985
7959,1.119254,0.853920,nan,0.122341,nan,2.660142
7960,1.282834,0.992248,-16.841167,0.122325,28.935738,3.012483
7961,1.494193,0.779680,nan,0.122325,nan,3.445541
7962,1.575073,0.678021,-14.649601,0.122310,28.946875,3.614123
7963,1.442299,0.691905,nan,0.122310,nan,3.332919
7964,1.033338,0.686198,-14.680126,0.122294,27.350037,2.512510
7965,1.078089,0.809364,nan,0.122294,nan,2.585692
7966,1.064128,0.720216,-14.643162,0.122278,27.884830,2.515199
7967,0.647747,0.615955,nan,0.122278,nan,1.687271
7968,0.902181,0.719048,-14.841189,0.122263,29.953892,2.228293
7969,1.002663,0.545776,nan,0.122263,nan,2.463119
7970,0.696664,0.768916,-14.276010,0.122247,28.699200,1.792929
7971,0.905399,0.640451,nan,0.122247,nan,2.223084
7972,0.816975,0.752642,-15.205058,0.122231,27.639393,2.033144
7973,1.363525,0.534456,nan,0.122231,nan,3.170326
7974,3.322855,0.621087,-13.254538,0.122216,29.216984,7.091370
7975,1.097150,0.961559,nan,0.122216,nan,2.630376
7976,0.985895,0.863889,-15.016235,0.122200,28.783072,2.374792
7977,1.220463,0.753007,nan,0.122200,nan,2.835214
7978,0.925611,0.761180,-14.729546,0.122184,28.250694,2.199522
7979,1.146039,0.897642,nan,0.122184,nan,2.712181
7980,1.181350,0.755687,-13.810354,0.122168,29.835327,2.819292
7981,1.053150,0.725335,nan,0.122168,nan,2.542912
7982,0.769812,0.764895,-14.156933,0.122153,30.696609,1.903687
7983,0.965933,0.654214,nan,0.122153,nan,2.330289
7984,1.148458,0.795227,-14.997784,0.122137,27.436640,2.718052
7985,1.435039,0.921824,nan,0.122137,nan,3.295904
7986,1.342493,0.735333,-13.849924,0.122121,27.725395,3.153854
7987,1.396015,0.998620,nan,0.122121,nan,3.222909
7988,0.848570,0.856565,-14.338582,0.122106,25.945711,2.101262
7989,0.852223,0.562461,nan,0.122106,nan,2.120456
7990,1.094448,0.954154,-15.065432,0.122090,28.792778,2.588224
7991,1.157570,0.682712,nan,0.122090,nan,2.784573
7992,0.897545,0.773200,-15.179300,0.122074,31.662529,2.208894
7993,0.716846,0.567977,nan,0.122074,nan,1.808281
7994,0.804588,0.651484,-14.061556,0.122059,27.546295,1.984291
7995,0.868205,0.674146,nan,0.122059,nan,2.123816
7996,0.639610,0.571765,-15.931925,0.122043,28.907139,1.661393
7997,1.240639,0.916976,nan,0.122043,nan,2.923614
7998,1.131755,1.063055,-16.404167,0.122027,28.063847,2.694147
7999,0.794586,0.888092,nan,0.122027,nan,1.980207
8000,0.768074,0.705623,-14.666742,0.122012,29.027727,1.926086
8001,0.652193,0.647000,nan,0.122012,nan,1.680218
8002,1.026621,0.837408,-14.328833,0.121996,27.404997,2.426322
8003,0.654692,0.548187,nan,0.121996,nan,1.738700
8004,0.669919,0.512690,-14.614408,0.121981,27.261662,1.729930
8005,0.945106,0.642959,nan,0.121981,nan,2.316924
8006,0.612876,0.552335,-14.467155,0.121965,26.915092,1.631260
8007,0.632345,0.509629,nan,0.121965,nan,1.649135
8008,0.801177,0.741650,-14.540921,0.121950,29.259666,1.987007
8009,1.168564,0.724199,nan,0.121950,nan,2.732700
8010,0.917290,0.636350,-14.725245,0.121934,28.515366,2.259846
8011,0.826651,0.700216,nan,0.121934,nan,2.047480
8012,0.753836,0.717979,-14.146667,0.121919,27.568495,1.926760
8013,0.963433,0.616276,nan,0.121919,nan,2.349647
8014,0.889289,0.779959,-15.820211,0.121903,28.036247,2.193513
8015,0.521481,0.630944,nan,0.121903,nan,1.427393
8016,0.585724,0.613451,-13.655658,0.121888,27.581125,1.554399
8017,0.598992,0.604558,nan,0.121888,nan,1.591908
8018,0.639607,0.891047,-13.963522,0.121872,27.046341,1.671029
8019,0.872173,0.726187,nan,0.121872,nan,2.156868
8020,0.882922,0.726683,-14.959129,0.121857,28.798035,2.189929
8021,0.885546,0.950200,nan,0.121857,nan,2.198685
8022,0.608765,0.857127,-14.618073,0.121842,27.395454,1.627223
8023,0.821712,0.994720,nan,0.121842,nan,2.055088
8024,0.597934,0.888019,-14.096980,0.121826,27.814186,1.608105
8025,0.494709,0.746431,nan,0.121826,nan,1.369749
8026,0.678891,0.874367,-14.503015,0.121811,27.655008,1.776922
8027,1.099452,1.154013,nan,0.121811,nan,2.628852
8028,0.621525,0.822020,-14.704593,0.121796,28.109562,1.630515
8029,0.702056,0.707353,nan,0.121796,nan,1.805551
8030,0.813787,1.192421,-13.910286,0.121780,30.078051,1.998879
8031,0.661817,0.711465,nan,0.121780,nan,1.752121
8032,1.553726,0.800310,-14.422633,0.121765,29.299942,3.541196
8033,0.932392,0.926328,nan,0.121765,nan,2.270053
8034,0.809644,0.837181,-14.826895,0.121750,28.294512,2.016094
8035,0.707845,0.763355,nan,0.121750,nan,1.817856
8036,0.803023,0.495558,-14.372545,0.121734,29.452522,2.014511
8037,0.658624,0.773160,nan,0.121734,nan,1.671733
8038,0.612225,0.497367,-14.769224,0.121719,26.762711,1.620607
8039,0.718500,0.883588,nan,0.121719,nan,1.829658
8040,0.534151,0.548140,-14.501589,0.121703,26.637245,1.433400
8041,0.992294,0.654271,nan,0.121703,nan,2.429701
8042,0.496493,0.555096,-14.855686,0.121688,28.858898,1.399458
8043,0.427330,0.342749,nan,0.121688,nan,1.216627
8044,0.787410,0.617369,-14.603125,0.121673,29.246868,1.982439
8045,1.585905,0.699289,nan,0.121673,nan,3.624008
8046,1.345874,0.606757,-14.785832,0.121657,28.262142,3.142246
8047,0.355812,0.548156,nan,0.121657,nan,1.095013
8048,0.932626,0.967075,-13.711287,0.121642,27.961113,2.293839
8049,0.743863,0.910435,nan,0.121642,nan,1.892817
8050,0.803359,1.038218,-16.554205,0.121627,29.067579,1.981568
8051,2.005372,0.894941,nan,0.121627,nan,4.478848
8052,1.166311,0.925731,-16.542458,0.121611,27.228790,2.776352
8053,0.741665,1.133587,nan,0.121611,nan,1.870479
8054,0.551066,0.581150,-13.914178,0.121596,30.045319,1.513235
8055,0.481120,0.696776,nan,0.121596,nan,1.312181
8056,0.698945,0.976981,-16.105320,0.121581,27.428436,1.821402
8057,1.396902,1.035766,nan,0.121581,nan,3.240447
8058,2.098551,1.549042,-16.519016,0.121565,27.998465,4.679825
8059,0.926392,1.352278,nan,0.121565,nan,2.298545
8060,0.798205,1.507298,-13.635569,0.121550,29.515039,2.000775
8061,0.783579,0.869020,nan,0.121550,nan,1.982339
8062,0.912913,1.404366,-11.333382,0.121535,27.601837,2.274486
8063,0.725601,1.748710,nan,0.121535,nan,1.840758
8064,0.691388,1.318839,-14.836615,0.121519,28.443153,1.781993
8065,0.986949,0.760355,nan,0.121519,nan,2.411716
8066,0.734521,0.894407,-13.763287,0.121504,27.931873,1.862910
8067,1.020321,0.848896,nan,0.121504,nan,2.485646
8068,0.699295,0.518178,-14.168627,0.121489,27.228128,1.833418
8069,1.076632,0.697102,nan,0.121489,nan,2.584467
8070,2.075078,0.759236,-14.645439,0.121474,29.002430,4.550452
8071,0.640625,0.652037,nan,0.121474,nan,1.672525
8072,1.455579,1.043165,-14.162935,0.121458,28.959290,3.336046
8073,1.015867,0.629875,nan,0.121458,nan,2.481525
8074,0.699404,0.698791,-16.272974,0.121443,28.022007,1.785862
8075,0.994721,0.444484,nan,0.121443,nan,2.446470
8076,1.691379,0.744423,-15.226715,0.121428,30.412529,3.849416
8077,1.410799,0.826521,nan,0.121428,nan,3.291015
8078,0.837486,0.488175,-14.183870,0.121412,28.433537,2.138414
8079,0.793840,0.694261,nan,0.121412,nan,2.008866
8080,1.227581,0.826332,-15.038618,0.121397,28.076237,2.908831
8081,0.873548,0.854159,nan,0.121397,nan,2.173177
8082,0.842981,0.780704,-15.337540,0.121382,24.530643,2.107608
8083,0.839656,0.815552,nan,0.121382,nan,2.097763
8084,0.781284,0.717285,-15.120162,0.121367,28.032021,1.973301
8085,0.868382,0.830723,nan,0.121367,nan,2.143636
8086,0.645873,0.628168,-14.823104,0.121352,28.635693,1.678865
8087,2.451898,0.610559,nan,0.121352,nan,5.310441
8088,1.375035,0.834221,-15.076550,0.121336,30.494560,3.160750
8089,0.791151,0.878600,nan,0.121336,nan,1.974594
8090,0.735862,0.685293,-14.329630,0.121321,28.608618,1.868291
8091,1.025112,0.822962,nan,0.121321,nan,2.452854
8092,0.681151,0.551012,-15.623709,0.121306,26.335098,1.776580
8093,0.704916,0.659412,nan,0.121306,nan,1.793855
8094,0.817047,0.671735,-14.971871,0.121291,29.319977,2.066193
8095,0.614652,0.694342,nan,0.121291,nan,1.647639
8096,0.558678,0.686187,-15.427098,0.121275,27.802900,1.468033
8097,0.993055,0.829050,nan,0.121275,nan,2.427640
8098,0.636070,0.546133,-14.839462,0.121260,28.598379,1.677132
8099,0.837292,0.604908,nan,0.121260,nan,2.113232
8100,0.724892,0.448629,-13.600554,0.121245,29.092606,1.889414
8101,0.437588,0.561178,nan,0.121245,nan,1.248493
8102,0.874275,0.793173,-16.821289,0.121230,27.611668,2.169798
8103,3.051881,1.078960,nan,0.121230,nan,6.598591
8104,5.530401,1.242866,-13.993683,0.121215,26.460146,11.524834
8105,0.901416,1.923319,nan,0.121215,nan,2.270828
8106,0.811386,1.563993,-14.522343,0.121200,30.582829,2.026700
8107,0.997412,1.686310,nan,0.121200,nan,2.444730
8108,0.898523,0.703570,-15.134631,0.121184,29.285267,2.242976
8109,1.015826,0.900289,nan,0.121184,nan,2.503411
8110,1.153721,1.281157,-14.154250,0.121169,26.730473,2.781126
8111,0.730159,0.650486,nan,0.121169,nan,1.891652
8112,0.929392,0.833544,-15.579733,0.121154,28.310472,2.267609
8113,0.365142,0.868590,nan,0.121154,nan,1.076158
8114,0.542529,0.672274,-14.718307,0.121139,28.444820,1.463117
8115,0.824946,0.554102,nan,0.121139,nan,2.085700
8116,1.099504,1.282065,-14.274370,0.121124,28.761015,2.634300
8117,0.848038,0.827214,nan,0.121124,nan,2.123851
8118,0.713936,0.661894,-14.086265,0.121109,27.577702,1.892733
8119,2.430773,0.604663,nan,0.121109,nan,5.329565
8120,8.281577,1.129255,-6.228590,0.121094,29.011869,17.045107
8121,2.955921,1.176564,nan,0.121094,nan,6.362631
8122,0.753551,1.039858,-14.163933,0.121078,27.296059,1.910930
8123,1.353382,1.076612,nan,0.121078,nan,3.136125
8124,0.946382,0.730534,-14.349679,0.121063,29.343187,2.335209
8125,0.966181,0.814431,nan,0.121063,nan,2.332999
8126,0.984666,1.308578,-15.723422,0.121048,28.405621,2.414791
8127,0.752134,0.609503,nan,0.121048,nan,1.894150
8128,0.617102,0.653534,-15.497242,0.121033,29.667622,1.603367
8129,1.235141,1.309338,nan,0.121033,nan,2.880310
8130,0.558823,0.620093,-15.017269,0.121018,29.781763,1.502270
8131,0.810006,0.860385,nan,0.121018,nan,2.028578
8132,0.891252,0.769146,-16.101181,0.121002,31.506966,2.133535
8133,0.900958,1.022287,nan,0.121002,nan,2.180001
8134,1.012523,0.924591,-14.873540,0.120987,28.628098,2.442047
8135,0.715553,0.792495,nan,0.120987,nan,1.815449
8136,0.811025,0.977415,-16.390190,0.120972,31.542856,2.025083
8137,0.938035,0.861291,nan,0.120972,nan,2.305084
8138,0.700797,0.743611,-15.377876,0.120956,31.673077,1.768230
8139,1.052641,0.709484,nan,0.120956,nan,2.544117
8140,0.734154,0.672838,-15.417477,0.120941,28.874840,1.910516
8141,3.452040,0.891973,nan,0.120941,nan,7.382123
8142,5.394684,0.709631,-10.144942,0.120925,30.010458,11.266994
8143,2.187784,0.717278,nan,0.120925,nan,4.865294
8144,0.746266,0.760267,-14.582431,0.120909,29.670147,1.922148
8145,0.772506,0.468363,nan,0.120909,nan,1.990225
8146,1.384110,0.774876,-15.653663,0.120894,29.493881,3.221166
8147,0.749937,0.945457,nan,0.120894,nan,1.930764
8148,1.125056,0.957531,-16.023952,0.120878,28.451111,2.709394
8149,1.152866,0.819238,nan,0.120878,nan,2.793217
8150,0.875577,0.599305,-15.364824,0.120863,30.155113,2.182627
8151,0.723418,0.475133,nan,0.120863,nan,1.867084
8152,0.782742,0.711759,-15.673721,0.120847,30.469707,1.978570
8153,0.788781,0.498598,nan,0.120847,nan,2.023053
8154,0.932901,0.536661,-15.790369,0.120832,29.891478,2.263201
8155,0.667647,0.611516,nan,0.120832,nan,1.750367
8156,0.628798,0.653357,-14.763021,0.120816,28.808056,1.639335
8157,0.703141,0.765371,nan,0.120816,nan,1.784785
8158,0.753956,0.544835,-15.151374,0.120801,28.835888,1.912498
8159,1.606168,0.924225,nan,0.120801,nan,3.641656
8160,0.641496,0.746066,-15.668262,0.120785,29.763161,1.655316
8161,0.578647,0.498413,nan,0.120785,nan,1.531120
8162,0.490804,0.566494,-15.800398,0.120769,30.105320,1.390939
8163,1.930964,0.769180,nan,0.120769,nan,4.312173
8164,1.914459,0.956875,-17.361969,0.120754,29.006924,4.264974
8165,0.767402,0.788250,nan,0.120754,nan,1.952598
8166,0.785381,0.788762,-14.877256,0.120738,29.716066,1.991449
8167,0.978546,0.922216,nan,0.120738,nan,2.418152
8168,0.938590,1.015235,-16.901844,0.120723,30.322704,2.316511
8169,1.702712,1.150754,nan,0.120723,nan,3.864238
8170,2.093139,0.980054,-16.967838,0.120707,29.545719,4.653931
8171,1.296798,1.404597,nan,0.120707,nan,3.021261
8172,1.048859,1.020807,-14.152767,0.120692,28.958796,2.516083
8173,0.966808,1.346714,nan,0.120692,nan,2.364287
8174,1.264646,0.926463,-13.381231,0.120677,26.327759,2.984514
8175,0.687784,0.703052,nan,0.120677,nan,1.779265
8176,0.694153,0.707093,-16.776089,0.120661,29.527298,1.790680
8177,1.442757,0.639858,nan,0.120661,nan,3.368582
8178,2.113478,0.794515,-17.108765,0.120646,29.248394,4.706878
8179,1.095739,0.965055,nan,0.120646,nan,2.627789
8180,0.612882,0.742689,-14.330960,0.120630,29.621082,1.561472
8181,1.209406,0.759962,nan,0.120630,nan,2.869879
8182,1.260333,1.162138,-14.000744,0.120615,29.702179,2.997036
8183,1.024687,1.101339,nan,0.120615,nan,2.471987
8184,1.212250,0.800029,-17.616081,0.120600,29.824772,2.902614
8185,1.405092,1.070012,nan,0.120600,nan,3.253693
8186,1.244656,1.148744,-17.498667,0.120584,30.035999,2.930580
8187,0.843614,0.761083,nan,0.120584,nan,2.110961
8188,0.727130,0.610269,-13.691824,0.120569,28.193672,1.876953
8189,0.975921,0.754002,nan,0.120569,nan,2.425011
8190,1.510915,0.969813,-14.797178,0.120554,28.485676,3.467520
8191,0.898357,0.915179,nan,0.120554,nan,2.185809
8192,1.079402,0.846986,-14.844595,0.120538,31.357496,2.581774
8193,1.520506,0.982428,nan,0.120538,nan,3.467273
8194,0.790083,0.864275,-16.052677,0.120523,31.250639,1.962294
8195,0.846556,0.993757,nan,0.120523,nan,2.086119
8196,0.768124,0.835630,-14.231847,0.120507,26.131016,1.935489
8197,1.600179,1.142532,nan,0.120507,nan,3.667030
8198,0.862254,0.788905,-14.182478,0.120492,29.398359,2.189186
8199,0.711096,0.809629,nan,0.120492,nan,1.824695
8200,0.607333,0.623209,-15.195478,0.120477,29.295937,1.591575
8201,0.694989,1.030886,nan,0.120477,nan,1.771953
8202,0.804926,1.052564,-16.332878,0.120462,30.722136,1.989342
8203,0.917418,1.029643,nan,0.120462,nan,2.240460
8204,0.763546,0.884492,-14.374552,0.120446,28.343029,1.927447
8205,1.020271,1.162001,nan,0.120446,nan,2.489574
8206,0.387454,0.537872,-16.518532,0.120431,31.030386,1.147977
8207,1.793317,0.916928,nan,0.120431,nan,4.044894
8208,2.459660,1.329357,-16.403934,0.120415,30.321009,5.397608
8209,0.796335,1.527573,nan,0.120415,nan,1.972700
8210,0.787094,1.144913,-13.945799,0.120400,29.595329,1.986013
8211,1.243800,1.044618,nan,0.120400,nan,2.923244
8212,0.668669,0.774178,-16.525297,0.120385,30.118719,1.743066
8213,1.647390,1.313376,nan,0.120385,nan,3.788402
8214,1.123187,0.827494,-17.791979,0.120369,30.161644,2.670437
8215,1.114518,0.769714,nan,0.120369,nan,2.649851
8216,0.851332,0.583025,-14.547017,0.120354,29.177887,2.145826
8217,1.034243,0.783921,nan,0.120354,nan,2.511798
8218,1.106007,0.778436,-13.853472,0.120338,29.169937,2.626696
8219,0.870726,0.618726,nan,0.120338,nan,2.171729
8220,0.658916,0.637705,-15.853466,0.120323,30.178604,1.727455
8221,1.089657,0.745476,nan,0.120323,nan,2.619877
8222,1.113623,1.152505,-15.892823,0.120308,30.507740,2.686410
8223,0.546374,0.563732,nan,0.120308,nan,1.494716
8224,0.835868,0.638244,-14.784399,0.120292,29.931086,2.078502
8225,1.104520,1.216726,nan,0.120292,nan,2.650409
8226,0.690849,0.508727,-14.059663,0.120277,29.281506,1.785599
8227,1.005966,0.934914,nan,0.120277,nan,2.456818
8228,0.818606,1.079059,-16.309929,0.120261,31.091103,2.029729
8229,0.738052,0.746511,nan,0.120261,nan,1.843558
8230,0.564394,0.609350,-15.236726,0.120246,30.864706,1.493440
8231,0.807963,0.903244,nan,0.120246,nan,2.039320
8232,0.619023,0.639149,-16.678001,0.120230,28.950010,1.618260
8233,1.400548,1.078354,nan,0.120230,nan,3.274587
8234,0.986079,0.896662,-17.190905,0.120215,30.107937,2.414564
8235,0.988550,1.042835,nan,0.120215,nan,2.407486
8236,0.774402,0.828558,-14.547314,0.120199,30.813730,1.990370
8237,0.850429,0.937600,nan,0.120199,nan,2.117750
8238,0.542443,0.514323,-14.318518,0.120184,29.874382,1.498164
8239,0.911116,0.708766,nan,0.120184,nan,2.279672
8240,0.569658,0.481935,-11.816346,0.120169,28.406103,1.570130
8241,8.777722,1.056995,nan,0.120169,nan,18.049126
8242,6.503171,0.793911,-15.017138,0.120153,29.267616,13.482098
8243,0.701026,0.941914,nan,0.120153,nan,1.809605
8244,0.562856,0.621855,-14.626854,0.120138,30.714830,1.544032
8245,0.553168,0.722918,nan,0.120138,nan,1.512172
8246,0.717305,0.724121,-17.960571,0.120122,30.410362,1.852427
8247,1.167070,1.115602,nan,0.120122,nan,2.800333
8248,1.260627,1.601594,-17.025070,0.120107,29.661446,2.973675
8249,0.641060,0.878513,nan,0.120107,nan,1.692340
8250,0.556852,0.570355,-13.621850,0.120092,30.892372,1.538043
8251,0.872566,0.890049,nan,0.120092,nan,2.173975
8252,1.389405,1.054418,-16.210224,0.120076,30.345581,3.221417
8253,1.476483,0.936624,nan,0.120076,nan,3.451310
8254,2.485579,0.901514,-15.580734,0.120061,30.370644,5.435844
8255,1.333306,1.091586,nan,0.120061,nan,3.138801
8256,0.734568,0.847471,-15.173926,0.120045,29.779907,1.848244
8257,0.514728,0.667447,nan,0.120045,nan,1.413773
8258,0.750335,0.880267,-16.877190,0.120030,29.541569,1.922760
8259,2.787457,1.186587,nan,0.120030,nan,6.074279
8260,4.545275,1.570259,-14.905798,0.120015,30.789394,9.546989
8261,1.485616,1.754818,nan,0.120015,nan,3.443044
8262,0.755151,1.426227,-15.729691,0.119999,28.416641,1.897931
8263,0.739914,0.978878,nan,0.119999,nan,1.902859
8264,0.841608,0.693289,-12.713636,0.119984,30.598282,2.130969
8265,1.146212,1.391693,nan,0.119984,nan,2.732187
8266,0.694659,0.782788,-15.894009,0.119968,27.624269,1.817801
8267,1.154913,0.905252,nan,0.119968,nan,2.762849
8268,1.338922,1.002115,-16.696529,0.119953,29.437279,3.168030
8269,0.871056,0.617793,nan,0.119953,nan,2.195889
8270,0.695720,0.710557,-13.409924,0.119938,27.771790,1.791608
8271,1.114962,0.623806,nan,0.119938,nan,2.689480
8272,1.530028,0.754604,-14.761209,0.119923,31.621437,3.537259
8273,3.484448,0.980227,nan,0.119923,nan,7.400808
8274,4.305361,0.724767,-11.981373,0.119908,27.937794,9.021657
8275,0.873411,0.802521,nan,0.119908,nan,2.136165
8276,1.470352,1.288445,-13.652736,0.119893,29.409878,3.393196
8277,0.972588,0.816940,nan,0.119893,nan,2.360405
8278,0.787992,0.809138,-16.722256,0.119877,29.817780,1.997507
8279,1.798252,0.916984,nan,0.119877,nan,4.083780
8280,3.882971,1.161911,-15.404559,0.119862,27.594387,8.232726
8281,1.567271,0.786588,nan,0.119862,nan,3.574719
8282,1.303882,0.695358,-15.606677,0.119847,30.695210,3.058272
8283,0.934230,0.777768,nan,0.119847,nan,2.283675
8284,1.373496,0.941272,-16.613237,0.119832,31.779310,3.162724
8285,1.186534,0.943191,nan,0.119832,nan,2.828090
8286,0.974455,0.611369,-15.406206,0.119817,30.178612,2.361999
8287,1.063183,1.026348,nan,0.119817,nan,2.526245
8288,1.134893,0.751970,-16.817154,0.119802,30.811579,2.673779
8289,1.219522,0.848597,nan,0.119802,nan,2.831666
8290,1.183110,0.987649,-14.331258,0.119786,28.859482,2.825607
8291,0.978238,0.870884,nan,0.119786,nan,2.382523
8292,0.741270,0.648615,-15.361105,0.119771,29.025139,1.883307
8293,1.227278,1.299782,nan,0.119771,nan,2.845785
8294,0.766104,1.310966,-16.096928,0.119756,29.962357,1.932410
8295,1.064990,0.969481,nan,0.119756,nan,2.588384
8296,0.922531,0.804191,-13.656536,0.119741,30.248074,2.263587
8297,0.623400,1.179880,nan,0.119741,nan,1.638555
8298,0.955438,1.058018,-15.439887,0.119726,30.286013,2.333490
8299,1.219273,0.811948,nan,0.119726,nan,2.887384
8300,1.733866,1.078317,-16.111435,0.119710,31.594028,3.932546
8301,1.057946,1.350102,nan,0.119710,nan,2.561394
8302,0.709282,1.193444,-14.406044,0.119695,28.391720,1.843138
8303,0.766289,0.814789,nan,0.119695,nan,1.976419
8304,0.844955,1.159672,-15.581114,0.119680,30.803944,2.112911
8305,0.995978,0.769740,nan,0.119680,nan,2.428903
8306,0.954003,0.759831,-14.807631,0.119665,28.900593,2.357311
8307,0.762918,0.663425,nan,0.119665,nan,1.956878
8308,0.903134,0.812092,-16.102245,0.119650,30.743397,2.210532
8309,2.531958,1.048861,nan,0.119650,nan,5.530937
8310,4.369361,0.894379,-11.221942,0.119634,30.782936,9.208990
8311,2.696090,0.971352,nan,0.119634,nan,5.853979
8312,1.121023,0.829893,-14.560669,0.119619,28.906122,2.705778
8313,0.567263,0.676834,nan,0.119619,nan,1.535972
8314,1.574431,0.909439,-15.071682,0.119604,29.316624,3.586932
8315,0.959496,1.454940,nan,0.119604,nan,2.361198
8316,0.937212,1.396002,-15.032433,0.119589,30.101355,2.299058
8317,1.068356,1.023773,nan,0.119589,nan,2.535089
8318,0.923353,0.772410,-16.936031,0.119574,30.573042,2.257600
8319,0.883280,0.996068,nan,0.119574,nan,2.188746
8320,1.009383,0.766650,-12.455560,0.119559,29.261530,2.461623
8321,1.092106,1.619924,nan,0.119559,nan,2.572048
8322,1.098149,1.445495,-14.370357,0.119543,29.627417,2.629201
8323,0.726369,0.659736,nan,0.119543,nan,1.862413
8324,0.765695,0.721122,-15.259817,0.119528,29.571091,1.921662
8325,0.687653,0.569947,nan,0.119528,nan,1.764399
8326,0.914157,1.043477,-13.762699,0.119513,28.118313,2.233570
8327,0.677809,0.643417,nan,0.119513,nan,1.743638
8328,0.901320,0.986079,-15.782885,0.119498,27.857250,2.189232
8329,0.871945,1.082265,nan,0.119498,nan,2.132188
8330,0.712998,0.670823,-13.257668,0.119483,29.060570,1.803078
8331,0.817356,1.110364,nan,0.119483,nan,2.054970
8332,0.913371,1.200273,-15.247938,0.119468,28.872131,2.252110
8333,2.793980,1.028433,nan,0.119468,nan,6.025238
8334,2.069193,0.783397,-14.372753,0.119454,30.288097,4.578226
8335,0.804140,0.977825,nan,0.119454,nan,2.011302
8336,0.598101,0.761388,-14.536095,0.119439,28.928459,1.576304
8337,0.875376,1.009706,nan,0.119439,nan,2.134042
8338,0.717437,0.730870,-15.854539,0.119424,29.017487,1.831255
8339,1.108694,1.048267,nan,0.119424,nan,2.663097
8340,0.813586,0.838315,-15.554708,0.119409,30.243313,2.034923
8341,0.734903,0.624787,nan,0.119409,nan,1.878049
8342,0.807572,1.202218,-14.048123,0.119394,31.229603,1.998364
8343,1.209256,1.267794,nan,0.119394,nan,2.818339
8344,1.199136,0.796506,-14.286540,0.119379,29.231157,2.821314
8345,0.928955,1.125028,nan,0.119379,nan,2.256887
8346,1.141800,1.096424,-14.805058,0.119364,29.098045,2.686897
8347,0.681013,0.840420,nan,0.119364,nan,1.757913
8348,0.841350,1.005034,-15.866440,0.119349,30.534599,2.099085
8349,1.119421,0.970419,nan,0.119349,nan,2.676921
8350,0.958058,0.851305,-14.552221,0.119334,31.732187,2.364183
8351,0.732085,0.842847,nan,0.119334,nan,1.863222
8352,1.010340,0.901703,-15.487676,0.119319,29.935730,2.449872
8353,0.704766,1.111932,nan,0.119319,nan,1.723349
8354,0.330830,1.145559,-14.581615,0.119304,29.492195,0.997718
8355,0.570649,0.630836,nan,0.119304,nan,1.488636
8356,0.535019,0.757198,-14.062049,0.119289,28.577061,1.448043
8357,0.918479,0.610452,nan,0.119289,nan,2.250410
8358,1.315380,0.875437,-15.651821,0.119274,30.769466,3.096779
8359,1.080498,0.895234,nan,0.119274,nan,2.604121
8360,0.686497,0.431572,-14.423056,0.119259,29.706526,1.760310
8361,1.299334,1.186508,nan,0.119259,nan,2.993889
8362,1.039621,0.854789,-16.268711,0.119244,31.398556,2.504029
8363,0.768854,0.670856,nan,0.119244,nan,1.928998
8364,0.925342,0.989842,-14.227170,0.119229,29.916370,2.229667
8365,0.610813,0.607208,nan,0.119229,nan,1.587759
8366,0.775002,0.899637,-15.791984,0.119214,31.795412,1.953802
8367,1.007061,0.956735,nan,0.119214,nan,2.405681
8368,0.633941,0.632013,-14.794130,0.119199,31.747475,1.615085
8369,0.986173,0.865119,nan,0.119199,nan,2.383380
8370,0.787627,0.915946,-16.150331,0.119183,30.498817,1.959392
8371,1.229305,0.839995,nan,0.119183,nan,2.887149
8372,0.976403,0.852645,-14.535740,0.119168,30.171829,2.378883
8373,0.904913,1.036110,nan,0.119168,nan,2.209801
8374,0.935867,0.957059,-15.908821,0.119153,29.902443,2.264776
8375,1.166696,0.911615,nan,0.119153,nan,2.812655
8376,1.792965,1.177232,-16.291309,0.119138,32.303650,4.076650
8377,0.781931,1.014504,nan,0.119138,nan,2.001731
8378,1.006511,0.885413,-14.393913,0.119123,30.764854,2.378831
8379,1.160191,1.015978,nan,0.119123,nan,2.678342
8380,0.695924,0.700201,-15.795336,0.119107,31.247501,1.738544
8381,1.805402,1.090750,nan,0.119107,nan,4.072465
8382,2.322801,0.985657,-15.300270,0.119092,30.334877,5.100499
8383,1.097020,0.647623,nan,0.119092,nan,2.656358
8384,0.932584,1.049258,-14.146648,0.119077,31.647928,2.274174
8385,1.093420,0.893257,nan,0.119077,nan,2.580374
8386,0.761295,0.942599,-15.330454,0.119062,29.524513,1.861655
8387,1.371397,1.312521,nan,0.119062,nan,3.189512
8388,0.868830,0.599022,-11.360539,0.119047,30.485149,2.152380
8389,1.050314,1.988901,nan,0.119047,nan,2.551837
8390,0.765307,1.475601,-12.976892,0.119031,30.565571,1.947447
8391,0.727263,0.556851,nan,0.119031,nan,1.869062
8392,1.027486,0.706026,-13.222017,0.119016,30.710943,2.483115
8393,1.104578,1.049896,nan,0.119016,nan,2.610312
8394,0.669872,0.955606,-13.788811,0.119001,31.416401,1.715596
8395,0.734950,0.895720,nan,0.119001,nan,1.864947
8396,0.621298,0.676517,-14.386847,0.118986,30.459599,1.609991
8397,1.033467,1.189874,nan,0.118986,nan,2.478312
8398,0.805655,0.992235,-14.499296,0.118970,29.805561,2.019526
8399,1.115492,1.192221,nan,0.118970,nan,2.663269
8400,0.774829,0.800209,-14.654230,0.118955,29.492092,1.973464
8401,0.853100,1.141880,nan,0.118955,nan,2.055465
8402,0.595391,0.651572,-12.534494,0.118940,29.798395,1.597031
8403,1.315873,1.180761,nan,0.118940,nan,3.089602
8404,1.113626,0.738337,-15.003696,0.118925,31.572603,2.658255
8405,1.420417,1.213979,nan,0.118925,nan,3.253968
8406,2.211714,1.859187,-15.111396,0.118910,30.912750,4.878743
8407,1.055209,1.158486,nan,0.118910,nan,2.539425
8408,1.050742,0.823817,-12.884640,0.118895,28.086786,2.560015
8409,0.893366,0.760214,nan,0.118895,nan,2.220019
8410,1.323301,1.099047,-15.923812,0.118880,30.845654,3.089860
8411,0.847478,0.788685,nan,0.118880,nan,2.134678
8412,1.337306,1.100600,-13.159309,0.118865,30.420486,3.135724
8413,0.809702,1.313681,nan,0.118865,nan,2.066534
8414,1.134167,1.692376,-14.398039,0.118850,31.160831,2.685731
8415,1.285162,0.799299,nan,0.118850,nan,3.017287
8416,1.572654,0.816321,-14.200510,0.118835,32.342758,3.581717
8417,0.795768,0.940908,nan,0.118835,nan,1.997980
8418,1.163055,1.265008,-12.323088,0.118819,29.563089,2.740850
8419,1.359722,1.508098,nan,0.118819,nan,3.123392
8420,0.692597,0.748329,-14.801790,0.118804,29.322533,1.752270
8421,1.717541,1.241957,nan,0.118804,nan,3.894329
8422,1.699039,1.045108,-14.838356,0.118789,30.018291,3.856879
8423,1.605438,1.043150,nan,0.118789,nan,3.674277
8424,1.363567,1.407816,-13.801657,0.118774,30.524382,3.201786
8425,1.248139,1.100659,nan,0.118774,nan,2.906297
8426,1.208416,1.207329,-14.073133,0.118759,30.660334,2.835193
8427,1.401113,1.423744,nan,0.118759,nan,3.229861
8428,0.575681,0.595312,-14.138567,0.118744,32.611805,1.566432
8429,1.123243,1.011145,nan,0.118744,nan,2.688627
8430,1.069048,0.858408,-14.602732,0.118729,30.559332,2.559083
8431,1.335312,1.097982,nan,0.118729,nan,3.065620
8432,0.750139,1.029235,-14.732887,0.118714,32.415424,1.856247
8433,0.704952,0.740975,nan,0.118714,nan,1.830048
8434,1.023152,0.946598,-14.345167,0.118699,30.346853,2.465592
8435,0.974408,0.772257,nan,0.118699,nan,2.364579
8436,0.768801,0.590006,-14.353924,0.118684,32.115170,1.944297
8437,1.041543,1.084993,nan,0.118684,nan,2.483071
8438,1.073340,1.201991,-13.319877,0.118668,30.199097,2.527291
8439,1.068977,0.776495,nan,0.118668,nan,2.547111
8440,1.239722,1.061188,-14.463979,0.118653,30.343109,2.893115
8441,1.427664,1.372262,nan,0.118653,nan,3.253618
8442,1.227825,1.079577,-15.018438,0.118638,30.037270,2.894818
8443,0.548923,0.418431,nan,0.118638,nan,1.462569
8444,0.834531,0.586614,-14.612309,0.118623,32.113304,2.054451
8445,1.076869,0.937701,nan,0.118623,nan,2.538886
8446,0.491861,0.658133,-14.499733,0.118608,32.564568,1.354039
8447,1.559930,1.063299,nan,0.118608,nan,3.573043
8448,1.571198,0.920284,-15.117727,0.118593,30.297802,3.575506
8449,1.882448,1.242957,nan,0.118593,nan,4.149602
8450,0.857951,1.107746,-13.212008,0.118577,30.860090,2.128857
8451,1.260435,0.889469,nan,0.118577,nan,2.909466
8452,0.739690,0.643617,-15.571913,0.118562,30.617937,1.897173
8453,1.682796,1.226046,nan,0.118562,nan,3.804146
8454,1.049762,0.704551,-13.761380,0.118547,30.521690,2.537563
8455,1.051271,1.378941,nan,0.118547,nan,2.500221
8456,1.039340,1.023872,-15.507860,0.118532,30.124640,2.465075
8457,1.080557,1.204339,nan,0.118532,nan,2.564750
8458,0.601642,1.107125,-14.671654,0.118517,30.508408,1.587052
8459,1.212543,0.926509,nan,0.118517,nan,2.854053
8460,1.498878,0.814999,-14.087038,0.118502,30.748169,3.400596
8461,2.227210,1.892506,nan,0.118502,nan,4.879749
8462,0.865667,1.234741,-14.621169,0.118487,29.822012,2.138014
8463,0.824417,0.897023,nan,0.118487,nan,2.075130
8464,1.980168,1.343664,-11.008745,0.118472,29.539761,4.358010
8465,1.211308,0.991490,nan,0.118472,nan,2.839410
8466,1.355767,1.136134,-15.597321,0.118457,33.703407,3.147791
8467,2.197822,1.013696,nan,0.118457,nan,4.854989
8468,2.671286,1.555495,-14.672638,0.118442,31.578413,5.818759
8469,2.174642,1.073407,nan,0.118442,nan,4.807556
8470,1.712449,0.741413,-13.938187,0.118427,30.589943,3.871837
8471,0.700034,0.560485,nan,0.118427,nan,1.812482
8472,1.308089,0.878289,-13.293595,0.118412,31.455555,3.070315
8473,1.153624,1.485425,nan,0.118412,nan,2.720685
8474,1.353851,1.129664,-13.878305,0.118396,30.981522,3.093949
8475,1.227465,1.027110,nan,0.118396,nan,2.896345
8476,1.399955,1.783616,-12.074627,0.118381,30.323242,3.218246
8477,1.218372,1.070170,nan,0.118381,nan,2.860218
8478,1.166642,0.794614,-13.519492,0.118366,30.068222,2.727985
8479,1.081573,0.946868,nan,0.118366,nan,2.570735
8480,0.835415,0.972009,-13.836096,0.118351,29.542274,2.091396
8481,1.207995,0.826594,nan,0.118351,nan,2.804915
8482,0.812094,0.831683,-14.581767,0.118336,31.704296,2.003767
8483,1.336979,1.368931,nan,0.118336,nan,3.145035
8484,1.049280,0.981920,-13.671200,0.118322,28.516209,2.583586
8485,1.525280,0.776985,nan,0.118322,nan,3.521833
8486,1.173453,1.012890,-12.608409,0.118307,32.220894,2.793087
8487,1.125401,1.124659,nan,0.118307,nan,2.689544
8488,1.284060,0.951040,-14.263178,0.118292,30.204014,3.001890
8489,0.970888,1.089975,nan,0.118292,nan,2.359737
8490,0.814986,0.841227,-13.803602,0.118277,31.110863,2.053192
8491,1.458705,1.528844,nan,0.118277,nan,3.377300
8492,1.129029,1.049607,-15.086851,0.118262,30.381907,2.751345
8493,1.096778,0.836277,nan,0.118262,nan,2.647977
8494,0.816873,0.973946,-13.075516,0.118247,30.339664,2.068584
8495,2.718595,1.310982,nan,0.118247,nan,5.895750
8496,1.790440,1.067513,-13.970385,0.118232,29.961472,4.064091
8497,0.776695,0.756439,nan,0.118232,nan,1.959173
8498,0.926136,0.686625,-13.782988,0.118217,29.164536,2.296671
8499,1.181821,0.722555,nan,0.118217,nan,2.838505
8500,1.073264,0.767872,-14.900234,0.118202,31.790264,2.594040
8501,1.058994,0.936392,nan,0.118202,nan,2.553427
8502,0.988427,0.885223,-13.500365,0.118187,31.234083,2.411939
8503,1.620329,0.854824,nan,0.118187,nan,3.702049
8504,1.969403,1.035736,-12.761415,0.118172,31.870586,4.417971
8505,1.215437,1.094601,nan,0.118172,nan,2.891411
8506,1.700816,1.269804,-11.824505,0.118158,31.689182,3.828505
8507,2.024590,1.440608,nan,0.118158,nan,4.528497
8508,1.178264,0.766409,-15.239727,0.118143,30.836966,2.796472
8509,1.602764,1.147869,nan,0.118143,nan,3.628271
8510,1.484375,1.148623,-13.811375,0.118128,32.047623,3.387779
8511,0.829391,0.704595,nan,0.118128,nan,2.064952
8512,0.959177,0.837131,-13.644646,0.118113,31.571356,2.317478
8513,0.768935,0.705279,nan,0.118113,nan,1.918630
8514,1.388663,0.719745,-12.437994,0.118098,30.844532,3.180460
8515,1.190677,0.950793,nan,0.118098,nan,2.807801
8516,1.285995,1.192959,-12.512096,0.118083,30.120354,2.960497
8517,1.176436,0.905754,nan,0.118083,nan,2.775462
8518,0.891804,0.731381,-14.714233,0.118068,29.166290,2.184772
8519,2.115194,1.198932,nan,0.118068,nan,4.661570
8520,1.099004,0.606617,-12.720869,0.118053,30.452728,2.607356
8521,0.929372,0.722006,nan,0.118053,nan,2.265792
8522,1.157710,0.806525,-13.294528,0.118038,29.254227,2.720620
8523,1.333014,0.985507,nan,0.118038,nan,3.066495
8524,1.081746,0.811092,-14.399886,0.118023,30.780659,2.586298
8525,1.020924,0.908390,nan,0.118023,nan,2.422320
8526,1.174533,0.680332,-15.505775,0.118008,33.878006,2.754599
8527,1.038352,1.099904,nan,0.118008,nan,2.492141
8528,1.157372,0.877846,-14.927967,0.117993,31.773045,2.721990
8529,0.879704,1.046371,nan,0.117993,nan,2.173978
8530,0.868797,0.733528,-12.210682,0.117978,32.465328,2.096421
8531,0.948970,1.077558,nan,0.117978,nan,2.335349
8532,1.076498,1.310266,-11.337971,0.117964,30.047844,2.548609
8533,1.008981,0.924125,nan,0.117964,nan,2.387314
8534,1.133043,1.110791,-13.804061,0.117949,29.859997,2.696177
8535,1.192824,1.134141,nan,0.117949,nan,2.806456
8536,0.916454,1.061828,-13.422751,0.117934,29.704407,2.229782
8537,1.076651,0.913424,nan,0.117934,nan,2.533736
8538,1.384142,1.040645,-14.480915,0.117919,29.171059,3.212420
8539,1.236819,1.006907,nan,0.117919,nan,2.920337
8540,0.919236,0.808678,-13.296273,0.117904,31.849607,2.232401
8541,1.246465,0.905643,nan,0.117904,nan,2.905720
8542,0.874843,0.702337,-13.959015,0.117890,27.665241,2.168260
8543,0.543227,0.605014,nan,0.117890,nan,1.448799
8544,1.106298,1.212166,-15.750557,0.117875,29.035255,2.572619
8545,1.101690,1.263192,nan,0.117875,nan,2.603109
8546,1.145208,0.732614,-12.658134,0.117860,30.675350,2.710164
8547,1.309317,1.210810,nan,0.117860,nan,3.002057
8548,1.447105,0.884076,-12.512014,0.117846,33.245346,3.304146
8549,1.031969,0.768530,nan,0.117846,nan,2.424045
8550,0.924611,0.868952,-14.196976,0.117831,30.808147,2.184611
8551,0.653925,0.593673,nan,0.117831,nan,1.678681
8552,1.216782,1.021455,-15.793783,0.117816,31.716812,2.827213
8553,0.890941,1.030855,nan,0.117816,nan,2.167591
8554,0.576332,0.690214,-14.556019,0.117801,30.499447,1.481055
8555,0.695547,1.021129,nan,0.117801,nan,1.702372
8556,1.027435,0.893828,-15.614626,0.117787,30.180561,2.434702
8557,1.365668,1.371471,nan,0.117787,nan,3.110749
8558,1.034853,1.247975,-14.490043,0.117772,32.052544,2.478305
8559,1.166767,0.808785,nan,0.117772,nan,2.732302
8560,0.840252,1.275490,-13.235699,0.117757,30.537779,2.086353
8561,1.607728,1.434508,nan,0.117757,nan,3.638591
8562,1.420727,0.790868,-14.223231,0.117742,31.118761,3.272621
8563,0.829792,1.074441,nan,0.117742,nan,2.071852
8564,1.312386,1.454857,-15.648167,0.117728,31.721024,3.069246
8565,1.411527,1.250231,nan,0.117728,nan,3.285730
8566,1.476544,1.057906,-14.322580,0.117713,31.294125,3.399182
8567,1.078470,0.846676,nan,0.117713,nan,2.559982
8568,1.262975,0.935776,-15.961773,0.117698,32.840801,2.930996
8569,1.154861,1.652379,nan,0.117698,nan,2.724077
8570,1.086062,1.488402,-13.815500,0.117683,28.679859,2.567702
8571,1.361377,2.110404,nan,0.117683,nan,3.121403
8572,1.246921,1.346843,-14.042020,0.117668,29.967331,2.909330
8573,1.400068,1.680628,nan,0.117668,nan,3.192229
8574,0.858871,1.741622,-15.418296,0.117654,30.550613,2.085911
8575,1.095018,0.932658,nan,0.117654,nan,2.598032
8576,1.352499,1.735934,-11.341236,0.117639,30.004875,3.116140
8577,1.245086,0.861515,nan,0.117639,nan,2.921234
8578,1.108328,0.888015,-15.181778,0.117624,30.074560,2.643956
8579,0.845032,0.894742,nan,0.117624,nan,2.064610
8580,0.987729,0.996306,-14.846731,0.117610,32.122383,2.386333
8581,0.959460,0.935757,nan,0.117610,nan,2.258546
8582,0.618327,0.522787,-13.933477,0.117595,31.958122,1.590147
8583,0.715639,0.581356,nan,0.117595,nan,1.790234
8584,0.919629,0.712494,-15.449028,0.117580,34.153610,2.209137
8585,0.941672,0.967912,nan,0.117580,nan,2.216607
8586,0.941572,0.951946,-15.842407,0.117565,31.850372,2.248580
8587,0.834630,0.656601,nan,0.117565,nan,2.016086
8588,0.616211,0.652296,-13.833416,0.117550,32.307793,1.575801
8589,1.132211,0.960159,nan,0.117550,nan,2.671304
8590,0.899462,0.928599,-13.102728,0.117535,29.737865,2.137636
8591,1.046549,0.861916,nan,0.117535,nan,2.491871
8592,0.596331,0.739568,-13.917836,0.117521,30.763399,1.512385
8593,1.442679,0.998577,nan,0.117521,nan,3.292872
8594,1.160479,0.976861,-14.783096,0.117506,29.308571,2.725097
8595,0.810692,0.771869,nan,0.117506,nan,1.990669
8596,0.721663,0.665445,-13.581295,0.117491,31.511429,1.778042
8597,0.950114,0.825930,nan,0.117491,nan,2.298920
8598,0.800571,0.730359,-14.592160,0.117476,32.019394,1.903544
8599,0.981193,1.031559,nan,0.117476,nan,2.282906
8600,0.835188,0.601327,-13.798163,0.117462,29.847963,2.062721
8601,0.959359,0.852665,nan,0.117462,nan,2.312465
8602,0.849193,0.687513,-14.423527,0.117447,31.887308,2.045663
8603,0.958487,0.858280,nan,0.117447,nan,2.276604
8604,1.172189,0.980949,-15.718387,0.117432,31.379303,2.718397
8605,0.670320,0.950746,nan,0.117432,nan,1.676006
8606,0.950630,0.936536,-13.864276,0.117417,31.670542,2.291350
8607,0.805930,0.683666,nan,0.117417,nan,2.016390
8608,1.147506,0.896389,-15.473358,0.117402,30.796459,2.682881
8609,1.358690,1.170404,nan,0.117402,nan,3.092649
8610,0.826603,0.935043,-13.405122,0.117388,28.929844,1.959930
8611,1.314606,1.461854,nan,0.117388,nan,3.020195
8612,1.112929,0.903548,-14.023172,0.117373,29.149960,2.630762
8613,1.087099,1.057219,nan,0.117373,nan,2.533303
8614,0.807778,1.172337,-13.835823,0.117359,30.388783,1.944294
8615,1.109549,1.075937,nan,0.117359,nan,2.638987
8616,1.259109,0.969208,-15.108495,0.117344,33.265862,2.927739
8617,0.772826,0.841705,nan,0.117344,nan,1.933409
8618,1.131735,1.019656,-13.248926,0.117329,33.040009,2.642328
8619,1.150825,2.111114,nan,0.117329,nan,2.672223
8620,1.045685,1.786851,-14.423602,0.117315,31.149040,2.442616
8621,1.050762,1.006036,nan,0.117315,nan,2.474714
8622,0.624511,0.615498,-13.485268,0.117300,30.461479,1.605715
8623,1.353072,1.833478,nan,0.117300,nan,3.084491
8624,1.180506,1.550619,-13.194679,0.117285,30.670338,2.743867
8625,1.160446,0.944207,nan,0.117285,nan,2.707732
8626,0.840877,0.756730,-15.108245,0.117271,30.139736,2.053968
8627,1.149392,1.162704,nan,0.117271,nan,2.682091
8628,0.873922,1.195662,-13.079226,0.117256,29.347143,2.060133
8629,0.694969,0.661859,nan,0.117256,nan,1.723711
8630,0.864128,1.225396,-13.800303,0.117241,31.909393,2.090696
8631,0.764943,0.714640,nan,0.117241,nan,1.861464
8632,1.007782,1.061092,-14.064420,0.117227,30.649172,2.386678
8633,1.443837,1.203879,nan,0.117227,nan,3.276456
8634,0.892349,0.709214,-14.801623,0.117212,31.680754,2.136405
8635,1.005291,0.863918,nan,0.117212,nan,2.424615
8636,0.756914,0.490294,-12.590122,0.117198,29.381315,1.863970
8637,0.875410,0.608507,nan,0.117198,nan,2.146276
8638,1.191493,1.050803,-14.747514,0.117183,32.713982,2.790563
8639,1.182453,0.948170,nan,0.117183,nan,2.743973
8640,0.900300,0.866561,-14.331165,0.117168,32.165710,2.109990
8641,0.939056,1.018588,nan,0.117168,nan,2.239712
8642,1.224396,0.743943,-15.048361,0.117154,29.520727,2.908780
8643,1.221412,0.886006,nan,0.117154,nan,2.804430
8644,1.145990,0.774942,-15.382766,0.117139,31.980648,2.672779
8645,0.907801,0.727144,nan,0.117139,nan,2.215372
8646,0.872980,0.419294,-14.688133,0.117125,31.171951,2.131136
8647,1.194766,0.852339,nan,0.117125,nan,2.754179
8648,0.846867,0.732020,-11.116207,0.117110,31.803707,1.967985
8649,1.082267,1.496792,nan,0.117110,nan,2.551994
8650,1.153031,1.118538,-14.059772,0.117095,28.567234,2.704074
8651,1.254937,0.850871,nan,0.117095,nan,2.891413
8652,0.992379,0.864564,-15.976315,0.117081,31.089054,2.345961
8653,1.263192,0.869230,nan,0.117081,nan,2.869133
8654,1.088422,1.399930,-13.183138,0.117066,31.037663,2.544507
8655,0.937051,0.886392,nan,0.117066,nan,2.234389
8656,0.750026,0.679525,-14.768063,0.117052,30.992212,1.822745
8657,1.071808,1.079302,nan,0.117052,nan,2.507097
8658,0.678788,0.609434,-13.897354,0.117037,30.524376,1.715616
8659,0.956076,1.402426,nan,0.117037,nan,2.252331
8660,1.101954,1.165822,-15.100735,0.117023,29.830095,2.575513
8661,1.470108,0.873981,nan,0.117023,nan,3.371309
8662,1.257949,0.845300,-15.485292,0.117008,31.374966,2.935681
8663,0.832323,0.800208,nan,0.117008,nan,2.052275
8664,1.139787,1.315929,-14.355955,0.116994,31.195410,2.654993
8665,1.188343,0.886105,nan,0.116994,nan,2.757915
8666,1.146121,0.708257,-14.154131,0.116979,31.564865,2.687165
8667,1.540019,1.248782,nan,0.116979,nan,3.468158
8668,1.283851,0.997148,-14.551770,0.116965,31.948093,2.933742
8669,0.793721,0.826635,nan,0.116965,nan,1.930307
8670,1.297261,1.122210,-14.526481,0.116950,31.842287,2.970668
8671,0.933590,1.005418,nan,0.116950,nan,2.198593
8672,0.584365,0.692972,-15.241154,0.116936,30.949686,1.519444
8673,0.714333,0.553336,nan,0.116936,nan,1.743472
8674,0.585037,0.798414,-13.872732,0.116921,30.121014,1.492668
8675,1.358230,0.950263,nan,0.116921,nan,3.095001
8676,0.808824,0.719821,-14.010367,0.116907,32.355160,1.917253
8677,1.014153,0.915630,nan,0.116907,nan,2.422955
8678,0.965764,0.741934,-15.105023,0.116892,30.344166,2.324897
8679,1.238078,0.992449,nan,0.116892,nan,2.881986
8680,1.343159,1.011449,-12.194965,0.116878,30.908604,3.048733
8681,1.386392,1.565540,nan,0.116878,nan,3.131140
8682,0.781739,1.010299,-14.550730,0.116863,31.544052,1.932085
8683,0.996471,0.753627,nan,0.116863,nan,2.352456
8684,1.332134,1.203831,-17.322147,0.116849,33.207939,3.078968
8685,1.012641,1.197698,nan,0.116849,nan,2.370436
8686,0.900033,0.972669,-15.709952,0.116834,31.073692,2.166300
8687,0.858487,0.798823,nan,0.116834,nan,2.087100
8688,1.219257,0.964586,-13.439550,0.116819,33.778042,2.811792
8689,0.986586,0.999843,nan,0.116819,nan,2.329893
8690,1.068403,1.080230,-15.163876,0.116805,31.564754,2.485020
8691,0.969821,0.842764,nan,0.116805,nan,2.260025
8692,1.008355,0.908876,-14.314301,0.116790,31.442078,2.408630
8693,0.912222,0.955271,nan,0.116790,nan,2.213863
8694,1.342454,0.933200,-14.725616,0.116775,31.820972,3.061633
8695,1.164126,1.076198,nan,0.116775,nan,2.734567
8696,0.854741,0.773110,-13.887621,0.116761,31.226124,2.107005
8697,0.938784,0.970958,nan,0.116761,nan,2.260519
8698,0.606856,0.571593,-15.972081,0.116746,32.822327,1.593242
8699,0.393944,0.696550,nan,0.116746,nan,1.123614
8700,0.815490,0.694997,-15.727154,0.116731,31.745790,1.981598
8701,0.596193,0.515634,nan,0.116731,nan,1.512871
8702,0.742451,0.551838,-15.774302,0.116717,32.129478,1.867747
8703,1.222740,0.749845,nan,0.116717,nan,2.825643
8704,1.464920,0.803903,-15.052607,0.116702,29.784344,3.329167
8705,0.650288,0.585638,nan,0.116702,nan,1.563244
8706,1.235382,1.068293,-16.158279,0.116687,32.820068,2.818303
8707,0.469081,0.755073,nan,0.116687,nan,1.252426
8708,0.741040,0.825734,-14.452450,0.116673,31.320097,1.844201
8709,0.746531,0.970867,nan,0.116673,nan,1.836662
8710,0.887996,0.897146,-14.504341,0.116658,32.280182,2.143694
8711,0.914780,0.881258,nan,0.116658,nan,2.182884
8712,0.848123,1.167304,-15.072643,0.116643,33.571426,2.081207
8713,0.880486,0.774686,nan,0.116643,nan,2.146657
8714,0.691111,0.835911,-14.910842,0.116629,32.914494,1.714588
8715,0.908550,0.659654,nan,0.116629,nan,2.233804
8716,1.147356,1.652179,-15.091572,0.116614,32.919662,2.642112
8717,1.136485,1.062377,nan,0.116614,nan,2.676961
8718,0.897217,0.666365,-15.284638,0.116599,33.163506,2.139663
8719,0.659282,0.624266,nan,0.116599,nan,1.696203
8720,1.032161,1.035676,-14.708912,0.116584,32.022408,2.417616
8721,0.893498,0.420420,nan,0.116584,nan,2.187783
8722,1.092820,0.944430,-14.303676,0.116569,33.776115,2.507598
8723,0.861661,0.615975,nan,0.116569,nan,2.047701
8724,0.969645,0.889768,-14.004372,0.116554,32.306183,2.290129
8725,0.731797,0.570283,nan,0.116554,nan,1.801397
8726,0.663782,0.779432,-14.972038,0.116539,34.501244,1.659587
8727,0.916686,0.784507,nan,0.116539,nan,2.187593
8728,0.610792,0.619664,-14.607327,0.116525,29.609980,1.489716
8729,0.756294,0.702843,nan,0.116525,nan,1.806543
8730,0.991125,0.903574,-15.240463,0.116510,31.499973,2.306301
8731,0.708270,0.495125,nan,0.116510,nan,1.777946
8732,1.275456,1.093256,-15.214699,0.116495,30.034760,2.934383
8733,0.928947,0.803464,nan,0.116495,nan,2.192870
8734,0.905365,0.907377,-15.427101,0.116480,32.813549,2.158545
8735,1.238989,0.732472,nan,0.116480,nan,2.906290
8736,1.306395,0.790151,-14.391178,0.116466,30.992947,3.052664
8737,1.029139,0.809472,nan,0.116466,nan,2.468589
8738,0.902467,0.556417,-15.000036,0.116451,32.811970,2.212958
8739,1.067137,0.690724,nan,0.116451,nan,2.493573
8740,0.889179,0.768413,-14.544096,0.116436,31.863775,2.118906
8741,0.885072,0.727055,nan,0.116436,nan,2.129757
8742,0.948115,0.823009,-15.596949,0.116422,32.618370,2.280400
8743,0.749711,0.795271,nan,0.116422,nan,1.836556
8744,0.797731,0.801477,-15.942452,0.116407,32.830223,1.952907
8745,1.046105,0.915758,nan,0.116407,nan,2.478426
8746,1.056635,0.881287,-14.661807,0.116392,30.693523,2.520032
8747,0.912144,0.656020,nan,0.116392,nan,2.165080
8748,1.314872,0.897003,-16.508896,0.116377,32.487621,3.022035
8749,1.006030,0.822933,nan,0.116377,nan,2.456058
8750,0.927865,0.618901,-13.856596,0.116363,32.053234,2.158884
8751,1.322263,0.978179,nan,0.116363,nan,3.063967
8752,0.940729,0.503153,-15.552192,0.116348,29.499352,2.297614
8753,1.041869,1.102820,nan,0.116348,nan,2.446309
8754,1.136181,1.026054,-14.974662,0.116334,32.303471,2.644630
8755,0.577492,0.541926,nan,0.116334,nan,1.481990
8756,0.838910,1.147313,-13.984663,0.116319,31.425022,2.048374
8757,1.076839,0.835968,nan,0.116319,nan,2.553868
8758,1.227365,0.744078,-13.738033,0.116304,30.527542,2.857125
8759,0.843251,0.756939,nan,0.116304,nan,2.025680
8760,0.743030,0.484127,-13.818608,0.116290,33.348148,1.844769
8761,1.108734,1.019504,nan,0.116290,nan,2.640285
8762,0.872399,0.756694,-15.661265,0.116275,32.405457,2.172877
8763,0.810520,0.612726,nan,0.116275,nan,1.958511
8764,0.863204,0.982250,-14.365225,0.116261,29.856049,2.093858
8765,1.065267,0.753436,nan,0.116261,nan,2.550182
8766,0.745278,0.618749,-13.876867,0.116246,31.430561,1.805206
8767,0.746931,0.673337,nan,0.116246,nan,1.822760
8768,0.659341,0.799974,-15.836509,0.116232,32.575783,1.697145
8769,0.682914,0.844274,nan,0.116232,nan,1.717517
8770,0.535124,0.603956,-13.208839,0.116217,32.325577,1.373886
8771,0.866123,1.092473,nan,0.116217,nan,2.062686
8772,0.762303,0.746774,-13.663016,0.116203,32.793701,1.911216
8773,1.251121,0.842862,nan,0.116203,nan,2.892940
8774,0.913935,0.748034,-15.739133,0.116188,31.712593,2.161391
8775,0.733214,0.535646,nan,0.116188,nan,1.854356
8776,0.655681,0.599700,-14.780527,0.116174,34.471832,1.670324
8777,1.136832,1.127249,nan,0.116174,nan,2.630298
8778,0.810252,0.718361,-15.092422,0.116159,32.327553,1.938526
8779,1.264567,1.248019,nan,0.116159,nan,2.926706
8780,0.984786,1.263782,-16.768217,0.116144,32.438911,2.356358
8781,0.673965,1.094213,nan,0.116144,nan,1.694524
8782,0.632298,0.642575,-14.385992,0.116130,30.321301,1.608063
8783,0.694076,0.591142,nan,0.116130,nan,1.740520
8784,0.675573,0.898034,-14.236637,0.116115,31.316095,1.676753
8785,0.886350,0.756498,nan,0.116115,nan,2.161879
8786,0.752107,0.657292,-15.966055,0.116101,34.017368,1.908333
8787,1.051810,1.148051,nan,0.116101,nan,2.497926
8788,0.861883,0.685578,-15.192053,0.116086,32.561096,2.102174
8789,0.666730,0.619728,nan,0.116086,nan,1.719443
8790,0.710188,0.917997,-15.338329,0.116071,32.489548,1.780981
8791,0.799643,0.610021,nan,0.116071,nan,1.986036
8792,0.673848,0.835832,-15.720292,0.116057,33.122864,1.716738
8793,0.867325,0.794471,nan,0.116057,nan,2.073112
8794,0.590709,0.891539,-14.095057,0.116042,33.607277,1.539331
8795,0.579658,0.467530,nan,0.116042,nan,1.551516
8796,0.697439,0.801970,-13.718945,0.116027,31.519346,1.736703
8797,1.324050,1.153541,nan,0.116027,nan,3.046528
8798,0.861301,0.696175,-16.686554,0.116013,31.795218,2.074526
8799,0.863415,1.166088,nan,0.116013,nan,2.130002
8800,0.984267,1.036361,-15.707619,0.115998,31.736931,2.406781
8801,0.748370,0.655930,nan,0.115998,nan,1.898172
8802,0.873060,0.764034,-15.723042,0.115983,32.537659,2.120625
8803,0.684591,0.451581,nan,0.115983,nan,1.738786
8804,0.859770,0.661232,-14.606131,0.115969,30.887011,2.072403
8805,0.824577,0.647241,nan,0.115969,nan,2.021219
8806,0.700260,0.735728,-15.393444,0.115954,33.039333,1.799284
8807,0.537836,0.428248,nan,0.115954,nan,1.426938
8808,1.197696,0.707677,-15.324418,0.115940,35.156525,2.830492
8809,1.004263,0.786413,nan,0.115940,nan,2.423422
8810,0.788726,0.943076,-13.840265,0.115925,31.585842,1.977836
8811,1.477421,1.175236,nan,0.115925,nan,3.372682
8812,0.851756,0.811915,-16.402800,0.115910,32.157974,2.082982
8813,0.573862,1.092543,nan,0.115910,nan,1.493217
8814,0.837926,1.669166,-16.481409,0.115896,32.928200,2.059284
8815,1.168144,1.433950,nan,0.115896,nan,2.770893
8816,0.990915,1.327888,-14.544169,0.115881,31.179045,2.409657
8817,0.759325,0.601321,nan,0.115881,nan,1.929638
8818,1.025362,0.989669,-15.926313,0.115866,32.822762,2.446424
8819,1.122252,1.022083,nan,0.115866,nan,2.650630
8820,0.545564,0.510740,-13.932622,0.115852,28.758774,1.470530
8821,0.702423,0.552891,nan,0.115852,nan,1.789270
8822,0.584167,0.913714,-14.616773,0.115838,33.126324,1.514745
8823,0.767446,0.583957,nan,0.115838,nan,1.965856
8824,0.800929,0.845659,-15.546014,0.115823,33.310646,1.948008
8825,0.666093,0.859160,nan,0.115823,nan,1.716990
8826,0.856330,1.066306,-14.643623,0.115809,31.434383,2.105765
8827,1.148553,0.996661,nan,0.115809,nan,2.712996
8828,0.822725,0.822525,-16.104115,0.115794,32.617508,2.021319
8829,0.679084,0.723657,nan,0.115794,nan,1.715249
8830,0.839504,0.826910,-15.335047,0.115780,29.897474,2.062758
8831,0.590379,0.578636,nan,0.115780,nan,1.520370
8832,0.722156,0.577716,-15.713955,0.115765,29.626488,1.819329
8833,0.950714,0.906327,nan,0.115765,nan,2.310310
8834,0.986709,0.929340,-16.550028,0.115751,31.632750,2.367404
8835,0.652481,0.739421,nan,0.115751,nan,1.645879
8836,0.593016,0.600972,-14.120635,0.115737,31.474295,1.545561
8837,0.586404,0.519277,nan,0.115737,nan,1.526321
8838,0.675859,0.706955,-14.483253,0.115722,29.615341,1.715014
8839,0.920020,0.809657,nan,0.115722,nan,2.228020
8840,0.564292,0.553825,-15.276821,0.115708,32.741276,1.504594
8841,0.839997,0.791229,nan,0.115708,nan,2.090824
8842,0.807845,0.703971,-15.248965,0.115694,33.335743,2.016623
8843,0.858237,0.889056,nan,0.115694,nan,2.061282
8844,0.665599,0.718682,-15.139372,0.115680,31.867931,1.724106
8845,1.051355,0.937621,nan,0.115680,nan,2.458128
8846,0.765866,0.789446,-14.952530,0.115665,31.797544,1.922098
8847,1.077375,0.660095,nan,0.115665,nan,2.593394
8848,0.628371,0.487334,-13.766980,0.115651,32.330025,1.670424
8849,0.741846,0.978768,nan,0.115651,nan,1.917609
8850,0.754684,0.787483,-15.886512,0.115637,29.862083,1.886263
8851,1.207140,1.086705,nan,0.115637,nan,2.805890
8852,0.737854,1.053790,-16.804321,0.115623,33.236084,1.864127
8853,0.862813,0.758600,nan,0.115623,nan,2.132006
8854,0.845224,0.677400,-14.590032,0.115608,31.665056,2.104620
8855,1.001649,0.836324,nan,0.115608,nan,2.401093
8856,0.542079,0.647472,-14.002140,0.115594,34.335762,1.450622
8857,1.172235,1.113842,nan,0.115594,nan,2.780747
8858,1.054614,1.096776,-16.968264,0.115579,32.627533,2.521702
8859,1.238851,1.198959,nan,0.115579,nan,2.897911
8860,1.058776,1.108944,-15.585941,0.115565,31.635170,2.566791
8861,1.104358,0.825999,nan,0.115565,nan,2.665838
8862,1.119264,0.919757,-13.516699,0.115551,33.016907,2.680739
8863,1.215207,0.745847,nan,0.115551,nan,2.879240
8864,0.817170,0.682305,-16.206892,0.115536,32.269470,2.061659
8865,0.987903,0.954565,nan,0.115536,nan,2.364689
8866,0.817663,0.911490,-15.246818,0.115522,32.880852,2.030695
8867,0.923874,0.934625,nan,0.115522,nan,2.266528
8868,0.681336,1.160354,-15.935915,0.115508,31.318619,1.785344
8869,0.760153,0.930349,nan,0.115508,nan,1.946281
8870,0.920105,1.060316,-15.569185,0.115493,33.813118,2.221039
8871,1.003766,0.705697,nan,0.115493,nan,2.427697
8872,0.639304,0.777535,-15.586859,0.115479,32.720776,1.666788
8873,1.030740,0.711464,nan,0.115479,nan,2.466696
8874,0.998845,1.091687,-16.727253,0.115464,34.751415,2.413064
8875,1.093221,1.365128,nan,0.115464,nan,2.634203
8876,0.664062,0.986950,-15.349193,0.115450,30.963066,1.733980
8877,1.070779,0.877268,nan,0.115450,nan,2.587884
8878,0.799980,0.710113,-14.535446,0.115435,32.267807,2.007764
8879,0.610840,0.686562,nan,0.115435,nan,1.589458
8880,0.726528,0.851578,-16.161795,0.115421,34.095245,1.845496
8881,0.831616,0.763735,nan,0.115421,nan,2.086497
8882,0.588922,0.431906,-14.961414,0.115406,30.771044,1.589237
8883,0.988418,0.835698,nan,0.115406,nan,2.401184
8884,0.738299,0.629154,-14.364176,0.115392,33.189251,1.859578
8885,0.527724,0.669904,nan,0.115392,nan,1.436572
8886,0.749784,0.786970,-16.144873,0.115378,31.304012,1.868248
8887,0.650321,0.527088,nan,0.115378,nan,1.740260
8888,0.688253,0.650883,-14.999062,0.115363,34.254730,1.801021
8889,0.790321,0.590824,nan,0.115363,nan,1.995490
8890,0.928250,0.811719,-14.457479,0.115349,32.136139,2.269738
8891,0.828011,1.215872,nan,0.115349,nan,2.043956
8892,1.007302,1.001069,-16.326832,0.115334,34.920090,2.425252
8893,0.620481,0.870169,nan,0.115334,nan,1.645136
8894,0.645778,0.890477,-13.795248,0.115320,31.211889,1.696945
8895,0.800166,0.752772,nan,0.115320,nan,2.017678
8896,0.627887,0.632196,-13.934719,0.115305,33.361691,1.638802
8897,0.637866,0.576422,nan,0.115305,nan,1.696500
8898,1.029861,0.962804,-15.077316,0.115291,31.920982,2.467482
8899,0.675519,0.754916,nan,0.115291,nan,1.761241
8900,0.893462,0.798824,-16.249950,0.115276,31.601461,2.211629
8901,0.736803,0.586580,nan,0.115276,nan,1.886336
8902,0.891243,0.836991,-15.435853,0.115262,32.662224,2.193245
8903,0.923087,0.782258,nan,0.115262,nan,2.285704
8904,0.956214,0.916492,-14.813859,0.115248,30.308006,2.300980
8905,1.127101,1.121201,nan,0.115248,nan,2.626215
8906,0.661140,0.498148,-15.035472,0.115233,33.933624,1.734479
8907,0.757012,0.823710,nan,0.115233,nan,1.926908
8908,0.460922,0.796687,-14.551931,0.115219,30.073566,1.293999
8909,0.791021,0.808046,nan,0.115219,nan,2.011624
8910,0.636961,0.706975,-14.596234,0.115205,33.833038,1.712307
8911,0.794471,0.579375,nan,0.115205,nan,2.021178
8912,0.627600,0.671377,-14.803642,0.115190,32.616661,1.654849
8913,0.766735,0.730784,nan,0.115190,nan,1.979964
8914,0.647435,0.744982,-17.298534,0.115176,34.148392,1.705811
8915,0.746330,0.826220,nan,0.115176,nan,1.941361
8916,0.600049,0.860340,-15.291594,0.115161,32.934944,1.634008
8917,0.681661,0.801059,nan,0.115161,nan,1.801922
8918,0.630521,0.703292,-13.409319,0.115147,30.686632,1.628477
8919,0.653726,0.692452,nan,0.115147,nan,1.715437
8920,0.629355,0.922857,-15.309907,0.115133,32.878819,1.695698
8921,0.832394,0.910636,nan,0.115133,nan,2.090136
8922,0.431279,0.640164,-15.527809,0.115118,32.507328,1.273802
8923,0.704855,0.621502,nan,0.115118,nan,1.848832
8924,0.801951,0.944906,-15.372141,0.115104,32.111595,2.028298
8925,1.138900,0.955676,nan,0.115104,nan,2.735129
8926,1.104329,0.858754,-16.081036,0.115090,33.684402,2.694793
8927,0.723498,0.658683,nan,0.115090,nan,1.903335
8928,0.619859,0.566744,-14.758423,0.115075,32.037201,1.694635
8929,1.091522,0.844682,nan,0.115075,nan,2.637441
8930,1.161543,0.721967,-16.093498,0.115061,33.549629,2.773273
8931,0.823428,0.690221,nan,0.115061,nan,2.102386
8932,0.810394,0.797903,-16.484106,0.115047,32.955910,2.053061
8933,0.970469,0.931434,nan,0.115047,nan,2.423658
8934,0.715267,0.870652,-14.650115,0.115032,33.596535,1.851621
8935,0.980784,0.816579,nan,0.115032,nan,2.407509
8936,0.760170,0.746581,-16.722221,0.115018,32.941246,1.964747
8937,1.014902,0.809787,nan,0.115018,nan,2.495470
8938,1.200634,1.109438,-14.956606,0.115003,32.627113,2.850619
8939,0.751954,0.772382,nan,0.115003,nan,1.928195
8940,0.820831,0.857922,-16.180645,0.114989,31.494921,2.070338
8941,0.606491,0.985672,nan,0.114989,nan,1.653081
8942,0.746386,0.816631,-14.183858,0.114975,30.605984,1.942763
8943,0.651292,0.521816,nan,0.114975,nan,1.734692
8944,0.798603,1.065427,-13.620170,0.114961,34.145168,2.012000
8945,1.047041,0.668202,nan,0.114961,nan,2.550359
8946,0.589944,0.536015,-14.967162,0.114946,31.632967,1.628152
8947,0.785293,0.819946,nan,0.114946,nan,2.030229
8948,0.724470,0.676818,-14.765919,0.114932,32.973503,1.877204
8949,0.755682,0.624853,nan,0.114932,nan,1.960095
8950,0.534099,0.800058,-14.159603,0.114918,33.277031,1.457248
8951,0.748437,0.650935,nan,0.114918,nan,1.938628
8952,0.601234,0.755094,-14.425433,0.114903,32.039471,1.634081
8953,0.540625,0.662701,nan,0.114903,nan,1.468018
8954,0.944298,0.902531,-14.595770,0.114889,32.268723,2.315209
8955,0.507570,0.498938,nan,0.114889,nan,1.400108
8956,0.617742,0.591765,-15.066327,0.114875,33.320351,1.657060
8957,0.592684,0.549104,nan,0.114875,nan,1.587527
8958,0.788989,0.773574,-16.502855,0.114861,32.751114,2.005892
8959,0.411682,0.962564,nan,0.114861,nan,1.225669
8960,0.694622,0.916949,-15.093668,0.114846,31.591278,1.802500
8961,0.426097,0.458872,nan,0.114846,nan,1.262323
8962,0.621271,0.835681,-12.281822,0.114832,31.764660,1.674284
8963,0.680857,0.982617,nan,0.114832,nan,1.797047
8964,0.772483,0.642045,-15.069704,0.114818,36.370605,1.996597
8965,0.428817,0.821732,nan,0.114818,nan,1.227283
8966,0.798260,1.043045,-15.722501,0.114803,31.718163,2.063864
8967,0.844805,0.839342,nan,0.114803,nan,2.165944
8968,0.642551,0.599898,-14.603081,0.114789,32.000587,1.741275
8969,1.082692,1.221699,nan,0.114789,nan,2.587293
8970,0.956591,0.668088,-13.821389,0.114775,33.714958,2.338354
8971,0.738423,0.742256,nan,0.114775,nan,1.905263
8972,1.013904,0.993550,-15.313488,0.114761,32.544857,2.475557
8973,0.729919,0.739826,nan,0.114761,nan,1.930421
8974,0.885354,0.849573,-13.391989,0.114746,35.159920,2.231651
8975,0.680417,0.770663,nan,0.114746,nan,1.770065
8976,0.636322,0.510013,-14.425079,0.114732,34.490681,1.699998
8977,0.352172,0.546073,nan,0.114732,nan,1.093474
8978,0.650036,0.766583,-15.246058,0.114717,32.615429,1.713211
8979,0.625108,0.631901,nan,0.114717,nan,1.679832
8980,0.406498,0.583348,-13.873137,0.114703,33.510277,1.224604
8981,0.618092,0.625182,nan,0.114703,nan,1.658785
8982,0.632632,0.673103,-13.369722,0.114689,32.327492,1.674584
8983,0.615343,0.548621,nan,0.114689,nan,1.690892
8984,0.886358,0.897602,-14.272738,0.114674,32.179924,2.207778
8985,0.466303,0.430233,nan,0.114674,nan,1.327935
8986,0.611536,0.695470,-13.628014,0.114660,34.191929,1.637685
8987,1.292339,0.948897,nan,0.114660,nan,3.042192
8988,1.149704,0.831154,-14.859179,0.114645,34.483780,2.734660
8989,1.067231,1.025082,nan,0.114645,nan,2.591638
8990,0.985088,0.915042,-15.901971,0.114631,33.828224,2.434228
8991,0.765411,0.856915,nan,0.114631,nan,1.978705
8992,0.815979,0.729420,-12.797647,0.114617,34.801819,2.077458
8993,0.564091,0.638797,nan,0.114617,nan,1.537650
8994,0.738510,0.767136,-14.509249,0.114602,31.173450,1.890318
8995,0.837425,0.661519,nan,0.114602,nan,2.099703
8996,1.135295,0.738632,-11.451284,0.114588,32.672207,2.723010
8997,1.052588,1.306774,nan,0.114588,nan,2.584319
8998,0.990691,0.683894,-12.487865,0.114573,32.365437,2.447197
8999,0.697186,0.578707,nan,0.114573,nan,1.828035
9000,1.046989,0.799029,-13.870780,0.114559,32.919289,2.545299
9001,0.545765,0.461235,nan,0.114559,nan,1.488470
9002,0.577706,0.578485,-14.709009,0.114545,34.026619,1.593181
9003,1.064312,0.899321,nan,0.114545,nan,2.554900
9004,0.871673,0.717345,-13.181092,0.114530,30.529613,2.176018
9005,0.531929,0.770813,nan,0.114530,nan,1.446085
9006,1.041928,0.941956,-14.827348,0.114516,33.314087,2.491093
9007,0.843039,1.098278,nan,0.114516,nan,2.100680
9008,0.829767,0.949395,-12.395105,0.114502,32.121017,2.059200
9009,0.635664,1.342343,nan,0.114502,nan,1.670552
9010,0.612089,0.750566,-13.577076,0.114488,34.161438,1.633263
9011,0.847220,0.775095,nan,0.114488,nan,2.107767
9012,0.611235,0.771670,-13.779612,0.114473,32.410614,1.619399
9013,0.900735,0.862267,nan,0.114473,nan,2.204883
9014,0.701101,0.694847,-12.357526,0.114459,32.551483,1.800040
9015,1.003346,1.143218,nan,0.114459,nan,2.418760
9016,0.945392,1.058135,-13.106813,0.114445,35.527824,2.280968
9017,0.814354,0.903981,nan,0.114445,nan,2.030567
9018,0.981574,1.174682,-13.937706,0.114431,31.288864,2.339919
9019,0.893037,0.796103,nan,0.114431,nan,2.183656
9020,0.627863,0.648585,-12.262566,0.114417,29.819128,1.642718
9021,0.887948,0.794887,nan,0.114417,nan,2.177776
9022,0.712023,0.703765,-12.464410,0.114402,32.961735,1.825967
9023,0.718156,0.813197,nan,0.114402,nan,1.838748
9024,0.803542,0.932930,-15.244197,0.114388,32.366936,2.006018
9025,0.714231,0.771634,nan,0.114388,nan,1.831176
9026,0.890644,0.987567,-13.552569,0.114374,34.364960,2.208341
9027,0.643018,0.660199,nan,0.114374,nan,1.693285
9028,0.722545,0.751966,-13.788803,0.114360,31.511501,1.841859
9029,0.484241,0.496327,nan,0.114360,nan,1.362774
9030,0.617108,0.711223,-13.192934,0.114346,31.661081,1.628416
9031,0.749107,0.695784,nan,0.114346,nan,1.913371
9032,0.626101,0.678550,-13.379480,0.114332,34.083122,1.657822
9033,0.483292,0.430054,nan,0.114332,nan,1.347190
9034,0.657060,0.591332,-11.707714,0.114318,30.971596,1.721989
9035,0.769724,0.667722,nan,0.114318,nan,1.940172
9036,0.908562,1.022666,-14.983720,0.114304,33.799576,2.246778
9037,0.822186,1.125533,nan,0.114304,nan,2.073330
9038,0.826594,1.095844,-14.785001,0.114290,34.390423,2.061436
9039,0.852553,0.830099,nan,0.114290,nan,2.125637
9040,0.790486,0.789463,-12.481110,0.114276,30.747257,2.002980
9041,0.465682,0.495889,nan,0.114276,nan,1.318223
9042,1.225490,0.689719,-9.104988,0.114261,34.006615,2.877987
9043,1.101160,1.618635,nan,0.114261,nan,2.634150
9044,1.082138,1.588765,-11.797839,0.114247,35.160492,2.580888
9045,1.627707,1.166887,nan,0.114247,nan,3.700518
9046,1.037743,0.915622,-14.200098,0.114233,32.836670,2.496450
9047,1.082644,1.119294,nan,0.114233,nan,2.592114
9048,1.089973,1.023837,-14.718052,0.114219,33.912849,2.635181
9049,1.361048,0.837234,nan,0.114219,nan,3.172556
9050,0.722840,0.703080,-11.930523,0.114205,31.937231,1.839333
9051,1.028098,0.957555,nan,0.114205,nan,2.474290
9052,0.987206,0.755105,-11.081820,0.114191,32.563675,2.394821
9053,0.915405,0.965164,nan,0.114191,nan,2.237416
9054,0.651247,0.687519,-12.531319,0.114176,34.342789,1.701169
9055,0.998140,1.281611,nan,0.114176,nan,2.413644
9056,0.910952,1.066616,-14.147115,0.114162,31.947117,2.225132
9057,0.698442,1.028114,nan,0.114162,nan,1.798079
9058,0.815857,1.239299,-13.784325,0.114148,33.375050,2.055669
9059,0.967972,1.118544,nan,0.114148,nan,2.363687
9060,0.701366,0.700419,-13.510315,0.114134,32.945332,1.835091
9061,0.703224,0.702241,nan,0.114134,nan,1.809439
9062,0.644458,0.680728,-12.465054,0.114120,33.659485,1.673235
9063,0.758482,0.857552,nan,0.114120,nan,1.937660
9064,0.728048,0.693183,-14.654459,0.114106,33.073830,1.880820
9065,0.979020,0.942841,nan,0.114106,nan,2.386295
9066,0.698714,0.844014,-14.686226,0.114091,34.122925,1.818424
9067,1.261373,1.015583,nan,0.114091,nan,2.975868
9068,0.711501,0.970127,-12.143503,0.114077,32.705345,1.824454
9069,0.545331,0.693385,nan,0.114077,nan,1.470040
9070,0.921661,0.554569,-11.581163,0.114063,33.332626,2.286490
9071,0.516803,0.918211,nan,0.114063,nan,1.430048
9072,0.551149,0.643991,-13.713804,0.114049,32.737324,1.475272
9073,0.857413,0.929121,nan,0.114049,nan,2.134991
9074,0.622141,0.773115,-12.415291,0.114035,33.731869,1.645363
9075,0.892845,0.836448,nan,0.114035,nan,2.234471
9076,0.626510,0.675858,-14.218665,0.114021,33.115658,1.662543
9077,0.701859,1.028293,nan,0.114021,nan,1.777214
9078,0.485112,0.655844,-12.305679,0.114006,34.328171,1.337973
9079,0.692003,0.790066,nan,0.114006,nan,1.781197
9080,0.817393,0.751374,-12.561673,0.113992,30.953129,2.042999
9081,0.669401,0.747078,nan,0.113992,nan,1.734674
9082,0.806117,0.720755,-12.931097,0.113978,32.757374,2.020779
9083,0.573143,0.600123,nan,0.113978,nan,1.550040
9084,0.913939,0.955182,-12.972744,0.113964,31.834160,2.262117
9085,0.961553,0.966434,nan,0.113964,nan,2.334487
9086,0.665742,0.669801,-12.066830,0.113950,32.327034,1.736804
9087,0.548175,0.466619,nan,0.113950,nan,1.487747
9088,0.564855,0.616731,-14.734570,0.113936,32.187546,1.514861
9089,1.092778,0.909518,nan,0.113936,nan,2.611629
9090,0.975498,0.613374,-11.825900,0.113922,34.138115,2.381017
9091,0.924605,0.710099,nan,0.113922,nan,2.233927
9092,0.847674,0.567710,-12.044518,0.113908,34.351196,2.097703
9093,0.630216,0.672731,nan,0.113908,nan,1.649525
9094,0.919951,0.793366,-12.435123,0.113894,32.199509,2.241431
9095,0.939643,1.297998,nan,0.113894,nan,2.282411
9096,0.961976,1.070477,-13.703646,0.113880,31.968325,2.368596
9097,0.793515,0.808647,nan,0.113880,nan,2.032389
9098,0.615795,0.584343,-12.119148,0.113866,33.131550,1.646305
9099,0.924684,1.190577,nan,0.113866,nan,2.298673
9100,1.057543,1.000372,-12.492997,0.113852,33.803288,2.568544
9101,0.706889,0.690143,nan,0.113852,nan,1.823899
9102,0.833901,1.281684,-12.057490,0.113838,33.637070,2.095351
9103,1.214221,0.815790,nan,0.113838,nan,2.870310
9104,1.023453,0.971464,-12.914597,0.113824,31.965443,2.488027
9105,1.055007,0.723478,nan,0.113824,nan,2.525242
9106,0.764257,0.625979,-12.811475,0.113810,32.322830,1.943092
9107,0.827732,0.910279,nan,0.113810,nan,2.068178
9108,1.080726,1.118529,-13.017401,0.113796,32.687782,2.597200
9109,1.148948,0.845788,nan,0.113796,nan,2.719766
9110,0.817136,0.708319,-12.300367,0.113782,32.325745,2.030365
9111,1.073389,0.973628,nan,0.113782,nan,2.587102
9112,0.647971,0.663701,-12.174164,0.113768,35.064846,1.702907
9113,0.670332,0.685750,nan,0.113768,nan,1.741639
9114,0.875394,0.685828,-11.526823,0.113754,33.529602,2.185598
9115,0.848008,0.997758,nan,0.113754,nan,2.097947
9116,0.883482,0.870217,-12.513058,0.113740,34.979355,2.212211
9117,0.445593,0.471003,nan,0.113740,nan,1.298141
9118,0.740909,0.715939,-13.160404,0.113726,34.907387,1.899613
9119,1.117387,1.142493,nan,0.113726,nan,2.680532
9120,0.681706,0.623170,-12.550393,0.113712,34.888054,1.792885
9121,0.885931,0.876781,nan,0.113712,nan,2.222761
9122,0.765415,0.523048,-11.717450,0.113698,32.013676,1.936397
9123,0.882562,0.712519,nan,0.113698,nan,2.176511
9124,0.661408,0.535214,-12.736979,0.113684,33.218887,1.733197
9125,1.071796,0.704198,nan,0.113684,nan,2.578696
9126,1.025151,0.771474,-13.874157,0.113670,34.399979,2.480641
9127,0.597210,0.454589,nan,0.113670,nan,1.607689
9128,0.814848,0.658494,-12.044530,0.113655,34.050873,2.054139
9129,1.130662,0.891834,nan,0.113655,nan,2.692252
9130,0.641190,0.538739,-11.799994,0.113641,31.519138,1.696233
9131,0.785339,0.693173,nan,0.113641,nan,1.998519
9132,0.723343,0.584151,-13.215510,0.113627,34.128578,1.878890
9133,1.000674,0.721185,nan,0.113627,nan,2.446252
9134,0.581557,0.543233,-12.862567,0.113613,32.660660,1.569577
9135,0.582933,0.488589,nan,0.113613,nan,1.555876
9136,0.715809,1.079137,-9.443113,0.113599,33.648140,1.817414
9137,1.073230,1.025811,nan,0.113599,nan,2.558858
9138,0.909102,0.624076,-12.371527,0.113585,33.860283,2.262835
9139,0.806389,0.884264,nan,0.113585,nan,2.004033
9140,0.761475,0.652917,-13.314497,0.113571,35.004925,1.935650
9141,0.849466,0.845483,nan,0.113571,nan,2.119268
9142,0.684857,0.501951,-12.102679,0.113557,31.562004,1.779248
9143,1.112787,0.985135,nan,0.113557,nan,2.630487
9144,0.871540,0.888156,-13.211440,0.113543,33.167240,2.166098
9145,0.808333,0.748141,nan,0.113543,nan,2.056138
9146,0.808247,0.710952,-12.673801,0.113529,33.938942,2.046566
9147,0.799777,0.919089,nan,0.113529,nan,2.026105
9148,0.825365,0.603389,-11.537138,0.113515,33.417107,2.092305
9149,0.889268,0.872969,nan,0.113515,nan,2.190880
9150,1.009847,0.937310,-15.269651,0.113501,34.791946,2.468416
9151,1.129975,0.960556,nan,0.113501,nan,2.713321
9152,1.077634,0.960178,-14.279915,0.113487,32.820343,2.597409
9153,1.123276,0.936469,nan,0.113487,nan,2.693690
9154,0.880509,1.034357,-11.169201,0.113472,33.084534,2.187897
9155,1.030202,1.133846,nan,0.113472,nan,2.502135
9156,0.665742,0.475270,-10.422422,0.113458,33.120678,1.774505
9157,0.793482,0.730510,nan,0.113458,nan,1.981262
9158,0.685642,0.518860,-10.639749,0.113444,33.951702,1.779629
9159,0.665078,0.746292,nan,0.113444,nan,1.736722
9160,1.010844,0.981238,-12.571688,0.113430,33.472912,2.453695
9161,0.984898,0.870440,nan,0.113430,nan,2.399072
9162,0.769880,0.751770,-13.838434,0.113416,31.736488,1.944133
9163,0.623947,0.724682,nan,0.113416,nan,1.646677
9164,0.882860,0.854716,-11.621884,0.113403,32.559116,2.166036
9165,0.740981,0.725526,nan,0.113403,nan,1.829255
9166,0.662000,0.578603,-13.702585,0.113389,33.637695,1.727715
9167,0.678586,0.650788,nan,0.113389,nan,1.759118
9168,0.823673,0.835034,-12.479443,0.113375,33.022251,2.063368
9169,0.717392,0.729156,nan,0.113375,nan,1.829188
9170,0.876130,0.917999,-12.571325,0.113361,34.960884,2.166368
9171,0.741234,0.841188,nan,0.113361,nan,1.914634
9172,0.790361,0.886825,-11.251248,0.113347,35.215729,1.996375
9173,0.760807,0.931103,nan,0.113347,nan,1.944855
9174,0.885060,0.894171,-12.229694,0.113333,34.301479,2.180867
9175,0.675750,0.740995,nan,0.113333,nan,1.776140
9176,0.810388,1.030411,-12.406139,0.113318,34.195793,2.020367
9177,0.683274,0.632271,nan,0.113318,nan,1.798648
9178,0.693931,0.656381,-12.427950,0.113304,35.110661,1.821874
9179,0.636743,0.505601,nan,0.113304,nan,1.696636
9180,0.678584,0.614025,-12.764071,0.113290,34.659451,1.781064
9181,0.676831,0.678721,nan,0.113290,nan,1.789099
9182,0.585429,0.611686,-11.588482,0.113276,33.841038,1.579270
9183,0.592368,0.515854,nan,0.113276,nan,1.614149
9184,0.437216,0.524729,-11.958042,0.113262,33.852722,1.257560
9185,0.512506,0.624907,nan,0.113262,nan,1.403374
9186,0.713715,0.741597,-10.978994,0.113248,33.966797,1.836402
9187,0.790822,0.825606,nan,0.113248,nan,1.998398
9188,0.803112,0.705357,-12.594030,0.113234,32.197102,2.038992
9189,0.598222,0.571023,nan,0.113234,nan,1.593520
9190,0.658581,0.743522,-11.555067,0.113220,33.303669,1.732231
9191,0.615457,0.580358,nan,0.113220,nan,1.641247
9192,0.713997,0.648736,-12.737619,0.113206,33.379631,1.844715
9193,0.642297,0.389340,nan,0.113206,nan,1.711542
9194,0.342440,0.458289,-11.418974,0.113192,33.905342,1.061253
9195,1.071337,0.701942,nan,0.113192,nan,2.581852
9196,0.463439,0.288819,-12.548754,0.113178,33.537949,1.335818
9197,0.838701,1.158232,nan,0.113178,nan,2.090981
9198,0.731912,0.557058,-13.265407,0.113164,33.572392,1.876519
9199,0.731798,0.627365,nan,0.113164,nan,1.878100
9200,0.986130,0.756160,-12.100409,0.113150,34.458111,2.401192
9201,0.551316,0.761184,nan,0.113150,nan,1.471733
9202,1.027747,0.611070,-12.855042,0.113136,34.120079,2.479548
9203,1.035042,1.020676,nan,0.113136,nan,2.520439
9204,0.865543,0.747649,-12.881936,0.113122,34.177654,2.174699
9205,1.091456,0.680959,nan,0.113122,nan,2.642856
9206,0.873373,0.569883,-11.875664,0.113107,34.060326,2.147517
9207,0.736879,0.957129,nan,0.113107,nan,1.870769
9208,0.568864,0.908268,-11.488396,0.113093,33.722260,1.540492
9209,0.444792,0.609902,nan,0.113093,nan,1.237775
9210,0.556728,0.476483,-11.494448,0.113079,35.058929,1.504087
9211,0.775289,0.788065,nan,0.113079,nan,1.948122
9212,0.571834,0.465547,-11.940601,0.113065,33.860619,1.524930
9213,0.754026,0.835554,nan,0.113065,nan,1.922775
9214,0.551409,0.504609,-12.837361,0.113051,34.416855,1.507757
9215,0.822020,0.687452,nan,0.113051,nan,2.068202
9216,0.756368,0.700583,-10.198868,0.113037,33.843697,1.923279
9217,0.882335,0.732486,nan,0.113037,nan,2.194907
9218,0.527126,0.566318,-13.271578,0.113023,34.828766,1.477185
9219,1.451391,1.087821,nan,0.113023,nan,3.374169
9220,0.993334,0.705579,-11.292084,0.113009,34.481888,2.443823
9221,1.037696,0.817860,nan,0.113009,nan,2.551343
9222,0.824568,0.627349,-11.989973,0.112995,33.651009,2.093225
9223,0.804838,0.667407,nan,0.112995,nan,2.057229
9224,0.861169,0.710062,-11.161375,0.112981,34.024021,2.165354
9225,0.444969,0.443168,nan,0.112981,nan,1.305088
9226,0.724801,0.585002,-12.099012,0.112967,34.861786,1.868358
9227,0.895203,0.597408,nan,0.112967,nan,2.251458
9228,0.825149,0.744716,-12.633456,0.112953,32.377499,2.104453
9229,0.730931,0.668938,nan,0.112953,nan,1.902789
9230,1.009979,0.922429,-10.465016,0.112939,32.383667,2.435330
9231,0.793313,0.576788,nan,0.112939,nan,2.021638
9232,0.679932,0.681391,-13.138752,0.112925,35.288216,1.789662
9233,1.070989,0.907787,nan,0.112925,nan,2.583254
9234,1.087225,0.635722,-9.770401,0.112911,32.061813,2.624152
9235,0.813310,1.037860,nan,0.112911,nan,2.029765
9236,0.778295,0.712653,-11.515739,0.112897,33.393272,1.973064
9237,0.516045,0.915624,nan,0.112897,nan,1.415186
9238,0.757800,0.871736,-14.280682,0.112883,33.752159,1.964786
9239,0.597243,0.757651,nan,0.112883,nan,1.582976
9240,0.808901,0.793511,-10.941755,0.112869,32.998383,2.043380
9241,0.649930,0.810676,nan,0.112869,nan,1.716232
9242,0.617405,0.649032,-12.497705,0.112855,32.153915,1.632065
9243,0.770022,0.615187,nan,0.112855,nan,1.952510
9244,0.638397,0.628356,-12.148199,0.112841,33.320801,1.678740
9245,0.824537,0.661050,nan,0.112841,nan,2.067349
9246,0.653718,0.531691,-13.524339,0.112828,35.514488,1.700152
9247,0.675505,0.631456,nan,0.112828,nan,1.767858
9248,0.614619,0.413044,-11.149796,0.112814,33.256683,1.651431
9249,0.501201,0.630329,nan,0.112814,nan,1.375702
9250,0.596245,0.535405,-11.194664,0.112800,35.837887,1.566588
9251,0.506430,1.098403,nan,0.112800,nan,1.395948
9252,0.931964,0.993174,-12.569044,0.112786,35.460278,2.317184
9253,0.916667,0.925000,nan,0.112786,nan,2.261822
9254,0.527929,0.526352,-11.112240,0.112772,33.267387,1.456041
9255,0.909212,1.208854,nan,0.112772,nan,2.223926
9256,0.635824,0.859686,-13.655810,0.112758,34.781448,1.670713
9257,0.789833,0.587894,nan,0.112758,nan,1.975934
9258,0.718653,0.827433,-13.403517,0.112744,33.976635,1.863437
9259,0.668943,0.755251,nan,0.112744,nan,1.767450
9260,0.703255,0.595360,-10.877110,0.112730,34.627754,1.813458
9261,0.610630,0.531420,nan,0.112730,nan,1.595706
9262,1.021388,0.878189,-11.735789,0.112716,33.196632,2.464755
9263,0.920360,0.902998,nan,0.112716,nan,2.254241
9264,0.635139,0.752134,-12.784328,0.112702,35.759594,1.669872
9265,0.802630,0.605477,nan,0.112702,nan,2.025722
9266,0.728216,0.667981,-12.738186,0.112688,34.039730,1.857106
9267,0.903999,0.907205,nan,0.112688,nan,2.198112
9268,0.671791,0.544012,-13.158608,0.112674,37.385712,1.748797
9269,0.440313,0.350187,nan,0.112674,nan,1.264523
9270,0.647488,0.576060,-12.159742,0.112660,36.581249,1.681816
9271,0.583130,0.527544,nan,0.112660,nan,1.534374
9272,0.580168,0.469737,-12.560095,0.112646,36.039780,1.531308
9273,0.946527,0.920366,nan,0.112646,nan,2.252887
9274,0.574040,0.550902,-11.359587,0.112631,34.376934,1.501225
9275,0.519469,0.661170,nan,0.112631,nan,1.423915
9276,0.835928,0.650212,-11.268446,0.112617,32.824402,2.071743
9277,0.740150,0.737589,nan,0.112617,nan,1.849276
9278,1.015807,1.109800,-13.233212,0.112603,36.174973,2.463165
9279,0.826748,1.003565,nan,0.112603,nan,2.071530
9280,0.578431,0.709691,-11.484871,0.112589,34.512234,1.525906
9281,0.447817,0.307097,nan,0.112589,nan,1.232730
9282,0.636399,0.578288,-12.177069,0.112575,34.369480,1.627353
9283,0.785487,0.774211,nan,0.112575,nan,1.985922
9284,0.732882,0.643696,-12.455496,0.112561,35.066223,1.870609
9285,0.688095,0.634570,nan,0.112561,nan,1.790888
9286,0.745292,0.992995,-12.895853,0.112547,33.573521,1.870239
9287,0.898454,0.721097,nan,0.112547,nan,2.171543
9288,0.540756,0.565696,-13.820437,0.112532,35.578640,1.488438
9289,0.702039,0.689033,nan,0.112532,nan,1.829495
9290,0.644837,0.642076,-11.705152,0.112518,32.940105,1.694287
9291,0.546625,0.484060,nan,0.112518,nan,1.481722
9292,0.593821,0.388810,-12.429396,0.112504,34.659554,1.583556
9293,0.562528,0.591463,nan,0.112504,nan,1.495264
9294,0.626493,0.727647,-12.602179,0.112490,33.096336,1.637981
9295,1.463512,1.212170,nan,0.112490,nan,3.380349
9296,1.122740,0.912935,-13.130885,0.112476,34.435970,2.691169
9297,0.743972,0.696950,nan,0.112476,nan,1.879834
9298,0.764792,0.743581,-10.715925,0.112462,32.140118,1.938993
9299,0.757822,0.643452,nan,0.112462,nan,1.929410
9300,0.854473,0.847469,-12.919996,0.112448,35.971004,2.108058
9301,1.005924,0.918851,nan,0.112448,nan,2.457986
9302,0.882806,0.505819,-11.243170,0.112434,35.102509,2.200097
9303,0.701833,0.700180,nan,0.112434,nan,1.798664
9304,0.685187,0.512955,-12.398367,0.112420,36.371948,1.766305
9305,0.632165,0.729073,nan,0.112420,nan,1.658004
9306,0.587548,0.626001,-10.811970,0.112406,34.116516,1.554864
9307,0.855689,0.872751,nan,0.112406,nan,2.107597
9308,0.576299,0.578775,-11.785750,0.112392,34.554794,1.524026
9309,0.973579,1.067155,nan,0.112392,nan,2.336107
9310,0.755262,0.750593,-11.852135,0.112378,34.357864,1.897216
9311,0.622797,0.691533,nan,0.112378,nan,1.595541
9312,0.626952,0.751033,-12.689322,0.112364,35.296257,1.634859
9313,0.636492,0.711093,nan,0.112364,nan,1.687064
9314,0.644404,0.592622,-12.404028,0.112350,34.148193,1.673976
9315,0.832000,0.872229,nan,0.112350,nan,2.073973
9316,0.688428,0.897574,-12.658070,0.112336,33.535896,1.775678
9317,0.620354,0.694820,nan,0.112336,nan,1.606260
9318,0.789374,1.055989,-14.091759,0.112322,35.605789,1.962621
9319,0.572678,0.738013,nan,0.112322,nan,1.537667
9320,0.753102,0.669349,-11.124235,0.112308,34.178684,1.927345
9321,0.758851,0.674879,nan,0.112308,nan,1.944475
9322,0.926581,0.826991,-10.775808,0.112295,33.368233,2.228788
9323,0.661509,0.515697,nan,0.112295,nan,1.737791
9324,0.642261,0.736923,-13.075451,0.112281,35.750153,1.651128
9325,1.157602,1.114708,nan,0.112281,nan,2.750340
9326,0.978790,1.012851,-13.908338,0.112267,34.369942,2.384468
9327,1.103944,0.867927,nan,0.112267,nan,2.686164
9328,0.938138,1.007423,-11.503357,0.112253,34.023003,2.293216
9329,0.784718,0.989020,nan,0.112253,nan,1.968876
9330,0.976230,0.659861,-12.497049,0.112239,33.862827,2.371443
9331,0.877797,0.934088,nan,0.112239,nan,2.189211
9332,0.524039,0.797464,-11.522449,0.112225,35.008026,1.457287
9333,1.076903,0.779153,nan,0.112225,nan,2.607621
9334,0.756557,0.590496,-11.633057,0.112211,35.277992,1.927446
9335,0.894377,0.927315,nan,0.112211,nan,2.191689
9336,0.826413,0.762095,-11.338620,0.112197,31.374647,2.063766
9337,1.056137,1.098527,nan,0.112197,nan,2.530199
9338,0.942690,0.780908,-13.611555,0.112183,34.361290,2.334993
9339,0.864226,0.780672,nan,0.112183,nan,2.132826
9340,1.664279,1.077334,-11.309609,0.112169,34.720253,3.781555
9341,0.563104,0.682047,nan,0.112169,nan,1.509724
9342,0.872157,1.051436,-10.618996,0.112156,34.686714,2.146424
9343,0.721789,0.852503,nan,0.112156,nan,1.865948
9344,1.128549,0.955411,-12.259442,0.112142,34.369835,2.707714
9345,0.929581,1.073862,nan,0.112142,nan,2.255483
9346,0.902049,1.006393,-12.452783,0.112128,34.939293,2.217026
9347,0.738225,0.779079,nan,0.112128,nan,1.872597
9348,0.643905,0.992147,-11.938103,0.112114,34.301292,1.700395
9349,0.764012,0.866315,nan,0.112114,nan,1.950250
9350,0.679755,0.687296,-12.189159,0.112100,35.581917,1.771263
9351,0.700766,0.690980,nan,0.112100,nan,1.808681
9352,0.575048,0.828423,-12.333675,0.112086,33.671135,1.520133
9353,0.964856,0.709130,nan,0.112086,nan,2.363629
9354,0.744855,0.797920,-13.577979,0.112073,35.085594,1.890998
9355,0.928685,0.864296,nan,0.112073,nan,2.284450
9356,0.750979,0.921438,-12.967884,0.112059,34.544395,1.903516
9357,0.469648,0.607230,nan,0.112059,nan,1.277678
9358,0.617620,0.577647,-10.764374,0.112045,33.875298,1.606476
9359,0.593576,0.828932,nan,0.112045,nan,1.567060
9360,0.713127,0.789021,-11.339634,0.112031,34.414944,1.788172
9361,0.729449,0.798798,nan,0.112031,nan,1.866286
9362,0.507194,0.687695,-11.898522,0.112017,33.230167,1.378126
9363,0.882356,0.731975,nan,0.112017,nan,2.133919
9364,0.555410,0.555943,-13.286175,0.112003,35.419109,1.479970
9365,0.964789,0.818676,nan,0.112003,nan,2.351258
9366,0.706056,0.851498,-13.931976,0.111990,35.080338,1.808513
9367,0.602080,0.823858,nan,0.111990,nan,1.597939
9368,0.754134,0.620309,-10.717240,0.111976,33.924637,1.913247
9369,0.922771,0.820487,nan,0.111976,nan,2.246408
9370,0.855751,0.659092,-12.044846,0.111962,36.158394,2.092722
9371,0.800042,0.674723,nan,0.111962,nan,2.012069
9372,0.914654,0.906315,-13.099718,0.111948,32.460121,2.261714
9373,0.770014,0.808180,nan,0.111948,nan,1.964490
9374,0.679727,0.670623,-12.207705,0.111934,34.619305,1.768978
9375,0.856275,0.854811,nan,0.111934,nan,2.114146
9376,0.873045,0.943136,-12.339622,0.111921,32.289062,2.095329
9377,0.603811,0.796481,nan,0.111921,nan,1.638443
9378,0.610024,0.665450,-13.878527,0.111907,34.209793,1.626255
9379,0.885663,0.868474,nan,0.111907,nan,2.206920
9380,0.758118,0.788934,-12.047651,0.111893,34.162964,1.921007
9381,0.517269,0.441451,nan,0.111893,nan,1.399307
9382,0.753943,0.763591,-12.341194,0.111880,33.913563,1.895186
9383,0.569280,0.658540,nan,0.111880,nan,1.548319
9384,0.769358,0.766041,-11.551441,0.111866,34.601112,1.946005
9385,0.603849,0.540920,nan,0.111866,nan,1.583361
9386,0.963507,0.528163,-12.005915,0.111852,35.382248,2.348208
9387,0.580523,0.607216,nan,0.111852,nan,1.499037
9388,0.637152,0.679417,-12.682991,0.111839,33.646702,1.655018
9389,0.860371,0.782298,nan,0.111839,nan,2.142978
9390,0.782112,0.734760,-11.957508,0.111825,33.921932,1.966240
9391,0.597734,0.506878,nan,0.111825,nan,1.586321
9392,0.559309,0.633255,-13.731270,0.111811,34.462009,1.506886
9393,0.620771,0.476432,nan,0.111811,nan,1.640038
9394,0.695453,0.606384,-13.273997,0.111797,35.645020,1.799611
9395,1.171213,0.996509,nan,0.111797,nan,2.779849
9396,0.793986,0.754262,-11.829556,0.111784,36.061897,2.041850
9397,0.646073,0.650941,nan,0.111784,nan,1.675750
9398,0.798378,0.718733,-10.511042,0.111770,36.299866,1.969151
9399,0.794596,0.817403,nan,0.111770,nan,1.959550
9400,0.763745,0.637240,-14.699171,0.111756,35.446815,1.905915
9401,1.187995,1.237426,nan,0.111756,nan,2.828285
9402,1.589583,1.479414,-13.780396,0.111742,34.642666,3.652738
9403,1.206349,0.748435,nan,0.111742,nan,2.896586
9404,1.522090,0.936928,-11.991895,0.111728,35.871407,3.494615
9405,1.194357,0.788025,nan,0.111728,nan,2.813928
9406,1.021694,0.497394,-12.072690,0.111714,34.101490,2.447784
9407,1.048447,0.638417,nan,0.111714,nan,2.528569
9408,1.011576,0.634685,-12.579964,0.111701,33.354370,2.467331
9409,1.239421,0.948901,nan,0.111701,nan,2.905562
9410,0.699051,0.573581,-12.848772,0.111687,35.752472,1.805053
9411,1.033730,0.997399,nan,0.111687,nan,2.495936
9412,0.780947,0.538693,-12.374792,0.111673,34.836990,1.976341
9413,0.773975,0.786184,nan,0.111673,nan,1.927293
9414,0.702095,0.596243,-12.544920,0.111659,34.846687,1.740311
9415,1.083480,0.860022,nan,0.111659,nan,2.605832
9416,0.756571,0.383973,-11.024262,0.111645,35.707977,1.937046
9417,0.734595,1.093319,nan,0.111645,nan,1.832234
9418,0.844005,0.655576,-13.011688,0.111632,33.772926,2.074991
9419,0.871522,1.070179,nan,0.111632,nan,2.147453
9420,0.706957,0.890302,-12.804133,0.111618,34.625046,1.781747
9421,0.842675,0.962514,nan,0.111618,nan,2.061390
9422,0.566046,0.745980,-13.296122,0.111604,35.335651,1.492283
9423,0.750958,0.628728,nan,0.111604,nan,1.925270
9424,0.595537,0.740661,-12.151400,0.111590,37.680546,1.571686
9425,0.670625,0.766431,nan,0.111590,nan,1.715123
9426,0.556192,0.600382,-12.084780,0.111576,35.816120,1.488822
9427,0.747090,0.897057,nan,0.111576,nan,1.888367
9428,0.625752,0.832597,-13.049530,0.111562,36.438034,1.658062
9429,1.137314,1.209293,nan,0.111562,nan,2.680010
9430,0.730850,0.811501,-13.887962,0.111548,33.673615,1.850771
9431,0.826873,0.713275,nan,0.111548,nan,2.071675
9432,0.879914,0.650204,-11.707703,0.111535,32.554733,2.187402
9433,0.417220,0.459348,nan,0.111535,nan,1.186437
9434,0.946659,0.942766,-12.728106,0.111521,35.684494,2.287660
9435,0.472778,0.776486,nan,0.111521,nan,1.330716
9436,0.671073,0.937273,-11.742838,0.111507,33.039375,1.772654
9437,0.725164,0.721894,nan,0.111507,nan,1.853959
9438,0.613873,0.547660,-11.130380,0.111493,32.808815,1.601025
9439,1.119285,0.997357,nan,0.111493,nan,2.647490
9440,0.899080,0.600463,-12.253435,0.111480,34.034439,2.218674
9441,0.765001,0.670356,nan,0.111480,nan,1.925761
9442,0.839750,0.619351,-12.621277,0.111466,35.196045,2.086303
9443,0.667640,0.780004,nan,0.111466,nan,1.754824
9444,0.763569,0.960693,-12.264816,0.111452,35.967213,1.900315
9445,0.496236,0.496411,nan,0.111452,nan,1.385885
9446,0.896910,1.148897,-13.284868,0.111439,34.808632,2.201534
9447,0.776357,0.677016,nan,0.111439,nan,1.990849
9448,0.682254,0.738552,-12.256498,0.111425,36.516953,1.760425
9449,0.596323,0.637546,nan,0.111425,nan,1.548199
9450,0.508616,0.620003,-13.146711,0.111411,31.332355,1.362329
9451,0.841926,0.707269,nan,0.111411,nan,2.104821
9452,0.912719,0.458429,-11.603423,0.111398,35.600876,2.260915
9453,0.764990,0.672965,nan,0.111398,nan,1.941187
9454,0.711544,0.503752,-11.423140,0.111384,33.863831,1.830209
9455,0.665755,0.564697,nan,0.111384,nan,1.712102
9456,0.971516,0.779378,-12.395077,0.111370,35.005993,2.367676
9457,0.571862,0.463668,nan,0.111370,nan,1.516506
9458,1.153852,0.610691,-12.105139,0.111357,33.503845,2.741529
9459,1.155124,0.825286,nan,0.111357,nan,2.709566
9460,1.052267,0.544072,-13.219135,0.111343,33.567825,2.480780
9461,0.565834,0.778483,nan,0.111343,nan,1.507780
9462,0.825230,0.690267,-13.422569,0.111330,34.373123,2.087418
9463,0.977343,0.963523,nan,0.111330,nan,2.377965
9464,0.651607,0.476818,-12.067286,0.111316,35.466434,1.685563
9465,0.576434,0.499867,nan,0.111316,nan,1.553439
9466,0.687698,0.794827,-13.867796,0.111303,35.704102,1.728607
9467,0.775043,0.638416,nan,0.111303,nan,1.973392
9468,0.585974,0.523783,-13.186157,0.111289,36.265144,1.585310
9469,0.941309,0.491656,nan,0.111289,nan,2.289464
9470,0.650308,0.701109,-13.118038,0.111275,35.142532,1.690152
9471,0.821803,0.940616,nan,0.111275,nan,2.026709
9472,0.404427,0.505436,-11.954994,0.111262,32.988228,1.142197
9473,0.900451,1.186416,nan,0.111262,nan,2.235974
9474,0.763258,1.206335,-12.379244,0.111248,35.452507,1.947669
9475,0.499866,0.557714,nan,0.111248,nan,1.378286
9476,0.616266,0.801637,-12.742829,0.111234,35.114822,1.589214
9477,0.405674,0.713455,nan,0.111234,nan,1.189200
9478,0.925145,1.027689,-14.048012,0.111221,35.564999,2.210587
9479,0.856213,1.106209,nan,0.111221,nan,2.143471
9480,0.737489,1.011534,-11.397697,0.111207,36.013424,1.864250
9481,0.846134,1.069021,nan,0.111207,nan,2.100735
9482,0.665849,0.727565,-14.411776,0.111193,36.836288,1.725805
9483,1.673987,0.975781,nan,0.111193,nan,3.805154
9484,1.666290,1.058551,-14.080248,0.111180,34.840183,3.781834
9485,0.609895,1.004952,nan,0.111180,nan,1.637433
9486,0.820626,0.839940,-11.959873,0.111166,35.870789,2.062515
9487,0.761430,1.167581,nan,0.111166,nan,1.914093
9488,0.744419,1.041242,-13.273455,0.111152,34.979576,1.912630
9489,0.942446,0.830471,nan,0.111152,nan,2.320424
9490,0.733476,0.762155,-14.162674,0.111138,37.187614,1.887176
9491,0.852944,0.937111,nan,0.111138,nan,2.125480
9492,0.583686,0.656271,-13.709433,0.111124,33.735504,1.564317
9493,0.644239,0.732541,nan,0.111124,nan,1.647448
9494,0.676901,0.548214,-12.356511,0.111111,36.803139,1.764893
9495,0.819447,0.853422,nan,0.111111,nan,2.047410
9496,0.730533,0.888267,-14.620983,0.111097,35.283264,1.850568
9497,0.562924,0.588026,nan,0.111097,nan,1.505158
9498,0.715711,0.567516,-13.527544,0.111083,36.112114,1.820474
9499,0.690158,0.713597,nan,0.111083,nan,1.819401
9500,0.724559,0.623810,-12.984484,0.111069,34.528782,1.882275
9501,0.941519,1.043324,nan,0.111069,nan,2.277389
9502,0.780754,0.707834,-13.848572,0.111056,32.686188,1.954407
9503,0.555024,0.738757,nan,0.111056,nan,1.505047
9504,0.838537,0.722400,-14.447386,0.111042,36.614296,2.138982
9505,0.725118,0.734513,nan,0.111042,nan,1.825299
9506,0.592088,0.687126,-12.952876,0.111028,36.359741,1.575348
9507,0.489087,0.574303,nan,0.111028,nan,1.364953
9508,0.671105,0.660868,-11.639943,0.111014,35.707809,1.719925
9509,0.768986,0.579508,nan,0.111014,nan,1.963827
9510,0.652833,0.572947,-13.014252,0.111001,35.293850,1.678371
9511,0.587936,0.559452,nan,0.111001,nan,1.561865
9512,0.670177,0.552145,-12.489779,0.110987,34.890900,1.738497
9513,0.714167,0.673071,nan,0.110987,nan,1.856661
9514,0.619174,0.627841,-13.790354,0.110973,34.293125,1.618864
9515,1.111740,1.023448,nan,0.110973,nan,2.625929
9516,0.703007,0.611715,-12.853992,0.110960,34.817024,1.791217
9517,0.597834,0.619934,nan,0.110960,nan,1.576259
9518,0.529761,0.539530,-12.248309,0.110946,37.163887,1.441375
9519,1.106362,0.628352,nan,0.110946,nan,2.615402
9520,1.198295,0.941693,-12.240313,0.110932,36.182644,2.788493
9521,0.690861,0.981998,nan,0.110932,nan,1.803911
9522,0.903016,0.920888,-14.662830,0.110918,35.059784,2.205283
9523,0.678772,0.696267,nan,0.110918,nan,1.751230
9524,0.785989,1.012997,-13.290825,0.110905,35.954010,1.978715
9525,0.507008,0.577937,nan,0.110905,nan,1.404330
9526,0.670597,0.944314,-12.861451,0.110891,35.852264,1.734046
9527,1.171988,0.628032,nan,0.110891,nan,2.763803
9528,1.073126,0.760666,-13.986324,0.110877,36.339203,2.559029
9529,0.917219,0.800604,nan,0.110877,nan,2.278529
9530,0.565176,0.535066,-13.175405,0.110863,32.306850,1.501305
9531,0.650272,0.534453,nan,0.110863,nan,1.700258
9532,0.468209,0.540468,-12.777212,0.110850,35.402344,1.312950
9533,0.725039,0.527127,nan,0.110850,nan,1.858436
9534,0.923282,0.700392,-13.358671,0.110836,35.867619,2.239327
9535,0.740082,0.674104,nan,0.110836,nan,1.883636
9536,0.681623,0.592240,-13.345491,0.110822,34.276791,1.731601
9537,0.884753,0.620595,nan,0.110822,nan,2.174200
9538,0.603858,0.618864,-13.629045,0.110809,35.640419,1.614797
9539,0.917471,0.864516,nan,0.110809,nan,2.254650
9540,0.416590,0.335406,-10.248640,0.110795,36.846413,1.178352
9541,0.837468,0.782161,nan,0.110795,nan,2.093084
9542,1.353270,1.060967,-11.901436,0.110781,35.243568,3.146483
9543,0.598781,0.578931,nan,0.110781,nan,1.591066
9544,0.846807,0.768221,-14.119356,0.110768,36.386471,2.055016
9545,0.900057,0.802253,nan,0.110768,nan,2.230624
9546,0.885985,0.649474,-12.401346,0.110754,35.297550,2.208034
9547,0.718997,0.518138,nan,0.110754,nan,1.824589
9548,0.629248,0.467038,-13.695745,0.110740,34.858444,1.681708
9549,0.943871,0.707862,nan,0.110740,nan,2.310620
9550,1.223623,1.094139,-11.631087,0.110727,35.858459,2.848301
9551,0.685264,0.729511,nan,0.110727,nan,1.739889
9552,0.973029,0.850959,-13.852657,0.110713,37.067108,2.334909
9553,1.563569,0.694113,nan,0.110713,nan,3.585079
9554,1.425086,0.939275,-14.215822,0.110699,36.574852,3.326250
9555,0.596037,0.481998,nan,0.110699,nan,1.601255
9556,0.955005,0.685332,-10.876273,0.110685,35.655418,2.302473
9557,0.769531,0.692261,nan,0.110685,nan,1.937662
9558,0.735167,0.698991,-13.413640,0.110672,36.427826,1.866141
9559,1.046258,0.802489,nan,0.110672,nan,2.533268
9560,0.911945,0.894660,-12.219618,0.110658,36.711372,2.250340
9561,0.647281,0.761059,nan,0.110658,nan,1.667176
9562,0.548655,0.571356,-11.547329,0.110644,36.494705,1.441335
9563,0.605160,0.604006,nan,0.110644,nan,1.596621
9564,0.963701,0.955378,-12.603874,0.110630,36.030075,2.347201
9565,1.036973,1.104810,nan,0.110630,nan,2.488266
9566,0.743383,0.697946,-13.444028,0.110617,34.899452,1.933860
9567,0.706354,0.480890,nan,0.110617,nan,1.872959
9568,0.474875,0.539700,-11.522676,0.110603,37.207222,1.355211
9569,0.784033,0.592527,nan,0.110603,nan,2.001088
9570,0.877263,0.783800,-13.205819,0.110589,36.790741,2.164770
9571,0.532126,0.595876,nan,0.110589,nan,1.474649
9572,0.889212,0.914012,-12.759569,0.110575,38.086788,2.192701
9573,0.380549,0.390677,nan,0.110575,nan,1.103704
9574,0.901896,1.110374,-13.396427,0.110561,35.867004,2.208046
9575,0.908128,0.882519,nan,0.110561,nan,2.198609
9576,0.732460,0.800581,-13.415804,0.110547,36.627064,1.854952
9577,0.593427,0.567182,nan,0.110547,nan,1.595340
9578,0.561078,0.515313,-11.426255,0.110534,34.558563,1.484304
9579,0.699087,0.609690,nan,0.110534,nan,1.788291
9580,0.687507,0.707591,-12.291883,0.110520,35.153931,1.785083
9581,0.994921,0.725823,nan,0.110520,nan,2.388183
9582,0.549864,0.645424,-12.205521,0.110506,34.940056,1.447026
9583,0.803291,0.993676,nan,0.110506,nan,1.947317
9584,0.588374,0.446782,-10.985865,0.110492,35.316910,1.576682
9585,0.801480,0.565434,nan,0.110492,nan,1.998883
9586,0.882716,0.967747,-11.927228,0.110479,36.113010,2.151500
9587,0.631334,0.929411,nan,0.110479,nan,1.637352
9588,0.546096,0.553188,-11.844320,0.110465,34.427025,1.514598
9589,0.862418,0.993748,nan,0.110465,nan,2.120383
9590,0.825357,0.819952,-13.278585,0.110451,35.503262,2.036503
9591,0.684832,0.572738,nan,0.110451,nan,1.785520
9592,0.794498,0.689225,-12.716068,0.110438,35.177299,1.980068
9593,0.668174,0.735999,nan,0.110438,nan,1.744077
9594,0.580126,0.482613,-11.869442,0.110424,34.135937,1.533711
9595,0.864453,0.846302,nan,0.110424,nan,2.132820
9596,0.958127,0.589639,-12.893801,0.110411,34.563511,2.370296
9597,1.796417,0.870226,nan,0.110411,nan,4.054525
9598,1.884790,0.965920,-12.703947,0.110397,37.176571,4.230397
9599,1.290458,0.630781,nan,0.110397,nan,3.035826
9600,0.922628,0.943326,-11.850800,0.110383,36.720802,2.252188
9601,1.063345,0.775048,nan,0.110383,nan,2.583606
9602,0.771254,0.746241,-12.249834,0.110370,37.576664,1.943153
9603,0.851277,0.561620,nan,0.110370,nan,2.180039
9604,0.942160,1.055987,-13.442430,0.110356,33.621635,2.335933
9605,0.681558,0.744983,nan,0.110356,nan,1.806117
9606,0.606890,0.696101,-13.915152,0.110343,36.652630,1.653521
9607,0.643489,0.607681,nan,0.110343,nan,1.698114
9608,0.970021,0.906987,-12.267786,0.110329,36.563641,2.299614
9609,0.601771,0.530715,nan,0.110329,nan,1.573066
9610,0.683283,0.576522,-11.754498,0.110315,35.210922,1.777543
9611,0.409351,0.425379,nan,0.110315,nan,1.185720
9612,0.876881,0.694707,-12.526415,0.110302,34.661522,2.181060
9613,1.248387,0.656647,nan,0.110302,nan,2.913120
9614,0.777933,0.500902,-12.418675,0.110288,35.997101,1.978890
9615,0.627406,0.767564,nan,0.110288,nan,1.692554
9616,0.593361,0.695355,-11.755836,0.110275,34.096748,1.589775
9617,0.716184,0.838409,nan,0.110275,nan,1.796319
9618,0.592989,0.624024,-13.252585,0.110261,35.337357,1.611581
9619,1.539088,0.829171,nan,0.110261,nan,3.557644
9620,1.532708,1.120661,-13.202484,0.110248,35.802757,3.543723
9621,0.988921,1.215675,nan,0.110248,nan,2.433822
9622,0.861810,0.990518,-10.873528,0.110234,35.051292,2.140563
9623,1.505092,0.852131,nan,0.110234,nan,3.489661
9624,0.833634,0.531345,-11.709991,0.110221,35.209877,2.098870
9625,0.871726,0.576130,nan,0.110221,nan,2.221195
9626,0.809082,0.682314,-13.081902,0.110207,33.658745,2.076365
9627,0.839514,0.768384,nan,0.110207,nan,2.084286
9628,0.732325,0.728309,-12.502142,0.110194,35.863018,1.861677
9629,0.726792,0.686227,nan,0.110194,nan,1.836800
9630,0.579558,0.515293,-14.600036,0.110180,36.203331,1.560560
9631,1.019128,0.819646,nan,0.110180,nan,2.524588
9632,1.039191,0.532291,-11.762257,0.110167,35.198708,2.572360
9633,0.847355,0.542924,nan,0.110167,nan,2.141554
9634,1.111603,0.961112,-12.423590,0.110154,34.211086,2.668262
9635,0.718187,0.710300,nan,0.110154,nan,1.853142
9636,0.693874,0.612004,-11.032073,0.110140,35.883511,1.806844
9637,0.541696,0.450043,nan,0.110140,nan,1.480941
9638,0.588512,0.378366,-13.014557,0.110127,36.531776,1.572976
9639,0.769649,0.664077,nan,0.110127,nan,1.988647
9640,0.766373,0.373198,-11.895474,0.110113,34.578106,1.998616
9641,0.912064,0.702326,nan,0.110113,nan,2.295264
9642,0.752506,0.555366,-12.179132,0.110100,34.455353,1.925902
9643,0.593373,0.322522,nan,0.110100,nan,1.606736
9644,0.798100,0.615861,-13.341464,0.110086,36.737339,2.034972
9645,0.377044,0.414537,nan,0.110086,nan,1.137236
9646,0.846134,0.668051,-13.485766,0.110073,33.821609,2.094504
9647,0.718662,0.525415,nan,0.110073,nan,1.853376
9648,2.915781,0.591594,-10.382650,0.110060,38.363815,6.311521
9649,0.971606,0.896553,nan,0.110060,nan,2.366325
9650,0.751270,0.531887,-11.180936,0.110046,34.424927,1.912603
9651,0.920125,0.775627,nan,0.110046,nan,2.285603
9652,0.656294,0.687049,-14.958290,0.110033,36.000572,1.771708
9653,0.881084,0.806566,nan,0.110033,nan,2.216529
9654,0.447903,0.386193,-12.206184,0.110019,36.022530,1.304266
9655,0.741360,0.595687,nan,0.110019,nan,1.864630
9656,0.811205,0.579447,-13.673391,0.110006,36.776981,2.058973
9657,0.938406,0.920164,nan,0.110006,nan,2.371693
9658,0.860950,0.685535,-13.252272,0.109992,35.442474,2.221487
9659,0.607313,0.497646,nan,0.109992,nan,1.662901
9660,0.829049,0.750996,-11.328068,0.109979,34.602146,2.120097
9661,0.734478,0.850173,nan,0.109979,nan,1.871866
9662,1.019463,0.804712,-11.266020,0.109966,36.019096,2.514946
9663,0.671013,0.643371,nan,0.109966,nan,1.771506
9664,0.508229,0.465488,-13.770103,0.109952,39.167137,1.446591
9665,0.660865,0.864031,nan,0.109952,nan,1.775735
9666,0.910634,0.656656,-11.384705,0.109938,36.578438,2.285690
9667,0.741925,0.958366,nan,0.109938,nan,1.874701
9668,0.707822,0.758900,-13.845917,0.109925,35.776272,1.835494
9669,1.644497,1.081129,nan,0.109925,nan,3.775152
9670,1.422865,1.113243,-15.115086,0.109911,35.941166,3.342133
9671,1.295517,1.403908,nan,0.109911,nan,3.095051
9672,0.919289,0.912801,-11.136228,0.109898,36.471481,2.312035
9673,0.894008,0.722652,nan,0.109898,nan,2.226297
9674,0.797858,0.744463,-12.970601,0.109884,35.365673,1.962821
9675,0.765344,0.774330,nan,0.109884,nan,1.987287
9676,0.786734,0.941010,-12.284638,0.109871,35.058128,2.042286
9677,0.783251,0.668921,nan,0.109871,nan,2.018392
9678,0.719842,0.834504,-12.511561,0.109857,36.010551,1.855024
9679,0.714467,0.817785,nan,0.109857,nan,1.853657
9680,0.851568,0.752213,-13.145067,0.109844,36.395340,2.130272
9681,0.726520,0.757385,nan,0.109844,nan,1.892827
9682,0.784770,0.672105,-11.830877,0.109830,35.730301,2.028639
9683,1.064985,0.973832,nan,0.109830,nan,2.575713
9684,1.211093,0.840622,-12.645325,0.109817,35.521549,2.887555
9685,0.941611,0.947985,nan,0.109817,nan,2.353389
9686,1.023935,0.761338,-13.204275,0.109804,35.446262,2.527733
9687,0.606841,0.543495,nan,0.109804,nan,1.657579
9688,0.623861,0.608602,-12.060039,0.109790,35.884842,1.696445
9689,0.995355,0.826295,nan,0.109790,nan,2.407703
9690,0.568219,0.565456,-12.638859,0.109777,36.087730,1.555390
9691,0.726814,0.782367,nan,0.109777,nan,1.868558
9692,0.685988,1.055290,-11.946992,0.109763,36.205376,1.748193
9693,0.632347,0.644705,nan,0.109763,nan,1.696941
9694,0.810206,0.596973,-11.480888,0.109750,36.139923,2.075539
9695,0.730516,0.738205,nan,0.109750,nan,1.858626
9696,0.681989,0.664553,-14.291338,0.109736,35.320786,1.828929
9697,0.689820,0.659701,nan,0.109736,nan,1.856791
9698,0.826607,0.838237,-12.895967,0.109723,34.343819,2.088437
9699,1.113724,0.885140,nan,0.109723,nan,2.673969
9700,0.644079,0.743188,-13.469500,0.109710,35.653473,1.669702
9701,2.423751,0.775450,nan,0.109710,nan,5.360029
9702,3.371664,0.921730,-13.256745,0.109696,35.279144,7.258006
9703,1.229731,1.122000,nan,0.109696,nan,2.955446
9704,0.814633,0.800009,-12.850002,0.109683,35.990517,2.056788
9705,1.053840,0.921110,nan,0.109683,nan,2.544502
9706,0.908454,0.702424,-14.014414,0.109670,34.411640,2.229993
9707,0.968205,0.806553,nan,0.109670,nan,2.418901
9708,0.915574,0.579462,-11.799779,0.109656,37.464493,2.325791
9709,0.606966,0.636576,nan,0.109656,nan,1.625108
9710,0.760988,0.682822,-12.018834,0.109643,35.954834,1.940697
9711,1.002769,0.939005,nan,0.109643,nan,2.506446
9712,0.659934,0.616464,-12.250822,0.109629,37.657803,1.784425
9713,0.793324,0.727543,nan,0.109629,nan,1.991858
9714,0.755889,0.756627,-13.540228,0.109616,36.605148,1.933380
9715,0.862904,0.708517,nan,0.109616,nan,2.187748
9716,0.669412,0.629078,-13.666342,0.109603,36.780434,1.742915
9717,0.799735,0.654374,nan,0.109603,nan,2.046136
9718,0.827820,0.742449,-13.855953,0.109589,35.644325,2.061073
9719,0.639545,0.578427,nan,0.109589,nan,1.683411
9720,0.473615,0.499037,-12.102703,0.109576,37.633919,1.316267
9721,0.787058,0.739964,nan,0.109576,nan,1.999652
9722,0.680986,0.750655,-14.810325,0.109562,36.291912,1.745421
9723,1.080576,0.786079,nan,0.109562,nan,2.643274
9724,0.824504,0.921049,-14.137733,0.109549,38.158791,2.144662
9725,0.773864,0.716242,nan,0.109549,nan,1.937299
9726,0.725494,0.690631,-13.471703,0.109535,35.758904,1.856880
9727,0.708012,0.540518,nan,0.109535,nan,1.891923
9728,0.723496,0.665637,-13.302902,0.109522,35.809181,1.849953
9729,0.834785,0.719756,nan,0.109522,nan,2.092571
9730,0.562426,0.534386,-13.671503,0.109508,38.417393,1.558776
9731,0.457625,0.338547,nan,0.109508,nan,1.316323
9732,0.943688,0.723413,-12.079706,0.109494,37.129883,2.341581
9733,0.596197,0.926227,nan,0.109494,nan,1.633772
9734,0.716600,0.797042,-14.649240,0.109481,36.788185,1.884065
9735,0.663308,0.666010,nan,0.109481,nan,1.773618
9736,0.410614,0.532398,-12.440443,0.109467,36.855751,1.196778
9737,0.659911,0.575341,nan,0.109467,nan,1.754441
9738,0.692672,0.646360,-13.087354,0.109454,37.331558,1.784940
9739,0.954739,0.854394,nan,0.109454,nan,2.395214
9740,0.916050,0.912170,-12.238039,0.109440,36.938171,2.324669
9741,0.878008,0.842574,nan,0.109440,nan,2.209448
9742,1.060429,0.806054,-12.504669,0.109427,36.924335,2.537955
9743,0.683492,0.773366,nan,0.109427,nan,1.796611
9744,0.661218,0.354894,-14.135653,0.109413,37.586842,1.775373
9745,0.956232,0.874898,nan,0.109413,nan,2.399969
9746,0.617731,0.554811,-12.776360,0.109399,38.208817,1.643968
9747,0.527516,0.560525,nan,0.109399,nan,1.430432
9748,1.104584,0.915754,-13.056631,0.109386,38.183540,2.629785
9749,0.596017,0.716281,nan,0.109386,nan,1.596153
9750,0.593566,0.683227,-11.444317,0.109372,37.734314,1.605589
9751,0.810107,0.908226,nan,0.109372,nan,2.056865
9752,0.652498,0.551046,-11.700698,0.109358,36.556046,1.744076
9753,0.616414,0.621454,nan,0.109358,nan,1.616321
9754,0.762020,0.739298,-14.711624,0.109344,39.394573,1.922093
9755,1.530843,0.965438,nan,0.109344,nan,3.556408
9756,1.319846,0.845263,-15.537343,0.109331,38.521202,3.098418
9757,1.135035,1.228603,nan,0.109331,nan,2.758668
9758,1.161683,1.156512,-13.658655,0.109317,34.620113,2.768974
9759,1.011895,0.893444,nan,0.109317,nan,2.472097
9760,0.546673,0.488717,-12.658682,0.109303,37.022087,1.492214
9761,0.795113,0.797353,nan,0.109303,nan,1.990494
9762,0.857989,0.707597,-15.354569,0.109290,36.055779,2.160023
9763,1.057308,1.014672,nan,0.109290,nan,2.582409
9764,0.704097,0.677530,-13.776932,0.109276,35.288609,1.864772
9765,0.810808,0.731100,nan,0.109276,nan,2.101368
9766,0.759337,0.752375,-13.965313,0.109263,35.858696,1.970188
9767,0.878277,0.808757,nan,0.109263,nan,2.194851
9768,0.744280,0.576451,-13.300160,0.109249,36.336166,1.926593
9769,0.885673,0.623662,nan,0.109249,nan,2.229681
9770,0.517660,0.352198,-13.103638,0.109236,36.864044,1.449423
9771,0.555619,0.435282,nan,0.109236,nan,1.482646
9772,0.630255,0.585666,-13.303380,0.109222,35.615200,1.659796
9773,0.774294,0.816840,nan,0.109222,nan,1.963331
9774,0.600184,0.528046,-12.783794,0.109209,34.256832,1.582311
9775,0.790075,1.101061,nan,0.109209,nan,2.025207
9776,0.822672,0.923191,-13.325010,0.109195,35.442711,2.061980
9777,0.662774,0.661537,nan,0.109195,nan,1.759897
9778,0.818246,0.741729,-12.966994,0.109182,34.361740,2.039316
9779,0.766145,0.817816,nan,0.109182,nan,1.936347
9780,0.749770,0.646737,-13.971519,0.109169,35.428635,1.911065
9781,0.617845,0.649509,nan,0.109169,nan,1.593847
9782,0.692759,0.869425,-13.508949,0.109156,35.199963,1.804508
9783,0.720478,0.651433,nan,0.109156,nan,1.850748
9784,0.654910,0.652087,-14.328384,0.109142,38.047035,1.733248
9785,0.674564,0.624496,nan,0.109142,nan,1.781264
9786,0.768297,0.843102,-13.782549,0.109129,38.675140,1.933279
9787,0.790956,0.669065,nan,0.109129,nan,1.994239
9788,0.576104,0.684575,-12.812532,0.109115,35.632729,1.523037
9789,0.687865,0.785585,nan,0.109115,nan,1.755719
9790,0.924599,0.648886,-14.119844,0.109102,39.025955,2.291670
9791,0.791016,0.659747,nan,0.109102,nan,2.022964
9792,0.455150,0.460654,-12.182632,0.109089,34.925503,1.335060
9793,0.385061,0.453826,nan,0.109089,nan,1.158042
9794,0.858573,0.804389,-12.948984,0.109075,37.282417,2.154022
9795,0.770438,0.753965,nan,0.109075,nan,1.963485
9796,0.658712,0.466110,-13.911044,0.109062,39.082733,1.751536
9797,0.640189,0.448093,nan,0.109062,nan,1.711288
9798,0.567100,0.355713,-12.789134,0.109048,37.566177,1.563918
9799,0.969764,0.742053,nan,0.109048,nan,2.393563
9800,0.461569,0.306232,-12.998906,0.109035,36.370903,1.330983
9801,0.795969,0.576023,nan,0.109035,nan,2.036670
9802,0.961274,0.552072,-12.663026,0.109021,35.950035,2.387078
9803,0.788133,0.707779,nan,0.109021,nan,2.005309
9804,0.312002,0.202441,-12.926088,0.109008,35.085453,0.989484
9805,0.775454,0.695251,nan,0.109008,nan,1.967281
9806,0.685122,0.642631,-14.693920,0.108995,37.719666,1.788336
9807,0.744131,0.568414,nan,0.108995,nan,1.943976
9808,0.717868,0.645003,-13.353365,0.108981,34.873970,1.847115
9809,0.376157,0.279639,nan,0.108981,nan,1.179453
9810,2.070658,1.128993,-11.694519,0.108968,38.014679,4.605984
9811,0.972279,0.528091,nan,0.108968,nan,2.404768
9812,1.314013,0.877933,-12.660622,0.108955,35.897854,3.085886
9813,0.491520,0.443476,nan,0.108955,nan,1.361243
9814,0.569326,0.349810,-13.197851,0.108941,38.337933,1.558241
9815,0.712159,0.640195,nan,0.108941,nan,1.840323
9816,0.547601,0.413853,-12.549969,0.108928,36.822803,1.513091
9817,0.842126,0.687407,nan,0.108928,nan,2.143699
9818,0.730615,0.635348,-13.817330,0.108914,36.092323,1.914159
9819,0.611630,0.547140,nan,0.108914,nan,1.635393
9820,0.449279,0.382392,-12.908659,0.108901,35.907825,1.309652
9821,0.621405,0.540852,nan,0.108901,nan,1.658969
9822,0.520902,0.491304,-14.511700,0.108888,37.759937,1.445290
9823,0.877792,0.609241,nan,0.108888,nan,2.222651
9824,0.487723,0.412661,-12.261395,0.108874,36.756798,1.379969
9825,0.646188,0.523389,nan,0.108874,nan,1.713687
9826,0.623348,0.453323,-13.156113,0.108861,36.324173,1.652193
9827,0.507600,0.548614,nan,0.108861,nan,1.426079
9828,0.818970,0.776858,-13.959896,0.108848,37.526398,2.107647
9829,0.827714,0.488386,nan,0.108848,nan,2.087037
9830,0.533204,0.581049,-13.170331,0.108834,34.533348,1.462305
9831,0.539041,0.276783,nan,0.108834,nan,1.502331
9832,0.656155,0.434406,-12.626988,0.108821,36.795406,1.734297
9833,0.748394,0.716946,nan,0.108821,nan,1.943960
9834,0.589775,0.446512,-14.758423,0.108808,37.213890,1.619381
9835,0.414153,0.419029,nan,0.108808,nan,1.206982
9836,0.732089,0.653769,-13.816578,0.108794,37.111343,1.905536
9837,0.799117,0.730765,nan,0.108794,nan,2.025337
9838,0.771365,0.653985,-13.154468,0.108781,36.721668,1.969368
9839,1.132533,0.827029,nan,0.108781,nan,2.737287
9840,1.100900,0.753532,-14.624641,0.108768,33.645119,2.669527
9841,0.863056,0.724588,nan,0.108768,nan,2.210236
9842,0.619091,0.407803,-13.424359,0.108754,37.895657,1.671729
9843,0.922214,0.539524,nan,0.108754,nan,2.309594
9844,1.052402,0.686271,-14.316061,0.108741,37.411087,2.544170
9845,0.845552,0.461217,nan,0.108741,nan,2.170693
9846,1.062467,0.749305,-13.746110,0.108728,33.254799,2.606718
9847,1.073762,0.933084,nan,0.108728,nan,2.629156
9848,0.548493,0.501363,-12.683290,0.108715,35.235832,1.530277
9849,0.896597,0.620362,nan,0.108715,nan,2.247872
9850,0.828276,0.719067,-14.450758,0.108702,36.443962,2.097786
9851,0.869062,0.863103,nan,0.108702,nan,2.222849
9852,0.725087,0.801637,-14.340956,0.108689,35.607574,1.909502
9853,0.820971,0.760674,nan,0.108689,nan,2.060039
9854,0.600456,0.487604,-13.094191,0.108675,36.476013,1.656764
9855,0.814142,0.497996,nan,0.108675,nan,2.057698
9856,0.804758,0.622456,-14.135770,0.108662,36.781616,2.047482
9857,1.013049,0.839547,nan,0.108662,nan,2.491374
9858,0.805029,0.727815,-14.534744,0.108649,38.125305,2.067091
9859,0.649048,0.689275,nan,0.108649,nan,1.759120
9860,1.046505,0.806289,-13.068492,0.108636,36.447357,2.528656
9861,0.774371,0.608962,nan,0.108636,nan,2.010844
9862,0.793850,0.534573,-12.483115,0.108623,34.627609,2.035740
9863,0.682528,0.732988,nan,0.108623,nan,1.787319
9864,0.649369,0.602155,-13.168720,0.108610,36.792358,1.727807
9865,0.553694,0.648489,nan,0.108610,nan,1.546984
9866,0.599799,0.725848,-13.686846,0.108597,34.819443,1.617962
9867,0.850314,0.694360,nan,0.108597,nan,2.126498
9868,0.423294,0.466888,-13.820509,0.108583,37.524475,1.265686
9869,0.481468,0.334315,nan,0.108583,nan,1.411118
9870,0.814463,0.478795,-11.461330,0.108570,37.687004,2.060341
9871,0.868383,0.586450,nan,0.108570,nan,2.151819
9872,0.760387,0.428007,-13.075294,0.108557,38.885921,2.006542
9873,0.818062,0.462196,nan,0.108557,nan,2.108648
9874,0.506354,0.498279,-11.838767,0.108544,35.842117,1.423626
9875,0.776221,0.321469,nan,0.108544,nan,2.031610
9876,0.653569,0.741506,-13.925919,0.108530,38.377129,1.684919
9877,0.972824,0.535882,nan,0.108530,nan,2.438169
9878,0.793022,0.388928,-12.046383,0.108517,36.361248,2.071391
9879,0.700580,0.997152,nan,0.108517,nan,1.857254
9880,0.539157,0.507858,-14.164186,0.108504,38.496353,1.499995
9881,0.951145,0.907691,nan,0.108504,nan,2.331008
9882,0.845179,1.038925,-13.048496,0.108491,35.078171,2.164355
9883,0.594286,0.438199,nan,0.108491,nan,1.615566
9884,1.059128,0.662870,-15.061825,0.108477,39.097065,2.589589
9885,0.585530,0.485849,nan,0.108477,nan,1.586488
9886,0.956190,0.735319,-14.420624,0.108464,38.003471,2.375500
9887,0.771446,0.511335,nan,0.108464,nan,2.020265
9888,0.548491,0.491852,-14.007369,0.108451,37.376076,1.510716
9889,0.453208,0.388398,nan,0.108451,nan,1.325278
9890,0.755837,0.601710,-14.807293,0.108437,37.933777,1.944603
9891,0.798741,0.775510,nan,0.108437,nan,2.071466
9892,0.840017,0.803472,-15.828719,0.108424,36.767113,2.151986
9893,0.505426,0.444302,nan,0.108424,nan,1.453834
9894,0.920923,0.583558,-13.229792,0.108411,35.926521,2.304884
9895,0.700776,0.779390,nan,0.108411,nan,1.803364
9896,0.968448,0.627610,-14.627165,0.108397,36.616859,2.370211
9897,0.564481,0.530072,nan,0.108397,nan,1.566582
9898,0.890798,0.618858,-14.162675,0.108384,38.198952,2.238420
9899,0.785508,0.593903,nan,0.108384,nan,2.043822
9900,0.849748,0.541834,-14.890411,0.108371,37.861694,2.137311
9901,0.712797,0.697449,nan,0.108371,nan,1.871663
9902,0.786897,0.630734,-14.616049,0.108357,38.807968,2.002560
9903,0.534209,0.434893,nan,0.108357,nan,1.504030
9904,1.095107,0.799036,-13.485380,0.108344,37.679104,2.631656
9905,0.956949,1.010178,nan,0.108344,nan,2.337895
9906,0.535681,0.696616,-14.014640,0.108331,38.560726,1.487371
9907,0.634759,0.450049,nan,0.108331,nan,1.675934
9908,0.980536,0.913305,-15.538615,0.108317,37.189590,2.393155
9909,0.746390,0.510541,nan,0.108317,nan,1.933686
9910,0.758902,0.671759,-13.771674,0.108304,37.014336,1.968863
9911,0.836023,0.535067,nan,0.108304,nan,2.125664
9912,0.673611,0.499810,-13.987711,0.108290,36.397572,1.774679
9913,0.756457,0.692213,nan,0.108290,nan,1.983577
9914,0.718601,0.651947,-13.474134,0.108277,36.801201,1.902399
9915,0.654455,0.650829,nan,0.108277,nan,1.714170
9916,0.842036,0.657964,-14.579932,0.108264,37.447594,2.148188
9917,0.688354,0.600039,nan,0.108264,nan,1.820296
9918,0.869647,0.757637,-15.629779,0.108251,36.570107,2.180311
9919,0.670382,0.478872,nan,0.108251,nan,1.780802
9920,0.761686,0.598948,-14.370996,0.108237,37.819740,1.957960
9921,0.636833,0.531408,nan,0.108237,nan,1.685391
9922,0.312240,0.278844,-14.361777,0.108224,37.835434,1.017931
9923,0.936413,0.577778,nan,0.108224,nan,2.311547
9924,0.764905,0.606419,-14.812487,0.108211,34.431358,1.999613
9925,0.475389,0.499591,nan,0.108211,nan,1.376688
9926,0.497815,0.366464,-12.745664,0.108197,35.707790,1.405081
9927,0.641094,0.523650,nan,0.108197,nan,1.710617
9928,0.702951,0.678723,-14.871902,0.108184,34.488190,1.837630
9929,0.719178,0.580482,nan,0.108184,nan,1.874928
9930,0.799667,0.527685,-14.963923,0.108171,37.678635,2.060989
9931,0.662170,0.617942,nan,0.108171,nan,1.753681
9932,0.886937,0.495082,-13.950478,0.108158,36.141254,2.217115
9933,0.984716,0.784815,nan,0.108158,nan,2.407465
9934,0.850012,0.736159,-15.746965,0.108145,38.039215,2.165452
9935,0.858241,0.816977,nan,0.108145,nan,2.178521
9936,0.485541,0.523131,-14.102407,0.108132,38.646225,1.372017
9937,0.589437,0.638210,nan,0.108132,nan,1.592948
9938,0.460531,0.310300,-13.970343,0.108119,38.621418,1.342943
9939,0.601437,0.703424,nan,0.108119,nan,1.614437
9940,0.404951,0.297596,-14.676440,0.108105,34.802433,1.239055
9941,0.609338,0.598229,nan,0.108105,nan,1.645919
9942,0.818975,0.888910,-16.466921,0.108092,40.700703,2.087591
9943,0.496850,0.477683,nan,0.108092,nan,1.416846
9944,0.607244,0.509854,-14.297923,0.108079,36.376022,1.628296
9945,0.633319,0.559748,nan,0.108079,nan,1.682736
9946,0.767309,0.607213,-14.513947,0.108066,38.337933,1.985315
9947,0.638177,0.811668,nan,0.108066,nan,1.689097
9948,0.677789,0.522135,-13.614498,0.108052,38.138966,1.783342
9949,0.597851,0.465622,nan,0.108052,nan,1.636346
9950,0.571460,0.495458,-14.665591,0.108039,38.027374,1.582259
9951,0.539436,0.502972,nan,0.108039,nan,1.493814
9952,0.721928,0.662183,-15.971569,0.108026,35.712811,1.865040
9953,0.634108,0.487191,nan,0.108026,nan,1.720547
9954,0.767032,0.667579,-14.088836,0.108013,38.273804,1.978428
9955,0.431629,0.391072,nan,0.108013,nan,1.270911
9956,0.973057,0.842326,-13.475025,0.107999,39.836884,2.390715
9957,0.603291,0.451592,nan,0.107999,nan,1.652659
9958,0.692869,0.525355,-15.916174,0.107986,39.266113,1.835596
9959,1.146450,0.950312,nan,0.107986,nan,2.785063
9960,0.919521,0.740478,-13.570749,0.107972,37.275646,2.288465
9961,0.684899,0.732620,nan,0.107972,nan,1.809967
9962,1.005865,0.629616,-14.964186,0.107959,38.017670,2.483931
9963,0.569428,0.499346,nan,0.107959,nan,1.591315
9964,0.882945,0.704704,-15.424142,0.107946,35.619736,2.189953
9965,0.835119,0.553002,nan,0.107946,nan,2.121564
9966,0.700457,0.437649,-14.439293,0.107933,37.037239,1.841526
9967,0.939414,0.811535,nan,0.107933,nan,2.337383
9968,1.035187,0.620908,-14.741867,0.107919,36.832375,2.555206
9969,0.736443,0.693943,nan,0.107919,nan,1.895702
9970,0.882177,0.528876,-13.249659,0.107906,39.786003,2.211117
9971,0.486393,0.647249,nan,0.107906,nan,1.385520
9972,0.791122,0.617828,-16.490055,0.107893,38.443405,2.025349
9973,0.739787,0.724936,nan,0.107893,nan,1.885013
9974,0.478046,0.433686,-14.055780,0.107879,37.981800,1.404605
9975,0.851760,0.701072,nan,0.107879,nan,2.156999
9976,0.466819,0.567082,-13.651904,0.107866,36.589703,1.378659
9977,0.692114,0.421458,nan,0.107866,nan,1.819269
9978,0.589001,0.510265,-16.348661,0.107853,38.252773,1.603988
9979,0.556303,0.580205,nan,0.107853,nan,1.535404
9980,0.417241,0.591241,-13.067396,0.107839,35.540779,1.243456
9981,0.648861,0.834348,nan,0.107839,nan,1.668200
9982,0.544891,0.605817,-15.178741,0.107826,38.377327,1.478560
9983,0.852545,0.703669,nan,0.107826,nan,2.159060
9984,0.535820,0.513476,-15.283243,0.107813,37.490227,1.516937
9985,0.467633,0.493242,nan,0.107813,nan,1.327940
9986,0.570031,0.506941,-14.830185,0.107800,35.637001,1.553552
9987,0.817819,0.766938,nan,0.107800,nan,2.070425
9988,0.486164,0.389154,-14.779284,0.107787,37.500824,1.405053
9989,0.932138,0.833630,nan,0.107787,nan,2.312453
9990,0.863112,0.766215,-16.139406,0.107773,37.226768,2.157254
9991,0.751226,0.731017,nan,0.107773,nan,1.915675
9992,0.660329,0.635251,-15.316833,0.107760,36.989418,1.745582
9993,0.415192,0.521428,nan,0.107760,nan,1.263179
9994,0.620816,0.583442,-15.775064,0.107747,36.898972,1.672824
9995,0.832029,0.788731,nan,0.107747,nan,2.122449
9996,0.908654,0.696834,-15.239766,0.107734,36.232971,2.261031
9997,0.545807,0.528166,nan,0.107734,nan,1.520921
9998,0.502718,0.547143,-14.862848,0.107721,35.238060,1.431265
9999,0.466162,0.452418,nan,0.107721,nan,1.337476
10000,0.615227,0.435063,-14.835908,0.107708,37.172607,1.688692
10001,0.475106,0.362242,nan,0.107708,nan,1.370970
10002,0.696058,0.645062,-14.049407,0.107695,38.769131,1.795783
10003,0.786395,0.719042,nan,0.107695,nan,1.987162
10004,0.803495,0.538244,-15.390225,0.107682,37.435867,2.059770
10005,0.836371,0.580528,nan,0.107682,nan,2.126405
10006,0.461225,0.473056,-13.170197,0.107669,35.590324,1.302288
10007,1.043009,1.429224,nan,0.107669,nan,2.491385
10008,0.953297,1.138358,-14.525694,0.107656,37.084064,2.353591
10009,0.666746,0.455795,nan,0.107656,nan,1.782562
10010,0.622971,0.587692,-15.528533,0.107643,37.882263,1.658870
10011,0.579139,0.418935,nan,0.107643,nan,1.584897
10012,0.451284,0.466321,-14.358727,0.107630,38.645782,1.319106
10013,0.658092,0.679367,nan,0.107630,nan,1.724437
10014,0.539969,0.620692,-14.422074,0.107617,37.458527,1.494206
10015,0.443300,0.448644,nan,0.107617,nan,1.260534
10016,0.523515,0.455967,-15.037260,0.107603,37.955708,1.448686
10017,0.626449,0.601184,nan,0.107603,nan,1.689692
10018,0.549799,0.521249,-14.254485,0.107590,37.558342,1.491412
10019,0.637072,0.451228,nan,0.107590,nan,1.702437
10020,0.497389,0.508961,-15.969421,0.107577,36.184189,1.425642
10021,0.941382,0.660715,nan,0.107577,nan,2.373160
10022,0.732058,0.599248,-15.745084,0.107564,36.167774,1.908170
10023,0.614616,0.527373,nan,0.107564,nan,1.647571
10024,0.966376,0.664449,-15.783577,0.107551,36.085354,2.390733
10025,0.880791,0.612485,nan,0.107551,nan,2.224566
10026,0.504026,0.475656,-14.774773,0.107538,38.824482,1.456875
10027,0.484842,0.430851,nan,0.107538,nan,1.388882
10028,0.530333,0.437970,-15.265390,0.107525,37.079197,1.483760
10029,0.408016,0.435012,nan,0.107525,nan,1.240547
10030,0.954170,0.904071,-15.011883,0.107512,39.645878,2.358883
10031,0.531268,0.418758,nan,0.107512,nan,1.470675
10032,0.675190,0.577502,-15.511717,0.107499,36.017075,1.792456
10033,0.817377,0.724417,nan,0.107499,nan,2.063175
10034,0.523814,0.550855,-15.517714,0.107486,36.687256,1.434526
10035,0.727963,0.612095,nan,0.107486,nan,1.896367
10036,0.512188,0.561580,-14.722319,0.107473,38.785591,1.421400
10037,0.421296,0.424859,nan,0.107473,nan,1.216887
10038,0.745283,0.644349,-15.613563,0.107460,37.615879,1.912933
10039,0.527321,0.552168,nan,0.107460,nan,1.467915
10040,0.544435,0.610379,-15.057283,0.107447,39.819633,1.511549
10041,0.636890,0.658945,nan,0.107447,nan,1.689603
10042,0.812891,0.763724,-16.269922,0.107434,38.323181,2.053228
10043,0.795725,0.663255,nan,0.107434,nan,2.028078
10044,0.592493,0.529638,-15.809426,0.107420,38.141228,1.619766
10045,0.463157,0.368426,nan,0.107420,nan,1.333025
10046,0.465245,0.382130,-15.946936,0.107407,37.475822,1.346463
10047,0.515628,0.395650,nan,0.107407,nan,1.450284
10048,0.415646,0.368407,-15.255936,0.107394,37.094620,1.240353
10049,0.633940,0.541789,nan,0.107394,nan,1.707377
10050,0.356763,0.266180,-14.546768,0.107381,38.332993,1.126094
10051,0.587409,0.385954,nan,0.107381,nan,1.587178
10052,0.449603,0.383755,-15.263136,0.107368,39.964695,1.299882
10053,0.555749,0.541781,nan,0.107368,nan,1.536065
10054,0.637963,0.555388,-15.919369,0.107355,38.763237,1.678348
10055,0.782835,0.638506,nan,0.107355,nan,2.010861
10056,0.715237,0.630639,-14.315087,0.107341,38.268799,1.846538
10057,0.531440,0.543673,nan,0.107341,nan,1.467057
10058,0.592548,0.685127,-16.059551,0.107328,37.984909,1.580719
10059,0.765076,0.505290,nan,0.107328,nan,1.977664
10060,0.762564,0.607502,-16.497168,0.107315,39.164558,1.954151
10061,0.708945,0.650291,nan,0.107315,nan,1.847137
10062,0.652138,0.590162,-14.603765,0.107302,37.057121,1.742265
10063,0.646220,0.614377,nan,0.107302,nan,1.659956
10064,0.571606,0.444841,-15.920624,0.107289,37.023277,1.565539
10065,0.476710,0.456312,nan,0.107289,nan,1.354177
10066,0.564342,0.488322,-15.807299,0.107276,36.057846,1.545079
10067,0.806004,0.632044,nan,0.107276,nan,2.054265
10068,0.624386,0.420191,-16.644712,0.107262,37.991837,1.689262
10069,0.877119,0.771601,nan,0.107262,nan,2.212476
10070,0.798571,0.727730,-16.321266,0.107249,37.233101,2.045313
10071,0.505920,0.381323,nan,0.107249,nan,1.427844
10072,0.431692,0.603211,-16.198717,0.107236,39.393478,1.281341
10073,1.021522,0.640819,nan,0.107236,nan,2.520124
10074,1.561786,0.539951,-13.237508,0.107223,39.570560,3.610503
10075,1.274328,0.818468,nan,0.107223,nan,3.016274
10076,0.642217,0.685827,-13.226143,0.107210,37.462845,1.703636
10077,1.185331,0.956679,nan,0.107210,nan,2.829605
10078,1.038444,0.838285,-14.616569,0.107197,38.202896,2.554402
10079,0.555848,0.522669,nan,0.107197,nan,1.546870
10080,0.830456,0.681451,-15.418652,0.107184,37.971210,2.091189
10081,0.787115,0.765652,nan,0.107184,nan,1.987290
10082,0.814080,1.099922,-15.157137,0.107170,36.898327,2.047032
10083,0.757773,0.661516,nan,0.107170,nan,1.901041
10084,0.518249,0.509117,-16.033939,0.107157,38.712025,1.461106
10085,0.527974,0.482759,nan,0.107157,nan,1.471781
10086,0.598671,0.835638,-14.861633,0.107144,36.753750,1.636232
10087,0.522852,0.521967,nan,0.107144,nan,1.419906
10088,0.674968,0.597202,-15.800621,0.107131,38.757267,1.775479
10089,0.588158,0.652451,nan,0.107131,nan,1.562162
10090,0.473849,0.464513,-16.031073,0.107118,38.920410,1.358433
10091,0.494360,0.525215,nan,0.107118,nan,1.377773
10092,0.557039,0.579101,-16.062050,0.107105,38.172272,1.510613
10093,0.544005,0.493937,nan,0.107105,nan,1.467880
10094,0.631559,0.659158,-15.949688,0.107092,37.844677,1.685174
10095,0.850480,0.711777,nan,0.107092,nan,2.132271
10096,0.944273,0.806579,-15.883072,0.107079,36.292904,2.293345
10097,0.571328,0.553571,nan,0.107079,nan,1.535031
10098,0.844172,0.766607,-16.572836,0.107066,39.004356,2.131581
10099,0.624968,0.709423,nan,0.107066,nan,1.701548
10100,0.523226,0.527449,-13.001917,0.107052,37.364449,1.460029
10101,0.897132,1.206422,nan,0.107052,nan,2.210554
10102,0.715894,0.691550,-14.401096,0.107039,37.750858,1.859345
10103,0.580408,0.560928,nan,0.107039,nan,1.549322
10104,0.657415,0.747481,-15.447614,0.107026,36.184700,1.724783
10105,0.492729,0.573568,nan,0.107026,nan,1.378752
10106,0.526623,0.580026,-16.017717,0.107013,37.396927,1.461937
10107,0.832851,0.652910,nan,0.107013,nan,2.097537
10108,0.396282,0.479543,-16.431705,0.107000,38.948402,1.170268
10109,0.762093,0.733752,nan,0.107000,nan,1.916863
10110,0.548060,0.515015,-14.530277,0.106987,38.251778,1.480614
10111,0.475540,0.459236,nan,0.106987,nan,1.352603
10112,0.557776,0.446141,-16.283279,0.106974,39.005035,1.548840
10113,0.781281,0.801503,nan,0.106974,nan,1.982994
10114,0.593835,0.460158,-15.642880,0.106961,37.855988,1.625560
10115,0.560457,0.525163,nan,0.106961,nan,1.513988
10116,0.613890,0.443858,-16.396292,0.106948,35.161003,1.633600
10117,0.596058,0.636085,nan,0.106948,nan,1.613535
10118,1.145055,0.711113,-13.814928,0.106935,36.114761,2.744308
10119,0.973883,1.349553,nan,0.106935,nan,2.378468
10120,0.286198,0.389542,-14.014671,0.106922,37.889816,0.915840
10121,0.709302,0.962455,nan,0.106922,nan,1.849254
10122,0.603615,0.603546,-16.898403,0.106910,37.868980,1.609124
10123,0.891532,0.567751,nan,0.106910,nan,2.235903
10124,0.656588,0.775615,-15.645792,0.106897,36.727753,1.726278
10125,1.021635,0.924842,nan,0.106897,nan,2.462694
10126,0.607926,0.661428,-15.221541,0.106884,37.349785,1.580369
10127,0.604867,0.572987,nan,0.106884,nan,1.621239
10128,0.490959,0.292136,-13.596732,0.106871,35.198307,1.367202
10129,0.500404,0.620179,nan,0.106871,nan,1.362511
10130,0.458737,0.387284,-15.875004,0.106858,38.491039,1.325453
10131,0.558415,0.679582,nan,0.106858,nan,1.524622
10132,0.607643,0.591751,-15.773129,0.106845,37.721603,1.607028
10133,0.606924,0.660797,nan,0.106845,nan,1.594785
10134,1.070877,0.884555,-17.035439,0.106832,37.691650,2.561891
10135,0.609953,0.540304,nan,0.106832,nan,1.635967
10136,0.397071,0.352586,-14.490505,0.106820,36.134239,1.192316
10137,0.583990,0.431282,nan,0.106820,nan,1.578375
10138,0.719811,0.957852,-15.331817,0.106807,36.607819,1.827540
10139,0.613264,0.594467,nan,0.106807,nan,1.646068
10140,0.364082,0.568109,-12.864193,0.106794,36.268684,1.068203
10141,1.037143,0.752993,nan,0.106794,nan,2.512331
10142,0.483488,0.414239,-17.360638,0.106781,38.296528,1.360749
10143,1.140640,0.591965,nan,0.106781,nan,2.746575
10144,0.852107,0.720577,-17.844379,0.106769,39.609119,2.156791
10145,0.830364,0.658633,nan,0.106769,nan,2.107796
10146,0.519965,0.405011,-14.400817,0.106756,39.384907,1.426765
10147,0.897610,0.737575,nan,0.106756,nan,2.227287
10148,0.887452,0.713795,-16.060062,0.106743,39.395599,2.224342
10149,0.726916,0.752832,nan,0.106743,nan,1.838526
10150,0.606143,0.539855,-15.964149,0.106730,38.154602,1.616685
10151,0.560183,0.557707,nan,0.106730,nan,1.534863
10152,0.634323,0.715033,-16.941998,0.106717,39.360973,1.689710
10153,0.704512,0.383563,nan,0.106717,nan,1.828237
10154,0.618457,0.467256,-16.361076,0.106704,38.297226,1.637155
10155,0.739187,0.615374,nan,0.106704,nan,1.904556
10156,0.863008,0.790685,-15.844103,0.106691,38.732697,2.157403
10157,0.360535,0.352601,nan,0.106691,nan,1.075774
10158,0.581807,1.186301,-13.911600,0.106678,37.656647,1.565702
10159,0.782191,0.992229,nan,0.106678,nan,1.982545
10160,0.402678,0.324564,-17.019936,0.106665,38.230293,1.210471
10161,0.699974,1.086014,nan,0.106665,nan,1.805072
10162,0.672323,1.073600,-16.864634,0.106652,37.846657,1.761806
10163,0.812435,0.683181,nan,0.106652,nan,2.033882
10164,0.485855,0.417934,-17.073929,0.106639,39.886093,1.367210
10165,0.482777,0.266606,nan,0.106639,nan,1.352114
10166,0.497674,0.397861,-16.163912,0.106626,39.063286,1.361726
10167,0.571945,0.660820,nan,0.106626,nan,1.529820
10168,0.637775,0.597536,-16.928013,0.106613,35.989853,1.658409
10169,0.811332,0.644836,nan,0.106613,nan,2.065652
10170,0.622904,0.411274,-15.679331,0.106600,39.752892,1.655313
10171,0.993270,0.856746,nan,0.106600,nan,2.437617
10172,0.865848,0.911006,-16.434229,0.106587,37.880947,2.172189
10173,0.474802,0.403743,nan,0.106587,nan,1.350196
10174,0.541084,0.460741,-15.372549,0.106574,37.708195,1.486886
10175,0.667703,0.504121,nan,0.106574,nan,1.726233
10176,0.503090,0.468625,-18.135298,0.106561,38.550457,1.407544
10177,0.680918,0.553139,nan,0.106561,nan,1.798445
10178,0.738114,0.660107,-15.046831,0.106548,37.611916,1.883700
10179,0.723344,0.541061,nan,0.106548,nan,1.852445
10180,0.918460,0.827839,-17.613319,0.106535,39.242462,2.244402
10181,0.544796,0.484017,nan,0.106535,nan,1.469923
10182,0.823837,0.624627,-14.874496,0.106522,37.665245,2.075231
10183,0.800120,0.756446,nan,0.106522,nan,2.020609
10184,0.611783,0.724495,-15.947291,0.106509,38.063927,1.579657
10185,0.528350,0.612049,nan,0.106509,nan,1.421347
10186,0.517725,0.393402,-16.031584,0.106496,39.838799,1.401683
10187,0.601668,0.331790,nan,0.106496,nan,1.617028
10188,0.587431,0.605353,-16.143192,0.106483,37.934418,1.594128
10189,0.512032,0.514255,nan,0.106483,nan,1.397880
10190,0.536730,0.432434,-15.777785,0.106470,37.984985,1.443794
10191,0.665316,0.544894,nan,0.106470,nan,1.734076
10192,0.506204,0.458558,-16.643967,0.106457,36.880455,1.417436
10193,0.610686,0.472608,nan,0.106457,nan,1.608648
10194,0.854376,0.781420,-16.750214,0.106444,40.048000,2.138255
10195,0.678084,0.528731,nan,0.106444,nan,1.797051
10196,0.469099,0.454801,-17.100080,0.106431,37.139534,1.352702
10197,0.346790,0.445537,nan,0.106431,nan,1.072680
10198,1.037274,0.885966,-15.814443,0.106418,38.061584,2.486447
10199,0.693674,0.430935,nan,0.106418,nan,1.832326
10200,0.943142,0.859542,-17.448906,0.106405,40.424240,2.280211
10201,0.832753,0.708270,nan,0.106405,nan,2.087054
10202,0.666657,0.578109,-16.046417,0.106392,37.561592,1.737690
10203,0.552271,0.379486,nan,0.106392,nan,1.470010
10204,0.642129,0.533950,-15.284985,0.106379,38.208450,1.653168
10205,0.550429,0.498269,nan,0.106379,nan,1.472032
10206,0.505402,0.217653,-16.064007,0.106366,39.242233,1.392841
10207,0.686268,0.675943,nan,0.106366,nan,1.736889
10208,0.691970,0.619492,-16.114315,0.106353,38.499283,1.738374
10209,0.745500,0.712471,nan,0.106353,nan,1.850180
10210,0.480803,0.560464,-16.250568,0.106341,37.554089,1.350579
10211,0.638621,0.381044,nan,0.106341,nan,1.701619
10212,0.513659,0.446043,-16.374535,0.106328,39.252037,1.392863
10213,0.428917,0.443221,nan,0.106328,nan,1.208846
10214,0.471319,0.507817,-15.622055,0.106315,39.952919,1.273004
10215,0.472569,0.520493,nan,0.106315,nan,1.302150
10216,0.509831,0.476456,-15.798872,0.106302,36.689434,1.379093
10217,0.625998,0.497803,nan,0.106302,nan,1.623354
10218,0.574209,0.729957,-16.595808,0.106289,36.275879,1.556492
10219,0.562113,0.507293,nan,0.106289,nan,1.524570
10220,0.789287,0.800423,-16.825571,0.106276,38.624397,1.956641
10221,0.497865,0.359728,nan,0.106276,nan,1.379985
10222,0.549196,0.580157,-15.568333,0.106263,38.880600,1.475973
10223,0.502028,0.490393,nan,0.106263,nan,1.353179
10224,0.454230,0.431181,-16.095484,0.106250,37.232464,1.244688
10225,0.598876,0.606953,nan,0.106250,nan,1.592115
10226,0.590675,0.457047,-15.552119,0.106237,38.845673,1.593919
10227,0.630770,0.509409,nan,0.106237,nan,1.652829
10228,1.029791,0.651325,-15.422905,0.106224,37.641834,2.491932
10229,0.571835,0.554155,nan,0.106224,nan,1.498243
10230,0.532978,0.629949,-16.341749,0.106212,37.360180,1.438396
10231,0.670490,0.366332,nan,0.106212,nan,1.745286
10232,0.863505,0.684087,-16.766911,0.106199,36.782310,2.106787
10233,0.777995,0.675868,nan,0.106199,nan,1.993791
10234,0.432495,0.359096,-16.477772,0.106186,38.139793,1.187157
10235,0.606410,0.519108,nan,0.106186,nan,1.594920
10236,0.675568,0.503891,-16.848732,0.106173,38.121117,1.779151
10237,0.555506,0.417881,nan,0.106173,nan,1.513312
10238,0.428816,0.370546,-16.578075,0.106161,37.143948,1.253530
10239,0.626178,0.388358,nan,0.106161,nan,1.658958
10240,0.656550,0.481892,-18.011795,0.106148,38.151440,1.722652
10241,0.863330,0.718969,nan,0.106148,nan,2.168387
10242,1.375612,0.971772,-17.138412,0.106135,38.311867,3.209864
10243,0.975731,0.525278,nan,0.106135,nan,2.363484
10244,0.686343,0.348755,-15.556513,0.106122,37.728195,1.800389
10245,0.755044,0.422927,nan,0.106122,nan,1.920786
10246,0.824767,0.584115,-15.922075,0.106109,39.007332,2.051045
10247,0.401890,0.431290,nan,0.106109,nan,1.173777
10248,0.771226,0.645150,-16.122593,0.106097,37.465187,1.971213
10249,0.894471,0.733062,nan,0.106097,nan,2.211882
10250,0.750490,0.511886,-17.005491,0.106084,39.424168,1.939523
10251,0.888098,0.801794,nan,0.106084,nan,2.221142
10252,0.875624,0.643642,-15.709991,0.106071,38.470940,2.197974
10253,0.910339,0.452787,nan,0.106071,nan,2.260452
10254,0.598470,0.633934,-17.080652,0.106058,38.771236,1.559400
10255,0.822499,0.557617,nan,0.106058,nan,2.084818
10256,0.575045,0.433120,-17.218269,0.106046,37.349499,1.578255
10257,0.603510,0.621629,nan,0.106046,nan,1.592798
10258,0.558158,0.795402,-15.837153,0.106033,39.293236,1.487823
10259,0.889786,0.755133,nan,0.106033,nan,2.163440
10260,0.552247,0.492208,-16.754951,0.106020,39.302879,1.494550
10261,0.596309,0.761488,nan,0.106020,nan,1.606820
10262,0.723576,0.631747,-16.873808,0.106007,39.613537,1.861560
10263,0.883885,0.732157,nan,0.106007,nan,2.192153
10264,0.735295,0.680381,-17.012177,0.105994,37.908821,1.850779
10265,0.656778,0.641406,nan,0.105994,nan,1.703119
10266,0.680623,0.620773,-17.359516,0.105981,36.522366,1.781493
10267,0.605560,0.549681,nan,0.105981,nan,1.588881
10268,0.604939,0.505162,-15.134879,0.105969,38.408516,1.595010
10269,0.550300,0.618278,nan,0.105969,nan,1.483182
10270,0.599706,0.571055,-17.773161,0.105956,38.925514,1.583020
10271,0.887092,0.808283,nan,0.105956,nan,2.229783
10272,0.945816,0.872260,-16.849443,0.105943,39.355789,2.325213
10273,0.710183,0.740160,nan,0.105943,nan,1.818034
10274,0.494222,0.505442,-16.440880,0.105930,40.297943,1.394179
10275,0.670002,0.501114,nan,0.105930,nan,1.743402
10276,0.564777,0.416687,-15.918572,0.105917,39.189041,1.539887
10277,0.685062,0.730114,nan,0.105917,nan,1.767543
10278,0.459650,0.302531,-16.629988,0.105904,37.497314,1.297249
10279,0.762635,0.846187,nan,0.105904,nan,1.932737
10280,0.792644,0.705322,-16.789188,0.105892,37.982040,2.005093
10281,0.598027,0.429176,nan,0.105892,nan,1.624763
10282,0.929255,0.620820,-16.112419,0.105879,39.128433,2.308871
10283,1.017808,0.846090,nan,0.105879,nan,2.473096
10284,0.518421,0.389251,-16.686148,0.105866,39.253578,1.443993
10285,0.689224,0.559526,nan,0.105866,nan,1.759457
10286,0.519499,0.551953,-16.275030,0.105853,36.966270,1.420773
10287,0.767177,0.707354,nan,0.105853,nan,1.933112
10288,0.525527,0.464949,-17.218399,0.105840,38.481956,1.446436
10289,0.829893,0.604129,nan,0.105840,nan,2.043466
10290,0.542633,0.422647,-15.791200,0.105827,38.766212,1.485117
10291,0.495074,0.562912,nan,0.105827,nan,1.383806
10292,0.756595,0.598873,-14.988014,0.105815,37.666607,1.919739
10293,0.417670,0.344391,nan,0.105815,nan,1.216187
10294,0.627724,0.751456,-17.278603,0.105802,40.543968,1.660345
10295,0.915832,0.759568,nan,0.105802,nan,2.292515
10296,0.692967,0.512598,-17.170528,0.105789,40.705551,1.809041
10297,0.561568,0.478574,nan,0.105789,nan,1.516869
10298,0.642873,0.498850,-16.317526,0.105776,37.001896,1.682395
10299,0.262127,0.356768,nan,0.105776,nan,0.840684
10300,0.564408,0.633906,-17.428259,0.105763,36.753170,1.507430
10301,0.643432,0.624739,nan,0.105763,nan,1.717211
10302,0.637490,0.545168,-17.070385,0.105751,39.817188,1.721216
10303,0.591979,0.546242,nan,0.105751,nan,1.581874
10304,0.758528,0.838531,-14.753124,0.105738,39.600502,1.939977
10305,0.993389,0.685338,nan,0.105738,nan,2.393622
10306,0.457325,0.392196,-16.402069,0.105725,37.425365,1.295780
10307,0.759741,0.711219,nan,0.105725,nan,1.937597
10308,0.864144,0.581760,-16.642090,0.105712,37.999767,2.180111
10309,0.696910,0.548216,nan,0.105712,nan,1.816698
10310,0.918184,0.622168,-15.703768,0.105699,38.635235,2.279562
10311,0.779155,0.833361,nan,0.105699,nan,1.985533
10312,0.562831,0.374215,-15.961084,0.105687,39.876747,1.534445
10313,1.211621,1.052208,nan,0.105687,nan,2.856389
10314,0.795991,0.915169,-18.542501,0.105674,41.110077,2.015836
10315,1.056392,0.933483,nan,0.105674,nan,2.577622
10316,0.983744,0.805630,-16.437920,0.105661,38.346260,2.420537
10317,0.626773,0.570571,nan,0.105661,nan,1.675580
10318,0.629770,0.629206,-16.581633,0.105648,39.406498,1.614833
10319,0.598794,0.552787,nan,0.105648,nan,1.594120
10320,0.575000,0.602270,-16.018105,0.105635,38.246819,1.538219
10321,0.844910,0.796015,nan,0.105635,nan,2.088890
10322,0.533343,0.415191,-17.343584,0.105622,37.811291,1.405937
10323,0.621477,0.617582,nan,0.105622,nan,1.659386
10324,0.534904,0.520440,-13.452455,0.105610,37.351749,1.430176
10325,1.578912,0.736769,nan,0.105610,nan,3.562201
10326,1.183922,1.034341,-14.736365,0.105597,39.834671,2.835528
10327,0.745993,0.769102,nan,0.105597,nan,1.932777
10328,0.748669,0.822625,-17.115898,0.105584,41.763859,1.893165
10329,0.780583,0.819576,nan,0.105584,nan,2.014747
10330,0.902347,0.937770,-17.768246,0.105571,39.489254,2.223181
10331,0.631088,0.506678,nan,0.105571,nan,1.674896
10332,0.560515,0.491380,-17.250519,0.105558,41.389179,1.532716
10333,0.572686,0.474821,nan,0.105558,nan,1.509965
10334,0.680875,0.692297,-18.559889,0.105545,39.348801,1.760226
10335,0.926735,1.065091,nan,0.105545,nan,2.297064
10336,0.715566,0.871987,-17.182768,0.105532,38.951920,1.809520
10337,0.635185,0.518044,nan,0.105532,nan,1.651870
10338,0.661720,0.710945,-15.623663,0.105519,37.880337,1.733404
10339,0.514814,0.672785,nan,0.105519,nan,1.431794
10340,0.494404,0.767800,-17.399860,0.105506,40.850471,1.347984
10341,0.729475,0.627354,nan,0.105506,nan,1.886424
10342,0.658387,0.709342,-17.119621,0.105494,38.547237,1.723633
10343,0.696769,0.626982,nan,0.105494,nan,1.808914
10344,0.641575,0.612287,-17.897064,0.105481,40.517303,1.699479
10345,0.544142,0.645949,nan,0.105481,nan,1.495816
10346,0.478379,0.541036,-16.745625,0.105468,40.756393,1.328277
10347,0.634473,0.560322,nan,0.105468,nan,1.659616
10348,0.472402,0.373589,-17.176147,0.105455,37.430031,1.296821
10349,0.733385,0.792830,nan,0.105455,nan,1.907220
10350,0.601517,0.518417,-16.873058,0.105442,37.383755,1.652184
10351,0.519196,0.529139,nan,0.105442,nan,1.408273
10352,0.370139,0.606181,-15.046319,0.105429,39.792671,1.096786
10353,0.710884,0.732933,nan,0.105429,nan,1.797527
10354,0.587950,0.584667,-16.670113,0.105416,39.362160,1.558802
10355,0.454440,0.381621,nan,0.105416,nan,1.286442
10356,0.760054,0.997676,-16.763720,0.105403,40.845001,1.936401
10357,0.620459,0.669472,nan,0.105403,nan,1.598696
10358,0.469537,0.654923,-16.684849,0.105390,40.270199,1.325093
10359,0.341190,0.415952,nan,0.105390,nan,1.031597
10360,0.290865,0.414603,-15.107950,0.105377,39.157440,0.905356
10361,0.851712,0.951656,nan,0.105377,nan,2.086166
10362,0.492783,0.496346,-16.944862,0.105365,39.815540,1.379847
10363,0.326228,0.455060,nan,0.105365,nan,0.970181
10364,0.515959,0.565213,-15.721696,0.105352,42.062469,1.348796
10365,0.644900,0.725299,nan,0.105352,nan,1.644390
10366,0.596632,0.652816,-17.729073,0.105339,37.298859,1.583906
10367,0.801147,0.808012,nan,0.105339,nan,2.014136
10368,0.585246,0.455621,-15.278161,0.105326,40.647934,1.570576
10369,0.872848,0.636848,nan,0.105326,nan,2.172826
10370,1.104722,0.543478,-16.003548,0.105313,40.114777,2.672651
10371,0.636931,0.628666,nan,0.105313,nan,1.645108
10372,0.826525,0.763694,-17.659081,0.105300,39.342865,2.092859
10373,0.659778,0.679207,nan,0.105300,nan,1.713519
10374,0.534477,0.642075,-14.472794,0.105287,39.058640,1.459972
10375,0.839798,0.623148,nan,0.105287,nan,2.086010
10376,0.419548,0.385669,-16.883821,0.105274,40.789188,1.193249
10377,0.700617,0.677573,nan,0.105274,nan,1.791676
10378,0.774030,0.816043,-15.874092,0.105261,37.288967,1.964789
10379,0.460175,0.460679,nan,0.105261,nan,1.274596
10380,0.385238,0.398182,-16.198816,0.105248,39.295509,1.150818
10381,0.529843,0.538114,nan,0.105248,nan,1.446367
10382,0.352168,0.392734,-16.335934,0.105235,37.830856,1.064568
10383,0.465933,0.517521,nan,0.105235,nan,1.352569
10384,0.830005,1.058280,-16.545174,0.105223,39.019447,2.066898
10385,1.008267,0.961947,nan,0.105223,nan,2.463918
10386,0.648444,0.619858,-16.016525,0.105210,38.397873,1.693556
10387,0.678114,0.712471,nan,0.105210,nan,1.763046
10388,0.731393,0.635807,-16.991890,0.105197,39.863403,1.873714
10389,0.770344,0.700303,nan,0.105197,nan,1.976173
10390,0.716571,0.664958,-18.189857,0.105184,39.570545,1.877888
10391,0.558067,0.395240,nan,0.105184,nan,1.538884
10392,0.748535,0.791140,-16.587944,0.105172,38.780548,1.898925
10393,0.535707,0.490068,nan,0.105172,nan,1.470425
10394,0.870232,0.814469,-17.775074,0.105159,39.690651,2.137644
10395,0.857241,0.849781,nan,0.105159,nan,2.170365
10396,1.069163,0.954677,-18.397923,0.105146,39.149494,2.614259
10397,1.106222,0.980379,nan,0.105146,nan,2.664156
10398,0.657615,0.620335,-14.538306,0.105133,40.000763,1.691941
10399,0.873575,0.619133,nan,0.105133,nan,2.173999
10400,0.409615,0.522807,-17.267822,0.105120,38.880844,1.205192
10401,1.144422,1.015765,nan,0.105120,nan,2.763074
10402,0.849148,0.844330,-14.824686,0.105108,37.249371,2.096891
10403,0.856871,0.666085,nan,0.105108,nan,2.184179
10404,1.402119,0.557697,-12.851035,0.105095,42.306450,3.289771
10405,1.078840,0.940721,nan,0.105095,nan,2.640302
10406,1.061344,0.827722,-14.877981,0.105082,39.043098,2.627959
10407,1.221621,1.033208,nan,0.105082,nan,2.953117
10408,0.804678,1.705792,-16.297449,0.105069,39.212154,2.097077
10409,0.845531,0.671770,nan,0.105069,nan,2.158517
10410,0.757170,0.766770,-14.037438,0.105057,39.776600,1.964766
10411,0.662619,0.866288,nan,0.105057,nan,1.748682
10412,0.613725,0.471671,-14.583246,0.105044,39.127388,1.621342
10413,0.674427,0.658140,nan,0.105044,nan,1.761962
10414,0.448666,0.364684,-14.755424,0.105031,38.398388,1.289157
10415,0.740246,0.778586,nan,0.105031,nan,1.954246
10416,0.372109,0.435294,-14.282504,0.105018,37.620300,1.129947
10417,0.899449,1.137103,nan,0.105018,nan,2.235712
10418,0.741679,0.814545,-15.033222,0.105006,40.007057,1.931192
10419,0.530224,0.366668,nan,0.105006,nan,1.511740
10420,0.656873,0.682060,-15.693277,0.104993,38.506641,1.773399
10421,0.504458,0.497214,nan,0.104993,nan,1.449926
10422,0.437855,0.768678,-16.026278,0.104980,38.475719,1.276437
10423,0.331157,0.384671,nan,0.104980,nan,1.042021
10424,0.527032,0.588979,-16.545898,0.104968,37.073990,1.495107
10425,0.463970,0.368080,nan,0.104968,nan,1.375952
10426,0.537311,0.689304,-17.472694,0.104955,39.478127,1.508189
10427,0.388706,0.779074,nan,0.104955,nan,1.183645
10428,0.534171,0.476558,-15.590797,0.104943,37.304718,1.509733
10429,0.437014,0.740439,nan,0.104943,nan,1.304693
10430,0.433264,0.912316,-16.423229,0.104930,39.958652,1.276370
10431,0.443034,0.691550,nan,0.104930,nan,1.294769
10432,0.383986,0.683588,-15.887966,0.104917,40.106697,1.193797
10433,0.346337,0.317033,nan,0.104917,nan,1.083229
10434,0.481149,0.316360,-15.786974,0.104905,37.902786,1.401408
10435,0.443483,0.300121,nan,0.104905,nan,1.311315
10436,0.803307,0.460937,-15.497086,0.104892,37.547249,2.098731
10437,0.639582,0.407741,nan,0.104892,nan,1.706527
10438,0.526312,0.320707,-16.405584,0.104880,37.216705,1.501168
10439,0.606373,0.282970,nan,0.104880,nan,1.675481
10440,0.294017,0.242461,-16.927879,0.104867,36.741280,0.966907
10441,0.443185,0.460161,nan,0.104867,nan,1.301017
10442,0.376557,0.307753,-16.994625,0.104855,38.241371,1.156039
10443,0.222948,0.216327,nan,0.104855,nan,0.795936
10444,0.371476,0.330837,-18.999733,0.104843,38.159973,1.145538
10445,0.465369,0.329314,nan,0.104843,nan,1.357861
10446,0.348234,0.360726,-17.219612,0.104830,41.592094,1.077396
10447,0.264571,0.415762,nan,0.104830,nan,0.906052
10448,0.347577,0.316595,-17.461296,0.104818,38.405670,1.054701
10449,0.483544,0.422670,nan,0.104818,nan,1.408223
10450,0.340783,0.308642,-16.549690,0.104805,38.974213,1.025700
10451,0.225223,0.353896,nan,0.104805,nan,0.797690
10452,0.505146,0.338246,-18.401674,0.104793,38.143417,1.448612
10453,0.474713,0.396931,nan,0.104793,nan,1.379305
10454,0.487631,0.283093,-15.592144,0.104780,39.605782,1.414558
10455,0.484803,0.395983,nan,0.104780,nan,1.409819
10456,0.502265,0.174467,-18.883324,0.104768,40.244339,1.466621
10457,0.731515,0.994099,nan,0.104768,nan,1.929229
10458,0.633914,0.738775,-17.748543,0.104755,40.384312,1.737833
10459,0.739496,0.547023,nan,0.104755,nan,1.945332
10460,0.524655,0.425507,-17.843287,0.104742,38.562672,1.467100
10461,0.415925,0.273178,nan,0.104742,nan,1.259218
10462,0.412779,0.306490,-18.595543,0.104730,38.431305,1.240093
10463,0.603428,0.348122,nan,0.104730,nan,1.650328
10464,0.585677,0.297255,-16.891846,0.104717,41.407341,1.634298
10465,0.809589,0.515395,nan,0.104717,nan,2.095002
10466,1.366019,0.399296,-19.265800,0.104705,39.837990,3.235879
10467,0.534956,0.759649,nan,0.104705,nan,1.501635
10468,0.667534,0.295091,-17.366940,0.104692,40.857590,1.784014
10469,0.378218,0.520958,nan,0.104692,nan,1.182072
10470,0.481916,0.415207,-18.413425,0.104679,38.013855,1.408014
10471,0.402653,0.568908,nan,0.104679,nan,1.225514
10472,0.517684,0.764900,-19.117758,0.104667,37.661671,1.452632
10473,0.389055,0.357073,nan,0.104667,nan,1.191420
10474,0.418824,0.595572,-19.867458,0.104654,38.846554,1.230302
10475,0.331127,0.360518,nan,0.104654,nan,1.017669
10476,0.410194,0.492028,-20.558716,0.104642,39.174240,1.194702
10477,0.504067,0.962311,nan,0.104642,nan,1.449884
10478,0.443461,0.584030,-18.479658,0.104629,39.494011,1.298325
10479,0.344201,0.906329,nan,0.104629,nan,1.104318
10480,0.311350,0.754461,-17.602657,0.104617,39.882385,1.023300
10481,0.198336,0.205886,nan,0.104617,nan,0.774094
10482,0.485213,0.404649,-19.768282,0.104604,40.319836,1.393889
10483,0.687582,0.508305,nan,0.104604,nan,1.803711
10484,0.407325,0.281664,-17.848644,0.104591,37.444790,1.221045
10485,0.590019,0.259282,nan,0.104591,nan,1.640142
10486,0.592842,0.382662,-19.884903,0.104579,38.736195,1.653391
10487,0.830713,0.796795,nan,0.104579,nan,2.121606
10488,0.891321,0.794105,-20.560019,0.104566,41.648544,2.256728
10489,0.776123,0.604693,nan,0.104566,nan,2.011045
10490,0.601151,0.424641,-19.520475,0.104554,38.298286,1.661807
10491,0.458229,0.374489,nan,0.104554,nan,1.340275
10492,0.302607,0.377013,-18.490536,0.104541,39.809998,0.981282
10493,0.488470,0.467967,nan,0.104541,nan,1.394321
10494,0.329281,0.406634,-18.979578,0.104529,40.681622,1.028054
10495,0.460505,0.394401,nan,0.104529,nan,1.330569
10496,0.513710,0.576037,-19.000868,0.104516,40.044785,1.443303
10497,0.417187,0.361547,nan,0.104516,nan,1.248140
10498,0.221244,0.461149,-19.003033,0.104503,38.309120,0.820953
10499,0.362031,0.255340,nan,0.104503,nan,1.127519
10500,0.548630,0.276368,-18.797043,0.104491,38.576630,1.558118
10501,0.514212,0.611019,nan,0.104491,nan,1.455479
10502,0.446569,0.282200,-18.250837,0.104478,40.116463,1.305677
10503,0.238109,0.678480,nan,0.104478,nan,0.853792
10504,0.395643,0.482882,-20.268152,0.104466,40.532730,1.213982
10505,0.432560,0.725614,nan,0.104466,nan,1.261730
10506,0.458471,0.774963,-20.197399,0.104453,39.642937,1.333469
10507,0.403962,0.549893,nan,0.104453,nan,1.220094
10508,0.233114,0.306271,-19.753296,0.104440,40.231041,0.857442
10509,0.264948,0.239521,nan,0.104440,nan,0.923754
10510,0.417206,0.279132,-20.028244,0.104428,39.262230,1.265745
10511,0.413830,0.261814,nan,0.104428,nan,1.233657
10512,0.409554,0.320719,-21.357969,0.104415,39.500187,1.247700
10513,0.403589,0.350253,nan,0.104415,nan,1.198463
10514,0.310820,0.280356,-19.949738,0.104403,39.808186,1.026335
10515,0.395451,0.437998,nan,0.104403,nan,1.200398
10516,0.367708,0.347971,-21.687374,0.104390,38.867760,1.159556
10517,0.419433,0.351390,nan,0.104390,nan,1.254476
10518,0.341124,0.331163,-20.228100,0.104378,38.177887,1.054350
10519,0.394846,0.438931,nan,0.104378,nan,1.219467
10520,0.426386,0.325322,-22.350765,0.104365,40.037773,1.256712
10521,0.734670,0.778454,nan,0.104365,nan,1.918836
10522,0.824449,0.902032,-22.394634,0.104352,41.148682,2.102258
10523,0.823345,0.896133,nan,0.104352,nan,2.088780
10524,0.352394,0.301787,-19.075779,0.104340,39.703514,1.081159
10525,1.179030,1.071528,nan,0.104340,nan,2.851074
10526,1.541873,1.421477,-18.963520,0.104327,39.652824,3.580482
10527,0.722899,0.580732,nan,0.104327,nan,1.914623
10528,0.571145,0.465760,-22.912361,0.104315,39.327255,1.588244
10529,0.957674,0.804757,nan,0.104315,nan,2.395274
10530,0.500051,0.574187,-20.975538,0.104302,40.520309,1.420333
10531,0.569102,0.361623,nan,0.104302,nan,1.546577
10532,0.312628,0.652387,-20.044262,0.104289,41.312691,1.017454
10533,0.436178,0.415640,nan,0.104289,nan,1.271991
10534,0.266799,0.273351,-20.995232,0.104277,39.599129,0.914804
10535,0.444585,0.370597,nan,0.104277,nan,1.315485
10536,0.370996,0.562723,-21.298416,0.104264,39.777153,1.167498
10537,0.321930,0.312454,nan,0.104264,nan,1.022429
10538,0.536937,0.227425,-22.719618,0.104252,38.904251,1.518878
10539,0.717468,0.507540,nan,0.104252,nan,1.899764
10540,0.333195,0.327082,-21.025078,0.104239,38.263393,1.052570
10541,0.553489,0.429708,nan,0.104239,nan,1.542568
10542,0.414637,0.523347,-21.857864,0.104226,38.673870,1.230110
10543,0.446956,0.529365,nan,0.104226,nan,1.314847
10544,0.342730,0.529662,-22.058865,0.104214,40.647446,1.084998
10545,0.259554,0.329872,nan,0.104214,nan,0.890387
10546,0.479158,0.494036,-20.976887,0.104201,37.610352,1.368090
10547,0.307606,0.352540,nan,0.104201,nan,1.032738
10548,0.345805,0.360847,-22.828363,0.104189,41.280632,1.084175
10549,0.483845,0.605601,nan,0.104189,nan,1.364651
10550,0.458368,0.420979,-21.753468,0.104176,39.929070,1.329034
10551,0.349079,0.478934,nan,0.104176,nan,1.076970
10552,0.327956,0.419332,-22.958973,0.104164,40.910431,1.035273
10553,0.523763,0.668039,nan,0.104164,nan,1.444887
10554,0.454594,0.574661,-22.624754,0.104151,40.691746,1.320917
10555,0.464046,0.537539,nan,0.104151,nan,1.319191
10556,0.460880,0.399412,-21.853790,0.104139,40.093903,1.325191
10557,0.346653,0.409629,nan,0.104139,nan,1.095629
10558,0.421573,0.370140,-22.972496,0.104126,38.120663,1.243589
10559,0.417695,0.439010,nan,0.104126,nan,1.270246
10560,0.367471,0.361561,-22.401901,0.104114,38.729229,1.094371
10561,0.665028,0.623863,nan,0.104114,nan,1.746023
10562,0.453061,0.461027,-22.667912,0.104101,40.059361,1.331028
10563,0.476824,0.408512,nan,0.104101,nan,1.365610
10564,0.480223,0.369371,-23.226357,0.104089,39.050877,1.377690
10565,0.459656,0.441298,nan,0.104089,nan,1.326994
10566,0.566371,0.482984,-22.132786,0.104076,40.177963,1.595232
10567,0.484041,0.476024,nan,0.104076,nan,1.408834
10568,0.660053,0.629262,-23.542116,0.104064,37.824261,1.730532
10569,0.829618,0.769768,nan,0.104064,nan,2.094063
10570,0.370273,0.656152,-22.056469,0.104051,37.275753,1.169971
10571,0.555349,0.463283,nan,0.104051,nan,1.525018
10572,0.595092,0.679827,-22.520111,0.104039,37.925766,1.590194
10573,0.543359,0.479842,nan,0.104039,nan,1.478036
10574,0.513053,0.432817,-23.107672,0.104026,41.499496,1.448353
10575,0.337624,0.340585,nan,0.104026,nan,1.072485
10576,0.402881,0.670694,-22.330091,0.104014,37.986607,1.215857
10577,0.496676,0.458026,nan,0.104014,nan,1.398388
10578,0.506784,0.491152,-23.169800,0.104002,40.026962,1.444005
10579,0.379489,0.467278,nan,0.104002,nan,1.164412
10580,0.540901,0.515327,-23.095964,0.103989,42.580894,1.469585
10581,0.708087,0.692470,nan,0.103989,nan,1.870285
10582,0.452490,0.445966,-23.227345,0.103977,40.665291,1.330573
10583,0.582369,0.613880,nan,0.103977,nan,1.580251
10584,0.514316,0.536723,-22.728809,0.103964,41.860703,1.457493
10585,0.487198,0.539808,nan,0.103964,nan,1.388529
10586,0.519759,0.504356,-24.440046,0.103952,41.103748,1.459991
10587,0.843057,0.858633,nan,0.103952,nan,2.115110
10588,0.501538,0.545789,-23.657543,0.103939,39.660713,1.415250
10589,0.462365,0.445745,nan,0.103939,nan,1.318157
10590,0.661995,0.640529,-23.167530,0.103926,39.334686,1.754244
10591,0.427694,0.416489,nan,0.103926,nan,1.255829
10592,0.824911,0.671121,-22.940491,0.103914,39.606232,2.082799
10593,0.592317,0.574713,nan,0.103914,nan,1.615325
10594,0.780938,0.578946,-24.358206,0.103901,39.016808,1.987158
10595,0.764976,0.623955,nan,0.103901,nan,1.960384
10596,0.471272,0.577013,-22.127914,0.103889,40.940323,1.375760
10597,1.007415,1.096067,nan,0.103889,nan,2.479284
10598,0.924501,0.905011,-22.562931,0.103876,41.047859,2.300403
10599,0.479573,0.477814,nan,0.103876,nan,1.364798
10600,0.658462,0.674103,-23.893120,0.103864,39.171162,1.747716
10601,0.535818,0.570539,nan,0.103864,nan,1.497373
10602,0.388502,0.415333,-22.943518,0.103851,40.714146,1.170865
10603,0.566263,0.631081,nan,0.103851,nan,1.538863
10604,0.454569,0.481584,-23.983370,0.103839,40.592503,1.316010
10605,0.580641,0.606974,nan,0.103839,nan,1.569948
10606,0.534633,0.562674,-22.904997,0.103826,38.480618,1.446176
10607,0.457469,0.453326,nan,0.103826,nan,1.315389
10608,0.514120,0.528320,-23.716927,0.103814,39.722542,1.428745
10609,0.518207,0.478249,nan,0.103814,nan,1.426596
10610,0.711526,0.598941,-23.013531,0.103801,40.286186,1.843447
10611,0.671138,0.756842,nan,0.103801,nan,1.756062
10612,0.502136,0.581058,-25.504601,0.103789,39.799507,1.444488
10613,0.717216,0.624512,nan,0.103789,nan,1.877029
10614,0.883788,0.887911,-23.915688,0.103776,37.607609,2.229012
10615,0.610531,0.505952,nan,0.103776,nan,1.636803
10616,0.883642,0.729700,-24.750198,0.103764,39.473061,2.197490
10617,0.708244,0.688821,nan,0.103764,nan,1.861676
10618,0.806264,0.612244,-25.020565,0.103751,41.722019,2.063546
10619,0.462113,0.500681,nan,0.103751,nan,1.349029
10620,0.702617,0.412534,-22.923653,0.103739,38.731133,1.861650
10621,0.842216,0.653466,nan,0.103739,nan,2.149638
10622,0.463444,0.428797,-25.553080,0.103727,39.239475,1.342686
10623,0.795886,0.791536,nan,0.103727,nan,2.040674
10624,0.553998,0.609418,-24.455105,0.103714,40.484558,1.537962
10625,0.663428,0.746308,nan,0.103714,nan,1.742707
10626,0.955588,0.781523,-23.516582,0.103702,39.281372,2.352650
10627,0.659153,0.711237,nan,0.103702,nan,1.715254
10628,0.629393,0.831915,-25.495518,0.103689,41.217884,1.663853
10629,0.839277,0.607220,nan,0.103689,nan,2.100997
10630,0.588151,0.778422,-24.248573,0.103677,40.292725,1.586428
10631,0.751745,0.723790,nan,0.103677,nan,1.938214
10632,0.531175,0.526157,-23.873798,0.103664,38.684151,1.443174
10633,0.575630,0.773503,nan,0.103664,nan,1.541162
10634,0.378646,0.315301,-26.468136,0.103652,41.786877,1.171518
10635,0.836045,0.725106,nan,0.103652,nan,2.090905
10636,1.020352,0.809029,-24.828600,0.103639,39.613281,2.480353
10637,0.512628,0.718598,nan,0.103639,nan,1.420242
10638,0.756027,0.528425,-24.141592,0.103627,39.493603,1.946546
10639,0.800548,0.712589,nan,0.103627,nan,2.044429
10640,0.576588,0.547842,-24.943991,0.103615,40.332932,1.550187
10641,0.582667,0.589705,nan,0.103615,nan,1.558343
10642,0.556468,0.563410,-25.080345,0.103602,38.601067,1.520123
10643,0.387355,1.182402,nan,0.103602,nan,1.185876
10644,0.554274,0.806078,-25.376534,0.103590,40.475845,1.544124
10645,0.642224,0.731026,nan,0.103590,nan,1.713795
10646,0.423348,0.755561,-25.700686,0.103577,41.429768,1.258291
10647,0.839251,0.814435,nan,0.103577,nan,2.105519
10648,0.627514,0.659548,-25.027035,0.103565,38.464821,1.683117
10649,0.511561,0.580316,nan,0.103565,nan,1.438091
10650,0.416729,0.437374,-26.261545,0.103552,40.446049,1.249051
10651,0.453756,0.533736,nan,0.103552,nan,1.287603
10652,0.542623,0.414892,-25.451361,0.103540,40.436802,1.456199
10653,0.575563,0.714331,nan,0.103540,nan,1.549627
10654,0.513032,0.507537,-26.350080,0.103528,40.167652,1.431418
10655,0.591915,0.597329,nan,0.103528,nan,1.579572
10656,0.335817,0.436906,-26.466875,0.103515,42.051880,1.040972
10657,0.454681,0.462385,nan,0.103515,nan,1.303861
10658,0.456596,0.483118,-26.976883,0.103503,43.068623,1.330391
10659,0.453414,0.523221,nan,0.103503,nan,1.294038
10660,0.392639,0.406520,-27.501938,0.103490,40.313400,1.181220
10661,0.673094,0.710824,nan,0.103490,nan,1.762787
10662,0.664950,0.604463,-25.593536,0.103478,40.583366,1.718033
10663,0.621542,0.673077,nan,0.103478,nan,1.666900
10664,0.837978,0.667796,-26.137838,0.103465,40.921112,2.094485
10665,0.511836,0.542472,nan,0.103465,nan,1.403483
10666,0.398604,0.397378,-27.055939,0.103452,42.115959,1.182056
10667,0.500272,0.511198,nan,0.103452,nan,1.378321
10668,0.422267,0.469702,-26.346226,0.103440,39.826412,1.260061
10669,0.664210,0.699195,nan,0.103440,nan,1.747690
10670,0.586076,0.507856,-27.916771,0.103427,41.140999,1.585577
10671,0.666707,0.765621,nan,0.103427,nan,1.755018
10672,1.055117,0.536824,-23.230410,0.103415,40.126125,2.563625
10673,0.812229,2.011183,nan,0.103415,nan,2.045390
10674,0.676537,1.839224,-25.274662,0.103402,40.974815,1.776852
10675,0.841857,0.446045,nan,0.103402,nan,2.130982
10676,0.411477,0.782181,-27.673134,0.103390,40.398903,1.217639
10677,0.699915,0.711583,nan,0.103390,nan,1.814233
10678,0.593270,0.717002,-25.466995,0.103377,40.921318,1.601694
10679,0.596425,0.654905,nan,0.103377,nan,1.597582
10680,0.737163,0.693392,-27.174366,0.103365,41.074142,1.920563
10681,0.430580,0.472810,nan,0.103365,nan,1.252652
10682,0.350347,0.692310,-26.535866,0.103352,41.756622,1.084524
10683,0.673280,0.603035,nan,0.103352,nan,1.758320
10684,0.496546,0.611244,-26.805223,0.103339,38.704323,1.414198
10685,0.536571,0.574176,nan,0.103339,nan,1.512174
10686,0.497963,0.667430,-26.919533,0.103327,38.953735,1.415142
10687,0.752102,0.620091,nan,0.103327,nan,1.932261
10688,0.475337,0.483613,-26.855953,0.103315,41.266907,1.352419
10689,0.542237,0.554887,nan,0.103315,nan,1.532979
10690,0.622102,0.607636,-28.819630,0.103302,41.059143,1.656257
10691,0.705985,0.638934,nan,0.103302,nan,1.817096
10692,0.719117,0.623020,-26.588148,0.103290,41.183983,1.838134
10693,1.006553,0.482714,nan,0.103290,nan,2.428383
10694,0.638646,0.608791,-26.475498,0.103277,42.144726,1.697205
10695,0.687633,0.703562,nan,0.103277,nan,1.774513
10696,0.506853,0.501064,-28.318014,0.103264,40.639591,1.435580
10697,0.576158,0.745759,nan,0.103264,nan,1.588735
10698,0.430065,0.497773,-25.590208,0.103252,40.645580,1.275888
10699,0.716001,1.543266,nan,0.103252,nan,1.870465
10700,0.878126,0.993787,-26.521130,0.103239,39.254711,2.198220
10701,0.744041,0.642141,nan,0.103239,nan,1.955981
10702,0.619973,0.643492,-27.614170,0.103227,39.963459,1.654051
10703,0.883690,0.689047,nan,0.103227,nan,2.216744
10704,1.384122,0.580462,-28.684605,0.103215,39.034924,3.231159
10705,0.703615,0.663516,nan,0.103215,nan,1.827343
10706,0.599865,0.494176,-26.575413,0.103202,40.476250,1.619209
10707,0.853640,0.707788,nan,0.103202,nan,2.151144
10708,0.594950,0.689278,-28.364967,0.103190,39.362965,1.616087
10709,0.821099,1.023972,nan,0.103190,nan,2.062125
10710,0.326311,0.406860,-27.964272,0.103177,40.851452,1.007725
10711,0.551035,0.592347,nan,0.103177,nan,1.525017
10712,0.364931,0.482525,-29.162844,0.103165,41.823238,1.126546
10713,0.623379,0.758255,nan,0.103165,nan,1.634711
10714,0.416337,0.611465,-28.800415,0.103152,43.011665,1.216066
10715,0.623489,0.636046,nan,0.103152,nan,1.649279
10716,0.495212,0.819131,-25.771761,0.103140,41.322937,1.405808
10717,0.607299,1.139575,nan,0.103140,nan,1.632377
10718,0.592146,1.004841,-28.481205,0.103127,42.661835,1.593753
10719,0.584444,0.572352,nan,0.103127,nan,1.576404
10720,0.479482,0.538181,-28.889101,0.103115,38.062561,1.342411
10721,0.368500,0.474145,nan,0.103115,nan,1.099117
10722,0.745996,0.618535,-27.522762,0.103102,41.524094,1.891758
10723,0.578220,0.849162,nan,0.103102,nan,1.577509
10724,0.605287,0.653428,-28.445917,0.103090,38.566513,1.624418
10725,0.451938,0.548778,nan,0.103090,nan,1.262784
10726,0.534271,0.549767,-29.391048,0.103078,41.413536,1.448118
10727,0.677245,0.650438,nan,0.103078,nan,1.742433
10728,0.615196,0.580655,-27.221621,0.103065,42.533527,1.642315
10729,0.697215,0.956190,nan,0.103065,nan,1.826564
10730,0.492327,0.757366,-28.744297,0.103053,40.405231,1.417266
10731,0.470805,0.609727,nan,0.103053,nan,1.338432
10732,0.420394,0.525307,-29.387054,0.103040,43.082085,1.210861
10733,0.432162,0.476800,nan,0.103040,nan,1.252372
10734,0.439295,0.512401,-29.473526,0.103028,40.496872,1.264442
10735,0.476010,0.530281,nan,0.103028,nan,1.339072
10736,0.549855,0.570158,-28.023167,0.103015,41.897514,1.497642
10737,0.548921,0.795157,nan,0.103015,nan,1.526190
10738,0.379116,0.953492,-28.933979,0.103003,42.396362,1.123608
10739,0.655954,0.551396,nan,0.103003,nan,1.681658
10740,0.566418,0.631525,-28.397472,0.102990,42.074936,1.522358
10741,0.686582,0.493749,nan,0.102990,nan,1.796012
10742,0.522742,0.644398,-29.454342,0.102977,42.168549,1.390869
10743,0.563788,0.484255,nan,0.102977,nan,1.504169
10744,0.655100,0.683029,-28.657970,0.102965,41.603592,1.713146
10745,0.601120,0.588238,nan,0.102965,nan,1.613490
10746,0.657957,0.624273,-30.117474,0.102952,41.308670,1.710882
10747,0.691550,0.851594,nan,0.102952,nan,1.769982
10748,0.662166,0.642195,-30.054771,0.102940,41.957527,1.716852
10749,0.498882,0.524206,nan,0.102940,nan,1.359059
10750,0.544870,0.453808,-29.027847,0.102927,40.220207,1.498250
10751,0.673091,0.660213,nan,0.102927,nan,1.757058
10752,0.588640,0.428828,-29.676191,0.102914,41.204788,1.572345
10753,0.391239,0.383712,nan,0.102914,nan,1.131180
10754,0.679081,0.496198,-28.131001,0.102902,38.877220,1.796446
10755,0.543658,0.474593,nan,0.102902,nan,1.486349
10756,0.698504,0.671429,-29.919359,0.102889,40.443867,1.770439
10757,0.757180,0.750565,nan,0.102889,nan,1.932227
10758,0.694426,0.457648,-29.774845,0.102877,39.000580,1.818185
10759,0.452987,0.493440,nan,0.102877,nan,1.268571
10760,0.617504,0.582333,-28.691143,0.102865,40.785080,1.630178
10761,0.612695,0.521783,nan,0.102865,nan,1.625459
10762,0.895683,0.602785,-29.542044,0.102852,40.752197,2.226950
10763,0.585596,0.702156,nan,0.102852,nan,1.569074
10764,0.608172,0.566510,-29.464460,0.102840,38.857262,1.611372
10765,0.540760,0.536298,nan,0.102840,nan,1.467749
10766,0.998482,0.529796,-27.737080,0.102828,40.681202,2.441666
10767,0.597178,0.347457,nan,0.102828,nan,1.601487
10768,0.535757,0.546051,-29.161753,0.102815,39.654434,1.495727
10769,0.455454,0.386539,nan,0.102815,nan,1.284882
10770,0.417668,0.486061,-29.631493,0.102803,42.262787,1.221273
10771,0.536132,0.526272,nan,0.102803,nan,1.483377
10772,0.542627,0.482269,-30.546213,0.102791,41.021500,1.500148
10773,0.580335,0.647643,nan,0.102791,nan,1.536922
10774,0.908871,0.740592,-29.199846,0.102778,39.216301,2.252727
10775,0.703716,0.598616,nan,0.102778,nan,1.823370
10776,1.044127,0.888459,-27.137917,0.102766,38.750816,2.534588
10777,0.959575,0.431608,nan,0.102766,nan,2.354534
10778,0.983754,0.678503,-30.807856,0.102754,38.011826,2.410591
10779,1.167543,0.860748,nan,0.102754,nan,2.770976
10780,1.453323,0.576594,-30.194481,0.102742,42.310368,3.359251
10781,1.316701,0.483786,nan,0.102742,nan,3.074878
10782,0.509144,0.501191,-28.595509,0.102729,42.706642,1.402570
10783,0.840454,0.757947,nan,0.102729,nan,2.105337
10784,1.160968,0.617666,-28.644398,0.102717,38.601059,2.763674
10785,0.564873,0.514850,nan,0.102717,nan,1.526851
10786,0.450335,0.361447,-30.432016,0.102705,40.886936,1.273809
10787,0.546735,0.525699,nan,0.102705,nan,1.475744
10788,0.507759,0.455173,-30.359043,0.102693,40.225323,1.393741
10789,0.540563,0.470637,nan,0.102693,nan,1.458694
10790,0.528023,0.482093,-29.503139,0.102680,42.116558,1.458172
10791,0.668639,0.651574,nan,0.102680,nan,1.769778
10792,0.599356,0.504971,-31.631615,0.102668,41.846313,1.625124
10793,0.783635,0.733451,nan,0.102668,nan,1.975979
10794,0.902127,0.487438,-29.872326,0.102656,40.667450,2.218521
10795,0.763368,0.540357,nan,0.102656,nan,1.930236
10796,0.642626,0.565493,-28.915024,0.102643,42.220131,1.718253
10797,0.759780,0.688348,nan,0.102643,nan,1.967507
10798,0.772951,0.460562,-29.890087,0.102631,39.769630,1.995120
10799,0.435240,0.381921,nan,0.102631,nan,1.272352
10800,0.512208,0.471344,-30.896027,0.102619,40.595394,1.417196
10801,0.438641,0.372300,nan,0.102619,nan,1.244052
10802,0.526074,0.456900,-28.638893,0.102606,43.079750,1.448633
10803,1.068439,1.095017,nan,0.102606,nan,2.574172
10804,0.975870,0.769086,-29.127146,0.102594,39.706730,2.387034
10805,0.581357,0.456781,nan,0.102594,nan,1.573010
10806,0.620089,0.608159,-30.692762,0.102582,39.353355,1.628436
10807,1.006408,0.739801,nan,0.102582,nan,2.431370
10808,0.648471,1.162061,-28.521551,0.102569,39.139130,1.689362
10809,1.174457,0.658300,nan,0.102569,nan,2.774579
10810,0.786826,0.369517,-31.967812,0.102557,40.264072,1.983567
10811,1.047704,0.770117,nan,0.102557,nan,2.527266
10812,1.667688,0.733667,-30.487551,0.102545,42.703423,3.803350
10813,1.388887,0.702274,nan,0.102545,nan,3.234722
10814,0.471739,0.734579,-29.459164,0.102533,40.745560,1.325922
10815,0.728556,0.431051,nan,0.102533,nan,1.901536
10816,0.606920,0.477634,-31.438164,0.102520,42.242691,1.641239
10817,0.583180,0.399055,nan,0.102520,nan,1.581755
10818,0.434171,0.304458,-30.845533,0.102508,42.718117,1.264019
10819,0.636324,0.660374,nan,0.102508,nan,1.710465
10820,0.687099,0.526581,-30.388578,0.102496,41.271523,1.819629
10821,0.503259,0.524575,nan,0.102496,nan,1.431485
10822,0.430439,0.492561,-31.262035,0.102483,39.877762,1.271289
10823,0.420337,0.427162,nan,0.102483,nan,1.231344
10824,0.360159,0.475286,-30.799168,0.102471,40.224777,1.120545
10825,0.637839,0.577651,nan,0.102471,nan,1.703109
10826,0.487820,0.647041,-29.407581,0.102459,43.002628,1.415493
10827,0.818677,0.493022,nan,0.102459,nan,2.099525
10828,0.564322,0.630924,-30.499504,0.102446,40.902489,1.575558
10829,0.760885,0.465014,nan,0.102446,nan,1.959536
10830,0.598705,0.504411,-30.688210,0.102434,41.868786,1.639845
10831,0.589943,0.651886,nan,0.102434,nan,1.633228
10832,0.518217,0.504653,-29.999048,0.102422,42.863422,1.477760
10833,0.345554,0.764679,nan,0.102422,nan,1.099290
10834,0.473737,0.753642,-30.701786,0.102409,41.472382,1.369667
10835,0.443733,0.401485,nan,0.102409,nan,1.310350
10836,0.464350,0.526039,-32.089294,0.102397,41.522728,1.338492
10837,0.404811,0.395201,nan,0.102397,nan,1.180233
10838,0.434482,0.459151,-30.633972,0.102384,42.122589,1.277397
10839,0.561014,0.430076,nan,0.102384,nan,1.540004
10840,0.528364,0.410548,-30.238733,0.102372,43.095402,1.484987
10841,0.496724,0.727067,nan,0.102372,nan,1.429272
10842,0.573135,0.457489,-31.845425,0.102359,42.429321,1.603762
10843,0.588977,0.468195,nan,0.102359,nan,1.604257
10844,0.673130,0.552882,-31.122816,0.102347,43.829407,1.772287
10845,0.453513,0.333530,nan,0.102347,nan,1.338865
10846,0.727711,0.742190,-29.529148,0.102334,41.665318,1.927067
10847,0.409393,0.589896,nan,0.102334,nan,1.255011
10848,0.446853,0.353390,-32.332146,0.102322,39.923138,1.321030
10849,0.542682,0.719624,nan,0.102322,nan,1.490996
10850,0.779003,0.815069,-32.043228,0.102310,41.939445,1.975096
10851,0.467415,0.495821,nan,0.102310,nan,1.336530
10852,0.603795,0.626231,-31.058058,0.102297,40.500763,1.652205
10853,0.409339,0.417153,nan,0.102297,nan,1.216066
10854,0.505244,0.625745,-30.172756,0.102285,40.857780,1.447899
10855,0.473165,0.832151,nan,0.102285,nan,1.357882
10856,0.517393,0.404447,-31.570032,0.102272,41.723709,1.458684
10857,0.586764,0.635118,nan,0.102272,nan,1.598916
10858,0.386479,0.427897,-30.986851,0.102260,42.701317,1.174429
10859,0.458614,0.607342,nan,0.102260,nan,1.319544
10860,0.570313,0.481853,-30.866642,0.102248,40.477772,1.579988
10861,0.525063,0.411547,nan,0.102248,nan,1.499995
10862,0.477677,0.508314,-31.694290,0.102235,40.226311,1.391537
10863,0.684409,0.465326,nan,0.102235,nan,1.782946
10864,0.610300,0.632935,-31.505711,0.102223,41.915497,1.651673
10865,0.699502,0.613493,nan,0.102223,nan,1.842470
10866,0.693707,0.629232,-31.361198,0.102211,40.308136,1.831165
10867,0.479568,0.403740,nan,0.102211,nan,1.391895
10868,0.635362,0.546633,-32.098434,0.102198,38.972572,1.668979
10869,0.553573,0.532065,nan,0.102198,nan,1.507627
10870,0.586301,0.501069,-31.561283,0.102186,40.171185,1.624834
10871,0.315468,0.337333,nan,0.102186,nan,1.031784
10872,0.309415,0.382035,-31.813885,0.102174,40.012970,0.993279
10873,0.393573,0.362438,nan,0.102174,nan,1.133629
10874,0.365964,0.401569,-30.963367,0.102162,42.493595,1.156457
10875,0.520589,0.451662,nan,0.102162,nan,1.476965
10876,0.430509,0.584355,-32.446964,0.102149,41.339958,1.230035
10877,0.918036,0.673331,nan,0.102149,nan,2.264593
10878,0.420016,0.522386,-30.387197,0.102137,42.092072,1.241965
10879,0.737575,0.863490,nan,0.102137,nan,1.936275
10880,1.164988,0.843551,-29.059494,0.102125,42.012016,2.804101
10881,1.079747,0.470139,nan,0.102125,nan,2.623663
10882,0.444881,0.312308,-31.685295,0.102113,39.957680,1.314680
10883,1.461525,0.496578,nan,0.102113,nan,3.411778
10884,1.381696,0.451065,-32.866932,0.102100,40.033989,3.246910
10885,0.977073,0.548922,nan,0.102100,nan,2.414016
10886,0.428679,0.443459,-30.738026,0.102088,41.715790,1.278671
10887,0.883796,0.691930,nan,0.102088,nan,2.234102
10888,0.733244,0.719515,-30.987617,0.102076,40.976257,1.916032
10889,0.649389,0.638952,nan,0.102076,nan,1.726908
10890,0.654344,0.664257,-32.383259,0.102064,43.599815,1.737907
10891,0.528925,0.681127,nan,0.102064,nan,1.465120
10892,0.382188,0.358850,-32.107300,0.102051,42.684250,1.172561
10893,0.906910,0.430054,nan,0.102051,nan,2.266302
10894,0.662352,0.380357,-31.868429,0.102039,40.258629,1.760036
10895,0.423113,0.398632,nan,0.102039,nan,1.262942
10896,0.550392,0.498679,-32.690323,0.102027,41.448921,1.557576
10897,0.773735,0.518326,nan,0.102027,nan,1.972708
10898,0.599670,0.491320,-31.200613,0.102015,39.433884,1.605906
10899,0.476139,0.377096,nan,0.102015,nan,1.383075
10900,0.446506,0.553039,-31.805002,0.102002,40.762398,1.320827
10901,0.703797,0.468905,nan,0.102002,nan,1.831706
10902,0.472454,0.263098,-31.988251,0.101990,39.813259,1.373035
10903,0.460656,0.465059,nan,0.101990,nan,1.334388
10904,0.317049,0.501923,-32.035416,0.101978,41.312225,1.023295
10905,0.345897,0.390235,nan,0.101978,nan,1.098700
10906,0.349767,0.527241,-33.141510,0.101966,42.638691,1.105650
10907,0.646281,0.545851,nan,0.101966,nan,1.686421
10908,0.445211,0.350715,-30.688274,0.101954,40.229397,1.307971
10909,0.820862,0.606456,nan,0.101954,nan,2.119808
10910,0.737141,0.485767,-31.934647,0.101942,40.226074,1.928993
10911,0.419079,0.414827,nan,0.101942,nan,1.225411
10912,0.643354,0.818482,-31.814468,0.101929,40.323906,1.729126
10913,0.343245,0.433320,nan,0.101929,nan,1.107674
10914,0.342634,0.378381,-31.253593,0.101917,40.574852,1.074006
10915,0.614717,0.679104,nan,0.101917,nan,1.686529
10916,0.408549,0.347627,-32.894020,0.101905,39.136570,1.247014
10917,0.684106,0.434659,nan,0.101905,nan,1.796229
10918,0.742005,0.784777,-30.088310,0.101893,40.992645,1.916958
10919,1.002791,0.641559,nan,0.101893,nan,2.473824
10920,0.686206,0.721044,-31.621309,0.101881,40.051094,1.829803
10921,0.683535,0.573157,nan,0.101881,nan,1.776258
10922,0.566672,0.515060,-31.632290,0.101869,44.047192,1.562265
10923,0.712003,0.468380,nan,0.101869,nan,1.886300
10924,0.450395,0.333977,-32.876846,0.101857,42.693436,1.337336
10925,0.739746,0.441517,nan,0.101857,nan,1.906662
10926,0.451920,0.380118,-31.588823,0.101845,41.662525,1.295838
10927,0.688848,0.443300,nan,0.101845,nan,1.834465
10928,0.682757,0.648919,-32.099346,0.101833,42.096420,1.832652
10929,0.364879,0.302072,nan,0.101833,nan,1.123902
10930,0.513246,0.553355,-33.136871,0.101820,41.764702,1.406419
10931,0.461062,0.572230,nan,0.101820,nan,1.315430
10932,0.483252,0.523374,-32.381069,0.101808,39.361336,1.391483
10933,0.322951,0.340677,nan,0.101808,nan,1.001739
10934,0.371273,0.382810,-32.925728,0.101796,40.490623,1.109156
10935,0.544835,0.423659,nan,0.101796,nan,1.474663
10936,0.560888,0.480127,-30.865007,0.101784,39.728188,1.569533
10937,0.635164,0.564282,nan,0.101784,nan,1.737301
10938,0.415257,0.295161,-33.326073,0.101772,42.357174,1.268467
10939,0.763948,0.342637,nan,0.101772,nan,1.971115
10940,0.545296,0.396493,-32.392693,0.101760,39.968987,1.493260
10941,0.586736,0.507990,nan,0.101760,nan,1.615621
10942,0.530902,0.506266,-32.955654,0.101748,41.908508,1.488733
10943,0.590405,0.498120,nan,0.101748,nan,1.569955
10944,0.423427,0.345584,-31.574165,0.101736,40.595737,1.253095
10945,0.589654,0.580770,nan,0.101736,nan,1.631499
10946,0.757587,0.645359,-32.177723,0.101724,40.793015,1.987709
10947,0.370259,0.314124,nan,0.101724,nan,1.173088
10948,0.676249,0.486197,-31.665998,0.101712,40.494354,1.756721
10949,0.715623,0.609588,nan,0.101712,nan,1.842631
10950,0.461511,0.317351,-32.807140,0.101700,40.647301,1.365436
10951,0.366703,0.381394,nan,0.101700,nan,1.131576
10952,0.350595,0.532502,-32.806290,0.101687,41.900883,1.068828
10953,0.336504,0.240598,nan,0.101687,nan,1.091388
10954,0.579955,0.446418,-32.623501,0.101675,42.339745,1.524639
10955,0.156851,0.178976,nan,0.101675,nan,0.678655
10956,0.337893,0.486493,-33.780132,0.101663,42.009468,1.036826
10957,0.829596,0.773180,nan,0.101663,nan,2.076089
10958,0.515683,0.426656,-31.624989,0.101651,43.740345,1.452443
10959,0.887768,0.509830,nan,0.101651,nan,2.261413
10960,0.832853,0.428029,-31.929735,0.101639,40.851669,2.138516
10961,0.420671,0.392346,nan,0.101639,nan,1.254759
10962,0.963069,0.352847,-32.289417,0.101627,43.055943,2.406963
10963,0.442787,0.417356,nan,0.101627,nan,1.284423
10964,0.550831,0.753747,-31.945896,0.101615,39.927711,1.541118
10965,0.539077,0.617943,nan,0.101615,nan,1.516964
10966,0.516257,0.556886,-32.103706,0.101602,40.912506,1.446935
10967,0.444606,0.487586,nan,0.101602,nan,1.298383
10968,0.591182,0.416698,-31.898563,0.101590,38.878597,1.634331
10969,0.462031,0.539843,nan,0.101590,nan,1.339563
10970,0.342915,0.595742,-32.083771,0.101578,40.832737,1.072021
10971,0.500627,0.510528,nan,0.101578,nan,1.396721
10972,0.326301,0.391505,-33.267605,0.101566,43.786133,1.050541
10973,0.419857,0.735126,nan,0.101566,nan,1.247056
10974,0.440317,0.468843,-32.596474,0.101554,40.623161,1.267890
10975,0.400878,0.365791,nan,0.101554,nan,1.198056
10976,0.288315,0.407850,-33.760677,0.101542,42.114662,0.930782
10977,0.782475,0.680154,nan,0.101542,nan,1.994737
10978,0.367920,0.459792,-32.374756,0.101530,40.511837,1.119819
10979,0.361226,0.301352,nan,0.101530,nan,1.141994
10980,0.428289,0.394878,-33.309250,0.101518,42.789005,1.242021
10981,0.322345,0.264574,nan,0.101518,nan,1.053661
10982,0.306684,0.286014,-33.713860,0.101506,42.995018,0.943511
10983,0.283506,0.495800,nan,0.101506,nan,0.922857
10984,0.367478,0.332515,-31.598322,0.101494,41.198471,1.131049
10985,0.246130,0.758481,nan,0.101494,nan,0.858849
10986,0.340102,0.611991,-33.039001,0.101482,40.314579,1.096162
10987,0.261362,0.298013,nan,0.101482,nan,0.878659
10988,0.152080,0.199091,-34.087982,0.101469,42.367981,0.659038
10989,0.434177,0.332411,nan,0.101469,nan,1.277955
10990,0.353386,0.299747,-32.667946,0.101457,43.946972,1.082334
10991,0.408264,0.598045,nan,0.101457,nan,1.256016
10992,0.619162,0.577789,-32.739887,0.101445,42.648834,1.711903
10993,0.313322,0.282604,nan,0.101445,nan,1.030675
10994,0.490511,0.248953,-33.862984,0.101433,41.756767,1.406088
10995,0.421403,0.377691,nan,0.101433,nan,1.213698
10996,0.311550,0.210527,-33.237114,0.101421,40.932205,1.062137
10997,0.434580,0.392081,nan,0.101421,nan,1.232811
10998,0.398894,0.409545,-32.372536,0.101409,40.939056,1.229969
10999,0.366929,0.315523,nan,0.101409,nan,1.171560
11000,0.392125,0.338564,-33.083424,0.101396,40.605816,1.163034
11001,0.257344,0.258655,nan,0.101396,nan,0.858962
11002,0.332533,0.542950,-33.079212,0.101384,41.737827,1.110197
11003,0.376553,0.574305,nan,0.101384,nan,1.092404
11004,0.533177,0.469479,-31.444065,0.101372,38.387047,1.391060
11005,0.520468,0.684001,nan,0.101372,nan,1.512048
11006,0.722351,0.773652,-32.155762,0.101360,40.249222,1.898939
11007,0.371260,0.306047,nan,0.101360,nan,1.180609
11008,0.316960,0.311478,-33.563438,0.101348,41.689785,0.953990
11009,0.274924,0.196810,nan,0.101348,nan,0.888820
11010,0.702860,0.247954,-31.304537,0.101336,41.551311,1.862229
11011,0.684533,0.588302,nan,0.101336,nan,1.832856
11012,0.334337,0.269984,-34.993660,0.101324,43.418472,1.099834
11013,0.849998,0.741305,nan,0.101324,nan,2.174910
11014,0.873226,0.618752,-34.049305,0.101312,40.631279,2.230114
11015,0.411475,0.301928,nan,0.101312,nan,1.219629
11016,0.708668,0.529098,-30.750547,0.101300,42.783455,1.860879
11017,1.238398,0.599350,nan,0.101300,nan,2.956967
11018,1.184732,0.286833,-32.428001,0.101288,41.894058,2.849566
11019,0.407922,0.357886,nan,0.101288,nan,1.193289
11020,0.960468,0.473026,-33.364864,0.101276,40.157089,2.415835
11021,1.650039,0.218914,nan,0.101276,nan,3.796423
11022,0.475604,0.144993,-29.594933,0.101264,39.661049,1.380397
11023,2.219215,0.277399,nan,0.101264,nan,4.934604
11024,2.088938,0.507310,-30.077629,0.101252,41.498466,4.667793
11025,0.905175,0.308928,nan,0.101252,nan,2.285758
11026,0.599679,0.263614,-33.458740,0.101240,41.788811,1.630365
11027,0.469675,0.195822,nan,0.101240,nan,1.350162
11028,0.445635,0.284025,-32.139797,0.101228,40.384880,1.334031
11029,0.469827,0.223353,nan,0.101228,nan,1.376065
11030,0.297053,0.278083,-33.361778,0.101216,40.933044,0.994889
11031,0.421349,0.236220,nan,0.101216,nan,1.242154
11032,0.303846,0.249258,-32.677437,0.101204,42.892357,0.966040
11033,0.497429,0.244998,nan,0.101204,nan,1.441822
11034,0.431744,0.354981,-33.498627,0.101192,42.666855,1.276578
11035,0.490061,0.328268,nan,0.101192,nan,1.377331
11036,0.345144,0.417432,-32.548439,0.101180,41.280853,1.056360
11037,0.482347,0.266143,nan,0.101180,nan,1.394714
11038,0.327248,0.327967,-33.600113,0.101168,43.311836,1.030111
11039,0.745354,0.328114,nan,0.101168,nan,1.942190
11040,0.357741,0.287632,-32.557205,0.101156,41.959831,1.106908
11041,0.539930,0.214935,nan,0.101156,nan,1.546170
11042,0.402450,0.186142,-33.225044,0.101144,40.300964,1.245160
11043,0.740246,0.378509,nan,0.101144,nan,1.929880
11044,0.308178,0.219694,-32.889359,0.101132,41.074348,1.007858
11045,0.372216,0.185724,nan,0.101132,nan,1.188975
11046,0.255030,0.286100,-33.042458,0.101120,41.521778,0.871941
11047,0.197629,0.260585,nan,0.101120,nan,0.699608
11048,0.212939,0.212651,-33.915436,0.101108,43.155342,0.781111
11049,0.233855,0.234320,nan,0.101108,nan,0.791604
11050,0.194390,0.260470,-33.176964,0.101096,42.270180,0.726771
11051,0.187027,0.270259,nan,0.101096,nan,0.714343
11052,0.084404,0.219139,-33.887184,0.101084,39.486744,0.447628
11053,0.328130,0.283402,nan,0.101084,nan,1.052024
11054,0.249490,0.512860,-33.069748,0.101072,42.404861,0.860643
11055,0.236303,0.192843,nan,0.101072,nan,0.851359
11056,0.232820,0.788349,-32.255478,0.101060,43.793114,0.762179
11057,0.588111,0.577659,nan,0.101060,nan,1.626273
11058,0.224063,0.387810,-32.512383,0.101048,39.309662,0.740308
11059,0.373424,0.248250,nan,0.101048,nan,1.202302
11060,0.173161,0.227222,-34.040710,0.101036,42.972755,0.703943
11061,0.462174,0.287095,nan,0.101036,nan,1.326048
11062,0.275894,0.243850,-32.379311,0.101024,43.714565,0.903668
11063,0.714407,0.473127,nan,0.101024,nan,1.885771
11064,0.688135,0.170734,-33.393089,0.101012,43.371857,1.865164
11065,0.301680,0.411687,nan,0.101012,nan,0.933217
11066,0.568769,0.404860,-32.685520,0.101000,41.752533,1.543065
11067,0.593848,0.236806,nan,0.101000,nan,1.625029
11068,0.366928,0.304339,-33.163918,0.100988,41.436356,1.131598
11069,0.396465,0.368632,nan,0.100988,nan,1.168933
11070,0.177586,0.174921,-33.757710,0.100975,41.883408,0.726912
11071,0.321004,0.165603,nan,0.100975,nan,1.046719
11072,0.328749,0.325048,-31.890406,0.100963,39.668808,1.028535
11073,0.562784,0.424851,nan,0.100963,nan,1.595448
11074,0.485562,0.531835,-33.136860,0.100951,40.814278,1.431023
11075,0.505772,0.377583,nan,0.100951,nan,1.387099
11076,0.187749,0.361364,-33.407864,0.100939,43.270485,0.725707
11077,0.284665,0.294370,nan,0.100939,nan,0.925704
11078,0.203299,0.479382,-32.132450,0.100927,41.074913,0.751066
11079,0.282361,0.509423,nan,0.100927,nan,0.900814
11080,0.360603,0.335996,-33.924194,0.100915,43.385113,1.121287
11081,0.244419,0.468351,nan,0.100915,nan,0.805781
11082,0.246612,0.440445,-32.455040,0.100903,41.614513,0.833929
11083,0.326632,0.332095,nan,0.100903,nan,1.059919
11084,0.227057,0.378372,-33.765457,0.100891,43.615829,0.809986
11085,0.504640,0.371486,nan,0.100891,nan,1.382176
11086,0.388639,0.535804,-32.720070,0.100879,44.567390,1.195664
11087,0.453217,0.479612,nan,0.100879,nan,1.349583
11088,0.207384,0.335844,-34.361210,0.100867,43.676064,0.764711
11089,0.576033,0.540310,nan,0.100867,nan,1.554188
11090,0.345966,0.568999,-31.596262,0.100855,43.059273,1.054227
11091,0.754040,0.256041,nan,0.100855,nan,1.967672
11092,0.344515,0.520276,-32.310738,0.100843,40.638420,1.124652
11093,0.699252,0.485142,nan,0.100843,nan,1.830492
11094,0.340834,0.308892,-32.427017,0.100831,41.918114,1.048344
11095,0.713711,0.423425,nan,0.100831,nan,1.886708
11096,0.551742,0.400222,-32.419132,0.100819,40.468361,1.543830
11097,0.329605,0.619587,nan,0.100819,nan,1.044413
11098,0.400497,0.384454,-34.310997,0.100807,42.297745,1.153435
11099,0.828201,1.196051,nan,0.100807,nan,2.087796
11100,0.526788,1.034027,-33.907654,0.100795,44.464600,1.419381
11101,0.605006,0.520409,nan,0.100795,nan,1.579287
11102,0.414021,1.025505,-30.824743,0.100782,43.631195,1.276433
11103,0.605093,0.929586,nan,0.100782,nan,1.664912
11104,0.636296,0.427723,-32.941345,0.100770,41.421810,1.724821
11105,0.325403,0.599066,nan,0.100770,nan,1.036254
11106,0.612035,0.690591,-33.390797,0.100758,42.311928,1.614388
11107,0.387212,0.334193,nan,0.100758,nan,1.163162
11108,0.363681,0.320603,-33.885185,0.100746,43.694344,1.118023
11109,0.368606,0.399262,nan,0.100746,nan,1.064138
11110,0.339518,0.291641,-32.511925,0.100734,43.079964,1.039630
11111,0.405222,0.468498,nan,0.100734,nan,1.178174
11112,0.374611,0.328888,-33.272064,0.100722,41.050556,1.114329
11113,0.286665,0.367677,nan,0.100722,nan,0.918368
11114,0.381162,0.261519,-33.116619,0.100710,42.656647,1.114227
11115,0.367407,0.290377,nan,0.100710,nan,1.130072
11116,0.438668,0.334825,-32.818897,0.100698,42.089184,1.234299
11117,0.348237,0.308953,nan,0.100698,nan,1.088299
11118,0.521106,0.336274,-33.305645,0.100685,43.201698,1.418158
11119,0.409911,0.370487,nan,0.100685,nan,1.199142
11120,0.571405,0.248162,-31.964306,0.100673,41.028500,1.574820
11121,0.578629,0.518405,nan,0.100673,nan,1.582196
11122,0.601733,0.297099,-33.857079,0.100661,43.172489,1.586731
11123,0.367001,0.379407,nan,0.100661,nan,1.069320
11124,0.443087,0.385004,-32.510021,0.100649,41.789093,1.263516
11125,0.350529,0.449100,nan,0.100649,nan,1.117308
11126,0.327729,0.456021,-33.876438,0.100637,41.507347,0.966217
11127,0.327724,0.505197,nan,0.100637,nan,0.991277
11128,0.243870,0.536195,-33.391594,0.100625,41.404404,0.844232
11129,0.288133,0.284022,nan,0.100625,nan,0.886955
11130,0.378562,0.586484,-31.715607,0.100613,43.137207,1.143122
11131,0.321634,0.613676,nan,0.100613,nan,1.068591
11132,0.506049,0.543707,-33.588394,0.100601,41.457195,1.437536
11133,0.393943,0.366430,nan,0.100601,nan,1.133002
11134,0.230563,0.225324,-33.547928,0.100589,42.758850,0.820095
11135,0.431427,0.311042,nan,0.100589,nan,1.203964
11136,0.427993,0.384106,-32.788536,0.100577,43.057301,1.239371
11137,0.360138,0.288387,nan,0.100577,nan,1.074267
11138,0.365039,0.436258,-33.366020,0.100565,42.795731,1.096514
11139,0.272319,0.196528,nan,0.100565,nan,0.884684
11140,0.374825,0.360183,-33.226772,0.100553,43.038628,1.181676
11141,0.241158,0.179660,nan,0.100553,nan,0.852363
11142,0.690786,0.758009,-31.663898,0.100541,43.460548,1.775905
11143,0.300053,0.577951,nan,0.100541,nan,0.990204
11144,0.420739,0.255437,-33.773994,0.100529,41.312443,1.267002
11145,0.521806,0.548676,nan,0.100529,nan,1.427909
11146,0.382670,0.317784,-33.083660,0.100517,42.701340,1.146880
11147,0.411231,0.407210,nan,0.100517,nan,1.192828
11148,0.578197,0.323097,-32.739670,0.100505,42.602203,1.607458
11149,0.438857,0.450479,nan,0.100505,nan,1.244030
11150,0.299366,0.489928,-32.803352,0.100493,41.154564,0.987380
11151,0.313182,0.334499,nan,0.100493,nan,0.951000
11152,0.399415,0.488005,-33.011429,0.100481,41.898449,1.246059
11153,0.384610,0.387148,nan,0.100481,nan,1.123410
11154,0.537405,0.736864,-31.218414,0.100469,42.937660,1.434722
11155,0.351955,0.726124,nan,0.100469,nan,1.101267
11156,0.529767,0.514009,-32.101059,0.100457,42.607502,1.424524
11157,0.602256,0.465300,nan,0.100457,nan,1.639061
11158,0.754640,0.235760,-33.154388,0.100445,43.560802,1.974888
11159,0.374793,0.385551,nan,0.100445,nan,1.112363
11160,0.267791,0.326920,-33.608250,0.100433,43.906673,0.905244
11161,0.455300,0.351958,nan,0.100433,nan,1.300158
11162,0.506258,0.340495,-32.232460,0.100421,43.045113,1.464236
11163,0.396264,0.316208,nan,0.100421,nan,1.219053
11164,0.237988,0.530788,-34.586964,0.100409,42.145214,0.827126
11165,0.786684,0.437138,nan,0.100409,nan,2.041342
11166,0.601466,0.278191,-32.603783,0.100397,42.251202,1.623236
11167,0.442889,0.432104,nan,0.100397,nan,1.322165
11168,0.464466,0.508735,-33.446411,0.100385,42.527313,1.354266
11169,0.368954,0.261853,nan,0.100385,nan,1.094990
11170,0.488743,0.521796,-32.817596,0.100373,42.700493,1.411629
11171,0.291940,0.346325,nan,0.100373,nan,0.992244
11172,0.271124,0.368823,-32.787117,0.100361,40.895409,0.870496
11173,0.328363,0.337798,nan,0.100361,nan,1.001787
11174,0.371676,0.209636,-32.986179,0.100349,41.065647,1.188862
11175,0.202443,0.500453,nan,0.100349,nan,0.757444
11176,0.411415,0.337218,-32.309704,0.100337,40.358871,1.197385
11177,0.221300,0.472068,nan,0.100337,nan,0.796690
11178,0.388762,0.455739,-33.053989,0.100325,42.695381,1.219929
11179,0.196535,0.177721,nan,0.100325,nan,0.770646
11180,0.425957,0.263805,-33.811905,0.100313,42.677849,1.278865
11181,0.475301,0.283256,nan,0.100313,nan,1.368580
11182,0.339212,0.326084,-32.530411,0.100301,41.327610,1.111643
11183,0.353120,0.262994,nan,0.100301,nan,1.137346
11184,0.373205,0.320789,-33.669922,0.100289,41.934814,1.088216
11185,0.208780,0.233428,nan,0.100289,nan,0.737100
11186,0.169733,0.172365,-33.316547,0.100277,40.364475,0.728110
11187,0.423277,0.226106,nan,0.100277,nan,1.267649
11188,0.254915,0.244932,-31.723387,0.100265,40.274609,0.857053
11189,0.843099,0.151205,nan,0.100265,nan,2.175381
11190,0.692874,0.244581,-33.524879,0.100254,42.448769,1.859404
11191,0.482272,0.400987,nan,0.100254,nan,1.340511
11192,0.368816,0.304396,-33.594620,0.100242,42.428429,1.153507
11193,0.267027,0.253703,nan,0.100242,nan,0.919157
11194,0.451931,0.347924,-31.879669,0.100230,41.826290,1.288227
11195,0.725636,0.464034,nan,0.100230,nan,1.919371
11196,0.563383,0.519049,-32.692474,0.100218,39.480244,1.574933
11197,0.575833,0.378152,nan,0.100218,nan,1.571656
11198,0.312146,0.219541,-33.615162,0.100207,45.163570,1.020501
11199,0.224045,0.187083,nan,0.100207,nan,0.813973
11200,0.364658,0.230191,-32.886448,0.100195,42.494530,1.144603
11201,0.264246,0.356918,nan,0.100195,nan,0.892125
11202,0.424343,0.349525,-32.893494,0.100183,40.351936,1.235477
11203,0.309652,0.241410,nan,0.100183,nan,1.030855
11204,0.130007,0.271633,-33.950043,0.100171,42.074898,0.577795
11205,0.393986,0.438292,nan,0.100171,nan,1.132411
11206,0.193270,0.259822,-33.337044,0.100159,43.910904,0.749160
11207,0.358621,0.381964,nan,0.100159,nan,1.105868
11208,0.314416,0.285976,-33.860180,0.100147,43.871677,1.016326
11209,0.349355,0.321974,nan,0.100147,nan,1.047031
11210,0.417998,0.386063,-32.876633,0.100136,43.294380,1.216705
11211,0.485541,0.398898,nan,0.100136,nan,1.420671
11212,0.179985,0.190676,-34.536888,0.100124,42.572098,0.737053
11213,0.444287,0.677150,nan,0.100124,nan,1.309926
11214,0.537123,0.815061,-32.846447,0.100112,41.368164,1.482803
11215,0.480094,0.453042,nan,0.100112,nan,1.389183
11216,0.225776,0.525934,-32.600624,0.100100,42.511848,0.837936
11217,0.280300,0.357951,nan,0.100100,nan,0.940717
11218,0.288013,0.260777,-32.935352,0.100088,42.698067,0.939441
11219,0.312175,0.376674,nan,0.100088,nan,1.068152
11220,0.357543,0.324479,-33.290619,0.100076,42.062798,1.139180
11221,0.567273,0.372009,nan,0.100076,nan,1.566470
11222,0.559174,0.402861,-32.672462,0.100064,41.824505,1.547553
11223,0.399305,0.323006,nan,0.100064,nan,1.233639
11224,0.463746,0.270566,-33.852825,0.100052,41.528519,1.369013
11225,0.422603,0.186250,nan,0.100052,nan,1.251563
11226,0.308006,0.129680,-33.408463,0.100041,39.427143,0.995724
11227,0.259789,0.331937,nan,0.100041,nan,0.864938
11228,0.256017,0.270206,-33.411777,0.100029,44.152416,0.898363
11229,0.291775,0.307353,nan,0.100029,nan,0.958055
11230,0.260525,0.394448,-33.785179,0.100017,43.211899,0.903445
11231,0.424921,0.398295,nan,0.100017,nan,1.197805
11232,0.150035,0.373530,-32.756538,0.100005,42.769691,0.654062
11233,0.409034,0.252853,nan,0.100005,nan,1.266202
11234,0.361133,0.479365,-33.792587,0.099993,40.580925,1.056220
11235,0.301765,0.335119,nan,0.099993,nan,0.903454
11236,0.216211,0.252608,-33.106285,0.099982,43.242496,0.792326
11237,0.386582,0.369935,nan,0.099982,nan,1.199691
11238,0.207510,0.449415,-32.744263,0.099970,43.319664,0.825547
11239,0.245901,0.252509,nan,0.099970,nan,0.892170
11240,0.186404,0.327982,-34.456535,0.099958,45.005367,0.717779
11241,0.304343,0.190277,nan,0.099958,nan,0.992727
11242,0.211630,0.173750,-33.697731,0.099946,42.653698,0.782550
11243,0.254443,0.235740,nan,0.099946,nan,0.824086
11244,0.423155,0.255556,-33.488956,0.099934,43.830315,1.298846
11245,0.263489,0.242212,nan,0.099934,nan,0.892733
11246,0.552664,0.182406,-33.767525,0.099922,42.960827,1.565407
11247,0.357694,0.203368,nan,0.099922,nan,1.130440
11248,0.311314,0.251705,-32.668072,0.099910,42.717407,1.058719
11249,0.299219,0.206217,nan,0.099910,nan,1.021850
11250,0.234163,0.303273,-33.775543,0.099898,42.330696,0.808892
11251,0.304916,0.411859,nan,0.099898,nan,0.938954
11252,0.304611,0.259626,-33.514736,0.099886,41.288502,1.032898
11253,0.270904,0.256343,nan,0.099886,nan,0.817493
11254,0.286369,0.279292,-33.474152,0.099875,42.904503,0.837058
11255,0.165079,0.174471,nan,0.099875,nan,0.685300
11256,0.153974,0.339644,-32.920826,0.099863,43.649837,0.666725
11257,0.376843,0.286332,nan,0.099863,nan,1.106690
11258,0.386618,0.362896,-33.712975,0.099851,43.008709,1.191773
11259,0.193769,0.192256,nan,0.099851,nan,0.684725
11260,0.292472,0.573353,-33.072586,0.099839,41.157776,0.967344
11261,0.207443,0.223110,nan,0.099839,nan,0.732587
11262,0.293855,0.384344,-33.412476,0.099827,41.868240,1.045752
11263,0.303995,0.306466,nan,0.099827,nan,0.940418
11264,0.237427,0.332155,-32.936199,0.099815,41.702969,0.841414
11265,0.210297,0.294863,nan,0.099815,nan,0.827820
11266,0.169660,0.188356,-33.713062,0.099804,42.873009,0.628752
11267,0.227886,0.452936,nan,0.099804,nan,0.773671
11268,0.211824,0.374930,-33.108376,0.099792,42.070911,0.801612
11269,0.233661,0.447031,nan,0.099792,nan,0.868134
11270,0.119978,0.300151,-34.236237,0.099780,42.191509,0.561882
11271,0.462351,0.466889,nan,0.099780,nan,1.330340
11272,0.200606,0.331894,-33.172752,0.099768,42.650928,0.729668
11273,0.247376,0.415596,nan,0.099768,nan,0.872645
11274,0.334627,0.451148,-33.598572,0.099756,43.068008,1.091291
11275,0.206071,0.259134,nan,0.099756,nan,0.724000
11276,0.229574,0.279847,-33.253578,0.099745,42.896416,0.850500
11277,0.078114,0.164709,nan,0.099745,nan,0.393534
11278,0.229233,0.371575,-33.477661,0.099733,43.452782,0.784561
11279,0.229395,0.338119,nan,0.099733,nan,0.853246
11280,0.327644,0.616413,-32.094627,0.099721,42.317219,1.104573
11281,0.218171,0.500058,nan,0.099721,nan,0.786412
11282,0.245339,0.282578,-34.330616,0.099709,42.563118,0.861420
11283,0.488817,0.470380,nan,0.099709,nan,1.379646
11284,0.249723,0.708401,-32.451084,0.099697,42.704189,0.867180
11285,0.254929,0.353330,nan,0.099697,nan,0.902111
11286,0.155576,0.739560,-34.065815,0.099685,43.335976,0.597244
11287,0.239513,0.444885,nan,0.099685,nan,0.826399
11288,0.261061,0.586832,-32.442421,0.099674,44.364864,0.890476
11289,0.430751,0.646636,nan,0.099674,nan,1.277443
11290,0.267113,0.416553,-34.662273,0.099662,42.735909,0.913698
11291,0.485933,0.679010,nan,0.099662,nan,1.412832
11292,0.336309,0.389810,-33.150482,0.099650,43.108269,1.090324
11293,0.542650,0.351722,nan,0.099650,nan,1.535739
11294,0.499171,0.489745,-33.517288,0.099638,42.721653,1.433378
11295,0.301687,0.329651,nan,0.099638,nan,1.015525
11296,0.379561,0.325307,-32.921791,0.099626,41.155815,1.145314
11297,0.260124,0.211532,nan,0.099626,nan,0.955530
11298,0.389343,0.331546,-33.321690,0.099614,40.681587,1.131509
11299,0.295758,0.238356,nan,0.099614,nan,0.969879
11300,0.243162,0.206561,-33.441864,0.099603,42.780014,0.859780
11301,0.278441,0.248654,nan,0.099603,nan,0.922355
11302,0.373434,0.298207,-33.128258,0.099591,41.991631,1.170009
11303,0.223263,0.191681,nan,0.099591,nan,0.809116
11304,0.235903,0.208876,-34.348495,0.099579,44.118092,0.839064
11305,0.330484,0.317055,nan,0.099579,nan,1.049994
11306,0.421674,0.429412,-33.205528,0.099567,43.447819,1.236349
11307,0.357659,0.237583,nan,0.099567,nan,1.122473
11308,0.324010,0.269132,-34.404922,0.099556,43.940823,1.037400
11309,0.298235,0.394809,nan,0.099556,nan,0.976496
11310,0.323638,0.134929,-33.145958,0.099544,42.135384,1.050038
11311,0.419325,0.189005,nan,0.099544,nan,1.267099
11312,0.418833,0.304307,-33.136757,0.099532,42.611435,1.262035
11313,0.338377,0.234186,nan,0.099532,nan,1.038330
11314,0.255158,0.258898,-33.440128,0.099520,40.829926,0.878880
11315,0.417609,0.273978,nan,0.099520,nan,1.247399
11316,0.173607,0.170943,-32.767757,0.099508,43.131981,0.688614
11317,0.554338,0.319404,nan,0.099508,nan,1.574189
11318,0.518299,0.317343,-33.668331,0.099497,44.343506,1.478866
11319,0.222987,0.168447,nan,0.099497,nan,0.813629
11320,0.405963,0.163336,-33.483822,0.099485,41.160309,1.226981
11321,0.267475,0.247286,nan,0.099485,nan,0.870120
11322,0.457013,0.273670,-32.397377,0.099473,42.238560,1.360772
11323,0.352800,0.265272,nan,0.099473,nan,1.145700
11324,0.210725,0.163677,-34.684761,0.099461,43.844017,0.782718
11325,0.445608,0.553961,nan,0.099461,nan,1.338701
11326,0.274458,0.555879,-33.836456,0.099450,44.991692,0.927492
11327,0.140017,0.194998,nan,0.099450,nan,0.638452
11328,0.202295,0.230174,-33.686821,0.099438,41.468559,0.772132
11329,0.415101,0.498353,nan,0.099438,nan,1.164099
11330,0.245099,0.252715,-31.816074,0.099426,41.626549,0.823956
11331,0.690745,0.816811,nan,0.099426,nan,1.836879
11332,0.469825,0.845254,-32.747898,0.099414,44.061203,1.365234
11333,0.169750,0.296535,nan,0.099414,nan,0.675929
11334,0.230796,0.679341,-33.553978,0.099403,40.683746,0.808794
11335,0.148460,0.476860,nan,0.099403,nan,0.625992
11336,0.348286,0.347327,-31.630814,0.099391,42.383816,1.060092
11337,0.239682,0.956173,nan,0.099391,nan,0.884917
11338,0.491668,1.116650,-32.363205,0.099379,42.684246,1.456582
11339,0.369123,0.299869,nan,0.099379,nan,1.188340
11340,0.289090,0.562032,-34.257008,0.099368,41.975765,0.941244
11341,0.342962,0.642787,nan,0.099368,nan,1.065536
11342,0.293237,0.405440,-33.170578,0.099356,45.615612,0.974920
11343,0.438676,0.314833,nan,0.099356,nan,1.301186
11344,0.473872,0.180769,-33.515236,0.099344,43.196507,1.389021
11345,0.175516,0.237204,nan,0.099344,nan,0.625658
11346,0.634339,0.125891,-32.752205,0.099332,43.606869,1.737385
11347,0.274556,0.207137,nan,0.099332,nan,0.949904
11348,0.493191,0.375352,-33.366135,0.099320,43.623375,1.422854
11349,0.557123,0.246006,nan,0.099320,nan,1.559827
11350,0.567650,0.574764,-33.936031,0.099309,42.525932,1.572972
11351,0.363199,0.434050,nan,0.099309,nan,1.119162
11352,0.365640,0.639055,-32.505066,0.099297,43.022621,1.157046
11353,0.443071,0.258049,nan,0.099297,nan,1.356709
11354,0.244695,0.497373,-33.981079,0.099285,42.789459,0.908276
11355,0.386234,0.246369,nan,0.099285,nan,1.190804
11356,0.199090,0.634282,-32.943596,0.099273,45.307526,0.750058
11357,0.188669,0.212090,nan,0.099273,nan,0.740571
11358,0.191589,0.808104,-34.064026,0.099261,44.194252,0.741070
11359,0.175393,0.833785,nan,0.099261,nan,0.677675
11360,0.175833,0.398559,-32.994980,0.099250,46.807827,0.662426
11361,0.199971,0.558895,nan,0.099250,nan,0.725646
11362,0.211836,0.661148,-33.336205,0.099238,44.045490,0.815932
11363,0.221500,0.238514,nan,0.099238,nan,0.823631
11364,0.245458,0.202327,-33.824135,0.099226,42.668343,0.851657
11365,0.131528,0.163159,nan,0.099226,nan,0.583428
11366,0.151773,0.138369,-32.988991,0.099214,44.060928,0.587115
11367,0.309051,0.102254,nan,0.099214,nan,1.070524
11368,0.145566,0.120774,-34.194084,0.099202,44.219353,0.642917
11369,0.543735,0.228373,nan,0.099202,nan,1.566414
11370,0.314984,0.222830,-33.205090,0.099190,43.373360,1.041470
11371,0.355289,0.252581,nan,0.099190,nan,1.144924
11372,0.334640,0.332251,-33.769855,0.099178,42.725983,1.094528
11373,0.264129,0.236449,nan,0.099178,nan,0.926603
11374,0.194491,0.255054,-33.085411,0.099166,43.986370,0.733647
11375,0.407490,0.221009,nan,0.099166,nan,1.274773
11376,0.139874,0.208391,-33.709721,0.099154,42.645226,0.623044
11377,0.497021,0.214134,nan,0.099154,nan,1.459083
11378,0.192009,0.278712,-32.249512,0.099143,43.639889,0.700824
11379,0.605036,0.240488,nan,0.099143,nan,1.666559
11380,0.362160,0.269667,-33.186722,0.099131,42.980659,1.171226
11381,0.413900,0.230065,nan,0.099131,nan,1.220909
11382,0.363101,0.299403,-32.436703,0.099119,41.443169,1.074215
11383,0.402322,0.213309,nan,0.099119,nan,1.243098
11384,0.316719,0.217649,-33.520077,0.099107,43.518822,1.051825
11385,0.369302,0.138172,nan,0.099107,nan,1.163368
11386,0.216755,0.160439,-32.823730,0.099095,43.409874,0.802536
11387,0.389215,0.247739,nan,0.099095,nan,1.232570
11388,0.233555,0.218238,-34.335091,0.099083,44.338242,0.821992
11389,0.346849,0.309779,nan,0.099083,nan,1.083177
11390,0.283233,0.277007,-33.368202,0.099072,44.167149,0.931707
11391,0.258755,0.319579,nan,0.099072,nan,0.945907
11392,0.183873,0.190249,-34.380367,0.099060,45.240070,0.774903
11393,0.467734,0.518341,nan,0.099060,nan,1.343702
11394,0.646010,0.453421,-33.748333,0.099048,44.795769,1.726675
11395,0.599863,0.377205,nan,0.099048,nan,1.618194
11396,0.347178,0.365246,-32.516930,0.099036,44.204357,1.112227
11397,0.470941,0.302346,nan,0.099036,nan,1.408729
11398,0.304117,0.205098,-33.895084,0.099024,40.096802,1.036866
11399,0.355960,0.325116,nan,0.099024,nan,1.100304
11400,0.394822,0.221102,-32.444344,0.099012,42.467449,1.188312
11401,0.297053,0.438474,nan,0.099012,nan,1.032282
11402,0.625172,0.382780,-32.704617,0.099001,39.769943,1.715486
11403,0.221721,0.338812,nan,0.099001,nan,0.841121
11404,0.404745,0.263421,-33.389347,0.098989,45.144104,1.196582
11405,0.602546,0.469395,nan,0.098989,nan,1.592674
11406,0.424649,0.188742,-32.657532,0.098977,44.129578,1.296401
11407,0.267045,0.145284,nan,0.098977,nan,0.949714
11408,0.430261,0.228055,-34.072075,0.098965,45.347824,1.283100
11409,0.269238,0.230629,nan,0.098965,nan,0.870631
11410,0.317600,0.155852,-32.925106,0.098954,42.886162,1.055499
11411,0.160922,0.211881,nan,0.098954,nan,0.690210
11412,0.248623,0.180835,-34.358742,0.098942,45.041237,0.847261
11413,0.247614,0.152446,nan,0.098942,nan,0.841103
11414,0.325993,0.288401,-33.274117,0.098930,43.661011,1.049510
11415,0.161661,0.239362,nan,0.098930,nan,0.683902
11416,0.479241,0.459195,-33.671005,0.098918,45.678871,1.318882
11417,0.231680,0.241271,nan,0.098918,nan,0.791551
11418,0.166481,0.174963,-33.822479,0.098906,42.972721,0.688510
11419,0.193953,0.136614,nan,0.098906,nan,0.721529
11420,0.103548,0.102283,-33.962124,0.098895,43.645454,0.529912
11421,0.226698,0.182597,nan,0.098895,nan,0.745342
11422,0.159763,0.140601,-34.204884,0.098883,46.252052,0.706865
11423,0.274323,0.235409,nan,0.098883,nan,0.835479
11424,0.396366,0.258606,-33.675133,0.098871,43.417862,1.247854
11425,0.260642,0.184074,nan,0.098871,nan,0.846602
11426,0.178088,0.161775,-33.854752,0.098859,43.621422,0.753339
11427,0.253369,0.193548,nan,0.098859,nan,0.826321
11428,0.131190,0.149274,-33.153736,0.098847,42.560162,0.581671
11429,0.222638,0.206493,nan,0.098847,nan,0.837873
11430,0.153690,0.136037,-33.438629,0.098835,43.328556,0.593679
11431,0.166980,0.179743,nan,0.098835,nan,0.677812
11432,0.342960,0.382854,-33.678123,0.098824,42.959785,1.068657
11433,0.101154,0.092478,nan,0.098824,nan,0.454619
11434,0.264826,0.251042,-33.041016,0.098812,43.782127,0.874073
11435,0.191620,0.157713,nan,0.098812,nan,0.807917
11436,0.097772,0.148225,-33.770550,0.098800,43.440018,0.512326
11437,0.120256,0.090030,nan,0.098800,nan,0.525574
11438,0.654606,0.176292,-33.039536,0.098788,44.273491,1.786083
11439,0.198491,0.210017,nan,0.098788,nan,0.756044
11440,0.264323,0.172400,-33.745789,0.098776,43.530457,0.869424
11441,0.213774,0.217656,nan,0.098776,nan,0.791349
11442,0.260670,0.356517,-33.767860,0.098765,44.416122,0.880233
11443,0.169316,0.175506,nan,0.098765,nan,0.635773
11444,0.195874,0.191020,-34.022045,0.098753,43.248962,0.741444
11445,0.141514,0.157638,nan,0.098753,nan,0.578908
11446,0.130632,0.145041,-33.315186,0.098741,40.882401,0.599020
11447,0.120335,0.105828,nan,0.098741,nan,0.534921
11448,0.209783,0.198028,-34.064659,0.098730,42.639481,0.802173
11449,0.353593,0.268825,nan,0.098730,nan,1.085333
11450,0.234019,0.179340,-32.953876,0.098718,45.614700,0.808856
11451,0.286602,0.181352,nan,0.098718,nan,0.975108
11452,0.324524,0.253714,-33.410889,0.098706,41.912811,1.087912
11453,0.130401,0.106246,nan,0.098706,nan,0.569256
11454,0.168364,0.157458,-34.035133,0.098694,43.478630,0.666442
11455,0.202391,0.213018,nan,0.098694,nan,0.733616
11456,0.241045,0.245862,-33.382912,0.098683,44.243011,0.882051
11457,0.236723,0.158446,nan,0.098683,nan,0.863807
11458,0.215419,0.226094,-33.991386,0.098671,44.521595,0.774532
11459,0.126193,0.078446,nan,0.098671,nan,0.559649
11460,0.293415,0.139030,-33.073288,0.098659,42.956993,1.026659
11461,0.238726,0.181151,nan,0.098659,nan,0.848230
11462,0.263598,0.213567,-34.225178,0.098648,42.855160,0.902985
11463,0.491692,0.420226,nan,0.098648,nan,1.374957
11464,0.290238,0.247977,-33.117981,0.098636,43.888268,0.943872
11465,0.430109,0.355059,nan,0.098636,nan,1.288020
11466,0.462027,0.251321,-33.573978,0.098624,44.029732,1.361891
11467,0.327926,0.350922,nan,0.098624,nan,1.004286
11468,0.310752,0.213728,-33.481628,0.098613,46.362713,0.965478
11469,0.357469,0.314446,nan,0.098613,nan,1.139522
11470,0.245214,0.197196,-34.053131,0.098601,43.645771,0.901467
11471,0.199560,0.223749,nan,0.098601,nan,0.764936
11472,0.239398,0.268523,-32.670460,0.098589,43.042747,0.813168
11473,0.434796,0.525328,nan,0.098589,nan,1.323424
11474,0.492673,0.442896,-33.578892,0.098577,45.226761,1.444846
11475,0.100814,0.131424,nan,0.098577,nan,0.513658
11476,0.420913,0.156895,-33.805828,0.098566,44.662613,1.294484
11477,0.596453,0.360035,nan,0.098566,nan,1.623830
11478,0.218835,0.197748,-32.660889,0.098554,42.854225,0.852112
11479,0.278875,0.093271,nan,0.098554,nan,0.971377
11480,0.168750,0.146432,-33.966118,0.098542,43.969650,0.626885
11481,0.557253,0.210343,nan,0.098542,nan,1.592360
11482,0.620190,0.282977,-33.204948,0.098530,43.025093,1.693689
11483,0.184519,0.159057,nan,0.098530,nan,0.728412
11484,0.353097,0.247991,-33.324295,0.098519,44.564976,1.138322
11485,0.173053,0.103799,nan,0.098519,nan,0.715542
11486,0.238058,0.188849,-33.903652,0.098507,45.256817,0.845855
11487,0.463120,0.200120,nan,0.098507,nan,1.370329
11488,0.141987,0.128679,-33.355049,0.098495,42.668655,0.612075
11489,0.158382,0.118150,nan,0.098495,nan,0.693591
11490,0.171985,0.146979,-34.036240,0.098483,43.186638,0.668024
11491,0.144641,0.136141,nan,0.098483,nan,0.619121
11492,0.164914,0.163287,-32.673538,0.098472,43.542625,0.690529
11493,0.208521,0.515834,nan,0.098472,nan,0.789303
11494,0.167323,0.391683,-33.721642,0.098460,43.431526,0.676629
11495,0.187036,0.115816,nan,0.098460,nan,0.724536
11496,0.247179,0.312164,-33.472408,0.098448,43.762909,0.840140
11497,0.229694,0.218464,nan,0.098448,nan,0.805859
11498,0.096699,0.076751,-34.227585,0.098437,41.606411,0.471485
11499,0.148976,0.194419,nan,0.098437,nan,0.640655
11500,0.224601,0.268230,-32.653603,0.098425,43.756458,0.758739
11501,0.502888,0.400668,nan,0.098425,nan,1.467739
11502,0.307764,0.518627,-32.719330,0.098413,43.694263,1.048413
11503,0.464865,0.371702,nan,0.098413,nan,1.298584
11504,0.201545,0.183810,-32.780682,0.098402,41.272148,0.752451
11505,0.374705,0.331279,nan,0.098402,nan,1.201690
11506,0.428133,0.462350,-33.666927,0.098390,46.975391,1.307398
11507,0.173002,0.271762,nan,0.098390,nan,0.738485
11508,0.229099,0.277551,-34.518444,0.098378,46.163128,0.762022
11509,0.174845,0.379960,nan,0.098378,nan,0.676066
11510,0.189153,0.384675,-33.887634,0.098367,43.722340,0.720345
11511,0.140922,0.214113,nan,0.098367,nan,0.567987
11512,0.246397,0.298293,-32.936989,0.098355,44.402943,0.932784
11513,0.318279,0.254620,nan,0.098355,nan,1.081610
11514,0.344223,0.330166,-33.087128,0.098343,44.181263,1.111999
11515,0.198644,0.287160,nan,0.098343,nan,0.704393
11516,0.303556,0.458563,-34.403755,0.098332,43.399937,0.987858
11517,0.250328,0.450075,nan,0.098332,nan,0.860596
11518,0.417112,0.441934,-33.186676,0.098320,44.496460,1.151462
11519,0.264208,0.209084,nan,0.098320,nan,0.979964
11520,0.131792,0.151525,-33.408958,0.098308,42.693939,0.639577
11521,0.324604,0.256142,nan,0.098308,nan,1.012688
11522,0.166605,0.187141,-33.632072,0.098297,44.159790,0.674921
11523,0.259763,0.364020,nan,0.098297,nan,0.859278
11524,0.320307,0.373454,-32.493793,0.098285,41.225666,1.021140
11525,0.207826,0.412234,nan,0.098285,nan,0.742485
11526,0.121685,0.291480,-33.735458,0.098273,43.416061,0.587909
11527,0.185901,0.307117,nan,0.098273,nan,0.708018
11528,0.250506,0.289682,-33.021858,0.098262,45.076237,0.855131
11529,0.271817,0.471287,nan,0.098262,nan,0.951936
11530,0.229783,0.248703,-33.707539,0.098250,45.817039,0.895389
11531,0.158450,0.507227,nan,0.098250,nan,0.666177
11532,0.244156,0.535435,-33.698509,0.098238,46.398010,0.827727
11533,0.177001,0.319737,nan,0.098238,nan,0.733396
11534,0.190392,0.280188,-33.852680,0.098227,43.519024,0.686765
11535,0.324721,0.620815,nan,0.098227,nan,0.965871
11536,0.143343,0.273477,-33.428841,0.098215,43.316570,0.562192
11537,0.230074,0.349867,nan,0.098215,nan,0.748978
11538,0.169083,0.257743,-33.844334,0.098203,45.672665,0.758828
11539,0.166866,0.301656,nan,0.098203,nan,0.634240
11540,0.155363,0.163032,-32.977802,0.098192,45.462166,0.614873
11541,0.165733,0.363532,nan,0.098192,nan,0.682484
11542,0.260014,0.317728,-33.696575,0.098180,44.951340,0.973853
11543,0.195160,0.350736,nan,0.098180,nan,0.669646
11544,0.250906,0.361307,-33.135380,0.098168,43.372284,0.839747
11545,0.101248,0.196299,nan,0.098168,nan,0.497402
11546,0.281639,0.312653,-33.911545,0.098156,44.988312,0.984282
11547,0.241275,0.289422,nan,0.098156,nan,0.741485
11548,0.231641,0.223582,-33.159851,0.098145,42.708519,0.759794
11549,0.309551,0.319481,nan,0.098145,nan,1.038857
11550,0.229794,0.195153,-34.024719,0.098133,42.658020,0.877229
11551,0.289399,0.295648,nan,0.098133,nan,0.951636
11552,0.253500,0.160954,-33.288185,0.098121,44.869301,0.895250
11553,0.307774,0.246075,nan,0.098121,nan,1.021229
11554,0.364715,0.380421,-34.152180,0.098110,44.356972,1.126641
11555,0.276636,0.203180,nan,0.098110,nan,0.933436
11556,0.278421,0.313659,-33.305840,0.098098,43.986794,0.866721
11557,0.278689,0.273648,nan,0.098098,nan,0.962640
11558,0.163874,0.199406,-34.222473,0.098086,44.445320,0.669989
11559,0.277296,0.259587,nan,0.098086,nan,0.923778
11560,0.497238,0.340084,-33.790985,0.098075,43.604057,1.408440
11561,0.314916,0.329050,nan,0.098075,nan,0.987704
11562,0.245156,0.130424,-33.312828,0.098063,44.406494,0.888641
11563,0.170446,0.198739,nan,0.098063,nan,0.698717
11564,0.148753,0.350083,-33.476364,0.098051,44.755390,0.594252
11565,0.134953,0.094679,nan,0.098051,nan,0.578887
11566,0.283770,0.317763,-33.308121,0.098040,42.584045,0.989277
11567,0.177469,0.168995,nan,0.098040,nan,0.664174
11568,0.190523,0.317579,-33.493706,0.098028,45.748302,0.693971
11569,0.246804,0.249569,nan,0.098028,nan,0.867517
11570,0.332112,0.218014,-33.331024,0.098016,41.420094,1.128394
11571,0.212183,0.235216,nan,0.098016,nan,0.738804
11572,0.190333,0.142250,-32.981506,0.098005,46.156349,0.727565
11573,0.360282,0.328257,nan,0.098005,nan,1.172321
11574,0.323867,0.255421,-33.754490,0.097993,44.955959,1.095571
11575,0.098897,0.102605,nan,0.097993,nan,0.481275
11576,0.253856,0.451635,-33.149288,0.097982,42.942371,0.902888
11577,0.155688,0.335313,nan,0.097982,nan,0.665018
11578,0.448721,0.447094,-31.905819,0.097970,43.845215,1.261176
11579,0.256003,0.851529,nan,0.097970,nan,0.851579
11580,0.358106,0.813405,-32.432983,0.097958,44.799545,1.109239
11581,0.205672,0.282583,nan,0.097958,nan,0.799504
11582,0.165227,0.231012,-33.878899,0.097947,44.043251,0.661887
11583,0.182787,0.237503,nan,0.097947,nan,0.637006
11584,0.195809,0.244285,-32.329430,0.097935,44.471336,0.734378
11585,0.424821,0.683050,nan,0.097935,nan,1.288814
11586,0.752910,0.566864,-32.705727,0.097924,45.649231,1.983104
11587,0.320321,0.456537,nan,0.097924,nan,1.037158
11588,0.231300,0.313902,-34.066330,0.097912,44.874771,0.838503
11589,0.303964,0.245884,nan,0.097912,nan,0.990876
11590,0.218764,0.342717,-33.048248,0.097900,44.567390,0.807390
11591,0.329331,0.324914,nan,0.097900,nan,1.080253
11592,0.214800,0.253742,-33.393974,0.097889,43.258881,0.737818
11593,0.242309,0.297256,nan,0.097889,nan,0.866099
11594,0.170385,0.294111,-33.688148,0.097877,42.007954,0.658259
11595,0.354120,0.447474,nan,0.097877,nan,1.055540
11596,0.148278,0.137287,-33.809090,0.097865,44.061180,0.618094
11597,0.179354,0.411747,nan,0.097865,nan,0.673173
11598,0.248694,0.169657,-33.789757,0.097854,45.001518,0.913673
11599,0.304608,0.384801,nan,0.097854,nan,0.960427
11600,0.275051,0.396344,-33.548630,0.097842,44.841885,0.915912
11601,0.215687,0.190343,nan,0.097842,nan,0.794391
11602,0.143319,0.158280,-33.540184,0.097831,43.563454,0.589774
11603,0.395309,0.428569,nan,0.097831,nan,1.153749
11604,0.258027,0.376271,-33.122280,0.097819,45.528446,0.966756
11605,0.207039,0.248209,nan,0.097819,nan,0.773682
11606,0.182264,0.446395,-33.382324,0.097807,42.540176,0.702657
11607,0.253959,0.452321,nan,0.097807,nan,0.839969
11608,0.282803,0.263128,-32.775696,0.097796,43.406582,0.924044
11609,0.372402,0.277325,nan,0.097796,nan,1.176335
11610,0.382859,0.290399,-33.787285,0.097784,44.660889,1.212557
11611,0.463201,0.389146,nan,0.097784,nan,1.323008
11612,0.390039,0.415804,-33.549431,0.097773,45.253071,1.142038
11613,0.225903,0.231344,nan,0.097773,nan,0.832557
11614,0.177191,0.236748,-33.372375,0.097761,41.548222,0.709805
11615,0.326058,0.234990,nan,0.097761,nan,1.014490
11616,0.186323,0.241603,-33.683784,0.097750,45.769241,0.738451
11617,0.256173,0.303151,nan,0.097750,nan,0.870294
11618,0.256059,0.247340,-33.331078,0.097738,44.338966,0.889007
11619,0.396364,0.289829,nan,0.097738,nan,1.186268
11620,0.263115,0.285139,-33.139778,0.097727,44.790768,0.908691
11621,0.328345,0.259354,nan,0.097727,nan,1.056996
11622,0.305166,0.470135,-33.730698,0.097715,47.414688,0.979523
11623,0.287650,0.269638,nan,0.097715,nan,0.938311
11624,0.249954,0.259629,-33.420311,0.097703,44.069939,0.912900
11625,0.141056,0.196122,nan,0.097703,nan,0.572907
11626,0.092126,0.208351,-33.945396,0.097692,45.314789,0.486477
11627,0.269908,0.304312,nan,0.097692,nan,0.860408
11628,0.192949,0.295601,-32.944237,0.097680,43.876736,0.730040
11629,0.292334,0.276860,nan,0.097680,nan,0.985278
11630,0.205840,0.232542,-33.702400,0.097669,45.931473,0.766597
11631,0.270591,0.237083,nan,0.097669,nan,0.834915
11632,0.255800,0.348239,-32.655273,0.097657,42.945366,0.935408
11633,0.427853,0.340803,nan,0.097657,nan,1.297830
11634,0.240187,0.198522,-34.279919,0.097645,44.698563,0.859922
11635,0.500136,0.482656,nan,0.097645,nan,1.413227
11636,0.344641,0.309830,-33.575081,0.097634,43.169342,1.102923
11637,0.227067,0.267071,nan,0.097634,nan,0.793025
11638,0.488327,0.382612,-32.461338,0.097622,45.731468,1.418115
11639,0.373221,0.288650,nan,0.097622,nan,1.208572
11640,0.202471,0.223265,-34.306068,0.097611,42.750755,0.757649
11641,0.416258,0.406367,nan,0.097611,nan,1.252252
11642,0.612554,0.577875,-33.079746,0.097599,46.968254,1.683072
11643,0.447485,0.538670,nan,0.097599,nan,1.312051
11644,0.380525,0.740831,-33.374718,0.097587,44.775475,1.164853
11645,0.328925,0.504180,nan,0.097587,nan,1.064353
11646,0.218710,0.590259,-32.660477,0.097576,44.741379,0.810892
11647,0.348510,0.474625,nan,0.097576,nan,1.069701
11648,0.248985,0.300736,-33.934906,0.097564,44.765411,0.893244
11649,0.158138,0.229167,nan,0.097564,nan,0.658481
11650,0.232915,0.346292,-33.163269,0.097553,43.531036,0.795161
11651,0.247318,0.227990,nan,0.097553,nan,0.859600
11652,0.219493,0.266191,-33.773739,0.097541,43.525295,0.761608
11653,0.248932,0.306321,nan,0.097541,nan,0.850014
11654,0.210959,0.237558,-33.312279,0.097530,43.916061,0.785368
11655,0.195218,0.285933,nan,0.097530,nan,0.745203
11656,0.231712,0.304619,-33.154991,0.097518,44.419445,0.774760
11657,0.192153,0.173013,nan,0.097518,nan,0.777303
11658,0.364907,0.441404,-33.040222,0.097507,41.031097,1.090850
11659,0.298396,0.365501,nan,0.097507,nan,0.930172
11660,0.285673,0.164779,-32.970360,0.097495,41.474579,1.002345
11661,0.151381,0.230514,nan,0.097495,nan,0.643892
11662,0.227626,0.212381,-33.926537,0.097484,45.900497,0.787146
11663,0.189836,0.177297,nan,0.097484,nan,0.693437
11664,0.340398,0.390590,-32.890396,0.097472,43.446815,1.012261
11665,0.286155,0.307310,nan,0.097472,nan,0.983774
11666,0.282850,0.397960,-33.555656,0.097461,45.205414,0.939713
11667,0.267562,0.220495,nan,0.097461,nan,0.893576
11668,0.312800,0.403249,-33.311905,0.097449,46.450344,1.021216
11669,0.200091,0.234727,nan,0.097449,nan,0.795422
11670,0.158659,0.141378,-33.666954,0.097438,45.869450,0.633326
11671,0.200348,0.265695,nan,0.097438,nan,0.714219
11672,0.243115,0.263133,-33.547726,0.097426,45.097843,0.844367
11673,0.202544,0.402851,nan,0.097426,nan,0.742396
11674,0.332544,0.262055,-33.237297,0.097415,45.304657,1.046240
11675,0.342336,0.314755,nan,0.097415,nan,1.049658
11676,0.443452,0.268495,-33.220650,0.097403,45.623882,1.315224
11677,0.198814,0.269645,nan,0.097403,nan,0.765858
11678,0.286862,0.181270,-33.522789,0.097392,44.451889,0.966222
11679,0.267991,0.404925,nan,0.097392,nan,0.910407
11680,0.329483,0.236638,-33.178047,0.097380,44.680176,1.106846
11681,0.171744,0.159615,nan,0.097380,nan,0.713184
11682,0.263026,0.230325,-33.391457,0.097369,42.980415,0.868816
11683,0.358938,0.377228,nan,0.097369,nan,1.100101
11684,0.214397,0.255329,-33.199203,0.097357,44.527679,0.735657
11685,0.231185,0.187638,nan,0.097357,nan,0.824163
11686,0.349862,0.145884,-33.704052,0.097345,46.291443,1.139026
11687,0.249261,0.313170,nan,0.097345,nan,0.829979
11688,0.316539,0.303360,-33.065350,0.097334,44.946632,1.025272
11689,0.160801,0.170607,nan,0.097334,nan,0.672157
11690,0.195240,0.221851,-34.043663,0.097322,46.893654,0.726598
11691,0.305441,0.292037,nan,0.097322,nan,0.981672
11692,0.286564,0.390766,-32.832424,0.097311,45.696274,0.959386
11693,0.232287,0.224822,nan,0.097311,nan,0.882092
11694,0.218584,0.175167,-33.621128,0.097299,46.630932,0.862878
11695,0.146337,0.155295,nan,0.097299,nan,0.633186
11696,0.285976,0.207208,-33.378929,0.097287,43.607040,0.938753
11697,0.177368,0.106784,nan,0.097287,nan,0.741601
11698,0.185099,0.263035,-33.895077,0.097276,44.569641,0.708003
11699,0.220002,0.287968,nan,0.097276,nan,0.754663
11700,0.140880,0.219244,-33.308296,0.097264,44.470726,0.580527
11701,0.166875,0.157951,nan,0.097264,nan,0.668167
11702,0.208472,0.274137,-33.395981,0.097253,47.034931,0.822369
11703,0.381638,0.369516,nan,0.097253,nan,1.184270
11704,0.259678,0.328170,-33.340794,0.097241,43.626060,0.885395
11705,0.118897,0.132467,nan,0.097241,nan,0.556779
11706,0.136919,0.153704,-33.377983,0.097230,44.209560,0.573445
11707,0.242288,0.204249,nan,0.097230,nan,0.869745
11708,0.291157,0.244644,-33.372246,0.097218,44.293350,0.905370
11709,0.241422,0.306178,nan,0.097218,nan,0.797924
11710,0.229903,0.294687,-33.301228,0.097206,44.920570,0.851254
11711,0.237329,0.224013,nan,0.097206,nan,0.893366
11712,0.317422,0.243273,-33.831722,0.097195,46.205032,0.946061
11713,0.241791,0.262485,nan,0.097195,nan,0.826470
11714,0.280616,0.237089,-33.378288,0.097183,44.821396,1.025257
11715,0.384039,0.324928,nan,0.097183,nan,1.163370
11716,0.175222,0.179557,-33.563892,0.097172,45.225452,0.746396
11717,0.246180,0.224425,nan,0.097172,nan,0.866946
11718,0.162565,0.210959,-33.640896,0.097160,44.918571,0.636345
11719,0.235576,0.267578,nan,0.097160,nan,0.799215
11720,0.219470,0.185841,-33.600998,0.097149,45.405235,0.813196
11721,0.230133,0.265823,nan,0.097149,nan,0.816881
11722,0.329068,0.300074,-32.931190,0.097137,46.944523,1.060375
11723,0.234979,0.281331,nan,0.097137,nan,0.835483
11724,0.347066,0.199793,-33.671345,0.097125,44.075283,1.114462
11725,0.347171,0.433939,nan,0.097125,nan,1.063776
11726,0.226066,0.247892,-33.014221,0.097114,42.074066,0.818783
11727,0.220561,0.240772,nan,0.097114,nan,0.776016
11728,0.324871,0.343865,-33.275581,0.097102,44.246246,1.070296
11729,0.252242,0.325432,nan,0.097102,nan,0.873799
11730,0.308865,0.342419,-32.835697,0.097091,44.968582,0.993337
11731,0.251654,0.348194,nan,0.097091,nan,0.867201
11732,0.352500,0.409074,-32.743645,0.097079,45.774178,1.134032
11733,0.213890,0.301057,nan,0.097079,nan,0.829303
11734,0.266779,0.320399,-32.883385,0.097068,47.279732,0.918492
11735,0.247203,0.298319,nan,0.097068,nan,0.893204
11736,0.250440,0.264404,-33.399834,0.097056,45.975418,0.867642
11737,0.160754,0.208656,nan,0.097056,nan,0.668131
11738,0.272258,0.338446,-33.436634,0.097045,42.078011,0.929302
11739,0.225485,0.234654,nan,0.097045,nan,0.792284
11740,0.191442,0.207943,-33.230034,0.097033,45.173340,0.770154
11741,0.298779,0.315581,nan,0.097033,nan,1.045038
11742,0.308158,0.365639,-33.141636,0.097022,45.738777,0.995288
11743,0.283801,0.326970,nan,0.097022,nan,0.914329
11744,0.361973,0.334936,-32.426468,0.097010,43.944351,1.164285
11745,0.377083,0.339071,nan,0.097010,nan,1.214982
11746,0.341457,0.314319,-33.607376,0.096999,45.828575,1.095927
11747,0.299307,0.267742,nan,0.096999,nan,0.942121
11748,0.307934,0.224130,-32.942535,0.096987,41.696693,1.068601
11749,0.170464,0.191535,nan,0.096987,nan,0.673896
11750,0.277770,0.267229,-33.295834,0.096976,46.725815,0.893130
11751,0.324269,0.287536,nan,0.096976,nan,1.005312
11752,0.438578,0.499658,-32.229527,0.096964,45.353271,1.336095
11753,0.343372,0.340436,nan,0.096964,nan,1.103430
11754,0.321475,0.285164,-33.894104,0.096953,45.909885,1.074311
11755,0.377218,0.377599,nan,0.096953,nan,1.148307
11756,0.421722,0.329160,-32.439819,0.096942,44.392006,1.219071
11757,0.268433,0.305287,nan,0.096942,nan,0.927482
11758,0.407141,0.321120,-32.216480,0.096930,43.912491,1.273832
11759,0.415511,0.333715,nan,0.096930,nan,1.304642
11760,0.329123,0.312718,-33.387314,0.096919,43.262531,1.111329
11761,0.400517,0.463115,nan,0.096919,nan,1.208899
11762,0.415946,0.381483,-32.888309,0.096907,43.910019,1.252917
11763,0.274276,0.231023,nan,0.096907,nan,0.940021
11764,0.477188,0.325938,-33.042858,0.096896,44.061890,1.422178
11765,0.289844,0.272617,nan,0.096896,nan,0.966957
11766,0.292320,0.268982,-33.605068,0.096884,47.257523,0.988754
11767,0.238787,0.274099,nan,0.096884,nan,0.887557
11768,0.260396,0.245546,-33.774975,0.096873,45.857716,0.902190
11769,0.280146,0.334228,nan,0.096873,nan,0.952329
11770,0.323391,0.261368,-32.847061,0.096862,44.616421,1.014359
11771,0.406998,0.392591,nan,0.096862,nan,1.257345
11772,0.292051,0.429757,-33.005524,0.096850,47.223061,1.022291
11773,0.332395,0.286619,nan,0.096850,nan,1.104431
11774,0.391428,0.393767,-33.555054,0.096839,47.473274,1.195883
11775,0.331689,0.286806,nan,0.096839,nan,1.014601
11776,0.194184,0.175631,-32.936592,0.096827,46.266159,0.717649
11777,0.328431,0.340881,nan,0.096827,nan,1.084014
11778,0.335763,0.344659,-33.161976,0.096815,44.830727,1.103624
11779,0.287286,0.285187,nan,0.096815,nan,1.004080
11780,0.332306,0.246883,-32.321655,0.096804,46.103046,1.066486
11781,0.334962,0.375997,nan,0.096804,nan,1.099650
11782,0.228675,0.251467,-33.522018,0.096792,44.104912,0.880516
11783,0.202047,0.245654,nan,0.096792,nan,0.753619
11784,0.188678,0.192309,-33.940758,0.096781,46.015877,0.728987
11785,0.443155,0.383550,nan,0.096781,nan,1.247144
11786,0.173220,0.203909,-33.559097,0.096769,45.893593,0.642232
11787,0.393720,0.355014,nan,0.096769,nan,1.158014
11788,0.244414,0.264822,-32.977970,0.096758,45.372910,0.887226
11789,0.220106,0.222245,nan,0.096758,nan,0.819190
11790,0.203858,0.249784,-33.400848,0.096746,45.522552,0.742384
11791,0.297934,0.422391,nan,0.096746,nan,0.926715
11792,0.319489,0.237398,-33.204079,0.096735,44.778233,0.996341
11793,0.288900,0.188319,nan,0.096735,nan,0.919993
11794,0.210952,0.249269,-32.807468,0.096723,43.710876,0.770718
11795,0.206759,0.341656,nan,0.096723,nan,0.773384
11796,0.390651,0.340748,-32.860687,0.096712,44.839272,1.209589
11797,0.348670,0.388255,nan,0.096712,nan,1.121600
11798,0.258949,0.355544,-33.237522,0.096700,47.823032,0.947211
11799,0.309698,0.307272,nan,0.096700,nan,1.020439
11800,0.278068,0.326052,-34.047363,0.096689,46.443226,0.933979
11801,0.517170,0.658941,nan,0.096689,nan,1.368087
11802,0.321597,0.296081,-32.766106,0.096677,45.750355,0.973309
11803,0.479791,0.448427,nan,0.096677,nan,1.310630
11804,0.266241,0.315525,-32.801590,0.096666,45.493591,0.965413
11805,0.260835,0.238335,nan,0.096666,nan,0.966531
11806,0.242972,0.240264,-33.561127,0.096654,44.542488,0.860514
11807,0.263627,0.277280,nan,0.096654,nan,0.881258
11808,0.293322,0.217585,-32.441193,0.096643,45.099846,0.921052
11809,0.323229,0.394541,nan,0.096643,nan,0.981634
11810,0.423642,0.350002,-33.110085,0.096631,46.668278,1.268273
11811,0.264671,0.307447,nan,0.096631,nan,0.935959
11812,0.500563,0.423076,-32.333382,0.096620,45.254021,1.395502
11813,0.207190,0.347064,nan,0.096620,nan,0.718199
11814,0.272381,0.280546,-33.167782,0.096608,43.749172,0.884959
11815,0.261198,0.232333,nan,0.096608,nan,0.912780
11816,0.263530,0.281884,-33.301666,0.096597,47.422924,0.952830
11817,0.390755,0.694375,nan,0.096597,nan,1.198533
11818,0.197588,0.159737,-33.620583,0.096585,44.345425,0.774654
11819,0.236542,0.232748,nan,0.096585,nan,0.800703
11820,0.525409,0.402002,-33.281254,0.096574,45.195999,1.437739
11821,0.463522,0.373407,nan,0.096574,nan,1.299430
11822,0.500888,0.415444,-32.818680,0.096562,46.075218,1.430308
11823,0.320388,0.275346,nan,0.096562,nan,1.069443
11824,0.186283,0.202140,-33.640907,0.096551,45.452927,0.723941
11825,0.427362,0.302237,nan,0.096551,nan,1.218959
11826,0.258601,0.368328,-33.128952,0.096539,45.757668,0.857942
11827,0.366733,0.426181,nan,0.096539,nan,1.140335
11828,0.338219,0.318955,-32.717850,0.096528,43.587318,1.087720
11829,0.348968,0.278689,nan,0.096528,nan,1.136928
11830,0.246937,0.283763,-34.056217,0.096517,46.763474,0.881651
11831,0.537750,0.509101,nan,0.096517,nan,1.461145
11832,0.243684,0.268823,-33.384666,0.096505,46.012375,0.798561
11833,0.496465,0.534078,nan,0.096505,nan,1.372057
11834,0.336700,0.297388,-32.511810,0.096494,45.701210,1.043745
11835,0.476976,0.389280,nan,0.096494,nan,1.414519
11836,0.447982,0.349691,-32.952930,0.096482,44.105331,1.356591
11837,0.294817,0.311593,nan,0.096482,nan,0.981349
11838,0.332047,0.312577,-32.937496,0.096471,46.557659,1.032382
11839,0.455434,0.393110,nan,0.096471,nan,1.283723
11840,0.365278,0.391010,-32.721375,0.096459,44.909176,1.153139
11841,0.322725,0.414745,nan,0.096459,nan,1.049433
11842,0.209446,0.375984,-32.571465,0.096448,43.804367,0.794069
11843,0.307802,0.441208,nan,0.096448,nan,0.984151
11844,0.286093,0.390143,-33.461430,0.096437,45.662838,0.927793
11845,0.327500,0.373017,nan,0.096437,nan,1.024072
11846,0.292439,0.267106,-33.512798,0.096425,46.548439,0.995331
11847,0.269599,0.300510,nan,0.096425,nan,0.893747
11848,0.378440,0.393144,-33.247864,0.096414,43.678646,1.116323
11849,0.181310,0.239909,nan,0.096414,nan,0.717754
11850,0.187464,0.254319,-33.517406,0.096402,45.787300,0.697390
11851,0.172133,0.194518,nan,0.096402,nan,0.673776
11852,0.238307,0.265551,-32.905746,0.096391,44.397224,0.835526
11853,0.257971,0.281817,nan,0.096391,nan,0.931831
11854,0.409378,0.425536,-33.746635,0.096380,45.466728,1.186293
11855,0.221245,0.282814,nan,0.096380,nan,0.757827
11856,0.326088,0.307208,-32.720516,0.096368,41.427086,0.992544
11857,0.277234,0.283968,nan,0.096368,nan,0.956071
11858,0.268344,0.294555,-33.430927,0.096357,48.292271,0.925125
11859,0.396270,0.344802,nan,0.096357,nan,1.138034
11860,0.359051,0.317564,-31.926651,0.096346,45.039444,1.106725
11861,0.639976,0.476616,nan,0.096346,nan,1.744837
11862,0.485392,0.448840,-32.380249,0.096334,44.021156,1.401090
11863,0.286516,0.325916,nan,0.096334,nan,0.989832
11864,0.264081,0.346519,-33.590378,0.096323,46.560745,0.883198
11865,0.264644,0.279276,nan,0.096323,nan,0.874467
11866,0.198054,0.219832,-33.326477,0.096312,44.869507,0.708426
11867,0.345543,0.312300,nan,0.096312,nan,1.038976
11868,0.202277,0.237629,-32.712830,0.096300,43.697254,0.805397
11869,0.288850,0.331707,nan,0.096300,nan,0.990510
11870,0.329149,0.326654,-33.208332,0.096289,45.127991,1.085405
11871,0.294580,0.238027,nan,0.096289,nan,0.943499
11872,0.264515,0.263237,-33.536236,0.096278,45.855045,0.878229
11873,0.312224,0.291846,nan,0.096278,nan,0.983280
11874,0.432057,0.307502,-32.533600,0.096266,44.447861,1.242623
11875,0.360080,0.247847,nan,0.096266,nan,1.127169
11876,0.333257,0.211375,-33.202732,0.096255,45.216473,1.082680
11877,0.329408,0.284952,nan,0.096255,nan,1.030629
11878,0.315497,0.312862,-32.750732,0.096244,44.561615,0.995994
11879,0.349614,0.226416,nan,0.096244,nan,1.114755
11880,0.332460,0.245937,-33.510025,0.096233,46.601402,1.020876
11881,0.329263,0.276279,nan,0.096233,nan,1.024397
11882,0.214448,0.176954,-33.190628,0.096221,46.995731,0.794410
11883,0.241129,0.243801,nan,0.096221,nan,0.859695
11884,0.344078,0.340207,-32.930717,0.096210,46.577377,1.104566
11885,0.233130,0.225050,nan,0.096210,nan,0.855668
11886,0.190356,0.184582,-34.003830,0.096199,46.584061,0.679316
11887,0.302953,0.364588,nan,0.096199,nan,0.957867
11888,0.462798,0.470636,-33.230389,0.096187,46.283699,1.350380
11889,0.358193,0.308496,nan,0.096187,nan,1.109511
11890,0.346025,0.464387,-32.076225,0.096176,47.899544,1.081796
11891,0.548156,0.444207,nan,0.096176,nan,1.534061
11892,0.554037,0.407198,-33.017529,0.096164,44.537682,1.539793
11893,0.263952,0.270223,nan,0.096164,nan,0.891557
11894,0.360644,0.323271,-33.178856,0.096153,44.680397,1.065087
11895,0.298910,0.308219,nan,0.096153,nan,0.980290
11896,0.349176,0.349656,-32.371593,0.096142,44.980415,1.136508
11897,0.407834,0.358752,nan,0.096142,nan,1.244197
11898,0.255692,0.242851,-33.745377,0.096130,44.296837,0.903107
11899,0.389678,0.229966,nan,0.096130,nan,1.133440
11900,0.510327,0.285429,-33.042206,0.096119,43.683136,1.409812
11901,0.268025,0.257886,nan,0.096119,nan,0.864053
11902,0.212703,0.239016,-33.308586,0.096108,46.792465,0.792302
11903,0.306266,0.268038,nan,0.096108,nan,1.003274
11904,0.196977,0.194059,-34.013878,0.096096,46.751022,0.748140
11905,0.483505,0.339773,nan,0.096096,nan,1.329845
11906,0.290151,0.273860,-32.983910,0.096085,46.856880,0.914186
11907,0.318468,0.296840,nan,0.096085,nan,1.016880
11908,0.254690,0.371707,-32.529251,0.096074,44.456573,0.892040
11909,0.374035,0.289600,nan,0.096074,nan,1.150416
11910,0.339708,0.258023,-33.669857,0.096062,46.257706,1.068496
11911,0.309784,0.265903,nan,0.096062,nan,0.968069
11912,0.353944,0.367507,-33.420921,0.096051,47.083336,1.077815
11913,0.516451,0.314357,nan,0.096051,nan,1.461619
11914,0.515119,0.433737,-32.349140,0.096039,43.762741,1.442552
11915,0.433629,0.340682,nan,0.096039,nan,1.311623
11916,0.601044,0.407072,-32.465286,0.096028,44.469238,1.632914
11917,0.305877,0.290350,nan,0.096028,nan,1.019005
11918,0.334790,0.415381,-34.082321,0.096017,47.926094,1.016180
11919,0.231312,0.207720,nan,0.096017,nan,0.777988
11920,0.259504,0.276422,-33.246960,0.096005,45.558365,0.864253
11921,0.249805,0.269987,nan,0.096005,nan,0.877659
11922,0.489086,0.351976,-32.331253,0.095994,44.514847,1.442898
11923,0.333324,0.335887,nan,0.095994,nan,1.090749
11924,0.237544,0.214585,-33.923195,0.095983,43.687675,0.851851
11925,0.402607,0.374993,nan,0.095983,nan,1.192885
11926,0.671292,0.423532,-31.241451,0.095972,44.399216,1.779434
11927,0.793733,0.891457,nan,0.095972,nan,2.010109
11928,0.331380,0.948303,-32.220146,0.095960,41.434563,1.011933
11929,0.353884,0.314445,nan,0.095960,nan,1.136777
11930,0.285352,0.472132,-33.817192,0.095949,44.105549,0.954815
11931,0.538237,0.490003,nan,0.095949,nan,1.488125
11932,0.390578,0.280690,-33.038773,0.095938,47.905968,1.169244
11933,0.399401,0.407220,nan,0.095938,nan,1.194487
11934,0.495988,0.325535,-32.517254,0.095927,46.644936,1.446827
11935,0.313883,0.344345,nan,0.095927,nan,1.067340
11936,0.300640,0.417980,-32.611267,0.095916,46.071712,0.975183
11937,0.282840,0.278310,nan,0.095916,nan,0.910226
11938,0.263588,0.330865,-33.254204,0.095904,45.352165,0.895757
11939,0.289786,0.369390,nan,0.095904,nan,0.941533
11940,0.272621,0.331520,-32.617249,0.095893,45.497581,0.904155
11941,0.194706,0.217870,nan,0.095893,nan,0.751554
11942,0.295236,0.251702,-33.707512,0.095882,45.531002,0.953559
11943,0.369082,0.395889,nan,0.095882,nan,1.113655
11944,0.493889,0.500869,-31.432467,0.095871,46.858585,1.388191
11945,0.864416,0.429203,nan,0.095871,nan,2.188929
11946,0.276290,0.688394,-32.270241,0.095859,45.215714,0.921295
11947,0.360454,0.500439,nan,0.095859,nan,1.105674
11948,0.464246,0.301253,-33.082474,0.095848,44.667423,1.302956
11949,0.335494,0.335167,nan,0.095848,nan,1.046355
11950,0.271503,0.229405,-32.406944,0.095837,47.124016,0.938043
11951,0.469625,0.494562,nan,0.095837,nan,1.336260
11952,0.398819,0.420797,-33.299072,0.095826,46.767147,1.215466
11953,0.432594,0.303987,nan,0.095826,nan,1.276877
11954,0.268633,0.203402,-33.638206,0.095814,47.521545,0.916596
11955,0.251609,0.287328,nan,0.095814,nan,0.842303
11956,0.219505,0.207925,-33.977833,0.095803,46.293297,0.771190
11957,0.324693,0.385641,nan,0.095803,nan,1.003222
11958,0.306573,0.389971,-33.263687,0.095792,46.910397,0.959956
11959,0.230423,0.268065,nan,0.095792,nan,0.827251
11960,0.297901,0.315758,-33.356449,0.095780,46.700684,1.008634
11961,0.316780,0.312268,nan,0.095780,nan,0.983308
11962,0.229534,0.223404,-33.691612,0.095769,45.498817,0.830393
11963,0.374042,0.355767,nan,0.095769,nan,1.083176
11964,0.256644,0.233873,-33.316711,0.095757,46.737637,0.843667
11965,0.325334,0.296759,nan,0.095757,nan,1.031273
11966,0.464788,0.304765,-32.319164,0.095746,44.640354,1.358917
11967,0.305082,0.239089,nan,0.095746,nan,1.018714
11968,0.183086,0.193801,-34.069366,0.095735,46.575638,0.726063
11969,0.317685,0.317006,nan,0.095735,nan,0.967186
11970,0.321243,0.260565,-33.443604,0.095723,46.316071,0.999147
11971,0.267946,0.261786,nan,0.095723,nan,0.946411
11972,0.227766,0.242951,-33.457546,0.095712,43.377369,0.826264
11973,0.209682,0.243890,nan,0.095712,nan,0.749466
11974,0.355226,0.351673,-33.157265,0.095701,47.611820,1.076067
11975,0.371917,0.271684,nan,0.095701,nan,1.139879
11976,0.368206,0.271143,-33.379536,0.095690,45.448288,1.158007
11977,0.210676,0.191781,nan,0.095690,nan,0.768513
11978,0.296047,0.236997,-33.420021,0.095678,47.393482,0.935319
11979,0.389366,0.278236,nan,0.095678,nan,1.177277
11980,0.340660,0.333665,-32.662651,0.095667,47.190521,1.105458
11981,0.430504,0.250077,nan,0.095667,nan,1.289897
11982,0.345898,0.290721,-33.189751,0.095656,46.437973,1.076315
11983,0.319589,0.317228,nan,0.095656,nan,1.051738
11984,0.344800,0.264691,-32.704479,0.095644,44.918335,1.053144
11985,0.375640,0.310328,nan,0.095644,nan,1.144825
11986,0.303208,0.229144,-33.535946,0.095633,45.218040,0.992362
11987,0.318381,0.257117,nan,0.095633,nan,1.002987
11988,0.338949,0.291514,-32.893036,0.095622,46.552479,1.060194
11989,0.384697,0.312215,nan,0.095622,nan,1.192338
11990,0.422602,0.316047,-32.653969,0.095610,45.569618,1.257305
11991,0.319394,0.247455,nan,0.095610,nan,1.041420
11992,0.270902,0.230488,-33.218468,0.095599,43.402702,0.879847
11993,0.254047,0.213301,nan,0.095599,nan,0.850048
11994,0.309909,0.292185,-32.334198,0.095588,46.648727,0.990261
11995,0.492578,0.394675,nan,0.095588,nan,1.426121
11996,0.650643,0.416943,-32.622143,0.095577,46.282284,1.732087
11997,0.282567,0.289809,nan,0.095577,nan,0.963909
11998,0.224283,0.200427,-33.192490,0.095565,44.915569,0.808848
11999,0.285366,0.221610,nan,0.095565,nan,0.915442
12000,0.421560,0.342927,-32.660583,0.095554,44.003460,1.233522
12001,0.329607,0.335633,nan,0.095554,nan,1.068465
12002,0.273913,0.256059,-33.850937,0.095543,47.701141,0.947855
12003,0.349541,0.207427,nan,0.095543,nan,1.050574
12004,0.279997,0.229815,-33.363495,0.095532,47.015160,0.922987
12005,0.317021,0.261591,nan,0.095532,nan,1.046392
12006,0.379730,0.688597,-33.344307,0.095520,47.416641,1.170809
12007,0.214970,0.199864,nan,0.095520,nan,0.760341
12008,0.401234,0.386435,-32.711540,0.095509,46.573227,1.183980
12009,0.357476,0.327339,nan,0.095509,nan,1.145427
12010,0.367282,0.276366,-33.349472,0.095498,45.583565,1.150997
12011,0.324027,0.372314,nan,0.095498,nan,0.993585
12012,0.310644,0.311885,-33.733330,0.095487,47.507957,0.945246
12013,0.372386,0.334876,nan,0.095487,nan,1.090178
12014,0.328701,0.331319,-33.069771,0.095475,46.589897,1.032450
12015,0.248955,0.259745,nan,0.095475,nan,0.889871
12016,0.306198,0.278396,-32.933571,0.095464,47.724258,1.034998
12017,0.346640,0.301934,nan,0.095464,nan,1.110278
12018,0.265540,0.266224,-33.390984,0.095453,45.507923,0.936986
12019,0.324510,0.291244,nan,0.095453,nan,1.028115
12020,0.298180,0.297420,-32.918015,0.095441,45.528149,0.981214
12021,0.271697,0.282696,nan,0.095441,nan,0.900908
12022,0.249611,0.276261,-33.383259,0.095430,46.509575,0.902148
12023,0.303500,0.303767,nan,0.095430,nan,0.996830
12024,0.247499,0.279124,-32.597313,0.095419,44.154335,0.894085
12025,0.349648,0.394131,nan,0.095419,nan,1.069690
12026,0.195841,0.214847,-33.742451,0.095408,47.171688,0.769578
12027,0.427790,0.529722,nan,0.095408,nan,1.210029
12028,0.241561,0.301930,-33.672531,0.095396,45.788826,0.805151
12029,0.148836,0.172872,nan,0.095396,nan,0.635971
12030,0.233478,0.245666,-33.066540,0.095385,47.723106,0.789384
12031,0.478284,0.517170,nan,0.095385,nan,1.367332
12032,0.289473,0.266198,-32.822559,0.095374,46.930313,0.987363
12033,0.338193,0.342493,nan,0.095374,nan,1.093618
12034,0.319945,0.358466,-33.171566,0.095362,46.957848,1.026306
12035,0.259023,0.289723,nan,0.095362,nan,0.892577
12036,0.443930,0.423207,-32.157417,0.095351,46.298553,1.319083
12037,0.562364,0.618542,nan,0.095351,nan,1.568033
12038,0.301106,0.478375,-33.899185,0.095340,47.078514,0.996758
12039,0.551369,0.462664,nan,0.095340,nan,1.525866
12040,0.337875,0.282402,-33.194576,0.095329,45.483742,1.092636
12041,0.390672,0.398944,nan,0.095329,nan,1.161795
12042,0.268478,0.283871,-33.633301,0.095317,47.738300,0.904488
12043,0.273341,0.276693,nan,0.095317,nan,0.924416
12044,0.275936,0.308232,-32.691101,0.095306,45.480339,0.942572
12045,0.305793,0.292794,nan,0.095306,nan,0.992518
12046,0.227796,0.199451,-33.880432,0.095295,47.045723,0.828795
12047,0.353294,0.431950,nan,0.095295,nan,1.060078
12048,0.425541,0.432589,-33.229721,0.095283,45.631554,1.259287
12049,0.414227,0.364842,nan,0.095283,nan,1.222948
12050,0.386809,0.373052,-31.752998,0.095272,46.267471,1.177561
12051,0.300315,0.239513,nan,0.095272,nan,1.008436
12052,0.260892,0.220575,-34.228989,0.095261,45.575951,0.932744
12053,0.373231,0.365884,nan,0.095261,nan,1.141460
12054,0.403301,0.422885,-33.327045,0.095250,46.910015,1.210567
12055,0.306928,0.340137,nan,0.095250,nan,0.977977
12056,0.333207,0.293702,-33.448494,0.095238,47.401711,1.083564
12057,0.354036,0.286953,nan,0.095238,nan,1.094229
12058,0.330164,0.377674,-32.363930,0.095227,45.064598,0.998437
12059,0.411680,0.385945,nan,0.095227,nan,1.215526
12060,0.305914,0.310717,-33.728554,0.095216,45.137680,0.972049
12061,0.493160,0.562116,nan,0.095216,nan,1.366043
12062,0.491117,0.537794,-32.854343,0.095205,48.650917,1.361248
12063,0.373073,0.452812,nan,0.095205,nan,1.141070
12064,0.412280,0.378759,-33.005142,0.095193,45.210869,1.224546
12065,0.464947,0.460036,nan,0.095193,nan,1.338150
12066,0.438257,0.357688,-33.405594,0.095182,48.476032,1.297696
12067,0.375701,0.383224,nan,0.095182,nan,1.110995
12068,0.403879,0.382954,-32.585953,0.095171,44.610229,1.165823
12069,0.214569,0.423903,nan,0.095171,nan,0.782390
12070,0.366726,0.385408,-33.494473,0.095160,48.953434,1.119561
12071,0.297911,0.508292,nan,0.095160,nan,0.975476
12072,0.231470,0.298959,-32.538990,0.095148,47.108421,0.822828
12073,0.292010,0.392198,nan,0.095148,nan,0.954381
12074,0.243149,0.319618,-33.334991,0.095137,44.567909,0.884488
12075,0.355649,0.627546,nan,0.095137,nan,1.086982
12076,0.373586,0.561446,-32.549885,0.095126,46.403778,1.146457
12077,0.435688,0.499831,nan,0.095126,nan,1.318083
12078,0.380819,0.548767,-33.102329,0.095115,48.613312,1.196101
12079,0.217434,0.246193,nan,0.095115,nan,0.807491
12080,0.398724,0.381434,-33.004166,0.095103,45.408932,1.203039
12081,0.198046,0.209476,nan,0.095103,nan,0.760880
12082,0.275911,0.319633,-33.496132,0.095092,46.069031,0.953149
12083,0.322106,0.396870,nan,0.095092,nan,1.008080
12084,0.299425,0.349641,-32.934414,0.095081,49.202438,0.972862
12085,0.438213,0.422538,nan,0.095081,nan,1.292930
12086,0.283319,0.298994,-33.036682,0.095070,45.381382,0.960194
12087,0.360954,0.320854,nan,0.095070,nan,1.048478
12088,0.375794,0.370524,-33.209305,0.095058,46.666710,1.095295
12089,0.252333,0.268030,nan,0.095058,nan,0.920155
12090,0.234898,0.324446,-32.963322,0.095047,45.415314,0.845954
12091,0.271396,0.277940,nan,0.095047,nan,0.898762
12092,0.209408,0.205039,-33.878731,0.095036,44.399517,0.779874
12093,0.395101,0.494662,nan,0.095036,nan,1.164279
12094,0.214352,0.226023,-33.223213,0.095025,45.905144,0.755609
12095,0.180876,0.220816,nan,0.095025,nan,0.725448
12096,0.238230,0.229401,-33.607445,0.095014,45.699387,0.857656
12097,0.329366,0.355323,nan,0.095014,nan,1.030286
12098,0.416168,0.615115,-31.985439,0.095002,47.057312,1.199550
12099,0.313116,0.310180,nan,0.095002,nan,1.020032
12100,0.298991,0.394346,-33.037186,0.094991,47.363602,0.997295
12101,0.322718,0.296344,nan,0.094991,nan,1.027383
12102,0.318029,0.339793,-33.226608,0.094980,46.501396,1.030312
12103,0.237425,0.289435,nan,0.094980,nan,0.845890
12104,0.238391,0.252655,-33.482567,0.094969,48.268005,0.828763
12105,0.322353,0.266245,nan,0.094969,nan,1.049664
12106,0.253431,0.301690,-33.597187,0.094958,46.913750,0.846560
12107,0.400070,0.411333,nan,0.094958,nan,1.192711
12108,0.357152,0.394762,-32.584282,0.094946,45.988453,1.091048
12109,0.497112,0.353251,nan,0.094946,nan,1.366050
12110,0.240477,0.311910,-33.159203,0.094935,47.618965,0.845570
12111,0.379018,0.255073,nan,0.094935,nan,1.133280
12112,0.290622,0.321461,-33.364933,0.094924,46.422516,0.940490
12113,0.384056,0.316671,nan,0.094924,nan,1.112730
12114,0.261209,0.343512,-32.666817,0.094913,46.896469,0.910034
12115,0.234038,0.228375,nan,0.094913,nan,0.861469
12116,0.373346,0.317167,-31.319725,0.094902,44.525463,1.107303
12117,0.415457,0.602718,nan,0.094902,nan,1.241498
12118,0.437392,0.474540,-32.677071,0.094890,46.875809,1.291564
12119,0.345520,0.429234,nan,0.094890,nan,1.093704
12120,0.360490,0.431922,-32.667637,0.094879,44.667252,1.092321
12121,0.253016,0.400965,nan,0.094879,nan,0.880428
12122,0.287201,0.276973,-33.450073,0.094868,47.141693,0.985754
12123,0.238101,0.327153,nan,0.094868,nan,0.853398
12124,0.378394,0.307283,-33.052559,0.094857,44.892746,1.075601
12125,0.291272,0.381443,nan,0.094857,nan,0.957056
12126,0.254009,0.299835,-32.257050,0.094846,46.110977,0.894457
12127,0.246448,0.248619,nan,0.094846,nan,0.872471
12128,0.368376,0.212668,-33.040131,0.094835,47.030914,1.086856
12129,0.313947,0.235505,nan,0.094835,nan,0.984925
12130,0.399899,0.311177,-32.181625,0.094824,47.310341,1.150410
12131,0.398846,0.393290,nan,0.094824,nan,1.219902
12132,0.245029,0.265402,-33.277695,0.094813,47.830441,0.875313
12133,0.380171,0.384664,nan,0.094813,nan,1.176198
12134,0.537302,0.402724,-31.863007,0.094801,45.389076,1.465094
12135,0.345237,0.417002,nan,0.094801,nan,1.078853
12136,0.391085,0.393823,-33.068375,0.094790,46.234917,1.156664
12137,0.260249,0.413956,nan,0.094790,nan,0.923060
12138,0.287985,0.314078,-33.086216,0.094779,46.518761,0.992912
12139,0.232131,0.282818,nan,0.094779,nan,0.847017
12140,0.252742,0.259872,-33.470963,0.094768,47.562042,0.908970
12141,0.425903,0.418704,nan,0.094768,nan,1.238843
12142,0.408779,0.419602,-32.411640,0.094757,46.511700,1.225872
12143,0.331804,0.366756,nan,0.094757,nan,1.074611
12144,0.490755,0.394350,-33.478039,0.094746,48.356689,1.419093
12145,0.466560,0.431653,nan,0.094746,nan,1.310319
12146,0.356934,0.390687,-32.698292,0.094735,46.555298,1.096956
12147,0.280561,0.313466,nan,0.094735,nan,0.966973
12148,0.267154,0.308635,-33.237804,0.094723,47.702503,0.886812
12149,0.414805,0.459853,nan,0.094723,nan,1.228463
12150,0.270716,0.295397,-32.800880,0.094712,46.422844,0.916601
12151,0.382945,0.333821,nan,0.094712,nan,1.153016
12152,0.728588,0.343756,-31.483969,0.094701,46.914494,1.900305
12153,0.452572,0.280421,nan,0.094701,nan,1.316090
12154,0.433036,0.371496,-32.648510,0.094690,44.722340,1.260340
12155,0.343693,0.361996,nan,0.094690,nan,1.074715
12156,0.301349,0.383312,-33.195663,0.094679,49.004738,1.003335
12157,0.336373,0.361326,nan,0.094679,nan,1.087961
12158,0.304848,0.278733,-32.760113,0.094668,46.774155,0.990456
12159,0.333488,0.299934,nan,0.094668,nan,1.059834
12160,0.349250,0.351928,-32.404999,0.094656,46.450378,1.108668
12161,0.418912,0.443252,nan,0.094656,nan,1.255515
12162,0.261524,0.423843,-32.975700,0.094645,46.958359,0.909984
12163,0.312868,0.361471,nan,0.094645,nan,0.994968
12164,0.303404,0.340899,-32.270046,0.094634,47.376472,0.960795
12165,0.333607,0.302808,nan,0.094634,nan,1.020099
12166,0.392014,0.386466,-32.788719,0.094623,45.583992,1.200783
12167,0.235155,0.300258,nan,0.094623,nan,0.857042
12168,0.268560,0.370515,-32.057983,0.094612,44.551102,0.886656
12169,0.490210,0.460769,nan,0.094612,nan,1.360891
12170,0.276540,0.239708,-32.631359,0.094601,46.188992,0.934284
12171,0.344134,0.286787,nan,0.094601,nan,1.133023
12172,0.350960,0.300384,-33.134682,0.094590,49.409988,1.124413
12173,0.361856,0.371745,nan,0.094590,nan,1.151024
12174,0.340840,0.366243,-32.652721,0.094579,45.420769,1.109052
12175,0.547399,0.537416,nan,0.094579,nan,1.520912
12176,0.396906,0.348652,-31.775370,0.094567,47.420006,1.229030
12177,0.451447,0.498427,nan,0.094567,nan,1.319424
12178,0.451915,0.316074,-32.255104,0.094556,46.332325,1.351589
12179,0.419293,0.535048,nan,0.094556,nan,1.274888
12180,0.354173,0.471317,-32.761086,0.094545,45.763924,1.111881
12181,0.590315,0.484149,nan,0.094545,nan,1.586416
12182,0.381413,0.537331,-32.064335,0.094534,47.620445,1.127309
12183,0.357092,0.318815,nan,0.094534,nan,1.096696
12184,0.317405,0.458197,-32.121941,0.094523,48.050655,1.038937
12185,0.429112,0.456899,nan,0.094523,nan,1.299879
12186,0.264395,0.363312,-32.973354,0.094512,46.999947,0.938673
12187,0.394500,0.383786,nan,0.094512,nan,1.202891
12188,0.399889,0.406029,-33.035103,0.094501,46.062698,1.188339
12189,0.353302,0.393540,nan,0.094501,nan,1.094684
12190,0.374305,0.396212,-32.865402,0.094490,47.440300,1.148581
12191,0.391483,0.343694,nan,0.094490,nan,1.168540
12192,0.267412,0.280535,-33.551605,0.094478,47.586723,0.940329
12193,0.285635,0.294469,nan,0.094478,nan,0.924364
12194,0.308595,0.312747,-33.078842,0.094467,47.415436,0.986811
12195,0.377417,0.368670,nan,0.094467,nan,1.167726
12196,0.375910,0.280179,-31.143583,0.094456,48.253143,1.149847
12197,0.341099,0.482349,nan,0.094456,nan,1.106952
12198,0.301974,0.497036,-32.656437,0.094445,48.479496,1.030398
12199,0.569032,0.429629,nan,0.094445,nan,1.585089
12200,0.414373,0.472478,-32.839939,0.094434,47.671932,1.239334
12201,0.446331,0.378000,nan,0.094434,nan,1.305980
12202,0.350253,0.409382,-32.262177,0.094423,45.999542,1.109259
12203,0.317726,0.295566,nan,0.094423,nan,1.026931
12204,0.269045,0.302465,-33.487366,0.094411,45.846409,0.945371
12205,0.288523,0.295217,nan,0.094411,nan,0.961867
12206,0.503857,1.094882,-30.215225,0.094400,46.682709,1.381769
12207,0.501514,0.648053,nan,0.094400,nan,1.400982
12208,0.398566,0.492354,-33.140053,0.094389,47.383839,1.183075
12209,0.311577,0.428973,nan,0.094389,nan,1.044067
12210,0.465071,0.554011,-32.817123,0.094378,46.413155,1.369501
12211,0.449765,0.553212,nan,0.094378,nan,1.319359
12212,0.298764,0.416471,-32.217598,0.094367,47.208298,0.987438
12213,0.321852,0.371530,nan,0.094367,nan,1.017025
12214,0.286898,0.331964,-32.979931,0.094356,45.155785,0.960462
12215,0.245782,0.364891,nan,0.094356,nan,0.887988
12216,0.449992,0.485315,-32.148529,0.094345,46.547630,1.305306
12217,0.438799,0.496519,nan,0.094345,nan,1.270014
12218,0.272326,0.316299,-32.663795,0.094334,45.284931,0.944997
12219,0.357145,0.384114,nan,0.094334,nan,1.096425
12220,0.435796,0.533991,-32.188835,0.094323,48.691284,1.268639
12221,0.354762,0.373487,nan,0.094323,nan,1.150768
12222,0.390162,0.457176,-33.186447,0.094312,48.663162,1.161214
12223,0.270595,0.387646,nan,0.094312,nan,0.908536
12224,0.338849,0.442212,-30.905422,0.094301,43.768467,1.067348
12225,0.329091,0.614854,nan,0.094301,nan,1.063731
12226,0.300288,0.510775,-33.032104,0.094290,47.949272,1.003355
12227,0.400431,0.450805,nan,0.094290,nan,1.212296
12228,0.370196,0.481910,-33.374878,0.094278,46.310493,1.145759
12229,0.509503,0.501570,nan,0.094278,nan,1.422677
12230,0.440725,0.391525,-32.652267,0.094267,45.612076,1.274173
12231,0.406169,0.414375,nan,0.094267,nan,1.222173
12232,0.423243,0.367062,-31.989061,0.094256,46.583061,1.256733
12233,0.383111,0.410315,nan,0.094256,nan,1.158443
12234,0.221420,0.382739,-32.603287,0.094245,47.338768,0.788083
12235,0.352051,0.435537,nan,0.094245,nan,1.113291
12236,0.269070,0.364085,-32.850159,0.094234,46.708321,0.935238
12237,0.426186,0.468025,nan,0.094234,nan,1.251808
12238,0.305538,0.361401,-33.009937,0.094223,49.967361,1.012420
12239,0.399517,0.440288,nan,0.094223,nan,1.227659
12240,0.244253,0.316858,-32.646347,0.094212,48.234444,0.879309
12241,0.393285,0.434057,nan,0.094212,nan,1.161710
12242,0.490978,0.372976,-33.601059,0.094201,48.092438,1.418622
12243,0.375281,0.433421,nan,0.094201,nan,1.120668
12244,0.331625,0.367304,-32.950325,0.094190,50.560791,1.041351
12245,0.301146,0.303519,nan,0.094190,nan,0.970838
12246,0.306672,0.296582,-32.384789,0.094179,47.564568,1.001110
12247,0.377143,0.506098,nan,0.094179,nan,1.144344
12248,0.233835,0.360868,-32.035091,0.094168,45.912022,0.819509
12249,0.513875,0.453159,nan,0.094168,nan,1.412248
12250,0.356203,0.389901,-32.975174,0.094157,45.934971,1.112225
12251,0.407515,0.447203,nan,0.094157,nan,1.210686
12252,0.226358,0.236640,-32.613731,0.094145,47.768692,0.835081
12253,0.243115,0.401723,nan,0.094145,nan,0.845880
12254,0.356906,0.340857,-32.760948,0.094134,48.348415,1.081036
12255,0.252681,0.274070,nan,0.094134,nan,0.896581
12256,0.313395,0.409307,-33.026546,0.094123,47.938454,1.016451
12257,0.260595,0.418548,nan,0.094123,nan,0.892992
12258,0.249643,0.302222,-32.783951,0.094112,46.258385,0.898961
12259,0.255804,0.303552,nan,0.094112,nan,0.901990
12260,0.225687,0.253720,-33.088902,0.094101,45.216164,0.854358
12261,0.303141,0.304113,nan,0.094101,nan,0.996100
12262,0.279816,0.298120,-33.186829,0.094090,48.934380,0.920489
12263,0.286148,0.286471,nan,0.094090,nan,0.957132
12264,0.320664,0.433984,-32.794151,0.094079,48.901939,1.038752
12265,0.384637,0.458080,nan,0.094079,nan,1.155136
12266,0.340645,0.444414,-32.326473,0.094068,46.395180,1.092347
12267,0.271251,0.302898,nan,0.094068,nan,0.914840
12268,0.336210,0.388776,-32.347260,0.094057,45.971626,1.050821
12269,0.206888,0.247159,nan,0.094057,nan,0.761050
12270,0.229984,0.252078,-33.113411,0.094046,45.034447,0.835853
12271,0.430590,0.450658,nan,0.094046,nan,1.262411
12272,0.362774,0.380976,-30.821697,0.094035,48.937431,1.161549
12273,0.772959,0.858539,nan,0.094035,nan,2.008349
12274,0.248155,1.192339,-31.081825,0.094023,47.434402,0.890973
12275,0.295037,0.498738,nan,0.094023,nan,1.000579
12276,0.289689,0.294983,-33.199669,0.094012,45.286346,0.972197
12277,0.467170,0.711100,nan,0.094012,nan,1.343445
12278,0.346676,0.465099,-32.037868,0.094001,45.767338,1.114420
12279,0.595837,0.498028,nan,0.094001,nan,1.652229
12280,0.399111,0.564458,-32.773773,0.093990,47.928123,1.157570
12281,0.572821,0.625247,nan,0.093990,nan,1.541785
12282,0.389421,0.442879,-32.365784,0.093980,45.369419,1.156880
12283,0.336729,0.423185,nan,0.093980,nan,1.091321
12284,0.304101,0.412010,-33.371468,0.093968,49.495338,1.013623
12285,0.241573,0.276285,nan,0.093968,nan,0.840276
12286,0.301952,0.354294,-32.627651,0.093957,47.411270,0.910177
12287,0.373771,0.426509,nan,0.093957,nan,1.094426
12288,0.332469,0.394401,-31.787912,0.093946,46.685604,1.029201
12289,0.499820,0.491285,nan,0.093946,nan,1.433242
12290,0.380336,0.345208,-33.011963,0.093935,47.097977,1.183968
12291,0.352144,0.440607,nan,0.093935,nan,1.078111
12292,0.274025,0.281141,-32.313789,0.093924,47.259949,0.928814
12293,0.397972,0.476603,nan,0.093924,nan,1.216328
12294,0.395832,0.498199,-32.928314,0.093913,49.142483,1.189723
12295,0.310290,0.356831,nan,0.093913,nan,0.989429
12296,0.349601,0.419834,-32.900208,0.093902,46.923332,1.130205
12297,0.335902,0.421765,nan,0.093902,nan,1.080391
12298,0.235561,0.354558,-32.347836,0.093891,47.346733,0.835693
12299,0.282402,0.339870,nan,0.093891,nan,0.950762
12300,0.256606,0.260788,-33.760239,0.093880,48.684013,0.910318
12301,0.505751,0.648240,nan,0.093880,nan,1.428605
12302,0.602656,0.658815,-32.461113,0.093869,46.816826,1.622424
12303,0.424260,0.519327,nan,0.093869,nan,1.254992
12304,0.307708,0.415951,-32.586376,0.093858,47.087799,1.041840
12305,0.276624,0.329120,nan,0.093858,nan,0.930427
12306,0.267378,0.259087,-33.740898,0.093847,49.885117,0.926930
12307,0.261629,0.394736,nan,0.093847,nan,0.841494
12308,0.368055,0.425690,-32.722870,0.093836,46.610851,1.092887
12309,0.263351,0.331666,nan,0.093836,nan,0.890585
12310,0.309606,0.282263,-33.146744,0.093825,44.828819,1.029472
12311,0.412555,0.479144,nan,0.093825,nan,1.200061
12312,0.237876,0.275377,-33.466488,0.093814,47.738770,0.822163
12313,0.281886,0.438382,nan,0.093814,nan,0.954714
12314,0.273949,0.287165,-33.350819,0.093803,45.520752,0.930448
12315,0.392724,0.426956,nan,0.093803,nan,1.135822
12316,0.311512,0.336294,-32.505573,0.093792,48.714256,1.012895
12317,0.316656,0.492436,nan,0.093792,nan,1.057112
12318,0.470088,0.408232,-33.121174,0.093781,50.574135,1.382484
12319,0.258486,0.517875,nan,0.093781,nan,0.895622
12320,0.318683,0.576665,-32.698944,0.093770,46.633781,1.001143
12321,0.317567,0.298908,nan,0.093770,nan,1.007523
12322,0.291372,0.319604,-32.466087,0.093759,45.614456,0.951852
12323,0.355956,0.380252,nan,0.093759,nan,1.114097
12324,0.322365,0.376302,-32.754158,0.093748,48.700409,1.063793
12325,0.330407,0.322224,nan,0.093748,nan,1.038404
12326,0.279334,0.327819,-32.739685,0.093737,47.385609,0.919413
12327,0.408182,0.396384,nan,0.093737,nan,1.181890
12328,0.351987,0.399681,-32.757866,0.093726,47.408962,1.102277
12329,0.343088,0.391571,nan,0.093726,nan,1.090751
12330,0.200860,0.202588,-33.307972,0.093715,49.635586,0.764099
12331,0.260684,0.194830,nan,0.093715,nan,0.906572
12332,0.523897,0.496585,-33.131165,0.093704,48.581139,1.421757
12333,0.460934,0.471238,nan,0.093704,nan,1.321885
12334,0.338932,0.324159,-32.821293,0.093693,47.773140,1.067284
12335,0.262917,0.300223,nan,0.093693,nan,0.914932
12336,0.332644,0.329705,-32.685032,0.093682,47.866425,1.060294
12337,0.465484,0.440251,nan,0.093682,nan,1.316447
12338,0.384529,0.551884,-31.889782,0.093671,48.221397,1.165676
12339,0.393229,0.392959,nan,0.093671,nan,1.197952
12340,0.281739,0.328343,-32.774612,0.093660,47.304420,0.975844
12341,0.272977,0.302731,nan,0.093660,nan,0.930003
12342,0.279152,0.357184,-33.040230,0.093649,49.337330,0.921727
12343,0.434204,0.362956,nan,0.093649,nan,1.283802
12344,0.370477,0.378646,-32.910114,0.093637,46.932701,1.125610
12345,0.432383,0.368190,nan,0.093637,nan,1.254414
12346,0.453979,0.701598,-31.902378,0.093626,47.028904,1.302736
12347,0.509909,0.393587,nan,0.093626,nan,1.462199
12348,0.458498,0.560976,-32.963989,0.093615,48.435638,1.336372
12349,0.334977,0.338689,nan,0.093615,nan,1.062135
12350,0.351785,0.339979,-33.380325,0.093604,46.017067,1.050210
12351,0.305451,0.314641,nan,0.093604,nan,0.971669
12352,0.421983,0.410959,-31.915470,0.093593,48.820145,1.243619
12353,0.563366,0.391543,nan,0.093593,nan,1.585353
12354,0.500032,0.403762,-33.575897,0.093582,49.289589,1.453251
12355,0.340764,0.357277,nan,0.093582,nan,1.020644
12356,0.371177,0.312028,-32.747791,0.093571,46.177288,1.167793
12357,0.314534,0.373041,nan,0.093571,nan,1.002382
12358,0.290513,0.301689,-32.466732,0.093560,49.452438,0.948289
12359,0.375875,0.265070,nan,0.093560,nan,1.173033
12360,0.286312,0.429987,-33.133419,0.093549,46.086357,0.900363
12361,0.375128,0.389594,nan,0.093549,nan,1.111327
12362,0.297068,0.291892,-32.781506,0.093538,47.937920,0.968355
12363,0.303384,0.294440,nan,0.093538,nan,0.984344
12364,0.290977,0.311240,-33.252441,0.093527,46.603752,0.949094
12365,0.384508,0.460048,nan,0.093527,nan,1.148951
12366,0.388868,0.391833,-32.251953,0.093516,47.840195,1.164109
12367,0.519168,0.611430,nan,0.093516,nan,1.440099
12368,0.446000,0.473435,-31.779068,0.093505,47.517292,1.279350
12369,0.328043,0.434654,nan,0.093505,nan,1.077157
12370,0.302705,0.421577,-33.400074,0.093494,45.550995,0.981808
12371,0.459493,0.535749,nan,0.093494,nan,1.276298
12372,0.342326,0.306898,-33.280899,0.093483,50.279953,1.033341
12373,0.453924,0.438407,nan,0.093483,nan,1.294921
12374,0.291244,0.363917,-33.281033,0.093472,50.005531,0.996415
12375,0.337131,0.475805,nan,0.093472,nan,1.052982
12376,0.377800,0.355739,-33.231945,0.093461,48.695351,1.163738
12377,0.358056,0.525054,nan,0.093461,nan,1.098771
12378,0.270919,0.382199,-32.735367,0.093450,47.869129,0.935642
12379,0.211428,0.438800,nan,0.093450,nan,0.770644
12380,0.305426,0.377023,-33.283203,0.093439,47.693993,0.981776
12381,0.401789,0.553487,nan,0.093439,nan,1.193832
12382,0.224455,0.755206,-32.392078,0.093428,47.167210,0.834731
12383,0.341647,0.499356,nan,0.093428,nan,1.086221
12384,0.280858,0.527544,-32.620277,0.093417,49.067127,0.941823
12385,0.311382,0.327579,nan,0.093417,nan,0.990328
12386,0.370901,0.413189,-33.073669,0.093406,47.005852,1.133246
12387,0.358629,0.459620,nan,0.093406,nan,1.077737
12388,0.352694,0.728345,-32.403080,0.093395,48.075485,1.059536
12389,0.213640,0.305469,nan,0.093395,nan,0.800806
12390,0.227188,0.328748,-33.245972,0.093384,46.605141,0.824667
12391,0.476450,0.580112,nan,0.093384,nan,1.359284
12392,0.320526,0.479110,-32.657349,0.093373,46.945557,1.011220
12393,0.248584,0.397212,nan,0.093373,nan,0.858318
12394,0.405403,0.495939,-32.281178,0.093362,47.714386,1.203959
12395,0.248054,0.340579,nan,0.093362,nan,0.894273
12396,0.355492,0.428739,-33.058987,0.093351,47.264305,1.086097
12397,0.331128,0.331654,nan,0.093351,nan,1.064785
12398,0.220059,0.257456,-32.953182,0.093340,47.034313,0.782047
12399,0.333175,0.351300,nan,0.093340,nan,1.048018
12400,0.306366,0.312799,-33.275208,0.093329,49.935783,0.981896
12401,0.455910,0.452644,nan,0.093329,nan,1.292304
12402,0.197505,0.266312,-33.117363,0.093318,48.381775,0.729787
12403,0.239618,0.299726,nan,0.093318,nan,0.816870
12404,0.369507,0.338474,-33.357391,0.093307,48.293968,1.169240
12405,0.278586,0.351678,nan,0.093307,nan,0.902932
12406,0.337955,0.372912,-32.844353,0.093296,48.160393,1.057149
12407,0.419902,0.369847,nan,0.093296,nan,1.214614
12408,0.332455,0.360837,-32.745537,0.093285,46.906979,1.078084
12409,0.283637,0.307607,nan,0.093285,nan,0.939103
12410,0.278466,0.250681,-32.757797,0.093274,49.036453,0.887331
12411,0.318507,0.364846,nan,0.093274,nan,0.993033
12412,0.262222,0.274194,-32.343327,0.093263,45.675358,0.896873
12413,0.247923,0.281462,nan,0.093263,nan,0.857511
12414,0.249239,0.260943,-33.089821,0.093253,46.878155,0.817082
12415,0.356861,0.433328,nan,0.093253,nan,1.087631
12416,0.673551,0.590078,-32.459171,0.093242,49.978176,1.752811
12417,0.478702,0.400450,nan,0.093242,nan,1.361109
12418,0.456603,0.335803,-32.247112,0.093231,47.379265,1.332389
12419,0.465958,0.413356,nan,0.093231,nan,1.357172
12420,0.432857,0.453034,-31.923977,0.093220,48.954231,1.272162
12421,0.453459,0.499738,nan,0.093220,nan,1.321373
12422,0.324010,0.354504,-32.913017,0.093209,47.409584,1.067979
12423,0.383059,0.463438,nan,0.093209,nan,1.152743
12424,0.537373,0.606066,-33.440636,0.093198,46.539917,1.468567
12425,0.451514,0.481891,nan,0.093198,nan,1.291551
12426,0.431184,0.320161,-32.142704,0.093187,48.331757,1.222114
12427,0.384184,0.375355,nan,0.093187,nan,1.166815
12428,0.589879,0.536999,-32.871853,0.093176,48.045822,1.574096
12429,0.361061,0.462701,nan,0.093176,nan,1.110209
12430,0.294615,0.288565,-31.796484,0.093165,50.738853,0.953842
12431,0.295363,0.528761,nan,0.093165,nan,0.981693
12432,0.334779,0.465037,-33.117569,0.093154,50.146225,1.053059
12433,0.346915,0.501008,nan,0.093154,nan,1.046234
12434,0.357357,0.435082,-32.494396,0.093143,46.089825,1.085086
12435,0.298002,0.362952,nan,0.093143,nan,0.965117
12436,0.265842,0.325932,-33.066093,0.093132,47.924606,0.884570
12437,0.365966,0.657432,nan,0.093132,nan,1.081422
12438,0.337297,0.493225,-32.590984,0.093121,49.015358,1.058748
12439,0.474331,0.644219,nan,0.093121,nan,1.335993
12440,0.347418,0.419327,-32.719639,0.093110,47.122223,1.091613
12441,0.367052,0.355519,nan,0.093110,nan,1.145119
12442,0.234245,0.290840,-33.699127,0.093099,49.707684,0.839232
12443,0.233318,0.266305,nan,0.093099,nan,0.823286
12444,0.478899,0.509480,-33.027790,0.093088,48.612305,1.328316
12445,0.402076,0.419808,nan,0.093088,nan,1.173062
12446,0.290203,0.359359,-32.602547,0.093077,48.578812,0.969078
12447,0.299413,0.296574,nan,0.093077,nan,0.994707
12448,0.303369,0.323184,-33.281021,0.093066,49.246719,0.979623
12449,0.319957,0.534997,nan,0.093066,nan,1.021253
12450,0.276956,0.362454,-32.325680,0.093055,48.229336,0.926411
12451,0.307081,0.362179,nan,0.093055,nan,0.999918
12452,0.277651,0.327115,-32.715298,0.093044,47.941658,0.933113
12453,0.308204,0.377327,nan,0.093044,nan,0.981664
12454,0.255737,0.285263,-33.259426,0.093033,47.737160,0.858768
12455,0.204254,0.270844,nan,0.093033,nan,0.731722
12456,0.407953,0.445472,-32.275311,0.093022,50.244194,1.186615
12457,0.290389,0.399552,nan,0.093022,nan,0.994379
12458,0.242833,0.276946,-33.208836,0.093011,48.928558,0.878666
12459,0.252620,0.323757,nan,0.093011,nan,0.876780
12460,0.306296,0.333429,-32.942745,0.093000,48.760651,0.990296
12461,0.267792,0.366024,nan,0.093000,nan,0.908623
12462,0.320119,0.376468,-33.543198,0.092989,50.262299,1.040715
12463,0.184118,0.264272,nan,0.092989,nan,0.702199
12464,0.194910,0.235400,-33.146603,0.092978,50.214924,0.724359
12465,0.274783,0.251162,nan,0.092978,nan,0.891657
12466,0.293265,0.370626,-32.083916,0.092967,48.774387,0.996491
12467,0.359982,0.346966,nan,0.092967,nan,1.127967
12468,0.325171,0.310371,-32.847473,0.092956,48.828930,1.022081
12469,0.345918,0.292170,nan,0.092956,nan,1.093467
12470,0.313354,0.270302,-32.443127,0.092945,46.616230,1.027158
12471,0.279843,0.295310,nan,0.092945,nan,0.945063
12472,0.353774,0.289212,-33.053284,0.092934,47.338108,1.129462
12473,0.316685,0.292722,nan,0.092934,nan,1.010247
12474,0.430081,0.392718,-32.107132,0.092923,48.929771,1.261137
12475,0.403991,0.459727,nan,0.092923,nan,1.240339
12476,0.535224,0.419807,-32.563942,0.092912,49.981064,1.527269
12477,0.311908,0.441021,nan,0.092912,nan,1.026222
12478,0.434758,0.570449,-32.549904,0.092901,46.882637,1.250267
12479,0.316188,0.398415,nan,0.092901,nan,0.966096
12480,0.308899,0.340697,-33.283806,0.092890,48.249817,0.943977
12481,0.388377,0.532800,nan,0.092890,nan,1.169819
12482,0.374716,0.394413,-32.439243,0.092879,47.734291,1.165668
12483,0.231139,0.304226,nan,0.092879,nan,0.847026
12484,0.289806,0.474821,-32.343178,0.092868,47.334335,0.975229
12485,0.215087,0.264887,nan,0.092868,nan,0.795275
12486,0.389833,0.345280,-32.579258,0.092857,46.782803,1.144185
12487,0.297490,0.274128,nan,0.092857,nan,1.002075
12488,0.324272,0.336012,-32.706894,0.092846,49.488739,1.041452
12489,0.278707,0.387107,nan,0.092846,nan,0.929355
12490,0.301229,0.306964,-31.741234,0.092835,47.713669,0.999749
12491,0.263651,0.340498,nan,0.092835,nan,0.948855
12492,0.372567,0.336082,-33.083225,0.092825,48.555134,1.187234
12493,0.307015,0.390918,nan,0.092825,nan,1.001173
12494,0.335403,0.272861,-33.166077,0.092814,46.261639,1.053773
12495,0.483068,0.434642,nan,0.092814,nan,1.378315
12496,0.274437,0.236647,-32.650288,0.092803,48.161278,0.936798
12497,0.364401,0.349880,nan,0.092803,nan,1.159336
12498,0.199745,0.291739,-33.032593,0.092792,46.930046,0.769992
12499,0.385764,0.478532,nan,0.092792,nan,1.193491
12500,0.421531,0.460485,-31.899899,0.092781,47.527805,1.248159
12501,0.355560,0.439884,nan,0.092781,nan,1.121741
12502,0.318083,0.347823,-32.396141,0.092770,46.616440,1.047147
12503,0.363471,0.357699,nan,0.092770,nan,1.161891
12504,0.376874,0.359921,-32.669792,0.092760,50.312870,1.175013
12505,0.238479,0.301504,nan,0.092760,nan,0.875705
12506,0.256360,0.318927,-33.199547,0.092749,51.686642,0.898139
12507,0.373126,0.446499,nan,0.092749,nan,1.166024
12508,0.351308,0.300295,-32.155426,0.092738,47.410439,1.124571
12509,0.370350,0.326708,nan,0.092738,nan,1.124817
12510,0.308785,0.301355,-33.380043,0.092727,48.245632,1.019021
12511,0.240167,0.302235,nan,0.092727,nan,0.831851
12512,0.369471,0.456695,-33.169163,0.092716,47.416649,1.141175
12513,0.192060,0.333687,nan,0.092716,nan,0.774118
12514,0.308822,0.355535,-32.674156,0.092705,48.209641,1.022256
12515,0.195838,0.279696,nan,0.092705,nan,0.762271
12516,0.437583,0.339352,-33.253181,0.092694,48.262684,1.272073
12517,0.353165,0.373930,nan,0.092694,nan,1.058503
12518,0.297438,0.287139,-32.642700,0.092684,48.806244,1.023069
12519,0.428101,0.467287,nan,0.092684,nan,1.258994
12520,0.290890,0.314351,-32.547241,0.092673,49.444351,0.999645
12521,0.296389,0.308434,nan,0.092673,nan,1.045087
12522,0.371246,0.400551,-32.478622,0.092662,46.189083,1.200625
12523,0.250574,0.291171,nan,0.092662,nan,0.918270
12524,0.384185,0.353784,-32.347515,0.092651,47.577171,1.189777
12525,0.268935,0.380344,nan,0.092651,nan,0.904755
12526,0.329910,0.324539,-32.922256,0.092640,48.853409,1.105072
12527,0.351084,0.563924,nan,0.092640,nan,1.132075
12528,0.302665,0.427062,-33.173229,0.092629,50.776535,0.988890
12529,0.316204,0.372351,nan,0.092629,nan,1.028022
12530,0.262336,0.332676,-32.953815,0.092618,51.758156,0.928792
12531,0.251703,0.368090,nan,0.092618,nan,0.907093
12532,0.393438,0.543810,-32.440086,0.092607,49.616325,1.192335
12533,0.284238,0.361310,nan,0.092607,nan,0.969102
12534,0.266952,0.318076,-33.217178,0.092596,50.378490,0.924225
12535,0.273345,0.270413,nan,0.092596,nan,0.952881
12536,0.366923,0.355638,-33.114525,0.092585,50.978085,1.182181
12537,0.275426,0.268933,nan,0.092585,nan,0.976087
12538,0.343525,0.357561,-32.244320,0.092574,49.622009,1.119556
12539,0.356072,0.390364,nan,0.092574,nan,1.123900
12540,0.288152,0.310600,-32.541359,0.092563,47.649918,0.969410
12541,0.262511,0.331078,nan,0.092563,nan,0.917012
12542,0.258161,0.238581,-31.859503,0.092552,50.634159,0.893820
12543,0.353283,0.354151,nan,0.092552,nan,1.123285
12544,0.308329,0.352196,-32.397907,0.092541,49.406219,1.023956
12545,0.227626,0.272735,nan,0.092541,nan,0.864766
12546,0.308424,0.333161,-33.129990,0.092530,48.086090,1.050588
12547,0.287397,0.342113,nan,0.092530,nan,0.999209
12548,0.411114,0.424563,-32.412834,0.092519,46.854279,1.271194
12549,0.301828,0.418877,nan,0.092519,nan,1.020835
12550,0.318555,0.387475,-32.718338,0.092508,51.063927,1.070101
12551,0.436192,0.456919,nan,0.092508,nan,1.310558
12552,0.289797,0.298782,-32.510796,0.092497,48.675270,0.996158
12553,0.329864,0.241728,nan,0.092497,nan,1.071375
12554,0.326636,0.308156,-32.217186,0.092487,48.764320,1.084187
12555,0.253632,0.271147,nan,0.092487,nan,0.924035
12556,0.309181,0.341833,-32.903542,0.092476,48.247932,1.052210
12557,0.350022,0.452334,nan,0.092476,nan,1.100876
12558,0.385371,0.463304,-32.488777,0.092465,51.519440,1.154006
12559,0.309640,0.357011,nan,0.092465,nan,1.025022
12560,0.416492,0.457767,-32.035690,0.092454,49.459755,1.297753
12561,0.283703,0.382338,nan,0.092454,nan,0.995309
12562,0.348985,0.394377,-32.959488,0.092443,49.807877,1.121555
12563,0.234289,0.269456,nan,0.092443,nan,0.862204
12564,0.381849,0.316149,-31.795502,0.092432,49.891579,1.170309
12565,0.230022,0.288669,nan,0.092432,nan,0.880983
12566,0.406210,0.362726,-32.432823,0.092421,48.133537,1.251867
12567,0.200120,0.347876,nan,0.092421,nan,0.807319
12568,0.414647,0.466414,-32.778687,0.092410,46.668518,1.251135
12569,0.359702,0.318020,nan,0.092410,nan,1.140977
12570,0.340320,0.393369,-32.867588,0.092399,48.652794,1.120783
12571,0.384178,0.359028,nan,0.092399,nan,1.222084
12572,0.383403,0.463795,-32.809433,0.092388,48.542465,1.190854
12573,0.276370,0.348622,nan,0.092388,nan,0.941989
12574,0.396821,0.431495,-31.635265,0.092377,47.346069,1.168549
12575,0.290264,0.330018,nan,0.092377,nan,1.000487
12576,0.264454,0.291866,-32.564892,0.092366,46.722538,0.959460
12577,0.323361,0.504931,nan,0.092366,nan,1.017054
12578,0.249796,0.276871,-31.031469,0.092355,49.893127,0.864691
12579,0.431206,0.622758,nan,0.092355,nan,1.274516
12580,0.283065,0.417518,-32.249878,0.092345,47.297009,0.944140
12581,0.248297,0.425015,nan,0.092345,nan,0.880558
12582,0.251952,0.338953,-32.898060,0.092334,49.700859,0.888305
12583,0.314021,0.324826,nan,0.092334,nan,1.045638
12584,0.275336,0.350168,-33.065350,0.092323,50.905170,0.974981
12585,0.259946,0.370121,nan,0.092323,nan,0.904997
12586,0.275084,0.327318,-32.641766,0.092312,47.385704,0.953298
12587,0.309721,0.355898,nan,0.092312,nan,0.994639
12588,0.234785,0.330916,-32.224453,0.092301,47.233551,0.862589
12589,0.171405,0.246836,nan,0.092301,nan,0.724723
12590,0.228351,0.258816,-32.087334,0.092290,49.169006,0.852581
12591,0.271187,0.283630,nan,0.092290,nan,0.908680
12592,0.238360,0.296449,-32.626938,0.092280,49.469261,0.885519
12593,0.255461,0.322478,nan,0.092280,nan,0.927847
12594,0.257087,0.343174,-32.616135,0.092269,49.822754,0.950489
12595,0.306804,0.315076,nan,0.092269,nan,1.056673
12596,0.397453,0.567862,-31.951454,0.092258,51.203568,1.226562
12597,0.261503,0.331968,nan,0.092258,nan,0.892967
12598,0.293303,0.326139,-32.820946,0.092247,48.154831,0.980413
12599,0.260199,0.301956,nan,0.092247,nan,0.875645
12600,0.386766,0.363176,-32.163021,0.092236,51.296562,1.165481
12601,0.414458,0.484693,nan,0.092236,nan,1.219736
12602,0.250418,0.291050,-32.550392,0.092225,50.879490,0.920366
12603,0.363898,0.430848,nan,0.092225,nan,1.184570
12604,0.336106,0.306653,-32.692165,0.092214,48.241077,1.107718
12605,0.219352,0.299249,nan,0.092214,nan,0.833269
12606,0.350256,0.387446,-32.545025,0.092203,52.539177,1.130658
12607,0.321025,0.362217,nan,0.092203,nan,1.079627
12608,0.254246,0.281979,-33.309769,0.092192,50.529125,0.939238
12609,0.333891,0.455921,nan,0.092192,nan,1.073579
12610,0.466516,0.539856,-32.781116,0.092181,48.737480,1.313258
12611,0.320484,0.319721,nan,0.092181,nan,1.060676
12612,0.420060,0.365278,-32.944214,0.092170,50.746288,1.288970
12613,0.424788,0.525902,nan,0.092170,nan,1.239362
12614,0.300893,0.497020,-32.104656,0.092159,48.510197,0.968701
12615,0.386341,0.423566,nan,0.092159,nan,1.188490
12616,0.283590,0.303307,-32.806808,0.092148,50.432751,0.944138
12617,0.194549,0.241650,nan,0.092148,nan,0.752747
12618,0.444411,0.516625,-32.362274,0.092137,51.384224,1.311283
12619,0.335025,0.293876,nan,0.092137,nan,1.120931
12620,0.313732,0.375423,-32.502590,0.092126,50.933945,1.079692
12621,0.320195,0.344174,nan,0.092126,nan,1.091263
12622,0.351519,0.444979,-32.743629,0.092115,49.957676,1.160091
12623,0.229637,0.275461,nan,0.092115,nan,0.824278
12624,0.265867,0.220908,-32.579899,0.092104,47.246098,0.877284
12625,0.437102,0.448697,nan,0.092104,nan,1.277132
12626,0.342542,0.408456,-32.069836,0.092093,48.834297,1.136552
12627,0.349619,0.460200,nan,0.092093,nan,1.161536
12628,0.333813,0.407612,-32.259132,0.092083,49.984451,1.137828
12629,0.302537,0.301541,nan,0.092083,nan,1.047074
12630,0.320397,0.452745,-32.680920,0.092072,47.564175,1.071065
12631,0.384983,0.610144,nan,0.092072,nan,1.133196
12632,0.397055,0.432051,-32.573997,0.092061,51.751656,1.163374
12633,0.237701,0.293613,nan,0.092061,nan,0.858898
12634,0.295623,0.322330,-32.998886,0.092050,50.065739,0.987931
12635,0.403672,0.549001,nan,0.092050,nan,1.234494
12636,0.321579,0.346608,-32.451073,0.092039,48.471325,1.066656
12637,0.485735,0.517878,nan,0.092039,nan,1.395420
12638,0.388128,0.410440,-31.851149,0.092028,47.363419,1.206022
12639,0.395441,0.461766,nan,0.092028,nan,1.217466
12640,0.290493,0.337360,-32.299965,0.092017,46.592430,0.994548
12641,0.299204,0.357781,nan,0.092017,nan,0.989285
12642,0.437187,0.527199,-32.205078,0.092006,49.642960,1.249338
12643,0.393926,0.448737,nan,0.092006,nan,1.205148
12644,0.296901,0.510166,-31.959419,0.091996,46.883949,1.027112
12645,0.462173,0.492384,nan,0.091996,nan,1.377780
12646,0.288132,0.408873,-32.890991,0.091985,50.550659,1.004090
12647,0.373066,0.427091,nan,0.091985,nan,1.157475
12648,0.417106,0.407699,-31.392738,0.091974,49.257263,1.252736
12649,0.644628,0.357909,nan,0.091974,nan,1.767377
12650,0.550372,0.313091,-32.141060,0.091963,51.320045,1.567758
12651,0.318798,0.366615,nan,0.091963,nan,1.056406
12652,0.361970,0.312638,-32.459694,0.091952,49.292122,1.116820
12653,0.416243,0.385170,nan,0.091952,nan,1.289184
12654,0.406199,0.459128,-32.337624,0.091941,47.836899,1.272314
12655,0.372831,0.461003,nan,0.091941,nan,1.208273
12656,0.349904,0.388815,-32.536263,0.091931,49.301811,1.151938
12657,0.301481,0.380496,nan,0.091931,nan,0.996408
12658,0.435310,0.412058,-31.004738,0.091920,47.742870,1.275682
12659,0.333441,0.550596,nan,0.091920,nan,1.027185
12660,0.390649,0.389196,-31.563456,0.091909,49.147476,1.107540
12661,0.367062,0.367117,nan,0.091909,nan,1.068219
12662,0.372646,0.371607,-31.327732,0.091898,46.803665,1.130061
12663,0.317354,0.421300,nan,0.091898,nan,1.094630
12664,0.381623,0.346795,-32.396355,0.091888,50.123219,1.264382
12665,0.490944,0.532198,nan,0.091888,nan,1.445364
12666,0.333043,0.324628,-32.393322,0.091877,51.654377,1.090214
12667,0.445257,0.469560,nan,0.091877,nan,1.289114
12668,0.369444,0.395789,-32.295967,0.091866,49.658623,1.096290
12669,0.382265,0.401350,nan,0.091866,nan,1.158375
12670,0.280184,0.406779,-32.428116,0.091855,50.234219,0.983901
12671,0.275118,0.318719,nan,0.091855,nan,0.982888
12672,0.433651,0.444134,-32.870209,0.091844,50.348915,1.333065
12673,0.382439,0.381943,nan,0.091844,nan,1.179557
12674,0.367451,0.301767,-31.621731,0.091834,48.567307,1.166401
12675,0.354864,0.339071,nan,0.091834,nan,1.128778
12676,0.401496,0.381152,-32.639549,0.091823,49.389950,1.202724
12677,0.331392,0.363165,nan,0.091823,nan,1.041248
12678,0.443875,0.380115,-31.976883,0.091812,49.052521,1.313365
12679,0.332065,0.406358,nan,0.091812,nan,1.100332
12680,0.421746,0.426470,-32.241745,0.091801,48.814720,1.281799
12681,0.295632,0.425828,nan,0.091801,nan,0.985006
12682,0.327878,0.403900,-32.693802,0.091790,49.980919,1.041267
12683,0.275010,0.297442,nan,0.091790,nan,0.910433
12684,0.300940,0.302755,-32.191410,0.091780,49.364418,0.976529
12685,0.383096,0.370779,nan,0.091780,nan,1.216545
12686,0.299990,0.300701,-31.888710,0.091769,49.584175,1.027977
12687,0.245451,0.221181,nan,0.091769,nan,0.898785
12688,0.262915,0.279530,-32.994583,0.091758,50.857620,0.920775
12689,0.408787,0.566632,nan,0.091758,nan,1.158779
12690,0.371002,0.489555,-32.188965,0.091747,48.198250,1.104153
12691,0.261224,0.369778,nan,0.091747,nan,0.869785
12692,0.367816,0.431369,-32.810810,0.091736,50.235683,1.143647
12693,0.320670,0.345302,nan,0.091736,nan,1.095980
12694,0.326650,0.302668,-32.101418,0.091726,46.703606,1.113583
12695,0.283289,0.378114,nan,0.091726,nan,0.967668
12696,0.404075,0.441807,-31.352859,0.091715,47.986439,1.189795
12697,0.400449,0.339864,nan,0.091715,nan,1.224188
12698,0.424015,0.349129,-33.592045,0.091704,50.189709,1.271001
12699,0.385535,0.463264,nan,0.091704,nan,1.152731
12700,0.376064,0.400056,-32.523643,0.091693,49.509300,1.150966
12701,0.541818,0.467841,nan,0.091693,nan,1.523571
12702,0.314706,0.463847,-31.426277,0.091683,50.287403,1.039320
12703,0.323377,0.327303,nan,0.091683,nan,1.057236
12704,0.406731,0.310639,-32.184307,0.091672,47.463432,1.234168
12705,0.396908,0.487883,nan,0.091672,nan,1.235760
12706,0.399652,0.493294,-32.403381,0.091661,48.071667,1.235146
12707,0.400198,0.370203,nan,0.091661,nan,1.215476
12708,0.408014,0.476899,-32.500195,0.091651,49.233734,1.294967
12709,0.400006,0.446493,nan,0.091651,nan,1.247527
12710,0.310869,0.392320,-33.172325,0.091640,48.182224,1.090237
12711,0.336394,0.496235,nan,0.091640,nan,1.044093
12712,0.300545,0.385632,-31.483273,0.091629,47.590019,0.952343
12713,0.406445,0.515820,nan,0.091629,nan,1.224257
12714,0.425215,0.506431,-32.207962,0.091619,50.170780,1.272359
12715,0.268475,0.328241,nan,0.091619,nan,0.946724
12716,0.373848,0.341403,-32.833885,0.091608,49.572945,1.153722
12717,0.415766,0.445567,nan,0.091608,nan,1.248814
12718,0.300123,0.377936,-31.162178,0.091597,49.887753,0.998071
12719,0.562827,0.401944,nan,0.091597,nan,1.576785
12720,0.285992,0.338685,-33.019089,0.091587,49.703064,0.985059
12721,0.290288,0.463294,nan,0.091587,nan,1.009246
12722,0.356889,0.440988,-32.980820,0.091576,48.357483,1.158818
12723,0.452244,0.467960,nan,0.091576,nan,1.353570
12724,0.457204,0.479937,-32.392513,0.091565,49.054222,1.362055
12725,0.346843,0.342091,nan,0.091565,nan,1.147687
12726,0.380513,0.363215,-32.242622,0.091555,47.882172,1.199214
12727,0.392553,0.429579,nan,0.091555,nan,1.177888
12728,0.308554,0.403279,-32.145866,0.091544,50.352844,0.972778
12729,0.415554,0.397721,nan,0.091544,nan,1.229508
12730,0.333623,0.398829,-33.206055,0.091533,48.399925,1.064902
12731,0.436100,0.563935,nan,0.091533,nan,1.308547
12732,0.276700,0.394750,-32.032295,0.091523,49.078377,1.012086
12733,0.370269,0.379601,nan,0.091523,nan,1.216316
12734,0.367924,0.391959,-32.429779,0.091512,50.851803,1.189944
12735,0.321726,0.427638,nan,0.091512,nan,1.030101
12736,0.318545,0.376657,-32.065914,0.091501,49.998100,0.985471
12737,0.381919,0.359651,nan,0.091501,nan,1.199320
12738,0.387911,0.411148,-33.009506,0.091491,51.271370,1.228940
12739,0.345145,0.393908,nan,0.091491,nan,1.158325
12740,0.311518,0.363065,-32.765839,0.091480,49.604557,1.076223
12741,0.196370,0.255184,nan,0.091480,nan,0.787030
12742,0.276052,0.358902,-33.074677,0.091469,53.534393,0.947017
12743,0.407430,0.621421,nan,0.091469,nan,1.263438
12744,0.300031,0.397804,-32.162910,0.091458,50.938442,1.028427
12745,0.311253,0.326618,nan,0.091458,nan,1.087725
12746,0.364419,0.396705,-32.574539,0.091447,49.845039,1.185955
12747,0.279506,0.335278,nan,0.091447,nan,0.995414
12748,0.360251,0.509305,-32.229744,0.091436,51.116714,1.128623
12749,0.325628,0.296758,nan,0.091436,nan,1.127123
12750,0.379664,0.428001,-31.748814,0.091426,49.011147,1.211377
12751,0.282455,0.303064,nan,0.091426,nan,0.993797
12752,0.375791,0.387243,-32.677124,0.091415,49.819237,1.187270
12753,0.315105,0.360964,nan,0.091415,nan,1.053656
12754,0.297873,0.305760,-32.838558,0.091404,51.958378,1.024313
12755,0.300494,0.394012,nan,0.091404,nan,1.029076
12756,0.283199,0.360096,-32.165218,0.091393,52.328873,1.018905
12757,0.374834,0.390146,nan,0.091393,nan,1.235662
12758,0.373897,0.408741,-32.073803,0.091382,51.395580,1.224789
12759,0.269300,0.355935,nan,0.091382,nan,1.006351
12760,0.350967,0.390911,-32.763641,0.091371,50.498112,1.204419
12761,0.324975,0.321041,nan,0.091371,nan,1.131164
12762,0.304258,0.413555,-32.066879,0.091360,51.834064,1.080525
12763,0.264979,0.298236,nan,0.091360,nan,0.969169
12764,0.319627,0.348579,-31.798588,0.091350,50.539696,1.060513
12765,0.337561,0.320125,nan,0.091350,nan,1.134828
12766,0.395798,0.438317,-32.353783,0.091339,50.519680,1.250208
12767,0.270609,0.296136,nan,0.091339,nan,1.010845
12768,0.313536,0.305058,-32.274178,0.091328,48.607513,1.106315
12769,0.411385,0.477538,nan,0.091328,nan,1.308736
12770,0.324207,0.329522,-32.902634,0.091317,51.443043,1.124339
12771,0.315638,0.340272,nan,0.091317,nan,1.086984
12772,0.352613,0.357683,-32.154461,0.091306,48.175407,1.152053
12773,0.376577,0.442778,nan,0.091306,nan,1.129668
12774,0.271909,0.276564,-32.673622,0.091295,51.040367,0.933939
12775,0.304000,0.345306,nan,0.091295,nan,1.023494
12776,0.474446,0.473041,-32.034756,0.091284,49.860420,1.410099
12777,0.382980,0.388373,nan,0.091284,nan,1.222928
12778,0.454029,0.455720,-32.131252,0.091274,48.311840,1.401428
12779,0.295724,0.359673,nan,0.091274,nan,1.064092
12780,0.243117,0.258082,-32.297585,0.091263,48.945755,0.924557
12781,0.329704,0.328843,nan,0.091263,nan,1.113125
12782,0.215657,0.238325,-32.615234,0.091252,48.632717,0.822265
12783,0.341244,0.502152,nan,0.091252,nan,1.121148
12784,0.404068,0.481279,-31.323145,0.091241,50.022293,1.245588
12785,0.374265,0.446815,nan,0.091241,nan,1.171431
12786,0.363788,0.407085,-32.780197,0.091231,49.653091,1.204465
12787,0.315126,0.370762,nan,0.091231,nan,1.102064
12788,0.259586,0.282143,-31.457502,0.091220,49.299782,0.976282
12789,0.296167,0.390562,nan,0.091220,nan,1.079801
12790,0.303058,0.315435,-32.314713,0.091209,50.102215,1.102850
12791,0.353581,0.487301,nan,0.091209,nan,1.181825
12792,0.273453,0.306680,-31.819290,0.091199,48.290550,0.984970
12793,0.315580,0.324800,nan,0.091199,nan,1.056370
12794,0.342742,0.349931,-32.305771,0.091188,51.416328,1.123150
12795,0.268623,0.411054,nan,0.091188,nan,0.976460
12796,0.426569,0.496236,-31.598606,0.091177,49.929707,1.316456
12797,0.370340,0.455971,nan,0.091177,nan,1.214088
12798,0.238086,0.256058,-31.520952,0.091167,50.146042,0.918636
12799,0.317947,0.374880,nan,0.091167,nan,1.081467
12800,0.258522,0.335452,-32.563751,0.091156,52.226078,0.967491
12801,0.285831,0.384723,nan,0.091156,nan,0.997797
12802,0.260654,0.328549,-32.512573,0.091145,49.824680,0.938243
12803,0.275911,0.323657,nan,0.091145,nan,1.007313
12804,0.254023,0.441367,-31.925556,0.091134,50.571991,0.937457
12805,0.248046,0.269582,nan,0.091134,nan,0.937043
12806,0.310461,0.441664,-32.697140,0.091124,47.659088,1.082271
12807,0.307149,0.464946,nan,0.091124,nan,1.038274
12808,0.252901,0.295422,-31.302622,0.091113,48.476154,0.924946
12809,0.359895,0.354572,nan,0.091113,nan,1.154922
12810,0.292175,0.350228,-32.762756,0.091102,47.621349,1.006913
12811,0.472469,0.607739,nan,0.091102,nan,1.397212
12812,0.356196,0.577327,-31.627520,0.091092,50.153435,1.154188
12813,0.303358,0.383602,nan,0.091092,nan,1.071796
12814,0.204489,0.600003,-31.048683,0.091081,51.745506,0.829365
12815,0.220079,0.322565,nan,0.091081,nan,0.868888
12816,0.357491,0.407515,-31.861824,0.091070,49.214569,1.140243
12817,0.280290,0.462590,nan,0.091070,nan,0.991026
12818,0.303884,0.411855,-32.124222,0.091060,53.214760,1.037780
12819,0.267414,0.295498,nan,0.091060,nan,0.935659
12820,0.346964,0.372384,-32.260353,0.091049,48.518539,1.096601
12821,0.292153,0.435740,nan,0.091049,nan,0.996229
12822,0.266606,0.361899,-31.599794,0.091038,49.939278,0.956139
12823,0.315842,0.394294,nan,0.091038,nan,1.084430
12824,0.367537,0.417945,-32.069618,0.091028,47.586166,1.188140
12825,0.304696,0.354004,nan,0.091028,nan,1.068118
12826,0.391823,0.822164,-31.102257,0.091017,50.470398,1.252358
12827,0.267515,0.435054,nan,0.091017,nan,0.967031
12828,0.368914,0.583933,-32.784573,0.091006,49.105076,1.177094
12829,0.407321,0.694376,nan,0.091006,nan,1.259831
12830,0.443810,0.814561,-31.888161,0.090996,49.834450,1.314072
12831,0.259348,0.449267,nan,0.090996,nan,0.932856
12832,0.353717,0.414752,-31.358818,0.090985,49.730820,1.138070
12833,0.391959,0.478839,nan,0.090985,nan,1.226086
12834,0.333539,0.432062,-32.125118,0.090974,50.890640,1.101548
12835,0.253756,0.360432,nan,0.090974,nan,0.935511
12836,0.372590,0.479349,-31.967648,0.090964,50.604160,1.184028
12837,0.318908,0.387265,nan,0.090964,nan,1.069440
12838,0.262356,0.374072,-32.695770,0.090953,52.130104,0.952138
12839,0.266084,0.471030,nan,0.090953,nan,0.959469
12840,0.358134,0.568619,-32.912399,0.090942,51.487122,1.143785
12841,0.241066,0.358119,nan,0.090942,nan,0.877069
12842,0.362314,0.423263,-32.081451,0.090932,48.954742,1.140566
12843,0.348685,0.367889,nan,0.090932,nan,1.127907
12844,0.261506,0.324389,-32.619522,0.090921,50.838806,0.952052
12845,0.357259,0.543965,nan,0.090921,nan,1.136914
12846,0.312979,0.491821,-31.971806,0.090910,51.914925,1.051607
12847,0.412223,0.514267,nan,0.090910,nan,1.266462
12848,0.280628,0.368839,-31.976402,0.090900,48.950962,1.016764
12849,0.266941,0.302458,nan,0.090900,nan,0.967005
12850,0.242541,0.289655,-32.258472,0.090889,48.092430,0.861933
12851,0.249620,0.299823,nan,0.090889,nan,0.865768
12852,0.473063,0.490840,-31.571224,0.090878,49.386703,1.394572
12853,0.236103,0.275106,nan,0.090878,nan,0.859332
12854,0.350081,0.435946,-32.120625,0.090868,49.903366,1.071108
12855,0.325820,0.451766,nan,0.090868,nan,1.093274
12856,0.287139,0.447063,-31.823849,0.090857,50.807831,0.963918
12857,0.274594,0.323558,nan,0.090857,nan,0.956364
12858,0.291844,0.352174,-32.591011,0.090846,52.392899,0.995433
12859,0.302138,0.427933,nan,0.090846,nan,0.989091
12860,0.390607,0.489236,-32.449913,0.090836,50.671928,1.200688
12861,0.410152,0.500254,nan,0.090836,nan,1.254099
12862,0.407486,0.349691,-31.649429,0.090825,49.357124,1.272264
12863,0.356246,0.456740,nan,0.090825,nan,1.175815
12864,0.283468,0.374730,-32.860542,0.090814,52.002159,1.030809
12865,0.290597,0.345773,nan,0.090814,nan,1.010784
12866,0.309653,0.323276,-32.332451,0.090804,49.000702,1.026916
12867,0.398160,0.417122,nan,0.090804,nan,1.228960
12868,0.322478,0.370664,-33.069717,0.090793,51.496147,1.080914
12869,0.249415,0.384745,nan,0.090793,nan,0.892991
12870,0.253619,0.375955,-32.599220,0.090782,49.972103,0.911161
12871,0.340019,0.345180,nan,0.090782,nan,1.090902
12872,0.332976,0.334008,-32.440960,0.090772,49.126663,1.085471
12873,0.251792,0.298594,nan,0.090772,nan,0.919190
12874,0.220207,0.284653,-30.950140,0.090761,49.068493,0.843041
12875,0.335624,0.322632,nan,0.090761,nan,1.089613
12876,0.241446,0.257312,-32.884903,0.090750,50.376049,0.886182
12877,0.354513,0.466124,nan,0.090750,nan,1.126293
12878,0.316895,0.501632,-32.564224,0.090740,51.436928,1.033905
12879,0.262565,0.458751,nan,0.090740,nan,0.922880
12880,0.325784,0.457038,-31.658520,0.090729,50.987961,1.063028
12881,0.263800,0.547571,nan,0.090729,nan,0.932582
12882,0.310039,0.501255,-30.855537,0.090718,52.806572,1.036273
12883,0.323363,0.515452,nan,0.090718,nan,1.087771
12884,0.359376,0.632769,-32.201256,0.090708,50.889977,1.149000
12885,0.345906,0.654731,nan,0.090708,nan,1.127751
12886,0.385961,0.634201,-31.754234,0.090697,49.424835,1.215425
12887,0.307257,0.507732,nan,0.090697,nan,1.036237
12888,0.201403,0.496275,-32.514427,0.090686,49.505718,0.801920
12889,0.439066,0.620706,nan,0.090686,nan,1.307741
12890,0.497262,0.591935,-31.220383,0.090676,50.647625,1.430938
12891,0.566035,0.535467,nan,0.090676,nan,1.577274
12892,0.328871,0.643489,-31.858461,0.090665,50.907070,1.075873
12893,0.352342,0.624631,nan,0.090665,nan,1.099873
12894,0.332040,0.450379,-33.001068,0.090654,50.258812,1.048792
12895,0.359622,0.500442,nan,0.090654,nan,1.123769
12896,0.361645,0.362563,-31.050228,0.090644,50.318310,1.147591
12897,0.348597,0.651732,nan,0.090644,nan,1.104716
12898,0.519119,0.563375,-31.707287,0.090633,49.415012,1.473928
12899,0.423081,0.666298,nan,0.090633,nan,1.281533
12900,0.352879,0.504986,-32.676620,0.090622,48.873749,1.115026
12901,0.485718,0.583290,nan,0.090622,nan,1.407002
12902,0.297215,0.463900,-32.019539,0.090612,50.786209,1.016192
12903,0.408571,0.502486,nan,0.090612,nan,1.240610
12904,0.290416,0.432849,-32.063087,0.090601,52.206821,1.003046
12905,0.252840,0.377408,nan,0.090601,nan,0.888474
12906,0.478817,0.612629,-30.851536,0.090591,49.152283,1.351215
12907,0.334799,0.475740,nan,0.090591,nan,1.073622
12908,0.344011,0.415187,-32.551037,0.090580,52.360474,1.099814
12909,0.438904,0.560633,nan,0.090580,nan,1.324697
12910,0.299965,0.453489,-32.392693,0.090569,49.036079,0.997387
12911,0.249334,0.334666,nan,0.090569,nan,0.906625
12912,0.270100,0.404296,-31.563410,0.090559,50.746338,0.923520
12913,0.278815,0.366984,nan,0.090559,nan,0.943954
12914,0.255337,0.284510,-32.496834,0.090548,49.754742,0.896653
12915,0.353901,0.394598,nan,0.090548,nan,1.112591
12916,0.380393,0.380601,-32.416027,0.090537,51.900829,1.177258
12917,0.446731,0.412393,nan,0.090537,nan,1.298527
12918,0.299785,0.332962,-31.324980,0.090527,52.490646,1.026123
12919,0.437382,0.397212,nan,0.090527,nan,1.291357
12920,0.299183,0.270735,-32.833332,0.090516,50.252789,1.018355
12921,0.334177,0.402693,nan,0.090516,nan,1.072504
12922,0.354983,0.375613,-32.613396,0.090505,50.791451,1.096877
12923,0.307413,0.371885,nan,0.090505,nan,1.006875
12924,0.312200,0.439223,-31.239868,0.090495,51.750664,1.001246
12925,0.312065,0.323434,nan,0.090495,nan,1.013074
12926,0.274504,0.366184,-32.376781,0.090484,51.560364,0.935261
12927,0.386263,0.424196,nan,0.090484,nan,1.184516
12928,0.363643,0.271990,-30.240189,0.090473,49.237514,1.152914
12929,0.316321,0.737571,nan,0.090473,nan,1.028249
12930,0.545996,0.621540,-31.472155,0.090463,49.339180,1.521661
12931,0.371867,0.469565,nan,0.090463,nan,1.146487
12932,0.324284,0.490258,-32.631943,0.090452,51.879986,1.065720
12933,0.429218,0.459235,nan,0.090452,nan,1.276162
12934,0.364146,0.306551,-32.066525,0.090442,49.737709,1.142451
12935,0.393872,0.369776,nan,0.090442,nan,1.221448
12936,0.301002,0.322826,-31.734650,0.090431,48.823761,1.029570
12937,0.267696,0.307563,nan,0.090431,nan,0.939674
12938,0.340060,0.365436,-32.298164,0.090420,51.924065,1.095815
12939,0.343719,0.348519,nan,0.090420,nan,1.092999
12940,0.258819,0.347053,-32.612560,0.090410,48.352932,0.905102
12941,0.488609,0.494928,nan,0.090410,nan,1.379093
12942,0.336054,0.379172,-33.029549,0.090399,52.872356,1.050468
12943,0.275409,0.328396,nan,0.090399,nan,0.934814
12944,0.296402,0.345959,-32.391212,0.090389,50.177475,1.012475
12945,0.279199,0.438790,nan,0.090389,nan,0.954311
12946,0.354573,0.305359,-31.882963,0.090378,50.512543,1.123892
12947,0.399208,0.456007,nan,0.090378,nan,1.209326
12948,0.243548,0.255110,-32.710785,0.090367,51.251492,0.863362
12949,0.319709,0.349481,nan,0.090367,nan,1.028566
12950,0.261282,0.294509,-31.186932,0.090357,52.735222,0.901427
12951,0.633866,0.485635,nan,0.090357,nan,1.717150
12952,0.694145,0.405338,-31.582905,0.090346,50.342529,1.834009
12953,0.342393,0.539716,nan,0.090346,nan,1.105305
12954,0.331969,0.459046,-33.109241,0.090336,51.571709,1.078239
12955,0.519342,0.570805,nan,0.090336,nan,1.462662
12956,0.378051,0.326101,-31.621649,0.090325,50.579933,1.146303
12957,0.439625,0.509581,nan,0.090325,nan,1.318200
12958,0.346617,0.352136,-32.545387,0.090314,50.638325,1.103554
12959,0.474436,0.690114,nan,0.090314,nan,1.367607
12960,0.388765,0.425357,-31.972546,0.090304,50.529110,1.187742
12961,0.386444,0.423744,nan,0.090304,nan,1.206381
12962,0.346828,0.288947,-32.186283,0.090293,50.585014,1.105372
12963,0.395032,0.456158,nan,0.090293,nan,1.208168
12964,0.266334,0.316851,-31.777872,0.090282,50.057770,0.931162
12965,0.342394,0.362504,nan,0.090282,nan,1.090122
12966,0.275000,0.331211,-32.330933,0.090272,51.664047,0.933238
12967,0.404692,0.418662,nan,0.090272,nan,1.213653
12968,0.365330,0.284540,-30.344059,0.090261,49.522247,1.119874
12969,0.386620,0.419574,nan,0.090261,nan,1.168658
12970,0.580301,0.354783,-31.940605,0.090251,51.401711,1.594852
12971,0.229534,0.613965,nan,0.090251,nan,0.847715
12972,0.271348,0.384808,-32.137501,0.090240,51.611359,0.941366
12973,0.375749,0.336631,nan,0.090240,nan,1.179682
12974,0.357694,0.408489,-31.865913,0.090229,50.326237,1.159574
12975,0.296425,0.297465,nan,0.090229,nan,0.979990
12976,0.428116,0.374595,-32.522842,0.090219,52.143978,1.301132
12977,0.354079,0.592746,nan,0.090219,nan,1.074691
12978,0.290549,0.342911,-31.040398,0.090208,49.810104,0.928465
12979,0.335735,0.511914,nan,0.090208,nan,1.059886
12980,0.408095,0.550299,-32.373131,0.090198,50.660965,1.237632
12981,0.251750,0.424834,nan,0.090198,nan,0.853083
12982,0.235968,0.371451,-32.682800,0.090187,50.205082,0.795679
12983,0.396005,0.379883,nan,0.090187,nan,1.155196
12984,0.456016,0.396411,-31.330984,0.090177,52.575211,1.318274
12985,0.380442,0.344922,nan,0.090177,nan,1.168841
12986,0.241741,0.330889,-32.705643,0.090166,49.836910,0.838196
12987,0.394590,0.530716,nan,0.090166,nan,1.190606
12988,0.383533,0.488821,-30.690212,0.090155,49.892502,1.196278
12989,0.621634,0.768506,nan,0.090155,nan,1.721352
12990,0.391797,0.789961,-31.723991,0.090145,51.668163,1.253924
12991,0.273078,0.388500,nan,0.090145,nan,0.952255
12992,0.263466,0.416293,-32.729301,0.090134,52.034134,0.906233
12993,0.194423,0.391716,nan,0.090134,nan,0.730810
12994,0.227211,0.310836,-31.607059,0.090124,50.731598,0.808434
12995,0.301897,0.326768,nan,0.090124,nan,0.951591
12996,0.250316,0.284772,-31.642979,0.090113,51.753029,0.844929
12997,0.276082,0.361225,nan,0.090113,nan,0.966026
12998,0.337215,0.441036,-33.286560,0.090102,51.180218,1.093739
12999,0.472582,0.636265,nan,0.090102,nan,1.373227
13000,0.569142,0.725623,-32.908302,0.090092,51.282227,1.600008
13001,0.405205,0.473954,nan,0.090092,nan,1.250986
13002,0.282714,0.393246,-31.019146,0.090081,50.527557,0.997229
13003,0.367316,0.276504,nan,0.090081,nan,1.184179
13004,0.333416,0.303689,-32.271248,0.090071,51.490013,1.082932
13005,0.472980,0.518160,nan,0.090071,nan,1.388337
13006,0.441329,0.332405,-30.743322,0.090060,49.046913,1.313602
13007,0.348398,0.383094,nan,0.090060,nan,1.063511
13008,0.620850,0.374603,-31.941338,0.090050,50.422131,1.660770
13009,0.255020,0.404071,nan,0.090050,nan,0.864828
13010,0.259052,0.294517,-31.518562,0.090039,47.928535,0.887460
13011,0.242551,0.333923,nan,0.090039,nan,0.863519
13012,0.259700,0.290508,-30.945824,0.090029,49.908768,0.891356
13013,0.286170,0.365026,nan,0.090029,nan,0.960262
13014,0.273015,0.304254,-32.053337,0.090018,49.838570,0.904866
13015,0.374837,0.478871,nan,0.090018,nan,1.157517
13016,0.466574,0.457469,-32.218170,0.090008,51.351990,1.350655
13017,0.634302,0.473016,nan,0.090008,nan,1.721815
13018,0.430821,0.479764,-30.818558,0.089997,51.303913,1.257834
13019,0.404066,0.288735,nan,0.089997,nan,1.186004
13020,0.498032,0.475949,-31.534195,0.089987,50.620735,1.405240
13021,0.345269,0.419999,nan,0.089987,nan,1.103993
13022,0.335825,0.266820,-31.233097,0.089976,51.306160,1.112296
13023,0.311417,0.268245,nan,0.089976,nan,1.056047
13024,0.284295,0.266747,-31.348263,0.089966,50.833736,0.958516
13025,0.317643,0.336181,nan,0.089966,nan,1.021214
13026,0.260587,0.277766,-30.895458,0.089955,50.822788,0.884944
13027,0.338461,0.453123,nan,0.089955,nan,1.052894
13028,0.289735,0.402295,-31.759617,0.089945,52.263950,0.957218
13029,0.298413,0.469444,nan,0.089945,nan,0.989305
13030,0.300190,0.519071,-31.382244,0.089934,52.034828,0.997355
13031,0.291242,0.491511,nan,0.089934,nan,0.979136
13032,0.345670,0.613385,-30.897175,0.089924,51.327122,1.099105
13033,0.404110,0.484074,nan,0.089924,nan,1.188863
13034,0.408999,0.397398,-31.751350,0.089913,51.776833,1.207947
13035,0.446044,0.679222,nan,0.089913,nan,1.295010
13036,0.396069,0.689202,-30.616528,0.089903,49.921684,1.187720
13037,0.368668,0.549999,nan,0.089903,nan,1.160142
13038,0.301032,0.551206,-30.690681,0.089892,49.838463,1.014517
13039,0.266801,0.447055,nan,0.089892,nan,0.903073
13040,0.399403,0.430645,-31.691200,0.089882,52.278526,1.189601
13041,0.260498,0.458782,nan,0.089882,nan,0.886152
13042,0.295021,0.566094,-30.511181,0.089871,48.440701,1.014530
13043,0.337226,0.479654,nan,0.089871,nan,1.116502
13044,0.302428,0.517192,-31.360245,0.089861,49.040108,1.026275
13045,0.668595,0.573636,nan,0.089861,nan,1.761174
13046,0.534309,0.600657,-30.466990,0.089850,50.586273,1.456269
13047,0.408031,0.480930,nan,0.089850,nan,1.162412
13048,0.226572,0.378214,-30.561249,0.089840,50.603367,0.761584
13049,0.334544,0.649939,nan,0.089840,nan,1.081154
13050,0.291592,0.378027,-31.060341,0.089829,49.490761,0.996250
13051,0.339507,0.488877,nan,0.089829,nan,1.091841
13052,0.375255,0.547495,-31.418037,0.089819,52.038471,1.101510
13053,0.290707,0.353299,nan,0.089819,nan,0.936756
13054,0.262653,0.311974,-30.737938,0.089809,50.102985,0.879360
13055,0.397087,0.349056,nan,0.089809,nan,1.183930
13056,0.285629,0.566447,-31.568726,0.089798,53.296387,0.909365
13057,0.374805,0.449959,nan,0.089798,nan,1.163326
13058,0.519649,0.553289,-30.817078,0.089788,53.615555,1.493377
13059,0.426213,0.369006,nan,0.089788,nan,1.285536
13060,0.344466,0.337877,-31.335596,0.089777,52.694164,1.133013
13061,0.393063,0.304532,nan,0.089777,nan,1.226565
13062,0.424487,0.363315,-30.117500,0.089767,51.530251,1.242697
13063,0.415184,0.765229,nan,0.089767,nan,1.193112
13064,0.314218,0.526828,-31.004780,0.089756,52.313141,0.951879
13065,0.342879,0.596830,nan,0.089756,nan,0.980926
13066,0.484317,0.635907,-32.623268,0.089745,52.219551,1.367313
13067,0.534098,0.448558,nan,0.089745,nan,1.489067
13068,0.377011,0.505487,-30.745356,0.089735,53.131355,1.168063
13069,0.405640,0.452465,nan,0.089735,nan,1.246799
13070,0.445492,0.580977,-30.822826,0.089724,50.830952,1.360384
13071,0.288608,0.555270,nan,0.089724,nan,1.006497
13072,0.415702,0.747339,-30.680691,0.089714,52.221703,1.246400
13073,0.375898,0.563522,nan,0.089714,nan,1.142210
13074,0.339940,0.460567,-31.343149,0.089703,51.396019,1.010889
13075,0.322352,0.365607,nan,0.089703,nan,0.957078
13076,0.343173,0.328378,-31.863848,0.089692,50.324005,1.057439
13077,0.360491,0.642592,nan,0.089692,nan,1.136300
13078,0.363274,0.422435,-31.046818,0.089682,49.536907,1.145482
13079,0.440728,0.651357,nan,0.089682,nan,1.330132
13080,0.466441,0.488915,-31.818359,0.089671,50.501701,1.407106
13081,0.495326,0.610849,nan,0.089671,nan,1.436286
13082,0.333578,0.510149,-30.918541,0.089661,50.840694,1.049122
13083,0.412632,0.575119,nan,0.089661,nan,1.223316
13084,0.416710,0.607194,-31.484472,0.089650,51.965179,1.206349
13085,0.344407,0.441474,nan,0.089650,nan,1.049455
13086,0.442343,0.624529,-31.388031,0.089640,51.410591,1.273811
13087,0.455599,0.562917,nan,0.089640,nan,1.289088
13088,0.506664,0.719821,-30.449490,0.089629,51.466213,1.408094
13089,0.362194,0.493745,nan,0.089629,nan,1.117620
13090,0.254580,0.434566,-31.422693,0.089619,50.615044,0.869867
13091,0.451160,0.652018,nan,0.089619,nan,1.333127
13092,0.492582,0.575735,-30.528713,0.089608,50.610340,1.426852
13093,0.344389,0.460385,nan,0.089608,nan,1.096650
13094,0.452600,0.457294,-31.558733,0.089598,52.128288,1.320575
13095,0.427813,0.600707,nan,0.089598,nan,1.263991
13096,0.384815,0.434205,-30.128199,0.089588,49.019478,1.146554
13097,0.334345,0.456267,nan,0.089588,nan,1.020997
13098,0.521128,0.501739,-31.707462,0.089577,50.861961,1.433735
13099,0.450240,0.566791,nan,0.089577,nan,1.317715
13100,0.335368,0.421349,-31.511168,0.089567,51.948807,1.088494
13101,0.409386,0.433674,nan,0.089567,nan,1.244681
13102,0.315848,0.351798,-31.287355,0.089556,50.733032,1.009548
13103,0.373769,0.419586,nan,0.089556,nan,1.082767
13104,0.397920,0.356530,-31.185009,0.089546,52.125507,1.154669
13105,0.299645,0.308259,nan,0.089546,nan,0.924744
13106,0.382573,0.407165,-31.996298,0.089535,51.083679,1.113400
13107,0.545446,0.568089,nan,0.089535,nan,1.529889
13108,0.580416,0.425764,-30.354336,0.089525,51.496220,1.590101
13109,0.538198,0.548333,nan,0.089525,nan,1.530447
13110,0.397239,0.304762,-31.285603,0.089514,51.076721,1.237437
13111,0.389069,0.616010,nan,0.089514,nan,1.198036
13112,0.385490,0.441319,-32.319332,0.089504,53.117348,1.164834
13113,0.447810,0.409198,nan,0.089504,nan,1.278930
13114,0.313665,0.286774,-30.565357,0.089493,50.281124,0.971504
13115,0.328255,0.337362,nan,0.089493,nan,1.004393
13116,0.422049,0.417571,-32.081139,0.089483,51.776321,1.208836
13117,0.595072,0.645418,nan,0.089483,nan,1.578467
13118,0.466872,0.593288,-29.984001,0.089473,51.112053,1.338208
13119,0.811898,0.437727,nan,0.089473,nan,2.092345
13120,0.399259,0.601288,-31.214211,0.089462,51.759571,1.239637
13121,0.393722,0.435595,nan,0.089462,nan,1.198226
13122,0.394880,0.475231,-31.510670,0.089451,54.888851,1.195032
13123,0.364523,0.545612,nan,0.089451,nan,1.088570
13124,0.430624,0.571769,-30.947002,0.089441,53.369080,1.234802
13125,0.384377,0.450107,nan,0.089441,nan,1.153828
13126,0.393614,0.517817,-31.243919,0.089430,53.239521,1.165289
13127,0.348581,0.489821,nan,0.089430,nan,1.095079
13128,0.400498,0.447959,-31.500092,0.089420,51.346008,1.190607
13129,0.334527,0.455110,nan,0.089420,nan,1.068252
13130,0.368697,0.485460,-30.780710,0.089409,52.857063,1.152051
13131,0.435847,0.473754,nan,0.089409,nan,1.306062
13132,0.423968,0.553015,-31.062401,0.089399,51.171387,1.267809
13133,0.407491,0.533500,nan,0.089399,nan,1.192477
13134,0.459049,0.489540,-31.337427,0.089388,52.234089,1.319472
13135,0.306721,0.324064,nan,0.089388,nan,0.964714
13136,0.333851,0.373149,-31.226849,0.089378,52.584862,0.987765
13137,0.384492,0.402792,nan,0.089378,nan,1.155916
13138,0.446079,0.505700,-32.042988,0.089367,50.875771,1.321424
13139,0.404637,0.497310,nan,0.089367,nan,1.225756
13140,0.434847,0.519843,-31.276390,0.089356,53.249599,1.288734
13141,0.548404,0.454173,nan,0.089356,nan,1.548692
13142,0.334419,0.369407,-32.051712,0.089346,52.841370,1.072494
13143,0.451516,0.476230,nan,0.089346,nan,1.334782
13144,0.548736,0.424746,-30.215492,0.089335,52.037430,1.545432
13145,0.484773,0.414844,nan,0.089335,nan,1.333008
13146,0.475024,0.395621,-31.268089,0.089325,51.668518,1.332596
13147,0.443386,0.559212,nan,0.089325,nan,1.313203
13148,0.357955,0.457688,-30.336552,0.089314,51.145027,1.141019
13149,0.448985,0.375409,nan,0.089314,nan,1.359071
13150,0.363377,0.351243,-31.056993,0.089304,52.365417,1.172944
13151,0.421249,0.545342,nan,0.089304,nan,1.277007
13152,0.457182,0.610844,-32.146576,0.089293,52.082481,1.334557
13153,0.519546,0.537248,nan,0.089293,nan,1.465044
13154,0.392175,0.499575,-31.276203,0.089283,52.342690,1.176979
13155,0.373410,0.486311,nan,0.089283,nan,1.099375
13156,0.385162,0.572556,-31.392517,0.089272,52.410927,1.179724
13157,0.435417,0.516898,nan,0.089272,nan,1.265072
13158,0.464729,0.587178,-31.969864,0.089261,53.831455,1.341326
13159,0.341305,0.593364,nan,0.089261,nan,1.071478
13160,0.437038,0.562511,-31.135838,0.089251,52.689095,1.277813
13161,0.361723,0.355376,nan,0.089251,nan,1.135310
13162,0.373440,0.546537,-31.078415,0.089240,53.220673,1.167230
13163,0.348875,0.462944,nan,0.089240,nan,1.107383
13164,0.375911,0.550727,-31.551273,0.089230,53.561935,1.135808
13165,0.436969,0.543503,nan,0.089230,nan,1.265568
13166,0.527983,0.572758,-30.670034,0.089219,50.169178,1.451383
13167,0.450631,0.572482,nan,0.089219,nan,1.258702
13168,0.424611,0.411350,-31.541388,0.089209,52.752876,1.217524
13169,0.465958,0.533346,nan,0.089209,nan,1.348505
13170,0.515496,0.461483,-31.118118,0.089198,50.751808,1.473328
13171,0.436215,0.480842,nan,0.089198,nan,1.310200
13172,0.335497,0.336504,-30.763565,0.089188,51.178585,1.088897
13173,0.388558,0.408447,nan,0.089188,nan,1.200025
13174,0.296862,0.373796,-30.310345,0.089177,53.505699,0.983670
13175,0.527233,0.683597,nan,0.089177,nan,1.478858
13176,0.378164,0.543520,-30.654980,0.089167,50.372002,1.149097
13177,0.244371,0.282380,nan,0.089167,nan,0.827529
13178,0.541005,0.799704,-30.260099,0.089156,51.229019,1.493478
13179,0.333162,0.320836,nan,0.089156,nan,1.059032
13180,0.229971,0.352621,-32.469822,0.089145,56.023357,0.839708
13181,0.547167,0.548904,nan,0.089145,nan,1.544345
13182,0.666833,0.431173,-29.903526,0.089135,50.348541,1.779732
13183,0.493578,0.538433,nan,0.089135,nan,1.430664
13184,0.459969,0.420582,-31.718903,0.089124,53.382111,1.359306
13185,0.503772,0.537412,nan,0.089124,nan,1.463154
13186,0.397329,0.440243,-30.922617,0.089114,51.543198,1.252510
13187,0.457309,0.551365,nan,0.089114,nan,1.320997
13188,0.378081,0.469955,-30.946791,0.089103,51.689468,1.123956
13189,0.486259,0.552448,nan,0.089103,nan,1.328811
13190,0.505861,0.612204,-30.899584,0.089093,52.006798,1.355971
13191,0.401895,0.441734,nan,0.089093,nan,1.110410
13192,0.392802,0.488649,-31.310989,0.089082,52.053013,1.153677
13193,0.443873,0.548692,nan,0.089082,nan,1.323249
13194,0.416705,0.529378,-31.283957,0.089072,52.062309,1.300503
13195,0.454351,0.540979,nan,0.089072,nan,1.369108
13196,0.434463,0.429535,-31.220375,0.089061,52.641563,1.355697
13197,0.384426,0.500677,nan,0.089061,nan,1.160637
13198,0.407181,0.538093,-31.449404,0.089051,52.687752,1.166952
13199,0.410842,0.651882,nan,0.089051,nan,1.163600
13200,0.330636,0.470645,-31.093019,0.089040,54.174946,0.988754
13201,0.322185,0.375336,nan,0.089040,nan,0.998890
13202,0.361737,0.545691,-30.125278,0.089030,52.356239,1.132193
13203,0.406484,0.505543,nan,0.089030,nan,1.197714
13204,0.289907,0.346075,-31.062000,0.089019,51.764259,0.966321
13205,0.415272,0.614332,nan,0.089019,nan,1.263697
13206,0.337252,0.511472,-30.790001,0.089009,52.317764,1.059572
13207,0.321885,0.413169,nan,0.089009,nan,1.038733
13208,0.303548,0.415945,-30.604477,0.088998,51.314842,0.999892
13209,0.381671,0.498000,nan,0.088998,nan,1.203900
13210,0.439671,0.517569,-31.328621,0.088988,50.090034,1.298337
13211,0.439186,0.421429,nan,0.088988,nan,1.321677
13212,0.405596,0.467539,-31.542213,0.088978,52.553429,1.235910
13213,0.369431,0.479542,nan,0.088978,nan,1.124945
13214,0.408629,0.482314,-30.553432,0.088967,50.965088,1.221689
13215,0.296220,0.341230,nan,0.088967,nan,0.943164
13216,0.382376,0.449903,-30.898464,0.088957,50.761795,1.159249
13217,0.379020,0.361528,nan,0.088957,nan,1.184150
13218,0.460961,0.442925,-30.227131,0.088946,51.919327,1.384199
13219,0.501772,0.332285,nan,0.088946,nan,1.466840
13220,0.421910,0.364447,-30.195179,0.088936,50.579700,1.257611
13221,0.511282,0.358216,nan,0.088936,nan,1.445346
13222,0.333592,0.296632,-30.584114,0.088926,51.352165,1.067869
13223,0.369067,0.375342,nan,0.088926,nan,1.150221
13224,0.433533,0.360019,-29.944847,0.088915,53.877571,1.281869
13225,0.437179,0.383823,nan,0.088915,nan,1.246301
13226,0.416487,0.406158,-31.128290,0.088905,52.679550,1.201730
13227,0.288658,0.391833,nan,0.088905,nan,0.956359
13228,0.361868,0.317557,-30.175510,0.088894,53.970451,1.113438
13229,0.484260,0.368118,nan,0.088894,nan,1.399980
13230,0.426903,0.403758,-31.538212,0.088884,51.630302,1.276262
13231,0.497054,0.504454,nan,0.088884,nan,1.451574
13232,0.385922,0.455553,-31.902496,0.088873,53.149933,1.222574
13233,0.330022,0.393472,nan,0.088873,nan,1.093737
13234,0.294402,0.290704,-30.817215,0.088863,53.265747,1.009655
13235,0.333548,0.387773,nan,0.088863,nan,1.095181
13236,0.316838,0.322861,-29.868948,0.088853,52.485813,1.037651
13237,0.389535,0.518610,nan,0.088853,nan,1.183163
13238,0.273473,0.277991,-31.376202,0.088842,53.276360,0.920303
13239,0.480833,0.717774,nan,0.088842,nan,1.417930
13240,0.340933,0.567358,-30.870232,0.088832,52.456940,1.107931
13241,0.270468,0.496907,nan,0.088832,nan,0.941130
13242,0.423555,0.569567,-30.321228,0.088821,52.267521,1.278666
13243,0.547039,0.679063,nan,0.088821,nan,1.524441
13244,0.439818,0.788410,-31.545998,0.088811,53.645630,1.319405
13245,0.583754,0.595523,nan,0.088811,nan,1.622135
13246,0.468201,0.526855,-30.622978,0.088800,53.327782,1.346884
13247,0.409904,0.583441,nan,0.088800,nan,1.214519
13248,0.326729,0.431543,-29.590326,0.088790,52.947159,1.074463
13249,0.519772,0.766742,nan,0.088790,nan,1.445404
13250,0.333659,0.498418,-30.984320,0.088779,53.127998,1.059785
13251,0.330320,0.459086,nan,0.088779,nan,1.075860
13252,0.412054,0.560667,-30.671513,0.088769,54.878876,1.252913
13253,0.434318,0.598655,nan,0.088769,nan,1.322674
13254,0.319806,0.324914,-29.764809,0.088758,53.269073,1.120343
13255,0.330122,0.490903,nan,0.088758,nan,1.099481
13256,0.280338,0.508764,-31.997707,0.088748,50.985695,0.971130
13257,0.478506,0.598932,nan,0.088748,nan,1.395775
13258,0.463973,0.726505,-30.322393,0.088737,52.081539,1.395657
13259,0.645494,0.686912,nan,0.088737,nan,1.741347
13260,0.593551,0.652835,-31.133717,0.088727,51.602623,1.651884
13261,0.481284,0.542286,nan,0.088727,nan,1.417159
13262,0.460940,0.593660,-30.664602,0.088716,50.769608,1.377920
13263,0.376713,0.493093,nan,0.088716,nan,1.165838
13264,0.486534,0.644090,-30.195797,0.088706,52.080414,1.415949
13265,0.418362,0.390990,nan,0.088706,nan,1.277924
13266,0.492303,0.602368,-30.597893,0.088695,50.283894,1.417499
13267,0.423437,0.514426,nan,0.088695,nan,1.266683
13268,0.320984,0.454934,-30.633461,0.088685,51.098305,1.048741
13269,0.364741,0.407009,nan,0.088685,nan,1.152026
13270,0.424944,0.833100,-29.132339,0.088675,51.263176,1.275772
13271,0.466774,0.815269,nan,0.088675,nan,1.382176
13272,0.373159,0.420955,-32.187294,0.088664,53.989914,1.168035
13273,0.672521,0.741435,nan,0.088664,nan,1.844097
13274,0.525266,0.595079,-31.364168,0.088654,52.010406,1.519283
13275,0.400509,0.448784,nan,0.088654,nan,1.238603
13276,0.367824,0.334355,-29.979202,0.088644,50.432381,1.194118
13277,0.412293,0.345615,nan,0.088644,nan,1.314722
13278,0.382509,0.383926,-31.744352,0.088633,54.567871,1.227824
13279,0.512920,0.594254,nan,0.088633,nan,1.514139
13280,0.400498,0.600078,-30.058653,0.088623,48.283875,1.266980
13281,2.866176,2.972197,nan,0.088623,nan,6.167680
13282,0.341297,0.790584,-28.682976,0.088613,50.399841,1.082312
13283,1.197001,1.503796,nan,0.088613,nan,2.753649
13284,0.406313,0.418421,-30.963146,0.088602,52.445351,1.192543
13285,1.263815,1.366417,nan,0.088602,nan,2.934521
13286,2.116726,2.116615,-29.967525,0.088592,53.029068,4.643767
13287,0.274838,0.318129,nan,0.088592,nan,0.921458
13288,2.148063,2.174490,-30.457127,0.088582,53.208836,4.716152
13289,0.430396,0.566339,nan,0.088582,nan,1.285673
13290,0.419377,0.491774,-31.163061,0.088571,52.068672,1.280361
13291,0.451436,0.350947,nan,0.088571,nan,1.371744
13292,0.411451,0.432344,-30.749527,0.088561,51.908531,1.271167
13293,0.383810,0.390646,nan,0.088561,nan,1.164910
13294,0.568140,0.494960,-30.645977,0.088551,52.170330,1.587837
13295,1.280892,1.238339,nan,0.088551,nan,2.980489
13296,0.312773,0.428670,-31.277615,0.088541,54.306557,1.051178
13297,0.482757,0.520612,nan,0.088541,nan,1.446686
13298,0.502802,0.481089,-31.210205,0.088530,51.691971,1.478315
13299,0.430401,0.340573,nan,0.088530,nan,1.339136
13300,0.476822,0.461611,-30.535845,0.088520,52.143810,1.440381
13301,1.288071,1.140989,nan,0.088520,nan,3.020275
13302,1.384383,1.324024,-31.172693,0.088510,52.391045,3.203895
13303,0.367400,0.410812,nan,0.088510,nan,1.100184
13304,0.571144,0.528950,-31.055115,0.088499,52.410774,1.553152
13305,0.338035,0.327209,nan,0.088499,nan,1.062600
13306,2.069020,2.002681,-29.726221,0.088489,53.660217,4.588758
13307,0.408180,0.618753,nan,0.088489,nan,1.280526
13308,1.219697,1.202412,-30.645119,0.088478,52.404045,2.916500
13309,1.288886,1.456764,nan,0.088478,nan,3.064248
13310,0.494232,0.615223,-30.886776,0.088468,52.824089,1.461132
13311,0.383807,0.444926,nan,0.088468,nan,1.228572
13312,0.335194,0.520615,-30.275309,0.088458,52.706703,1.065510
13313,1.211985,1.374671,nan,0.088458,nan,2.770430
13314,0.352608,0.456402,-31.272970,0.088447,52.006279,1.077259
13315,0.573001,0.587656,nan,0.088447,nan,1.598812
13316,2.107179,2.276080,-30.341541,0.088437,53.007015,4.646336
13317,1.241109,1.294877,nan,0.088437,nan,2.949147
13318,1.969741,2.114591,-30.605249,0.088427,50.002975,4.367676
13319,2.159904,2.224770,nan,0.088427,nan,4.789934
13320,0.409697,0.493404,-30.323017,0.088416,50.999832,1.222056
13321,0.561261,0.463520,nan,0.088416,nan,1.535413
13322,0.484472,0.594993,-30.980240,0.088406,51.675236,1.375203
13323,0.489204,0.509158,nan,0.088406,nan,1.406923
13324,0.352671,0.416452,-29.959751,0.088396,53.590816,1.092625
13325,1.364896,1.260833,nan,0.088396,nan,3.148305
13326,3.148044,3.106635,-30.355284,0.088386,52.272308,6.716872
13327,0.569134,0.599655,nan,0.088386,nan,1.540759
13328,1.304922,1.362664,-31.663246,0.088375,53.858276,3.066796
13329,3.007464,3.104965,nan,0.088375,nan,6.468836
13330,0.461208,0.607018,-29.882545,0.088365,52.804852,1.384450
13331,0.550667,0.478228,nan,0.088365,nan,1.588906
13332,0.853246,0.440089,-30.650255,0.088355,52.276127,2.305745
13333,1.206370,1.166141,nan,0.088355,nan,2.885766
13334,0.340429,0.382214,-30.547096,0.088344,54.111679,1.141240
13335,1.301566,1.347125,nan,0.088344,nan,2.998302
13336,0.321148,0.420650,-31.053200,0.088334,52.417145,0.988346
13337,1.289242,1.289429,nan,0.088334,nan,3.005109
13338,2.130506,2.141567,-30.734184,0.088324,53.929886,4.690638
13339,0.545322,0.546276,nan,0.088324,nan,1.524287
13340,1.173673,1.233948,-31.338261,0.088313,53.026173,2.757967
13341,0.410540,0.523993,nan,0.088313,nan,1.262931
13342,2.209946,1.989051,-29.070679,0.088303,52.521667,4.862607
13343,0.397708,0.780856,nan,0.088303,nan,1.204925
13344,1.215246,1.329787,-30.454479,0.088293,53.679958,2.856014
13345,2.023899,1.867524,nan,0.088293,nan,4.486589
13346,0.438377,0.478631,-31.380150,0.088282,53.257717,1.310498
13347,1.177626,1.216549,nan,0.088282,nan,2.824403
13348,0.394558,0.460432,-30.798466,0.088272,53.085976,1.255093
13349,1.122076,1.101025,nan,0.088272,nan,2.646427
13350,0.542868,0.637280,-30.680412,0.088261,52.066910,1.523430
13351,0.450707,0.599402,nan,0.088261,nan,1.332135
13352,0.336100,0.491300,-30.658665,0.088251,52.717495,1.069237
13353,0.392175,0.489894,nan,0.088251,nan,1.179948
13354,1.964902,2.680255,-28.782938,0.088241,51.534592,4.350963
13355,1.189189,1.687391,nan,0.088241,nan,2.826583
13356,0.514838,0.750471,-30.642273,0.088230,51.351894,1.506452
13357,1.234648,1.375600,nan,0.088230,nan,2.954560
13358,1.278199,1.430892,-30.922691,0.088220,52.996609,3.023523
13359,0.503390,0.609133,nan,0.088220,nan,1.467334
13360,1.101655,1.191479,-29.197990,0.088210,53.141579,2.602704
13361,1.529763,1.393457,nan,0.088210,nan,3.529115
13362,2.271552,2.242436,-30.573521,0.088200,52.194359,4.995999
13363,0.391371,0.586723,nan,0.088200,nan,1.172497
13364,2.996935,3.085474,-30.334583,0.088189,50.154579,6.456635
13365,4.719963,4.739860,nan,0.088189,nan,9.914803
13366,1.202587,1.284140,-29.236462,0.088179,53.129929,2.847679
13367,2.313010,1.829894,nan,0.088179,nan,5.103180
13368,0.962250,0.524901,-29.922867,0.088169,52.247543,2.424118
13369,1.448488,1.401464,nan,0.088169,nan,3.323934
13370,2.225719,19.275589,-6.585327,0.088158,52.695549,4.874187
13371,0.775146,0.487892,nan,0.088158,nan,2.048376
13372,3.001518,3.104447,-29.100534,0.088148,50.720467,6.485629
13373,3.166009,2.912747,nan,0.088148,nan,6.861465
13374,3.002365,3.049080,-29.919630,0.088138,54.728584,6.491749
13375,1.240819,1.415517,nan,0.088138,nan,2.959496
13376,1.193771,1.420935,-31.315304,0.088128,54.129185,2.823956
13377,1.718352,1.674112,nan,0.088128,nan,3.915917
13378,1.300331,1.396317,-31.263348,0.088117,52.138969,3.009507
13379,3.029643,3.180379,nan,0.088117,nan,6.479895
13380,0.554569,0.699962,-30.855762,0.088107,52.049095,1.531937
13381,3.501461,3.190734,nan,0.088107,nan,7.406727
13382,0.358355,0.448140,-30.669186,0.088097,53.319443,1.087341
13383,2.123324,2.154350,nan,0.088097,nan,4.646776
13384,3.639514,3.771527,-29.529282,0.088087,52.045834,7.654907
13385,1.664611,1.602838,nan,0.088087,nan,3.720581
13386,3.240940,26.383265,140.551300,0.088076,51.247833,6.904345
13387,1.397596,7.688106,nan,0.088076,nan,3.241734
13388,0.632052,0.842073,-29.958975,0.088066,53.169968,1.731974
13389,1.822018,1.835965,nan,0.088066,nan,4.109002
13390,0.444761,0.613533,-29.729343,0.088056,52.300041,1.349715
13391,2.126594,1.676787,nan,0.088056,nan,4.714393
13392,0.515600,0.693752,-30.770617,0.088046,52.113483,1.506732
13393,2.800590,2.558434,nan,0.088046,nan,6.066655
13394,2.014510,2.262339,-29.995045,0.088035,50.333908,4.465675
13395,2.090043,2.173367,nan,0.088035,nan,4.619155
13396,1.269522,1.618789,-28.716970,0.088025,54.042503,2.964536
13397,1.243272,1.556428,nan,0.088025,nan,2.933106
13398,3.261723,2.612843,-27.990843,0.088015,54.248825,6.961436
13399,0.767248,0.726085,nan,0.088015,nan,1.951057
13400,1.289580,1.503582,-29.928341,0.088005,52.469788,3.018278
13401,0.492927,0.629754,nan,0.088005,nan,1.433738
13402,1.226318,1.687889,-29.381149,0.087994,53.844093,2.932453
13403,0.543566,0.555212,nan,0.087994,nan,1.510285
13404,2.915788,2.599869,-28.500353,0.087984,52.033962,6.290978
13405,1.093255,1.269107,nan,0.087984,nan,2.626735
13406,2.584955,2.332652,-29.066919,0.087974,53.997055,5.622702
13407,1.628639,1.382168,nan,0.087974,nan,3.690886
13408,0.352240,0.488754,-29.920528,0.087964,53.643230,1.110085
13409,2.664927,2.162843,nan,0.087964,nan,5.811811
13410,1.243913,1.174068,-28.625347,0.087953,51.952465,2.910362
13411,1.336905,0.786757,nan,0.087953,nan,3.097405
13412,0.883611,0.854144,-28.904934,0.087943,50.888000,2.211335
13413,2.762781,1.311977,nan,0.087943,nan,6.018186
13414,1.158526,0.895085,-26.460003,0.087933,51.780994,2.769937
13415,2.561213,1.935700,nan,0.087933,nan,5.637351
13416,0.822200,0.683454,-29.052673,0.087923,51.982445,2.103242
13417,1.933512,1.211952,nan,0.087923,nan,4.371785
13418,2.720324,1.008219,-25.812725,0.087912,51.966904,5.947223
13419,1.879549,1.323262,nan,0.087912,nan,4.232265
13420,1.266175,1.178078,-28.853928,0.087902,54.053520,3.035422
13421,0.355805,0.673440,nan,0.087902,nan,1.138067
13422,2.033477,1.796420,-29.022926,0.087892,52.602638,4.547522
13423,2.702840,2.288885,nan,0.087892,nan,5.883777
13424,1.331590,1.280678,-29.100292,0.087882,52.828964,3.122598
13425,5.731467,2.734310,nan,0.087882,nan,11.927690
13426,3.287766,2.047513,-24.777477,0.087872,55.001526,7.026302
13427,2.169081,0.940331,nan,0.087872,nan,4.743178
13428,2.011348,1.594064,-27.175074,0.087861,54.885956,4.544268
13429,3.641935,2.043913,nan,0.087861,nan,7.782193
13430,3.204199,1.838352,-25.286110,0.087851,55.409332,6.907849
13431,1.279522,0.954628,nan,0.087851,nan,3.001780
13432,1.151322,0.740243,-28.620949,0.087841,50.786087,2.737831
13433,1.488387,0.745946,nan,0.087841,nan,3.417147
13434,2.621474,0.801009,-24.019299,0.087830,51.056168,5.722970
13435,3.081613,1.151349,nan,0.087830,nan,6.690858
13436,1.455228,0.631216,-27.047005,0.087820,52.220905,3.362443
13437,1.772388,0.999098,nan,0.087820,nan,4.045644
13438,1.306089,0.569954,-26.916058,0.087810,53.590855,3.032179
13439,0.810285,0.648412,nan,0.087810,nan,2.072783
13440,2.559331,1.154220,-26.095814,0.087800,51.851562,5.633389
13441,0.449701,0.843624,nan,0.087800,nan,1.323372
13442,2.642613,1.310643,-24.076790,0.087790,50.927032,5.757343
13443,0.752590,0.481753,nan,0.087790,nan,2.002604
13444,2.504325,0.975365,-23.605495,0.087779,54.067310,5.515229
13445,1.805218,0.978238,nan,0.087779,nan,4.090460
13446,1.844198,0.953467,-27.113152,0.087769,53.030281,4.110823
13447,0.463976,0.663896,nan,0.087769,nan,1.340237
13448,1.517888,0.847661,-27.408333,0.087759,53.948502,3.475624
13449,0.683945,0.651554,nan,0.087759,nan,1.793296
13450,0.891895,0.676039,-29.099632,0.087749,54.847168,2.212594
13451,1.081331,0.893197,nan,0.087749,nan,2.615555
13452,1.148774,1.078313,-28.883923,0.087738,53.969505,2.737920
13453,1.166460,1.130318,nan,0.087738,nan,2.779501
13454,1.981023,1.421146,-26.842321,0.087728,52.234550,4.439282
13455,0.401146,0.707293,nan,0.087728,nan,1.232493
13456,0.957825,0.762781,-29.183529,0.087718,53.440380,2.386337
13457,1.977510,1.744301,nan,0.087718,nan,4.370418
13458,1.246487,1.405212,-29.237469,0.087708,54.398697,2.919284
13459,1.672748,1.108764,nan,0.087708,nan,3.804302
13460,0.645131,1.009028,-27.951876,0.087697,52.551888,1.727423
13461,0.763115,0.841193,nan,0.087697,nan,1.977019
13462,2.526065,2.347775,-27.870398,0.087687,53.855171,5.525222
13463,1.308905,1.004735,nan,0.087687,nan,3.108146
13464,2.250045,1.248576,-24.042019,0.087677,54.115799,5.007707
13465,0.887794,1.125625,nan,0.087677,nan,2.260059
13466,0.854314,0.776251,-27.738064,0.087667,54.770977,2.150331
13467,0.492114,0.582350,nan,0.087667,nan,1.432090
13468,2.068337,1.666605,-27.074234,0.087656,53.600151,4.586503
13469,0.999110,0.865983,nan,0.087656,nan,2.481580
13470,2.170367,1.326759,-24.140615,0.087646,52.355507,4.853008
13471,1.682032,1.292844,nan,0.087646,nan,3.865122
13472,1.415926,1.621873,-28.544687,0.087636,53.558796,3.282813
13473,0.748045,0.562567,nan,0.087636,nan,1.978511
13474,0.808863,0.664738,-27.595627,0.087625,56.360828,2.078515
13475,2.565653,1.657625,nan,0.087625,nan,5.665410
13476,1.902917,1.363861,-27.270844,0.087615,54.042038,4.311053
13477,0.499905,0.816971,nan,0.087615,nan,1.432915
13478,2.004638,1.418587,-27.254875,0.087605,55.433331,4.519426
13479,0.983727,0.666219,nan,0.087605,nan,2.475396
13480,1.467580,1.216270,-25.966154,0.087594,52.188469,3.428158
13481,1.391970,1.250046,nan,0.087594,nan,3.233675
13482,2.421557,2.047204,-25.961658,0.087584,52.176743,5.304054
13483,0.911759,0.974375,nan,0.087584,nan,2.256753
13484,1.077211,1.050467,-28.064541,0.087574,52.579323,2.576496
13485,1.371395,1.196490,nan,0.087574,nan,3.182133
13486,2.622116,1.969919,-24.136940,0.087564,52.761723,5.701763
13487,0.893612,1.266005,nan,0.087564,nan,2.237554
13488,1.319647,1.209205,-26.451714,0.087553,51.109764,3.139081
13489,1.386767,1.217367,nan,0.087553,nan,3.207770
13490,1.700935,1.057842,-27.314270,0.087543,51.910156,3.864347
13491,2.221060,2.071534,nan,0.087543,nan,4.914705
13492,0.820914,0.826757,-27.982412,0.087533,53.054985,2.122683
13493,1.484286,1.125342,nan,0.087533,nan,3.427599
13494,3.026858,2.280473,-25.632122,0.087523,53.244411,6.532006
13495,1.341063,1.049954,nan,0.087523,nan,3.085199
13496,1.274014,0.910342,-27.929224,0.087513,52.227859,2.983860
13497,0.654061,0.737172,nan,0.087513,nan,1.759513
13498,1.739316,1.490113,-26.206570,0.087502,52.193268,3.970365
13499,1.365890,1.492589,nan,0.087502,nan,3.229609
13500,3.109426,1.735903,-25.283764,0.087492,54.145782,6.732806
13501,1.382094,1.450149,nan,0.087492,nan,3.212796
13502,2.833563,1.801295,-26.739189,0.087482,53.042023,6.108974
13503,0.518876,0.773863,nan,0.087482,nan,1.501640
13504,1.385993,1.104994,-27.045135,0.087472,53.362614,3.183266
13505,0.921292,1.341013,nan,0.087472,nan,2.268232
13506,1.392637,0.925555,-27.236210,0.087462,52.221977,3.184880
13507,1.107117,1.125078,nan,0.087462,nan,2.639400
13508,0.926092,0.988281,-26.700775,0.087452,55.255573,2.271091
13509,1.852378,0.984320,nan,0.087452,nan,4.200122
13510,1.776492,1.062234,-27.208569,0.087441,53.080212,4.044852
13511,0.697936,0.669252,nan,0.087441,nan,1.864992
13512,0.674013,0.848432,-27.074753,0.087431,54.547310,1.798340
13513,0.836658,0.831528,nan,0.087431,nan,2.150607
13514,0.718816,0.646825,-28.479704,0.087421,53.790848,1.876360
13515,1.424083,1.181472,nan,0.087421,nan,3.282335
13516,1.532276,0.926525,-27.453152,0.087411,52.267128,3.497211
13517,0.918424,1.015783,nan,0.087411,nan,2.274929
13518,0.961643,0.862451,-27.017941,0.087401,52.111488,2.349940
13519,0.903756,0.566098,nan,0.087401,nan,2.308105
13520,1.648699,0.925722,-26.085022,0.087390,54.287666,3.770118
13521,3.401722,10.676224,nan,0.087390,nan,7.248314
13522,1.687497,1.070446,-26.787579,0.087380,54.564861,3.816649
13523,0.871813,0.697103,nan,0.087380,nan,2.173226
13524,0.650959,0.721055,-28.849176,0.087370,52.067215,1.735976
13525,2.076533,1.562286,nan,0.087370,nan,4.613653
13526,2.943874,2.526639,-26.315674,0.087360,54.741673,6.341400
13527,0.763668,0.895527,nan,0.087360,nan,1.963621
13528,0.841217,0.945158,-26.875969,0.087350,52.261326,2.194651
13529,1.342935,1.468533,nan,0.087350,nan,3.167662
13530,0.652747,0.674369,-29.219410,0.087340,56.191227,1.754741
13531,0.923591,0.925138,nan,0.087340,nan,2.321935
13532,1.145939,1.166986,-27.644754,0.087329,54.222458,2.749542
13533,1.311111,1.522665,nan,0.087329,nan,3.046211
13534,2.502992,2.046646,-25.249487,0.087319,54.170147,5.441988
13535,0.582178,0.958359,nan,0.087319,nan,1.591645
13536,1.695817,1.396145,-27.013355,0.087309,52.739079,3.829867
13537,2.044767,1.406931,nan,0.087309,nan,4.509098
13538,2.362380,2.146445,-26.512178,0.087299,52.490013,5.176826
13539,2.627848,1.760514,nan,0.087299,nan,5.710259
13540,1.484627,1.047385,-26.187643,0.087288,51.942612,3.408859
13541,2.130024,1.129235,nan,0.087288,nan,4.728415
13542,1.463481,1.152209,-28.704681,0.087278,54.552452,3.426106
13543,0.970847,0.807945,nan,0.087278,nan,2.421192
13544,1.865151,51.135483,64.929802,0.087268,54.308701,4.201062
13545,0.791064,0.975683,nan,0.087268,nan,2.033187
13546,0.899008,1.243525,-28.144382,0.087258,52.306480,2.286273
13547,2.317460,1.535443,nan,0.087258,nan,5.115023
13548,3.218892,1.755927,-25.388973,0.087248,53.800819,6.894699
13549,0.547449,0.697618,nan,0.087248,nan,1.543325
13550,2.157720,1.728391,-26.801176,0.087238,53.556015,4.772774
13551,1.204611,1.200574,nan,0.087238,nan,2.837133
13552,0.722441,0.733665,-28.617886,0.087227,52.484222,1.885296
13553,1.336614,1.070960,nan,0.087227,nan,3.091207
13554,0.782087,0.836603,-27.592211,0.087217,54.752777,1.976490
13555,1.429349,0.903843,nan,0.087217,nan,3.291277
13556,1.115046,1.101637,-29.615009,0.087207,55.225597,2.674329
13557,1.051361,0.844635,nan,0.087207,nan,2.592055
13558,3.262680,1.298439,-24.257034,0.087197,51.616203,7.006388
13559,1.420213,0.954688,nan,0.087197,nan,3.312578
13560,2.270955,5.304164,-19.778021,0.087187,52.934067,5.018123
13561,1.763907,1.029059,nan,0.087187,nan,4.050857
13562,2.529802,2.650888,-22.967991,0.087177,52.381191,5.575157
13563,3.001648,1.889659,nan,0.087177,nan,6.507556
13564,0.744454,0.698986,-28.533714,0.087166,53.590179,1.931459
13565,2.129785,1.307095,nan,0.087166,nan,4.680506
13566,3.197703,2.120856,-26.847820,0.087156,51.425880,6.848300
13567,2.245142,1.582304,nan,0.087156,nan,4.943337
13568,3.224787,1.486572,-23.820869,0.087146,54.564987,6.914892
13569,3.304308,1.901451,nan,0.087146,nan,7.082132
13570,1.884009,1.074134,-26.252129,0.087136,51.500038,4.200768
13571,0.943116,1.038952,nan,0.087136,nan,2.335744
13572,2.991750,1.322633,-24.970961,0.087126,53.493153,6.419424
13573,0.386354,0.589573,nan,0.087126,nan,1.206661
13574,2.787336,1.367019,-25.373796,0.087116,53.952614,6.029823
13575,1.541434,1.355401,nan,0.087116,nan,3.516176
13576,2.065507,1.719265,-24.393700,0.087106,52.800144,4.589727
13577,2.792445,1.402480,nan,0.087106,nan,6.059887
13578,1.546794,1.332107,-26.530077,0.087096,52.853981,3.534653
13579,1.434187,0.913758,nan,0.087096,nan,3.284815
13580,0.625980,0.934527,-29.774033,0.087086,54.259869,1.709983
13581,3.872240,2.180877,nan,0.087086,nan,8.189384
13582,1.964311,1.627810,-26.352310,0.087076,51.616425,4.356088
13583,2.525349,2.299131,nan,0.087076,nan,5.505748
13584,1.588191,1.441200,-26.106998,0.087066,52.054169,3.641695
13585,1.914792,2.424296,nan,0.087066,nan,4.297535
13586,3.938892,2.045094,-23.981808,0.087056,52.790348,8.355925
13587,3.845736,3.228537,nan,0.087056,nan,8.164927
13588,0.479541,0.505731,-28.968262,0.087046,54.093811,1.413780
13589,1.778324,1.113482,nan,0.087046,nan,4.019363
13590,1.427403,0.712653,-26.507153,0.087036,54.164032,3.319278
13591,1.474507,1.234287,nan,0.087036,nan,3.403022
13592,3.741225,1.647342,-23.633602,0.087025,54.546959,7.952952
13593,3.608455,1.197412,nan,0.087025,nan,7.646702
13594,0.466684,0.608194,-28.883722,0.087015,52.349960,1.319943
13595,1.953560,1.199518,nan,0.087015,nan,4.322771
13596,1.448177,0.928540,-27.380585,0.087005,52.376793,3.326684
13597,2.190841,1.760714,nan,0.087005,nan,4.800411
13598,2.823362,1.469958,-24.339911,0.086995,53.416557,6.076577
13599,1.427417,0.553116,nan,0.086995,nan,3.324631
13600,2.361432,1.294693,-24.405342,0.086985,55.243080,5.193384
13601,3.513745,1.713907,nan,0.086985,nan,7.531590
13602,1.950093,1.447071,-27.663036,0.086975,54.935516,4.398171
13603,1.331594,1.116735,nan,0.086975,nan,3.141811
13604,3.613050,2.916323,-27.243973,0.086965,50.908096,7.706398
13605,0.920097,0.800290,nan,0.086965,nan,2.329135
13606,3.698872,2.753638,-23.853870,0.086955,54.092300,7.888839
13607,2.484157,1.122449,nan,0.086955,nan,5.489365
13608,3.103162,2.377222,-24.243494,0.086945,52.229073,6.698846
13609,2.328832,1.630427,nan,0.086945,nan,5.124285
13610,3.161631,1.882688,-23.937012,0.086935,55.852436,6.787056
13611,1.962943,1.374264,nan,0.086935,nan,4.402283
13612,3.463703,2.475180,-25.260132,0.086925,53.094124,7.377748
13613,2.135708,1.920066,nan,0.086925,nan,4.723005
13614,2.162668,1.551710,-25.825541,0.086915,52.627693,4.764108
13615,2.773182,1.477790,nan,0.086915,nan,6.011686
13616,2.744017,1.178656,-23.781219,0.086905,54.386372,5.941548
13617,1.925341,1.602826,nan,0.086905,nan,4.323761
13618,3.620830,2.250249,-23.369417,0.086895,49.894394,7.741890
13619,2.253439,1.486209,nan,0.086895,nan,4.974764
13620,1.225854,1.033244,-27.355419,0.086885,55.164303,2.937867
13621,1.381223,0.881975,nan,0.086885,nan,3.225064
13622,1.618366,1.452194,-27.933277,0.086875,52.441967,3.692162
13623,3.516137,2.824613,nan,0.086875,nan,7.522016
13624,1.757807,1.770742,-27.821009,0.086865,52.636322,3.986759
13625,2.215140,1.046493,nan,0.086865,nan,4.897202
13626,0.836383,0.854631,-28.030193,0.086855,52.323376,2.134794
13627,4.516994,2.239187,nan,0.086855,nan,9.525057
13628,1.182492,0.747315,-26.258160,0.086844,54.364746,2.828242
13629,1.702221,0.890943,nan,0.086844,nan,3.853608
13630,1.439634,0.747927,-27.197727,0.086834,52.925751,3.334608
13631,2.178994,0.813776,nan,0.086834,nan,4.790839
13632,1.776029,1.483774,-27.505920,0.086824,56.316479,4.000192
13633,1.994016,1.595124,nan,0.086824,nan,4.416291
13634,2.762911,1.349209,-24.048035,0.086814,54.629929,5.939901
13635,0.868792,0.851575,nan,0.086814,nan,2.194257
13636,0.827022,0.780250,-27.098541,0.086804,51.438984,2.073541
13637,3.133004,2.500033,nan,0.086804,nan,6.773577
13638,1.124254,0.947364,-26.221905,0.086794,55.522491,2.725201
13639,1.639378,0.788868,nan,0.086794,nan,3.785074
13640,2.048378,1.269687,-24.958382,0.086784,55.148506,4.588140
13641,2.177280,1.309957,nan,0.086784,nan,4.834885
13642,1.478453,0.778702,-25.800854,0.086774,52.052979,3.435252
13643,1.972853,0.879882,nan,0.086774,nan,4.397210
13644,2.145372,1.302067,-23.293755,0.086764,51.203537,4.729522
13645,1.202181,1.187307,nan,0.086764,nan,2.867546
13646,1.220104,0.784436,-26.918684,0.086754,53.946976,2.886151
13647,3.544972,1.905622,nan,0.086754,nan,7.562186
13648,0.689799,0.682909,-26.761408,0.086744,52.742981,1.825728
13649,0.403123,0.538073,nan,0.086744,nan,1.229203
13650,1.147670,1.049094,-28.457077,0.086734,53.977467,2.737957
13651,1.868638,0.696052,nan,0.086734,nan,4.198223
13652,1.701013,1.112421,-27.515984,0.086724,54.443230,3.867885
13653,2.189492,1.330361,nan,0.086724,nan,4.795638
13654,1.540289,1.057541,-24.667654,0.086714,53.690109,3.506128
13655,1.966967,0.888573,nan,0.086714,nan,4.357780
13656,0.933185,1.958540,-24.439575,0.086704,55.081524,2.272352
13657,1.271084,1.467575,nan,0.086704,nan,2.961998
13658,2.698078,1.483071,-24.235844,0.086694,56.157227,5.872106
13659,1.040981,1.046638,nan,0.086694,nan,2.560127
13660,0.777912,1.178952,-26.409710,0.086684,52.644810,1.991000
13661,1.551992,1.174890,nan,0.086684,nan,3.550647
13662,1.244127,1.052312,-26.641537,0.086674,54.211128,2.979135
13663,1.236523,1.393805,nan,0.086674,nan,2.932814
13664,1.204456,1.052493,-27.899809,0.086664,53.159325,2.873168
13665,2.720935,1.819631,nan,0.086664,nan,5.947956
13666,2.442050,1.694067,-22.710606,0.086654,54.129856,5.359657
13667,1.510317,2.483371,nan,0.086654,nan,3.489760
13668,0.816219,1.414288,-26.672977,0.086644,54.565434,2.115366
13669,2.160119,1.399083,nan,0.086644,nan,4.788574
13670,1.612633,1.326859,-27.989502,0.086633,55.014191,3.710382
13671,1.823498,0.996566,nan,0.086633,nan,4.109066
13672,1.268857,1.010072,-26.393084,0.086623,54.082520,2.999053
13673,1.606310,1.631696,nan,0.086623,nan,3.690270
13674,1.243085,0.916124,-25.797329,0.086613,53.661472,2.966264
13675,2.139346,1.502986,nan,0.086613,nan,4.755143
13676,1.197235,0.929311,-27.592134,0.086603,53.379578,2.862677
13677,1.636742,0.818970,nan,0.086603,nan,3.793867
13678,0.708127,0.801441,-27.532133,0.086593,52.190796,1.840279
13679,1.180783,0.754758,nan,0.086593,nan,2.789367
13680,0.965114,0.989759,-28.361992,0.086583,55.646980,2.388987
13681,0.902478,0.957807,nan,0.086583,nan,2.266644
13682,0.925231,0.916365,-29.084171,0.086573,53.822762,2.314892
13683,1.254517,1.156719,nan,0.086573,nan,2.966863
13684,0.957645,1.108567,-26.871887,0.086563,53.645920,2.352579
13685,0.999940,1.214649,nan,0.086563,nan,2.458701
13686,1.097999,1.091719,-27.516582,0.086553,54.867104,2.642513
13687,0.648426,1.015377,nan,0.086553,nan,1.755073
13688,0.865588,0.998155,-27.844452,0.086543,52.967667,2.198065
13689,1.055191,1.020171,nan,0.086543,nan,2.558482
13690,1.427438,0.991529,-26.675005,0.086533,54.515160,3.337627
13691,0.738434,0.936678,nan,0.086533,nan,1.936961
13692,0.852567,0.975872,-28.969456,0.086523,55.553143,2.143026
13693,1.336008,1.104333,nan,0.086523,nan,3.165019
13694,0.992862,1.098454,-27.280270,0.086513,54.237965,2.439336
13695,0.613520,1.014803,nan,0.086513,nan,1.626157
13696,0.886137,0.749161,-27.594124,0.086503,53.610176,2.192612
13697,0.726193,0.883685,nan,0.086503,nan,1.896205
13698,0.922254,1.337062,-28.158184,0.086493,54.548286,2.278977
13699,1.007917,1.146491,nan,0.086493,nan,2.495242
13700,0.744366,0.757192,-27.538349,0.086483,54.083397,1.934723
13701,1.111412,1.134049,nan,0.086483,nan,2.650946
13702,0.510902,0.858123,-26.357386,0.086473,51.493858,1.429411
13703,0.845271,0.933898,nan,0.086473,nan,2.127350
13704,0.735916,1.003991,-27.819275,0.086463,52.280975,1.873831
13705,0.726241,0.852879,nan,0.086463,nan,1.853644
13706,0.799031,1.033625,-28.954557,0.086453,54.726227,1.969246
13707,0.681728,0.907700,nan,0.086453,nan,1.840379
13708,0.704971,0.796325,-25.478930,0.086443,54.717693,1.855391
13709,1.492255,1.193726,nan,0.086443,nan,3.483721
13710,1.401430,0.906422,-26.757641,0.086433,53.983559,3.301343
13711,0.859557,0.998327,nan,0.086433,nan,2.155038
13712,0.763978,0.907520,-27.197262,0.086422,55.207054,1.950609
13713,0.870884,1.073290,nan,0.086422,nan,2.199944
13714,0.461437,0.750278,-28.107496,0.086412,52.775677,1.337028
13715,1.211101,1.746894,nan,0.086412,nan,2.874716
13716,0.927704,1.199597,-26.558826,0.086402,53.404331,2.283120
13717,0.600841,0.652229,nan,0.086402,nan,1.627711
13718,0.758420,0.943276,-27.194729,0.086392,56.849800,1.948710
13719,1.368621,1.292566,nan,0.086392,nan,3.187949
13720,0.953003,0.969219,-25.491245,0.086382,54.167572,2.359290
13721,0.691846,0.963065,nan,0.086382,nan,1.826189
13722,1.407683,1.217477,-26.761559,0.086372,54.167358,3.261222
13723,0.712997,1.073366,nan,0.086372,nan,1.882587
13724,0.922500,1.374453,-25.696571,0.086362,53.091587,2.300440
13725,0.759310,0.701697,nan,0.086362,nan,1.948158
13726,0.913077,0.745232,-27.721470,0.086352,57.014153,2.268839
13727,1.132186,1.086630,nan,0.086352,nan,2.764155
13728,0.519483,0.810623,-27.681707,0.086342,54.360031,1.480179
13729,0.429318,0.709668,nan,0.086342,nan,1.299718
13730,0.868272,0.802073,-27.271011,0.086332,53.257256,2.194948
13731,0.779809,0.787839,nan,0.086332,nan,1.992526
13732,0.708194,0.633377,-27.144108,0.086322,53.974106,1.847104
13733,0.834191,0.646601,nan,0.086322,nan,2.089092
13734,0.589258,0.621290,-28.450298,0.086312,54.991306,1.605003
13735,1.566840,0.923747,nan,0.086312,nan,3.569786
13736,0.941525,0.911319,-27.164961,0.086302,53.774666,2.308909
13737,1.059356,0.788648,nan,0.086302,nan,2.548535
13738,1.277694,0.975279,-25.042503,0.086292,54.216091,3.028130
13739,0.514969,0.614799,nan,0.086292,nan,1.476367
13740,1.147971,0.938547,-27.370300,0.086282,54.511902,2.759928
13741,1.059834,0.817352,nan,0.086282,nan,2.621392
13742,1.585960,1.023242,-26.685970,0.086272,54.684868,3.662268
13743,0.995260,0.767749,nan,0.086272,nan,2.419689
13744,0.963675,0.853787,-26.893448,0.086262,54.776787,2.368620
13745,1.292699,0.865158,nan,0.086262,nan,3.002085
13746,0.852240,0.878533,-26.657887,0.086252,55.012642,2.145477
13747,0.776888,0.883751,nan,0.086252,nan,1.991939
13748,0.753705,0.632831,-27.418518,0.086242,54.797523,1.972533
13749,0.572187,0.689626,nan,0.086242,nan,1.581823
13750,1.035321,1.011846,-28.111067,0.086232,55.280121,2.529555
13751,0.883893,0.866178,nan,0.086232,nan,2.215853
13752,1.087630,1.014401,-27.911335,0.086222,54.812817,2.625928
13753,0.876791,0.763263,nan,0.086222,nan,2.215154
13754,1.213237,1.048024,-26.329590,0.086212,54.866947,2.855176
13755,0.752561,0.558663,nan,0.086212,nan,1.932935
13756,0.520765,0.497223,-28.841822,0.086202,54.257568,1.497241
13757,1.233357,0.979255,nan,0.086202,nan,2.967794
13758,0.947353,0.939963,-27.212967,0.086192,53.898994,2.371343
13759,0.607951,0.807548,nan,0.086192,nan,1.701947
13760,0.837236,0.661277,-27.619232,0.086181,54.178482,2.130598
13761,0.854548,0.809668,nan,0.086181,nan,2.155493
13762,1.188314,1.071342,-26.226309,0.086172,51.709522,2.844969
13763,0.741088,0.860890,nan,0.086172,nan,1.882416
13764,0.470005,0.648873,-28.951794,0.086162,54.936951,1.332202
13765,1.195465,1.253930,nan,0.086162,nan,2.902672
13766,1.948278,1.095085,-25.433464,0.086151,55.470612,4.411713
13767,1.073099,0.873995,nan,0.086151,nan,2.672433
13768,0.840832,0.741835,-28.273479,0.086142,52.216545,2.187331
13769,1.259894,0.939297,nan,0.086142,nan,3.034836
13770,0.720352,0.880739,-27.653358,0.086132,55.157703,1.909299
13771,0.503291,0.640457,nan,0.086132,nan,1.436193
13772,1.312648,0.967434,-26.691143,0.086122,53.690292,3.090272
13773,0.774037,0.832016,nan,0.086122,nan,1.978696
13774,1.063736,0.907034,-27.250690,0.086112,54.795578,2.546881
13775,0.813884,0.842244,nan,0.086112,nan,2.042726
13776,0.931030,0.883455,-27.428665,0.086102,55.764893,2.280910
13777,0.798483,0.813984,nan,0.086102,nan,2.049401
13778,0.527033,0.598359,-27.757244,0.086092,54.538315,1.519130
13779,0.843288,1.027650,nan,0.086092,nan,2.150658
13780,0.748706,0.915918,-26.650539,0.086082,54.102058,1.958311
13781,0.551264,0.698403,nan,0.086082,nan,1.498605
13782,1.171520,1.421616,-27.713837,0.086072,54.458450,2.795093
13783,0.502498,0.623994,nan,0.086072,nan,1.439654
13784,0.743680,0.886635,-28.133852,0.086062,52.729816,1.915361
13785,0.566066,0.851436,nan,0.086062,nan,1.563249
13786,1.636605,1.322135,-25.292231,0.086052,56.890060,3.669595
13787,0.793961,1.399444,nan,0.086052,nan,2.027497
13788,1.136080,1.546938,-24.618942,0.086042,54.269279,2.682832
13789,0.667522,1.085061,nan,0.086042,nan,1.800648
13790,0.567178,0.781364,-27.330080,0.086032,55.299286,1.550455
13791,1.231152,2.140192,nan,0.086032,nan,2.911586
13792,0.617132,0.833286,-29.047394,0.086022,56.713196,1.674837
13793,1.246686,1.468634,nan,0.086022,nan,2.974057
13794,1.075744,1.099285,-26.865828,0.086012,55.994682,2.609508
13795,0.505265,0.587966,nan,0.086012,nan,1.455470
13796,0.456863,0.903726,-27.417381,0.086001,55.267620,1.352288
13797,1.220227,1.405336,nan,0.086001,nan,2.909948
13798,0.595793,0.868873,-26.624226,0.085991,53.607658,1.659207
13799,1.468550,1.129867,nan,0.085991,nan,3.356976
13800,0.787759,0.892106,-26.247160,0.085981,55.233421,2.016471
13801,1.215751,0.924313,nan,0.085981,nan,2.856852
13802,1.084888,0.903632,-26.236378,0.085971,55.395401,2.578616
13803,0.768243,0.888272,nan,0.085971,nan,1.944406
13804,1.257900,1.115294,-28.288776,0.085961,53.990364,2.981534
13805,0.854275,0.797199,nan,0.085961,nan,2.189991
13806,1.141943,0.963158,-26.589787,0.085951,53.921841,2.731335
13807,1.068062,0.990969,nan,0.085951,nan,2.589286
13808,0.840343,0.667304,-28.605999,0.085941,55.084610,2.162860
13809,1.128804,1.138651,nan,0.085941,nan,2.760495
13810,0.709068,0.723006,-28.141348,0.085931,57.866341,1.912822
13811,0.744568,1.135710,nan,0.085931,nan,1.974128
13812,0.867112,0.898484,-26.920509,0.085921,54.075928,2.188471
13813,0.665440,0.828560,nan,0.085921,nan,1.752901
13814,1.074154,1.104538,-26.899523,0.085911,56.199459,2.580694
13815,0.835436,0.971269,nan,0.085911,nan,2.102737
13816,0.749572,0.739763,-26.515934,0.085901,54.864544,1.898958
13817,0.673957,0.619371,nan,0.085901,nan,1.807992
13818,1.263744,1.235791,-22.833485,0.085891,53.124218,2.975963
13819,1.095689,1.197575,nan,0.085891,nan,2.657112
13820,1.590036,0.991341,-24.428135,0.085881,54.215332,3.646302
13821,0.998472,1.177348,nan,0.085881,nan,2.421932
13822,0.932986,0.797241,-26.443636,0.085871,53.678684,2.292792
13823,0.946471,0.827950,nan,0.085871,nan,2.326092
13824,0.709568,0.775879,-26.618271,0.085861,53.118484,1.862332
13825,0.865137,1.046586,nan,0.085861,nan,2.146262
13826,0.677485,0.859439,-26.621758,0.085851,54.089142,1.784754
13827,0.830074,0.673081,nan,0.085851,nan,2.137014
13828,0.675970,0.736392,-27.098700,0.085841,55.282158,1.771157
13829,0.507894,0.450598,nan,0.085841,nan,1.488909
13830,0.589511,0.625883,-25.501274,0.085831,54.542908,1.617273
13831,0.944184,0.941974,nan,0.085831,nan,2.318686
13832,0.543088,0.740685,-27.663309,0.085821,55.207905,1.493276
13833,0.964870,0.871423,nan,0.085821,nan,2.396569
13834,0.906623,0.717586,-26.621952,0.085811,53.840393,2.302796
13835,0.976471,0.851652,nan,0.085811,nan,2.427920
13836,0.723146,0.718400,-23.820423,0.085801,55.924656,1.897488
13837,0.269201,1.856890,nan,0.085801,nan,0.949116
13838,0.524527,0.458238,-26.848145,0.085791,55.656845,1.460344
13839,1.011062,0.887534,nan,0.085791,nan,2.461262
13840,0.687766,0.801016,-27.398182,0.085781,52.848747,1.813747
13841,0.638555,0.926565,nan,0.085781,nan,1.695927
13842,1.084648,1.024045,-25.321785,0.085772,57.274910,2.622734
13843,0.704738,0.907237,nan,0.085772,nan,1.845138
13844,0.742268,1.061331,-28.508383,0.085762,53.928009,1.908161
13845,1.400985,1.115376,nan,0.085762,nan,3.308033
13846,0.495021,0.495089,-27.983381,0.085752,55.686806,1.447708
13847,0.768522,0.665686,nan,0.085752,nan,1.990677
13848,0.608098,0.681638,-27.938168,0.085742,57.923100,1.659950
13849,0.741674,0.595286,nan,0.085742,nan,1.955533
13850,1.008498,0.827711,-26.253815,0.085732,54.265949,2.479640
13851,1.455207,1.311012,nan,0.085732,nan,3.364151
13852,0.939062,0.954883,-26.290966,0.085722,54.100292,2.317618
13853,0.562782,0.695299,nan,0.085722,nan,1.549158
13854,0.727154,0.783101,-26.821169,0.085712,54.580906,1.881604
13855,0.614109,0.860364,nan,0.085712,nan,1.642479
13856,0.774141,0.939077,-26.370434,0.085702,54.684494,2.003854
13857,0.497696,0.674469,nan,0.085702,nan,1.435782
13858,0.820382,0.808549,-24.128654,0.085692,53.930225,2.128594
13859,0.580778,0.820003,nan,0.085692,nan,1.599418
13860,0.719008,0.710296,-27.136513,0.085682,54.149460,1.868140
13861,1.028854,1.236040,nan,0.085682,nan,2.507644
13862,0.612177,0.864023,-26.617720,0.085672,54.740681,1.647272
13863,0.656584,0.720475,nan,0.085672,nan,1.761837
13864,0.716744,0.688935,-25.617634,0.085662,54.608849,1.916580
13865,0.589271,0.535137,nan,0.085662,nan,1.671233
13866,0.840899,0.859450,-26.409929,0.085652,55.630241,2.183988
13867,0.619002,0.834926,nan,0.085652,nan,1.708810
13868,0.606246,0.593959,-27.780319,0.085642,55.159088,1.667157
13869,0.553227,0.619171,nan,0.085642,nan,1.539259
13870,0.731369,0.690589,-26.627748,0.085632,53.942184,1.910067
13871,0.581578,0.716872,nan,0.085632,nan,1.596013
13872,0.643147,0.703771,-28.427040,0.085622,54.992371,1.736635
13873,0.801495,0.896213,nan,0.085622,nan,2.055982
13874,0.585724,0.750976,-25.885113,0.085612,53.888954,1.605481
13875,0.799572,1.042957,nan,0.085612,nan,2.031639
13876,0.817688,1.063943,-26.850471,0.085602,53.977844,2.071238
13877,2.094284,1.917880,nan,0.085602,nan,4.659541
13878,0.572262,0.722482,-26.004465,0.085592,53.765038,1.553298
13879,0.643785,0.792473,nan,0.085592,nan,1.707416
13880,0.738073,0.899782,-27.121593,0.085583,55.095039,1.915928
13881,1.254771,1.010281,nan,0.085583,nan,2.937369
13882,1.111297,0.888162,-26.649343,0.085573,54.946007,2.609765
13883,1.020273,1.129838,nan,0.085573,nan,2.455340
13884,1.331460,1.048910,-25.196138,0.085563,55.977531,3.081642
13885,1.398982,1.141540,nan,0.085563,nan,3.236606
13886,0.529092,0.560122,-28.199455,0.085553,56.580704,1.483862
13887,1.417363,1.148422,nan,0.085553,nan,3.238586
13888,0.724305,0.506225,-26.873152,0.085543,55.556206,1.829159
13889,1.649803,0.967299,nan,0.085543,nan,3.702035
13890,0.898234,0.882252,-27.058445,0.085533,55.902466,2.223862
13891,0.795334,0.790934,nan,0.085533,nan,2.013333
13892,0.967834,0.844546,-26.056145,0.085523,53.790329,2.380292
13893,0.796003,0.870201,nan,0.085523,nan,2.037173
13894,0.572814,0.725328,-25.793535,0.085513,55.668701,1.584436
13895,1.482927,0.985900,nan,0.085513,nan,3.430156
13896,0.682944,0.817038,-26.136292,0.085503,56.836258,1.795164
13897,0.482359,0.407991,nan,0.085503,nan,1.359854
13898,0.580333,0.686909,-26.032562,0.085493,56.405846,1.583549
13899,0.535353,0.805445,nan,0.085493,nan,1.472967
13900,0.526099,0.625484,-27.736967,0.085483,54.557255,1.492228
13901,0.680918,0.794214,nan,0.085483,nan,1.781893
13902,0.891371,0.693635,-27.977306,0.085473,53.465973,2.234526
13903,1.215754,0.760241,nan,0.085473,nan,2.871186
13904,1.368503,1.097459,-26.261345,0.085463,54.452820,3.188541
13905,1.582244,1.084587,nan,0.085463,nan,3.633695
13906,0.753252,0.845411,-25.225750,0.085453,55.022614,1.971388
13907,1.744903,0.978364,nan,0.085453,nan,3.926188
13908,0.756640,0.571532,-26.916962,0.085444,56.963242,1.975475
13909,0.972805,1.717344,nan,0.085444,nan,2.406071
13910,1.078119,0.761334,-25.294537,0.085434,55.567703,2.621067
13911,1.057709,0.913247,nan,0.085434,nan,2.569656
13912,1.150282,1.047216,-25.419922,0.085424,53.528049,2.800657
13913,1.603207,1.294391,nan,0.085424,nan,3.640474
13914,1.554468,1.091120,-24.258305,0.085414,54.330154,3.555261
13915,1.055294,0.941436,nan,0.085414,nan,2.548228
13916,0.921063,0.852238,-25.833929,0.085404,53.738091,2.246980
13917,1.096984,0.907591,nan,0.085404,nan,2.637875
13918,1.116518,1.194369,-26.731964,0.085394,54.265152,2.673618
13919,1.308164,1.190488,nan,0.085394,nan,3.081052
13920,0.777554,0.808324,-24.397535,0.085384,55.179863,1.974752
13921,0.780736,0.802933,nan,0.085384,nan,2.006814
13922,1.015730,0.836288,-24.889542,0.085374,54.516716,2.472732
13923,1.332320,1.114497,nan,0.085374,nan,3.091898
13924,0.596783,0.641188,-26.239635,0.085364,55.304756,1.579046
13925,0.392520,0.416753,nan,0.085364,nan,1.172561
13926,0.920672,0.858495,-26.530348,0.085355,56.256916,2.255982
13927,1.160020,0.641247,nan,0.085355,nan,2.750197
13928,0.892583,0.878457,-24.929684,0.085345,57.184650,2.231915
13929,0.823718,0.972251,nan,0.085345,nan,2.066561
13930,0.743827,0.865287,-25.963379,0.085335,55.384605,1.890802
13931,0.836146,0.586037,nan,0.085335,nan,2.128219
13932,0.573144,0.606932,-25.901512,0.085325,53.611488,1.555992
13933,0.744230,0.600846,nan,0.085325,nan,1.929345
13934,0.680833,0.600689,-27.428255,0.085315,54.301048,1.774151
13935,0.777737,0.604767,nan,0.085315,nan,1.973242
13936,0.679792,0.754377,-27.945284,0.085305,56.659836,1.769505
13937,0.792455,0.751672,nan,0.085305,nan,2.021415
13938,1.397300,1.621041,-24.124119,0.085295,54.839325,3.242822
13939,0.826473,1.023202,nan,0.085295,nan,2.051257
13940,0.480359,0.568724,-27.381533,0.085285,55.187088,1.365694
13941,0.670297,0.641230,nan,0.085285,nan,1.751177
13942,0.724633,1.430387,-25.415373,0.085275,54.036697,1.853207
13943,0.968756,0.751728,nan,0.085275,nan,2.349572
13944,0.878437,0.681843,-26.838205,0.085266,56.861820,2.182345
13945,0.564215,0.601253,nan,0.085266,nan,1.536978
13946,0.641596,0.638915,-26.289062,0.085256,54.619976,1.707486
13947,2.499256,1.049618,nan,0.085256,nan,5.436747
13948,1.287580,1.197710,-25.233202,0.085246,56.094177,2.991546
13949,1.214299,0.787425,nan,0.085246,nan,2.858790
13950,1.818100,1.082527,-24.399052,0.085236,55.282928,4.073718
13951,1.277884,1.197006,nan,0.085236,nan,2.990883
13952,1.068594,2.878365,-24.116081,0.085226,55.439011,2.570138
13953,1.261127,1.166296,nan,0.085226,nan,2.994321
13954,0.499007,0.499715,-28.228855,0.085216,54.040184,1.381668
13955,0.832906,0.486936,nan,0.085216,nan,2.121172
13956,0.656405,0.610085,-25.574640,0.085206,54.281948,1.737675
13957,1.152999,0.832696,nan,0.085206,nan,2.758737
13958,1.302817,0.716910,-25.215862,0.085196,54.742775,3.032853
13959,0.961563,0.620585,nan,0.085196,nan,2.333180
13960,0.939914,0.794834,-24.549591,0.085187,55.247627,2.327910
13961,0.811061,0.891829,nan,0.085187,nan,2.026825
13962,0.840209,0.623772,-26.611067,0.085177,55.671295,2.099680
13963,1.158680,0.873517,nan,0.085177,nan,2.745361
13964,1.114863,0.867696,-25.196877,0.085167,56.355495,2.672779
13965,0.742054,0.654115,nan,0.085167,nan,1.903262
13966,0.895464,0.721714,-25.988338,0.085157,56.031334,2.199635
13967,0.610952,0.543911,nan,0.085157,nan,1.647063
13968,0.780026,0.852234,-27.493797,0.085147,54.781269,1.973796
13969,1.079026,1.040392,nan,0.085147,nan,2.552035
13970,1.081298,1.192168,-25.360561,0.085137,57.269600,2.590864
13971,0.525408,0.473633,nan,0.085137,nan,1.458750
13972,0.433412,0.609675,-28.082399,0.085127,57.396595,1.258630
13973,1.086434,1.223761,nan,0.085127,nan,2.604182
13974,0.680851,0.763384,-25.695406,0.085117,54.697174,1.751363
13975,0.701420,0.753535,nan,0.085117,nan,1.801858
13976,0.775418,0.862517,-25.662771,0.085108,54.371902,1.985156
13977,0.720869,0.636565,nan,0.085108,nan,1.879589
13978,0.899687,0.722658,-24.544903,0.085098,55.556725,2.257341
13979,0.596833,0.473851,nan,0.085098,nan,1.622878
13980,0.633945,0.755980,-27.179333,0.085088,57.010075,1.706720
13981,0.621850,0.720621,nan,0.085088,nan,1.650174
13982,0.861517,0.908556,-24.899130,0.085078,54.179382,2.155903
13983,0.944369,0.942457,nan,0.085078,nan,2.326317
13984,1.305316,1.237381,-24.493484,0.085068,55.715630,3.059172
13985,1.311201,0.948928,nan,0.085068,nan,3.096402
13986,0.610961,0.588309,-27.869358,0.085058,54.812981,1.634025
13987,0.739532,0.728822,nan,0.085058,nan,1.925634
13988,1.020187,0.896747,-28.747303,0.085048,54.211884,2.494354
13989,1.110705,0.974892,nan,0.085048,nan,2.684092
13990,1.153611,1.105188,-26.328125,0.085038,54.042076,2.739627
13991,0.585631,0.712178,nan,0.085038,nan,1.605252
13992,0.941354,0.884735,-26.122559,0.085029,53.746590,2.335003
13993,1.245626,1.495034,nan,0.085029,nan,2.949755
13994,0.677820,0.701696,-24.764410,0.085019,55.311081,1.806887
13995,0.895577,0.712055,nan,0.085019,nan,2.270284
13996,0.910892,0.975185,-26.206886,0.085009,56.691479,2.268604
13997,0.765325,0.641828,nan,0.085009,nan,1.988191
13998,0.742760,0.773273,-27.590206,0.084999,57.167648,1.910780
13999,0.645902,0.745055,nan,0.084999,nan,1.688238
14000,0.577646,0.591266,-26.815380,0.084989,54.611702,1.550321
14001,0.653091,0.685659,nan,0.084989,nan,1.727360
14002,0.515335,0.588774,-28.049421,0.084980,55.352150,1.422740
14003,0.949246,0.950852,nan,0.084980,nan,2.350658
14004,0.492423,0.445113,-28.255398,0.084970,56.890099,1.393599
14005,0.492087,0.588647,nan,0.084970,nan,1.402839
14006,0.960008,1.249480,-25.423851,0.084960,55.925781,2.345386
14007,1.063655,0.945839,nan,0.084960,nan,2.522361
14008,0.637983,0.756851,-27.407158,0.084950,55.210617,1.663365
14009,1.004755,0.766920,nan,0.084950,nan,2.417432
14010,0.808343,0.973276,-27.241365,0.084940,56.891624,2.069186
14011,0.585146,0.600958,nan,0.084940,nan,1.589326
14012,0.801347,0.705748,-25.987381,0.084930,55.247887,2.080302
14013,0.738217,0.781418,nan,0.084930,nan,1.928780
14014,0.692522,0.785747,-27.045101,0.084920,57.206352,1.817101
14015,0.597748,0.565617,nan,0.084920,nan,1.624889
14016,0.566438,0.610977,-25.854382,0.084911,54.361019,1.565405
14017,0.821918,0.720895,nan,0.084911,nan,2.136033
14018,0.724898,0.730009,-27.749062,0.084901,52.526531,1.907291
14019,0.544984,0.538075,nan,0.084901,nan,1.507935
14020,0.660900,0.643192,-24.809212,0.084891,55.062035,1.768106
14021,1.402806,1.640153,nan,0.084891,nan,3.259576
14022,1.903782,1.566147,-24.260792,0.084881,55.500053,4.259953
14023,0.811625,0.867679,nan,0.084881,nan,2.082215
14024,1.016458,0.794835,-25.514851,0.084871,56.272686,2.479227
14025,1.227032,0.647400,nan,0.084871,nan,2.918003
14026,0.684359,0.710818,-27.550817,0.084862,56.612061,1.812954
14027,0.757203,0.742504,nan,0.084862,nan,1.924379
14028,0.634006,0.747292,-26.918753,0.084852,55.842201,1.709504
14029,0.962001,0.930094,nan,0.084852,nan,2.358151
14030,0.640965,0.681547,-24.376022,0.084842,56.501865,1.698004
14031,0.711363,1.460029,nan,0.084842,nan,1.861973
14032,0.481113,0.528424,-26.331490,0.084832,54.068935,1.373468
14033,0.684598,0.835046,nan,0.084832,nan,1.833098
14034,0.698213,0.835992,-25.356659,0.084822,55.490383,1.855791
14035,1.479187,1.545398,nan,0.084822,nan,3.387209
14036,1.877751,1.602041,-25.273653,0.084812,54.196175,4.184614
14037,0.521897,0.534958,nan,0.084812,nan,1.463021
14038,0.875865,0.963647,-24.491953,0.084803,56.485550,2.149508
14039,0.701042,0.819324,nan,0.084803,nan,1.836164
14040,1.023250,0.954555,-24.794399,0.084793,54.515640,2.449260
14041,2.106446,1.714943,nan,0.084793,nan,4.655864
14042,0.811029,0.723869,-24.689095,0.084783,54.821251,2.070255
14043,0.483048,0.985522,nan,0.084783,nan,1.385843
14044,1.430279,1.428018,-26.130478,0.084773,53.874214,3.312887
14045,1.094666,0.991625,nan,0.084773,nan,2.623976
14046,0.967933,0.810635,-26.246136,0.084764,58.367081,2.385381
14047,0.481138,0.598883,nan,0.084764,nan,1.404789
14048,0.730466,0.784642,-26.587585,0.084754,55.863014,1.921693
14049,0.573496,0.724880,nan,0.084754,nan,1.589274
14050,0.568242,0.710659,-27.196560,0.084744,55.838837,1.548189
14051,1.002841,0.778236,nan,0.084744,nan,2.408777
14052,1.095453,0.746641,-26.934330,0.084734,54.376465,2.601418
14053,0.742121,0.826919,nan,0.084734,nan,1.935055
14054,0.643725,0.624232,-25.584028,0.084724,56.960175,1.726623
14055,1.847654,1.636807,nan,0.084724,nan,4.128145
14056,0.911465,0.879689,-26.496674,0.084715,56.824852,2.296354
14057,0.971867,0.794087,nan,0.084715,nan,2.383833
14058,0.418782,0.509537,-27.214928,0.084705,56.119957,1.232989
14059,0.583739,0.692207,nan,0.084705,nan,1.605671
14060,1.065229,0.882417,-25.734505,0.084695,55.878071,2.536034
14061,1.176650,0.845179,nan,0.084695,nan,2.729074
14062,0.398356,0.470270,-27.835686,0.084685,58.793243,1.159386
14063,1.672482,1.081426,nan,0.084685,nan,3.717751
14064,1.068115,1.002828,-25.144751,0.084675,56.622856,2.545455
14065,0.513927,0.503617,nan,0.084675,nan,1.428555
14066,0.896727,0.600713,-26.276104,0.084665,55.279510,2.218878
14067,0.695720,0.744356,nan,0.084665,nan,1.852756
14068,1.019662,0.682914,-27.597847,0.084655,57.408005,2.507651
14069,2.025803,1.495129,nan,0.084655,nan,4.534824
14070,2.555296,1.896485,-23.011192,0.084646,54.932343,5.579680
14071,0.782125,0.670947,nan,0.084646,nan,2.040356
14072,0.640360,0.632155,-26.932631,0.084636,56.461678,1.736830
14073,0.631259,0.713602,nan,0.084636,nan,1.694990
14074,0.778708,0.759098,-26.903889,0.084626,57.675003,1.975382
14075,0.741361,0.779679,nan,0.084626,nan,1.891166
14076,0.729290,0.738828,-28.507551,0.084616,55.788208,1.831178
14077,1.565222,1.319686,nan,0.084616,nan,3.552655
14078,1.363750,0.676785,-24.669422,0.084606,55.125671,3.155675
14079,2.109672,1.346092,nan,0.084606,nan,4.681336
14080,1.497395,0.900571,-26.581823,0.084596,58.006298,3.445045
14081,1.568272,0.866591,nan,0.084596,nan,3.580666
14082,1.405057,1.116896,-20.931580,0.084586,54.131786,3.267869
14083,0.918117,2.136425,nan,0.084586,nan,2.282302
14084,0.630030,0.678426,-24.877302,0.084577,54.725822,1.668024
14085,1.318287,3.034598,nan,0.084577,nan,3.020027
14086,0.949323,0.763856,-25.159277,0.084567,55.036846,2.305772
14087,2.211329,1.382475,nan,0.084567,nan,4.845082
14088,2.238256,1.352115,-22.292828,0.084557,54.069893,4.927707
14089,1.384610,1.164275,nan,0.084557,nan,3.196097
14090,1.454735,1.063763,-24.500992,0.084547,57.033012,3.326938
14091,0.705469,0.802961,nan,0.084547,nan,1.822903
14092,1.193133,0.844762,-24.221643,0.084538,55.387550,2.819923
14093,1.318028,1.006019,nan,0.084538,nan,3.056934
14094,1.294681,1.042175,-26.949741,0.084528,55.370956,2.988147
14095,0.444293,0.478725,nan,0.084528,nan,1.291695
14096,1.377662,1.775082,-23.969448,0.084518,55.778938,3.180959
14097,1.073229,1.171127,nan,0.084518,nan,2.604703
14098,1.010003,0.810171,-25.974581,0.084508,55.566612,2.449419
14099,1.772972,1.653800,nan,0.084508,nan,3.942642
14100,0.553227,0.539889,-25.329601,0.084499,56.019882,1.503789
14101,0.488288,0.514552,nan,0.084499,nan,1.385556
14102,0.583810,0.584914,-26.543888,0.084489,55.440483,1.583226
14103,1.123414,0.877665,nan,0.084489,nan,2.652799
14104,0.459478,0.676589,-26.167051,0.084479,54.099861,1.315089
14105,0.643664,0.685376,nan,0.084479,nan,1.730312
14106,1.878611,1.023943,-22.130489,0.084469,55.653168,4.162039
14107,1.528086,1.131454,nan,0.084469,nan,3.440620
14108,0.659511,0.752946,-26.796957,0.084460,54.991669,1.688985
14109,1.619547,1.052577,nan,0.084460,nan,3.616937
14110,1.124217,0.996453,-22.752239,0.084450,56.348091,2.667036
14111,1.266974,14.134470,nan,0.084450,nan,2.953985
14112,1.443866,4.511720,-22.902830,0.084440,57.068283,3.315087
14113,0.793354,1.444751,nan,0.084440,nan,1.961120
14114,1.784920,1.558737,-23.889219,0.084430,54.813736,3.990660
14115,0.848790,0.605643,nan,0.084430,nan,2.108384
14116,0.618690,0.656462,-26.788090,0.084421,58.142792,1.636753
14117,0.756744,0.729133,nan,0.084421,nan,1.912424
14118,1.510494,1.533793,-24.648510,0.084411,56.228691,3.458112
14119,0.529601,0.461242,nan,0.084411,nan,1.487690
14120,1.652157,1.036119,-25.043930,0.084401,55.664440,3.747993
14121,1.392030,1.226179,nan,0.084401,nan,3.197316
14122,1.400462,0.885374,-25.287861,0.084391,53.996910,3.272621
14123,1.163358,0.988342,nan,0.084391,nan,2.727335
14124,1.353388,1.694675,-24.166990,0.084382,56.114922,3.094469
14125,0.924906,0.952135,nan,0.084382,nan,2.257865
14126,1.460860,1.172304,-25.786140,0.084372,56.592842,3.353588
14127,1.155750,0.997855,nan,0.084372,nan,2.782033
14128,1.393538,0.974406,-25.595432,0.084362,57.782928,3.243445
14129,1.784606,1.413886,nan,0.084362,nan,3.997516
14130,0.901276,0.999187,-25.114471,0.084352,57.951336,2.256837
14131,0.596266,0.889644,nan,0.084352,nan,1.580483
14132,0.535535,0.800739,-24.849970,0.084343,56.775848,1.473429
14133,0.733239,0.780069,nan,0.084343,nan,1.876147
14134,0.618148,0.677196,-27.781525,0.084333,56.755325,1.616943
14135,1.229322,1.188587,nan,0.084333,nan,2.934927
14136,0.945213,0.900851,-23.117218,0.084323,55.954277,2.324267
14137,0.521890,1.086090,nan,0.084323,nan,1.444962
14138,1.485387,1.065423,-24.621777,0.084313,56.536537,3.425791
14139,0.715342,0.745333,nan,0.084313,nan,1.845531
14140,0.922578,1.017396,-26.620598,0.084303,56.705452,2.243977
14141,1.919080,1.212827,nan,0.084303,nan,4.232641
14142,0.816700,0.935142,-26.301292,0.084294,55.013336,2.040997
14143,0.640061,0.527814,nan,0.084294,nan,1.684180
14144,1.055775,0.812544,-24.812572,0.084284,58.191189,2.512087
14145,2.792448,1.231491,nan,0.084284,nan,6.033254
14146,1.485780,0.848037,-20.227230,0.084274,58.594910,3.405293
14147,2.386081,0.863972,nan,0.084274,nan,5.254570
14148,2.467276,1.224381,-21.570705,0.084264,55.485565,5.395836
14149,0.978558,0.803719,nan,0.084264,nan,2.400076
14150,2.115043,0.945559,-23.078758,0.084254,56.986977,4.678499
14151,1.598824,0.744731,nan,0.084254,nan,3.625399
14152,1.447711,1.123902,-23.699188,0.084245,56.052483,3.321837
14153,1.310328,0.879183,nan,0.084245,nan,3.011967
14154,0.643430,0.814845,-24.732262,0.084235,54.814396,1.713593
14155,1.651250,0.930925,nan,0.084235,nan,3.750324
14156,0.886558,0.666659,-26.108665,0.084225,56.892647,2.178198
14157,0.565902,0.710920,nan,0.084225,nan,1.544342
14158,1.789700,1.132761,-21.978119,0.084215,56.509407,4.005237
14159,1.428375,0.858605,nan,0.084215,nan,3.269234
14160,1.203151,0.751149,-25.606449,0.084206,56.771420,2.845622
14161,0.721982,0.783973,nan,0.084206,nan,1.878279
14162,2.151128,0.887408,-22.723866,0.084196,58.365028,4.757144
14163,1.739359,1.082485,nan,0.084196,nan,3.920410
14164,1.810422,1.050616,-23.271114,0.084186,57.752491,4.075403
14165,1.852274,1.170069,nan,0.084186,nan,4.137726
14166,2.197938,0.654224,-22.549480,0.084176,56.996925,4.827352
14167,2.116075,1.508049,nan,0.084176,nan,4.695950
14168,0.867780,0.857777,-25.738033,0.084166,56.119560,2.193505
14169,1.224062,0.793766,nan,0.084166,nan,2.821780
14170,0.781860,0.728362,-24.237061,0.084156,56.915497,1.991343
14171,0.982798,0.582980,nan,0.084156,nan,2.395949
14172,0.818973,0.960118,-25.458256,0.084147,54.996216,2.038329
14173,2.504217,1.485695,nan,0.084147,nan,5.456779
14174,1.029689,0.720544,-23.606850,0.084137,54.286640,2.456112
14175,0.873580,0.911660,nan,0.084137,nan,2.168064
14176,1.996753,0.906856,-20.116602,0.084127,56.664223,4.424946
14177,0.908665,1.045573,nan,0.084127,nan,2.238545
14178,0.716572,0.854137,-26.548443,0.084117,56.049068,1.849955
14179,0.978654,0.784232,nan,0.084117,nan,2.335879
14180,2.810599,1.110914,-21.598413,0.084108,56.648861,6.070800
14181,1.212641,0.931795,nan,0.084108,nan,2.814723
14182,1.522936,1.308083,-25.115532,0.084098,55.813824,3.499272
14183,2.119859,1.313602,nan,0.084098,nan,4.655733
14184,1.148240,0.958654,-25.502903,0.084088,55.458267,2.714604
14185,0.948413,0.948023,nan,0.084088,nan,2.329605
14186,1.020079,0.822274,-24.449009,0.084078,56.959877,2.495193
14187,1.204867,0.813161,nan,0.084078,nan,2.833007
14188,1.586942,0.677312,-23.727951,0.084069,54.541519,3.605419
14189,2.413889,1.294452,nan,0.084069,nan,5.265652
14190,0.730297,1.243501,-25.360569,0.084059,56.678757,1.867988
14191,1.938618,1.156964,nan,0.084059,nan,4.302213
14192,1.102450,0.831120,-23.765305,0.084049,54.679924,2.614274
14193,1.428249,1.019788,nan,0.084049,nan,3.272277
14194,1.086722,0.952188,-26.652342,0.084040,56.286911,2.553782
14195,1.738533,0.831127,nan,0.084040,nan,3.851541
14196,1.668479,1.166714,-14.486718,0.084030,53.878555,3.801088
14197,1.538930,0.939027,nan,0.084030,nan,3.479503
14198,1.327736,1.124020,-21.865295,0.084020,57.162338,3.071864
14199,1.058127,0.742279,nan,0.084020,nan,2.528979
14200,0.926464,0.676464,105.430176,0.084011,55.838562,2.263635
14201,24.198854,0.856156,nan,0.084011,nan,48.894630
14202,14.616253,0.974837,-22.668451,0.084001,57.182602,29.716713
14203,2.097868,1.392776,nan,0.084001,nan,4.644753
14204,1.428586,0.863632,-26.016068,0.083991,57.240211,3.276413
14205,1.463487,0.913043,nan,0.083991,nan,3.325641
14206,1.480880,1.616096,-18.671867,0.083982,56.154922,3.398522
14207,1.569300,2.369750,nan,0.083982,nan,3.587142
14208,1.274905,0.896876,-22.355942,0.083972,54.787788,2.997893
14209,0.588732,0.691096,nan,0.083972,nan,1.585380
14210,0.983400,0.817750,-24.055708,0.083962,52.454288,2.411007
14211,0.988218,0.769853,nan,0.083962,nan,2.422036
14212,1.904995,0.710385,-22.315432,0.083953,56.752007,4.278317
14213,1.268222,1.544363,nan,0.083953,nan,2.940346
14214,1.294946,1.254588,-22.283813,0.083943,56.252960,3.020842
14215,0.856147,0.924097,nan,0.083943,nan,2.101224
14216,0.957047,0.672203,-25.232983,0.083934,55.880783,2.303501
14217,1.387966,0.943931,nan,0.083934,nan,3.210283
14218,1.706044,1.316480,-22.891829,0.083924,56.538017,3.822093
14219,0.753846,1.021063,nan,0.083924,nan,1.893346
14220,0.819927,0.895150,-24.503281,0.083914,55.820980,2.052356
14221,0.530283,0.907676,nan,0.083914,nan,1.467626
14222,2.870166,0.903340,-17.530220,0.083905,55.259239,6.243643
14223,1.721895,1.175358,nan,0.083905,nan,3.879349
14224,1.094656,1.338983,-22.740612,0.083895,55.637035,2.628694
14225,1.280399,0.994292,nan,0.083895,nan,2.980012
14226,0.780659,0.648329,-23.157860,0.083886,57.075558,2.022730
14227,0.914953,0.977333,nan,0.083886,nan,2.276742
14228,1.236175,1.195935,-22.325523,0.083876,56.661705,2.919821
14229,1.688755,1.460922,nan,0.083876,nan,3.794251
14230,1.166331,1.027489,-22.854660,0.083866,55.829399,2.776877
14231,0.951591,0.995666,nan,0.083866,nan,2.316928
14232,0.876805,0.829846,-20.437508,0.083857,56.809143,2.194277
14233,0.728762,0.740380,nan,0.083857,nan,1.819032
14234,0.789393,0.988966,-23.098961,0.083847,58.131962,2.019617
14235,1.072968,0.968204,nan,0.083847,nan,2.545342
14236,0.936188,0.812946,-25.980652,0.083837,55.752998,2.292122
14237,0.834699,0.621240,nan,0.083837,nan,2.085532
14238,0.559935,0.845647,-22.777100,0.083828,55.755936,1.544919
14239,1.857866,1.269040,nan,0.083828,nan,4.207543
14240,1.203158,0.752866,-24.688984,0.083818,56.345318,2.870933
14241,1.806530,0.803485,nan,0.083818,nan,4.016517
14242,0.605284,0.728187,-26.194408,0.083809,53.713028,1.615700
14243,1.974805,1.487050,nan,0.083809,nan,4.410987
14244,0.855009,1.058888,-21.951946,0.083799,58.233341,2.103963
14245,1.693664,1.086823,nan,0.083799,nan,3.836383
14246,1.524322,1.352388,-19.131392,0.083789,54.279629,3.497224
14247,1.625757,1.205022,nan,0.083789,nan,3.686742
14248,1.804760,0.972301,-21.663342,0.083780,56.240532,4.050903
14249,1.170320,0.994550,nan,0.083780,nan,2.774776
14250,2.652904,0.847234,-19.052483,0.083770,56.414276,5.772865
14251,1.145571,0.709540,nan,0.083770,nan,2.714397
14252,1.416960,0.940396,-22.521759,0.083760,58.010426,3.245260
14253,1.442387,0.645525,nan,0.083760,nan,3.345770
14254,0.586292,0.584090,-23.614380,0.083751,57.363705,1.597461
14255,2.259489,1.320851,nan,0.083751,nan,4.964299
14256,1.147488,0.804833,-24.982700,0.083741,57.500938,2.708140
14257,0.842255,0.857120,nan,0.083741,nan,2.106084
14258,0.624256,0.869201,-24.413811,0.083732,57.832302,1.653482
14259,1.420176,1.024788,nan,0.083732,nan,3.317400
14260,1.454174,1.093033,-16.719961,0.083722,54.540306,3.367676
14261,1.342456,0.961900,nan,0.083722,nan,3.111588
14262,1.074555,0.867660,-18.122835,0.083712,57.732330,2.556601
14263,0.919877,0.989772,nan,0.083712,nan,2.283540
14264,0.957756,0.886379,-23.739407,0.083703,54.463463,2.341804
14265,1.259047,1.018284,nan,0.083703,nan,2.952835
14266,1.370105,0.834070,-21.680580,0.083693,56.567627,3.203440
14267,1.355323,2.845159,nan,0.083693,nan,3.133084
14268,1.524544,1.766554,-22.323318,0.083683,56.696270,3.500584
14269,1.662545,0.656539,nan,0.083683,nan,3.730392
14270,0.544845,0.796936,-25.931252,0.083674,59.425156,1.479068
14271,0.711166,0.991149,nan,0.083674,nan,1.844421
14272,1.765901,1.591023,-19.633793,0.083664,57.605713,3.952557
14273,0.975317,1.450259,nan,0.083664,nan,2.362488
14274,0.963994,1.369949,-25.280804,0.083654,56.952740,2.357056
14275,1.395242,1.459927,nan,0.083654,nan,3.244891
14276,0.960854,1.274320,-23.653524,0.083645,56.251522,2.353897
14277,0.895910,0.631258,nan,0.083645,nan,2.197766
14278,1.326499,1.074570,-19.288418,0.083635,55.587811,3.094781
14279,0.751137,0.667627,nan,0.083635,nan,1.966890
14280,2.087079,1.646189,-17.113182,0.083625,54.625412,4.615112
14281,1.718297,0.934191,nan,0.083625,nan,3.852340
14282,0.851327,1.098636,-19.651001,0.083616,55.364296,2.091260
14283,1.006078,0.924436,nan,0.083616,nan,2.450791
14284,0.858730,0.773077,-24.025536,0.083606,55.559677,2.144217
14285,0.854448,0.828246,nan,0.083606,nan,2.173886
14286,2.222027,46.966812,55.680054,0.083597,56.137886,4.920681
14287,1.683964,6.958945,nan,0.083597,nan,3.803833
14288,1.369265,1.149963,-20.571922,0.083587,56.052963,3.182814
14289,1.379149,1.202532,nan,0.083587,nan,3.196277
14290,1.766459,1.511175,-16.630703,0.083577,56.426155,3.983259
14291,1.940273,1.307318,nan,0.083577,nan,4.330929
14292,1.264402,1.120597,-23.197454,0.083568,56.951653,2.967294
14293,0.858950,0.795771,nan,0.083568,nan,2.154935
14294,0.843168,0.766260,-24.811047,0.083558,56.656410,2.150568
14295,0.657590,0.839255,nan,0.083558,nan,1.737873
14296,1.308548,0.994602,-19.366539,0.083549,56.838100,3.044315
14297,0.730146,0.909558,nan,0.083549,nan,1.830379
14298,0.629639,0.691120,-25.109774,0.083539,54.045536,1.671763
14299,1.481396,1.100903,nan,0.083539,nan,3.366789
14300,1.511457,1.320253,-18.283365,0.083530,58.870575,3.451044
14301,1.195288,1.886608,nan,0.083530,nan,2.868029
14302,0.689664,1.176735,-24.871231,0.083520,56.925652,1.801247
14303,1.465410,0.910779,nan,0.083520,nan,3.370249
14304,1.612136,2.162408,-17.973976,0.083510,57.510792,3.641706
14305,1.911521,1.151073,nan,0.083510,nan,4.321015
14306,1.279608,0.974242,-20.883816,0.083501,58.127785,2.988375
14307,1.670530,1.083537,nan,0.083501,nan,3.775505
14308,1.670906,0.954873,-22.909683,0.083491,56.956909,3.788215
14309,1.679411,1.239027,nan,0.083491,nan,3.834729
14310,1.094682,0.817670,-20.104567,0.083481,57.765579,2.608334
14311,0.938749,0.894135,nan,0.083481,nan,2.318179
14312,1.466745,0.886703,-24.616833,0.083472,54.075348,3.355880
14313,2.845435,2.045815,nan,0.083472,nan,6.102925
14314,2.111976,1.333861,-23.169630,0.083462,58.418266,4.652578
14315,1.723428,0.948594,nan,0.083462,nan,3.908361
14316,1.167223,0.937774,-23.777903,0.083452,58.175735,2.782470
14317,1.109506,1.035038,nan,0.083452,nan,2.647573
14318,2.027326,1.271005,-14.844544,0.083443,56.065643,4.503727
14319,1.262496,1.327733,nan,0.083443,nan,3.004124
14320,1.402689,0.965765,-17.018738,0.083433,57.123215,3.216142
14321,1.401889,0.991863,nan,0.083433,nan,3.282820
14322,1.362350,0.831697,-18.981190,0.083424,56.726616,3.221810
14323,1.651907,1.071108,nan,0.083424,nan,3.762880
14324,0.689463,0.648216,-24.380920,0.083414,59.422340,1.814109
14325,1.086873,1.007418,nan,0.083414,nan,2.623533
14326,0.855918,1.158157,-19.114578,0.083404,56.813019,2.150379
14327,1.434855,1.253776,nan,0.083404,nan,3.341253
14328,0.913040,1.786522,-17.461948,0.083395,56.578552,2.324165
14329,1.002406,1.340744,nan,0.083395,nan,2.435770
14330,1.459128,1.426440,-20.593403,0.083385,57.429367,3.386613
14331,0.805879,0.912632,nan,0.083385,nan,2.033774
14332,0.573750,0.704541,-25.312721,0.083375,57.257401,1.556916
14333,1.134690,8.605515,nan,0.083375,nan,2.725648
14334,1.471343,1.487136,-18.278404,0.083366,56.205654,3.386652
14335,0.894091,0.970865,nan,0.083366,nan,2.220523
14336,1.856145,1.657176,-17.279114,0.083356,58.464180,4.217562
14337,1.425147,1.501953,nan,0.083356,nan,3.314787
14338,0.719241,1.120261,-21.957300,0.083346,55.570839,1.915736
14339,1.662278,1.023982,nan,0.083346,nan,3.767557
14340,1.745759,1.161312,-19.235315,0.083337,56.656967,3.938448
14341,1.634410,0.962026,nan,0.083337,nan,3.756655
14342,0.857265,0.532216,-23.014692,0.083327,56.695419,2.140994
14343,0.747206,1.391728,nan,0.083327,nan,1.923113
14344,1.577767,1.603357,-20.643232,0.083318,57.077789,3.597087
14345,1.250225,0.756954,nan,0.083318,nan,2.936195
14346,1.199972,1.189361,-22.838943,0.083308,56.780640,2.896113
14347,1.498947,0.747936,nan,0.083308,nan,3.406400
14348,1.896041,1.738050,-17.918358,0.083298,58.235535,4.243531
14349,1.958415,1.579734,nan,0.083298,nan,4.350890
14350,1.613568,1.453454,-20.541952,0.083289,58.414413,3.702049
14351,1.670337,1.412474,nan,0.083289,nan,3.765381
14352,1.186907,0.846288,-21.028906,0.083279,57.347874,2.795552
14353,0.657010,0.849430,nan,0.083279,nan,1.658248
14354,1.740425,1.259114,-20.637590,0.083269,57.573559,3.906801
14355,1.115662,0.670876,nan,0.083269,nan,2.672115
14356,0.764644,0.773411,-24.579880,0.083260,55.349777,1.987820
14357,1.147568,0.802341,nan,0.083260,nan,2.729116
14358,1.364055,0.658813,-19.496107,0.083250,57.399273,3.193601
14359,0.687099,0.663750,nan,0.083250,nan,1.799690
14360,1.351471,1.088974,-23.000656,0.083241,56.587109,3.144697
14361,0.693900,1.130469,nan,0.083241,nan,1.805432
14362,1.439263,1.198825,-19.269190,0.083231,57.762794,3.314697
14363,1.389778,0.882152,nan,0.083231,nan,3.242861
14364,1.156324,1.127060,-23.567814,0.083221,57.461685,2.719978
14365,1.157861,0.980043,nan,0.083221,nan,2.717214
14366,0.435023,0.661176,-23.296444,0.083212,57.183167,1.260627
14367,3.885305,0.964354,nan,0.083212,nan,8.208197
14368,1.832521,1.305481,-23.756742,0.083202,56.291512,4.140912
14369,2.657937,1.555446,nan,0.083202,nan,5.709393
14370,1.444600,1.116656,-19.624041,0.083193,56.177319,3.321959
14371,1.636940,0.823813,nan,0.083193,nan,3.721573
14372,1.663529,1.889586,-16.456226,0.083183,56.489403,3.802135
14373,1.033330,0.662239,nan,0.083183,nan,2.522990
14374,0.953423,0.742100,-19.440748,0.083173,57.381866,2.294706
14375,0.765363,0.832808,nan,0.083173,nan,1.967734
14376,1.379399,0.792221,-23.135303,0.083164,55.990204,3.198814
14377,1.588847,1.707305,nan,0.083164,nan,3.628039
14378,0.686628,0.925803,-24.764465,0.083154,55.229618,1.844394
14379,1.370967,0.745949,nan,0.083154,nan,3.172987
14380,1.403775,1.384954,-20.462349,0.083145,56.145039,3.261343
14381,1.348456,1.456403,nan,0.083145,nan,3.150836
14382,0.507025,0.584706,-24.863525,0.083135,56.694885,1.435702
14383,0.686019,0.854102,nan,0.083135,nan,1.808957
14384,0.953496,1.474404,-21.956316,0.083126,55.169128,2.332619
14385,0.987235,0.716516,nan,0.083126,nan,2.431747
14386,0.709370,1.132219,-24.146076,0.083116,57.200016,1.848850
14387,1.604463,1.634181,nan,0.083116,nan,3.653191
14388,1.367280,1.236351,-20.403709,0.083107,57.476650,3.173148
14389,0.794877,0.596429,nan,0.083107,nan,2.017994
14390,1.341741,1.045402,-19.037485,0.083097,56.515625,3.098546
14391,0.686954,0.780949,nan,0.083097,nan,1.858012
14392,0.826916,0.836900,-19.931355,0.083088,55.986809,2.072574
14393,0.960444,0.984428,nan,0.083088,nan,2.341589
14394,0.799784,1.250284,-20.659027,0.083078,57.318096,2.023392
14395,1.311632,1.056712,nan,0.083078,nan,3.030047
14396,1.136406,1.294074,-22.871557,0.083069,56.462082,2.708384
14397,0.905351,0.651680,nan,0.083069,nan,2.235919
14398,1.069165,1.049828,-14.561452,0.083059,56.123840,2.593608
14399,1.044315,0.733020,nan,0.083059,nan,2.532662
14400,0.862275,1.061772,-22.267742,0.083050,56.112984,2.101979
14401,0.929625,0.860956,nan,0.083050,nan,2.297903
14402,1.491855,1.053082,-19.527956,0.083040,56.945847,3.387633
14403,1.207958,1.244389,nan,0.083040,nan,2.789839
14404,0.800452,0.678525,-24.851231,0.083031,57.944664,2.017728
14405,0.656173,0.888205,nan,0.083031,nan,1.689413
14406,0.672454,0.617029,-19.406017,0.083021,59.449131,1.719460
14407,0.801230,0.804935,nan,0.083021,nan,1.977604
14408,1.342221,0.971491,-18.576630,0.083012,57.030117,3.139167
14409,1.196481,1.293115,nan,0.083012,nan,2.798628
14410,0.944745,0.721928,-23.321638,0.083002,56.619957,2.363028
14411,0.873004,0.479809,nan,0.083002,nan,2.171582
14412,3.278564,0.861599,-17.145386,0.082993,58.617500,7.022240
14413,0.891098,0.804742,nan,0.082993,nan,2.203007
14414,1.183267,0.671413,-18.659992,0.082983,57.042854,2.748365
14415,0.941159,1.054437,nan,0.082983,nan,2.313795
14416,1.212465,1.088095,-22.470964,0.082974,58.944466,2.852701
14417,0.897057,0.923201,nan,0.082974,nan,2.211508
14418,0.744825,0.639555,-24.011654,0.082964,56.594936,1.927399
14419,0.964934,0.540836,nan,0.082964,nan,2.397832
14420,1.006091,0.901827,-20.990215,0.082954,55.349106,2.454368
14421,0.642131,0.689553,nan,0.082954,nan,1.710074
14422,0.557222,0.606727,-24.345402,0.082945,56.935101,1.541459
14423,0.795335,1.050369,nan,0.082945,nan,2.002172
14424,0.720998,0.596036,-21.633236,0.082935,58.213654,1.861151
14425,0.681892,0.955396,nan,0.082935,nan,1.792997
14426,0.641687,0.586493,-22.311211,0.082926,56.226624,1.724812
14427,0.829378,0.630457,nan,0.082926,nan,2.095752
14428,0.625263,0.588502,-21.256229,0.082916,56.732998,1.678398
14429,0.705802,0.774988,nan,0.082916,nan,1.830149
14430,0.833086,1.220218,-21.493484,0.082907,58.259949,2.020406
14431,1.140538,1.895038,nan,0.082907,nan,2.676759
14432,0.815473,0.625474,-24.584148,0.082897,56.577011,2.039094
14433,1.256616,0.745459,nan,0.082897,nan,2.946417
14434,0.935300,0.564326,-19.939936,0.082888,56.044201,2.287946
14435,1.222567,0.860839,nan,0.082888,nan,2.815892
14436,1.063472,0.789176,-16.429920,0.082878,56.037186,2.554750
14437,0.982047,0.609959,nan,0.082878,nan,2.379955
14438,0.756796,0.731430,-19.811020,0.082869,56.800541,1.914193
14439,0.660630,1.012160,nan,0.082869,nan,1.779610
14440,0.760196,0.640955,-20.050320,0.082859,58.669365,1.935127
14441,1.271644,0.917822,nan,0.082859,nan,2.959019
14442,0.440725,0.927001,-20.927563,0.082850,55.271347,1.290533
14443,1.110086,1.339440,nan,0.082850,nan,2.643679
14444,0.859540,0.828276,-23.828918,0.082840,56.326839,2.165635
14445,1.107975,1.064193,nan,0.082840,nan,2.651220
14446,0.824781,0.768767,-16.322851,0.082831,57.686756,2.032886
14447,0.501958,0.664575,nan,0.082831,nan,1.388329
14448,0.774534,0.765865,-21.560852,0.082821,57.659843,1.962354
14449,0.942423,0.786970,nan,0.082821,nan,2.283010
14450,0.723701,0.654162,-22.968168,0.082812,56.451366,1.874527
14451,0.741635,0.743592,nan,0.082812,nan,1.919297
14452,0.638307,1.040661,-19.950613,0.082802,58.633141,1.658008
14453,0.703846,0.721863,nan,0.082802,nan,1.787244
14454,0.876336,0.776145,-21.793774,0.082793,57.891998,2.159666
14455,0.575034,0.621594,nan,0.082793,nan,1.555050
14456,0.991670,0.784036,-18.668396,0.082783,54.618595,2.406375
14457,0.920134,0.835898,nan,0.082783,nan,2.244241
14458,0.601586,0.536979,-22.889946,0.082774,57.846062,1.540680
14459,0.679309,1.180408,nan,0.082774,nan,1.766229
14460,0.713781,1.162897,-20.763836,0.082765,58.206409,1.862268
14461,0.715695,0.749660,nan,0.082765,nan,1.845711
14462,0.867861,1.195979,-16.383272,0.082755,58.208504,2.097354
14463,0.868767,0.767400,nan,0.082755,nan,2.112351
14464,0.619228,0.553492,-24.503811,0.082745,59.143661,1.659489
14465,0.600691,0.727746,nan,0.082745,nan,1.608685
14466,1.151082,1.290029,-21.958925,0.082736,56.981308,2.774831
14467,0.580820,0.827286,nan,0.082736,nan,1.587127
14468,0.628693,0.633924,-20.444244,0.082726,57.212215,1.632103
14469,0.572007,0.556830,nan,0.082726,nan,1.511330
14470,0.886690,1.225225,-23.574188,0.082717,57.476906,2.192856
14471,0.806405,1.597474,nan,0.082717,nan,1.995211
14472,0.777551,1.644886,-20.810759,0.082707,57.677292,1.883056
14473,0.663939,0.850166,nan,0.082707,nan,1.701041
14474,0.727572,1.003059,-19.900433,0.082698,55.430538,1.864390
14475,0.677507,0.682682,nan,0.082698,nan,1.765203
14476,0.578849,0.608957,-19.674538,0.082688,55.515167,1.537673
14477,0.449082,0.506257,nan,0.082688,nan,1.280050
14478,0.630318,1.247381,-21.914198,0.082679,58.708008,1.683666
14479,0.856013,0.643459,nan,0.082679,nan,2.096729
14480,0.695287,0.497679,-22.308083,0.082670,56.296951,1.815552
14481,0.827395,1.131025,nan,0.082670,nan,2.021521
14482,0.931288,1.042084,-19.018967,0.082660,55.858219,2.273326
14483,0.818778,1.037600,nan,0.082660,nan,2.099575
14484,0.826650,0.910747,-25.065432,0.082651,56.881790,2.110466
14485,1.733991,0.862788,nan,0.082651,nan,3.927762
14486,0.970747,0.559783,-22.042542,0.082641,56.451221,2.362894
14487,0.789378,0.844044,nan,0.082641,nan,2.008607
14488,0.772045,0.699424,-21.477213,0.082632,55.696308,1.966586
14489,1.113869,1.168092,nan,0.082632,nan,2.630950
14490,0.916832,1.413740,-20.176701,0.082622,58.089859,2.233383
14491,0.633545,0.833472,nan,0.082622,nan,1.663515
14492,0.675033,0.656956,-20.954880,0.082613,57.391083,1.716896
14493,0.534570,0.622060,nan,0.082613,nan,1.453529
14494,0.705086,0.541439,-19.885284,0.082603,60.104683,1.788908
14495,0.538137,0.848676,nan,0.082603,nan,1.496746
14496,0.631517,0.679759,-20.819782,0.082594,56.005173,1.639197
14497,0.751090,0.828064,nan,0.082594,nan,1.925821
14498,1.291851,1.646604,-22.017841,0.082585,55.893684,3.026123
14499,0.633299,0.637037,nan,0.082585,nan,1.679150
14500,0.935839,1.305056,-20.982258,0.082575,58.261734,2.282553
14501,0.781037,0.771890,nan,0.082575,nan,1.958208
14502,0.547847,0.954871,-23.393814,0.082566,57.353893,1.465973
14503,0.749954,0.706060,nan,0.082566,nan,1.929905
14504,0.932003,0.828818,-19.518076,0.082556,57.977657,2.225281
14505,0.708247,0.756833,nan,0.082556,nan,1.806650
14506,0.647736,0.727778,-21.739578,0.082547,56.634865,1.669175
14507,0.925503,1.161076,nan,0.082547,nan,2.275254
14508,0.795467,0.903591,-19.118729,0.082537,57.056900,1.971984
14509,0.823165,0.556486,nan,0.082537,nan,2.043109
14510,0.770011,0.762759,-22.112844,0.082528,58.096054,1.981204
14511,0.724612,0.620426,nan,0.082528,nan,1.895234
14512,0.943586,1.163540,-21.127302,0.082519,56.002487,2.298448
14513,0.769616,0.701417,nan,0.082519,nan,1.963488
14514,0.466118,0.937417,-20.464359,0.082509,57.923676,1.301907
14515,0.729494,0.923805,nan,0.082509,nan,1.890091
14516,1.063555,1.152914,-20.316952,0.082500,56.977066,2.527278
14517,0.805811,0.537122,nan,0.082500,nan,1.991793
14518,0.568380,0.546005,-21.567318,0.082490,58.925270,1.468992
14519,0.703861,0.560222,nan,0.082490,nan,1.804701
14520,0.509335,0.654098,-24.326191,0.082481,57.696571,1.445976
14521,1.396116,1.352156,nan,0.082481,nan,3.210382
14522,1.247538,1.077646,-18.779598,0.082471,58.525970,2.890172
14523,0.841760,0.875342,nan,0.082471,nan,2.116956
14524,0.850900,0.865641,-22.448917,0.082462,57.752846,2.121921
14525,0.782428,0.538726,nan,0.082462,nan,1.997324
14526,0.873374,0.611190,-23.916546,0.082452,58.570534,2.200793
14527,1.572848,1.477229,nan,0.082452,nan,3.549647
14528,1.317795,1.250374,-20.879341,0.082443,58.833549,3.040760
14529,0.700064,0.660006,nan,0.082443,nan,1.819904
14530,0.548363,0.660607,-19.837387,0.082433,57.608913,1.505279
14531,0.728154,1.173483,nan,0.082433,nan,1.847855
14532,1.435660,1.790674,-22.852058,0.082424,58.224083,3.302267
14533,0.699008,0.662408,nan,0.082424,nan,1.771200
14534,0.786437,1.266969,-17.424385,0.082414,54.921841,1.960457
14535,1.334971,0.885711,nan,0.082414,nan,3.070435
14536,0.855321,0.947323,-19.148544,0.082405,57.443993,2.095780
14537,1.186126,0.903355,nan,0.082405,nan,2.839213
14538,0.945503,0.648712,-21.357788,0.082396,57.102432,2.314700
14539,1.108221,0.513200,nan,0.082396,nan,2.642979
14540,1.015357,1.047149,-20.907551,0.082386,57.907761,2.428457
14541,1.183259,1.855195,nan,0.082386,nan,2.809069
14542,0.689897,0.880476,-23.203255,0.082377,56.173336,1.789929
14543,1.134825,0.827616,nan,0.082377,nan,2.702915
14544,1.004262,1.275489,-20.770821,0.082367,58.205883,2.423146
14545,1.093951,0.875954,nan,0.082367,nan,2.602463
14546,0.626157,1.084697,-23.150188,0.082358,59.091759,1.672479
14547,0.755103,0.784327,nan,0.082358,nan,1.900498
14548,0.803266,0.668399,-20.366707,0.082348,59.354507,2.005059
14549,1.294693,1.233126,nan,0.082348,nan,3.027119
14550,1.251356,0.654994,-16.754927,0.082339,58.046108,2.925984
14551,1.008811,1.990835,nan,0.082339,nan,2.470992
14552,0.830571,0.898430,-17.722178,0.082329,56.986744,2.050136
14553,0.739429,0.682514,nan,0.082329,nan,1.899212
14554,0.728449,0.757089,-22.313261,0.082320,58.481743,1.861981
14555,0.656923,0.748519,nan,0.082320,nan,1.754376
14556,0.874145,1.023824,-20.315979,0.082310,55.851753,2.183236
14557,1.065720,1.290605,nan,0.082310,nan,2.577710
14558,0.612605,1.125773,-19.777441,0.082301,57.363358,1.620455
14559,0.871280,1.383978,nan,0.082301,nan,2.125113
14560,0.936107,1.220544,-16.522892,0.082292,58.717781,2.272570
14561,1.029233,1.046037,nan,0.082292,nan,2.498185
14562,1.020318,1.731252,-18.730663,0.082282,59.537834,2.474750
14563,0.977301,1.965691,nan,0.082282,nan,2.365097
14564,0.798288,0.817876,-18.635468,0.082273,57.941280,2.008500
14565,0.910635,0.864047,nan,0.082273,nan,2.239407
14566,0.613061,0.660769,-24.441761,0.082263,60.218227,1.631033
14567,0.917586,1.030880,nan,0.082263,nan,2.272098
14568,1.109810,1.294172,-16.326401,0.082254,56.789665,2.614393
14569,1.093373,1.589090,nan,0.082254,nan,2.628791
14570,0.886088,1.400943,-22.127514,0.082244,59.795647,2.201668
14571,0.782871,1.001804,nan,0.082244,nan,1.963673
14572,0.854208,0.864373,-18.501865,0.082235,59.696014,2.114321
14573,0.736046,0.728015,nan,0.082235,nan,1.924912
14574,0.944744,0.863172,-21.571304,0.082225,57.994053,2.334503
14575,1.398797,1.348055,nan,0.082225,nan,3.259109
14576,0.989893,1.267191,-17.627323,0.082216,56.698822,2.396712
14577,1.986006,1.989253,nan,0.082216,nan,4.419581
14578,1.679179,1.805714,-15.585725,0.082206,59.421268,3.798343
14579,1.000526,0.923259,nan,0.082206,nan,2.416862
14580,1.144883,0.906605,-20.410395,0.082197,58.819962,2.695652
14581,0.921976,1.276501,nan,0.082197,nan,2.278087
14582,0.709962,1.262701,-22.053312,0.082187,59.041435,1.868940
14583,0.854466,1.014942,nan,0.082187,nan,2.129817
14584,0.681838,0.940869,-20.260162,0.082178,57.407608,1.727109
14585,1.196851,1.360912,nan,0.082178,nan,2.855912
14586,1.804085,1.644637,-16.945396,0.082168,57.598022,4.065365
14587,0.695887,0.697391,nan,0.082168,nan,1.800474
14588,1.214014,1.989773,-19.315748,0.082159,56.393288,2.859138
14589,0.972234,0.546640,nan,0.082159,nan,2.368018
14590,0.945816,0.730419,-20.270935,0.082149,57.619267,2.323951
14591,1.286525,0.812774,nan,0.082149,nan,2.984563
14592,1.377704,1.157433,-18.208874,0.082140,59.169548,3.162058
14593,1.087865,1.044341,nan,0.082140,nan,2.592006
14594,1.166920,0.986337,-18.679523,0.082130,59.343166,2.725352
14595,1.068477,0.953938,nan,0.082130,nan,2.549313
14596,0.664371,0.661165,-21.180614,0.082121,57.356209,1.752030
14597,0.771907,0.613047,nan,0.082121,nan,1.947256
14598,0.696483,0.665388,-21.339640,0.082111,56.145432,1.798838
14599,1.047993,0.959230,nan,0.082111,nan,2.488359
14600,0.826923,1.051604,-19.356314,0.082102,60.225227,2.054013
14601,1.432309,1.019284,nan,0.082102,nan,3.301115
14602,0.852841,0.728620,-18.230312,0.082092,56.043907,2.133832
14603,1.373749,1.015465,nan,0.082092,nan,3.181734
14604,0.888540,1.110266,-14.928115,0.082083,57.880264,2.214994
14605,0.577137,0.528978,nan,0.082083,nan,1.593233
14606,1.124568,0.874969,-19.828442,0.082074,59.619316,2.654512
14607,1.156681,0.939367,nan,0.082074,nan,2.743829
14608,0.852149,0.783972,-21.622391,0.082064,59.548283,2.132576
14609,1.422503,1.978630,nan,0.082064,nan,3.275556
14610,1.118796,1.770753,-19.450848,0.082055,54.728504,2.669971
14611,0.970558,1.053466,nan,0.082055,nan,2.374709
14612,0.899253,0.855011,-19.636848,0.082045,59.800377,2.225867
14613,0.776016,0.973078,nan,0.082045,nan,1.926076
14614,0.716828,0.781981,-18.622438,0.082036,57.980339,1.850093
14615,1.797690,1.890301,nan,0.082036,nan,4.000563
14616,0.902356,0.678196,-19.793650,0.082026,58.257217,2.238184
14617,1.619064,1.248754,nan,0.082026,nan,3.661601
14618,0.842088,0.968889,-20.168072,0.082017,58.897057,2.099525
14619,0.647286,0.571132,nan,0.082017,nan,1.711378
14620,1.019956,0.804688,-21.780149,0.082007,57.887978,2.463779
14621,1.285803,1.104815,nan,0.082007,nan,2.972027
14622,1.435372,0.944337,-21.124622,0.081998,58.290272,3.314092
14623,1.089921,0.810131,nan,0.081998,nan,2.566826
14624,1.110236,1.273984,-15.095058,0.081989,57.333603,2.614922
14625,1.083239,1.272257,nan,0.081989,nan,2.612688
14626,2.000233,1.814153,-17.210934,0.081979,57.530960,4.461277
14627,1.154826,1.252343,nan,0.081979,nan,2.735106
14628,1.279160,0.838417,-18.688105,0.081970,57.715942,2.981632
14629,1.056931,0.739951,nan,0.081970,nan,2.526899
14630,0.882633,0.662658,-18.000271,0.081960,58.612617,2.180080
14631,1.711560,1.021132,nan,0.081960,nan,3.832609
14632,0.966555,0.814577,-17.263985,0.081951,57.478981,2.316268
14633,1.159212,1.220725,nan,0.081951,nan,2.733154
14634,1.333906,1.459588,-18.438881,0.081942,56.406101,3.104572
14635,0.648219,0.679096,nan,0.081942,nan,1.654804
14636,0.827504,1.244373,-17.969337,0.081932,59.394985,2.092056
14637,1.579817,0.899046,nan,0.081932,nan,3.565408
14638,1.107548,0.865385,-18.235094,0.081923,59.548592,2.658784
14639,0.981446,0.856126,nan,0.081923,nan,2.383269
14640,1.986712,1.935453,-17.122099,0.081913,58.494980,4.403934
14641,1.498133,1.526813,nan,0.081913,nan,3.464954
14642,1.891110,1.340206,-21.646809,0.081904,59.353058,4.235282
14643,0.975073,0.887214,nan,0.081904,nan,2.335590
14644,2.140356,0.498017,-18.567539,0.081895,58.937744,4.762203
14645,1.924490,1.910407,nan,0.081895,nan,4.321039
14646,0.909596,1.119970,-21.640120,0.081885,59.450569,2.243932
14647,0.742022,0.915229,nan,0.081885,nan,1.879544
14648,0.698936,0.653208,-16.551334,0.081876,56.728649,1.780490
14649,1.550111,1.389632,nan,0.081876,nan,3.491150
14650,1.199572,1.337979,-17.425968,0.081866,58.799164,2.840600
14651,1.392242,1.460448,nan,0.081866,nan,3.217365
14652,0.759815,0.843046,-21.422554,0.081857,58.877365,1.966191
14653,1.451434,1.724700,nan,0.081857,nan,3.343607
14654,1.033329,0.835268,-19.758425,0.081847,58.001244,2.513395
14655,1.425296,1.393845,nan,0.081847,nan,3.303301
14656,0.730959,0.706387,-19.091600,0.081838,57.869926,1.895003
14657,1.142335,0.997342,nan,0.081838,nan,2.730654
14658,0.865425,0.826969,-19.386307,0.081829,57.695541,2.136775
14659,1.475910,1.169485,nan,0.081829,nan,3.398034
14660,2.039783,1.676903,-14.673841,0.081819,59.116467,4.531301
14661,0.864281,0.942986,nan,0.081819,nan,2.164672
14662,2.257150,1.710301,-17.724022,0.081810,58.263714,4.980503
14663,1.260597,1.392400,nan,0.081810,nan,2.964389
14664,0.654286,0.805067,-19.737892,0.081800,55.894966,1.684397
14665,2.180227,1.994093,nan,0.081800,nan,4.790299
14666,0.823308,0.712569,-20.578091,0.081791,59.195206,2.072390
14667,1.071207,1.912757,nan,0.081791,nan,2.586751
14668,1.656455,1.088242,-18.809240,0.081782,57.980919,3.743546
14669,0.641011,0.645573,nan,0.081782,nan,1.714856
14670,1.184585,1.171314,-17.131210,0.081772,58.505463,2.789701
14671,1.502805,1.950404,nan,0.081772,nan,3.425528
14672,1.606352,1.688715,-18.813459,0.081763,59.601402,3.655849
14673,1.010499,1.330747,nan,0.081763,nan,2.467868
14674,0.982368,1.612318,-20.576981,0.081753,57.813400,2.402848
14675,1.441392,1.378358,nan,0.081753,nan,3.297753
14676,0.985594,0.772871,-23.436958,0.081744,58.066528,2.387737
14677,2.079990,1.968985,nan,0.081744,nan,4.619973
14678,0.983674,1.027710,-24.663666,0.081735,59.150818,2.419525
14679,1.175582,1.057774,nan,0.081735,nan,2.795442
14680,1.365241,1.286789,-14.418689,0.081725,58.486588,3.194795
14681,1.529959,1.311209,nan,0.081725,nan,3.525459
14682,1.076266,0.884809,-15.572083,0.081716,59.875469,2.615462
14683,0.760132,0.715721,nan,0.081716,nan,1.933922
14684,0.832907,1.005873,-18.594664,0.081707,58.993225,2.091940
14685,1.437847,32.533752,nan,0.081707,nan,3.287230
14686,1.497319,5.499637,-18.001518,0.081697,58.948822,3.470348
14687,1.822399,1.881485,nan,0.081697,nan,4.100657
14688,1.083072,1.702063,-22.266918,0.081688,58.019485,2.621270
14689,0.693591,1.094407,nan,0.081688,nan,1.811886
14690,1.365752,1.585058,-14.519341,0.081678,57.253662,3.166631
14691,0.934995,1.497090,nan,0.081678,nan,2.310315
14692,1.383197,1.544243,-14.707379,0.081669,60.666084,3.221044
14693,0.786702,0.966308,nan,0.081669,nan,2.005063
14694,0.924042,0.803073,-21.607063,0.081660,57.363556,2.309525
14695,0.907221,0.815107,nan,0.081660,nan,2.206005
14696,1.048538,0.711002,-22.150864,0.081650,58.259720,2.539870
14697,1.329091,1.108223,nan,0.081650,nan,3.078221
14698,1.097614,1.577054,-16.375278,0.081641,58.000168,2.613226
14699,0.827923,0.862508,nan,0.081641,nan,2.089304
14700,0.892611,0.939289,-17.478573,0.081631,56.633789,2.221651
14701,1.652211,1.404456,nan,0.081631,nan,3.738759
14702,0.923446,0.697783,-19.210752,0.081622,60.116631,2.300874
14703,1.416635,1.047010,nan,0.081622,nan,3.257646
14704,1.019814,1.080280,-16.628620,0.081613,56.453156,2.472378
14705,0.911471,0.569095,nan,0.081613,nan,2.240210
14706,1.112148,0.808651,-17.375889,0.081603,57.515137,2.645314
14707,0.596143,0.774499,nan,0.081603,nan,1.594465
14708,0.926209,0.818836,-16.695591,0.081594,56.584625,2.272103
14709,0.906226,0.917565,nan,0.081594,nan,2.293195
14710,0.935595,0.869699,-15.671530,0.081585,57.554092,2.260778
14711,0.756725,0.799188,nan,0.081585,nan,1.895878
14712,1.269192,1.168831,-17.272053,0.081575,59.934944,2.943581
14713,0.916875,0.975855,nan,0.081575,nan,2.235202
14714,1.316605,1.216637,-18.702778,0.081566,58.871384,3.062952
14715,0.886242,0.601127,nan,0.081566,nan,2.196681
14716,0.873998,1.264720,-14.543971,0.081557,56.468075,2.167979
14717,1.262148,1.481772,nan,0.081557,nan,2.966190
14718,1.110116,0.942127,-16.829536,0.081548,56.407131,2.678001
14719,1.310760,0.841218,nan,0.081548,nan,3.028358
14720,0.681204,0.910906,-22.634340,0.081538,59.685551,1.764898
14721,2.262870,0.887345,nan,0.081538,nan,4.992241
14722,2.291512,0.688544,-18.847635,0.081529,57.248787,5.042078
14723,1.433437,1.157245,nan,0.081529,nan,3.305132
14724,1.093453,0.626246,-17.168646,0.081520,57.433346,2.620441
14725,1.539771,0.906284,nan,0.081520,nan,3.541760
14726,1.591426,1.834431,-17.654617,0.081510,59.261635,3.643280
14727,0.867742,0.967492,nan,0.081510,nan,2.157912
14728,1.054107,0.793356,-17.849363,0.081501,59.544926,2.552788
14729,0.873007,0.691861,nan,0.081501,nan,2.180357
14730,0.785685,1.002187,-18.904415,0.081492,60.493401,1.974032
14731,0.753278,0.641666,nan,0.081492,nan,1.909904
14732,0.833505,1.454859,-19.500610,0.081482,57.716896,2.104115
14733,1.222966,1.593976,nan,0.081482,nan,2.869312
14734,1.314526,1.650737,-20.174858,0.081473,59.321743,3.037575
14735,1.080169,0.736170,nan,0.081473,nan,2.589872
14736,1.159115,1.282743,-19.450481,0.081464,56.592224,2.750022
14737,1.549803,1.549135,nan,0.081464,nan,3.536352
14738,1.391101,1.679220,-15.875681,0.081455,58.907490,3.243570
14739,0.825135,1.027203,nan,0.081455,nan,2.081960
14740,0.950007,1.339519,-19.556232,0.081445,56.060638,2.265395
14741,1.880578,32.845329,nan,0.081445,nan,4.196698
14742,0.974387,1.358888,-18.770401,0.081436,59.209442,2.379500
14743,2.068152,1.450441,nan,0.081436,nan,4.596196
14744,1.407146,1.207154,-19.484228,0.081427,57.857582,3.210268
14745,1.098152,2.337192,nan,0.081427,nan,2.604143
14746,1.033598,1.013324,-15.500269,0.081417,59.553997,2.510484
14747,1.101613,0.991611,nan,0.081417,nan,2.628351
14748,1.559310,1.958764,-18.074877,0.081408,58.686111,3.557672
14749,1.151943,1.011860,nan,0.081408,nan,2.753374
14750,2.349928,2.190950,-18.485302,0.081399,55.839081,5.171884
14751,1.145216,1.399882,nan,0.081399,nan,2.757867
14752,1.813730,1.889922,-17.624071,0.081390,55.572262,4.070855
14753,1.774060,2.847575,nan,0.081390,nan,3.940418
14754,1.514744,1.950213,-14.639712,0.081380,57.402161,3.408079
14755,1.374162,1.214433,nan,0.081380,nan,3.161949
14756,1.237899,1.641050,-20.136436,0.081371,60.790607,2.886848
14757,1.817228,2.442579,nan,0.081371,nan,4.040316
14758,1.748410,2.115908,-17.386847,0.081362,57.262001,3.904772
14759,1.714941,2.066503,nan,0.081362,nan,3.872135
14760,0.992776,0.986775,-22.365631,0.081353,57.775772,2.398188
14761,0.938550,1.175400,nan,0.081353,nan,2.271087
14762,1.366168,1.115363,-19.072594,0.081343,59.028484,3.109778
14763,1.342043,1.663684,nan,0.081343,nan,3.052394
14764,1.155020,0.944021,-18.642759,0.081334,60.427776,2.715277
14765,1.743239,1.671522,nan,0.081334,nan,3.898274
14766,1.615374,1.381745,-18.848034,0.081325,59.867603,3.662324
14767,0.916426,1.277684,nan,0.081325,nan,2.231884
14768,1.209291,1.751542,-16.106636,0.081316,58.511330,2.848655
14769,2.526930,2.282633,nan,0.081316,nan,5.531641
14770,1.470340,1.352807,-19.481094,0.081306,58.238029,3.362405
14771,2.482365,2.280926,nan,0.081306,nan,5.423528
14772,1.005491,0.756227,-18.997242,0.081297,58.486668,2.440776
14773,0.744476,0.798979,nan,0.081297,nan,1.899383
14774,2.391693,22.240274,21.391954,0.081288,56.906128,5.187911
14775,1.714212,2.389204,nan,0.081288,nan,3.856364
14776,0.859702,1.619391,-16.908094,0.081278,58.405266,2.140223
14777,0.894939,1.443878,nan,0.081278,nan,2.217036
14778,0.745298,0.708435,-21.770290,0.081269,58.711632,1.958007
14779,1.200355,1.756214,nan,0.081269,nan,2.826343
14780,0.929522,1.129302,-19.850964,0.081260,59.482864,2.281083
14781,1.530987,1.288014,nan,0.081260,nan,3.500548
14782,1.371806,1.188681,-16.779263,0.081251,59.434250,3.171479
14783,1.024823,0.768109,nan,0.081251,nan,2.439909
14784,2.089669,2.421745,-14.809593,0.081241,58.147820,4.545496
14785,1.162415,1.026424,nan,0.081241,nan,2.704871
14786,2.191354,1.993462,-17.164383,0.081232,59.126144,4.815467
14787,1.229981,1.232961,nan,0.081232,nan,2.889819
14788,0.879822,1.063600,-15.538148,0.081223,59.821487,2.149862
14789,1.080056,1.213920,nan,0.081223,nan,2.586482
14790,1.888677,1.903893,-17.053185,0.081213,60.409454,4.191105
14791,0.514538,1.270210,nan,0.081213,nan,1.328422
14792,1.598253,1.659102,-18.269974,0.081204,59.459534,3.615368
14793,2.374433,1.844793,nan,0.081204,nan,5.183244
14794,1.822552,3.068739,-12.129225,0.081195,57.684162,4.085709
14795,1.627261,1.783582,nan,0.081195,nan,3.645078
14796,1.836778,1.606716,-16.224682,0.081185,57.976696,4.063224
14797,1.376585,1.307149,nan,0.081185,nan,3.160271
14798,1.265857,1.110365,-19.531317,0.081176,58.423363,2.979141
14799,0.943485,1.389471,nan,0.081176,nan,2.309108
14800,1.283328,1.355895,-15.997722,0.081167,60.526550,2.994731
14801,1.208620,1.703654,nan,0.081167,nan,2.828734
14802,2.713790,2.376281,-14.045334,0.081158,57.921577,5.890507
14803,0.674287,0.839138,nan,0.081158,nan,1.761162
14804,0.770509,0.844765,-19.399923,0.081148,58.979061,1.971127
14805,2.392742,2.229702,nan,0.081148,nan,5.212032
14806,2.326914,1.811194,-13.843632,0.081139,59.286232,5.095735
14807,1.068123,1.735100,nan,0.081139,nan,2.579367
14808,1.712659,1.950013,-14.402972,0.081130,59.606888,3.882174
14809,0.998260,1.396604,nan,0.081130,nan,2.442603
14810,1.528065,1.079848,-17.809486,0.081120,56.495697,3.498084
14811,0.993759,1.191064,nan,0.081120,nan,2.433997
14812,1.100461,0.871184,-20.373327,0.081111,58.745071,2.627993
14813,1.686144,1.134951,nan,0.081111,nan,3.817673
14814,1.390364,1.621551,-15.440109,0.081102,57.632156,3.243153
14815,0.879727,1.658191,nan,0.081102,nan,2.205009
14816,1.118429,1.104172,-18.428082,0.081093,56.749176,2.680777
14817,0.850752,0.901411,nan,0.081093,nan,2.105668
14818,0.930556,0.745900,-20.072062,0.081083,58.618263,2.257333
14819,0.830047,0.817695,nan,0.081083,nan,2.092621
14820,0.962615,1.785006,-17.957863,0.081074,58.239971,2.366229
14821,1.489748,1.342447,nan,0.081074,nan,3.423623
14822,0.682078,1.099927,-20.188896,0.081065,59.284081,1.801254
14823,1.447375,2.905383,nan,0.081065,nan,3.337507
14824,1.469204,1.177592,-14.766675,0.081056,60.401482,3.405063
14825,1.426459,1.221062,nan,0.081056,nan,3.276105
14826,0.743212,0.867968,-15.727169,0.081046,57.860474,1.917195
14827,1.474431,0.983752,nan,0.081046,nan,3.363936
14828,1.319280,1.275268,-16.704819,0.081037,58.898300,3.096176
14829,1.532272,0.904754,nan,0.081037,nan,3.517212
14830,1.055481,0.982752,-20.006744,0.081028,60.267666,2.557064
14831,1.260477,1.389013,nan,0.081028,nan,2.967092
14832,2.068026,1.285499,-14.096739,0.081019,58.725761,4.577176
14833,1.486526,1.062433,nan,0.081019,nan,3.423162
14834,0.815958,1.184624,-15.956751,0.081009,60.387489,2.070968
14835,1.449229,1.737563,nan,0.081009,nan,3.299838
14836,1.558410,1.420385,-13.910152,0.081000,57.255230,3.565911
14837,1.753825,1.952720,nan,0.081000,nan,3.975515
14838,1.020572,1.002194,-17.622604,0.080991,61.034416,2.480425
14839,0.980571,0.851257,nan,0.080991,nan,2.366345
14840,1.399151,1.083825,-19.048752,0.080982,59.296551,3.275167
14841,1.195040,1.754393,nan,0.080982,nan,2.862391
14842,1.485895,1.501357,-19.289761,0.080972,60.145348,3.404442
14843,0.990591,1.222247,nan,0.080972,nan,2.456604
14844,1.289674,1.153682,-15.231853,0.080963,57.424469,3.093324
14845,0.902391,1.529083,nan,0.080963,nan,2.273223
14846,1.700803,1.479095,-17.071676,0.080954,60.002403,3.843219
14847,1.818777,1.958021,nan,0.080954,nan,4.070427
14848,1.479351,1.531332,-18.415249,0.080944,59.460381,3.427490
14849,0.902349,1.151921,nan,0.080944,nan,2.270624
14850,1.574010,1.595142,-17.481659,0.080935,58.415665,3.599188
14851,1.376816,1.126976,nan,0.080935,nan,3.160896
14852,0.970746,0.932234,-8.106641,0.080926,59.808723,2.344907
14853,2.138832,1.814624,nan,0.080926,nan,4.720753
14854,1.760949,1.539684,-15.594083,0.080917,60.175415,4.005300
14855,1.135397,0.952210,nan,0.080917,nan,2.710380
14856,1.033960,0.751694,-17.584534,0.080907,60.107422,2.544787
14857,1.400411,1.001168,nan,0.080907,nan,3.236701
14858,1.730114,1.291653,-16.090555,0.080898,57.616241,3.960984
14859,1.118887,0.673959,nan,0.080898,nan,2.657717
14860,1.122503,0.704113,-13.075363,0.080889,58.451485,2.680644
14861,1.577871,1.062760,nan,0.080889,nan,3.596960
14862,1.432104,1.359003,-18.373974,0.080880,56.340668,3.324279
14863,1.018090,0.699574,nan,0.080880,nan,2.519641
14864,1.765511,1.160114,-15.685390,0.080870,59.600468,3.999229
14865,0.731553,0.859159,nan,0.080870,nan,1.877920
14866,0.882030,2.289576,-14.892780,0.080861,59.989792,2.187276
14867,1.202332,1.504910,nan,0.080861,nan,2.834246
14868,1.189820,1.192223,-14.935506,0.080852,57.508362,2.801870
14869,0.760154,0.898490,nan,0.080852,nan,1.921966
14870,1.518297,1.101912,-14.414539,0.080843,59.343468,3.492083
14871,1.816428,23.225273,nan,0.080843,nan,4.088120
14872,1.321261,2.132405,-12.081587,0.080833,58.819733,3.082991
14873,1.076951,1.306246,nan,0.080833,nan,2.603822
14874,0.985244,1.675425,-18.385483,0.080824,58.576405,2.395734
14875,1.710195,2.298305,nan,0.080824,nan,3.879419
14876,0.910581,1.168633,-17.800171,0.080815,59.275295,2.287223
14877,1.235703,1.851876,nan,0.080815,nan,2.909286
14878,1.670252,1.959016,-19.291496,0.080806,59.612450,3.802486
14879,1.351213,1.246775,nan,0.080806,nan,3.151296
14880,1.385169,1.366431,-11.832254,0.080796,59.398273,3.224811
14881,1.073417,1.181693,nan,0.080796,nan,2.597888
14882,1.741654,2.096259,-17.936726,0.080787,57.079212,3.950946
14883,1.459307,1.533633,nan,0.080787,nan,3.362933
14884,1.124053,1.219571,-13.331116,0.080778,62.058125,2.663752
14885,1.413211,2.025916,nan,0.080778,nan,3.257671
14886,1.689038,1.895838,-16.131865,0.080769,58.822632,3.846895
14887,2.699556,2.958425,nan,0.080769,nan,5.874463
14888,1.337535,1.325784,-16.935146,0.080759,61.788769,3.129880
14889,1.005494,1.213538,nan,0.080759,nan,2.445147
14890,1.262391,1.504929,-14.391760,0.080750,59.227974,2.999917
14891,1.301154,1.369738,nan,0.080750,nan,3.053080
14892,1.665031,3.066601,-14.063535,0.080741,59.246696,3.747244
14893,1.023860,2.162998,nan,0.080741,nan,2.481437
14894,1.452483,1.449647,-11.992246,0.080732,58.943207,3.345328
14895,0.869666,1.151433,nan,0.080732,nan,2.168961
14896,1.171151,1.300782,-15.898009,0.080722,59.160229,2.778851
14897,0.698628,1.000560,nan,0.080722,nan,1.815508
14898,1.291283,1.583844,-16.649574,0.080713,57.688198,3.035258
14899,1.289664,1.180865,nan,0.080713,nan,2.992075
14900,0.905375,1.127192,-16.177725,0.080704,61.120251,2.257473
14901,0.831526,0.970366,nan,0.080704,nan,2.090161
14902,1.497032,1.725021,-13.092617,0.080695,58.336903,3.467775
14903,1.259547,1.369867,nan,0.080695,nan,2.971832
14904,1.044143,0.996685,-14.106333,0.080685,60.654716,2.553335
14905,2.300498,1.825384,nan,0.080685,nan,5.111693
14906,1.147840,1.432435,-14.522812,0.080676,59.203228,2.764558
14907,1.438344,1.155992,nan,0.080676,nan,3.333397
14908,1.472859,0.914541,-11.549763,0.080667,58.745239,3.380541
14909,0.779529,1.002895,nan,0.080667,nan,1.973175
14910,1.385218,1.523362,-9.284842,0.080658,58.003395,3.175799
14911,1.331158,1.135635,nan,0.080658,nan,3.103045
14912,1.205904,1.399972,-14.063082,0.080648,60.339458,2.780914
14913,1.355960,1.121607,nan,0.080648,nan,3.142663
14914,1.250755,1.321027,-9.157808,0.080639,59.079948,2.891843
14915,2.199819,1.720762,nan,0.080639,nan,4.877635
14916,1.678311,1.218182,-10.142735,0.080630,60.242508,3.813310
14917,1.532806,1.724572,nan,0.080630,nan,3.560167
14918,1.810760,1.901259,-12.750874,0.080621,56.873981,4.100935
14919,1.377874,1.273298,nan,0.080621,nan,3.240492
14920,1.732852,1.197670,-13.462682,0.080612,61.199284,3.933945
14921,1.791212,2.020029,nan,0.080612,nan,4.069944
14922,0.807044,1.384190,-14.212639,0.080602,58.582458,2.029412
14923,1.345434,1.567904,nan,0.080602,nan,3.134362
14924,1.278871,2.018157,-14.559259,0.080593,59.512581,3.033370
14925,1.542454,1.603813,nan,0.080593,nan,3.523396
14926,1.444128,1.600837,-14.123642,0.080584,59.352516,3.320767
14927,1.956595,1.900667,nan,0.080584,nan,4.348516
14928,1.903664,3.159594,-8.780900,0.080575,57.045624,4.260575
14929,1.460967,1.524929,nan,0.080575,nan,3.387939
14930,1.545854,1.620995,-8.178009,0.080566,58.310612,3.537848
14931,1.711684,2.475788,nan,0.080566,nan,3.859961
14932,1.186166,1.411040,-15.575523,0.080556,61.592415,2.825758
14933,1.094913,1.751602,nan,0.080556,nan,2.646961
14934,1.243612,4.079912,-12.868862,0.080547,59.998322,2.940202
14935,2.029422,2.423003,nan,0.080547,nan,4.531211
14936,1.648930,1.922810,-15.190454,0.080538,58.805225,3.775626
14937,1.076177,1.124213,nan,0.080538,nan,2.617855
14938,1.412455,1.733565,-8.898824,0.080529,58.136559,3.250349
14939,1.508803,2.218435,nan,0.080529,nan,3.483732
14940,1.204509,1.553861,-7.681828,0.080520,58.830566,2.866645
14941,0.918084,1.135437,nan,0.080520,nan,2.289702
14942,1.418729,2.369940,-8.331078,0.080510,57.138252,3.316000
14943,1.466196,2.236380,nan,0.080510,nan,3.397901
14944,1.090691,1.382177,-12.781725,0.080501,58.144081,2.632393
14945,1.491069,1.729850,nan,0.080501,nan,3.428013
14946,2.429616,2.959886,-8.370351,0.080492,59.749168,5.354077
14947,1.749685,2.833786,nan,0.080492,nan,3.938310
14948,1.842137,1.605355,-10.204821,0.080483,61.388229,4.140655
14949,1.655447,1.585623,nan,0.080483,nan,3.783178
14950,1.792924,3.526664,-14.556499,0.080474,58.827763,4.009780
14951,1.411998,1.888761,nan,0.080474,nan,3.296359
14952,1.042276,1.164994,-11.129157,0.080465,59.844067,2.478583
14953,1.588741,1.818453,nan,0.080465,nan,3.600967
14954,2.208652,2.149090,-8.934253,0.080455,61.163246,4.870581
14955,1.500139,7.060977,nan,0.080455,nan,3.403637
14956,2.097041,2.661272,-13.017241,0.080446,57.915390,4.667687
14957,1.267395,1.724700,nan,0.080446,nan,2.984045
14958,2.192192,2.294447,-8.274502,0.080437,59.960739,4.831777
14959,2.183259,5.108378,nan,0.080437,nan,4.844023
14960,1.519001,2.292481,-11.769535,0.080428,57.754848,3.518018
14961,1.392768,2.156297,nan,0.080428,nan,3.249504
14962,1.887098,2.608734,-9.851106,0.080419,59.125751,4.225832
14963,1.531034,1.788732,nan,0.080419,nan,3.509100
14964,1.224672,1.746662,-9.804220,0.080410,58.086029,2.901922
14965,1.487432,2.300389,nan,0.080410,nan,3.440971
14966,1.560935,1.624382,-9.865833,0.080401,60.674240,3.596300
14967,1.518704,1.934582,nan,0.080401,nan,3.504084
14968,1.111007,1.220759,-10.673610,0.080391,59.450119,2.668259
14969,1.339752,1.892210,nan,0.080391,nan,3.091176
14970,1.034996,1.533167,-12.082062,0.080382,60.808144,2.472903
14971,1.417558,1.781957,nan,0.080382,nan,3.264682
14972,0.974514,1.136227,-11.452085,0.080373,59.876389,2.370276
14973,1.035844,1.187597,nan,0.080373,nan,2.527081
14974,1.025641,1.414104,-13.852587,0.080364,57.138844,2.516860
14975,1.110005,1.603590,nan,0.080364,nan,2.668478
14976,0.823437,1.085496,-14.211588,0.080355,59.559834,2.075610
14977,0.955453,1.334897,nan,0.080355,nan,2.361902
14978,0.853748,1.200633,-12.848053,0.080346,59.859833,2.167274
14979,0.890870,1.227543,nan,0.080346,nan,2.249283
14980,1.149483,1.527155,-16.390259,0.080336,61.011436,2.766633
14981,0.745947,0.790963,nan,0.080336,nan,1.940203
14982,1.014184,1.088674,-13.086136,0.080327,60.309071,2.489714
14983,0.957699,1.140049,nan,0.080327,nan,2.377893
14984,1.598001,1.643937,-6.518242,0.080318,58.297344,3.659079
14985,1.215779,1.376564,nan,0.080318,nan,2.908902
14986,1.201263,1.311891,-15.785146,0.080309,60.681023,2.899731
14987,1.232610,1.131809,nan,0.080309,nan,2.931419
14988,1.052256,1.182579,-9.019782,0.080300,57.951859,2.558141
14989,1.175274,1.068399,nan,0.080300,nan,2.831618
14990,1.046988,1.077350,-16.067970,0.080291,58.315872,2.582073
14991,1.352186,1.533000,nan,0.080291,nan,3.198407
14992,0.959644,1.260445,-9.349396,0.080281,60.032547,2.368460
14993,1.164752,1.398013,nan,0.080281,nan,2.791939
14994,1.137968,1.151961,-12.026075,0.080272,59.934753,2.733615
14995,1.555740,1.505872,nan,0.080272,nan,3.599408
14996,2.160699,1.714002,-11.357341,0.080263,61.635338,4.834171
14997,1.514196,1.183792,nan,0.080263,nan,3.522441
14998,1.290760,1.134949,-8.601706,0.080254,56.911022,3.051972
14999,1.100800,1.160568,nan,0.080254,nan,2.695619
15000,1.203193,2.733647,-8.343134,0.080245,59.906483,2.886224
15001,1.009748,1.085424,nan,0.080245,nan,2.477258
15002,1.232979,1.203729,-12.680837,0.080236,58.365574,2.952058
15003,1.843774,2.206554,nan,0.080236,nan,4.224294
15004,1.345337,1.349036,-11.922958,0.080226,60.927284,3.202523
15005,0.916130,1.061912,nan,0.080226,nan,2.331129
15006,1.331424,1.305489,-9.371805,0.080217,58.064083,3.142555
15007,0.976245,4.146849,nan,0.080217,nan,2.447654
15008,1.076982,1.229884,-12.251074,0.080208,58.771976,2.646027
15009,1.444430,1.521602,nan,0.080208,nan,3.350158
15010,1.066440,2.551493,-7.670107,0.080199,59.710304,2.628654
15011,1.440850,1.574521,nan,0.080199,nan,3.343139
15012,1.137078,1.308899,-9.641396,0.080190,60.863785,2.733137
15013,0.834607,1.232826,nan,0.080190,nan,2.132937
15014,0.985334,1.172584,-10.197255,0.080181,60.677704,2.420622
15015,1.070407,1.127608,nan,0.080181,nan,2.592245
15016,1.158697,1.332645,-9.568222,0.080172,63.375214,2.782910
15017,1.160490,1.124910,nan,0.080172,nan,2.771386
15018,0.834360,0.895714,-9.817905,0.080162,57.826492,2.123582
15019,1.183829,1.919502,nan,0.080162,nan,2.880913
15020,1.166422,1.609420,-12.339594,0.080153,59.939613,2.837103
15021,1.441654,1.755449,nan,0.080153,nan,3.378153
15022,1.162202,1.530392,-8.717113,0.080144,60.753296,2.810721
15023,1.459670,1.557742,nan,0.080144,nan,3.397393
15024,1.022517,1.337094,-9.858015,0.080135,59.037468,2.513862
15025,1.459506,1.827007,nan,0.080135,nan,3.418326
15026,1.325686,1.506727,-11.483932,0.080126,61.731571,3.139272
15027,1.176378,1.264466,nan,0.080126,nan,2.814559
15028,1.478112,1.654976,-9.392002,0.080117,58.308784,3.455799
15029,1.066775,1.644024,nan,0.080117,nan,2.605525
15030,1.208759,1.301199,-11.776201,0.080107,57.753029,2.926637
15031,0.910648,1.072833,nan,0.080107,nan,2.310995
15032,0.942643,14.897804,7.376179,0.080098,58.751514,2.346961
15033,1.178813,1.376728,nan,0.080098,nan,2.834189
15034,1.022632,1.211113,-10.234763,0.080089,58.289024,2.510665
15035,1.055874,1.185030,nan,0.080089,nan,2.593292
15036,0.916987,0.931838,-5.661827,0.080080,59.953751,2.306140
15037,1.414087,1.243795,nan,0.080080,nan,3.315910
15038,1.372675,1.562480,-8.968336,0.080071,60.560959,3.224685
15039,1.370473,1.192952,nan,0.080071,nan,3.209190
15040,0.879995,1.099375,-12.756879,0.080062,59.751816,2.256284
15041,0.842212,1.101767,nan,0.080062,nan,2.199809
15042,0.797963,1.367678,-12.169498,0.080053,58.696545,2.104397
15043,2.528307,2.365694,nan,0.080053,nan,5.508273
15044,1.056101,1.569635,-8.385805,0.080044,62.813171,2.597282
15045,1.725080,1.911308,nan,0.080044,nan,3.920259
15046,1.006941,2.225734,-10.251655,0.080034,61.605774,2.496985
15047,1.036961,2.044899,nan,0.080034,nan,2.552449
15048,1.375621,2.548016,-11.402185,0.080025,60.032059,3.201236
15049,0.626374,1.254515,nan,0.080025,nan,1.680969
15050,0.881981,1.205520,-7.268691,0.080016,61.687962,2.251673
15051,1.590272,1.812492,nan,0.080016,nan,3.661820
15052,1.607029,1.675894,-8.252998,0.080007,57.737938,3.700455
15053,0.932827,1.384412,nan,0.080007,nan,2.377801
15054,0.742627,0.765981,-10.288031,0.079998,62.588993,1.989558
15055,0.775007,1.214729,nan,0.079998,nan,2.022466
15056,0.657143,1.010658,-12.681105,0.079988,58.989918,1.785610
15057,0.845465,1.138496,nan,0.079988,nan,2.136961
15058,1.000445,1.421242,-8.446263,0.079979,60.364067,2.471146
15059,0.678425,0.982401,nan,0.079979,nan,1.853122
15060,0.721812,1.238157,-6.528584,0.079970,60.533989,1.895687
15061,0.958836,1.197069,nan,0.079970,nan,2.397812
15062,0.968414,1.965860,-6.564361,0.079961,58.317612,2.400475
15063,0.728099,2.412791,nan,0.079961,nan,1.906392
15064,1.676073,1.673996,-9.455206,0.079952,60.179192,3.810784
15065,1.188924,1.164415,nan,0.079952,nan,2.846161
15066,1.421097,1.520191,-8.865697,0.079943,60.537872,3.300487
15067,1.016632,1.512478,nan,0.079943,nan,2.505697
15068,0.866223,1.167156,-7.707968,0.079934,60.530243,2.202512
15069,1.052496,2.624311,nan,0.079934,nan,2.579384
15070,1.457530,1.872381,-8.674986,0.079924,58.426796,3.410051
15071,1.159697,1.035530,nan,0.079924,nan,2.789701
15072,1.802053,2.036559,-7.565769,0.079915,59.845661,4.076737
15073,1.581320,1.529183,nan,0.079915,nan,3.644655
15074,0.832345,0.969674,-8.565145,0.079906,58.423527,2.116037
15075,1.047084,0.935929,nan,0.079906,nan,2.551026
15076,0.726115,0.786648,-6.760810,0.079897,61.652672,1.908864
15077,1.402923,1.209280,nan,0.079897,nan,3.293587
15078,1.587189,2.301003,-10.668028,0.079888,60.207375,3.626599
15079,0.938676,1.085028,nan,0.079888,nan,2.331611
15080,1.435707,1.868836,-10.116607,0.079879,60.001842,3.333949
15081,1.330840,1.755097,nan,0.079879,nan,3.091944
15082,0.782699,1.008702,-9.118097,0.079870,59.505714,2.006892
15083,0.947907,3.966971,nan,0.079870,nan,2.321273
15084,0.722833,1.286945,-9.090995,0.079861,59.366463,1.861255
15085,1.539547,1.834351,nan,0.079861,nan,3.506479
15086,1.092529,1.577196,-7.275584,0.079851,60.090656,2.586803
15087,2.390615,2.694644,nan,0.079851,nan,5.198790
15088,1.849320,1.937470,-10.191986,0.079842,60.667755,4.096566
15089,1.255869,1.488305,nan,0.079842,nan,2.933447
15090,1.159166,1.628126,-9.620173,0.079833,61.906181,2.755195
15091,1.616977,1.926743,nan,0.079833,nan,3.633707
15092,0.809815,0.789356,-8.020168,0.079824,58.870937,2.055453
15093,1.075619,1.579396,nan,0.079824,nan,2.551336
15094,1.345537,1.641243,-7.706468,0.079815,62.480083,3.095708
15095,2.671498,2.983043,nan,0.079815,nan,5.768058
15096,1.372487,1.688203,-10.747517,0.079806,60.803066,3.165157
15097,1.025607,1.208907,nan,0.079806,nan,2.436162
15098,1.182952,1.223921,-6.912086,0.079797,62.209991,2.784743
15099,0.931134,1.192448,nan,0.079797,nan,2.284706
15100,0.698286,1.050701,-9.061106,0.079787,60.676342,1.797202
15101,1.657068,1.683104,nan,0.079787,nan,3.734892
15102,1.375009,2.137092,-4.322877,0.079778,58.973198,3.151728
15103,1.715551,1.817835,nan,0.079778,nan,3.814439
15104,0.803522,0.983367,-8.824249,0.079769,57.494217,2.039216
15105,1.382359,1.390224,nan,0.079769,nan,3.154936
15106,1.803776,1.766496,-4.049084,0.079760,59.522331,4.006193
15107,1.901089,1.555837,nan,0.079760,nan,4.230970
15108,1.503013,1.352301,-5.606407,0.079751,58.122986,3.417386
15109,1.126340,1.899681,nan,0.079751,nan,2.656647
15110,0.671116,13.305147,-2.225752,0.079742,62.077724,1.744301
15111,1.178023,1.919849,nan,0.079742,nan,2.727099
15112,0.807276,1.480706,-8.099846,0.079733,57.979553,2.006943
15113,1.357311,1.514917,nan,0.079733,nan,3.104690
15114,1.381360,2.080969,-6.758478,0.079724,59.206558,3.158972
15115,0.779576,0.911011,nan,0.079724,nan,1.948709
15116,1.246617,1.275700,-8.402088,0.079715,62.808693,2.862920
15117,0.900123,1.515131,nan,0.079715,nan,2.185219
15118,1.013182,1.255208,-9.248194,0.079706,59.555107,2.425235
15119,1.718540,1.631871,nan,0.079706,nan,3.817586
15120,0.885686,0.795689,-8.202005,0.079697,61.000343,2.153635
15121,1.037543,1.232107,nan,0.079697,nan,2.439022
15122,1.469495,1.513007,-5.310706,0.079687,60.103355,3.314665
15123,1.383609,1.419341,nan,0.079687,nan,3.138020
15124,0.863409,0.971038,-9.171876,0.079678,61.027641,2.117616
15125,1.346617,1.569478,nan,0.079678,nan,3.061477
15126,0.997857,0.970359,-5.066497,0.079669,60.632164,2.382314
15127,1.994025,1.804412,nan,0.079669,nan,4.365211
15128,1.576127,1.047669,-4.421640,0.079660,61.794327,3.512014
15129,1.612783,1.749435,nan,0.079660,nan,3.603662
15130,2.330330,2.070103,-6.505951,0.079651,59.548653,5.045838
15131,2.387070,1.795618,nan,0.079651,nan,5.142660
15132,0.838729,0.896960,-6.650107,0.079642,59.505077,2.026195
15133,1.772245,1.958737,nan,0.079642,nan,3.927166
15134,1.768068,1.303029,-5.826859,0.079633,60.805733,3.912507
15135,2.366960,1.285218,nan,0.079633,nan,5.108601
15136,1.503864,1.346092,-5.174458,0.079624,59.565968,3.328817
15137,1.534674,1.246202,nan,0.079624,nan,3.409621
15138,1.582385,1.131579,-7.864110,0.079615,61.358521,3.511368
15139,0.896504,0.978185,nan,0.079615,nan,2.143621
15140,1.694566,1.058251,-6.001499,0.079605,60.632988,3.722327
15141,1.578742,1.485785,nan,0.079605,nan,3.518079
15142,1.934331,2.052876,-4.522995,0.079596,60.032005,4.245571
15143,1.885677,1.778649,nan,0.079596,nan,4.116118
15144,0.859715,0.787883,-9.727944,0.079587,61.306847,2.080533
15145,2.029734,1.606153,nan,0.079587,nan,4.422819
15146,1.848982,2.135149,-5.529120,0.079578,60.172760,4.007859
15147,1.558313,2.349967,nan,0.079578,nan,3.454636
15148,1.201752,1.718232,-5.694030,0.079569,61.381828,2.728422
15149,1.536362,1.977167,nan,0.079569,nan,3.432044
15150,2.680935,2.597322,-1.339331,0.079560,61.361725,5.726155
15151,0.706414,0.894256,nan,0.079560,nan,1.727204
15152,1.604013,1.476882,-4.672120,0.079551,63.986115,3.547565
15153,2.551569,1.980837,nan,0.079551,nan,5.456267
15154,1.346511,1.570801,-7.287812,0.079542,60.129665,3.061710
15155,0.995905,1.569591,nan,0.079542,nan,2.338462
15156,1.095398,1.428968,-6.634260,0.079532,61.387260,2.521158
15157,1.656578,1.316455,nan,0.079532,nan,3.667187
15158,0.884429,1.172181,-4.300767,0.079523,61.880615,2.135412
15159,1.194278,1.294455,nan,0.079523,nan,2.751136
15160,1.466381,1.132412,-7.816688,0.079514,60.650257,3.282329
15161,1.510672,1.502524,nan,0.079514,nan,3.398100
15162,1.224158,1.191309,-6.252570,0.079505,58.578827,2.794235
15163,2.113496,55.366585,nan,0.079505,nan,4.600030
15164,1.405964,1.676486,-5.771752,0.079496,60.650513,3.140265
15165,1.200951,26.771679,nan,0.079496,nan,2.739371
15166,1.565417,25.345358,42.950584,0.079487,59.166336,3.478874
15167,2.206202,1.308972,nan,0.079487,nan,4.771255
15168,1.465649,1.260498,-6.676285,0.079478,60.723267,3.302138
15169,1.769108,1.737137,nan,0.079478,nan,3.876909
15170,1.658803,2.084248,-7.343034,0.079469,58.489525,3.662105
15171,1.397642,21.064188,nan,0.079469,nan,3.108719
15172,1.401937,7.152271,0.215728,0.079459,61.667324,3.100462
15173,1.152084,3.007581,nan,0.079459,nan,2.621669
15174,1.303905,2.710490,-3.382231,0.079450,59.378624,2.918405
15175,0.940248,2.760788,nan,0.079450,nan,2.194148
15176,1.593024,1.828667,-3.577374,0.079441,60.117077,3.497999
15177,1.422238,1.503338,nan,0.079441,nan,3.168762
15178,0.949216,1.682287,-4.666046,0.079432,60.166756,2.216567
15179,0.749570,1.261937,nan,0.079432,nan,1.798586
15180,0.957765,1.061892,-5.015985,0.079423,61.111904,2.266227
15181,2.166033,1.373170,nan,0.079423,nan,4.661662
15182,0.964831,1.078523,-6.806603,0.079414,60.595909,2.233399
15183,1.090372,1.538353,nan,0.079414,nan,2.467391
15184,0.887108,1.156343,-3.392871,0.079405,60.517708,2.073525
15185,0.825817,1.407254,nan,0.079405,nan,1.979184
15186,0.760805,1.034665,-5.390872,0.079396,61.712765,1.849069
15187,1.578198,1.451448,nan,0.079396,nan,3.503853
15188,1.390493,8.031919,-0.319279,0.079387,60.054184,3.127959
15189,1.871568,1.887370,nan,0.079387,nan,4.089893
15190,1.359597,1.660981,-2.948600,0.079378,63.321625,3.050583
15191,1.157641,1.161726,nan,0.079378,nan,2.662941
15192,1.259890,1.958404,-1.248919,0.079369,62.286964,2.866380
15193,1.026442,1.450898,nan,0.079369,nan,2.437762
15194,1.075835,1.578938,-8.179928,0.079360,60.390869,2.511086
15195,1.040582,1.021079,nan,0.079360,nan,2.414606
15196,1.483512,1.729980,-6.016339,0.079350,59.197411,3.309538
15197,1.261230,1.758191,nan,0.079350,nan,2.882014
15198,1.310358,1.451338,-4.650368,0.079341,60.182327,2.949686
15199,1.097049,1.718856,nan,0.079341,nan,2.515254
15200,0.907724,1.311276,-6.574605,0.079332,59.188171,2.175891
15201,1.166920,1.293069,nan,0.079332,nan,2.667557
15202,1.588244,1.661142,-3.014084,0.079323,61.907383,3.528890
15203,1.160960,1.492015,nan,0.079323,nan,2.682291
15204,1.313705,1.476872,-6.345628,0.079314,58.789219,2.956066
15205,1.202079,1.713394,nan,0.079314,nan,2.710087
15206,1.358657,2.269788,-2.604190,0.079305,61.881969,3.042811
15207,0.804334,0.942747,nan,0.079305,nan,1.931860
15208,1.474992,1.893718,-5.091911,0.079296,62.770679,3.295023
15209,1.065838,1.333201,nan,0.079296,nan,2.438105
15210,0.985176,1.472090,-6.612619,0.079287,62.026314,2.314724
15211,1.225381,1.981219,nan,0.079287,nan,2.769078
15212,1.009422,1.234644,-7.336426,0.079278,60.662750,2.337915
15213,2.670432,2.446446,nan,0.079278,nan,5.695163
15214,1.467890,1.421447,-0.966776,0.079269,61.809540,3.267713
15215,1.373487,1.563085,nan,0.079269,nan,3.092208
15216,2.916512,2.002360,-0.227191,0.079260,61.588066,6.192673
15217,1.084470,1.024039,nan,0.079260,nan,2.497653
15218,0.837045,1.084099,-7.871188,0.079251,61.785561,2.026801
15219,1.763228,1.712758,nan,0.079251,nan,3.893879
15220,1.400106,1.589043,-7.455223,0.079241,61.219551,3.142453
15221,1.034374,2.854598,nan,0.079241,nan,2.405509
15222,1.927827,1.776214,-0.116491,0.079232,58.421349,4.175355
15223,1.559062,2.321817,nan,0.079232,nan,3.489779
15224,1.297979,2.287505,-1.554575,0.079223,61.042664,2.930667
15225,1.395439,1.778229,nan,0.079223,nan,3.155555
15226,0.962242,1.307295,-1.192144,0.079214,60.297241,2.249376
15227,1.196419,2.239068,nan,0.079214,nan,2.701011
15228,0.903531,2.402903,-3.536879,0.079205,59.480061,2.140326
15229,1.132816,1.324475,nan,0.079205,nan,2.587587
15230,1.094397,1.135733,-0.951229,0.079196,59.621635,2.510128
15231,1.009113,1.941247,nan,0.079196,nan,2.338466
15232,1.034814,1.293256,-2.811918,0.079187,60.979317,2.404090
15233,1.214487,1.623093,nan,0.079187,nan,2.733539
15234,1.446603,1.694585,-6.846955,0.079178,63.326408,3.208505
15235,1.010063,0.963449,nan,0.079178,nan,2.337076
15236,0.878044,1.565757,-0.818016,0.079169,58.580254,2.055286
15237,0.949220,1.128657,nan,0.079169,nan,2.224319
15238,1.066276,1.875061,-5.439653,0.079160,58.374847,2.491465
15239,1.815761,2.123943,nan,0.079160,nan,3.970664
15240,1.357075,1.370087,-6.595334,0.079151,60.402367,3.044679
15241,1.449556,1.342406,nan,0.079151,nan,3.237402
15242,0.873825,0.988458,-6.937405,0.079142,59.747509,2.087501
15243,0.933552,2.140878,nan,0.079142,nan,2.193973
15244,1.463606,8.927313,1.753702,0.079133,63.070091,3.293569
15245,0.985647,2.063568,nan,0.079133,nan,2.305138
15246,1.103244,2.011887,-1.774645,0.079124,61.657848,2.558028
15247,1.213933,1.784405,nan,0.079124,nan,2.781318
15248,1.475493,1.122975,-4.644088,0.079115,59.675274,3.272399
15249,1.422117,1.125704,nan,0.079115,nan,3.175421
15250,0.619479,0.989097,-3.365723,0.079106,62.720779,1.536598
15251,1.400579,1.376827,nan,0.079106,nan,3.173249
15252,0.954987,1.481178,-2.162935,0.079097,58.501396,2.283167
15253,0.988546,1.620349,nan,0.079097,nan,2.327779
15254,1.062410,1.272450,-2.812694,0.079088,59.532024,2.486876
15255,1.366389,1.156645,nan,0.079088,nan,3.078782
15256,0.743010,1.112881,-6.112690,0.079079,60.413208,1.856013
15257,0.871207,1.323327,nan,0.079079,nan,2.104839
15258,0.969965,1.356403,-3.904821,0.079070,60.553024,2.263862
15259,0.738907,1.429274,nan,0.079070,nan,1.808490
15260,0.753451,3.277381,-0.040645,0.079061,60.241924,1.827025
15261,0.587398,1.389447,nan,0.079061,nan,1.525062
15262,0.991898,1.369205,-6.398808,0.079052,60.112267,2.340462
15263,0.666245,1.702275,nan,0.079052,nan,1.683293
15264,1.480076,2.942224,-4.277806,0.079043,62.868225,3.314870
15265,1.018115,1.488514,nan,0.079043,nan,2.363946
15266,1.222784,2.585045,0.594525,0.079034,60.439030,2.821857
15267,0.789546,1.243659,nan,0.079034,nan,1.956323
15268,0.833080,1.860121,-5.445787,0.079025,61.979744,2.031458
15269,1.166102,1.582583,nan,0.079025,nan,2.705173
15270,0.671108,1.569093,-2.274802,0.079016,62.056488,1.684131
15271,1.118284,1.408913,nan,0.079016,nan,2.580504
15272,1.126207,1.741686,-1.919293,0.079007,61.148056,2.587445
15273,1.136767,1.717427,nan,0.079007,nan,2.657901
15274,0.863665,1.494160,-4.128866,0.078998,59.057365,2.077612
15275,1.257524,1.807284,nan,0.078998,nan,2.867550
15276,0.918986,1.431876,-5.219198,0.078989,60.435398,2.198618
15277,0.710070,1.093054,nan,0.078989,nan,1.788346
15278,0.697966,1.020459,-2.762344,0.078980,62.815395,1.778592
15279,0.784302,4.468367,nan,0.078980,nan,1.939127
15280,0.695995,1.198282,-7.022286,0.078971,63.117393,1.754237
15281,1.341535,1.194324,nan,0.078971,nan,3.032373
15282,1.910846,3.328128,-3.630948,0.078962,62.437958,4.213147
15283,1.801067,2.625125,nan,0.078962,nan,4.009921
15284,0.909946,1.424648,-4.848989,0.078953,61.642807,2.187846
15285,1.083809,2.314317,nan,0.078953,nan,2.498414
15286,0.973618,1.614738,-1.036923,0.078944,60.096638,2.292234
15287,1.401023,2.235939,nan,0.078944,nan,3.159331
15288,1.645623,2.921072,-1.405743,0.078935,60.089432,3.664795
15289,1.157282,2.483483,nan,0.078935,nan,2.727874
15290,1.398074,2.345848,-2.060517,0.078926,60.516823,3.206873
15291,0.844017,1.240511,nan,0.078926,nan,2.051094
15292,0.605903,1.333629,-4.552422,0.078917,59.696739,1.569410
15293,1.598347,1.798408,nan,0.078917,nan,3.616838
15294,1.284703,1.369771,-1.308677,0.078908,62.644539,2.987110
15295,1.613763,1.796072,nan,0.078908,nan,3.615116
15296,1.569365,1.918944,-4.106653,0.078899,60.501503,3.546742
15297,1.152189,2.690967,nan,0.078899,nan,2.657537
15298,1.013253,1.883161,-2.878141,0.078890,59.592533,2.394380
15299,0.932079,0.920500,nan,0.078890,nan,2.234424
15300,0.729280,1.302390,-4.744995,0.078881,60.568161,1.815312
15301,1.091282,1.337881,nan,0.078881,nan,2.561467
15302,0.706347,11.536041,12.275053,0.078872,63.057327,1.799500
15303,1.033630,1.710401,nan,0.078872,nan,2.484215
15304,1.133762,3.146197,-1.478218,0.078863,63.656158,2.638056
15305,1.357849,1.484789,nan,0.078863,nan,3.118176
15306,1.065426,1.167943,-4.384368,0.078854,61.973152,2.536634
15307,1.194402,1.311930,nan,0.078854,nan,2.769604
15308,1.192244,2.073413,-2.124865,0.078845,62.531609,2.761367
15309,1.365831,1.459635,nan,0.078845,nan,3.130431
15310,0.902389,1.713224,-6.950963,0.078836,60.667412,2.164702
15311,1.526584,2.059971,nan,0.078836,nan,3.456303
15312,1.499503,2.642491,-0.335448,0.078827,62.893799,3.427154
15313,1.746003,5.220007,nan,0.078827,nan,3.914300
15314,1.550602,2.389722,-4.189270,0.078818,59.367233,3.494138
15315,1.410626,1.453235,nan,0.078818,nan,3.225892
15316,1.177173,1.254774,-5.234831,0.078809,59.637154,2.758216
15317,1.894470,2.187199,nan,0.078809,nan,4.196621
15318,1.212627,2.250925,-3.252053,0.078800,60.594688,2.827935
15319,1.560593,3.304203,nan,0.078800,nan,3.549146
15320,1.115811,1.855998,-4.756628,0.078791,62.574863,2.607851
15321,1.095494,1.944833,nan,0.078791,nan,2.587316
15322,0.884528,1.847327,-3.020289,0.078782,61.669937,2.151228
15323,0.933571,2.029078,nan,0.078782,nan,2.262150
15324,0.725380,1.540776,-2.209597,0.078773,61.427704,1.839842
15325,0.768422,1.404156,nan,0.078773,nan,1.919009
15326,1.384360,1.677662,-0.835375,0.078764,60.080704,3.138074
15327,1.175098,8.602453,nan,0.078764,nan,2.751750
15328,1.253016,1.691267,-4.152249,0.078755,62.448109,2.901635
15329,1.701486,23.866203,nan,0.078755,nan,3.829525
15330,1.371996,5.144641,-4.045269,0.078745,63.407860,3.123432
15331,1.810989,2.912419,nan,0.078745,nan,4.047518
15332,0.727506,1.247974,-5.783616,0.078736,61.818352,1.808358
15333,1.017287,1.759524,nan,0.078736,nan,2.431153
15334,1.358203,2.131037,-2.378095,0.078727,60.962929,3.114767
15335,1.420182,1.820876,nan,0.078727,nan,3.279138
15336,0.934137,0.739248,-7.352343,0.078718,60.972748,2.243253
15337,1.873811,2.469074,nan,0.078718,nan,4.179665
15338,1.123986,1.459689,-3.745273,0.078709,61.852467,2.660916
15339,0.921371,1.389057,nan,0.078709,nan,2.221954
15340,0.884876,0.877011,-5.766294,0.078700,62.343582,2.163280
15341,0.791499,0.768222,nan,0.078700,nan,2.026347
15342,1.025025,1.625193,-2.896872,0.078691,63.663773,2.442956
15343,0.867672,2.020041,nan,0.078691,nan,2.112430
15344,0.861821,0.991964,-1.411356,0.078682,61.240471,2.107668
15345,0.756795,1.000447,nan,0.078682,nan,1.922199
15346,0.720427,1.334375,-3.002663,0.078673,60.392921,1.821606
15347,1.577189,2.196822,nan,0.078673,nan,3.586993
15348,0.881826,1.548325,-6.022802,0.078664,62.166313,2.168344
15349,0.987914,1.424252,nan,0.078664,nan,2.357469
15350,0.885653,2.052043,1.732831,0.078655,61.562977,2.176551
15351,0.993097,1.567836,nan,0.078655,nan,2.414013
15352,1.013806,1.649491,-2.124897,0.078646,60.088577,2.423623
15353,0.707802,1.303470,nan,0.078646,nan,1.799979
15354,0.989123,1.594092,-0.531052,0.078637,62.795738,2.388713
15355,0.619120,0.731905,nan,0.078637,nan,1.640227
15356,0.808824,2.488058,1.120910,0.078628,61.660839,2.008984
15357,1.042773,1.191398,nan,0.078628,nan,2.481017
15358,1.171066,1.534757,1.000751,0.078619,62.614975,2.719614
15359,0.731536,1.176324,nan,0.078619,nan,1.847841
15360,1.075304,1.566133,-2.717009,0.078610,62.452225,2.564331
15361,1.083632,1.022581,nan,0.078610,nan,2.561531
15362,0.975110,1.412524,-1.680120,0.078601,62.849014,2.326786
15363,0.883122,0.950408,nan,0.078601,nan,2.210289
15364,0.808539,1.376517,-3.501249,0.078592,60.184822,1.987208
15365,0.819538,1.027215,nan,0.078592,nan,2.040656
15366,0.786342,0.829320,-4.644938,0.078583,61.088081,1.950454
15367,0.789079,0.817667,nan,0.078583,nan,1.982725
15368,0.781893,0.866616,-4.209029,0.078574,61.924984,1.994046
15369,0.730533,0.999968,nan,0.078574,nan,1.866066
15370,0.545630,0.866494,-2.879064,0.078565,61.253716,1.442322
15371,0.762636,0.846971,nan,0.078565,nan,1.928020
15372,0.865435,1.184451,-5.113788,0.078556,59.870255,2.144556
15373,1.513690,1.115567,nan,0.078556,nan,3.456574
15374,1.272903,1.218879,-0.644847,0.078547,63.106342,2.968977
15375,1.161336,1.084425,nan,0.078547,nan,2.744217
15376,0.786097,1.082940,-3.495936,0.078538,60.920277,2.014807
15377,0.607037,1.189538,nan,0.078538,nan,1.582347
15378,0.703969,0.863360,-5.797960,0.078529,61.700638,1.791087
15379,1.066189,1.471252,nan,0.078529,nan,2.510955
15380,0.616288,0.743281,-4.613374,0.078520,62.281799,1.602325
15381,0.786996,1.356802,nan,0.078520,nan,1.937725
15382,0.897525,1.539085,-1.744447,0.078511,61.263577,2.176232
15383,0.728894,3.699818,nan,0.078511,nan,1.803883
15384,1.039991,1.213153,-2.941044,0.078502,63.032150,2.472119
15385,0.887587,1.107621,nan,0.078502,nan,2.138517
15386,0.637049,0.614776,-5.542450,0.078493,62.207237,1.661704
15387,0.862382,1.808979,nan,0.078493,nan,2.139133
15388,0.691176,1.425617,-1.042662,0.078484,64.274292,1.771090
15389,1.017434,1.320736,nan,0.078484,nan,2.427593
15390,0.638610,0.759153,-4.287897,0.078475,62.001465,1.664497
15391,0.751485,1.068408,nan,0.078475,nan,1.922604
15392,0.879430,0.937923,-2.027072,0.078466,61.360119,2.172832
15393,1.141981,1.353094,nan,0.078466,nan,2.726874
15394,0.929985,1.298248,-4.173483,0.078457,62.751556,2.282344
15395,1.161405,1.482376,nan,0.078457,nan,2.748817
15396,1.042059,1.434558,-1.726269,0.078448,61.876778,2.531019
15397,0.787900,1.162442,nan,0.078448,nan,1.970043
15398,1.107370,1.265478,-6.057906,0.078439,62.143234,2.620812
15399,0.682697,0.771202,nan,0.078439,nan,1.775209
15400,1.103636,1.072874,-4.972133,0.078430,62.621956,2.641190
15401,1.336252,1.150977,nan,0.078430,nan,3.126210
15402,0.783956,1.019848,0.746977,0.078421,62.103867,1.970113
15403,1.106365,1.057760,nan,0.078421,nan,2.636295
15404,0.791899,1.194313,-0.343328,0.078412,62.413418,2.004068
15405,1.494912,1.133606,nan,0.078412,nan,3.466422
15406,1.396644,1.250824,-0.020804,0.078403,63.673645,3.265648
15407,0.998761,1.557832,nan,0.078403,nan,2.441344
15408,0.860100,0.969153,-3.951973,0.078394,59.970573,2.116216
15409,0.712949,1.121853,nan,0.078394,nan,1.818389
15410,1.069433,0.892287,0.113983,0.078385,61.011124,2.567317
15411,1.015414,1.025900,nan,0.078385,nan,2.447250
15412,0.899430,1.238159,-1.505802,0.078376,60.786095,2.205768
15413,0.966291,1.016397,nan,0.078376,nan,2.330663
15414,0.653230,1.043572,-0.538206,0.078367,61.242283,1.700882
15415,0.831646,1.193819,nan,0.078367,nan,2.096485
15416,0.834825,1.017452,-6.316790,0.078358,60.251328,2.088724
15417,1.201324,1.165328,nan,0.078358,nan,2.875545
15418,0.974235,1.362873,-1.958265,0.078349,59.801186,2.406525
15419,0.778653,0.841926,nan,0.078349,nan,2.019076
15420,1.073146,1.204766,0.351073,0.078340,60.320553,2.588873
15421,0.785279,0.698068,nan,0.078340,nan,1.991531
15422,0.692028,0.992617,1.772934,0.078331,62.476173,1.815894
15423,0.842005,1.291793,nan,0.078331,nan,2.073288
15424,0.742873,1.190656,-2.492379,0.078322,61.930473,1.918401
15425,0.870523,9.857553,nan,0.078322,nan,2.154947
15426,0.597990,0.723700,-2.629701,0.078313,62.567398,1.611952
15427,0.712363,1.271810,nan,0.078313,nan,1.843263
15428,0.744852,1.092593,0.439710,0.078304,62.065250,1.902949
15429,0.574463,1.670219,nan,0.078304,nan,1.532860
15430,0.742565,1.260943,-2.329725,0.078296,61.854507,1.865708
15431,0.711116,1.234978,nan,0.078296,nan,1.851644
15432,0.747373,1.135180,-1.866392,0.078287,61.785801,1.899499
15433,0.817046,0.949572,nan,0.078287,nan,2.051642
15434,0.521072,0.842384,-4.578234,0.078278,60.552307,1.434406
15435,0.637009,1.173424,nan,0.078278,nan,1.653583
15436,0.607642,0.848980,-4.662213,0.078269,61.109615,1.603675
15437,0.832766,1.087377,nan,0.078269,nan,2.127160
15438,0.571501,0.738180,-4.418376,0.078260,61.710022,1.541492
15439,0.708639,0.708622,nan,0.078260,nan,1.830653
15440,0.617495,0.883398,-1.807119,0.078251,60.391354,1.667022
15441,1.016287,1.127170,nan,0.078251,nan,2.469486
15442,1.116535,0.989714,-2.786245,0.078242,61.705292,2.661502
15443,0.585888,1.270494,nan,0.078242,nan,1.556708
15444,0.680579,0.900731,-4.620264,0.078233,60.882416,1.773103
15445,0.583095,1.316202,nan,0.078233,nan,1.580454
15446,0.625572,1.251502,-4.189163,0.078224,62.115433,1.652822
15447,0.978404,0.822015,nan,0.078224,nan,2.382750
15448,0.954315,1.059822,-3.101382,0.078215,62.473499,2.311991
15449,0.740541,2.047345,nan,0.078215,nan,1.912785
15450,1.139038,1.166558,-0.879509,0.078207,61.479820,2.696268
15451,0.640950,0.743137,nan,0.078207,nan,1.673001
15452,0.865303,1.194116,0.841076,0.078198,62.659927,2.153914
15453,0.652151,0.725952,nan,0.078198,nan,1.650216
15454,0.650875,0.758912,-1.645873,0.078189,62.212460,1.715460
15455,0.752547,0.977529,nan,0.078189,nan,1.899948
15456,0.627759,0.929810,-2.199508,0.078180,60.448418,1.673033
15457,0.552992,0.900977,nan,0.078180,nan,1.511332
15458,0.373093,0.842324,-1.790368,0.078171,60.714592,1.114671
15459,0.971209,1.048536,nan,0.078171,nan,2.334902
15460,0.638403,1.590019,-0.928516,0.078162,62.300911,1.672189
15461,0.632369,1.535345,nan,0.078162,nan,1.693893
15462,0.444580,1.308476,0.651115,0.078153,61.254768,1.253634
15463,1.052677,1.266799,nan,0.078153,nan,2.542959
15464,0.987924,5.215460,-1.045724,0.078144,64.403175,2.422269
15465,0.652570,1.729799,nan,0.078144,nan,1.697082
15466,0.904075,2.019027,-0.804358,0.078135,62.529362,2.239787
15467,0.662335,1.633101,nan,0.078135,nan,1.719154
15468,0.792870,2.112137,3.413794,0.078126,60.939278,1.988153
15469,0.740014,1.835117,nan,0.078126,nan,1.887912
15470,0.494535,1.319760,-2.816125,0.078118,65.345947,1.359747
15471,0.684608,1.529655,nan,0.078118,nan,1.781828
15472,0.671847,1.459512,-2.938988,0.078109,61.641075,1.718130
15473,0.748177,1.219499,nan,0.078109,nan,1.901539
15474,0.729693,1.454872,-1.689050,0.078100,62.775967,1.869810
15475,0.770421,0.970861,nan,0.078100,nan,1.954537
15476,0.754845,0.777270,-2.169492,0.078091,62.236336,1.911271
15477,0.866518,2.129109,nan,0.078091,nan,2.131745
15478,0.966059,1.018290,-0.121165,0.078082,62.455452,2.353635
15479,0.825048,1.228452,nan,0.078082,nan,2.070684
15480,1.316813,1.627022,-4.382417,0.078073,63.758736,3.068312
15481,0.946214,1.325523,nan,0.078073,nan,2.307974
15482,0.581108,0.911062,-5.291076,0.078064,61.851418,1.537371
15483,0.910464,1.286793,nan,0.078064,nan,2.230727
15484,0.767839,1.185566,-5.516530,0.078055,62.208805,1.894243
15485,0.817737,1.211263,nan,0.078055,nan,2.039673
15486,0.581476,1.045510,-3.084529,0.078046,60.345070,1.544977
15487,0.640707,0.886125,nan,0.078046,nan,1.688842
15488,0.670265,0.914429,-7.008354,0.078037,63.140015,1.728913
15489,1.184104,1.413390,nan,0.078037,nan,2.827929
15490,1.156989,1.458673,-5.180566,0.078028,62.871132,2.778887
15491,0.642612,0.825623,nan,0.078028,nan,1.697720
15492,1.031572,1.298699,-1.180096,0.078019,62.452301,2.463424
15493,0.947200,0.815535,nan,0.078019,nan,2.301843
15494,0.587104,0.916335,-2.792257,0.078010,63.535007,1.543492
15495,0.860781,1.727389,nan,0.078010,nan,2.131438
15496,0.857987,1.331180,-0.107145,0.078001,62.345989,2.113419
15497,0.835400,1.315309,nan,0.078001,nan,2.055442
15498,1.175654,1.399120,-2.567902,0.077992,62.060570,2.772472
15499,0.581118,1.289117,nan,0.077992,nan,1.534657
15500,0.649627,1.310978,-3.709700,0.077983,63.462833,1.689268
15501,0.622785,1.780964,nan,0.077983,nan,1.652190
15502,0.638482,1.564565,-4.832459,0.077974,62.468040,1.640588
15503,0.553880,1.210698,nan,0.077974,nan,1.483727
15504,0.424087,0.793509,-9.777005,0.077965,62.642132,1.173343
15505,0.804414,1.616241,nan,0.077965,nan,1.970458
15506,0.816302,2.163956,-1.170171,0.077956,63.190907,2.011156
15507,0.825315,1.794724,nan,0.077956,nan,2.060154
15508,0.567563,1.232201,-5.600106,0.077948,61.591644,1.537592
15509,0.744057,0.957579,nan,0.077948,nan,1.884558
15510,0.826195,1.208546,-6.573741,0.077939,62.655682,2.054251
15511,1.051814,1.028423,nan,0.077939,nan,2.512358
15512,0.845702,1.842451,3.522493,0.077930,60.090519,2.123111
15513,0.858219,1.628348,nan,0.077930,nan,2.180622
15514,0.740946,1.073302,-1.216084,0.077921,62.246761,1.896070
15515,0.598641,1.302119,nan,0.077921,nan,1.569432
15516,1.347652,3.597993,-3.897811,0.077912,61.617733,3.107422
15517,1.119686,0.920733,nan,0.077912,nan,2.608748
15518,1.790513,1.001543,-3.771481,0.077903,63.029823,3.999886
15519,1.026181,0.979581,nan,0.077903,nan,2.473642
15520,1.093530,1.219161,-7.256872,0.077894,62.980633,2.576057
15521,0.880979,0.707510,nan,0.077894,nan,2.162544
15522,0.789706,11.362298,6.053209,0.077885,61.752663,1.989685
15523,0.855367,0.955701,nan,0.077885,nan,2.132174
15524,0.690900,1.075312,-6.467135,0.077876,63.091965,1.764279
15525,1.318358,1.415010,nan,0.077876,nan,3.080229
15526,0.721797,0.999466,-8.973956,0.077867,64.652931,1.807168
15527,1.262243,1.552577,nan,0.077867,nan,2.940406
15528,0.513382,0.684655,-7.669342,0.077858,62.005630,1.379264
15529,0.757970,1.358262,nan,0.077858,nan,1.900358
15530,0.563866,0.783045,-5.672134,0.077849,63.363014,1.531706
15531,0.716624,1.758283,nan,0.077849,nan,1.825315
15532,0.752394,1.430186,-5.177066,0.077841,62.399906,1.929371
15533,0.767859,1.037987,nan,0.077841,nan,1.943879
15534,0.807694,1.240388,-1.714394,0.077832,59.175278,2.033973
15535,0.682661,1.450209,nan,0.077832,nan,1.765734
15536,0.577968,1.104502,-4.942001,0.077823,64.397110,1.532277
15537,0.962241,1.468463,nan,0.077823,nan,2.347680
15538,0.890226,1.374416,-3.499258,0.077814,61.962555,2.172330
15539,0.645484,0.891943,nan,0.077814,nan,1.661835
15540,0.646235,0.720277,-3.898406,0.077805,60.642029,1.678000
15541,0.909764,1.106181,nan,0.077805,nan,2.264212
15542,0.919348,1.315629,-3.432805,0.077796,63.073879,2.249839
15543,0.706495,1.572888,nan,0.077796,nan,1.817211
15544,0.811818,1.216966,-4.016097,0.077787,61.987995,2.031439
15545,0.612453,0.779841,nan,0.077787,nan,1.602804
15546,0.788542,0.823532,-4.484122,0.077778,62.367146,1.986509
15547,1.006008,1.311895,nan,0.077778,nan,2.407155
15548,0.938296,0.916802,-3.588854,0.077769,63.828636,2.271857
15549,1.039341,1.074314,nan,0.077769,nan,2.489070
15550,0.875337,1.202246,-5.850784,0.077760,63.765255,2.170898
15551,0.706625,0.635522,nan,0.077760,nan,1.835930
15552,0.656525,1.097517,-1.607882,0.077752,60.488369,1.691601
15553,0.815687,1.004473,nan,0.077752,nan,2.094274
15554,0.891151,1.192327,-6.893865,0.077743,61.194698,2.172625
15555,0.943528,1.496714,nan,0.077743,nan,2.316658
15556,0.991692,0.996827,-3.070654,0.077734,62.196793,2.439311
15557,0.958664,1.385751,nan,0.077734,nan,2.357252
15558,0.723644,2.887752,-5.377086,0.077725,62.986633,1.865160
15559,0.507260,1.039746,nan,0.077725,nan,1.380301
15560,0.447836,1.281737,-7.176357,0.077716,61.064983,1.240629
15561,0.843744,1.192052,nan,0.077716,nan,2.117831
15562,0.880832,1.177640,-6.595879,0.077707,64.693283,2.166161
15563,0.834087,1.937755,nan,0.077707,nan,2.067413
15564,0.724158,1.356027,-4.206907,0.077698,61.690613,1.872615
15565,0.614685,2.230512,nan,0.077698,nan,1.649050
15566,0.487618,1.552642,-4.392496,0.077690,61.879623,1.370511
15567,0.774575,1.561794,nan,0.077690,nan,1.954387
15568,0.791909,1.011735,-0.801015,0.077681,63.403946,2.000607
15569,0.747990,1.191149,nan,0.077681,nan,1.926223
15570,0.507651,1.806480,3.395354,0.077672,60.972679,1.426497
15571,0.711097,1.443027,nan,0.077672,nan,1.803513
15572,0.482299,0.877535,-7.636764,0.077663,63.550758,1.323764
15573,0.594590,1.638283,nan,0.077663,nan,1.572634
15574,0.580797,2.495895,-2.278004,0.077654,64.188393,1.537958
15575,0.599218,1.287149,nan,0.077654,nan,1.571222
15576,0.419277,0.893162,-7.577075,0.077645,61.850266,1.214697
15577,0.507474,1.007755,nan,0.077645,nan,1.393691
15578,0.679976,1.640379,-6.476882,0.077636,61.871712,1.756298
15579,0.531468,0.758249,nan,0.077636,nan,1.455930
15580,0.687621,1.427336,-0.516584,0.077628,61.630527,1.761255
15581,1.438834,1.685864,nan,0.077628,nan,3.246168
15582,0.900088,1.112094,-3.336987,0.077619,61.323654,2.197442
15583,0.555808,1.111241,nan,0.077619,nan,1.506450
15584,1.118380,1.022255,-3.850272,0.077610,63.864067,2.659662
15585,0.746960,0.935407,nan,0.077610,nan,1.917655
15586,0.696348,1.259008,-3.237219,0.077601,61.762928,1.796246
15587,0.581354,1.189255,nan,0.077601,nan,1.551133
15588,0.676651,0.991711,-3.914854,0.077592,62.481789,1.761944
15589,0.825301,0.976316,nan,0.077592,nan,2.032800
15590,0.498642,0.841491,-9.596601,0.077583,61.384079,1.362836
15591,0.802779,0.643030,nan,0.077583,nan,2.036715
15592,0.693871,1.053271,-1.777833,0.077575,62.873734,1.792767
15593,0.584381,0.809706,nan,0.077575,nan,1.556843
15594,0.959434,1.353313,-2.906387,0.077566,61.421700,2.296901
15595,0.948938,1.168783,nan,0.077566,nan,2.305075
15596,1.361361,1.206149,-4.439912,0.077557,64.792305,3.146019
15597,1.011630,0.838957,nan,0.077557,nan,2.430661
15598,0.768633,1.142087,-4.370164,0.077548,61.939583,1.966720
15599,0.653045,1.373734,nan,0.077548,nan,1.704588
15600,1.079220,1.133603,-7.313460,0.077539,62.686356,2.571331
