update_num,q1_loss,q2_loss,actor_loss,alpha,entropy,td_error
1,0.954390,0.964137,nan,0.200000,nan,2.367026
2,0.902739,0.910543,1.476147,0.200020,-7.244654,2.299357
3,0.890838,0.894231,nan,0.200020,nan,2.252120
4,1.033193,1.036911,1.440266,0.200040,-7.080347,2.519327
5,0.665926,0.665524,nan,0.200040,nan,1.791342
6,1.077318,1.074989,1.233898,0.200059,-5.973056,2.626949
7,1.023844,1.021122,nan,0.200059,nan,2.499639
8,0.685659,0.683923,1.629530,0.200078,-7.954164,1.811786
9,0.858533,0.856732,nan,0.200078,nan,2.163897
10,0.920030,0.919565,2.034388,0.200098,-9.951263,2.309904
11,0.904507,0.905241,nan,0.200098,nan,2.286834
12,0.799525,0.800554,1.535566,0.200117,-7.418427,2.024771
13,1.120561,1.121226,nan,0.200117,nan,2.690711
14,0.613353,0.614436,1.192574,0.200135,-5.650035,1.688095
15,0.827921,0.828068,nan,0.200135,nan,2.119702
16,0.825707,0.825851,1.318238,0.200153,-6.231510,2.128401
17,1.027266,1.025297,nan,0.200153,nan,2.527481
18,0.896013,0.895724,1.446938,0.200171,-6.920999,2.241066
19,0.699274,0.698794,nan,0.200171,nan,1.840456
20,0.887776,0.887696,1.786825,0.200189,-8.625315,2.209525
21,1.083485,1.083556,nan,0.200189,nan,2.625031
22,1.189754,1.189467,1.674251,0.200208,-7.885759,2.840080
23,0.790184,0.790612,nan,0.200208,nan,2.033912
24,1.039869,1.039507,1.202609,0.200226,-5.395204,2.567911
25,0.940615,0.939645,nan,0.200226,nan,2.336375
26,1.098399,1.097503,1.455764,0.200244,-6.565216,2.686781
27,0.825334,0.824622,nan,0.200244,nan,2.111843
28,0.945052,0.945380,1.540988,0.200261,-6.507412,2.372221
29,0.973749,0.974226,nan,0.200261,nan,2.400523
30,0.921216,0.920462,1.768654,0.200279,-7.431050,2.292538
31,0.947098,0.945618,nan,0.200279,nan,2.368342
32,1.037294,1.035126,1.916402,0.200298,-7.980334,2.551484
33,0.890688,0.891027,nan,0.200298,nan,2.238399
34,0.607551,0.603222,1.743625,0.200316,-6.851057,1.645218
35,0.850310,0.850111,nan,0.200316,nan,2.173768
36,0.858567,0.860164,1.904036,0.200335,-7.500508,2.171795
37,1.014392,1.008528,nan,0.200335,nan,2.481842
38,1.000520,0.991096,2.026944,0.200353,-7.333221,2.449180
39,0.697542,0.685111,nan,0.200353,nan,1.847562
40,0.758016,0.746188,2.078183,0.200372,-7.261128,1.975579
41,0.567407,0.561472,nan,0.200372,nan,1.570215
42,0.869254,0.866911,2.338075,0.200392,-8.987879,2.198731
43,0.673981,0.668812,nan,0.200392,nan,1.784127
44,0.746439,0.745351,2.303050,0.200412,-8.102451,1.932194
45,0.768760,0.760146,nan,0.200412,nan,1.980850
46,0.897000,0.887488,1.758582,0.200430,-5.065192,2.243997
47,0.692348,0.677274,nan,0.200430,nan,1.831175
48,0.559300,0.547432,1.915668,0.200449,-6.239292,1.557794
49,0.725741,0.709736,nan,0.200449,nan,1.892035
50,0.739423,0.723087,2.637516,0.200467,-7.955323,1.940358
51,0.721499,0.709161,nan,0.200467,nan,1.893173
52,1.010139,1.000967,2.405627,0.200486,-6.437236,2.467433
53,0.773738,0.756848,nan,0.200486,nan,1.997600
54,0.726050,0.702608,2.434012,0.200503,-6.109900,1.905408
55,0.696248,0.675004,nan,0.200503,nan,1.841860
56,0.680920,0.657615,2.451832,0.200521,-6.381121,1.787696
57,0.663907,0.639634,nan,0.200521,nan,1.758646
58,0.665763,0.640948,3.219217,0.200539,-8.101404,1.774485
59,0.689011,0.662767,nan,0.200539,nan,1.808566
60,0.641393,0.615125,2.939210,0.200557,-7.487775,1.711588
61,0.540511,0.494039,nan,0.200557,nan,1.507405
62,0.623130,0.582393,3.054461,0.200576,-6.879380,1.676658
63,0.502878,0.456215,nan,0.200576,nan,1.411564
64,0.671082,0.638081,2.943862,0.200594,-6.464099,1.779790
65,0.614222,0.593750,nan,0.200594,nan,1.652826
66,0.575519,0.549824,2.892312,0.200612,-7.088979,1.576505
67,0.753951,0.728284,nan,0.200612,nan,1.940468
68,0.622330,0.584793,3.640933,0.200631,-8.923950,1.640817
69,0.613923,0.585884,nan,0.200631,nan,1.667346
70,0.648020,0.631322,2.693934,0.200649,-6.362941,1.742184
71,0.525585,0.501827,nan,0.200649,nan,1.461995
72,0.501915,0.473162,3.414378,0.200669,-9.169605,1.421391
73,0.555664,0.535658,nan,0.200669,nan,1.506184
74,0.490456,0.470939,3.114234,0.200688,-7.331261,1.385733
75,0.637577,0.611130,nan,0.200688,nan,1.699408
76,0.564437,0.536552,3.186929,0.200707,-5.016880,1.540694
77,0.481444,0.458043,nan,0.200707,nan,1.380347
78,0.556222,0.526483,3.711739,0.200725,-7.910811,1.523144
79,0.435223,0.413876,nan,0.200725,nan,1.283113
80,0.608762,0.585844,3.281326,0.200743,-6.444648,1.640146
81,0.787272,0.775030,nan,0.200743,nan,2.019898
82,0.514962,0.499388,3.313768,0.200762,-7.007723,1.426152
83,0.488420,0.468050,nan,0.200762,nan,1.377747
84,0.387332,0.364971,3.880909,0.200780,-8.143854,1.159995
85,0.551685,0.539257,nan,0.200780,nan,1.501224
86,0.567697,0.549976,3.505029,0.200799,-7.487648,1.548565
87,0.483688,0.471900,nan,0.200799,nan,1.344858
88,0.601158,0.588766,2.827076,0.200818,-6.376757,1.616333
89,0.548975,0.539497,nan,0.200818,nan,1.510060
90,0.428146,0.414818,3.597426,0.200837,-8.350561,1.257068
91,0.608840,0.601157,nan,0.200837,nan,1.628135
92,0.566579,0.551409,3.227124,0.200857,-7.369622,1.530872
93,0.523926,0.510038,nan,0.200857,nan,1.486929
94,0.498739,0.490327,3.148183,0.200876,-6.892231,1.375316
95,0.584497,0.575680,nan,0.200876,nan,1.608466
96,0.606853,0.594592,3.497108,0.200895,-8.093401,1.652266
97,0.364396,0.351792,nan,0.200895,nan,1.128276
98,0.350982,0.345060,4.364845,0.200915,-8.416267,1.087240
99,0.547132,0.536845,nan,0.200915,nan,1.501267
100,0.391276,0.386744,3.978457,0.200936,-9.295532,1.172569
101,0.486410,0.473192,nan,0.200936,nan,1.371930
102,0.600675,0.590268,4.197566,0.200958,-8.446787,1.615389
103,0.430850,0.428132,nan,0.200958,nan,1.261788
104,0.532504,0.528785,3.040317,0.200979,-6.617735,1.463402
105,0.500497,0.492444,nan,0.200979,nan,1.407654
106,0.626922,0.634135,3.509953,0.200999,-7.458282,1.689355
107,0.492699,0.495248,nan,0.200999,nan,1.409362
108,0.515744,0.499686,3.599073,0.201019,-7.160638,1.470894
109,0.659883,0.646192,nan,0.201019,nan,1.745883
110,0.514530,0.475126,4.280910,0.201040,-7.686736,1.445618
111,0.514932,0.491295,nan,0.201040,nan,1.446584
112,0.519276,0.521102,3.952874,0.201059,-6.312540,1.437999
113,0.558421,0.557438,nan,0.201059,nan,1.498430
114,0.479576,0.455518,3.638741,0.201078,-4.814500,1.393608
115,0.456142,0.440493,nan,0.201078,nan,1.268183
116,0.477817,0.463033,4.229124,0.201097,-8.394463,1.351746
117,0.429081,0.414730,nan,0.201097,nan,1.269737
118,0.470327,0.453955,3.643543,0.201115,-5.964948,1.332126
119,0.309106,0.302078,nan,0.201115,nan,0.977395
120,0.380858,0.370140,3.491468,0.201131,-4.729512,1.150960
121,0.413173,0.408245,nan,0.201131,nan,1.230500
122,0.407454,0.395102,3.884809,0.201148,-6.451200,1.212329
123,0.468147,0.462410,nan,0.201148,nan,1.356451
124,0.411642,0.392072,3.369213,0.201162,-3.819235,1.215979
125,0.431730,0.440460,nan,0.201162,nan,1.259041
126,0.510140,0.509851,4.031974,0.201177,-7.711864,1.454812
127,0.384138,0.389286,nan,0.201177,nan,1.179634
128,0.345764,0.335308,3.585365,0.201191,-5.465842,1.080172
129,0.526184,0.523663,nan,0.201191,nan,1.453441
130,0.432973,0.419574,3.441023,0.201205,-5.713222,1.317050
131,0.334759,0.313917,nan,0.201205,nan,1.058974
132,0.383544,0.367881,3.699339,0.201218,-4.244045,1.167653
133,0.357567,0.353631,nan,0.201218,nan,1.132438
134,0.366083,0.347670,4.054232,0.201230,-6.190370,1.122006
135,0.289447,0.294502,nan,0.201230,nan,0.978265
136,0.389141,0.414354,4.350498,0.201243,-7.452170,1.173995
137,0.434412,0.440948,nan,0.201243,nan,1.284328
138,0.517504,0.520723,3.290449,0.201256,-5.416373,1.454377
139,0.529468,0.581083,nan,0.201256,nan,1.484152
140,0.446770,0.468579,3.315408,0.201269,-6.546360,1.306738
141,0.431964,0.453433,nan,0.201269,nan,1.265424
142,0.432113,0.435123,3.887086,0.201283,-7.268009,1.272915
143,0.462209,0.465221,nan,0.201283,nan,1.350966
144,0.326035,0.323826,3.838165,0.201297,-6.870347,1.047528
145,0.335917,0.334062,nan,0.201297,nan,1.054192
146,0.307730,0.297735,3.956430,0.201311,-6.143742,0.998295
147,0.300950,0.274720,nan,0.201311,nan,1.025868
148,0.310017,0.292707,3.625063,0.201325,-6.515201,1.034276
149,0.305367,0.313130,nan,0.201325,nan,1.024663
150,0.352835,0.356750,5.122775,0.201341,-9.673901,1.132270
151,0.272868,0.277367,nan,0.201341,nan,0.923552
152,0.365322,0.374576,4.501940,0.201359,-10.053699,1.105152
153,0.476013,0.480790,nan,0.201359,nan,1.365823
154,0.484631,0.497486,3.015716,0.201376,-6.672043,1.408783
155,0.480378,0.485674,nan,0.201376,nan,1.385877
156,0.543040,0.550610,3.558890,0.201394,-7.560802,1.527873
157,0.550963,0.558732,nan,0.201394,nan,1.544551
158,0.392125,0.381822,3.907372,0.201412,-5.797679,1.192489
159,0.490722,0.487700,nan,0.201412,nan,1.381421
160,0.429285,0.436458,3.119149,0.201428,-5.659897,1.241181
161,0.597655,0.605570,nan,0.201428,nan,1.629497
162,0.390650,0.393809,3.570709,0.201444,-6.655498,1.184700
163,0.411960,0.425964,nan,0.201444,nan,1.229905
164,0.468128,0.478212,3.942652,0.201461,-6.536128,1.332835
165,0.434797,0.446245,nan,0.201461,nan,1.272924
166,0.388202,0.396487,3.904701,0.201477,-7.585847,1.201124
167,0.255255,0.266603,nan,0.201477,nan,0.866303
168,0.379568,0.373938,3.540419,0.201494,-5.543886,1.177678
169,0.305055,0.299768,nan,0.201494,nan,1.027715
170,0.411249,0.409073,3.802111,0.201510,-7.991222,1.241519
171,0.508625,0.505238,nan,0.201510,nan,1.423069
172,0.513906,0.506208,3.713956,0.201527,-5.922171,1.456543
173,0.428863,0.415531,nan,0.201527,nan,1.283026
174,0.416249,0.409206,3.613420,0.201542,-5.646426,1.248248
175,0.406395,0.400249,nan,0.201542,nan,1.217980
176,0.477373,0.476600,3.885172,0.201558,-7.064648,1.400707
177,0.338852,0.335391,nan,0.201558,nan,1.075791
178,0.349090,0.354514,4.577529,0.201575,-8.598129,1.088985
179,0.315062,0.306735,nan,0.201575,nan,1.047482
180,0.225102,0.226099,3.725987,0.201592,-5.615801,0.837777
181,0.405436,0.407576,nan,0.201592,nan,1.227161
182,0.285575,0.291593,3.829043,0.201607,-5.113926,0.984385
183,0.436292,0.434213,nan,0.201607,nan,1.310267
184,0.332384,0.330458,4.015206,0.201623,-7.038449,1.089714
185,0.303849,0.301185,nan,0.201623,nan,1.001395
186,0.552807,0.552899,3.616084,0.201637,-4.795477,1.536994
187,0.359935,0.368052,nan,0.201637,nan,1.143259
188,0.296408,0.304296,4.517369,0.201652,-6.857772,1.011345
189,0.432640,0.434461,nan,0.201652,nan,1.291846
190,0.369462,0.368604,4.424974,0.201666,-6.908018,1.176183
191,0.360491,0.360917,nan,0.201666,nan,1.095993
192,0.435320,0.434822,4.438636,0.201682,-6.736731,1.301594
193,0.424108,0.422647,nan,0.201682,nan,1.246347
194,0.350302,0.351513,3.973857,0.201696,-4.788017,1.106369
195,0.339001,0.353884,nan,0.201696,nan,1.064964
196,0.510283,0.518453,4.100557,0.201710,-7.015326,1.468165
197,0.385910,0.384195,nan,0.201710,nan,1.198246
198,0.318665,0.324032,4.139413,0.201725,-7.247041,1.023457
199,0.503463,0.508629,nan,0.201725,nan,1.416909
200,0.309101,0.307134,4.364270,0.201741,-6.752104,0.978514
201,0.284665,0.289767,nan,0.201741,nan,0.996502
202,0.321022,0.325096,3.961323,0.201756,-5.938017,1.034150
203,0.246793,0.245375,nan,0.201756,nan,0.883352
204,0.334022,0.336182,4.608328,0.201771,-6.739945,1.069270
205,0.426022,0.428763,nan,0.201771,nan,1.284063
206,0.587478,0.599782,4.011021,0.201785,-5.860075,1.640765
207,0.255057,0.264764,nan,0.201785,nan,0.922771
208,0.403866,0.416393,4.024867,0.201800,-6.309273,1.209219
209,0.537980,0.548938,nan,0.201800,nan,1.506941
210,0.333066,0.340187,4.362160,0.201816,-8.221470,1.070913
211,0.412712,0.414012,nan,0.201816,nan,1.236859
212,0.468272,0.466747,4.245900,0.201832,-6.730783,1.372456
213,0.310299,0.315386,nan,0.201832,nan,0.991574
214,0.319869,0.320878,5.075261,0.201847,-6.105323,1.030025
215,0.466557,0.454764,nan,0.201847,nan,1.359811
216,0.311066,0.310838,4.877011,0.201863,-6.919973,0.978542
217,0.460137,0.469819,nan,0.201863,nan,1.332101
218,0.372454,0.377321,4.273984,0.201880,-7.303284,1.141460
219,0.486503,0.505288,nan,0.201880,nan,1.421593
220,0.539656,0.561821,3.044652,0.201895,-5.027980,1.527817
221,0.701848,0.715930,nan,0.201895,nan,1.833896
222,0.705936,0.729144,2.656575,0.201907,-2.941004,1.883999
223,0.398942,0.401072,nan,0.201907,nan,1.252648
224,0.458103,0.458331,4.438567,0.201920,-6.598521,1.331242
225,0.414362,0.403048,nan,0.201920,nan,1.245155
226,0.402616,0.400014,4.385931,0.201931,-2.815173,1.248431
227,0.342392,0.370094,nan,0.201931,nan,1.089916
228,0.373361,0.385618,4.666177,0.201941,-5.686674,1.150390
229,0.384246,0.392329,nan,0.201941,nan,1.173633
230,0.246910,0.245036,3.731784,0.201952,-6.426640,0.865675
231,0.392737,0.409182,nan,0.201952,nan,1.215193
232,0.558315,0.593087,3.230871,0.201962,-4.448506,1.568825
233,0.607758,0.634968,nan,0.201962,nan,1.682165
234,0.659533,0.697585,4.497671,0.201974,-7.934706,1.748028
235,0.591772,0.607418,nan,0.201974,nan,1.620074
236,0.502865,0.513479,3.470196,0.201984,-4.612798,1.434450
237,0.489838,0.488785,nan,0.201984,nan,1.387138
238,0.421397,0.407066,4.319302,0.201995,-6.257565,1.275284
239,0.373842,0.388979,nan,0.201995,nan,1.160762
240,0.218319,0.226651,4.387877,0.202006,-5.031412,0.794803
241,0.342044,0.355545,nan,0.202006,nan,1.110588
242,0.324021,0.318332,3.431897,0.202016,-5.496725,1.084128
243,0.301378,0.315275,nan,0.202016,nan,0.963804
244,0.439935,0.457899,2.883617,0.202025,-4.354497,1.304491
245,0.698288,0.735418,nan,0.202025,nan,1.861721
246,0.675183,0.702179,3.223943,0.202034,-5.181713,1.805788
247,0.451533,0.466948,nan,0.202034,nan,1.334301
248,0.455170,0.465247,3.558159,0.202043,-5.249611,1.370689
249,0.354786,0.362833,nan,0.202043,nan,1.139923
250,0.371045,0.364753,4.863014,0.202053,-6.684882,1.154897
251,0.384591,0.389757,nan,0.202053,nan,1.185282
252,0.408117,0.414939,4.307458,0.202062,-5.476236,1.257303
253,0.369627,0.364142,nan,0.202062,nan,1.150492
254,0.452375,0.452111,4.198757,0.202072,-6.410381,1.353407
255,0.371843,0.369659,nan,0.202072,nan,1.122722
256,0.433369,0.436589,4.216389,0.202083,-6.897620,1.300809
257,0.417713,0.408068,nan,0.202083,nan,1.241028
258,0.312467,0.306978,5.612097,0.202095,-6.982882,1.057592
259,0.257240,0.256945,nan,0.202095,nan,0.908644
260,0.389218,0.393425,4.341306,0.202107,-5.237531,1.208025
261,0.323873,0.312539,nan,0.202107,nan,1.061194
262,0.389747,0.396271,4.547477,0.202118,-6.501384,1.192145
263,0.454240,0.455103,nan,0.202118,nan,1.327738
264,0.455277,0.458610,3.063321,0.202129,-3.551754,1.312921
265,0.402312,0.401260,nan,0.202129,nan,1.217425
266,0.539077,0.549965,3.632486,0.202140,-6.651810,1.496136
267,0.656146,0.656883,nan,0.202140,nan,1.755254
268,0.572692,0.569512,3.319759,0.202152,-6.308670,1.573775
269,0.374937,0.368873,nan,0.202152,nan,1.132200
270,0.447410,0.444942,4.163901,0.202163,-4.794053,1.312613
271,0.315918,0.329781,nan,0.202163,nan,1.032254
272,0.347150,0.343106,4.531484,0.202174,-6.195427,1.091873
273,0.460166,0.464266,nan,0.202174,nan,1.343699
274,0.411828,0.420734,3.478315,0.202184,-4.663356,1.211579
275,0.332581,0.355127,nan,0.202184,nan,1.069127
276,0.405706,0.409212,3.887170,0.202193,-4.437430,1.237082
277,0.475591,0.482190,nan,0.202193,nan,1.387648
278,0.404624,0.406245,3.943074,0.202202,-4.841559,1.222781
279,0.245676,0.254698,nan,0.202202,nan,0.861912
280,0.411532,0.425909,4.378798,0.202209,-4.348974,1.272295
281,0.358656,0.359217,nan,0.202209,nan,1.141786
282,0.370333,0.373095,4.123684,0.202217,-6.161778,1.172334
283,0.441350,0.452135,nan,0.202217,nan,1.296554
284,0.421415,0.422938,4.134489,0.202225,-4.360085,1.217270
285,0.395899,0.402629,nan,0.202225,nan,1.218195
286,0.568923,0.576865,3.850920,0.202231,-4.387032,1.537783
287,0.408633,0.411729,nan,0.202231,nan,1.235830
288,0.406994,0.415423,4.534219,0.202240,-7.652185,1.238878
289,0.497701,0.507606,nan,0.202240,nan,1.442027
290,0.495980,0.511189,5.215955,0.202249,-6.075901,1.396678
291,0.405906,0.409823,nan,0.202249,nan,1.236279
292,0.356812,0.352626,3.887928,0.202257,-4.594066,1.119754
293,0.426845,0.425670,nan,0.202257,nan,1.266369
294,0.471854,0.475884,3.695744,0.202265,-5.221125,1.372180
295,0.532438,0.545737,nan,0.202265,nan,1.499718
296,0.472854,0.475701,4.495893,0.202273,-5.105148,1.377100
297,0.343131,0.344581,nan,0.202273,nan,1.098071
298,0.577956,0.566875,4.017469,0.202282,-5.723494,1.592378
299,0.593532,0.590427,nan,0.202282,nan,1.637132
300,0.466520,0.480569,3.871698,0.202290,-6.070452,1.370129
301,0.428317,0.438957,nan,0.202290,nan,1.280312
302,0.625557,0.625125,4.997441,0.202299,-5.674466,1.669024
303,0.409197,0.424931,nan,0.202299,nan,1.252990
304,0.496818,0.497232,6.052883,0.202309,-6.543070,1.421929
305,0.425343,0.424838,nan,0.202309,nan,1.276098
306,0.510880,0.516866,4.844553,0.202319,-5.601560,1.433343
307,0.542344,0.573899,nan,0.202319,nan,1.531284
308,0.492407,0.505767,4.571526,0.202329,-5.652476,1.395444
309,0.621103,0.629681,nan,0.202329,nan,1.682751
310,0.427481,0.430759,4.584978,0.202339,-6.316857,1.275416
311,0.445795,0.466459,nan,0.202339,nan,1.316660
312,0.394078,0.412605,4.422053,0.202350,-6.607330,1.202189
313,0.441435,0.452757,nan,0.202350,nan,1.292108
314,0.564663,0.561007,6.172448,0.202363,-8.175187,1.563283
315,0.356034,0.359679,nan,0.202363,nan,1.112041
316,0.556591,0.568780,4.818088,0.202376,-4.820176,1.553719
317,0.485630,0.497171,nan,0.202376,nan,1.389652
318,0.653643,0.680093,5.271619,0.202388,-5.439475,1.743916
319,0.362586,0.402110,nan,0.202388,nan,1.163615
320,0.339737,0.361297,5.808700,0.202403,-8.833658,1.095929
321,0.514966,0.559462,nan,0.202403,nan,1.450269
322,0.455752,0.479595,6.311355,0.202418,-7.420551,1.344736
323,0.317147,0.336134,nan,0.202418,nan,1.027945
324,0.423016,0.455810,4.285632,0.202432,-4.518011,1.263394
325,0.536808,0.538139,nan,0.202432,nan,1.512484
326,0.344611,0.363701,5.330103,0.202448,-8.032124,1.100194
327,0.325196,0.328338,nan,0.202448,nan,1.057307
328,0.555122,0.565028,5.447950,0.202464,-6.599481,1.544944
329,0.703593,0.728176,nan,0.202464,nan,1.858501
330,0.710218,0.730033,4.976467,0.202479,-5.577042,1.895272
331,0.381376,0.397876,nan,0.202479,nan,1.213141
332,0.549188,0.547121,5.498330,0.202494,-6.123935,1.559860
333,0.330946,0.323005,nan,0.202494,nan,1.082350
334,0.530893,0.519242,6.145724,0.202509,-5.433014,1.483988
335,0.491134,0.525928,nan,0.202509,nan,1.415361
336,0.439405,0.430755,5.308216,0.202521,-3.361143,1.278316
337,0.475888,0.476937,nan,0.202521,nan,1.393519
338,0.479625,0.494962,5.831740,0.202534,-7.457269,1.400745
339,0.629375,0.629523,nan,0.202534,nan,1.667959
340,0.500439,0.513354,5.800483,0.202548,-6.389424,1.432534
341,0.371775,0.386642,nan,0.202548,nan,1.145567
342,0.475647,0.475108,5.499567,0.202560,-4.505067,1.404006
343,0.369016,0.366839,nan,0.202560,nan,1.151285
344,0.473155,0.473119,5.235983,0.202573,-6.471710,1.368509
345,0.316217,0.322991,nan,0.202573,nan,1.029333
346,0.508884,0.505721,6.587000,0.202586,-6.226557,1.411922
347,0.236324,0.230521,nan,0.202586,nan,0.822780
348,0.505362,0.510485,5.961008,0.202599,-6.025704,1.449687
349,0.340439,0.344095,nan,0.202599,nan,1.097256
350,0.466889,0.486519,6.628031,0.202612,-5.977862,1.347923
351,0.460095,0.464752,nan,0.202612,nan,1.373888
352,0.425668,0.448658,6.582005,0.202626,-6.323150,1.271381
353,0.467940,0.497633,nan,0.202626,nan,1.347155
354,0.546424,0.580655,5.014685,0.202639,-5.580093,1.538691
355,0.627898,0.639810,nan,0.202639,nan,1.699633
356,0.558651,0.552713,5.809588,0.202652,-5.774181,1.542208
357,0.567606,0.557470,nan,0.202652,nan,1.586592
358,0.359130,0.361481,5.863441,0.202665,-6.444677,1.114537
359,0.589943,0.581813,nan,0.202665,nan,1.611192
360,0.433559,0.435159,6.703088,0.202679,-6.220510,1.283929
361,0.283351,0.295780,nan,0.202679,nan,0.935830
362,0.433944,0.420333,5.715955,0.202692,-5.120003,1.275129
363,0.241246,0.244227,nan,0.202692,nan,0.858910
364,0.401678,0.417577,6.239402,0.202703,-4.241098,1.219718
365,0.416715,0.430669,nan,0.202703,nan,1.248326
366,0.443748,0.434090,6.155004,0.202714,-5.866123,1.320221
367,0.350400,0.341075,nan,0.202714,nan,1.095281
368,0.460180,0.462946,5.337818,0.202725,-4.954852,1.307065
369,0.415450,0.419929,nan,0.202725,nan,1.238483
370,0.504845,0.505003,4.942764,0.202735,-4.767927,1.433616
371,0.357599,0.369426,nan,0.202735,nan,1.110733
372,0.590412,0.591501,6.816343,0.202745,-5.889960,1.643253
373,0.396954,0.400243,nan,0.202745,nan,1.189464
374,0.399379,0.401551,4.951214,0.202754,-4.540743,1.223227
375,0.484200,0.488616,nan,0.202754,nan,1.409907
376,0.364894,0.363258,6.658206,0.202762,-3.923566,1.118827
377,0.296225,0.283480,nan,0.202762,nan,1.001089
378,0.323843,0.345163,5.635159,0.202771,-6.471930,1.047688
379,0.583342,0.600723,nan,0.202771,nan,1.628260
380,0.459789,0.476810,5.189846,0.202781,-6.397458,1.346818
381,0.415966,0.431255,nan,0.202781,nan,1.244383
382,0.758986,0.783311,6.255995,0.202790,-6.086293,1.948453
383,0.518219,0.518460,nan,0.202790,nan,1.484464
384,0.523146,0.500036,7.883348,0.202800,-5.658753,1.465363
385,0.511365,0.520435,nan,0.202800,nan,1.443727
386,0.460157,0.472802,5.910249,0.202809,-4.266042,1.360785
387,0.380580,0.389377,nan,0.202809,nan,1.155573
388,0.396526,0.415246,6.628918,0.202818,-5.583035,1.208595
389,0.473013,0.483659,nan,0.202818,nan,1.349009
390,0.474428,0.476190,6.979688,0.202828,-5.719265,1.361449
391,0.474331,0.488710,nan,0.202828,nan,1.387703
392,0.364238,0.367502,5.350365,0.202837,-5.382326,1.132057
393,0.412829,0.409333,nan,0.202837,nan,1.251786
394,0.424879,0.417329,6.153708,0.202847,-6.800908,1.251842
395,0.330266,0.341269,nan,0.202847,nan,1.064391
396,0.438805,0.417486,6.987115,0.202858,-6.026252,1.264818
397,0.467636,0.450424,nan,0.202858,nan,1.336115
398,0.517760,0.533473,6.526899,0.202868,-5.558207,1.409643
399,0.455568,0.443875,nan,0.202868,nan,1.345529
400,0.636707,0.635959,6.654181,0.202878,-4.328566,1.722198
401,0.476232,0.500531,nan,0.202878,nan,1.404434
402,0.521716,0.523421,6.390431,0.202888,-6.221810,1.492043
403,0.428544,0.434133,nan,0.202888,nan,1.276720
404,0.480380,0.506731,6.842063,0.202899,-6.136348,1.380006
405,0.504054,0.499004,nan,0.202899,nan,1.435342
406,0.443284,0.420420,5.834329,0.202909,-4.869545,1.273821
407,0.422367,0.429206,nan,0.202909,nan,1.245543
408,0.538782,0.527173,5.261650,0.202918,-4.968481,1.475629
409,0.640977,0.626151,nan,0.202918,nan,1.735945
410,0.549040,0.533421,7.231772,0.202927,-5.211751,1.501672
411,0.360271,0.363851,nan,0.202927,nan,1.097485
412,0.310823,0.296021,6.641491,0.202936,-5.238246,1.029394
413,0.504882,0.498747,nan,0.202936,nan,1.432175
414,0.841569,0.852813,5.741171,0.202945,-5.204352,2.141586
415,0.628266,0.622939,nan,0.202945,nan,1.689113
416,0.695633,0.681615,6.227128,0.202953,-4.930852,1.824224
417,0.557168,0.526946,nan,0.202953,nan,1.529209
418,0.470243,0.482707,6.603837,0.202962,-6.194641,1.354992
419,0.543594,0.522102,nan,0.202962,nan,1.547993
420,0.488569,0.485820,7.366890,0.202973,-7.630771,1.399756
421,0.366877,0.358237,nan,0.202973,nan,1.156187
422,0.427071,0.413623,7.164552,0.202983,-4.664225,1.299351
423,0.349002,0.346923,nan,0.202983,nan,1.104060
424,0.395246,0.424539,5.746827,0.202994,-5.804226,1.200250
425,0.519187,0.559539,nan,0.202994,nan,1.484135
426,0.489305,0.504651,6.451342,0.203005,-6.268035,1.377519
427,0.432597,0.448487,nan,0.203005,nan,1.266210
428,0.594803,0.611439,7.197788,0.203014,-2.959450,1.600892
429,0.581529,0.594162,nan,0.203014,nan,1.578883
430,0.514900,0.531833,7.386964,0.203021,-4.435106,1.434104
431,0.519094,0.561412,nan,0.203021,nan,1.456319
432,0.565632,0.595029,7.073818,0.203030,-5.800170,1.567624
433,0.705419,0.768105,nan,0.203030,nan,1.885322
434,0.608253,0.609472,6.403591,0.203039,-6.177045,1.643147
435,0.508652,0.499291,nan,0.203039,nan,1.452424
436,0.525408,0.491696,6.898556,0.203048,-5.861698,1.467536
437,0.541227,0.572667,nan,0.203048,nan,1.504404
438,0.541097,0.561618,6.416697,0.203058,-5.422844,1.521680
439,0.445426,0.414666,nan,0.203058,nan,1.307678
440,0.682724,0.666028,6.031208,0.203067,-5.416730,1.813609
441,0.754098,0.790535,nan,0.203067,nan,1.948711
442,0.507077,0.489664,6.774461,0.203077,-6.239860,1.443494
443,0.546029,0.526607,nan,0.203077,nan,1.525293
444,0.502025,0.459723,8.665142,0.203087,-5.201175,1.419433
445,0.465154,0.485561,nan,0.203087,nan,1.347990
446,0.396037,0.408964,7.167982,0.203096,-4.416469,1.194486
447,0.531915,0.545955,nan,0.203096,nan,1.486068
448,0.435126,0.456534,7.231353,0.203107,-7.086339,1.261324
449,0.605194,0.608717,nan,0.203107,nan,1.631826
450,0.594678,0.626995,8.443522,0.203117,-5.659448,1.625723
451,0.484362,0.466080,nan,0.203117,nan,1.425947
452,0.393357,0.430248,5.600563,0.203125,-2.855827,1.176296
453,0.539698,0.556220,nan,0.203125,nan,1.491841
454,0.456920,0.454952,5.381745,0.203134,-5.738737,1.308418
455,0.613086,0.593041,nan,0.203134,nan,1.675411
456,0.684358,0.673391,6.294863,0.203141,-3.839682,1.774922
457,0.609785,0.589398,nan,0.203141,nan,1.644769
458,0.399830,0.408889,8.967325,0.203148,-5.370545,1.243369
459,0.602947,0.553050,nan,0.203148,nan,1.632803
460,0.393743,0.344683,6.540205,0.203157,-5.883168,1.218678
461,0.436210,0.473292,nan,0.203157,nan,1.282041
462,0.348347,0.371150,5.647401,0.203166,-6.709185,1.081259
463,0.776192,0.708202,nan,0.203166,nan,2.002983
464,0.809788,0.782974,7.010616,0.203174,-4.215746,2.021889
465,0.861070,0.746994,nan,0.203174,nan,2.189111
466,0.671176,0.551924,9.223480,0.203184,-6.700133,1.748250
467,0.511478,0.461562,nan,0.203184,nan,1.452910
468,0.468780,0.476888,8.504318,0.203191,-3.330772,1.354510
469,0.583423,0.560183,nan,0.203191,nan,1.580468
470,0.644020,0.572832,8.079185,0.203198,-4.569063,1.732867
471,0.556496,0.678904,nan,0.203198,nan,1.546011
472,0.563564,0.556581,7.294116,0.203204,-4.444215,1.564516
473,0.430879,0.480124,nan,0.203204,nan,1.255639
474,0.611441,0.631935,7.111944,0.203210,-4.702147,1.644815
475,0.469566,0.470332,nan,0.203210,nan,1.380741
476,0.306455,0.330680,6.937654,0.203217,-6.657568,0.994348
477,0.682787,0.657309,nan,0.203217,nan,1.800859
478,0.443878,0.500013,10.786934,0.203223,-3.930775,1.301725
479,0.621011,0.589983,nan,0.203223,nan,1.675339
480,0.466549,0.427862,8.086829,0.203229,-4.545966,1.339321
481,0.723339,0.686319,nan,0.203229,nan,1.874542
482,0.673322,0.678409,7.579524,0.203235,-5.701266,1.780366
483,0.899622,0.920517,nan,0.203235,nan,2.244886
484,0.651898,0.631461,6.520091,0.203241,-4.465510,1.731095
485,0.736409,0.688545,nan,0.203241,nan,1.915390
486,0.566552,0.607808,7.967778,0.203244,-2.568547,1.522094
487,0.670816,0.694161,nan,0.203244,nan,1.785328
488,0.583171,0.609006,7.173149,0.203247,-4.240761,1.587998
489,0.381624,0.340996,nan,0.203247,nan,1.174318
490,0.494767,0.450253,8.143062,0.203249,-4.443935,1.386247
491,0.318790,0.308526,nan,0.203249,nan,1.008607
492,0.539816,0.532181,9.200970,0.203251,-4.429940,1.501490
493,0.509314,0.520854,nan,0.203251,nan,1.442812
494,0.499690,0.502907,8.755867,0.203254,-5.018270,1.419871
495,0.578049,0.595177,nan,0.203254,nan,1.602267
496,0.532792,0.537406,8.050500,0.203258,-7.065039,1.479592
497,0.577085,0.639706,nan,0.203258,nan,1.552386
498,0.584895,0.615684,7.644760,0.203265,-6.481592,1.608728
499,0.441027,0.410931,nan,0.203265,nan,1.284016
500,0.592105,0.608757,9.648549,0.203271,-5.122097,1.562531
501,0.265822,0.304480,nan,0.203271,nan,0.933437
502,0.337578,0.342952,5.471598,0.203276,-3.305060,1.067815
503,0.474684,0.465947,nan,0.203276,nan,1.349090
504,0.474666,0.476060,8.074348,0.203279,-3.666197,1.360617
505,0.436969,0.470722,nan,0.203279,nan,1.296229
506,0.405222,0.389139,9.186203,0.203282,-3.968134,1.246737
507,0.519122,0.508510,nan,0.203282,nan,1.439242
508,0.349884,0.333416,8.729710,0.203283,-3.757873,1.071874
509,0.564597,0.597979,nan,0.203283,nan,1.536482
510,0.465751,0.410733,7.631607,0.203283,-2.568309,1.360821
511,0.933271,0.987403,nan,0.203283,nan,2.313090
512,0.908452,0.934575,8.732511,0.203285,-6.632770,2.283715
513,1.052594,1.017227,nan,0.203285,nan,2.580415
514,0.699747,0.681987,7.945806,0.203287,-5.508239,1.799350
515,0.539269,0.585850,nan,0.203287,nan,1.507888
516,0.588521,0.574953,9.086098,0.203290,-4.297060,1.585687
517,0.422339,0.471337,nan,0.203290,nan,1.260284
518,0.615897,0.553659,8.954187,0.203292,-4.769226,1.676593
519,0.622179,0.606412,nan,0.203292,nan,1.701349
520,0.638203,0.638576,9.437851,0.203295,-5.408917,1.721569
521,0.436732,0.415960,nan,0.203295,nan,1.273089
522,0.651103,0.598796,8.444198,0.203298,-5.231231,1.755917
523,0.569673,0.529519,nan,0.203298,nan,1.560575
524,0.630522,0.625352,9.908867,0.203302,-4.865833,1.702835
525,0.464268,0.435401,nan,0.203302,nan,1.349590
526,0.480746,0.480678,9.669455,0.203305,-4.339642,1.385167
527,0.617877,0.672545,nan,0.203305,nan,1.668272
528,0.666153,0.600674,8.658681,0.203308,-4.225329,1.790109
529,0.551342,0.652414,nan,0.203308,nan,1.562766
530,0.532501,0.590296,11.778809,0.203312,-5.945401,1.493531
531,0.372732,0.367223,nan,0.203312,nan,1.170236
532,0.480158,0.528934,10.504810,0.203317,-6.052774,1.375773
533,0.658478,0.664755,nan,0.203317,nan,1.764263
534,0.697230,0.668801,10.580757,0.203323,-6.369764,1.819575
535,0.767385,0.695615,nan,0.203323,nan,2.015281
536,0.739441,0.703101,9.142816,0.203330,-5.877346,1.917504
537,0.563198,0.563487,nan,0.203330,nan,1.562991
538,0.485536,0.484699,10.232931,0.203337,-4.754848,1.394803
539,0.498068,0.419486,nan,0.203337,nan,1.410534
540,0.492806,0.519799,11.068741,0.203344,-5.247419,1.400998
541,0.471131,0.460751,nan,0.203344,nan,1.353639
542,0.395804,0.470174,8.565718,0.203350,-3.292556,1.204544
543,0.607197,0.590666,nan,0.203350,nan,1.615340
544,0.424682,0.456983,9.753819,0.203357,-6.611378,1.244863
545,0.456982,0.435377,nan,0.203357,nan,1.315102
546,0.645778,0.632036,12.967622,0.203363,-4.315135,1.735266
547,0.435133,0.428810,nan,0.203363,nan,1.281247
548,0.529267,0.640600,11.309582,0.203369,-5.195929,1.490266
549,0.579773,0.645868,nan,0.203369,nan,1.556434
550,0.784646,0.792903,10.427630,0.203376,-5.603740,2.042565
551,0.603858,0.631435,nan,0.203376,nan,1.660197
552,0.493902,0.568412,10.707260,0.203382,-4.086414,1.442089
553,0.460976,0.479885,nan,0.203382,nan,1.313405
554,0.611960,0.788179,12.100420,0.203388,-6.017632,1.676368
555,0.874476,0.839219,nan,0.203388,nan,2.184214
556,0.904105,0.777563,8.773960,0.203396,-5.935377,2.259227
557,1.023489,0.965720,nan,0.203396,nan,2.507046
558,1.311738,1.206780,10.819836,0.203404,-6.182756,3.110541
559,0.559038,0.469071,nan,0.203404,nan,1.571504
560,0.535570,0.616484,9.180144,0.203412,-4.160868,1.481283
561,0.366908,0.403616,nan,0.203412,nan,1.098651
562,0.515215,0.512852,10.745304,0.203418,-4.749282,1.489579
563,0.553590,0.615070,nan,0.203418,nan,1.537727
564,0.348246,0.330459,10.361187,0.203424,-3.304613,1.125236
565,0.900380,0.836299,nan,0.203424,nan,2.263552
566,0.630965,0.607236,9.452349,0.203428,-4.294610,1.677883
567,0.847775,0.805897,nan,0.203428,nan,2.154907
568,0.731115,0.781409,12.668827,0.203433,-5.108358,1.922023
569,0.411133,0.456134,nan,0.203433,nan,1.237588
570,0.641510,0.701284,11.166677,0.203436,-3.864343,1.739252
571,0.638193,0.655046,nan,0.203436,nan,1.707463
572,0.535548,0.561224,11.816575,0.203440,-5.095247,1.491784
573,0.647821,0.536181,nan,0.203440,nan,1.720334
574,0.653401,0.677903,8.094301,0.203444,-4.849755,1.724218
575,0.811142,0.906552,nan,0.203444,nan,2.067822
576,0.501343,0.514398,10.080095,0.203447,-4.247659,1.434285
577,0.645861,0.592712,nan,0.203447,nan,1.723428
578,0.693301,0.601346,11.357677,0.203451,-5.375224,1.835626
579,0.325410,0.347922,nan,0.203451,nan,1.073310
580,0.426182,0.458356,11.375515,0.203455,-5.366446,1.259682
581,0.520403,0.618732,nan,0.203455,nan,1.483602
582,0.747769,0.739220,12.541251,0.203461,-6.706541,1.880318
583,0.490711,0.518615,nan,0.203461,nan,1.409792
584,0.641751,0.658653,11.259372,0.203467,-4.324914,1.712642
585,0.554401,0.617382,nan,0.203467,nan,1.516998
586,0.438022,0.430532,11.509378,0.203473,-5.094016,1.265221
587,0.503222,0.523216,nan,0.203473,nan,1.422656
588,0.695200,0.683423,8.564675,0.203477,-3.744528,1.823812
589,0.567609,0.559749,nan,0.203477,nan,1.576250
590,0.562101,0.630285,8.468311,0.203481,-3.663096,1.556365
591,0.761786,0.789542,nan,0.203481,nan,1.984536
592,0.625196,0.640539,10.736235,0.203486,-6.262702,1.678098
593,1.174444,1.136178,nan,0.203486,nan,2.825111
594,0.711865,0.712403,8.628714,0.203492,-6.353709,1.888619
595,0.773217,0.869242,nan,0.203492,nan,2.002588
596,0.609762,0.750460,10.700964,0.203499,-5.690293,1.649248
597,0.593946,0.479909,nan,0.203499,nan,1.615412
598,0.678419,0.627064,10.156731,0.203508,-6.697516,1.802791
599,0.498271,0.495141,nan,0.203508,nan,1.377006
600,0.859456,0.834744,10.135847,0.203516,-5.458705,2.186048
601,0.786997,0.688111,nan,0.203516,nan,2.008720
602,0.775115,0.803222,10.545868,0.203524,-4.531532,1.982814
603,0.462760,0.497940,nan,0.203524,nan,1.336515
604,0.427815,0.441385,11.356586,0.203530,-2.548133,1.241793
605,0.550763,0.534253,nan,0.203530,nan,1.541873
606,0.588696,0.618752,9.124594,0.203533,-3.314284,1.616458
607,0.814980,0.766190,nan,0.203533,nan,2.079893
608,0.890861,0.840557,10.051349,0.203537,-5.465714,2.223136
609,0.584644,0.510783,nan,0.203537,nan,1.569527
610,0.604151,0.586303,12.312368,0.203540,-4.141636,1.659287
611,0.670797,0.595197,nan,0.203540,nan,1.795022
612,0.463729,0.443820,12.145434,0.203545,-6.311027,1.344797
613,0.452716,0.416496,nan,0.203545,nan,1.286535
614,0.583845,0.713017,9.901855,0.203549,-3.533380,1.613258
615,0.963829,0.940321,nan,0.203549,nan,2.389771
616,0.808494,0.695299,9.819747,0.203553,-4.744476,2.056893
617,0.864288,0.800753,nan,0.203553,nan,2.196919
618,0.517422,0.512643,12.553534,0.203555,-3.788153,1.456074
619,0.485812,0.402161,nan,0.203555,nan,1.387126
620,0.400639,0.372446,12.351109,0.203559,-5.991034,1.182342
621,0.596623,0.660211,nan,0.203559,nan,1.631006
622,1.149355,1.145396,11.727839,0.203562,-3.550781,2.785265
623,0.717652,0.668738,nan,0.203562,nan,1.895899
624,0.816371,0.684579,12.830523,0.203566,-6.285438,2.058234
625,0.539808,0.561151,nan,0.203566,nan,1.489412
626,0.414107,0.420807,13.048225,0.203570,-4.700856,1.229079
627,0.594329,0.621709,nan,0.203570,nan,1.607722
628,0.440224,0.443128,9.784620,0.203571,-1.994797,1.290561
629,0.759911,0.728378,nan,0.203571,nan,1.960819
630,0.558574,0.518373,13.702637,0.203573,-5.249588,1.557900
631,0.520919,0.548044,nan,0.203573,nan,1.469030
632,0.614565,0.697927,12.110546,0.203576,-6.244667,1.669556
633,1.167794,1.255187,nan,0.203576,nan,2.802590
634,1.210994,1.390646,12.580575,0.203581,-6.378163,2.918413
635,0.799666,0.839876,nan,0.203581,nan,2.016149
636,1.172789,1.256341,11.248922,0.203587,-5.856571,2.841324
637,0.563552,0.546355,nan,0.203587,nan,1.563600
638,0.547424,0.547034,12.289847,0.203592,-4.307573,1.532464
639,0.526311,0.594925,nan,0.203592,nan,1.450398
640,0.760211,0.789397,13.288349,0.203599,-6.554338,1.946456
641,0.630647,0.602157,nan,0.203599,nan,1.704846
642,0.962236,0.916130,14.355676,0.203607,-6.237840,2.387130
643,0.635265,0.762067,nan,0.203607,nan,1.685787
644,0.629456,0.659144,11.893024,0.203611,-1.385445,1.695732
645,0.809714,0.845159,nan,0.203611,nan,2.052667
646,0.826105,0.857014,11.412777,0.203615,-4.832596,2.114047
647,0.707756,0.665306,nan,0.203615,nan,1.856160
648,0.815081,0.813259,10.503730,0.203618,-3.709717,2.065287
649,0.561489,0.554765,nan,0.203618,nan,1.530354
650,0.323493,0.376869,9.378140,0.203621,-5.469168,1.020305
651,1.722895,1.803426,nan,0.203621,nan,3.920760
652,1.662503,1.785951,11.968016,0.203625,-5.486812,3.826759
653,2.892588,3.081816,nan,0.203625,nan,6.291543
654,1.972390,2.186274,11.931503,0.203631,-5.958427,4.444221
655,1.367327,1.428036,nan,0.203631,nan,3.216160
656,1.016134,1.087744,13.062009,0.203635,-4.433837,2.477150
657,0.644519,0.675534,nan,0.203635,nan,1.756199
658,0.588831,0.526229,15.945342,0.203640,-4.936437,1.626983
659,0.743209,0.737832,nan,0.203640,nan,1.924505
660,0.800812,0.798770,14.516935,0.203644,-3.948325,2.030467
661,0.383604,0.465692,nan,0.203644,nan,1.163186
662,0.638837,0.594786,13.635291,0.203645,-2.935531,1.726682
663,0.819462,0.877029,nan,0.203645,nan,2.078699
664,0.678668,0.504998,14.253836,0.203648,-5.309101,1.805295
665,0.724483,0.773442,nan,0.203648,nan,1.897227
666,0.955689,0.982139,16.647461,0.203650,-4.901898,2.354411
667,0.572683,0.557721,nan,0.203650,nan,1.572779
668,0.781276,0.731250,14.221071,0.203653,-4.740932,1.987096
669,0.756040,0.562366,nan,0.203653,nan,1.967373
670,1.226815,0.908417,15.457232,0.203654,-3.590775,2.929504
671,1.015342,0.864033,nan,0.203654,nan,2.487124
672,0.623017,0.596017,13.569063,0.203654,-2.669256,1.676777
673,0.779849,0.627445,nan,0.203654,nan,2.025204
674,0.708526,0.706758,17.762863,0.203653,-3.676502,1.849784
675,0.666766,0.758641,nan,0.203653,nan,1.806795
676,0.503079,0.466084,13.339528,0.203650,-3.050508,1.389677
677,1.273704,1.317587,nan,0.203650,nan,2.999138
678,0.940003,1.256119,13.482136,0.203646,-2.896317,2.340192
679,0.644933,0.976517,nan,0.203646,nan,1.744549
680,0.398793,0.796738,16.708630,0.203643,-5.393106,1.190216
681,0.799955,0.598356,nan,0.203643,nan,2.028494
682,0.925257,1.074401,13.644568,0.203640,-4.426914,2.316333
683,1.263139,0.860367,nan,0.203640,nan,2.979866
684,1.265298,0.805371,14.708517,0.203637,-4.198673,3.002365
685,1.477102,1.122846,nan,0.203637,nan,3.447287
686,1.110901,0.982371,13.727360,0.203633,-2.961248,2.693341
687,0.520286,0.546956,nan,0.203633,nan,1.462054
688,0.679428,0.670654,15.515308,0.203631,-5.878960,1.802234
689,0.526323,0.563196,nan,0.203631,nan,1.483943
690,0.665049,0.777572,13.741551,0.203629,-4.236509,1.760677
691,1.093797,1.036982,nan,0.203629,nan,2.666883
692,0.607913,0.423549,18.754398,0.203628,-5.973145,1.637072
693,0.637058,0.646181,nan,0.203628,nan,1.693786
694,0.602484,0.592724,14.369236,0.203628,-4.220213,1.633344
695,1.203929,1.205521,nan,0.203628,nan,2.883024
696,0.818779,0.715090,14.504577,0.203626,-3.504930,2.117561
697,0.756449,0.939628,nan,0.203626,nan,1.926513
698,0.632495,0.690650,16.261843,0.203623,-3.455215,1.700265
699,0.812024,0.642604,nan,0.203623,nan,2.088480
700,0.850509,0.805617,14.624028,0.203620,-4.140575,2.158015
701,0.838224,0.716751,nan,0.203620,nan,2.109348
702,1.168173,1.018961,12.041121,0.203617,-3.606652,2.786134
703,1.477300,1.448903,nan,0.203617,nan,3.439570
704,1.142799,1.320415,14.311306,0.203612,-3.824593,2.747544
705,0.529427,0.730428,nan,0.203612,nan,1.510499
706,0.595117,0.707973,17.197590,0.203609,-4.679976,1.609104
707,0.598455,0.642013,nan,0.203609,nan,1.648730
708,0.518066,0.700855,14.552774,0.203604,-3.125508,1.483796
709,1.445662,1.073049,nan,0.203604,nan,3.380624
710,1.590187,1.127910,11.278791,0.203600,-4.673045,3.670678
711,2.078926,1.897515,nan,0.203600,nan,4.661564
712,1.988311,2.024827,13.149116,0.203596,-4.086646,4.462786
713,1.188870,1.384971,nan,0.203596,nan,2.839124
714,0.655703,0.957357,17.222157,0.203593,-5.261245,1.769457
715,0.858123,0.721858,nan,0.203593,nan,2.186063
716,0.891763,0.832409,14.439688,0.203590,-4.276275,2.219616
717,0.629208,0.452229,nan,0.203590,nan,1.679371
718,1.033652,0.849154,13.870378,0.203587,-4.053413,2.525350
719,0.868684,0.853627,nan,0.203587,nan,2.213345
720,0.713019,0.818159,14.797085,0.203584,-3.712538,1.872473
721,0.580068,0.594111,nan,0.203584,nan,1.590665
722,0.612065,0.716044,17.121494,0.203584,-6.380775,1.655605
723,0.594432,0.676450,nan,0.203584,nan,1.589492
724,0.613966,0.653455,14.217924,0.203582,-3.904196,1.666743
725,0.726571,0.778013,nan,0.203582,nan,1.886553
726,0.540779,0.688745,15.344540,0.203579,-2.996348,1.526084
727,0.913703,0.996524,nan,0.203579,nan,2.310600
728,0.599268,0.626017,15.342854,0.203578,-5.289569,1.634572
729,0.836589,0.927649,nan,0.203578,nan,2.124133
730,0.794657,0.967071,13.949688,0.203575,-3.132461,2.007611
731,1.759698,1.342985,nan,0.203575,nan,3.996580
732,1.825164,1.562594,12.476788,0.203572,-4.215227,4.132225
733,1.870256,1.700339,nan,0.203572,nan,4.238428
734,1.621343,1.703937,12.068858,0.203569,-5.043302,3.703060
735,1.226384,1.467365,nan,0.203569,nan,2.910297
736,0.883030,0.941406,15.650414,0.203568,-4.963093,2.166401
737,0.914646,0.858680,nan,0.203568,nan,2.286301
738,0.671722,0.768936,12.727095,0.203565,-3.259579,1.767891
739,0.742228,0.796418,nan,0.203565,nan,1.932176
740,1.056416,0.951489,12.755419,0.203563,-4.246777,2.573932
741,0.985229,1.048279,nan,0.203563,nan,2.428040
742,1.013523,1.259818,14.527781,0.203559,-3.821173,2.498713
743,0.633852,0.764672,nan,0.203559,nan,1.692573
744,0.967775,0.892928,16.280998,0.203557,-4.955306,2.405906
745,0.721469,0.801833,nan,0.203557,nan,1.924699
746,0.791644,0.687946,14.445532,0.203552,-2.385140,2.038967
747,0.755487,0.718717,nan,0.203552,nan,1.908041
748,0.631157,0.539324,15.615114,0.203548,-4.784804,1.683489
749,0.724670,0.977507,nan,0.203548,nan,1.901908
750,0.596024,0.601283,15.086804,0.203547,-6.822445,1.619238
751,0.852175,0.738644,nan,0.203547,nan,2.157202
752,0.543993,0.514517,14.820632,0.203547,-4.534017,1.499249
753,0.851894,0.766801,nan,0.203547,nan,2.174033
754,0.610383,0.858619,14.456564,0.203545,-3.433811,1.657355
755,0.667546,0.746557,nan,0.203545,nan,1.766636
756,0.631443,0.663887,14.059942,0.203543,-4.473701,1.699600
757,0.626170,0.568225,nan,0.203543,nan,1.687029
758,0.816019,0.901719,12.839396,0.203543,-6.127970,2.103347
759,1.600305,1.459095,nan,0.203543,nan,3.693215
760,1.734959,1.789956,11.785157,0.203542,-3.884021,3.938707
761,1.828206,2.052389,nan,0.203542,nan,4.136357
762,1.454881,1.702353,10.922533,0.203541,-4.082685,3.363734
763,1.492255,1.567493,nan,0.203541,nan,3.449905
764,0.891136,0.887822,13.952805,0.203539,-2.996299,2.228814
765,0.695897,0.763710,nan,0.203539,nan,1.860723
766,0.651817,0.749153,13.658834,0.203534,-2.014930,1.739323
767,0.890509,0.836287,nan,0.203534,nan,2.208673
768,0.877692,0.938305,12.531345,0.203529,-4.628023,2.165792
769,1.208773,1.176778,nan,0.203529,nan,2.890729
770,1.157132,1.192537,13.803182,0.203524,-3.239177,2.757751
771,0.722581,0.701127,nan,0.203524,nan,1.895552
772,0.738111,0.819311,16.423618,0.203517,-2.938866,1.926149
773,0.664272,0.613491,nan,0.203517,nan,1.786114
774,0.519371,0.643146,12.726349,0.203511,-3.885415,1.465151
775,1.572135,1.361863,nan,0.203511,nan,3.597800
776,1.326001,1.384084,10.529950,0.203503,-3.454529,3.108826
777,1.675586,1.805002,nan,0.203503,nan,3.835777
778,1.498976,1.705906,12.556081,0.203496,-4.135312,3.460399
779,1.091534,1.245705,nan,0.203496,nan,2.624474
780,0.866300,0.962336,16.246569,0.203487,-2.281253,2.184000
781,0.710092,0.819905,nan,0.203487,nan,1.869309
782,0.464033,0.642322,17.631933,0.203478,-3.372711,1.315262
783,0.883434,0.886192,nan,0.203478,nan,2.179895
784,1.245583,1.176807,14.343884,0.203468,-2.939616,2.951113
785,1.239936,1.313669,nan,0.203468,nan,2.938207
786,0.840489,0.918150,14.521711,0.203456,-2.510396,2.111837
787,0.561264,0.652026,nan,0.203456,nan,1.543546
788,0.712542,0.752439,14.943237,0.203445,-3.966744,1.869618
789,0.783665,0.794954,nan,0.203445,nan,2.035308
790,0.826325,0.904218,13.361374,0.203435,-4.010756,2.100036
791,0.617938,0.698732,nan,0.203435,nan,1.603714
792,0.859331,0.900938,14.375313,0.203425,-3.680968,2.148453
793,0.870803,0.929377,nan,0.203425,nan,2.189674
794,0.735301,0.766252,15.565603,0.203412,-1.156091,1.909538
795,0.698910,0.789315,nan,0.203412,nan,1.793018
796,0.832372,0.821518,15.216045,0.203400,-4.761440,2.094036
797,0.715050,0.726402,nan,0.203400,nan,1.873762
798,0.890412,0.788396,14.837337,0.203392,-6.198219,2.240440
799,0.594660,0.653471,nan,0.203392,nan,1.632666
800,0.966415,0.911250,14.218384,0.203384,-4.275954,2.403533
801,0.725823,0.818680,nan,0.203384,nan,1.897577
802,0.631437,0.560094,16.039095,0.203373,-1.181544,1.691692
803,0.877258,0.968351,nan,0.203373,nan,2.174693
804,0.588471,0.682227,14.376759,0.203361,-2.938407,1.633988
805,0.913258,0.854534,nan,0.203361,nan,2.283042
806,0.726321,0.496697,15.550270,0.203350,-3.838724,1.899075
807,0.684535,0.790093,nan,0.203350,nan,1.770318
808,0.591020,0.569988,15.467141,0.203338,-2.711929,1.587690
809,0.886275,1.015152,nan,0.203338,nan,2.206433
810,0.733296,0.715612,15.943785,0.203323,-1.405024,1.899892
811,0.921287,0.873553,nan,0.203323,nan,2.302206
812,0.815684,0.828715,17.392521,0.203308,-2.906943,2.053644
813,0.712187,0.552885,nan,0.203308,nan,1.887862
814,0.783038,0.766100,14.103408,0.203293,-1.911932,2.010894
815,1.524628,1.373853,nan,0.203293,nan,3.538688
816,1.666803,1.572151,11.060575,0.203276,-2.519630,3.786098
817,2.098351,2.068239,nan,0.203276,nan,4.688949
818,1.664449,1.646273,12.222532,0.203261,-4.526619,3.788829
819,1.333194,1.383399,nan,0.203261,nan,3.136904
820,1.241149,1.387579,15.380073,0.203245,-2.527535,2.926054
821,0.813156,0.770740,nan,0.203245,nan,2.053187
822,0.964716,0.909398,15.597987,0.203230,-3.144360,2.396795
823,0.812926,0.672389,nan,0.203230,nan,2.065123
824,0.956711,0.878190,14.409762,0.203214,-3.007546,2.356314
825,0.702308,0.850295,nan,0.203214,nan,1.854270
826,0.817066,0.923183,18.444468,0.203199,-4.562891,2.078516
827,0.904502,0.869187,nan,0.203199,nan,2.259482
828,0.481784,0.533803,11.622483,0.203184,-2.265977,1.376213
829,1.106344,1.044483,nan,0.203184,nan,2.688142
830,1.543515,1.688718,12.090029,0.203169,-3.870759,3.551665
831,1.447647,1.660759,nan,0.203169,nan,3.359259
832,1.069053,1.244195,14.479929,0.203154,-2.708412,2.583893
833,0.928791,0.893667,nan,0.203154,nan,2.296306
834,1.136492,1.119137,17.141132,0.203139,-3.144236,2.732654
835,0.992853,1.004672,nan,0.203139,nan,2.422817
836,0.997726,0.975872,15.745763,0.203124,-3.232763,2.424063
837,1.284728,1.380366,nan,0.203124,nan,3.005155
838,1.274825,1.347148,11.874380,0.203109,-3.848722,2.985865
839,1.499750,1.590599,nan,0.203109,nan,3.443413
840,1.608589,1.659705,11.930698,0.203095,-3.220157,3.681316
841,1.525275,1.497922,nan,0.203095,nan,3.522065
842,1.149443,1.155466,15.739697,0.203083,-5.510211,2.763515
843,0.615074,0.608809,nan,0.203083,nan,1.651498
844,1.104954,1.068136,16.346817,0.203071,-3.486301,2.643890
845,1.047907,1.112695,nan,0.203071,nan,2.549154
846,0.658951,0.734939,13.055420,0.203061,-5.307723,1.755685
847,1.520825,1.482197,nan,0.203061,nan,3.498765
848,1.674053,1.619178,10.966152,0.203052,-4.602177,3.806994
849,2.245365,2.372781,nan,0.203052,nan,4.972707
850,2.244520,2.426162,11.601484,0.203041,-2.705316,4.972095
851,2.324997,2.382879,nan,0.203041,nan,5.112119
852,1.941292,1.802998,12.693917,0.203030,-2.862567,4.370659
853,1.065680,1.022473,nan,0.203030,nan,2.582524
854,0.599407,0.575185,14.869486,0.203019,-3.543079,1.606750
855,1.220182,1.144656,nan,0.203019,nan,2.914582
856,1.273991,1.163895,16.340195,0.203009,-4.192245,3.026088
857,0.556720,0.615990,nan,0.203009,nan,1.507526
858,0.882380,0.898809,13.605202,0.202999,-3.939635,2.197399
859,0.879134,0.915253,nan,0.202999,nan,2.235210
860,1.246630,1.255091,14.986803,0.202991,-5.664212,2.958695
861,0.769862,0.843325,nan,0.202991,nan,1.958156
862,0.923137,0.897002,15.197031,0.202980,-1.488955,2.300093
863,0.607348,0.638445,nan,0.202980,nan,1.622690
864,0.709066,0.752981,15.942250,0.202972,-5.544425,1.814893
865,0.647242,0.670729,nan,0.202972,nan,1.709079
866,0.694055,0.718639,13.028715,0.202965,-4.791561,1.809784
867,1.100206,1.372161,nan,0.202965,nan,2.644428
868,1.070646,1.388921,12.052564,0.202956,-2.500010,2.547554
869,1.297283,1.453060,nan,0.202956,nan,3.064473
870,1.136608,1.183090,14.133108,0.202949,-5.058783,2.719536
871,0.850084,0.770199,nan,0.202949,nan,2.134809
872,0.757751,0.806595,14.841263,0.202945,-6.353280,1.969386
873,0.781126,0.831855,nan,0.202945,nan,2.006627
874,0.839715,0.897896,13.482431,0.202937,-1.772727,2.117252
875,0.885751,0.848746,nan,0.202937,nan,2.195862
876,0.941147,0.854839,11.423469,0.202934,-6.623664,2.285848
877,1.287416,1.086558,nan,0.202934,nan,3.031965
878,0.892854,0.869507,14.464123,0.202928,-2.661649,2.222250
879,0.756206,0.710299,nan,0.202928,nan,1.936624
880,0.634487,0.596326,13.926307,0.202924,-5.326143,1.700476
881,1.068972,1.171344,nan,0.202924,nan,2.592597
882,1.356717,1.316303,11.476415,0.202920,-4.201462,3.178347
883,1.190205,1.251297,nan,0.202920,nan,2.815187
884,1.089390,1.113407,13.455307,0.202915,-3.312272,2.614604
885,0.705720,0.746863,nan,0.202915,nan,1.842057
886,0.893170,0.867460,16.070648,0.202911,-5.139339,2.244788
887,0.869523,0.878484,nan,0.202911,nan,2.178340
888,1.288438,1.225036,14.174097,0.202905,-2.290483,3.014712
889,0.823297,0.794414,nan,0.202905,nan,2.106671
890,1.031638,1.007943,13.346985,0.202901,-6.318605,2.472918
891,1.085844,1.015473,nan,0.202901,nan,2.615136
892,1.219512,1.266613,13.410583,0.202900,-5.526898,2.889575
893,0.709347,0.669086,nan,0.202900,nan,1.848478
894,0.617301,0.624797,13.126053,0.202898,-5.063355,1.677802
895,0.818611,0.794324,nan,0.202898,nan,2.073676
896,0.677816,0.686984,12.454936,0.202895,-2.220460,1.799165
897,0.668041,0.698496,nan,0.202895,nan,1.761418
898,0.877735,0.846440,14.625448,0.202888,-1.737348,2.221342
899,0.871908,0.991597,nan,0.202888,nan,2.147350
900,0.782456,0.650996,15.070663,0.202878,-0.332375,1.989570
901,1.024891,1.060613,nan,0.202878,nan,2.509889
902,0.913807,0.921395,12.089645,0.202868,-4.804185,2.263536
903,1.591111,1.489349,nan,0.202868,nan,3.661776
904,1.346329,1.286958,11.900816,0.202859,-3.436569,3.169123
905,1.359871,1.361145,nan,0.202859,nan,3.188276
906,1.086744,1.210845,11.280148,0.202851,-5.162534,2.614429
907,1.007670,1.010864,nan,0.202851,nan,2.476432
908,0.966465,0.973843,14.292089,0.202844,-4.287293,2.376881
909,0.928095,0.871695,nan,0.202844,nan,2.302245
910,0.602170,0.633803,12.012215,0.202836,-3.866667,1.639903
911,1.553666,1.687139,nan,0.202836,nan,3.585329
912,1.471142,1.566734,9.206902,0.202828,-2.870534,3.408700
913,2.105805,2.171816,nan,0.202828,nan,4.689510
914,2.139781,2.123367,9.624754,0.202818,-2.567478,4.759091
915,1.903228,1.957101,nan,0.202818,nan,4.279599
916,1.188646,1.192871,11.685961,0.202810,-5.418313,2.834481
917,1.298074,1.338483,nan,0.202810,nan,3.056035
918,0.940678,0.937649,16.209330,0.202804,-6.071336,2.313874
919,1.160561,1.203434,nan,0.202804,nan,2.763172
920,1.561100,1.523972,16.995934,0.202799,-4.253245,3.587161
921,1.045329,1.010656,nan,0.202799,nan,2.532915
922,0.997168,0.953058,12.170825,0.202793,-3.261003,2.439368
923,2.180128,2.149724,nan,0.202793,nan,4.842430
924,2.389104,2.503133,7.907669,0.202784,-1.739875,5.279556
925,3.204435,3.200447,nan,0.202784,nan,6.896218
926,2.511014,2.356493,8.144197,0.202777,-4.860003,5.510823
927,2.857576,2.576630,nan,0.202777,nan,6.217271
928,2.252466,2.002293,9.446014,0.202769,-3.036264,4.981165
929,2.247846,2.011524,nan,0.202769,nan,4.984983
930,1.669008,1.618931,11.309271,0.202759,-2.892226,3.803887
931,1.052758,1.151231,nan,0.202759,nan,2.545118
932,0.935359,0.998489,15.739016,0.202752,-5.373027,2.336696
933,1.322658,1.240082,nan,0.202752,nan,3.099540
934,1.360973,1.322635,13.305458,0.202745,-4.769226,3.169779
935,1.070009,1.045757,nan,0.202745,nan,2.551214
936,1.053369,0.959999,11.955774,0.202736,-1.487172,2.521838
937,1.806639,1.858673,nan,0.202736,nan,4.058673
938,1.337857,1.360426,10.058024,0.202723,-0.857027,3.116266
939,1.333618,1.366534,nan,0.202723,nan,3.111321
940,1.346579,1.420738,13.154461,0.202710,-3.175821,3.120655
941,1.287895,1.291950,nan,0.202710,nan,3.009895
942,1.493480,1.455130,14.508013,0.202697,-3.825051,3.445181
943,1.713722,1.572565,nan,0.202697,nan,3.902908
944,1.608803,1.467314,12.553919,0.202685,-3.823683,3.692259
945,1.486546,1.420138,nan,0.202685,nan,3.393606
946,1.326228,1.279755,11.422472,0.202673,-2.919153,3.117199
947,2.167377,2.104869,nan,0.202673,nan,4.782904
948,1.868198,1.841432,12.347712,0.202659,-3.129053,4.201248
949,1.847621,1.850980,nan,0.202659,nan,4.155708
950,1.626663,1.642945,11.059996,0.202645,-1.902502,3.738085
951,1.077674,1.086978,nan,0.202645,nan,2.582982
952,0.983992,0.922594,13.019457,0.202630,-2.592065,2.420962
953,1.600578,1.556666,nan,0.202630,nan,3.639784
954,1.371738,1.415896,11.330246,0.202615,-4.100727,3.178059
955,1.078224,0.976381,nan,0.202615,nan,2.639307
956,1.050974,1.094527,14.133629,0.202603,-4.591166,2.543903
957,0.917634,0.870160,nan,0.202603,nan,2.265189
958,1.784322,1.849561,11.622217,0.202591,-3.995274,3.995698
959,1.487284,1.435853,nan,0.202591,nan,3.441517
960,1.815018,1.881024,10.743727,0.202581,-5.258499,4.092057
961,1.318101,1.303078,nan,0.202581,nan,3.086545
962,2.204487,2.093984,11.519532,0.202569,-2.006577,4.870219
963,2.131032,1.954193,nan,0.202569,nan,4.709398
964,0.980738,0.962695,13.105960,0.202557,-3.079448,2.393882
965,1.262359,1.141080,nan,0.202557,nan,2.962812
966,1.185194,1.018229,14.890712,0.202544,-2.963988,2.826942
967,1.320218,1.280749,nan,0.202544,nan,3.093528
968,1.013332,0.902105,11.769187,0.202531,-3.454116,2.465082
969,1.449041,1.343133,nan,0.202531,nan,3.359263
970,1.075378,0.950741,12.984062,0.202517,-2.613139,2.606791
971,1.400500,1.574315,nan,0.202517,nan,3.247306
972,1.740274,1.779026,12.321921,0.202503,-3.271691,3.931823
973,0.968154,1.034276,nan,0.202503,nan,2.346133
974,1.784793,1.753498,12.752707,0.202486,-1.184008,4.056048
975,2.025922,1.965123,nan,0.202486,nan,4.505868
976,1.190394,1.213851,13.995121,0.202468,-1.454274,2.810115
977,0.995008,0.978723,nan,0.202468,nan,2.440723
978,1.304802,1.329818,10.619563,0.202449,-2.915876,3.004458
979,1.384309,1.171997,nan,0.202449,nan,3.230960
980,1.981797,1.599438,11.767231,0.202432,-4.088226,4.429545
981,2.816295,2.125625,nan,0.202432,nan,6.115765
982,1.736761,1.315247,12.162746,0.202416,-3.379856,3.961950
983,1.909133,1.858378,nan,0.202416,nan,4.294112
984,1.579506,1.544559,15.897029,0.202403,-6.383628,3.607191
985,2.004584,1.834004,nan,0.202403,nan,4.497337
986,2.256301,2.166666,14.185803,0.202389,-2.715025,4.979728
987,1.501600,1.481456,nan,0.202389,nan,3.467794
988,0.809357,0.814933,11.622211,0.202374,-2.989325,2.008074
989,1.058011,1.022197,nan,0.202374,nan,2.575039
990,1.215632,1.334121,12.684034,0.202357,-0.339736,2.892461
991,1.362584,1.427289,nan,0.202357,nan,3.175991
992,1.355823,1.358646,13.366998,0.202339,-2.430566,3.164246
993,1.579985,1.658114,nan,0.202339,nan,3.597724
994,2.181526,2.183704,13.380404,0.202319,-1.859676,4.815223
995,1.683367,1.665944,nan,0.202319,nan,3.820232
996,1.315862,1.275114,13.297433,0.202302,-4.771664,3.091440
997,2.271405,2.199195,nan,0.202302,nan,5.018766
998,1.232909,1.268465,14.591879,0.202285,-3.037004,2.903497
999,1.960674,2.018825,nan,0.202285,nan,4.344475
1000,1.923388,1.867660,14.476412,0.202272,-6.926620,4.309905
1001,2.005311,1.961795,nan,0.202272,nan,4.474509
1002,1.698365,1.645908,15.591288,0.202260,-4.771283,3.840171
1003,2.309042,2.257137,nan,0.202260,nan,5.060631
1004,1.623546,1.527724,14.844823,0.202250,-4.373144,3.706063
1005,1.878831,1.815601,nan,0.202250,nan,4.212384
1006,1.615199,1.645518,13.563116,0.202241,-5.324756,3.724967
1007,2.186444,2.080034,nan,0.202241,nan,4.844463
1008,1.621332,1.690183,11.641830,0.202234,-4.482166,3.691376
1009,2.811266,2.799137,nan,0.202234,nan,6.085973
1010,1.403584,1.329669,12.101853,0.202222,-0.782450,3.231230
1011,1.307421,1.371329,nan,0.202222,nan,3.077745
1012,1.333189,1.292224,11.946690,0.202210,-2.991551,3.105733
1013,1.913491,1.855201,nan,0.202210,nan,4.286208
1014,1.472029,1.416950,15.439935,0.202200,-5.169576,3.394102
1015,1.466211,1.444416,nan,0.202200,nan,3.376663
1016,1.715341,1.721015,13.773988,0.202188,-1.248518,3.883838
1017,1.227735,1.103171,nan,0.202188,nan,2.910012
1018,1.568894,1.446122,11.283996,0.202172,-0.766809,3.589137
1019,1.465807,1.599143,nan,0.202172,nan,3.381016
1020,2.112053,2.022699,12.742054,0.202158,-4.575274,4.688169
1021,1.061278,1.249097,nan,0.202158,nan,2.557754
1022,1.562841,1.545034,14.271481,0.202142,-2.087993,3.563700
1023,1.375509,1.285702,nan,0.202142,nan,3.191459
1024,1.539194,1.558200,13.566679,0.202128,-4.135477,3.524618
1025,1.390613,1.451313,nan,0.202128,nan,3.217656
1026,1.625918,1.531462,13.174202,0.202114,-3.651857,3.703938
1027,1.001564,1.034278,nan,0.202114,nan,2.433328
1028,1.259750,1.254499,12.712965,0.202100,-2.813222,2.964528
1029,1.070136,1.164098,nan,0.202100,nan,2.584906
1030,2.084347,2.179050,16.239100,0.202082,-0.185604,4.611324
1031,2.044326,2.189661,nan,0.202082,nan,4.564114
1032,1.720648,1.885742,15.617423,0.202067,-5.271083,3.888799
1033,1.573174,1.578668,nan,0.202067,nan,3.591664
1034,1.516498,1.597451,10.861518,0.202052,-3.939015,3.500524
1035,2.230961,2.379694,nan,0.202052,nan,4.941738
1036,2.209562,2.163097,12.665460,0.202039,-4.171787,4.899141
1037,1.533053,1.418403,nan,0.202039,nan,3.542819
1038,1.444276,1.417370,17.388905,0.202026,-3.682023,3.341209
1039,1.428269,1.284510,nan,0.202026,nan,3.296199
1040,1.164763,1.231878,18.393692,0.202011,-1.613106,2.793620
1041,1.244112,1.248667,nan,0.202011,nan,2.934259
1042,1.314364,1.390925,14.668633,0.201994,-1.663339,3.095840
1043,1.274029,1.303791,nan,0.201994,nan,3.002416
1044,1.311829,1.268586,14.725773,0.201975,-1.515227,3.081816
1045,1.193027,1.281570,nan,0.201975,nan,2.844801
1046,0.879132,0.897931,17.750698,0.201954,-0.401879,2.181935
1047,1.238217,1.237116,nan,0.201954,nan,2.905864
1048,1.485920,1.493054,16.600910,0.201932,-2.286388,3.420581
1049,1.026501,0.977742,nan,0.201932,nan,2.508310
1050,0.743873,0.847581,16.897343,0.201910,-2.370584,1.907536
1051,0.930460,0.886857,nan,0.201910,nan,2.324183
1052,1.627084,1.774022,15.837807,0.201888,-2.429829,3.712894
1053,0.944059,1.125452,nan,0.201888,nan,2.306559
1054,1.005358,1.006048,13.897337,0.201867,-3.180712,2.436781
1055,1.416322,1.450513,nan,0.201867,nan,3.294515
1056,0.748655,0.795289,16.658239,0.201846,-3.220189,1.919352
1057,1.393512,1.470181,nan,0.201846,nan,3.222986
1058,1.051832,1.036954,14.882822,0.201825,-2.164918,2.524861
1059,0.981688,1.178388,nan,0.201825,nan,2.416111
1060,1.154248,1.231448,16.093554,0.201804,-3.543304,2.724828
1061,1.328572,1.358052,nan,0.201804,nan,3.118844
1062,1.125867,1.134070,17.814182,0.201782,-0.804861,2.653321
1063,1.386626,1.401646,nan,0.201782,nan,3.205436
1064,1.146511,0.990082,16.045849,0.201758,-1.219056,2.757977
1065,1.143162,1.153148,nan,0.201758,nan,2.749480
1066,1.257674,1.362320,15.556471,0.201735,-2.897550,3.002558
1067,0.840098,0.811952,nan,0.201735,nan,2.131752
1068,1.707569,1.598086,16.763569,0.201710,-1.727643,3.872407
1069,1.000107,1.047168,nan,0.201710,nan,2.450701
1070,1.316478,1.295460,15.511595,0.201686,-2.033979,3.096807
1071,1.482482,1.695919,nan,0.201686,nan,3.431630
1072,2.010573,2.357987,15.664215,0.201664,-4.188923,4.480978
1073,1.327466,1.181707,nan,0.201664,nan,3.126491
1074,1.196182,1.004944,17.000046,0.201642,-2.836675,2.853610
1075,1.226185,1.291195,nan,0.201642,nan,2.895290
1076,1.681403,1.707446,19.059830,0.201620,-2.559805,3.814919
1077,1.332871,1.166480,nan,0.201620,nan,3.129596
1078,1.652350,1.627234,17.911722,0.201598,-2.875759,3.756511
1079,1.910430,1.889492,nan,0.201598,nan,4.295787
1080,1.810935,1.758321,16.774107,0.201580,-5.695109,4.077472
1081,1.668388,1.264349,nan,0.201580,nan,3.826349
1082,1.266140,0.994281,17.995735,0.201564,-5.389552,2.999151
1083,1.425985,1.322152,nan,0.201564,nan,3.287817
1084,1.379045,1.343221,17.365688,0.201550,-3.866619,3.195835
1085,1.340290,1.609271,nan,0.201550,nan,3.112260
1086,1.265689,1.397671,18.707466,0.201534,-2.121827,2.986746
1087,1.838856,1.751632,nan,0.201534,nan,4.145486
1088,0.818499,0.916345,18.699974,0.201515,-0.377719,2.103212
1089,1.810110,1.850660,nan,0.201515,nan,4.073545
1090,1.668859,1.636676,19.948435,0.201497,-3.437570,3.778569
1091,1.034238,1.340516,nan,0.201497,nan,2.502151
1092,0.879091,1.102481,18.818874,0.201480,-4.390853,2.181679
1093,1.333341,1.214980,nan,0.201480,nan,3.121324
1094,1.412000,1.538426,17.521982,0.201463,-3.096647,3.283904
1095,1.399706,1.486513,nan,0.201463,nan,3.257826
1096,1.110777,1.051861,20.912971,0.201445,-1.611447,2.669451
1097,1.833342,2.105489,nan,0.201445,nan,4.118226
1098,1.050105,0.975787,19.970764,0.201428,-3.398468,2.551542
1099,1.091871,1.255811,nan,0.201428,nan,2.605617
1100,1.198562,1.085602,17.638988,0.201410,-3.196507,2.847257
1101,0.957576,0.937854,nan,0.201410,nan,2.356036
1102,1.272122,1.252557,20.125950,0.201392,-2.717524,3.003608
1103,1.152189,1.289365,nan,0.201392,nan,2.775400
1104,1.314672,1.333561,17.147562,0.201374,-1.930881,3.079871
1105,1.448879,1.737248,nan,0.201374,nan,3.358411
1106,1.605053,1.754926,20.926670,0.201355,-2.582458,3.661441
1107,0.848561,0.865292,nan,0.201355,nan,2.134586
1108,1.580375,1.489351,17.866138,0.201337,-3.900596,3.619990
1109,1.084788,1.187797,nan,0.201337,nan,2.625778
1110,1.933469,1.707308,15.433746,0.201317,-1.380200,4.330807
1111,1.819654,1.533527,nan,0.201317,nan,4.117327
1112,2.615346,1.982257,17.782785,0.201295,-0.532323,5.700231
1113,1.600923,1.352818,nan,0.201295,nan,3.660078
1114,1.180247,0.884441,20.154957,0.201273,-2.300322,2.792436
1115,1.660300,1.585131,nan,0.201273,nan,3.772511
1116,1.859534,1.783290,18.661230,0.201250,-1.757733,4.193400
1117,0.999425,1.273666,nan,0.201250,nan,2.437849
1118,0.940632,1.018798,22.165577,0.201228,-2.779032,2.319363
1119,1.118379,1.074495,nan,0.201228,nan,2.680097
1120,1.571724,1.412341,18.615124,0.201205,-2.612676,3.578766
1121,1.764023,1.807740,nan,0.201205,nan,3.987179
1122,1.555902,1.418260,19.484661,0.201183,-2.395431,3.580953
1123,1.092120,1.151067,nan,0.201183,nan,2.585707
1124,0.777787,0.759002,20.247435,0.201159,-1.141228,1.975197
1125,0.998484,1.060463,nan,0.201159,nan,2.427919
1126,1.269907,1.294839,23.583504,0.201136,-3.749785,2.970958
1127,1.093988,1.219590,nan,0.201136,nan,2.606339
1128,1.393255,1.326249,19.793385,0.201112,-0.709513,3.222732
1129,1.651850,1.828350,nan,0.201112,nan,3.755378
1130,2.294994,2.192709,14.657129,0.201086,-1.152659,5.062175
1131,2.543965,2.476061,nan,0.201086,nan,5.558205
1132,3.317044,3.225982,18.072380,0.201060,-1.319879,7.120118
1133,1.948562,1.970382,nan,0.201060,nan,4.357306
1134,1.752713,1.750717,19.807724,0.201033,-1.308340,3.937884
1135,1.239194,1.213108,nan,0.201033,nan,2.913896
1136,1.544621,1.805939,18.940315,0.201007,-2.984832,3.540794
1137,2.171683,2.174231,nan,0.201007,nan,4.812454
1138,2.051825,1.952654,19.889391,0.200981,-2.752756,4.563051
1139,1.770022,1.640105,nan,0.200981,nan,4.009843
1140,1.673418,1.682528,21.293198,0.200956,-2.542238,3.817866
1141,1.639155,1.733408,nan,0.200956,nan,3.723555
1142,1.283896,1.268339,20.062307,0.200931,-2.156871,3.018315
1143,1.706491,1.537371,nan,0.200931,nan,3.861764
1144,1.478714,1.453360,16.611389,0.200907,-3.028341,3.419262
1145,2.178421,2.387245,nan,0.200907,nan,4.808918
1146,1.901683,2.057821,22.024622,0.200883,-2.231949,4.286717
1147,1.017522,1.337972,nan,0.200883,nan,2.481190
1148,1.666137,1.603191,20.221550,0.200860,-3.050686,3.806625
1149,1.549935,1.547122,nan,0.200860,nan,3.548104
1150,1.320208,1.204040,21.614666,0.200839,-4.590406,3.093738
1151,1.792631,1.536827,nan,0.200839,nan,4.043293
1152,1.182251,1.308777,24.550499,0.200819,-3.567662,2.798479
1153,1.296860,1.493244,nan,0.200819,nan,3.051547
1154,1.472540,1.449566,21.934404,0.200797,-0.890981,3.405446
1155,1.363771,1.406733,nan,0.200797,nan,3.169986
1156,1.298526,1.247895,21.432310,0.200773,-0.570666,3.065908
1157,1.610195,1.495565,nan,0.200773,nan,3.700597
1158,1.017724,0.857584,24.211992,0.200751,-3.511822,2.464337
1159,1.945823,1.786009,nan,0.200751,nan,4.353704
1160,1.316576,1.428636,20.506710,0.200727,-1.352457,3.065347
1161,1.837361,2.153667,nan,0.200727,nan,4.144821
1162,2.841988,3.132454,16.911697,0.200704,-2.422904,6.176671
1163,2.424852,2.625013,nan,0.200704,nan,5.314911
1164,2.676322,2.882929,19.390913,0.200679,-1.592592,5.842790
1165,1.965848,2.018797,nan,0.200679,nan,4.405165
1166,1.738815,1.700243,22.780476,0.200654,-1.275403,3.924030
1167,1.863938,1.919629,nan,0.200654,nan,4.196383
1168,1.464516,1.489825,20.134945,0.200630,-3.459803,3.413852
1169,1.946277,2.344500,nan,0.200630,nan,4.367807
1170,0.943317,0.877039,23.810257,0.200607,-2.820719,2.355097
1171,1.548346,1.539213,nan,0.200607,nan,3.576990
1172,1.768489,1.708841,23.313751,0.200584,-2.877529,3.995579
1173,1.154767,1.116271,nan,0.200584,nan,2.756844
1174,1.205077,1.188921,23.513054,0.200562,-3.464172,2.855125
1175,2.050127,2.075276,nan,0.200562,nan,4.558375
1176,1.479432,1.677377,22.615040,0.200538,-0.067338,3.428267
1177,1.440429,1.634022,nan,0.200538,nan,3.327353
1178,1.080604,1.156116,20.191359,0.200513,-1.082424,2.616975
1179,1.722997,1.550760,nan,0.200513,nan,3.876864
1180,1.360244,1.144491,22.822437,0.200489,-3.588741,3.178025
1181,1.383031,1.244804,nan,0.200489,nan,3.199437
1182,1.763268,1.705308,25.165913,0.200462,0.285203,3.992148
1183,1.659713,1.593411,nan,0.200462,nan,3.759040
1184,1.571032,1.361433,22.946522,0.200436,-2.502800,3.599224
1185,2.013797,2.137097,nan,0.200436,nan,4.499939
1186,2.926864,2.958464,16.899580,0.200407,0.659874,6.348982
1187,3.024791,3.008643,nan,0.200407,nan,6.519948
1188,2.759467,2.585364,20.889488,0.200378,-0.605307,6.008708
1189,2.184906,2.121090,nan,0.200378,nan,4.834221
1190,1.526263,1.563363,21.656189,0.200348,-2.047814,3.477281
1191,2.000324,1.807855,nan,0.200348,nan,4.449960
1192,2.341009,2.076851,27.696486,0.200320,-3.213867,5.149338
1193,1.505683,1.612688,nan,0.200320,nan,3.465745
1194,1.979075,2.010238,22.903173,0.200290,0.256198,4.419208
1195,1.231180,1.247235,nan,0.200290,nan,2.920624
1196,0.854530,0.970911,24.615273,0.200260,-1.394807,2.128961
1197,2.012217,1.914554,nan,0.200260,nan,4.475889
1198,1.649076,1.638792,26.326523,0.200229,-0.852389,3.748611
1199,1.547701,1.655785,nan,0.200229,nan,3.537140
1200,1.540051,1.214721,20.060593,0.200197,-0.120697,3.535810
1201,2.824834,2.732445,nan,0.200197,nan,6.108955
1202,2.381113,2.577082,22.084135,0.200167,-3.851082,5.228104
1203,1.802216,1.952082,nan,0.200167,nan,4.027914
1204,1.285077,1.320603,26.336475,0.200137,-1.693788,2.983108
1205,1.308090,1.194778,nan,0.200137,nan,3.046023
1206,1.628383,1.525382,20.122303,0.200111,-4.609368,3.702125
1207,2.144618,2.124356,nan,0.200111,nan,4.746689
1208,1.914808,1.824430,18.363985,0.200081,1.695384,4.297863
1209,1.778940,1.898948,nan,0.200081,nan,4.025130
1210,1.607470,1.589172,24.063187,0.200051,-1.375836,3.668366
1211,1.519652,1.401854,nan,0.200051,nan,3.473602
1212,1.562698,1.612398,24.199524,0.200022,-2.906197,3.563977
1213,1.438160,1.473901,nan,0.200022,nan,3.303202
1214,1.449432,1.612530,21.628799,0.199994,-3.020870,3.350653
1215,2.032007,2.329059,nan,0.199994,nan,4.516273
1216,1.786720,1.934775,22.921389,0.199967,-1.631943,4.044822
1217,1.047153,1.377152,nan,0.199967,nan,2.522432
1218,1.321187,1.288214,20.486179,0.199939,-1.464540,3.085544
1219,1.074470,1.214904,nan,0.199939,nan,2.591876
1220,1.690875,1.803446,22.457947,0.199911,-1.462667,3.818825
1221,1.481476,1.454362,nan,0.199911,nan,3.422830
1222,1.458514,1.573192,22.648998,0.199883,-2.426141,3.357855
1223,2.353022,2.555460,nan,0.199883,nan,5.169452
1224,2.177624,2.323706,17.122143,0.199855,-1.432068,4.830208
1225,2.861405,3.041407,nan,0.199855,nan,6.208327
1226,3.443781,3.492475,21.922926,0.199828,-2.217424,7.361897
1227,2.055676,2.072531,nan,0.199828,nan,4.570585
1228,2.008419,1.991906,23.387030,0.199800,-1.928184,4.484932
1229,1.259336,1.127364,nan,0.199800,nan,2.952480
1230,1.546631,1.347090,24.631807,0.199776,-4.818014,3.559034
1231,1.755245,2.161472,nan,0.199776,nan,3.956594
1232,2.622147,3.038455,18.878109,0.199750,-0.739191,5.720786
1233,2.323488,2.414251,nan,0.199750,nan,5.109856
1234,2.053329,1.924960,20.681690,0.199724,-1.392699,4.587575
1235,1.862294,1.595789,nan,0.199724,nan,4.179959
1236,1.320734,1.365195,25.286354,0.199696,-0.509474,3.079898
1237,2.005145,2.109786,nan,0.199696,nan,4.456479
1238,1.823353,1.930325,23.224205,0.199667,0.269153,4.074118
1239,1.648731,1.789178,nan,0.199667,nan,3.719915
1240,1.577104,1.866392,24.857239,0.199639,-2.623693,3.603406
1241,1.672386,1.538186,nan,0.199639,nan,3.763277
1242,1.444974,1.621017,27.833969,0.199608,0.163114,3.340550
1243,1.712919,1.615410,nan,0.199608,nan,3.885245
1244,0.956984,1.075796,27.772156,0.199581,-4.146941,2.348341
1245,1.310647,1.502932,nan,0.199581,nan,3.069992
1246,1.118055,1.267079,24.061287,0.199551,0.478378,2.646569
1247,2.053579,2.053468,nan,0.199551,nan,4.562070
1248,1.622979,1.582828,24.100079,0.199522,-1.848644,3.680921
1249,2.180855,2.171578,nan,0.199522,nan,4.796342
1250,1.653650,1.703340,20.597412,0.199495,-4.244773,3.766686
1251,1.386649,1.484593,nan,0.199495,nan,3.181916
1252,1.504512,1.432098,25.191910,0.199469,-2.023832,3.436986
1253,1.630322,1.936229,nan,0.199469,nan,3.722904
1254,1.685850,1.773269,25.195807,0.199443,-2.454154,3.847787
1255,1.809441,1.805710,nan,0.199443,nan,4.090379
1256,1.843477,1.799358,22.545015,0.199416,-0.995051,4.143846
1257,2.207764,2.380765,nan,0.199416,nan,4.860693
1258,2.897698,3.006167,19.349382,0.199390,-2.366968,6.256738
1259,2.625618,2.762903,nan,0.199390,nan,5.728451
1260,2.583269,2.457633,20.379345,0.199364,-2.167246,5.639812
1261,1.642701,1.697994,nan,0.199364,nan,3.728266
1262,1.328735,1.445809,27.973618,0.199339,-3.275187,3.084979
1263,1.476100,1.536117,nan,0.199339,nan,3.404453
1264,1.474656,1.546478,22.757221,0.199315,-1.702395,3.367809
1265,1.701481,1.705939,nan,0.199315,nan,3.854279
1266,1.316300,1.267342,23.846157,0.199292,-4.411276,3.071682
1267,1.072139,0.988566,nan,0.199292,nan,2.581880
1268,1.197078,1.241669,22.361441,0.199267,0.979089,2.819091
1269,2.010478,2.370194,nan,0.199267,nan,4.471735
1270,2.259630,2.330667,24.232712,0.199240,-0.728034,4.952807
1271,1.554209,1.624774,nan,0.199240,nan,3.501496
1272,1.164109,1.118429,23.100189,0.199212,-0.774298,2.736392
1273,1.703390,2.044076,nan,0.199212,nan,3.842637
1274,1.860279,2.306649,23.164503,0.199184,-0.549500,4.154349
1275,2.381760,2.848757,nan,0.199184,nan,5.205585
1276,1.301097,1.526790,25.457760,0.199155,-1.477928,3.042202
1277,1.734662,1.768882,nan,0.199155,nan,3.935162
1278,1.874808,1.943287,24.261131,0.199128,-3.389277,4.191280
1279,2.152884,1.883182,nan,0.199128,nan,4.781260
1280,2.950011,2.983842,20.379028,0.199101,-1.009441,6.372778
1281,2.966702,3.019016,nan,0.199101,nan,6.377492
1282,2.785469,3.107310,21.294533,0.199072,-0.533574,6.009595
1283,1.469942,2.001924,nan,0.199072,nan,3.323750
1284,1.421136,1.433405,24.926529,0.199044,-2.525155,3.292607
1285,1.754365,1.870409,nan,0.199044,nan,3.941073
1286,1.235297,1.263686,27.882982,0.199018,-3.042959,2.908760
1287,1.273342,1.321456,nan,0.199018,nan,2.943744
1288,2.181370,1.991946,24.623405,0.198991,-1.047296,4.818641
1289,1.852550,1.921246,nan,0.198991,nan,4.172000
1290,1.506637,1.723421,25.993416,0.198963,-1.573728,3.465227
1291,1.009155,1.171843,nan,0.198963,nan,2.434795
1292,1.774878,1.846654,23.195576,0.198937,-2.454078,3.989139
1293,1.875721,1.740171,nan,0.198937,nan,4.173508
1294,1.561596,1.660924,25.568348,0.198912,-3.496627,3.570676
1295,1.692759,1.703212,nan,0.198912,nan,3.847955
1296,1.494250,1.430111,27.117828,0.198886,-0.357847,3.423610
1297,1.895002,1.956923,nan,0.198886,nan,4.240259
1298,2.340843,2.487683,25.791914,0.198860,-2.454335,5.159122
1299,1.879730,1.920357,nan,0.198860,nan,4.217813
1300,1.937965,2.011806,27.625109,0.198834,-1.612896,4.329603
1301,1.850244,1.658388,nan,0.198834,nan,4.145260
1302,1.877103,2.000969,26.886467,0.198809,-3.134345,4.223047
1303,1.849626,1.586405,nan,0.198809,nan,4.171355
1304,1.864335,1.809638,27.813381,0.198783,-0.460693,4.185000
1305,1.332009,1.500450,nan,0.198783,nan,3.093887
1306,1.504839,1.588365,23.822689,0.198756,-0.375388,3.465691
1307,1.225772,1.265727,nan,0.198756,nan,2.880940
1308,1.403868,1.690271,23.100376,0.198729,-1.723345,3.244822
1309,2.784855,3.053894,nan,0.198729,nan,6.028984
1310,2.829000,3.378711,19.409895,0.198700,-0.267532,6.110723
1311,3.482279,3.677069,nan,0.198700,nan,7.430939
1312,2.655502,2.525878,25.222446,0.198671,-0.825189,5.755518
1313,2.172879,1.931470,nan,0.198671,nan,4.796515
1314,1.922624,2.020597,29.449390,0.198642,-0.664161,4.285506
1315,1.738897,1.415175,nan,0.198642,nan,3.923490
1316,1.257400,1.377381,21.043058,0.198613,-2.248870,2.949524
1317,2.565373,3.001974,nan,0.198613,nan,5.585996
1318,2.422432,2.928877,24.630188,0.198584,-1.430329,5.279602
1319,2.881231,3.062845,nan,0.198584,nan,6.229216
1320,2.323436,2.073158,25.311729,0.198556,-2.632523,5.100349
1321,2.305931,2.180502,nan,0.198556,nan,5.068842
1322,2.589766,2.615703,25.987305,0.198528,-1.124100,5.627415
1323,1.585111,1.661439,nan,0.198528,nan,3.574224
1324,1.826870,1.924019,25.352278,0.198500,-1.406989,4.098571
1325,1.519516,1.762944,nan,0.198500,nan,3.469751
1326,1.909043,2.232471,30.083166,0.198469,1.329561,4.286665
1327,1.474583,1.624513,nan,0.198469,nan,3.367548
1328,1.183382,1.295776,29.670811,0.198438,-0.226751,2.765713
1329,2.411994,2.433623,nan,0.198438,nan,5.252228
1330,1.828352,1.776441,24.129383,0.198406,-0.325752,4.090543
1331,1.666626,1.650965,nan,0.198406,nan,3.775433
1332,1.985023,1.957159,29.730991,0.198373,-0.070802,4.411006
1333,1.751451,1.849775,nan,0.198373,nan,3.954050
1334,1.854463,1.737790,26.538605,0.198342,-3.132887,4.137506
1335,2.134608,2.245980,nan,0.198342,nan,4.721585
1336,2.114521,2.165411,32.118843,0.198312,-2.540539,4.670963
1337,2.234844,2.635808,nan,0.198312,nan,4.931837
1338,2.230485,2.355343,31.600941,0.198282,-0.495039,4.888978
1339,1.686404,1.493509,nan,0.198282,nan,3.801129
1340,1.190543,1.193475,29.453747,0.198252,-2.719347,2.798716
1341,2.083182,1.922695,nan,0.198252,nan,4.597735
1342,2.458731,2.009283,26.791910,0.198223,-0.941403,5.375463
1343,1.174509,1.341978,nan,0.198223,nan,2.773797
1344,1.281971,1.508492,29.888554,0.198193,-0.851765,2.994928
1345,1.347423,1.658343,nan,0.198193,nan,3.135144
1346,1.058014,0.944559,29.558151,0.198163,-1.087836,2.538926
1347,2.494246,1.894242,nan,0.198163,nan,5.424357
1348,2.837481,1.331773,30.874609,0.198134,-2.389302,6.112881
1349,1.711277,1.846969,nan,0.198134,nan,3.855602
1350,1.842175,1.770072,23.982563,0.198104,0.205123,4.131507
1351,2.068969,2.392031,nan,0.198104,nan,4.579572
1352,1.737459,2.649933,28.175632,0.198075,-2.099131,3.889797
1353,1.956789,1.710516,nan,0.198075,nan,4.349827
1354,1.592975,1.605878,27.094549,0.198045,-1.220653,3.604191
1355,1.975578,1.822596,nan,0.198045,nan,4.399091
1356,1.347100,1.319237,28.575947,0.198017,-2.311630,3.128046
1357,1.796498,1.740350,nan,0.198017,nan,4.020323
1358,1.430864,1.533806,25.418304,0.197988,-1.784760,3.255600
1359,1.340831,1.991297,nan,0.197988,nan,3.101898
1360,1.134083,1.449573,28.143990,0.197960,-1.098628,2.679146
1361,1.242364,1.402070,nan,0.197960,nan,2.875166
1362,1.281578,1.556912,25.381741,0.197933,-3.326740,2.965440
1363,2.560210,2.432177,nan,0.197933,nan,5.579873
1364,3.112884,2.771893,25.171078,0.197905,-0.620521,6.678208
1365,2.188449,2.403037,nan,0.197905,nan,4.821000
1366,2.095454,2.476405,30.971254,0.197878,-1.260851,4.627795
1367,1.806434,1.767838,nan,0.197878,nan,4.037764
1368,1.429679,1.393159,25.820576,0.197849,-0.164776,3.265866
1369,1.834555,2.090500,nan,0.197849,nan,4.090159
1370,1.814757,1.736187,29.620024,0.197818,0.963842,4.089147
1371,1.092295,1.280777,nan,0.197818,nan,2.605721
1372,1.466996,1.534339,26.008591,0.197789,-3.048618,3.353747
1373,1.898639,2.114580,nan,0.197789,nan,4.254479
1374,1.706430,1.881687,24.390965,0.197761,-2.600892,3.847867
1375,1.314348,1.415302,nan,0.197761,nan,3.061324
1376,1.306573,1.492670,28.783283,0.197735,-3.614804,3.027479
1377,1.676209,1.922292,nan,0.197735,nan,3.771587
1378,1.819347,2.042545,30.080730,0.197708,-0.835024,4.069096
1379,1.880024,1.909622,nan,0.197708,nan,4.180225
1380,2.657277,2.706083,22.442547,0.197682,-2.150456,5.764659
1381,3.201950,3.317180,nan,0.197682,nan,6.848864
1382,3.356209,4.057561,22.587849,0.197656,-0.764784,7.159550
1383,2.060003,2.418755,nan,0.197656,nan,4.550756
1384,1.718334,2.282243,30.788380,0.197628,-0.109631,3.884077
1385,2.037011,2.149675,nan,0.197628,nan,4.511026
1386,1.364684,1.644322,28.529057,0.197600,-1.610217,3.167437
1387,2.026472,1.907111,nan,0.197600,nan,4.489101
1388,2.237594,2.196779,20.502808,0.197571,-0.208606,4.894632
1389,1.848281,1.919487,nan,0.197571,nan,4.137772
1390,2.598266,2.943194,27.201344,0.197541,1.109596,5.619996
1391,2.040271,2.340759,nan,0.197541,nan,4.526461
1392,1.634756,1.774218,28.453119,0.197510,-0.822373,3.701441
1393,1.729615,1.826625,nan,0.197510,nan,3.881292
1394,1.778255,2.019150,25.295456,0.197480,-2.234723,3.958984
1395,2.906318,3.271092,nan,0.197480,nan,6.280633
1396,3.303746,4.034810,24.096554,0.197448,1.268427,7.056719
1397,3.496467,4.361962,nan,0.197448,nan,7.444592
1398,2.807483,3.370287,23.914268,0.197417,-1.372564,6.068751
1399,2.021715,2.056812,nan,0.197417,nan,4.501431
1400,1.726062,1.773837,34.208092,0.197386,-0.898668,3.863039
1401,1.537508,1.500901,nan,0.197386,nan,3.482177
1402,1.209352,1.537338,27.743950,0.197356,-3.139848,2.836735
1403,1.282789,1.467262,nan,0.197356,nan,2.988410
1404,1.530120,1.563896,27.520409,0.197328,-1.933926,3.480036
1405,1.729678,1.841073,nan,0.197328,nan,3.870348
1406,1.955269,2.145304,30.588297,0.197297,1.445938,4.317432
1407,2.221403,2.405159,nan,0.197297,nan,4.893491
1408,1.429824,1.464307,26.529776,0.197267,-2.764086,3.298397
1409,1.990679,1.766803,nan,0.197267,nan,4.428719
1410,1.457053,1.634270,25.330761,0.197238,-0.511707,3.347054
1411,1.847121,1.728853,nan,0.197238,nan,4.147452
1412,1.439095,1.502830,29.931963,0.197208,-1.136601,3.301961
1413,1.361061,1.556369,nan,0.197208,nan,3.163258
1414,1.509661,1.653444,29.729992,0.197179,-2.381894,3.457098
1415,1.692793,1.861670,nan,0.197179,nan,3.822211
1416,1.324678,1.714788,29.592247,0.197150,-0.732319,3.059050
1417,1.476143,1.739415,nan,0.197150,nan,3.374031
1418,1.649925,1.697040,27.352942,0.197121,-0.866631,3.723617
1419,1.271794,1.801594,nan,0.197121,nan,2.984326
1420,1.516076,1.759399,32.154785,0.197091,0.062454,3.448855
1421,1.611132,2.012205,nan,0.197091,nan,3.673234
1422,1.370090,1.841913,30.120899,0.197061,-1.425500,3.175436
1423,1.707218,1.605549,nan,0.197061,nan,3.858816
1424,1.607851,1.714054,24.420387,0.197031,-0.662245,3.610654
1425,1.179527,1.469863,nan,0.197031,nan,2.757496
1426,1.346725,1.143707,29.669998,0.197002,-2.657142,3.093480
1427,1.019614,1.405629,nan,0.197002,nan,2.426186
1428,1.601049,1.818794,27.821087,0.196972,0.061967,3.582221
1429,1.695594,1.774419,nan,0.196972,nan,3.824662
1430,2.167095,2.435318,27.061571,0.196944,-2.247120,4.761700
1431,1.953727,2.080461,nan,0.196944,nan,4.331579
1432,2.333418,2.393324,31.110914,0.196913,1.377882,5.126448
1433,1.712251,1.976511,nan,0.196913,nan,3.855606
1434,1.879955,1.976098,29.171005,0.196882,-0.513772,4.210984
1435,2.217930,2.105295,nan,0.196882,nan,4.860509
1436,2.712957,2.798126,23.657061,0.196850,0.623723,5.880469
1437,3.063182,3.253694,nan,0.196850,nan,6.595685
1438,3.044738,3.128701,21.825106,0.196817,-0.145850,6.548241
1439,1.165471,1.286334,nan,0.196817,nan,2.768733
1440,1.147926,1.086874,27.890953,0.196786,-2.310503,2.718021
1441,1.064656,1.327488,nan,0.196786,nan,2.533839
1442,1.382714,1.049706,30.038597,0.196756,-1.659893,3.183101
1443,2.341782,2.216012,nan,0.196756,nan,5.148664
1444,1.973235,2.183101,27.068907,0.196724,1.094248,4.356752
1445,2.213277,2.527899,nan,0.196724,nan,4.855666
1446,1.973810,2.050841,31.971706,0.196693,-2.682022,4.414603
1447,1.885394,2.195839,nan,0.196693,nan,4.182474
1448,1.387134,1.767921,31.005917,0.196664,-2.480668,3.231584
1449,2.958207,2.438756,nan,0.196664,nan,6.347660
1450,3.630141,2.715902,26.053425,0.196635,-0.835780,7.715456
1451,3.676902,2.963385,nan,0.196635,nan,7.816662
1452,2.650579,2.488356,31.475452,0.196604,1.375421,5.753940
1453,1.864062,1.955168,nan,0.196604,nan,4.149951
1454,1.923979,1.893283,36.787670,0.196573,-1.231779,4.266042
1455,1.779096,1.868097,nan,0.196573,nan,3.956464
1456,0.974197,1.333150,29.403711,0.196543,-1.142264,2.344771
1457,3.656797,2.909132,nan,0.196543,nan,7.750971
1458,4.546624,4.138819,21.580193,0.196513,-1.176213,9.541405
1459,4.801342,4.628805,nan,0.196513,nan,10.075449
1460,4.581620,4.623044,22.501776,0.196483,-1.032509,9.635468
1461,3.628584,3.960690,nan,0.196483,nan,7.719070
1462,3.044794,3.466691,25.833681,0.196453,-0.604635,6.545880
1463,1.819073,2.191823,nan,0.196453,nan,4.050075
1464,2.687904,2.545038,35.335049,0.196423,-1.585137,5.825350
1465,1.966446,1.965991,nan,0.196423,nan,4.326518
1466,2.102586,2.263140,32.059914,0.196395,-2.014510,4.680159
1467,1.130813,1.396398,nan,0.196395,nan,2.712727
1468,1.763176,1.947672,26.927471,0.196367,-2.004616,3.945971
1469,2.845026,3.308205,nan,0.196367,nan,6.134071
1470,2.527261,2.826084,24.289230,0.196338,-0.176800,5.497159
1471,1.843021,1.710476,nan,0.196338,nan,4.130120
1472,1.439615,1.503173,32.779888,0.196309,-0.822979,3.280529
1473,1.345023,1.636351,nan,0.196309,nan,3.109134
1474,0.892272,1.162834,26.749828,0.196280,-0.813366,2.208856
1475,1.561917,1.760381,nan,0.196280,nan,3.559949
1476,2.046250,1.946121,30.496098,0.196252,-1.204041,4.516974
1477,1.928379,2.058823,nan,0.196252,nan,4.275959
1478,1.750470,1.785528,30.196941,0.196223,-1.477343,3.939111
1479,1.654506,2.136914,nan,0.196223,nan,3.716006
1480,1.381000,1.428808,27.740301,0.196196,-2.355636,3.223677
1481,1.405051,1.421958,nan,0.196196,nan,3.217330
1482,1.480996,1.474665,25.897108,0.196168,0.482109,3.387103
1483,2.056547,2.388077,nan,0.196168,nan,4.537142
1484,2.922530,3.501285,27.097309,0.196138,0.643690,6.295622
1485,2.641873,3.365059,nan,0.196138,nan,5.725856
1486,1.934844,2.492862,28.317078,0.196108,-0.660506,4.312902
1487,1.603305,1.700308,nan,0.196108,nan,3.608343
1488,0.984510,1.176629,31.813349,0.196079,-2.766326,2.375540
1489,1.977069,1.969159,nan,0.196079,nan,4.402764
1490,1.208300,1.332232,29.469463,0.196051,-1.514006,2.840533
1491,1.247105,1.042804,nan,0.196051,nan,2.915134
1492,1.367350,1.386385,26.743769,0.196022,-0.054801,3.128012
1493,1.951812,1.651531,nan,0.196022,nan,4.347142
1494,2.381490,1.899335,24.781218,0.195993,0.266021,5.197397
1495,2.278245,2.064466,nan,0.195993,nan,5.018404
1496,1.275824,1.802798,32.509998,0.195962,-0.169199,2.960692
1497,1.965023,1.965635,nan,0.195962,nan,4.362427
1498,1.712940,1.623711,31.314829,0.195931,0.461970,3.872862
1499,4.334127,4.076657,nan,0.195931,nan,9.157324
1500,4.252326,3.533693,23.281336,0.195900,0.053077,8.969688
1501,4.254246,3.494692,nan,0.195900,nan,8.986258
1502,2.997357,2.392510,24.309515,0.195869,-1.300747,6.446578
1503,2.210137,2.010712,nan,0.195869,nan,4.861711
1504,1.602095,1.278675,30.090055,0.195837,0.205214,3.615275
1505,3.250895,2.810269,nan,0.195837,nan,6.975554
1506,1.331247,1.301500,28.651909,0.195806,-1.150200,3.087486
1507,2.901298,2.373762,nan,0.195806,nan,6.241070
1508,2.578422,2.357668,24.852943,0.195775,-0.915808,5.591994
1509,2.621513,2.647694,nan,0.195775,nan,5.699214
1510,1.298523,1.275725,29.826202,0.195746,-2.466672,3.045633
1511,1.971891,1.764218,nan,0.195746,nan,4.384000
1512,1.131937,1.329311,26.524010,0.195716,-0.747705,2.675566
1513,2.798008,2.588975,nan,0.195716,nan,6.031377
1514,2.986938,2.432344,27.994379,0.195686,0.081510,6.412996
1515,2.977582,2.740123,nan,0.195686,nan,6.374204
1516,2.672810,2.484705,29.566160,0.195656,-0.888362,5.768332
1517,1.651727,1.885626,nan,0.195656,nan,3.705030
1518,1.551666,1.636948,28.309183,0.195627,-1.446305,3.532746
1519,1.646738,1.887522,nan,0.195627,nan,3.742409
1520,2.033371,1.898258,31.112057,0.195599,-3.171449,4.510334
1521,1.556835,1.525921,nan,0.195599,nan,3.552876
1522,1.642741,1.541967,26.635597,0.195573,-2.926414,3.695584
1523,2.626472,3.154329,nan,0.195573,nan,5.707264
1524,2.285318,2.950295,25.729280,0.195546,-0.200715,5.027336
1525,2.610359,3.062699,nan,0.195546,nan,5.661605
1526,1.407831,1.246743,26.364561,0.195518,0.917696,3.226466
1527,1.320357,1.369538,nan,0.195518,nan,3.052510
1528,2.163241,2.177824,29.287788,0.195488,-0.001786,4.750235
1529,1.776176,1.708847,nan,0.195488,nan,3.952782
1530,1.388332,1.446705,29.379370,0.195459,-0.927505,3.184303
1531,1.945322,1.703309,nan,0.195459,nan,4.321357
1532,1.263307,1.158293,28.618511,0.195432,-2.631146,2.949913
1533,1.348238,1.392425,nan,0.195432,nan,3.104660
1534,1.296473,1.547774,29.683655,0.195404,-1.045417,3.021781
1535,2.188342,2.820313,nan,0.195404,nan,4.814984
1536,2.857252,3.585056,31.333225,0.195376,-0.186681,6.174746
1537,2.005219,2.946814,nan,0.195376,nan,4.451766
1538,1.599177,1.937233,29.333500,0.195347,0.015553,3.624445
1539,1.479343,1.539355,nan,0.195347,nan,3.376116
1540,1.260643,1.546574,25.891073,0.195318,-0.205445,2.928022
1541,3.100807,2.495319,nan,0.195318,nan,6.633404
1542,3.614068,3.531160,23.537422,0.195289,-2.010581,7.669863
1543,3.950972,4.266585,nan,0.195289,nan,8.329615
1544,2.978071,3.539985,31.215120,0.195261,-0.290569,6.397919
1545,1.817593,2.222029,nan,0.195261,nan,4.066805
1546,1.941933,1.764935,29.205404,0.195231,0.329738,4.307412
1547,1.487035,1.532535,nan,0.195231,nan,3.390043
1548,1.430798,1.323393,30.673500,0.195201,-0.064212,3.281186
1549,1.853067,1.868195,nan,0.195201,nan,4.132454
1550,2.654475,2.530276,34.806686,0.195169,2.334154,5.755175
1551,2.348816,2.392242,nan,0.195169,nan,5.164656
1552,2.471921,2.556385,30.038229,0.195137,-1.095330,5.369923
1553,1.583459,1.846984,nan,0.195137,nan,3.613396
1554,1.295251,1.117707,30.893446,0.195107,-2.550941,3.007061
1555,1.743592,1.824124,nan,0.195107,nan,3.898370
1556,1.636691,1.900560,31.567047,0.195079,-2.684435,3.708285
1557,1.385648,1.243145,nan,0.195079,nan,3.155647
1558,1.427430,1.019870,31.992828,0.195050,-0.793636,3.312308
1559,2.215551,2.070230,nan,0.195050,nan,4.854142
1560,1.734380,1.769201,28.806488,0.195021,0.738804,3.884518
1561,2.022365,2.685016,nan,0.195021,nan,4.486383
1562,2.390563,2.986560,10.461977,0.194991,-0.817732,5.245125
1563,1.438679,1.764129,nan,0.194991,nan,3.308798
1564,1.102032,1.085312,12.387781,0.194962,-0.216454,2.631813
1565,1.591197,1.803315,nan,0.194962,nan,3.621296
1566,0.741301,1.068150,9.292965,0.194932,-0.543113,1.912909
1567,1.531195,1.720358,nan,0.194932,nan,3.479797
1568,1.470715,1.559824,9.043880,0.194901,2.116821,3.384645
1569,1.322295,1.670554,nan,0.194901,nan,3.055292
1570,1.093737,1.234881,11.026757,0.194868,1.960501,2.616230
1571,1.238590,1.231047,nan,0.194868,nan,2.884716
1572,1.190713,1.292701,10.235927,0.194835,0.033836,2.763998
1573,0.976131,1.231612,nan,0.194835,nan,2.338446
1574,1.128213,1.397007,10.055578,0.194801,1.528538,2.682695
1575,1.407364,1.609847,nan,0.194801,nan,3.212809
1576,0.882503,1.403192,13.230897,0.194768,-0.918368,2.151894
1577,0.658908,0.867938,nan,0.194768,nan,1.728998
1578,0.741324,0.696052,11.752691,0.194736,-1.292888,1.889514
1579,0.793947,0.700266,nan,0.194736,nan,1.984832
1580,0.707511,0.667051,13.940422,0.194703,0.536486,1.799220
1581,0.949834,0.960055,nan,0.194703,nan,2.339619
1582,1.156426,1.116899,10.083321,0.194670,0.640374,2.765805
1583,0.578461,0.666584,nan,0.194670,nan,1.575483
1584,1.066206,1.102213,12.054528,0.194638,-0.843263,2.547132
1585,1.141177,1.183689,nan,0.194638,nan,2.686441
1586,0.879006,0.831688,10.321399,0.194606,-1.640924,2.170407
1587,0.910802,0.935301,nan,0.194606,nan,2.264505
1588,1.401278,1.650389,9.437437,0.194575,0.841134,3.217566
1589,0.710441,1.219873,nan,0.194575,nan,1.828776
1590,1.120551,1.379311,8.244585,0.194545,-2.301862,2.653733
1591,0.732127,0.986648,nan,0.194545,nan,1.905443
1592,0.583456,0.770357,10.612740,0.194517,-2.349185,1.560204
1593,1.336531,1.443048,nan,0.194517,nan,3.107809
1594,0.770612,0.985732,9.905142,0.194488,-0.137946,1.981253
1595,0.824064,0.971911,nan,0.194488,nan,2.086501
1596,0.872436,0.933770,13.603767,0.194460,-2.224577,2.157984
1597,1.283674,1.422179,nan,0.194460,nan,3.004270
1598,0.615518,0.568415,11.325894,0.194434,-3.165533,1.640009
1599,1.097018,0.902385,nan,0.194434,nan,2.646728
1600,1.341121,1.262055,12.474884,0.194408,-0.413675,3.120566
1601,0.720272,1.095136,nan,0.194408,nan,1.860733
1602,0.744451,1.233265,12.151735,0.194382,-0.720059,1.892856
1603,0.707520,0.753988,nan,0.194382,nan,1.841646
1604,0.996675,1.052478,9.019802,0.194354,1.427202,2.410714
1605,1.315734,0.760850,nan,0.194354,nan,3.098120
1606,1.291842,0.806542,11.789782,0.194325,0.472050,3.035127
1607,0.755467,0.556426,nan,0.194325,nan,1.951086
1608,0.972318,1.075577,11.002837,0.194296,0.777666,2.346578
1609,0.835283,1.050943,nan,0.194296,nan,2.118184
1610,0.972776,1.138522,11.009720,0.194267,-0.707783,2.372531
1611,0.769707,0.651626,nan,0.194267,nan,1.965130
1612,0.986060,0.875493,11.232778,0.194237,-0.009131,2.396754
1613,0.869208,0.726844,nan,0.194237,nan,2.146028
1614,0.849638,0.926223,12.259377,0.194208,-0.002397,2.106296
1615,0.912437,0.627755,nan,0.194208,nan,2.275777
1616,0.982655,1.041374,7.966681,0.194178,0.032625,2.397863
1617,0.918841,0.798314,nan,0.194178,nan,2.284458
1618,1.654307,1.140397,9.683973,0.194148,0.498318,3.768465
1619,1.647154,0.802610,nan,0.194148,nan,3.764885
1620,1.397796,1.134237,11.413346,0.194119,-0.685845,3.229435
1621,0.737987,0.785291,nan,0.194119,nan,1.885711
1622,1.080947,1.157713,9.850988,0.194087,2.141345,2.604370
1623,0.806172,0.932995,nan,0.194087,nan,2.032287
1624,0.588040,0.818721,9.771133,0.194057,-0.806130,1.594856
1625,1.108547,1.085316,nan,0.194057,nan,2.688634
1626,1.013674,0.930573,8.849268,0.194025,1.252789,2.481055
1627,1.218131,0.981895,nan,0.194025,nan,2.904810
1628,1.110491,1.011261,9.022961,0.193992,2.481007,2.679736
1629,0.637500,0.652795,nan,0.193992,nan,1.697154
1630,0.851216,0.913122,11.226618,0.193959,-0.222406,2.125363
1631,0.806906,1.104870,nan,0.193959,nan,2.011291
1632,0.528257,0.805469,9.721052,0.193925,1.328632,1.497580
1633,0.603302,0.920329,nan,0.193925,nan,1.650515
1634,0.618526,0.749345,11.159636,0.193891,0.762507,1.612559
1635,0.718113,0.687002,nan,0.193891,nan,1.854130
1636,1.142207,1.225215,8.627058,0.193857,1.665801,2.683240
1637,0.727662,0.887731,nan,0.193857,nan,1.870873
1638,0.661749,0.758103,8.854111,0.193822,-0.421115,1.738014
1639,0.764213,0.816300,nan,0.193822,nan,1.918026
1640,0.607301,0.682206,9.262857,0.193787,2.349524,1.664031
1641,0.864519,0.858760,nan,0.193787,nan,2.148081
1642,0.805427,0.805552,9.164875,0.193754,-1.734402,2.046593
1643,0.831634,0.824611,nan,0.193754,nan,2.066077
1644,0.837901,0.904198,8.449827,0.193720,-0.317363,2.104851
1645,0.810210,0.895962,nan,0.193720,nan,2.030713
1646,0.610348,0.620374,9.887056,0.193689,-1.803001,1.619899
1647,0.846262,0.843893,nan,0.193689,nan,2.126575
1648,0.860974,0.870736,9.580034,0.193657,-0.035708,2.141189
1649,0.469651,0.508479,nan,0.193657,nan,1.366109
1650,0.770854,0.765462,9.308111,0.193626,-0.741703,1.933710
1651,0.644015,0.542372,nan,0.193626,nan,1.691865
1652,0.631910,0.624290,7.751681,0.193595,1.197073,1.700045
1653,0.464818,0.646929,nan,0.193595,nan,1.336316
1654,0.613259,0.698543,8.145546,0.193563,-0.256712,1.660646
1655,1.072606,1.142259,nan,0.193563,nan,2.572825
1656,0.958561,0.975569,9.376328,0.193531,0.994719,2.332217
1657,0.536193,0.498674,nan,0.193531,nan,1.503438
1658,0.728544,0.703810,11.769897,0.193500,-0.263482,1.861874
1659,0.774663,0.645548,nan,0.193500,nan,2.003253
1660,0.568866,0.487816,10.096655,0.193467,1.350127,1.535873
1661,0.900825,0.937701,nan,0.193467,nan,2.249281
1662,1.020119,1.107498,7.640265,0.193435,-0.678499,2.462633
1663,1.245879,1.105492,nan,0.193435,nan,2.943965
1664,1.069170,1.027470,7.204988,0.193404,-0.133329,2.600585
1665,0.962023,0.921085,nan,0.193404,nan,2.361453
1666,1.178045,1.140269,8.534585,0.193372,1.001430,2.829982
1667,1.032660,0.959182,nan,0.193372,nan,2.469417
1668,0.550647,0.558516,9.696330,0.193339,1.491846,1.524376
1669,0.465877,0.554929,nan,0.193339,nan,1.341877
1670,0.731904,0.752020,8.532507,0.193305,2.678980,1.882948
1671,0.618768,0.729446,nan,0.193305,nan,1.653081
1672,0.764265,0.740463,8.491916,0.193272,-1.200404,1.975019
1673,0.815841,0.877815,nan,0.193272,nan,2.079358
1674,0.628826,0.631119,7.360150,0.193240,-0.761962,1.677014
1675,0.700277,0.682735,nan,0.193240,nan,1.839409
1676,0.444041,0.404394,8.939356,0.193208,0.185646,1.307751
1677,0.576329,0.638659,nan,0.193208,nan,1.590710
1678,0.854908,0.923246,9.267003,0.193175,1.184869,2.158854
1679,0.586791,0.634179,nan,0.193175,nan,1.613454
1680,0.806300,0.836584,10.379431,0.193144,-2.518685,2.048900
1681,0.816084,0.841556,nan,0.193144,nan,2.075999
1682,0.717988,1.034160,9.195595,0.193112,2.957405,1.863662
1683,0.662223,0.704301,nan,0.193112,nan,1.741613
1684,0.831247,0.848088,7.794237,0.193080,-0.001421,2.112325
1685,0.628365,0.625604,nan,0.193080,nan,1.711122
1686,0.831252,0.814212,9.729609,0.193047,0.879291,2.113245
1687,1.529043,1.546127,nan,0.193047,nan,3.519758
1688,0.581034,0.526571,8.423236,0.193015,0.053287,1.584961
1689,0.642128,0.648436,nan,0.193015,nan,1.696952
1690,1.223216,1.073724,8.517458,0.192984,-1.523858,2.903497
1691,0.642997,0.700213,nan,0.192984,nan,1.712681
1692,0.845379,0.800549,9.257337,0.192953,0.595860,2.140375
1693,0.886702,0.862852,nan,0.192953,nan,2.227925
1694,0.854497,0.828407,10.307035,0.192922,-0.005191,2.160072
1695,0.858577,0.961526,nan,0.192922,nan,2.160123
1696,0.769127,0.853813,8.859331,0.192891,0.580169,1.984789
1697,0.746184,0.626388,nan,0.192891,nan,1.970626
1698,0.959186,0.734240,7.009587,0.192859,0.906982,2.344111
1699,1.058758,0.910985,nan,0.192859,nan,2.565784
1700,1.072163,1.120119,9.152859,0.192828,-0.753961,2.573589
1701,0.874332,0.910109,nan,0.192828,nan,2.173471
1702,0.727866,0.714218,9.608986,0.192798,-0.791849,1.904480
1703,0.846488,0.893990,nan,0.192798,nan,2.104954
1704,0.657729,0.665101,8.336292,0.192767,1.335236,1.761588
1705,0.754453,0.685569,nan,0.192767,nan,1.938316
1706,0.649991,0.790178,9.938805,0.192737,-0.939772,1.712791
1707,0.627461,0.643403,nan,0.192737,nan,1.701670
1708,0.955806,0.936904,7.953701,0.192706,0.081747,2.363315
1709,0.788767,0.853887,nan,0.192706,nan,1.977176
1710,0.525827,0.574188,7.993865,0.192677,-0.758031,1.462488
1711,0.902462,0.748006,nan,0.192677,nan,2.216864
1712,0.685798,0.595133,9.524611,0.192647,0.368621,1.809876
1713,1.020264,0.908327,nan,0.192647,nan,2.518288
1714,0.828826,0.773634,9.082456,0.192618,-0.506948,2.098012
1715,1.172875,1.059201,nan,0.192618,nan,2.789173
1716,1.471846,1.355301,7.998967,0.192589,-0.813919,3.418156
1717,0.762341,0.745632,nan,0.192589,nan,1.988318
1718,0.935534,0.912337,7.160716,0.192560,0.509995,2.345714
1719,0.935747,0.906042,nan,0.192560,nan,2.332254
1720,0.538268,0.623943,9.224801,0.192532,-1.763394,1.527894
1721,0.735651,0.711357,nan,0.192532,nan,1.897393
1722,0.718121,0.751862,9.936043,0.192505,-1.133525,1.861959
1723,0.678258,0.769912,nan,0.192505,nan,1.739861
1724,0.685249,0.687760,9.989885,0.192477,0.446714,1.798801
1725,0.840656,0.850042,nan,0.192477,nan,2.104456
1726,0.666846,0.640284,10.257957,0.192450,-1.402519,1.764015
1727,1.214505,1.176093,nan,0.192450,nan,2.904045
1728,0.842888,0.770592,8.845039,0.192420,3.517143,2.109603
1729,0.644168,0.709834,nan,0.192420,nan,1.730110
1730,0.780845,0.754019,8.919587,0.192391,0.434321,1.994441
1731,0.607132,0.623129,nan,0.192391,nan,1.621562
1732,0.954146,1.023742,6.755761,0.192360,1.788053,2.325617
1733,0.885619,0.815306,nan,0.192360,nan,2.175486
1734,0.650810,0.478651,7.973594,0.192329,1.227698,1.718340
1735,0.671858,0.606300,nan,0.192329,nan,1.778303
1736,0.727312,0.711573,9.206445,0.192298,1.405064,1.856806
1737,0.796786,0.778678,nan,0.192298,nan,2.037110
1738,0.399646,0.429859,9.083901,0.192267,-0.363249,1.194389
1739,0.752856,0.821714,nan,0.192267,nan,1.937617
1740,0.685427,0.659104,7.762674,0.192237,-1.553720,1.796390
1741,1.213789,0.930599,nan,0.192237,nan,2.862186
1742,1.056348,0.850350,8.738731,0.192207,0.678095,2.566182
1743,0.762794,0.864497,nan,0.192207,nan,1.937307
1744,0.653666,0.544884,9.873928,0.192177,-1.003031,1.739109
1745,0.717840,0.774626,nan,0.192177,nan,1.880082
1746,0.738223,0.686433,9.206911,0.192147,1.562153,1.900760
1747,0.545390,0.584871,nan,0.192147,nan,1.498866
1748,1.308344,1.143727,9.096374,0.192116,1.792979,3.068889
1749,0.742428,0.739649,nan,0.192116,nan,1.931299
1750,0.421553,0.491516,9.752927,0.192086,-0.264220,1.228786
1751,0.868586,0.913407,nan,0.192086,nan,2.152661
1752,0.742756,0.781068,8.960938,0.192054,2.559658,1.915575
1753,0.601798,0.565485,nan,0.192054,nan,1.597968
1754,0.586852,0.490934,7.749879,0.192021,1.704099,1.600835
1755,1.553797,1.479108,nan,0.192021,nan,3.540991
1756,1.216746,1.060681,8.773855,0.191991,-2.948902,2.885278
1757,0.719712,0.508633,nan,0.191991,nan,1.860269
1758,0.714101,0.679494,9.460558,0.191960,1.234873,1.855089
1759,0.776775,0.793622,nan,0.191960,nan,1.966644
1760,0.819749,0.847552,10.341234,0.191929,1.500493,2.065480
1761,0.819713,0.826083,nan,0.191929,nan,2.077350
1762,0.663705,0.631708,8.182352,0.191898,-0.881310,1.754984
1763,1.314703,1.376832,nan,0.191898,nan,3.085930
1764,1.626159,1.449908,7.631436,0.191867,0.431155,3.696966
1765,1.686043,1.356157,nan,0.191867,nan,3.836699
1766,1.438222,1.284842,7.734977,0.191838,-1.514210,3.333454
1767,1.135919,1.234711,nan,0.191838,nan,2.718048
1768,0.824792,1.027493,9.418505,0.191809,0.074661,2.084692
1769,0.664953,0.656473,nan,0.191809,nan,1.743299
1770,0.748331,0.686374,10.795376,0.191779,1.217361,1.925269
1771,0.554220,0.598892,nan,0.191779,nan,1.538568
1772,0.710202,0.608527,9.325605,0.191748,1.778210,1.831120
1773,0.753190,0.742021,nan,0.191748,nan,1.964759
1774,1.035457,1.090561,9.911937,0.191719,-1.633759,2.506881
1775,0.737630,0.779512,nan,0.191719,nan,1.895571
1776,0.661831,0.631518,10.744248,0.191689,0.719905,1.737051
1777,0.764612,0.822181,nan,0.191689,nan,1.954288
1778,0.796359,0.760128,10.119819,0.191659,0.159554,2.029531
1779,0.736352,0.734791,nan,0.191659,nan,1.907531
1780,0.486655,0.514507,8.583999,0.191628,2.422784,1.345146
1781,0.710251,0.695183,nan,0.191628,nan,1.836075
1782,0.832367,0.794955,11.530499,0.191598,-0.478858,2.078449
1783,0.791585,0.724750,nan,0.191598,nan,2.016576
1784,0.905218,0.864730,10.370950,0.191569,-1.393894,2.212904
1785,0.649052,0.645681,nan,0.191569,nan,1.740175
1786,1.119277,0.974118,9.859266,0.191540,0.931117,2.698606
1787,0.601699,0.605503,nan,0.191540,nan,1.629515
1788,0.689238,0.596996,10.288417,0.191510,1.625277,1.823179
1789,0.771618,0.740404,nan,0.191510,nan,1.982654
1790,0.968361,0.916109,9.434420,0.191480,0.271643,2.330711
1791,0.730111,0.755846,nan,0.191480,nan,1.879923
1792,0.651655,0.717169,8.877128,0.191450,0.518020,1.696289
1793,0.990679,0.929123,nan,0.191450,nan,2.382705
1794,0.634705,0.626095,11.444862,0.191419,1.062140,1.674896
1795,0.918864,0.823480,nan,0.191419,nan,2.272433
1796,1.170105,1.036105,10.119154,0.191388,2.900942,2.756407
1797,0.705240,0.793332,nan,0.191388,nan,1.838874
1798,0.681281,0.758200,9.176895,0.191357,-1.259143,1.795025
1799,1.106042,1.169913,nan,0.191357,nan,2.668585
1800,1.374209,1.367860,9.381504,0.191326,1.754471,3.181720
1801,0.904281,0.957467,nan,0.191326,nan,2.254250
1802,0.747794,0.805911,11.532272,0.191295,0.546030,1.939523
1803,0.744784,0.772791,nan,0.191295,nan,1.890857
1804,1.107479,1.102892,11.192443,0.191264,1.143263,2.608165
1805,0.845359,0.890028,nan,0.191264,nan,2.111965
1806,0.590724,0.471361,10.040792,0.191232,1.389714,1.573110
1807,0.538394,0.528436,nan,0.191232,nan,1.484989
1808,1.003856,0.938776,8.226725,0.191200,1.549418,2.423191
1809,0.700420,0.673836,nan,0.191200,nan,1.823618
1810,0.605627,0.631364,9.959818,0.191169,0.483016,1.613465
1811,0.764758,0.756058,nan,0.191169,nan,1.967839
1812,0.637053,0.620393,11.607486,0.191137,0.548872,1.705087
1813,0.365387,0.458021,nan,0.191137,nan,1.110502
1814,0.714721,0.722755,9.841095,0.191107,-0.800726,1.847898
1815,1.142705,1.191337,nan,0.191107,nan,2.739974
1816,0.960508,1.021592,10.272778,0.191076,0.530956,2.340214
1817,0.914443,0.880885,nan,0.191076,nan,2.263246
1818,0.966506,0.872753,8.877384,0.191045,1.711325,2.368229
1819,0.918122,0.933168,nan,0.191045,nan,2.278307
1820,0.678079,0.603895,12.569445,0.191014,1.347633,1.768505
1821,0.638332,0.575661,nan,0.191014,nan,1.694919
1822,0.760821,0.756558,9.678122,0.190982,1.044574,1.932507
1823,0.827775,0.844898,nan,0.190982,nan,2.086015
1824,0.623399,0.614088,9.122557,0.190951,0.804275,1.663142
1825,1.022005,0.995261,nan,0.190951,nan,2.470099
1826,1.317041,1.301495,9.663492,0.190920,-0.055614,3.080200
1827,1.450374,1.364197,nan,0.190920,nan,3.362370
1828,1.330131,0.935933,10.305483,0.190888,2.318402,3.124215
1829,1.031104,1.009990,nan,0.190888,nan,2.483331
1830,0.670739,0.753188,10.960823,0.190856,1.088965,1.779514
1831,1.321376,1.155534,nan,0.190856,nan,3.082581
1832,0.752756,0.894194,11.015053,0.190825,0.067898,1.900756
1833,1.016483,1.328063,nan,0.190825,nan,2.463316
1834,0.829418,0.818505,9.750414,0.190794,0.398563,2.079276
1835,0.944890,1.069236,nan,0.190794,nan,2.307501
1836,1.272352,1.148347,10.356766,0.190761,3.451839,2.980740
1837,1.087635,0.851976,nan,0.190761,nan,2.624477
1838,0.824731,0.940568,11.316814,0.190729,0.169619,2.083360
1839,0.835001,0.654597,nan,0.190729,nan,2.113336
1840,1.239229,1.514903,7.921212,0.190698,0.834550,2.900121
1841,1.558257,1.748070,nan,0.190698,nan,3.578727
1842,1.719806,1.887330,8.052027,0.190666,0.366141,3.921560
1843,1.664439,1.651840,nan,0.190666,nan,3.789122
1844,1.675833,1.621254,7.934572,0.190635,0.475423,3.820776
1845,1.005853,0.919167,nan,0.190635,nan,2.441549
1846,0.753553,0.669429,11.866024,0.190604,0.331164,1.956938
1847,0.928321,0.875204,nan,0.190604,nan,2.290573
1848,1.071972,1.112029,8.934082,0.190574,0.549243,2.594820
1849,1.084065,0.984427,nan,0.190574,nan,2.598936
1850,1.055015,0.926090,8.901463,0.190543,2.453373,2.557062
1851,0.858699,0.919770,nan,0.190543,nan,2.160057
1852,0.546248,0.604972,11.322111,0.190511,2.249625,1.496995
1853,0.995624,0.697237,nan,0.190511,nan,2.438772
1854,1.198210,1.026774,10.850691,0.190477,3.572776,2.855147
1855,1.035622,1.076087,nan,0.190477,nan,2.506608
1856,0.923509,0.825278,9.000257,0.190444,0.758023,2.305529
1857,1.170341,1.134252,nan,0.190444,nan,2.771065
1858,1.177471,1.195321,8.507257,0.190410,2.557224,2.806264
1859,1.176315,1.306554,nan,0.190410,nan,2.805481
1860,0.865624,0.893409,11.423223,0.190378,-0.857682,2.183879
1861,0.617657,0.665297,nan,0.190378,nan,1.658510
1862,1.106847,0.983160,10.261219,0.190346,-0.293234,2.635648
1863,1.251951,1.160978,nan,0.190346,nan,2.965267
1864,0.627509,0.561642,10.873794,0.190316,-0.481939,1.668829
1865,0.744032,0.628320,nan,0.190316,nan,1.910081
1866,0.733244,0.777679,10.150659,0.190286,-0.043752,1.888600
1867,1.081976,1.226021,nan,0.190286,nan,2.581931
1868,1.255712,1.340029,9.415571,0.190255,1.503494,2.949142
1869,1.280404,1.208901,nan,0.190255,nan,3.014221
1870,1.382464,1.319544,8.789497,0.190224,3.041711,3.195559
1871,1.085392,0.969373,nan,0.190224,nan,2.623679
1872,1.209074,1.005239,9.122328,0.190194,-0.839377,2.870175
1873,1.007141,0.914277,nan,0.190194,nan,2.441322
1874,0.609954,0.635671,11.877894,0.190162,2.840143,1.634332
1875,0.874479,0.804201,nan,0.190162,nan,2.192548
1876,0.913282,0.813035,10.009567,0.190130,3.630052,2.266953
1877,1.037807,1.277420,nan,0.190130,nan,2.520326
1878,1.295430,1.288657,9.356915,0.190097,2.665478,3.054102
1879,0.903635,0.890966,nan,0.190097,nan,2.233352
1880,0.870833,0.834523,8.620832,0.190063,2.940214,2.180691
1881,0.599383,0.562317,nan,0.190063,nan,1.625790
1882,1.017862,1.039526,10.713049,0.190029,0.665220,2.455161
1883,0.676237,0.663367,nan,0.190029,nan,1.754929
1884,0.946583,0.997793,9.399824,0.189996,0.466000,2.342657
1885,0.500504,0.500158,nan,0.189996,nan,1.390522
1886,0.681548,0.578966,9.505901,0.189963,2.656333,1.789932
1887,0.589002,0.616992,nan,0.189963,nan,1.600260
1888,0.557949,0.574713,9.151855,0.189929,1.614347,1.536574
1889,1.168515,1.125712,nan,0.189929,nan,2.762394
1890,1.057583,1.012527,10.287403,0.189896,2.059438,2.576505
1891,0.975727,0.880310,nan,0.189896,nan,2.395476
1892,0.559474,0.504577,9.960871,0.189861,2.497514,1.546398
1893,0.735445,0.636019,nan,0.189861,nan,1.917678
1894,0.537324,0.560350,10.318550,0.189828,0.465375,1.501265
1895,0.592811,0.740379,nan,0.189828,nan,1.624905
1896,0.622272,0.549893,10.074998,0.189796,-1.282964,1.676516
1897,0.732795,0.563905,nan,0.189796,nan,1.914629
1898,0.728538,0.525860,9.558634,0.189765,-0.636495,1.903359
1899,0.580903,0.734120,nan,0.189765,nan,1.577161
1900,0.947988,0.659103,8.530842,0.189734,2.001395,2.338454
1901,0.833530,0.822212,nan,0.189734,nan,2.132700
1902,0.708813,0.647162,9.233732,0.189702,1.831059,1.855740
1903,0.827837,0.800963,nan,0.189702,nan,2.123023
1904,0.805216,0.748013,8.931311,0.189669,2.541412,2.028352
1905,0.773050,0.755251,nan,0.189669,nan,1.995577
1906,1.182431,0.956573,9.835123,0.189638,-0.455686,2.815819
1907,0.861860,0.846327,nan,0.189638,nan,2.144840
1908,0.776184,0.759860,8.744833,0.189608,0.105755,2.008411
1909,0.576405,0.664268,nan,0.189608,nan,1.580905
1910,0.567123,0.777465,9.914286,0.189575,4.508335,1.513868
1911,0.712762,0.618840,nan,0.189575,nan,1.860920
1912,0.781254,0.727113,9.055193,0.189543,1.443020,2.014076
1913,0.613747,0.659877,nan,0.189543,nan,1.633610
1914,0.651210,0.556104,8.776583,0.189511,1.536457,1.728205
1915,0.974573,0.935065,nan,0.189511,nan,2.405597
1916,1.016702,0.851101,9.995050,0.189479,0.810201,2.441081
1917,0.786272,0.769467,nan,0.189479,nan,2.016750
1918,0.640121,0.584799,9.643255,0.189447,1.380816,1.697198
1919,0.605439,0.629066,nan,0.189447,nan,1.641309
1920,0.513239,0.479104,9.790543,0.189415,0.280478,1.445729
1921,0.922032,0.872905,nan,0.189415,nan,2.296489
1922,0.843475,0.799945,8.374449,0.189385,0.405468,2.152652
1923,0.882902,1.009480,nan,0.189385,nan,2.232075
1924,0.659588,0.751363,10.401519,0.189353,2.634117,1.781904
1925,0.685193,0.655378,nan,0.189353,nan,1.738456
1926,0.698434,0.764790,9.590240,0.189322,0.377710,1.833204
1927,0.968422,0.979420,nan,0.189322,nan,2.392622
1928,1.082002,1.131470,9.274997,0.189291,0.782637,2.598910
1929,0.770452,0.735160,nan,0.189291,nan,1.991314
1930,0.997683,0.932432,9.068682,0.189260,1.878408,2.425272
1931,0.630980,0.608274,nan,0.189260,nan,1.714282
1932,0.800068,0.774263,10.053917,0.189230,-0.374058,2.032860
1933,0.492652,0.552361,nan,0.189230,nan,1.361809
1934,0.593821,0.639422,8.418055,0.189200,1.214257,1.620341
1935,0.761090,0.910224,nan,0.189200,nan,1.963868
1936,1.082908,1.090263,7.602909,0.189170,0.811767,2.600330
1937,0.841581,0.939674,nan,0.189170,nan,2.110541
1938,0.851830,0.748495,9.635893,0.189140,1.228003,2.165312
1939,1.550775,1.513197,nan,0.189140,nan,3.563695
1940,0.802467,0.784139,7.364604,0.189110,3.240894,2.043334
1941,0.784652,0.721360,nan,0.189110,nan,1.979201
1942,0.422136,0.463033,10.423707,0.189079,-0.114501,1.228808
1943,0.722245,0.810291,nan,0.189079,nan,1.877725
1944,0.707332,0.687718,9.997896,0.189049,0.922303,1.844714
1945,0.475906,0.516608,nan,0.189049,nan,1.335166
1946,0.988357,1.029899,8.748901,0.189019,1.043439,2.398646
1947,1.267545,1.044825,nan,0.189019,nan,3.028229
1948,0.986397,0.932154,9.452469,0.188990,0.039776,2.450649
1949,1.182177,1.118249,nan,0.188990,nan,2.816921
1950,0.840359,0.728980,9.105516,0.188960,2.264349,2.116705
1951,1.011019,0.662328,nan,0.188960,nan,2.469628
1952,0.908057,0.863294,9.481247,0.188929,3.258843,2.258532
1953,0.636464,0.829646,nan,0.188929,nan,1.670502
1954,0.589303,0.718721,9.146212,0.188898,2.252349,1.621170
1955,0.864609,0.885566,nan,0.188898,nan,2.169222
1956,0.674912,0.705714,10.438120,0.188866,2.507451,1.758279
1957,0.593734,0.681991,nan,0.188866,nan,1.625741
1958,1.217892,1.163193,8.986828,0.188833,3.290019,2.875261
1959,0.838660,0.797242,nan,0.188833,nan,2.093296
1960,0.936935,0.952055,8.140881,0.188800,2.803379,2.314275
1961,0.760283,0.845336,nan,0.188800,nan,1.961408
1962,0.961843,0.982959,9.027775,0.188767,2.174629,2.370145
1963,0.711625,0.872112,nan,0.188767,nan,1.849482
1964,0.690360,0.703180,9.867296,0.188735,0.529646,1.814039
1965,0.828424,0.902698,nan,0.188735,nan,2.126658
1966,0.590220,0.621525,8.811317,0.188701,3.400286,1.618002
1967,0.879303,0.870065,nan,0.188701,nan,2.166077
1968,0.793605,0.920701,8.751339,0.188668,1.698393,2.012670
1969,0.668670,0.703497,nan,0.188668,nan,1.736641
1970,0.897460,0.856345,8.942729,0.188635,1.955453,2.221114
1971,0.728728,0.828322,nan,0.188635,nan,1.886482
1972,0.706197,0.743018,10.085474,0.188602,1.557190,1.866486
1973,0.754130,1.043866,nan,0.188602,nan,1.958459
1974,0.572470,0.894227,10.350058,0.188569,2.169796,1.598742
1975,0.481027,1.009012,nan,0.188569,nan,1.406624
1976,0.671790,1.050300,10.692473,0.188537,0.103537,1.788354
1977,0.729235,0.694760,nan,0.188537,nan,1.898224
1978,0.641819,0.550013,10.172045,0.188505,2.151969,1.721754
1979,0.676490,0.640939,nan,0.188505,nan,1.777675
1980,0.837863,0.766093,8.099232,0.188472,3.940467,2.113975
1981,0.896447,1.010379,nan,0.188472,nan,2.237047
1982,0.699979,0.587113,9.918222,0.188438,2.761536,1.814922
1983,1.206940,1.111535,nan,0.188438,nan,2.852958
1984,0.524099,0.602283,9.001144,0.188405,0.358034,1.448778
1985,0.831401,0.757288,nan,0.188405,nan,2.089488
1986,0.792777,0.871567,9.094393,0.188371,3.762932,2.016644
1987,0.741058,0.649204,nan,0.188371,nan,1.932920
1988,0.647153,0.659319,8.593549,0.188338,2.719988,1.684877
1989,0.640214,0.681610,nan,0.188338,nan,1.722304
1990,0.942579,0.851278,10.607593,0.188305,0.335802,2.339634
1991,0.625758,0.652515,nan,0.188305,nan,1.675083
1992,1.343190,1.376936,8.127419,0.188272,2.308689,3.157438
1993,0.831307,0.942545,nan,0.188272,nan,2.087566
1994,0.731468,0.764200,8.392123,0.188239,0.952528,1.903114
1995,1.004732,1.045418,nan,0.188239,nan,2.435553
1996,0.982036,0.927294,9.303679,0.188208,0.073618,2.423948
1997,1.292357,1.080627,nan,0.188208,nan,3.046359
1998,0.681464,0.529191,11.239887,0.188177,1.144931,1.823955
1999,0.894396,1.025749,nan,0.188177,nan,2.254368
2000,1.030037,0.922415,10.036688,0.188145,2.577038,2.522063
2001,0.530592,0.604077,nan,0.188145,nan,1.469673
2002,0.887976,0.954838,9.110539,0.188113,3.240043,2.218842
2003,0.687156,0.496505,nan,0.188113,nan,1.801419
2004,0.502576,0.532402,9.297786,0.188081,0.581693,1.387425
2005,0.452730,0.404998,nan,0.188081,nan,1.320111
2006,0.951451,0.815914,9.467539,0.188050,1.786231,2.357304
2007,1.101910,0.996554,nan,0.188050,nan,2.672219
2008,1.470939,1.245969,9.792646,0.188018,1.381452,3.408879
2009,0.977364,0.943672,nan,0.188018,nan,2.393653
2010,1.101106,0.920574,9.432494,0.187987,1.077298,2.663962
2011,0.612845,0.583459,nan,0.187987,nan,1.643132
2012,0.911306,0.965709,10.474175,0.187956,2.285993,2.271706
2013,0.836525,0.606574,nan,0.187956,nan,2.105547
2014,0.919220,0.880236,8.643965,0.187924,3.453131,2.295083
2015,1.214066,1.103475,nan,0.187924,nan,2.890605
2016,1.205378,0.932043,11.726870,0.187893,0.586472,2.862317
2017,1.223224,0.867119,nan,0.187893,nan,2.917423
2018,2.000033,1.584370,7.877445,0.187862,1.676901,4.460814
2019,1.739757,1.510341,nan,0.187862,nan,3.952752
2020,1.481026,1.332318,8.895005,0.187831,2.212486,3.432513
2021,0.835365,1.083232,nan,0.187831,nan,2.121337
2022,0.766422,0.987484,11.105929,0.187800,2.355857,1.951662
2023,0.729359,0.818537,nan,0.187800,nan,1.900022
2024,0.761959,0.691104,10.523395,0.187768,2.042678,1.960398
2025,0.791749,0.777421,nan,0.187768,nan,2.039845
2026,1.241729,1.401504,8.542921,0.187738,0.196256,2.952789
2027,0.838850,1.038850,nan,0.187738,nan,2.108379
2028,1.020861,1.221611,9.074540,0.187707,1.307424,2.498180
2029,1.080202,1.170564,nan,0.187707,nan,2.610364
2030,0.862848,0.867911,10.016308,0.187676,3.054714,2.174633
2031,0.909034,1.149295,nan,0.187676,nan,2.272263
2032,0.623498,0.603664,8.904381,0.187645,1.919198,1.705178
2033,0.848058,0.817692,nan,0.187645,nan,2.139017
2034,1.148306,1.064793,8.944997,0.187613,2.709569,2.757380
2035,1.006653,1.081686,nan,0.187613,nan,2.430143
2036,1.178087,0.983156,8.477169,0.187582,1.578598,2.833519
2037,1.102278,1.132812,nan,0.187582,nan,2.662199
2038,0.833183,0.999250,7.730882,0.187550,2.589989,2.102262
2039,1.047529,1.162466,nan,0.187550,nan,2.525216
2040,0.696808,0.730494,9.338106,0.187519,1.122914,1.803049
2041,0.810070,0.927168,nan,0.187519,nan,2.065866
2042,0.730796,0.572043,10.802790,0.187488,2.109225,1.873516
2043,0.949154,1.285879,nan,0.187488,nan,2.337439
2044,0.806669,0.926935,10.343044,0.187457,1.412694,2.074883
2045,0.747049,0.874885,nan,0.187457,nan,1.935427
2046,0.645115,0.901721,9.446907,0.187426,2.220139,1.712921
2047,1.011305,0.743357,nan,0.187426,nan,2.477904
2048,0.939964,0.789650,8.674980,0.187395,1.484650,2.338475
2049,0.797642,0.839346,nan,0.187395,nan,2.041831
2050,1.080592,0.998539,10.484405,0.187365,0.391755,2.624448
2051,0.775453,1.094425,nan,0.187365,nan,2.018691
2052,0.895044,1.040285,10.818772,0.187334,3.674266,2.263231
2053,0.895259,1.062745,nan,0.187334,nan,2.231439
2054,1.309305,0.968422,10.786943,0.187303,1.147123,3.091834
2055,0.918735,0.793873,nan,0.187303,nan,2.307679
2056,0.909753,1.100893,11.289772,0.187272,2.129294,2.275993
2057,1.525098,0.989637,nan,0.187272,nan,3.523208
2058,1.020451,0.633680,8.209119,0.187241,3.126359,2.491213
2059,0.863677,0.912614,nan,0.187241,nan,2.175928
2060,1.088503,1.411456,9.059824,0.187210,2.020673,2.659877
2061,1.112383,1.543501,nan,0.187210,nan,2.678917
2062,0.784322,1.242942,10.069334,0.187179,1.747074,2.010838
2063,1.086038,0.935358,nan,0.187179,nan,2.658789
2064,1.198653,1.086825,10.944697,0.187147,2.438015,2.860609
2065,0.862667,0.867658,nan,0.187147,nan,2.199131
2066,0.772908,0.751856,9.308516,0.187116,1.212687,1.986719
2067,1.076194,1.058282,nan,0.187116,nan,2.591764
2068,0.975118,1.041547,7.847202,0.187085,2.632776,2.396871
2069,0.862223,0.749936,nan,0.187085,nan,2.147347
2070,0.983807,0.855288,11.239473,0.187055,-0.278262,2.435414
2071,1.052869,0.809751,nan,0.187055,nan,2.568060
2072,1.269449,0.850259,10.935964,0.187024,2.652754,2.989182
2073,1.452110,1.222516,nan,0.187024,nan,3.379612
2074,0.796879,0.814317,11.341814,0.186994,0.623788,2.068378
2075,1.570883,1.390966,nan,0.186994,nan,3.613240
2076,1.421298,1.452209,10.391305,0.186965,0.182858,3.300401
2077,0.910905,0.754621,nan,0.186965,nan,2.270054
2078,0.946060,1.386076,10.828569,0.186937,0.922599,2.370211
2079,0.729217,0.872262,nan,0.186937,nan,1.911236
2080,0.983817,0.769654,10.735928,0.186908,2.335264,2.412344
2081,0.642753,0.827339,nan,0.186908,nan,1.724194
2082,0.946507,1.074059,8.673880,0.186878,2.107035,2.375898
2083,0.779602,1.429910,nan,0.186878,nan,2.006409
2084,0.789301,1.199437,8.437917,0.186849,2.259748,2.020365
2085,0.641194,0.736449,nan,0.186849,nan,1.725358
2086,0.945244,0.864691,9.410651,0.186819,2.168492,2.347916
2087,0.684268,0.729769,nan,0.186819,nan,1.794600
2088,1.004769,0.855513,9.664050,0.186789,2.195227,2.479994
2089,0.788887,0.661253,nan,0.186789,nan,2.022821
2090,0.675123,0.537742,9.079196,0.186759,3.318539,1.809379
2091,0.882904,0.862613,nan,0.186759,nan,2.224804
2092,0.971900,1.067993,8.847447,0.186728,2.580970,2.374204
2093,0.875344,1.062246,nan,0.186728,nan,2.153636
2094,1.149175,1.182593,8.798750,0.186698,0.779444,2.768706
2095,0.897112,0.826071,nan,0.186698,nan,2.278054
2096,0.888300,0.907092,8.696285,0.186668,0.444970,2.232272
2097,1.113105,1.086693,nan,0.186668,nan,2.688267
2098,0.873482,0.834463,8.778502,0.186639,2.388192,2.190069
2099,0.849015,0.654788,nan,0.186639,nan,2.120045
2100,0.761207,0.965918,9.489695,0.186609,2.094735,1.964772
2101,0.816582,1.048360,nan,0.186609,nan,2.087033
2102,0.851081,0.798235,9.957136,0.186580,0.875182,2.126964
2103,0.759716,0.928184,nan,0.186580,nan,1.993513
2104,1.070717,1.159815,10.068116,0.186550,2.600577,2.589158
2105,0.680392,0.588421,nan,0.186550,nan,1.815141
2106,0.713628,0.839565,11.292985,0.186521,1.239977,1.878031
2107,0.488373,0.533524,nan,0.186521,nan,1.365650
2108,1.077813,1.103111,9.974160,0.186491,3.004788,2.625318
2109,0.596386,0.564270,nan,0.186491,nan,1.619410
2110,0.635910,0.764515,9.229788,0.186461,2.217586,1.715008
2111,0.606464,0.657497,nan,0.186461,nan,1.650272
2112,0.850374,0.817621,9.494167,0.186431,0.856995,2.174540
2113,1.039468,0.865482,nan,0.186431,nan,2.528085
2114,0.751725,0.712154,11.072916,0.186403,-0.263540,1.965724
2115,0.886675,0.861432,nan,0.186403,nan,2.229415
2116,0.729757,0.621639,9.807498,0.186374,2.698753,1.924567
2117,0.659698,0.843710,nan,0.186374,nan,1.750139
2118,0.640116,0.598806,10.498560,0.186345,2.694136,1.745792
2119,0.680963,0.894493,nan,0.186345,nan,1.821608
2120,0.615753,0.952701,9.923740,0.186316,1.665334,1.681751
2121,0.871828,0.969142,nan,0.186316,nan,2.192801
2122,0.787374,0.794460,9.072165,0.186286,3.416164,2.044498
2123,0.569028,0.908718,nan,0.186286,nan,1.559171
2124,0.816057,0.812709,10.415609,0.186256,1.333739,2.094635
2125,0.732669,1.113534,nan,0.186256,nan,1.889609
2126,0.970587,1.012521,9.198042,0.186226,2.310704,2.377830
2127,0.879628,1.117711,nan,0.186226,nan,2.210799
2128,0.898605,0.713943,10.697372,0.186196,2.323949,2.269227
2129,0.790634,0.750095,nan,0.186196,nan,2.016816
2130,0.805183,0.810172,10.048990,0.186167,0.255272,2.089750
2131,0.835922,0.788661,nan,0.186167,nan,2.115022
2132,1.050313,0.735352,10.797623,0.186138,2.251327,2.581293
2133,0.697594,0.924894,nan,0.186138,nan,1.829545
2134,0.623645,0.690736,8.845343,0.186109,2.120841,1.675010
2135,0.866455,0.643571,nan,0.186109,nan,2.191017
2136,0.591725,0.714827,8.976044,0.186079,3.443864,1.649192
2137,0.761226,0.805323,nan,0.186079,nan,1.973124
2138,0.842343,0.843844,10.997849,0.186048,4.022168,2.166499
2139,0.821988,0.743287,nan,0.186048,nan,2.110409
2140,0.781859,0.754546,10.336957,0.186017,1.948272,2.023571
2141,0.889255,0.931367,nan,0.186017,nan,2.249705
2142,0.867750,0.926891,10.167210,0.185987,1.136948,2.199696
2143,0.766536,1.039307,nan,0.185987,nan,1.989576
2144,0.580027,0.886729,9.640587,0.185955,5.467075,1.614186
2145,0.647420,0.747050,nan,0.185955,nan,1.752429
2146,0.762850,0.914068,10.857659,0.185923,3.905445,1.994525
2147,0.761843,0.976298,nan,0.185923,nan,2.007923
2148,0.949775,1.044804,10.898169,0.185891,2.921709,2.391302
2149,0.455319,0.552348,nan,0.185891,nan,1.335039
2150,0.588182,0.532132,9.551619,0.185859,3.874886,1.633568
2151,0.632081,0.522690,nan,0.185859,nan,1.716574
2152,0.812952,0.768412,8.873496,0.185828,-0.128573,2.097489
2153,1.262918,1.150641,nan,0.185828,nan,3.015516
2154,0.939702,0.930228,10.288601,0.185796,3.400811,2.346258
2155,0.638062,0.599326,nan,0.185796,nan,1.743178
2156,0.493989,0.658509,12.660378,0.185765,0.588206,1.443010
2157,0.828206,0.929504,nan,0.185765,nan,2.116677
2158,0.742085,0.602028,10.071204,0.185734,3.057116,1.972326
2159,0.833289,0.997207,nan,0.185734,nan,2.138305
2160,0.959833,1.141221,9.795158,0.185704,1.310370,2.392068
2161,0.957471,1.105059,nan,0.185704,nan,2.405437
2162,0.541812,0.553325,12.769491,0.185674,1.163095,1.503157
2163,0.823884,0.850746,nan,0.185674,nan,2.139562
2164,0.903000,1.015709,11.232464,0.185644,3.022013,2.279950
2165,1.235193,1.226210,nan,0.185644,nan,2.930830
2166,1.558822,1.122727,10.258610,0.185613,3.649503,3.610446
2167,1.418004,1.809782,nan,0.185613,nan,3.339749
2168,1.109927,1.427196,11.014935,0.185583,1.056007,2.703670
2169,1.443336,0.772484,nan,0.185583,nan,3.405612
2170,1.128701,0.713232,12.065056,0.185553,1.424767,2.713726
2171,0.893203,0.925975,nan,0.185553,nan,2.299918
2172,0.778944,0.782036,10.119892,0.185523,3.266424,2.003016
2173,0.804280,0.988607,nan,0.185523,nan,2.081590
2174,1.027742,0.939203,11.574053,0.185494,1.400446,2.515482
2175,0.623835,0.612756,nan,0.185494,nan,1.729211
2176,0.598955,0.644053,10.276616,0.185464,1.460977,1.682610
2177,0.713393,1.044912,nan,0.185464,nan,1.893100
2178,0.616986,1.013648,10.560001,0.185435,2.916224,1.711592
2179,0.716961,0.736936,nan,0.185435,nan,1.926598
2180,0.701757,0.760436,9.879698,0.185405,3.291827,1.839259
2181,0.671817,0.570307,nan,0.185405,nan,1.805957
2182,0.493728,0.514300,10.812052,0.185375,2.618084,1.420254
2183,0.813571,0.804893,nan,0.185375,nan,2.092719
2184,0.463694,0.799587,11.939401,0.185344,4.380964,1.362974
2185,0.621681,0.636230,nan,0.185344,nan,1.696024
2186,0.677503,0.567158,9.087330,0.185312,4.238352,1.816794
2187,1.364884,1.498197,nan,0.185312,nan,3.214721
2188,1.221445,1.271333,8.661472,0.185280,2.724903,2.926331
2189,1.185450,0.891996,nan,0.185280,nan,2.854598
2190,0.997888,0.996034,13.492327,0.185249,2.779751,2.461452
2191,1.824549,1.903067,nan,0.185249,nan,4.170609
2192,1.131732,1.207020,11.675201,0.185217,2.134030,2.725330
2193,1.008279,1.574657,nan,0.185217,nan,2.524548
2194,1.061784,1.446987,10.684634,0.185185,4.981730,2.617992
2195,0.715255,0.835079,nan,0.185185,nan,1.909287
2196,1.084857,1.259570,13.369117,0.185152,3.986714,2.663159
2197,0.954875,1.190996,nan,0.185152,nan,2.393854
2198,1.016133,1.143433,12.139917,0.185120,2.566023,2.544630
2199,1.054414,1.021340,nan,0.185120,nan,2.596926
2200,0.991434,1.016110,11.858855,0.185088,2.917259,2.471251
2201,1.158885,1.179878,nan,0.185088,nan,2.790484
2202,1.225469,0.976314,11.461478,0.185055,3.232173,2.921276
2203,0.852006,0.626747,nan,0.185055,nan,2.139276
2204,0.706130,0.587590,12.723282,0.185023,3.112580,1.824955
2205,0.815588,0.584919,nan,0.185023,nan,2.073478
2206,0.820462,0.584238,12.295168,0.184991,2.382294,2.095564
2207,0.628528,0.682837,nan,0.184991,nan,1.695425
2208,0.861765,0.708507,10.859123,0.184958,4.915167,2.164508
2209,0.792255,0.835797,nan,0.184958,nan,2.053031
2210,0.770296,0.857565,9.582388,0.184925,3.342980,1.984871
2211,0.717815,0.630535,nan,0.184925,nan,1.886166
2212,0.734167,0.770741,11.804424,0.184893,2.834831,1.939499
2213,0.494745,0.639877,nan,0.184893,nan,1.419547
2214,0.726577,0.683464,13.325356,0.184860,3.025406,1.872384
2215,0.619956,0.966879,nan,0.184860,nan,1.687798
2216,0.669612,0.664524,11.894307,0.184828,3.395695,1.801598
2217,0.593573,0.588623,nan,0.184828,nan,1.647353
2218,0.865069,0.655761,11.816546,0.184795,3.701643,2.199290
2219,1.058697,0.868959,nan,0.184795,nan,2.625916
2220,1.212958,0.934828,12.653219,0.184761,4.277709,2.925765
2221,1.260652,0.991565,nan,0.184761,nan,3.032083
2222,0.756046,0.759008,14.088166,0.184729,2.201382,1.994472
2223,0.759515,0.756444,nan,0.184729,nan,1.996850
2224,0.878900,0.687253,10.572945,0.184695,5.034910,2.239451
2225,1.251497,1.447520,nan,0.184695,nan,3.003587
2226,1.447335,1.799269,12.635154,0.184663,1.903496,3.355294
2227,1.404682,1.374797,nan,0.184663,nan,3.341319
2228,1.121772,1.181958,13.220695,0.184629,4.775030,2.756110
2229,1.054480,0.834651,nan,0.184629,nan,2.611959
2230,0.894107,0.987212,13.812194,0.184596,3.047550,2.239425
2231,0.999622,0.839176,nan,0.184596,nan,2.494831
2232,1.106662,0.841132,11.747475,0.184563,2.916221,2.707888
2233,1.226559,0.893555,nan,0.184563,nan,2.955332
2234,1.072630,1.023907,15.164147,0.184531,1.223728,2.628406
2235,1.189810,1.081314,nan,0.184531,nan,2.911836
2236,1.401476,1.289142,9.672111,0.184499,4.047491,3.294222
2237,1.462482,1.725188,nan,0.184499,nan,3.427938
2238,0.930247,1.153155,11.534501,0.184467,2.131135,2.340330
2239,0.726232,1.072092,nan,0.184467,nan,1.901503
2240,0.878073,0.862103,12.335224,0.184435,4.135623,2.238223
2241,0.557403,0.577086,nan,0.184435,nan,1.564709
2242,0.580542,0.682146,11.922518,0.184403,4.089909,1.636271
2243,1.266435,1.288521,nan,0.184403,nan,3.040834
2244,0.973274,1.220026,15.569016,0.184372,0.641612,2.422810
2245,1.538351,1.268052,nan,0.184372,nan,3.586905
2246,0.989633,0.807809,14.141433,0.184341,1.982136,2.445532
2247,1.188146,0.864538,nan,0.184341,nan,2.868853
2248,1.689003,0.944204,14.232817,0.184309,5.390460,3.905954
2249,1.300472,0.867674,nan,0.184309,nan,3.064460
2250,1.167353,1.181087,13.917924,0.184277,2.934090,2.825399
2251,0.934006,1.067476,nan,0.184277,nan,2.333511
2252,0.961338,0.905315,14.574146,0.184245,3.921078,2.407506
2253,0.811272,0.923062,nan,0.184245,nan,2.119040
2254,0.766850,0.961452,13.590630,0.184213,3.906271,1.988306
2255,1.201808,0.731480,nan,0.184213,nan,2.905282
2256,1.589211,1.360966,13.292473,0.184182,1.842934,3.687222
2257,1.344956,1.204263,nan,0.184182,nan,3.185848
2258,0.819991,0.996195,16.997242,0.184151,0.041735,2.085019
2259,1.563998,1.092663,nan,0.184151,nan,3.656669
2260,1.380869,0.967454,15.053974,0.184121,2.240160,3.242672
2261,1.039900,1.403010,nan,0.184121,nan,2.545208
2262,1.920039,1.935660,11.426731,0.184091,3.572480,4.345137
2263,1.971670,1.914711,nan,0.184091,nan,4.468596
2264,1.858656,1.516399,14.283177,0.184060,3.589694,4.231003
2265,1.093474,1.016175,nan,0.184060,nan,2.648880
2266,0.759467,0.814913,14.014986,0.184030,2.663355,1.984746
2267,0.747655,0.807933,nan,0.184030,nan,1.944025
2268,0.652132,0.824148,13.107409,0.183999,5.122910,1.771753
2269,0.882034,0.728326,nan,0.183999,nan,2.257704
2270,0.849848,0.837667,12.909695,0.183968,3.588945,2.173033
2271,1.087110,0.941779,nan,0.183968,nan,2.660508
2272,0.973905,0.955140,14.911373,0.183935,7.360040,2.381642
2273,0.605964,0.585006,nan,0.183935,nan,1.649326
2274,0.830926,0.773194,16.449682,0.183902,4.271388,2.114248
2275,0.911285,1.046030,nan,0.183902,nan,2.275441
2276,0.913727,0.831969,13.509976,0.183869,1.394645,2.289712
2277,1.508924,1.180798,nan,0.183869,nan,3.516136
2278,1.410389,1.196959,12.775942,0.183837,5.057890,3.325980
2279,1.206627,1.153250,nan,0.183837,nan,2.893278
2280,0.883439,0.934083,15.739007,0.183805,1.187116,2.220781
2281,0.719886,0.558956,nan,0.183805,nan,1.915669
2282,1.195144,1.095492,16.585257,0.183774,2.223093,2.862457
2283,1.282423,1.157839,nan,0.183774,nan,3.064531
2284,1.517188,1.487885,12.581326,0.183742,3.921334,3.528981
2285,1.980331,2.073277,nan,0.183742,nan,4.461982
2286,1.090138,1.161841,13.151112,0.183711,2.777667,2.646351
2287,1.232213,1.172968,nan,0.183711,nan,2.960577
2288,0.855471,0.888838,13.628597,0.183678,5.915719,2.153764
2289,0.704807,0.592247,nan,0.183678,nan,1.877345
2290,1.027829,0.939342,13.599227,0.183646,3.193816,2.544228
2291,0.665370,0.717147,nan,0.183646,nan,1.762121
2292,0.614360,0.672566,11.878683,0.183614,4.280700,1.670329
2293,1.454988,1.382799,nan,0.183614,nan,3.386389
2294,1.559552,1.308011,13.644990,0.183582,3.115766,3.607902
2295,0.883567,1.137700,nan,0.183582,nan,2.229886
2296,0.843430,1.271894,17.484968,0.183550,3.457464,2.148061
2297,1.441015,1.294775,nan,0.183550,nan,3.377519
2298,1.546360,1.849493,14.470173,0.183517,5.480738,3.578701
2299,0.758141,0.792663,nan,0.183517,nan,1.963062
2300,1.028833,1.044740,15.582952,0.183485,2.380835,2.502847
2301,1.290845,1.268892,nan,0.183485,nan,3.046999
2302,0.985237,1.230237,15.528429,0.183454,1.783379,2.432115
2303,0.820913,0.877607,nan,0.183454,nan,2.112628
2304,0.758134,0.854577,15.405323,0.183422,3.466234,1.980601
2305,1.682354,0.865789,nan,0.183422,nan,3.864840
2306,1.534238,1.217301,12.565483,0.183391,2.502009,3.548706
2307,1.369658,1.215008,nan,0.183391,nan,3.221769
2308,1.184287,0.859865,16.298176,0.183360,4.317729,2.855400
2309,1.088540,1.000102,nan,0.183360,nan,2.627455
2310,0.904545,0.591097,14.219545,0.183328,3.191788,2.263561
2311,1.227554,1.483978,nan,0.183328,nan,2.912679
2312,1.541649,1.601288,12.327176,0.183297,3.883958,3.564572
2313,1.655138,1.349152,nan,0.183297,nan,3.800135
2314,1.117972,0.899421,16.051701,0.183266,2.930636,2.702267
2315,0.890175,1.027666,nan,0.183266,nan,2.230718
2316,0.720489,0.724395,13.738873,0.183235,4.838602,1.869626
2317,1.311699,1.654879,nan,0.183235,nan,3.068125
2318,1.610831,1.789672,13.613548,0.183204,2.725281,3.706511
2319,1.287649,1.299380,nan,0.183204,nan,3.042705
2320,1.497487,1.229721,16.201031,0.183172,5.266387,3.459663
2321,0.768340,1.082892,nan,0.183172,nan,1.996458
2322,0.698244,0.757026,15.402673,0.183140,2.413660,1.856578
2323,1.207741,1.028364,nan,0.183140,nan,2.862053
2324,0.826331,0.933904,16.472818,0.183109,2.825211,2.109274
2325,0.887610,1.500506,nan,0.183109,nan,2.232721
2326,1.625244,1.282441,16.038826,0.183078,3.506227,3.697050
2327,1.073113,0.989083,nan,0.183078,nan,2.572976
2328,0.859379,0.804569,16.783489,0.183048,2.534344,2.152330
2329,1.304412,0.731442,nan,0.183048,nan,3.084079
2330,0.845435,0.677485,14.121531,0.183017,4.609347,2.142859
2331,1.357241,1.513690,nan,0.183017,nan,3.185734
2332,2.000770,1.917529,13.324987,0.182986,3.331918,4.471424
2333,1.925845,1.713181,nan,0.182986,nan,4.333162
2334,1.514113,1.424364,15.214702,0.182955,3.455942,3.480588
2335,0.898199,0.738191,nan,0.182955,nan,2.231409
2336,0.891450,1.165392,15.338135,0.182925,1.319422,2.203801
2337,0.877994,0.838330,nan,0.182925,nan,2.182701
2338,0.777605,0.917499,13.095581,0.182895,2.692315,1.989716
2339,1.494060,1.647442,nan,0.182895,nan,3.446558
2340,1.693845,1.569718,16.623865,0.182865,3.708069,3.844111
2341,1.473061,1.363235,nan,0.182865,nan,3.410542
2342,0.774549,0.731041,18.089355,0.182835,3.372514,1.974443
2343,0.744549,0.901279,nan,0.182835,nan,1.933063
2344,1.082845,1.056105,18.587029,0.182806,3.332773,2.626776
2345,1.243903,1.147737,nan,0.182806,nan,2.941982
2346,1.429043,1.657576,17.593679,0.182775,5.025556,3.315742
2347,1.493551,1.360813,nan,0.182775,nan,3.446970
2348,1.293482,1.193946,16.506920,0.182745,2.297775,3.029480
2349,0.669265,0.812628,nan,0.182745,nan,1.779214
2350,1.126145,0.976462,17.939150,0.182714,4.638931,2.717919
2351,0.950385,0.897720,nan,0.182714,nan,2.319172
2352,0.991947,0.919362,15.765024,0.182684,3.450474,2.410532
2353,1.358488,1.368347,nan,0.182684,nan,3.181348
2354,0.960889,0.945443,16.551550,0.182654,3.245173,2.363386
2355,1.470835,1.694558,nan,0.182654,nan,3.399522
2356,1.754440,1.859688,16.087492,0.182623,5.522878,3.977966
2357,1.529614,1.621972,nan,0.182623,nan,3.526840
2358,1.687003,1.788119,16.446562,0.182592,1.743702,3.827952
2359,0.935108,0.953884,nan,0.182592,nan,2.304869
2360,0.780415,0.841166,18.682568,0.182562,2.962407,1.966136
2361,1.168301,1.148228,nan,0.182562,nan,2.759415
2362,0.972765,1.051795,14.589971,0.182532,3.028039,2.366561
2363,1.306749,1.297883,nan,0.182532,nan,3.052642
2364,1.480183,1.217172,15.644047,0.182503,2.274151,3.417670
2365,1.421585,0.981311,nan,0.182503,nan,3.268043
2366,1.459796,1.085623,18.192436,0.182474,2.853173,3.384008
2367,1.280205,1.162390,nan,0.182474,nan,2.999440
2368,1.039268,0.746179,18.010838,0.182444,5.060426,2.485534
2369,0.613620,0.707290,nan,0.182444,nan,1.622081
2370,0.743163,0.858465,18.590023,0.182414,3.677554,1.888692
2371,0.985408,0.977790,nan,0.182414,nan,2.358690
2372,0.998752,1.091999,15.333734,0.182384,3.308770,2.417876
2373,1.225914,1.467209,nan,0.182384,nan,2.890774
2374,0.936471,0.934294,18.080189,0.182353,5.297578,2.298162
2375,1.063155,1.270551,nan,0.182353,nan,2.557203
2376,1.336166,0.997944,15.326753,0.182324,1.442057,3.127718
2377,0.883821,1.085944,nan,0.182324,nan,2.173404
2378,1.063989,1.135740,16.041012,0.182294,3.087531,2.547464
2379,0.590190,0.677740,nan,0.182294,nan,1.585963
2380,0.838044,0.880584,16.981125,0.182265,2.865237,2.093250
2381,1.474777,1.269979,nan,0.182265,nan,3.400802
2382,0.893196,1.039177,17.630157,0.182237,1.472538,2.234684
2383,0.846475,1.017987,nan,0.182237,nan,2.106397
2384,0.820889,1.012306,18.855873,0.182208,2.767328,2.047129
2385,0.565432,0.563961,nan,0.182208,nan,1.527055
2386,0.882309,0.778978,18.137957,0.182179,5.837982,2.210010
2387,1.471177,1.665183,nan,0.182179,nan,3.371343
2388,1.615151,1.602344,16.151764,0.182150,2.005361,3.677964
2389,1.158964,0.948317,nan,0.182150,nan,2.747809
2390,0.951782,1.137171,17.861399,0.182121,2.953022,2.333382
2391,0.576555,0.627181,nan,0.182121,nan,1.541499
2392,0.681364,0.707863,15.901052,0.182092,3.499205,1.780570
2393,1.449095,1.313764,nan,0.182092,nan,3.352689
2394,1.531988,1.389817,15.616546,0.182063,3.589032,3.503705
2395,1.145571,1.226926,nan,0.182063,nan,2.718225
2396,0.968545,0.983272,19.795914,0.182035,1.939953,2.380075
2397,1.662430,1.306920,nan,0.182035,nan,3.770100
2398,1.666823,1.496042,18.051060,0.182007,2.736813,3.801021
2399,0.864924,0.917661,nan,0.182007,nan,2.127104
2400,1.239181,1.359786,15.326222,0.181978,4.096582,2.903099
2401,0.966999,1.122492,nan,0.181978,nan,2.356337
2402,0.861311,1.003247,18.847387,0.181950,3.121789,2.174240
2403,0.934704,0.864576,nan,0.181950,nan,2.294112
2404,0.897850,1.040953,17.928925,0.181922,2.732203,2.206602
2405,1.090204,1.098816,nan,0.181922,nan,2.607388
2406,1.112408,1.135105,14.074791,0.181893,4.071046,2.642412
2407,1.524121,1.377517,nan,0.181893,nan,3.518226
2408,1.237497,1.014877,17.494595,0.181865,2.972878,2.898521
2409,1.150333,1.050621,nan,0.181865,nan,2.710837
2410,0.947060,0.842400,16.853003,0.181836,4.384486,2.312217
2411,1.395540,1.230242,nan,0.181836,nan,3.254061
2412,1.652787,1.386388,17.815353,0.181808,1.289880,3.759731
2413,2.040746,1.805379,nan,0.181808,nan,4.532722
2414,1.179615,1.236382,18.586399,0.181779,4.241351,2.784333
2415,1.358497,1.350769,nan,0.181779,nan,3.139980
2416,1.009443,1.278725,18.952896,0.181750,4.803011,2.461483
2417,0.960318,1.057396,nan,0.181750,nan,2.348506
2418,0.606800,0.525108,20.285460,0.181722,2.472310,1.612459
2419,0.865637,1.046033,nan,0.181722,nan,2.166974
2420,0.768799,0.893185,18.832661,0.181694,0.679290,1.949603
2421,0.817401,0.965641,nan,0.181694,nan,2.029014
2422,0.717664,0.723503,18.424175,0.181665,5.448247,1.826041
2423,0.808735,0.970845,nan,0.181665,nan,2.041977
2424,0.760201,0.857174,18.028866,0.181636,4.938985,1.922684
2425,0.866666,1.008605,nan,0.181636,nan,2.165112
2426,0.950156,0.967888,20.226452,0.181607,5.060217,2.323971
2427,0.749675,0.775591,nan,0.181607,nan,1.927298
2428,0.803330,0.888362,17.518120,0.181578,2.670995,2.014672
2429,1.670577,1.320936,nan,0.181578,nan,3.795406
2430,1.474437,0.979470,16.621456,0.181549,3.398339,3.393630
2431,0.898584,0.766405,nan,0.181549,nan,2.227002
2432,0.823281,0.736739,21.542355,0.181519,4.526019,2.075797
2433,0.862377,0.686167,nan,0.181519,nan,2.131905
2434,1.236717,1.299785,17.446476,0.181489,4.713842,2.905058
2435,1.619599,1.383847,nan,0.181489,nan,3.706828
2436,1.606734,1.193589,18.120773,0.181460,4.101959,3.656254
2437,1.202601,0.858921,nan,0.181460,nan,2.834285
2438,0.829071,0.814392,20.187767,0.181429,5.910883,2.055420
2439,1.385522,1.088971,nan,0.181429,nan,3.215234
2440,1.798405,1.617185,21.077766,0.181399,4.049099,4.055605
2441,0.989544,1.074556,nan,0.181399,nan,2.396327
2442,1.067407,1.265155,19.046978,0.181367,7.297635,2.584620
2443,1.495865,1.408298,nan,0.181367,nan,3.430763
2444,0.888773,0.911726,20.529018,0.181336,2.873799,2.178570
2445,1.330181,1.447770,nan,0.181336,nan,3.081557
2446,1.098477,0.922711,19.158077,0.181305,4.980272,2.616426
2447,1.360432,1.178434,nan,0.181305,nan,3.150310
2448,1.659045,1.543362,16.396355,0.181273,5.606100,3.770114
2449,1.507339,1.273587,nan,0.181273,nan,3.467106
2450,1.317876,1.085922,19.873835,0.181241,4.591518,3.076258
2451,2.070211,1.648594,nan,0.181241,nan,4.594158
2452,1.171695,1.030058,19.094429,0.181210,4.305686,2.772764
2453,1.424572,1.308342,nan,0.181210,nan,3.299697
2454,1.460773,1.143252,20.216255,0.181179,2.704209,3.370245
2455,1.561337,1.218999,nan,0.181179,nan,3.542428
2456,1.317787,1.061838,18.588139,0.181148,4.322255,3.050617
2457,1.486313,1.051747,nan,0.181148,nan,3.398240
2458,0.982322,0.913829,20.698204,0.181117,2.161727,2.397849
2459,0.814695,0.915140,nan,0.181117,nan,2.034373
2460,0.979067,0.795055,19.264563,0.181088,1.911300,2.388932
2461,1.788830,1.746661,nan,0.181088,nan,4.025143
2462,1.466303,1.198404,16.170322,0.181058,4.390308,3.382674
2463,2.316625,1.317616,nan,0.181058,nan,5.089912
2464,2.076420,1.220149,20.087656,0.181029,2.272202,4.627133
2465,1.395943,1.266868,nan,0.181029,nan,3.210571
2466,0.804745,0.635536,21.278234,0.180999,5.176797,2.022562
2467,1.546145,1.437820,nan,0.180999,nan,3.519052
2468,1.091956,1.182787,19.527458,0.180971,1.544204,2.563909
2469,1.450724,1.665677,nan,0.180971,nan,3.338996
2470,1.500158,1.682817,17.724506,0.180942,4.025481,3.456243
2471,1.938268,1.431887,nan,0.180942,nan,4.345430
2472,1.927963,1.531096,21.309784,0.180913,5.056360,4.298620
2473,1.120815,1.432079,nan,0.180913,nan,2.644997
2474,1.195824,1.209181,20.702393,0.180883,4.167441,2.818137
2475,1.472669,1.742610,nan,0.180883,nan,3.384929
2476,1.428300,1.329095,19.030756,0.180854,3.898159,3.290071
2477,1.380940,0.947177,nan,0.180854,nan,3.223324
2478,1.351791,1.350934,20.126780,0.180825,3.524247,3.138529
2479,0.835523,0.744235,nan,0.180825,nan,2.092677
2480,0.977847,1.086433,19.010792,0.180795,6.337479,2.360241
2481,1.598483,1.446489,nan,0.180795,nan,3.648632
2482,1.694888,1.507741,17.374744,0.180764,5.675842,3.858429
2483,1.085495,0.937780,nan,0.180764,nan,2.612647
2484,0.963047,0.977103,20.450974,0.180734,5.280618,2.320061
2485,1.429786,1.362867,nan,0.180734,nan,3.283414
2486,0.798612,0.853391,18.284908,0.180703,4.934640,2.003693
2487,1.225790,1.188007,nan,0.180703,nan,2.878359
2488,0.866336,1.137694,20.528925,0.180672,4.914895,2.157922
2489,1.027321,1.086504,nan,0.180672,nan,2.459757
2490,1.009888,0.884254,20.740503,0.180641,4.050079,2.443798
2491,1.056793,1.246410,nan,0.180641,nan,2.533012
2492,1.197626,1.270333,19.360373,0.180611,2.792614,2.811617
2493,0.923805,0.852658,nan,0.180611,nan,2.258780
2494,0.995651,0.978252,22.018547,0.180580,4.273037,2.386433
2495,1.221425,1.480050,nan,0.180580,nan,2.885998
2496,0.976836,1.141930,20.502907,0.180550,4.303401,2.368353
2497,0.815320,0.808507,nan,0.180550,nan,2.042953
2498,1.103307,0.989826,19.819618,0.180520,5.708980,2.607069
2499,0.555574,0.721477,nan,0.180520,nan,1.484965
2500,1.093549,1.350108,18.463406,0.180489,5.317891,2.592828
2501,0.998541,0.983083,nan,0.180489,nan,2.443358
2502,0.982684,1.002847,19.624445,0.180459,2.372716,2.389599
2503,1.152904,0.984888,nan,0.180459,nan,2.727178
2504,0.901744,0.967282,18.459379,0.180428,5.632988,2.205496
2505,1.781714,1.657954,nan,0.180428,nan,4.014859
2506,1.931516,1.705936,15.230095,0.180397,4.992134,4.329182
2507,2.213195,1.682040,nan,0.180397,nan,4.895221
2508,1.394192,0.889227,21.109123,0.180366,5.339314,3.235470
2509,0.996060,0.768255,nan,0.180366,nan,2.410318
2510,1.201973,1.057148,20.361832,0.180336,3.220610,2.832876
2511,0.865299,0.825130,nan,0.180336,nan,2.127317
2512,1.588280,1.366810,16.177240,0.180305,4.849799,3.645773
2513,2.259393,2.007916,nan,0.180305,nan,4.973763
2514,1.953309,2.226009,20.654430,0.180274,5.255140,4.360153
2515,1.849527,1.931754,nan,0.180274,nan,4.144750
2516,1.558244,1.374558,21.648560,0.180244,3.868218,3.552072
2517,1.779711,1.843716,nan,0.180244,nan,4.003257
2518,1.697169,1.639755,23.405910,0.180213,6.118864,3.844954
2519,1.275934,1.387489,nan,0.180213,nan,3.010410
2520,1.090625,1.098553,18.873070,0.180182,4.160442,2.628455
2521,1.290950,1.241840,nan,0.180182,nan,3.019894
2522,1.355285,1.195558,18.725601,0.180151,4.359252,3.129672
2523,0.870407,1.005418,nan,0.180151,nan,2.190453
2524,1.866814,1.895915,21.328995,0.180121,5.135823,4.203038
2525,0.878501,0.812289,nan,0.180121,nan,2.183431
2526,0.937329,0.944438,20.894569,0.180090,4.546052,2.314669
2527,0.841215,0.730853,nan,0.180090,nan,2.088733
2528,0.970983,1.023572,21.206249,0.180059,6.766180,2.362967
2529,1.189915,1.116927,nan,0.180059,nan,2.795235
2530,0.973171,0.796817,19.384842,0.180028,3.637420,2.376001
2531,2.418125,2.394445,nan,0.180028,nan,5.324540
2532,2.773843,2.303151,16.308170,0.179997,5.344101,6.020270
2533,3.186722,2.739450,nan,0.179997,nan,6.833402
2534,2.356616,2.029791,18.332214,0.179965,5.148015,5.178272
2535,1.207687,1.273635,nan,0.179965,nan,2.848576
2536,1.814675,1.346845,23.082962,0.179935,2.152599,4.076431
2537,1.351621,1.164255,nan,0.179935,nan,3.158687
2538,0.948029,0.894135,20.308720,0.179905,4.384765,2.341813
2539,1.970806,1.882993,nan,0.179905,nan,4.402186
2540,1.607185,1.610754,20.205658,0.179875,5.180088,3.674112
2541,1.474313,1.427718,nan,0.179875,nan,3.409558
2542,0.947763,1.052080,21.968437,0.179844,6.326761,2.355450
2543,2.251297,2.133278,nan,0.179844,nan,4.959780
2544,1.815214,1.753924,21.696594,0.179814,2.711590,4.098254
2545,1.593021,1.535100,nan,0.179814,nan,3.635186
2546,1.466042,1.378195,17.484781,0.179783,7.186405,3.382248
2547,1.527464,1.332003,nan,0.179783,nan,3.536496
2548,1.531958,1.446807,21.531673,0.179751,6.853014,3.508443
2549,0.849173,0.739260,nan,0.179751,nan,2.123575
2550,1.638567,1.602145,18.933186,0.179721,2.388954,3.737107
2551,1.594255,1.380124,nan,0.179721,nan,3.654622
2552,1.815048,1.466913,18.301308,0.179690,6.103473,4.102337
2553,1.561020,1.657143,nan,0.179690,nan,3.596136
2554,1.254805,1.270896,20.122522,0.179659,4.378800,2.950365
2555,1.176562,1.087679,nan,0.179659,nan,2.787744
2556,1.476568,1.310435,23.554235,0.179628,5.569168,3.410068
2557,1.534551,1.415805,nan,0.179628,nan,3.536528
2558,1.479840,1.209026,23.069344,0.179598,2.738546,3.412252
2559,2.127696,2.164675,nan,0.179598,nan,4.730711
2560,1.656336,1.544352,20.290604,0.179568,3.731719,3.776639
2561,1.732825,1.738324,nan,0.179568,nan,3.889901
2562,1.406764,1.512216,22.012527,0.179538,3.761787,3.240067
2563,1.001786,0.962987,nan,0.179538,nan,2.459832
2564,1.426484,1.395382,22.047361,0.179508,4.987043,3.303913
2565,2.223416,1.629987,nan,0.179508,nan,4.927579
2566,1.732603,1.465299,19.313877,0.179479,4.328299,3.929350
2567,1.397080,1.314546,nan,0.179479,nan,3.256791
2568,1.524729,1.236727,24.211744,0.179449,4.163919,3.524203
2569,1.052438,1.121052,nan,0.179449,nan,2.551954
2570,1.123383,1.147961,23.086220,0.179420,4.606609,2.687218
2571,1.139994,1.087108,nan,0.179420,nan,2.720340
2572,0.955516,1.036283,23.364101,0.179391,4.517818,2.331098
2573,1.198311,1.265718,nan,0.179391,nan,2.827133
2574,1.218219,1.253330,17.572977,0.179362,2.880250,2.860003
2575,2.147046,1.960858,nan,0.179362,nan,4.779243
2576,2.364411,2.101701,19.860004,0.179334,1.600173,5.188254
2577,1.920865,1.730009,nan,0.179334,nan,4.301141
2578,1.167850,1.069988,22.667833,0.179306,2.814863,2.807217
2579,1.146240,1.144102,nan,0.179306,nan,2.705666
2580,1.144777,1.142877,19.365314,0.179278,5.663996,2.718033
2581,1.517204,1.621047,nan,0.179278,nan,3.507333
2582,1.401668,1.229233,20.572365,0.179250,3.722639,3.253782
2583,1.865589,2.071716,nan,0.179250,nan,4.210322
2584,1.451599,1.603060,22.077641,0.179222,5.137500,3.369028
2585,1.135432,1.214480,nan,0.179222,nan,2.709712
2586,2.018725,1.716522,24.119015,0.179194,3.405532,4.526556
2587,1.662331,1.752769,nan,0.179194,nan,3.777178
2588,1.417598,1.379888,21.001226,0.179166,7.211943,3.291551
2589,2.284688,1.931941,nan,0.179166,nan,5.037724
2590,3.324640,2.727837,18.211121,0.179136,6.013572,7.125138
2591,3.599088,2.953789,nan,0.179136,nan,7.671842
2592,2.968215,2.635178,19.236349,0.179107,5.517797,6.417708
2593,2.495212,2.663839,nan,0.179107,nan,5.476851
2594,2.138133,2.488479,23.532240,0.179077,4.516218,4.764645
2595,2.007542,2.415884,nan,0.179077,nan,4.485775
2596,2.120928,2.141119,23.811792,0.179049,2.744563,4.700068
2597,1.598778,1.256871,nan,0.179049,nan,3.656218
2598,1.612453,1.511213,25.130711,0.179020,4.292245,3.684425
2599,1.171447,1.417177,nan,0.179020,nan,2.759353
2600,1.705304,1.807364,23.055740,0.178990,6.687075,3.888256
2601,1.449710,1.520489,nan,0.178990,nan,3.348001
2602,0.794784,0.689167,24.677656,0.178961,3.640009,2.034430
2603,1.194261,1.468589,nan,0.178961,nan,2.818004
2604,1.378751,1.556467,24.554317,0.178932,4.813356,3.214007
2605,1.220685,1.270500,nan,0.178932,nan,2.859952
2606,1.007261,0.955671,22.346472,0.178904,3.791013,2.467004
2607,2.358709,2.576408,nan,0.178904,nan,5.183507
2608,1.591455,1.756288,20.097130,0.178874,6.060982,3.653251
2609,1.306444,1.415557,nan,0.178874,nan,3.066188
2610,1.059271,1.264331,24.234350,0.178845,6.314253,2.550521
2611,0.934120,1.275613,nan,0.178845,nan,2.307661
2612,0.994982,0.817544,25.904875,0.178815,3.513554,2.454594
2613,1.259690,1.062678,nan,0.178815,nan,3.002728
2614,2.154320,1.976305,21.150646,0.178787,3.658949,4.770350
2615,1.217159,1.072185,nan,0.178787,nan,2.886896
2616,0.961194,0.960743,23.326410,0.178758,3.878662,2.368560
2617,0.999679,0.922916,nan,0.178758,nan,2.455562
2618,1.827586,2.003676,23.691387,0.178729,4.406517,4.129470
2619,0.991652,1.194736,nan,0.178729,nan,2.452725
2620,1.355391,1.752651,19.453218,0.178701,4.752618,3.159365
2621,1.056471,1.326256,nan,0.178701,nan,2.555562
2622,1.002797,1.240380,24.266579,0.178672,4.822944,2.449934
2623,1.224656,1.515891,nan,0.178672,nan,2.880480
2624,1.169154,1.271744,26.792702,0.178644,2.330562,2.813936
2625,1.244290,1.380086,nan,0.178644,nan,2.913167
2626,0.780584,0.927061,23.105957,0.178616,4.716659,2.012461
2627,1.652051,1.927320,nan,0.178616,nan,3.759194
2628,1.931885,1.752089,22.378670,0.178588,6.454569,4.347561
2629,1.494051,1.812284,nan,0.178588,nan,3.452786
2630,1.146666,1.068345,24.901882,0.178559,3.374567,2.728167
2631,1.408730,1.256879,nan,0.178559,nan,3.287651
2632,1.679279,1.626065,27.919540,0.178531,5.813529,3.846048
2633,1.134016,1.188566,nan,0.178531,nan,2.681723
2634,1.226791,1.228228,23.984465,0.178502,4.367052,2.878175
2635,1.853823,1.779345,nan,0.178502,nan,4.165900
2636,1.338782,1.170746,19.725075,0.178474,3.316112,3.126450
2637,1.167987,1.362014,nan,0.178474,nan,2.773766
2638,1.498059,1.720503,22.986597,0.178446,6.396656,3.394440
2639,1.543328,1.757426,nan,0.178446,nan,3.556608
2640,1.359090,1.485611,25.783455,0.178417,3.805258,3.149795
2641,1.173427,1.211793,nan,0.178417,nan,2.806454
2642,1.047340,1.382297,21.246063,0.178389,6.307918,2.538186
2643,1.399690,1.672956,nan,0.178389,nan,3.261183
2644,0.939965,1.198593,25.478540,0.178360,3.199965,2.312398
2645,1.277577,1.215806,nan,0.178360,nan,2.983904
2646,1.130694,0.942524,27.033319,0.178333,2.696898,2.717700
2647,1.366731,1.260157,nan,0.178333,nan,3.192895
2648,1.072822,0.979404,22.135380,0.178305,5.429760,2.596153
2649,1.438331,1.517583,nan,0.178305,nan,3.331450
2650,1.181448,1.144898,23.025623,0.178277,3.125141,2.828259
2651,1.402458,1.291736,nan,0.178277,nan,3.254827
2652,1.185354,1.208262,24.044382,0.178249,7.685199,2.823247
2653,1.194156,1.083205,nan,0.178249,nan,2.789451
2654,1.024518,1.123253,26.916054,0.178220,5.484468,2.483791
2655,0.935811,0.958628,nan,0.178220,nan,2.295315
2656,0.963781,1.117871,22.088600,0.178192,3.518220,2.344339
2657,0.979241,1.525602,nan,0.178192,nan,2.411576
2658,1.242825,1.390919,22.672760,0.178163,5.898871,2.942365
2659,1.514257,1.607480,nan,0.178163,nan,3.479398
2660,1.826191,1.698668,23.101244,0.178134,5.825198,4.096091
2661,1.428202,1.394731,nan,0.178134,nan,3.328360
2662,1.392048,1.295142,25.608852,0.178105,5.290041,3.239937
2663,1.714906,1.550428,nan,0.178105,nan,3.907616
2664,1.865565,1.360135,24.443384,0.178076,6.404228,4.205347
2665,1.877688,1.219590,nan,0.178076,nan,4.234286
2666,1.325622,1.168117,28.795807,0.178047,4.968462,3.098088
2667,1.432961,1.317490,nan,0.178047,nan,3.334789
2668,1.435514,1.421296,27.740025,0.178018,4.760373,3.318787
2669,1.455286,1.506434,nan,0.178018,nan,3.374111
2670,1.183148,1.180713,26.431705,0.177989,4.376436,2.830440
2671,1.542175,1.338602,nan,0.177989,nan,3.538421
2672,1.240859,1.206997,26.771626,0.177960,5.302602,2.943942
2673,0.786490,0.872447,nan,0.177960,nan,2.012193
2674,1.339313,1.413334,25.686852,0.177931,3.866009,3.144042
2675,1.419455,1.873444,nan,0.177931,nan,3.323335
2676,1.312715,1.960173,26.246471,0.177902,4.993309,3.098532
2677,1.499079,1.613906,nan,0.177902,nan,3.468638
2678,1.560060,1.373887,24.655737,0.177873,7.541273,3.596354
2679,1.020566,1.095172,nan,0.177873,nan,2.478981
2680,1.372524,1.314191,29.651329,0.177844,5.374217,3.204469
2681,1.325646,1.528339,nan,0.177844,nan,3.129743
2682,1.158786,1.296321,27.195330,0.177814,4.648184,2.788863
2683,0.891149,1.068751,nan,0.177814,nan,2.233382
2684,1.351924,1.635561,27.283855,0.177785,5.881474,3.175989
2685,1.173367,1.420171,nan,0.177785,nan,2.806224
2686,1.063910,1.036286,30.337608,0.177756,4.817937,2.581314
2687,1.184085,1.140359,nan,0.177756,nan,2.797123
2688,1.213521,1.214815,23.753391,0.177726,7.344010,2.881766
2689,1.173521,0.976137,nan,0.177726,nan,2.813719
2690,1.780018,1.721165,26.877151,0.177696,5.845217,4.036368
2691,1.802896,1.961937,nan,0.177696,nan,4.094003
2692,1.071079,1.368510,29.793201,0.177666,5.877810,2.580368
2693,0.909643,1.156281,nan,0.177666,nan,2.264078
2694,0.907707,1.181590,27.745258,0.177636,4.887759,2.232544
2695,0.878882,1.276911,nan,0.177636,nan,2.193853
2696,1.030985,1.244193,26.872938,0.177607,5.616275,2.479219
2697,1.576058,1.176311,nan,0.177607,nan,3.621958
2698,1.840906,1.638926,28.230244,0.177577,5.154702,4.148440
2699,1.088278,1.174093,nan,0.177577,nan,2.623813
2700,1.092275,0.955937,31.991550,0.177548,4.009890,2.653054
2701,1.765815,1.299052,nan,0.177548,nan,4.000068
2702,0.893240,0.960460,27.316681,0.177519,4.410074,2.224124
2703,1.920301,1.629672,nan,0.177519,nan,4.313078
2704,2.299461,2.027119,24.202351,0.177490,3.258341,5.082982
2705,1.698957,2.048395,nan,0.177490,nan,3.872050
2706,1.316989,2.256848,30.314432,0.177462,5.930037,3.087794
2707,0.833575,0.986135,nan,0.177462,nan,2.099236
2708,0.617322,1.063110,33.403496,0.177433,3.861147,1.667638
2709,1.229800,1.328081,nan,0.177433,nan,2.908644
2710,0.870315,0.884534,30.819576,0.177405,6.527613,2.151033
2711,0.927980,0.956771,nan,0.177405,nan,2.289022
2712,1.611110,1.080210,29.966454,0.177376,5.113847,3.701741
2713,1.482821,1.279477,nan,0.177376,nan,3.413160
2714,1.793435,1.508846,27.804680,0.177348,4.465636,4.022458
2715,1.041036,1.087596,nan,0.177348,nan,2.533060
2716,1.168241,1.122947,30.623178,0.177320,3.615499,2.774728
2717,1.582193,1.269175,nan,0.177320,nan,3.639485
2718,1.530784,0.847597,34.290485,0.177292,3.193448,3.554364
2719,1.146030,1.316967,nan,0.177292,nan,2.740139
2720,2.017034,1.526193,31.781807,0.177265,5.080797,4.523264
2721,2.027779,0.933228,nan,0.177265,nan,4.532584
2722,1.756086,0.970248,30.544647,0.177238,4.617158,3.995358
2723,1.286323,1.360111,nan,0.177238,nan,2.994687
2724,1.944508,1.474253,33.351135,0.177210,3.804339,4.364638
2725,1.108828,1.172813,nan,0.177210,nan,2.681008
2726,1.183331,1.054399,33.598892,0.177183,6.077209,2.829549
2727,0.944782,0.954044,nan,0.177183,nan,2.295219
2728,1.249574,1.384918,30.197008,0.177156,3.637084,2.943642
2729,1.653377,1.767701,nan,0.177156,nan,3.744530
2730,0.923413,1.011051,31.158314,0.177128,5.738092,2.284111
2731,2.401685,2.237470,nan,0.177128,nan,5.265257
2732,1.196346,1.263082,28.097509,0.177100,7.882825,2.834435
2733,1.139180,1.272882,nan,0.177100,nan,2.721829
2734,1.108577,1.046676,33.436455,0.177072,5.618425,2.678957
2735,1.243412,1.191261,nan,0.177072,nan,2.899532
2736,1.767026,1.555378,34.851387,0.177043,5.831122,3.984958
2737,2.421716,2.024637,nan,0.177043,nan,5.318664
2738,2.032210,1.844481,28.941448,0.177015,6.019853,4.509974
2739,1.518006,2.089215,nan,0.177015,nan,3.489620
2740,1.269549,1.399381,30.997356,0.176986,4.505008,2.976464
2741,2.039950,2.009323,nan,0.176986,nan,4.534320
2742,1.052416,0.926095,33.718712,0.176958,3.600590,2.542678
2743,1.783251,2.123595,nan,0.176958,nan,4.009165
2744,1.214582,1.681594,31.162752,0.176930,6.762466,2.886528
2745,2.073565,1.699126,nan,0.176930,nan,4.616648
2746,1.839098,2.081310,33.261009,0.176902,5.584221,4.123239
2747,1.617808,1.574605,nan,0.176902,nan,3.695327
2748,1.468503,1.573184,36.063896,0.176873,5.169022,3.371796
2749,1.843296,2.351315,nan,0.176873,nan,4.140288
2750,0.789397,2.200361,34.849632,0.176845,5.613360,1.989922
2751,1.819452,1.507596,nan,0.176845,nan,4.092731
2752,1.445021,1.601195,33.767624,0.176817,4.653214,3.348413
2753,1.490164,1.594610,nan,0.176817,nan,3.402961
2754,1.662795,1.497455,36.504204,0.176789,4.061611,3.764695
2755,1.415904,1.444572,nan,0.176789,nan,3.273282
2756,1.696573,1.383582,39.026409,0.176761,2.527536,3.857089
2757,0.987950,1.107102,nan,0.176761,nan,2.402910
2758,0.994822,0.852980,35.571732,0.176734,7.335669,2.435169
2759,1.170998,1.338149,nan,0.176734,nan,2.787476
2760,1.281816,1.281839,33.294624,0.176706,5.147765,3.023219
2761,1.547609,1.581658,nan,0.176706,nan,3.522640
2762,1.179911,1.110220,34.592232,0.176678,5.868768,2.805405
2763,1.325184,1.229233,nan,0.176678,nan,3.091652
2764,1.233990,1.162165,34.183083,0.176649,7.937393,2.890202
2765,1.264361,1.160665,nan,0.176649,nan,2.938840
2766,1.069484,1.081352,42.973877,0.176621,5.138384,2.587753
2767,1.179520,1.250364,nan,0.176621,nan,2.782024
2768,1.122690,1.128452,37.585686,0.176592,6.079088,2.675168
2769,1.313356,1.720588,nan,0.176592,nan,3.049722
2770,1.160501,1.645321,36.326073,0.176563,5.246768,2.752906
2771,1.829717,1.537228,nan,0.176563,nan,4.118363
2772,1.585411,1.273551,39.305950,0.176535,6.301230,3.621233
2773,1.794611,1.752667,nan,0.176535,nan,4.050074
2774,1.786229,1.325153,36.228477,0.176506,6.244582,4.047585
2775,0.930813,0.911432,nan,0.176506,nan,2.283693
2776,1.517129,1.076192,38.167885,0.176477,4.478333,3.499630
2777,1.310345,1.581537,nan,0.176477,nan,3.064903
2778,0.965228,1.423645,34.863865,0.176448,6.677981,2.344731
2779,1.714669,1.364293,nan,0.176448,nan,3.874130
2780,1.875929,1.812184,37.465591,0.176419,5.792352,4.197351
2781,1.295683,0.970582,nan,0.176419,nan,3.038724
2782,1.331082,1.222338,37.205753,0.176390,5.699185,3.101112
2783,1.090773,1.229543,nan,0.176390,nan,2.591973
2784,1.484203,1.556329,38.946732,0.176362,4.852438,3.443706
2785,1.082184,1.031671,nan,0.176362,nan,2.594475
2786,1.256818,0.848292,36.252533,0.176334,3.663167,2.953158
2787,1.077223,1.919250,nan,0.176334,nan,2.560956
2788,1.277339,1.482164,40.043343,0.176306,4.388747,2.978050
2789,1.107910,1.236731,nan,0.176306,nan,2.638747
2790,1.103141,1.370187,43.249352,0.176278,5.226999,2.631899
2791,0.976048,1.049004,nan,0.176278,nan,2.354492
2792,1.412788,1.560119,39.492012,0.176250,4.756890,3.257843
2793,0.978266,0.860877,nan,0.176250,nan,2.401061
2794,0.892861,0.811836,43.925583,0.176223,6.362991,2.180222
2795,1.350778,1.320676,nan,0.176223,nan,3.121350
2796,1.049028,0.922745,38.854858,0.176195,4.814989,2.546308
2797,1.776758,1.915064,nan,0.176195,nan,4.020184
2798,2.131733,2.449220,40.830769,0.176167,5.715072,4.727916
2799,1.479432,1.114064,nan,0.176167,nan,3.396940
2800,1.238487,1.093946,44.847099,0.176139,8.416672,2.932143
2801,1.218144,1.391778,nan,0.176139,nan,2.873866
2802,1.411507,1.675484,43.523285,0.176110,5.499918,3.270933
2803,1.170841,1.406578,nan,0.176110,nan,2.746370
2804,2.375228,2.258167,38.638950,0.176082,5.446550,5.212600
2805,1.877359,1.851093,nan,0.176082,nan,4.190444
2806,1.394720,1.612554,42.164497,0.176052,8.966892,3.215319
2807,1.489271,1.462736,nan,0.176052,nan,3.397042
2808,1.178756,1.641414,49.173096,0.176023,5.270734,2.783254
2809,1.397201,1.208380,nan,0.176023,nan,3.236138
2810,1.214588,1.018493,44.673229,0.175995,4.135228,2.873885
2811,1.108717,1.121084,nan,0.175995,nan,2.649262
2812,1.721184,1.408900,48.401836,0.175967,4.725748,3.895743
2813,1.448090,1.484149,nan,0.175967,nan,3.322555
2814,1.712977,1.581741,42.484665,0.175939,2.727697,3.865378
2815,1.253551,1.847116,nan,0.175939,nan,2.921238
2816,0.729458,1.427881,44.611301,0.175912,6.046257,1.860455
2817,1.741795,1.157526,nan,0.175912,nan,3.920366
2818,1.322386,1.333944,48.137863,0.175885,3.663434,3.069119
2819,1.570566,1.127620,nan,0.175885,nan,3.598871
2820,1.124167,1.061516,50.416519,0.175857,5.438848,2.646906
2821,2.671803,1.738000,nan,0.175857,nan,5.808310
2822,2.631982,1.778321,45.325184,0.175831,4.101136,5.704427
2823,1.396215,1.602323,nan,0.175831,nan,3.207744
2824,0.964930,1.156605,43.087315,0.175803,7.059088,2.350664
2825,1.968476,1.236851,nan,0.175803,nan,4.396577
2826,1.560653,1.382691,44.600288,0.175776,6.895300,3.569269
2827,1.800145,1.976166,nan,0.175776,nan,4.049931
2828,2.833573,2.225910,44.334229,0.175748,7.025407,6.119010
2829,3.070858,1.684993,nan,0.175748,nan,6.606039
2830,2.332129,1.672461,46.298218,0.175720,3.247463,5.128626
2831,1.253867,1.340901,nan,0.175720,nan,2.892755
2832,1.646834,1.535615,53.042099,0.175693,6.361908,3.715691
2833,1.109716,1.243974,nan,0.175693,nan,2.630800
2834,1.557475,1.270773,43.063622,0.175665,6.382531,3.502735
2835,1.914069,2.290682,nan,0.175665,nan,4.280378
2836,3.122566,2.219626,43.390160,0.175637,6.398488,6.717401
2837,3.434544,2.484828,nan,0.175637,nan,7.330745
2838,2.244240,1.905907,47.569023,0.175609,5.844106,4.933252
2839,1.869201,1.850186,nan,0.175609,nan,4.176225
2840,2.257697,1.870781,52.336502,0.175580,7.279307,4.984554
2841,1.305479,1.841145,nan,0.175580,nan,3.043120
2842,2.005429,1.851001,45.072449,0.175551,8.622536,4.467788
2843,1.486442,2.159510,nan,0.175551,nan,3.386503
2844,1.865054,1.366673,49.858784,0.175523,3.652477,4.160477
2845,1.714610,1.269028,nan,0.175523,nan,3.840837
2846,1.401623,1.842710,52.866959,0.175495,4.790347,3.243026
2847,1.573712,1.278910,nan,0.175495,nan,3.588835
2848,0.930292,1.782536,54.334801,0.175467,5.359336,2.247449
2849,1.795281,2.755040,nan,0.175467,nan,4.044691
2850,2.071824,2.786447,45.109947,0.175439,5.424349,4.570147
2851,3.486394,2.600115,nan,0.175439,nan,7.418483
2852,3.535945,1.897017,50.412178,0.175411,5.032481,7.555432
2853,1.944772,2.183681,nan,0.175411,nan,4.318083
2854,2.101688,1.881333,51.579102,0.175384,5.394682,4.656423
2855,2.040473,1.520279,nan,0.175384,nan,4.520181
2856,1.477381,1.502974,49.123318,0.175356,5.561568,3.383071
2857,1.400520,1.624972,nan,0.175356,nan,3.245012
2858,1.501923,1.860270,49.635426,0.175329,6.177958,3.460880
2859,1.608163,2.067441,nan,0.175329,nan,3.637897
2860,2.045114,1.549078,57.033974,0.175301,6.991169,4.546850
2861,1.528566,1.519828,nan,0.175301,nan,3.516656
2862,1.250591,1.386680,55.080910,0.175273,5.024055,2.906332
2863,1.065333,1.888561,nan,0.175273,nan,2.553736
2864,1.758816,1.903471,57.701927,0.175245,7.068768,3.953486
2865,1.162532,1.838773,nan,0.175245,nan,2.766200
2866,1.811153,1.150919,57.388847,0.175217,5.678823,4.056579
2867,2.460776,1.827127,nan,0.175217,nan,5.365355
2868,2.240099,1.527220,58.155994,0.175189,5.988616,4.905956
2869,1.427576,1.435716,nan,0.175189,nan,3.294347
2870,1.427975,1.354163,57.680542,0.175161,7.437379,3.265315
2871,1.629840,1.857655,nan,0.175161,nan,3.685781
2872,1.596760,2.314075,58.626709,0.175132,6.267188,3.623230
2873,2.155191,1.712461,nan,0.175132,nan,4.747000
2874,1.408619,1.808608,60.587914,0.175104,7.355963,3.228235
2875,1.203258,1.100808,nan,0.175104,nan,2.828289
2876,1.283427,2.099389,62.086010,0.175075,6.746174,2.988045
2877,0.991873,1.394856,nan,0.175075,nan,2.404849
2878,0.913088,1.193299,62.181122,0.175046,7.911268,2.200690
2879,1.010971,1.133279,nan,0.175046,nan,2.421251
2880,0.992234,0.967788,59.361412,0.175017,3.829503,2.392937
2881,1.182588,2.519253,nan,0.175017,nan,2.783876
2882,1.296969,2.201274,56.403061,0.174989,6.120293,3.032079
2883,2.319898,1.455177,nan,0.174989,nan,5.086132
2884,1.585009,1.995138,63.157066,0.174960,5.661012,3.595073
2885,1.855199,1.599079,nan,0.174960,nan,4.167418
2886,1.944323,1.531446,60.434334,0.174932,5.781772,4.306954
2887,1.852715,1.471959,nan,0.174932,nan,4.141168
2888,2.371598,1.215062,58.290241,0.174904,7.618274,5.208650
2889,1.567442,3.196451,nan,0.174904,nan,3.569429
2890,1.685654,2.232868,57.653099,0.174875,5.945359,3.822840
2891,1.147800,1.484502,nan,0.174875,nan,2.735571
2892,1.484900,1.232137,58.767658,0.174846,7.984546,3.406147
2893,1.558846,1.949052,nan,0.174846,nan,3.559361
2894,1.340945,1.592882,61.474983,0.174818,5.442969,3.115026
2895,2.543883,2.025891,nan,0.174818,nan,5.519697
2896,1.503669,1.454215,65.153664,0.174790,4.581235,3.447917
2897,1.492499,1.208665,nan,0.174790,nan,3.411042
2898,1.559962,1.306587,52.940163,0.174761,5.836693,3.547424
2899,2.314589,1.452228,nan,0.174761,nan,5.068586
2900,1.434809,0.840603,67.488419,0.174733,6.741910,3.303761
2901,1.258326,1.484487,nan,0.174733,nan,2.928206
2902,1.556903,1.871260,68.030952,0.174705,6.452411,3.539418
2903,2.726607,2.192888,nan,0.174705,nan,5.893701
2904,1.688092,1.680946,66.103943,0.174676,7.960808,3.809283
2905,2.609020,1.951993,nan,0.174676,nan,5.635410
2906,2.105879,2.464098,58.560966,0.174648,7.214227,4.627225
2907,2.774760,3.321199,nan,0.174648,nan,5.986233
2908,2.108550,3.944316,62.909111,0.174619,7.174534,4.665633
2909,2.055105,2.071152,nan,0.174619,nan,4.532276
2910,1.673991,2.094810,68.058685,0.174590,5.646196,3.786616
2911,1.910173,1.543787,nan,0.174590,nan,4.239214
2912,2.720927,1.454494,61.058243,0.174561,7.226789,5.878121
2913,2.605128,1.700652,nan,0.174561,nan,5.643437
2914,4.943381,2.847851,64.714561,0.174532,8.189444,10.337474
2915,3.696199,3.037055,nan,0.174532,nan,7.832751
2916,2.210464,2.907148,70.863602,0.174503,7.073627,4.860125
2917,1.790840,1.753416,nan,0.174503,nan,3.984598
2918,1.516978,2.829987,71.002121,0.174473,6.362483,3.451049
2919,1.781483,2.229977,nan,0.174473,nan,3.982145
2920,2.295288,1.623862,66.713776,0.174444,6.466635,5.039195
2921,2.869033,4.007195,nan,0.174444,nan,6.159649
2922,5.305827,3.973480,63.804157,0.174415,8.334679,11.040474
2923,4.367799,2.001224,nan,0.174415,nan,9.164433
2924,4.054659,2.473123,64.565361,0.174385,8.170642,8.544021
2925,2.285750,2.375363,nan,0.174385,nan,4.994983
2926,2.351878,1.680982,72.080971,0.174355,8.452936,5.118145
2927,1.535139,2.179188,nan,0.174355,nan,3.483550
2928,1.446235,2.658040,63.927269,0.174325,6.575998,3.287298
2929,1.870711,2.973417,nan,0.174325,nan,4.122132
2930,1.755666,4.367474,69.482208,0.174295,8.997793,3.930283
2931,3.000629,4.020426,nan,0.174295,nan,6.435306
2932,2.998084,3.509154,73.318733,0.174265,6.194775,6.417257
2933,2.258907,2.491764,nan,0.174265,nan,4.924942
2934,3.062745,2.119933,78.423332,0.174235,7.000505,6.549276
2935,2.635044,2.175027,nan,0.174235,nan,5.721235
2936,2.628371,1.725329,69.464432,0.174205,5.128111,5.685824
2937,2.171338,1.647549,nan,0.174205,nan,4.767615
2938,2.148490,2.068886,74.891479,0.174176,4.814628,4.696838
2939,1.832070,1.525949,nan,0.174176,nan,4.066331
2940,2.031421,1.477137,71.697762,0.174147,7.629532,4.483140
2941,1.452479,1.672726,nan,0.174147,nan,3.279896
2942,2.610168,1.780501,66.700310,0.174119,6.132793,5.679832
2943,1.489859,1.438958,nan,0.174119,nan,3.392537
2944,1.927449,1.777716,76.304703,0.174090,6.088451,4.241674
2945,1.939538,1.953428,nan,0.174090,nan,4.284974
2946,1.842568,1.387267,71.506973,0.174061,7.934761,4.089959
2947,1.802357,2.221262,nan,0.174061,nan,4.024809
2948,1.678281,1.716016,69.021866,0.174032,6.286154,3.777836
2949,1.516315,1.533228,nan,0.174032,nan,3.443599
2950,1.684818,2.217733,69.931129,0.174004,6.493775,3.774024
2951,1.893203,1.828658,nan,0.174004,nan,4.212645
2952,2.583894,1.868005,66.753418,0.173975,8.001925,5.589782
2953,1.727562,1.686411,nan,0.173975,nan,3.845511
2954,1.738790,1.825380,69.381119,0.173946,6.515145,3.889053
2955,3.767463,2.058031,nan,0.173946,nan,7.951922
2956,3.300994,2.406182,72.527229,0.173917,6.274674,7.029882
2957,1.728249,1.716011,nan,0.173917,nan,3.851662
2958,2.495285,2.548805,74.721497,0.173889,5.939779,5.420384
2959,1.567348,1.717835,nan,0.173889,nan,3.541124
2960,1.917030,2.047871,74.073532,0.173860,6.578512,4.232872
2961,2.705665,3.150017,nan,0.173860,nan,5.817137
2962,3.146009,1.892270,75.821976,0.173832,5.979639,6.719977
2963,1.549768,1.650118,nan,0.173832,nan,3.487320
2964,1.680491,1.445872,76.818764,0.173804,5.643319,3.739463
2965,2.142854,2.104383,nan,0.173804,nan,4.663309
2966,2.326995,2.062624,75.370262,0.173777,6.045040,5.054674
2967,2.205319,1.748577,nan,0.173777,nan,4.821776
2968,1.870122,1.448445,72.197624,0.173749,7.808484,4.143434
2969,4.475355,2.568223,nan,0.173749,nan,9.370495
2970,3.939036,2.742859,65.709160,0.173720,8.445440,8.304710
2971,1.946722,4.398983,nan,0.173720,nan,4.300798
2972,1.202324,3.388939,79.222412,0.173692,5.020959,2.774619
2973,2.327603,2.661807,nan,0.173692,nan,5.050570
2974,3.000369,2.843454,77.663628,0.173665,6.136144,6.409320
2975,2.336155,2.277568,nan,0.173665,nan,5.081147
2976,1.623121,2.602590,80.977318,0.173637,5.208075,3.642337
2977,1.817412,1.511580,nan,0.173637,nan,4.045026
2978,2.049592,1.695890,80.160065,0.173610,6.903767,4.506681
2979,3.305455,2.408145,nan,0.173610,nan,7.013442
2980,1.887614,2.393413,74.740524,0.173582,7.806360,4.192529
2981,2.460926,1.706795,nan,0.173582,nan,5.338822
2982,1.698615,2.041883,85.939018,0.173554,5.723197,3.797710
2983,2.105849,2.081523,nan,0.173554,nan,4.604500
2984,1.713714,2.333880,88.197037,0.173526,7.590124,3.822150
2985,1.238732,1.591647,nan,0.173526,nan,2.880383
2986,2.222259,1.898655,84.962845,0.173498,7.198035,4.843804
2987,3.211917,2.654946,nan,0.173498,nan,6.840090
2988,3.332479,2.000513,79.564270,0.173470,6.472212,7.083376
2989,1.671364,1.688640,nan,0.173470,nan,3.754906
2990,2.991309,3.009887,82.058090,0.173443,7.041910,6.386465
2991,1.606049,2.257386,nan,0.173443,nan,3.602262
2992,1.916383,1.908069,76.802010,0.173415,5.841705,4.236492
2993,4.118856,6.108268,nan,0.173415,nan,8.654779
2994,3.021876,5.440000,66.755363,0.173387,6.426805,6.448202
2995,3.521827,4.312744,nan,0.173387,nan,7.458179
2996,2.647618,2.148895,87.192139,0.173360,5.061908,5.709752
2997,2.251721,3.482888,nan,0.173360,nan,4.929360
2998,2.490868,2.337715,84.960587,0.173333,7.031779,5.376253
2999,2.906529,3.865924,nan,0.173333,nan,6.230111
3000,3.860200,5.366990,76.974960,0.173306,6.610226,8.122847
3001,4.340573,3.853711,nan,0.173306,nan,9.111953
3002,3.946091,2.376147,83.441017,0.173279,5.188871,8.286455
3003,2.016934,2.723969,nan,0.173279,nan,4.445334
3004,4.671042,2.873283,82.820587,0.173252,7.261883,9.762887
3005,1.941723,2.922429,nan,0.173252,nan,4.300394
3006,2.467360,2.263438,87.673645,0.173224,7.054716,5.331845
3007,4.012266,3.232171,nan,0.173224,nan,8.432371
3008,2.562577,2.854484,87.707710,0.173197,5.999754,5.547787
3009,2.459507,2.548767,nan,0.173197,nan,5.338041
3010,2.737089,3.034220,97.189766,0.173170,7.904921,5.882421
3011,2.045919,2.146132,nan,0.173170,nan,4.500356
3012,1.367310,1.786561,88.770096,0.173142,7.690570,3.132534
3013,1.572539,1.543098,nan,0.173142,nan,3.520869
3014,1.659711,1.377225,90.001495,0.173115,7.619814,3.709661
3015,2.146172,2.078149,nan,0.173115,nan,4.693020
3016,1.821520,2.106952,83.602615,0.173086,8.238661,4.035546
3017,3.765469,3.311932,nan,0.173086,nan,7.964530
3018,4.364742,2.811660,80.938309,0.173058,7.317490,9.148464
3019,2.230621,2.772802,nan,0.173058,nan,4.884656
3020,2.973284,2.791513,86.046402,0.173030,7.715712,6.339012
3021,2.894351,2.056602,nan,0.173030,nan,6.209951
3022,2.181300,2.240766,85.268669,0.173002,6.563249,4.755586
3023,2.283102,3.125964,nan,0.173002,nan,4.994111
3024,3.100676,4.722815,84.833572,0.172974,5.498704,6.618663
3025,3.670005,2.214713,nan,0.172974,nan,7.740390
3026,3.182838,2.153200,82.831360,0.172947,6.279817,6.788099
3027,2.309335,2.149948,nan,0.172947,nan,5.004352
3028,1.893137,2.038732,86.347656,0.172919,8.591501,4.209471
3029,2.186574,1.911878,nan,0.172919,nan,4.789049
3030,2.837247,2.487290,91.849380,0.172891,6.031705,6.075433
3031,2.605315,1.743712,nan,0.172891,nan,5.628359
3032,2.430368,1.871443,91.336548,0.172864,5.353302,5.287198
3033,2.777033,2.028133,nan,0.172864,nan,5.979661
3034,2.140017,1.655636,89.692513,0.172836,6.904407,4.710002
3035,2.905802,3.527059,nan,0.172836,nan,6.213736
3036,1.965272,1.947853,92.505066,0.172809,9.195107,4.336720
3037,2.820900,3.057131,nan,0.172809,nan,6.063159
3038,2.780394,2.965461,77.710518,0.172781,5.322241,5.989829
3039,3.931156,4.078307,nan,0.172781,nan,8.301409
3040,4.588220,3.565103,76.629669,0.172753,8.898815,9.605791
3041,2.781854,2.650912,nan,0.172753,nan,5.972491
3042,2.343262,2.391834,86.029526,0.172725,7.682164,5.076884
3043,2.410023,2.828115,nan,0.172725,nan,5.228215
3044,2.591587,1.629165,90.723007,0.172697,8.010056,5.593197
3045,2.781616,5.187439,nan,0.172697,nan,5.969131
3046,3.380852,3.579659,86.729721,0.172670,5.558084,7.172943
3047,4.108072,3.117336,nan,0.172670,nan,8.663967
3048,4.134760,3.156394,88.364609,0.172642,5.165091,8.707272
3049,2.353393,4.001120,nan,0.172642,nan,5.117684
3050,3.262976,3.949612,92.306175,0.172615,7.460812,6.963687
3051,4.896882,2.818232,nan,0.172615,nan,10.258717
3052,3.851152,2.125179,88.877258,0.172587,8.252216,8.131919
3053,3.914222,3.554715,nan,0.172587,nan,8.258006
3054,3.180422,3.349104,98.718529,0.172559,7.550544,6.818081
3055,3.455212,3.523055,nan,0.172559,nan,7.330850
3056,3.657770,3.162728,84.555038,0.172532,6.614305,7.762443
3057,4.447812,5.406103,nan,0.172532,nan,9.347986
3058,4.902766,6.586348,94.805054,0.172505,5.947641,10.263055
3059,3.204517,4.961867,nan,0.172505,nan,6.846620
3060,2.432234,2.721073,93.663086,0.172477,8.502680,5.273525
3061,2.726677,3.465425,nan,0.172477,nan,5.894527
3062,2.409655,2.856571,101.932800,0.172449,7.154751,5.269973
3063,3.477270,3.963856,nan,0.172449,nan,7.411658
3064,2.475408,2.255964,92.261955,0.172422,6.817317,5.394216
3065,5.620228,2.719310,nan,0.172422,nan,11.695587
3066,5.112853,2.220943,86.244781,0.172394,9.132017,10.673338
3067,1.755557,2.879869,nan,0.172394,nan,3.954435
3068,4.321832,3.709317,89.639359,0.172366,5.907153,9.095749
3069,2.364611,2.595034,nan,0.172366,nan,5.173940
3070,3.235626,3.048185,86.355820,0.172338,7.969156,6.888306
3071,4.941540,5.664102,nan,0.172338,nan,10.333624
3072,4.071168,7.758532,101.547020,0.172311,6.899842,8.581399
3073,2.966482,5.637201,nan,0.172311,nan,6.377029
3074,4.043968,3.825408,92.456772,0.172283,9.957604,8.534920
3075,3.256911,4.245212,nan,0.172283,nan,6.957520
3076,3.114528,4.542512,93.989677,0.172255,5.144984,6.685104
3077,2.221473,3.969058,nan,0.172255,nan,4.880871
3078,1.945918,5.388949,105.692200,0.172228,5.824680,4.338362
3079,4.491857,3.865656,nan,0.172228,nan,9.436396
3080,3.884151,2.079725,115.614273,0.172200,7.696516,8.221085
3081,1.986103,3.817366,nan,0.172200,nan,4.386890
3082,2.090708,2.115969,91.204216,0.172173,6.840429,4.625868
3083,6.105950,8.200615,nan,0.172173,nan,12.681158
3084,6.896921,8.746153,91.073914,0.172146,6.036094,14.269161
3085,7.980508,8.041354,nan,0.172146,nan,16.433825
3086,5.594245,6.094104,91.272491,0.172119,6.241434,11.658615
3087,2.752577,2.471098,nan,0.172119,nan,5.960567
3088,2.996087,4.184423,107.602249,0.172092,8.672501,6.435950
3089,2.353041,2.867287,nan,0.172092,nan,5.141914
3090,2.357362,2.508631,93.083252,0.172064,6.480984,5.182681
3091,4.679877,8.057183,nan,0.172064,nan,9.821949
3092,4.852292,8.916007,89.353409,0.172037,8.202549,10.164583
3093,3.446277,6.820399,nan,0.172037,nan,7.342126
3094,2.823092,4.193950,101.252518,0.172010,6.437536,6.114804
3095,3.105821,4.397395,nan,0.172010,nan,6.680805
3096,2.893942,3.450681,101.149292,0.171983,7.692492,6.259629
3097,3.106557,2.868292,nan,0.171983,nan,6.681529
3098,4.453994,5.074204,81.833817,0.171955,7.836461,9.380946
3099,3.546844,5.109898,nan,0.171955,nan,7.546943
3100,2.323245,4.487162,95.520317,0.171928,8.447850,5.102006
3101,2.273471,2.094382,nan,0.171928,nan,5.002601
3102,1.783468,2.312199,102.446548,0.171901,6.495486,3.999020
3103,2.373757,2.493242,nan,0.171901,nan,5.182992
3104,2.891158,2.698148,99.083961,0.171873,6.105721,6.226274
3105,5.209059,4.821263,nan,0.171873,nan,10.881090
3106,4.802644,4.286351,97.869911,0.171846,7.487699,10.060253
3107,2.961200,2.276175,nan,0.171846,nan,6.394469
3108,2.726232,1.806420,110.779129,0.171819,6.053618,5.917779
3109,2.844345,2.569713,nan,0.171819,nan,6.166688
3110,3.397762,3.168763,101.279312,0.171792,8.106318,7.245616
3111,3.155440,2.339393,nan,0.171792,nan,6.781607
3112,1.968054,2.080729,96.711678,0.171766,4.989411,4.382383
3113,4.260076,2.402289,nan,0.171766,nan,8.979040
3114,2.664578,2.844401,100.656815,0.171739,7.250894,5.804042
3115,2.682862,2.382511,nan,0.171739,nan,5.837482
3116,4.078004,3.021559,102.061981,0.171713,6.711327,8.630395
3117,4.901115,2.422527,nan,0.171713,nan,10.291079
3118,2.879279,1.902909,94.168953,0.171686,7.159591,6.207192
3119,3.311261,4.099739,nan,0.171686,nan,7.087250
3120,2.505514,1.985788,101.083740,0.171660,3.967284,5.447950
3121,4.013021,4.966828,nan,0.171660,nan,8.484052
3122,2.935683,3.384233,60.703083,0.171634,8.191777,6.321794
3123,4.017373,6.281983,nan,0.171634,nan,8.462293
3124,4.034552,8.327156,65.563538,0.171608,6.018562,8.487006
3125,3.333086,7.703590,nan,0.171608,nan,7.122106
3126,3.961524,5.219972,60.505592,0.171583,5.194656,8.389922
3127,1.744514,2.188419,nan,0.171583,nan,3.919619
3128,2.932037,2.878629,62.935486,0.171557,7.507787,6.296997
3129,1.748811,1.872000,nan,0.171557,nan,3.960331
3130,4.962731,4.377702,57.297966,0.171532,5.681095,10.390754
3131,5.144758,6.641574,nan,0.171532,nan,10.754055
3132,2.648441,7.108501,58.303020,0.171506,7.819361,5.748586
3133,2.442205,5.219415,nan,0.171506,nan,5.323953
3134,2.621206,2.673867,63.532089,0.171481,5.976413,5.689964
3135,1.678101,2.836211,nan,0.171481,nan,3.802324
3136,2.953956,2.643075,67.095551,0.171456,5.923306,6.335787
3137,1.281760,1.507350,nan,0.171456,nan,2.984538
3138,4.784666,3.169835,63.362667,0.171430,8.135930,10.018219
3139,3.986945,2.562891,nan,0.171430,nan,8.429585
3140,2.509253,3.923304,54.888920,0.171405,6.385564,5.468826
3141,4.185760,3.574088,nan,0.171405,nan,8.800301
3142,1.191296,2.071491,69.065643,0.171380,4.441172,2.809293
3143,3.191977,3.530402,nan,0.171380,nan,6.827084
3144,3.079319,2.739960,57.842163,0.171355,6.219339,6.597285
3145,4.288695,3.158943,nan,0.171355,nan,9.029894
3146,4.630629,4.018048,54.156044,0.171331,5.919786,9.710430
3147,3.187283,4.521000,nan,0.171331,nan,6.819024
3148,2.841721,4.977564,57.232162,0.171306,7.652923,6.101928
3149,2.074050,1.966942,nan,0.171306,nan,4.586925
3150,2.632513,3.500718,64.094467,0.171280,8.719815,5.689214
3151,3.500478,3.128373,nan,0.171280,nan,7.417737
3152,3.362872,3.227808,55.180946,0.171255,9.804806,7.132837
3153,5.096384,5.228381,nan,0.171255,nan,10.627362
3154,4.850453,5.307261,52.201019,0.171229,7.501424,10.131224
3155,4.979049,6.555125,nan,0.171229,nan,10.396085
3156,4.498811,6.457393,54.128399,0.171202,8.082956,9.435619
3157,3.982370,3.946216,nan,0.171202,nan,8.401649
3158,1.737293,1.809833,62.503990,0.171176,7.199990,3.919256
3159,4.777572,3.222348,nan,0.171176,nan,9.975205
3160,3.492966,2.294141,71.170891,0.171150,6.861198,7.402021
3161,3.137585,3.479726,nan,0.171150,nan,6.704504
3162,3.002975,3.217936,59.190723,0.171124,4.860404,6.423531
3163,2.830148,4.070934,nan,0.171124,nan,6.060588
3164,2.326158,3.927725,53.184715,0.171099,6.247150,5.058066
3165,5.824241,3.475370,nan,0.171099,nan,12.069288
3166,6.409188,2.459090,58.163902,0.171074,4.777747,13.246466
3167,4.923020,3.702727,nan,0.171074,nan,10.263923
3168,1.257164,2.518697,58.927475,0.171049,7.407231,2.916214
3169,2.936070,2.847607,nan,0.171049,nan,6.277451
3170,2.628259,3.007127,67.100723,0.171023,8.570516,5.653120
3171,2.674625,3.013485,nan,0.171023,nan,5.763152
3172,4.049846,2.864799,60.636524,0.170998,5.701024,8.511396
3173,2.037285,2.502249,nan,0.170998,nan,4.448940
3174,3.409781,1.425835,60.653637,0.170973,6.659272,7.221754
3175,3.350435,1.284307,nan,0.170973,nan,7.105294
3176,2.230555,2.503724,59.634472,0.170947,9.304729,4.851810
3177,2.462518,1.172863,nan,0.170947,nan,5.333329
3178,1.505542,1.525613,65.945885,0.170922,6.229068,3.416308
3179,3.833005,3.245903,nan,0.170922,nan,8.076236
3180,2.797712,2.586021,55.928364,0.170896,7.666041,5.996708
3181,1.417458,2.564543,nan,0.170896,nan,3.215621
3182,1.677016,1.504667,60.702259,0.170871,5.690547,3.745637
3183,1.888500,1.896577,nan,0.170871,nan,4.181633
3184,2.309441,1.992593,56.847595,0.170846,6.248850,5.012548
3185,1.323930,1.190150,nan,0.170846,nan,3.010516
3186,1.246433,2.705103,61.551178,0.170821,5.649768,2.886091
3187,1.448346,2.666417,nan,0.170821,nan,3.273764
3188,1.187239,0.982499,61.219685,0.170796,6.180838,2.754901
3189,1.158913,1.374729,nan,0.170796,nan,2.701374
3190,1.845717,1.895978,53.771545,0.170770,10.603371,4.075031
3191,3.285832,2.455291,nan,0.170770,nan,6.951746
3192,2.617526,1.880878,51.788631,0.170744,8.644169,5.643870
3193,2.494276,2.798101,nan,0.170744,nan,5.373703
3194,1.661972,1.783762,54.286659,0.170719,6.105056,3.693369
3195,2.882556,3.077543,nan,0.170719,nan,6.158050
3196,1.318264,1.234517,56.894474,0.170693,6.749237,3.032883
3197,1.535073,1.425591,nan,0.170693,nan,3.437824
3198,2.291619,2.317649,52.683674,0.170668,5.762170,4.967274
3199,2.053424,2.515041,nan,0.170668,nan,4.507702
3200,2.176311,2.619846,53.153709,0.170643,6.897527,4.736878
3201,2.018186,2.338437,nan,0.170643,nan,4.442299
3202,2.689970,2.425408,53.072609,0.170617,7.034133,5.792547
3203,0.864974,0.999747,nan,0.170617,nan,2.133630
3204,2.831040,2.659853,54.384987,0.170592,6.758328,6.051703
3205,2.811891,3.241036,nan,0.170592,nan,6.045782
3206,1.724317,2.340604,50.295250,0.170567,7.794751,3.858136
3207,2.180653,1.365466,nan,0.170567,nan,4.805037
3208,2.065929,1.975216,53.017490,0.170541,8.311974,4.554599
3209,0.813806,0.855368,nan,0.170541,nan,2.053449
3210,1.722223,2.286924,51.574974,0.170516,7.601481,3.830868
3211,4.046809,3.999880,nan,0.170516,nan,8.516741
3212,1.444600,0.990026,52.346321,0.170490,7.403486,3.322073
3213,1.829847,1.871199,nan,0.170490,nan,4.084146
3214,0.994505,0.791170,54.568542,0.170465,6.793404,2.389557
3215,2.762996,2.540426,nan,0.170465,nan,5.934937
3216,1.485658,2.227859,53.602356,0.170439,6.841934,3.390064
3217,1.401915,0.958777,nan,0.170439,nan,3.246859
3218,1.862540,1.927061,52.961441,0.170413,8.296091,4.156595
3219,2.121732,1.986387,nan,0.170413,nan,4.665626
3220,1.345592,1.607853,54.873913,0.170388,7.688780,3.137742
3221,1.878438,0.796094,nan,0.170388,nan,4.229940
3222,1.902363,2.152951,51.292313,0.170362,6.808033,4.247840
3223,1.940391,2.721879,nan,0.170362,nan,4.322929
3224,1.626888,1.392440,53.774605,0.170337,6.649356,3.690421
3225,1.805309,2.641534,nan,0.170337,nan,4.086617
3226,2.693278,2.395447,53.872711,0.170312,3.672616,5.856051
3227,1.873741,2.744151,nan,0.170312,nan,4.191888
3228,2.235760,3.328128,50.018723,0.170287,9.027092,4.914795
3229,2.118937,3.211665,nan,0.170287,nan,4.672942
3230,1.811400,1.289703,55.780716,0.170261,8.342842,4.094444
3231,1.375204,1.403518,nan,0.170261,nan,3.220186
3232,3.321026,3.410352,49.219894,0.170236,6.434816,7.090663
3233,1.327355,1.869475,nan,0.170236,nan,3.077254
3234,1.991024,2.037696,48.221077,0.170211,8.998720,4.449715
3235,2.144813,1.436801,nan,0.170211,nan,4.771588
3236,1.644843,1.710482,54.645035,0.170185,6.544284,3.751224
3237,3.293998,2.538340,nan,0.170185,nan,7.082012
3238,1.183477,1.405295,52.423771,0.170159,9.934259,2.820175
3239,0.888474,0.732619,nan,0.170159,nan,2.222498
3240,0.738117,1.365864,50.102112,0.170134,7.968585,1.901211
3241,1.763876,1.180353,nan,0.170134,nan,4.008111
3242,3.050994,2.184852,48.271717,0.170108,7.584836,6.591307
3243,1.863395,1.714623,nan,0.170108,nan,4.200518
3244,2.271608,1.296443,50.563835,0.170082,7.281693,5.051097
3245,2.357461,1.335982,nan,0.170082,nan,5.202996
3246,1.932841,1.805224,50.872368,0.170056,7.127584,4.311421
3247,0.977986,2.109478,nan,0.170056,nan,2.383741
3248,0.726201,1.677561,51.822235,0.170030,8.781279,1.907594
3249,1.915690,2.173801,nan,0.170030,nan,4.291186
3250,2.079133,1.927311,53.034901,0.170004,8.112331,4.615170
3251,0.935728,1.501372,nan,0.170004,nan,2.316178
3252,1.418380,1.390746,50.677414,0.169977,10.423475,3.295655
3253,2.729401,1.285021,nan,0.169977,nan,5.975743
3254,1.631344,1.322602,57.186943,0.169951,7.382615,3.741500
3255,3.001911,1.625578,nan,0.169951,nan,6.511542
3256,2.183674,0.767702,55.586746,0.169924,7.713342,4.881887
3257,1.402349,0.768096,nan,0.169924,nan,3.296087
3258,2.167001,1.482987,51.149677,0.169897,9.485429,4.841253
3259,1.581564,1.650172,nan,0.169897,nan,3.638244
3260,1.544923,1.190694,54.866318,0.169871,5.532852,3.545540
3261,3.711015,2.944195,nan,0.169871,nan,7.925634
3262,2.657286,2.638459,52.138180,0.169845,7.318966,5.778129
3263,3.078815,2.007510,nan,0.169845,nan,6.674055
3264,1.185497,0.772737,54.273575,0.169818,10.694679,2.842058
3265,1.241903,0.996698,nan,0.169818,nan,2.975248
3266,1.578876,1.690877,53.571655,0.169792,7.037646,3.629385
3267,2.481558,1.859596,nan,0.169792,nan,5.457111
3268,1.653174,1.990507,54.034489,0.169765,6.531052,3.784374
3269,0.888192,1.811136,nan,0.169765,nan,2.239495
3270,1.467027,1.321787,56.389591,0.169739,9.074476,3.393225
3271,1.953700,3.703413,nan,0.169739,nan,4.369421
3272,1.238319,2.038200,55.028473,0.169713,7.172425,2.981590
3273,2.036951,1.874102,nan,0.169713,nan,4.547641
3274,0.791369,1.474136,53.691666,0.169687,6.273122,2.039804
3275,2.867197,2.173218,nan,0.169687,nan,6.255135
3276,2.193250,1.384099,54.958447,0.169661,7.365517,4.892562
3277,1.223489,1.137086,nan,0.169661,nan,2.926209
3278,1.698476,0.914855,55.482082,0.169635,7.789399,3.912197
3279,1.327037,0.976641,nan,0.169635,nan,3.154079
3280,2.404341,1.966470,54.720551,0.169609,7.919013,5.311394
3281,1.081402,0.944108,nan,0.169609,nan,2.652571
3282,1.525242,1.829471,54.849548,0.169584,6.598560,3.518812
3283,1.890345,1.930406,nan,0.169584,nan,4.264042
3284,0.980700,1.555353,53.055382,0.169558,5.665179,2.423220
3285,1.697353,1.479589,nan,0.169558,nan,3.879743
3286,1.737260,1.525427,55.745773,0.169533,6.880093,3.977737
3287,1.475251,1.675119,nan,0.169533,nan,3.433506
3288,0.781967,1.126711,55.389656,0.169508,8.882986,2.032413
3289,0.880256,0.858693,nan,0.169508,nan,2.238918
3290,0.892685,1.219256,54.998360,0.169482,9.874706,2.267838
3291,0.925959,0.932506,nan,0.169482,nan,2.338820
3292,0.810718,0.940773,56.409653,0.169457,5.833501,2.098532
3293,1.551374,1.606270,nan,0.169457,nan,3.577172
3294,1.646431,1.351189,51.939098,0.169432,6.453050,3.782672
3295,1.439246,1.427017,nan,0.169432,nan,3.365376
3296,1.984596,1.383485,55.686172,0.169406,7.864223,4.483119
3297,1.750688,1.862635,nan,0.169406,nan,3.992232
3298,1.541600,0.571823,53.739014,0.169382,4.791290,3.594602
3299,2.272119,2.579629,nan,0.169382,nan,5.032703
3300,0.880288,1.084247,56.584091,0.169357,10.104584,2.241136
3301,0.694553,1.279425,nan,0.169357,nan,1.859220
3302,0.978232,1.009302,53.229103,0.169332,5.490145,2.443906
3303,2.095462,2.738471,nan,0.169332,nan,4.694083
3304,2.138946,1.793215,55.245087,0.169307,7.108946,4.801836
3305,2.996229,2.857105,nan,0.169307,nan,6.503980
3306,2.545009,2.400623,56.489731,0.169282,7.655450,5.577033
3307,1.205984,1.179584,nan,0.169282,nan,2.902441
3308,0.882705,1.079977,53.918922,0.169258,6.191683,2.230579
3309,2.829256,2.389211,nan,0.169258,nan,6.155964
3310,0.589860,0.683157,53.876945,0.169233,7.921442,1.662296
3311,2.144772,2.175432,nan,0.169233,nan,4.778576
3312,0.964945,1.479923,52.859837,0.169208,7.282125,2.419909
3313,1.874763,1.220366,nan,0.169208,nan,4.264899
3314,2.041661,1.012878,54.865776,0.169184,7.584090,4.608848
3315,1.962213,1.435424,nan,0.169184,nan,4.407676
3316,3.035961,2.116308,54.214653,0.169159,6.066910,6.588636
3317,1.891776,0.986609,nan,0.169159,nan,4.298119
3318,2.198094,0.657829,52.871231,0.169135,6.518616,4.924081
3319,0.859784,2.112566,nan,0.169135,nan,2.198377
3320,1.113348,1.741335,54.439667,0.169110,8.368928,2.727750
3321,1.558089,0.859248,nan,0.169110,nan,3.631849
3322,2.450028,2.157678,53.235600,0.169086,6.758854,5.412946
3323,1.017920,1.268909,nan,0.169086,nan,2.510070
3324,1.671632,1.815142,52.983528,0.169061,9.233427,3.852519
3325,2.264396,1.903321,nan,0.169061,nan,5.004462
3326,2.592743,1.495971,51.184998,0.169037,7.923666,5.687664
3327,1.432508,2.956208,nan,0.169037,nan,3.347707
3328,1.683567,2.340862,54.801666,0.169012,7.250531,3.882513
3329,1.333495,1.443726,nan,0.169012,nan,3.130360
3330,1.648876,1.592063,51.719070,0.168987,5.347205,3.792128
3331,1.197552,1.670007,nan,0.168987,nan,2.886500
3332,3.134559,3.429737,55.984528,0.168963,6.745553,6.765942
3333,2.013073,2.065599,nan,0.168963,nan,4.512479
3334,0.815653,0.773278,54.356468,0.168939,6.479708,2.111102
3335,2.039215,1.575496,nan,0.168939,nan,4.578866
3336,1.783807,1.431288,54.596157,0.168915,7.243374,4.081779
3337,3.211353,2.636243,nan,0.168915,nan,6.916924
3338,1.188614,0.680704,54.472099,0.168891,7.856653,2.866940
3339,2.326306,2.413749,nan,0.168891,nan,5.160319
3340,2.107527,1.713218,53.668411,0.168867,7.385239,4.709006
3341,3.754804,4.182178,nan,0.168867,nan,8.003147
3342,0.957946,0.853949,52.837967,0.168842,6.973014,2.392313
3343,1.832293,1.526016,nan,0.168842,nan,4.171353
3344,2.000701,1.676838,53.966728,0.168818,7.252522,4.494033
3345,2.731368,2.917882,nan,0.168818,nan,5.945654
3346,3.452899,3.219212,54.469158,0.168794,6.853215,7.402525
3347,3.616926,2.029857,nan,0.168794,nan,7.753734
3348,2.554068,0.815909,52.529415,0.168770,7.185937,5.622379
3349,2.374345,3.066289,nan,0.168770,nan,5.230033
3350,2.852591,2.524976,55.774780,0.168746,7.689635,6.183010
3351,2.272796,4.023641,nan,0.168746,nan,5.042522
3352,1.602901,2.347381,53.970150,0.168722,7.758376,3.686018
3353,1.442739,2.506836,nan,0.168722,nan,3.351307
3354,0.954279,1.063622,54.907921,0.168697,9.282303,2.368981
3355,1.872359,1.708162,nan,0.168697,nan,4.200559
3356,2.883647,2.692678,51.825222,0.168672,8.855151,6.218151
3357,1.853990,1.643849,nan,0.168672,nan,4.178579
3358,2.250095,1.968479,50.726730,0.168647,9.255960,4.973229
3359,2.932443,2.589619,nan,0.168647,nan,6.358809
3360,0.695737,0.709128,54.659225,0.168622,7.313181,1.856462
3361,3.104832,1.558224,nan,0.168622,nan,6.721963
3362,4.208333,3.280384,46.409065,0.168597,9.569756,8.924821
3363,1.429993,2.393718,nan,0.168597,nan,3.314248
3364,1.498489,1.602276,52.736942,0.168572,4.497630,3.477907
3365,0.702622,1.599812,nan,0.168572,nan,1.859738
3366,1.723432,1.905195,50.265770,0.168547,9.042350,3.898584
3367,3.518661,5.161922,nan,0.168547,nan,7.545555
3368,2.037147,4.536185,46.764423,0.168522,8.940120,4.539773
3369,3.492280,1.191355,nan,0.168522,nan,7.494257
3370,4.337143,1.699774,49.052254,0.168497,7.662264,9.186329
3371,2.735815,3.120910,nan,0.168497,nan,5.961968
3372,2.053643,2.724215,50.682663,0.168472,7.246263,4.569744
3373,1.771983,2.701546,nan,0.168472,nan,4.002562
3374,2.076339,2.434034,49.972420,0.168448,5.941469,4.610860
3375,1.335083,1.606862,nan,0.168448,nan,3.157542
3376,1.259922,0.848371,50.052593,0.168423,7.857491,3.005510
3377,1.196701,0.957125,nan,0.168423,nan,2.875229
3378,1.642994,1.465819,51.269966,0.168399,6.712743,3.757225
3379,0.847772,0.895256,nan,0.168399,nan,2.151118
3380,2.507674,2.555218,49.064941,0.168374,8.008636,5.493077
3381,0.912523,2.457819,nan,0.168374,nan,2.279197
3382,2.175627,3.017920,47.042351,0.168350,9.996321,4.830735
3383,3.988140,4.219803,nan,0.168350,nan,8.459036
3384,1.073051,0.896520,50.041645,0.168325,7.394852,2.638739
3385,2.434540,3.348621,nan,0.168325,nan,5.334274
3386,1.384118,1.401278,50.451599,0.168300,7.854577,3.227636
3387,2.505584,3.713728,nan,0.168300,nan,5.492071
3388,1.004546,2.067729,47.865765,0.168275,9.133746,2.454708
3389,2.759202,3.106562,nan,0.168275,nan,5.976696
3390,1.879544,2.810445,44.096184,0.168250,6.945931,4.225259
3391,2.009786,1.327997,nan,0.168250,nan,4.518955
3392,2.605833,2.355375,45.197765,0.168226,6.702386,5.706423
3393,2.285010,2.300233,nan,0.168226,nan,5.018698
3394,1.680224,2.032858,46.719898,0.168201,9.000860,3.804563
3395,1.103286,1.868356,nan,0.168201,nan,2.662919
3396,1.957738,2.434871,47.090374,0.168176,8.594177,4.373230
3397,1.247787,1.622286,nan,0.168176,nan,2.934684
3398,2.598451,2.512162,42.188396,0.168151,9.179382,5.685918
3399,2.058686,2.424039,nan,0.168151,nan,4.599732
3400,3.395768,3.272043,44.550385,0.168126,7.277130,7.276607
3401,2.066063,2.105720,nan,0.168126,nan,4.623446
3402,2.272947,2.173640,46.356720,0.168101,10.015146,5.009950
3403,1.830044,1.523520,nan,0.168101,nan,4.133666
3404,2.312577,2.084511,47.047554,0.168075,10.294141,5.103153
3405,2.060385,1.661025,nan,0.168075,nan,4.591773
3406,1.990094,1.609240,44.058731,0.168049,9.189444,4.454681
3407,1.813282,3.005215,nan,0.168049,nan,4.095210
3408,1.410477,2.613368,42.051659,0.168023,7.318157,3.279445
3409,1.574338,1.433126,nan,0.168023,nan,3.608481
3410,0.880579,1.117753,46.277702,0.167998,7.951002,2.219911
3411,3.729913,2.515532,nan,0.167998,nan,7.947782
3412,2.870618,2.492538,44.801865,0.167972,8.622280,6.223350
3413,2.019237,2.206004,nan,0.167972,nan,4.496265
3414,2.640270,2.036986,44.934570,0.167947,7.574930,5.761614
3415,2.094792,1.661613,nan,0.167947,nan,4.653463
3416,2.247914,2.249465,45.572083,0.167922,8.176084,4.951916
3417,2.567179,1.749070,nan,0.167922,nan,5.615575
3418,1.392174,0.995184,47.343941,0.167896,10.087249,3.243707
3419,2.706335,2.766097,nan,0.167896,nan,5.871727
3420,1.248500,0.987465,45.968624,0.167870,9.016001,2.931751
3421,2.555891,2.572990,nan,0.167870,nan,5.575217
3422,1.793999,1.703299,44.870346,0.167844,9.999439,4.045542
3423,1.335747,1.646439,nan,0.167844,nan,3.128652
3424,1.531806,0.711431,43.575600,0.167818,9.767298,3.545695
3425,2.174327,2.166417,nan,0.167818,nan,4.808179
3426,1.817863,1.659707,42.561302,0.167791,8.373320,4.097120
3427,1.357702,1.497393,nan,0.167791,nan,3.161424
3428,1.711902,1.427066,45.433937,0.167766,6.939334,3.876460
3429,1.945612,2.060240,nan,0.167766,nan,4.362661
3430,1.668339,1.656441,44.724884,0.167740,8.543509,3.789773
3431,2.880602,2.813899,nan,0.167740,nan,6.263311
3432,2.707382,3.761545,41.428940,0.167714,6.889025,5.906263
3433,3.440592,1.846087,nan,0.167714,nan,7.363688
3434,3.202814,2.682958,44.589226,0.167689,7.030097,6.890852
3435,2.450201,2.034871,nan,0.167689,nan,5.382346
3436,2.606112,1.704938,43.186325,0.167664,9.515425,5.697081
3437,1.263256,2.414874,nan,0.167664,nan,3.000666
3438,2.886812,3.316050,40.060471,0.167639,7.604620,6.237813
3439,1.748382,1.474543,nan,0.167639,nan,3.947485
3440,1.885543,1.769009,43.279137,0.167614,8.448622,4.210489
3441,1.672785,1.288952,nan,0.167614,nan,3.799921
3442,1.584915,1.256357,44.069530,0.167589,8.730573,3.633066
3443,2.210020,1.546382,nan,0.167589,nan,4.900830
3444,1.687330,1.780735,43.843456,0.167564,8.162792,3.830517
3445,2.692177,2.177090,nan,0.167564,nan,5.871356
3446,1.235666,0.956374,46.114029,0.167538,10.075424,2.958360
3447,2.213697,2.459810,nan,0.167538,nan,4.907234
3448,1.343324,1.273865,42.607128,0.167512,9.540089,3.160412
3449,2.763618,2.497941,nan,0.167512,nan,6.010539
3450,3.228645,2.425504,39.757767,0.167487,8.075550,6.974771
3451,1.287890,1.755310,nan,0.167487,nan,3.053910
3452,3.183896,2.440677,38.891575,0.167461,8.707936,6.856758
3453,2.180673,3.214796,nan,0.167461,nan,4.861971
3454,1.906190,1.550122,47.788322,0.167436,8.182982,4.325054
3455,1.463535,1.928909,nan,0.167436,nan,3.387335
3456,1.868915,1.830500,40.869423,0.167411,8.045731,4.209793
3457,1.823426,1.577140,nan,0.167411,nan,4.144636
3458,1.928207,2.216216,41.895035,0.167386,7.365645,4.327958
3459,1.514017,1.683536,nan,0.167386,nan,3.506402
3460,1.066858,1.000109,42.303833,0.167360,9.082121,2.611913
3461,1.934194,1.796946,nan,0.167360,nan,4.316546
3462,1.302759,1.382530,41.043854,0.167335,7.650600,3.096547
3463,1.298382,1.125018,nan,0.167335,nan,3.038900
3464,1.300093,0.983687,42.450233,0.167310,8.719146,3.118498
3465,1.642214,1.667567,nan,0.167310,nan,3.785301
3466,1.973668,1.560152,43.218536,0.167285,9.754034,4.431919
3467,1.916056,1.997413,nan,0.167285,nan,4.348670
3468,1.577970,1.263820,42.594837,0.167260,8.334645,3.639005
3469,2.282668,2.260509,nan,0.167260,nan,5.035172
3470,1.849879,1.763315,40.219959,0.167235,7.009413,4.155382
3471,3.032577,2.714012,nan,0.167235,nan,6.549155
3472,1.709608,1.194882,40.208725,0.167210,7.303790,3.921782
3473,1.627913,1.867931,nan,0.167210,nan,3.726885
3474,2.599911,2.835428,39.071972,0.167186,7.706828,5.688590
3475,1.993139,2.218355,nan,0.167186,nan,4.470442
3476,1.138564,1.564550,44.840137,0.167161,9.334396,2.745504
3477,3.403294,2.086532,nan,0.167161,nan,7.342179
3478,1.672865,1.110870,42.874783,0.167136,9.239873,3.849354
3479,1.752371,1.393180,nan,0.167136,nan,3.991823
3480,2.274644,2.136311,43.252155,0.167111,8.237611,5.053098
3481,1.496329,1.791945,nan,0.167111,nan,3.496709
3482,1.711460,1.698729,44.440559,0.167086,7.166540,3.898730
3483,2.870078,2.842213,nan,0.167086,nan,6.283120
3484,2.366274,2.853048,40.577705,0.167062,6.382240,5.253111
3485,1.797528,2.600922,nan,0.167062,nan,4.096570
3486,2.163682,2.740316,37.334511,0.167038,8.619577,4.818975
3487,1.396064,1.227011,nan,0.167038,nan,3.292205
3488,1.186763,1.276749,39.217846,0.167013,8.685512,2.865142
3489,2.097442,2.901553,nan,0.167013,nan,4.729031
3490,2.502182,3.479258,36.823910,0.166989,6.124887,5.490376
3491,3.043268,2.084092,nan,0.166989,nan,6.602133
3492,2.724518,1.929933,37.471684,0.166965,10.459187,5.958268
3493,2.178031,2.709666,nan,0.166965,nan,4.845583
3494,2.079591,2.076181,41.021343,0.166940,10.867354,4.662723
3495,2.262717,2.133245,nan,0.166940,nan,5.039756
3496,1.533620,1.752381,41.482361,0.166916,8.213959,3.561633
3497,2.462769,3.059758,nan,0.166916,nan,5.445682
3498,1.744244,1.558968,41.344574,0.166891,8.417833,3.966893
3499,2.478449,2.567507,nan,0.166891,nan,5.463718
3500,1.598835,1.727576,41.059811,0.166866,9.472317,3.710436
3501,2.130724,2.159370,nan,0.166866,nan,4.793486
3502,2.420292,2.406976,39.677879,0.166842,4.933732,5.350917
3503,2.207323,2.133822,nan,0.166842,nan,4.920551
3504,1.107500,2.180098,39.619667,0.166817,10.166603,2.673962
3505,2.021683,1.809794,nan,0.166817,nan,4.567472
3506,2.203373,1.896910,37.690140,0.166793,5.501906,4.929688
3507,2.483582,1.460285,nan,0.166793,nan,5.489574
3508,2.717017,2.511151,38.936684,0.166769,6.406569,5.959628
3509,1.258762,2.300598,nan,0.166769,nan,3.014119
3510,1.463362,1.816508,38.232586,0.166746,9.093273,3.396286
3511,4.083121,3.408987,nan,0.166746,nan,8.699875
3512,2.545182,2.772667,38.082485,0.166722,9.414013,5.627765
3513,2.526177,2.294093,nan,0.166722,nan,5.566284
3514,3.184452,3.036612,42.090405,0.166697,8.376278,6.909216
3515,1.656258,1.583874,nan,0.166697,nan,3.825053
3516,2.189716,1.739504,39.373444,0.166673,10.085440,4.902322
3517,2.165335,1.403944,nan,0.166673,nan,4.876256
3518,2.370594,3.398833,35.806908,0.166649,5.535993,5.268620
3519,1.365530,1.893326,nan,0.166649,nan,3.210690
3520,2.210518,1.699144,42.696739,0.166625,6.964093,4.936090
3521,1.224232,2.061553,nan,0.166625,nan,2.936267
3522,1.759539,1.337141,43.551880,0.166602,6.631990,4.041306
3523,3.013606,1.843003,nan,0.166602,nan,6.549880
3524,1.113828,1.565504,38.140099,0.166579,8.926693,2.706094
3525,0.913064,0.942882,nan,0.166579,nan,2.288664
3526,1.266026,1.504418,39.121895,0.166555,8.033913,3.013387
3527,1.854207,2.271820,nan,0.166555,nan,4.194546
3528,1.414545,1.595765,39.477192,0.166532,6.877373,3.312812
3529,1.845405,1.819360,nan,0.166532,nan,4.165009
3530,1.351723,1.428207,39.362587,0.166508,9.349228,3.154764
3531,1.315019,1.077280,nan,0.166508,nan,3.115447
3532,1.554280,1.849129,40.966370,0.166484,7.079956,3.603895
3533,2.802629,2.598045,nan,0.166484,nan,6.113543
3534,2.235138,1.290363,35.898792,0.166461,8.612652,5.007666
3535,2.703464,1.827776,nan,0.166461,nan,5.948814
3536,1.999963,1.121547,32.700729,0.166438,6.115331,4.540355
3537,1.810055,2.572524,nan,0.166438,nan,4.119891
3538,1.014127,2.192775,35.183975,0.166414,9.405983,2.490427
3539,2.499978,1.410085,nan,0.166414,nan,5.519268
3540,1.887035,2.521818,38.016697,0.166391,6.826240,4.300620
3541,2.421611,2.158360,nan,0.166391,nan,5.358491
3542,1.586977,1.436165,39.643494,0.166367,9.969891,3.700264
3543,1.945391,1.557745,nan,0.166367,nan,4.404935
3544,2.865858,2.138076,37.455521,0.166343,9.618647,6.279632
3545,1.466638,2.394237,nan,0.166343,nan,3.451243
3546,2.264310,2.249671,38.258488,0.166319,7.899896,5.050837
3547,1.871702,2.477491,nan,0.166319,nan,4.252852
3548,2.332908,2.272466,36.009254,0.166295,9.308976,5.172073
3549,2.023963,3.092875,nan,0.166295,nan,4.559619
3550,1.745201,2.878614,35.559319,0.166271,7.739835,4.020322
3551,2.861709,2.733373,nan,0.166271,nan,6.225360
3552,1.903653,2.301207,36.935753,0.166248,7.708426,4.309576
3553,2.517270,2.351537,nan,0.166248,nan,5.577828
3554,1.826913,1.589125,38.136616,0.166224,6.629382,4.172661
3555,1.368378,1.405420,nan,0.166224,nan,3.261200
3556,1.873200,2.105357,35.089424,0.166200,10.196369,4.236694
3557,1.499963,1.713034,nan,0.166200,nan,3.525475
3558,2.194246,2.542520,35.325844,0.166176,7.669581,4.924988
3559,2.514677,2.146324,nan,0.166176,nan,5.506499
3560,1.997527,1.996728,37.131447,0.166153,7.113765,4.477962
3561,1.605642,1.313368,nan,0.166153,nan,3.734768
3562,1.603597,1.616984,37.081882,0.166129,8.006514,3.728553
3563,1.731542,1.360408,nan,0.166129,nan,3.969282
3564,1.796967,1.715982,39.047245,0.166105,9.855221,4.095629
3565,1.315083,1.577141,nan,0.166105,nan,3.127434
3566,1.711160,1.776215,35.444710,0.166081,8.621208,3.941375
3567,1.897041,2.010259,nan,0.166081,nan,4.268492
3568,3.106871,2.393257,36.579437,0.166058,7.532954,6.741903
3569,2.564235,2.767788,nan,0.166058,nan,5.632016
3570,2.090589,1.631090,37.400742,0.166034,8.211769,4.697218
3571,2.339818,1.965260,nan,0.166034,nan,5.179248
3572,1.255774,1.323073,37.045013,0.166010,9.794950,2.999818
3573,1.713680,1.898115,nan,0.166010,nan,3.956944
3574,1.688582,2.241067,37.197662,0.165986,7.169765,3.898233
3575,2.053098,2.032876,nan,0.165986,nan,4.626236
3576,2.036878,2.670444,36.802330,0.165962,11.262697,4.556348
3577,2.621363,2.134975,nan,0.165962,nan,5.769198
3578,1.788686,1.342259,37.061111,0.165938,7.452623,4.079322
3579,1.389936,1.296049,nan,0.165938,nan,3.271788
3580,1.888956,1.480492,36.648323,0.165914,9.590160,4.302038
3581,2.374107,2.947269,nan,0.165914,nan,5.244611
3582,1.724406,2.678921,37.754456,0.165890,6.190621,3.955204
3583,1.568384,1.392141,nan,0.165890,nan,3.644549
3584,2.087229,1.972788,36.185459,0.165866,8.571074,4.638714
3585,1.306099,1.105032,nan,0.165866,nan,3.076146
3586,1.854751,1.277782,39.702209,0.165842,9.596209,4.213018
3587,1.657344,1.359947,nan,0.165842,nan,3.801543
3588,2.388479,2.307211,36.242733,0.165818,7.828155,5.243715
3589,1.474004,1.528682,nan,0.165818,nan,3.446513
3590,2.505962,2.668778,33.813477,0.165794,8.431575,5.529029
3591,1.853399,1.560142,nan,0.165794,nan,4.216331
3592,2.363954,1.089674,38.817223,0.165770,8.637733,5.204859
3593,1.115165,1.392162,nan,0.165770,nan,2.742917
3594,2.188522,1.731802,36.668526,0.165746,9.316488,4.871128
3595,2.369915,2.238423,nan,0.165746,nan,5.214511
3596,1.943746,2.907511,38.952251,0.165722,10.187400,4.373240
3597,1.701924,1.640405,nan,0.165722,nan,3.904182
3598,2.435611,2.400270,34.756042,0.165698,9.366111,5.390564
3599,3.163318,2.554470,nan,0.165698,nan,6.835877
3600,2.521035,2.466422,35.852936,0.165673,11.518608,5.523658
3601,1.926804,2.802439,nan,0.165673,nan,4.345348
3602,1.796765,2.434483,40.676033,0.165648,9.806885,4.079150
3603,1.555600,1.461771,nan,0.165648,nan,3.592036
3604,1.924584,1.806368,38.647060,0.165623,9.468267,4.332549
3605,1.477037,1.566538,nan,0.165623,nan,3.437585
3606,1.829642,1.931070,35.953773,0.165598,8.936104,4.148717
3607,1.412002,1.986837,nan,0.165598,nan,3.277725
3608,1.724557,2.244677,38.201210,0.165573,9.956111,3.919213
3609,2.719860,1.679383,nan,0.165573,nan,5.954488
3610,1.496175,1.322420,38.002232,0.165547,10.846454,3.470791
3611,1.440437,1.417384,nan,0.165547,nan,3.371474
3612,1.818595,1.710764,39.028732,0.165521,11.427591,4.135971
3613,2.642527,2.093925,nan,0.165521,nan,5.761548
3614,1.710603,1.499125,40.333729,0.165496,8.320209,3.910364
3615,2.727318,2.804221,nan,0.165496,nan,5.961029
3616,2.363746,1.632630,40.605743,0.165471,7.159184,5.220587
3617,2.984354,2.602763,nan,0.165471,nan,6.446702
3618,2.844395,3.267215,40.021225,0.165445,11.922112,6.194627
3619,1.512314,1.787099,nan,0.165445,nan,3.511364
3620,1.444648,1.655427,39.704456,0.165420,9.621291,3.350510
3621,1.525114,1.692788,nan,0.165420,nan,3.545382
3622,1.598538,1.598929,41.222015,0.165395,7.960388,3.667947
3623,1.090786,0.914516,nan,0.165395,nan,2.648586
3624,2.002089,2.304955,38.106499,0.165369,9.257689,4.462780
3625,1.153126,1.309431,nan,0.165369,nan,2.782197
3626,1.246918,1.369403,39.964539,0.165345,6.892549,2.962341
3627,1.990467,1.611590,nan,0.165345,nan,4.443046
3628,2.137621,2.155784,37.333839,0.165320,8.248901,4.761227
3629,2.283889,1.635163,nan,0.165320,nan,5.051606
3630,2.177013,1.983201,41.387421,0.165296,7.639819,4.828192
3631,1.690528,2.357805,nan,0.165296,nan,3.851351
3632,1.374736,1.696460,41.823395,0.165271,10.176329,3.194443
3633,1.522595,1.143905,nan,0.165271,nan,3.509185
3634,2.014360,1.739743,40.679264,0.165247,8.239039,4.480969
3635,1.458552,1.391862,nan,0.165247,nan,3.359151
3636,0.925668,1.102271,40.238853,0.165222,11.902269,2.273734
3637,1.799433,1.652406,nan,0.165222,nan,4.061527
3638,1.264645,0.933296,41.344254,0.165197,10.779490,2.991598
3639,1.825892,1.920335,nan,0.165197,nan,4.111004
3640,1.720961,1.905282,42.339970,0.165172,8.973331,3.854550
3641,2.482365,1.949062,nan,0.165172,nan,5.429594
3642,1.766064,2.509374,41.331905,0.165148,7.834621,3.980455
3643,2.218695,2.264237,nan,0.165148,nan,4.883811
3644,1.681675,2.319267,41.102863,0.165123,8.930091,3.815442
3645,1.775962,1.228133,nan,0.165123,nan,4.006578
3646,1.861625,2.294962,43.430614,0.165098,10.034430,4.172731
3647,2.198400,3.112018,nan,0.165098,nan,4.851571
3648,1.579817,1.684975,47.151779,0.165073,9.433760,3.619241
3649,2.786069,2.441333,nan,0.165073,nan,6.047503
3650,2.755530,1.398473,42.811787,0.165049,8.475623,5.984345
3651,1.379710,2.454247,nan,0.165049,nan,3.177530
3652,1.902056,2.841046,40.183594,0.165024,8.719328,4.239232
3653,2.673955,2.012105,nan,0.165024,nan,5.805360
3654,2.036030,2.175019,47.036339,0.165000,10.244697,4.534514
3655,2.281825,1.510049,nan,0.165000,nan,5.033069
3656,2.381790,2.883162,49.571182,0.164975,9.308328,5.211715
3657,1.449535,1.345008,nan,0.164975,nan,3.344319
3658,1.521699,1.424423,45.760384,0.164951,7.478026,3.486798
3659,1.978037,2.176105,nan,0.164951,nan,4.414813
3660,1.977983,1.652043,46.595921,0.164926,9.916331,4.401921
3661,2.053105,3.488264,nan,0.164926,nan,4.557907
3662,2.183371,2.895210,45.282295,0.164902,8.464695,4.781829
3663,2.583144,2.147556,nan,0.164902,nan,5.615496
3664,1.561663,1.876937,47.199852,0.164877,8.927592,3.551938
3665,1.235440,1.899581,nan,0.164877,nan,2.905400
3666,1.472167,2.113223,47.361176,0.164853,8.086504,3.322498
3667,4.635292,2.916232,nan,0.164853,nan,9.722481
3668,2.244706,1.327302,46.790710,0.164829,9.453406,4.934036
3669,2.109911,3.085518,nan,0.164829,nan,4.636344
3670,1.088490,1.629734,49.006027,0.164805,7.911031,2.562880
3671,3.046021,2.924109,nan,0.164805,nan,6.526423
3672,2.502109,2.938669,49.228615,0.164781,8.746511,5.433544
3673,1.921765,2.145726,nan,0.164781,nan,4.266296
3674,2.069061,2.852690,48.276829,0.164757,10.164028,4.530581
3675,2.370052,1.329249,nan,0.164757,nan,5.175851
3676,3.716720,4.057259,45.345890,0.164733,10.332233,7.864594
3677,2.969281,2.768199,nan,0.164733,nan,6.370711
3678,2.190056,2.454733,49.947166,0.164708,10.484942,4.772613
3679,2.553881,2.770787,nan,0.164708,nan,5.538321
3680,2.241984,2.283534,50.444046,0.164683,12.158834,4.904456
3681,2.996916,2.900947,nan,0.164683,nan,6.430051
3682,1.759245,1.278740,48.485764,0.164659,8.907315,3.932598
3683,3.410486,2.988977,nan,0.164659,nan,7.231812
3684,2.599244,2.066240,51.183830,0.164634,7.125051,5.625045
3685,1.488238,1.613879,nan,0.164634,nan,3.373462
3686,2.473774,2.467699,47.912872,0.164610,8.973908,5.367349
3687,2.668593,2.214169,nan,0.164610,nan,5.760826
3688,1.905146,2.326204,51.941383,0.164586,9.128220,4.228208
3689,2.791440,2.710259,nan,0.164586,nan,6.001847
3690,1.404341,1.526117,50.835701,0.164561,10.148127,3.204457
3691,1.484075,1.627128,nan,0.164561,nan,3.356927
3692,1.436471,1.764774,51.148754,0.164537,8.874336,3.227362
3693,1.857753,1.425115,nan,0.164537,nan,4.109353
3694,2.180756,2.206469,52.066898,0.164513,7.722416,4.767136
3695,1.152993,1.910308,nan,0.164513,nan,2.666151
3696,1.876567,1.460332,51.498051,0.164489,8.250090,4.168499
3697,1.519947,1.511785,nan,0.164489,nan,3.400408
3698,1.810233,1.551898,52.943966,0.164465,7.654748,4.010233
3699,1.621997,1.738985,nan,0.164465,nan,3.579432
3700,2.198607,2.279371,50.241394,0.164442,8.219427,4.800777
3701,1.621886,1.507393,nan,0.164442,nan,3.592991
3702,1.991445,1.660740,53.006901,0.164418,11.282934,4.382023
3703,2.594378,2.384956,nan,0.164418,nan,5.587269
3704,2.263048,2.283887,52.937695,0.164394,9.410707,4.893398
3705,1.733185,1.566541,nan,0.164394,nan,3.850973
3706,2.335932,2.224402,47.281067,0.164370,8.512226,5.081578
3707,2.833262,2.284095,nan,0.164370,nan,6.043958
3708,2.304063,2.220281,52.941704,0.164347,7.564463,4.998871
3709,1.380695,2.283293,nan,0.164347,nan,3.108350
3710,1.184658,1.575011,53.460896,0.164323,11.899761,2.732420
3711,2.997332,2.333247,nan,0.164323,nan,6.419898
3712,1.596300,1.502406,58.828064,0.164299,7.771601,3.588425
3713,2.583194,3.244994,nan,0.164299,nan,5.568058
3714,2.545291,3.629266,60.832218,0.164275,9.159608,5.493890
3715,2.010951,2.312957,nan,0.164275,nan,4.405244
3716,1.763739,1.700074,52.519295,0.164251,11.092385,3.888708
3717,1.352645,2.061087,nan,0.164251,nan,3.088675
3718,2.074597,2.180818,59.110611,0.164228,7.444924,4.538300
3719,1.402461,1.237003,nan,0.164228,nan,3.132175
3720,2.939582,2.488240,55.380592,0.164204,9.056643,6.259408
3721,3.180305,2.352139,nan,0.164204,nan,6.764767
3722,2.400558,1.436651,55.802803,0.164180,7.333228,5.190825
3723,2.650830,3.067754,nan,0.164180,nan,5.705459
3724,2.415024,2.528711,59.061825,0.164157,10.006653,5.238186
3725,2.539531,1.977267,nan,0.164157,nan,5.418941
3726,1.419247,1.144071,62.114449,0.164133,9.789486,3.207469
3727,1.324068,2.564106,nan,0.164133,nan,3.005272
3728,2.003464,2.804948,59.635788,0.164110,7.588513,4.361469
3729,1.220586,1.361268,nan,0.164110,nan,2.809000
3730,3.274809,2.363426,55.484879,0.164086,9.157925,6.920712
3731,1.635206,1.918286,nan,0.164086,nan,3.652876
3732,1.645681,1.828641,60.818390,0.164063,8.011734,3.659436
3733,1.972232,2.141250,nan,0.164063,nan,4.312280
3734,3.847785,2.758427,56.611782,0.164040,9.464973,8.083602
3735,1.970224,1.848145,nan,0.164040,nan,4.322330
3736,1.840455,2.204520,60.679665,0.164016,10.211302,4.023884
3737,2.116680,2.381471,nan,0.164016,nan,4.507668
3738,1.548378,1.965337,62.766647,0.163993,6.609559,3.429679
3739,2.928633,3.297009,nan,0.163993,nan,6.222160
3740,1.355717,1.550722,66.180542,0.163970,9.284703,3.020462
3741,1.999429,1.836850,nan,0.163970,nan,4.385036
3742,1.493308,1.513943,57.278496,0.163947,7.766139,3.338139
3743,2.318763,2.038403,nan,0.163947,nan,5.007940
3744,1.994643,1.236498,54.075264,0.163924,10.450429,4.347508
3745,2.161535,1.904598,nan,0.163924,nan,4.725365
3746,2.335451,2.255918,61.636208,0.163900,10.446458,5.050627
3747,1.680716,3.299878,nan,0.163900,nan,3.696939
3748,1.699585,1.845840,57.879868,0.163877,7.906224,3.731270
3749,2.513036,4.286650,nan,0.163877,nan,5.417566
3750,1.952371,3.820068,54.418846,0.163853,9.721069,4.288652
3751,3.226063,1.770058,nan,0.163853,nan,6.822173
3752,3.242106,1.891753,54.369068,0.163830,8.168771,6.863494
3753,1.379230,2.072807,nan,0.163830,nan,3.129560
3754,2.865185,2.327685,64.914291,0.163806,11.897215,6.102627
3755,1.968156,2.183153,nan,0.163806,nan,4.293765
3756,1.663548,1.416808,63.361687,0.163783,10.629091,3.713438
3757,2.834736,2.160544,nan,0.163783,nan,6.067047
3758,3.014907,1.814596,64.129410,0.163759,9.944548,6.414393
3759,2.205356,3.604935,nan,0.163759,nan,4.787357
3760,1.915935,1.966036,63.573421,0.163735,9.373116,4.199858
3761,1.796118,1.947493,nan,0.163735,nan,3.953250
3762,2.646755,2.894352,62.754974,0.163711,8.937178,5.682439
3763,2.982342,3.066242,nan,0.163711,nan,6.304595
3764,2.697432,2.182496,68.176880,0.163687,8.954859,5.783313
3765,2.589473,2.542541,nan,0.163687,nan,5.561543
3766,2.456880,1.391874,62.203445,0.163663,10.659524,5.319815
3767,1.956316,2.309133,nan,0.163663,nan,4.284410
3768,2.065629,2.379560,64.701805,0.163639,9.216569,4.488342
3769,2.275771,3.630646,nan,0.163639,nan,4.901081
3770,1.422071,1.982961,63.594841,0.163615,10.156565,3.184989
3771,1.705532,1.348203,nan,0.163615,nan,3.796804
3772,1.276220,1.267637,68.517487,0.163591,8.392827,2.899446
3773,1.908412,2.847107,nan,0.163591,nan,4.190732
3774,1.826653,2.404689,69.041199,0.163568,7.849680,4.002001
3775,0.944684,0.947231,nan,0.163568,nan,2.170239
3776,1.427123,2.446105,76.013390,0.163544,11.703924,3.195970
3777,3.855794,2.183487,nan,0.163544,nan,8.115454
3778,2.435587,1.411850,73.252609,0.163520,9.610035,5.243869
3779,2.110759,2.058199,nan,0.163520,nan,4.552657
3780,2.244666,2.239263,65.329262,0.163496,7.426366,4.880767
3781,1.821012,2.656136,nan,0.163496,nan,3.972870
3782,1.615834,1.813291,71.258133,0.163473,10.939537,3.593430
3783,1.165152,1.284617,nan,0.163473,nan,2.680268
3784,2.075465,2.099176,69.559464,0.163449,8.873850,4.484842
3785,1.101290,1.373605,nan,0.163449,nan,2.542554
3786,1.669754,2.102450,62.049492,0.163425,10.791024,3.702851
3787,0.887314,2.591274,nan,0.163425,nan,2.099916
3788,1.926494,3.025076,67.823837,0.163401,8.875147,4.212589
3789,1.269596,1.530818,nan,0.163401,nan,2.853650
3790,1.362571,1.637229,83.850601,0.163377,9.732769,3.041707
3791,2.319156,3.755348,nan,0.163377,nan,5.017308
3792,1.321621,1.189582,69.128372,0.163354,9.261045,3.004919
3793,2.064408,2.148675,nan,0.163354,nan,4.493669
3794,3.793638,2.366080,69.283524,0.163330,12.148754,7.976872
3795,2.469952,2.420222,nan,0.163330,nan,5.321162
3796,2.077174,2.422619,73.801102,0.163306,8.901923,4.521257
3797,1.709198,1.889540,nan,0.163306,nan,3.742528
3798,1.944619,3.403109,72.620102,0.163282,10.033875,4.289157
3799,1.380324,2.121470,nan,0.163282,nan,3.141787
3800,1.522763,3.195519,71.289253,0.163257,10.499720,3.405825
3801,2.838017,2.595578,nan,0.163257,nan,6.043522
3802,2.545479,2.602226,73.707474,0.163233,9.983629,5.468861
3803,2.741344,2.169800,nan,0.163233,nan,5.896316
3804,3.707096,1.893317,75.991196,0.163209,11.664642,7.830786
3805,1.709515,1.945902,nan,0.163209,nan,3.778941
3806,2.360371,2.238930,77.991119,0.163184,9.288536,5.108226
3807,1.228955,2.745980,nan,0.163184,nan,2.772130
3808,3.062529,3.841897,69.541718,0.163160,9.269418,6.519950
3809,2.352236,1.437150,nan,0.163160,nan,5.090774
3810,3.137689,2.547052,72.393394,0.163136,9.013480,6.653674
3811,2.057517,1.865942,nan,0.163136,nan,4.513451
3812,2.620713,1.837745,72.396225,0.163112,9.417711,5.647942
3813,2.444055,2.372961,nan,0.163112,nan,5.281554
3814,2.720931,1.317235,73.942856,0.163088,10.012522,5.843170
3815,1.449110,2.824875,nan,0.163088,nan,3.255576
3816,2.240920,2.861855,68.922119,0.163064,10.806229,4.896837
3817,1.770708,1.985749,nan,0.163064,nan,3.946176
3818,1.971969,2.346420,71.591492,0.163040,10.893267,4.296757
3819,3.089197,3.101067,nan,0.163040,nan,6.561283
3820,1.028959,1.786079,70.012383,0.163016,9.617729,2.412933
3821,2.914433,4.239146,nan,0.163016,nan,6.229430
3822,2.715577,4.290802,64.251862,0.162991,10.629932,5.808360
3823,3.723907,2.367661,nan,0.162991,nan,7.846417
3824,3.127763,1.866666,75.336098,0.162967,8.713277,6.640370
3825,2.329175,1.629196,nan,0.162967,nan,5.054226
3826,3.787989,2.289612,74.152374,0.162943,9.136894,7.985661
3827,1.301359,1.590784,nan,0.162943,nan,2.957403
3828,1.951769,2.310147,73.732407,0.162920,9.199855,4.294357
3829,2.100961,2.357568,nan,0.162920,nan,4.558008
3830,1.838748,2.750301,72.125923,0.162896,10.168285,4.079954
3831,1.120214,1.410123,nan,0.162896,nan,2.603172
3832,2.037210,2.369572,71.285576,0.162872,9.620893,4.410342
3833,2.016418,1.349107,nan,0.162872,nan,4.403387
3834,2.538291,1.741535,68.967171,0.162848,10.329365,5.452297
3835,2.132188,2.050082,nan,0.162848,nan,4.635673
3836,1.135074,1.149809,81.459244,0.162824,9.083905,2.613289
3837,1.744762,1.378134,nan,0.162824,nan,3.866625
3838,1.008059,1.481627,73.209030,0.162800,12.086890,2.350128
3839,1.193404,2.092842,nan,0.162800,nan,2.735523
3840,0.961987,2.556463,72.509209,0.162776,11.189234,2.226815
3841,2.240214,2.194132,nan,0.162776,nan,4.854558
3842,1.475789,1.147967,68.911293,0.162751,10.422153,3.323683
3843,2.118066,1.852266,nan,0.162751,nan,4.618521
3844,1.134424,1.591332,74.585556,0.162727,9.436659,2.611814
3845,1.312252,3.521024,nan,0.162727,nan,2.960467
3846,1.124115,4.116868,72.637726,0.162703,11.069393,2.600104
3847,4.302912,2.337858,nan,0.162703,nan,9.011266
3848,3.399839,1.784391,78.691078,0.162678,10.943300,7.211078
3849,2.562538,2.911513,nan,0.162678,nan,5.467359
3850,2.600844,1.745061,73.183418,0.162654,11.772715,5.621964
3851,1.034126,1.179984,nan,0.162654,nan,2.370914
3852,1.870346,1.730565,72.827087,0.162629,10.425340,4.081897
3853,1.586437,1.300246,nan,0.162629,nan,3.513603
3854,1.718062,1.299743,74.376678,0.162605,10.262392,3.800298
3855,1.146645,1.381559,nan,0.162605,nan,2.594603
3856,1.285083,1.129909,80.176743,0.162580,10.509938,2.926410
3857,2.288883,1.437949,nan,0.162580,nan,4.976428
3858,1.547474,2.067256,76.106888,0.162555,10.854971,3.438923
3859,0.841880,1.465163,nan,0.162555,nan,2.036279
3860,0.915125,0.937973,71.596466,0.162531,9.160662,2.158849
3861,2.885899,3.338032,nan,0.162531,nan,6.117800
3862,2.423704,2.721680,71.318893,0.162506,9.979616,5.196642
3863,0.950401,1.203891,nan,0.162506,nan,2.186051
3864,1.580523,1.726584,76.667557,0.162482,12.272657,3.431937
3865,0.969804,1.134910,nan,0.162482,nan,2.257946
3866,0.803987,1.232150,79.835297,0.162457,12.119808,1.920320
3867,2.235583,1.133824,nan,0.162457,nan,4.880515
3868,1.001025,1.039090,74.678802,0.162432,11.629250,2.307019
3869,2.230100,1.039055,nan,0.162432,nan,4.857522
3870,1.234845,3.000036,83.998024,0.162407,11.809520,2.829187
3871,0.854846,0.777695,nan,0.162407,nan,2.029873
3872,2.268111,1.652961,73.463814,0.162382,11.071413,4.925222
3873,0.828945,1.016476,nan,0.162382,nan,1.978536
3874,1.248465,1.232742,72.994507,0.162356,11.033124,2.830799
3875,1.742886,1.721513,nan,0.162356,nan,3.806066
3876,1.644324,1.975920,74.298889,0.162331,11.448208,3.549878
3877,0.934277,0.901400,nan,0.162331,nan,2.188580
3878,2.642642,3.169926,70.553223,0.162306,8.847496,5.616769
3879,0.811297,0.842181,nan,0.162306,nan,1.967972
3880,1.314984,0.981734,77.916016,0.162282,10.725739,3.000687
3881,1.027081,0.822446,nan,0.162282,nan,2.413365
3882,1.565592,1.954014,76.418991,0.162257,11.458996,3.462071
3883,3.115956,3.540412,nan,0.162257,nan,6.643486
3884,2.172133,1.617418,72.635773,0.162232,11.764503,4.698949
3885,1.694153,2.976903,nan,0.162232,nan,3.731815
3886,1.883667,1.849862,82.969391,0.162207,10.889146,4.140978
3887,0.932920,2.535501,nan,0.162207,nan,2.202702
3888,1.394053,1.825759,84.497101,0.162182,9.201043,3.197021
3889,1.259538,3.239917,nan,0.162182,nan,2.882453
3890,2.353765,2.565319,78.685913,0.162157,9.808538,5.117743
3891,3.643834,1.426340,nan,0.162157,nan,7.699831
3892,2.648282,2.339369,81.581085,0.162133,9.201790,5.693393
3893,2.228659,2.225158,nan,0.162133,nan,4.832984
3894,2.304909,2.387601,76.402267,0.162109,10.784824,4.988194
3895,2.373173,2.361614,nan,0.162109,nan,5.166245
3896,3.266140,2.503675,78.385086,0.162084,9.416055,6.963037
3897,2.883867,2.892329,nan,0.162084,nan,6.142782
3898,1.237874,1.522120,80.865028,0.162060,10.383018,2.830427
3899,3.742823,2.844736,nan,0.162060,nan,7.914516
3900,2.785641,1.635265,84.467453,0.162036,11.379802,5.992563
3901,0.913480,1.638638,nan,0.162036,nan,2.188912
3902,2.846801,2.963531,71.296326,0.162012,11.417461,6.065440
3903,1.819848,2.391937,nan,0.162012,nan,4.017938
3904,0.910490,1.613924,84.338593,0.161988,7.607772,2.162257
3905,2.935493,2.263278,nan,0.161988,nan,6.278713
3906,1.240937,1.410860,79.405304,0.161964,9.515597,2.895231
3907,2.453264,3.866858,nan,0.161964,nan,5.284832
3908,2.166198,3.355838,72.701363,0.161940,10.707626,4.723785
3909,4.959395,5.883698,nan,0.161940,nan,10.319192
3910,1.686920,2.002277,78.083153,0.161916,10.935316,3.767782
3911,2.474103,1.621002,nan,0.161916,nan,5.367260
3912,2.457544,2.230192,79.219635,0.161892,9.585112,5.331600
3913,1.641677,2.625559,nan,0.161892,nan,3.650678
3914,2.455403,2.840313,77.970322,0.161869,9.103607,5.286864
3915,2.006100,2.050170,nan,0.161869,nan,4.395168
3916,2.321907,2.670599,79.251251,0.161845,10.787091,5.023561
3917,2.417729,1.935435,nan,0.161845,nan,5.256957
3918,1.415469,2.340768,85.742081,0.161821,11.463725,3.240876
3919,2.515612,2.680077,nan,0.161821,nan,5.402572
3920,1.689412,2.352444,79.660728,0.161797,12.403466,3.792346
3921,3.338642,3.722863,nan,0.161797,nan,7.088234
3922,1.339633,1.731764,78.521866,0.161773,11.213323,3.030012
3923,4.021148,2.259405,nan,0.161773,nan,8.460704
3924,2.403913,1.824686,85.890671,0.161748,12.060238,5.214384
3925,1.829495,1.615095,nan,0.161748,nan,4.072963
3926,0.897191,1.915113,79.408325,0.161724,10.241861,2.115111
3927,2.847735,2.504308,nan,0.161724,nan,6.108982
3928,2.565308,2.522029,75.606758,0.161700,10.946029,5.513057
3929,2.815740,2.680370,nan,0.161700,nan,6.049806
3930,2.781960,2.495264,80.198212,0.161675,11.224573,5.972475
3931,3.082018,3.742401,nan,0.161675,nan,6.535436
3932,3.351223,3.058641,80.487854,0.161651,11.363220,7.110137
3933,1.982670,2.549701,nan,0.161651,nan,4.330338
3934,1.807979,3.344168,79.991554,0.161626,10.675373,3.983018
3935,1.655013,1.564620,nan,0.161626,nan,3.679236
3936,1.818992,3.444196,89.799728,0.161602,8.558716,4.013084
3937,1.933579,3.361496,nan,0.161602,nan,4.248730
3938,3.237002,1.688174,85.461319,0.161578,9.817116,6.888950
3939,1.575855,1.907646,nan,0.161578,nan,3.526805
3940,2.728274,2.186600,78.622208,0.161554,10.328482,5.819872
3941,1.823516,2.851484,nan,0.161554,nan,4.035242
3942,2.019520,3.174005,78.871292,0.161530,13.440336,4.356855
3943,1.489562,1.997499,nan,0.161530,nan,3.312238
3944,1.770435,2.200986,79.681145,0.161506,11.900803,3.895010
3945,1.587984,1.628372,nan,0.161506,nan,3.543242
3946,1.327585,1.877354,77.488853,0.161481,9.247550,2.968357
3947,2.488165,2.900791,nan,0.161481,nan,5.352238
3948,1.845362,2.118889,75.257950,0.161457,11.479496,4.022045
3949,2.139069,1.702278,nan,0.161457,nan,4.632568
3950,2.087334,2.682075,81.443298,0.161433,10.523438,4.501906
3951,1.033120,1.923820,nan,0.161433,nan,2.360344
3952,1.276474,1.507044,85.056229,0.161408,13.296912,2.901432
3953,1.715391,1.417623,nan,0.161408,nan,3.792942
3954,2.235087,1.926284,84.514229,0.161384,10.779470,4.835031
3955,3.281069,2.248772,nan,0.161384,nan,6.954687
3956,1.187217,2.113245,84.156357,0.161359,12.268758,2.706518
3957,1.359230,1.414289,nan,0.161359,nan,3.099321
3958,1.230817,3.145932,91.323418,0.161334,10.442528,2.805664
3959,2.832263,5.073445,nan,0.161334,nan,5.987748
3960,3.441137,2.112032,84.936150,0.161310,12.101535,7.302662
3961,1.062023,1.164649,nan,0.161310,nan,2.421616
3962,3.133626,1.458139,86.619812,0.161285,10.403650,6.687037
3963,4.902106,2.141866,nan,0.161285,nan,10.247051
3964,1.879008,2.690691,77.891357,0.161261,11.503120,3.977647
3965,1.103791,0.945314,nan,0.161261,nan,2.508835
3966,1.294689,3.120193,88.648331,0.161236,11.854048,2.937939
3967,4.112948,4.695879,nan,0.161236,nan,8.627330
3968,4.492760,1.956774,82.792793,0.161211,11.701627,9.414706
3969,2.194722,2.418157,nan,0.161211,nan,4.747373
3970,3.590499,1.468216,84.266220,0.161186,12.052485,7.608490
3971,3.277192,1.403328,nan,0.161186,nan,6.958516
3972,3.185781,4.047609,81.769783,0.161162,11.167966,6.761134
3973,1.751948,2.239589,nan,0.161162,nan,3.855846
3974,1.718992,3.043623,86.102798,0.161137,10.085491,3.788728
3975,1.354333,3.035462,nan,0.161137,nan,3.070366
3976,3.035222,0.999575,82.561523,0.161113,11.100172,6.515131
3977,1.894833,3.104723,nan,0.161113,nan,4.204656
3978,1.823714,1.738220,82.321152,0.161088,11.571527,4.007248
3979,3.657666,1.541911,nan,0.161088,nan,7.746262
3980,1.718413,1.319319,82.424438,0.161063,11.702408,3.787161
3981,4.693133,3.621064,nan,0.161063,nan,9.825567
3982,2.628496,1.110455,83.201180,0.161039,9.474847,5.685603
3983,1.103546,2.402929,nan,0.161039,nan,2.523499
3984,0.765043,0.869573,83.180489,0.161015,9.200503,1.772169
3985,4.371462,6.696060,nan,0.161015,nan,9.161224
3986,1.064326,5.996065,78.306137,0.160991,10.991240,2.475025
3987,5.898808,1.330252,nan,0.160991,nan,12.233841
3988,6.788308,2.481716,82.268730,0.160967,10.480311,14.008440
3989,5.172356,1.050479,nan,0.160967,nan,10.788815
3990,2.127670,2.658329,83.779007,0.160943,12.559753,4.613598
3991,2.008240,2.836479,nan,0.160943,nan,4.392628
3992,1.806531,1.150499,89.210411,0.160919,9.846369,3.981507
3993,1.862642,4.176344,nan,0.160919,nan,4.059743
3994,1.595609,2.895430,82.544258,0.160895,10.539737,3.522921
3995,1.679736,1.748008,nan,0.160895,nan,3.767571
3996,1.617423,1.963476,84.262993,0.160871,9.861040,3.594734
3997,3.916271,2.370975,nan,0.160871,nan,8.259773
3998,2.758500,2.236341,81.116798,0.160847,11.201973,5.842015
3999,1.628823,3.863244,nan,0.160847,nan,3.654310
4000,2.198912,3.355184,82.189873,0.160823,12.126860,4.787632
4001,1.754440,1.696221,nan,0.160823,nan,3.901508
4002,2.164006,2.290742,81.509964,0.160800,9.853205,4.682471
4003,4.163202,3.719646,nan,0.160800,nan,8.783556
4004,3.548410,2.802783,77.574707,0.160776,11.016336,7.533619
4005,2.487639,1.120906,nan,0.160776,nan,5.410035
4006,3.133971,2.706998,76.443970,0.160752,12.063534,6.627264
4007,1.459190,2.718266,nan,0.160752,nan,3.281629
4008,1.660752,1.619912,87.731247,0.160728,10.042538,3.697122
4009,0.924848,2.685925,nan,0.160728,nan,2.151786
4010,1.846645,1.517191,90.214752,0.160705,11.327307,4.111081
4011,2.055489,2.015720,nan,0.160705,nan,4.528585
4012,2.062111,2.052885,83.292961,0.160681,10.384047,4.453191
4013,3.968917,3.996896,nan,0.160681,nan,8.357914
4014,4.347027,2.971989,78.751221,0.160657,10.539885,9.120850
4015,3.354079,6.115218,nan,0.160657,nan,7.081011
4016,2.859162,6.274026,77.353661,0.160634,10.421197,6.132256
4017,1.483816,3.963435,nan,0.160634,nan,3.344031
4018,2.104532,1.075152,85.026611,0.160610,11.186098,4.587502
4019,2.302972,2.222746,nan,0.160610,nan,4.973846
4020,2.019041,2.046302,82.803802,0.160587,10.295347,4.370646
4021,1.125892,1.213794,nan,0.160587,nan,2.579865
4022,1.183040,1.515160,75.529129,0.160563,12.946756,2.662062
4023,1.262550,1.648735,nan,0.160563,nan,2.827014
4024,1.164773,1.072671,78.935966,0.160539,12.425731,2.629097
4025,1.313210,3.542969,nan,0.160539,nan,2.961256
4026,1.912453,2.320174,76.762466,0.160515,12.021734,4.188974
4027,2.304968,1.543962,nan,0.160515,nan,5.062196
4028,2.352048,2.278197,79.752930,0.160491,12.545030,5.074965
4029,2.472025,1.057383,nan,0.160491,nan,5.366144
4030,1.166798,1.178371,82.285370,0.160466,14.247854,2.673782
4031,2.782820,1.725764,nan,0.160466,nan,6.006798
4032,2.219678,1.322746,83.231445,0.160441,11.275768,4.873034
4033,2.057049,1.872346,nan,0.160441,nan,4.516606
4034,1.815801,1.124456,79.606445,0.160417,13.437197,4.010624
4035,1.870389,4.111379,nan,0.160417,nan,4.147688
4036,1.770027,3.175058,76.551529,0.160392,12.510854,3.893600
4037,2.656086,1.355921,nan,0.160392,nan,5.729137
4038,1.468606,1.393813,80.991753,0.160367,10.379894,3.224504
4039,2.154780,1.598809,nan,0.160367,nan,4.756140
4040,1.877002,1.259953,81.871208,0.160342,13.100151,4.137697
4041,2.646831,2.550197,nan,0.160342,nan,5.662436
4042,1.775818,1.813478,78.038635,0.160317,11.392630,3.895907
4043,1.738276,3.839110,nan,0.160317,nan,3.894486
4044,2.479939,3.909097,78.538620,0.160293,12.784383,5.341017
4045,2.477720,2.133413,nan,0.160293,nan,5.327700
4046,1.462559,1.606655,83.764046,0.160268,11.494413,3.283022
4047,1.096806,1.462274,nan,0.160268,nan,2.522778
4048,2.003519,2.350800,77.492538,0.160243,11.438400,4.325576
4049,1.132943,1.496302,nan,0.160243,nan,2.593497
4050,2.053489,1.322750,77.068977,0.160218,11.738401,4.467086
4051,1.427150,2.362523,nan,0.160218,nan,3.195187
4052,1.368326,1.563003,87.753860,0.160194,13.039982,3.117624
4053,1.218178,2.053706,nan,0.160194,nan,2.740469
4054,1.700889,1.201562,82.540253,0.160169,12.077047,3.823406
4055,1.933156,1.361808,nan,0.160169,nan,4.270263
4056,2.835895,0.678901,80.355888,0.160145,7.970287,6.136581
4057,1.914929,3.474227,nan,0.160145,nan,4.177632
4058,1.489584,2.486493,81.142448,0.160121,10.281414,3.376782
4059,0.888116,0.849735,nan,0.160121,nan,2.089159
4060,1.767555,0.843145,83.542747,0.160097,9.585178,3.973750
4061,1.798826,1.483475,nan,0.160097,nan,3.988595
4062,1.361340,1.581054,77.041916,0.160073,12.527286,3.067965
4063,1.580185,2.578856,nan,0.160073,nan,3.481271
4064,1.990661,1.515037,80.755646,0.160049,12.786138,4.383575
4065,1.346597,1.091875,nan,0.160049,nan,3.053565
4066,1.280749,1.273105,82.785614,0.160025,12.080016,2.944081
4067,1.720082,1.806806,nan,0.160025,nan,3.750814
4068,1.221741,1.376898,78.631393,0.160001,11.081461,2.832579
4069,1.925309,1.218346,nan,0.160001,nan,4.222020
4070,0.870479,0.709900,80.265587,0.159977,10.581518,2.027757
4071,3.177443,1.852485,nan,0.159977,nan,6.802841
4072,1.381160,1.552289,78.505829,0.159953,12.297617,3.127145
4073,1.154053,1.168711,nan,0.159953,nan,2.688957
4074,2.255055,3.705420,76.487473,0.159929,9.090740,4.893836
4075,1.312155,2.735643,nan,0.159929,nan,3.010776
4076,4.393511,2.240965,76.196175,0.159905,12.608851,9.195791
4077,2.156327,1.781108,nan,0.159905,nan,4.677668
4078,1.607699,1.454457,82.026375,0.159881,12.528961,3.621666
4079,1.819027,1.553677,nan,0.159881,nan,4.076832
4080,1.142960,2.786469,83.976608,0.159857,13.258307,2.604119
4081,1.354262,1.664551,nan,0.159857,nan,3.084203
4082,1.573362,2.169553,83.311707,0.159833,14.149090,3.573758
4083,0.932611,1.512240,nan,0.159833,nan,2.214628
4084,2.199159,0.847747,78.544327,0.159808,11.442577,4.814516
4085,3.152073,2.000633,nan,0.159808,nan,6.764977
4086,1.442467,2.189302,82.062546,0.159784,12.102201,3.286145
4087,1.428859,1.200193,nan,0.159784,nan,3.245632
4088,1.515820,2.337665,83.867416,0.159760,9.846281,3.386375
4089,1.820380,1.488627,nan,0.159760,nan,4.052482
4090,1.615420,1.857378,80.646362,0.159736,12.165937,3.644093
4091,1.278414,2.116553,nan,0.159736,nan,2.943377
4092,1.365930,1.715363,82.787315,0.159711,13.428944,3.118603
4093,1.090162,1.182365,nan,0.159711,nan,2.478389
4094,3.013662,3.466483,80.001205,0.159687,9.593010,6.466888
4095,1.633789,3.138489,nan,0.159687,nan,3.651433
4096,2.076967,1.578704,84.962585,0.159664,10.796143,4.558526
4097,2.373711,2.434157,nan,0.159664,nan,5.170132
4098,2.404507,2.528339,80.947693,0.159640,12.201456,5.181773
4099,2.907187,3.240637,nan,0.159640,nan,6.268801
4100,3.151482,2.011636,79.514427,0.159616,13.508568,6.779827
4101,2.283994,2.585907,nan,0.159616,nan,4.977871
4102,3.841441,3.259677,82.161476,0.159591,11.843179,8.142931
4103,2.102694,1.481130,nan,0.159591,nan,4.583288
4104,1.717993,3.522303,84.017555,0.159568,9.613321,3.849916
4105,2.372925,3.391478,nan,0.159568,nan,5.182971
4106,2.390209,2.485485,80.455109,0.159544,11.680889,5.192698
4107,4.693288,6.394803,nan,0.159544,nan,9.858682
4108,4.188544,4.998786,83.737793,0.159520,11.497530,8.859107
4109,1.603859,1.572963,nan,0.159520,nan,3.620347
4110,2.599220,3.407120,82.457321,0.159496,13.159872,5.650293
4111,2.222595,3.650677,nan,0.159496,nan,4.914466
4112,1.220230,1.638743,83.959648,0.159472,11.869837,2.780717
4113,4.236185,5.780136,nan,0.159472,nan,8.916464
4114,2.335055,5.169671,80.585434,0.159448,12.560671,5.090981
4115,2.346089,1.236510,nan,0.159448,nan,5.146616
4116,3.171735,2.443887,81.510956,0.159424,9.767994,6.829132
4117,1.468814,2.673213,nan,0.159424,nan,3.328987
4118,3.238593,0.917020,82.433563,0.159401,10.823143,6.957705
4119,4.208585,2.998229,nan,0.159401,nan,8.810307
4120,1.290401,1.008550,81.256935,0.159377,11.074660,2.875992
4121,4.141081,3.663928,nan,0.159377,nan,8.798597
4122,4.426188,2.148309,87.781258,0.159354,11.295403,9.341312
4123,2.995917,5.360874,nan,0.159354,nan,6.297160
4124,1.450231,4.899237,88.389366,0.159330,12.003330,3.324431
4125,3.123888,2.444781,nan,0.159330,nan,6.712725
4126,1.717719,2.832333,83.955078,0.159307,12.965523,3.857785
4127,2.251744,3.758079,nan,0.159307,nan,4.954276
4128,1.737050,2.817166,79.201981,0.159283,11.205511,3.840558
4129,4.429365,3.398327,nan,0.159283,nan,9.308582
4130,3.815426,2.959569,75.988846,0.159259,13.115905,8.076713
4131,2.259789,2.811646,nan,0.159259,nan,4.924186
4132,3.406737,3.564982,79.961395,0.159235,15.561886,7.264751
4133,1.210256,1.869287,nan,0.159235,nan,2.806441
4134,2.816584,2.035705,85.656204,0.159211,11.521285,6.063866
4135,3.064045,3.174290,nan,0.159211,nan,6.577071
4136,3.881438,3.696703,75.853874,0.159186,13.963600,8.143848
4137,2.456508,2.894731,nan,0.159186,nan,5.319912
4138,2.050940,3.956535,80.372330,0.159162,10.844634,4.521294
4139,2.544698,2.218212,nan,0.159162,nan,5.513506
4140,4.043666,2.598497,83.016800,0.159138,11.438546,8.523220
4141,2.440419,1.636533,nan,0.159138,nan,5.328675
4142,1.573427,2.301912,83.732605,0.159114,10.162215,3.500780
4143,2.792881,2.228777,nan,0.159114,nan,6.027530
4144,1.832148,1.772147,79.464134,0.159091,11.964767,4.027756
4145,2.413529,1.827331,nan,0.159091,nan,5.251894
4146,1.515600,1.318087,76.497803,0.159067,11.765752,3.407794
4147,1.305783,1.624442,nan,0.159067,nan,2.959066
4148,1.216241,1.428124,82.072380,0.159043,13.483444,2.816483
4149,2.811613,2.193720,nan,0.159043,nan,6.009090
4150,1.657244,1.275334,81.373489,0.159019,11.492525,3.673223
4151,1.702493,1.716386,nan,0.159019,nan,3.780645
4152,2.291811,2.438604,80.675537,0.158995,11.109818,4.962391
4153,1.853205,1.984278,nan,0.158995,nan,4.059707
4154,1.344620,1.286355,87.503632,0.158972,11.993860,3.097236
4155,1.364183,2.036101,nan,0.158972,nan,3.097589
4156,1.451757,1.066420,75.537628,0.158948,12.809140,3.257226
4157,2.911729,2.101108,nan,0.158948,nan,6.247402
4158,1.582166,1.305209,82.231628,0.158924,11.340975,3.569279
4159,1.725627,3.037781,nan,0.158924,nan,3.875112
4160,1.327045,1.050522,86.485970,0.158900,14.057826,3.004617
4161,1.342972,3.375121,nan,0.158900,nan,3.044767
4162,1.421691,2.536174,86.397835,0.158876,12.045636,3.243377
4163,2.201538,1.805218,nan,0.158876,nan,4.872032
4164,2.751831,2.348105,84.976288,0.158852,11.768673,5.965076
4165,4.441898,2.830881,nan,0.158852,nan,9.344495
4166,3.107716,1.466064,74.732101,0.158828,12.675724,6.641718
4167,3.709414,4.935794,nan,0.158828,nan,7.792582
4168,1.249078,1.655434,77.193352,0.158805,9.935156,2.844869
4169,3.500807,3.389855,nan,0.158805,nan,7.398070
4170,2.242157,1.290836,85.333069,0.158781,10.934849,4.935416
4171,1.767032,1.915286,nan,0.158781,nan,3.922685
4172,1.434377,1.413067,75.830452,0.158758,12.078150,3.197347
4173,2.130004,1.596544,nan,0.158758,nan,4.610575
4174,1.539792,1.395504,78.684555,0.158734,11.974714,3.477195
4175,1.754819,1.313305,nan,0.158734,nan,3.920887
4176,1.609469,1.442787,87.541534,0.158711,10.498856,3.672805
4177,1.633654,2.077258,nan,0.158711,nan,3.686918
4178,1.454132,1.550762,84.863449,0.158688,12.552671,3.362513
4179,2.188672,2.018615,nan,0.158688,nan,4.812560
4180,2.464360,1.388584,81.172157,0.158664,11.405087,5.412319
4181,1.375646,1.219003,nan,0.158664,nan,3.161728
4182,2.288331,2.218604,78.300003,0.158641,13.075253,4.961342
4183,2.881346,2.254144,nan,0.158641,nan,6.182218
4184,1.344476,1.425235,83.305511,0.158617,14.001928,3.063427
4185,1.706159,1.234096,nan,0.158617,nan,3.784397
4186,1.718566,1.622767,80.811630,0.158594,12.247128,3.831264
4187,0.923051,0.973145,nan,0.158594,nan,2.160837
4188,1.317633,1.440477,83.266769,0.158570,13.088142,3.051044
4189,1.587052,1.845150,nan,0.158570,nan,3.633285
4190,2.670990,2.370945,83.481445,0.158546,11.145309,5.874093
4191,1.512693,1.944760,nan,0.158546,nan,3.423048
4192,2.585685,2.698637,82.871170,0.158523,11.394550,5.559897
4193,2.715400,3.637053,nan,0.158523,nan,5.865649
4194,1.530591,2.193117,86.231079,0.158499,11.373418,3.514463
4195,2.445913,2.278817,nan,0.158499,nan,5.321974
4196,1.825953,1.492815,82.449692,0.158476,11.238064,4.060128
4197,1.178859,0.787741,nan,0.158476,nan,2.766854
4198,1.416317,1.798633,88.673080,0.158453,12.149135,3.270903
4199,0.920754,1.320280,nan,0.158453,nan,2.243117
4200,1.211004,1.562625,85.747070,0.158429,12.981073,2.850364
4201,1.825630,1.184187,nan,0.158429,nan,4.095113
4202,1.600693,1.986860,86.744720,0.158406,11.797379,3.644197
4203,1.972580,2.307024,nan,0.158406,nan,4.345384
4204,1.321939,1.248268,78.512657,0.158383,10.855311,3.082265
4205,1.901103,3.318457,nan,0.158383,nan,4.204691
4206,2.391844,1.923757,81.809036,0.158359,11.792631,5.256020
4207,2.809095,2.292318,nan,0.158359,nan,6.082276
4208,1.661936,1.925642,85.466507,0.158336,13.841452,3.759614
4209,1.360142,1.326340,nan,0.158336,nan,3.094531
4210,1.600264,2.390878,82.813606,0.158313,12.430431,3.573661
4211,2.512736,1.811423,nan,0.158313,nan,5.533181
4212,1.449680,1.910351,81.658760,0.158290,8.823910,3.325464
4213,2.289041,2.505584,nan,0.158290,nan,4.987164
4214,2.436267,1.495067,91.394821,0.158266,15.090666,5.380159
4215,1.535404,1.862537,nan,0.158266,nan,3.555595
4216,1.816348,1.515123,83.521378,0.158243,12.570694,4.086844
4217,1.705550,1.766114,nan,0.158243,nan,3.815551
4218,1.468232,1.407986,82.863060,0.158219,12.164700,3.339754
4219,1.225584,1.218367,nan,0.158219,nan,2.906707
4220,2.358869,2.848780,84.126556,0.158196,12.902436,5.134486
4221,1.067354,2.092467,nan,0.158196,nan,2.507573
4222,1.889424,0.916647,87.263443,0.158172,14.765163,4.293853
4223,1.735378,1.001396,nan,0.158172,nan,3.907494
4224,1.473259,1.796875,86.410751,0.158148,11.691554,3.333136
4225,3.045943,3.454328,nan,0.158148,nan,6.487087
4226,2.666426,2.930663,89.108337,0.158124,13.431055,5.737450
4227,1.388456,1.788086,nan,0.158124,nan,3.222867
4228,2.009171,1.152162,84.570450,0.158101,11.617548,4.481259
4229,1.202943,1.918813,nan,0.158101,nan,2.826695
4230,1.863220,1.434427,84.698380,0.158077,12.433264,4.204865
4231,1.838705,1.226309,nan,0.158077,nan,4.140929
4232,1.437756,1.609640,84.345383,0.158053,15.411280,3.266879
4233,0.978926,1.010715,nan,0.158053,nan,2.397234
4234,3.571054,3.963787,82.853966,0.158029,11.760232,7.592083
4235,2.466201,1.306209,nan,0.158029,nan,5.414806
4236,1.710988,3.808840,86.675507,0.158005,10.961263,3.847671
4237,1.103567,2.056777,nan,0.158005,nan,2.609206
4238,1.409786,1.790416,90.716454,0.157982,12.263628,3.241643
4239,1.150509,2.703918,nan,0.157982,nan,2.675798
4240,2.212139,1.002443,87.738419,0.157958,10.444863,4.906426
4241,1.400522,2.280051,nan,0.157958,nan,3.248657
4242,2.482883,1.741372,87.021065,0.157935,11.119148,5.474088
4243,1.949349,1.429509,nan,0.157935,nan,4.305238
4244,1.667193,2.554480,88.205070,0.157912,11.353296,3.761220
4245,0.853081,1.656712,nan,0.157912,nan,2.096137
4246,2.864979,2.765604,95.162827,0.157889,10.457735,6.215521
4247,1.249716,2.535487,nan,0.157889,nan,2.842098
4248,2.095847,1.561294,88.934235,0.157866,12.345646,4.672385
4249,1.671664,2.401963,nan,0.157866,nan,3.769344
4250,2.501849,2.754010,86.728302,0.157843,13.322525,5.397141
4251,1.427497,1.338989,nan,0.157843,nan,3.233978
4252,1.651445,1.622588,92.694092,0.157820,11.913439,3.686373
4253,1.684838,1.231749,nan,0.157820,nan,3.830924
4254,1.356218,3.224069,93.683128,0.157798,11.089862,3.126735
4255,3.232010,3.218898,nan,0.157798,nan,6.930047
4256,0.934063,1.948285,84.149933,0.157775,11.935509,2.212514
4257,1.205171,2.619100,nan,0.157775,nan,2.782737
4258,1.705769,1.285884,89.992546,0.157752,13.806528,3.843147
4259,1.650325,1.083064,nan,0.157752,nan,3.688818
4260,1.703231,1.307450,88.146851,0.157729,11.361879,3.820372
4261,2.819838,2.329440,nan,0.157729,nan,6.111464
4262,3.045129,1.694204,81.904320,0.157706,11.169750,6.581942
4263,4.040130,5.133274,nan,0.157706,nan,8.539070
4264,1.879227,2.079394,88.525978,0.157684,10.016909,4.224110
4265,1.812307,1.466887,nan,0.157684,nan,4.109291
4266,1.962612,1.048987,88.790405,0.157661,12.385797,4.391480
4267,2.133889,1.567213,nan,0.157661,nan,4.714220
4268,2.768618,2.248615,80.469620,0.157638,13.556110,5.983863
4269,1.618647,3.213341,nan,0.157638,nan,3.646431
4270,3.026956,4.091907,89.146309,0.157616,11.230110,6.524562
4271,2.970224,1.227542,nan,0.157616,nan,6.421684
4272,3.104454,2.570335,91.822632,0.157593,13.025686,6.711032
4273,2.957132,4.460786,nan,0.157593,nan,6.374062
4274,2.325397,4.455563,85.070984,0.157570,11.396156,5.078232
4275,1.461682,1.702343,nan,0.157570,nan,3.329550
4276,2.149184,2.190615,87.714844,0.157547,14.915651,4.736380
4277,2.029479,2.608966,nan,0.157547,nan,4.538609
4278,1.779928,2.161521,82.935646,0.157524,12.032603,4.000767
4279,1.573644,1.766835,nan,0.157524,nan,3.545608
4280,2.781725,1.956141,92.518906,0.157501,12.937351,6.056014
4281,3.090546,3.579893,nan,0.157501,nan,6.596083
4282,1.614702,1.484156,95.635895,0.157478,13.655133,3.615302
4283,2.647493,3.699740,nan,0.157478,nan,5.765563
4284,3.161123,2.973633,90.234642,0.157455,11.961554,6.805757
4285,3.126752,2.153624,nan,0.157455,nan,6.725723
4286,1.904845,2.409274,98.311798,0.157431,15.438965,4.252668
4287,3.174689,3.542601,nan,0.157431,nan,6.783493
4288,2.217299,3.091890,89.670609,0.157408,13.007277,4.816742
4289,1.529668,2.014232,nan,0.157408,nan,3.472275
4290,1.173463,1.125589,92.277687,0.157384,12.974686,2.742463
4291,1.060100,1.005914,nan,0.157384,nan,2.491946
4292,2.418220,1.403715,92.055687,0.157360,13.484606,5.298158
4293,1.724340,2.728955,nan,0.157360,nan,3.937166
4294,2.446841,4.401909,90.605148,0.157337,12.854275,5.300287
4295,1.253051,3.750757,nan,0.157337,nan,2.882042
4296,2.561097,6.261359,83.279869,0.157313,12.790317,5.535308
4297,3.648246,2.825423,nan,0.157313,nan,7.777164
4298,4.189683,2.146320,96.977386,0.157290,12.282583,8.894232
4299,1.616558,2.887511,nan,0.157290,nan,3.670260
4300,3.229740,1.502094,95.398438,0.157266,12.287930,6.927633
4301,1.421286,2.397184,nan,0.157266,nan,3.280481
4302,3.339949,1.975885,92.471313,0.157243,13.246660,7.174953
4303,4.404979,2.588047,nan,0.157243,nan,9.346050
4304,1.604647,2.441484,100.428772,0.157219,15.034789,3.629182
4305,4.652092,2.201444,nan,0.157219,nan,9.844794
4306,4.523031,3.864277,96.018829,0.157195,12.617784,9.543763
4307,2.276361,2.105826,nan,0.157195,nan,5.008632
4308,3.311801,4.051795,92.052101,0.157172,12.186987,7.116437
4309,3.130291,1.905696,nan,0.157172,nan,6.759364
4310,3.670812,2.474960,97.305893,0.157148,13.663126,7.857895
4311,1.960444,1.290771,nan,0.157148,nan,4.382254
4312,2.478648,1.280482,96.854683,0.157125,12.730335,5.447255
4313,1.866740,1.661471,nan,0.157125,nan,4.181495
4314,1.571472,1.895209,89.987038,0.157101,11.612972,3.598869
4315,3.914554,2.723737,nan,0.157101,nan,8.313451
4316,2.479989,1.784073,95.281532,0.157078,13.332558,5.430250
4317,1.917920,2.350542,nan,0.157078,nan,4.298615
4318,1.902082,1.988137,95.237030,0.157054,12.696699,4.245420
4319,2.143028,2.591282,nan,0.157054,nan,4.756684
4320,2.025067,2.163861,90.739006,0.157031,12.406593,4.519811
4321,3.429523,3.903167,nan,0.157031,nan,7.349714
4322,4.606255,3.979381,91.206360,0.157008,12.524105,9.732101
4323,3.076360,2.320795,nan,0.157008,nan,6.634145
4324,1.467670,2.847439,102.491127,0.156984,14.897312,3.411866
4325,2.233467,4.046192,nan,0.156984,nan,4.933002
4326,2.925646,4.996509,96.473358,0.156961,12.254185,6.347956
4327,2.114327,2.787328,nan,0.156961,nan,4.718670
4328,1.803691,3.196336,92.500267,0.156938,11.266653,4.073638
4329,4.808393,3.885739,nan,0.156938,nan,10.125841
4330,1.978995,1.613321,90.949493,0.156915,9.803446,4.402581
4331,2.483326,2.848094,nan,0.156915,nan,5.381252
4332,1.542236,1.714752,92.159592,0.156892,13.527503,3.516909
4333,1.537269,1.673731,nan,0.156892,nan,3.525921
4334,1.691196,1.944680,94.865723,0.156869,11.484537,3.852106
4335,3.470730,3.006966,nan,0.156869,nan,7.443055
4336,3.422547,2.512867,91.979034,0.156846,12.729889,7.328050
4337,2.375528,3.358781,nan,0.156846,nan,5.159900
4338,1.345314,1.402936,94.677948,0.156824,13.154170,3.130870
4339,1.217595,2.932129,nan,0.156824,nan,2.879909
4340,1.387396,1.739810,98.874084,0.156801,14.026305,3.242879
4341,2.702067,5.618366,nan,0.156801,nan,5.865314
4342,1.640586,3.880538,92.127701,0.156778,11.857400,3.749598
4343,4.148046,2.057190,nan,0.156778,nan,8.852864
4344,1.686125,1.395290,104.394318,0.156755,12.783712,3.850450
4345,3.671243,1.397366,nan,0.156755,nan,7.884878
4346,2.692383,2.876047,101.300140,0.156732,12.478426,5.902702
4347,1.940691,1.816365,nan,0.156732,nan,4.360963
4348,1.060379,2.095336,94.056381,0.156709,11.999500,2.569463
4349,1.821184,1.872852,nan,0.156709,nan,4.110783
4350,2.510107,1.515184,96.037582,0.156686,14.133188,5.534921
4351,1.826252,1.656891,nan,0.156686,nan,4.139894
4352,2.076316,1.839385,98.295593,0.156663,12.732323,4.634408
4353,2.852785,1.405885,nan,0.156663,nan,6.206984
4354,2.007728,2.867146,94.683861,0.156641,13.066660,4.501916
4355,2.924774,2.995364,nan,0.156641,nan,6.328554
4356,1.534589,2.011127,104.139023,0.156618,11.117662,3.538852
4357,1.166812,1.493107,nan,0.156618,nan,2.775065
4358,1.310122,1.294561,100.860786,0.156595,14.382538,3.063862
4359,2.547694,2.630608,nan,0.156595,nan,5.571198
4360,1.575506,1.801240,100.414894,0.156572,11.924115,3.629697
4361,2.509340,1.705637,nan,0.156572,nan,5.530161
4362,1.513691,1.046593,99.311577,0.156549,12.975737,3.504216
4363,1.494720,1.167137,nan,0.156549,nan,3.477163
4364,2.272380,2.182295,104.363831,0.156526,13.613461,5.079717
4365,1.294268,1.417392,nan,0.156526,nan,3.067768
4366,2.512254,2.256534,99.171890,0.156503,12.717315,5.546871
4367,2.343375,2.487983,nan,0.156503,nan,5.204827
4368,1.610479,2.506280,100.734955,0.156480,14.761114,3.687421
4369,1.633916,3.006866,nan,0.156480,nan,3.770012
4370,2.309372,4.313103,100.316940,0.156457,12.307631,5.135731
4371,5.028158,1.434629,nan,0.156457,nan,10.587759
4372,4.431109,2.121484,91.746735,0.156434,13.266057,9.379436
4373,2.434074,4.178265,nan,0.156434,nan,5.374703
4374,1.919935,2.442159,98.850677,0.156411,13.047378,4.355030
4375,1.556552,1.860653,nan,0.156411,nan,3.610884
4376,2.625225,3.271049,98.986900,0.156388,13.842607,5.730916
4377,4.455064,3.391490,nan,0.156388,nan,9.454433
4378,3.495691,2.197604,92.752129,0.156365,13.177084,7.502238
4379,2.642404,2.268635,nan,0.156365,nan,5.820501
4380,2.369596,2.023703,105.528168,0.156342,14.199530,5.272787
4381,3.758472,3.062594,nan,0.156342,nan,8.045465
4382,2.732994,1.831283,98.051712,0.156318,14.570827,5.975692
4383,3.533797,2.727887,nan,0.156318,nan,7.595824
4384,2.228209,2.047245,96.821754,0.156295,13.346714,4.972565
4385,2.254205,1.766499,nan,0.156295,nan,5.014164
4386,3.076479,2.016770,108.807274,0.156271,12.942331,6.699001
4387,2.350616,2.673712,nan,0.156271,nan,5.223885
4388,3.385133,3.453569,103.723145,0.156248,11.762761,7.276842
4389,2.355447,1.713718,nan,0.156248,nan,5.230269
4390,1.940736,2.191113,107.087448,0.156225,11.289669,4.402846
4391,3.548318,3.479877,nan,0.156225,nan,7.619289
4392,2.635497,2.877782,97.545349,0.156203,12.806864,5.762737
4393,3.271272,2.528869,nan,0.156203,nan,7.086524
4394,1.880609,1.780630,111.341072,0.156180,13.394272,4.287652
4395,1.851777,1.387464,nan,0.156180,nan,4.223189
4396,1.945065,2.787294,104.893463,0.156157,12.811155,4.399937
4397,1.660888,2.384458,nan,0.156157,nan,3.814368
4398,2.271830,3.845114,103.127480,0.156134,13.070780,5.069877
4399,3.763052,1.385665,nan,0.156134,nan,8.082088
4400,2.461621,1.495942,109.404175,0.156111,12.663534,5.454159
4401,2.591459,2.320599,nan,0.156111,nan,5.735224
4402,1.800670,1.966750,107.124161,0.156089,12.297062,4.127532
4403,2.056390,3.466787,nan,0.156089,nan,4.641076
4404,2.026562,2.980734,100.484779,0.156066,12.377956,4.577570
4405,4.948637,1.636884,nan,0.156066,nan,10.456505
4406,3.940875,1.764565,105.497093,0.156044,11.492016,8.427588
4407,2.206259,3.350015,nan,0.156044,nan,4.942229
4408,2.156765,3.965994,106.692184,0.156021,12.338675,4.826905
4409,4.043068,1.808117,nan,0.156021,nan,8.649731
4410,4.775409,2.430122,102.983459,0.155999,11.783077,10.100736
4411,1.731015,3.512229,nan,0.155999,nan,3.986310
4412,3.352039,2.945416,108.355499,0.155977,13.262611,7.254665
4413,2.754683,1.870023,nan,0.155977,nan,6.053976
4414,2.285218,2.826034,107.650482,0.155954,14.464621,5.115452
4415,2.119562,3.628322,nan,0.155954,nan,4.762437
4416,2.112705,3.831010,104.596313,0.155932,14.204516,4.762552
4417,5.661822,2.392236,nan,0.155932,nan,11.889465
4418,5.858407,3.345897,102.089951,0.155909,14.135543,12.272577
4419,1.943387,4.012258,nan,0.155909,nan,4.423832
4420,1.903241,4.004285,108.567688,0.155886,12.028407,4.327203
4421,4.523366,1.498669,nan,0.155886,nan,9.606689
4422,4.607067,2.305626,107.871475,0.155864,13.245497,9.762033
4423,1.603859,2.822353,nan,0.155864,nan,3.713300
4424,2.784955,2.906385,102.466202,0.155841,14.262691,6.108617
4425,3.173821,1.797247,nan,0.155841,nan,6.884085
4426,3.955464,2.283072,113.776176,0.155818,13.170390,8.469963
4427,2.358725,2.286504,nan,0.155818,nan,5.243054
4428,1.454643,2.674641,110.128471,0.155795,12.191662,3.422122
4429,5.067716,2.842139,nan,0.155795,nan,10.688981
4430,4.428779,1.981248,112.855545,0.155773,13.108738,9.392424
4431,1.952115,2.415519,nan,0.155773,nan,4.422157
4432,2.569454,1.802010,105.999619,0.155750,13.155910,5.681450
4433,2.476576,2.791038,nan,0.155750,nan,5.478512
4434,2.141623,2.480603,114.519974,0.155727,14.453293,4.786883
4435,2.029440,2.898853,nan,0.155727,nan,4.541598
4436,2.691719,2.304875,110.474075,0.155704,15.503366,5.922714
4437,4.405510,2.952262,nan,0.155704,nan,9.374552
4438,4.669678,3.202910,105.888260,0.155681,12.087906,9.882785
4439,2.013581,2.200890,nan,0.155681,nan,4.541174
4440,2.166477,2.269252,120.209564,0.155659,12.395885,4.871490
4441,1.805165,2.106943,nan,0.155659,nan,4.110918
4442,2.292762,3.112036,109.110161,0.155636,12.454685,5.105808
4443,4.992845,4.614764,nan,0.155636,nan,10.549067
4444,7.739041,3.987655,113.214767,0.155614,11.989102,16.034485
4445,1.679095,2.435877,nan,0.155614,nan,3.839935
4446,2.516735,2.628284,113.475906,0.155591,14.692663,5.559393
4447,2.145554,2.068769,nan,0.155591,nan,4.826214
4448,1.499541,1.489055,110.731346,0.155568,13.190290,3.465048
4449,2.939955,2.987288,nan,0.155568,nan,6.406575
4450,2.903036,2.060602,121.266083,0.155546,12.999691,6.324075
4451,1.835317,2.675465,nan,0.155546,nan,4.157030
4452,3.900402,3.751941,114.323418,0.155523,10.983936,8.335438
4453,2.770763,5.576622,nan,0.155523,nan,6.050895
4454,1.622360,6.513118,109.647064,0.155501,15.579071,3.721451
4455,3.316223,2.109957,nan,0.155501,nan,7.166640
4456,2.871627,2.892725,118.965385,0.155478,13.817024,6.274160
4457,1.940147,2.218954,nan,0.155478,nan,4.378348
4458,1.953510,2.683575,121.493721,0.155456,11.444818,4.416865
4459,1.975175,2.603564,nan,0.155456,nan,4.460310
4460,1.453164,2.708556,118.168030,0.155433,12.884745,3.387544
4461,3.242530,2.592807,nan,0.155433,nan,7.008428
4462,1.521439,1.749065,116.614754,0.155411,15.673536,3.515233
4463,3.877754,2.915109,nan,0.155411,nan,8.284615
4464,4.626464,3.310656,118.896652,0.155388,13.474927,9.765024
4465,2.645987,2.645508,nan,0.155388,nan,5.809114
4466,4.679540,4.730756,127.319939,0.155365,13.662462,9.872704
4467,2.853719,1.963781,nan,0.155365,nan,6.232459
4468,1.722390,2.262968,120.222412,0.155343,13.155366,3.918165
4469,3.263283,2.245525,nan,0.155343,nan,7.035884
4470,3.248124,1.947322,122.230415,0.155320,13.745888,7.019480
4471,2.263590,2.754309,nan,0.155320,nan,5.020908
4472,2.208807,2.314415,113.690445,0.155297,14.848725,4.907373
4473,3.886583,3.698313,nan,0.155297,nan,8.268608
4474,2.212360,2.858732,113.078995,0.155274,13.145590,4.908474
4475,3.937917,2.802456,nan,0.155274,nan,8.397522
4476,2.073894,2.978148,122.461670,0.155251,15.999751,4.644073
4477,2.653613,3.226775,nan,0.155251,nan,5.828178
4478,1.928337,2.073397,113.984985,0.155228,14.851976,4.344424
4479,2.123868,2.552493,nan,0.155228,nan,4.723526
4480,2.949908,1.885905,112.525208,0.155205,14.737417,6.412072
4481,5.555714,2.964887,nan,0.155205,nan,11.624472
4482,5.374394,2.850807,127.670761,0.155181,16.177984,11.281773
4483,2.906605,2.795837,nan,0.155181,nan,6.300370
4484,3.738898,3.764708,134.458618,0.155158,12.167747,7.981188
4485,1.571784,2.475882,nan,0.155158,nan,3.601967
4486,2.139804,3.143153,124.148048,0.155134,15.477865,4.767919
4487,2.131051,2.580029,nan,0.155134,nan,4.742659
4488,6.971931,3.882853,123.665588,0.155111,14.486763,14.456581
4489,2.706039,1.942189,nan,0.155111,nan,5.919140
4490,3.436374,3.836254,123.992111,0.155087,13.132132,7.369885
4491,5.336402,2.579304,nan,0.155087,nan,11.171473
4492,4.465636,4.934723,127.324806,0.155064,14.268806,9.450293
4493,2.737377,5.069576,nan,0.155064,nan,5.979006
4494,2.430848,2.152979,137.230850,0.155041,14.867281,5.376256
4495,3.733601,6.184288,nan,0.155041,nan,7.980053
4496,2.892045,6.469103,126.089722,0.155017,13.412954,6.293046
4497,3.934952,4.638211,nan,0.155017,nan,8.374564
4498,2.730435,7.394163,118.002647,0.154994,15.926151,5.955759
4499,7.139280,8.840878,nan,0.154994,nan,14.783443
4500,9.788639,5.189154,118.251457,0.154970,13.878880,20.082281
4501,7.645937,2.211586,nan,0.154970,nan,15.807030
4502,3.351277,3.366675,137.102356,0.154947,15.904566,7.213427
4503,6.857571,4.467932,nan,0.154947,nan,14.224276
4504,5.170885,4.658619,123.783600,0.154923,13.873634,10.849756
4505,4.759165,2.516495,nan,0.154923,nan,10.025658
4506,5.744884,3.698261,127.000290,0.154900,14.595263,11.996465
4507,5.577365,4.006104,nan,0.154900,nan,11.660067
4508,2.300484,3.462015,130.599045,0.154876,12.566502,5.106878
4509,3.988806,2.880499,nan,0.154876,nan,8.470785
4510,1.948421,3.563073,119.248413,0.154853,14.174547,4.369421
4511,5.609040,5.982913,nan,0.154853,nan,11.723446
4512,5.394924,9.153345,111.887871,0.154830,14.112354,11.296194
4513,5.296641,9.054452,nan,0.154830,nan,11.084684
4514,3.075651,4.735183,124.875702,0.154806,13.500738,6.646230
4515,2.979241,5.709792,nan,0.154806,nan,6.447161
4516,2.295995,6.378305,127.374626,0.154783,14.321250,5.072721
4517,4.037131,3.823509,nan,0.154783,nan,8.539796
4518,2.870735,5.518139,124.810707,0.154760,13.843679,6.240635
4519,4.574444,4.592157,nan,0.154760,nan,9.651770
4520,4.563268,2.843526,124.105042,0.154737,12.669683,9.631082
4521,2.659965,2.103353,nan,0.154737,nan,5.810592
4522,3.386480,2.399946,119.218262,0.154714,12.842623,7.243865
4523,4.738941,3.222477,nan,0.154714,nan,9.975477
4524,3.064606,2.282694,124.209007,0.154692,13.397593,6.625983
4525,2.675767,3.461978,nan,0.154692,nan,5.815698
4526,1.796149,3.043080,118.665573,0.154669,14.804341,4.044339
4527,3.612063,3.035238,nan,0.154669,nan,7.712229
4528,3.929912,4.698751,116.783096,0.154646,13.226061,8.321936
4529,2.741132,2.178245,nan,0.154646,nan,5.950687
4530,2.011910,2.272421,121.159683,0.154624,12.989388,4.501948
4531,6.163287,5.787931,nan,0.154624,nan,12.830984
4532,4.815705,5.907793,117.526276,0.154601,14.083842,10.115246
4533,1.861885,1.922213,nan,0.154601,nan,4.199249
4534,2.828340,2.122978,131.310150,0.154578,17.010296,6.150267
4535,3.109460,3.130362,nan,0.154578,nan,6.713161
4536,2.178599,2.150862,124.689613,0.154555,13.607826,4.820876
4537,5.081633,4.378756,nan,0.154555,nan,10.654860
4538,2.439955,1.678258,119.728394,0.154533,12.704627,5.364120
4539,6.357129,4.192358,nan,0.154533,nan,13.219677
4540,6.802705,3.776712,116.934830,0.154510,13.924140,14.120956
4541,3.373354,6.094456,nan,0.154510,nan,7.204660
4542,3.386900,3.536143,128.536911,0.154487,14.016993,7.250171
4543,2.668134,3.667845,nan,0.154487,nan,5.812014
4544,3.035129,5.522234,128.747986,0.154464,14.586122,6.544644
4545,1.815414,2.956789,nan,0.154464,nan,4.049225
4546,3.369965,5.048759,115.522095,0.154442,14.763870,7.208316
4547,3.428691,2.286751,nan,0.154442,nan,7.336111
4548,2.162888,1.756651,119.651398,0.154419,13.173952,4.779332
4549,3.060300,2.831671,nan,0.154419,nan,6.608211
4550,1.813063,1.329246,115.119682,0.154396,16.156353,4.094220
4551,5.664866,5.095644,nan,0.154396,nan,11.810782
4552,3.250926,3.595389,127.813957,0.154373,13.989197,6.981821
4553,1.598238,1.625553,nan,0.154373,nan,3.661185
4554,2.740307,1.978422,116.355995,0.154350,14.804647,5.949021
4555,3.815914,2.375906,nan,0.154350,nan,8.108570
4556,2.996248,2.981036,122.033218,0.154327,15.567598,6.466269
4557,1.803414,2.525400,nan,0.154327,nan,4.085310
4558,3.035854,2.278489,126.166969,0.154304,16.000401,6.550968
4559,1.871134,2.169834,nan,0.154304,nan,4.192351
4560,2.636250,3.907605,116.156471,0.154280,14.517865,5.735236
4561,6.223598,2.045245,nan,0.154280,nan,12.945403
4562,5.735132,1.658449,114.913376,0.154257,14.774019,11.949154
4563,3.254266,4.763984,nan,0.154257,nan,6.986480
4564,4.833504,4.097578,125.004669,0.154234,13.925685,10.150064
4565,6.010123,6.633240,nan,0.154234,nan,12.491561
4566,3.470264,5.584156,121.578278,0.154211,11.913762,7.433824
4567,4.462561,7.500751,nan,0.154211,nan,9.379519
4568,3.984312,7.342299,122.068085,0.154188,15.845914,8.455065
4569,4.736115,5.330220,nan,0.154188,nan,9.959569
4570,4.731109,4.837008,119.255676,0.154165,14.548788,9.944207
4571,2.343642,6.010962,nan,0.154165,nan,5.158688
4572,2.702975,3.020642,123.129906,0.154142,16.272175,5.886399
4573,2.594240,2.875571,nan,0.154142,nan,5.656278
4574,2.463457,2.003009,129.625809,0.154119,13.231237,5.358919
4575,2.531901,6.550685,nan,0.154119,nan,5.551848
4576,4.305837,6.095954,113.313599,0.154096,12.824848,9.042370
4577,3.172804,1.873803,nan,0.154096,nan,6.808085
4578,2.235146,1.724064,112.203735,0.154073,13.176097,4.946335
4579,2.555313,1.932414,nan,0.154073,nan,5.574955
4580,1.621501,1.798218,119.667816,0.154051,15.088961,3.675705
4581,4.380679,3.029791,nan,0.154051,nan,9.229084
4582,3.296931,1.758467,125.128876,0.154028,16.771988,7.073008
4583,7.485497,3.025196,nan,0.154028,nan,15.458679
4584,6.437718,1.705118,113.953758,0.154005,13.027360,13.369770
4585,2.956784,6.569855,nan,0.154005,nan,6.364458
4586,3.452165,6.274758,119.128052,0.153982,13.309401,7.372097
4587,2.866244,2.585109,nan,0.153982,nan,6.184031
4588,2.527547,2.472350,113.919533,0.153960,13.972780,5.499362
4589,3.774824,4.865950,nan,0.153960,nan,7.996063
4590,3.108384,2.162272,125.456566,0.153937,13.453596,6.660794
4591,2.925718,1.592292,nan,0.153937,nan,6.322528
4592,2.346353,1.722047,117.831696,0.153914,16.722786,5.124527
4593,3.953876,2.106552,nan,0.153914,nan,8.392773
4594,1.984237,3.133486,123.649506,0.153891,14.231934,4.434548
4595,2.560884,3.035699,nan,0.153891,nan,5.580083
4596,2.104945,2.403081,120.250046,0.153869,15.516811,4.679620
4597,4.113429,4.639054,nan,0.153869,nan,8.699680
4598,1.924977,1.767757,120.539093,0.153845,17.895267,4.308400
4599,2.234284,2.529468,nan,0.153845,nan,4.929940
4600,1.459266,1.704435,115.273773,0.153822,13.734777,3.370404
4601,4.504085,4.320040,nan,0.153822,nan,9.485703
4602,4.327129,4.148069,119.343124,0.153799,13.340614,9.116136
4603,2.894285,1.951054,nan,0.153799,nan,6.221738
4604,2.632375,2.312421,115.526337,0.153776,14.175737,5.718574
4605,3.825392,3.455234,nan,0.153776,nan,8.126781
4606,2.793555,3.011924,121.461464,0.153754,14.667660,6.046674
4607,3.192939,2.140219,nan,0.153754,nan,6.846439
4608,3.076970,1.892213,123.712204,0.153731,14.905877,6.616250
4609,2.006876,2.492171,nan,0.153731,nan,4.455327
4610,2.191312,3.117085,123.556343,0.153708,13.280529,4.839982
4611,2.532339,2.713365,nan,0.153708,nan,5.525955
4612,2.083046,2.256845,121.957718,0.153685,15.379156,4.629562
4613,2.315260,2.284140,nan,0.153685,nan,5.074872
4614,1.785814,2.687230,129.351990,0.153663,11.697161,4.020429
4615,2.162858,2.139291,nan,0.153663,nan,4.784133
4616,2.209105,1.985708,116.982018,0.153640,15.747085,4.855506
4617,2.932917,3.053439,nan,0.153640,nan,6.310636
4618,2.455407,3.482675,116.666267,0.153618,13.805261,5.374023
4619,4.990990,5.582360,nan,0.153618,nan,10.443220
4620,2.027357,2.672590,119.896873,0.153595,14.539087,4.515449
4621,1.794814,2.416309,nan,0.153595,nan,4.031394
4622,2.491673,2.818789,116.567627,0.153572,15.872412,5.396010
4623,2.079728,1.814951,nan,0.153572,nan,4.611760
4624,1.947807,1.501760,113.480576,0.153550,16.202377,4.325461
4625,6.860354,5.537408,nan,0.153550,nan,14.192791
4626,5.058890,3.794781,112.856201,0.153527,13.807647,10.578725
4627,3.162275,2.034772,nan,0.153527,nan,6.787300
4628,2.582822,1.784126,124.183449,0.153504,13.401266,5.614648
4629,1.422940,1.800799,nan,0.153504,nan,3.262642
4630,3.939773,3.748299,128.288513,0.153482,14.654079,8.348650
4631,1.848119,1.729181,nan,0.153482,nan,4.158488
4632,3.216302,4.200516,115.181488,0.153459,13.814974,6.887848
4633,7.253448,4.772211,nan,0.153459,nan,14.983981
4634,6.000626,3.890912,110.738388,0.153437,12.227030,12.457954
4635,2.922639,3.938966,nan,0.153437,nan,6.279098
4636,3.990579,1.765076,123.687820,0.153415,13.516172,8.445232
4637,2.803768,2.320629,nan,0.153415,nan,6.071679
4638,1.846949,1.501402,117.666290,0.153393,14.615529,4.135307
4639,3.023094,3.009486,nan,0.153393,nan,6.491358
4640,2.067575,1.641345,119.033188,0.153371,12.687861,4.576148
4641,1.759654,2.755559,nan,0.153371,nan,3.968249
4642,2.354593,3.134941,122.635674,0.153349,17.256422,5.144446
4643,3.394290,2.541754,nan,0.153349,nan,7.257170
4644,2.409236,3.938745,106.982018,0.153326,17.058071,5.266404
4645,5.010967,4.544817,nan,0.153326,nan,10.477054
4646,2.780965,4.316273,122.577995,0.153304,13.770151,6.009383
4647,2.451601,3.401810,nan,0.153304,nan,5.362833
4648,1.638868,5.165125,122.860107,0.153281,13.533659,3.728834
4649,1.555076,2.132644,nan,0.153281,nan,3.559837
4650,2.159193,1.972580,122.279045,0.153259,13.951703,4.765586
4651,1.929937,3.202498,nan,0.153259,nan,4.295504
4652,2.250138,1.954826,114.544067,0.153237,13.745025,4.943283
4653,3.540690,3.373981,nan,0.153237,nan,7.538444
4654,6.303542,4.118240,111.742325,0.153215,14.757257,13.078787
4655,2.456126,3.049439,nan,0.153215,nan,5.381976
4656,2.884515,1.803723,123.967171,0.153192,14.903143,6.220863
4657,1.644722,2.711914,nan,0.153192,nan,3.736102
4658,1.641985,2.137532,116.609612,0.153170,14.814651,3.714613
4659,3.165737,3.298240,nan,0.153170,nan,6.777670
4660,3.118023,2.401319,122.105865,0.153148,15.147558,6.708318
4661,3.521643,5.099925,nan,0.153148,nan,7.472520
4662,2.090545,2.358351,115.456497,0.153126,14.250076,4.636188
4663,3.355396,4.030256,nan,0.153126,nan,7.151906
4664,3.455063,3.481577,119.006607,0.153104,13.487340,7.353985
4665,4.690797,3.211190,nan,0.153104,nan,9.839849
4666,4.169711,2.604850,113.602188,0.153081,15.622992,8.814318
4667,4.228683,4.867398,nan,0.153081,nan,8.927874
4668,5.562082,5.354006,107.441345,0.153059,15.870970,11.603738
4669,5.389774,4.265723,nan,0.153059,nan,11.264145
4670,2.954189,2.667085,122.466743,0.153036,14.270226,6.365584
4671,5.879845,2.826818,nan,0.153036,nan,12.231085
4672,2.900596,3.795784,119.037018,0.153014,15.213535,6.270342
4673,2.144886,2.623474,nan,0.153014,nan,4.758559
4674,1.931946,2.021250,114.014664,0.152992,14.726624,4.318838
4675,3.321675,3.092506,nan,0.152992,nan,7.103904
4676,2.583612,3.527646,120.607605,0.152969,15.770609,5.624889
4677,1.643491,1.902885,nan,0.152969,nan,3.737015
4678,2.382141,2.166102,114.823730,0.152947,13.854498,5.229834
4679,4.877577,4.172096,nan,0.152947,nan,10.231741
4680,3.695092,2.534369,118.541824,0.152924,16.603931,7.859192
